participant_id,pool,phase,n_seg,is_simulated,level,unit,offset_change,exponent_change,theta_periodic_db,mu_periodic_db,beta_periodic_db,hemisphere,area,n_valid,few_segments,r2,global_offset_db,theta_relative_db,mu_relative_db,beta_relative_db,artifact_prone,noise_floor_db
P11,SEMUA,PRA,12,False,belahan,kiri,3.48027580079194,0.16103572689685508,-0.47793011451198714,0.4463896374388543,0.3040555858247902,,,,,,,,,,,1.9746275561752173
P11,SEMUA,PRA,12,False,belahan,kanan,3.3615740252131125,0.16725459938350384,0.43518491094817413,-0.6652777803381895,0.680212027078329,,,,,,,,,,,1.9746275561752173
P11,SEMUA,PRA,12,False,kanal,Fp1,-1.0529631171093712,-0.08343430747251634,-0.47874906543424467,0.8253862979315931,0.8960112014340513,kiri,frontopolar,11.0,False,0.908235219707235,3.48027580079194,-0.0008189509222575331,0.37899666049273883,0.5919556156092611,,1.9746275561752173
P11,SEMUA,PRA,12,False,kanal,F3,3.5878211276585503,0.08304868806171983,-2.390269174868524,-0.3145208453017325,0.3720058487741291,kiri,frontal,8.0,False,0.9655090354027637,3.48027580079194,-1.912339060356537,-0.7609104827405868,0.06795026294933892,,1.9746275561752173
P11,SEMUA,PRA,12,False,kanal,C3,4.90730167839456,0.2724205486236069,0.5935081119972586,-0.45114693520477056,0.11814800111684698,kiri,sentral,8.0,False,0.9591992671381111,3.48027580079194,1.0714382265092457,-0.8975365726436249,-0.18590758470794322,,1.9746275561752173
P11,SEMUA,PRA,12,False,kanal,P3,4.450544288780911,0.3852939438737384,0.6848812552519388,2.4764939176091554,1.2167942535903782,kiri,parietal,7.0,False,0.9323621399221663,3.48027580079194,1.162811369763926,2.030104280170301,0.912738667765588,,1.9746275561752173
P11,SEMUA,PRA,12,False,kanal,O1,5.04105279406852,0.20814809295058057,0.4074716089333247,0.054138077327192224,0.23610532287545127,kiri,oksipital,8.0,False,0.9733329711640089,3.48027580079194,0.8854017234453118,-0.39225156011166207,-0.06795026294933892,,1.9746275561752173
P11,SEMUA,PRA,12,False,kanal,F7,3.37273047392533,0.22964072612537367,-0.4771111635897296,0.8001813707652667,-0.5679223271947457,kiri,frontotemporal,8.0,False,0.970191117121845,3.48027580079194,0.0008189509222575331,0.35379173332641245,-0.8719779130195359,,1.9746275561752173
P11,SEMUA,PRA,12,False,kanal,T3,-0.12538360450519548,0.09545034413701847,-2.2795597669118695,0.09259790411244184,0.1805050271515309,kiri,temporal,7.0,False,0.8677193582275978,3.48027580079194,-1.8016296523998823,-0.35379173332641245,-0.12355055867325929,,1.9746275561752173
P11,SEMUA,PRA,12,False,kanal,T5,-2.7010771760585257,0.1139233608431296,-2.3481744530950457,0.9284326484054355,0.6453472683852327,kiri,temporo-posterior,8.0,False,0.9449039710121961,3.48027580079194,-1.8702443385830585,0.4820430109665812,0.3412916825604425,,1.9746275561752173
P11,SEMUA,PRA,12,False,kanal,Fp2,4.420763160526818,0.16520758189227558,2.4185364088029857,-0.39310693947233144,0.3755110042722253,kanan,frontopolar,9.0,False,0.9874420944777484,3.3615740252131125,1.9833514978548115,0.2721708408658581,-0.30470102280610367,,1.9746275561752173
P11,SEMUA,PRA,12,False,kanal,F4,0.09125859692562699,0.043722308025868406,0.1522226666856612,-1.3306393653288753,1.030389402866509,kanan,frontal,12.0,False,0.979821324879884,3.3615740252131125,-0.28296224426251293,-0.6653615849906858,0.3501773757881801,,1.9746275561752173
P11,SEMUA,PRA,12,False,kanal,C4,3.116694773489016,0.1693016168747321,1.27218666028309,-0.5260075545862608,0.7735482889108257,kanan,sentral,12.0,False,0.9855839569812037,3.3615740252131125,0.8370017493349159,0.1392702257519287,0.09333626183249677,,1.9746275561752173
P11,SEMUA,PRA,12,False,kanal,P4,3.6064532769372093,0.21554435937633043,0.7181471552106871,-0.7503007228525274,0.5868757652458323,kanan,parietal,12.0,False,0.9839408128374083,3.3615740252131125,0.28296224426251293,-0.08502294251433784,-0.09333626183249666,,1.9746275561752173
P11,SEMUA,PRA,12,False,kanal,O2,4.192738067322821,0.26639589019591425,1.391717102279367,-0.6340521619756676,0.8737022628221569,kanan,oksipital,12.0,False,0.9857119064677252,3.3615740252131125,0.9565321913311929,0.031225618362521912,0.19349023574382795,,1.9746275561752173
P11,SEMUA,PRA,12,False,kanal,F8,5.256767455469749,0.3918726389598033,-0.3855117828708343,0.010779896553569923,1.3834598964613436,kanan,frontotemporal,12.0,False,0.9922778824048242,3.3615740252131125,-0.8206966938190084,0.6760576768917594,0.7032478693830146,,1.9746275561752173
P11,SEMUA,PRA,12,False,kanal,T4,2.0375467258889444,0.06912714671243103,-0.8032584332255494,-0.8913311156534913,0.32826500114363183,kanan,temporal,7.0,False,0.9553535369842691,3.3615740252131125,-1.2384433441737235,-0.2260533353153018,-0.3519470259346971,,1.9746275561752173
P11,SEMUA,PRA,12,False,kanal,T6,-2.2676015622397827,-0.08013498792775198,-0.4400402370623918,-0.6965033987007114,0.4433192766332285,kanan,temporo-posterior,12.0,False,0.99291976472304,3.3615740252131125,-0.875225148010566,-0.031225618362521912,-0.23689275044510044,,1.9746275561752173
P11,SEMUA,PRA,12,False,area,frontopolar,1.1067332014352047,0.005451139265331251,0.0025740803020796177,-0.1551129063641432,0.22472659167467768,,frontopolar,11.0,False,0.9709012903948705,,,,,True,1.9746275561752173
P11,SEMUA,PRA,12,False,area,frontal,1.0178654650114467,-0.0012898777930210326,0.09607830817771057,-1.2841187607282025,0.4722116745883691,,frontal,12.0,False,0.9843546637346685,,,,,False,1.9746275561752173
P11,SEMUA,PRA,12,False,area,frontotemporal,6.566503110466805,0.4220573719499674,-0.5591444587051514,-0.3448305119931674,0.848794577529543,,frontotemporal,12.0,False,0.9926206734205587,,,,,True,1.9746275561752173
P11,SEMUA,PRA,12,False,area,sentral,3.837017112872232,0.15598932057888049,1.4911486137683394,-0.47237876705440884,0.7904600511271098,,sentral,12.0,False,0.9871443229065848,,,,,False,1.9746275561752173
P11,SEMUA,PRA,12,False,area,temporal,1.825894645521224,0.10636093616604403,-1.56558436450804,-0.6699323953376628,0.18305017422621017,,temporal,12.0,False,0.9412591037979386,,,,,True,1.9746275561752173
P11,SEMUA,PRA,12,False,area,parietal,3.668820935742751,0.1223189417508257,1.3476869158045268,-0.3031468918854161,0.6959047357340892,,parietal,12.0,False,0.9823205664318148,,,,,False,1.9746275561752173
P11,SEMUA,PRA,12,False,area,temporo-posterior,-1.7861517692397229,0.025195731738652194,-1.440038261873201,-0.303004391185012,0.4109109014519731,,temporo-posterior,12.0,False,0.9886915444022956,,,,,False,1.9746275561752173
P11,SEMUA,PRA,12,False,area,oksipital,4.9895374228912175,0.25426147446245007,1.3056095719198555,-0.5727446307536916,0.9171199223901177,,oksipital,12.0,False,0.9880966180065407,,,,,False,1.9746275561752173
P11,SEMUA,TURUN,12,False,belahan,kiri,2.216045400930117,0.12342334038005232,0.5062907186547105,2.6110401789018223,0.47995954807413715,,,,,,,,,,,1.9746275561752173
P11,SEMUA,TURUN,12,False,belahan,kanan,2.1529097622180835,-0.12550933697844247,-0.48467045209959536,-0.6719883273620204,0.6830163498479819,,,,,,,,,,,1.9746275561752173
P11,SEMUA,TURUN,12,False,kanal,Fp1,-3.257171631645136,-0.23960119064587726,0.8282676010405188,-0.3885327128557048,1.665350482327126,kiri,frontopolar,10.0,False,0.7820768527795511,2.216045400930117,0.32197688238580824,-2.999572891757527,1.1853909342529887,,1.9746275561752173
P11,SEMUA,TURUN,12,False,kanal,F3,4.2300209663983495,0.29391487448839904,-0.056112652667471785,2.6759559740515066,-0.11357194926997849,kiri,frontal,8.0,False,0.9600862651027393,2.216045400930117,-0.5624033713221823,0.06491579514968437,-0.5935314973441157,,1.9746275561752173
P11,SEMUA,TURUN,12,False,kanal,C3,1.8839669264520182,-0.2563790570873401,2.0933213468538647,3.01287484450523,0.12587149052806756,kiri,sentral,7.0,False,0.9310044784761746,2.216045400930117,1.5870306281991542,0.4018346656034075,-0.3540880575460696,,1.9746275561752173
P11,SEMUA,TURUN,12,False,kanal,P3,7.797851090799625,0.3312425143355784,1.319447682934301,0.43036132085824885,-0.05393350639998412,kiri,parietal,6.0,False,0.9170951886906744,2.216045400930117,0.8131569642795904,-2.1806788580435734,-0.5338930544741213,,1.9746275561752173
P11,SEMUA,TURUN,12,False,kanal,O1,8.363464691088232,0.19527004171635065,1.2924480944273604,3.520673292661369,0.4059668022908063,kiri,oksipital,8.0,False,0.956652134799579,2.216045400930117,0.7861573757726499,0.9096331137595466,-0.07399274578333087,,1.9746275561752173
P11,SEMUA,TURUN,12,False,kanal,F7,0.0011585260583686363,-0.20029791301941047,0.1843138362689023,4.533983259060257,1.1028013614204601,kiri,frontotemporal,8.0,False,0.9174494311367181,2.216045400930117,-0.32197688238580824,1.9229430801584346,0.6228418133463229,,1.9746275561752173
P11,SEMUA,TURUN,12,False,kanal,T3,2.5481238754082156,0.10210695106167655,-1.9777349664737174,0.24397351197614325,1.1443364213448206,kiri,temporal,6.0,False,0.888945995916337,2.216045400930117,-2.4840256851284277,-2.367066666925679,0.6643768732706834,,1.9746275561752173
P11,SEMUA,TURUN,12,False,kanal,T5,1.7018729118443687,0.14473972969842808,0.005721821396210025,2.546124383752138,0.553952293857468,kiri,temporo-posterior,7.0,False,0.9506824626544511,2.216045400930117,-0.5005688972585005,-0.06491579514968437,0.07399274578333087,,1.9746275561752173
P11,SEMUA,TURUN,12,False,kanal,Fp2,0.7062720287595639,-0.17951927206845086,1.0091225570935929,-0.34223153298410924,0.11569584860603377,kanan,frontopolar,12.0,False,0.9654325659664231,2.1529097622180835,1.4937930091931881,0.32975679437791117,-0.5673205012419481,,1.9746275561752173
P11,SEMUA,TURUN,12,False,kanal,F4,2.115534502609968,-0.1535858426444352,-1.1081280193511747,-1.2129529198955975,0.633569614344713,kanan,frontal,10.0,False,0.9821218964160494,2.1529097622180835,-0.6234575672515793,-0.5409645925335771,-0.049446735503268835,,1.9746275561752173
P11,SEMUA,TURUN,12,False,kanal,C4,2.190285021826199,-0.1690473168121811,-0.6956496119942984,0.4833869057582376,-0.008194232197496876,kanan,sentral,12.0,False,0.9727011334435883,2.1529097622180835,-0.21097915989470306,1.155375233120258,-0.6912105820454788,,1.9746275561752173
P11,SEMUA,TURUN,12,False,kanal,P4,2.7595668903270436,0.06817176874299125,-0.2801524852537657,-1.4732405209287944,1.0543497153659305,kanan,parietal,12.0,False,0.9434039371230304,2.1529097622180835,0.20451796684582968,-0.801252193566774,0.3713333655179486,,1.9746275561752173
P11,SEMUA,TURUN,12,False,kanal,O2,6.9442790654041175,0.22143819256382202,-0.30583049978192334,-2.09507147687938,0.8028180329313479,kanan,oksipital,12.0,False,0.9492017398706689,2.1529097622180835,0.17883995231767202,-1.4230831495173595,0.11980168308336603,,1.9746275561752173
P11,SEMUA,TURUN,12,False,kanal,F8,1.998722675768832,-0.12709340627982435,-0.9131931778016333,-1.0017451217399316,0.6777746148359711,kanan,frontotemporal,12.0,False,0.9802271175781624,2.1529097622180835,-0.428522725702038,-0.32975679437791117,-0.005241735012010751,,1.9746275561752173
P11,SEMUA,TURUN,12,False,kanal,T4,6.978937836817245,0.14274575371245346,-0.6635104044172674,1.361471814214421,0.848460564255147,kanan,temporal,9.0,False,0.9468372068347539,2.1529097622180835,-0.17883995231767202,2.0334601415764415,0.16544421440716517,,1.9746275561752173
P11,SEMUA,TURUN,12,False,kanal,T6,1.5394391770714648,-0.12392526767706058,0.135934568342852,0.2692840091829374,0.6882580848599926,kanan,temporo-posterior,11.0,False,0.9723098959922561,2.1529097622180835,0.6206050204424474,0.9412723365449578,0.005241735012010751,,1.9746275561752173
P11,SEMUA,TURUN,12,False,area,frontopolar,-1.0791002636192601,-0.10039270184660865,0.3305004281830787,-0.8864160618865613,0.9743124073865268,,frontopolar,12.0,False,0.9158075694203751,,,,,True,1.9746275561752173
P11,SEMUA,TURUN,12,False,area,frontal,1.7863796900602367,-0.23977379708187696,-1.4138544453970665,-0.5744777300209609,0.49858759268837294,,frontal,12.0,False,0.9798559096570222,,,,,False,1.9746275561752173
P11,SEMUA,TURUN,12,False,area,frontotemporal,2.372395402173673,-0.1718208000811623,-0.6203723569707587,0.019853943681862773,0.6431484981355843,,frontotemporal,12.0,False,0.9902796042809051,,,,,True,1.9746275561752173
P11,SEMUA,TURUN,12,False,area,sentral,3.287542605655972,-0.17643710146449743,-0.20041046815721053,0.9480960438685315,0.3698705763063942,,sentral,12.0,False,0.9842508447630177,,,,,False,1.9746275561752173
P11,SEMUA,TURUN,12,False,area,temporal,5.304733444023242,0.03428820168249347,-1.2368896650712369,1.4092385463208297,0.6999127032558857,,temporal,10.0,False,0.9397649898068554,,,,,True,1.9746275561752173
P11,SEMUA,TURUN,12,False,area,parietal,2.1895568556116345,-0.10366167831323936,-0.06617444939851114,-1.2024219579734754,1.0324039056832006,,parietal,12.0,False,0.9376003118995176,,,,,False,1.9746275561752173
P11,SEMUA,TURUN,12,False,area,temporo-posterior,1.425682141709494,-0.11500016448192585,-0.8435595397971762,0.48563306552488283,0.4116548707576257,,temporo-posterior,11.0,False,0.9700726768458577,,,,,False,1.9746275561752173
P11,SEMUA,TURUN,12,False,area,oksipital,7.60482321476821,0.15440363479632468,-0.3725096821951812,-0.9374632226382706,0.5268044225053875,,oksipital,12.0,False,0.9822507492915409,,,,,False,1.9746275561752173
P11,SEMUA,TAHAN,12,False,belahan,kiri,0.7626016434296545,0.5246012021331314,-0.5599013440349645,-1.009625849953699,-0.015733747454159258,,,,,,,,,,,1.9746275561752173
P11,SEMUA,TAHAN,12,False,belahan,kanan,-5.324937486001229,-0.1782369591463535,-0.5591419476131685,-0.505732379196516,0.25979531849644755,,,,,,,,,,,1.9746275561752173
P11,SEMUA,TAHAN,12,False,kanal,Fp1,-4.650554094741437,-0.25109861312925597,-0.06413343865750043,0.4905223287342877,0.733298324157146,kiri,frontopolar,10.0,False,0.9213174338516243,0.7626016434296545,0.49576790537746407,1.5001481786879867,0.7490320716113053,,1.9746275561752173
P11,SEMUA,TAHAN,12,False,kanal,F3,3.125840293928242,0.5794268623388881,-2.3150239607208674,-0.9216128630783293,-1.440996769923352,kiri,frontal,6.0,False,0.9432828743493504,0.7626016434296545,-1.7551226166859029,0.08801298687536963,-1.4252630224691927,,1.9746275561752173
P11,SEMUA,TAHAN,12,False,kanal,C3,6.108290551388535,0.7428245236131015,0.4535336653872286,-2.0164477702271366,-1.3869590853545324,kiri,sentral,6.0,False,0.9484690951180494,0.7626016434296545,1.0134350094221931,-1.0068219202734376,-1.3712253379003732,,1.9746275561752173
P11,SEMUA,TAHAN,12,False,kanal,P3,6.854331263993231,0.7217680306598921,1.0440037959417023,-1.2218660273729838,0.00902669212927737,kiri,parietal,5.0,True,0.9419282751838326,0.7626016434296545,1.6039051399766668,-0.2122401774192848,0.024760439583436628,,1.9746275561752173
P11,SEMUA,TAHAN,12,False,kanal,O1,5.23666365486239,0.5291157341804931,0.07101154799272091,-1.2084196246273864,-0.8863105263308345,kiri,oksipital,6.0,False,0.954512586818494,0.7626016434296545,0.6309128920276854,-0.19879377467368742,-0.8705767788766753,,1.9746275561752173
P11,SEMUA,TAHAN,12,False,kanal,F7,-3.8734741058068636,-0.06089606049363705,-1.0556692494124287,-0.9896267600460269,0.15495439144794987,kiri,frontotemporal,7.0,False,0.8879240866175815,0.7626016434296545,-0.4957679053774642,0.019999089907672074,0.17068813890210913,,1.9746275561752173
P11,SEMUA,TAHAN,12,False,kanal,T3,-1.663682686024437,-0.058525584060467484,-2.448533565126429,-0.1261772232930678,0.1810817301533835,kiri,temporal,7.0,False,0.8105989852720851,0.7626016434296545,-1.8886322210914646,0.8834486266606312,0.19681547760754275,,1.9746275561752173
P11,SEMUA,TAHAN,12,False,kanal,T5,-1.6006370070689329,0.5200866700857698,-2.169131481792423,-1.029624939861371,-0.040494187037595886,kiri,temporo-posterior,5.0,True,0.9291617733454893,0.7626016434296545,-1.6092301377574585,-0.019999089907672074,-0.024760439583436628,,1.9746275561752173
P11,SEMUA,TAHAN,12,False,kanal,Fp2,-2.310932192883733,-0.024050573091777716,0.8067680242494385,-0.19163025930312738,0.1544081525849299,kanan,frontopolar,12.0,False,0.99060945066115,-5.324937486001229,1.365909971862607,0.31410211989338865,-0.10538716591151764,,1.9746275561752173
P11,SEMUA,TAHAN,12,False,kanal,F4,-11.146752262805109,-0.6121213090500679,-1.0524064368753505,-0.25639892347184867,0.4601238514285927,kanan,frontal,8.0,False,0.9893678130943075,-5.324937486001229,-0.493264489262182,0.24933345572466736,0.20032853293214514,,1.9746275561752173
P11,SEMUA,TAHAN,12,False,kanal,C4,-8.394220525179499,-0.47297190357270136,-0.43426220760009293,-0.445197584103985,0.23008419192735585,kanan,sentral,10.0,False,0.989880267715882,-5.324937486001229,0.12487974001307556,0.06053479509253101,-0.029711126569091695,,1.9746275561752173
P11,SEMUA,TAHAN,12,False,kanal,P4,-2.994596957293112,-0.07112712504208352,-0.6840216876262439,-0.7265152175521252,0.41533578146011296,kanan,parietal,12.0,False,0.9841793435342764,-5.324937486001229,-0.12487974001307545,-0.2207828383556092,0.15554046296366542,,1.9746275561752173
P11,SEMUA,TAHAN,12,False,kanal,O2,-0.7300016032833341,0.04572837246455852,-0.38619951958901666,-1.161036332423742,0.2591374498214182,kanan,oksipital,12.0,False,0.9907307954832696,-5.324937486001229,0.17294242802415183,-0.655303953227226,-0.0006578686750293716,,1.9746275561752173
P11,SEMUA,TAHAN,12,False,kanal,F8,-7.655278014709346,-0.2853467932506235,-0.9226989588753026,-0.8229901758621274,0.4214531636361051,kanan,frontotemporal,12.0,False,0.97565519831889,-5.324937486001229,-0.36355701126213413,-0.3172577966656114,0.16165784513965753,,1.9746275561752173
P11,SEMUA,TAHAN,12,False,kanal,T4,-0.02854775004665555,0.14175157616849665,0.24790274335698415,0.3165599734770752,0.24182486673011644,kanan,temporal,5.0,True,0.990773180706869,-5.324937486001229,0.8070446909701526,0.8222923526735912,-0.017970451766331108,,1.9746275561752173
P11,SEMUA,TAHAN,12,False,kanal,T6,-10.896187649251836,-0.5644306790233855,-0.8031801496802765,-0.566267174289047,0.26045318717147686,kanan,temporo-posterior,8.0,False,0.9850357405108063,-5.324937486001229,-0.24403820206710802,-0.06053479509253101,0.0006578686750293161,,1.9746275561752173
P11,SEMUA,TAHAN,12,False,area,frontopolar,-4.027517913543569,-0.18426995757325404,-0.042812169717534876,-0.14428335333008002,0.19615468615630605,,frontopolar,12.0,False,0.9648995085838837,,,,,True,1.9746275561752173
P11,SEMUA,TAHAN,12,False,area,frontal,-7.7873218835160145,-0.3949104164792492,-1.6988956975187004,-0.8343766762811482,0.17755694811849765,,frontal,8.0,False,0.964441842192204,,,,,False,1.9746275561752173
P11,SEMUA,TAHAN,12,False,area,frontotemporal,-4.615972745378819,-0.07830934498682862,-0.8043022324745541,-0.6585289609829599,0.5526497202601065,,frontotemporal,12.0,False,0.9839675821400489,,,,,True,1.9746275561752173
P11,SEMUA,TAHAN,12,False,area,sentral,-4.824080844088222,-0.25007549328073675,-0.5703962051112149,-0.7038150116959248,0.22904811892390287,,sentral,10.0,False,0.9497688770989374,,,,,False,1.9746275561752173
P11,SEMUA,TAHAN,12,False,area,temporal,0.8809449444849733,0.14467268709471104,-1.5397344783074627,-0.5289217071538515,0.08815955943005138,,temporal,9.0,False,0.9472107026442099,,,,,True,1.9746275561752173
P11,SEMUA,TAHAN,12,False,area,parietal,-0.13247510145070862,0.06593685063637356,-0.36482030296131784,-0.4357875573928478,0.6890614505067671,,parietal,12.0,False,0.9727441062087757,,,,,False,1.9746275561752173
P11,SEMUA,TAHAN,12,False,area,temporo-posterior,-6.636531703671558,-0.15263642294836766,-2.2156528169940364,-0.8225399182492716,-0.10627928568768513,,temporo-posterior,8.0,False,0.9595049103340124,,,,,False,1.9746275561752173
P11,SEMUA,TAHAN,12,False,area,oksipital,1.2357297104109577,0.1039390173887238,-0.38301446235299186,-1.0262403726680218,0.0707618957916821,,oksipital,12.0,False,0.9808393332534866,,,,,False,1.9746275561752173
P11,SEMUA,NAIK,12,False,belahan,kiri,6.772037202218229,0.14680544500006287,0.6920420699735532,1.8304002332807243,0.7271565530989532,,,,,,,,,,,1.9746275561752173
P11,SEMUA,NAIK,12,False,belahan,kanan,3.2465630293781835,-0.06808707706958395,0.08762326284802446,-0.83225405437072,1.3721276998330563,,,,,,,,,,,1.9746275561752173
P11,SEMUA,NAIK,12,False,kanal,Fp1,0.9594149404612367,0.021717323418502743,0.5111861751392383,1.4465997457625646,0.4646903366785772,kiri,frontopolar,12.0,False,0.9633812826537367,6.772037202218229,-0.18085589483431497,-0.38380048751815976,-0.26246621642037604,,1.9746275561752173
P11,SEMUA,NAIK,12,False,kanal,F3,-0.8936365684783425,-0.7232795180072611,-2.171765301120343,1.2376234610861285,-0.4269240808965036,kiri,frontal,8.0,False,0.8768958397143143,6.772037202218229,-2.8638073710938965,-0.5927767721945958,-1.1540806339954568,,1.9746275561752173
P11,SEMUA,NAIK,12,False,kanal,C3,11.2865969439978,0.27834370434708067,3.590939215375792,2.611877196806297,0.6540471777980574,kiri,sentral,7.0,False,0.9877768550149127,6.772037202218229,2.8988971454022385,0.7814769635255725,-0.07310937530089578,,1.9746275561752173
P11,SEMUA,NAIK,12,False,kanal,P3,9.521332460422336,0.26525353256736706,2.0525325137227837,0.7230156849670828,0.8002659283998489,kiri,parietal,7.0,False,0.9821350042283197,6.772037202218229,1.3604904437492304,-1.1073845483136415,0.07310937530089567,,1.9746275561752173
P11,SEMUA,NAIK,12,False,kanal,O1,9.71375404413974,0.02835735743275869,0.8728979648078683,3.0225269738316096,1.1622934867038477,kiri,oksipital,8.0,False,0.9819999685044415,6.772037202218229,0.18085589483431508,1.1921267405508853,0.43513693360489447,,1.9746275561752173
P11,SEMUA,NAIK,12,False,kanal,F7,7.105451200038438,0.27283795053693516,4.135720179674197,1.4226572505519774,0.5464038233005406,kiri,frontotemporal,8.0,False,0.9819113157332208,6.772037202218229,3.4436781097006444,-0.40774298272874687,-0.18075272979841261,,1.9746275561752173
P11,SEMUA,NAIK,12,False,kanal,T3,6.43862320439802,0.4335383581988286,-0.037330442402934705,2.50846684493877,1.8077457954330811,kiri,temporal,8.0,False,0.9850442428734782,6.772037202218229,-0.7293725123764879,0.6780666116580456,1.080589242334128,,1.9746275561752173
P11,SEMUA,NAIK,12,False,kanal,T5,2.582482916456563,-0.12658751978651628,-1.0982158364546875,2.214200720798884,1.4446655510588111,kiri,temporo-posterior,8.0,False,0.9472367434595302,6.772037202218229,-1.7902579064282407,0.38380048751815976,0.7175089979598579,,1.9746275561752173
P11,SEMUA,NAIK,12,False,kanal,Fp2,4.991329379769006,0.06911136818060237,2.0417448709921517,1.699689693313128,0.8269820512744864,kanan,frontopolar,12.0,False,0.985375403423673,3.2465630293781835,1.9541216081441273,2.5319437476838482,-0.5451456485585698,,1.9746275561752173
P11,SEMUA,NAIK,12,False,kanal,F4,-2.250162793478836,-0.38747797849650945,-0.26045012771269926,-1.812454705401358,1.4051221030196932,kanan,frontal,12.0,False,0.9496477904358558,3.2465630293781835,-0.3480733905607237,-0.980200651030638,0.032994403186636934,,1.9746275561752173
P11,SEMUA,NAIK,12,False,kanal,C4,1.5017966789873611,-0.22073055624015048,0.19979717029954103,-1.1643264794297998,1.076614922570153,kanan,sentral,12.0,False,0.9230548466232505,3.2465630293781835,0.11217390745151656,-0.33207242505907986,-0.29551277726290337,,1.9746275561752173
P11,SEMUA,NAIK,12,False,kanal,P4,6.8194032249332395,0.20854412278387557,-0.3200505630915218,0.2854378098622741,1.5168963490946545,kanan,parietal,12.0,False,0.9827969730279177,3.2465630293781835,-0.40767382593954626,1.117691864232994,0.14476864926159827,,1.9746275561752173
P11,SEMUA,NAIK,12,False,kanal,O2,8.684596375796552,0.26547654637812856,-0.0245506446034921,-1.3884541807275088,1.3391332966464193,kanan,oksipital,12.0,False,0.9518077877932484,3.2465630293781835,-0.11217390745151656,-0.5562001263567888,-0.032994403186636934,,1.9746275561752173
P11,SEMUA,NAIK,12,False,kanal,F8,5.228083908557075,0.039016401694018654,-0.4387429027829526,-0.5001816293116401,1.1971482618711848,kanan,frontotemporal,12.0,False,0.9829592203289076,3.2465630293781835,-0.526366165630977,0.33207242505907986,-0.17497943796187143,,1.9746275561752173
P11,SEMUA,NAIK,12,False,kanal,T4,0.630935391949869,-0.3183557923303779,1.6901110395334444,-0.20316361023825324,1.6879848202231404,kanan,temporal,9.0,False,0.9622954739654364,3.2465630293781835,1.60248777668542,0.6290904441324667,0.3158571203900842,,1.9746275561752173
P11,SEMUA,NAIK,12,False,kanal,T6,1.1069039267424259,-0.17519055583318655,0.5917369911507492,-1.9544958667434802,2.2318964978262232,kanan,temporo-posterior,11.0,False,0.9724735105434733,3.2465630293781835,0.5041137283027247,-1.1222418123727602,0.859768797993167,,1.9746275561752173
P11,SEMUA,NAIK,12,False,area,frontopolar,4.432277518014253,0.20726700308700885,0.04193041794704311,0.6628696912793095,0.12385498324138156,,frontopolar,12.0,False,0.9735144398587049,,,,,True,1.9746275561752173
P11,SEMUA,NAIK,12,False,area,frontal,-0.7462345910072159,-0.45723981498375643,-0.6127347638311537,-1.410196189239603,0.7175124515433409,,frontal,12.0,False,0.9827866483058256,,,,,False,1.9746275561752173
P11,SEMUA,NAIK,12,False,area,frontotemporal,5.71856911149181,0.021946303871412276,0.5086436595263866,-0.042593356633136015,1.036112436044439,,frontotemporal,12.0,False,0.9886588183375704,,,,,True,1.9746275561752173
P11,SEMUA,NAIK,12,False,area,sentral,2.5305240546623295,-0.24693514508451186,1.7047323961148908,0.07671369518404303,1.0082972187376573,,sentral,12.0,False,0.9847855964863627,,,,,False,1.9746275561752173
P11,SEMUA,NAIK,12,False,area,temporal,3.135238573987671,-0.04456054117990371,0.03399242812826442,0.04639453918190206,1.2549645529037532,,temporal,11.0,False,0.9810265180714338,,,,,True,1.9746275561752173
P11,SEMUA,NAIK,12,False,area,parietal,6.782068643654142,0.13802906834280626,0.16108284174521093,0.46159910785089453,1.295171292618705,,parietal,12.0,False,0.9882404610553013,,,,,False,1.9746275561752173
P11,SEMUA,NAIK,12,False,area,temporo-posterior,1.6676103667961613,-0.17806465815384742,-0.6162493343319181,-0.04501834617049694,1.6989720151072318,,temporo-posterior,11.0,False,0.9862295828659575,,,,,False,1.9746275561752173
P11,SEMUA,NAIK,12,False,area,oksipital,9.35856822448688,0.21111224600493417,0.12422791913269282,-0.1891435352872004,1.1063769240814967,,oksipital,12.0,False,0.9861970869107699,,,,,False,1.9746275561752173
P11,SEMUA,POST,12,False,belahan,kiri,4.435313624711778,0.3457988103806261,0.8813619945326521,0.6448685053252785,0.4698164233613851,,,,,,,,,,,1.9746275561752173
P11,SEMUA,POST,12,False,belahan,kanan,3.996563474735609,0.11139170019564704,0.6024905394111746,0.5021656676135617,0.6515938932665357,,,,,,,,,,,1.9746275561752173
P11,SEMUA,POST,12,False,kanal,Fp1,0.05602854763476017,0.053888704948322985,-0.2763860598711171,-0.2722963029121934,1.106896806126297,kiri,frontopolar,12.0,False,0.9328032003407386,4.435313624711778,-1.1577480544037693,-0.9171648082374719,0.6370803827649119,,1.9746275561752173
P11,SEMUA,POST,12,False,kanal,F3,5.382689502357472,0.3219899307478822,-0.20994438294973072,1.9197447875759983,-1.2130581232909377,kiri,frontal,8.0,False,0.9917635597246447,4.435313624711778,-1.0913063774823828,1.2748762822507198,-1.6828745466523227,,1.9746275561752173
P11,SEMUA,POST,12,False,kanal,C3,7.195387552359037,0.42586368476188463,2.237052392194855,-0.2085716066136829,-0.6388125251012089,kiri,sentral,8.0,False,0.9694940810041324,4.435313624711778,1.355690397662203,-0.8534401119389614,-1.108628948462594,,1.9746275561752173
P11,SEMUA,POST,12,False,kanal,P3,10.272060132713413,0.7110777511247532,1.9726683720150349,0.8840865794847366,1.0815810199792804,kiri,parietal,7.0,False,0.9913797395883917,4.435313624711778,1.0913063774823828,0.23921807415945806,0.6117645966178953,,1.9746275561752173
P11,SEMUA,POST,12,False,kanal,O1,6.970331425935079,0.4503213222141411,2.102670567689198,0.4201864552253318,0.1603067555673252,kiri,oksipital,8.0,False,0.9894661638751684,4.435313624711778,1.221308573156546,-0.22468205009994668,-0.3095096677940599,,1.9746275561752173
P11,SEMUA,POST,12,False,kanal,F7,3.487937747066084,0.36960769001337,3.14062751502316,0.4808758983132493,-0.03175481096587052,kiri,frontotemporal,6.0,False,0.9840421117387292,4.435313624711778,2.2592655204905077,-0.16399260701202922,-0.5015712343272556,,1.9746275561752173
P11,SEMUA,POST,12,False,kanal,T3,1.1895122008170844,0.2835784120566396,-1.1012698072805134,0.8088611123373077,0.779326091155445,kiri,temporal,6.0,False,0.9344110322628381,4.435313624711778,-1.9826318018131655,0.16399260701202922,0.3095096677940599,,1.9746275561752173
P11,SEMUA,POST,12,False,kanal,T5,1.0379073082324624,0.1375753454509132,-0.5577341068640042,2.8121086705652054,1.2984020171733577,kiri,temporo-posterior,7.0,False,0.9901295858396201,4.435313624711778,-1.4390961013966561,2.167240165239927,0.8285855938119726,,1.9746275561752173
P11,SEMUA,POST,12,False,kanal,Fp2,5.040564049875108,0.22765040497642808,-0.3264692617241849,0.8084330624448222,0.14420696140680633,kanan,frontopolar,11.0,False,0.9952659282226501,3.996563474735609,-0.9289598011353595,0.3062673948312604,-0.5073869318597294,,1.9746275561752173
P11,SEMUA,POST,12,False,kanal,F4,-0.3874775703469169,-0.11088217290939517,0.4738633831365435,0.0037540773234954194,0.539957098426982,kanan,frontal,12.0,False,0.9867942170629964,3.996563474735609,-0.12862715627463106,-0.4984115902900663,-0.11163679483955369,,1.9746275561752173
P11,SEMUA,POST,12,False,kanal,C4,3.843142418159772,0.08726979303949167,0.7554540784037213,0.6883265764527993,0.6079022134428432,kanan,sentral,12.0,False,0.9927908473847376,3.996563474735609,0.15296353899254667,0.18616090883923753,-0.043691679823692486,,1.9746275561752173
P11,SEMUA,POST,12,False,kanal,P4,4.322083961541928,0.1676139045723506,0.7311176956858056,0.5295619086095162,0.6952855730902281,kanan,parietal,12.0,False,0.9885383060572329,3.996563474735609,0.12862715627463106,0.0273962409959545,0.043691679823692375,,1.9746275561752173
P11,SEMUA,POST,12,False,kanal,O2,4.149984531311446,0.1355136073518024,1.1873850394328023,0.005486518354141268,0.7798428396542139,kanan,oksipital,12.0,False,0.9929204517042095,3.996563474735609,0.5848945000216277,-0.49667914925942047,0.12824894638767814,,1.9746275561752173
P11,SEMUA,POST,12,False,kanal,F8,5.3377919817084845,0.2738602211601826,-0.06591891171443542,0.960355912096746,0.7175397230422667,kanan,frontotemporal,12.0,False,0.9947913908160394,3.996563474735609,-0.66840945112561,0.45819024448318424,0.06594582977573094,,1.9746275561752173
P11,SEMUA,POST,12,False,kanal,T4,2.2580604062385987,-0.023434975573013217,0.7823570599885915,0.47476942661760724,0.36246186569385447,kanan,temporal,10.0,False,0.9923427884095121,3.996563474735609,0.17986652057741692,-0.0273962409959545,-0.28913202757268125,,1.9746275561752173
P11,SEMUA,POST,12,False,kanal,T6,-2.6795882084448053,-0.30070808485075795,-0.08913793544871818,-0.02061252800548674,1.2060416602452195,kanan,temporo-posterior,12.0,False,0.9313053948077153,3.996563474735609,-0.6916284748598928,-0.5227781956190485,0.5544477669786838,,1.9746275561752173
P11,SEMUA,POST,12,False,area,frontopolar,1.2759444660881272,0.09386191459135274,-0.35234992257346165,-0.23493020710070578,0.6156791913854203,,frontopolar,12.0,False,0.9725058899035116,,,,,True,1.9746275561752173
P11,SEMUA,POST,12,False,area,frontal,1.33550247890917,-0.042935556623716176,0.6006370093661046,-0.06867232130940737,0.017367506098709073,,frontal,12.0,False,0.990857775081178,,,,,False,1.9746275561752173
P11,SEMUA,POST,12,False,area,frontotemporal,6.070296414097498,0.32241730437062355,0.5056374143845066,1.091001542142311,0.32180700702706566,,frontotemporal,12.0,False,0.9960527574765123,,,,,True,1.9746275561752173
P11,SEMUA,POST,12,False,area,sentral,4.5308600517013105,0.11295942251401936,1.3928915678122118,0.5397359020738803,0.30362052938345596,,sentral,12.0,False,0.9949962782896097,,,,,False,1.9746275561752173
P11,SEMUA,POST,12,False,area,temporal,3.184588325228866,0.10901494778811549,-0.05964678317996297,0.4642631401779247,0.14237908657579124,,temporal,12.0,False,0.9880956765174951,,,,,True,1.9746275561752173
P11,SEMUA,POST,12,False,area,parietal,5.235535384571953,0.19377236791249897,1.23472648363532,0.5870738272302618,0.6111475886522495,,parietal,12.0,False,0.9922616901311795,,,,,False,1.9746275561752173
P11,SEMUA,POST,12,False,area,temporo-posterior,-0.3762059422917474,-0.06775062968008605,-1.1653463863560243,0.4049302367341685,0.7175053305696684,,temporo-posterior,12.0,False,0.9489414381262158,,,,,False,1.9746275561752173
P11,SEMUA,POST,12,False,area,oksipital,5.377369072026752,0.19149878338023307,1.4997653068083237,-0.025910831591375416,0.4266922951096689,,oksipital,12.0,False,0.9956922898387782,,,,,False,1.9746275561752173
P11,AGEM KANAN,PRA,4,False,belahan,kiri,0.4931504584372419,0.11998576901301561,-1.067945123904638,0.016149958366910022,0.6145157021063032,,,,,,,,,,,1.9746275561752173
P11,AGEM KANAN,PRA,4,False,belahan,kanan,3.6382619766179296,0.29003022151503743,0.6158201500399962,-0.6435455555230418,1.3328708074351652,,,,,,,,,,,1.9746275561752173
P11,AGEM KANAN,PRA,4,False,kanal,Fp1,-1.8949843574616523,-0.0917467506966696,-0.918769022845587,-0.22043387127225067,1.2282771800619507,kiri,frontopolar,4.0,False,0.6716470093111786,0.4931504584372419,0.149176101059051,-0.2365838296391607,0.6137614779556475,,1.9746275561752173
P11,AGEM KANAN,PRA,4,False,kanal,F3,0.19888079172072537,0.04909702619107037,-2.543451325345254,-0.46030295400499854,-0.7545935061349416,kiri,frontal,2.0,True,0.8551296809204912,0.4931504584372419,-1.475506201440616,-0.47645291237190857,-1.3691092082412448,,1.9746275561752173
P11,AGEM KANAN,PRA,4,False,kanal,C3,6.282559583014091,0.5920760199102455,0.09643590958491899,-0.8667803968530188,0.9008833747347369,kiri,sentral,2.0,True,0.9405610913567395,0.4931504584372419,1.164381033489557,-0.8829303552199288,0.28636767262843366,,1.9746275561752173
P11,AGEM KANAN,PRA,4,False,kanal,P3,-0.921150426701729,0.08356625693582176,-0.5749331181835391,3.062791835287225,0.4327768639043129,kiri,parietal,2.0,True,0.7797970227243803,0.4931504584372419,0.49301200572109893,3.046641876920315,-0.18173883820199033,,1.9746275561752173
P11,AGEM KANAN,PRA,4,False,kanal,O1,2.521575270039321,0.15640528109020946,-1.197947942893371,0.2527337880060707,-0.017126693807954618,kiri,oksipital,2.0,True,0.8658137035402049,0.4931504584372419,-0.130002818988733,0.2365838296391607,-0.6316423959142579,,1.9746275561752173
P11,AGEM KANAN,PRA,4,False,kanal,F7,4.224868343054219,0.5414223883112517,-0.9379423049159052,1.6407308212636282,1.3303511384502134,kiri,frontotemporal,2.0,True,0.9391565039185422,0.4931504584372419,0.13000281898873278,1.6245808628967182,0.7158354363439101,,1.9746275561752173
P11,AGEM KANAN,PRA,4,False,kanal,T3,0.7874201251537585,0.21814641337969354,-1.2671189572446666,-0.27617380817405834,0.1872211272614073,kiri,temporal,2.0,True,0.8205774795640994,0.4931504584372419,-0.19917383334002858,-0.29232376654096837,-0.42729457484489597,,1.9746275561752173
P11,AGEM KANAN,PRA,4,False,kanal,T5,-12.659151340341737,-0.5284887500105808,-1.8336391092934026,4.271368860499532,0.7962545403082936,kiri,temporo-posterior,3.0,False,0.6399406489138643,0.4931504584372419,-0.7656939853887645,4.255218902132622,0.18173883820199033,,1.9746275561752173
P11,AGEM KANAN,PRA,4,False,kanal,Fp2,2.0971197439152363,0.0019455834320341037,2.5235933549329257,-0.48832532889780955,0.8632608130295912,kanan,frontopolar,3.0,False,0.9578484408181123,3.6382619766179296,1.9077732048929295,0.15522022662523227,-0.46960999440557394,,1.9746275561752173
P11,AGEM KANAN,PRA,4,False,kanal,F4,1.568114087221204,0.085547704867168,-0.02457904712264769,-0.5683865672465953,0.9432917904493495,kanan,frontal,4.0,False,0.9819084815509184,3.6382619766179296,-0.6403991971626439,0.07515898827644651,-0.38957901698581565,,1.9746275561752173
P11,AGEM KANAN,PRA,4,False,kanal,C4,7.88122105838405,0.5232583671760207,-0.06773578101218647,-1.4048676143898038,1.3037256975611387,kanan,sentral,4.0,False,0.9622343770769844,3.6382619766179296,-0.6835559310521827,-0.761322058866762,-0.02914510987402652,,1.9746275561752173
P11,AGEM KANAN,PRA,4,False,kanal,P4,5.959870242593183,0.4490096110351973,0.9263658651417144,-0.4947361535337067,1.1855111783935288,kanan,parietal,4.0,False,0.9831088826099178,3.6382619766179296,0.31054571510171813,0.14880940198933512,-0.14735962904163635,,1.9746275561752173
P11,AGEM KANAN,PRA,4,False,kanal,O2,5.624952485271415,0.354954722709959,1.5214529264557695,-1.0488358281828156,1.362015917309192,kanan,oksipital,4.0,False,0.9759763595592713,3.6382619766179296,0.9056327764157732,-0.4052902726597738,0.029145109874026742,,1.9746275561752173
P11,AGEM KANAN,PRA,4,False,kanal,F8,3.683436029592123,0.2623278668449449,0.4307167447280946,-0.7187045437994883,1.529090160464066,kanan,frontotemporal,4.0,False,0.9821242321329569,3.6382619766179296,-0.18510340531190161,-0.07515898827644651,0.19621935302890092,,1.9746275561752173
P11,AGEM KANAN,PRA,4,False,kanal,T4,3.5930879236437363,0.31773257618512996,-1.5354394533173705,-1.803027876228418,1.8070579158119477,kanan,temporal,2.0,True,0.8955987503505725,3.6382619766179296,-2.1512596033573668,-1.1594823207053762,0.4741871083767826,,1.9746275561752173
P11,AGEM KANAN,PRA,4,False,kanal,T6,-4.43157667064785,-0.15464460715948403,0.800923555351898,-0.42426081327390364,1.64433788281499,kanan,temporo-posterior,4.0,False,0.9684242785705167,3.6382619766179296,0.18510340531190173,0.2192847422491382,0.31146707537982476,,1.9746275561752173
P11,AGEM KANAN,PRA,4,False,area,frontopolar,0.6095042504991,0.05067561519649744,-0.38314038691597385,-0.737629848166832,1.0739689726914645,,frontopolar,4.0,False,0.9089458288165012,,,,,True,1.9746275561752173
P11,AGEM KANAN,PRA,4,False,area,frontal,8.025975600745433,0.4937659826667671,-1.8357264588582094,-1.4517031402358493,0.6802683622254182,,frontal,4.0,False,0.9668658179412222,,,,,False,1.9746275561752173
P11,AGEM KANAN,PRA,4,False,area,frontotemporal,9.358117218224542,0.610475262544391,-0.7991259409519702,-1.111933828573206,1.6068955405054912,,frontotemporal,4.0,False,0.9748923152726251,,,,,True,1.9746275561752173
P11,AGEM KANAN,PRA,4,False,area,sentral,9.45358166130687,0.5501263438959352,0.3919299596321357,-1.5288230715411109,1.1393060676231073,,sentral,4.0,False,0.9575239443940371,,,,,False,1.9746275561752173
P11,AGEM KANAN,PRA,4,False,area,temporal,3.912417926193001,0.4087532427707934,-1.5591474608341271,-1.2696000881241036,1.6470442666919904,,temporal,4.0,False,0.9320207803900573,,,,,True,1.9746275561752173
P11,AGEM KANAN,PRA,4,False,area,parietal,7.1079923522039365,0.4190931239896929,1.9384943706770956,-0.1593805390400047,1.493513044659567,,parietal,4.0,False,0.9788021867351713,,,,,False,1.9746275561752173
P11,AGEM KANAN,PRA,4,False,area,temporo-posterior,-0.9139788584926691,0.15649797461206405,-1.4110342899917065,-0.46365912097973583,1.1572160103538873,,temporo-posterior,4.0,False,0.9657400124827115,,,,,False,1.9746275561752173
P11,AGEM KANAN,PRA,4,False,area,oksipital,5.826153088127114,0.2980502095497961,2.052513175061968,-0.5757405500990012,1.4557558286629164,,oksipital,4.0,False,0.9824203331657352,,,,,False,1.9746275561752173
P11,AGEM KANAN,TURUN,4,False,belahan,kiri,0.5034414972387218,-0.25295964414575267,1.9563932615804267,1.0568854016947815,0.42579179799169214,,,,,,,,,,,1.9746275561752173
P11,AGEM KANAN,TURUN,4,False,belahan,kanan,0.5199339533865022,0.025558936863932402,1.8270914950137835,1.2020846954624285,1.6113070114432113,,,,,,,,,,,1.9746275561752173
P11,AGEM KANAN,TURUN,4,False,kanal,Fp1,-3.5021375165450053,-0.30747914508719754,1.80733982094601,0.21027014069997296,1.0765002646965245,kiri,frontopolar,4.0,False,0.8029732375981995,0.5034414972387218,-0.1490534406344166,-0.8466152609948085,0.6507084667048324,,1.9746275561752173
P11,AGEM KANAN,TURUN,4,False,kanal,F3,-0.0688427986196345,-0.2532149805305157,0.42778976928870494,2.3792530701840744,-0.8212530917982188,kiri,frontal,3.0,False,0.9462210057600046,0.5034414972387218,-1.5286034922917218,1.3223676684892929,-1.247044889789911,,1.9746275561752173
P11,AGEM KANAN,TURUN,4,False,kanal,C3,1.6666865421510906,-0.06790445088491048,2.538032963573286,0.8278820662876503,-0.1588078916083011,kiri,sentral,3.0,False,0.8278813649309876,0.5034414972387218,0.5816397019928592,-0.22900333540713125,-0.5845996895999932,,1.9746275561752173
P11,AGEM KANAN,TURUN,4,False,kanal,P3,-3.050363244127368,-0.7314547223036809,6.275878010822653,0.2971995779530783,-0.4060788306062232,kiri,parietal,2.0,True,0.7827232972036159,0.5034414972387218,4.319484749242226,-0.7596858237417032,-0.8318706285979154,,1.9746275561752173
P11,AGEM KANAN,TURUN,4,False,kanal,O1,1.075725793097078,-0.2527043077609896,2.735239211435832,1.2858887371019128,-0.06729735788537883,kiri,oksipital,3.0,False,0.8735579960936161,0.5034414972387218,0.7788459498554052,0.22900333540713125,-0.493089155877071,,1.9746275561752173
P11,AGEM KANAN,TURUN,4,False,kanal,F7,-2.3894737628525817,-0.5512319272357279,2.1054467022148433,6.9560139077096,1.9553139753110256,kiri,frontotemporal,3.0,False,0.8109899406933153,0.5034414972387218,0.1490534406344166,5.899128506014819,1.5295221773193335,,1.9746275561752173
P11,AGEM KANAN,TURUN,4,False,kanal,T3,2.7401530769875606,0.00277530130092396,-1.1624096621604814,-0.029382415697380537,1.5767334813457012,kiri,temporal,2.0,True,0.8617381361796057,0.5034414972387218,-3.1188029237409083,-1.086267817392162,1.1509416833540091,,1.9746275561752173
P11,AGEM KANAN,TURUN,4,False,kanal,T5,2.817683928267769,0.03539429953669537,0.37591805712965876,2.4746257151423428,0.9188809538687631,kiri,temporo-posterior,3.0,False,0.923970603068823,0.5034414972387218,-1.580475204450768,1.4177403134475612,0.493089155877071,,1.9746275561752173
P11,AGEM KANAN,TURUN,4,False,kanal,Fp2,4.71789099322973,0.26326251781689836,2.745857509041846,0.7314375359624594,1.420623551362703,kanan,frontopolar,4.0,False,0.9594775870056695,0.5199339533865022,0.9187660140280625,-0.47064715949996905,-0.1906834600805083,,1.9746275561752173
P11,AGEM KANAN,TURUN,4,False,kanal,F4,-5.492446740215428,-0.29914358656897355,0.06923436337084032,-0.230137307055712,2.1738253276323443,kanan,frontal,3.0,False,0.8799204046931666,0.5199339533865022,-1.7578571316429432,-1.4322220025181405,0.562518316189133,,1.9746275561752173
P11,AGEM KANAN,TURUN,4,False,kanal,C4,-1.8198184349113617,-0.22956854029470808,3.1587044120981456,3.534011378947835,0.33531407726693574,kanan,sentral,4.0,False,0.9777994716451458,0.5199339533865022,1.331612917084362,2.331926683485406,-1.2759929341762755,,1.9746275561752173
P11,AGEM KANAN,TURUN,4,False,kanal,P4,1.784294898512222,0.29567995802711167,1.7097505472471868,0.3378658453648371,1.7849042052689539,kanan,parietal,4.0,False,0.9657594460751568,0.5199339533865022,-0.11734094776659676,-0.8642188500975914,0.17359719382574257,,1.9746275561752173
P11,AGEM KANAN,TURUN,4,False,kanal,O2,6.837379698913331,0.516679796325878,1.8193956491702807,-0.22903545504033662,1.86911034823248,kanan,oksipital,4.0,False,0.9816153453641493,0.5199339533865022,-0.007695845843502802,-1.431120150502765,0.2578033367892687,,1.9746275561752173
P11,AGEM KANAN,TURUN,4,False,kanal,F8,-2.841835712070697,-0.1885283962539437,1.8347873408572863,1.6727318549623975,1.4377098176174687,kanan,frontotemporal,4.0,False,0.9535654074835502,0.5199339533865022,0.007695845843502802,0.47064715949996905,-0.17359719382574257,,1.9746275561752173
P11,AGEM KANAN,TURUN,4,False,kanal,T4,0.8628593972327891,0.05924943428012308,-0.08793955671201781,5.2700806497959825,2.175898304243879,kanan,temporal,3.0,False,0.9246008548995092,0.5199339533865022,-1.9150310517258013,4.067995954333554,0.5645912928006678,,1.9746275561752173
P11,AGEM KANAN,TURUN,4,False,kanal,T6,0.1770085095402152,-0.008131560552258277,3.0978652385342476,3.7641557599331357,0.6636510092764396,kanan,temporo-posterior,4.0,False,0.9413771662142284,0.5199339533865022,1.270773743520464,2.5620710644707074,-0.9476560021667717,,1.9746275561752173
P11,AGEM KANAN,TURUN,4,False,area,frontopolar,-1.7208090735764685,-0.2108618470305974,2.387658709696483,0.006037121683214686,0.761036586662996,,frontopolar,4.0,False,0.9099948432189989,,,,,True,1.9746275561752173
P11,AGEM KANAN,TURUN,4,False,area,frontal,-4.029784016063523,-0.2738877994749249,-0.5859265773218902,-0.02137588512105193,1.0825125426144846,,frontal,4.0,False,0.9698678745135876,,,,,False,1.9746275561752173
P11,AGEM KANAN,TURUN,4,False,area,frontotemporal,-2.3632026216518582,-0.3431786221645923,1.1520931764286557,3.505608068639338,1.5915855245594561,,frontotemporal,4.0,False,0.9516446400603447,,,,,True,1.9746275561752173
P11,AGEM KANAN,TURUN,4,False,area,sentral,0.279449254253997,-0.16216378568058198,3.4462548787840355,3.5036845694134735,0.031446411872353974,,sentral,4.0,False,0.9873840685999865,,,,,False,1.9746275561752173
P11,AGEM KANAN,TURUN,4,False,area,temporal,0.3650999308591949,-0.23885965533123765,-1.0487859917451754,2.316188770743718,0.02740857901006777,,temporal,3.0,False,0.8896079062854305,,,,,True,1.9746275561752173
P11,AGEM KANAN,TURUN,4,False,area,parietal,3.1644978126773253,0.24326269992014948,1.0948297425020836,-0.0801892871799943,1.5173048969162488,,parietal,4.0,False,0.982504503116894,,,,,False,1.9746275561752173
P11,AGEM KANAN,TURUN,4,False,area,temporo-posterior,2.0452675992036404,0.05518182608803146,1.1270393251477167,2.570480153518925,0.6059082118627521,,temporo-posterior,4.0,False,0.9516581725444004,,,,,False,1.9746275561752173
P11,AGEM KANAN,TURUN,4,False,area,oksipital,8.535351053859742,0.5166997349880307,1.824472587189787,0.14969419998667766,1.1543498774079173,,oksipital,4.0,False,0.9933735948541527,,,,,False,1.9746275561752173
P11,AGEM KANAN,TAHAN,4,False,belahan,kiri,-1.605007489177435,0.054255138413462856,-0.9599208445369847,-1.267416824880881,-0.7611801466910253,,,,,,,,,,,1.9746275561752173
P11,AGEM KANAN,TAHAN,4,False,belahan,kanan,-9.850274464700107,-0.459925612728888,-0.6420670525421068,-0.19175634999210978,0.543522683882543,,,,,,,,,,,1.9746275561752173
P11,AGEM KANAN,TAHAN,4,False,kanal,Fp1,-3.317035837461617,-0.1115157559844302,-0.1611548129347501,0.5438020136582464,0.6216122808906781,kiri,frontopolar,4.0,False,0.9042815026718125,-1.605007489177435,0.7987660316022346,1.8112188385391275,1.3827924275817034,,1.9746275561752173
P11,AGEM KANAN,TAHAN,4,False,kanal,F3,-1.399233972408922,0.3935226830632139,-3.0108211908041245,-1.773839644190332,-1.4718175689948385,kiri,frontal,2.0,True,0.8841739636211229,-1.605007489177435,-2.05090034626714,-0.5064228193094509,-0.7106374223038132,,1.9746275561752173
P11,AGEM KANAN,TAHAN,4,False,kanal,C3,3.3716863812559126,0.6128665800105595,-0.49075517621777687,-1.8452281921038938,-1.4741016203823876,kiri,sentral,2.0,True,0.927075667595188,-1.605007489177435,0.4691656683192078,-0.5778113672230127,-0.7129214736913623,,1.9746275561752173
P11,AGEM KANAN,TAHAN,4,False,kanal,P3,,,,,,kiri,parietal,1.0,True,,-1.605007489177435,,,,,1.9746275561752173
P11,AGEM KANAN,TAHAN,4,False,kanal,O1,-1.667219674582924,0.12948107398546504,-1.4290865128561925,-2.2774586721106878,-0.7810803960760822,kiri,oksipital,2.0,True,0.7873297745493171,-1.605007489177435,-0.4691656683192078,-1.0100418472298067,-0.019900249385056856,,1.9746275561752173
P11,AGEM KANAN,TAHAN,4,False,kanal,F7,-11.213559735737114,-0.7462682610680469,1.632400641075874,-0.7609940055714302,-0.7412798973059683,kiri,frontotemporal,2.0,True,0.779697914059714,-1.605007489177435,2.5923214856128585,0.5064228193094509,0.019900249385056967,,1.9746275561752173
P11,AGEM KANAN,TAHAN,4,False,kanal,T3,-1.5427953037719462,-0.020970797158539334,-3.305120829209172,0.31035755606122395,0.23530575983381383,kiri,temporal,2.0,True,0.7659681358845292,-1.605007489177435,-2.3451999846721874,1.577774380942105,0.9964859065248391,,1.9746275561752173
P11,AGEM KANAN,TAHAN,4,False,kanal,T5,,,,,,kiri,temporo-posterior,1.0,True,,-1.605007489177435,,,,,1.9746275561752173
P11,AGEM KANAN,TAHAN,4,False,kanal,Fp2,-2.982109121549122,-0.09119630815446311,0.005796179910515509,0.5711210678755667,0.34313346618298546,kanan,frontopolar,4.0,False,0.977164893903653,-9.850274464700107,0.6478632324526223,0.7628774178676765,-0.20038921769955753,,1.9746275561752173
P11,AGEM KANAN,TAHAN,4,False,kanal,F4,-15.240455668462467,-0.8972240596803347,-0.9340368594444788,-0.2674528014034938,0.9130466836829975,kanan,frontal,3.0,False,0.9530480820329619,-9.850274464700107,-0.29196980690237195,-0.07569645141138404,0.3695239998004545,,1.9746275561752173
P11,AGEM KANAN,TAHAN,4,False,kanal,C4,-10.084410498500311,-0.6338720295995712,-0.5642239580124819,-0.09276982703275616,0.2739453463121345,kanan,sentral,4.0,False,0.9136367843897699,-9.850274464700107,0.0778430945296249,0.09898652295935362,-0.26957733757040847,,1.9746275561752173
P11,AGEM KANAN,TAHAN,4,False,kanal,P4,-6.652924808130358,-0.3765357631532148,-0.6420670525421068,-0.19175634999210978,0.420623053939688,kanan,parietal,4.0,False,0.9589545597658242,-9.850274464700107,0.0,0.0,-0.12289962994285497,,1.9746275561752173
P11,AGEM KANAN,TAHAN,4,False,kanal,O2,-3.216994075032389,-0.11785874540682761,0.4061564271094942,-0.25667480819073596,0.543522683882543,kanan,oksipital,4.0,False,0.9634457046500305,-9.850274464700107,1.048223479651601,-0.06491845819862618,0.0,,1.9746275561752173
P11,AGEM KANAN,TAHAN,4,False,kanal,F8,-9.850274464700107,-0.459925612728888,-1.2639551143877459,-0.8161153998904438,0.6031711377007012,kanan,frontotemporal,4.0,False,0.9632308799736234,-9.850274464700107,-0.621888061845639,-0.624359049898334,0.0596484538181582,,1.9746275561752173
P11,AGEM KANAN,TAHAN,4,False,kanal,T4,,,,,,kanan,temporal,1.0,True,,-9.850274464700107,,,,,1.9746275561752173
P11,AGEM KANAN,TAHAN,4,False,kanal,T6,-10.653755006353222,-0.5351116570126901,-1.0351099934171089,0.7378498405910667,0.8438038536773502,kanan,temporo-posterior,3.0,False,0.9612097344865432,-9.850274464700107,-0.393042940875002,0.9296061905831765,0.30028116979480723,,1.9746275561752173
P11,AGEM KANAN,TAHAN,4,False,area,frontopolar,-3.681246986177584,-0.17367723638703048,-0.207944255833184,0.3324656533475929,0.15462718853493895,,frontopolar,4.0,False,0.936253546458211,,,,,True,1.9746275561752173
P11,AGEM KANAN,TAHAN,4,False,area,frontal,-11.033848065454414,-0.6904662884603463,-2.421435073913601,-1.5502988986638173,-0.3668390069659218,,frontal,3.0,False,0.8297524094616051,,,,,False,1.9746275561752173
P11,AGEM KANAN,TAHAN,4,False,area,frontotemporal,-6.966105840842687,-0.2997801773421318,-1.1774860319984093,-0.8207913165080356,0.10057388090932684,,frontotemporal,4.0,False,0.9505973011724456,,,,,True,1.9746275561752173
P11,AGEM KANAN,TAHAN,4,False,area,sentral,-6.417461005975348,-0.4233976216673334,-1.032629449982354,-0.6395279765938731,-0.1264475611057742,,sentral,4.0,False,0.867513192304309,,,,,False,1.9746275561752173
P11,AGEM KANAN,TAHAN,4,False,area,temporal,-2.4110564143389794,-0.08162574203131112,-2.9517150373942362,-0.9311082093735981,0.021428509103614934,,temporal,2.0,True,0.7984760836973137,,,,,True,1.9746275561752173
P11,AGEM KANAN,TAHAN,4,False,area,parietal,-3.7884127544090873,-0.2683283908519347,-0.4413316153784791,-0.037884334144621334,0.2945982119727604,,parietal,4.0,False,0.9412593250222396,,,,,False,1.9746275561752173
P11,AGEM KANAN,TAHAN,4,False,area,temporo-posterior,-8.742765886669481,-0.30254306163142153,-2.4625651131689414,0.7194158502018912,0.5052978226356091,,temporo-posterior,3.0,False,0.8937260841624595,,,,,False,1.9746275561752173
P11,AGEM KANAN,TAHAN,4,False,area,oksipital,0.017937762954602476,0.06268120297465418,0.11855026253308143,-0.13853236458376372,0.43997292550296996,,oksipital,4.0,False,0.9604653770513715,,,,,False,1.9746275561752173
P11,AGEM KANAN,NAIK,4,False,belahan,kiri,4.645068011216047,0.2681756490598395,-0.2863045713398047,1.9963528965778221,1.8164534771667087,,,,,,,,,,,1.9746275561752173
P11,AGEM KANAN,NAIK,4,False,belahan,kanan,2.1187558043395143,-0.05590507320600335,2.4704071946077777,-0.06337111677495533,1.2627884890102636,,,,,,,,,,,1.9746275561752173
P11,AGEM KANAN,NAIK,4,False,kanal,Fp1,0.19858080579938786,0.10270194124029808,-0.8521097877128315,0.6458547413567541,1.6285014292738205,kiri,frontopolar,4.0,False,0.8934159644071451,4.645068011216047,-0.5658052163730268,-1.350498155221068,-0.18795204789288822,,1.9746275561752173
P11,AGEM KANAN,NAIK,4,False,kanal,F3,7.287634496133855,0.06945979637429334,-1.9681599919506398,2.9535067582076127,2.004405525059597,kiri,frontal,2.0,True,0.9063064495833938,4.645068011216047,-1.6818554206108352,0.9571538616297905,0.18795204789288822,,1.9746275561752173
P11,AGEM KANAN,NAIK,4,False,kanal,C3,,,,,,kiri,sentral,1.0,True,,4.645068011216047,,,,,1.9746275561752173
P11,AGEM KANAN,NAIK,4,False,kanal,P3,,,,,,kiri,parietal,1.0,True,,4.645068011216047,,,,,1.9746275561752173
P11,AGEM KANAN,NAIK,4,False,kanal,O1,11.57139086706605,0.4336493568793809,-1.2682745077490902,5.635891894382633,0.3163131168654314,kiri,oksipital,2.0,True,0.9133201586246127,4.645068011216047,-0.9819699364092855,3.6395389978048107,-1.5001403603012773,,1.9746275561752173
P11,AGEM KANAN,NAIK,4,False,kanal,F7,10.285988496779986,0.9792092784408122,2.8621782318776723,0.8340946670125762,0.4804059477108942,kiri,frontotemporal,2.0,True,0.9910900504847477,4.645068011216047,3.148482803217477,-1.162258229565246,-1.3360475294558145,,1.9746275561752173
P11,AGEM KANAN,NAIK,4,False,kanal,T3,2.0025015262982393,0.4922885555465282,0.27950064503322214,1.6582945996448841,2.9916956280908407,kiri,temporal,2.0,True,0.8894722031424251,4.645068011216047,0.5658052163730268,-0.338058296932938,1.175242150924132,,1.9746275561752173
P11,AGEM KANAN,NAIK,4,False,kanal,T5,1.8542450054857014,-0.3666499964945251,0.754676652441642,2.33441119351076,2.032563625943323,kiri,temporo-posterior,2.0,True,0.9513336373156158,4.645068011216047,1.0409812237814466,0.338058296932938,0.21611014877661439,,1.9746275561752173
P11,AGEM KANAN,NAIK,4,False,kanal,Fp2,6.643070153477446,0.22205094581456608,2.971702087944002,2.6239032802548112,1.104404183992595,kanan,frontopolar,4.0,False,0.9877328356463525,2.1187558043395143,0.5012948933362242,2.687274397029767,-0.15838430501766854,,1.9746275561752173
P11,AGEM KANAN,NAIK,4,False,kanal,F4,-1.9792604477250393,-0.204670205532679,1.7967997725053229,-0.09107187182606147,1.8339675161003095,kanan,frontal,4.0,False,0.9671964905353785,2.1187558043395143,-0.6736074221024548,-0.02770075505110614,0.5711790270900459,,1.9746275561752173
P11,AGEM KANAN,NAIK,4,False,kanal,C4,0.46487152841447,-0.09935432802975241,3.980815655378649,0.08159048397102753,2.114671248827417,kanan,sentral,4.0,False,0.970708106850192,2.1187558043395143,1.5104084607708712,0.14496160074598285,0.8518827598171532,,1.9746275561752173
P11,AGEM KANAN,NAIK,4,False,kanal,P4,3.7726400802645585,0.03518457015426568,1.969112301271554,1.3058086291547144,0.5944408865995114,kanan,parietal,4.0,False,0.9815130252471158,2.1187558043395143,-0.5012948933362238,1.3691797459296697,-0.6683476024107522,,1.9746275561752173
P11,AGEM KANAN,NAIK,4,False,kanal,O2,5.812154245781372,0.10252659943794984,3.7830702613457263,-1.0746612808552158,1.219991149485959,kanan,oksipital,4.0,False,0.9598263926279298,2.1187558043395143,1.3126630667379486,-1.0112901640802605,-0.042797339524304645,,1.9746275561752173
P11,AGEM KANAN,NAIK,4,False,kanal,F8,5.931909116556177,-0.012455818382254291,0.27487010018548697,-0.03567036172384919,1.3055858285345683,kanan,frontotemporal,4.0,False,0.9740229916469608,2.1187558043395143,-2.1955370944222907,0.02770075505110614,0.042797339524304645,,1.9746275561752173
P11,AGEM KANAN,NAIK,4,False,kanal,T4,0.23228549737845583,-0.1895877233290042,1.621262037512996,-0.3328661020352013,0.5720798267846225,kanan,temporal,4.0,False,0.9716034283726548,2.1187558043395143,-0.8491451570947817,-0.26949498526024596,-0.6907086622256411,,1.9746275561752173
P11,AGEM KANAN,NAIK,4,False,kanal,T6,-2.8973590883549676,-0.3477772083995887,4.615490898491593,-1.4775691559323878,1.950938268911784,kanan,temporo-posterior,4.0,False,0.9657202689995741,2.1187558043395143,2.1450837038838158,-1.4141980391574325,0.6881497799015204,,1.9746275561752173
P11,AGEM KANAN,NAIK,4,False,area,frontopolar,4.225885633112497,0.27931162213058836,0.3626040735505376,0.41737948113496115,0.7927499442096788,,frontopolar,4.0,False,0.9859452429953746,,,,,True,1.9746275561752173
P11,AGEM KANAN,NAIK,4,False,area,frontal,3.2025210825951334,-0.05448738511524587,-0.3512341346939385,-0.19436427194815176,1.1936544220902923,,frontal,4.0,False,0.9665084819626164,,,,,False,1.9746275561752173
P11,AGEM KANAN,NAIK,4,False,area,frontotemporal,7.603615208458805,0.04559899015515656,0.32882451808390223,0.3917456490389677,1.4983240016392072,,frontotemporal,4.0,False,0.9765383970628786,,,,,True,1.9746275561752173
P11,AGEM KANAN,NAIK,4,False,area,sentral,4.258461707642127,0.02499496436600479,2.898959008627422,0.27158144524482175,1.7612249844719194,,sentral,4.0,False,0.9791587234500811,,,,,False,1.9746275561752173
P11,AGEM KANAN,NAIK,4,False,area,temporal,1.7505070350175629,-0.05635945152510513,0.4406443249687697,0.3290389725727598,0.9758558887941685,,temporal,4.0,False,0.986352770842992,,,,,True,1.9746275561752173
P11,AGEM KANAN,NAIK,4,False,area,parietal,6.034437708367555,0.040643745403031284,1.3537917576112153,0.9697300473828374,0.2763246588311001,,parietal,4.0,False,0.9820516429805254,,,,,False,1.9746275561752173
P11,AGEM KANAN,NAIK,4,False,area,temporo-posterior,-0.864172172900588,-0.38919940596701275,1.9353498588978084,0.5377244299146331,1.4396768926300596,,temporo-posterior,4.0,False,0.9851677537810569,,,,,False,1.9746275561752173
P11,AGEM KANAN,NAIK,4,False,area,oksipital,10.035979075962302,0.30343807300898407,2.0222578850114044,0.35249146624850614,1.0110525548810225,,oksipital,4.0,False,0.9923185870981182,,,,,False,1.9746275561752173
P11,AGEM KANAN,POST,4,False,belahan,kiri,-2.96752831186204,-0.17088596231026798,-0.4782304106422347,0.36377806887233044,0.7358897216323502,,,,,,,,,,,1.9746275561752173
P11,AGEM KANAN,POST,4,False,belahan,kanan,5.649897939588229,0.4034511782133561,1.5360424957471854,0.8559432231207185,0.41791887511662157,,,,,,,,,,,1.9746275561752173
P11,AGEM KANAN,POST,4,False,kanal,Fp1,-2.96752831186204,-0.17088596231026798,-0.4782304106422347,0.36377806887233044,0.7358897216323502,kiri,frontopolar,4.0,False,0.7293194034103927,-2.96752831186204,0.0,0.0,0.0,,1.9746275561752173
P11,AGEM KANAN,POST,4,False,kanal,F3,,,,,,kiri,frontal,1.0,True,,-2.96752831186204,,,,,1.9746275561752173
P11,AGEM KANAN,POST,4,False,kanal,C3,,,,,,kiri,sentral,1.0,True,,-2.96752831186204,,,,,1.9746275561752173
P11,AGEM KANAN,POST,4,False,kanal,P3,,,,,,kiri,parietal,1.0,True,,-2.96752831186204,,,,,1.9746275561752173
P11,AGEM KANAN,POST,4,False,kanal,O1,,,,,,kiri,oksipital,1.0,True,,-2.96752831186204,,,,,1.9746275561752173
P11,AGEM KANAN,POST,4,False,kanal,F7,,,,,,kiri,frontotemporal,1.0,True,,-2.96752831186204,,,,,1.9746275561752173
P11,AGEM KANAN,POST,4,False,kanal,T3,,,,,,kiri,temporal,1.0,True,,-2.96752831186204,,,,,1.9746275561752173
P11,AGEM KANAN,POST,4,False,kanal,T5,,,,,,kiri,temporo-posterior,1.0,True,,-2.96752831186204,,,,,1.9746275561752173
P11,AGEM KANAN,POST,4,False,kanal,Fp2,6.596739779961318,0.4264692299945856,0.39861162671370576,0.5403498546451795,0.4580882655335281,kanan,frontopolar,4.0,False,0.9867973084379766,5.649897939588229,-1.1374308690334796,-0.315593368475539,0.040169390416906536,,1.9746275561752173
P11,AGEM KANAN,POST,4,False,kanal,F4,2.9346999786601558,0.2292978254116702,0.8777254587830146,-0.09886366837803395,0.27772585180931575,kanan,frontal,4.0,False,0.988460783444606,5.649897939588229,-0.6583170369641709,-0.9548068914987524,-0.14019302330730582,,1.9746275561752173
P11,AGEM KANAN,POST,4,False,kanal,C4,6.060442182283936,0.40016895308454314,1.4791744207694069,0.8419565398496331,-0.08158700963509674,kanan,sentral,4.0,False,0.9844562798511756,5.649897939588229,-0.05686807497777857,-0.01398668327108532,-0.4995058847517183,,1.9746275561752173
P11,AGEM KANAN,POST,4,False,kanal,P4,6.4040191425462325,0.5136116566719513,1.592910570724964,1.2794031911706392,0.37774948469971503,kanan,parietal,4.0,False,0.9798968025700939,5.649897939588229,0.05686807497777857,0.4234599680499207,-0.040169390416906536,,1.9746275561752173
P11,AGEM KANAN,POST,4,False,kanal,O2,5.693598263877043,0.406733403342169,2.4283418457344053,0.8699299063918038,-0.08028625137720052,kanan,oksipital,4.0,False,0.9699270934443903,5.649897939588229,0.8922993499872198,0.01398668327108532,-0.4982051264938221,,1.9746275561752173
P11,AGEM KANAN,POST,4,False,kanal,F8,5.606197615299415,0.47247170771125924,1.601246388867196,2.236037707573824,0.7610261401838843,kanan,frontotemporal,4.0,False,0.9850452955895973,5.649897939588229,0.06520389312001051,1.3800944844531056,0.3431072650672627,,1.9746275561752173
P11,AGEM KANAN,POST,4,False,kanal,T4,0.11098716370437955,-0.10856710901983702,1.790016394523136,1.4414197905539625,0.738622297906854,kanan,temporal,4.0,False,0.9789126777990579,5.649897939588229,0.25397389877595056,0.585476567433244,0.3207034227902324,,1.9746275561752173
P11,AGEM KANAN,POST,4,False,kanal,T6,-0.0632482592011101,0.10919937631795018,0.15095050252736164,-0.030582780244441388,0.5082897867809091,kanan,temporo-posterior,4.0,False,0.9780184075347939,5.649897939588229,-1.3850919932198238,-0.8865260033651599,0.09037091166428751,,1.9746275561752173
P11,AGEM KANAN,POST,4,False,area,frontopolar,0.6383933877446921,0.062384825688687084,-0.31669227697943836,-0.10442448414307526,0.42953674034642475,,frontopolar,4.0,False,0.9013481196719927,,,,,True,1.9746275561752173
P11,AGEM KANAN,POST,4,False,area,frontal,4.630708186644391,0.18934260638288225,1.1846015465691941,-0.029264389946152658,-0.14711979983058188,,frontal,4.0,False,0.9930793521840092,,,,,False,1.9746275561752173
P11,AGEM KANAN,POST,4,False,area,frontotemporal,6.989048992385037,0.5461350559892975,2.2024486866439337,2.085602513392138,0.4229409279086106,,frontotemporal,4.0,False,0.9883371689824195,,,,,True,1.9746275561752173
P11,AGEM KANAN,POST,4,False,area,sentral,6.712149380347427,0.32869007293503016,2.3738197111264174,0.8601022961768678,-0.10223518957455999,,sentral,4.0,False,0.9907999325253739,,,,,False,1.9746275561752173
P11,AGEM KANAN,POST,4,False,area,temporal,0.8429644604605713,-0.05082570186777535,1.868254485905208,2.1101597171720257,0.769528638718442,,temporal,4.0,False,0.9698412679822906,,,,,True,1.9746275561752173
P11,AGEM KANAN,POST,4,False,area,parietal,6.860276961270934,0.3769438082136747,2.4319585779404926,1.2747350935760093,-0.058354889739593435,,parietal,4.0,False,0.9760157770753108,,,,,False,1.9746275561752173
P11,AGEM KANAN,POST,4,False,area,temporo-posterior,0.09729799013476281,0.14604176697970384,-0.6084481703603162,-0.7850635919424684,0.15560299464635913,,temporo-posterior,4.0,False,0.9789913297358499,,,,,False,1.9746275561752173
P11,AGEM KANAN,POST,4,False,area,oksipital,7.255242772977169,0.3756695459329249,2.857748771480085,0.9156997723280824,-0.11191613870939823,,oksipital,4.0,False,0.9859434253270305,,,,,False,1.9746275561752173
P11,AGEM KIRI,PRA,4,False,belahan,kiri,4.109929494477864,-0.0007276172704396844,0.10568939663430948,1.0854461516028922,0.5716611321309369,,,,,,,,,,,1.9746275561752173
P11,AGEM KIRI,PRA,4,False,belahan,kanan,2.263015184236231,0.07340371351488839,1.9828652046076816,0.5470045753507686,1.2012322043355281,,,,,,,,,,,1.9746275561752173
P11,AGEM KIRI,PRA,4,False,kanal,Fp1,0.24664263846453593,-0.08254501444555795,0.09641724777980087,1.685669256315843,0.8739076639667082,kiri,frontopolar,4.0,False,0.9202202408713244,4.109929494477864,-0.00927214885450861,0.6002231047129509,0.3022465318357712,,1.9746275561752173
P11,AGEM KIRI,PRA,4,False,kanal,F3,5.309473578681889,-0.0012818782343018142,-2.0859476443623666,0.26904522258301267,0.804205572627849,kiri,frontal,3.0,False,0.9464766567776007,4.109929494477864,-2.191637040996676,-0.8164009290198795,0.23254444049691203,,1.9746275561752173
P11,AGEM KIRI,PRA,4,False,kanal,C3,4.000217541318769,-0.00017335630657755452,2.378133383527936,0.9192023051056166,0.30683497785558256,kiri,sentral,3.0,False,0.9731200791645916,4.109929494477864,2.272443986893627,-0.16624384649727553,-0.2648261542753544,,1.9746275561752173
P11,AGEM KIRI,PRA,4,False,kanal,P3,5.7873920829349075,0.338097296448739,1.895824727778507,2.7501439338696354,1.3814968858838612,kiri,parietal,3.0,False,0.9670211481199346,4.109929494477864,1.7901353311441974,1.6646977822667433,0.8098357537529243,,1.9746275561752173
P11,AGEM KIRI,PRA,4,False,kanal,O1,4.21964144763696,-0.06372681277271575,2.542566187222162,1.0578215384665355,0.3391166916340249,kiri,oksipital,3.0,False,0.9449975529291187,4.109929494477864,2.436876790587853,-0.027624613136356668,-0.23254444049691203,,1.9746275561752173
P11,AGEM KIRI,PRA,4,False,kanal,F7,4.577866319975968,0.2323744045128049,0.1149615454888181,1.270232161286366,-0.5641173203718293,kiri,frontotemporal,4.0,False,0.9789700777153673,4.109929494477864,0.00927214885450861,0.18478600968347392,-1.135778452502766,,1.9746275561752173
P11,AGEM KIRI,PRA,4,False,kanal,T3,-0.8934934625605493,-0.03486816158538053,-2.3649744360194003,1.1130707647392488,0.08353576128730947,kiri,temporal,3.0,False,0.850752601392336,4.109929494477864,-2.4706638326537096,0.027624613136356668,-0.4881253708436275,,1.9746275561752173
P11,AGEM KIRI,PRA,4,False,kanal,T5,-0.07323124712991813,0.18376715684789868,-1.1856668888675062,0.8765304581954254,1.2430880813246832,kiri,temporo-posterior,3.0,False,0.9767205589841041,4.109929494477864,-1.2913562855018157,-0.20891569340746674,0.6714269491937462,,1.9746275561752173
P11,AGEM KIRI,PRA,4,False,kanal,Fp2,6.456196775971165,0.3490160651367744,3.370609408246829,0.7832503618553317,1.230995278975279,kanan,frontopolar,4.0,False,0.9716426729366817,2.263015184236231,1.3877442036391476,0.23624578650456307,0.02976307463975081,,1.9746275561752173
P11,AGEM KIRI,PRA,4,False,kanal,F4,-3.566133622328401,-0.25745019204553765,2.3841923647167866,-0.28622634592784824,2.0462706852508625,kanan,frontal,4.0,False,0.9537383641504692,2.263015184236231,0.4013271601091051,-0.8332309212786169,0.8450384809153344,,1.9746275561752173
P11,AGEM KIRI,PRA,4,False,kanal,C4,2.3949111949889357,0.05312155563913934,1.937126941790705,0.5750038921383069,1.2686708235144954,kanan,sentral,4.0,False,0.9659805044151046,2.263015184236231,-0.04573826281697646,0.02799931678753831,0.06743861917896732,,1.9746275561752173
P11,AGEM KIRI,PRA,4,False,kanal,P4,2.8887833687677045,0.09368587139063744,2.028603467424658,0.22535629414255354,1.1714691296957773,kanan,parietal,4.0,False,0.9705988471629632,2.263015184236231,0.04573826281697646,-0.3216482812082151,-0.02976307463975081,,1.9746275561752173
P11,AGEM KIRI,PRA,4,False,kanal,O2,1.6816921691179871,0.016124037205733632,2.767063978308728,0.732709292561061,1.0375033243392113,kanan,oksipital,4.0,False,0.9635423984089855,2.263015184236231,0.7841987737010465,0.18570471721029236,-0.1637288799963168,,1.9746275561752173
P11,AGEM KIRI,PRA,4,False,kanal,F8,4.165554981468738,0.251712163955069,1.167654743173884,2.4323817289333016,2.390466246490453,kanan,frontotemporal,4.0,False,0.9795751775509105,2.263015184236231,-0.8152104614337976,1.885377153582533,1.1892340421549248,,1.9746275561752173
P11,AGEM KIRI,PRA,4,False,kanal,T4,2.131119173483526,-0.0028150398277591027,0.3382172856086568,0.5190052585632303,0.12454763333779767,kanan,temporal,3.0,False,0.935841803573248,2.263015184236231,-1.6446479189990248,-0.02799931678753831,-1.0766845709977304,,1.9746275561752173
P11,AGEM KIRI,PRA,4,False,kanal,T6,1.0549419668328213,0.107537490620228,-0.10111095982610563,0.47012836760782983,1.0038610284115577,kanan,temporo-posterior,4.0,False,0.9902147491116642,2.263015184236231,-2.0839761644337873,-0.0768762077429388,-0.19737117592397047,,1.9746275561752173
P11,AGEM KIRI,PRA,4,False,area,frontopolar,1.8973901788147742,-0.008290462826128442,1.176903845898436,0.9501442022705402,0.3787868203597776,,frontopolar,4.0,False,0.9599048311262994,,,,,True,1.9746275561752173
P11,AGEM KIRI,PRA,4,False,area,frontal,-2.2077091211138296,-0.31634288096576846,1.4679030679462195,-0.6161876476138666,1.1457941784174528,,frontal,4.0,False,0.9696038365394938,,,,,False,1.9746275561752173
P11,AGEM KIRI,PRA,4,False,area,frontotemporal,4.198166580326038,0.22935742102623902,0.916425202463772,2.090481739279042,1.5461851739072343,,frontotemporal,4.0,False,0.9850721265723591,,,,,True,1.9746275561752173
P11,AGEM KIRI,PRA,4,False,area,sentral,2.4566272191195537,-0.007664511467057711,1.9176825118060425,0.8660844710526994,1.2457901374905624,,sentral,4.0,False,0.9750662025359916,,,,,False,1.9746275561752173
P11,AGEM KIRI,PRA,4,False,area,temporal,3.3194098521980138,0.06229707058861056,-1.3596157488978853,0.24799632849374342,-0.5074245881694457,,temporal,4.0,False,0.9318860216139431,,,,,True,1.9746275561752173
P11,AGEM KIRI,PRA,4,False,area,parietal,2.7507133805466566,0.006757262700931577,1.911412654030642,0.553047133003334,1.0697091946605817,,parietal,4.0,False,0.9755663088767325,,,,,False,1.9746275561752173
P11,AGEM KIRI,PRA,4,False,area,temporo-posterior,0.4708604207601965,0.11786530144362395,-0.8564400556079393,0.9113131028817296,1.0028667191817309,,temporo-posterior,4.0,False,0.9904094833526096,,,,,False,1.9746275561752173
P11,AGEM KIRI,PRA,4,False,area,oksipital,2.5956353435621295,-0.00549934710958877,2.5462165767523297,0.7219310801308914,0.9727180764056854,,oksipital,4.0,False,0.9735727283123312,,,,,False,1.9746275561752173
P11,AGEM KIRI,TURUN,4,False,belahan,kiri,4.2593469337005025,0.5358971371079521,1.343187645380726,4.659441230197167,1.5317350670046732,,,,,,,,,,,1.9746275561752173
P11,AGEM KIRI,TURUN,4,False,belahan,kanan,0.8473269290020866,-0.23564483338784836,-1.2717839282698309,-0.19331680750662716,1.6313376533778052,,,,,,,,,,,1.9746275561752173
P11,AGEM KIRI,TURUN,4,False,kanal,Fp1,-1.2459963854108338,0.052556390336005676,0.9974391247179981,0.23648434144739028,2.0611484361618317,kiri,frontopolar,3.0,False,0.7725006498368826,4.2593469337005025,-0.345748520662728,-4.422956888749777,0.5294133691571585,,1.9746275561752173
P11,AGEM KIRI,TURUN,4,False,kanal,F3,8.64144219259056,0.72885531596443,1.8886013302862268,4.357565137539181,1.4299107370493378,kiri,frontal,2.0,True,0.9644709370735182,4.2593469337005025,0.5454136849055007,-0.3018760926579862,-0.10182432995533541,,1.9746275561752173
P11,AGEM KIRI,TURUN,4,False,kanal,C3,0.8407630221711173,-0.5188739188886857,3.8044118311584167,5.699966771797396,1.4183596895613144,kiri,sentral,2.0,True,0.8937654072605602,4.2593469337005025,2.4612241857776906,1.0405255416002284,-0.1133753774433588,,1.9746275561752173
P11,AGEM KIRI,TURUN,4,False,kanal,P3,9.107318321247078,0.8022280030199369,2.295717389679474,4.145401068338188,2.1885693740269336,kiri,parietal,2.0,True,0.8741410622145884,4.2593469337005025,0.9525297442987477,-0.5140401618589792,0.6568343070222604,,1.9746275561752173
P11,AGEM KIRI,TURUN,4,False,kanal,O1,14.627082409044299,0.45109476356899436,1.6889361660434543,5.151757065217927,1.6778885343334082,kiri,oksipital,2.0,True,0.9635306790772828,4.2593469337005025,0.3457485206627282,0.4923158350207597,0.14615346732873502,,1.9746275561752173
P11,AGEM KIRI,TURUN,4,False,kanal,F7,4.443205533347637,0.6206995106469098,-0.7558011258843383,2.6116267756700897,0.6062198349426082,kiri,frontotemporal,3.0,False,0.9589101523642773,4.2593469337005025,-2.0989887712650646,-2.0478144545270776,-0.925515232062065,,1.9746275561752173
P11,AGEM KIRI,TURUN,4,False,kanal,T3,-1.927862081121937,0.030869923001442867,0.055857024485815865,5.076266472838273,1.6335593969600084,kiri,temporal,2.0,True,0.9011537112834711,4.2593469337005025,-1.2873306208949102,0.41682524264110565,0.10182432995533519,,1.9746275561752173
P11,AGEM KIRI,TURUN,4,False,kanal,T5,4.075488334053368,0.6755350984357713,0.3061416892353923,4.9613173228551535,0.7761740633245003,kiri,temporo-posterior,2.0,True,0.9583761771934773,4.2593469337005025,-1.0370459561453338,0.3018760926579862,-0.7555610036801729,,1.9746275561752173
P11,AGEM KIRI,TURUN,4,False,kanal,Fp2,-0.9918126148332362,-0.2050222540448856,-0.006171731543562764,-0.1061304849689817,0.39562260996217036,kanan,frontopolar,4.0,False,0.8598651422412799,0.8473269290020866,1.2656121967262681,0.08718632253764547,-1.235715043415635,,1.9746275561752173
P11,AGEM KIRI,TURUN,4,False,kanal,F4,0.9771065668026964,-0.2640981036386063,-1.8934818724574383,1.02281336909377,1.7478405579130536,kanan,frontal,4.0,False,0.9440281273534723,0.8473269290020866,-0.6216979441876074,1.2161301766003971,0.11650290453524836,,1.9746275561752173
P11,AGEM KIRI,TURUN,4,False,kanal,C4,1.9166052050534361,-0.2315110936357503,-1.3377108782336955,1.0453850349924516,1.5508513638750738,kanan,sentral,4.0,False,0.9076534411322428,0.8473269290020866,-0.06592694996386461,1.2387018424990788,-0.0804862895027314,,1.9746275561752173
P11,AGEM KIRI,TURUN,4,False,kanal,P4,-3.747823778429428,-0.5172146968464353,-1.3750629955356708,-0.47973841034907716,1.6969662960316367,kanan,parietal,4.0,False,0.8142759225554653,0.8473269290020866,-0.10327906726583991,-0.28642160284245,0.0656286426538315,,1.9746275561752173
P11,AGEM KIRI,TURUN,4,False,kanal,O2,0.7175472912014769,-0.23977857313994644,-0.5625237291651125,-1.2946646306522265,2.051144489578835,kanan,oksipital,4.0,False,0.88628670136761,0.8473269290020866,0.7092601991047184,-1.1013478231455993,0.4198068362010299,,1.9746275561752173
P11,AGEM KIRI,TURUN,4,False,kanal,F8,1.365845921900359,-0.2193175686772666,-1.2058569783059663,-1.0508086079909331,1.5657090107239737,kanan,frontotemporal,4.0,False,0.9369184824548334,0.8473269290020866,0.06592694996386461,-0.857491800484306,-0.0656286426538315,,1.9746275561752173
P11,AGEM KIRI,TURUN,4,False,kanal,T4,3.8181048551263075,-0.054264563130862475,-0.5060364338407713,3.099264341240918,2.3518509026367465,kanan,temporal,4.0,False,0.8904225610970856,0.8473269290020866,0.7657474944290595,3.292581148747545,0.7205132492589412,,1.9746275561752173
P11,AGEM KIRI,TURUN,4,False,kanal,T6,-0.712523500592745,-0.3634127699106371,-1.5771481847209734,-0.28050313004427263,1.4144887892571445,kanan,temporo-posterior,4.0,False,0.9405549521181908,0.8473269290020866,-0.3053642564511425,-0.08718632253764547,-0.21684886412066073,,1.9746275561752173
P11,AGEM KIRI,TURUN,4,False,area,frontopolar,-1.5129411669432145,-0.016073450184368454,0.2588057472095995,-0.11812943980367807,1.0095413694307398,,frontopolar,4.0,False,0.9332095704730948,,,,,True,1.9746275561752173
P11,AGEM KIRI,TURUN,4,False,area,frontal,2.978757604635227,-0.2928439765212334,-1.9062044920981458,1.150641335901891,1.5589087045437313,,frontal,4.0,False,0.9438206027734753,,,,,False,1.9746275561752173
P11,AGEM KIRI,TURUN,4,False,area,frontotemporal,2.4146553782051683,-0.18515082042520636,-0.804747980450573,-0.35149837434107445,1.4552100241870716,,frontotemporal,4.0,False,0.9357547129763165,,,,,True,1.9746275561752173
P11,AGEM KIRI,TURUN,4,False,area,sentral,4.118487463522669,-0.22500525992961395,-0.8356441482828947,1.6393212003423847,1.6597166344202905,,sentral,4.0,False,0.9435308145679354,,,,,False,1.9746275561752173
P11,AGEM KIRI,TURUN,4,False,area,temporal,4.590532936968799,-0.004518867053410647,-1.2401034109080795,3.421970946370783,2.3752682637081985,,temporal,4.0,False,0.8871146645877189,,,,,True,1.9746275561752173
P11,AGEM KIRI,TURUN,4,False,area,parietal,-1.9737448014729537,-0.5019120828788693,-1.0734194231331902,-0.07125669547684188,2.1505476185357555,,parietal,4.0,False,0.8109081558562168,,,,,False,1.9746275561752173
P11,AGEM KIRI,TURUN,4,False,area,temporo-posterior,0.6402219716004964,-0.22683700806776508,-2.171083594507074,0.5775789137414633,1.3954037837891156,,temporo-posterior,4.0,False,0.9445799706117359,,,,,False,1.9746275561752173
P11,AGEM KIRI,TURUN,4,False,area,oksipital,4.276909022781197,-0.23567034458734604,-0.7666325765828047,0.580492375275445,0.9406448581832619,,oksipital,4.0,False,0.912526832973336,,,,,False,1.9746275561752173
P11,AGEM KIRI,TAHAN,4,False,belahan,kiri,2.535760698728474,0.5882989195278949,1.1653608995579263,0.7796635124644884,1.1952651205909917,,,,,,,,,,,1.9746275561752173
P11,AGEM KIRI,TAHAN,4,False,belahan,kanan,-3.686032355917547,-0.08670856181903663,-0.211784089992762,-0.3484669486704235,0.9346096880277217,,,,,,,,,,,1.9746275561752173
P11,AGEM KIRI,TAHAN,4,False,kanal,Fp1,-6.259382837765962,-0.29931299467582584,1.1153045107036363,0.9680136810726903,1.1854235256519225,kiri,frontopolar,4.0,False,0.8934034416216052,2.535760698728474,-0.05005638885428998,0.18835016860820186,-0.00984159493906911,,1.9746275561752173
P11,AGEM KIRI,TAHAN,4,False,kanal,F3,5.4151802394957045,0.849194627600895,1.2154172884122163,2.466656641255773,1.8020678955059373,kiri,frontal,2.0,True,0.9815732238615281,2.535760698728474,0.05005638885428998,1.6869931287912845,0.6068027749149456,,1.9746275561752173
P11,AGEM KIRI,TAHAN,4,False,kanal,C3,7.166255062476935,0.8340100039597536,3.7259501555228804,0.5913133438562865,1.2051067155300608,kiri,sentral,2.0,True,0.9885427347747578,2.535760698728474,2.5605892559649543,-0.18835016860820186,0.00984159493906911,,1.9746275561752173
P11,AGEM KIRI,TAHAN,4,False,kanal,P3,10.621200701501323,1.045181974748812,2.819222274926041,-0.2409267777105777,1.6939429937090331,kiri,parietal,2.0,True,0.9591256568078798,2.535760698728474,1.6538613753681146,-1.020590290175066,0.49867787311804146,,1.9746275561752173
P11,AGEM KIRI,TAHAN,4,False,kanal,O1,6.738488518459526,0.5866803083084073,3.0666054255939432,1.3431081182907136,0.9053003032640796,kiri,oksipital,2.0,True,0.9878495491255678,2.535760698728474,1.901244526036017,0.5634446058262252,-0.28996481732691204,,1.9746275561752173
P11,AGEM KIRI,TAHAN,4,False,kanal,F7,-3.334399905362453,0.012822398538193225,-0.41547557883616637,0.06451169484125474,0.3062710139382929,kiri,frontotemporal,3.0,False,0.95659983401252,2.535760698728474,-1.5808364783940927,-0.7151518176232337,-0.8889941066526987,,1.9746275561752173
P11,AGEM KIRI,TAHAN,4,False,kanal,T3,-2.7814906049961934,-0.1626473224204692,-1.4471593373395901,-0.0027039685543983616,0.0743943417927597,kiri,temporal,3.0,False,0.8473290369885178,2.535760698728474,-2.6125202368975167,-0.7823674810188868,-1.120870778798232,,1.9746275561752173
P11,AGEM KIRI,TAHAN,4,False,kanal,T5,-0.3436588420387565,0.5899175307473825,0.6336103145678822,1.5489392750796331,1.3952676504141834,kiri,temporo-posterior,2.0,True,0.9828909711373436,2.535760698728474,-0.5317505849900441,0.7692757626151447,0.20000252982319178,,1.9746275561752173
P11,AGEM KIRI,TAHAN,4,False,kanal,Fp2,-0.9468960426423649,0.11307722081554106,0.3694000192338459,-0.03370373548212813,0.3882581418394686,kanan,frontopolar,4.0,False,0.9684828720621187,-3.686032355917547,0.5811841092266079,0.31476321318829537,-0.5463515461882531,,1.9746275561752173
P11,AGEM KIRI,TAHAN,4,False,kanal,F4,-7.0053587853677755,-0.2864943444536143,-1.2774316792121398,0.43852832794248586,1.0125240630656434,kanan,frontal,3.0,False,0.9819169708031469,-3.686032355917547,-1.065647589219378,0.7869952766129094,0.07791437503792165,,1.9746275561752173
P11,AGEM KIRI,TAHAN,4,False,kanal,C4,-6.425168669192729,-0.29196239911454946,0.07193304464928163,-0.6929435876413916,0.8900660032006363,kanan,sentral,3.0,False,0.9695061046609051,-3.686032355917547,0.2837171346420436,-0.34447663897096814,-0.04454368482708537,,1.9746275561752173
P11,AGEM KIRI,TAHAN,4,False,kanal,P4,-0.6476395557776513,0.1193502930597039,-1.3676891581726691,-0.9764220475111718,0.6998329417418084,kanan,parietal,4.0,False,0.946111883031455,-3.686032355917547,-1.1559050681799072,-0.6279550988407483,-0.23477674628591327,,1.9746275561752173
P11,AGEM KIRI,TAHAN,4,False,kanal,O2,3.1892845789842,0.3894877728102133,-0.41726954062977883,-1.1815453111625467,0.979153372854807,kanan,oksipital,4.0,False,0.9826113770798309,-3.686032355917547,-0.20548545063701684,-0.8330783624921232,0.04454368482708526,,1.9746275561752173
P11,AGEM KIRI,TAHAN,4,False,kanal,F8,-9.746990829556708,-0.42620652151538985,-0.18637946897490432,0.21694076005511054,1.1595222965470986,kanan,frontotemporal,4.0,False,0.9746039633422551,-3.686032355917547,0.025404621017857676,0.565407708725534,0.2249126085193769,,1.9746275561752173
P11,AGEM KIRI,TAHAN,4,False,kanal,T4,2.4904942856630754,0.3056859722134424,0.3651106447383412,0.7333649285041357,0.552458854791793,kanan,temporal,3.0,False,0.9884387057728954,-3.686032355917547,0.5768947347311032,1.0818318771745592,-0.3821508332359287,,1.9746275561752173
P11,AGEM KIRI,TAHAN,4,False,kanal,T6,-9.942572410678125,-0.37696477549575036,-0.23718871101061967,-0.6632301618587189,1.263749467841381,kanan,temporo-posterior,3.0,False,0.9801037417190162,-3.686032355917547,-0.025404621017857676,-0.31476321318829537,0.3291397798136593,,1.9746275561752173
P11,AGEM KIRI,TAHAN,4,False,area,frontopolar,-4.480305248674618,-0.2120758877627419,0.345543768388028,0.10192186372397938,0.4648089705614338,,frontopolar,4.0,False,0.9034368446339769,,,,,True,1.9746275561752173
P11,AGEM KIRI,TAHAN,4,False,area,frontal,-5.168046959681753,-0.21688508835896614,-1.0563674275724466,0.008365079521371221,0.6145388194827728,,frontal,3.0,False,0.988466481677369,,,,,False,1.9746275561752173
P11,AGEM KIRI,TAHAN,4,False,area,frontotemporal,-4.907616886204515,-0.10496791410079798,-1.0210176085412836,-0.3928080578531876,0.9676602932410693,,frontotemporal,4.0,False,0.9549485138216962,,,,,True,1.9746275561752173
P11,AGEM KIRI,TAHAN,4,False,area,sentral,-2.47621892539199,-0.04211631745377131,0.2671797571544293,-0.7778246178271426,1.004106077975451,,sentral,3.0,False,0.9696304508264665,,,,,False,1.9746275561752173
P11,AGEM KIRI,TAHAN,4,False,area,temporal,3.227463769128221,0.2758473868383211,-0.7057375372325858,-0.11430778501610117,0.020366949658684796,,temporal,4.0,False,0.9831750189443147,,,,,True,1.9746275561752173
P11,AGEM KIRI,TAHAN,4,False,area,parietal,1.4846708728086568,0.1815648360348019,-0.8840444729288693,-0.7176210658232645,0.7843141640042328,,parietal,4.0,False,0.9440771192540365,,,,,False,1.9746275561752173
P11,AGEM KIRI,TAHAN,4,False,area,temporo-posterior,-3.7168789775770605,0.1494364712675178,-0.9968939859454401,-0.5345751757239201,1.1108822629679471,,temporo-posterior,3.0,False,0.9844178805627465,,,,,False,1.9746275561752173
P11,AGEM KIRI,TAHAN,4,False,area,oksipital,5.506916040107797,0.49658286574051336,-0.3674880161150679,-0.7995384051813326,1.2671695676993895,,oksipital,4.0,False,0.9862373548764461,,,,,False,1.9746275561752173
P11,AGEM KIRI,NAIK,4,False,belahan,kiri,7.17676565125506,0.09896066713151352,2.0138787073984714,3.3439990367007337,1.1679690229266249,,,,,,,,,,,1.9746275561752173
P11,AGEM KIRI,NAIK,4,False,belahan,kanan,4.363909697003994,-0.09035792621220062,-0.3157523802111942,-0.16533435865526602,1.875892031631548,,,,,,,,,,,1.9746275561752173
P11,AGEM KIRI,NAIK,4,False,kanal,Fp1,10.91088200725924,0.9300834755404626,0.25541549405286135,3.6458987954200555,1.6712762774000696,kiri,frontopolar,4.0,False,0.9787590079309764,7.17676565125506,-1.75846321334561,0.30189975871932173,0.5033072544734447,,1.9746275561752173
P11,AGEM KIRI,NAIK,4,False,kanal,F3,-6.999176957157935,-1.3401639484269214,0.07955343416034033,2.4684614242168483,-0.2508526610497126,kiri,frontal,3.0,False,0.8727633679169805,7.17676565125506,-1.934325273238131,-0.8755376124838854,-1.4188216839763375,,1.9746275561752173
P11,AGEM KIRI,NAIK,4,False,kanal,C3,11.89877033052511,0.16272791090283323,5.067596421247481,3.2129657137446457,0.7518856976998203,kiri,sentral,3.0,False,0.9782027502883867,7.17676565125506,3.05371771384901,-0.13103332295608805,-0.4160833252268046,,1.9746275561752173
P11,AGEM KIRI,NAIK,4,False,kanal,P3,7.552636527787257,0.11844950350560701,3.8854633751201195,0.23121224954232522,0.7600349856902496,kiri,parietal,4.0,False,0.9724738127274204,7.17676565125506,1.871584667721648,-3.1127867871584085,-0.4079340372363752,,1.9746275561752173
P11,AGEM KIRI,NAIK,4,False,kanal,O1,7.998795398030367,-0.24179558750306462,2.6032285337448613,3.476249917304346,1.575903060163,kiri,oksipital,4.0,False,0.9563943441255669,7.17676565125506,0.5893498263463899,0.13225088060361223,0.4079340372363751,,1.9746275561752173
P11,AGEM KIRI,NAIK,4,False,kanal,F7,6.800894774722863,0.07947183075742004,5.3969328979555975,2.122936922697604,0.6489148023665476,kiri,frontotemporal,4.0,False,0.9667743395850649,7.17676565125506,3.383054190557126,-1.22106211400313,-0.5190542205600772,,1.9746275561752173
P11,AGEM KIRI,NAIK,4,False,kanal,T3,6.45704933790477,0.3209855591523505,1.424528881052081,3.475032359656822,2.0456676659227657,kiri,temporal,4.0,False,0.9887821393200446,7.17676565125506,-0.5893498263463903,0.13103332295608805,0.8776986429961409,,1.9746275561752173
P11,AGEM KIRI,NAIK,4,False,kanal,T5,0.37692658489357456,-0.2205627853320553,-0.5594113166137711,3.7810866605459776,1.7809411695274564,kiri,temporo-posterior,4.0,False,0.9005585553145738,7.17676565125506,-2.5732900240122425,0.4370876238452439,0.6129721466008315,,1.9746275561752173
P11,AGEM KIRI,NAIK,4,False,kanal,Fp2,5.721633088209735,0.051795007424520145,2.6216833786734766,2.5143970394513206,1.5846801714222822,kanan,frontopolar,4.0,False,0.9572618971330684,4.363909697003994,2.937435758884671,2.6797313981065867,-0.2912118602092657,,1.9746275561752173
P11,AGEM KIRI,NAIK,4,False,kanal,F4,-1.1613163983163375,-0.5247127969399046,-0.522004848922117,-2.1002175380833075,1.4567341291075948,kanan,frontal,4.0,False,0.9273765087835759,4.363909697003994,-0.2062524687109228,-1.9348831794280414,-0.41915790252395313,,1.9746275561752173
P11,AGEM KIRI,NAIK,4,False,kanal,C4,1.9064994555669301,-0.38574644242970857,-0.7022267572752755,-0.9475771157044148,1.558876937440191,kanan,sentral,4.0,False,0.8893466082623483,4.363909697003994,-0.38647437706408133,-0.7822427570491488,-0.317015094191357,,1.9746275561752173
P11,AGEM KIRI,NAIK,4,False,kanal,P4,10.295189520185708,0.35748055356657393,-0.5378989410152235,0.5551848377230311,2.687573442744384,kanan,parietal,4.0,False,0.9764062451447563,4.363909697003994,-0.22214656080402934,0.7205191963782971,0.8116814111128359,,1.9746275561752173
P11,AGEM KIRI,NAIK,4,False,kanal,O2,6.614586150277951,-0.0032727689234286483,0.3110327194664336,0.4588289814524078,2.5203312212402613,kanan,oksipital,4.0,False,0.9712730721220211,4.363909697003994,0.6267850996776279,0.6241633401076738,0.6444391896087134,,1.9746275561752173
P11,AGEM KIRI,NAIK,4,False,kanal,F8,6.343902784724122,0.03748972590043187,-0.37396965021576745,-0.40138826101375624,1.4240737096058291,kanan,frontotemporal,4.0,False,0.982469012305062,4.363909697003994,-0.058217270004573274,-0.23605390235849022,-0.4518183220257188,,1.9746275561752173
P11,AGEM KIRI,NAIK,4,False,kanal,T4,1.5331381262565884,-0.37916027971051425,2.043395058277476,0.0707195437032242,2.1671038918408136,kanan,temporal,4.0,False,0.935450873697341,4.363909697003994,2.3591474384886704,0.23605390235849022,0.2912118602092657,,1.9746275561752173
P11,AGEM KIRI,NAIK,4,False,kanal,T6,3.006186305798252,-0.1774430835009726,-0.2575351102066209,-1.3893238920364968,2.8604421264273046,kanan,temporo-posterior,4.0,False,0.9694958681896925,4.363909697003994,0.058217270004573274,-1.2239895333812307,0.9845500947957566,,1.9746275561752173
P11,AGEM KIRI,NAIK,4,False,area,frontopolar,10.156026267289889,0.750615758470978,0.7612017722008335,3.133354874057179,1.5702000345309721,,frontopolar,4.0,False,0.9803841151062265,,,,,True,1.9746275561752173
P11,AGEM KIRI,NAIK,4,False,area,frontal,-0.5212641213083558,-0.6492103233108686,-0.4699018762269097,-1.8528354573920947,0.7491440053262748,,frontal,4.0,False,0.9602126756785339,,,,,False,1.9746275561752173
P11,AGEM KIRI,NAIK,4,False,area,frontotemporal,5.430326498773191,-0.08308610206674949,1.550844898297926,0.01358151125580731,0.7713418549057943,,frontotemporal,4.0,False,0.9943583032545832,,,,,True,1.9746275561752173
P11,AGEM KIRI,NAIK,4,False,area,sentral,3.553115099854672,-0.3626217058052754,1.8764829267002614,0.6633681081253191,1.4309172684689446,,sentral,4.0,False,0.9865630648171104,,,,,False,1.9746275561752173
P11,AGEM KIRI,NAIK,4,False,area,temporal,3.090964256998916,-0.21967642623831907,1.3161804966390571,0.7121178627877862,1.470779071293626,,temporal,4.0,False,0.9511470786852579,,,,,True,1.9746275561752173
P11,AGEM KIRI,NAIK,4,False,area,parietal,9.481579707642226,0.2902786892075939,0.07793989977672722,0.6920627732001359,2.595742823388326,,parietal,4.0,False,0.9782140115649633,,,,,False,1.9746275561752173
P11,AGEM KIRI,NAIK,4,False,area,temporo-posterior,2.824616967418905,-0.1981277703856974,-1.4447751310273822,0.28342309858217174,1.845257476901894,,temporo-posterior,4.0,False,0.940629924817143,,,,,False,1.9746275561752173
P11,AGEM KIRI,NAIK,4,False,area,oksipital,10.668083344163392,0.20137549639483066,-0.35126397054078884,0.5748957764956995,2.2488596008949826,,oksipital,4.0,False,0.9802223279667506,,,,,False,1.9746275561752173
P11,AGEM KIRI,POST,4,False,belahan,kiri,3.8791496422950473,0.17338483910078173,3.037162512188194,1.3726209390012356,0.9075102867501976,,,,,,,,,,,1.9746275561752173
P11,AGEM KIRI,POST,4,False,belahan,kanan,2.770634385025847,-0.12071605663727203,1.1262650667029988,1.2100859869867528,1.128897192311257,,,,,,,,,,,1.9746275561752173
P11,AGEM KIRI,POST,4,False,kanal,Fp1,1.1950523986355819,0.11687842657176872,0.4979550770321528,-0.7070252465244566,2.155491715752521,kiri,frontopolar,4.0,False,0.8702425427086876,3.8791496422950473,-2.539207435156041,-2.079646185525692,1.2479814290023232,,1.9746275561752173
P11,AGEM KIRI,POST,4,False,kanal,F3,3.6667860584324075,0.14275519139826587,1.6818929871982604,2.8826828024351454,-1.8541354951310018,kiri,frontal,4.0,False,0.9757781167866656,3.8791496422950473,-1.3552695249899336,1.5100618634339098,-2.7616457818811995,,1.9746275561752173
P11,AGEM KIRI,POST,4,False,kanal,C3,4.091513226157687,0.2040144868032976,5.657397126864961,1.2103215310314908,0.13045873219978588,kiri,sentral,4.0,False,0.9736184740777776,3.8791496422950473,2.6202346146767668,-0.16229940796974485,-0.7770515545504117,,1.9746275561752173
P11,AGEM KIRI,POST,4,False,kanal,P3,5.8898345009823885,0.32177933617231713,4.7916316712050495,1.5349203469709805,1.174252165219836,kiri,parietal,4.0,False,0.9723077478934904,3.8791496422950473,1.7544691590168555,0.16229940796974485,0.2667418784696385,,1.9746275561752173
P11,AGEM KIRI,POST,4,False,kanal,O1,4.27216344234688,0.259742521823777,4.819441734605869,1.1193897753600885,0.6508914786690967,kiri,oksipital,4.0,False,0.9810609534444663,3.8791496422950473,1.782279222417675,-0.25323116364114706,-0.25661880808110094,,1.9746275561752173
P11,AGEM KIRI,POST,4,False,kanal,F7,5.8512334837981825,0.519427562645735,4.392432037178128,1.175663281590971,-0.09267125819072453,kiri,frontotemporal,3.0,False,0.9866456867487757,3.8791496422950473,1.3552695249899336,-0.1969576574102645,-1.0001815449409222,,1.9746275561752173
P11,AGEM KIRI,POST,4,False,kanal,T3,-1.9680119397418565,-0.012679849680243382,1.1488526583772978,2.301371607199073,1.1641290948312986,kiri,temporal,3.0,False,0.9787260514796311,3.8791496422950473,-1.8883098538108962,0.9287506681978372,0.25661880808110094,,1.9746275561752173
P11,AGEM KIRI,POST,4,False,kanal,T5,0.8374713642873033,0.008594837383775422,0.6055408001517368,3.8540444818853126,1.63632263151595,kiri,temporo-posterior,4.0,False,0.9861554635847368,3.8791496422950473,-2.431621712036457,2.4814235428840767,0.7288123447657524,,1.9746275561752173
P11,AGEM KIRI,POST,4,False,kanal,Fp2,2.8669459308542358,-0.015380138606976734,0.2700411197997038,2.6815374818095528,0.6333657621085321,kanan,frontopolar,4.0,False,0.9663744325751518,2.770634385025847,-0.856223946903295,1.4714514948228,-0.49553143020272483,,1.9746275561752173
P11,AGEM KIRI,POST,4,False,kanal,F4,-2.000987490258062,-0.41074192877277804,1.6795839446194258,1.2746275465122854,1.132164743427103,kanan,frontal,4.0,False,0.957771770334553,2.770634385025847,0.5533188779164271,0.06454155952553253,0.003267551115845979,,1.9746275561752173
P11,AGEM KIRI,POST,4,False,kanal,C4,2.6518843738028224,-0.21719040063006667,1.3592272939760135,1.6058177872958286,1.0592389818815815,kanan,sentral,4.0,False,0.9644461221942321,2.770634385025847,0.23296222727301474,0.39573180030907573,-0.06965821042967546,,1.9746275561752173
P11,AGEM KIRI,POST,4,False,kanal,P4,4.015937585741369,-0.0706077126435134,1.390706503739474,1.1772255442722188,1.125629641195411,kanan,parietal,4.0,False,0.9723671409600141,2.770634385025847,0.26444143703647516,-0.03286044271453403,-0.003267551115845979,,1.9746275561752173
P11,AGEM KIRI,POST,4,False,kanal,O2,2.6743228391974583,-0.17082440063103066,2.1233411016965245,0.865443815958157,1.4598126065145982,kanan,oksipital,4.0,False,0.9644107712797153,2.770634385025847,0.9970760349935257,-0.34464217102859585,0.33091541420334125,,1.9746275561752173
P11,AGEM KIRI,POST,4,False,kanal,F8,7.210968148661543,0.21086892029649973,-0.36178096700874685,1.2429464297012869,1.2299800567100239,kanan,frontotemporal,4.0,False,0.9844250200589707,2.770634385025847,-1.4880460337117456,0.03286044271453403,0.1010828643987669,,1.9746275561752173
P11,AGEM KIRI,POST,4,False,kanal,T4,4.703402169242835,0.073161940670325,0.8933028394299841,0.6792452603543144,0.7148727224193865,kanan,temporal,4.0,False,0.9864543667267338,2.770634385025847,-0.23296222727301463,-0.5308407266324384,-0.4140244698918705,,1.9746275561752173
P11,AGEM KIRI,POST,4,False,kanal,T6,-1.4830173820199803,-0.44523312750077304,0.11634392140035976,0.38491294729479764,1.5969309903490136,kanan,temporo-posterior,4.0,False,0.8773110364971473,2.770634385025847,-1.009921145302639,-0.8251730396919552,0.4680337980377567,,1.9746275561752173
P11,AGEM KIRI,POST,4,False,area,frontopolar,1.938062110661832,0.08210952846578456,0.0812264329201634,0.018534388062313667,1.243703613745572,,frontopolar,4.0,False,0.9704536853146348,,,,,True,1.9746275561752173
P11,AGEM KIRI,POST,4,False,area,frontal,-0.3730696604147852,-0.30004064387622265,1.256940681441633,0.9413181555727927,0.5901646512116934,,frontal,4.0,False,0.9704219693792497,,,,,False,1.9746275561752173
P11,AGEM KIRI,POST,4,False,area,frontotemporal,6.417449044010247,0.1737773723366256,0.601956976531357,1.894681784775258,0.9286405799187373,,frontotemporal,4.0,False,0.9831060171914936,,,,,True,1.9746275561752173
P11,AGEM KIRI,POST,4,False,area,sentral,2.4028457792764684,-0.2233996030184815,2.1099968586156033,1.4577064400408148,0.7836340086649445,,sentral,4.0,False,0.9741472616751828,,,,,False,1.9746275561752173
P11,AGEM KIRI,POST,4,False,area,temporal,5.528223550297753,0.19348762948847464,0.2009399573259285,0.6655810798124815,0.4872581353673199,,temporal,4.0,False,0.9838066159466171,,,,,True,1.9746275561752173
P11,AGEM KIRI,POST,4,False,area,parietal,3.4713213397756775,-0.09026168402858725,2.0427819933559506,1.408446460990655,1.2433081239084267,,parietal,4.0,False,0.9757664820789151,,,,,False,1.9746275561752173
P11,AGEM KIRI,POST,4,False,area,temporo-posterior,-0.5866887605859006,-0.2901643437623842,0.08275244755347078,1.8700297280594054,1.3383865565957864,,temporo-posterior,4.0,False,0.9359538167191017,,,,,False,1.9746275561752173
P11,AGEM KIRI,POST,4,False,area,oksipital,3.3334194468747995,-0.11172283497624735,2.186375712521245,0.5484581502168373,1.1498293586403836,,oksipital,4.0,False,0.9771122949147327,,,,,False,1.9746275561752173
P11,NGEED,PRA,4,False,belahan,kiri,-1.6915301472006163,0.2623741178743413,-1.6095219849668696,-1.0913819599554238,0.4150255451785714,,,,,,,,,,,1.9746275561752173
P11,NGEED,PRA,4,False,belahan,kanan,-1.4356977565013551,0.13871421741103018,-0.19820973657418084,-0.30877615574786144,0.9416304451463509,,,,,,,,,,,1.9746275561752173
P11,NGEED,PRA,4,False,kanal,Fp1,-4.299390653316934,-0.13982792022249857,-0.13510839002345676,0.8265498803275975,1.1393700161060767,kiri,frontopolar,3.0,False,0.6983534940009283,-1.6915301472006163,1.474413594943413,1.9179318402830212,0.7243444709275053,,1.9746275561752173
P11,NGEED,PRA,4,False,kanal,F3,-6.967966079120728,-0.28465453482651193,1.8316906903950052,-0.8578414762123237,-1.7035358765315562,kiri,frontal,3.0,False,0.9149564192517461,-1.6915301472006163,3.441212675361875,0.2335404837431001,-2.118561421710128,,1.9746275561752173
P11,NGEED,PRA,4,False,kanal,C3,1.1192175163528262,0.5323252700426422,-0.42758147241973354,-2.6708126323068004,0.4550034062420494,kiri,sentral,3.0,False,0.9076642899963016,-1.6915301472006163,1.181940512547136,-1.5794306723513767,0.039977861063478004,,1.9746275561752173
P11,NGEED,PRA,4,False,kanal,P3,-1.4449393853506933,0.292521302461455,-3.063937487379782,-1.5299033542097602,0.37504768411509337,kiri,parietal,2.0,True,0.697689582263978,-1.6915301472006163,-1.4544155024129124,-0.43852139425433645,-0.039977861063478004,,1.9746275561752173
P11,NGEED,PRA,4,False,kanal,O1,0.26470722648766554,0.3471877835632171,-1.2076782498196463,-1.048155851208036,0.8144817914022757,kiri,oksipital,3.0,False,0.9082197175298596,-1.6915301472006163,0.40184373514722327,0.04322610874738775,0.39945624622370435,,1.9746275561752173
P11,NGEED,PRA,4,False,kanal,F7,-1.9381209090505394,0.01014604466186153,-2.011365720114093,-1.1211707104732493,-0.7572922786906562,kiri,frontotemporal,2.0,True,0.79944922081325,-1.6915301472006163,-0.40184373514722327,-0.02978875051782559,-1.1723178238692276,,1.9746275561752173
P11,NGEED,PRA,4,False,kanal,T3,-0.4577808477651999,0.2668464699834998,-2.9412420049526333,-1.0790189043152374,1.154286391127213,kiri,temporal,2.0,True,0.7466002544370609,-1.6915301472006163,-1.3317200199857637,0.01236305564018636,0.7392608459486416,,1.9746275561752173
P11,NGEED,PRA,4,False,kanal,T5,-6.682681676876591,0.25790176576518276,-4.721385737169646,-1.1037450155956101,4.551322174756178e-05,kiri,temporo-posterior,2.0,True,0.7875806419592044,-1.6915301472006163,-3.111863752202776,-0.01236305564018636,-0.4149800319568238,,1.9746275561752173
P11,NGEED,PRA,4,False,kanal,Fp2,0.8066990368424811,0.1791071202674488,-0.11399131259306805,-0.06020813591189267,0.43076601481058285,kanan,frontopolar,2.0,True,0.9595507207605046,-1.4356977565013551,0.08421842398111279,0.24856801983596877,-0.510864430335768,,1.9746275561752173
P11,NGEED,PRA,4,False,kanal,F4,-5.274767793791668,0.010917436433858674,-1.8672124926658413,-0.7236413945125801,1.15766178062723,kanan,frontal,4.0,False,0.9641924309343244,-1.4356977565013551,-1.6690027560916605,-0.4148652387647187,0.21603133548087916,,1.9746275561752173
P11,NGEED,PRA,4,False,kanal,C4,-1.0472345405998595,0.12248463788261099,0.6949812970514492,-0.12091112872717114,0.6619541427376683,kanan,sentral,4.0,False,0.9871276249560248,-1.4356977565013551,0.89319103362563,0.1878650270206903,-0.2796763024086826,,1.9746275561752173
P11,NGEED,PRA,4,False,kanal,P4,-0.21975403572151464,0.15494379693944937,-1.0915583044342618,-0.39894021200977736,0.934513548425542,kanan,parietal,4.0,False,0.9636098289891901,-1.4356977565013551,-0.893348567860081,-0.09016405626191593,-0.007116896720808841,,1.9746275561752173
P11,NGEED,PRA,4,False,kanal,O2,0.7795399109686443,0.21709682112535966,-0.28242816055529363,-0.2186120994859455,0.537770221757399,kanan,oksipital,4.0,False,0.9816967864268742,-1.4356977565013551,-0.08421842398111279,0.09016405626191593,-0.4038602233889519,,1.9746275561752173
P11,NGEED,PRA,4,False,kanal,F8,-1.8241609724028507,0.3001905507671261,0.8629616666983981,0.1590727445655542,1.8062198564147876,kanan,frontotemporal,4.0,False,0.9840771779009786,-1.4356977565013551,1.061171403272579,0.46784890031341564,0.8645894112684367,,1.9746275561752173
P11,NGEED,PRA,4,False,kanal,T4,-6.1780117332327364,-0.25108150689288866,0.05934539586221865,-1.011777155333771,2.1074478734469393,kanan,temporal,2.0,True,0.8660354373905673,-1.4356977565013551,0.2575551324363995,-0.7030009995859097,1.1658174283005884,,1.9746275561752173
P11,NGEED,PRA,4,False,kanal,T6,-6.311071975491259,-0.06334407537184616,-0.759763007922572,-1.148835478711356,0.9487473418671597,kanan,temporo-posterior,4.0,False,0.9578215655076543,-1.4356977565013551,-0.5615532713483912,-0.8400593229634945,0.007116896720808841,,1.9746275561752173
P11,NGEED,PRA,4,False,area,frontopolar,-2.573615375651677,-0.07450195646331847,-0.3582953504225417,0.2035663478158818,0.7740206062115758,,frontopolar,3.0,False,0.9217076660441367,,,,,True,1.9746275561752173
P11,NGEED,PRA,4,False,area,frontal,-4.121058202418062,0.021300866298004095,-1.5350702875253464,-1.1550886803560627,0.9996562526033297,,frontal,4.0,False,0.9553127582899845,,,,,False,1.9746275561752173
P11,NGEED,PRA,4,False,area,frontotemporal,2.69360287909452,0.5223979684946432,-0.37770052054068304,-0.6290910250537873,1.555262700084389,,frontotemporal,4.0,False,0.9687261873582427,,,,,True,1.9746275561752173
P11,NGEED,PRA,4,False,area,sentral,0.22856333112825666,0.1730176793729219,-0.030482856285882765,-0.8139041623037784,0.779832292866643,,sentral,4.0,False,0.9698789288264458,,,,,False,1.9746275561752173
P11,NGEED,PRA,4,False,area,temporal,-4.936795183164982,-0.26964258580624656,-1.7468416280422114,-2.237460663704401,0.04597821748256359,,temporal,4.0,False,0.7315305827648214,,,,,True,1.9746275561752173
P11,NGEED,PRA,4,False,area,parietal,0.2090733502256299,0.03743148670598684,-0.946239157569032,-0.2727879149168473,0.6475020131038176,,parietal,4.0,False,0.9188509617842857,,,,,False,1.9746275561752173
P11,NGEED,PRA,4,False,area,temporo-posterior,-5.331909046534413,0.07696759973315048,-2.2226691624279122,-1.2086300190524462,1.1012252734499068,,temporo-posterior,4.0,False,0.9281155709549268,,,,,False,1.9746275561752173
P11,NGEED,PRA,4,False,area,oksipital,0.6923740604432709,0.17304490831831765,-0.4752672330557728,-0.460507765309103,0.6433595428670447,,oksipital,4.0,False,0.9754392297117954,,,,,False,1.9746275561752173
P11,NGEED,TURUN,4,False,belahan,kiri,-0.663943643821927,0.3208276207176036,-1.3868773513842283,-1.3400334195828238,1.7973824506340685,,,,,,,,,,,1.9746275561752173
P11,NGEED,TURUN,4,False,belahan,kanan,3.1915387706322136,0.14808497544421695,0.5103877776531143,-0.3165569267161099,0.784496406953091,,,,,,,,,,,1.9746275561752173
P11,NGEED,TURUN,4,False,kanal,Fp1,-5.243787356253051,-0.3377058856330497,-1.2093456214587226,-1.0960539921351211,2.6609612549853936,kiri,frontopolar,3.0,False,0.6348316925420767,-0.663943643821927,0.1775317299255057,0.24397942744770273,0.8635788043513251,,1.9746275561752173
P11,NGEED,TURUN,4,False,kanal,F3,-1.3716450109409735,0.4256924022948083,-3.3311477385005066,-2.742980701433462,-1.2945594350062468,kiri,frontal,3.0,False,0.867295972358896,-0.663943643821927,-1.9442703871162783,-1.4029472818506383,-3.091941885640315,,1.9746275561752173
P11,NGEED,TURUN,4,False,kanal,C3,5.258194168262385,0.835470782600257,-0.014288114919477124,-3.15838946029974,1.7246361615720387,kiri,sentral,2.0,True,0.8758519377415049,-0.663943643821927,1.3725892364647512,-1.8183560407169164,-0.07274628906202985,,1.9746275561752173
P11,NGEED,TURUN,4,False,kanal,P3,12.334997916644987,1.3188962574509355,1.2577902645242642,2.8166005018486855,2.2547754616574185,kiri,parietal,2.0,True,0.9330204039548762,-0.663943643821927,2.6446676159084923,4.156633921431509,0.45739301102334995,,1.9746275561752173
P11,NGEED,TURUN,4,False,kanal,O1,-1.3634053491552436,0.24784384711151208,-1.635011825381452,-2.918819639746849,1.8701287396960982,kiri,oksipital,3.0,False,0.8019139853468149,-0.663943643821927,-0.24813447399722377,-1.578786220164025,0.07274628906202962,,1.9746275561752173
P11,NGEED,TURUN,4,False,kanal,F7,0.035518061511389476,0.2704236255674397,-1.564409081309734,0.7530646429777077,1.3708269917479599,kiri,frontotemporal,2.0,True,0.8419976368137942,-0.663943643821927,-0.1775317299255057,2.0930980625605313,-0.4265554588861087,,1.9746275561752173
P11,NGEED,TURUN,4,False,kanal,T3,0.39515027664563007,0.17946342099022905,-2.3365162788004668,-1.5840128470305266,2.3019990620682154,kiri,temporal,2.0,True,0.7312246799089623,-0.663943643821927,-0.9496389274162385,-0.24397942744770273,0.5046166114341468,,1.9746275561752173
P11,NGEED,TURUN,4,False,kanal,T5,-8.519913259620523,0.37123161586776754,-0.5328056633446244,3.0702340133082786,1.5142438130658644,kiri,temporo-posterior,2.0,True,0.7214222434177983,-0.663943643821927,0.8540716880396039,4.410267432891103,-0.2831386375682041,,1.9746275561752173
P11,NGEED,TURUN,4,False,kanal,Fp2,-2.133347869268249,-0.3897172118329275,0.30835581569215287,0.15685397022177572,0.8195803216653516,kanan,frontopolar,4.0,False,0.8701401016281576,3.1915387706322136,-0.2020319619609614,0.47341089693788563,0.03508391471226058,,1.9746275561752173
P11,NGEED,TURUN,4,False,kanal,F4,3.8589109046369003,0.17279153714113904,2.321408586938829,-1.2741062816265214,2.65467828959766,kanan,frontal,3.0,False,0.9643792857901475,3.1915387706322136,1.8110208092857147,-0.9575493549104115,1.870181882644569,,1.9746275561752173
P11,NGEED,TURUN,4,False,kanal,C4,2.524166636627527,0.014829516410538979,-0.0538519796808401,0.8042486829302602,0.4696740783638772,kanan,sentral,4.0,False,0.7823727913081594,3.1915387706322136,-0.5642397573339544,1.12080560964637,-0.3148223285892138,,1.9746275561752173
P11,NGEED,TURUN,4,False,kanal,P4,5.8179423377603,0.4561234909300229,1.3803540813723902,-0.3672954989216053,2.2381311979672436,kanan,parietal,4.0,False,0.9554857312633863,3.1915387706322136,0.869966303719276,-0.05073857220549538,1.4536347910141525,,1.9746275561752173
P11,NGEED,TURUN,4,False,kanal,O2,9.23144834947383,0.3074375321846736,-0.3572804901141363,-2.3217207065175782,-0.207535811395129,kanan,oksipital,4.0,False,0.8356849608463383,3.1915387706322136,-0.8676682677672506,-2.0051637798014683,-0.99203221834822,,1.9746275561752173
P11,NGEED,TURUN,4,False,kanal,F8,1.5121417525044478,-0.1506291018319197,0.34315637936769505,-0.26581835451061453,0.7494124922408304,kanan,frontotemporal,4.0,False,0.9791397110770808,3.1915387706322136,-0.16723139828541922,0.05073857220549538,-0.03508391471226058,,1.9746275561752173
P11,NGEED,TURUN,4,False,kanal,T4,9.358965862542675,0.29775254663586814,0.6776191759385336,-0.5003582414983199,0.23710767385698633,kanan,temporal,2.0,True,0.6783519151931907,3.1915387706322136,0.16723139828541933,-0.18380131478220996,-0.5473887330961047,,1.9746275561752173
P11,NGEED,TURUN,4,False,kanal,T6,1.5958034961910599,0.12337841374729486,0.8809057076911652,0.8077292836381087,2.384528314623615,kanan,temporo-posterior,3.0,False,0.9314418351077207,3.1915387706322136,0.3705179300380509,1.1242862103542186,1.600031907670524,,1.9746275561752173
P11,NGEED,TURUN,4,False,area,frontopolar,-3.565820733445534,-0.23200366154878482,-0.9314373609703248,-1.2031806298592418,1.8337382212989244,,frontopolar,4.0,False,0.7481813182913677,,,,,True,1.9746275561752173
P11,NGEED,TURUN,4,False,area,frontal,1.7952838638924362,0.06727957307204169,1.9684880762687298,-1.1940279139608663,1.9941473440428938,,frontal,4.0,False,0.9756035387530722,,,,,False,1.9746275561752173
P11,NGEED,TURUN,4,False,area,frontotemporal,2.954087596600459,-0.07107382912402449,0.4056746222242258,-0.01666199578953842,0.7797935808972584,,frontotemporal,4.0,False,0.9770555867811868,,,,,True,1.9746275561752173
P11,NGEED,TURUN,4,False,area,sentral,4.441136179715507,0.17480458871391646,-0.5530340931428812,0.2886402378170141,1.1545284245756346,,sentral,4.0,False,0.8728456276253104,,,,,False,1.9746275561752173
P11,NGEED,TURUN,4,False,area,temporal,11.357299002939762,0.7719535033130824,-1.1215831153914122,-0.8252387509580168,2.1343764056441628,,temporal,3.0,False,0.8780304747592268,,,,,True,1.9746275561752173
P11,NGEED,TURUN,4,False,area,parietal,8.275157294197818,0.5661555364289723,0.25648407510629134,-0.9615966835946073,2.251543767583823,,parietal,4.0,False,0.9427538727687937,,,,,False,1.9746275561752173
P11,NGEED,TURUN,4,False,area,temporo-posterior,0.13242984578925387,-0.00999866809662553,-1.6301723903931586,-0.7569830720684965,0.22496317817929185,,temporo-posterior,3.0,False,0.7387782543704469,,,,,False,1.9746275561752173
P11,NGEED,TURUN,4,False,area,oksipital,7.790447776313265,0.22051357283114958,-0.23514417157487977,-2.2702257045532663,-0.16039690652609606,,oksipital,4.0,False,0.8424707350047151,,,,,False,1.9746275561752173
P11,NGEED,TAHAN,4,False,belahan,kiri,-2.672858406681687,0.3626129397825675,-2.6594140083620315,-1.3363726298670597,0.26269174736682877,,,,,,,,,,,1.9746275561752173
P11,NGEED,TAHAN,4,False,belahan,kanan,-6.691825747209535,-0.3495855034851345,0.6065460578818271,-0.009850866921897516,0.3348665401993717,,,,,,,,,,,1.9746275561752173
P11,NGEED,TAHAN,4,False,kanal,Fp1,-4.560374374115817,-0.24981855978037004,-0.669934933260915,1.2995401002067397,1.9795752191195153,kiri,frontopolar,2.0,True,0.7228594033623197,-2.672858406681687,1.9894790751011164,2.6359127300737994,1.7168834717526864,,1.9746275561752173
P11,NGEED,TAHAN,4,False,kanal,F3,-3.9251147297444504,0.359637672591949,-5.18744633734092,-1.429111883474234,-0.7772960840289589,kiri,frontal,2.0,True,0.8577699909551624,-2.672858406681687,-2.5280323289788886,-0.09273925360717428,-1.0399878313957878,,1.9746275561752173
P11,NGEED,TAHAN,4,False,kanal,C3,-0.04184516729311838,0.7732566954006437,-2.579442465728863,-3.413466679243423,-0.15114163698548744,kiri,sentral,2.0,True,0.8627995534535707,-2.672858406681687,0.07997154263316864,-2.077094049376363,-0.4138333843523162,,1.9746275561752173
P11,NGEED,TAHAN,4,False,kanal,P3,0.8346614275373767,0.5854207922270771,-2.1743451384295103,-1.7747436114574504,0.27218184647788013,kiri,parietal,2.0,True,0.7906564650244416,-2.672858406681687,0.4850688699325212,-0.4383709815903907,0.009490099111051364,,1.9746275561752173
P11,NGEED,TAHAN,4,False,kanal,O1,-1.236536064136068,0.4559625148749553,-2.7393855509952,-0.9641737086310029,-0.8192493784339396,kiri,oksipital,2.0,True,0.8395525315703594,-2.672858406681687,-0.07997154263316864,0.3721989212360568,-1.0819411258007685,,1.9746275561752173
P11,NGEED,TAHAN,4,False,kanal,F7,-4.250872159457003,0.03332970285204939,-2.436759836676247,-1.2436333762598855,0.858755789027758,kiri,frontotemporal,2.0,True,0.7849935258439129,-2.672858406681687,0.2226541716857846,0.09273925360717428,0.5960640416609292,,1.9746275561752173
P11,NGEED,TAHAN,4,False,kanal,T3,-1.420602083618924,-0.025098671983217358,-3.032164555124696,-0.495461221048509,0.2532016482557774,kiri,temporal,2.0,True,0.7245465605665453,-2.672858406681687,-0.3727505467626644,0.8409114088185508,-0.009490099111051364,,1.9746275561752173
P11,NGEED,TAHAN,4,False,kanal,T5,-8.837488559031385,0.36558820697318595,-5.107735712701277,-1.8024151769104835,0.2759977317256519,kiri,temporo-posterior,2.0,True,0.7756575306251771,-2.672858406681687,-2.448321704339245,-0.46604254704342374,0.01330598435882313,,1.9746275561752173
P11,NGEED,TAHAN,4,False,kanal,Fp2,-1.9291907746635886,0.14126492175681693,2.469661443257796,-0.4843104036375834,1.4321687684865196,kanan,frontopolar,4.0,False,0.9774375490740324,-6.691825747209535,1.863115385375969,-0.47445953671568586,1.0973022282871479,,1.9746275561752173
P11,NGEED,TAHAN,4,False,kanal,F4,-15.720104093280874,-0.8499721866276306,0.5885917061695776,-0.0003517587212504836,0.24055878512509077,kanan,frontal,2.0,True,0.8973316394242897,-6.691825747209535,-0.017954351712249572,0.009499108200647033,-0.09430775507428091,,1.9746275561752173
P11,NGEED,TAHAN,4,False,kanal,C4,-8.853275204358383,-0.3939795843705316,-0.09355038624128897,0.19419616341695,0.3999795281435029,kanan,sentral,3.0,False,0.9436361245574398,-6.691825747209535,-0.7000964441231161,0.20404703033884752,0.06511298794413123,,1.9746275561752173
P11,NGEED,TAHAN,4,False,kanal,P4,-4.86422914736238,-0.16406778681130363,0.8799383832889447,-0.009850866921897516,0.31940701135384275,kanan,parietal,4.0,False,0.9822537834248962,-6.691825747209535,0.27339232540711755,0.0,-0.015459528845528925,,1.9746275561752173
P11,NGEED,TAHAN,4,False,kanal,O2,-6.25286964075287,-0.3495855034851345,0.4446314847418187,-0.34978458348009855,0.3348665401993717,kanan,oksipital,4.0,False,0.9377357427836857,-6.691825747209535,-0.16191457314000846,-0.33993371655820104,0.0,,1.9746275561752173
P11,NGEED,TAHAN,4,False,kanal,F8,-6.691825747209535,-0.10148144980538332,0.6065460578818271,-0.08815770575069415,0.5997332841070504,kanan,frontotemporal,4.0,False,0.9834508681144107,-6.691825747209535,0.0,-0.07830683882879663,0.2648667439076787,,1.9746275561752173
P11,NGEED,TAHAN,4,False,kanal,T4,,,,,,kanan,temporal,1.0,True,,-6.691825747209535,,,,,1.9746275561752173
P11,NGEED,TAHAN,4,False,kanal,T6,-17.11899871751165,-0.9977249050284365,1.6567659384936726,0.23372712029301423,0.3163569049873,kanan,temporo-posterior,2.0,True,0.8397822260165858,-6.691825747209535,1.0502198806118455,0.24357798721491175,-0.018509635212071662,,1.9746275561752173
P11,NGEED,TAHAN,4,False,area,frontopolar,-3.4658052627032845,0.01507261241733826,0.5434387962605564,0.17007765815174913,1.527685640566763,,frontopolar,4.0,False,0.9580674924051499,,,,,True,1.9746275561752173
P11,NGEED,TAHAN,4,False,area,frontal,-11.677414739419035,-0.544905620838003,-1.4495070373897239,-1.1156316030141054,-0.1975629427223955,,frontal,2.0,True,0.8001577691779014,,,,,False,1.9746275561752173
P11,NGEED,TAHAN,4,False,area,frontotemporal,-3.401594800703009,0.08344951851153182,0.2058342454768325,-0.3222191402150134,0.5599837713817032,,frontotemporal,4.0,False,0.9879707033834151,,,,,True,1.9746275561752173
P11,NGEED,TAHAN,4,False,area,sentral,-5.313747882871496,-0.21919351969075285,-1.203717406578338,-0.9278233208208695,-0.09189244798399204,,sentral,3.0,False,0.8863369357481944,,,,,False,1.9746275561752173
P11,NGEED,TAHAN,4,False,area,temporal,-4.064000063989717,-0.19272363016531036,-2.609185868611694,-1.0399353890039227,-0.1778258072768999,,temporal,3.0,False,0.7524083218085152,,,,,True,1.9746275561752173
P11,NGEED,TAHAN,4,False,area,parietal,-2.309056438753032,-0.08721295379885197,0.9583456923825145,-0.17304176835913498,0.07516117226652763,,parietal,4.0,False,0.9393297901938892,,,,,False,1.9746275561752173
P11,NGEED,TAHAN,4,False,area,temporo-posterior,-9.606230110551444,-0.23464190861626832,-2.8563566566209344,-1.7794839783927272,0.08776573928400344,,temporo-posterior,2.0,True,0.77380759117318,,,,,False,1.9746275561752173
P11,NGEED,TAHAN,4,False,area,oksipital,-5.6764102822033635,-0.42266636924713485,0.7797943347227648,-0.3837329914127938,-0.12040753347482723,,oksipital,4.0,False,0.9178509002489172,,,,,False,1.9746275561752173
P11,NGEED,NAIK,4,False,belahan,kiri,0.19937394647029905,0.5094889552017839,-0.724500297344501,0.2964755999628509,1.3939230629317843,,,,,,,,,,,1.9746275561752173
P11,NGEED,NAIK,4,False,belahan,kanan,-5.027863570254105,-0.27952938467609245,0.20029139455416123,0.35290334363090015,1.0858127300380747,,,,,,,,,,,1.9746275561752173
P11,NGEED,NAIK,4,False,kanal,Fp1,-1.0549536143451874,0.11534222265825633,-0.6704412946516675,0.0390268185075624,3.1555504300480663,kiri,frontopolar,4.0,False,0.7261105078109128,0.19937394647029905,0.05405900269283359,-0.2574487814552885,1.761627367116282,,1.9746275561752173
P11,NGEED,NAIK,4,False,kanal,F3,0.23286833691216202,0.5434507266839135,-1.9462084545224845,0.7856215417993815,0.007811805612720324,kiri,frontal,3.0,False,0.9356278248213563,0.19937394647029905,-1.2217081571779835,0.4891459418365306,-1.386111257319064,,1.9746275561752173
P11,NGEED,NAIK,4,False,kanal,C3,-0.36044047162381077,0.5058465236744647,-0.6959218325547138,-0.853534275967244,0.20465505257089966,kiri,sentral,3.0,False,0.9199324277821012,0.19937394647029905,0.028578464789787206,-1.150009875930095,-1.1892680103608846,,1.9746275561752173
P11,NGEED,NAIK,4,False,kanal,P3,4.1111436612816235,0.7003953477407803,-0.3486562736211658,0.5539243814181394,2.28261177150181,kiri,parietal,2.0,True,0.8719938869607932,0.19937394647029905,0.37584402372333525,0.2574487814552885,0.8886887085700259,,1.9746275561752173
P11,NGEED,NAIK,4,False,kanal,O1,2.136939056378374,0.5131313867291032,0.8062984925068511,-0.21221988705390116,0.3215169279636687,kiri,oksipital,2.0,True,0.9620579610609522,0.19937394647029905,1.5307987898513522,-0.508695487016752,-1.0724061349681155,,1.9746275561752173
P11,NGEED,NAIK,4,False,kanal,F7,-3.9652032903195433,0.0035978185928242645,-0.7530787621342883,1.9240231637392444,1.1505221065358024,kiri,frontotemporal,2.0,True,0.8575004764353757,0.19937394647029905,-0.028578464789787206,1.6275475637763934,-0.2434009563959818,,1.9746275561752173
P11,NGEED,NAIK,4,False,kanal,T3,1.5291549355835343,0.384334522878502,-2.1327850285537644,1.3544378398577188,1.637324019327766,kiri,temporal,2.0,True,0.8449896315352868,0.19937394647029905,-1.4082847312092635,1.0579622398948678,0.2434009563959818,,1.9746275561752173
P11,NGEED,NAIK,4,False,kanal,T5,0.16587955602843607,0.8743274095676543,-2.081847037731877,-1.4479928754961051,2.07073279480774,kiri,temporo-posterior,2.0,True,0.937371306377305,0.19937394647029905,-1.357346740387376,-1.7444684754589561,0.6768097318759558,,1.9746275561752173
P11,NGEED,NAIK,4,False,kanal,Fp2,-5.027863570254105,-0.4360867942936427,0.8967012008271658,0.35290334363090015,0.5296068798121755,kanan,frontopolar,4.0,False,0.8956865505256256,-5.027863570254105,0.6964098062730045,0.0,-0.5562058502258992,,1.9746275561752173
P11,NGEED,NAIK,4,False,kanal,F4,-8.001474352187373,-0.3150529484127056,-0.833178571695093,-0.875475727377296,0.949732998279971,kanan,frontal,4.0,False,0.9101999955739483,-5.027863570254105,-1.0334699662492541,-1.228379071008196,-0.13607973175810362,,1.9746275561752173
P11,NGEED,NAIK,4,False,kanal,C4,-4.520917270694575,-0.13591133295605706,0.9032494406112536,1.8769431587225358,1.1203315509450436,kanan,sentral,4.0,False,0.9624897694300587,-5.027863570254105,0.7029580460570923,1.5240398150916357,0.034518820906968894,,1.9746275561752173
P11,NGEED,NAIK,4,False,kanal,P4,-5.460777619619641,-0.27952938467609245,0.20029139455416123,2.993394598314235,1.8019747739175127,kanan,parietal,4.0,False,0.8963406786012239,-5.027863570254105,0.0,2.640491254683335,0.716162043879438,,1.9746275561752173
P11,NGEED,NAIK,4,False,kanal,O2,0.48044957375552144,0.1050786643395536,-0.02836411341636591,-0.4553364116573042,0.9132265211611719,kanan,oksipital,4.0,False,0.9482428963687667,-5.027863570254105,-0.22865550797052714,-0.8082397552882044,-0.1725862088769028,,1.9746275561752173
P11,NGEED,NAIK,4,False,kanal,F8,-2.5605779087446976,0.06684975444135333,-0.5793788901841129,-0.23235139735892352,1.0858127300380747,kanan,frontotemporal,4.0,False,0.9420750814502068,-5.027863570254105,-0.7796702847382742,-0.5852547409898237,0.0,,1.9746275561752173
P11,NGEED,NAIK,4,False,kanal,T4,,,,,,kanan,temporal,1.0,True,,-5.027863570254105,,,,,1.9746275561752173
P11,NGEED,NAIK,4,False,kanal,T6,-11.093300564112205,-0.5105732263064842,0.302261939196356,2.0607298599968216,1.390212365040031,kanan,temporo-posterior,3.0,False,0.8886574255286585,-5.027863570254105,0.1019705446421948,1.7078265163659214,0.30439963500195644,,1.9746275561752173
P11,NGEED,NAIK,4,False,area,frontopolar,-1.4780792198167632,0.009085404048684409,-0.4378650656485722,-0.287938317168948,2.3507591499938054,,frontopolar,4.0,False,0.8008036617924054,,,,,True,1.9746275561752173
P11,NGEED,NAIK,4,False,area,frontal,-6.221789944063026,-0.23521562624836112,-1.4007907955565801,-0.8157798355100625,0.7124783595564561,,frontal,4.0,False,0.9299988270646278,,,,,False,1.9746275561752173
P11,NGEED,NAIK,4,False,area,frontotemporal,-2.9014002539013646,-0.0144010957332672,-0.38441906402450043,0.12523749584594768,0.7911857304053492,,frontotemporal,4.0,False,0.9698444978132216,,,,,True,1.9746275561752173
P11,NGEED,NAIK,4,False,area,sentral,-2.0105260279503483,0.034598220053948525,0.08788863108924683,1.3275037997428885,1.0199368182594233,,sentral,4.0,False,0.9330551650172828,,,,,False,1.9746275561752173
P11,NGEED,NAIK,4,False,area,temporal,-2.3524717237451043,0.068254544284585,-2.0498314840143914,0.39694186729299297,2.15004517705377,,temporal,3.0,False,0.8307043481110898,,,,,True,1.9746275561752173
P11,NGEED,NAIK,4,False,area,parietal,-0.338014113033303,0.008564816018564292,-0.5343427620596874,2.3072888184018656,1.6390521313946225,,parietal,4.0,False,0.8693174836914844,,,,,False,1.9746275561752173
P11,NGEED,NAIK,4,False,area,temporo-posterior,-6.193443206533523,-0.03387826674188066,-1.5010234466558754,0.5242165478458887,1.0222146170110429,,temporo-posterior,3.0,False,0.9157641294533341,,,,,False,1.9746275561752173
P11,NGEED,NAIK,4,False,area,oksipital,1.7576005352828545,0.08033111602866971,-0.15084752392695744,-0.4650177524477557,0.12716598003215782,,oksipital,4.0,False,0.92544864423916,,,,,False,1.9746275561752173
P11,NGEED,POST,4,False,belahan,kiri,0.4383071038055171,0.212649640188048,-1.9086325423963484,0.1549068943742642,-0.09762391007383646,,,,,,,,,,,1.9746275561752173
P11,NGEED,POST,4,False,belahan,kanan,-1.1804635832754045,0.08451365727582583,-1.021638638842076,-0.8825566449589151,0.38309396834719484,,,,,,,,,,,1.9746275561752173
P11,NGEED,POST,4,False,kanal,Fp1,-0.4670439441647076,0.10697075819806134,-0.3643604926181171,0.13544615489688727,0.5255517327332472,kiri,frontopolar,4.0,False,0.8128172282031748,0.4383071038055171,1.5442720497782312,-0.01946073947737692,0.6231756428070836,,1.9746275561752173
P11,NGEED,POST,4,False,kanal,F3,3.809683408381879,0.7773087473610234,-2.9196724370708655,-0.010287408020148492,-0.2722403000820752,kiri,frontal,3.0,False,0.9666519507214344,0.4383071038055171,-1.0110398946745172,-0.16519430239441268,-0.17461639000823875,,1.9746275561752173
P11,NGEED,POST,4,False,kanal,C3,2.8196476259783694,0.7692648687449117,-1.6781418222256947,-1.314495843646,0.41954194395089495,kiri,sentral,3.0,False,0.922337572591144,0.4383071038055171,0.23049072017065364,-1.469402738020264,0.5171658540247314,,1.9746275561752173
P11,NGEED,POST,4,False,kanal,P3,2.660795118055404,0.4778184549899216,-2.2116327889698137,0.1743676338516411,-0.04765852570873175,kiri,parietal,2.0,True,0.8180000526175715,0.4383071038055171,-0.30300024657346536,0.01946073947737692,0.04996538436510471,,1.9746275561752173
P11,NGEED,POST,4,False,kanal,O1,-4.179141022674884,0.05978884655093819,-3.051422290232722,0.4492689883273919,-0.3779524757741699,kiri,oksipital,3.0,False,0.8019267254187205,0.4383071038055171,-1.1427897478363735,0.29436209395312773,-0.28032856570033343,,1.9746275561752173
P11,NGEED,POST,4,False,kanal,F7,0.2678551696895326,0.21332493564738542,-0.32956203548335394,-0.5662072399870195,0.659762244035079,kiri,frontotemporal,2.0,True,0.8209902336016981,0.4383071038055171,1.5790705069129944,-0.7211141343612837,0.7573861541089154,,1.9746275561752173
P11,NGEED,POST,4,False,kanal,T3,0.6087590379215015,0.21197434472871057,-2.139123262567002,0.24316688256987495,-0.22208971335212607,kiri,temporal,2.0,True,0.7544499014371295,0.4383071038055171,-0.23049072017065364,0.08825998819561076,-0.12446580327828961,,1.9746275561752173
P11,NGEED,POST,4,False,kanal,T5,-7.994207921910551,-0.0012024229659060026,0.6318297427980906,1.0545301032404186,-0.14758929443894117,kiri,temporo-posterior,2.0,True,0.8727404578562672,0.4383071038055171,2.540462285194439,0.8996232088661544,-0.04996538436510471,,1.9746275561752173
P11,NGEED,POST,4,False,kanal,Fp2,2.8116741687219076,0.2617332075851895,-0.17854869168627496,-1.5589899649226653,0.21958387688923386,kanan,frontopolar,3.0,False,0.8834224226158643,-1.1804635832754045,0.843089947155801,-0.6764333199637502,-0.16351009145796097,,1.9746275561752173
P11,NGEED,POST,4,False,kanal,F4,-6.878508715653382,-0.12656096884984702,-1.5443768673253833,-1.4149609158533663,0.491312207338336,kanan,frontal,4.0,False,0.9737072185680048,-1.1804635832754045,-0.5227382284833073,-0.5324042708944512,0.10821823899114119,,1.9746275561752173
P11,NGEED,POST,4,False,kanal,C4,-2.526316973062137,-0.024707648376757207,1.2598815506070369,-0.5190778644862868,0.01578342510641384,kanan,sentral,4.0,False,0.9722255915470898,-1.1804635832754045,2.281520189449113,0.36347878047262827,-0.367310543240781,,1.9746275561752173
P11,NGEED,POST,4,False,kanal,P4,0.16538980651132817,0.20639498245409182,-1.5436873082291531,-0.9890759193618743,0.27487572935605364,kanan,parietal,4.0,False,0.9467348748618679,-1.1804635832754045,-0.5220486693870772,-0.10651927440295927,-0.10821823899114119,,1.9746275561752173
P11,NGEED,POST,4,False,kanal,O2,0.3994913513549392,0.19373496292840886,-0.5459551757225201,-1.4280111663165425,0.11927197700686992,kanan,oksipital,4.0,False,0.9514689948628093,-1.1804635832754045,0.4756834631195559,-0.5454545213576274,-0.2638219913403249,,1.9746275561752173
P11,NGEED,POST,4,False,kanal,F8,1.2402459572213687,0.4683243560617807,-1.0290683216391243,-0.7760373705559558,0.6006854565927255,kanan,frontotemporal,4.0,False,0.9803312717687133,-1.1804635832754045,-0.007429682797048365,0.10651927440295927,0.2175914882455307,,1.9746275561752173
P11,NGEED,POST,4,False,kanal,T4,-6.810448388072636,-0.21131301896392074,-1.2362011351123177,-0.05486602012628339,0.9058446995112179,kanan,temporal,2.0,True,0.8344134985569087,-1.1804635832754045,-0.2145624962702417,0.8276906248326317,0.5227507311640232,,1.9746275561752173
P11,NGEED,POST,4,False,kanal,T6,-6.387289679497144,-0.13747669641150106,-1.0142089560450274,-0.7620426711267179,0.725048629950021,kanan,temporo-posterior,4.0,False,0.9607865240710897,-1.1804635832754045,0.007429682797048587,0.1205139738321972,0.3419546616028261,,1.9746275561752173
P11,NGEED,POST,4,False,area,frontopolar,-0.16007828213268738,0.09036539126682552,-0.444671274165781,-0.38211010907025544,0.09237983928094562,,frontopolar,4.0,False,0.867345586771863,,,,,True,1.9746275561752173
P11,NGEED,POST,4,False,area,frontal,-4.7694974129458245,-0.010797465068300482,-2.0156667638418084,-1.4491348468959075,0.06555075389768472,,frontal,4.0,False,0.9640329911678867,,,,,False,1.9746275561752173
P11,NGEED,POST,4,False,area,frontotemporal,1.9846248748678619,0.39707376243184167,-0.6078732854776037,-0.9045668837159084,0.1482549172651514,,frontotemporal,4.0,False,0.9676764981442467,,,,,True,1.9746275561752173
P11,NGEED,POST,4,False,area,sentral,-2.336421053932362,-0.017126280118125337,1.1353469540446393,-0.3265269471045378,-0.0461092400656099,,sentral,4.0,False,0.9758147489529845,,,,,False,1.9746275561752173
P11,NGEED,POST,4,False,area,temporal,-1.5148357348885568,0.13032392648733193,-2.2105468418504333,-0.17065328034430616,0.5451676547159635,,temporal,4.0,False,0.832312073212845,,,,,True,1.9746275561752173
P11,NGEED,POST,4,False,area,parietal,1.472636405878056,0.1869726599671051,-1.4631748195846765,-0.6966774002933058,0.3058505937339786,,parietal,4.0,False,0.926722123552519,,,,,False,1.9746275561752173
P11,NGEED,POST,4,False,area,temporo-posterior,-5.096805458072751,-0.05065126771942219,-2.4371785028769746,-0.8571562466991751,-0.2268218749563835,,temporo-posterior,4.0,False,0.921346033132323,,,,,False,1.9746275561752173
P11,NGEED,POST,4,False,area,oksipital,0.5466588148597538,0.18827696135107663,-0.9515459577844881,-0.9672179140826529,0.057132662903985026,,oksipital,4.0,False,0.9541733817030326,,,,,False,1.9746275561752173
