participant_id,task,rep,phase,channel,area,hemisphere,t0_video,t1_video,dur_phase_sec,win_sec,compliance,phase_source,flat_frac,valid,is_simulated,theta_db,mu_db,beta_db,broad_db
P21,NGEED,1,PRA,Fp1,frontopolar,kiri,0.271,2.271,2.0,2.0,incomplete,video,0.0,True,False,1.6830317873981997,-1.3477196525181512,-2.112628525764489,0.36660655595617087
P21,NGEED,1,PRA,F3,frontal,kiri,0.271,2.271,2.0,2.0,incomplete,video,0.0,True,False,-0.4249946634681905,-2.119169112666686,-1.984541170818801,-1.039192053020443
P21,NGEED,1,PRA,C3,sentral,kiri,0.271,2.271,2.0,2.0,incomplete,video,0.79,False,False,,,,
P21,NGEED,1,PRA,P3,parietal,kiri,0.271,2.271,2.0,2.0,incomplete,video,0.99,False,False,,,,
P21,NGEED,1,PRA,O1,oksipital,kiri,0.271,2.271,2.0,2.0,incomplete,video,0.39,False,False,,,,
P21,NGEED,1,PRA,F7,frontotemporal,kiri,0.271,2.271,2.0,2.0,incomplete,video,0.49,False,False,,,,
P21,NGEED,1,PRA,T3,temporal,kiri,0.271,2.271,2.0,2.0,incomplete,video,0.69,False,False,,,,
P21,NGEED,1,PRA,T5,temporo-posterior,kiri,0.271,2.271,2.0,2.0,incomplete,video,0.79,False,False,,,,
P21,NGEED,1,PRA,Fp2,frontopolar,kanan,0.271,2.271,2.0,2.0,incomplete,video,0.0,True,False,4.532467984993662,3.6298258954879756,1.4389801509214806,7.474836777728765
P21,NGEED,1,PRA,F4,frontal,kanan,0.271,2.271,2.0,2.0,incomplete,video,0.0,True,False,7.850254016275301,5.739373604927998,2.783512151447564,8.203445889771409
P21,NGEED,1,PRA,C4,sentral,kanan,0.271,2.271,2.0,2.0,incomplete,video,0.0,True,False,-1.0074067084507021,-1.6682486364587987,-1.8352264688226612,-0.34568590315424785
P21,NGEED,1,PRA,P4,parietal,kanan,0.271,2.271,2.0,2.0,incomplete,video,0.0,True,False,-1.5948193609752863,-1.0601855096286883,-2.9654290644945718,1.0268648795953013
P21,NGEED,1,PRA,O2,oksipital,kanan,0.271,2.271,2.0,2.0,incomplete,video,0.0,True,False,-0.4558039063788897,-0.8825339818187814,-0.7778559788305301,2.8463808432672373
P21,NGEED,1,PRA,F8,frontotemporal,kanan,0.271,2.271,2.0,2.0,incomplete,video,0.0,True,False,2.2448296430266197,0.2314119538833168,-1.5067452673334856,2.130719549323622
P21,NGEED,1,PRA,T4,temporal,kanan,0.271,2.271,2.0,2.0,incomplete,video,0.0,True,False,-5.5727109555469525,-4.668734561518548,-2.0713791308499623,-1.864536171400502
P21,NGEED,1,PRA,T6,temporo-posterior,kanan,0.271,2.271,2.0,2.0,incomplete,video,0.0,True,False,-0.6970065596563089,-3.211878455235862,-3.0609479804115196,2.0229902676886553
P21,NGEED,2,PRA,Fp1,frontopolar,kiri,13.145,15.145,2.0,2.0,ok,video,0.0,True,False,1.1728622175876566,1.735888322715212,0.6817741004845637,2.945630868641601
P21,NGEED,2,PRA,F3,frontal,kiri,13.145,15.145,2.0,2.0,ok,video,0.0,True,False,3.1626128604962034,1.8334122027596749,1.4046707814264572,3.6847829877630716
P21,NGEED,2,PRA,C3,sentral,kiri,13.145,15.145,2.0,2.0,ok,video,0.0,True,False,5.070341498582401,4.56416828944808,4.562280117307889,4.011264083445965
P21,NGEED,2,PRA,P3,parietal,kiri,13.145,15.145,2.0,2.0,ok,video,0.0,True,False,0.5596921308660328,-0.2519244182971967,1.0518345806622698,1.6000250003662373
P21,NGEED,2,PRA,O1,oksipital,kiri,13.145,15.145,2.0,2.0,ok,video,0.0,True,False,1.482324228107018,-0.3063251914969314,2.2019161862380585,1.5345719476817195
P21,NGEED,2,PRA,F7,frontotemporal,kiri,13.145,15.145,2.0,2.0,ok,video,0.0,True,False,1.4564650776811732,-1.0246368815356632,1.0064617614486835,0.5190874565227688
P21,NGEED,2,PRA,T3,temporal,kiri,13.145,15.145,2.0,2.0,ok,video,0.0,True,False,-2.884597974021105,-1.3653148376277784,-1.1277533990038648,-1.2402118469711496
P21,NGEED,2,PRA,T5,temporo-posterior,kiri,13.145,15.145,2.0,2.0,ok,video,0.0,True,False,1.4295375185998083,2.814026054203307,1.3305454872715359,2.2120343949944257
P21,NGEED,2,PRA,Fp2,frontopolar,kanan,13.145,15.145,2.0,2.0,ok,video,0.0,True,False,8.444606935366238,3.978792368771561,2.713742116615748,8.59985356734633
P21,NGEED,2,PRA,F4,frontal,kanan,13.145,15.145,2.0,2.0,ok,video,0.0,True,False,10.315691418768324,7.569065532900993,4.8562896788099295,9.111442735757876
P21,NGEED,2,PRA,C4,sentral,kanan,13.145,15.145,2.0,2.0,ok,video,0.0,True,False,5.060856359127044,1.8222132270894562,2.4356141652771335,4.347911581574138
P21,NGEED,2,PRA,P4,parietal,kanan,13.145,15.145,2.0,2.0,ok,video,0.0,True,False,1.2676613814480433,0.3149387729699811,0.6086681974761063,2.7371988693679583
P21,NGEED,2,PRA,O2,oksipital,kanan,13.145,15.145,2.0,2.0,ok,video,0.0,True,False,7.634521519064791,6.932781108475808,3.471497414525782,8.400589477640448
P21,NGEED,2,PRA,F8,frontotemporal,kanan,13.145,15.145,2.0,2.0,ok,video,0.0,True,False,0.18719780930739205,1.450707821751763,0.3288280592819426,2.155883301527034
P21,NGEED,2,PRA,T4,temporal,kanan,13.145,15.145,2.0,2.0,ok,video,0.0,True,False,0.5172047851750037,-1.5128216351452295,-0.6619166186061918,0.7376623119650176
P21,NGEED,2,PRA,T6,temporo-posterior,kanan,13.145,15.145,2.0,2.0,ok,video,0.0,True,False,1.8647307473242307,0.8821063238683067,-0.25270331573295124,2.587893473582639
P21,NGEED,2,TURUN,Fp1,frontopolar,kiri,22.726,24.018,1.792,1.292,ok,video,0.0,True,False,-0.3817885618648944,5.000419584398017,3.4623339249472416,5.411954646666075
P21,NGEED,2,TURUN,F3,frontal,kiri,22.726,24.018,1.792,1.292,ok,video,0.0,True,False,-1.3844887440204694,5.208186953754467,3.710839923533783,4.039887916989944
P21,NGEED,2,TURUN,C3,sentral,kiri,22.726,24.018,1.792,1.292,ok,video,0.434,False,False,,,,
P21,NGEED,2,TURUN,P3,parietal,kiri,22.726,24.018,1.792,1.292,ok,video,0.411,False,False,,,,
P21,NGEED,2,TURUN,O1,oksipital,kiri,22.726,24.018,1.792,1.292,ok,video,0.411,False,False,,,,
P21,NGEED,2,TURUN,F7,frontotemporal,kiri,22.726,24.018,1.792,1.292,ok,video,0.0,True,False,-2.4824085016795223,-0.6824392268048385,0.2862862320091395,-0.9270180517287798
P21,NGEED,2,TURUN,T3,temporal,kiri,22.726,24.018,1.792,1.292,ok,video,0.0,True,False,-0.9761949295808137,-0.17168599891238046,0.9141992017458449,0.8615652919684607
P21,NGEED,2,TURUN,T5,temporo-posterior,kiri,22.726,24.018,1.792,1.292,ok,video,0.0,True,False,-0.6746929289736201,-0.276261151219483,0.15379526995510773,-1.044556109713966
P21,NGEED,2,TURUN,Fp2,frontopolar,kanan,22.726,24.018,1.792,1.292,ok,video,0.0,True,False,12.984666370744918,10.272588787715087,9.223280668947254,12.90845740478574
P21,NGEED,2,TURUN,F4,frontal,kanan,22.726,24.018,1.792,1.292,ok,video,0.0,True,False,12.274291897247672,10.499646898864924,7.522158737122837,12.488857135770964
P21,NGEED,2,TURUN,C4,sentral,kanan,22.726,24.018,1.792,1.292,ok,video,0.0,True,False,2.615531905737818,5.995115999126725,7.607219129428763,5.198971986884587
P21,NGEED,2,TURUN,P4,parietal,kanan,22.726,24.018,1.792,1.292,ok,video,0.0,True,False,8.795514607085615,2.8175492542506717,4.060216144461982,8.032311614108231
P21,NGEED,2,TURUN,O2,oksipital,kanan,22.726,24.018,1.792,1.292,ok,video,0.0,True,False,7.543434104697113,8.494328923504035,10.0859517379714,8.23321972222725
P21,NGEED,2,TURUN,F8,frontotemporal,kanan,22.726,24.018,1.792,1.292,ok,video,0.0,True,False,-0.16995052491519402,4.981006633245954,3.6284614157345167,6.542923210485746
P21,NGEED,2,TURUN,T4,temporal,kanan,22.726,24.018,1.792,1.292,ok,video,0.0,True,False,3.7876075463510332,4.519170530578151,4.464723708338678,5.3407644210252485
P21,NGEED,2,TURUN,T6,temporo-posterior,kanan,22.726,24.018,1.792,1.292,ok,video,0.0,True,False,12.428348616563255,11.750130817147543,9.47581683193156,11.852394091096158
P21,NGEED,2,TAHAN,Fp1,frontopolar,kiri,24.518,27.226,3.208,2.708,ok,video,0.0,True,False,-0.11402032701493425,3.458816498194814,2.5823901283357706,1.6695236384757877
P21,NGEED,2,TAHAN,F3,frontal,kiri,24.518,27.226,3.208,2.708,ok,video,0.0,True,False,0.008939819307489216,3.2441450403153844,2.0105745721904995,1.0032837308334805
P21,NGEED,2,TAHAN,C3,sentral,kiri,24.518,27.226,3.208,2.708,ok,video,0.926,False,False,,,,
P21,NGEED,2,TAHAN,P3,parietal,kiri,24.518,27.226,3.208,2.708,ok,video,0.863,False,False,,,,
P21,NGEED,2,TAHAN,O1,oksipital,kiri,24.518,27.226,3.208,2.708,ok,video,0.0,True,False,-2.3445168144949875,-2.448468357763506,-1.3725577257388402,-1.5960868892057505
P21,NGEED,2,TAHAN,F7,frontotemporal,kiri,24.518,27.226,3.208,2.708,ok,video,0.0,True,False,-1.7000174103264243,1.4241529688200671,-1.5382975022318561,-1.0715575813558686
P21,NGEED,2,TAHAN,T3,temporal,kiri,24.518,27.226,3.208,2.708,ok,video,0.0,True,False,-7.440806439203278,-5.65829647201998,-6.480705715106215,-5.609664704615149
P21,NGEED,2,TAHAN,T5,temporo-posterior,kiri,24.518,27.226,3.208,2.708,ok,video,0.727,False,False,,,,
P21,NGEED,2,TAHAN,Fp2,frontopolar,kanan,24.518,27.226,3.208,2.708,ok,video,0.0,True,False,0.36902125227253535,0.9009748993230104,-0.025867084306462118,-0.7942001634288012
P21,NGEED,2,TAHAN,F4,frontal,kanan,24.518,27.226,3.208,2.708,ok,video,0.0,True,False,4.111993484689144,2.4086548877164233,-0.045982253695271424,3.9079663936505753
P21,NGEED,2,TAHAN,C4,sentral,kanan,24.518,27.226,3.208,2.708,ok,video,0.0,True,False,2.118964467739616,1.0726163839343599,1.1523939821999072,1.495317228816802
P21,NGEED,2,TAHAN,P4,parietal,kanan,24.518,27.226,3.208,2.708,ok,video,0.0,True,False,-3.2761600330108323,-1.3813686600984383,-2.3817257774118943,-2.9880606585181795
P21,NGEED,2,TAHAN,O2,oksipital,kanan,24.518,27.226,3.208,2.708,ok,video,0.0,True,False,2.4954669313068223,1.9752664385313103,0.4925136072984877,2.0165403562432864
P21,NGEED,2,TAHAN,F8,frontotemporal,kanan,24.518,27.226,3.208,2.708,ok,video,0.0,True,False,0.4394635654957284,3.4273805133451702,2.9343757490345475,1.9572304306722543
P21,NGEED,2,TAHAN,T4,temporal,kanan,24.518,27.226,3.208,2.708,ok,video,0.0,True,False,-0.29460923491716073,-0.3513365368243839,-1.3053468789609752,-1.8651132163548994
P21,NGEED,2,TAHAN,T6,temporo-posterior,kanan,24.518,27.226,3.208,2.708,ok,video,0.0,True,False,-1.90316789633561,-1.7109668139178495,-2.2977931608758695,-1.4086656686022891
P21,NGEED,2,NAIK,Fp1,frontopolar,kiri,27.726,28.947,1.721,1.221,ok,video,0.0,True,False,4.857875985364338,2.9574849804203396,2.5882729407446057,5.1161815824902845
P21,NGEED,2,NAIK,F3,frontal,kiri,27.726,28.947,1.721,1.221,ok,video,0.0,True,False,3.1863343462237523,1.1063380460133239,2.5939067997020757,4.614220286227301
P21,NGEED,2,NAIK,C3,sentral,kiri,27.726,28.947,1.721,1.221,ok,video,0.0,True,False,-3.5037372169233407,-5.095588286676701,-1.3566988328584983,-4.024893949907735
P21,NGEED,2,NAIK,P3,parietal,kiri,27.726,28.947,1.721,1.221,ok,video,0.0,True,False,-4.889201899280426,-5.07655868625643,-1.4120205965558483,-3.3380002608449004
P21,NGEED,2,NAIK,O1,oksipital,kiri,27.726,28.947,1.721,1.221,ok,video,0.0,True,False,-3.053275278828238,-4.64325954321183,-2.3135671688132824,-3.380208865565425
P21,NGEED,2,NAIK,F7,frontotemporal,kiri,27.726,28.947,1.721,1.221,ok,video,0.0,True,False,-0.25235586564001977,-4.229037093969239,-1.5410149106235096,-1.2277634303596585
P21,NGEED,2,NAIK,T3,temporal,kiri,27.726,28.947,1.721,1.221,ok,video,0.0,True,False,-4.758880525403718,-7.229215114529225,-4.61935984766707,-5.115825738990722
P21,NGEED,2,NAIK,T5,temporo-posterior,kiri,27.726,28.947,1.721,1.221,ok,video,0.0,True,False,-6.323281326907313,-8.193834877008896,-4.9901388165777725,-4.171047305459513
P21,NGEED,2,NAIK,Fp2,frontopolar,kanan,27.726,28.947,1.721,1.221,ok,video,0.0,True,False,10.216885248349385,6.5392850138849745,8.912722193572769,10.929636839777555
P21,NGEED,2,NAIK,F4,frontal,kanan,27.726,28.947,1.721,1.221,ok,video,0.0,True,False,10.154786377448374,12.559339153820794,7.373087172090539,11.169937265319689
P21,NGEED,2,NAIK,C4,sentral,kanan,27.726,28.947,1.721,1.221,ok,video,0.0,True,False,6.864741686554659,9.320683404797087,8.981233000627093,8.305505646962708
P21,NGEED,2,NAIK,P4,parietal,kanan,27.726,28.947,1.721,1.221,ok,video,0.0,True,False,6.361991384916799,6.047672504811153,8.122636065506477,5.874812305312233
P21,NGEED,2,NAIK,O2,oksipital,kanan,27.726,28.947,1.721,1.221,ok,video,0.0,True,False,6.742203018932443,6.049118915476349,7.144969683570039,7.836003213683103
P21,NGEED,2,NAIK,F8,frontotemporal,kanan,27.726,28.947,1.721,1.221,ok,video,0.0,True,False,5.821802899546782,4.648435870473158,2.680715459454998,6.674311676468378
P21,NGEED,2,NAIK,T4,temporal,kanan,27.726,28.947,1.721,1.221,ok,video,0.0,True,False,4.593652459953418,6.025286289263583,10.264259873113268,7.927616346305577
P21,NGEED,2,NAIK,T6,temporo-posterior,kanan,27.726,28.947,1.721,1.221,ok,video,0.0,True,False,7.40008547212306,4.958057523477024,6.283126851892575,7.342852769737178
P21,NGEED,2,POST,Fp1,frontopolar,kiri,29.697,31.197,1.5,1.5,ok,video,0.0,True,False,1.0660161841802775,2.300246342821925,0.551865271421665,2.7353625553170815
P21,NGEED,2,POST,F3,frontal,kiri,29.697,31.197,1.5,1.5,ok,video,0.0,True,False,4.656592679299862,2.634230635016955,1.395543005696183,4.376562160294544
P21,NGEED,2,POST,C3,sentral,kiri,29.697,31.197,1.5,1.5,ok,video,0.0,True,False,2.7199919807866166,4.431159838135134,1.991450435720047,4.635014018846398
P21,NGEED,2,POST,P3,parietal,kiri,29.697,31.197,1.5,1.5,ok,video,0.0,True,False,5.984483119804658,3.1518181542499413,2.5926552495823145,5.746201853692803
P21,NGEED,2,POST,O1,oksipital,kiri,29.697,31.197,1.5,1.5,ok,video,0.0,True,False,2.7432494801417704,1.4113104772735454,0.6681302153592696,4.895978407674384
P21,NGEED,2,POST,F7,frontotemporal,kiri,29.697,31.197,1.5,1.5,ok,video,0.0,True,False,7.566220126040349,5.337783935502706,3.9441470351747085,9.004149615616136
P21,NGEED,2,POST,T3,temporal,kiri,29.697,31.197,1.5,1.5,ok,video,0.0,True,False,5.538334149844992,2.2078445581274906,1.079606216824672,5.668389963894455
P21,NGEED,2,POST,T5,temporo-posterior,kiri,29.697,31.197,1.5,1.5,ok,video,0.0,True,False,4.554176818191564,2.5366202127881188,-0.15768228404301254,4.6609547161477565
P21,NGEED,2,POST,Fp2,frontopolar,kanan,29.697,31.197,1.5,1.5,ok,video,0.0,True,False,9.156415661914757,7.554753760216805,4.337946513903088,7.551628204671037
P21,NGEED,2,POST,F4,frontal,kanan,29.697,31.197,1.5,1.5,ok,video,0.0,True,False,5.510687864843746,4.996565132615402,2.4679262900908334,4.4836473825342225
P21,NGEED,2,POST,C4,sentral,kanan,29.697,31.197,1.5,1.5,ok,video,0.0,True,False,3.110396883605489,4.380373399979533,4.227716161340538,5.702491863486792
P21,NGEED,2,POST,P4,parietal,kanan,29.697,31.197,1.5,1.5,ok,video,0.0,True,False,7.333687466287522,0.5607442705339309,0.92566303234657,5.776176701656944
P21,NGEED,2,POST,O2,oksipital,kanan,29.697,31.197,1.5,1.5,ok,video,0.0,True,False,8.14998826837818,6.69709466972688,5.104105780343858,9.082288184642028
P21,NGEED,2,POST,F8,frontotemporal,kanan,29.697,31.197,1.5,1.5,ok,video,0.0,True,False,-3.0992450501219935,2.0469231148572575,-0.4630145508484915,0.3652784550045851
P21,NGEED,2,POST,T4,temporal,kanan,29.697,31.197,1.5,1.5,ok,video,0.0,True,False,3.543052020390256,1.3199248676327855,1.8970877645063773,2.748044191204656
P21,NGEED,2,POST,T6,temporo-posterior,kanan,29.697,31.197,1.5,1.5,ok,video,0.0,True,False,5.934519799104223,6.797041238313234,3.8829085743294414,7.524583754045132
P21,AGEM KANAN,1,PRA,Fp1,frontopolar,kiri,29.544,31.544,2.0,2.0,short_hold,video,0.0,True,False,1.1523771566038334,3.035344623794714,0.33095662231154677,3.2721759554611793
P21,AGEM KANAN,1,PRA,F3,frontal,kiri,29.544,31.544,2.0,2.0,short_hold,video,0.0,True,False,4.6775444880459105,3.817904302205161,1.3528376540386304,5.081077929981969
P21,AGEM KANAN,1,PRA,C3,sentral,kiri,29.544,31.544,2.0,2.0,short_hold,video,0.0,True,False,5.255311021305978,4.51200936582865,2.5241722899936825,4.86211325361721
P21,AGEM KANAN,1,PRA,P3,parietal,kiri,29.544,31.544,2.0,2.0,short_hold,video,0.0,True,False,6.297944576678709,3.773587771634592,2.510532464741125,5.616366163226473
P21,AGEM KANAN,1,PRA,O1,oksipital,kiri,29.544,31.544,2.0,2.0,short_hold,video,0.0,True,False,2.6878610003653023,0.9596284170335423,0.8773003159679575,4.922767703625944
P21,AGEM KANAN,1,PRA,F7,frontotemporal,kiri,29.544,31.544,2.0,2.0,short_hold,video,0.0,True,False,7.497134382579844,5.5040260917729,4.668809337895432,8.879931998211816
P21,AGEM KANAN,1,PRA,T3,temporal,kiri,29.544,31.544,2.0,2.0,short_hold,video,0.0,True,False,5.403239247145521,1.9376932606335586,1.152908604499519,5.189859729535563
P21,AGEM KANAN,1,PRA,T5,temporo-posterior,kiri,29.544,31.544,2.0,2.0,short_hold,video,0.0,True,False,5.419030468948392,2.5781635518657247,0.4406697713176122,4.587237773243501
P21,AGEM KANAN,1,PRA,Fp2,frontopolar,kanan,29.544,31.544,2.0,2.0,short_hold,video,0.0,True,False,8.314422337796898,7.813506465598916,4.470017624262979,6.861469514573059
P21,AGEM KANAN,1,PRA,F4,frontal,kanan,29.544,31.544,2.0,2.0,short_hold,video,0.0,True,False,6.685704178685171,7.2258068866749525,3.0172215135848184,6.267099385411797
P21,AGEM KANAN,1,PRA,C4,sentral,kanan,29.544,31.544,2.0,2.0,short_hold,video,0.0,True,False,4.48398488070913,4.75244985166529,4.245152634389939,5.708320822351695
P21,AGEM KANAN,1,PRA,P4,parietal,kanan,29.544,31.544,2.0,2.0,short_hold,video,0.0,True,False,6.541337414253384,1.981427357363465,2.46577881095428,5.612681003464651
P21,AGEM KANAN,1,PRA,O2,oksipital,kanan,29.544,31.544,2.0,2.0,short_hold,video,0.0,True,False,8.7203715622218,7.830132067311176,5.63059278766665,10.07652996773064
P21,AGEM KANAN,1,PRA,F8,frontotemporal,kanan,29.544,31.544,2.0,2.0,short_hold,video,0.0,True,False,-3.3457139388952797,2.421907708438198,-0.5917402311606104,0.5368041901900682
P21,AGEM KANAN,1,PRA,T4,temporal,kanan,29.544,31.544,2.0,2.0,short_hold,video,0.0,True,False,2.4013337601996056,1.1294953370678158,2.0871659492812853,1.7072282377059977
P21,AGEM KANAN,1,PRA,T6,temporo-posterior,kanan,29.544,31.544,2.0,2.0,short_hold,video,0.0,True,False,6.597387572119985,8.15946447769388,4.184478145590344,8.566620639961393
P21,AGEM KANAN,1,TURUN,Fp1,frontopolar,kiri,39.321,40.557,1.736,1.236,short_hold,video,0.0,True,False,4.598001377279388,9.874637249572935,5.860407547264199,8.347763017538618
P21,AGEM KANAN,1,TURUN,F3,frontal,kiri,39.321,40.557,1.736,1.236,short_hold,video,0.0,True,False,6.281736963901231,12.121069165087981,8.265366291170857,9.313342043019517
P21,AGEM KANAN,1,TURUN,C3,sentral,kiri,39.321,40.557,1.736,1.236,short_hold,video,0.0,True,False,5.722417728893795,14.675247075366709,14.810601725600282,11.425878169945157
P21,AGEM KANAN,1,TURUN,P3,parietal,kiri,39.321,40.557,1.736,1.236,short_hold,video,0.0,True,False,7.848460400536325,13.601423385965855,14.431762811499198,10.503199248307396
P21,AGEM KANAN,1,TURUN,O1,oksipital,kiri,39.321,40.557,1.736,1.236,short_hold,video,0.0,True,False,4.312898314327661,11.10342843443928,11.714889307624524,8.329158357478185
P21,AGEM KANAN,1,TURUN,F7,frontotemporal,kiri,39.321,40.557,1.736,1.236,short_hold,video,0.0,True,False,5.824184594779403,10.754458251989085,10.716373211155215,8.242866751170972
P21,AGEM KANAN,1,TURUN,T3,temporal,kiri,39.321,40.557,1.736,1.236,short_hold,video,0.0,True,False,4.331534708635637,11.482192800729152,11.45864236489453,8.672094545491113
P21,AGEM KANAN,1,TURUN,T5,temporo-posterior,kiri,39.321,40.557,1.736,1.236,short_hold,video,0.0,True,False,7.807359062166057,15.566432526001226,14.892646731843026,11.512152986598267
P21,AGEM KANAN,1,TURUN,Fp2,frontopolar,kanan,39.321,40.557,1.736,1.236,short_hold,video,0.0,True,False,6.095792608295028,10.287218362208854,7.4222670101552985,7.477604132361684
P21,AGEM KANAN,1,TURUN,F4,frontal,kanan,39.321,40.557,1.736,1.236,short_hold,video,0.0,True,False,2.6911607296030056,9.439272173812192,3.646717194565788,8.75168153518321
P21,AGEM KANAN,1,TURUN,C4,sentral,kanan,39.321,40.557,1.736,1.236,short_hold,video,0.0,True,False,2.6569776726595933,7.6060770528448245,8.098142698416403,6.96523338127863
P21,AGEM KANAN,1,TURUN,P4,parietal,kanan,39.321,40.557,1.736,1.236,short_hold,video,0.0,True,False,4.789606075668011,9.105560934856051,5.62601110383428,5.307777937097228
P21,AGEM KANAN,1,TURUN,O2,oksipital,kanan,39.321,40.557,1.736,1.236,short_hold,video,0.0,True,False,10.093562742570107,12.734822912461226,7.583333199206059,10.23539491607902
P21,AGEM KANAN,1,TURUN,F8,frontotemporal,kanan,39.321,40.557,1.736,1.236,short_hold,video,0.0,True,False,2.9834114925295836,5.140205436768014,2.0920370499514327,5.507269530987038
P21,AGEM KANAN,1,TURUN,T4,temporal,kanan,39.321,40.557,1.736,1.236,short_hold,video,0.0,True,False,3.2307036748395532,3.4049770280439304,4.633730566966307,0.602280239473977
P21,AGEM KANAN,1,TURUN,T6,temporo-posterior,kanan,39.321,40.557,1.736,1.236,short_hold,video,0.0,True,False,4.131549203680777,3.4542761578311456,5.398398277856764,7.188768642760934
P21,AGEM KANAN,1,TAHAN,Fp1,frontopolar,kiri,40.936,41.539,0.861,0.603,short_hold,video,0.0,True,False,-6.0959080206748695,2.827708750537198,1.9158040541521437,-0.06835747249000335
P21,AGEM KANAN,1,TAHAN,F3,frontal,kiri,40.936,41.539,0.861,0.603,short_hold,video,0.0,True,False,-4.594923035867211,2.368538498339209,2.745150740610555,-0.35357848966754446
P21,AGEM KANAN,1,TAHAN,C3,sentral,kiri,40.936,41.539,0.861,0.603,short_hold,video,0.0,True,False,-2.5098751705841735,-3.581100020996427,-5.29457751260016,-4.414181830938482
P21,AGEM KANAN,1,TAHAN,P3,parietal,kiri,40.936,41.539,0.861,0.603,short_hold,video,0.0,True,False,-1.1759751828748009,1.6585266868484076,0.059954279418491296,-1.415852816030462
P21,AGEM KANAN,1,TAHAN,O1,oksipital,kiri,40.936,41.539,0.861,0.603,short_hold,video,0.0,True,False,-11.679074722196233,-4.600470027850122,-3.6422569418647086,-8.551959333265408
P21,AGEM KANAN,1,TAHAN,F7,frontotemporal,kiri,40.936,41.539,0.861,0.603,short_hold,video,0.0,True,False,-5.964260960191972,-4.299129163355481,-4.401588704610621,-5.304977601462518
P21,AGEM KANAN,1,TAHAN,T3,temporal,kiri,40.936,41.539,0.861,0.603,short_hold,video,0.0,True,False,-9.571321485652696,-5.8748435324090735,-3.370772238551524,-8.412470394660591
P21,AGEM KANAN,1,TAHAN,T5,temporo-posterior,kiri,40.936,41.539,0.861,0.603,short_hold,video,0.0,True,False,-6.425655693086252,-3.754117642401802,-1.9885955972840996,-5.047780634368166
P21,AGEM KANAN,1,TAHAN,Fp2,frontopolar,kanan,40.936,41.539,0.861,0.603,short_hold,video,0.0,True,False,1.4499629861700356,5.038782668500833,3.3502292652323185,4.6359245092910975
P21,AGEM KANAN,1,TAHAN,F4,frontal,kanan,40.936,41.539,0.861,0.603,short_hold,video,0.0,True,False,-0.49901114948322345,4.804099334441673,-0.7150032490739875,4.093058989750418
P21,AGEM KANAN,1,TAHAN,C4,sentral,kanan,40.936,41.539,0.861,0.603,short_hold,video,0.0,True,False,-4.800579452725611,-3.780419003582292,0.1756815240573424,-2.859680330988425
P21,AGEM KANAN,1,TAHAN,P4,parietal,kanan,40.936,41.539,0.861,0.603,short_hold,video,0.0,True,False,-5.786645788447132,0.7991949571298704,1.699397506202132,0.36621540530932606
P21,AGEM KANAN,1,TAHAN,O2,oksipital,kanan,40.936,41.539,0.861,0.603,short_hold,video,0.0,True,False,1.5512973279808335,3.0598006751858264,4.193158779046428,3.9749297750571095
P21,AGEM KANAN,1,TAHAN,F8,frontotemporal,kanan,40.936,41.539,0.861,0.603,short_hold,video,0.0,True,False,-5.255965884502004,3.589399416698356,1.7625038730196216,0.547193643389214
P21,AGEM KANAN,1,TAHAN,T4,temporal,kanan,40.936,41.539,0.861,0.603,short_hold,video,0.0,True,False,-5.87801030029701,-5.912856966695816,0.20003781470134996,-4.675994669003757
P21,AGEM KANAN,1,TAHAN,T6,temporo-posterior,kanan,40.936,41.539,0.861,0.603,short_hold,video,0.0,True,False,-2.353060022361092,1.7955550969784682,1.3187266973822958,-0.8436138882110029
P21,AGEM KANAN,1,NAIK,Fp1,frontopolar,kiri,41.918,45.681,4.263,3.763,short_hold,video,0.0,True,False,1.6661315220074755,5.272413493221613,2.7067733489096035,3.7459863923083745
P21,AGEM KANAN,1,NAIK,F3,frontal,kiri,41.918,45.681,4.263,3.763,short_hold,video,0.0,True,False,1.5426126334120411,4.597397729062308,2.781402647928715,3.0401959818394673
P21,AGEM KANAN,1,NAIK,C3,sentral,kiri,41.918,45.681,4.263,3.763,short_hold,video,0.0,True,False,-0.6302360575400527,-6.161496083199214,-2.1996427675939714,-2.5154727962587344
P21,AGEM KANAN,1,NAIK,P3,parietal,kiri,41.918,45.681,4.263,3.763,short_hold,video,0.0,True,False,0.7018236389735293,-0.693667816740529,-0.4220969362208784,0.02177529941991807
P21,AGEM KANAN,1,NAIK,O1,oksipital,kiri,41.918,45.681,4.263,3.763,short_hold,video,0.0,True,False,-7.652108667619228,-8.220129464410334,-6.134031818607191,-7.5731862251557835
P21,AGEM KANAN,1,NAIK,F7,frontotemporal,kiri,41.918,45.681,4.263,3.763,short_hold,video,0.0,True,False,-2.073938237510248,-5.257153611782666,-3.65856055860392,-2.4181292454446393
P21,AGEM KANAN,1,NAIK,T3,temporal,kiri,41.918,45.681,4.263,3.763,short_hold,video,0.0,True,False,-1.4398747995964527,-4.648498176401866,-5.028376092321178,-2.4776854857387534
P21,AGEM KANAN,1,NAIK,T5,temporo-posterior,kiri,41.918,45.681,4.263,3.763,short_hold,video,0.0,True,False,-0.44902880872712103,-6.978910736871526,-3.731680459652285,-2.135388965534574
P21,AGEM KANAN,1,NAIK,Fp2,frontopolar,kanan,41.918,45.681,4.263,3.763,short_hold,video,0.0,True,False,3.8269403406566056,3.5983467216383325,0.5538132708511405,3.432200537951605
P21,AGEM KANAN,1,NAIK,F4,frontal,kanan,41.918,45.681,4.263,3.763,short_hold,video,0.0,True,False,4.644715854848954,4.257406824019917,0.23032925902388257,4.838118745372533
P21,AGEM KANAN,1,NAIK,C4,sentral,kanan,41.918,45.681,4.263,3.763,short_hold,video,0.0,True,False,-2.4631401984730203,-0.6054789585111706,1.0403810855051034,0.5361688527161022
P21,AGEM KANAN,1,NAIK,P4,parietal,kanan,41.918,45.681,4.263,3.763,short_hold,video,0.0,True,False,0.3163125685672412,0.9933411979233782,-0.4599193700047408,1.1133837796624846
P21,AGEM KANAN,1,NAIK,O2,oksipital,kanan,41.918,45.681,4.263,3.763,short_hold,video,0.0,True,False,1.9995948406339465,3.9450613691451863,2.723013308446209,3.6436827317895926
P21,AGEM KANAN,1,NAIK,F8,frontotemporal,kanan,41.918,45.681,4.263,3.763,short_hold,video,0.0,True,False,1.2082821138324107,5.60022150384075,2.7718717792345977,4.0539571206574365
P21,AGEM KANAN,1,NAIK,T4,temporal,kanan,41.918,45.681,4.263,3.763,short_hold,video,0.0,True,False,2.7198972557504106,1.7798259281885151,0.6568236197707584,1.7350593235760527
P21,AGEM KANAN,1,NAIK,T6,temporo-posterior,kanan,41.918,45.681,4.263,3.763,short_hold,video,0.0,True,False,-0.8046433017179098,1.025055808465119,0.5303142625368693,0.3602424999410303
P21,AGEM KANAN,1,POST,Fp1,frontopolar,kiri,46.431,47.931,1.5,1.5,short_hold,video,0.0,True,False,-0.6613345962862525,-0.23025145529775415,0.29092619935635966,0.2909571962768034
P21,AGEM KANAN,1,POST,F3,frontal,kiri,46.431,47.931,1.5,1.5,short_hold,video,0.0,True,False,-0.4641050930932096,1.016401615300495,0.922872755882679,0.978648782002459
P21,AGEM KANAN,1,POST,C3,sentral,kiri,46.431,47.931,1.5,1.5,short_hold,video,0.0,True,False,6.493538643312441,4.910782734430715,5.679470804680957,7.014491259082163
P21,AGEM KANAN,1,POST,P3,parietal,kiri,46.431,47.931,1.5,1.5,short_hold,video,0.0,True,False,-2.801296170592657,1.855805480486591,2.3221086391744308,2.163388504343658
P21,AGEM KANAN,1,POST,O1,oksipital,kiri,46.431,47.931,1.5,1.5,short_hold,video,0.0,True,False,-4.362194038114275,-0.10892112316175684,1.0593846219937326,0.6698923317978043
P21,AGEM KANAN,1,POST,F7,frontotemporal,kiri,46.431,47.931,1.5,1.5,short_hold,video,0.0,True,False,-0.6695076447063499,1.435797219343776,0.45567847885964596,1.2319119378181824
P21,AGEM KANAN,1,POST,T3,temporal,kiri,46.431,47.931,1.5,1.5,short_hold,video,0.0,True,False,-0.7480393161871746,1.573918016053284,1.5875349567569401,2.8123516023502546
P21,AGEM KANAN,1,POST,T5,temporo-posterior,kiri,46.431,47.931,1.5,1.5,short_hold,video,0.0,True,False,1.9057336574426955,5.221953266627455,3.8131792228797536,3.2945611137250808
P21,AGEM KANAN,1,POST,Fp2,frontopolar,kanan,46.431,47.931,1.5,1.5,short_hold,video,0.0,True,False,4.010056345604873,3.982596263993461,1.313315048618879,2.951964975729606
P21,AGEM KANAN,1,POST,F4,frontal,kanan,46.431,47.931,1.5,1.5,short_hold,video,0.0,True,False,3.002267715954183,3.9865644849697404,0.22298521310150576,2.145854435446921
P21,AGEM KANAN,1,POST,C4,sentral,kanan,46.431,47.931,1.5,1.5,short_hold,video,0.0,True,False,0.9921911604587024,1.109676257120519,-0.44015441186568083,1.3230799190485243
P21,AGEM KANAN,1,POST,P4,parietal,kanan,46.431,47.931,1.5,1.5,short_hold,video,0.0,True,False,4.416615478532691,5.482630051282555,1.3758858422549345,3.7753819918595752
P21,AGEM KANAN,1,POST,O2,oksipital,kanan,46.431,47.931,1.5,1.5,short_hold,video,0.0,True,False,5.1811406582564175,4.778892730916141,3.0235309237527304,5.623234371156091
P21,AGEM KANAN,1,POST,F8,frontotemporal,kanan,46.431,47.931,1.5,1.5,short_hold,video,0.0,True,False,-0.3311469065257526,-0.5156579923357612,0.19653489656115042,-0.1711371386036511
P21,AGEM KANAN,1,POST,T4,temporal,kanan,46.431,47.931,1.5,1.5,short_hold,video,0.0,True,False,-4.201444780824879,-2.1921587678177943,0.5857518238393808,-4.059451069967274
P21,AGEM KANAN,1,POST,T6,temporo-posterior,kanan,46.431,47.931,1.5,1.5,short_hold,video,0.0,True,False,0.976637292237406,0.7074046911618836,2.0768458455797045,2.2582121644236963
P21,AGEM KANAN,2,PRA,Fp1,frontopolar,kiri,53.0,55.0,2.0,2.0,ok,video,0.0,True,False,-2.676515045388463,-0.30724174249253267,0.8096374396895953,-0.9834386695001207
P21,AGEM KANAN,2,PRA,F3,frontal,kiri,53.0,55.0,2.0,2.0,ok,video,0.0,True,False,-2.4607766880604025,-1.1813291914910913,-0.029640719147014494,-1.56048747285352
P21,AGEM KANAN,2,PRA,C3,sentral,kiri,53.0,55.0,2.0,2.0,ok,video,0.0,True,False,-6.184158921833188,-7.4016863189126205,-3.4448553152584616,-4.701633398074371
P21,AGEM KANAN,2,PRA,P3,parietal,kiri,53.0,55.0,2.0,2.0,ok,video,0.0,True,False,-7.409680467658866,-5.426449592807259,-6.40916528117652,-6.656059181504336
P21,AGEM KANAN,2,PRA,O1,oksipital,kiri,53.0,55.0,2.0,2.0,ok,video,0.0,True,False,-17.02834906980059,-13.403637739566452,-11.765198447616523,-13.527225530728355
P21,AGEM KANAN,2,PRA,F7,frontotemporal,kiri,53.0,55.0,2.0,2.0,ok,video,0.0,True,False,-4.891495382397693,-7.839808233019859,-6.290128651269541,-5.404762539510319
P21,AGEM KANAN,2,PRA,T3,temporal,kiri,53.0,55.0,2.0,2.0,ok,video,0.0,True,False,-10.51660205590564,-9.373794395599674,-6.979393694560937,-10.187705542457074
P21,AGEM KANAN,2,PRA,T5,temporo-posterior,kiri,53.0,55.0,2.0,2.0,ok,video,0.0,True,False,-5.110794207335029,-5.284200441452658,-6.371559853219594,-4.163388081323546
P21,AGEM KANAN,2,PRA,Fp2,frontopolar,kanan,53.0,55.0,2.0,2.0,ok,video,0.0,True,False,-1.1709049168582482,-0.4973285083190717,-3.1355410667104415,-2.4462876747804323
P21,AGEM KANAN,2,PRA,F4,frontal,kanan,53.0,55.0,2.0,2.0,ok,video,0.0,True,False,1.5203744048925358,2.95706812591105,0.17312826333446196,0.5910667040271242
P21,AGEM KANAN,2,PRA,C4,sentral,kanan,53.0,55.0,2.0,2.0,ok,video,0.0,True,False,-2.110220941891697,0.8175215594430156,-3.3258615443999275,-1.3629146023090044
P21,AGEM KANAN,2,PRA,P4,parietal,kanan,53.0,55.0,2.0,2.0,ok,video,0.0,True,False,2.7107207585968567,3.783505931629932,1.582186549985316,2.3622433017183724
P21,AGEM KANAN,2,PRA,O2,oksipital,kanan,53.0,55.0,2.0,2.0,ok,video,0.0,True,False,0.4457452690826855,3.947307753789346,-1.5466813347195085,0.3645272845107854
P21,AGEM KANAN,2,PRA,F8,frontotemporal,kanan,53.0,55.0,2.0,2.0,ok,video,0.0,True,False,-2.546233792011563,-0.17924670961876643,0.9511286291961234,-0.2582098192922899
P21,AGEM KANAN,2,PRA,T4,temporal,kanan,53.0,55.0,2.0,2.0,ok,video,0.0,True,False,-8.517759250728123,-9.967839601202598,-5.935264817691454,-8.620227566687788
P21,AGEM KANAN,2,PRA,T6,temporo-posterior,kanan,53.0,55.0,2.0,2.0,ok,video,0.0,True,False,4.212693781944267,8.061004302296865,4.59092117128565,4.904116874181362
P21,AGEM KANAN,2,TURUN,Fp1,frontopolar,kiri,55.25,56.416,1.666,1.166,ok,video,0.0,True,False,7.701792664163314,7.695656623960659,0.8275221041191649,7.3458050326768145
P21,AGEM KANAN,2,TURUN,F3,frontal,kiri,55.25,56.416,1.666,1.166,ok,video,0.0,True,False,8.139712340636883,8.638815198175621,2.432543677737307,8.515909002552867
P21,AGEM KANAN,2,TURUN,C3,sentral,kiri,55.25,56.416,1.666,1.166,ok,video,0.0,True,False,6.925170147306538,9.478043895178903,7.645399890539025,10.08796354471803
P21,AGEM KANAN,2,TURUN,P3,parietal,kiri,55.25,56.416,1.666,1.166,ok,video,0.0,True,False,9.538428624365025,9.49868719465972,7.568135918825494,10.394692253852405
P21,AGEM KANAN,2,TURUN,O1,oksipital,kiri,55.25,56.416,1.666,1.166,ok,video,0.0,True,False,5.6960384620363556,5.42206561971264,4.959894817447115,6.723821702358691
P21,AGEM KANAN,2,TURUN,F7,frontotemporal,kiri,55.25,56.416,1.666,1.166,ok,video,0.0,True,False,5.437988600046928,2.5069124380145027,2.4968110268725745,6.078140131969434
P21,AGEM KANAN,2,TURUN,T3,temporal,kiri,55.25,56.416,1.666,1.166,ok,video,0.0,True,False,5.523844189074261,4.564003034320535,3.2547764281015574,6.67901099427138
P21,AGEM KANAN,2,TURUN,T5,temporo-posterior,kiri,55.25,56.416,1.666,1.166,ok,video,0.0,True,False,9.017566596744032,7.576182825230763,6.32494009282129,9.368010538296332
P21,AGEM KANAN,2,TURUN,Fp2,frontopolar,kanan,55.25,56.416,1.666,1.166,ok,video,0.0,True,False,11.214021560331318,7.819314743428681,6.208849435884769,11.237179685987595
P21,AGEM KANAN,2,TURUN,F4,frontal,kanan,55.25,56.416,1.666,1.166,ok,video,0.0,True,False,7.231669018226071,10.188281251017344,6.094816510248496,9.021652986286377
P21,AGEM KANAN,2,TURUN,C4,sentral,kanan,55.25,56.416,1.666,1.166,ok,video,0.0,True,False,6.792313802274663,5.580770433471876,7.677891729597928,6.834057486480198
P21,AGEM KANAN,2,TURUN,P4,parietal,kanan,55.25,56.416,1.666,1.166,ok,video,0.0,True,False,7.901242944504681,5.698039342975093,6.075761646328182,7.276368243110916
P21,AGEM KANAN,2,TURUN,O2,oksipital,kanan,55.25,56.416,1.666,1.166,ok,video,0.0,True,False,6.398670093865718,8.19140231405661,3.83205728129289,11.432168265252411
P21,AGEM KANAN,2,TURUN,F8,frontotemporal,kanan,55.25,56.416,1.666,1.166,ok,video,0.0,True,False,6.419708705549141,7.411462606882793,0.4052672044967771,6.835858048636226
P21,AGEM KANAN,2,TURUN,T4,temporal,kanan,55.25,56.416,1.666,1.166,ok,video,0.0,True,False,2.321745251060939,2.050757344270835,5.317700163899808,1.6349533693654692
P21,AGEM KANAN,2,TURUN,T6,temporo-posterior,kanan,55.25,56.416,1.666,1.166,ok,video,0.0,True,False,9.536270199401258,11.181235354968003,8.300819042261914,11.920496013774446
P21,AGEM KANAN,2,TAHAN,Fp1,frontopolar,kiri,56.916,59.75,3.334,2.834,ok,video,0.0,True,False,-0.36920790591945973,4.0513903872423285,2.5676103593468547,1.5936400762137382
P21,AGEM KANAN,2,TAHAN,F3,frontal,kiri,56.916,59.75,3.334,2.834,ok,video,0.0,True,False,-0.5690930946915955,3.0480813111768974,2.731260402464379,1.1799204580549727
P21,AGEM KANAN,2,TAHAN,C3,sentral,kiri,56.916,59.75,3.334,2.834,ok,video,0.0,True,False,-7.7328880393751795,-10.139898153676075,-9.619554918517018,-9.97046555479399
P21,AGEM KANAN,2,TAHAN,P3,parietal,kiri,56.916,59.75,3.334,2.834,ok,video,0.0,True,False,-5.047089500194549,-5.774027814401325,-5.938836357603307,-5.852182669884137
P21,AGEM KANAN,2,TAHAN,O1,oksipital,kiri,56.916,59.75,3.334,2.834,ok,video,0.0,True,False,-8.294424746192206,-10.037876406685317,-8.318498089219112,-7.5598941877095385
P21,AGEM KANAN,2,TAHAN,F7,frontotemporal,kiri,56.916,59.75,3.334,2.834,ok,video,0.0,True,False,0.8181701225293523,-5.32012766541866,-3.5758057570336987,-0.22016853600332098
P21,AGEM KANAN,2,TAHAN,T3,temporal,kiri,56.916,59.75,3.334,2.834,ok,video,0.0,True,False,-11.423931081697678,-9.76422191385878,-8.52099962412763,-11.389384305500876
P21,AGEM KANAN,2,TAHAN,T5,temporo-posterior,kiri,56.916,59.75,3.334,2.834,ok,video,0.0,True,False,-4.445355595604724,-0.61128461439856,-3.091321954736003,-2.479966783021961
P21,AGEM KANAN,2,TAHAN,Fp2,frontopolar,kanan,56.916,59.75,3.334,2.834,ok,video,0.0,True,False,3.0150105991831033,5.070586351632421,1.527885564682645,4.30979651136095
P21,AGEM KANAN,2,TAHAN,F4,frontal,kanan,56.916,59.75,3.334,2.834,ok,video,0.0,True,False,1.0928037703661744,3.2391757797742713,-0.6971449803399139,2.23523997993248
P21,AGEM KANAN,2,TAHAN,C4,sentral,kanan,56.916,59.75,3.334,2.834,ok,video,0.0,True,False,-0.09573861694147467,2.716401627179451,0.9093415157417262,1.4090764178654993
P21,AGEM KANAN,2,TAHAN,P4,parietal,kanan,56.916,59.75,3.334,2.834,ok,video,0.0,True,False,-3.831062580538493,-0.478962464818423,-1.2956570187975203,0.20555533807431914
P21,AGEM KANAN,2,TAHAN,O2,oksipital,kanan,56.916,59.75,3.334,2.834,ok,video,0.0,True,False,4.438846767159717,5.6958876284842574,3.503996959801526,4.924359201459108
P21,AGEM KANAN,2,TAHAN,F8,frontotemporal,kanan,56.916,59.75,3.334,2.834,ok,video,0.0,True,False,-0.5283268831762697,4.319612090279591,2.6796977904392314,1.738872099552168
P21,AGEM KANAN,2,TAHAN,T4,temporal,kanan,56.916,59.75,3.334,2.834,ok,video,0.0,True,False,-5.619758202009422,-4.308011442827166,-2.65776735561478,-5.855355500034051
P21,AGEM KANAN,2,TAHAN,T6,temporo-posterior,kanan,56.916,59.75,3.334,2.834,ok,video,0.0,True,False,-0.6645047451601727,2.8488262255239576,0.9483743159682021,1.3121821216758462
P21,AGEM KANAN,2,NAIK,Fp1,frontopolar,kiri,60.25,61.692,1.942,1.442,ok,video,0.0,True,False,8.645668858232966,8.577702262275444,7.095725011829369,9.599777731192212
P21,AGEM KANAN,2,NAIK,F3,frontal,kiri,60.25,61.692,1.942,1.442,ok,video,0.0,True,False,8.837622497290795,10.389813005937057,10.2280510409378,10.155518919809055
P21,AGEM KANAN,2,NAIK,C3,sentral,kiri,60.25,61.692,1.942,1.442,ok,video,0.0,True,False,6.972954871585259,11.671640948457448,16.210278555563225,10.421184336522373
P21,AGEM KANAN,2,NAIK,P3,parietal,kiri,60.25,61.692,1.942,1.442,ok,video,0.0,True,False,5.121509100048293,11.40511921020678,14.873213872601603,10.233435777810556
P21,AGEM KANAN,2,NAIK,O1,oksipital,kiri,60.25,61.692,1.942,1.442,ok,video,0.0,True,False,1.3866547335230521,7.784763051299443,12.44727741778663,7.6616724488239925
P21,AGEM KANAN,2,NAIK,F7,frontotemporal,kiri,60.25,61.692,1.942,1.442,ok,video,0.0,True,False,6.813435810152605,8.64638313371016,11.769741345751747,7.705644493278108
P21,AGEM KANAN,2,NAIK,T3,temporal,kiri,60.25,61.692,1.942,1.442,ok,video,0.0,True,False,5.456949835294424,8.96563067152973,13.264975534705755,8.871536446359144
P21,AGEM KANAN,2,NAIK,T5,temporo-posterior,kiri,60.25,61.692,1.942,1.442,ok,video,0.0,True,False,6.346975288230084,11.616662824085207,15.032756152884627,10.525188956727085
P21,AGEM KANAN,2,NAIK,Fp2,frontopolar,kanan,60.25,61.692,1.942,1.442,ok,video,0.0,True,False,5.821098767317203,7.2185245730897485,7.369392697249513,7.598913750660206
P21,AGEM KANAN,2,NAIK,F4,frontal,kanan,60.25,61.692,1.942,1.442,ok,video,0.0,True,False,8.502551515836544,8.493964475182153,5.222682323513592,7.957641596930706
P21,AGEM KANAN,2,NAIK,C4,sentral,kanan,60.25,61.692,1.942,1.442,ok,video,0.0,True,False,8.958493503784645,6.959310017512728,6.348731779048528,8.2074904316964
P21,AGEM KANAN,2,NAIK,P4,parietal,kanan,60.25,61.692,1.942,1.442,ok,video,0.0,True,False,4.601825250374837,7.13728609863513,5.741180567516601,8.061066811332353
P21,AGEM KANAN,2,NAIK,O2,oksipital,kanan,60.25,61.692,1.942,1.442,ok,video,0.0,True,False,6.508871279703271,7.3935823139737735,9.173990204731645,6.493161052807711
P21,AGEM KANAN,2,NAIK,F8,frontotemporal,kanan,60.25,61.692,1.942,1.442,ok,video,0.0,True,False,7.227718326039984,6.676179523859027,2.9680804762597113,7.6706782978790855
P21,AGEM KANAN,2,NAIK,T4,temporal,kanan,60.25,61.692,1.942,1.442,ok,video,0.0,True,False,1.4213608381671747,4.042324766007319,4.766811650592697,1.3782969561866594
P21,AGEM KANAN,2,NAIK,T6,temporo-posterior,kanan,60.25,61.692,1.942,1.442,ok,video,0.0,True,False,7.5500729936887225,6.5364358082959555,5.407438722801253,8.537776309929363
P21,AGEM KANAN,2,POST,Fp1,frontopolar,kiri,62.442,63.942,1.5,1.5,ok,video,0.0,True,False,1.4060534496688106,0.21039088306757137,2.4026933885762247,3.1292536309141568
P21,AGEM KANAN,2,POST,F3,frontal,kiri,62.442,63.942,1.5,1.5,ok,video,0.0,True,False,2.97053283956631,1.839205942371322,3.326922449184753,4.5130873854986895
P21,AGEM KANAN,2,POST,C3,sentral,kiri,62.442,63.942,1.5,1.5,ok,video,0.0,True,False,4.601355690070591,7.10037290771972,5.104713582482365,6.135332662724366
P21,AGEM KANAN,2,POST,P3,parietal,kiri,62.442,63.942,1.5,1.5,ok,video,0.0,True,False,5.660300547633696,3.712495644578201,3.353776531450265,6.358953036935588
P21,AGEM KANAN,2,POST,O1,oksipital,kiri,62.442,63.942,1.5,1.5,ok,video,0.0,True,False,2.473618418643923,-1.1466939917049501,0.9981917149353485,2.6985106583555734
P21,AGEM KANAN,2,POST,F7,frontotemporal,kiri,62.442,63.942,1.5,1.5,ok,video,0.0,True,False,9.326430533582169,8.997394090919308,10.067132800457713,8.538084726520246
P21,AGEM KANAN,2,POST,T3,temporal,kiri,62.442,63.942,1.5,1.5,ok,video,0.0,True,False,5.378321031867557,2.137226212037092,2.715011883762994,5.942845621443226
P21,AGEM KANAN,2,POST,T5,temporo-posterior,kiri,62.442,63.942,1.5,1.5,ok,video,0.0,True,False,7.069219388463445,4.702638169239062,4.021417211833903,5.814024801529754
P21,AGEM KANAN,2,POST,Fp2,frontopolar,kanan,62.442,63.942,1.5,1.5,ok,video,0.0,True,False,-0.07960313467945923,-0.5909383539372932,1.1207250497664347,0.8749050426423608
P21,AGEM KANAN,2,POST,F4,frontal,kanan,62.442,63.942,1.5,1.5,ok,video,0.0,True,False,-2.559894324352463,-1.3211302972312993,-3.1660907554788302,-2.3545792412958946
P21,AGEM KANAN,2,POST,C4,sentral,kanan,62.442,63.942,1.5,1.5,ok,video,0.0,True,False,-4.7583584651530835,-1.438025984218406,-1.6705518150669256,-1.9950869011848162
P21,AGEM KANAN,2,POST,P4,parietal,kanan,62.442,63.942,1.5,1.5,ok,video,0.0,True,False,-4.838166274019812,-6.095429893945386,-2.1721132517385797,-4.810844709176152
P21,AGEM KANAN,2,POST,O2,oksipital,kanan,62.442,63.942,1.5,1.5,ok,video,0.0,True,False,2.6750753828766705,1.0655772832363866,1.3123731421975577,2.661772238173473
P21,AGEM KANAN,2,POST,F8,frontotemporal,kanan,62.442,63.942,1.5,1.5,ok,video,0.0,True,False,-0.503070707541049,-0.7559562634092174,2.4682712941353095,1.367547229895763
P21,AGEM KANAN,2,POST,T4,temporal,kanan,62.442,63.942,1.5,1.5,ok,video,0.0,True,False,-1.6761361522967348,-1.7958977605831308,0.11167536455959137,-2.286190695900828
P21,AGEM KANAN,2,POST,T6,temporo-posterior,kanan,62.442,63.942,1.5,1.5,ok,video,0.0,True,False,-2.05972714342532,-1.5174264308867649,0.28832184283617224,-1.4748894742492595
P21,AGEM KIRI,1,PRA,Fp1,frontopolar,kiri,67.47,69.47,2.0,2.0,ok,video,0.0,True,False,-2.4976922020037264,-0.2913232963114858,-1.1535320948589494,-1.8495451698614218
P21,AGEM KIRI,1,PRA,F3,frontal,kiri,67.47,69.47,2.0,2.0,ok,video,0.0,True,False,-1.0339812077569128,-2.38894991047934,-0.7582386780596977,1.3052511156394715
P21,AGEM KIRI,1,PRA,C3,sentral,kiri,67.47,69.47,2.0,2.0,ok,video,0.0,True,False,6.261995874848353,6.498545978352151,4.727421591235707,5.346470226690862
P21,AGEM KIRI,1,PRA,P3,parietal,kiri,67.47,69.47,2.0,2.0,ok,video,0.595,False,False,,,,
P21,AGEM KIRI,1,PRA,O1,oksipital,kiri,67.47,69.47,2.0,2.0,ok,video,0.595,False,False,,,,
P21,AGEM KIRI,1,PRA,F7,frontotemporal,kiri,67.47,69.47,2.0,2.0,ok,video,0.0,True,False,1.3770285368402355,2.688685564108276,-2.779887939009214,0.3222670021919498
P21,AGEM KIRI,1,PRA,T3,temporal,kiri,67.47,69.47,2.0,2.0,ok,video,0.795,False,False,,,,
P21,AGEM KIRI,1,PRA,T5,temporo-posterior,kiri,67.47,69.47,2.0,2.0,ok,video,0.595,False,False,,,,
P21,AGEM KIRI,1,PRA,Fp2,frontopolar,kanan,67.47,69.47,2.0,2.0,ok,video,0.0,True,False,7.184547887435841,5.872669376240463,4.081658904742447,7.716038375232458
P21,AGEM KIRI,1,PRA,F4,frontal,kanan,67.47,69.47,2.0,2.0,ok,video,0.0,True,False,12.289701180387908,9.443182744752157,6.129001867852718,13.394893721646042
P21,AGEM KIRI,1,PRA,C4,sentral,kanan,67.47,69.47,2.0,2.0,ok,video,0.695,False,False,,,,
P21,AGEM KIRI,1,PRA,P4,parietal,kanan,67.47,69.47,2.0,2.0,ok,video,0.0,True,False,3.4763024858961344,1.734213009716349,1.4652861047722041,3.6544225247619053
P21,AGEM KIRI,1,PRA,O2,oksipital,kanan,67.47,69.47,2.0,2.0,ok,video,0.0,True,False,4.58662485510672,3.9417643164724225,3.064645568004103,4.283709283817426
P21,AGEM KIRI,1,PRA,F8,frontotemporal,kanan,67.47,69.47,2.0,2.0,ok,video,0.0,True,False,0.4788835414485604,-0.01183323920588819,-1.0454439613697026,0.23257459700394278
P21,AGEM KIRI,1,PRA,T4,temporal,kanan,67.47,69.47,2.0,2.0,ok,video,0.795,False,False,,,,
P21,AGEM KIRI,1,PRA,T6,temporo-posterior,kanan,67.47,69.47,2.0,2.0,ok,video,0.0,True,False,3.4623647904747656,0.18224271625700794,0.11204651694602319,2.8766756205602277
P21,AGEM KIRI,1,TURUN,Fp1,frontopolar,kiri,71.122,72.816,2.194,1.694,ok,video,0.0,True,False,1.5876061199898786,5.636854514810487,2.7353352146209353,6.071823601280087
P21,AGEM KIRI,1,TURUN,F3,frontal,kiri,71.122,72.816,2.194,1.694,ok,video,0.0,True,False,6.195123375916758,9.14594635029588,4.981185140238608,8.126531695665435
P21,AGEM KIRI,1,TURUN,C3,sentral,kiri,71.122,72.816,2.194,1.694,ok,video,0.0,True,False,5.925572569705217,6.4352889569511795,6.935989681830012,7.139568582001083
P21,AGEM KIRI,1,TURUN,P3,parietal,kiri,71.122,72.816,2.194,1.694,ok,video,0.0,True,False,8.636940903338939,9.704967672750048,6.073985498852039,8.975145942972773
P21,AGEM KIRI,1,TURUN,O1,oksipital,kiri,71.122,72.816,2.194,1.694,ok,video,0.0,True,False,2.8040700606702487,2.3964115855158354,3.3326997636473195,2.778222622561863
P21,AGEM KIRI,1,TURUN,F7,frontotemporal,kiri,71.122,72.816,2.194,1.694,ok,video,0.0,True,False,6.861954488709301,7.1191723269091085,4.211443006688363,7.499034330407113
P21,AGEM KIRI,1,TURUN,T3,temporal,kiri,71.122,72.816,2.194,1.694,ok,video,0.0,True,False,4.8839344801153715,6.736242867638779,2.911330774807677,7.086092697635749
P21,AGEM KIRI,1,TURUN,T5,temporo-posterior,kiri,71.122,72.816,2.194,1.694,ok,video,0.0,True,False,7.973639482634397,7.630993362631433,6.816188429173582,10.820499859394339
P21,AGEM KIRI,1,TURUN,Fp2,frontopolar,kanan,71.122,72.816,2.194,1.694,ok,video,0.0,True,False,14.137017106430662,13.951394778556644,11.31581375996906,13.944847970599593
P21,AGEM KIRI,1,TURUN,F4,frontal,kanan,71.122,72.816,2.194,1.694,ok,video,0.0,True,False,11.84678498016762,12.57774135668295,9.750937343184958,12.591075318232782
P21,AGEM KIRI,1,TURUN,C4,sentral,kanan,71.122,72.816,2.194,1.694,ok,video,0.0,True,False,6.663670251530917,11.400968347900225,9.996676788653808,10.849691275238825
P21,AGEM KIRI,1,TURUN,P4,parietal,kanan,71.122,72.816,2.194,1.694,ok,video,0.0,True,False,7.851954770142726,11.122553650451522,8.509584392771366,9.576653024546225
P21,AGEM KIRI,1,TURUN,O2,oksipital,kanan,71.122,72.816,2.194,1.694,ok,video,0.0,True,False,12.367970504766802,12.642333231793842,10.26608047407818,14.411140497553479
P21,AGEM KIRI,1,TURUN,F8,frontotemporal,kanan,71.122,72.816,2.194,1.694,ok,video,0.0,True,False,-0.29549781479778403,4.060637829300099,2.3351444738941467,4.306998457576363
P21,AGEM KIRI,1,TURUN,T4,temporal,kanan,71.122,72.816,2.194,1.694,ok,video,0.0,True,False,7.503047714070625,9.596787185613735,9.876749661726336,8.623930497693785
P21,AGEM KIRI,1,TURUN,T6,temporo-posterior,kanan,71.122,72.816,2.194,1.694,ok,video,0.0,True,False,10.269577898923949,10.433005407252317,8.655659262827683,9.48294201825965
P21,AGEM KIRI,1,TAHAN,Fp1,frontopolar,kiri,73.316,75.482,2.666,2.166,ok,video,0.0,True,False,5.452378237038623,0.8247803261024202,0.8727342538863176,5.563554381433811
P21,AGEM KIRI,1,TAHAN,F3,frontal,kiri,73.316,75.482,2.666,2.166,ok,video,0.0,True,False,6.06548711971184,2.103266234994045,1.8155290452871071,6.682143636800667
P21,AGEM KIRI,1,TAHAN,C3,sentral,kiri,73.316,75.482,2.666,2.166,ok,video,0.0,True,False,4.12493610361917,3.063073250896668,4.127275415284366,5.854188227506633
P21,AGEM KIRI,1,TAHAN,P3,parietal,kiri,73.316,75.482,2.666,2.166,ok,video,0.0,True,False,7.102408535832801,2.7519412891703006,4.877215974119128,8.840599366916145
P21,AGEM KIRI,1,TAHAN,O1,oksipital,kiri,73.316,75.482,2.666,2.166,ok,video,0.0,True,False,3.1129655617828718,1.1390115129168734,2.0120304602646897,3.3985494305514976
P21,AGEM KIRI,1,TAHAN,F7,frontotemporal,kiri,73.316,75.482,2.666,2.166,ok,video,0.0,True,False,4.230773686287911,1.298117096042425,1.7940347070507983,5.485392129692187
P21,AGEM KIRI,1,TAHAN,T3,temporal,kiri,73.316,75.482,2.666,2.166,ok,video,0.0,True,False,5.482766896377747,4.847096829017609,6.137613892794107,7.412915757351939
P21,AGEM KIRI,1,TAHAN,T5,temporo-posterior,kiri,73.316,75.482,2.666,2.166,ok,video,0.0,True,False,5.376897799721782,2.7793058725158666,3.116622830664003,6.7553839021157955
P21,AGEM KIRI,1,TAHAN,Fp2,frontopolar,kanan,73.316,75.482,2.666,2.166,ok,video,0.0,True,False,6.491575591062343,4.526274858827115,5.270259294366234,7.620271162281213
P21,AGEM KIRI,1,TAHAN,F4,frontal,kanan,73.316,75.482,2.666,2.166,ok,video,0.0,True,False,6.479038548446027,2.6093918910739795,3.664684899674601,7.073420620975774
P21,AGEM KIRI,1,TAHAN,C4,sentral,kanan,73.316,75.482,2.666,2.166,ok,video,0.0,True,False,5.439856332710761,4.185207740559662,4.734277178779664,5.9735811769399945
P21,AGEM KIRI,1,TAHAN,P4,parietal,kanan,73.316,75.482,2.666,2.166,ok,video,0.0,True,False,2.3751456334917904,0.684048787653694,0.9071755227621701,3.006940032223085
P21,AGEM KIRI,1,TAHAN,O2,oksipital,kanan,73.316,75.482,2.666,2.166,ok,video,0.0,True,False,8.920992209817982,8.657870139078994,8.022889405438242,11.428797438354334
P21,AGEM KIRI,1,TAHAN,F8,frontotemporal,kanan,73.316,75.482,2.666,2.166,ok,video,0.0,True,False,2.7049578550232596,-0.4571612745064897,0.03962043743275956,2.4398790452509544
P21,AGEM KIRI,1,TAHAN,T4,temporal,kanan,73.316,75.482,2.666,2.166,ok,video,0.0,True,False,1.3941424963225302,3.7737335076909417,4.772046804374295,3.496330684767287
P21,AGEM KIRI,1,TAHAN,T6,temporo-posterior,kanan,73.316,75.482,2.666,2.166,ok,video,0.0,True,False,1.8880718869340996,-1.5438234794793715,-0.009115090862724884,2.585172914273663
P21,AGEM KIRI,1,NAIK,Fp1,frontopolar,kiri,75.903,76.7,1.139,0.797,ok,video,0.0,True,False,2.7193056975539207,4.2961071257232675,1.0462168029614105,3.1993002430911304
P21,AGEM KIRI,1,NAIK,F3,frontal,kiri,75.903,76.7,1.139,0.797,ok,video,0.0,True,False,6.0434586695052985,3.207005662827534,2.7548460680711173,5.769167891551767
P21,AGEM KIRI,1,NAIK,C3,sentral,kiri,75.903,76.7,1.139,0.797,ok,video,0.0,True,False,-6.820184033817291,-10.11114552183792,-10.990885787012566,-9.03635959701749
P21,AGEM KIRI,1,NAIK,P3,parietal,kiri,75.903,76.7,1.139,0.797,ok,video,0.0,True,False,-10.0174026443866,-12.11362007297631,-6.535272369938653,-7.706296104440078
P21,AGEM KIRI,1,NAIK,O1,oksipital,kiri,75.903,76.7,1.139,0.797,ok,video,0.0,True,False,-5.06745464004355,-8.967485721032645,-5.800175268051326,-4.323424522604164
P21,AGEM KIRI,1,NAIK,F7,frontotemporal,kiri,75.903,76.7,1.139,0.797,ok,video,0.0,True,False,3.838546583878113,1.9229654383392614,0.8520765614925025,1.057767036421609
P21,AGEM KIRI,1,NAIK,T3,temporal,kiri,75.903,76.7,1.139,0.797,ok,video,0.0,True,False,-4.559031138411143,-7.017199870175062,-3.4598762444867717,-5.321352239803957
P21,AGEM KIRI,1,NAIK,T5,temporo-posterior,kiri,75.903,76.7,1.139,0.797,ok,video,0.0,True,False,5.8429536660220975,4.009606687480048,3.927388396801369,5.4779259356863506
P21,AGEM KIRI,1,NAIK,Fp2,frontopolar,kanan,75.903,76.7,1.139,0.797,ok,video,0.0,True,False,11.302956037636662,6.210314515721542,6.708929739608497,11.228163715334514
P21,AGEM KIRI,1,NAIK,F4,frontal,kanan,75.903,76.7,1.139,0.797,ok,video,0.0,True,False,13.335796658474024,11.217338094896249,11.061754052281842,13.094786831414261
P21,AGEM KIRI,1,NAIK,C4,sentral,kanan,75.903,76.7,1.139,0.797,ok,video,0.0,True,False,5.068705093562869,1.194456781746915,4.056651008460143,7.439585067634496
P21,AGEM KIRI,1,NAIK,P4,parietal,kanan,75.903,76.7,1.139,0.797,ok,video,0.0,True,False,3.4976222761101354,0.8750300897155441,0.445509781946825,8.686116787541778
P21,AGEM KIRI,1,NAIK,O2,oksipital,kanan,75.903,76.7,1.139,0.797,ok,video,0.0,True,False,8.937704464740207,1.867418890916806,5.563227982501587,6.434989822167157
P21,AGEM KIRI,1,NAIK,F8,frontotemporal,kanan,75.903,76.7,1.139,0.797,ok,video,0.0,True,False,2.7239185734220825,5.523522381214619,1.741834088691732,4.09287626588366
P21,AGEM KIRI,1,NAIK,T4,temporal,kanan,75.903,76.7,1.139,0.797,ok,video,0.0,True,False,1.076404021818206,1.386879068341095,3.9529163220957706,0.18418001032232212
P21,AGEM KIRI,1,NAIK,T6,temporo-posterior,kanan,75.903,76.7,1.139,0.797,ok,video,0.0,True,False,9.75635563412252,6.097175764363584,4.403110572060051,8.427300976989478
P21,AGEM KIRI,1,POST,Fp1,frontopolar,kiri,77.371,78.871,1.5,1.5,ok,video,0.0,True,False,-0.7260716786199239,-2.4712809594196585,-2.301970053795536,-1.6659030722428696
P21,AGEM KIRI,1,POST,F3,frontal,kiri,77.371,78.871,1.5,1.5,ok,video,0.0,True,False,0.007621207141344399,-2.8881123691654906,-1.731830209199181,-0.6897749708017678
P21,AGEM KIRI,1,POST,C3,sentral,kiri,77.371,78.871,1.5,1.5,ok,video,0.267,False,False,,,,
P21,AGEM KIRI,1,POST,P3,parietal,kiri,77.371,78.871,1.5,1.5,ok,video,0.667,False,False,,,,
P21,AGEM KIRI,1,POST,O1,oksipital,kiri,77.371,78.871,1.5,1.5,ok,video,0.0,True,False,-0.9135888881317697,-0.3256989253560931,4.857654369730067,0.5036561608751384
P21,AGEM KIRI,1,POST,F7,frontotemporal,kiri,77.371,78.871,1.5,1.5,ok,video,0.0,True,False,-2.953756310197093,-1.6422505865939954,-1.1270094736988838,-2.272143645811049
P21,AGEM KIRI,1,POST,T3,temporal,kiri,77.371,78.871,1.5,1.5,ok,video,0.0,True,False,-8.769662379345107,-2.18945871210574,-3.396230495459207,-5.778129044912589
P21,AGEM KIRI,1,POST,T5,temporo-posterior,kiri,77.371,78.871,1.5,1.5,ok,video,0.0,True,False,-2.231309528633446,0.9984372265757351,-0.901275307850046,-2.34224864708964
P21,AGEM KIRI,1,POST,Fp2,frontopolar,kanan,77.371,78.871,1.5,1.5,ok,video,0.0,True,False,3.434283775704433,5.710677487382991,2.3879108288975743,5.9047712461276625
P21,AGEM KIRI,1,POST,F4,frontal,kanan,77.371,78.871,1.5,1.5,ok,video,0.0,True,False,7.132479445480506,7.131337767100931,4.101921837384854,8.945623092204805
P21,AGEM KIRI,1,POST,C4,sentral,kanan,77.371,78.871,1.5,1.5,ok,video,0.0,True,False,-10.252474348849024,-5.770831790105788,-6.964341077549122,-9.066934374165914
P21,AGEM KIRI,1,POST,P4,parietal,kanan,77.371,78.871,1.5,1.5,ok,video,0.0,True,False,-0.8178560671153221,-0.5076043288005749,-0.3124611892623861,0.9700697912739003
P21,AGEM KIRI,1,POST,O2,oksipital,kanan,77.371,78.871,1.5,1.5,ok,video,0.0,True,False,1.1289879053636156,2.805849854002254,0.21570234246206255,1.1761892796174784
P21,AGEM KIRI,1,POST,F8,frontotemporal,kanan,77.371,78.871,1.5,1.5,ok,video,0.0,True,False,-0.7641289920295691,-1.8598050655244514,-2.0276718323958143,-0.8576268765729544
P21,AGEM KIRI,1,POST,T4,temporal,kanan,77.371,78.871,1.5,1.5,ok,video,0.0,True,False,-1.1376003032496698,-2.9378594841966645,-1.0141822752961858,-3.0070423464348863
P21,AGEM KIRI,1,POST,T6,temporo-posterior,kanan,77.371,78.871,1.5,1.5,ok,video,0.0,True,False,1.3518238019834428,2.850809620102787,0.8260198949627977,3.080413145041952
P21,AGEM KIRI,2,PRA,Fp1,frontopolar,kiri,77.343,79.343,2.0,2.0,ok,video,0.0,True,False,-1.2667565391088544,1.277317244141667,-1.482618945498757,-0.9348541483942974
P21,AGEM KIRI,2,PRA,F3,frontal,kiri,77.343,79.343,2.0,2.0,ok,video,0.0,True,False,3.723289976074753,7.158463366965677,0.9680529073509092,3.737300970586041
P21,AGEM KIRI,2,PRA,C3,sentral,kiri,77.343,79.343,2.0,2.0,ok,video,0.2,False,False,,,,
P21,AGEM KIRI,2,PRA,P3,parietal,kiri,77.343,79.343,2.0,2.0,ok,video,0.5,False,False,,,,
P21,AGEM KIRI,2,PRA,O1,oksipital,kiri,77.343,79.343,2.0,2.0,ok,video,0.0,True,False,2.972796615358533,7.103803106687998,8.212815446533867,4.460941333661609
P21,AGEM KIRI,2,PRA,F7,frontotemporal,kiri,77.343,79.343,2.0,2.0,ok,video,0.0,True,False,-0.8663932653486128,4.078555922159012,3.541984857635491,0.7537237449001566
P21,AGEM KIRI,2,PRA,T3,temporal,kiri,77.343,79.343,2.0,2.0,ok,video,0.0,True,False,-0.7248030203047904,6.989071193770926,0.9114830317764628,1.4488668383278096
P21,AGEM KIRI,2,PRA,T5,temporo-posterior,kiri,77.343,79.343,2.0,2.0,ok,video,0.0,True,False,7.945711427780154,8.733112997480863,4.961085089117159,5.811601697687415
P21,AGEM KIRI,2,PRA,Fp2,frontopolar,kanan,77.343,79.343,2.0,2.0,ok,video,0.0,True,False,5.318949949139249,7.763475167773873,5.631574560645177,8.55332904829395
P21,AGEM KIRI,2,PRA,F4,frontal,kanan,77.343,79.343,2.0,2.0,ok,video,0.0,True,False,8.04938790865475,9.179044885399442,8.770208817780876,10.802821472414912
P21,AGEM KIRI,2,PRA,C4,sentral,kanan,77.343,79.343,2.0,2.0,ok,video,0.0,True,False,-5.094195791193105,1.7894098845596957,-2.094388716447078,0.9610753536194494
P21,AGEM KIRI,2,PRA,P4,parietal,kanan,77.343,79.343,2.0,2.0,ok,video,0.0,True,False,-0.8585194537079133,0.2991890790110858,0.3721259032387252,2.749871474471149
P21,AGEM KIRI,2,PRA,O2,oksipital,kanan,77.343,79.343,2.0,2.0,ok,video,0.0,True,False,1.6566183072552292,2.9449722479926237,1.633658228464892,4.480016169422651
P21,AGEM KIRI,2,PRA,F8,frontotemporal,kanan,77.343,79.343,2.0,2.0,ok,video,0.0,True,False,-1.0076467474289998,-2.2046999505014426,-2.3833491448933977,-0.9556318002833137
P21,AGEM KIRI,2,PRA,T4,temporal,kanan,77.343,79.343,2.0,2.0,ok,video,0.0,True,False,-1.5439696240914529,-0.5068462502077473,-0.01872655070481244,-1.674821443133112
P21,AGEM KIRI,2,PRA,T6,temporo-posterior,kanan,77.343,79.343,2.0,2.0,ok,video,0.0,True,False,0.7146593407361692,4.063250057202481,2.4410556720929897,5.29530976529697
P21,AGEM KIRI,2,TURUN,Fp1,frontopolar,kiri,87.452,89.355,2.403,1.903,ok,video,0.0,True,False,0.44136949828503447,3.933626998091569,1.7591449014574962,2.9480504159905365
P21,AGEM KIRI,2,TURUN,F3,frontal,kiri,87.452,89.355,2.403,1.903,ok,video,0.0,True,False,1.269492862850587,5.360570243884595,4.2403137766291366,4.861542073948058
P21,AGEM KIRI,2,TURUN,C3,sentral,kiri,87.452,89.355,2.403,1.903,ok,video,0.0,True,False,3.1963743816882157,8.09449280675749,9.964419912391381,5.658358172559403
P21,AGEM KIRI,2,TURUN,P3,parietal,kiri,87.452,89.355,2.403,1.903,ok,video,0.0,True,False,5.815849962513042,9.215835243800147,10.559387854552277,6.96470259752779
P21,AGEM KIRI,2,TURUN,O1,oksipital,kiri,87.452,89.355,2.403,1.903,ok,video,0.0,True,False,1.4363247372055525,5.348554443316992,7.1041468539009145,2.67016876640578
P21,AGEM KIRI,2,TURUN,F7,frontotemporal,kiri,87.452,89.355,2.403,1.903,ok,video,0.0,True,False,0.8600002248036773,4.019463114783051,6.241222877374284,1.6949318850504653
P21,AGEM KIRI,2,TURUN,T3,temporal,kiri,87.452,89.355,2.403,1.903,ok,video,0.0,True,False,0.6782948790147714,4.4682157212186695,6.18201114794077,3.209974428693343
P21,AGEM KIRI,2,TURUN,T5,temporo-posterior,kiri,87.452,89.355,2.403,1.903,ok,video,0.0,True,False,5.517955175921152,10.078234300835543,10.9192498000732,8.560499669855751
P21,AGEM KIRI,2,TURUN,Fp2,frontopolar,kanan,87.452,89.355,2.403,1.903,ok,video,0.0,True,False,7.514655596123951,9.604370015061377,6.658964030843794,8.794912004103576
P21,AGEM KIRI,2,TURUN,F4,frontal,kanan,87.452,89.355,2.403,1.903,ok,video,0.0,True,False,9.465005083218443,8.536516452972421,7.88139386926256,7.9319951740526164
P21,AGEM KIRI,2,TURUN,C4,sentral,kanan,87.452,89.355,2.403,1.903,ok,video,0.0,True,False,-1.7823103475385693,2.8267975153757874,4.2584228398107555,1.4194908123086236
P21,AGEM KIRI,2,TURUN,P4,parietal,kanan,87.452,89.355,2.403,1.903,ok,video,0.0,True,False,6.109600885330266,6.289085891506851,5.1353047621763395,6.413214690475762
P21,AGEM KIRI,2,TURUN,O2,oksipital,kanan,87.452,89.355,2.403,1.903,ok,video,0.0,True,False,8.000377154444415,9.157172524090093,9.728834176556383,10.619671436252506
P21,AGEM KIRI,2,TURUN,F8,frontotemporal,kanan,87.452,89.355,2.403,1.903,ok,video,0.0,True,False,0.28294026546539897,1.7190653747271156,-0.7636464226025161,1.544224860356529
P21,AGEM KIRI,2,TURUN,T4,temporal,kanan,87.452,89.355,2.403,1.903,ok,video,0.0,True,False,4.267812234576212,1.7944416620169577,4.910736629822388,4.752581584278346
P21,AGEM KIRI,2,TURUN,T6,temporo-posterior,kanan,87.452,89.355,2.403,1.903,ok,video,0.0,True,False,6.957782398821998,7.47769133000854,6.1242741384344015,9.69227467318197
P21,AGEM KIRI,2,TAHAN,Fp1,frontopolar,kiri,89.855,91.48,2.125,1.625,ok,video,0.0,True,False,2.9176792709356363,-0.223734243692153,-0.6139266564456349,1.2345004223058496
P21,AGEM KIRI,2,TAHAN,F3,frontal,kiri,89.855,91.48,2.125,1.625,ok,video,0.0,True,False,3.6329038046675137,0.9557959190699563,-0.14445460350336248,1.7842294094626467
P21,AGEM KIRI,2,TAHAN,C3,sentral,kiri,89.855,91.48,2.125,1.625,ok,video,0.0,True,False,-2.3353407883422648,-0.3840410863579571,-2.608060574569617,-2.388834077765143
P21,AGEM KIRI,2,TAHAN,P3,parietal,kiri,89.855,91.48,2.125,1.625,ok,video,0.0,True,False,1.6349725120442784,3.7829352704431294,3.120908970569097,2.019249134426836
P21,AGEM KIRI,2,TAHAN,O1,oksipital,kiri,89.855,91.48,2.125,1.625,ok,video,0.0,True,False,-2.402236150479034,-0.5776936484912483,-3.6846552577127802,-1.9149522259500102
P21,AGEM KIRI,2,TAHAN,F7,frontotemporal,kiri,89.855,91.48,2.125,1.625,ok,video,0.0,True,False,-1.2160862841378375,0.036764913234158314,-3.2510383023389515,-1.914174823393168
P21,AGEM KIRI,2,TAHAN,T3,temporal,kiri,89.855,91.48,2.125,1.625,ok,video,0.0,True,False,-4.92150207713054,-3.3772365308155052,-5.180254315417741,-4.878921969662834
P21,AGEM KIRI,2,TAHAN,T5,temporo-posterior,kiri,89.855,91.48,2.125,1.625,ok,video,0.0,True,False,0.41130339370964464,0.632644577701317,-2.379608942761177,-0.6857615865241691
P21,AGEM KIRI,2,TAHAN,Fp2,frontopolar,kanan,89.855,91.48,2.125,1.625,ok,video,0.0,True,False,8.902541662549964,7.764382298027819,4.1070780342598,9.672673889438588
P21,AGEM KIRI,2,TAHAN,F4,frontal,kanan,89.855,91.48,2.125,1.625,ok,video,0.0,True,False,7.961936274083321,6.395670506689747,2.2972786201782505,7.982478514570012
P21,AGEM KIRI,2,TAHAN,C4,sentral,kanan,89.855,91.48,2.125,1.625,ok,video,0.0,True,False,0.7414761086692678,-0.5990068212328516,-0.9236292685221912,3.464495975809797
P21,AGEM KIRI,2,TAHAN,P4,parietal,kanan,89.855,91.48,2.125,1.625,ok,video,0.0,True,False,4.0432802506872605,1.3550758741770181,0.48297064326563444,4.794402771895847
P21,AGEM KIRI,2,TAHAN,O2,oksipital,kanan,89.855,91.48,2.125,1.625,ok,video,0.0,True,False,8.103812269191934,2.896368344135894,2.8456410266166046,7.845483089023578
P21,AGEM KIRI,2,TAHAN,F8,frontotemporal,kanan,89.855,91.48,2.125,1.625,ok,video,0.0,True,False,2.0872221030760443,-1.3883234079791258,-0.5613411072258323,0.8165122547571784
P21,AGEM KIRI,2,TAHAN,T4,temporal,kanan,89.855,91.48,2.125,1.625,ok,video,0.0,True,False,-0.767911918383966,0.1308054209150349,0.6649665933835465,-0.4177282265626374
P21,AGEM KIRI,2,TAHAN,T6,temporo-posterior,kanan,89.855,91.48,2.125,1.625,ok,video,0.0,True,False,2.9325215882688127,4.954087162738297,1.8206052610324477,4.7723680204906955
P21,AGEM KIRI,2,NAIK,Fp1,frontopolar,kiri,91.89,92.639,1.069,0.748,ok,video,0.0,True,False,1.3553938032436719,-0.2837478421966253,-2.8608749754893026,3.119979018554048
P21,AGEM KIRI,2,NAIK,F3,frontal,kiri,91.89,92.639,1.069,0.748,ok,video,0.0,True,False,-1.8559409127262008,3.1956073290701923,0.1866899828810027,2.839753172481398
P21,AGEM KIRI,2,NAIK,C3,sentral,kiri,91.89,92.639,1.069,0.748,ok,video,0.0,True,False,-1.398522478963848,7.471040395139877,4.5784476112237975,2.672928734143021
P21,AGEM KIRI,2,NAIK,P3,parietal,kiri,91.89,92.639,1.069,0.748,ok,video,0.0,True,False,6.8170901449351575,8.27326630596976,6.402024664838095,7.892511220625472
P21,AGEM KIRI,2,NAIK,O1,oksipital,kiri,91.89,92.639,1.069,0.748,ok,video,0.0,True,False,2.833590006299019,0.5121574414376724,2.4441546913091265,3.1726471830053526
P21,AGEM KIRI,2,NAIK,F7,frontotemporal,kiri,91.89,92.639,1.069,0.748,ok,video,0.0,True,False,1.854328334623851,-5.375641452232145,0.8314896845164554,6.312957743429116
P21,AGEM KIRI,2,NAIK,T3,temporal,kiri,91.89,92.639,1.069,0.748,ok,video,0.0,True,False,2.0538048985180666,3.784973886750123,3.767790011538061,7.9939181570321125
P21,AGEM KIRI,2,NAIK,T5,temporo-posterior,kiri,91.89,92.639,1.069,0.748,ok,video,0.0,True,False,9.11722064818565,8.593741510157795,6.596220774324447,10.853484452658314
P21,AGEM KIRI,2,NAIK,Fp2,frontopolar,kanan,91.89,92.639,1.069,0.748,ok,video,0.0,True,False,15.770046546937962,14.974965517271766,10.473274672330103,13.569198838979457
P21,AGEM KIRI,2,NAIK,F4,frontal,kanan,91.89,92.639,1.069,0.748,ok,video,0.0,True,False,15.758826331892514,13.702639197449649,7.07575829526526,13.298260133778804
P21,AGEM KIRI,2,NAIK,C4,sentral,kanan,91.89,92.639,1.069,0.748,ok,video,0.0,True,False,9.464653655087368,7.830046750491391,5.288481206759936,9.000248235691409
P21,AGEM KIRI,2,NAIK,P4,parietal,kanan,91.89,92.639,1.069,0.748,ok,video,0.0,True,False,6.245308533023838,8.891949013681227,4.991015714783941,5.9779122687382085
P21,AGEM KIRI,2,NAIK,O2,oksipital,kanan,91.89,92.639,1.069,0.748,ok,video,0.0,True,False,10.473089911388314,11.992385493408491,9.236468066304084,11.836053634751156
P21,AGEM KIRI,2,NAIK,F8,frontotemporal,kanan,91.89,92.639,1.069,0.748,ok,video,0.0,True,False,2.256001922142005,0.5467272057550936,-1.2874118170442905,0.9836898269475327
P21,AGEM KIRI,2,NAIK,T4,temporal,kanan,91.89,92.639,1.069,0.748,ok,video,0.0,True,False,8.773394430990713,6.119829908987768,9.910846130578243,6.281980498515374
P21,AGEM KIRI,2,NAIK,T6,temporo-posterior,kanan,91.89,92.639,1.069,0.748,ok,video,0.0,True,False,10.752384009402057,9.349666821633953,5.023271058240958,8.790841079784208
P21,AGEM KIRI,2,POST,Fp1,frontopolar,kiri,93.299,94.799,1.5,1.5,ok,video,0.0,True,False,9.58193946455225,9.23993150946896,4.77025261466699,11.447563934148825
P21,AGEM KIRI,2,POST,F3,frontal,kiri,93.299,94.799,1.5,1.5,ok,video,0.0,True,False,12.04174505760269,11.751151483659818,8.327867707611045,13.613666293670668
P21,AGEM KIRI,2,POST,C3,sentral,kiri,93.299,94.799,1.5,1.5,ok,video,0.0,True,False,12.367522554632593,13.853357571054122,12.352027972764166,15.212125323043033
P21,AGEM KIRI,2,POST,P3,parietal,kiri,93.299,94.799,1.5,1.5,ok,video,0.0,True,False,15.727655347410163,12.858703557228747,11.700492953280168,15.5511305701935
P21,AGEM KIRI,2,POST,O1,oksipital,kiri,93.299,94.799,1.5,1.5,ok,video,0.0,True,False,11.446535252063441,10.4130930272037,10.337552465043949,13.601721558466906
P21,AGEM KIRI,2,POST,F7,frontotemporal,kiri,93.299,94.799,1.5,1.5,ok,video,0.0,True,False,9.617426119500578,8.957779356233218,12.278667367422308,12.011995278557684
P21,AGEM KIRI,2,POST,T3,temporal,kiri,93.299,94.799,1.5,1.5,ok,video,0.0,True,False,11.021773783992415,10.678576524605077,6.581490788413035,13.963706674893373
P21,AGEM KIRI,2,POST,T5,temporo-posterior,kiri,93.299,94.799,1.5,1.5,ok,video,0.0,True,False,14.69394147476428,12.434684328072318,6.598009886826485,14.954238856608491
P21,AGEM KIRI,2,POST,Fp2,frontopolar,kanan,93.299,94.799,1.5,1.5,ok,video,0.0,True,False,10.804671862172881,12.861165195661922,11.596207705757479,14.144478589700281
P21,AGEM KIRI,2,POST,F4,frontal,kanan,93.299,94.799,1.5,1.5,ok,video,0.0,True,False,11.98725774445235,7.8970134531641065,9.823870607531568,14.396153501909133
P21,AGEM KIRI,2,POST,C4,sentral,kanan,93.299,94.799,1.5,1.5,ok,video,0.0,True,False,7.667495126544722,7.327291355684103,8.940131632775923,9.715957096591374
P21,AGEM KIRI,2,POST,P4,parietal,kanan,93.299,94.799,1.5,1.5,ok,video,0.0,True,False,7.800888480418109,10.124266787043936,6.188674496839845,8.187742828296237
P21,AGEM KIRI,2,POST,O2,oksipital,kanan,93.299,94.799,1.5,1.5,ok,video,0.0,True,False,11.246376767301754,12.082571845553048,7.673430374394407,11.700287188308483
P21,AGEM KIRI,2,POST,F8,frontotemporal,kanan,93.299,94.799,1.5,1.5,ok,video,0.0,True,False,4.321542038730001,8.469017412553718,3.3262496503457193,5.428555842786963
P21,AGEM KIRI,2,POST,T4,temporal,kanan,93.299,94.799,1.5,1.5,ok,video,0.0,True,False,4.626631511990141,5.589550598163427,5.648483532013216,6.5648221995390585
P21,AGEM KIRI,2,POST,T6,temporo-posterior,kanan,93.299,94.799,1.5,1.5,ok,video,0.0,True,False,7.874154096347894,8.589034606256831,6.586357497613221,9.714085866179794
P21,NGEED,3,PRA,Fp1,frontopolar,kiri,270.397,272.397,2.0,2.0,ok,video,0.0,True,False,3.2931159066335383,2.636136759577141,3.349412964038809,3.049843520634262
P21,NGEED,3,PRA,F3,frontal,kiri,270.397,272.397,2.0,2.0,ok,video,0.0,True,False,3.6019886476098506,3.6250231665056276,3.7945562194668376,3.243184383452615
P21,NGEED,3,PRA,C3,sentral,kiri,270.397,272.397,2.0,2.0,ok,video,0.0,True,False,2.5975747953810426,3.440544615660041,3.4861336279187185,2.4426041962370277
P21,NGEED,3,PRA,P3,parietal,kiri,270.397,272.397,2.0,2.0,ok,video,0.0,True,False,3.6620410415608973,2.5848628555573505,2.083341260676548,2.562299453683366
P21,NGEED,3,PRA,O1,oksipital,kiri,270.397,272.397,2.0,2.0,ok,video,0.0,True,False,4.639826839038513,3.217699226940489,2.2331934481520435,3.6877409495354527
P21,NGEED,3,PRA,F7,frontotemporal,kiri,270.397,272.397,2.0,2.0,ok,video,0.0,True,False,5.477206253576618,6.5006086914779715,6.11238050135573,6.05468902248262
P21,NGEED,3,PRA,T3,temporal,kiri,270.397,272.397,2.0,2.0,ok,video,0.0,True,False,3.819002025790077,0.9449835885078954,6.2519575561411855,3.7484481514693755
P21,NGEED,3,PRA,T5,temporo-posterior,kiri,270.397,272.397,2.0,2.0,ok,video,0.0,True,False,3.1547105188638938,2.9480601662997223,2.922820193702634,2.2532591665514943
P21,NGEED,3,PRA,Fp2,frontopolar,kanan,270.397,272.397,2.0,2.0,ok,video,0.0,True,False,-2.487846986521479,-3.262611788909691,0.19235856780472815,-2.922185023316839
P21,NGEED,3,PRA,F4,frontal,kanan,270.397,272.397,2.0,2.0,ok,video,0.0,True,False,-10.358184719949001,-4.835558649102325,-5.336439252105663,-8.296727342672916
P21,NGEED,3,PRA,C4,sentral,kanan,270.397,272.397,2.0,2.0,ok,video,0.0,True,False,-13.754352657500018,-9.073666701315279,-6.693666985379757,-10.356546022156387
P21,NGEED,3,PRA,P4,parietal,kanan,270.397,272.397,2.0,2.0,ok,video,0.0,True,False,0.5693543139710258,-2.290446786407365,-1.542820466948072,1.2403080811890845
P21,NGEED,3,PRA,O2,oksipital,kanan,270.397,272.397,2.0,2.0,ok,video,0.0,True,False,-3.869565950828882,-4.852961547276912,-3.4770913155443566,-4.307888922739789
P21,NGEED,3,PRA,F8,frontotemporal,kanan,270.397,272.397,2.0,2.0,ok,video,0.0,True,False,1.7429819624241105,0.2946427223476924,2.389030727621922,1.4910952092004166
P21,NGEED,3,PRA,T4,temporal,kanan,270.397,272.397,2.0,2.0,ok,video,0.0,True,False,-10.29941615978968,-10.060528640574816,-6.219734549857364,-9.501794488490297
P21,NGEED,3,PRA,T6,temporo-posterior,kanan,270.397,272.397,2.0,2.0,ok,video,0.0,True,False,2.1626119265791743,0.7041444056778872,-1.28813182767761,2.960823832394375
P21,NGEED,3,TURUN,Fp1,frontopolar,kiri,280.646,283.02,2.874,2.374,ok,video,0.0,True,False,5.892456663838445,4.516974341046065,2.6398268260297506,6.616844790130166
P21,NGEED,3,TURUN,F3,frontal,kiri,280.646,283.02,2.874,2.374,ok,video,0.0,True,False,7.020308541839292,7.925521133896481,3.8109286017681896,7.133369633441546
P21,NGEED,3,TURUN,C3,sentral,kiri,280.646,283.02,2.874,2.374,ok,video,0.0,True,False,7.470624876132696,7.743889951608804,5.054275258779729,7.822760167032747
P21,NGEED,3,TURUN,P3,parietal,kiri,280.646,283.02,2.874,2.374,ok,video,0.0,True,False,7.999818783213136,8.849038116622598,6.895874810543393,8.087352340938402
P21,NGEED,3,TURUN,O1,oksipital,kiri,280.646,283.02,2.874,2.374,ok,video,0.0,True,False,8.183583316648765,5.245954097908374,4.103218286367866,7.8727641552801515
P21,NGEED,3,TURUN,F7,frontotemporal,kiri,280.646,283.02,2.874,2.374,ok,video,0.0,True,False,8.634992580011875,6.287405405573651,6.527591278242397,8.023981678313277
P21,NGEED,3,TURUN,T3,temporal,kiri,280.646,283.02,2.874,2.374,ok,video,0.0,True,False,6.4287615305187344,6.719834239720633,6.541172276610162,7.613512632178967
P21,NGEED,3,TURUN,T5,temporo-posterior,kiri,280.646,283.02,2.874,2.374,ok,video,0.0,True,False,9.425132121158896,9.569412429936268,10.379276394876545,12.123734156902046
P21,NGEED,3,TURUN,Fp2,frontopolar,kanan,280.646,283.02,2.874,2.374,ok,video,0.0,True,False,13.119877353151217,11.936186792266685,8.939958180050468,12.982708459673741
P21,NGEED,3,TURUN,F4,frontal,kanan,280.646,283.02,2.874,2.374,ok,video,0.0,True,False,13.15514037279128,12.038789050712232,7.961333731715008,13.840186275482012
P21,NGEED,3,TURUN,C4,sentral,kanan,280.646,283.02,2.874,2.374,ok,video,0.0,True,False,9.849246289287642,11.565982207681735,8.830858129284259,12.148557464236255
P21,NGEED,3,TURUN,P4,parietal,kanan,280.646,283.02,2.874,2.374,ok,video,0.0,True,False,9.503147371897533,8.597198097394937,7.240641614627279,9.037426413327992
P21,NGEED,3,TURUN,O2,oksipital,kanan,280.646,283.02,2.874,2.374,ok,video,0.0,True,False,13.172419863336707,12.981890597308876,13.462748918823678,13.709139603030014
P21,NGEED,3,TURUN,F8,frontotemporal,kanan,280.646,283.02,2.874,2.374,ok,video,0.0,True,False,3.5885376703236673,3.5706248475685314,2.4076237406109726,4.463414535150591
P21,NGEED,3,TURUN,T4,temporal,kanan,280.646,283.02,2.874,2.374,ok,video,0.0,True,False,9.204263350384359,9.846320849679294,9.794231863423057,9.249189985330624
P21,NGEED,3,TURUN,T6,temporo-posterior,kanan,280.646,283.02,2.874,2.374,ok,video,0.0,True,False,9.196401969391985,6.708628174636772,6.603985890469204,10.525763994091278
P21,NGEED,3,TAHAN,Fp1,frontopolar,kiri,283.52,285.422,2.402,1.902,ok,video,0.0,True,False,0.8596707771520187,3.4337887235118316,0.5281911732616393,1.8302889124251394
P21,NGEED,3,TAHAN,F3,frontal,kiri,283.52,285.422,2.402,1.902,ok,video,0.0,True,False,1.3665518966734638,3.286060103313879,1.0468822621733054,2.19516039270097
P21,NGEED,3,TAHAN,C3,sentral,kiri,283.52,285.422,2.402,1.902,ok,video,0.721,False,False,,,,
P21,NGEED,3,TAHAN,P3,parietal,kiri,283.52,285.422,2.402,1.902,ok,video,0.211,False,False,,,,
P21,NGEED,3,TAHAN,O1,oksipital,kiri,283.52,285.422,2.402,1.902,ok,video,0.089,True,False,-5.32731375037924,-6.316161788223113,-6.094250208588242,-5.060463795716565
P21,NGEED,3,TAHAN,F7,frontotemporal,kiri,283.52,285.422,2.402,1.902,ok,video,0.0,True,False,1.9970195145250713,-1.6151232466721837,-2.888601698985326,0.5819274213831847
P21,NGEED,3,TAHAN,T3,temporal,kiri,283.52,285.422,2.402,1.902,ok,video,0.0,True,False,-1.7456948475254137,-3.7991894419801433,-4.4915851949996295,-1.5080819205168048
P21,NGEED,3,TAHAN,T5,temporo-posterior,kiri,283.52,285.422,2.402,1.902,ok,video,0.3,False,False,,,,
P21,NGEED,3,TAHAN,Fp2,frontopolar,kanan,283.52,285.422,2.402,1.902,ok,video,0.0,True,False,2.7095446315321396,3.194459728744693,0.4866023184155637,2.73150109533756
P21,NGEED,3,TAHAN,F4,frontal,kanan,283.52,285.422,2.402,1.902,ok,video,0.0,True,False,1.4707583617531768,1.3466833810901235,-0.9999062835989108,0.4836342442328636
P21,NGEED,3,TAHAN,C4,sentral,kanan,283.52,285.422,2.402,1.902,ok,video,0.0,True,False,2.1775611739679306,-1.8703934066388044,0.9567979928027057,4.572246370173296
P21,NGEED,3,TAHAN,P4,parietal,kanan,283.52,285.422,2.402,1.902,ok,video,0.0,True,False,-0.3571409591491488,0.7678201172267478,-0.2785669459067961,-0.49051982906928515
P21,NGEED,3,TAHAN,O2,oksipital,kanan,283.52,285.422,2.402,1.902,ok,video,0.0,True,False,3.5089127929186006,2.976590064825402,2.128320999705796,4.449805126622824
P21,NGEED,3,TAHAN,F8,frontotemporal,kanan,283.52,285.422,2.402,1.902,ok,video,0.0,True,False,-0.09156773900412674,3.3886781450992487,0.4555368396502537,1.497839626317834
P21,NGEED,3,TAHAN,T4,temporal,kanan,283.52,285.422,2.402,1.902,ok,video,0.0,True,False,-5.196601984400665,-2.242542832625709,-1.970013070502695,-4.620664020625444
P21,NGEED,3,TAHAN,T6,temporo-posterior,kanan,283.52,285.422,2.402,1.902,ok,video,0.0,True,False,1.7233834077352128,1.7499391149177654,0.8533513326381481,3.343826529495793
P21,NGEED,3,NAIK,Fp1,frontopolar,kiri,285.891,286.912,1.459,1.021,ok,video,0.0,True,False,0.016802507069293426,0.7806051911611789,-1.6098467539472203,-0.1416577451290486
P21,NGEED,3,NAIK,F3,frontal,kiri,285.891,286.912,1.459,1.021,ok,video,0.0,True,False,1.2345599847399953,-0.5381089904851493,-0.8412999733026503,2.121040692743705
P21,NGEED,3,NAIK,C3,sentral,kiri,285.891,286.912,1.459,1.021,ok,video,0.549,False,False,,,,
P21,NGEED,3,NAIK,P3,parietal,kiri,285.891,286.912,1.459,1.021,ok,video,1.0,False,False,,,,
P21,NGEED,3,NAIK,O1,oksipital,kiri,285.891,286.912,1.459,1.021,ok,video,0.804,False,False,,,,
P21,NGEED,3,NAIK,F7,frontotemporal,kiri,285.891,286.912,1.459,1.021,ok,video,0.745,False,False,,,,
P21,NGEED,3,NAIK,T3,temporal,kiri,285.891,286.912,1.459,1.021,ok,video,0.804,False,False,,,,
P21,NGEED,3,NAIK,T5,temporo-posterior,kiri,285.891,286.912,1.459,1.021,ok,video,0.157,False,False,,,,
P21,NGEED,3,NAIK,Fp2,frontopolar,kanan,285.891,286.912,1.459,1.021,ok,video,0.0,True,False,9.315247973252369,12.036527439495,7.005682813065356,8.01093850965498
P21,NGEED,3,NAIK,F4,frontal,kanan,285.891,286.912,1.459,1.021,ok,video,0.0,True,False,11.906852361350879,13.050937613286173,8.645143694756257,10.365327870996445
P21,NGEED,3,NAIK,C4,sentral,kanan,285.891,286.912,1.459,1.021,ok,video,0.0,True,False,-2.956556075847324,-0.14470285538413918,2.2055561302367863,-2.2221874286829717
P21,NGEED,3,NAIK,P4,parietal,kanan,285.891,286.912,1.459,1.021,ok,video,0.0,True,False,9.325402328661404,10.48794720545763,7.133098900137263,8.926269765495718
P21,NGEED,3,NAIK,O2,oksipital,kanan,285.891,286.912,1.459,1.021,ok,video,0.0,True,False,11.960567251705868,12.144228446535763,9.459263523954014,13.000934830920574
P21,NGEED,3,NAIK,F8,frontotemporal,kanan,285.891,286.912,1.459,1.021,ok,video,0.0,True,False,0.4267155367768609,1.2523459100870298,-1.5978260878884107,0.21615769789123007
P21,NGEED,3,NAIK,T4,temporal,kanan,285.891,286.912,1.459,1.021,ok,video,0.0,True,False,-8.269402937030321,1.4388732617610245,3.0160720725500596,-3.828527975461263
P21,NGEED,3,NAIK,T6,temporo-posterior,kanan,285.891,286.912,1.459,1.021,ok,video,0.0,True,False,4.797235143544803,8.414569327586449,5.34507728777983,5.2234103385180575
P21,NGEED,3,POST,Fp1,frontopolar,kiri,287.631,289.131,1.5,1.5,ok,video,0.0,True,False,0.815921879740273,-0.39094907576749094,1.0087224594487232,0.6159403976829658
P21,NGEED,3,POST,F3,frontal,kiri,287.631,289.131,1.5,1.5,ok,video,0.0,True,False,0.10530808400615754,-2.539243502693303,0.7316919961979913,0.7533041610364677
P21,NGEED,3,POST,C3,sentral,kiri,287.631,289.131,1.5,1.5,ok,video,0.0,True,False,-2.634107315128759,-4.313567434764952,-4.016457741199243,-2.413257328123045
P21,NGEED,3,POST,P3,parietal,kiri,287.631,289.131,1.5,1.5,ok,video,0.267,False,False,,,,
P21,NGEED,3,POST,O1,oksipital,kiri,287.631,289.131,1.5,1.5,ok,video,0.0,True,False,-1.700540865562978,-2.960764186149909,-3.315727166678972,-1.2393431699438722
P21,NGEED,3,POST,F7,frontotemporal,kiri,287.631,289.131,1.5,1.5,ok,video,0.0,True,False,-7.2574190877993345,-7.605062181380482,-6.160850569759059,-6.980131235991379
P21,NGEED,3,POST,T3,temporal,kiri,287.631,289.131,1.5,1.5,ok,video,0.0,True,False,-6.07091520205438,-5.860646713538181,-4.435682710195213,-1.3810933345343273
P21,NGEED,3,POST,T5,temporo-posterior,kiri,287.631,289.131,1.5,1.5,ok,video,0.0,True,False,-3.7726104239384632,-4.159014484092655,-5.583768681552122,-3.6970684092800568
P21,NGEED,3,POST,Fp2,frontopolar,kanan,287.631,289.131,1.5,1.5,ok,video,0.0,True,False,6.6636453215972224,5.694425148908749,5.187400280711593,6.631816642997332
P21,NGEED,3,POST,F4,frontal,kanan,287.631,289.131,1.5,1.5,ok,video,0.0,True,False,7.203266248682205,8.268785940110291,3.9725372936383323,6.368820375470342
P21,NGEED,3,POST,C4,sentral,kanan,287.631,289.131,1.5,1.5,ok,video,0.0,True,False,2.0915670554040133,1.646329747433036,0.025485583938966272,2.881545064119031
P21,NGEED,3,POST,P4,parietal,kanan,287.631,289.131,1.5,1.5,ok,video,0.0,True,False,7.25329547159302,7.555813327554311,5.901665600324613,6.54203975747852
P21,NGEED,3,POST,O2,oksipital,kanan,287.631,289.131,1.5,1.5,ok,video,0.0,True,False,7.451163416617931,3.9943501832132497,7.049201380536029,6.921045354741434
P21,NGEED,3,POST,F8,frontotemporal,kanan,287.631,289.131,1.5,1.5,ok,video,0.0,True,False,-0.02745553971992365,0.13222644461803412,0.960827091915899,0.5330592426246454
P21,NGEED,3,POST,T4,temporal,kanan,287.631,289.131,1.5,1.5,ok,video,0.0,True,False,2.074281540496358,1.8456930125815134,3.8627841075888796,1.2844158137328208
P21,NGEED,3,POST,T6,temporo-posterior,kanan,287.631,289.131,1.5,1.5,ok,video,0.0,True,False,8.63913198722048,10.863414753332727,5.194539807542633,7.350112358919652
P21,NGEED,4,PRA,Fp1,frontopolar,kiri,288.13,290.13,2.0,2.0,ok,video,0.0,True,False,-0.017410177746221223,1.6835555750584525,-0.25991615254960365,0.6154000093017089
P21,NGEED,4,PRA,F3,frontal,kiri,288.13,290.13,2.0,2.0,ok,video,0.0,True,False,0.2891774454976783,-1.0782884713412884,-0.3389837092867154,1.209831357206184
P21,NGEED,4,PRA,C3,sentral,kiri,288.13,290.13,2.0,2.0,ok,video,0.0,True,False,-2.431074531138357,-3.081419822173217,-2.4379244713464736,-1.849344661485219
P21,NGEED,4,PRA,P3,parietal,kiri,288.13,290.13,2.0,2.0,ok,video,0.0,True,False,-1.9995494454474567,-1.9907459294908243,-1.9817778005346156,-1.4501499262956017
P21,NGEED,4,PRA,O1,oksipital,kiri,288.13,290.13,2.0,2.0,ok,video,0.0,True,False,-1.7503058429539635,-1.1205728643437922,-0.6723576065124099,-0.49399944705702126
P21,NGEED,4,PRA,F7,frontotemporal,kiri,288.13,290.13,2.0,2.0,ok,video,0.0,True,False,0.5116339070305926,-4.600931153359657,-2.668429579830022,-1.2849063247233232
P21,NGEED,4,PRA,T3,temporal,kiri,288.13,290.13,2.0,2.0,ok,video,0.0,True,False,-4.524846966428186,-4.062160758912075,-3.692760427830372,-0.480592504313762
P21,NGEED,4,PRA,T5,temporo-posterior,kiri,288.13,290.13,2.0,2.0,ok,video,0.0,True,False,-1.3215159455446468,0.47363773131641196,-2.9602759495102298,0.9656691999713942
P21,NGEED,4,PRA,Fp2,frontopolar,kanan,288.13,290.13,2.0,2.0,ok,video,0.0,True,False,5.30417567838283,6.273810660701411,4.587803920566966,5.31311336599823
P21,NGEED,4,PRA,F4,frontal,kanan,288.13,290.13,2.0,2.0,ok,video,0.0,True,False,7.508988317223945,7.5592106532592,4.683822163428012,6.184091634218362
P21,NGEED,4,PRA,C4,sentral,kanan,288.13,290.13,2.0,2.0,ok,video,0.0,True,False,-0.23487635816231034,0.37970336809019756,1.0727752614809276,0.9938764707345058
P21,NGEED,4,PRA,P4,parietal,kanan,288.13,290.13,2.0,2.0,ok,video,0.0,True,False,5.602205893624898,5.778145210842013,5.642828427766453,5.7502955256137795
P21,NGEED,4,PRA,O2,oksipital,kanan,288.13,290.13,2.0,2.0,ok,video,0.0,True,False,8.277764105889489,4.129898289458801,6.23453461692004,6.101615664403052
P21,NGEED,4,PRA,F8,frontotemporal,kanan,288.13,290.13,2.0,2.0,ok,video,0.0,True,False,-0.7734865766571204,2.104796851729617,-0.4080434330449876,0.6670426462443046
P21,NGEED,4,PRA,T4,temporal,kanan,288.13,290.13,2.0,2.0,ok,video,0.0,True,False,-0.4959853028179708,0.7157546129992411,1.974077887444686,-2.0442070340125937
P21,NGEED,4,PRA,T6,temporo-posterior,kanan,288.13,290.13,2.0,2.0,ok,video,0.0,True,False,6.669607968926222,8.087778954743563,3.0603269143954,5.481844282012112
P21,NGEED,4,TURUN,Fp1,frontopolar,kiri,295.852,297.019,1.667,1.167,ok,video,0.0,True,False,3.649196132854911,3.646809277930508,1.4812039839043223,6.623138829231642
P21,NGEED,4,TURUN,F3,frontal,kiri,295.852,297.019,1.667,1.167,ok,video,0.0,True,False,3.3694115364600563,4.004091858363765,2.419560845265906,7.121571396942343
P21,NGEED,4,TURUN,C3,sentral,kiri,295.852,297.019,1.667,1.167,ok,video,0.0,True,False,-7.068208971093789,-5.692169339092455,-4.7813539786197765,-6.1620337733262005
P21,NGEED,4,TURUN,P3,parietal,kiri,295.852,297.019,1.667,1.167,ok,video,0.0,True,False,-4.133255021166267,-3.338943716681978,-1.0214045684514517,-2.484863066942065
P21,NGEED,4,TURUN,O1,oksipital,kiri,295.852,297.019,1.667,1.167,ok,video,0.0,True,False,-2.1410503192059593,-3.476637166504233,-2.765967306218851,-1.6673281282806158
P21,NGEED,4,TURUN,F7,frontotemporal,kiri,295.852,297.019,1.667,1.167,ok,video,0.0,True,False,-2.6406283957148347,1.2240271038485204,2.271019025282115,1.398870281149037
P21,NGEED,4,TURUN,T3,temporal,kiri,295.852,297.019,1.667,1.167,ok,video,0.0,True,False,1.920913035394932,0.847155843561282,0.5929761476267714,2.8939221033928675
P21,NGEED,4,TURUN,T5,temporo-posterior,kiri,295.852,297.019,1.667,1.167,ok,video,0.0,True,False,-0.30561878882151206,-1.3466125652596581,0.19265241974497727,-0.5618218138048121
P21,NGEED,4,TURUN,Fp2,frontopolar,kanan,295.852,297.019,1.667,1.167,ok,video,0.0,True,False,8.15531694151975,7.044577801335006,5.197218497009093,9.413907766990814
P21,NGEED,4,TURUN,F4,frontal,kanan,295.852,297.019,1.667,1.167,ok,video,0.0,True,False,8.08261217372415,8.561120698152806,4.686986228347937,6.86360130007688
P21,NGEED,4,TURUN,C4,sentral,kanan,295.852,297.019,1.667,1.167,ok,video,0.0,True,False,3.9555369994924803,3.8008619385453173,5.317083603595371,7.604308921634356
P21,NGEED,4,TURUN,P4,parietal,kanan,295.852,297.019,1.667,1.167,ok,video,0.0,True,False,7.726557274315006,2.9005195394180845,6.03231438920205,8.50352498238609
P21,NGEED,4,TURUN,O2,oksipital,kanan,295.852,297.019,1.667,1.167,ok,video,0.0,True,False,13.235545648447648,9.82349379884068,4.418384304251891,11.738650359666682
P21,NGEED,4,TURUN,F8,frontotemporal,kanan,295.852,297.019,1.667,1.167,ok,video,0.0,True,False,3.456426147060469,3.6952177211805832,0.7535025931860666,4.866382760620894
P21,NGEED,4,TURUN,T4,temporal,kanan,295.852,297.019,1.667,1.167,ok,video,0.0,True,False,2.8411968257495843,6.000101008633884,5.39047970859183,4.916165618344081
P21,NGEED,4,TURUN,T6,temporo-posterior,kanan,295.852,297.019,1.667,1.167,ok,video,0.0,True,False,5.2842737393977615,5.078435061026717,3.0576310373626256,6.646129724674509
P21,NGEED,4,TAHAN,Fp1,frontopolar,kiri,297.519,302.281,5.262,4.762,ok,video,0.0,True,False,0.07795630136163822,0.02323640344938127,-0.3890194322223266,0.5390051695141018
P21,NGEED,4,TAHAN,F3,frontal,kiri,297.519,302.281,5.262,4.762,ok,video,0.0,True,False,-0.7598567026705183,-0.24385875975109528,-0.4321517500497052,0.03192617221136729
P21,NGEED,4,TAHAN,C3,sentral,kiri,297.519,302.281,5.262,4.762,ok,video,0.532,False,False,,,,
P21,NGEED,4,TAHAN,P3,parietal,kiri,297.519,302.281,5.262,4.762,ok,video,0.461,False,False,,,,
P21,NGEED,4,TAHAN,O1,oksipital,kiri,297.519,302.281,5.262,4.762,ok,video,0.335,False,False,,,,
P21,NGEED,4,TAHAN,F7,frontotemporal,kiri,297.519,302.281,5.262,4.762,ok,video,0.126,False,False,,,,
P21,NGEED,4,TAHAN,T3,temporal,kiri,297.519,302.281,5.262,4.762,ok,video,0.377,False,False,,,,
P21,NGEED,4,TAHAN,T5,temporo-posterior,kiri,297.519,302.281,5.262,4.762,ok,video,0.503,False,False,,,,
P21,NGEED,4,TAHAN,Fp2,frontopolar,kanan,297.519,302.281,5.262,4.762,ok,video,0.0,True,False,0.5657146993043369,0.33986097701865603,-1.604993045953936,2.099984058077524
P21,NGEED,4,TAHAN,F4,frontal,kanan,297.519,302.281,5.262,4.762,ok,video,0.0,True,False,-2.145163343893408,0.6090993208078004,0.27963596600356055,0.3267512912173913
P21,NGEED,4,TAHAN,C4,sentral,kanan,297.519,302.281,5.262,4.762,ok,video,0.419,False,False,,,,
P21,NGEED,4,TAHAN,P4,parietal,kanan,297.519,302.281,5.262,4.762,ok,video,0.0,True,False,0.5486937621577397,1.3335387685543836,1.2048500396249864,2.7892732544923433
P21,NGEED,4,TAHAN,O2,oksipital,kanan,297.519,302.281,5.262,4.762,ok,video,0.0,True,False,3.828047149298442,3.5860658395169906,3.6464835100761555,4.228712552550103
P21,NGEED,4,TAHAN,F8,frontotemporal,kanan,297.519,302.281,5.262,4.762,ok,video,0.0,True,False,0.5447041330224778,0.5695142146822363,-0.2503097323373815,1.0691490637810475
P21,NGEED,4,TAHAN,T4,temporal,kanan,297.519,302.281,5.262,4.762,ok,video,0.084,True,False,-4.396628156102501,-2.4211651211116063,-1.0518438189530457,-4.436694732545387
P21,NGEED,4,TAHAN,T6,temporo-posterior,kanan,297.519,302.281,5.262,4.762,ok,video,0.0,True,False,5.5363726492417555,5.163019388336693,3.344302024321763,7.239104689846798
P21,NGEED,4,NAIK,Fp1,frontopolar,kiri,302.781,304.35,2.069,1.569,ok,video,0.0,True,False,4.2427083098548835,3.910471920284941,1.4382230770072617,4.792033575759284
P21,NGEED,4,NAIK,F3,frontal,kiri,302.781,304.35,2.069,1.569,ok,video,0.0,True,False,4.273788959661623,4.231847495850147,2.1265752649902723,6.204369106934138
P21,NGEED,4,NAIK,C3,sentral,kiri,302.781,304.35,2.069,1.569,ok,video,0.0,True,False,3.471293526165198,-0.01740516796765945,-0.5892149221669634,3.557078204573031
P21,NGEED,4,NAIK,P3,parietal,kiri,302.781,304.35,2.069,1.569,ok,video,0.0,True,False,-2.079671560198605,-4.802322808082227,-5.308487257871128,-2.4541824511952868
P21,NGEED,4,NAIK,O1,oksipital,kiri,302.781,304.35,2.069,1.569,ok,video,0.0,True,False,-6.39175116263835,-6.004308952105472,-5.466609280217334,-4.245496871948447
P21,NGEED,4,NAIK,F7,frontotemporal,kiri,302.781,304.35,2.069,1.569,ok,video,0.0,True,False,0.0528576209502063,-0.162617629193754,-2.7062522355594467,-1.354451841152219
P21,NGEED,4,NAIK,T3,temporal,kiri,302.781,304.35,2.069,1.569,ok,video,0.0,True,False,-0.9445330694116194,-3.3655041924817013,-4.3124008041095365,-0.5575205702358517
P21,NGEED,4,NAIK,T5,temporo-posterior,kiri,302.781,304.35,2.069,1.569,ok,video,0.0,True,False,-0.7603419217423166,2.032589435704704,-1.572886492034609,1.2689604155486052
P21,NGEED,4,NAIK,Fp2,frontopolar,kanan,302.781,304.35,2.069,1.569,ok,video,0.0,True,False,6.94105131042032,6.255051717749595,7.08823711987565,10.398000941425916
P21,NGEED,4,NAIK,F4,frontal,kanan,302.781,304.35,2.069,1.569,ok,video,0.0,True,False,9.724192785546634,11.805604822954983,11.683959398128252,11.809332663063195
P21,NGEED,4,NAIK,C4,sentral,kanan,302.781,304.35,2.069,1.569,ok,video,0.0,True,False,3.0416994477141728,-0.6071945248880155,3.5033643632436267,6.657358565221884
P21,NGEED,4,NAIK,P4,parietal,kanan,302.781,304.35,2.069,1.569,ok,video,0.0,True,False,8.11297563878501,3.6097732079932143,4.508630570464483,8.04263237668286
P21,NGEED,4,NAIK,O2,oksipital,kanan,302.781,304.35,2.069,1.569,ok,video,0.0,True,False,10.36688697391066,10.661886110643898,8.44253842575582,10.917939827433603
P21,NGEED,4,NAIK,F8,frontotemporal,kanan,302.781,304.35,2.069,1.569,ok,video,0.0,True,False,3.3001201832564817,4.187851629933533,1.057331340396054,4.585816849991623
P21,NGEED,4,NAIK,T4,temporal,kanan,302.781,304.35,2.069,1.569,ok,video,0.0,True,False,6.98131662269941,3.6253622154543237,6.180863457369753,6.242385122496614
P21,NGEED,4,NAIK,T6,temporo-posterior,kanan,302.781,304.35,2.069,1.569,ok,video,0.0,True,False,11.087899328849005,8.900717955327586,10.71261865965269,12.114970224511282
P21,NGEED,4,POST,Fp1,frontopolar,kiri,305.1,306.6,1.5,1.5,ok,video,0.0,True,False,4.083556405298381,5.167263748017739,3.26565732160827,4.436593699625952
P21,NGEED,4,POST,F3,frontal,kiri,305.1,306.6,1.5,1.5,ok,video,0.0,True,False,4.718527170010724,5.300422523120986,2.8998834607254693,4.781308797074104
P21,NGEED,4,POST,C3,sentral,kiri,305.1,306.6,1.5,1.5,ok,video,0.0,True,False,1.042831484339004,1.751453323099856,-0.43553736987314196,2.5885422400728757
P21,NGEED,4,POST,P3,parietal,kiri,305.1,306.6,1.5,1.5,ok,video,0.0,True,False,-0.6079977890053812,1.233429909439426,-0.8947961721947273,1.1010204124781993
P21,NGEED,4,POST,O1,oksipital,kiri,305.1,306.6,1.5,1.5,ok,video,0.0,True,False,1.9180285573602731,4.382123629009698,4.7819053736519095,5.050625010076558
P21,NGEED,4,POST,F7,frontotemporal,kiri,305.1,306.6,1.5,1.5,ok,video,0.0,True,False,3.6501822047142056,3.8517680847766513,2.887911516915146,4.133817946672444
P21,NGEED,4,POST,T3,temporal,kiri,305.1,306.6,1.5,1.5,ok,video,0.0,True,False,3.3547762034491058,0.7861777333363307,2.4277557085905173,4.138064719301916
P21,NGEED,4,POST,T5,temporo-posterior,kiri,305.1,306.6,1.5,1.5,ok,video,0.0,True,False,-1.6467269880425661,1.436121427999602,-0.3387104297830277,0.8070851722175973
P21,NGEED,4,POST,Fp2,frontopolar,kanan,305.1,306.6,1.5,1.5,ok,video,0.0,True,False,9.868096116171522,9.413522330497532,10.180136057784082,10.01992829752945
P21,NGEED,4,POST,F4,frontal,kanan,305.1,306.6,1.5,1.5,ok,video,0.0,True,False,7.973498117289836,9.667434667929626,9.058900036613217,9.016184379799455
P21,NGEED,4,POST,C4,sentral,kanan,305.1,306.6,1.5,1.5,ok,video,0.0,True,False,8.721768492047275,10.68746781355123,11.714852859379256,9.593480674886585
P21,NGEED,4,POST,P4,parietal,kanan,305.1,306.6,1.5,1.5,ok,video,0.0,True,False,6.173733457650165,7.374516798087015,6.0320308685859985,6.161291255352829
P21,NGEED,4,POST,O2,oksipital,kanan,305.1,306.6,1.5,1.5,ok,video,0.0,True,False,8.613157055346264,8.02726456642074,8.22878168283738,8.542745966695367
P21,NGEED,4,POST,F8,frontotemporal,kanan,305.1,306.6,1.5,1.5,ok,video,0.0,True,False,3.146171259247552,3.5227838718707503,3.4434560476418135,4.025296034280466
P21,NGEED,4,POST,T4,temporal,kanan,305.1,306.6,1.5,1.5,ok,video,0.0,True,False,4.111149818540895,6.43524007937981,6.993729280577966,7.6579379061765
P21,NGEED,4,POST,T6,temporo-posterior,kanan,305.1,306.6,1.5,1.5,ok,video,0.0,True,False,6.460757470389787,4.1899493404816965,3.8949376263504796,4.9481212945145
P21,AGEM KANAN,3,PRA,Fp1,frontopolar,kiri,302.406,304.406,2.0,2.0,late,video,0.0,True,False,3.9246152501950533,3.833382622371488,0.8905204189182498,4.161211349084937
P21,AGEM KANAN,3,PRA,F3,frontal,kiri,302.406,304.406,2.0,2.0,late,video,0.0,True,False,4.189077808978752,4.667339830836482,1.5994793709649073,5.527900323607589
P21,AGEM KANAN,3,PRA,C3,sentral,kiri,302.406,304.406,2.0,2.0,late,video,0.0,True,False,2.935701791947146,-0.3570756312694776,-1.376312544085586,2.765214340425871
P21,AGEM KANAN,3,PRA,P3,parietal,kiri,302.406,304.406,2.0,2.0,late,video,0.0,True,False,1.6855494954799184,-1.4956738740395394,-2.116694763008816,0.6441291377382399
P21,AGEM KANAN,3,PRA,O1,oksipital,kiri,302.406,304.406,2.0,2.0,late,video,0.0,True,False,-4.558319716969962,-5.383376503436075,-4.957418392170254,-3.8375395144026925
P21,AGEM KANAN,3,PRA,F7,frontotemporal,kiri,302.406,304.406,2.0,2.0,late,video,0.0,True,False,0.36771049846979764,-0.24458893398779225,-2.8379641097050055,-1.1617887876094883
P21,AGEM KANAN,3,PRA,T3,temporal,kiri,302.406,304.406,2.0,2.0,late,video,0.0,True,False,-1.6278803086155733,-2.8364095451571103,-4.382859887387291,-1.1036280970046306
P21,AGEM KANAN,3,PRA,T5,temporo-posterior,kiri,302.406,304.406,2.0,2.0,late,video,0.0,True,False,0.44837902126604234,1.2113778672000315,-1.9336741230504941,1.1016607605661974
P21,AGEM KANAN,3,PRA,Fp2,frontopolar,kanan,302.406,304.406,2.0,2.0,late,video,0.0,True,False,7.367241730052932,5.455425080759703,6.518260863799895,9.564765146555278
P21,AGEM KANAN,3,PRA,F4,frontal,kanan,302.406,304.406,2.0,2.0,late,video,0.0,True,False,8.981230089681269,11.42209303663877,11.28082896064926,11.171864418641228
P21,AGEM KANAN,3,PRA,C4,sentral,kanan,302.406,304.406,2.0,2.0,late,video,0.0,True,False,2.3272415377155085,-0.8835044333240774,2.621849446830936,5.537890184804965
P21,AGEM KANAN,3,PRA,P4,parietal,kanan,302.406,304.406,2.0,2.0,late,video,0.0,True,False,8.04075852250432,3.6220326196565935,5.226954394309232,7.576384997375541
P21,AGEM KANAN,3,PRA,O2,oksipital,kanan,302.406,304.406,2.0,2.0,late,video,0.0,True,False,9.73843933843726,10.000172390364398,8.013790247599111,10.214489511710116
P21,AGEM KANAN,3,PRA,F8,frontotemporal,kanan,302.406,304.406,2.0,2.0,late,video,0.0,True,False,2.9422422287778573,3.7302607102704854,0.5556786451295146,3.966307764845382
P21,AGEM KANAN,3,PRA,T4,temporal,kanan,302.406,304.406,2.0,2.0,late,video,0.0,True,False,7.051901665891322,2.992278874226045,6.581682697440769,5.752224514171658
P21,AGEM KANAN,3,PRA,T6,temporo-posterior,kanan,302.406,304.406,2.0,2.0,late,video,0.0,True,False,10.155949836603654,8.362988709167048,9.773453958561682,11.31423235113187
P21,AGEM KANAN,3,TURUN,Fp1,frontopolar,kiri,313.514,314.351,1.195,0.836,late,video,0.0,True,False,3.744985371662068,6.061247411356845,3.5731140262958085,4.64540028526649
P21,AGEM KANAN,3,TURUN,F3,frontal,kiri,313.514,314.351,1.195,0.836,late,video,0.0,True,False,4.360511817642113,5.452697746763448,5.27481942072286,5.5301156493535295
P21,AGEM KANAN,3,TURUN,C3,sentral,kiri,313.514,314.351,1.195,0.836,late,video,0.0,True,False,5.473755078248622,1.8156383907406628,2.5858350729630537,5.410409010866012
P21,AGEM KANAN,3,TURUN,P3,parietal,kiri,313.514,314.351,1.195,0.836,late,video,0.0,True,False,2.9167831043066315,1.622392906016291,1.1189999458707902,2.481794574027532
P21,AGEM KANAN,3,TURUN,O1,oksipital,kiri,313.514,314.351,1.195,0.836,late,video,0.0,True,False,-1.4221459401876757,-1.9630565185962183,-1.4657458766599092,-3.046795490617889
P21,AGEM KANAN,3,TURUN,F7,frontotemporal,kiri,313.514,314.351,1.195,0.836,late,video,0.0,True,False,4.005832060836497,2.048538586341813,1.2831586255880012,4.945468547632423
P21,AGEM KANAN,3,TURUN,T3,temporal,kiri,313.514,314.351,1.195,0.836,late,video,0.0,True,False,-1.6998414061707408,-2.6560460193709368,-1.052651751740413,-2.1656149528733053
P21,AGEM KANAN,3,TURUN,T5,temporo-posterior,kiri,313.514,314.351,1.195,0.836,late,video,0.0,True,False,8.391750477555775,5.701123422564994,5.657839754337008,8.627111962786458
P21,AGEM KANAN,3,TURUN,Fp2,frontopolar,kanan,313.514,314.351,1.195,0.836,late,video,0.0,True,False,8.353930691622253,8.951266922598165,6.913704673571651,7.377262406409418
P21,AGEM KANAN,3,TURUN,F4,frontal,kanan,313.514,314.351,1.195,0.836,late,video,0.0,True,False,9.074077932265105,13.785464323911945,10.267447121182641,9.572374304683173
P21,AGEM KANAN,3,TURUN,C4,sentral,kanan,313.514,314.351,1.195,0.836,late,video,0.0,True,False,5.593204159268197,5.268172091328893,6.454336972625665,8.65253654196399
P21,AGEM KANAN,3,TURUN,P4,parietal,kanan,313.514,314.351,1.195,0.836,late,video,0.0,True,False,5.119570491033279,11.738941746105617,8.936856643616053,7.369628051046227
P21,AGEM KANAN,3,TURUN,O2,oksipital,kanan,313.514,314.351,1.195,0.836,late,video,0.0,True,False,10.1174423635427,12.282913180187307,11.182012655489387,10.611176270058916
P21,AGEM KANAN,3,TURUN,F8,frontotemporal,kanan,313.514,314.351,1.195,0.836,late,video,0.0,True,False,2.3993683079732833,6.677499247207635,4.003319928611976,4.079946638917889
P21,AGEM KANAN,3,TURUN,T4,temporal,kanan,313.514,314.351,1.195,0.836,late,video,0.0,True,False,3.2838295336090155,1.66983345849264,2.412017859910364,3.9571436773810476
P21,AGEM KANAN,3,TURUN,T6,temporo-posterior,kanan,313.514,314.351,1.195,0.836,late,video,0.0,True,False,7.315845915930808,3.5856955009993143,4.733671707093748,9.958395334237366
P21,AGEM KANAN,3,TAHAN,Fp1,frontopolar,kiri,314.78,318.821,4.541,4.041,late,video,0.0,True,False,3.464016642562207,2.768390449948569,2.204339377535881,3.5985297810721093
P21,AGEM KANAN,3,TAHAN,F3,frontal,kiri,314.78,318.821,4.541,4.041,late,video,0.0,True,False,3.890197566218042,2.6988072214458576,2.367530766261975,3.5866919193088727
P21,AGEM KANAN,3,TAHAN,C3,sentral,kiri,314.78,318.821,4.541,4.041,late,video,0.042,True,False,-6.818797900892683,-8.456381013552097,-5.058599828451214,-6.612770682670373
P21,AGEM KANAN,3,TAHAN,P3,parietal,kiri,314.78,318.821,4.541,4.041,late,video,0.042,True,False,-0.352702665005566,-4.444130925952447,-1.3830038839490228,-0.3598907692787492
P21,AGEM KANAN,3,TAHAN,O1,oksipital,kiri,314.78,318.821,4.541,4.041,late,video,0.0,True,False,-9.858605286136672,-8.525871632212489,-7.256761194458761,-8.876313896689084
P21,AGEM KANAN,3,TAHAN,F7,frontotemporal,kiri,314.78,318.821,4.541,4.041,late,video,0.0,True,False,-6.831017193709997,-5.032014588412611,-3.083837287490823,-3.883707894450456
P21,AGEM KANAN,3,TAHAN,T3,temporal,kiri,314.78,318.821,4.541,4.041,late,video,0.0,True,False,-5.546404828823299,-6.658202010992106,-2.6620639464648868,-4.984436557357217
P21,AGEM KANAN,3,TAHAN,T5,temporo-posterior,kiri,314.78,318.821,4.541,4.041,late,video,0.0,True,False,-1.470759520830505,-1.346605295411365,-0.46490377313931575,-0.3104734030799037
P21,AGEM KANAN,3,TAHAN,Fp2,frontopolar,kanan,314.78,318.821,4.541,4.041,late,video,0.0,True,False,5.2530129000225685,0.9536003083729092,2.0743787445525115,4.368277729143369
P21,AGEM KANAN,3,TAHAN,F4,frontal,kanan,314.78,318.821,4.541,4.041,late,video,0.0,True,False,2.6501797965050073,2.4268929791839255,-1.1150826594609597,2.641083712465921
P21,AGEM KANAN,3,TAHAN,C4,sentral,kanan,314.78,318.821,4.541,4.041,late,video,0.0,True,False,-0.6881499716781576,0.532534283243578,-0.3798109212400007,0.32575770745979327
P21,AGEM KANAN,3,TAHAN,P4,parietal,kanan,314.78,318.821,4.541,4.041,late,video,0.0,True,False,2.118538450642511,-0.8652427239491018,1.7576248148866647,1.9880997645572265
P21,AGEM KANAN,3,TAHAN,O2,oksipital,kanan,314.78,318.821,4.541,4.041,late,video,0.0,True,False,10.923405578843038,8.576352487477045,7.060425328821005,9.194401410586504
P21,AGEM KANAN,3,TAHAN,F8,frontotemporal,kanan,314.78,318.821,4.541,4.041,late,video,0.0,True,False,3.5927947688841613,3.2822623679191736,2.3720549019564636,4.151453425695266
P21,AGEM KANAN,3,TAHAN,T4,temporal,kanan,314.78,318.821,4.541,4.041,late,video,0.0,True,False,1.8209506873033234,1.6159003930930353,4.081659185096299,1.482731466859427
P21,AGEM KANAN,3,TAHAN,T6,temporo-posterior,kanan,314.78,318.821,4.541,4.041,late,video,0.0,True,False,4.696761827679765,1.8785168434799147,2.2723883955804,4.4015722390390195
P21,AGEM KANAN,3,NAIK,Fp1,frontopolar,kiri,319.231,319.979,1.068,0.748,late,video,0.0,True,False,3.767872800821884,1.1844768428559078,0.38947986771338705,5.202564905904957
P21,AGEM KANAN,3,NAIK,F3,frontal,kiri,319.231,319.979,1.068,0.748,late,video,0.0,True,False,5.078021091540016,2.4569047347858692,2.2858068471895123,3.8363938172543826
P21,AGEM KANAN,3,NAIK,C3,sentral,kiri,319.231,319.979,1.068,0.748,late,video,0.432,False,False,,,,
P21,AGEM KANAN,3,NAIK,P3,parietal,kiri,319.231,319.979,1.068,0.748,late,video,0.703,False,False,,,,
P21,AGEM KANAN,3,NAIK,O1,oksipital,kiri,319.231,319.979,1.068,0.748,late,video,0.0,True,False,-7.726687549348142,-10.517504034928379,-5.356139291929541,-9.002738109282085
P21,AGEM KANAN,3,NAIK,F7,frontotemporal,kiri,319.231,319.979,1.068,0.748,late,video,0.0,True,False,5.440303951804388,3.2625088824948776,5.422214417329691,2.9999286444090956
P21,AGEM KANAN,3,NAIK,T3,temporal,kiri,319.231,319.979,1.068,0.748,late,video,0.0,True,False,-7.7978384535826955,-7.5734354764350975,-4.218237136609368,-6.730229389087754
P21,AGEM KANAN,3,NAIK,T5,temporo-posterior,kiri,319.231,319.979,1.068,0.748,late,video,0.0,True,False,-15.79077368110859,-17.01430007952083,-15.10252215697751,-17.158285519605016
P21,AGEM KANAN,3,NAIK,Fp2,frontopolar,kanan,319.231,319.979,1.068,0.748,late,video,0.0,True,False,4.621664491917855,4.420299567621232,0.11030841919865608,4.435974012493727
P21,AGEM KANAN,3,NAIK,F4,frontal,kanan,319.231,319.979,1.068,0.748,late,video,0.0,True,False,10.36115370429252,3.695229410184311,6.078109113917563,9.425749088154262
P21,AGEM KANAN,3,NAIK,C4,sentral,kanan,319.231,319.979,1.068,0.748,late,video,0.0,True,False,2.497806251528303,7.430483618913485,8.538553399508771,3.2624557188579644
P21,AGEM KANAN,3,NAIK,P4,parietal,kanan,319.231,319.979,1.068,0.748,late,video,0.0,True,False,2.8587318000212107,6.40773141657283,3.5167732744149305,6.102215920765104
P21,AGEM KANAN,3,NAIK,O2,oksipital,kanan,319.231,319.979,1.068,0.748,late,video,0.0,True,False,8.300592473202407,8.074658597320372,5.564401513033864,6.433113256818114
P21,AGEM KANAN,3,NAIK,F8,frontotemporal,kanan,319.231,319.979,1.068,0.748,late,video,0.0,True,False,4.699721554502645,2.578689485663851,0.2579200436818745,5.8911571470240744
P21,AGEM KANAN,3,NAIK,T4,temporal,kanan,319.231,319.979,1.068,0.748,late,video,0.0,True,False,5.51980653362201,4.849100486288471,4.835521803956794,2.8489142043550757
P21,AGEM KANAN,3,NAIK,T6,temporo-posterior,kanan,319.231,319.979,1.068,0.748,late,video,0.0,True,False,6.55533255430575,7.375177301618294,4.571931712033887,6.636619606173575
P21,AGEM KANAN,3,POST,Fp1,frontopolar,kiri,320.639,322.139,1.5,1.5,late,video,0.0,True,False,2.580161820446172,1.0986225597270476,2.8363320724287178,2.377910693222212
P21,AGEM KANAN,3,POST,F3,frontal,kiri,320.639,322.139,1.5,1.5,late,video,0.0,True,False,2.7461509368396264,3.3481650357604167,4.000357933656886,3.0176285399194995
P21,AGEM KANAN,3,POST,C3,sentral,kiri,320.639,322.139,1.5,1.5,late,video,0.0,True,False,2.3202986990838355,3.688744011808712,4.0210675383086105,1.5853615762835034
P21,AGEM KANAN,3,POST,P3,parietal,kiri,320.639,322.139,1.5,1.5,late,video,0.0,True,False,-5.0602310035845335,-4.303785781275245,-3.1119015334718725,-5.695549428373852
P21,AGEM KANAN,3,POST,O1,oksipital,kiri,320.639,322.139,1.5,1.5,late,video,0.013,True,False,-2.6288691098925767,0.09841715889405833,0.4526672433272658,-0.7123911452412699
P21,AGEM KANAN,3,POST,F7,frontotemporal,kiri,320.639,322.139,1.5,1.5,late,video,0.0,True,False,1.6317413346127054,3.775500105903909,2.183748669285194,1.649700605846398
P21,AGEM KANAN,3,POST,T3,temporal,kiri,320.639,322.139,1.5,1.5,late,video,0.0,True,False,-3.5208900201475544,-0.7397455765395051,0.6740118812600002,-2.1911655499372245
P21,AGEM KANAN,3,POST,T5,temporo-posterior,kiri,320.639,322.139,1.5,1.5,late,video,0.0,True,False,0.6848917724979415,1.7786930615862495,-0.5173180187201254,-0.30806639833608074
P21,AGEM KANAN,3,POST,Fp2,frontopolar,kanan,320.639,322.139,1.5,1.5,late,video,0.0,True,False,18.52443206796007,18.520560364834292,15.514484224214378,18.468094701177268
P21,AGEM KANAN,3,POST,F4,frontal,kanan,320.639,322.139,1.5,1.5,late,video,0.0,True,False,18.653664521371,17.173273206743637,13.784944826796632,18.221479284905747
P21,AGEM KANAN,3,POST,C4,sentral,kanan,320.639,322.139,1.5,1.5,late,video,0.0,True,False,9.683388940258908,11.95850807846233,11.092142752559788,11.011109461995623
P21,AGEM KANAN,3,POST,P4,parietal,kanan,320.639,322.139,1.5,1.5,late,video,0.0,True,False,13.33300423376405,12.417758028178433,12.975238555277329,12.648361558379847
P21,AGEM KANAN,3,POST,O2,oksipital,kanan,320.639,322.139,1.5,1.5,late,video,0.0,True,False,15.631241026996449,14.61668838107336,12.277524746666863,14.640797244094866
P21,AGEM KANAN,3,POST,F8,frontotemporal,kanan,320.639,322.139,1.5,1.5,late,video,0.0,True,False,4.77392185274293,4.4176112241809875,2.1204585538572793,4.828720977602686
P21,AGEM KANAN,3,POST,T4,temporal,kanan,320.639,322.139,1.5,1.5,late,video,0.0,True,False,8.527377983899648,11.155376655689686,10.981219816080042,9.296549448667967
P21,AGEM KANAN,3,POST,T6,temporo-posterior,kanan,320.639,322.139,1.5,1.5,late,video,0.0,True,False,12.253694165678795,14.012627757066127,12.036758678441146,14.880379694085384
P21,AGEM KANAN,4,PRA,Fp1,frontopolar,kiri,326.666,328.666,2.0,2.0,late,video,0.0,True,False,10.382614725624585,9.443901166247976,5.259764061478432,9.514684873576549
P21,AGEM KANAN,4,PRA,F3,frontal,kiri,326.666,328.666,2.0,2.0,late,video,0.0,True,False,13.785311568945879,11.26280445936154,7.609556910989959,12.18618007911114
P21,AGEM KANAN,4,PRA,C3,sentral,kiri,326.666,328.666,2.0,2.0,late,video,0.0,True,False,14.13686922146421,12.498680469705118,9.750364938985737,13.216542743534461
P21,AGEM KANAN,4,PRA,P3,parietal,kiri,326.666,328.666,2.0,2.0,late,video,0.0,True,False,13.929889403865545,11.78898355079247,9.36025254964239,13.145415166175141
P21,AGEM KANAN,4,PRA,O1,oksipital,kiri,326.666,328.666,2.0,2.0,late,video,0.0,True,False,11.073333629782752,10.357129816470518,9.435745576394211,11.133760840584415
P21,AGEM KANAN,4,PRA,F7,frontotemporal,kiri,326.666,328.666,2.0,2.0,late,video,0.0,True,False,12.461578932351777,10.67908494778699,9.593106795492368,11.814527836850246
P21,AGEM KANAN,4,PRA,T3,temporal,kiri,326.666,328.666,2.0,2.0,late,video,0.0,True,False,11.842588805089285,11.254413232696578,8.96366315837011,11.337015016168465
P21,AGEM KANAN,4,PRA,T5,temporo-posterior,kiri,326.666,328.666,2.0,2.0,late,video,0.0,True,False,11.832963604183277,12.56605401710559,10.577380284512383,12.091133172798322
P21,AGEM KANAN,4,PRA,Fp2,frontopolar,kanan,326.666,328.666,2.0,2.0,late,video,0.0,True,False,13.484991401908239,13.9896767513162,12.657591837844802,13.783931272672792
P21,AGEM KANAN,4,PRA,F4,frontal,kanan,326.666,328.666,2.0,2.0,late,video,0.0,True,False,12.848710141007786,11.77651692245162,10.413119464197123,12.577603749149539
P21,AGEM KANAN,4,PRA,C4,sentral,kanan,326.666,328.666,2.0,2.0,late,video,0.0,True,False,10.088609443809496,11.587479496177004,13.073869169258792,11.228116088235808
P21,AGEM KANAN,4,PRA,P4,parietal,kanan,326.666,328.666,2.0,2.0,late,video,0.0,True,False,8.286515948037355,4.659854515886423,7.780243568983913,7.679539953921946
P21,AGEM KANAN,4,PRA,O2,oksipital,kanan,326.666,328.666,2.0,2.0,late,video,0.0,True,False,12.361724191248257,9.574168059362457,10.856651978259052,13.328812919614986
P21,AGEM KANAN,4,PRA,F8,frontotemporal,kanan,326.666,328.666,2.0,2.0,late,video,0.0,True,False,5.458607271719437,6.603404161102368,2.6236881699936667,5.513397916193732
P21,AGEM KANAN,4,PRA,T4,temporal,kanan,326.666,328.666,2.0,2.0,late,video,0.0,True,False,6.6167066928824525,9.037429286969264,9.730103566743587,9.471508145293647
P21,AGEM KANAN,4,PRA,T6,temporo-posterior,kanan,326.666,328.666,2.0,2.0,late,video,0.0,True,False,9.598960763430071,11.13058734394567,9.718034703972663,11.817935944792104
P21,AGEM KANAN,4,TURUN,Fp1,frontopolar,kiri,330.18,331.485,1.805,1.305,late,video,0.0,True,False,2.84647603829049,3.3128868115860044,2.2066947559898757,3.357024845254209
P21,AGEM KANAN,4,TURUN,F3,frontal,kiri,330.18,331.485,1.805,1.305,late,video,0.0,True,False,3.6274125541249163,5.324437770891034,5.049228090713466,3.5662544792906488
P21,AGEM KANAN,4,TURUN,C3,sentral,kiri,330.18,331.485,1.805,1.305,late,video,0.0,True,False,-2.2654715676544086,1.8271633780414938,1.1174797229989508,-0.5772266176573453
P21,AGEM KANAN,4,TURUN,P3,parietal,kiri,330.18,331.485,1.805,1.305,late,video,0.0,True,False,-1.228575079451062,0.7873184859410642,4.4314534524288085,-0.3391597923664129
P21,AGEM KANAN,4,TURUN,O1,oksipital,kiri,330.18,331.485,1.805,1.305,late,video,0.308,False,False,,,,
P21,AGEM KANAN,4,TURUN,F7,frontotemporal,kiri,330.18,331.485,1.805,1.305,late,video,0.0,True,False,-2.4646985922018487,-2.7365461430778737,-1.7569312413981315,-2.1577640918515186
P21,AGEM KANAN,4,TURUN,T3,temporal,kiri,330.18,331.485,1.805,1.305,late,video,0.0,True,False,0.7377826176067543,1.9962097931337297,3.840473354922949,1.6871454065169686
P21,AGEM KANAN,4,TURUN,T5,temporo-posterior,kiri,330.18,331.485,1.805,1.305,late,video,0.0,True,False,0.15346401115472474,0.23622029330778105,3.3712235927859027,0.7048686257091674
P21,AGEM KANAN,4,TURUN,Fp2,frontopolar,kanan,330.18,331.485,1.805,1.305,late,video,0.0,True,False,14.054036767523847,14.885927595604496,10.397000342207512,13.688780834376455
P21,AGEM KANAN,4,TURUN,F4,frontal,kanan,330.18,331.485,1.805,1.305,late,video,0.0,True,False,12.004526189767745,13.27379216449009,9.244255716948217,11.718616589046277
P21,AGEM KANAN,4,TURUN,C4,sentral,kanan,330.18,331.485,1.805,1.305,late,video,0.0,True,False,4.642926365312306,10.123530485000018,10.929816613862016,6.555745835861202
P21,AGEM KANAN,4,TURUN,P4,parietal,kanan,330.18,331.485,1.805,1.305,late,video,0.0,True,False,9.596756748034608,7.88609360854548,6.30648866398186,8.47176729961462
P21,AGEM KANAN,4,TURUN,O2,oksipital,kanan,330.18,331.485,1.805,1.305,late,video,0.0,True,False,12.009254603325672,13.557284829752305,10.774913543099736,14.362787308136166
P21,AGEM KANAN,4,TURUN,F8,frontotemporal,kanan,330.18,331.485,1.805,1.305,late,video,0.0,True,False,3.551788766564016,5.442164737951913,2.071536555973722,4.84195299016185
P21,AGEM KANAN,4,TURUN,T4,temporal,kanan,330.18,331.485,1.805,1.305,late,video,0.0,True,False,4.221416529810909,8.288680222989,8.541200099388355,4.808763514633512
P21,AGEM KANAN,4,TURUN,T6,temporo-posterior,kanan,330.18,331.485,1.805,1.305,late,video,0.0,True,False,10.01217709895576,11.310530900406398,9.38322576688941,10.89214976828459
P21,AGEM KANAN,4,TAHAN,Fp1,frontopolar,kiri,331.985,334.346,2.861,2.361,late,video,0.0,True,False,-1.9904951115106613,0.8933488302740109,-1.0144413159210401,-0.49108746721889673
P21,AGEM KANAN,4,TAHAN,F3,frontal,kiri,331.985,334.346,2.861,2.361,late,video,0.0,True,False,0.37577581397640714,0.488040479734579,0.05958171567171533,1.8180360574135435
P21,AGEM KANAN,4,TAHAN,C3,sentral,kiri,331.985,334.346,2.861,2.361,late,video,0.199,False,False,,,,
P21,AGEM KANAN,4,TAHAN,P3,parietal,kiri,331.985,334.346,2.861,2.361,late,video,0.284,False,False,,,,
P21,AGEM KANAN,4,TAHAN,O1,oksipital,kiri,331.985,334.346,2.861,2.361,late,video,0.03,True,False,-3.092072941124904,-3.208081709844425,-3.49654869956332,-2.9797531775131247
P21,AGEM KANAN,4,TAHAN,F7,frontotemporal,kiri,331.985,334.346,2.861,2.361,late,video,0.0,True,False,1.112903334376881,-0.508636755604762,-2.00459772897819,1.6137633551144859
P21,AGEM KANAN,4,TAHAN,T3,temporal,kiri,331.985,334.346,2.861,2.361,late,video,0.03,True,False,-3.078895036705717,-0.732383033774525,-0.961057817948852,-0.6928595995325963
P21,AGEM KANAN,4,TAHAN,T5,temporo-posterior,kiri,331.985,334.346,2.861,2.361,late,video,0.0,True,False,-2.4759711122878514,-3.603726189684515,-4.7880181067932135,-3.5179958937827394
P21,AGEM KANAN,4,TAHAN,Fp2,frontopolar,kanan,331.985,334.346,2.861,2.361,late,video,0.0,True,False,10.063174443591095,12.496777142619717,7.294546837060473,9.99290610841783
P21,AGEM KANAN,4,TAHAN,F4,frontal,kanan,331.985,334.346,2.861,2.361,late,video,0.0,True,False,10.48772572734137,13.46512893064471,7.214414552083152,11.015067264644564
P21,AGEM KANAN,4,TAHAN,C4,sentral,kanan,331.985,334.346,2.861,2.361,late,video,0.0,True,False,1.467218324543559,5.861774714802962,4.900284743978187,3.688179985810038
P21,AGEM KANAN,4,TAHAN,P4,parietal,kanan,331.985,334.346,2.861,2.361,late,video,0.0,True,False,8.04922259156779,7.035015545336989,7.322274138385431,7.470530181622955
P21,AGEM KANAN,4,TAHAN,O2,oksipital,kanan,331.985,334.346,2.861,2.361,late,video,0.0,True,False,12.210547532865377,11.577728623261919,7.879921042796205,11.20957005288749
P21,AGEM KANAN,4,TAHAN,F8,frontotemporal,kanan,331.985,334.346,2.861,2.361,late,video,0.0,True,False,0.07572030044434541,3.3992532409618477,-0.60415365897736,1.7332696633153617
P21,AGEM KANAN,4,TAHAN,T4,temporal,kanan,331.985,334.346,2.861,2.361,late,video,0.0,True,False,-1.5438707308178294,3.8060585287312776,3.0595882800137915,-0.9226504337001984
P21,AGEM KANAN,4,TAHAN,T6,temporo-posterior,kanan,331.985,334.346,2.861,2.361,late,video,0.0,True,False,7.217799314545182,10.006195199835119,6.18713887371505,8.782652652349348
P21,AGEM KANAN,4,NAIK,Fp1,frontopolar,kiri,334.767,335.564,1.139,0.797,late,video,0.0,True,False,-1.199924462668001,5.248441537119888,3.6287130712388453,4.649420915345196
P21,AGEM KANAN,4,NAIK,F3,frontal,kiri,334.767,335.564,1.139,0.797,late,video,0.0,True,False,1.9842295930805207,7.391119242193966,6.033174247997501,6.382899734316588
P21,AGEM KANAN,4,NAIK,C3,sentral,kiri,334.767,335.564,1.139,0.797,late,video,0.0,True,False,0.8888895846175799,5.338622727946781,9.450675085596739,3.2541740942817583
P21,AGEM KANAN,4,NAIK,P3,parietal,kiri,334.767,335.564,1.139,0.797,late,video,0.0,True,False,-0.5863869537314628,4.357517308269426,5.574478020568513,4.366084836219848
P21,AGEM KANAN,4,NAIK,O1,oksipital,kiri,334.767,335.564,1.139,0.797,late,video,0.0,True,False,-1.4341545074804714,-0.03183052368651573,1.379846187883146,-1.2628852228289276
P21,AGEM KANAN,4,NAIK,F7,frontotemporal,kiri,334.767,335.564,1.139,0.797,late,video,0.0,True,False,-2.2430016158978248,0.5381638460602076,2.903491665922637,3.1960834946932906
P21,AGEM KANAN,4,NAIK,T3,temporal,kiri,334.767,335.564,1.139,0.797,late,video,0.0,True,False,-4.0123620478454,2.493686515598938,2.2311967172885687,2.17259936518294
P21,AGEM KANAN,4,NAIK,T5,temporo-posterior,kiri,334.767,335.564,1.139,0.797,late,video,0.0,True,False,2.220438428532283,5.554675636493183,5.102286812361356,3.76824879439679
P21,AGEM KANAN,4,NAIK,Fp2,frontopolar,kanan,334.767,335.564,1.139,0.797,late,video,0.0,True,False,9.107148472039235,14.482823234095878,13.576494002025765,14.593147521742782
P21,AGEM KANAN,4,NAIK,F4,frontal,kanan,334.767,335.564,1.139,0.797,late,video,0.0,True,False,12.744800728137093,12.590303098594674,12.956558487972977,11.635527044838867
P21,AGEM KANAN,4,NAIK,C4,sentral,kanan,334.767,335.564,1.139,0.797,late,video,0.0,True,False,3.8465757824412563,12.094036206540366,11.251304063970771,11.76637659246201
P21,AGEM KANAN,4,NAIK,P4,parietal,kanan,334.767,335.564,1.139,0.797,late,video,0.0,True,False,9.373878704202248,10.097468207859507,7.940401019256022,11.314907940996235
P21,AGEM KANAN,4,NAIK,O2,oksipital,kanan,334.767,335.564,1.139,0.797,late,video,0.0,True,False,11.094540210537453,16.797440429641952,9.944859108158326,10.901909094119038
P21,AGEM KANAN,4,NAIK,F8,frontotemporal,kanan,334.767,335.564,1.139,0.797,late,video,0.0,True,False,-1.1861184591259075,3.613635678011505,4.055442901174995,4.892110472215045
P21,AGEM KANAN,4,NAIK,T4,temporal,kanan,334.767,335.564,1.139,0.797,late,video,0.0,True,False,2.8116351410362483,8.460754175551997,10.737984854870966,7.100056142615124
P21,AGEM KANAN,4,NAIK,T6,temporo-posterior,kanan,334.767,335.564,1.139,0.797,late,video,0.0,True,False,10.223844933242539,10.992557707561026,14.86848679487455,12.754997230755627
P21,AGEM KANAN,4,POST,Fp1,frontopolar,kiri,336.235,337.735,1.5,1.5,late,video,0.0,True,False,3.114237052842306,0.9985276677164201,-0.9386748026309313,2.539810061110437
P21,AGEM KANAN,4,POST,F3,frontal,kiri,336.235,337.735,1.5,1.5,late,video,0.0,True,False,7.215599496927986,3.697497982855616,1.5575288305272323,7.947050097048702
P21,AGEM KANAN,4,POST,C3,sentral,kiri,336.235,337.735,1.5,1.5,late,video,0.0,True,False,4.851754708622273,1.8108916758108187,3.2341744315335177,4.288692809150369
P21,AGEM KANAN,4,POST,P3,parietal,kiri,336.235,337.735,1.5,1.5,late,video,0.0,True,False,0.7326043981449999,-2.5896299229207393,-0.9263428145360386,0.5712717146701891
P21,AGEM KANAN,4,POST,O1,oksipital,kiri,336.235,337.735,1.5,1.5,late,video,0.0,True,False,-2.42717177191993,-3.8536917372845174,-3.539076077994647,-0.4953433984236071
P21,AGEM KANAN,4,POST,F7,frontotemporal,kiri,336.235,337.735,1.5,1.5,late,video,0.0,True,False,1.784613505206444,-3.230485630981903,-2.5479935803325375,0.7705600266739268
P21,AGEM KANAN,4,POST,T3,temporal,kiri,336.235,337.735,1.5,1.5,late,video,0.0,True,False,-1.6208601221017958,-3.019032782251635,-5.428611900117797,-0.36007071287505
P21,AGEM KANAN,4,POST,T5,temporo-posterior,kiri,336.235,337.735,1.5,1.5,late,video,0.0,True,False,5.213588294123632,2.3041605765173365,1.682276426023769,3.5144164357319383
P21,AGEM KANAN,4,POST,Fp2,frontopolar,kanan,336.235,337.735,1.5,1.5,late,video,0.0,True,False,11.440366138947212,10.352171444127304,6.837700395966976,9.626444736259916
P21,AGEM KANAN,4,POST,F4,frontal,kanan,336.235,337.735,1.5,1.5,late,video,0.0,True,False,17.564678893245755,18.365690673651997,13.381136786932807,16.939519297495828
P21,AGEM KANAN,4,POST,C4,sentral,kanan,336.235,337.735,1.5,1.5,late,video,0.0,True,False,5.152139338876239,3.0715726140899875,4.336674639955568,5.942536911216052
P21,AGEM KANAN,4,POST,P4,parietal,kanan,336.235,337.735,1.5,1.5,late,video,0.0,True,False,3.1003277035567933,1.5542297418074256,-0.7897437430963379,3.029164225229742
P21,AGEM KANAN,4,POST,O2,oksipital,kanan,336.235,337.735,1.5,1.5,late,video,0.0,True,False,7.521036039193703,5.7500209097833945,3.4691191159091517,6.186469553346928
P21,AGEM KANAN,4,POST,F8,frontotemporal,kanan,336.235,337.735,1.5,1.5,late,video,0.0,True,False,4.79159710714309,1.4438256638573606,0.18525545738947713,4.267812944980584
P21,AGEM KANAN,4,POST,T4,temporal,kanan,336.235,337.735,1.5,1.5,late,video,0.0,True,False,6.48861036301453,5.251535275595536,5.183168044787472,5.876371337670889
P21,AGEM KANAN,4,POST,T6,temporo-posterior,kanan,336.235,337.735,1.5,1.5,late,video,0.0,True,False,3.3597915050050418,4.138084218678195,1.791125869445498,4.387475691515668
P21,AGEM KIRI,3,PRA,Fp1,frontopolar,kiri,338.129,340.129,2.0,2.0,late,video,0.0,True,False,13.588275880773821,11.969621411609985,7.530302961906418,13.234091479936247
P21,AGEM KIRI,3,PRA,F3,frontal,kiri,338.129,340.129,2.0,2.0,late,video,0.0,True,False,15.929410135959095,16.05134697168176,12.413825737845535,16.21310660341242
P21,AGEM KIRI,3,PRA,C3,sentral,kiri,338.129,340.129,2.0,2.0,late,video,0.0,True,False,16.08440383905188,17.661630101480927,18.093331046358603,17.637389004740342
P21,AGEM KIRI,3,PRA,P3,parietal,kiri,338.129,340.129,2.0,2.0,late,video,0.0,True,False,15.179000967100968,16.307194421717416,15.994517619594546,16.864610466657922
P21,AGEM KIRI,3,PRA,O1,oksipital,kiri,338.129,340.129,2.0,2.0,late,video,0.0,True,False,12.920285593298978,14.231896833253671,15.105563903897021,14.97872464405549
P21,AGEM KIRI,3,PRA,F7,frontotemporal,kiri,338.129,340.129,2.0,2.0,late,video,0.0,True,False,11.931573964861833,13.053409229531525,11.310895981020671,12.127120370925383
P21,AGEM KIRI,3,PRA,T3,temporal,kiri,338.129,340.129,2.0,2.0,late,video,0.0,True,False,12.935387334220692,14.08014215373494,15.064894372422486,14.944593987289728
P21,AGEM KIRI,3,PRA,T5,temporo-posterior,kiri,338.129,340.129,2.0,2.0,late,video,0.0,True,False,16.563349367412492,14.446396243089719,14.990559040762523,16.610690168293594
P21,AGEM KIRI,3,PRA,Fp2,frontopolar,kanan,338.129,340.129,2.0,2.0,late,video,0.0,True,False,17.334630819076594,21.118514295320832,11.402124784547155,20.22451295902513
P21,AGEM KIRI,3,PRA,F4,frontal,kanan,338.129,340.129,2.0,2.0,late,video,0.0,True,False,15.232723347815735,19.948315947831816,12.596591843311458,18.180370020720417
P21,AGEM KIRI,3,PRA,C4,sentral,kanan,338.129,340.129,2.0,2.0,late,video,0.0,True,False,11.964236629860352,15.946738994827676,10.866219957317263,15.61227477439499
P21,AGEM KIRI,3,PRA,P4,parietal,kanan,338.129,340.129,2.0,2.0,late,video,0.0,True,False,11.17977310948757,14.485883679960146,6.976435365381306,14.022523457081299
P21,AGEM KIRI,3,PRA,O2,oksipital,kanan,338.129,340.129,2.0,2.0,late,video,0.0,True,False,17.272364773141803,18.26260470655022,10.869017122311291,17.966820988954066
P21,AGEM KIRI,3,PRA,F8,frontotemporal,kanan,338.129,340.129,2.0,2.0,late,video,0.0,True,False,9.187529108950791,9.29898319609854,3.7413329111291524,10.252778704094773
P21,AGEM KIRI,3,PRA,T4,temporal,kanan,338.129,340.129,2.0,2.0,late,video,0.0,True,False,13.69868666512886,14.485586404606522,10.900678984587543,13.108477872715575
P21,AGEM KIRI,3,PRA,T6,temporo-posterior,kanan,338.129,340.129,2.0,2.0,late,video,0.0,True,False,12.92308610654056,14.804515286847511,8.266393866434953,15.958502406441738
P21,AGEM KIRI,3,TURUN,Fp1,frontopolar,kiri,346.135,347.067,1.332,0.932,late,video,0.0,True,False,8.706149738286378,6.185433939211286,2.1889592065638404,9.878471414247144
P21,AGEM KIRI,3,TURUN,F3,frontal,kiri,346.135,347.067,1.332,0.932,late,video,0.0,True,False,10.39474366713744,9.10568719867593,4.63089026794956,10.943619455449351
P21,AGEM KIRI,3,TURUN,C3,sentral,kiri,346.135,347.067,1.332,0.932,late,video,0.0,True,False,8.973852232926895,4.930100368644059,7.158719399687296,6.68679723040723
P21,AGEM KIRI,3,TURUN,P3,parietal,kiri,346.135,347.067,1.332,0.932,late,video,0.0,True,False,9.410145631169662,4.164620267360146,7.057630004987647,7.92727268196721
P21,AGEM KIRI,3,TURUN,O1,oksipital,kiri,346.135,347.067,1.332,0.932,late,video,0.0,True,False,4.957310552394198,1.9639010496998992,3.5890695016580594,6.275255656873341
P21,AGEM KIRI,3,TURUN,F7,frontotemporal,kiri,346.135,347.067,1.332,0.932,late,video,0.0,True,False,5.984373407805016,3.467419644095834,6.568830786464929,7.792513761114428
P21,AGEM KIRI,3,TURUN,T3,temporal,kiri,346.135,347.067,1.332,0.932,late,video,0.0,True,False,9.080012952445983,2.9722748979887115,8.33028978472241,8.368656308629767
P21,AGEM KIRI,3,TURUN,T5,temporo-posterior,kiri,346.135,347.067,1.332,0.932,late,video,0.0,True,False,9.056515758754564,6.381539159633132,7.781322939670741,6.546554324163054
P21,AGEM KIRI,3,TURUN,Fp2,frontopolar,kanan,346.135,347.067,1.332,0.932,late,video,0.0,True,False,7.376730022079656,8.0419051109732,5.315032943226434,9.653221401096634
P21,AGEM KIRI,3,TURUN,F4,frontal,kanan,346.135,347.067,1.332,0.932,late,video,0.0,True,False,7.599534977019474,5.55143088616547,5.744040678582813,5.808439398621367
P21,AGEM KIRI,3,TURUN,C4,sentral,kanan,346.135,347.067,1.332,0.932,late,video,0.0,True,False,7.087353973156901,5.224279000685627,4.586954532560938,9.861319316307842
P21,AGEM KIRI,3,TURUN,P4,parietal,kanan,346.135,347.067,1.332,0.932,late,video,0.0,True,False,6.835642628110328,7.897175828724386,4.331417472713426,8.149832607920978
P21,AGEM KIRI,3,TURUN,O2,oksipital,kanan,346.135,347.067,1.332,0.932,late,video,0.0,True,False,2.042015634844681,6.051509535694521,7.404585689435713,6.498932167376541
P21,AGEM KIRI,3,TURUN,F8,frontotemporal,kanan,346.135,347.067,1.332,0.932,late,video,0.0,True,False,7.046948153841299,6.312851424227077,0.10985001848752773,8.925165448271137
P21,AGEM KIRI,3,TURUN,T4,temporal,kanan,346.135,347.067,1.332,0.932,late,video,0.0,True,False,3.3332412480382416,3.8737510634337724,3.766034742752055,6.504242348736263
P21,AGEM KIRI,3,TURUN,T6,temporo-posterior,kanan,346.135,347.067,1.332,0.932,late,video,0.0,True,False,8.854751801804625,7.163894926740625,7.287598500182412,6.66981822360686
P21,AGEM KIRI,3,TAHAN,Fp1,frontopolar,kiri,347.517,349.614,2.597,2.097,late,video,0.0,True,False,-0.6990972813597551,3.2481780955214106,1.4615474162409647,2.3015817930940656
P21,AGEM KIRI,3,TAHAN,F3,frontal,kiri,347.517,349.614,2.597,2.097,late,video,0.0,True,False,4.123945981769104,5.071263520293659,2.042599397395911,4.942591326650202
P21,AGEM KIRI,3,TAHAN,C3,sentral,kiri,347.517,349.614,2.597,2.097,late,video,0.0,True,False,-1.080951113096603,-3.0040924259420017,-4.292320080053575,-0.7511628888867072
P21,AGEM KIRI,3,TAHAN,P3,parietal,kiri,347.517,349.614,2.597,2.097,late,video,0.0,True,False,-2.963429937371181,-4.560571478189324,-1.4835186665903919,-1.2867266962010753
P21,AGEM KIRI,3,TAHAN,O1,oksipital,kiri,347.517,349.614,2.597,2.097,late,video,0.0,True,False,-5.881266193369548,-6.974390904549139,-6.34049415074583,-5.206312404691925
P21,AGEM KIRI,3,TAHAN,F7,frontotemporal,kiri,347.517,349.614,2.597,2.097,late,video,0.0,True,False,1.8969383735253373,2.8555013608209094,1.0810704707899994,2.704392436400447
P21,AGEM KIRI,3,TAHAN,T3,temporal,kiri,347.517,349.614,2.597,2.097,late,video,0.0,True,False,4.131305784627983,2.7374328638415193,2.4285179593261326,5.461249188953666
P21,AGEM KIRI,3,TAHAN,T5,temporo-posterior,kiri,347.517,349.614,2.597,2.097,late,video,0.0,True,False,8.019486272505844,5.246789371678968,2.983571972013088,6.918935563998758
P21,AGEM KIRI,3,TAHAN,Fp2,frontopolar,kanan,347.517,349.614,2.597,2.097,late,video,0.0,True,False,-0.4507077843570997,1.49633535899493,3.260622318802394,2.9645803503088786
P21,AGEM KIRI,3,TAHAN,F4,frontal,kanan,347.517,349.614,2.597,2.097,late,video,0.0,True,False,-0.20153420893454665,0.8963094936697971,-1.040422665914928,0.2304787826569843
P21,AGEM KIRI,3,TAHAN,C4,sentral,kanan,347.517,349.614,2.597,2.097,late,video,0.0,True,False,2.378756308296566,-1.0525271280294852,6.957126413370503,3.1221352059313574
P21,AGEM KIRI,3,TAHAN,P4,parietal,kanan,347.517,349.614,2.597,2.097,late,video,0.0,True,False,1.792665254522234,1.405317476937853,2.2127749013815645,1.9994464545404824
P21,AGEM KIRI,3,TAHAN,O2,oksipital,kanan,347.517,349.614,2.597,2.097,late,video,0.0,True,False,2.057439712794583,2.346344283506159,5.572578297348883,2.0492679891851857
P21,AGEM KIRI,3,TAHAN,F8,frontotemporal,kanan,347.517,349.614,2.597,2.097,late,video,0.0,True,False,-0.5456706256342514,2.8731448721480177,1.4480306900306985,1.730766723087676
P21,AGEM KIRI,3,TAHAN,T4,temporal,kanan,347.517,349.614,2.597,2.097,late,video,0.0,True,False,-0.06313572720758032,0.11388028674114992,1.9289004259820963,2.736720264042944
P21,AGEM KIRI,3,TAHAN,T6,temporo-posterior,kanan,347.517,349.614,2.597,2.097,late,video,0.0,True,False,0.6089794362154919,1.3724988573112,1.6355482870361229,3.0247791348713235
P21,AGEM KIRI,3,NAIK,Fp1,frontopolar,kiri,350.114,351.35,1.736,1.236,late,video,0.0,True,False,4.370288255764869,6.204813795023476,4.478285800242091,5.332243624630074
P21,AGEM KIRI,3,NAIK,F3,frontal,kiri,350.114,351.35,1.736,1.236,late,video,0.0,True,False,4.848398285431962,5.169962018826453,5.291541950474802,5.385382496527537
P21,AGEM KIRI,3,NAIK,C3,sentral,kiri,350.114,351.35,1.736,1.236,late,video,0.0,True,False,3.2586223826366236,1.2606172348549372,5.1951069872450475,3.8268418717517463
P21,AGEM KIRI,3,NAIK,P3,parietal,kiri,350.114,351.35,1.736,1.236,late,video,0.0,True,False,-0.24364532996985133,-2.9661597963076574,-0.9480471797533809,-1.0080328649641856
P21,AGEM KIRI,3,NAIK,O1,oksipital,kiri,350.114,351.35,1.736,1.236,late,video,0.0,True,False,-5.645869796799971,-8.766644164565456,-3.78593054974732,-6.03599893787008
P21,AGEM KIRI,3,NAIK,F7,frontotemporal,kiri,350.114,351.35,1.736,1.236,late,video,0.0,True,False,2.8184698232339613,2.1322080015108895,7.115122423254192,3.724462022110373
P21,AGEM KIRI,3,NAIK,T3,temporal,kiri,350.114,351.35,1.736,1.236,late,video,0.726,False,False,,,,
P21,AGEM KIRI,3,NAIK,T5,temporo-posterior,kiri,350.114,351.35,1.736,1.236,late,video,0.0,True,False,-3.0317087102140157,-6.890834296646791,-3.9122914830956432,-5.099189872510308
P21,AGEM KIRI,3,NAIK,Fp2,frontopolar,kanan,350.114,351.35,1.736,1.236,late,video,0.0,True,False,2.0235590511926596,4.776852282806544,3.9238554321022967,2.9640582188642064
P21,AGEM KIRI,3,NAIK,F4,frontal,kanan,350.114,351.35,1.736,1.236,late,video,0.0,True,False,8.999837895715928,9.286604264555486,6.850490350563671,8.37945371374763
P21,AGEM KIRI,3,NAIK,C4,sentral,kanan,350.114,351.35,1.736,1.236,late,video,0.0,True,False,5.213836207556341,5.178258312884395,3.130459005659528,5.062917485405151
P21,AGEM KIRI,3,NAIK,P4,parietal,kanan,350.114,351.35,1.736,1.236,late,video,0.0,True,False,8.544383806875018,9.765987382936643,8.414505139172505,7.782664695010212
P21,AGEM KIRI,3,NAIK,O2,oksipital,kanan,350.114,351.35,1.736,1.236,late,video,0.0,True,False,5.646554308210426,9.036563717886686,9.177760227887468,5.923521763811795
P21,AGEM KIRI,3,NAIK,F8,frontotemporal,kanan,350.114,351.35,1.736,1.236,late,video,0.0,True,False,3.181225639687156,5.417957290668518,4.404921580159662,4.885364076929029
P21,AGEM KIRI,3,NAIK,T4,temporal,kanan,350.114,351.35,1.736,1.236,late,video,0.0,True,False,-6.411756304284346,0.40261660798798715,4.980998606581739,-2.5127014658762405
P21,AGEM KIRI,3,NAIK,T6,temporo-posterior,kanan,350.114,351.35,1.736,1.236,late,video,0.0,True,False,11.423172303008727,9.389143137908732,6.17286614731001,9.959910140525878
P21,AGEM KIRI,3,POST,Fp1,frontopolar,kiri,352.1,353.6,1.5,1.5,late,video,0.0,True,False,7.253306405700464,11.145741236439598,5.859012956518061,8.70783916016076
P21,AGEM KIRI,3,POST,F3,frontal,kiri,352.1,353.6,1.5,1.5,late,video,0.0,True,False,10.072875902674618,12.377219532249441,8.357689230725128,11.505011333764124
P21,AGEM KIRI,3,POST,C3,sentral,kiri,352.1,353.6,1.5,1.5,late,video,0.0,True,False,14.087510190824403,12.922304919148619,11.821949897343227,14.038954561458432
P21,AGEM KIRI,3,POST,P3,parietal,kiri,352.1,353.6,1.5,1.5,late,video,0.0,True,False,12.693438418105067,9.759882604313677,7.710105042761704,11.513911506113125
P21,AGEM KIRI,3,POST,O1,oksipital,kiri,352.1,353.6,1.5,1.5,late,video,0.0,True,False,9.484591648243864,7.089595219770807,6.17039275080009,9.181071355026766
P21,AGEM KIRI,3,POST,F7,frontotemporal,kiri,352.1,353.6,1.5,1.5,late,video,0.0,True,False,6.143067635018689,9.379277150109246,6.674193124441828,9.362832496027359
P21,AGEM KIRI,3,POST,T3,temporal,kiri,352.1,353.6,1.5,1.5,late,video,0.0,True,False,6.825593723260646,7.645759012358965,4.665987128296461,8.318942785254343
P21,AGEM KIRI,3,POST,T5,temporo-posterior,kiri,352.1,353.6,1.5,1.5,late,video,0.0,True,False,11.8469325573938,11.897571065170968,12.759890518763331,11.179694192647275
P21,AGEM KIRI,3,POST,Fp2,frontopolar,kanan,352.1,353.6,1.5,1.5,late,video,0.0,True,False,18.829616163232934,21.15984239077333,18.493263606021543,18.87038756446537
P21,AGEM KIRI,3,POST,F4,frontal,kanan,352.1,353.6,1.5,1.5,late,video,0.0,True,False,18.12477892278317,21.330474896501208,17.257047128594337,17.333214943071475
P21,AGEM KIRI,3,POST,C4,sentral,kanan,352.1,353.6,1.5,1.5,late,video,0.0,True,False,11.785508236635515,16.225379562086182,15.631916562896322,12.786816170036921
P21,AGEM KIRI,3,POST,P4,parietal,kanan,352.1,353.6,1.5,1.5,late,video,0.0,True,False,12.94931710178603,15.807155234959794,14.738988651180598,13.30251107290114
P21,AGEM KIRI,3,POST,O2,oksipital,kanan,352.1,353.6,1.5,1.5,late,video,0.0,True,False,17.40337468464117,21.10729558074685,17.720100279087198,17.391003330344855
P21,AGEM KIRI,3,POST,F8,frontotemporal,kanan,352.1,353.6,1.5,1.5,late,video,0.0,True,False,5.187047017537111,8.430039845018484,4.267528306109394,5.6654572852406275
P21,AGEM KIRI,3,POST,T4,temporal,kanan,352.1,353.6,1.5,1.5,late,video,0.0,True,False,14.97179420847236,16.02868599454431,17.325572128996463,13.770380666249167
P21,AGEM KIRI,3,POST,T6,temporo-posterior,kanan,352.1,353.6,1.5,1.5,late,video,0.0,True,False,14.970861904310127,17.34894621482922,14.8304077784409,15.566027695646419
P21,AGEM KIRI,4,PRA,Fp1,frontopolar,kiri,350.795,352.795,2.0,2.0,late,video,0.0,True,False,3.6752858193713394,7.736718746154658,3.6018729740240794,4.78940066559867
P21,AGEM KIRI,4,PRA,F3,frontal,kiri,350.795,352.795,2.0,2.0,late,video,0.0,True,False,3.489608070964522,5.53536692464532,5.251438008759877,5.6025619553991675
P21,AGEM KIRI,4,PRA,C3,sentral,kiri,350.795,352.795,2.0,2.0,late,video,0.0,True,False,4.198033355962217,7.358470229984011,8.862441264327966,6.403796442179235
P21,AGEM KIRI,4,PRA,P3,parietal,kiri,350.795,352.795,2.0,2.0,late,video,0.0,True,False,-2.7891430644940485,2.433183949705043,3.262449040319865,0.06197321201979378
P21,AGEM KIRI,4,PRA,O1,oksipital,kiri,350.795,352.795,2.0,2.0,late,video,0.0,True,False,-3.4851719433867885,-0.786692595363327,1.2436725796272867,-0.8762569835738248
P21,AGEM KIRI,4,PRA,F7,frontotemporal,kiri,350.795,352.795,2.0,2.0,late,video,0.0,True,False,1.718785530514019,2.6163331365461815,7.294509834817411,2.8234533763366017
P21,AGEM KIRI,4,PRA,T3,temporal,kiri,350.795,352.795,2.0,2.0,late,video,0.43,False,False,,,,
P21,AGEM KIRI,4,PRA,T5,temporo-posterior,kiri,350.795,352.795,2.0,2.0,late,video,0.0,True,False,2.953870305184928,8.289393216078633,10.54549793018651,4.7960695242715445
P21,AGEM KIRI,4,PRA,Fp2,frontopolar,kanan,350.795,352.795,2.0,2.0,late,video,0.0,True,False,12.295991598980471,14.726291885383116,9.425028499415557,11.521702065634319
P21,AGEM KIRI,4,PRA,F4,frontal,kanan,350.795,352.795,2.0,2.0,late,video,0.0,True,False,13.66506316007375,18.071904859358824,10.767905184003332,13.709845239327713
P21,AGEM KIRI,4,PRA,C4,sentral,kanan,350.795,352.795,2.0,2.0,late,video,0.0,True,False,8.444517752082149,11.532546107508836,8.222932107476186,8.117439648940191
P21,AGEM KIRI,4,PRA,P4,parietal,kanan,350.795,352.795,2.0,2.0,late,video,0.0,True,False,10.90557122883991,12.345307107522245,8.378981458485946,10.080923601310559
P21,AGEM KIRI,4,PRA,O2,oksipital,kanan,350.795,352.795,2.0,2.0,late,video,0.0,True,False,11.137808748638498,17.69084913947455,11.552034795334542,12.600643874382524
P21,AGEM KIRI,4,PRA,F8,frontotemporal,kanan,350.795,352.795,2.0,2.0,late,video,0.0,True,False,3.536627766727676,6.77846025045514,3.6868082807780915,4.588770437677013
P21,AGEM KIRI,4,PRA,T4,temporal,kanan,350.795,352.795,2.0,2.0,late,video,0.0,True,False,9.008261276503987,10.577436425170973,12.226493319802486,7.075448176865997
P21,AGEM KIRI,4,PRA,T6,temporo-posterior,kanan,350.795,352.795,2.0,2.0,late,video,0.0,True,False,7.9450993692478775,14.521204260105236,10.297563796596478,9.658591324684274
P21,AGEM KIRI,4,TURUN,Fp1,frontopolar,kiri,362.514,363.35,1.194,0.836,late,video,0.0,True,False,0.28888256236487564,0.6990531375051035,-0.4084360071124813,0.3014993125974357
P21,AGEM KIRI,4,TURUN,F3,frontal,kiri,362.514,363.35,1.194,0.836,late,video,0.0,True,False,4.880504383872257,3.4035105890904305,1.5132020692941985,3.869139546517367
P21,AGEM KIRI,4,TURUN,C3,sentral,kiri,362.514,363.35,1.194,0.836,late,video,0.0,True,False,0.936530277619589,2.3908466053432313,0.13517454156395914,1.1913258154453672
P21,AGEM KIRI,4,TURUN,P3,parietal,kiri,362.514,363.35,1.194,0.836,late,video,0.0,True,False,5.99049389678509,-0.08765821573472721,4.282201272447651,4.185148234548237
P21,AGEM KIRI,4,TURUN,O1,oksipital,kiri,362.514,363.35,1.194,0.836,late,video,0.0,True,False,3.3821464853100878,3.457636315772909,5.50720038231206,4.146364732203182
P21,AGEM KIRI,4,TURUN,F7,frontotemporal,kiri,362.514,363.35,1.194,0.836,late,video,0.0,True,False,-3.663062726846981,-1.0067827674742915,-4.121791121403799,-1.6945344883707563
P21,AGEM KIRI,4,TURUN,T3,temporal,kiri,362.514,363.35,1.194,0.836,late,video,0.0,True,False,-0.8137867030378132,-2.2671923796241025,-3.575571863400466,-1.7520757989959357
P21,AGEM KIRI,4,TURUN,T5,temporo-posterior,kiri,362.514,363.35,1.194,0.836,late,video,0.0,True,False,7.511272022676273,8.156279086087576,2.127786628338768,8.117244276948107
P21,AGEM KIRI,4,TURUN,Fp2,frontopolar,kanan,362.514,363.35,1.194,0.836,late,video,0.0,True,False,11.159083781640462,7.790872343591463,9.174634755292974,9.92759249885621
P21,AGEM KIRI,4,TURUN,F4,frontal,kanan,362.514,363.35,1.194,0.836,late,video,0.0,True,False,9.771254596212827,8.500053981322239,9.5818364607807,8.739061292818626
P21,AGEM KIRI,4,TURUN,C4,sentral,kanan,362.514,363.35,1.194,0.836,late,video,0.0,True,False,4.202613070932955,-0.45560646175135844,4.015415030219316,2.2752247254393225
P21,AGEM KIRI,4,TURUN,P4,parietal,kanan,362.514,363.35,1.194,0.836,late,video,0.0,True,False,6.104018874504035,5.027602290177811,3.5595012836981894,6.765563015329633
P21,AGEM KIRI,4,TURUN,O2,oksipital,kanan,362.514,363.35,1.194,0.836,late,video,0.0,True,False,11.090370296113079,13.032532094807422,7.442385979534492,9.192298546766569
P21,AGEM KIRI,4,TURUN,F8,frontotemporal,kanan,362.514,363.35,1.194,0.836,late,video,0.0,True,False,2.53616312487722,4.376541335100157,0.2932939575464033,2.8796199318778903
P21,AGEM KIRI,4,TURUN,T4,temporal,kanan,362.514,363.35,1.194,0.836,late,video,0.0,True,False,3.436363465200529,-2.1651895790523668,4.148397944159999,0.08238360265116995
P21,AGEM KIRI,4,TURUN,T6,temporo-posterior,kanan,362.514,363.35,1.194,0.836,late,video,0.0,True,False,8.739930544483535,8.96725029229934,9.2337620858926,9.651719307453881
P21,AGEM KIRI,4,TAHAN,Fp1,frontopolar,kiri,363.779,365.154,1.875,1.375,late,video,0.0,True,False,-0.7425236482054061,-2.0543062686024527,-2.559935928153866,0.07603916498169738
P21,AGEM KIRI,4,TAHAN,F3,frontal,kiri,363.779,365.154,1.875,1.375,late,video,0.0,True,False,2.194646750963777,2.699207528538807,0.17448720731169232,3.865590084928378
P21,AGEM KIRI,4,TAHAN,C3,sentral,kiri,363.779,365.154,1.875,1.375,late,video,0.0,True,False,0.7933808558499607,3.588416127264619,3.37140251147947,6.326360118647855
P21,AGEM KIRI,4,TAHAN,P3,parietal,kiri,363.779,365.154,1.875,1.375,late,video,0.0,True,False,6.701134312254091,4.52870017520247,4.01001184743523,6.393705357244215
P21,AGEM KIRI,4,TAHAN,O1,oksipital,kiri,363.779,365.154,1.875,1.375,late,video,0.0,True,False,-2.23414638464412,-0.738321698251994,-3.758331259127246,-1.9650523672321683
P21,AGEM KIRI,4,TAHAN,F7,frontotemporal,kiri,363.779,365.154,1.875,1.375,late,video,0.0,True,False,1.6453509760861706,-1.779767232175935,-3.9215995167540534,1.464833839571945
P21,AGEM KIRI,4,TAHAN,T3,temporal,kiri,363.779,365.154,1.875,1.375,late,video,0.0,True,False,1.6235153342482889,0.9125604630228139,-0.24383595120707113,3.270492888996614
P21,AGEM KIRI,4,TAHAN,T5,temporo-posterior,kiri,363.779,365.154,1.875,1.375,late,video,0.0,True,False,4.269898311564106,6.199666892778925,1.509007228358346,5.641338464689042
P21,AGEM KIRI,4,TAHAN,Fp2,frontopolar,kanan,363.779,365.154,1.875,1.375,late,video,0.0,True,False,2.7172125030922167,8.02651574762196,3.232944509553164,5.954436123789932
P21,AGEM KIRI,4,TAHAN,F4,frontal,kanan,363.779,365.154,1.875,1.375,late,video,0.0,True,False,5.135715329886885,6.5059571562296625,1.4175129236520547,5.254070365212506
P21,AGEM KIRI,4,TAHAN,C4,sentral,kanan,363.779,365.154,1.875,1.375,late,video,0.0,True,False,-3.0277155689711464,-0.22574896102617004,-1.586303371470276,-0.28954282316693636
P21,AGEM KIRI,4,TAHAN,P4,parietal,kanan,363.779,365.154,1.875,1.375,late,video,0.0,True,False,1.2331883247411,3.348721387652759,2.584181157037335,2.4373526285890605
P21,AGEM KIRI,4,TAHAN,O2,oksipital,kanan,363.779,365.154,1.875,1.375,late,video,0.0,True,False,1.8408453157750984,6.1873184175806415,1.5951292861769062,2.6341666779828365
P21,AGEM KIRI,4,TAHAN,F8,frontotemporal,kanan,363.779,365.154,1.875,1.375,late,video,0.0,True,False,-0.687561621342681,-0.6149512388234619,-2.927757796417591,-0.2917946286235207
P21,AGEM KIRI,4,TAHAN,T4,temporal,kanan,363.779,365.154,1.875,1.375,late,video,0.0,True,False,-1.4174992892708858,0.41315454396831797,2.1118199574223055,1.6498314848245315
P21,AGEM KIRI,4,TAHAN,T6,temporo-posterior,kanan,363.779,365.154,1.875,1.375,late,video,0.0,True,False,1.9572256677667568,1.6434539147060292,1.8238542366499217,2.632041661221457
P21,AGEM KIRI,4,NAIK,Fp1,frontopolar,kiri,365.604,366.537,1.333,0.933,late,video,0.0,True,False,-1.6347416777282433,1.3842456039393483,0.7262576243383165,2.13083435697461
P21,AGEM KIRI,4,NAIK,F3,frontal,kiri,365.604,366.537,1.333,0.933,late,video,0.0,True,False,3.779768596635975,5.970044915864953,3.615354202250714,4.766484750913815
P21,AGEM KIRI,4,NAIK,C3,sentral,kiri,365.604,366.537,1.333,0.933,late,video,0.0,True,False,9.879349242015856,7.599469237145183,7.769167009415185,9.03944908681948
P21,AGEM KIRI,4,NAIK,P3,parietal,kiri,365.604,366.537,1.333,0.933,late,video,0.0,True,False,9.828264990913603,10.938700588990162,11.040186986929271,11.174984272601897
P21,AGEM KIRI,4,NAIK,O1,oksipital,kiri,365.604,366.537,1.333,0.933,late,video,0.0,True,False,6.516264640395235,2.5362918747458068,4.404381109192698,7.085915247226104
P21,AGEM KIRI,4,NAIK,F7,frontotemporal,kiri,365.604,366.537,1.333,0.933,late,video,0.0,True,False,-1.1163048811468101,2.6814965619143862,2.7582004581142456,5.541406087594275
P21,AGEM KIRI,4,NAIK,T3,temporal,kiri,365.604,366.537,1.333,0.933,late,video,0.0,True,False,2.5735267613137225,0.821882460114999,1.20848957165623,5.027170398659273
P21,AGEM KIRI,4,NAIK,T5,temporo-posterior,kiri,365.604,366.537,1.333,0.933,late,video,0.0,True,False,7.905323655282615,4.486298026694971,6.0365089007113575,8.904896257986572
P21,AGEM KIRI,4,NAIK,Fp2,frontopolar,kanan,365.604,366.537,1.333,0.933,late,video,0.0,True,False,11.140237310370765,10.430033879085723,10.866994247622351,12.057965571401542
P21,AGEM KIRI,4,NAIK,F4,frontal,kanan,365.604,366.537,1.333,0.933,late,video,0.0,True,False,13.232180792240456,8.78450885755771,8.68305841494999,11.98811401672112
P21,AGEM KIRI,4,NAIK,C4,sentral,kanan,365.604,366.537,1.333,0.933,late,video,0.0,True,False,6.574025764030239,3.469788044157248,5.082036636000993,6.681609948821688
P21,AGEM KIRI,4,NAIK,P4,parietal,kanan,365.604,366.537,1.333,0.933,late,video,0.0,True,False,2.714384125983848,4.927353083036941,4.849195728441799,6.934569524463527
P21,AGEM KIRI,4,NAIK,O2,oksipital,kanan,365.604,366.537,1.333,0.933,late,video,0.0,True,False,10.531717033506972,13.207347573227416,8.207302375912583,11.153388542567637
P21,AGEM KIRI,4,NAIK,F8,frontotemporal,kanan,365.604,366.537,1.333,0.933,late,video,0.0,True,False,-2.116313750575692,1.7967001353535395,0.3685274140070085,0.19640462018185545
P21,AGEM KIRI,4,NAIK,T4,temporal,kanan,365.604,366.537,1.333,0.933,late,video,0.0,True,False,4.990285550590016,4.70450313597852,6.069129756949906,8.140827969091227
P21,AGEM KIRI,4,NAIK,T6,temporo-posterior,kanan,365.604,366.537,1.333,0.933,late,video,0.0,True,False,10.92300245672223,7.387387730869499,9.579463794408284,10.91644934051898
P21,AGEM KIRI,4,POST,Fp1,frontopolar,kiri,367.237,368.737,1.5,1.5,late,video,0.0,True,False,9.646286138133384,10.350700106134681,6.399090933709697,12.186768590763762
P21,AGEM KIRI,4,POST,F3,frontal,kiri,367.237,368.737,1.5,1.5,late,video,0.0,True,False,13.895368720220581,16.490597957347795,7.612215437568079,16.356386214186415
P21,AGEM KIRI,4,POST,C3,sentral,kiri,367.237,368.737,1.5,1.5,late,video,0.0,True,False,13.824238724980816,15.373936709954496,13.918798012999414,17.3012925396916
P21,AGEM KIRI,4,POST,P3,parietal,kiri,367.237,368.737,1.5,1.5,late,video,0.0,True,False,13.623584964411492,14.265041739294066,11.620348240119903,16.59260401119186
P21,AGEM KIRI,4,POST,O1,oksipital,kiri,367.237,368.737,1.5,1.5,late,video,0.0,True,False,12.121297305391238,12.697384998598999,10.847312348746705,14.652920696690543
P21,AGEM KIRI,4,POST,F7,frontotemporal,kiri,367.237,368.737,1.5,1.5,late,video,0.0,True,False,14.563977562245249,14.208233872973402,13.471337947856163,14.185966301869037
P21,AGEM KIRI,4,POST,T3,temporal,kiri,367.237,368.737,1.5,1.5,late,video,0.0,True,False,11.823482268214335,13.074814677397221,13.757809921587558,15.701274000098977
P21,AGEM KIRI,4,POST,T5,temporo-posterior,kiri,367.237,368.737,1.5,1.5,late,video,0.0,True,False,14.442103464611115,15.792639763846555,16.571192994860123,15.288610713897008
P21,AGEM KIRI,4,POST,Fp2,frontopolar,kanan,367.237,368.737,1.5,1.5,late,video,0.0,True,False,21.49226251317841,18.90807150472141,16.0309890195026,19.357858121764085
P21,AGEM KIRI,4,POST,F4,frontal,kanan,367.237,368.737,1.5,1.5,late,video,0.0,True,False,16.924522648905658,18.7268275034862,15.664158395637223,16.867416904888657
P21,AGEM KIRI,4,POST,C4,sentral,kanan,367.237,368.737,1.5,1.5,late,video,0.0,True,False,13.755257348523223,14.14520455156736,15.089743629405795,13.802739582791354
P21,AGEM KIRI,4,POST,P4,parietal,kanan,367.237,368.737,1.5,1.5,late,video,0.0,True,False,14.199252284697195,9.311532380768426,9.142263421135283,12.322451117739888
P21,AGEM KIRI,4,POST,O2,oksipital,kanan,367.237,368.737,1.5,1.5,late,video,0.0,True,False,17.187070235907974,15.746311356034731,12.964659573539535,15.77203915314546
P21,AGEM KIRI,4,POST,F8,frontotemporal,kanan,367.237,368.737,1.5,1.5,late,video,0.0,True,False,9.861335472440146,8.305905714284698,5.17359345758673,10.001687798278688
P21,AGEM KIRI,4,POST,T4,temporal,kanan,367.237,368.737,1.5,1.5,late,video,0.0,True,False,14.272718146764525,14.243183194518046,16.15968371775378,12.291141610279297
P21,AGEM KIRI,4,POST,T6,temporo-posterior,kanan,367.237,368.737,1.5,1.5,late,video,0.0,True,False,16.183536379165922,14.547464238117833,11.875275349068097,13.920842822597898
