participant_id,pool,phase,n_seg,is_simulated,level,unit,offset_change,exponent_change,theta_periodic_db,mu_periodic_db,beta_periodic_db,hemisphere,area,n_valid,few_segments,r2,global_offset_db,theta_relative_db,mu_relative_db,beta_relative_db,artifact_prone,noise_floor_db
P25,SEMUA,PRA,12,False,belahan,kiri,5.403935861995713,0.22749163459343502,0.07998430673635926,2.5012654444513203,0.1407120714635542,,,,,,,,,,,1.074401284530583
P25,SEMUA,PRA,12,False,belahan,kanan,4.195932630752253,0.28757975291897253,1.031722688936926,1.861057919914047,0.6294473549953901,,,,,,,,,,,1.074401284530583
P25,SEMUA,PRA,12,False,kanal,Fp1,3.8729877554819723,0.10004557018559335,-0.3899311160048341,2.9066957417594113,0.5117110858073429,kiri,frontopolar,11.0,False,0.992279966969001,5.403935861995713,-0.46991542274119336,0.405430297308091,0.37099901434378874,,1.074401284530583
P25,SEMUA,PRA,12,False,kanal,F3,3.9059465196175083,-0.04598188361776945,-0.454349463528287,1.7966439391927023,0.7307215374667454,kiri,frontal,7.0,False,0.9791306638052268,5.403935861995713,-0.5343337702646462,-0.704621505258618,0.5900094660031912,,1.074401284530583
P25,SEMUA,PRA,12,False,kanal,C3,2.8449977088570293,0.020084352226009683,-0.5355357439329478,2.4491018085515672,0.006439050509607636,kiri,sentral,10.0,False,0.9782630101372626,5.403935861995713,-0.615520050669307,-0.052163635899753036,-0.13427302095394655,,1.074401284530583
P25,SEMUA,PRA,12,False,kanal,P3,6.7706096967902525,0.3364822973412409,0.5608501410844896,2.2327860723174267,-0.32786182259651714,kiri,parietal,9.0,False,0.9864256300083479,5.403935861995713,0.48086583434813035,-0.2684793721338936,-0.4685738940600713,,1.074401284530583
P25,SEMUA,PRA,12,False,kanal,O1,8.987604430267695,0.6069968632460274,1.1106755032961395,0.5506442494623807,-0.08225394689209298,kiri,oksipital,12.0,False,0.9871198015933015,5.403935861995713,1.0306911965597803,-1.9506211949889396,-0.22296601835564717,,1.074401284530583
P25,SEMUA,PRA,12,False,kanal,F7,5.588212142692107,0.22279536661799337,0.42481059731886206,2.6441367595723264,0.7492930532940658,kiri,frontotemporal,11.0,False,0.9949207639731416,5.403935861995713,0.3448262905825028,0.14287131512100615,0.6085809818305117,,1.074401284530583
P25,SEMUA,PRA,12,False,kanal,T3,5.219659581299318,0.23218790256887667,-0.26484198384614355,2.591808206264973,0.27498509241750074,kiri,temporal,7.0,False,0.9865599549376929,5.403935861995713,-0.3448262905825028,0.09054276181365273,0.13427302095394655,,1.074401284530583
P25,SEMUA,PRA,12,False,kanal,T5,6.892639964503424,0.23893125188884623,2.7267430533424606,2.5534290803510733,-0.5852391560276091,kiri,temporo-posterior,9.0,False,0.9861455492905504,5.403935861995713,2.6467587466061016,0.052163635899753036,-0.7259512274911633,,1.074401284530583
P25,SEMUA,PRA,12,False,kanal,Fp2,10.417930281352312,0.6698728750910701,0.3621250392706732,1.37215013824694,0.7569981038344831,kanan,frontopolar,10.0,False,0.9930977892775308,4.195932630752253,-0.6695976496662528,-0.4889077816671068,0.127550748839093,,1.074401284530583
P25,SEMUA,PRA,12,False,kanal,F4,6.9546333473062205,0.4246572013308003,1.105869980671253,2.3633259409344762,0.49486557530073694,kanan,frontal,10.0,False,0.9963990227629941,4.195932630752253,0.0741472917343271,0.5022680210204293,-0.13458177969465313,,1.074401284530583
P25,SEMUA,PRA,12,False,kanal,C4,5.500979558946753,0.3320001895771003,1.012552245727724,3.341949419699698,0.501896606156297,kanan,sentral,10.0,False,0.9972747117218193,4.195932630752253,-0.019170443209201915,1.4808914997856513,-0.127550748839093,,1.074401284530583
P25,SEMUA,PRA,12,False,kanal,P4,4.497893570702665,0.16285012658977616,0.9199446221636942,1.45025399950097,0.2129271687736694,kanan,parietal,12.0,False,0.9977413868868256,4.195932630752253,-0.11177806677323177,-0.4108039204130769,-0.41652018622172066,,1.074401284530583
P25,SEMUA,PRA,12,False,kanal,O2,3.893971690801841,0.25122131840472495,0.6416503108017095,1.790171438324204,0.7693405493722855,kanan,oksipital,12.0,False,0.9934006002835224,4.195932630752253,-0.39007237813521645,-0.0708864815898429,0.1398931943768954,,1.074401284530583
P25,SEMUA,PRA,12,False,kanal,F8,0.9147934184999329,0.027578618503567576,1.2265142737375605,2.767723230027723,0.9402750870469399,kanan,frontotemporal,9.0,False,0.9944985858350871,4.195932630752253,0.19479158480063452,0.9066653101136759,0.3108277320515498,,1.074401284530583
P25,SEMUA,PRA,12,False,kanal,T4,3.082621459039423,0.18817809770947092,1.050893132146128,1.2358559447315338,0.7693207277023089,kanan,temporal,12.0,False,0.9957741373080494,4.195932630752253,0.019170443209201915,-0.6252019751825131,0.1398733727069188,,1.074401284530583
P25,SEMUA,PRA,12,False,kanal,T6,3.0149863946230298,0.3239381874332201,1.2935005066433793,1.9319444015038898,0.48127320495871134,kanan,temporo-posterior,12.0,False,0.9915660438208592,4.195932630752253,0.26177781770645336,0.0708864815898429,-0.14817415003667872,,1.074401284530583
P25,SEMUA,PRA,12,False,area,frontopolar,8.965039138705777,0.5783602633875027,0.14113129657986234,1.367852721548633,0.6483535800524279,,frontopolar,12.0,False,0.9937905675411326,,,,,True,1.074401284530583
P25,SEMUA,PRA,12,False,area,frontal,6.154561022220925,0.31702659387329657,0.968239529249416,2.0964244002984787,0.4670046221281654,,frontal,11.0,False,0.9964347100850868,,,,,False,1.074401284530583
P25,SEMUA,PRA,12,False,area,frontotemporal,5.740551977701145,0.28885653375621323,-0.31425646581885514,1.829446794682017,0.732407706654479,,frontotemporal,11.0,False,0.9952771388184847,,,,,True,1.074401284530583
P25,SEMUA,PRA,12,False,area,sentral,4.716987884517408,0.29073158226899354,0.48008513296033895,3.0173751910321682,0.6640432512165313,,sentral,12.0,False,0.9975738343902145,,,,,False,1.074401284530583
P25,SEMUA,PRA,12,False,area,temporal,3.8204488771237024,0.16783761111878848,0.8439456448691651,0.9580523696988363,0.6753049895821683,,temporal,12.0,False,0.9958728096748444,,,,,True,1.074401284530583
P25,SEMUA,PRA,12,False,area,parietal,6.024802565266562,0.24870743642655424,1.0684435309269547,1.8582876794854175,0.2751412820014791,,parietal,12.0,False,0.9970658739190988,,,,,False,1.074401284530583
P25,SEMUA,PRA,12,False,area,temporo-posterior,3.9433689406703465,0.25713351831223763,1.5831300591972397,2.04571666886619,0.2478288083990125,,temporo-posterior,12.0,False,0.9972495364496294,,,,,False,1.074401284530583
P25,SEMUA,PRA,12,False,area,oksipital,5.472101518026733,0.35238698523182976,0.49131730291049835,1.2943732233022613,0.44725958488360323,,oksipital,12.0,False,0.9934596836031845,,,,,False,1.074401284530583
P25,SEMUA,TURUN,12,False,belahan,kiri,-2.176476075913989,-0.18986351438545002,-0.6662006827233813,0.9987476492419143,0.41782681934149724,,,,,,,,,,,1.074401284530583
P25,SEMUA,TURUN,12,False,belahan,kanan,-1.4021061475267373,0.026973269226718943,0.5745382064598645,0.6717070893345019,0.5381040617310198,,,,,,,,,,,1.074401284530583
P25,SEMUA,TURUN,12,False,kanal,Fp1,-1.5412161682401688,-0.13350600988013284,-0.7270801422065104,0.12250675749763307,0.4481945599179399,kiri,frontopolar,11.0,False,0.9723527489195817,-2.176476075913989,-0.06087945948312912,-0.8762408917442812,0.030367740576442648,,1.074401284530583
P25,SEMUA,TURUN,12,False,kanal,F3,-1.8911226050441954,-0.2273545510271784,-0.6080478389383699,0.2625860688574857,0.7447470994238238,kiri,frontal,7.0,False,0.9740423756359363,-2.176476075913989,0.0581528437850114,-0.7361615803844286,0.32692028008232654,,1.074401284530583
P25,SEMUA,TURUN,12,False,kanal,C3,-2.1175652859541216,-0.119485006700774,-0.8490958505017082,0.7652875770187091,1.0722648680279614,kiri,sentral,8.0,False,0.9658851787951466,-2.176476075913989,-0.18289516777832693,-0.2334600722232052,0.6544380486864642,,1.074401284530583
P25,SEMUA,TURUN,12,False,kanal,P3,-2.813009244295962,-0.16974920265869797,-0.024637955169927728,1.957777892273732,0.22483867922334633,kiri,parietal,9.0,False,0.9931378778183403,-2.176476075913989,0.6415627275534536,0.9590302430318176,-0.1929881401181509,,1.074401284530583
P25,SEMUA,TURUN,12,False,kanal,O1,-7.19168484561753,-0.4761692514378453,0.0009974501978710082,2.8290201451185375,0.3874590787650546,kiri,oksipital,12.0,False,0.8918954405484119,-2.176476075913989,0.6671981329212523,1.8302724958766232,-0.030367740576442648,,1.074401284530583
P25,SEMUA,TURUN,12,False,kanal,F7,-1.0213458600235015,-0.1346303802004316,-1.5066596217065031,-0.28241855834250407,0.24910878741742715,kiri,frontotemporal,9.0,False,0.9264663645328324,-2.176476075913989,-0.8404589389831219,-1.2811662075844183,-0.1687180319240701,,1.074401284530583
P25,SEMUA,TURUN,12,False,kanal,T3,-2.2353868658738563,-0.20997782611220206,-0.5049640672399536,1.2322077214651195,0.5880960054085023,kiri,temporal,7.0,False,0.9506140522756389,-2.176476075913989,0.16123661548342771,0.2334600722232052,0.17026918606700503,,1.074401284530583
P25,SEMUA,TURUN,12,False,kanal,T5,-7.872079023355589,-0.528421211272279,-0.7243535265083927,2.9634596178816346,0.22781191607189477,kiri,temporo-posterior,9.0,False,0.945603529562038,-2.176476075913989,-0.0581528437850114,1.9647119686397203,-0.19001490326960246,,1.074401284530583
P25,SEMUA,TURUN,12,False,kanal,Fp2,-0.872191093040982,-0.08154654764892189,-0.671943465899712,-0.3321301473409557,0.5122370809107062,kanan,frontopolar,10.0,False,0.9950511440044184,-1.4021061475267373,-1.2464816723595766,-1.0038372366754575,-0.02586698082031358,,1.074401284530583
P25,SEMUA,TURUN,12,False,kanal,F4,-1.4582697756127487,0.007946702549096019,0.38664758205463334,0.20507480378956755,0.24821563938884905,kanan,frontal,9.0,False,0.9917400265925109,-1.4021061475267373,-0.1878906244052312,-0.4666322855449343,-0.2898884223421707,,1.074401284530583
P25,SEMUA,TURUN,12,False,kanal,C4,-3.8911645436009294,-0.1464993365441818,2.001620423071448,1.1113959062510843,0.19913436026223125,kanan,sentral,9.0,False,0.99141971008609,-1.4021061475267373,1.4270822166115835,0.43968881691658246,-0.3389697014687885,,1.074401284530583
P25,SEMUA,TURUN,12,False,kanal,P4,-0.626634140100137,0.10132254453520506,1.6041800669584838,1.631427214333581,1.3272939172030969,kanan,parietal,12.0,False,0.9949927776700124,-1.4021061475267373,1.0296418604986193,0.9597201249990792,0.7891898554720771,,1.074401284530583
P25,SEMUA,TURUN,12,False,kanal,O2,-1.345942519440726,0.1305829846331048,0.4829234141236749,-0.2053259818325106,1.763813405649994,kanan,oksipital,11.0,False,0.9827594176037032,-1.4021061475267373,-0.09161479233618963,-0.8770330711670125,1.2257093439189741,,1.074401284530583
P25,SEMUA,TURUN,12,False,kanal,F8,-1.8757684252432298,0.04599983590434187,0.502813960215105,0.7248510315145404,0.4643659414983683,kanan,frontotemporal,9.0,False,0.9893540326251796,-1.4021061475267373,-0.07172424624475948,0.053143942180038595,-0.07373812023265147,,1.074401284530583
P25,SEMUA,TURUN,12,False,kanal,T4,0.8654942000223116,0.23215121316942078,0.646262452704624,1.7334782721859439,0.5994159056916188,kanan,temporal,8.0,False,0.9925499962222447,-1.4021061475267373,0.07172424624475948,1.061771182851442,0.06131184396059908,,1.074401284530583
P25,SEMUA,TURUN,12,False,kanal,T6,-3.106793447219701,-0.07305269789236446,0.7919674336898108,0.6185631471544633,0.5639710425513333,kanan,temporo-posterior,12.0,False,0.9955958112302773,-1.4021061475267373,0.2174292272299463,-0.053143942180038595,0.02586698082031358,,1.074401284530583
P25,SEMUA,TURUN,12,False,area,frontopolar,-1.4282642882956935,-0.08127478291908963,-0.8385528772550904,-0.373369828869202,0.40901874241270497,,frontopolar,12.0,False,0.9955484441327346,,,,,True,1.074401284530583
P25,SEMUA,TURUN,12,False,area,frontal,-1.2549589987660923,-0.02527458086559764,0.45922401546588,0.2513755611047488,0.33680942579099216,,frontal,9.0,False,0.9932683025942166,,,,,False,1.074401284530583
P25,SEMUA,TURUN,12,False,area,frontotemporal,0.3936986587757261,0.07385834929075075,-1.304193475585071,-0.42825328671306373,0.6085952876878977,,frontotemporal,9.0,False,0.9896396387593362,,,,,True,1.074401284530583
P25,SEMUA,TURUN,12,False,area,sentral,-1.9378428126575713,0.004465041168439043,0.7437408784208799,0.6379076637998295,0.8016940387566257,,sentral,11.0,False,0.9941485533383647,,,,,False,1.074401284530583
P25,SEMUA,TURUN,12,False,area,temporal,0.8825795891510424,0.18107208171019407,0.7138246152474342,1.6557629664442448,0.4872203896207491,,temporal,8.0,False,0.991717563657285,,,,,True,1.074401284530583
P25,SEMUA,TURUN,12,False,area,parietal,-0.06963999476344185,0.10657077950979343,1.5670878227909075,1.5993325846455946,1.1805036318497286,,parietal,12.0,False,0.9963106825859825,,,,,False,1.074401284530583
P25,SEMUA,TURUN,12,False,area,temporo-posterior,-3.2571622310898647,-0.14008166063801264,0.4939429260061379,0.7665463094993457,0.30023352977658885,,temporo-posterior,12.0,False,0.9965204772602441,,,,,False,1.074401284530583
P25,SEMUA,TURUN,12,False,area,oksipital,-2.5445375059356863,-0.08949708288244684,-0.4749290334836781,0.22597147440668452,0.5839679118893423,,oksipital,12.0,False,0.9907123877386967,,,,,False,1.074401284530583
P25,SEMUA,TAHAN,11,False,belahan,kiri,-5.759378518996016,-0.3577161154641437,-0.2533471071563684,0.8049314174106446,0.6434540112675993,,,,,,,,,,,1.074401284530583
P25,SEMUA,TAHAN,11,False,belahan,kanan,-3.739578027958334,-0.03713155779428867,1.0491289220006959,0.4726009291053326,0.3833246117261172,,,,,,,,,,,1.074401284530583
P25,SEMUA,TAHAN,11,False,kanal,Fp1,-5.78218660980837,-0.29618857830387335,0.023606535506731086,0.9074921377294145,0.36500701532016966,kiri,frontopolar,10.0,False,0.9951546616955598,-5.759378518996016,0.27695364266309946,0.10256072031876995,-0.2784469959474296,,1.074401284530583
P25,SEMUA,TAHAN,11,False,kanal,F3,-2.219700189189517,-0.022446983881377447,-0.0045153239895125985,0.4243394855996039,0.6762530287931453,kiri,frontal,6.0,False,0.992361975807731,-5.759378518996016,0.24883178316685578,-0.3805919318110407,0.03279901752554604,,1.074401284530583
P25,SEMUA,TAHAN,11,False,kanal,C3,-7.767021187932606,-0.40632902983623986,-0.6824603133631957,0.731953955625503,1.0051210178668302,kiri,sentral,7.0,False,0.9710330466320938,-5.759378518996016,-0.4291132062068273,-0.07297746178514153,0.3616670065992309,,1.074401284530583
P25,SEMUA,TAHAN,11,False,kanal,P3,-5.505801416273329,-0.332118525521637,-0.20067848928636167,0.8779088791957861,0.335989873480118,kiri,parietal,7.0,False,0.986076487400381,-5.759378518996016,0.052668617870006706,0.07297746178514153,-0.3074641377874813,,1.074401284530583
P25,SEMUA,TAHAN,11,False,kanal,O1,-5.999738626118244,-0.38530963037530286,-0.3060157250263751,-0.23849129417678405,0.8352783921658761,kiri,oksipital,11.0,False,0.8144268682390975,-5.759378518996016,-0.052668617870006706,-1.0434227115874286,0.1918243808982768,,1.074401284530583
P25,SEMUA,TAHAN,11,False,kanal,F7,-4.836805779067738,-0.27042878691688155,-0.9675367461434264,0.952565846223242,0.6106549937420533,kiri,frontotemporal,8.0,False,0.9720837882433995,-5.759378518996016,-0.7141896389870581,0.14763442881259747,-0.032799017525545926,,1.074401284530583
P25,SEMUA,TAHAN,11,False,kanal,T3,-8.589946347571413,-0.48130202064702177,-1.0935272894313623,1.416263969945133,1.8607262551077617,kiri,temporal,6.0,False,0.8981561645805127,-5.759378518996016,-0.8401801822749939,0.6113325525344884,1.2172722438401624,,1.074401284530583
P25,SEMUA,TAHAN,11,False,kanal,T5,-5.736570428183661,-0.38331370540665044,0.6539845486154844,0.22222590375478202,0.5255163627329418,kiri,temporo-posterior,8.0,False,0.9839206940205626,-5.759378518996016,0.9073316557718527,-0.5827055136558625,-0.11793764853465749,,1.074401284530583
P25,SEMUA,TAHAN,11,False,kanal,Fp2,1.6281993906045145,0.3952833838469956,1.0156488639649812,-0.31873449054861025,0.3692873957316976,kanan,frontopolar,8.0,False,0.9949102980832859,-3.739578027958334,-0.03348005803571463,-0.7913354196539428,-0.014037215994419594,,1.074401284530583
P25,SEMUA,TAHAN,11,False,kanal,F4,-3.1670434982244586,0.001760150092280366,0.07031373732731161,1.018011238788708,0.31577112484475034,kanan,frontal,8.0,False,0.9939797783167906,-3.739578027958334,-0.9788151846733842,0.5454103096833753,-0.06755348688136686,,1.074401284530583
P25,SEMUA,TAHAN,11,False,kanal,C4,-5.848977924850367,-0.3026392448398998,1.6869301344597354,0.5850557716380291,0.3296732074574001,kanan,sentral,9.0,False,0.9918944064326546,-3.739578027958334,0.6378012124590395,0.11245484253269655,-0.05365140426871712,,1.074401284530583
P25,SEMUA,TAHAN,11,False,kanal,P4,-2.97432375188113,-0.0308657527535392,0.3978919767232675,1.6237539843988644,0.8769079087302464,kanan,parietal,11.0,False,0.9963480068751179,-3.739578027958334,-0.6512369452774284,1.1511530552935318,0.4935832970041292,,1.074401284530583
P25,SEMUA,TAHAN,11,False,kanal,O2,0.29979426808528586,0.2833409519385772,-1.2267824185808647,-1.1135398324538452,0.156480856297815,kanan,oksipital,10.0,False,0.9930026608550752,-3.739578027958334,-2.2759113405815605,-1.5861407615591778,-0.2268437554283022,,1.074401284530583
P25,SEMUA,TAHAN,11,False,kanal,F8,-4.31211255769221,-0.10022034421449,1.0826089800364107,0.20418739922283002,0.7519505255711434,kanan,frontotemporal,9.0,False,0.9922972879071058,-3.739578027958334,0.033480058035714855,-0.26841352988250256,0.3686259138450262,,1.074401284530583
P25,SEMUA,TAHAN,11,False,kanal,T4,-4.344753011206244,-0.13502230738193854,2.3483603771963386,0.360146086572636,0.39736182772053674,kanan,temporal,10.0,False,0.9940564174915764,-3.739578027958334,1.2992314551956428,-0.11245484253269655,0.014037215994419538,,1.074401284530583
P25,SEMUA,TAHAN,11,False,kanal,T6,-4.884497136407518,-0.043397362835038145,1.1152063278011493,1.682267193538265,0.4911191939024075,kanan,temporo-posterior,10.0,False,0.9861685583885692,-3.739578027958334,0.0660774058004534,1.2096662644329323,0.10779458217629029,,1.074401284530583
P25,SEMUA,TAHAN,11,False,area,frontopolar,-0.6625267963377155,0.22844466182919843,0.9127647744513443,-0.2941931614199045,0.3217239520127465,,frontopolar,10.0,False,0.9960864573686166,,,,,True,1.074401284530583
P25,SEMUA,TAHAN,11,False,area,frontal,-2.5601378602872344,-0.019016644334197252,0.3790826357870031,1.2080007679774667,0.2857095421340631,,frontal,11.0,False,0.9972305703585899,,,,,False,1.074401284530583
P25,SEMUA,TAHAN,11,False,area,frontotemporal,-3.3230606603274566,-0.11000879732733182,-0.27585933176634825,-0.1700669696591115,0.5267014857235146,,frontotemporal,10.0,False,0.994513675105894,,,,,True,1.074401284530583
P25,SEMUA,TAHAN,11,False,area,sentral,-4.077174851213137,-0.16047569534245043,1.3198849747279768,0.9913483112299613,1.0267592754330275,,sentral,11.0,False,0.9926495699761501,,,,,False,1.074401284530583
P25,SEMUA,TAHAN,11,False,area,temporal,-3.233471028513044,-0.11344066592646507,2.306745568762161,0.722135782283404,0.5962610900466077,,temporal,10.0,False,0.9953855573922893,,,,,True,1.074401284530583
P25,SEMUA,TAHAN,11,False,area,parietal,-1.7322277751846826,-0.018001100202807985,0.3980121633467165,1.3244225753880152,0.6613986957073642,,parietal,11.0,False,0.9953376627278547,,,,,False,1.074401284530583
P25,SEMUA,TAHAN,11,False,area,temporo-posterior,-5.182606865390234,-0.16596509478197485,0.9916973699128091,1.201295860903385,0.44385058968910623,,temporo-posterior,10.0,False,0.99216338795531,,,,,False,1.074401284530583
P25,SEMUA,TAHAN,11,False,area,oksipital,-1.9533141511889767,0.03709708010905266,-1.0982979812842513,-0.8474385303961953,1.5951902479117892,,oksipital,11.0,False,0.980128057177225,,,,,False,1.074401284530583
P25,SEMUA,NAIK,12,False,belahan,kiri,-3.590625791651327,-0.14924910162598326,-0.8514485303399588,0.6324792246230191,0.5907342545795653,,,,,,,,,,,1.074401284530583
P25,SEMUA,NAIK,12,False,belahan,kanan,-1.9832505855804392,-0.1813323495529876,0.6094547507133578,0.06395545225580812,0.7029028429287851,,,,,,,,,,,1.074401284530583
P25,SEMUA,NAIK,12,False,kanal,Fp1,-3.645910492763335,-0.19572537838726145,-1.6725861937547104,1.1163523806160405,0.23070792543346885,kiri,frontopolar,11.0,False,0.9658712854026841,-3.590625791651327,-0.8211376634147516,0.4838731559930214,-0.36002632914609645,,1.074401284530583
P25,SEMUA,NAIK,12,False,kanal,F3,1.0602725890030698,0.16140400280711797,-0.9686321518521558,0.6395925650044929,0.049195036246285406,kiri,frontal,8.0,False,0.9952477510699222,-3.590625791651327,-0.11718362151219697,0.0071133403814738205,-0.5415392183332799,,1.074401284530583
P25,SEMUA,NAIK,12,False,kanal,C3,-1.7189976117146841,-0.06626607696097242,-0.5696340255875743,1.5529878942537594,0.6823375454991796,kiri,sentral,8.0,False,0.9774839603239917,-3.590625791651327,0.28181450475238456,0.9205086696307403,0.09160329091961428,,1.074401284530583
P25,SEMUA,NAIK,12,False,kanal,P3,-3.6923591395222815,-0.2965343168219816,-1.6034399821674676,0.27443931339079963,0.4690094450932274,kiri,parietal,7.0,False,0.9236925400723137,-3.590625791651327,-0.7519914518275088,-0.35803991123221945,-0.1217248094863379,,1.074401284530583
P25,SEMUA,NAIK,12,False,kanal,O1,-7.3868821107423415,-0.5100526255881807,-0.734264908827762,0.19176043488478278,0.49913096365995113,kiri,oksipital,12.0,False,0.8573630858001978,-3.590625791651327,0.11718362151219686,-0.4407187897382363,-0.09160329091961417,,1.074401284530583
P25,SEMUA,NAIK,12,False,kanal,F7,-3.138255719164384,-0.10277282486470507,-2.369615839295336,0.5259911826862158,1.3802457932057703,kiri,frontotemporal,10.0,False,0.9136411830183272,-3.590625791651327,-1.518167308955377,-0.10648804193680328,0.789511538626205,,1.074401284530583
P25,SEMUA,NAIK,12,False,kanal,T3,-3.535341090539319,-0.0047128586338476275,-0.4773412807292615,0.6253658842415453,1.7805363563015217,kiri,temporal,8.0,False,0.9580838572656567,-3.590625791651327,0.3741072496106973,-0.0071133403814738205,1.1898021017219564,,1.074401284530583
P25,SEMUA,NAIK,12,False,kanal,T5,-6.168104174610868,-0.36449194582249955,0.09319596858519796,1.465771680132109,1.1394629110196821,kiri,temporo-posterior,10.0,False,0.9809730213080687,-3.590625791651327,0.9446444989251568,0.8332924555090899,0.5487286564401168,,1.074401284530583
P25,SEMUA,NAIK,12,False,kanal,Fp2,-1.7704673760753593,-0.26981521293428856,-0.8112314932571613,-2.075815874399838,-0.33484362915203997,kanan,frontopolar,10.0,False,0.8893578995882712,-1.9832505855804392,-1.420686243970519,-2.139771326655646,-1.0377464720808252,,1.074401284530583
P25,SEMUA,NAIK,12,False,kanal,F4,-4.011429229002431,-0.5033743031132374,1.1687407600737127,-0.07466333748431753,-0.5509094235664117,kanan,frontal,10.0,False,0.9657264430571443,-1.9832505855804392,0.559286009360355,-0.13861878974012565,-1.253812266495197,,1.074401284530583
P25,SEMUA,NAIK,12,False,kanal,C4,-2.196033795085519,-0.18620171179674272,-0.2171259946619325,1.0751560598965666,0.5357633576672884,kanan,sentral,10.0,False,0.9852041948963033,-1.9832505855804392,-0.8265807453752902,1.0112006076407585,-0.1671394852614967,,1.074401284530583
P25,SEMUA,NAIK,12,False,kanal,P4,-1.6350838664004783,-0.017973965049442375,0.7698318037793268,0.6228403438029586,1.0053843126410893,kanan,parietal,12.0,False,0.9953878577187804,-1.9832505855804392,0.16037705306596906,0.5588848915471505,0.30248146971230416,,1.074401284530583
P25,SEMUA,NAIK,12,False,kanal,O2,1.2563015523878462,0.1769737624530756,-0.7529815374785788,-0.24066739780464674,1.1719369593945415,kanan,oksipital,11.0,False,0.9917139562751488,-1.9832505855804392,-1.3624362881919365,-0.30462285006045486,0.4690341164657563,,1.074401284530583
P25,SEMUA,NAIK,12,False,kanal,F8,-6.3373679022109926,-0.5100373956430408,1.3579171607045093,-1.3072520871115176,0.9035556863352365,kanan,frontotemporal,10.0,False,0.9972301752454544,-1.9832505855804392,0.7484624099911515,-1.3712075393673258,0.2006528434064514,,1.074401284530583
P25,SEMUA,NAIK,12,False,kanal,T4,-1.358848923075577,-0.11182824910350186,0.4490776976473887,0.20257424199593377,0.8700423281902818,kanan,temporal,11.0,False,0.9897007987314169,-1.9832505855804392,-0.16037705306596906,0.13861878974012565,0.1671394852614967,,1.074401284530583
P25,SEMUA,NAIK,12,False,kanal,T6,-3.6687433119669066,-0.1764629873092325,1.4160926772922913,0.38954856549978745,-0.043580609383464086,kanan,temporo-posterior,12.0,False,0.9924968487523042,-1.9832505855804392,0.8066379265789335,0.3255931132439793,-0.7464834523122492,,1.074401284530583
P25,SEMUA,NAIK,12,False,area,frontopolar,-1.410092359470191,-0.053967157555942835,-0.540589741764193,-0.7079795013709029,1.2360200248937037,,frontopolar,12.0,False,0.9910129425543919,,,,,True,1.074401284530583
P25,SEMUA,NAIK,12,False,area,frontal,-4.026715614135526,-0.6201150568688707,0.9255182782044741,-0.18228568470790973,-0.4392623919388531,,frontal,10.0,False,0.9561560723168158,,,,,False,1.074401284530583
P25,SEMUA,NAIK,12,False,area,frontotemporal,-1.3462703072258009,-0.044264833784109836,-1.378960780544699,-1.1871471682850112,1.157567669021238,,frontotemporal,10.0,False,0.9688682019138123,,,,,True,1.074401284530583
P25,SEMUA,NAIK,12,False,area,sentral,-1.2669183734863196,-0.07492962341538978,-0.4941595472811078,1.2510944184752053,0.7250752623282684,,sentral,10.0,False,0.9907412394954699,,,,,False,1.074401284530583
P25,SEMUA,NAIK,12,False,area,temporal,-1.3805840413622974,-0.1684776876436438,0.4178347686170364,0.5247154922215249,0.7221184105194373,,temporal,11.0,False,0.9889635401718713,,,,,True,1.074401284530583
P25,SEMUA,NAIK,12,False,area,parietal,-0.680048334500647,-0.029035119687100597,0.6836540396831492,0.6923334618477703,0.7582204240381087,,parietal,12.0,False,0.9969064658333501,,,,,False,1.074401284530583
P25,SEMUA,NAIK,12,False,area,temporo-posterior,-3.810895328886943,-0.2067747336337562,1.1455283499279272,0.3197698754328342,0.04042590355632508,,temporo-posterior,12.0,False,0.9948383846072856,,,,,False,1.074401284530583
P25,SEMUA,NAIK,12,False,area,oksipital,-0.5743392003781196,0.011978566878120045,-0.870465305076204,-0.5309569222168906,1.0095366914359907,,oksipital,12.0,False,0.9916074872713161,,,,,False,1.074401284530583
P25,SEMUA,POST,12,False,belahan,kiri,3.488378407153899,-0.1791986041447725,1.7546077419452728,2.062212649716358,-0.16556773908377329,,,,,,,,,,,1.074401284530583
P25,SEMUA,POST,12,False,belahan,kanan,4.435347741383605,0.06509049060792549,2.7276919304146574,2.3966404726223347,0.5730476751650945,,,,,,,,,,,1.074401284530583
P25,SEMUA,POST,12,False,kanal,Fp1,3.27422838473467,-0.23270502579420005,1.5229741089749778,1.7251854230005819,-0.14627108991500598,kiri,frontopolar,12.0,False,0.9941594956107124,3.488378407153899,-0.23163363297029504,-0.33702722671577634,0.019296649168767305,,1.074401284530583
P25,SEMUA,POST,12,False,kanal,F3,3.3266327206334125,-0.2641258137715019,0.4636554412236098,-0.04193856416412434,-0.5463018885944025,kiri,frontal,10.0,False,0.9709067116300819,3.488378407153899,-1.290952300721663,-2.1041512138804825,-0.3807341495106292,,1.074401284530583
P25,SEMUA,POST,12,False,kanal,C3,4.102688922745706,-0.0994130677308076,1.050409998098711,1.844842203411003,-0.1848643882525406,kiri,sentral,12.0,False,0.9961924820614558,3.488378407153899,-0.7041977438465619,-0.21737044630535518,-0.019296649168767305,,1.074401284530583
P25,SEMUA,POST,12,False,kanal,P3,5.634451628090204,0.2639877432269271,1.8774665331060563,2.9230496398462154,0.4561309336404282,kiri,parietal,11.0,False,0.9891627360635055,3.488378407153899,0.12285879116078346,0.8608369901298571,0.6216986727242015,,1.074401284530583
P25,SEMUA,POST,12,False,kanal,O1,5.808048042956756,0.31674352927611116,1.8606403303755021,2.2815485628059347,-0.233314724367011,kiri,oksipital,12.0,False,0.9948307158686202,3.488378407153899,0.10603258843022934,0.21933591308957645,-0.06774698528323772,,1.074401284530583
P25,SEMUA,POST,12,False,kanal,F7,2.9906657072088265,-0.25432994613137594,1.8424900827815371,2.4703252082120315,0.08904684042290911,kiri,frontotemporal,12.0,False,0.9871723772893429,3.488378407153899,0.08788234083626434,0.4081125584956733,0.2546145795066824,,1.074401284530583
P25,SEMUA,POST,12,False,kanal,T3,3.041931142440127,-0.13173873206826814,1.7703953060652444,2.2795830960217134,-0.10163658925226576,kiri,temporal,10.0,False,0.9938074137687287,3.488378407153899,0.01578756411997162,0.21737044630535518,0.06393114983150752,,1.074401284530583
P25,SEMUA,POST,12,False,kanal,T5,3.6501240936743855,-0.22665847622127688,1.738820177825301,1.255589096166024,-0.6513101998130897,kiri,temporo-posterior,10.0,False,0.984901414179165,3.488378407153899,-0.015787564119971842,-0.8066235535503341,-0.48574246072931637,,1.074401284530583
P25,SEMUA,POST,12,False,kanal,Fp2,8.623008306620541,0.3354512999440358,1.0950223998585529,2.013810128720099,0.6313942407920041,kanan,frontopolar,9.0,False,0.988505894522543,4.435347741383605,-1.6326695305561045,-0.3828303439022358,0.05834656562690965,,1.074401284530583
P25,SEMUA,POST,12,False,kanal,F4,6.279825233503537,0.24791015964128782,4.108236317975848,3.9617395343486823,0.29131091642395057,kanan,frontal,9.0,False,0.9913577369282196,4.435347741383605,1.3805443875611907,1.5650990617263476,-0.2817367587411439,,1.074401284530583
P25,SEMUA,POST,12,False,kanal,C4,5.211809483829278,0.1817097348087977,4.606357955024325,3.953593029907884,0.5854293066131042,kanan,sentral,9.0,False,0.9889191581695594,4.435347741383605,1.878666024609668,1.5569525572855492,0.012381631448009744,,1.074401284530583
P25,SEMUA,POST,12,False,kanal,P4,4.779385063597047,0.02802619184134314,2.856683347445653,2.779470816524571,0.5606660437170847,kanan,parietal,12.0,False,0.9952098901926073,4.435347741383605,0.1289914170309956,0.38283034390223625,-0.012381631448009744,,1.074401284530583
P25,SEMUA,POST,12,False,kanal,O2,4.049589471743296,0.07132994794418535,1.7918824432151097,3.3974737297119515,0.6317769554936491,kanan,oksipital,12.0,False,0.9845517735211566,4.435347741383605,-0.9358094871995477,1.0008332570896168,0.05872928032855462,,1.074401284530583
P25,SEMUA,POST,12,False,kanal,F8,2.0444075720089856,-0.012915610703443825,3.7234421527584076,1.7457601432396221,0.7021075691371814,kanan,frontotemporal,9.0,False,0.9918160371674851,4.435347741383605,0.9957502223437502,-0.6508803293827126,0.12905989397208695,,1.074401284530583
P25,SEMUA,POST,12,False,kanal,T4,2.5505555638486754,-0.04331721382976461,2.407694941629054,1.5497250880732643,0.21019255581129315,kanan,temporal,12.0,False,0.9919193680095166,4.435347741383605,-0.31999698878560334,-0.8469153845490704,-0.3628551193538013,,1.074401284530583
P25,SEMUA,POST,12,False,kanal,T6,4.0913104191701635,0.05885103327166563,2.598700513383662,0.5424203497919704,0.07415088705818185,kanan,temporo-posterior,12.0,False,0.993243025564894,4.435347741383605,-0.1289914170309956,-1.8542201228303643,-0.4988967881069126,,1.074401284530583
P25,SEMUA,POST,12,False,area,frontopolar,6.830651205631334,0.21256394463042327,1.010264273542406,1.6772530183863874,0.5656615539442041,,frontopolar,12.0,False,0.9945863489215829,,,,,True,1.074401284530583
P25,SEMUA,POST,12,False,area,frontal,4.650520101152068,0.0999151013161077,3.6457557851659854,3.1944218067648147,0.10383304280595251,,frontal,11.0,False,0.9924072024480598,,,,,False,1.074401284530583
P25,SEMUA,POST,12,False,area,frontotemporal,2.4601160466694267,-0.25289634982432996,2.1726862436087044,1.5897852696393096,0.27081360136574995,,frontotemporal,12.0,False,0.9912627574071831,,,,,True,1.074401284530583
P25,SEMUA,POST,12,False,area,sentral,4.828526668276773,0.10194092852009473,3.01586411103347,2.7909393669506772,0.45080355708072417,,sentral,12.0,False,0.9953589688314913,,,,,False,1.074401284530583
P25,SEMUA,POST,12,False,area,temporal,2.7657524105200864,-0.05255812106975277,2.244420375394294,1.657812846655248,0.19394974078987254,,temporal,12.0,False,0.9932877101400469,,,,,True,1.074401284530583
P25,SEMUA,POST,12,False,area,parietal,5.040316791668957,0.05405681394605599,2.8171110402345967,2.743648827961396,0.5196083923653526,,parietal,12.0,False,0.9956558598966239,,,,,False,1.074401284530583
P25,SEMUA,POST,12,False,area,temporo-posterior,4.480948457479954,-0.032788014642313845,2.561804752282555,0.04385437843315021,-0.3538963999264545,,temporo-posterior,12.0,False,0.9912971128620143,,,,,False,1.074401284530583
P25,SEMUA,POST,12,False,area,oksipital,4.906731567116914,0.19708773529447043,1.9002309635008028,3.3503495766486053,0.4393850927721309,,oksipital,12.0,False,0.9888843698854336,,,,,False,1.074401284530583
P25,AGEM KANAN,PRA,4,False,belahan,kiri,0.5936902562273474,0.09436612501272412,0.020541562966741034,2.0436806709515603,0.4906861091896168,,,,,,,,,,,1.074401284530583
P25,AGEM KANAN,PRA,4,False,belahan,kanan,2.0204989368945867,0.17701763884357846,1.3287547099936767,1.4529877488503344,0.7027262312741331,,,,,,,,,,,1.074401284530583
P25,AGEM KANAN,PRA,4,False,kanal,Fp1,-0.7044326116081194,-0.16900409873950206,-1.1682016897773384,2.34926002018566,0.4813363660744473,kiri,frontopolar,3.0,False,0.9724043775182954,0.5936902562273474,-1.1887432527440795,0.3055793492340997,-0.009349743115169507,,1.074401284530583
P25,AGEM KANAN,PRA,4,False,kanal,F3,,,,,,kiri,frontal,1.0,True,,0.5936902562273474,,,,,1.074401284530583
P25,AGEM KANAN,PRA,4,False,kanal,C3,-3.205970214630959,-0.3311067544123285,-0.06738855976158808,1.7381013217174601,0.5000358523047863,kiri,sentral,3.0,False,0.9820189268244288,0.5936902562273474,-0.08793012272832912,-0.30557934923410013,0.009349743115169507,,1.074401284530583
P25,AGEM KANAN,PRA,4,False,kanal,P3,0.28969953961876627,0.2064331800605741,-0.5375548085665754,2.6009498637804103,0.9573020550855995,kiri,parietal,2.0,True,0.9029304981577803,0.5936902562273474,-0.5580963715333165,0.55726919282885,0.4666159458959827,,1.074401284530583
P25,AGEM KANAN,PRA,4,False,kanal,O1,3.5500711215374494,0.2938149863826194,0.10847168569507015,0.6936157998555856,0.049647107139940694,kiri,oksipital,4.0,False,0.9691225293116517,0.5936902562273474,0.08793012272832912,-1.3500648710959746,-0.4410390020496761,,1.074401284530583
P25,AGEM KANAN,PRA,4,False,kanal,F7,4.933168468282759,0.38388800475305995,0.7468499826382735,2.775117104622629,0.8585629651761653,kiri,frontotemporal,4.0,False,0.9935243717422717,0.5936902562273474,0.7263084196715325,0.7314364336710688,0.36787685598654846,,1.074401284530583
P25,AGEM KANAN,PRA,4,False,kanal,T3,,,,,,kiri,temporal,1.0,True,,0.5936902562273474,,,,,1.074401284530583
P25,AGEM KANAN,PRA,4,False,kanal,T5,0.8976809728359285,-0.01770093003512585,0.40140927332855014,0.02683515694456462,-0.5885028795536893,kiri,temporo-posterior,3.0,False,0.9159787092763507,0.5936902562273474,0.3808677103618091,-2.0168455140069956,-1.0791889887433062,,1.074401284530583
P25,AGEM KANAN,PRA,4,False,kanal,Fp2,3.187783748565785,0.33328039513861096,1.5913281394174599,-0.3171299885982575,0.11413735702502775,kanan,frontopolar,3.0,False,0.9683045211979964,2.0204989368945867,0.26257342942378314,-1.770117737448592,-0.5885888742491054,,1.074401284530583
P25,AGEM KANAN,PRA,4,False,kanal,F4,1.4226642426515426,0.14638192710697817,1.27045052937459,2.1971188715209857,0.5238348723993078,kanan,frontal,3.0,False,0.966510818621509,2.0204989368945867,-0.05830418061908671,0.7441311226706513,-0.17889135887482532,,1.074401284530583
P25,AGEM KANAN,PRA,4,False,kanal,C4,2.79138874947472,0.32178212206573,0.6123578854726741,2.708522691063112,0.8316984741243905,kanan,sentral,3.0,False,0.9911841293266056,2.0204989368945867,-0.7163968245210026,1.2555349422127775,0.12897224285025732,,1.074401284530583
P25,AGEM KANAN,PRA,4,False,kanal,P4,3.886947470672368,0.20765335058017875,1.3870588906127634,2.1505427608292176,0.7405061675670433,kanan,parietal,4.0,False,0.9873279397987882,2.0204989368945867,0.05830418061908671,0.6975550119788831,0.03777993629291021,,1.074401284530583
P25,AGEM KANAN,PRA,4,False,kanal,O2,0.9300436868443072,0.06420701465282086,1.6574203770001281,1.5805102449020874,0.47919636035260316,kanan,oksipital,4.0,False,0.977309471086569,2.0204989368945867,0.3286656670064514,0.12752249605175292,-0.22352987092152998,,1.074401284530583
P25,AGEM KANAN,PRA,4,False,kanal,F8,-4.49532292686218,-0.20921821246692796,-0.05100316670156979,0.7227785055229945,1.0988754014833648,kanan,frontotemporal,3.0,False,0.9891811757396052,2.0204989368945867,-1.3797578766952465,-0.7302092433273399,0.3961491702092317,,1.074401284530583
P25,AGEM KANAN,PRA,4,False,kanal,T4,0.9821648536320495,0.10241406638758832,-0.009186672132264206,-0.2506529127159087,0.7922065202624919,kanan,temporal,4.0,False,0.9879295919664733,2.0204989368945867,-1.337941382125941,-1.7036406615662432,0.0894802889883588,,1.074401284530583
P25,AGEM KANAN,PRA,4,False,kanal,T6,2.618333631137631,0.24437088785442374,2.4205178809680916,1.3254652527985815,0.664946294981223,kanan,temporo-posterior,4.0,False,0.9923693981968559,2.0204989368945867,1.0917631709744149,-0.12752249605175292,-0.0377799362929101,,1.074401284530583
P25,AGEM KANAN,PRA,4,False,area,frontopolar,1.7662806043035744,0.1690620118296724,0.6936326502814165,-0.33628535030069706,-0.19901199528351862,,frontopolar,4.0,False,0.9765781464256479,,,,,True,1.074401284530583
P25,AGEM KANAN,PRA,4,False,area,frontal,2.5619733318690976,0.07481952717059137,1.164073778921105,1.9199463103262282,0.22713565110009104,,frontal,3.0,False,0.9670197253786075,,,,,False,1.074401284530583
P25,AGEM KANAN,PRA,4,False,area,frontotemporal,4.916232468577448,0.39841365093329517,-0.7554253660621746,1.1475453435061684,0.5617023484099919,,frontotemporal,4.0,False,0.9936178208867907,,,,,True,1.074401284530583
P25,AGEM KANAN,PRA,4,False,area,sentral,0.7084887211219808,0.11152941950540374,0.3810883324170705,1.9053073793671307,0.7809364917099879,,sentral,4.0,False,0.9824356531662488,,,,,False,1.074401284530583
P25,AGEM KANAN,PRA,4,False,area,temporal,2.3988868076697045,0.0927484827793097,-0.040512885817106103,0.02955563882552381,0.7954449213041555,,temporal,4.0,False,0.9872921803663828,,,,,True,1.074401284530583
P25,AGEM KANAN,PRA,4,False,area,parietal,6.20229028914239,0.3008934097581004,1.739802991330629,2.4941376007019946,0.8254300357498964,,parietal,4.0,False,0.9857502393908687,,,,,False,1.074401284530583
P25,AGEM KANAN,PRA,4,False,area,temporo-posterior,4.092808812984742,0.28681552555138046,1.904585095054503,1.3046693504008076,0.40937277803549216,,temporo-posterior,4.0,False,0.9879223624933289,,,,,False,1.074401284530583
P25,AGEM KANAN,PRA,4,False,area,oksipital,2.6598247086966396,0.22569055453310294,1.0741946520675505,1.3127273326516145,0.5236325539670742,,oksipital,4.0,False,0.9825369919033311,,,,,False,1.074401284530583
P25,AGEM KANAN,TURUN,4,False,belahan,kiri,-6.165469997898612,-0.35016530644858057,-0.16584851712058984,1.8221189849069415,1.0366752599871216,,,,,,,,,,,1.074401284530583
P25,AGEM KANAN,TURUN,4,False,belahan,kanan,-2.122095243757478,-0.023313312266910247,0.4731106557409829,0.9106848809162753,1.6163979590422117,,,,,,,,,,,1.074401284530583
P25,AGEM KANAN,TURUN,4,False,kanal,Fp1,-5.594985478601714,-0.29838314252899,-0.6147597988944647,1.5175187366067413,0.9810299931845002,kiri,frontopolar,4.0,False,0.936226696892474,-6.165469997898612,-0.4489112817738749,-0.30460024830020016,-0.055645266802621385,,1.074401284530583
P25,AGEM KANAN,TURUN,4,False,kanal,F3,-1.867032999355196,-0.18112378119988848,-0.365499774621756,-0.49784652778147676,0.8238252653891757,kiri,frontal,3.0,False,0.9775664066072144,-6.165469997898612,-0.19965125750116614,-2.319965512688418,-0.21284999459794596,,1.074401284530583
P25,AGEM KANAN,TURUN,4,False,kanal,C3,-3.9594179697323213,-0.22613056678964516,-0.5288472038124731,1.6309291779613404,1.387110333067371,kiri,sentral,2.0,True,0.8008489745537942,-6.165469997898612,-0.36299868669188323,-0.19118980694560106,0.35043507308024946,,1.074401284530583
P25,AGEM KANAN,TURUN,4,False,kanal,P3,-9.56959221430936,-0.5539990236210011,1.0914343959325101,2.7406508078122083,1.3286474513044668,kiri,parietal,3.0,False,0.8805121402380278,-6.165469997898612,1.2572829130531,0.9185318229052668,0.2919721913173452,,1.074401284530583
P25,AGEM KANAN,TURUN,4,False,kanal,O1,-6.735954517195509,-0.40194747036817113,-1.2867040335631934,1.5468863666906714,0.1906212173243188,kiri,oksipital,4.0,False,0.7308517330709087,-6.165469997898612,-1.1208555164426035,-0.2752326182162701,-0.8460540426628028,,1.074401284530583
P25,AGEM KANAN,TURUN,4,False,kanal,F7,-9.459042274159799,-0.621345321433697,0.4766637748970698,2.448895296297314,1.235731372419188,kiri,frontotemporal,3.0,False,0.941757097104117,-6.165469997898612,0.6425122920176596,0.6267763113903726,0.19905611243206645,,1.074401284530583
P25,AGEM KANAN,TURUN,4,False,kanal,T3,-4.261704958954304,-0.25915223973980517,1.7050611158220925,2.0133087918525425,-0.1936030331589471,kiri,temporal,3.0,False,0.9727239807909381,-6.165469997898612,1.8709096329426824,0.19118980694560106,-1.2302782931460687,,1.074401284530583
P25,AGEM KANAN,TURUN,4,False,kanal,T5,-10.06212640103788,-0.6776589594367668,0.03380274038057629,2.628068446380581,1.0923205267897431,kiri,temporo-posterior,3.0,False,0.9167124144578874,-6.165469997898612,0.19965125750116614,0.8059494614736393,0.055645266802621496,,1.074401284530583
P25,AGEM KANAN,TURUN,4,False,kanal,Fp2,-2.0923142350903703,-0.05740202119156801,0.4681946146051119,0.35318975955111886,1.8502070771380594,kanan,frontopolar,3.0,False,0.9527936183135592,-2.122095243757478,-0.004916041135870963,-0.5574951213651564,0.2338091180958477,,1.074401284530583
P25,AGEM KANAN,TURUN,4,False,kanal,F4,-2.151876252424586,0.010775396657747516,-0.04172285004713394,-0.17984798954728953,0.8608142477994876,kanan,frontal,3.0,False,0.9741414687709321,-2.122095243757478,-0.5148335057881168,-1.0905328704635648,-0.7555837112427242,,1.074401284530583
P25,AGEM KANAN,TURUN,4,False,kanal,C4,-7.107929104383132,-0.2713834951149572,2.560925520916692,0.36095876868073695,1.5928134868229893,kanan,sentral,3.0,False,0.9714000446518368,-2.122095243757478,2.087814865175709,-0.5497261122355384,-0.02358447221922244,,1.074401284530583
P25,AGEM KANAN,TURUN,4,False,kanal,P4,-3.472921191389432,-0.06008719546687269,3.618289664119346,1.7726431641272238,1.5263155209422172,kanan,parietal,4.0,False,0.9802432863749099,-2.122095243757478,3.145179008378363,0.8619582832109485,-0.0900824380999945,,1.074401284530583
P25,AGEM KANAN,TURUN,4,False,kanal,O2,-1.3665763069901686,0.1204826539722208,0.47802669687685384,0.8654867761621103,3.0001857084898425,kanan,oksipital,4.0,False,0.9714367465900466,-2.122095243757478,0.004916041135870963,-0.04519810475416497,1.3837877494476307,,1.074401284530583
P25,AGEM KANAN,TURUN,4,False,kanal,F8,0.2874373861151369,0.25793105101593383,-0.7542482318954974,1.0492411365045688,1.6865244145501002,kanan,frontotemporal,3.0,False,0.967791146463352,-2.122095243757478,-1.2273588876364803,0.13855625558829354,0.07012645550788843,,1.074401284530583
P25,AGEM KANAN,TURUN,4,False,kanal,T4,0.22961569388608893,0.12686984648837862,0.6115155075578949,1.1175411132645996,0.901345637319994,kanan,temporal,3.0,False,0.9808320218317735,-2.122095243757478,0.13840485181691198,0.2068562323483243,-0.7150523217222178,,1.074401284530583
P25,AGEM KANAN,TURUN,4,False,kanal,T6,-4.681434155870498,-0.15481399379402405,0.1529089698824515,0.9558829856704403,1.6399824312614342,kanan,temporo-posterior,4.0,False,0.9709762364161438,-2.122095243757478,-0.32020168585853137,0.04519810475416497,0.02358447221922244,,1.074401284530583
P25,AGEM KANAN,TURUN,4,False,area,frontopolar,-3.3303550368424197,-0.11465075798716962,-0.011834810100911808,0.5188099894189429,1.2386471866716857,,frontopolar,4.0,False,0.9744630492135897,,,,,True,1.074401284530583
P25,AGEM KANAN,TURUN,4,False,area,frontal,-2.2622234895454127,-0.03231656273283212,-0.07853006810245367,-0.21668321947756075,0.8253933844605404,,frontal,3.0,False,0.9770524855902654,,,,,False,1.074401284530583
P25,AGEM KANAN,TURUN,4,False,area,frontotemporal,-3.024328237233256,-0.12323206453921798,-1.0448526148392827,0.8264289630626447,0.9653269025970339,,frontotemporal,3.0,False,0.9800162630084055,,,,,True,1.074401284530583
P25,AGEM KANAN,TURUN,4,False,area,sentral,-4.437508329847944,-0.16508998833602306,1.2456747967055477,0.6197565211654199,1.2616284379168747,,sentral,3.0,False,0.9858991817481316,,,,,False,1.074401284530583
P25,AGEM KANAN,TURUN,4,False,area,temporal,0.05194861941306783,0.10186664203424778,0.5832443132525561,1.1053744338106521,0.7421458417555731,,temporal,3.0,False,0.9847921598227588,,,,,True,1.074401284530583
P25,AGEM KANAN,TURUN,4,False,area,parietal,-2.6072341134391976,-0.03378460589146015,4.00261464932986,1.777680581495909,1.2981307403800002,,parietal,4.0,False,0.9891981842918122,,,,,False,1.074401284530583
P25,AGEM KANAN,TURUN,4,False,area,temporo-posterior,-5.692032990043494,-0.26108797950810425,0.3868182198717107,1.2896748902139734,1.4225840285652271,,temporo-posterior,4.0,False,0.9815905963043138,,,,,False,1.074401284530583
P25,AGEM KANAN,TURUN,4,False,area,oksipital,-3.4198991589037604,-0.1502348659357564,0.10457244138565802,0.5111719333564344,1.1223264670847863,,oksipital,4.0,False,0.9772533282445749,,,,,False,1.074401284530583
P25,AGEM KANAN,TAHAN,3,False,belahan,kiri,-8.667690691604822,-0.47043836490381585,0.8252416391345831,0.41445282934119965,1.2948214258604143,,,,,,,,,,,1.074401284530583
P25,AGEM KANAN,TAHAN,3,False,belahan,kanan,-2.9473688555804216,0.03135766868281442,1.1473829251492527,-0.052703447479768295,0.860094022000246,,,,,,,,,,,1.074401284530583
P25,AGEM KANAN,TAHAN,3,False,kanal,Fp1,-12.271036944149223,-0.6884025374752734,1.8957273944377044,0.35393085685651693,0.499939979517417,kiri,frontopolar,3.0,False,0.9066961760310326,-8.667690691604822,1.0704857553031213,-0.06052197248468272,-0.7948814463429973,,1.074401284530583
P25,AGEM KANAN,TAHAN,3,False,kanal,F3,-4.780692180183337,-0.20872783664676242,2.347412345703377,-0.2785773265496092,1.6748171770206364,kiri,frontal,2.0,True,0.9528306637549574,-8.667690691604822,1.5221707065687937,-0.6930301558908089,0.3799957511602221,,1.074401284530583
P25,AGEM KANAN,TAHAN,3,False,kanal,C3,-10.313119997824977,-0.5427938975923097,0.5472193644416862,-1.188213033193649,1.4982479051399447,kiri,sentral,2.0,True,0.8594087965386341,-8.667690691604822,-0.278022274692897,-1.6026658625348484,0.2034264792795304,,1.074401284530583
P25,AGEM KANAN,TAHAN,3,False,kanal,P3,-14.162955929514386,-0.9023621998017051,1.1032639138274802,1.139025704065695,0.048623264053858084,kiri,parietal,2.0,True,0.9009653847476596,-8.667690691604822,0.2780222746928971,0.7245728747244954,-1.2461981618065563,,1.074401284530583
P25,AGEM KANAN,TAHAN,3,False,kanal,O1,-3.072600076950522,-0.09200078543186341,0.17828160096566126,0.21146271800084016,1.1849630063099292,kiri,oksipital,3.0,False,0.914060941236354,-8.667690691604822,-0.6469600381689219,-0.2029901113403595,-0.10985841955048503,,1.074401284530583
P25,AGEM KANAN,TAHAN,3,False,kanal,F7,-13.86741125161658,-0.8259026179322296,-0.10990638742292169,2.328280489722059,0.6316019428857675,kiri,frontotemporal,2.0,True,0.7448280103115005,-8.667690691604822,-0.9351480265575048,1.9138276603808593,-0.6632194829746467,,1.074401284530583
P25,AGEM KANAN,TAHAN,3,False,kanal,T3,-7.022261385384667,-0.39808283221532204,-0.9603806848530477,0.47497480182588236,1.5692328108429918,kiri,temporal,2.0,True,0.7859427237572886,-8.667690691604822,-1.785622323987631,0.06052197248468272,0.27441138498257756,,1.074401284530583
P25,AGEM KANAN,TAHAN,3,False,kanal,T5,-5.677825240738208,-0.28718390608568267,1.5586174897101173,1.1322913954306366,1.404679845410899,kiri,temporo-posterior,3.0,False,0.968141936442678,-8.667690691604822,0.7333758505755341,0.717838566089437,0.10985841955048481,,1.074401284530583
P25,AGEM KANAN,TAHAN,3,False,kanal,Fp2,6.650781449836444,0.7754678377175863,2.3920443051232843,-0.05779547777788485,1.204664690565379,kanan,frontopolar,2.0,True,0.95853436726885,-2.9473688555804216,1.2446613799740316,-0.005092030298116557,0.3445706685651331,,1.074401284530583
P25,AGEM KANAN,TAHAN,3,False,kanal,F4,-8.962132650742305,-0.4335966315159707,2.0295980893370196,1.932931590652311,0.37116734005356555,kanan,frontal,2.0,True,0.9598671677067938,-2.9473688555804216,0.8822151641877669,1.9856350381320793,-0.48892668194668043,,1.074401284530583
P25,AGEM KANAN,TAHAN,3,False,kanal,C4,-9.18110134807327,-0.35000594774524774,-0.8452531334130142,-0.6970970626674005,0.42968017187364155,kanan,sentral,2.0,True,0.9154682978332531,-2.9473688555804216,-1.9926360585622669,-0.6443936151876322,-0.43041385012660444,,1.074401284530583
P25,AGEM KANAN,TAHAN,3,False,kanal,P4,-3.5140100127497433,0.02734912736410222,0.015039471172476615,-0.06318608560033256,0.8248111505906804,kanan,parietal,3.0,False,0.9553283501811537,-2.9473688555804216,-1.132343453976776,-0.01048263812056427,-0.03528287140956554,,1.074401284530583
P25,AGEM KANAN,TAHAN,3,False,kanal,O2,-1.1310881614093233,0.2700425282720955,0.02891340695017508,-0.04761141718165174,0.8650110790660924,kanan,oksipital,3.0,False,0.992796613590994,-2.9473688555804216,-1.1184695181990776,0.005092030298116557,0.004917057065846442,,1.074401284530583
P25,AGEM KANAN,TAHAN,3,False,kanal,F8,-1.6868793455885722,0.03536621000152662,2.031033204359613,0.30364035087533336,1.400006848551001,kanan,frontotemporal,3.0,False,0.983380307903069,-2.9473688555804216,0.8836502792103604,0.35634379835510166,0.5399128265507551,,1.074401284530583
P25,AGEM KANAN,TAHAN,3,False,kanal,T4,-2.3807276984111,-0.10655542621784475,3.3219180997373945,-0.4440084438991021,0.8551769649343997,kanan,temporal,3.0,False,0.9903036764430507,-2.9473688555804216,2.174535174588142,-0.3913049964193338,-0.004917057065846331,,1.074401284530583
P25,AGEM KANAN,TAHAN,3,False,kanal,T6,-3.63116464079566,0.3244317477598955,0.26516776096148553,1.7401242234821397,0.9466464645495443,kanan,temporo-posterior,3.0,False,0.9872681433367838,-2.9473688555804216,-0.8822151641877671,1.792827670961908,0.08655244254929828,,1.074401284530583
P25,AGEM KANAN,TAHAN,3,False,area,frontopolar,2.420009538989632,0.4734895911402093,2.1768195114077677,-0.6724636666183033,0.5912675429522216,,frontopolar,3.0,False,0.9830370152143537,,,,,True,1.074401284530583
P25,AGEM KANAN,TAHAN,3,False,area,frontal,-7.312519455860063,-0.34240768599511084,1.972500359669381,1.8389997255532777,0.390510241823917,,frontal,3.0,False,0.9770342563209848,,,,,False,1.074401284530583
P25,AGEM KANAN,TAHAN,3,False,area,frontotemporal,-2.769083722672562,-0.056969254640597766,1.6395554024886043,0.05332269239861276,0.7760614379843529,,frontotemporal,3.0,False,0.9525675621707245,,,,,True,1.074401284530583
P25,AGEM KANAN,TAHAN,3,False,area,sentral,-7.86193526257815,-0.24698691266372208,-0.6508757763799844,-0.4329712177950773,1.679320101392956,,sentral,3.0,False,0.9477064249669664,,,,,False,1.074401284530583
P25,AGEM KANAN,TAHAN,3,False,area,temporal,-1.7288650365425795,-0.07544961933714145,3.077894790508699,-0.26621779481454855,0.9473714932466064,,temporal,3.0,False,0.9918229632647207,,,,,True,1.074401284530583
P25,AGEM KANAN,TAHAN,3,False,area,parietal,-1.734987753599384,0.08247262539615985,0.3016216095921337,0.3755965605925411,1.0427070475951747,,parietal,3.0,False,0.948676602148925,,,,,False,1.074401284530583
P25,AGEM KANAN,TAHAN,3,False,area,temporo-posterior,-5.831949347004489,-0.09519695220830071,0.16309772166233472,0.4744145433683431,0.5963195537115193,,temporo-posterior,3.0,False,0.9935269247545242,,,,,False,1.074401284530583
P25,AGEM KANAN,TAHAN,3,False,area,oksipital,-3.2273367590649684,-0.00351799024706434,0.34914379287260877,-0.059393201693686226,1.4607448499545945,,oksipital,3.0,False,0.9807725567453132,,,,,False,1.074401284530583
P25,AGEM KANAN,NAIK,4,False,belahan,kiri,-2.4048712279415767,0.13598912417781572,-1.1969187968722093,0.24241933422002282,2.116889531553788,,,,,,,,,,,1.074401284530583
P25,AGEM KANAN,NAIK,4,False,belahan,kanan,-3.6222195767699716,-0.32793703944048014,-0.07926642193559985,-1.0426014313395482,0.8280623412128937,,,,,,,,,,,1.074401284530583
P25,AGEM KANAN,NAIK,4,False,kanal,Fp1,-2.939770501087459,0.0394699253640034,-1.797510012584148,2.2249697034811806,0.7973098175454271,kiri,frontopolar,3.0,False,0.9271882301606842,-2.4048712279415767,-0.6005912157119389,1.982550369261158,-1.319579714008361,,1.074401284530583
P25,AGEM KANAN,NAIK,4,False,kanal,F3,-0.43952783773308823,0.23250832299162805,-1.6652995886990647,-1.6920768045099002,1.7482111683923605,kiri,frontal,2.0,True,0.9493932381609961,-2.4048712279415767,-0.46838079182685544,-1.9344961387299229,-0.36867836316142766,,1.074401284530583
P25,AGEM KANAN,NAIK,4,False,kanal,C3,-0.46371312038665025,0.2457374052503638,-0.821330187281798,1.3583245950979213,2.722111076584199,kiri,sentral,2.0,True,0.938067029424362,-2.4048712279415767,0.3755886095904113,1.1159052608778985,0.6052215450304108,,1.074401284530583
P25,AGEM KANAN,NAIK,4,False,kanal,P3,-3.3674534512616106,-0.124120152344251,-0.7921149879356254,-0.39795222277033515,2.1600129012077627,kiri,parietal,2.0,True,0.8745397831565993,-2.4048712279415767,0.40480380893658385,-0.640371556990358,0.043123369653974564,,1.074401284530583
P25,AGEM KANAN,NAIK,4,False,kanal,O1,-4.42962895896995,-0.2171364191481513,0.4368952404793047,-0.5891869022239566,1.1428185112379596,kiri,oksipital,4.0,False,0.7862659512189467,-2.4048712279415767,1.633814037351514,-0.8316062364439795,-0.9740710203158285,,1.074401284530583
P25,AGEM KANAN,NAIK,4,False,kanal,F7,2.022155418438423,0.4102908886886767,-2.018374083867987,0.16484895830951274,2.4669848062565367,kiri,frontotemporal,3.0,False,0.8868631095669364,-2.4048712279415767,-0.8214552869957776,-0.07757037591051008,0.3500952747027486,,1.074401284530583
P25,AGEM KANAN,NAIK,4,False,kanal,T3,-1.8699719547956946,0.25200417903342487,-1.0590693413817198,0.3199897101305329,2.073766161899813,kiri,temporal,3.0,False,0.9501638333301371,-2.4048712279415767,0.13784945549048944,0.07757037591051008,-0.04312336965397501,,1.074401284530583
P25,AGEM KANAN,NAIK,4,False,kanal,T5,-8.282766443269033,-0.5399951395588987,-1.3347682523626987,2.657413742157324,2.234667631565002,kiri,temporo-posterior,3.0,False,0.8562292396141715,-2.4048712279415767,-0.13784945549048944,2.4149944079373014,0.11777810001121392,,1.074401284530583
P25,AGEM KANAN,NAIK,4,False,kanal,Fp2,-9.66518133977199,-1.1071023078640203,-2.56813760840204,-2.2109437166755272,-0.14190816603279865,kanan,frontopolar,3.0,False,0.47211598381884595,-3.6222195767699716,-2.48887118646644,-1.168342285335979,-0.9699705072456923,,1.074401284530583
P25,AGEM KANAN,NAIK,4,False,kanal,F4,-2.25835028297773,-0.48709348313362777,2.520948512623102,0.07505851705398259,1.0005947734774365,kanan,frontal,3.0,False,0.9092965120149562,-3.6222195767699716,2.600214934558702,1.1176599483935308,0.17253243226454285,,1.074401284530583
P25,AGEM KANAN,NAIK,4,False,kanal,C4,-1.246780105462733,-0.30871920838068867,-0.1947931875809611,-1.046384635124331,0.9706011309642075,kanan,sentral,3.0,False,0.8847895409315866,-3.6222195767699716,-0.11552676564536124,-0.003783203784782918,0.14253878975131384,,1.074401284530583
P25,AGEM KANAN,NAIK,4,False,kanal,P4,1.4960374121514093,0.2495599475215471,-0.13548027658784267,-1.872555259715476,1.4950319396388954,kanan,parietal,4.0,False,0.918640321234343,-3.6222195767699716,-0.05621385465224282,-0.8299538283759278,0.6669695984260017,,1.074401284530583
P25,AGEM KANAN,NAIK,4,False,kanal,O2,-0.7821743209023637,0.20607991880697218,-0.02305256728335703,-0.2554622578099326,2.5145568782913545,kanan,oksipital,4.0,False,0.9667515409356475,-3.6222195767699716,0.05621385465224282,0.7871391735296156,1.686494537078461,,1.074401284530583
P25,AGEM KANAN,NAIK,4,False,kanal,F8,-6.074917151617491,-0.8465716697602368,-1.1733210515302335,-3.7699870985110144,0.40102815387956714,kanan,frontotemporal,3.0,False,0.6781207293707289,-3.6222195767699716,-1.0940546295946336,-2.7273856671714665,-0.42703418733332654,,1.074401284530583
P25,AGEM KANAN,NAIK,4,False,kanal,T4,-6.449555429393328,-0.3471548705002716,2.5001127837450072,0.04798762719468952,0.2671557985544648,kanan,temporal,4.0,False,0.9861734113675349,-3.6222195767699716,2.579379205680607,1.0905890585342377,-0.5609065426584289,,1.074401284530583
P25,AGEM KANAN,NAIK,4,False,kanal,T6,-4.986088870562213,-0.2373710618434155,2.169983143671522,-1.0388182275547653,0.6855235514615798,kanan,temporo-posterior,4.0,False,0.9907945242394535,-3.6222195767699716,2.249249565607122,0.003783203784782918,-0.14253878975131384,,1.074401284530583
P25,AGEM KANAN,NAIK,4,False,area,frontopolar,-9.435109560240697,-0.9601861345610555,-2.5039744256402097,-1.7239876538814078,-0.10617458068942232,,frontopolar,4.0,False,0.5822683244475803,,,,,True,1.074401284530583
P25,AGEM KANAN,NAIK,4,False,area,frontal,-5.1503980880371145,-0.9572748620462492,2.742983476238753,-0.04404603489382408,-0.009230920680654009,,frontal,3.0,False,0.9060574450441321,,,,,False,1.074401284530583
P25,AGEM KANAN,NAIK,4,False,area,frontotemporal,-2.3990649834341724,-0.36460971338521797,-1.9971948072033814,-2.756791022381475,0.5244363851931793,,frontotemporal,3.0,False,0.7688597209375946,,,,,True,1.074401284530583
P25,AGEM KANAN,NAIK,4,False,area,sentral,-1.3092826172741496,-0.23224115473121265,-0.37124231706459065,-0.6831876947932853,1.053410878113007,,sentral,3.0,False,0.9019064217984376,,,,,False,1.074401284530583
P25,AGEM KANAN,NAIK,4,False,area,temporal,-6.313896820859078,-0.3381327361296602,2.35916425191801,0.038184701438439106,0.2765399036338876,,temporal,4.0,False,0.9862964861743387,,,,,True,1.074401284530583
P25,AGEM KANAN,NAIK,4,False,area,parietal,-5.047248142983072,-0.31760278288274213,2.7488226854556013,0.455462494853899,1.0712375002649028,,parietal,4.0,False,0.982407456001578,,,,,False,1.074401284530583
P25,AGEM KANAN,NAIK,4,False,area,temporo-posterior,-4.391547692355807,-0.24518932958639095,1.4709534830752595,-0.85920428105553,0.8823714454288556,,temporo-posterior,4.0,False,0.9917859011270866,,,,,False,1.074401284530583
P25,AGEM KANAN,NAIK,4,False,area,oksipital,-1.6893819388610822,-0.014667950519796413,-0.6015702048521887,-1.4885271868307695,0.9861125294561672,,oksipital,4.0,False,0.9296636353075889,,,,,False,1.074401284530583
P25,AGEM KANAN,POST,4,False,belahan,kiri,2.788867269045145,-0.2779647110301189,2.597212805743535,2.973903264303438,-0.016944148004038734,,,,,,,,,,,1.074401284530583
P25,AGEM KANAN,POST,4,False,belahan,kanan,5.775448771900795,0.09033736720587537,3.5832747967462124,2.7043000437440794,0.3863439825416054,,,,,,,,,,,1.074401284530583
P25,AGEM KANAN,POST,4,False,kanal,Fp1,0.19403413836053574,-0.5764322464056906,2.849731445658688,2.8290912969604793,0.005929112502848333,kiri,frontopolar,4.0,False,0.9830778259087437,2.788867269045145,0.2525186399151531,-0.14481196734295887,0.022873260506887066,,1.074401284530583
P25,AGEM KANAN,POST,4,False,kanal,F3,1.0546575873778252,-0.4017276916491843,2.5810192328161734,1.7990058713147636,0.25753774780141003,kiri,frontal,4.0,False,0.9841537560559723,2.788867269045145,-0.016193572927361455,-1.1748973929886746,0.2744818958054488,,1.074401284530583
P25,AGEM KANAN,POST,4,False,kanal,C3,0.5693343175429462,-0.4216708429471876,1.5892123076180638,3.5397059820878853,0.08550065755210495,kiri,sentral,4.0,False,0.9876145566023444,2.788867269045145,-1.008000498125471,0.5658027177844471,0.10244480555614369,,1.074401284530583
P25,AGEM KANAN,POST,4,False,kanal,P3,7.43291691731465,0.4098008200359493,1.8210278450611965,3.8136244033918913,-0.2011047153798714,kiri,parietal,4.0,False,0.9816123779829132,2.788867269045145,-0.7761849606823383,0.8397211390884531,-0.18416056737583267,,1.074401284530583
P25,AGEM KANAN,POST,4,False,kanal,O1,7.725594487372007,0.4956828420684034,2.613406378670896,4.136370287618089,-0.38090256487879065,kiri,oksipital,4.0,False,0.9876126246162165,2.788867269045145,0.01619357292736101,1.1624670233146506,-0.36395841687475194,,1.074401284530583
P25,AGEM KANAN,POST,4,False,kanal,F7,1.8653924024069823,-0.4450739640958252,2.730468752908859,2.5828892231927862,0.20982471005479902,kiri,frontotemporal,4.0,False,0.957836842052818,2.788867269045145,0.13325594716532407,-0.39101404111065197,0.22676885805883776,,1.074401284530583
P25,AGEM KANAN,POST,4,False,kanal,T3,3.7123421356833077,-0.15420173041105345,1.801102693995317,3.118715231646397,-0.0398174085109258,kiri,temporal,4.0,False,0.976073975533228,2.788867269045145,-0.7961101117482179,0.14481196734295887,-0.022873260506887066,,1.074401284530583
P25,AGEM KANAN,POST,4,False,kanal,T5,5.5220848886169165,-0.13742860446989735,2.9212381944088284,1.857188453995763,-0.7070363407787579,kiri,temporo-posterior,3.0,False,0.9307411112202162,2.788867269045145,0.3240253886652935,-1.1167148103076752,-0.6900921927747191,,1.074401284530583
P25,AGEM KANAN,POST,4,False,kanal,Fp2,7.133054537102474,0.18968698742508971,3.3211449265846458,2.8448018034429285,0.5459048583161761,kanan,frontopolar,3.0,False,0.9726956989385923,5.775448771900795,-0.26212987016156664,0.14050175969884915,0.15956087577457068,,1.074401284530583
P25,AGEM KANAN,POST,4,False,kanal,F4,10.310772581137712,0.4013497384801332,3.845404666907779,3.4284713257465715,-0.001494065001287792,kanan,frontal,3.0,False,0.9816064992816149,5.775448771900795,0.26212987016156664,0.7241712820024921,-0.3878380475428932,,1.074401284530583
P25,AGEM KANAN,POST,4,False,kanal,C4,8.30439899828066,0.3172575785297156,5.456516070169343,3.946591562667756,1.1072330511205577,kanan,sentral,3.0,False,0.9812562826499267,5.775448771900795,1.8732412734231305,1.2422915189236767,0.7208890685789523,,1.074401284530583
P25,AGEM KANAN,POST,4,False,kanal,P4,6.835154500855936,0.05916432625592183,3.2564144663133536,2.56379828404523,0.30009116644033623,kanan,parietal,4.0,False,0.9867436950551565,5.775448771900795,-0.3268603304328588,-0.1405017596988496,-0.08625281610126917,,1.074401284530583
P25,AGEM KANAN,POST,4,False,kanal,O2,4.07754760197912,0.021280355759746516,2.720030941127244,3.0445845781805523,0.295033257716386,kanan,oksipital,4.0,False,0.9868988924649097,5.775448771900795,-0.8632438556189683,0.3402845344364729,-0.0913107248252194,,1.074401284530583
P25,AGEM KANAN,POST,4,False,kanal,F8,4.715743042945654,0.12151040815582892,4.187759450480834,0.7839998571947291,1.264156233033715,kanan,frontotemporal,3.0,False,0.9871067647928178,5.775448771900795,0.6044846537346213,-1.9203001865493503,0.8778122504921096,,1.074401284530583
P25,AGEM KANAN,POST,4,False,kanal,T4,3.6951321781896667,-0.028318342501552074,3.1103332165711617,0.631619558424108,0.4725967986428745,kanan,temporal,4.0,False,0.9700258678831667,5.775448771900795,-0.4729415801750507,-2.0726804853199714,0.08625281610126911,,1.074401284530583
P25,AGEM KANAN,POST,4,False,kanal,T6,3.938223863108753,-0.14996288194007112,4.079683634395556,-0.7714557279189025,-0.08956306728456948,kanan,temporo-posterior,4.0,False,0.9853570940322655,5.775448771900795,0.4964088376493434,-3.475755771662982,-0.4759070498261749,,1.074401284530583
P25,AGEM KANAN,POST,4,False,area,frontopolar,5.531618869648064,0.07433259007819104,3.078294779776389,2.5091678793933334,0.7968946443151577,,frontopolar,4.0,False,0.9885450468429614,,,,,True,1.074401284530583
P25,AGEM KANAN,POST,4,False,area,frontal,7.821240600897603,0.2614556979632403,3.8434868217401186,3.1678821768803798,0.01562203606203938,,frontal,4.0,False,0.9841271134009392,,,,,False,1.074401284530583
P25,AGEM KANAN,POST,4,False,area,frontotemporal,3.4288572117557123,-0.27665255290226254,2.6263477862622886,0.8077487634022846,0.267110585439143,,frontotemporal,4.0,False,0.9573397310639252,,,,,True,1.074401284530583
P25,AGEM KANAN,POST,4,False,area,sentral,6.109118310361168,0.11063647472551019,4.1341236842478395,3.177499585829746,0.716944029965085,,sentral,4.0,False,0.9887177166743585,,,,,False,1.074401284530583
P25,AGEM KANAN,POST,4,False,area,temporal,2.4551574565739784,-0.1558601943974749,3.385765902451957,0.9350196412034353,0.20293403042293678,,temporal,4.0,False,0.9764076817791174,,,,,True,1.074401284530583
P25,AGEM KANAN,POST,4,False,area,parietal,6.977685767450382,0.09637651933339852,3.191492092792335,2.670517980294199,0.2816178874850336,,parietal,4.0,False,0.988273005879111,,,,,False,1.074401284530583
P25,AGEM KANAN,POST,4,False,area,temporo-posterior,4.0465946171441445,-0.2158477568265198,4.678932807005719,-0.49565656871859876,-0.2687061829725034,,temporo-posterior,4.0,False,0.9904661374048659,,,,,False,1.074401284530583
P25,AGEM KANAN,POST,4,False,area,oksipital,5.77932089085823,0.24946149108332683,2.814595373128309,3.6661725493638437,0.27033335871488406,,oksipital,4.0,False,0.9897732208674629,,,,,False,1.074401284530583
P25,AGEM KIRI,PRA,4,False,belahan,kiri,4.302951328099468,0.14182613871680505,1.0555142979023815,2.2840151981078547,0.5487781400055555,,,,,,,,,,,1.074401284530583
P25,AGEM KIRI,PRA,4,False,belahan,kanan,3.376706510772685,0.23783223038292267,1.762797928910721,2.647183084492804,0.41733775813203045,,,,,,,,,,,1.074401284530583
P25,AGEM KIRI,PRA,4,False,kanal,Fp1,3.0399087686803483,0.040894194178741294,0.5238280263260026,1.8028257893239554,0.5433818466878463,kiri,frontopolar,4.0,False,0.9920047982524606,4.302951328099468,-0.5316862715763789,-0.48118940878389926,-0.005396293317709189,,1.074401284530583
P25,AGEM KIRI,PRA,4,False,kanal,F3,0.6796648855568392,-0.30780212817420116,1.4710728072653567,-0.4889700607953724,1.595515991842686,kiri,frontal,3.0,False,0.9508484802579638,4.302951328099468,0.4155585093629752,-2.772985258903227,1.0467378518371304,,1.074401284530583
P25,AGEM KIRI,PRA,4,False,kanal,C3,2.21585085595202,-0.07275668987106143,0.5648757343335714,2.7652046068917535,0.25692874837197593,kiri,sentral,3.0,False,0.9753503226264052,4.302951328099468,-0.4906385635688101,0.4811894087838988,-0.29184939163357954,,1.074401284530583
P25,AGEM KIRI,PRA,4,False,kanal,P3,5.565993887518587,0.21964420993689626,2.897633878954019,4.570368195071525,-0.009347817404297243,kiri,parietal,3.0,False,0.9765038198754566,4.302951328099468,1.8421195810516373,2.2863529969636707,-0.5581259574098527,,1.074401284530583
P25,AGEM KIRI,PRA,4,False,kanal,O1,9.380111603782481,0.6299901317443377,3.23080551706974,1.6099719322916797,0.5541744333232647,kiri,oksipital,4.0,False,0.9861645979219813,4.302951328099468,2.1752912191673586,-0.674043265816175,0.005396293317709189,,1.074401284530583
P25,AGEM KIRI,PRA,4,False,kanal,F7,7.604445950510197,0.3299590673484669,0.1343526235317538,0.9417745751211961,0.9983827675270378,kiri,frontotemporal,3.0,False,0.9807432442149111,4.302951328099468,-0.9211616743706277,-1.3422406229866586,0.44960462752148234,,1.074401284530583
P25,AGEM KIRI,PRA,4,False,kanal,T3,2.9682872127288036,0.06400806749671384,0.6399557885394064,3.5426289478088075,-0.005030344950631649,kiri,temporal,3.0,False,0.9825684845219463,4.302951328099468,-0.4155585093629751,1.2586137497009529,-0.5538084849561871,,1.074401284530583
P25,AGEM KIRI,PRA,4,False,kanal,T5,7.226389127739452,0.28362080626807984,5.3417714606563145,5.815110804213495,0.9293178710920473,kiri,temporo-posterior,3.0,False,0.9772993702857987,4.302951328099468,4.286257162753933,3.53109560610564,0.38053973108649186,,1.074401284530583
P25,AGEM KIRI,PRA,4,False,kanal,Fp2,5.983976409014453,0.5624875226726052,1.5801499115402573,4.4132836700749545,1.1143182961823457,kanan,frontopolar,3.0,False,0.982453328520298,3.376706510772685,-0.18264801737046366,1.7661005855821506,0.6969805380503152,,1.074401284530583
P25,AGEM KIRI,PRA,4,False,kanal,F4,6.521241304308553,0.3109678470161552,2.0047098294506585,2.7097971032798553,-0.3542936316020183,kanan,frontal,3.0,False,0.9856731962916239,3.376706510772685,0.2419119005399375,0.06261401878705142,-0.7716313897340488,,1.074401284530583
P25,AGEM KIRI,PRA,4,False,kanal,C4,4.496328826743614,0.19114492506829905,2.0600637863714226,3.9298901266619146,-0.055806078620288135,kanan,sentral,3.0,False,0.9906203556358459,3.376706510772685,0.29726585746070167,1.2827070421691107,-0.4731438367523186,,1.074401284530583
P25,AGEM KIRI,PRA,4,False,kanal,P4,3.0001301691870523,0.03728326705913254,1.9454459462811846,2.246524608513783,0.07711456100431485,kanan,parietal,4.0,False,0.9745278985704454,3.376706510772685,0.18264801737046366,-0.40065847597902104,-0.3402231971277156,,1.074401284530583
P25,AGEM KIRI,PRA,4,False,kanal,O2,3.7532828523583177,0.3284413068353653,1.0155742662310336,0.9346586474467542,0.7247652682201356,kanan,oksipital,4.0,False,0.9885177220409366,3.376706510772685,-0.7472236626796873,-1.7125244370460497,0.3074275100881052,,1.074401284530583
P25,AGEM KIRI,PRA,4,False,kanal,F8,1.0900305432013795,0.008333536262445485,1.213921444080004,2.7818309935511185,0.8900296281981994,kanan,frontotemporal,2.0,True,0.9883624715969241,3.376706510772685,-0.548876484830717,0.13464790905831459,0.472691870066169,,1.074401284530583
P25,AGEM KIRI,PRA,4,False,kanal,T4,0.8091938789452797,0.11404759284829336,2.0021210372646543,2.584569065705753,0.4791829577794361,kanan,temporal,4.0,False,0.9873096336196812,3.376706510772685,0.23932310835393333,-0.06261401878705097,0.061845199647405646,,1.074401284530583
P25,AGEM KIRI,PRA,4,False,kanal,T6,0.9528964356024687,0.2845195356975463,1.1828950330213035,2.2121171992539064,0.35549255848462485,kanan,temporo-posterior,4.0,False,0.9881287155238752,3.376706510772685,-0.5799028958894175,-0.43506588523889755,-0.06184519964740559,,1.074401284530583
P25,AGEM KIRI,PRA,4,False,area,frontopolar,4.164008652930363,0.36852982504757503,0.9375664479181014,3.1878177928980778,0.6354703060854936,,frontopolar,4.0,False,0.9934527414179862,,,,,True,1.074401284530583
P25,AGEM KIRI,PRA,4,False,area,frontal,5.153900089592462,0.25391352074365336,1.7525066785853292,2.310654142416417,0.008764837969997719,,frontal,4.0,False,0.9893198301653805,,,,,False,1.074401284530583
P25,AGEM KIRI,PRA,4,False,area,frontotemporal,5.10702210114799,0.1968599059720253,0.11811557131299222,0.9914313647000528,0.8947801834017297,,frontotemporal,3.0,False,0.9890729980880834,,,,,True,1.074401284530583
P25,AGEM KIRI,PRA,4,False,area,sentral,3.0796753141920092,0.11985970958835934,1.4858754058052326,3.432014530962967,0.11693109299538576,,sentral,4.0,False,0.9932576218447733,,,,,False,1.074401284530583
P25,AGEM KIRI,PRA,4,False,area,temporal,0.8308407113726375,0.07200892492689004,1.7464115604445107,2.5007140930959144,0.41145906061565884,,temporal,4.0,False,0.9881880707345438,,,,,True,1.074401284530583
P25,AGEM KIRI,PRA,4,False,area,parietal,5.0774968738071,0.1706134568582509,1.748216200973547,2.658478512397874,0.08944061103457768,,parietal,4.0,False,0.9825704257582226,,,,,False,1.074401284530583
P25,AGEM KIRI,PRA,4,False,area,temporo-posterior,1.7164893297718038,0.13541805410051655,2.8694493603804543,3.3309641454929912,0.5859671104529278,,temporo-posterior,4.0,False,0.989848202841607,,,,,False,1.074401284530583
P25,AGEM KIRI,PRA,4,False,area,oksipital,4.71089641977882,0.2653005253878298,1.2468683167476455,0.5923921776484118,-0.05999849337862782,,oksipital,4.0,False,0.9873033532687963,,,,,False,1.074401284530583
P25,AGEM KIRI,TURUN,4,False,belahan,kiri,-3.5819320497701312,-0.20493392032580426,-0.2299344345033305,1.2855862060412573,1.1389968837071014,,,,,,,,,,,1.074401284530583
P25,AGEM KIRI,TURUN,4,False,belahan,kanan,-2.338519377960047,0.13204570908700441,1.5607245898612567,3.279892131199299,1.0000617827904268,,,,,,,,,,,1.074401284530583
P25,AGEM KIRI,TURUN,4,False,kanal,Fp1,-0.58672535808455,0.054715895260892156,0.20784124646876012,0.9743409825804608,0.899752765371194,kiri,frontopolar,3.0,False,0.9595008947713902,-3.5819320497701312,0.43777568097209063,-0.3112452234607965,-0.23924411833590742,,1.074401284530583
P25,AGEM KIRI,TURUN,4,False,kanal,F3,-6.2946622943508075,-0.6356832466593503,1.8563164810183608,1.2790582636661028,1.5526226810224846,kiri,frontal,2.0,True,0.9166475212107831,-3.5819320497701312,2.086250915521691,-0.006527942375154527,0.4136257973153832,,1.074401284530583
P25,AGEM KIRI,TURUN,4,False,kanal,C3,1.239553396922588,0.29346506838244735,-0.5199603214391835,1.2921141484164118,1.805604691323923,kiri,sentral,3.0,False,0.9755044250220685,-3.5819320497701312,-0.29002588693585296,0.006527942375154527,0.6666078076168216,,1.074401284530583
P25,AGEM KIRI,TURUN,4,False,kanal,P3,-2.774230383219127,-0.11303955906605268,1.272892958533639,3.7464421821411196,1.0362608018395052,kiri,parietal,3.0,False,0.9723200499337762,-3.5819320497701312,1.5028273930369695,2.4608559760998623,-0.1027360818675962,,1.074401284530583
P25,AGEM KIRI,TURUN,4,False,kanal,O1,-6.251367270212931,-0.3348898480802007,-0.32454166925864225,2.752805665415145,0.4666691568492646,kiri,oksipital,4.0,False,0.8590286988620397,-3.5819320497701312,-0.09460723475531174,1.4672194593738879,-0.6723277268578368,,1.074401284530583
P25,AGEM KIRI,TURUN,4,False,kanal,F7,-4.389633716321136,-0.29682828158555585,-0.2231040599682338,0.6617727828859734,1.2417329655746976,kiri,frontotemporal,3.0,False,0.8323941577907911,-3.5819320497701312,0.006830374535096717,-0.6238134231552839,0.1027360818675962,,1.074401284530583
P25,AGEM KIRI,TURUN,4,False,kanal,T3,-1.812491095190225,-0.0882520064560608,-0.23676480903842723,0.33926745503190947,2.2725231571134703,kiri,temporal,2.0,True,0.8858217303914949,-3.5819320497701312,-0.006830374535096717,-0.9463187510093478,1.133526273406369,,1.074401284530583
P25,AGEM KIRI,TURUN,4,False,kanal,T5,-9.287731762635865,-0.512013448039913,-0.5427202635760536,4.9774708307397475,0.7288117402372067,kiri,temporo-posterior,3.0,False,0.8649592391453104,-3.5819320497701312,-0.3127858290727231,3.69188462469849,-0.41018514346989465,,1.074401284530583
P25,AGEM KIRI,TURUN,4,False,kanal,Fp2,-2.163776308509206,0.13859147380368153,0.17680809953501075,1.2504232931229082,0.6094396282337826,kanan,frontopolar,3.0,False,0.9687637587387424,-2.338519377960047,-1.383916490326246,-2.0294688380763906,-0.3906221545566442,,1.074401284530583
P25,AGEM KIRI,TURUN,4,False,kanal,F4,-2.513262447410888,-0.07621935384094591,2.23368023941456,1.6099953042139101,0.7318428014989982,kanan,frontal,3.0,False,0.977683481643847,-2.338519377960047,0.6729556495533031,-1.6698968269853887,-0.2682189812914286,,1.074401284530583
P25,AGEM KIRI,TURUN,4,False,kanal,C4,-2.8713611304807714,0.017653477934845396,3.462591179765824,4.513068231767637,0.8148266778951485,kanan,sentral,3.0,False,0.9722544873805561,-2.338519377960047,1.9018665899045675,1.233176100568338,-0.18523510489527828,,1.074401284530583
P25,AGEM KIRI,TURUN,4,False,kanal,P4,0.5601457871463964,0.2550466660570305,1.7679498532682663,3.7165681275199716,2.0811630962730097,kanan,parietal,4.0,False,0.9814436204857343,-2.338519377960047,0.20722526340700953,0.4366759963206728,1.0811013134825829,,1.074401284530583
P25,AGEM KIRI,TURUN,4,False,kanal,O2,-1.4187983501751518,0.08977655393996598,1.353499326454247,-1.3321486411239611,1.489166892091473,kanan,oksipital,3.0,False,0.9353612854601173,-2.338519377960047,-0.20722526340700975,-4.61204077232326,0.4891051093010461,,1.074401284530583
P25,AGEM KIRI,TURUN,4,False,kanal,F8,-3.138735845047904,0.16073549305047985,3.5045272977822637,3.2012795857429297,1.7880893566003748,kanan,frontotemporal,3.0,False,0.9523583325709369,-2.338519377960047,1.943802707921007,-0.07861254545636909,0.788027573809948,,1.074401284530583
P25,AGEM KIRI,TURUN,4,False,kanal,T4,2.4661301294273557,0.4302912028729424,-0.3019268891945781,3.917071687537707,1.185296887685705,kanan,temporal,2.0,True,0.9858269257391928,-2.338519377960047,-1.8626514790558348,0.6371795563384084,0.18523510489527828,,1.074401284530583
P25,AGEM KIRI,TURUN,4,False,kanal,T6,-3.114295514361764,0.1254999443703273,-0.3050189386825797,3.3585046766556674,0.6447243154100328,kanan,temporo-posterior,4.0,False,0.9588731458511809,-2.338519377960047,-1.8657435285438364,0.07861254545636864,-0.35533746738039396,,1.074401284530583
P25,AGEM KIRI,TURUN,4,False,area,frontopolar,-2.7471293425818004,0.12925282845917496,-0.011012488384235075,1.0158632171000357,0.8824643578389446,,frontopolar,4.0,False,0.9888620050268093,,,,,True,1.074401284530583
P25,AGEM KIRI,TURUN,4,False,area,frontal,-2.8395290182101647,-0.17595490016402393,1.8468259882077271,1.1022130766970375,0.4995101049764207,,frontal,3.0,False,0.9834806146826431,,,,,False,1.074401284530583
P25,AGEM KIRI,TURUN,4,False,area,frontotemporal,-2.221467578175215,-0.08915758573530996,0.642052620595086,0.6146600182692761,0.7301477307843467,,frontotemporal,3.0,False,0.9820726828505054,,,,,True,1.074401284530583
P25,AGEM KIRI,TURUN,4,False,area,sentral,-1.051141444690785,0.20233043460615718,1.501974708416789,3.0747526012707276,1.3654701600348151,,sentral,4.0,False,0.9861720338808804,,,,,False,1.074401284530583
P25,AGEM KIRI,TURUN,4,False,area,temporal,1.8852116629866842,0.34047184607604164,-0.39715854325055755,3.5182807927700432,1.211186224994804,,temporal,2.0,True,0.9850240510484721,,,,,True,1.074401284530583
P25,AGEM KIRI,TURUN,4,False,area,parietal,0.47195134302962316,0.2156910912647214,1.550756703621307,3.480754829157214,1.9017303184387349,,parietal,4.0,False,0.985830215796496,,,,,False,1.074401284530583
P25,AGEM KIRI,TURUN,4,False,area,temporo-posterior,-4.1440452141236435,-0.07515640575642224,-0.44454542952138965,3.0293308314998257,0.17068146764369357,,temporo-posterior,4.0,False,0.9814116347599261,,,,,False,1.074401284530583
P25,AGEM KIRI,TURUN,4,False,area,oksipital,-1.4417865996717083,0.03175532200152631,-0.4329070893317405,0.08452468135152413,0.8362725791979508,,oksipital,4.0,False,0.9631677381031177,,,,,False,1.074401284530583
P25,AGEM KIRI,TAHAN,4,False,belahan,kiri,-5.762493714876491,-0.2495352440657237,0.5359917570851747,2.068440711256259,1.2851457595155091,,,,,,,,,,,1.074401284530583
P25,AGEM KIRI,TAHAN,4,False,belahan,kanan,-3.1890577154684117,0.2296028000245416,0.2941929660438544,1.9075609403246427,1.1509029865025653,,,,,,,,,,,1.074401284530583
P25,AGEM KIRI,TAHAN,4,False,kanal,Fp1,-4.187812902469311,-0.03676043808732632,0.5359917570851747,2.790862989047427,1.1023424634105998,kiri,frontopolar,3.0,False,0.9785545741716977,-5.762493714876491,0.0,0.7224222777911677,-0.1828032961049093,,1.074401284530583
P25,AGEM KIRI,TAHAN,4,False,kanal,F3,-6.261166461604326,-0.2495352440657237,2.077085958772918,3.0335331697059504,1.291407105088703,kiri,frontal,2.0,True,0.9671252514436647,-5.762493714876491,1.5410942016877431,0.9650924584496914,0.0062613455731939105,,1.074401284530583
P25,AGEM KIRI,TAHAN,4,False,kanal,C3,-11.348540179152636,-0.6157896225015815,1.5581519246069404,1.490497098141446,0.9782894616503321,kiri,sentral,2.0,True,0.9174384519023829,-5.762493714876491,1.0221601675217658,-0.577943613114813,-0.306856297865177,,1.074401284530583
P25,AGEM KIRI,TAHAN,4,False,kanal,P3,-3.819915026155776,-0.039778365689986384,1.4574635238821405,0.5083123731288515,0.8658463925868893,kiri,parietal,2.0,True,0.9516245424044102,-5.762493714876491,0.9214717667969659,-1.5601283381274076,-0.4192993669286198,,1.074401284530583
P25,AGEM KIRI,TAHAN,4,False,kanal,O1,-5.762493714876491,-0.3282514717665145,-0.6711041274370451,-0.3816105490604875,1.5533475152820415,kiri,oksipital,4.0,False,0.734870768307493,-5.762493714876491,-1.2070958845222197,-2.4500512603167466,0.2682017557665324,,1.074401284530583
P25,AGEM KIRI,TAHAN,4,False,kanal,F7,-3.897053483779331,0.014174635784906409,-1.7761265948988931,2.068440711256259,1.2851457595155091,kiri,frontotemporal,3.0,False,0.9335003327686932,-5.762493714876491,-2.3121183519840676,0.0,0.0,,1.074401284530583
P25,AGEM KIRI,TAHAN,4,False,kanal,T3,-10.259215165308042,-0.5726587690321989,-0.7237202598297326,2.4884010028444745,1.805892058201835,kiri,temporal,2.0,True,0.9534595607157836,-5.762493714876491,-1.2597120169149072,0.41996029158821546,0.5207462986863258,,1.074401284530583
P25,AGEM KIRI,TAHAN,4,False,kanal,T5,,,,,,kiri,temporo-posterior,1.0,True,,-5.762493714876491,,,,,1.074401284530583
P25,AGEM KIRI,TAHAN,4,False,kanal,Fp2,-0.7359895562409662,0.3887365738681021,1.676657805556437,2.2676004255804103,1.5940856709649642,kanan,frontopolar,3.0,False,0.9727337133400907,-3.1890577154684117,1.3824648395125825,0.36003948525576757,0.44318268446239895,,1.074401284530583
P25,AGEM KIRI,TAHAN,4,False,kanal,F4,-3.394789156933392,0.1319468116376208,0.15255525211466447,2.287485949733083,1.2744771222206888,kanan,frontal,3.0,False,0.9803168869663034,-3.1890577154684117,-0.14163771392918995,0.3799250094084403,0.12357413571812348,,1.074401284530583
P25,AGEM KIRI,TAHAN,4,False,kanal,C4,-2.9833262740034314,-0.14771713545372145,2.6571711866622136,1.3856659457835576,1.027328850784442,kanan,sentral,3.0,False,0.984579201014675,-3.1890577154684117,2.362978220618359,-0.5218949945410851,-0.12357413571812326,,1.074401284530583
P25,AGEM KIRI,TAHAN,4,False,kanal,P4,-1.397352313737258,0.26855370814965696,0.28891731648973407,2.563862043936216,1.6007647395773348,kanan,parietal,4.0,False,0.9893757794588467,-3.1890577154684117,-0.005275649554120354,0.6563011036115731,0.4498617530747695,,1.074401284530583
P25,AGEM KIRI,TAHAN,4,False,kanal,O2,0.2191881559272062,0.3617742649712361,-1.8473123154602722,-0.2645221456920268,0.6363322498686508,kanan,oksipital,3.0,False,0.9941420352694316,-3.1890577154684117,-2.1415052815041267,-2.1720830860166696,-0.5145707366339145,,1.074401284530583
P25,AGEM KIRI,TAHAN,4,False,kanal,F8,-4.256050355461788,0.26557673013550165,0.2994686155979748,1.5475214550688752,1.5330262135939907,kanan,frontotemporal,2.0,True,0.9834788175984686,-3.1890577154684117,0.005275649554120354,-0.36003948525576757,0.38212322709142543,,1.074401284530583
P25,AGEM KIRI,TAHAN,4,False,kanal,T4,-5.9088238248242035,-0.06378569936983691,1.839240446984337,2.509488412023773,0.20327439949303489,kanan,temporal,3.0,False,0.992013861080054,-3.1890577154684117,1.5450474809404826,0.6019274716991303,-0.9476285870095305,,1.074401284530583
P25,AGEM KIRI,TAHAN,4,False,kanal,T6,-4.823252779927408,0.19362886991358152,-0.1674994337624719,0.8693891756611762,0.5339876673622757,kanan,temporo-posterior,3.0,False,0.9949319133279747,-3.1890577154684117,-0.4616923998063263,-1.0381717646634665,-0.6169153191402896,,1.074401284530583
P25,AGEM KIRI,TAHAN,4,False,area,frontopolar,-1.2211417869775545,0.30131490227000524,1.440971017655133,2.1481207893889716,1.340762952680695,,frontopolar,3.0,False,0.9824507347182602,,,,,True,1.074401284530583
P25,AGEM KIRI,TAHAN,4,False,area,frontal,-2.7499646226688768,0.09404964291115636,0.09092634269301403,2.3097710624582506,1.2433519959650172,,frontal,4.0,False,0.9873139549606808,,,,,False,1.074401284530583
P25,AGEM KIRI,TAHAN,4,False,area,frontotemporal,-4.285240217449527,0.03041225244180068,-1.805016301255875,1.2867541503883326,1.36736019277412,,frontotemporal,3.0,False,0.9788153470141822,,,,,True,1.074401284530583
P25,AGEM KIRI,TAHAN,4,False,area,sentral,-1.9794063779186075,-0.06333186037077487,2.2941730432994545,1.6939110457897932,1.3651581542249533,,sentral,4.0,False,0.9852484160538698,,,,,False,1.074401284530583
P25,AGEM KIRI,TAHAN,4,False,area,temporal,-4.8116361469975075,-0.08943215130113735,1.6009199741378755,2.294716841697015,0.2954912117647792,,temporal,3.0,False,0.9911707059438798,,,,,True,1.074401284530583
P25,AGEM KIRI,TAHAN,4,False,area,parietal,0.2304731534801263,0.31207328610046825,0.7003089723557143,2.5658404039841334,1.5159095709356043,,parietal,4.0,False,0.9899008087606964,,,,,False,1.074401284530583
P25,AGEM KIRI,TAHAN,4,False,area,temporo-posterior,-2.9726529356643496,0.16034302718639637,0.06334438425198596,0.8623662186850938,0.5295489651848537,,temporo-posterior,3.0,False,0.994845065352948,,,,,False,1.074401284530583
P25,AGEM KIRI,TAHAN,4,False,area,oksipital,-3.733581236029451,-0.10079749500026502,-1.8815563389745686,-0.7065965001427208,2.1955791362997097,,oksipital,4.0,False,0.9329824206548537,,,,,False,1.074401284530583
P25,AGEM KIRI,NAIK,4,False,belahan,kiri,-8.294628445924104,-0.47734502297739057,0.226374771118399,2.651017948765484,1.238045846966027,,,,,,,,,,,1.074401284530583
P25,AGEM KIRI,NAIK,4,False,belahan,kanan,-6.073938481835896,-0.24602420813499226,2.3678685465633214,1.6680865032147454,1.5531517105677692,,,,,,,,,,,1.074401284530583
P25,AGEM KIRI,NAIK,4,False,kanal,Fp1,-2.6561296545735615,-0.08065343300402361,-0.7256132104634805,2.521957711530064,0.6111586835217625,kiri,frontopolar,4.0,False,0.9790831528114006,-8.294628445924104,-0.9519879815818795,-0.1290602372354197,-0.6268871634442644,,1.074401284530583
P25,AGEM KIRI,NAIK,4,False,kanal,F3,2.142631572717228,0.25953649407854296,1.1783627527002785,3.1191405884024657,0.853450407133027,kiri,frontal,3.0,False,0.9921186068373878,-8.294628445924104,0.9519879815818795,0.46812263963698175,-0.38459543983299993,,1.074401284530583
P25,AGEM KIRI,NAIK,4,False,kanal,C3,1.2056913704287666,0.2788320971540139,1.4194975607713172,4.223519284962022,1.4277805316087917,kiri,sentral,3.0,False,0.9766241360907154,-8.294628445924104,1.1931227896529182,1.5725013361965376,0.18973468464276477,,1.074401284530583
P25,AGEM KIRI,NAIK,4,False,kanal,P3,-8.510811186042105,-0.6647602141359339,-1.2184933570518997,0.7107286927744809,1.1778033910167074,kiri,parietal,2.0,True,0.8416466861343186,-8.294628445924104,-1.4448681281702986,-1.940289255991003,-0.06024245594931954,,1.074401284530583
P25,AGEM KIRI,NAIK,4,False,kanal,O1,-8.314138290387,-0.5855228679736,-1.7085837607388745,0.4765321504818463,1.4871232957706484,kiri,oksipital,4.0,False,0.5417853243293073,-8.294628445924104,-1.9349585318572735,-2.1744857982836376,0.24907744880462146,,1.074401284530583
P25,AGEM KIRI,NAIK,4,False,kanal,F7,-9.249946139787852,-0.5873916779702277,-1.8219677668203278,3.077868890713203,1.2982883029153465,kiri,frontotemporal,3.0,False,0.6949223696527882,-8.294628445924104,-2.048342537938727,0.4268509419477189,0.06024245594931954,,1.074401284530583
P25,AGEM KIRI,NAIK,4,False,kanal,T3,-8.808023424818565,-0.40981499578078173,3.31134049886122,2.7800781860009036,2.66457968482252,kiri,temporal,2.0,True,0.9151365089034126,-8.294628445924104,3.084965727742821,0.1290602372354197,1.426533837856493,,1.074401284530583
P25,AGEM KIRI,NAIK,4,False,kanal,T5,-8.275118601461209,-0.5448750501739994,1.4877461388901747,1.6810018189750973,0.6085736963456356,kiri,temporo-posterior,3.0,False,0.9368283878082733,-8.294628445924104,1.2613713677717757,-0.9700161297903866,-0.6294721506203913,,1.074401284530583
P25,AGEM KIRI,NAIK,4,False,kanal,Fp2,-6.181653349004357,-0.20662656414957814,0.390555650742485,0.9513728724558148,0.5397602318237607,kanan,frontopolar,3.0,False,0.9850210202662077,-6.073938481835896,-1.9773128958208364,-0.7167136307589306,-1.0133914787440086,,1.074401284530583
P25,AGEM KIRI,NAIK,4,False,kanal,F4,-7.45710466412843,-0.4534519201174607,3.5273352650241163,4.37309762242808,1.5124467349688857,kanan,frontal,3.0,False,0.9676272459614904,-6.073938481835896,1.159466718460795,2.705011119213335,-0.04070497559888353,,1.074401284530583
P25,AGEM KIRI,NAIK,4,False,kanal,C4,-12.049120557279721,-0.771011658270573,3.1802739327847567,6.936476955991401,0.7258602329027541,kanan,sentral,3.0,False,0.9328536101422069,-6.073938481835896,0.8124053862214353,5.268390452776655,-0.8272914776650151,,1.074401284530583
P25,AGEM KIRI,NAIK,4,False,kanal,P4,-3.596146997445281,-0.1413050416673438,1.0107974142650789,2.384800133973676,0.600456876391818,kanan,parietal,4.0,False,0.9811319252988726,-6.073938481835896,-1.3570711322982425,0.7167136307589306,-0.9526948341759512,,1.074401284530583
P25,AGEM KIRI,NAIK,4,False,kanal,O2,-1.2023516077301792,0.08709711078749027,1.5554631603418865,0.3610280507374468,1.7532048963869402,kanan,oksipital,3.0,False,0.9665586835583068,-6.073938481835896,-0.8124053862214349,-1.3070584524772986,0.20005318581917098,,1.074401284530583
P25,AGEM KIRI,NAIK,4,False,kanal,F8,-5.966223614667435,-0.11137328031653926,3.261427577831579,-0.030528343519991452,1.5938566861666528,kanan,frontotemporal,3.0,False,0.9804826665715688,-6.073938481835896,0.8935590312682575,-1.6986148467347368,0.04070497559888353,,1.074401284530583
P25,AGEM KIRI,NAIK,4,False,kanal,T4,-2.805971512140495,-0.2854218521204064,0.6761744307741319,0.7656467200613934,1.7333408443312845,kanan,temporal,3.0,False,0.8917315114838384,-6.073938481835896,-1.6916941157891894,-0.9024397831533519,0.1801891337635153,,1.074401284530583
P25,AGEM KIRI,NAIK,4,False,kanal,T6,-9.060480445655841,-0.4637846551644429,3.503841635526351,3.5561549921259354,1.913625327326381,kanan,temporo-posterior,4.0,False,0.9789077721212377,-6.073938481835896,1.1359730889630297,1.88806848891119,0.3604736167586118,,1.074401284530583
P25,AGEM KIRI,NAIK,4,False,area,frontopolar,-6.141866127911918,-0.19627025931487596,-0.23086108979722453,1.0283082554510856,0.32296421877449866,,frontopolar,4.0,False,0.990452032333987,,,,,True,1.074401284530583
P25,AGEM KIRI,NAIK,4,False,area,frontal,-6.0827229651902,-0.3605323625146075,3.131293442663615,4.079496660707706,1.409449645282658,,frontal,3.0,False,0.9796453806280879,,,,,False,1.074401284530583
P25,AGEM KIRI,NAIK,4,False,area,frontotemporal,-2.86040444261711,-0.0705288264406243,-0.9510484041721301,0.02204274398028172,0.8858504911824969,,frontotemporal,3.0,False,0.9686296726151322,,,,,True,1.074401284530583
P25,AGEM KIRI,NAIK,4,False,area,sentral,-4.974889594645845,-0.17624983133216277,2.059937751021807,6.1872499728909665,1.6439876024247042,,sentral,3.0,False,0.9642919766603196,,,,,False,1.074401284530583
P25,AGEM KIRI,NAIK,4,False,area,temporal,-1.9256968939328871,-0.3195790335718067,0.274735516680657,0.679492944098604,0.7126299227111708,,temporal,3.0,False,0.8637507073072668,,,,,True,1.074401284530583
P25,AGEM KIRI,NAIK,4,False,area,parietal,-1.903135415346469,-0.10520157728189061,1.24478128269367,2.067997500042859,0.6690055470343972,,parietal,4.0,False,0.984030202060377,,,,,False,1.074401284530583
P25,AGEM KIRI,NAIK,4,False,area,temporo-posterior,-9.771931420420906,-0.5708626513752748,3.3608335995812366,3.1003213561609155,1.471366140004029,,temporo-posterior,4.0,False,0.9891586153841688,,,,,False,1.074401284530583
P25,AGEM KIRI,NAIK,4,False,area,oksipital,-2.2742838558313068,-0.11300459145212471,-0.44384843974943355,-0.5867014714880363,1.8241469442172804,,oksipital,4.0,False,0.9763120108601653,,,,,False,1.074401284530583
P25,AGEM KIRI,POST,4,False,belahan,kiri,3.986712856270458,-0.12849188513564502,1.832149586478414,1.3001600861322524,0.35536425789357495,,,,,,,,,,,1.074401284530583
P25,AGEM KIRI,POST,4,False,belahan,kanan,3.464995751944791,0.1872253597202338,1.7609163833889196,2.5382392257120308,0.9886136610379764,,,,,,,,,,,1.074401284530583
P25,AGEM KIRI,POST,4,False,kanal,Fp1,4.265352459568483,-0.194297226307228,1.3614844139167714,0.9872371392442512,-0.1027774222765867,kiri,frontopolar,4.0,False,0.9857613437902222,3.986712856270458,-0.47066517256164264,-0.31292294688800126,-0.45814168017016166,,1.074401284530583
P25,AGEM KIRI,POST,4,False,kanal,F3,-0.06804687713845681,-0.5695145953426437,2.1745313188883406,-0.018473579601259615,0.021773492923249038,kiri,frontal,3.0,False,0.8482139040472173,3.986712856270458,0.34238173240992653,-1.318633665733512,-0.3335907649703259,,1.074401284530583
P25,AGEM KIRI,POST,4,False,kanal,C3,5.832207318846116,-0.011039869963952231,1.8393007181495529,1.03849614507258,0.24904178164147567,kiri,sentral,4.0,False,0.982495468820249,3.986712856270458,0.0071511316711387884,-0.2616639410596724,-0.10632247625209928,,1.074401284530583
P25,AGEM KIRI,POST,4,False,kanal,P3,2.650107459174343,-0.06268654396406204,2.5890585619839923,3.004229306283475,0.9046801882579247,kiri,parietal,3.0,False,0.9854880928497809,3.986712856270458,0.7569089755055782,1.7040692201512226,0.5493159303643498,,1.074401284530583
P25,AGEM KIRI,POST,4,False,kanal,O1,4.862975362498005,0.2587373051095374,2.76674385842842,1.115666697517986,0.4616867341456742,kiri,oksipital,4.0,False,0.9896098521703204,3.986712856270458,0.9345942719500058,-0.18449338861426634,0.10632247625209923,,1.074401284530583
P25,AGEM KIRI,POST,4,False,kanal,F7,3.708073252972433,-0.208439522421626,1.5679889289027082,2.8246459729105333,0.5709930041829128,kiri,frontotemporal,4.0,False,0.9783809876639531,3.986712856270458,-0.26416065757570584,1.524485886778281,0.2156287462893378,,1.074401284530583
P25,AGEM KIRI,POST,4,False,kanal,T3,4.8297963376123505,0.06038301236728616,1.7622563728769172,1.4846534747465188,0.8588070942639401,kiri,temporal,3.0,False,0.9865403112851752,3.986712856270458,-0.06989321360149692,0.18449338861426634,0.5034428363703651,,1.074401284530583
P25,AGEM KIRI,POST,4,False,kanal,T5,1.7607279323204423,-0.38575168293639295,1.824998454807275,1.5471445909847024,-0.06905689823949102,kiri,temporo-posterior,4.0,False,0.9802409092669349,3.986712856270458,-0.0071511316711390105,0.24698450485244994,-0.42442115613306597,,1.074401284530583
P25,AGEM KIRI,POST,4,False,kanal,Fp2,6.694300982970809,0.5176349915541216,0.6370090966794815,3.3544909564857894,0.7550901640341647,kanan,frontopolar,3.0,False,0.9875496254079412,3.464995751944791,-1.1239072867094382,0.8162517307737587,-0.2335234970038117,,1.074401284530583
P25,AGEM KIRI,POST,4,False,kanal,F4,4.04003724946093,0.2742598243109362,1.6635992683809426,2.356848098752319,0.7680693157473402,kanan,frontal,3.0,False,0.9884243438366258,3.464995751944791,-0.09731711500797702,-0.1813911269597117,-0.22054434529063627,,1.074401284530583
P25,AGEM KIRI,POST,4,False,kanal,C4,3.8901392925180645,0.2814332596199296,1.9775800458721282,1.713482311582812,1.1613301336691733,kanan,sentral,3.0,False,0.9880470893841111,3.464995751944791,0.21666366248320856,-0.8247569141292188,0.17271647263119683,,1.074401284530583
P25,AGEM KIRI,POST,4,False,kanal,P4,3.0398522113715174,-0.07534135845869927,2.2793244333133442,2.597076568585823,1.0097779026010962,kanan,parietal,4.0,False,0.9867901617570946,3.464995751944791,0.5184080499244246,0.05883734287379205,0.0211642415631198,,1.074401284530583
P25,AGEM KIRI,POST,4,False,kanal,O2,0.8886105999612255,-0.052270228007861075,2.6140788303156297,5.113011535776387,2.6188441687285056,kanan,oksipital,4.0,False,0.9817105980566653,3.464995751944791,0.8531624469267101,2.5747723100643563,1.6302305076905292,,1.074401284530583
P25,AGEM KIRI,POST,4,False,kanal,F8,1.2199322155359198,0.10019089512953139,1.8582334983968969,1.972847873650506,0.9674494194748566,kanan,frontotemporal,3.0,False,0.9894032912874365,3.464995751944791,0.09731711500797724,-0.5653913520615248,-0.0211642415631198,,1.074401284530583
P25,AGEM KIRI,POST,4,False,kanal,T4,1.5727811927685096,-0.002843948874987845,0.6947752204744839,2.4794018828382387,0.5244752568297193,kanan,temporal,4.0,False,0.9909312452473726,3.464995751944791,-1.0661411629144357,-0.05883734287379205,-0.46413840420825714,,1.074401284530583
P25,AGEM KIRI,POST,4,False,kanal,T6,4.938723742669779,0.389857631340373,1.078216559753833,2.8180965755057814,1.23243326638749,kanan,temporo-posterior,4.0,False,0.9900764172655943,3.464995751944791,-0.6826998236350867,0.27985734979375065,0.24381960534951352,,1.074401284530583
P25,AGEM KIRI,POST,4,False,area,frontopolar,4.131812173290257,0.12587593145120013,0.3341225706902551,1.7178172949887718,0.31708862162186724,,frontopolar,4.0,False,0.9884126384242172,,,,,True,1.074401284530583
P25,AGEM KIRI,POST,4,False,area,frontal,1.2769175473581882,-0.10883971692644456,1.058037471410442,0.7336483110812648,-0.15871400107729905,,frontal,4.0,False,0.9696512186606813,,,,,False,1.074401284530583
P25,AGEM KIRI,POST,4,False,area,frontotemporal,3.2097994910646293,-0.2196067087423772,1.1103594819212437,1.7645001670563776,0.6549063708598688,,frontotemporal,4.0,False,0.9790318988197446,,,,,True,1.074401284530583
P25,AGEM KIRI,POST,4,False,area,sentral,4.474470071368884,0.07603099700381133,1.2323594921129444,0.8065708747368698,0.3950931573848153,,sentral,4.0,False,0.9958983063865026,,,,,False,1.074401284530583
P25,AGEM KIRI,POST,4,False,area,temporal,2.312578918967411,-0.010541083025763509,0.3001133505340581,2.3904275827038535,0.4376747555691105,,temporal,4.0,False,0.9919918659337076,,,,,True,1.074401284530583
P25,AGEM KIRI,POST,4,False,area,parietal,3.848924345959972,-0.03657409723231475,2.3575172272660385,2.4179757376517705,0.9166639790285529,,parietal,4.0,False,0.9885420831587239,,,,,False,1.074401284530583
P25,AGEM KIRI,POST,4,False,area,temporo-posterior,2.7753839302574974,-0.0078189646548259,1.027971987458518,1.6917232392107522,0.7195412262023049,,temporo-posterior,4.0,False,0.9941581899280916,,,,,False,1.074401284530583
P25,AGEM KIRI,POST,4,False,area,oksipital,1.961922646467734,0.0503766886629744,2.681196696147674,4.390648591235895,2.0474753325088217,,oksipital,4.0,False,0.9904647486719624,,,,,False,1.074401284530583
P25,NGEED,PRA,4,False,belahan,kiri,7.2027172456649176,0.3699956168219257,-0.31017787629533833,3.1499377978573433,0.978369923686995,,,,,,,,,,,1.074401284530583
P25,NGEED,PRA,4,False,belahan,kanan,5.774235313578274,0.4326944220592537,0.8488278109567463,2.882004285478912,1.2475719946047912,,,,,,,,,,,1.074401284530583
P25,NGEED,PRA,4,False,kanal,Fp1,6.574495250896085,0.328990631108681,-0.39802764278677905,4.2374014807914415,1.090043445673218,kiri,frontopolar,4.0,False,0.9872298405394251,7.2027172456649176,-0.08784976649144072,1.0874636829340982,0.11167352198622293,,1.074401284530583
P25,NGEED,PRA,4,False,kanal,F3,6.32754413586045,0.359986240126023,0.22167774447906452,4.911012942398358,1.7524999649467037,kiri,frontal,3.0,False,0.9802226518364383,7.2027172456649176,0.5318556207744028,1.7610751445410147,0.7741300412597086,,1.074401284530583
P25,NGEED,PRA,4,False,kanal,C3,5.796521622135707,0.35070710109710235,-0.5859185337289319,3.6073999487891046,0.9307051048458599,kiri,sentral,4.0,False,0.9840431293265326,7.2027172456649176,-0.27574065743359355,0.45746215093176135,-0.04766481884113516,,1.074401284530583
P25,NGEED,PRA,4,False,kanal,P3,8.686065382460818,0.5287284958827414,-0.2576181787333326,1.102426504109411,0.6845535222323476,kiri,parietal,4.0,False,0.9772916399286581,7.2027172456649176,0.052559697562005736,-2.0475112937479323,-0.2938164014546475,,1.074401284530583
P25,NGEED,PRA,4,False,kanal,O1,11.000933452382526,0.7618414461319014,-0.5204322572882425,0.24409180180815193,0.005218967923246387,kiri,oksipital,4.0,False,0.9796381420110566,7.2027172456649176,-0.21025438099290417,-2.9058459960491914,-0.9731509557637487,,1.074401284530583
P25,NGEED,PRA,4,False,kanal,F7,7.033226504368912,0.3390232385159391,0.2871242612105951,3.9947480500980173,1.635123267304792,kiri,frontotemporal,4.0,False,0.9856716733082235,7.2027172456649176,0.5973021375059334,0.844810252240674,0.6567533436177969,,1.074401284530583
P25,NGEED,PRA,4,False,kanal,T3,7.372207986960923,0.4586446642944182,-0.36273757385734406,2.692475646925582,1.0260347425281302,kiri,temporal,3.0,False,0.9764892851399003,7.2027172456649176,-0.052559697562005736,-0.45746215093176135,0.04766481884113516,,1.074401284530583
P25,NGEED,PRA,4,False,kanal,T5,8.071320450135602,0.38000499351782846,1.8661641221445868,0.8782937066806671,-0.014963289407302405,kiri,temporo-posterior,3.0,False,0.9840003009923802,7.2027172456649176,2.1763419984399253,-2.271644091176676,-0.9933332130942975,,1.074401284530583
P25,NGEED,PRA,4,False,kanal,Fp2,15.296500735017801,0.912668043995239,-0.472004138012867,0.8671913616186684,1.1971132661262638,kanan,frontopolar,4.0,False,0.9779370000521862,5.774235313578274,-1.3208319489696132,-2.0148129238602435,-0.05045872847852739,,1.074401284530583
P25,NGEED,PRA,4,False,kanal,F4,9.634435099702102,0.7296113584394117,1.0269904667905767,3.2100907849053604,2.014215705808989,kanan,frontal,4.0,False,0.9848935977950013,5.774235313578274,0.1781626558338304,0.3280864994264485,0.7666437112041979,,1.074401284530583
P25,NGEED,PRA,4,False,kanal,C4,8.171114495306178,0.5862594509448924,0.6706651551229159,3.9576909292481477,1.6926588799598214,kanan,sentral,4.0,False,0.9884536080485887,5.774235313578274,-0.1781626558338304,1.0756866437692358,0.44508688535503027,,1.074401284530583
P25,NGEED,PRA,4,False,kanal,P4,6.073784648927912,0.37369393019756014,0.520007502335843,1.5453087750884165,1.2103678520376782,kanan,parietal,4.0,False,0.9742010160429965,5.774235313578274,-0.3288203086209033,-1.3366955103904954,-0.03720414256711302,,1.074401284530583
P25,NGEED,PRA,4,False,kanal,O2,5.474685978228635,0.3051801998831505,-0.10561985309262067,2.553917786052463,1.2071626322235993,kanan,oksipital,4.0,False,0.9948714728248796,5.774235313578274,-0.954447664049367,-0.32808649942644896,-0.04040936238119186,,1.074401284530583
P25,NGEED,PRA,4,False,kanal,F8,2.6360894033684232,0.1256319215918178,1.7781116040390592,3.317377729350923,1.2832892862747605,kanan,frontotemporal,4.0,False,0.9895399623409206,5.774235313578274,0.9292837930823129,0.43537344387201093,0.03571729166996929,,1.074401284530583
P25,NGEED,PRA,4,False,kanal,T4,4.774191828730821,0.2334739036390694,1.6521348679209624,1.5732024598363146,1.2118547029348221,kanan,temporal,4.0,False,0.9897490410779554,5.774235313578274,0.8033070569642161,-1.3088018256425973,-0.035717291669969065,,1.074401284530583
P25,NGEED,PRA,4,False,kanal,T6,3.9119506025060318,0.4916949139209472,1.4435284249947757,3.7829854739131745,1.7601586018603104,kanan,temporo-posterior,4.0,False,0.9915852568531105,5.774235313578274,0.5947006140380294,0.9009811884342627,0.5125866072555192,,1.074401284530583
P25,NGEED,PRA,4,False,area,frontopolar,13.717408344824591,0.80052005740335,-0.10251949550057593,1.465260317974439,1.1623459492061754,,frontopolar,4.0,False,0.9831479578195085,,,,,True,1.074401284530583
P25,NGEED,PRA,4,False,area,frontal,9.190481708203706,0.6370264440225779,0.838801070396526,3.063506511485993,1.9220455216027483,,frontal,4.0,False,0.987754980075677,,,,,False,1.074401284530583
P25,NGEED,PRA,4,False,area,frontotemporal,7.275594962799715,0.3714065209773991,-0.17695292990761002,2.964572382786092,1.201157444875607,,frontotemporal,4.0,False,0.9889507039563356,,,,,True,1.074401284530583
P25,NGEED,PRA,4,False,area,sentral,7.723702017290464,0.523471183848029,0.1942916523937055,3.7982203690217515,1.4109091236720657,,sentral,4.0,False,0.9882010241388585,,,,,False,1.074401284530583
P25,NGEED,PRA,4,False,area,temporal,5.482122946159841,0.23175035094018348,1.593951871613981,1.2356483867936752,1.1783465428638824,,temporal,4.0,False,0.9909714594158584,,,,,True,1.074401284530583
P25,NGEED,PRA,4,False,area,parietal,6.379510061254216,0.37758211868143365,0.3151614339980857,1.3709997802962999,1.034323922473158,,parietal,4.0,False,0.9826538606258106,,,,,False,1.074401284530583
P25,NGEED,PRA,4,False,area,temporo-posterior,5.664627682844127,0.43540176104287953,0.7533992113141641,2.473324423637275,0.8647817254448433,,temporo-posterior,4.0,False,0.994391181991699,,,,,False,1.074401284530583
P25,NGEED,PRA,4,False,area,oksipital,7.401681522740525,0.46052609031761516,-0.5184917148328555,1.8695748209103824,0.7239219210443819,,oksipital,4.0,False,0.9937476689839899,,,,,False,1.074401284530583
P25,NGEED,TURUN,4,False,belahan,kiri,-1.7050468746728953,-0.08909960506191184,-0.6677254044211917,2.268200566365193,1.1067845258766857,,,,,,,,,,,1.074401284530583
P25,NGEED,TURUN,4,False,belahan,kanan,-1.1802113293527903,0.10957879782632729,0.9030734190581149,-0.09300793502287075,1.2149694103409936,,,,,,,,,,,1.074401284530583
P25,NGEED,TURUN,4,False,kanal,Fp1,0.14839544075887545,-0.0662745094461723,-0.6028608451675899,-0.775847151215852,0.7515281669818382,kiri,frontopolar,4.0,False,0.941521540955846,-1.7050468746728953,0.0648645592536018,-3.044047717581045,-0.3552563588948475,,1.074401284530583
P25,NGEED,TURUN,4,False,kanal,F3,-5.1721778866950885,-0.3010627161396411,0.13865193649045304,2.953277406324813,0.11924008944111908,kiri,frontal,2.0,True,0.885635615290508,-1.7050468746728953,0.8063773409116447,0.6850768399596197,-0.9875444364355667,,1.074401284530583
P25,NGEED,TURUN,4,False,kanal,C3,-2.612233435083702,-0.11192470067765137,-0.7325899636747935,1.0022257648481467,1.8070301122437897,kiri,sentral,3.0,False,0.9387859532933049,-1.7050468746728953,-0.0648645592536018,-1.2659748015170464,0.700245586367104,,1.074401284530583
P25,NGEED,TURUN,4,False,kanal,P3,0.15865406547985117,0.17438470791046035,0.24285450218148485,2.1903238374142364,1.569643027926051,kiri,parietal,3.0,False,0.9623840207395867,-1.7050468746728953,0.9105799066026765,-0.07787672895095676,0.4628585020493652,,1.074401284530583
P25,NGEED,TURUN,4,False,kanal,O1,-7.763112380884337,-0.5537735476145333,1.215262315313772,3.960611871947627,0.7686301584798271,kiri,oksipital,4.0,False,0.9490816717330574,-1.7050468746728953,1.8829877197349636,1.692411305582434,-0.33815436739685867,,1.074401284530583
P25,NGEED,TURUN,4,False,kanal,F7,3.894598617594582,0.2909500239448781,-1.2342950070484848,-0.3698566925965161,1.4449388932735445,kiri,frontotemporal,3.0,False,0.9171284735951033,-1.7050468746728953,-0.5665696026272932,-2.6380572589617093,0.3381543673968588,,1.074401284530583
P25,NGEED,TURUN,4,False,kanal,T3,-0.7978603142620884,0.047617791512452046,-0.9913230439823978,3.5424598218342633,2.901021482454516,kiri,temporal,2.0,True,0.8693019166148104,-1.7050468746728953,-0.32359763956120613,1.2742592554690702,1.7942369565778302,,1.074401284530583
P25,NGEED,TURUN,4,False,kanal,T5,-5.688472715651251,-0.35888563495405146,-0.8643980583810629,2.3460772953161495,-0.008262823675273201,kiri,temporo-posterior,3.0,False,0.9141681058980987,-1.7050468746728953,-0.1966726539598712,0.07787672895095632,-1.115047349551959,,1.074401284530583
P25,NGEED,TURUN,4,False,kanal,Fp2,-0.8702275847003307,-0.19731162347843267,-0.41719664714152604,-0.45006929403226836,0.5131158569410874,kanan,frontopolar,4.0,False,0.9896844260959828,-1.1802113293527903,-1.320270066199641,-0.3570613590093976,-0.7018535533999062,,1.074401284530583
P25,NGEED,TURUN,4,False,kanal,F4,0.23213097223220558,0.220446072232249,-0.8853552169306744,0.006929138109612154,0.452182920173574,kanan,frontal,3.0,False,0.9706759490134167,-1.1802113293527903,-1.7884286359887893,0.0999370731324829,-0.7627864901674196,,1.074401284530583
P25,NGEED,TURUN,4,False,kanal,C4,-3.9516428087268594,-0.03575941628672186,2.6670555145293076,-0.37459179931825837,1.4366022652305261,kanan,sentral,3.0,False,0.9791138245547102,-1.1802113293527903,1.7639820954711927,-0.2815838642953876,0.22163285488953255,,1.074401284530583
P25,NGEED,TURUN,4,False,kanal,P4,-2.777522184043697,-0.0012884765795944109,1.6372857851381128,0.9047738359146402,2.018562358609998,kanan,parietal,4.0,False,0.9853399354773028,-1.1802113293527903,0.734212366079998,0.997781770937511,0.8035929482690043,,1.074401284530583
P25,NGEED,TURUN,4,False,kanal,O2,-1.3314433522356168,0.3153061425062762,0.16886105297811693,-0.19294500815535365,1.145525130685195,kanan,oksipital,4.0,False,0.9847141374380045,-1.1802113293527903,-0.734212366079998,-0.0999370731324829,-0.06944427965579858,,1.074401284530583
P25,NGEED,TURUN,4,False,kanal,F8,-0.5499546759827041,0.2865215944877817,-0.02916870770730773,0.2416816154311947,1.5471091847422567,kanan,frontotemporal,3.0,False,0.9876768556402508,-1.1802113293527903,-0.9322421267654226,0.33468955045406545,0.3321397744012631,,1.074401284530583
P25,NGEED,TURUN,4,False,kanal,T4,-1.0289793064699637,0.26138328779045317,3.052560716843616,1.555296268789247,1.2844136899967922,kanan,temporal,3.0,False,0.9896707613153578,-1.1802113293527903,2.1494872977855013,1.6483042038121178,0.06944427965579858,,1.074401284530583
P25,NGEED,TURUN,4,False,kanal,T6,-1.7652560741084642,-0.017607398634946758,2.211362188994424,-1.0793209080175727,0.544931710559206,kanan,temporo-posterior,4.0,False,0.9852737093576638,-1.1802113293527903,1.308288769936309,-0.986312972994702,-0.6700376997817876,,1.074401284530583
P25,NGEED,TURUN,4,False,area,frontopolar,0.40909265058663635,-0.09209723251706614,-0.9212284567720852,-0.7290093976266059,0.5784160323367753,,frontopolar,4.0,False,0.9887716619679011,,,,,True,1.074401284530583
P25,NGEED,TURUN,4,False,area,frontal,1.6411892906986552,0.2620904652406506,-0.3328128394960539,0.3428083171665439,0.6989759790992857,,frontal,3.0,False,0.9707691249590356,,,,,False,1.074401284530583
P25,NGEED,TURUN,4,False,area,frontotemporal,2.5438004007124277,0.25986517874205295,-1.509012486880128,-1.1286342124110318,1.1933323308789292,,frontotemporal,3.0,False,0.9580487989899664,,,,,True,1.074401284530583
P25,NGEED,TURUN,4,False,area,sentral,-1.3448220150257413,0.05595588431097709,0.7985998086787032,-0.8194950201197067,1.2523127722004888,,sentral,4.0,False,0.9634739659045788,,,,,False,1.074401284530583
P25,NGEED,TURUN,4,False,area,temporal,-0.8219995671224254,0.13496172683610563,2.9916991805805146,1.9180382373827802,0.9398285362166896,,temporal,3.0,False,0.987826310087037,,,,,True,1.074401284530583
P25,NGEED,TURUN,4,False,area,parietal,-0.43904763008534786,0.0521842165025761,0.17164986959743,0.36680756643949186,1.0299479972273358,,parietal,4.0,False,0.9700228923957082,,,,,False,1.074401284530583
P25,NGEED,TURUN,4,False,area,temporo-posterior,-1.467035349305597,-0.06779689908618858,1.5456811127368657,-0.7152470705054825,0.2554776877597342,,temporo-posterior,4.0,False,0.9939975473188345,,,,,False,1.074401284530583
P25,NGEED,TURUN,4,False,area,oksipital,-3.298332173711337,-0.0914708884083717,-0.3994868287450293,0.6749654841640456,0.7399053194815114,,oksipital,4.0,False,0.982654596016315,,,,,False,1.074401284530583
P25,NGEED,TAHAN,4,False,belahan,kiri,-6.121979698379398,-0.3459468018395282,-0.12181510467924678,1.4481585935497865,1.2211792608869358,,,,,,,,,,,1.074401284530583
P25,NGEED,TAHAN,4,False,belahan,kanan,-5.441533826351193,-0.19839595936725118,1.2835343956443757,0.7328158993248333,0.7904925064682304,,,,,,,,,,,1.074401284530583
P25,NGEED,TAHAN,4,False,kanal,Fp1,-5.586134175977747,-0.32268157280342025,0.16383680846261017,1.0497460203967668,0.8601903559176841,kiri,frontopolar,4.0,False,0.9776721800064033,-6.121979698379398,0.28565191314185695,-0.3984125731530197,-0.36098890496925173,,1.074401284530583
P25,NGEED,TAHAN,4,False,kanal,F3,-3.9618168190663425,-0.0241101990764665,-0.4248523452683124,1.4692329531523636,1.1250747297199766,kiri,frontal,2.0,True,0.985184776088838,-6.121979698379398,-0.3030372405890656,0.021074359602577086,-0.09610453116695927,,1.074401284530583
P25,NGEED,TAHAN,4,False,kanal,C3,-6.657825220781049,-0.27404776580529755,-0.862637309483692,2.07068448795254,1.9264207502453965,kiri,sentral,3.0,False,0.9601498165292953,-6.121979698379398,-0.7408222048044453,0.6225258944027536,0.7052414893584606,,1.074401284530583
P25,NGEED,TAHAN,4,False,kanal,P3,-4.9102520113307335,-0.2999743636840937,-0.31574834573769306,2.253370644123042,1.3049896601601123,kiri,parietal,3.0,False,0.9695042683499466,-6.121979698379398,-0.19393324105844628,0.8052120505732554,0.08381039927317646,,1.074401284530583
P25,NGEED,TAHAN,4,False,kanal,O1,-7.287006150198366,-0.40893821643609873,0.0721181363791995,0.11256427824465076,1.5756864154887147,kiri,oksipital,4.0,False,0.893864035364318,-6.121979698379398,0.19393324105844628,-1.3355943153051357,0.35450715460177884,,1.074401284530583
P25,NGEED,TAHAN,4,False,kanal,F7,-4.872176213837463,-0.36921203087563614,0.57151573308587,1.4270842339472094,1.1373688616137596,kiri,frontotemporal,3.0,False,0.9703287531515579,-6.121979698379398,0.6933308377651168,-0.021074359602577086,-0.08381039927317624,,1.074401284530583
P25,NGEED,TAHAN,4,False,kanal,T3,-9.357698661861349,-0.40220188395694567,-1.0667515194339634,2.3713166567718584,3.1633041370372372,kiri,temporal,2.0,True,0.8841407105155037,-6.121979698379398,-0.9449364147547166,0.923158063222072,1.9421248761503014,,1.074401284530583
P25,NGEED,TAHAN,4,False,kanal,T5,-8.415810651243525,-0.5860549335715797,1.3661152159330174,0.9179487844879719,0.7475658614023601,kiri,temporo-posterior,4.0,False,0.957286781938357,-6.121979698379398,1.4879303206122643,-0.5302098090618146,-0.4736133994845757,,1.074401284530583
P25,NGEED,TAHAN,4,False,kanal,Fp2,0.7929829628170992,0.42572474369374236,-1.3497154064951056,-1.4778294674318366,1.1987092166648838,kanan,frontopolar,3.0,False,0.989886344122537,-5.441533826351193,-2.6332498021394812,-2.21064536675667,0.4082167101966534,,1.074401284530583
P25,NGEED,TAHAN,4,False,kanal,F4,-1.9706011297583785,0.08121142048884256,0.30478836318810154,0.946586620885701,0.47049729968338305,kanan,frontal,3.0,False,0.9868221006190033,-5.441533826351193,-0.9787460324562741,0.21377072156086774,-0.3199952067848474,,1.074401284530583
P25,NGEED,TAHAN,4,False,kanal,C4,-8.492276083471126,-0.4520652562377012,1.6411467967920301,0.5190451777639655,0.2874919220162278,kanan,sentral,4.0,False,0.9894207117059663,-5.441533826351193,0.35761240114765447,-0.21377072156086774,-0.5030005844520027,,1.074401284530583
P25,NGEED,TAHAN,4,False,kanal,P4,-5.757794695937093,-0.3593763949066291,1.986997302220013,2.611807617037697,0.7353055825974234,kanan,parietal,4.0,False,0.9743411585916151,-5.441533826351193,0.7034629065756373,1.8789917177128639,-0.055186923870807036,,1.074401284530583
P25,NGEED,TAHAN,4,False,kanal,O2,-3.0627623210729027,0.020608548180388375,0.9259219944967212,-0.34860032658559215,0.6121602259031015,kanan,oksipital,4.0,False,0.989750010916506,-5.441533826351193,-0.35761240114765447,-1.0814162259104254,-0.17833228056512895,,1.074401284530583
P25,NGEED,TAHAN,4,False,kanal,F8,-5.1252729567652935,-0.1215832591162318,-0.06921509331425713,0.17990240880784825,0.9442383415419577,kanan,frontotemporal,4.0,False,0.9847599402005472,-5.441533826351193,-1.352749488958633,-0.552913490516985,0.1537458350737273,,1.074401284530583
P25,NGEED,TAHAN,4,False,kanal,T4,-7.605359290911515,-0.27520865961827057,2.254670442209596,1.2377673717203912,0.9731672461157073,kanan,temporal,4.0,False,0.9757318282180484,-5.441533826351193,0.9711360465652203,0.5049514723955579,0.18267473964747682,,1.074401284530583
P25,NGEED,TAHAN,4,False,kanal,T6,-6.8876369764649965,-0.343789549971079,3.1055680670007293,2.9047258659552506,0.8456794303390376,kanan,temporo-posterior,4.0,False,0.9799272264369973,-5.441533826351193,1.8220336713563536,2.1719099666304174,0.05518692387080715,,1.074401284530583
P25,NGEED,TAHAN,4,False,area,frontopolar,-1.4460177153817142,0.23589738404601746,-1.3359865766352008,-1.0216916582908926,1.1473423164814376,,frontopolar,4.0,False,0.9930454346442718,,,,,True,1.074401284530583
P25,NGEED,TAHAN,4,False,area,frontal,-1.4944964487189125,0.019820474038444225,0.7019390643340684,1.144115055019297,0.22490161157144206,,frontal,4.0,False,0.9921178295131099,,,,,False,1.074401284530583
P25,NGEED,TAHAN,4,False,area,frontotemporal,-5.071410642490541,-0.2675722279940411,0.05696733618233307,0.23898936083213718,0.9346382779791662,,frontotemporal,4.0,False,0.9856979364372683,,,,,True,1.074401284530583
P25,NGEED,TAHAN,4,False,area,sentral,-5.029950901844288,-0.19881633993487124,0.8329208503483299,0.9143308911948984,1.0092611318819376,,sentral,4.0,False,0.9909688174680186,,,,,False,1.074401284530583
P25,NGEED,TAHAN,4,False,area,temporal,-4.707990862348929,-0.16218014610064224,2.4756368779178493,1.4712808543279752,1.2820562166192713,,temporal,4.0,False,0.9875362604834782,,,,,True,1.074401284530583
P25,NGEED,TAHAN,4,False,area,parietal,-4.173693466008096,-0.302208093422053,1.292111526657979,1.85618114137114,0.5970352477520868,,parietal,4.0,False,0.9664989495997055,,,,,False,1.074401284530583
P25,NGEED,TAHAN,4,False,area,temporo-posterior,-7.528891381438022,-0.4481680579273424,2.7903581189233733,2.3560223126399986,0.6954446245594448,,temporo-posterior,4.0,False,0.9847527920983178,,,,,False,1.074401284530583
P25,NGEED,TAHAN,4,False,area,oksipital,-1.765934269077924,0.02220301624088661,-0.5964440783719849,-1.2444014839673438,0.810243934554263,,oksipital,4.0,False,0.977751431083603,,,,,False,1.074401284530583
P25,NGEED,NAIK,4,False,belahan,kiri,-5.1248302466790605,-0.241543546233295,-1.6523648768046728,0.4482987347347043,1.0995269947605961,,,,,,,,,,,1.074401284530583
P25,NGEED,NAIK,4,False,belahan,kanan,0.25204349121327496,0.2430768111599615,0.2567476165811092,0.7182356113981747,0.8550285862232935,,,,,,,,,,,1.074401284530583
P25,NGEED,NAIK,4,False,kanal,Fp1,-4.671256470469878,-0.2661894930091848,-1.8607907429284125,-0.12360390899609275,1.170454073912262,kiri,frontopolar,4.0,False,0.9264608528294823,-5.1248302466790605,-0.2084258661237397,-0.571902643730797,0.07092707915166585,,1.074401284530583
P25,NGEED,NAIK,4,False,kanal,F3,-2.6144131602390175,-0.05054571842508104,-2.228662409282074,0.013372916612861996,0.07037914102125964,kiri,frontal,3.0,False,0.9421354026924004,-5.1248302466790605,-0.5762975324774011,-0.4349258181218423,-1.0291478537393366,,1.074401284530583
P25,NGEED,NAIK,4,False,kanal,C3,-5.578404022888243,-0.3373054501060082,-2.0628211429088745,0.02776348538775597,1.509670828526876,kiri,sentral,3.0,False,0.9043188390034376,-5.1248302466790605,-0.4104562661042017,-0.4205352493469483,0.41014383376627994,,1.074401284530583
P25,NGEED,NAIK,4,False,kanal,P3,-0.2840185046096835,0.06764892945457168,-1.4439390106809329,1.4875702601279133,0.9350544783482619,kiri,parietal,3.0,False,0.9531747940832787,-5.1248302466790605,0.20842586612373992,1.039271525393209,-0.16447251641233418,,1.074401284530583
P25,NGEED,NAIK,4,False,kanal,O1,-12.175694603910173,-0.712956230250492,0.8427990307365968,3.2061623129552013,0.7280638666330078,kiri,oksipital,4.0,False,0.8950137069804335,-5.1248302466790605,2.4951639075412695,2.7578635782204968,-0.3714631281275883,,1.074401284530583
P25,NGEED,NAIK,4,False,kanal,F7,-6.314183164061312,-0.3006487658084198,-1.9588182285807514,0.1959756597893363,1.7682377764047634,kiri,frontotemporal,4.0,False,0.8960141414355427,-5.1248302466790605,-0.3064533517760786,-0.252323074945368,0.6687107816441673,,1.074401284530583
P25,NGEED,NAIK,4,False,kanal,T3,-6.355072759618565,-0.21689759945740517,-0.7361816135444282,0.7006218096800723,1.5389592886206844,kiri,temporal,3.0,False,0.9247785275219494,-5.1248302466790605,0.9161832632602446,0.252323074945368,0.4394322938600883,,1.074401284530583
P25,NGEED,NAIK,4,False,kanal,T5,-4.2343385600100945,-0.06158756297134116,1.0020489760315077,1.6199598340384949,1.02859991560893,kiri,temporo-posterior,4.0,False,0.9751183806747511,-5.1248302466790605,2.6544138528361803,1.1716610993037906,-0.07092707915166607,,1.074401284530583
P25,NGEED,NAIK,4,False,kanal,Fp2,5.910716959316559,0.6648136095408699,1.000977520780429,0.36216261289159,0.0715599823208411,kanan,frontopolar,4.0,False,0.9918074120938482,0.25204349121327496,0.7442299041993199,-0.3560729985065847,-0.7834686039024523,,1.074401284530583
P25,NGEED,NAIK,4,False,kanal,F4,-4.136015451424562,-0.0600092821989191,-0.7646651574326147,1.320788786046053,0.5942479885482277,kanan,frontal,4.0,False,0.9611207802164617,0.25204349121327496,-1.0214127740137238,0.6025531746478783,-0.2607805976750658,,1.074401284530583
P25,NGEED,NAIK,4,False,kanal,C4,-0.7873602988123025,0.2896317211510031,0.3928941019987059,0.521057535672806,1.1158091838983593,kanan,sentral,4.0,False,0.9621178798860552,0.25204349121327496,0.13614648541759672,-0.19717807572536872,0.2607805976750658,,1.074401284530583
P25,NGEED,NAIK,4,False,kanal,P4,0.5263740243341459,0.18063823339948426,-0.2985458257071355,0.782791229073498,1.373747626945377,kanan,parietal,4.0,False,0.9877901655275682,0.25204349121327496,-0.5552934422882447,0.06455561767532325,0.5187190407220835,,1.074401284530583
P25,NGEED,NAIK,4,False,kanal,O2,2.7086612143219213,0.25224323219517464,-1.1793114011305634,0.5972871825557062,1.59506994296395,kanan,oksipital,4.0,False,0.9844253818474682,0.25204349121327496,-1.4360590177116725,-0.12094842884246848,0.7400413567406566,,1.074401284530583
P25,NGEED,NAIK,4,False,kanal,F8,-0.022287041907596006,0.5474427632989052,2.59803539028309,1.6908803839793904,1.182779517932589,kanan,frontotemporal,4.0,False,0.982575579782707,0.25204349121327496,2.341287773701981,0.9726447725812157,0.3277509317092956,,1.074401284530583
P25,NGEED,NAIK,4,False,kanal,T4,0.7368955686025416,0.05504993440435957,0.12060113116351245,0.6536799937228515,0.5433354338092105,kanan,temporal,4.0,False,0.9726160718816845,0.25204349121327496,-0.13614648541759672,-0.06455561767532325,-0.311693152414083,,1.074401284530583
P25,NGEED,NAIK,4,False,kanal,T6,-0.9711141750998138,0.23391039012474835,1.9388834797340542,2.0054996690832674,0.5395282623626227,kanan,temporo-posterior,4.0,False,0.9857661723484672,0.25204349121327496,1.682135863152945,1.2872640576850927,-0.31550032386067073,,1.074401284530583
P25,NGEED,NAIK,4,False,area,frontopolar,4.176625998839214,0.4847852131893633,0.9308309102457228,0.12110924513092103,0.1989196220305069,,frontopolar,4.0,False,0.9936579509647893,,,,,True,1.074401284530583
P25,NGEED,NAIK,4,False,area,frontal,-3.2047445352433,-0.020323749720381423,-0.9182209321418905,1.6266734837236347,0.7937166551503566,,frontal,4.0,False,0.9672431293906911,,,,,False,1.074401284530583
P25,NGEED,NAIK,4,False,area,frontotemporal,-0.5435417319232414,0.22317383769310006,-0.7772696342835,-0.5757757208692853,1.4226954548860604,,frontotemporal,4.0,False,0.9783418793174538,,,,,True,1.074401284530583
P25,NGEED,NAIK,4,False,area,sentral,-0.7206678542350176,0.22443586656199477,-0.36082962589561896,0.3246438972850121,1.6412226463136255,,sentral,4.0,False,0.9716261410556424,,,,,False,1.074401284530583
P25,NGEED,NAIK,4,False,area,temporal,0.4639885478370118,-0.05531587787773695,-0.06082880943777291,0.884376125557583,0.5970128286329084,,temporal,4.0,False,0.9655467522858062,,,,,True,1.074401284530583
P25,NGEED,NAIK,4,False,area,parietal,1.5539671147709981,0.2075345907937851,-0.09046405012746228,1.1019893422730886,1.5882028645388688,,parietal,4.0,False,0.9898960395106412,,,,,False,1.074401284530583
P25,NGEED,NAIK,4,False,area,temporo-posterior,-1.328005889060293,0.16894400365506623,1.563983121433516,1.770261357645488,0.5372045874255178,,temporo-posterior,4.0,False,0.9870970394379325,,,,,False,1.074401284530583
P25,NGEED,NAIK,4,False,area,oksipital,1.9971095837779984,0.26977549997325734,-0.895037195862981,0.9288182793459776,1.378644877570113,,oksipital,4.0,False,0.9869603586922701,,,,,False,1.074401284530583
P25,NGEED,POST,4,False,belahan,kiri,2.157396830013308,0.0883352761772922,1.8267465620862509,2.4635300238718356,0.438643541213528,,,,,,,,,,,1.074401284530583
P25,NGEED,POST,4,False,belahan,kanan,3.1895025636174417,0.1267343402212775,2.747166055326329,3.6949975705719673,1.0015553516209517,,,,,,,,,,,1.074401284530583
P25,NGEED,POST,4,False,kanal,Fp1,3.286238003049597,0.1125771650845262,2.0021689771661864,2.806781771608118,0.021609500295115214,kiri,frontopolar,4.0,False,0.9811576001995028,2.157396830013308,0.1754224150799355,0.3432517477362822,-0.4170340409184128,,1.074401284530583
P25,NGEED,POST,4,False,kanal,F3,1.6082339934783647,-0.016246283581059506,1.24693847447779,2.3530443231672757,0.40567708440885963,kiri,frontal,3.0,False,0.9763414985112712,2.157396830013308,-0.5798080876084608,-0.11048570070455987,-0.032966456804668365,,1.074401284530583
P25,NGEED,POST,4,False,kanal,C3,2.7344548825260517,0.1478302747606539,1.7704165088315778,2.9996246898852004,0.4716099980181963,kiri,sentral,4.0,False,0.9813948980572184,2.157396830013308,-0.05633005325467311,0.5360946660133648,0.03296645680466831,,1.074401284530583
P25,NGEED,POST,4,False,kanal,P3,2.603765078240457,0.13854711339268921,2.4443263473336376,2.0626573986160874,0.576492438272802,kiri,parietal,4.0,False,0.9738743758400076,2.157396830013308,0.6175797852473868,-0.4008726252557482,0.13784889705927406,,1.074401284530583
P25,NGEED,POST,4,False,kanal,O1,1.679004029976575,0.03737336360557619,0.8632651138650499,1.94304310766117,-0.00943423396509091,kiri,oksipital,4.0,False,0.9881093727129446,2.157396830013308,-0.963481448221201,-0.5204869162106656,-0.4480777751786189,,1.074401284530583
P25,NGEED,POST,4,False,kanal,F7,4.427443320553813,0.21398866670493266,1.8830766153409242,3.200027004503687,0.6436275197403272,kiri,frontotemporal,4.0,False,0.9861426120142671,2.157396830013308,0.05633005325467333,0.7364969806318515,0.20498397852679917,,1.074401284530583
P25,NGEED,POST,4,False,kanal,T3,1.7110285817861595,0.0640933872700582,2.165195350825083,2.574015724576395,0.5761275647265705,kiri,temporal,3.0,False,0.9861103728084045,2.157396830013308,0.3384487887388321,0.11048570070455943,0.13748402351304245,,1.074401284530583
P25,NGEED,POST,4,False,kanal,T5,1.4685865149456063,-0.08309171817181094,1.3216279809280533,1.862254536606092,-0.3656766294716507,kiri,temporo-posterior,3.0,False,0.95831074701643,2.157396830013308,-0.5051185811581975,-0.6012754872657435,-0.8043201706851787,,1.074401284530583
P25,NGEED,POST,4,False,kanal,Fp2,11.871005291746982,0.5263516399841914,-0.5329007845035749,1.1866004452673984,1.4491860644084313,kanan,frontopolar,3.0,False,0.9756780395200616,3.1895025636174417,-3.280066839829904,-2.508397125304569,0.4476307127874797,,1.074401284530583
P25,NGEED,POST,4,False,kanal,F4,1.417354855766611,0.027391161222951155,6.388775242122317,6.721122318578773,1.2996963935767105,kanan,frontal,3.0,False,0.9760165913723753,3.1895025636174417,3.641609186795988,3.026124748006806,0.29814104195575886,,1.074401284530583
P25,NGEED,POST,4,False,kanal,C4,2.0995785975459995,0.108131810650544,5.3718850698032545,6.9441406721799375,1.4589697433628628,kanan,sentral,3.0,False,0.9872960248911606,3.1895025636174417,2.6247190144769257,3.24914310160797,0.4574143917419111,,1.074401284530583
P25,NGEED,POST,4,False,kanal,P4,2.6560745868066533,0.07370803859555419,3.0290404394079795,3.8877645551182143,0.7034143096651926,kanan,parietal,4.0,False,0.9866713440213287,3.1895025636174417,0.28187438408165066,0.19276698454624697,-0.2981410419557591,,1.074401284530583
P25,NGEED,POST,4,False,kanal,O2,5.236298989486684,0.2798150084342397,1.7081001634290374,4.109607655299509,0.5113254578792623,kanan,oksipital,4.0,False,0.9920797205340647,3.1895025636174417,-1.0390658918972915,0.414610084727542,-0.49022989374168935,,1.074401284530583
P25,NGEED,POST,4,False,kanal,F8,2.1833755351895405,0.11644226851321005,4.036088761014159,3.50223058602572,1.572327390369394,kanan,frontotemporal,3.0,False,0.985959127661026,3.1895025636174417,1.2889227056878299,-0.1927669845462474,0.5707720387484423,,1.074401284530583
P25,NGEED,POST,4,False,kanal,T4,3.72293054042823,0.13702641192934495,2.465291671244678,2.407415065030229,0.6313139235257619,kanan,temporal,4.0,False,0.9897190296152578,3.1895025636174417,-0.28187438408165066,-1.2875825055417383,-0.3702414280951898,,1.074401284530583
P25,NGEED,POST,4,False,kanal,T6,4.658349461341643,0.30178885598806593,1.1483769367974805,1.477768756724955,0.4047022827482544,kanan,temporo-posterior,4.0,False,0.9849884690406955,3.1895025636174417,-1.5987891185288483,-2.2172288138470124,-0.5968530688726972,,1.074401284530583
P25,NGEED,POST,4,False,area,frontopolar,10.085505946796616,0.48811557280300577,-0.41976410945857634,1.274788309424102,1.194804744572374,,frontopolar,4.0,False,0.9816607735595528,,,,,True,1.074401284530583
P25,NGEED,POST,4,False,area,frontal,1.3282088290494372,0.012862030878263209,6.053575736141106,6.409548737299337,1.2308901078324563,,frontal,3.0,False,0.9796626710109362,,,,,False,1.074401284530583
P25,NGEED,POST,4,False,area,frontotemporal,3.276225281832275,0.1175567588403641,2.324227551990811,2.7830078404947285,0.6212366762072297,,frontotemporal,4.0,False,0.9858966353756795,,,,,True,1.074401284530583
P25,NGEED,POST,4,False,area,sentral,2.126740978071112,0.15592125215762787,4.077379293758874,5.726964522769354,1.2109744723102487,,sentral,4.0,False,0.9906207112838289,,,,,False,1.074401284530583
P25,NGEED,POST,4,False,area,temporal,3.9161333236720424,0.12080476797502104,2.3369055485459747,2.2643668621539117,0.5221285216630023,,temporal,4.0,False,0.991898195479054,,,,,True,1.074401284530583
P25,NGEED,POST,4,False,area,parietal,2.9923164550030137,0.0949152449884767,2.7633703597992563,3.585873695665918,0.5640282267866896,,parietal,4.0,False,0.9865761283021184,,,,,False,1.074401284530583
P25,NGEED,POST,4,False,area,temporo-posterior,5.188627121925286,0.2897559876184985,1.2316065247503283,1.4699247198452343,0.5715296029316108,,temporo-posterior,4.0,False,0.9875962827575819,,,,,False,1.074401284530583
P25,NGEED,POST,4,False,area,oksipital,5.1619672082617285,0.27511224631977904,1.392847064995046,3.4526140117218733,0.21708415896522756,,oksipital,4.0,False,0.9925527973946989,,,,,False,1.074401284530583
