participant_id,pool,phase,n_seg,is_simulated,level,unit,offset_change,exponent_change,theta_periodic_db,mu_periodic_db,beta_periodic_db,hemisphere,area,n_valid,few_segments,r2,global_offset_db,theta_relative_db,mu_relative_db,beta_relative_db,artifact_prone,noise_floor_db
P34,SEMUA,PRA,12,False,belahan,kiri,0.6787667349406412,-0.11048586129815852,1.9102215583094608,1.4156132545565607,0.5710101904163997,,,,,,,,,,,2.492940325388963
P34,SEMUA,PRA,12,False,belahan,kanan,1.6696504973859838,0.04887250714117597,0.8684225778581947,0.30857616245036756,-0.726156242377512,,,,,,,,,,,2.492940325388963
P34,SEMUA,PRA,12,False,kanal,Fp1,1.7063374343205169,0.08609494168733489,1.1962731374223867,0.3473795044890333,0.29243846089502706,kiri,frontopolar,10.0,False,0.9908283245260703,0.6787667349406412,-0.7139484208870741,-1.0682337500675274,-0.2785717295213726,,2.492940325388963
P34,SEMUA,PRA,12,False,kanal,F3,0.02804527572499893,-0.13428655837370274,1.8876026413800886,1.4976070685233225,0.5400405892363968,kiri,frontal,12.0,False,0.9903778216196918,0.6787667349406412,-0.022618916929372235,0.08199381396676175,-0.030969601180002915,,2.492940325388963
P34,SEMUA,PRA,12,False,kanal,C3,1.219920376355823,-0.1076533115504128,1.9328404752388328,1.6088522808065613,0.5350271966867697,kiri,sentral,9.0,False,0.9889053328297144,0.6787667349406412,0.022618916929372013,0.19323902625000056,-0.035982993729629986,,2.492940325388963
P34,SEMUA,PRA,12,False,kanal,P3,1.4165215314564463,-0.11331841104590423,2.041194970360304,2.154295373362257,0.4765213709818581,kiri,parietal,9.0,False,0.9907475130039117,0.6787667349406412,0.13097341205084323,0.7386821188056962,-0.09448881943454157,,2.492940325388963
P34,SEMUA,PRA,12,False,kanal,O1,0.7783307505564991,-0.08740901666755119,2.020388061843369,1.3098852302765098,0.6556791217334319,kiri,oksipital,10.0,False,0.9852264366700766,0.6787667349406412,0.11016650353390833,-0.1057280242800509,0.08466893131703224,,2.492940325388963
P34,SEMUA,PRA,12,False,kanal,F7,-1.6860470816277342,-0.1823829732385429,1.8711183395113797,0.9136863383333482,0.6806794891465627,kiri,frontotemporal,11.0,False,0.9834085191729967,0.6787667349406412,-0.039103218798081096,-0.5019269162232125,0.10966929873016307,,2.492940325388963
P34,SEMUA,PRA,12,False,kanal,T3,0.13791437245407678,-0.13628931279323608,1.6932570403483393,1.333619440589799,0.6019797915964026,kiri,temporal,12.0,False,0.9884779560602359,0.6787667349406412,-0.21696451796112148,-0.08199381396676175,0.030969601180002915,,2.492940325388963
P34,SEMUA,PRA,12,False,kanal,T5,0.5792027193247833,0.0037831624357280713,2.1031238357481543,1.5578907772600736,0.8484477431089998,kiri,temporo-posterior,11.0,False,0.9867065878130323,0.6787667349406412,0.19290227743869348,0.1422775227035129,0.2774375526926002,,2.492940325388963
P34,SEMUA,PRA,12,False,kanal,Fp2,2.0063430249069185,0.18742194394654743,1.5761799014518103,0.20823352441089327,0.11206372270917453,kanan,frontopolar,12.0,False,0.9916439624446558,1.6696504973859838,0.7077573235936157,-0.1003426380394743,0.8382199650866865,,2.492940325388963
P34,SEMUA,PRA,12,False,kanal,F4,3.6415676807076522,0.06749948323318078,0.5978406548892025,0.022608310024156086,-1.4460342382753515,kanan,frontal,9.0,False,0.9930795829240278,1.6696504973859838,-0.2705819229689922,-0.2859678524262115,-0.7198779958978395,,2.492940325388963
P34,SEMUA,PRA,12,False,kanal,C4,4.933381260046048,0.34786309459651554,0.5625512723800286,0.40891880048984186,-0.05979922069577426,kanan,sentral,8.0,False,0.9884887236754771,1.6696504973859838,-0.3058713054781661,0.1003426380394743,0.6663570216817377,,2.492940325388963
P34,SEMUA,PRA,12,False,kanal,P4,-1.0729510718796575,-0.16647758091662412,1.5416040688017607,1.139890475140763,-0.8842321551349839,kanan,parietal,11.0,False,0.9898010144123451,1.6696504973859838,0.673181490943566,0.8313143126903955,-0.1580759127574719,,2.492940325388963
P34,SEMUA,PRA,12,False,kanal,O2,0.2922675009427991,0.03024553104917116,1.139004500827187,1.3685344732433777,-0.5680803296200401,kanan,oksipital,11.0,False,0.9919464537875055,1.6696504973859838,0.2705819229689923,1.0599583107930102,0.1580759127574719,,2.492940325388963
P34,SEMUA,PRA,12,False,kanal,F8,7.828563938209328,0.4050234606953045,0.45739656548761,-0.09905612033174327,-0.16464006982669144,kanan,frontotemporal,11.0,False,0.9756864003599186,1.6696504973859838,-0.41102601237058467,-0.40763228278211083,0.5615161725508205,,2.492940325388963
P34,SEMUA,PRA,12,False,kanal,T4,1.332957969865049,-0.017232654139257342,1.6666553220769975,0.8555945984242301,-0.9849320002440356,kanan,temporal,11.0,False,0.986852176506534,1.6696504973859838,0.7982327442188029,0.5470184359738626,-0.2587757578665236,,2.492940325388963
P34,SEMUA,PRA,12,False,kanal,T6,0.8892890135291154,-0.03242743826043615,-0.2660664302836896,-1.1517172400153952,-1.3773324430493386,kanan,temporo-posterior,11.0,False,0.9928771267227576,1.6696504973859838,-1.1344890081418844,-1.4602934024657628,-0.6511762006718266,,2.492940325388963
P34,SEMUA,PRA,12,False,area,frontopolar,1.7669692417604779,0.15824708990216796,1.2104084874716263,0.30739955172045796,0.37197197127757126,,frontopolar,12.0,False,0.9934408855037216,,,,,True,2.492940325388963
P34,SEMUA,PRA,12,False,area,frontal,1.3051458287627469,-0.04136530354793777,1.3929027036533104,1.0766015408039609,0.39481833708574454,,frontal,12.0,False,0.9932822184250235,,,,,False,2.492940325388963
P34,SEMUA,PRA,12,False,area,frontotemporal,1.1804978330994302,-0.029647120561923757,0.8095594754211366,0.028245057889421776,-0.026160890081812632,,frontotemporal,11.0,False,0.978316154501632,,,,,True,2.492940325388963
P34,SEMUA,PRA,12,False,area,sentral,3.361791743573839,0.10651085777616398,1.0109850905898972,0.4996867390031836,-0.18594152562527866,,sentral,9.0,False,0.9928551455440953,,,,,False,2.492940325388963
P34,SEMUA,PRA,12,False,area,temporal,0.5087478194396056,-0.1772453735854862,1.2849491980078798,1.214028014228588,0.37466837375005047,,temporal,12.0,False,0.987033665944275,,,,,True,2.492940325388963
P34,SEMUA,PRA,12,False,area,parietal,0.48106442893357126,-0.14924551797959107,1.2381927939339565,1.9350061425001757,0.13372201625506963,,parietal,12.0,False,0.9921865377351323,,,,,False,2.492940325388963
P34,SEMUA,PRA,12,False,area,temporo-posterior,1.668715125777453,0.08589886058198015,1.440688130135036,0.9617638995976807,0.6338201759580414,,temporo-posterior,11.0,False,0.9902863629308829,,,,,False,2.492940325388963
P34,SEMUA,PRA,12,False,area,oksipital,0.3328481161653798,-0.07988835105575509,1.6860909265137636,1.3805507974012725,0.7501640643113922,,oksipital,12.0,False,0.9780027235207018,,,,,False,2.492940325388963
P34,SEMUA,TURUN,12,False,belahan,kiri,3.417970076393967,0.16641704961906123,1.40527565963577,1.655509899178094,0.20550123025950395,,,,,,,,,,,2.492940325388963
P34,SEMUA,TURUN,12,False,belahan,kanan,3.721402019483655,0.29252834405643746,-0.6811642326570533,0.4047053220545396,-0.23169471202027558,,,,,,,,,,,2.492940325388963
P34,SEMUA,TURUN,12,False,kanal,Fp1,4.14972700351538,0.17557336861187633,1.1036650857790342,1.7586663626171037,0.48242864622573395,kiri,frontopolar,9.0,False,0.9809821297429677,3.417970076393967,-0.30161057385673584,0.10315646343900964,0.27692741596623,,2.492940325388963
P34,SEMUA,TURUN,12,False,kanal,F3,3.260925725767727,0.19155864664136035,1.5891328896425228,1.7229761530107277,0.24557509142232664,kiri,frontal,12.0,False,0.9942254766918384,3.417970076393967,0.1838572300067527,0.0674662538326336,0.04007386116282269,,2.492940325388963
P34,SEMUA,TURUN,12,False,kanal,C3,4.175737669913403,0.18659701741027201,1.006471670099971,1.2508736350212417,0.052672379827901544,kiri,sentral,12.0,False,0.9909313269544228,3.417970076393967,-0.3988039895357991,-0.4046362641568524,-0.1528288504316024,,2.492940325388963
P34,SEMUA,TURUN,12,False,kanal,P3,4.441069672058866,0.2135287070923162,1.261468365479359,1.4556926741394811,0.1654273690966813,kiri,parietal,12.0,False,0.9935641414880084,3.417970076393967,-0.14380729415641103,-0.199817225038613,-0.04007386116282266,,2.492940325388963
P34,SEMUA,TURUN,12,False,kanal,O1,2.509979611543187,0.15726073062624613,1.5772895774332862,1.896279406230542,0.2769328729431221,kiri,oksipital,12.0,False,0.9899003566287458,3.417970076393967,0.17201391779751618,0.24076950705244782,0.07143164268361812,,2.492940325388963
P34,SEMUA,TURUN,12,False,kanal,F7,3.377215538435088,0.1154402837706816,1.4898980387062444,2.19818424503264,0.856234519167659,kiri,frontotemporal,11.0,False,0.9911886320569725,3.417970076393967,0.08462237907047432,0.5426743458545458,0.6507332889081551,,2.492940325388963
P34,SEMUA,TURUN,12,False,kanal,T3,3.458724614352846,0.13472658458384612,1.320653280565296,1.5880436453454605,0.15359866164087424,kiri,temporal,11.0,False,0.991869586494984,3.417970076393967,-0.0846223790704741,-0.0674662538326336,-0.05190256861862971,,2.492940325388963
P34,SEMUA,TURUN,12,False,kanal,T5,1.558369092571489,0.09923494031779767,1.6522015958572542,1.5417686400549284,0.02077675307664731,kiri,temporo-posterior,11.0,False,0.9848259568797395,3.417970076393967,0.24692593622148418,-0.11374125912316568,-0.18472447718285664,,2.492940325388963
P34,SEMUA,TURUN,12,False,kanal,Fp2,3.8452225731153575,0.31808708640214967,1.2132978222990483,0.9273668091007532,-0.6374419559451019,kanan,frontopolar,12.0,False,0.9872906759422563,3.721402019483655,1.8944620549561015,0.5226614870462136,-0.4057472439248263,,2.492940325388963
P34,SEMUA,TURUN,12,False,kanal,F4,5.095335596114182,0.24406719925668474,0.5554045460717089,0.6920323458068509,-0.4709502846290514,kanan,frontal,11.0,False,0.9943263551143944,3.721402019483655,1.236568778728762,0.28732702375231134,-0.23925557260877583,,2.492940325388963
P34,SEMUA,TURUN,12,False,kanal,C4,6.5736811105536646,0.5594910324849993,0.7286394979014366,0.38895333946943955,0.003600028980527359,kanan,sentral,11.0,False,0.9921686820328564,3.721402019483655,1.4098037305584898,-0.01575198258510002,0.23529474100080294,,2.492940325388963
P34,SEMUA,TURUN,12,False,kanal,P4,1.7497983549588554,0.1425825061263124,-0.9951086404963266,0.5590512835478423,0.13204298658912916,kanan,parietal,10.0,False,0.9839466130875905,3.721402019483655,-0.31394440783927335,0.1543459614933027,0.36373769860940475,,2.492940325388963
P34,SEMUA,TURUN,12,False,kanal,O2,2.48725521783048,0.27799175681542954,-1.9383433015747535,0.4204573046396396,0.2253651919707087,kanan,oksipital,10.0,False,0.9735799611897847,3.721402019483655,-1.2571790689177003,0.01575198258510002,0.4570599039909843,,2.492940325388963
P34,SEMUA,TURUN,12,False,kanal,F8,7.953111188416436,0.6006230297855812,-0.3672198248177799,-0.9946685892506997,-1.2314920189662448,kanan,frontotemporal,11.0,False,0.9902889074242781,3.721402019483655,0.31394440783927335,-1.3993739113052392,-0.9997973069459692,,2.492940325388963
P34,SEMUA,TURUN,12,False,kanal,T4,2.269972250681441,0.3070649312974454,-1.2684032172591189,-0.351008803079647,-0.15235384960189524,kanan,temporal,10.0,False,0.9821276024466982,3.721402019483655,-0.5872389846020656,-0.7557141251341866,0.07934086241838034,,2.492940325388963
P34,SEMUA,TURUN,12,False,kanal,T6,3.5975814658519525,0.22047802266252492,-1.3067354443868895,-1.9674207891904123,-0.3110355744386559,kanan,temporo-posterior,11.0,False,0.9852241027856036,3.721402019483655,-0.6255712117298362,-2.3721261112449517,-0.07934086241838034,,2.492940325388963
P34,SEMUA,TURUN,12,False,area,frontopolar,3.768360245930694,0.25175813812077985,0.9125982908529667,1.3239798667997427,0.12805309804446285,,frontopolar,12.0,False,0.9937354763868627,,,,,True,2.492940325388963
P34,SEMUA,TURUN,12,False,area,frontal,4.586027176344913,0.2662634114559168,1.0645444270036197,1.3070582101596373,0.17783638938481963,,frontal,12.0,False,0.9943961391461233,,,,,False,2.492940325388963
P34,SEMUA,TURUN,12,False,area,frontotemporal,4.608325225485444,0.20827276385891325,0.888794090941285,1.5663431908563323,0.5132100751699525,,frontotemporal,11.0,False,0.9930806025896856,,,,,True,2.492940325388963
P34,SEMUA,TURUN,12,False,area,sentral,5.260894020619062,0.31995829268699083,0.7461702458846081,0.635573717809577,-0.46588451435893097,,sentral,12.0,False,0.996181767411942,,,,,False,2.492940325388963
P34,SEMUA,TURUN,12,False,area,temporal,3.782752437915967,0.1384462531761952,1.0494033023045723,1.2993694099954656,0.0776154182119145,,temporal,11.0,False,0.9951679608409584,,,,,True,2.492940325388963
P34,SEMUA,TURUN,12,False,area,parietal,4.435900241339404,0.22844347924241726,0.4904300712406018,1.4800497705388822,0.13655759532681086,,parietal,12.0,False,0.9961923910388627,,,,,False,2.492940325388963
P34,SEMUA,TURUN,12,False,area,temporo-posterior,2.742746448830424,0.1830145461506849,0.8507980134166937,0.7823685374248699,-0.02220477435283616,,temporo-posterior,11.0,False,0.989812986655286,,,,,False,2.492940325388963
P34,SEMUA,TURUN,12,False,area,oksipital,3.89810380357693,0.25948767451852794,0.7833023010313511,2.0090454822115826,0.3244590829611968,,oksipital,12.0,False,0.9947763542676639,,,,,False,2.492940325388963
P34,SEMUA,TAHAN,12,False,belahan,kiri,4.203958034127869,0.6069166353318409,1.3948393571112794,2.330552031584143,0.5292431067858435,,,,,,,,,,,2.492940325388963
P34,SEMUA,TAHAN,12,False,belahan,kanan,-7.945862849897246,-0.4203194464646971,-0.1164227194381956,1.8957676656761562,0.009700268751162866,,,,,,,,,,,2.492940325388963
P34,SEMUA,TAHAN,12,False,kanal,Fp1,1.9483785780225134,0.37654720041681533,2.740728948882781,3.0634487309230005,0.06060206392791177,kiri,frontopolar,7.0,False,0.9881396903098308,4.203958034127869,1.3458895917715017,0.7328966993388577,-0.46864104285793173,,2.492940325388963
P34,SEMUA,TAHAN,12,False,kanal,F3,4.097606442488065,0.6735014876619445,1.9776036817620877,2.117283015511573,0.5124827191874896,kiri,frontal,11.0,False,0.9903284751972997,4.203958034127869,0.5827643246508083,-0.21326901607256987,-0.016760387598353965,,2.492940325388963
P34,SEMUA,TAHAN,12,False,kanal,C3,5.655465594495858,0.6527487442096223,2.0596033884753253,3.132136280247303,0.5975071571375228,kiri,sentral,9.0,False,0.9922688011472462,4.203958034127869,0.6647640313640459,0.8015842486631604,0.06826405035167926,,2.492940325388963
P34,SEMUA,TAHAN,12,False,kanal,P3,4.38502030576273,0.5849538573632418,1.5617531981570971,2.5438210476567127,0.22508012473414832,kiri,parietal,11.0,False,0.9910012834103632,4.203958034127869,0.16691384104581775,0.21326901607256987,-0.30416298205169523,,2.492940325388963
P34,SEMUA,TAHAN,12,False,kanal,O1,5.871433448718022,0.716309421338317,0.503788531068079,1.7707989628625174,0.5460034943841975,kiri,oksipital,11.0,False,0.9949289630755075,4.203958034127869,-0.8910508260432004,-0.5597530687216254,0.016760387598353965,,2.492940325388963
P34,SEMUA,TAHAN,12,False,kanal,F7,4.251598440687012,0.5442363257086906,0.25207674566157356,2.6867835152817037,0.6818004097355005,kiri,frontotemporal,11.0,False,0.9885246927958271,4.203958034127869,-1.1427626114497058,0.35623148369756086,0.15255730294965697,,2.492940325388963
P34,SEMUA,TAHAN,12,False,kanal,T3,4.1563176275687255,0.5873293972924711,1.2279255160654614,1.93439225587173,0.3322500431409722,kiri,temporal,11.0,False,0.9902308260913372,4.203958034127869,-0.16691384104581797,-0.3961597757124129,-0.19699306364487135,,2.492940325388963
P34,SEMUA,TAHAN,12,False,kanal,T5,3.206721293993432,0.6265038733712107,1.0501666817775968,0.7073905256204656,0.8117680578099644,kiri,temporo-posterior,10.0,False,0.991922470334083,4.203958034127869,-0.3446726753336826,-1.6231615059636773,0.2825249510241209,,2.492940325388963
P34,SEMUA,TAHAN,12,False,kanal,Fp2,-7.8405870251997385,-0.42046957935723395,0.6093584125426194,2.4548332845951335,0.21375703231099696,kanan,frontopolar,12.0,False,0.9823676781743723,-7.945862849897246,0.725781131980815,0.5590656189189773,0.2040567635598341,,2.492940325388963
P34,SEMUA,TAHAN,12,False,kanal,F4,-8.116105293018542,-0.5140118029449328,-0.020809541006786003,2.230775350727661,-0.1289499679652848,kanan,frontal,11.0,False,0.9881068502931357,-7.945862849897246,0.0956131784314096,0.3350076850515049,-0.13865023671644766,,2.492940325388963
P34,SEMUA,TAHAN,12,False,kanal,C4,-6.154740888699813,-0.3139975045849084,0.734923275495834,1.757155265469899,0.031643890994075496,kanan,sentral,10.0,False,0.9844736714228016,-7.945862849897246,0.8513459949340296,-0.1386124002062572,0.02194362224291263,,2.492940325388963
P34,SEMUA,TAHAN,12,False,kanal,P4,-9.223733312690356,-0.5186691155697432,-0.4346719552353123,1.9950362424887054,0.2856587377660693,kanan,parietal,10.0,False,0.9931596753285964,-7.945862849897246,-0.3182492357971167,0.09926857681254919,0.27595846901490645,,2.492940325388963
P34,SEMUA,TAHAN,12,False,kanal,O2,-8.051138674594753,-0.3076368058775534,-1.4074826098856519,1.796499088863607,-0.012243353491749764,kanan,oksipital,9.0,False,0.9805921143656868,-7.945862849897246,-1.2910598904474564,-0.09926857681254919,-0.02194362224291263,,2.492940325388963
P34,SEMUA,TAHAN,12,False,kanal,F8,-5.434673161054235,-0.1979483679872267,-0.2120358978696052,1.3415260925692944,-0.9463589654753793,kanan,frontotemporal,11.0,False,0.9925815581074214,-7.945862849897246,-0.0956131784314096,-0.5542415731068617,-0.9560592342265422,,2.492940325388963
P34,SEMUA,TAHAN,12,False,kanal,T4,-8.667678622205557,-0.42016931357216025,0.11009470171591318,3.13488637480863,0.3031499204447805,kanan,temporal,10.0,False,0.9836666095062461,-7.945862849897246,0.22651742115410878,1.239118709132474,0.29344965169361764,,2.492940325388963
P34,SEMUA,TAHAN,12,False,kanal,T6,-7.547315819766446,-0.4817596998591862,-1.1138029757177863,0.5318574653081272,-0.30018990817036073,kanan,temporo-posterior,10.0,False,0.9636613920027527,-7.945862849897246,-0.9973802562795907,-1.363910200368029,-0.3098901769215236,,2.492940325388963
P34,SEMUA,TAHAN,12,False,area,frontopolar,-2.5856917541376063,0.034603428330922004,1.5693096320529802,2.3567411344435207,-0.10507884285899935,,frontopolar,12.0,False,0.9851989352331495,,,,,True,2.492940325388963
P34,SEMUA,TAHAN,12,False,area,frontal,1.952971887948408,0.43826248763329034,1.6818506265328905,1.8898334381002213,0.09812380568603843,,frontal,11.0,False,0.9906899309859228,,,,,False,2.492940325388963
P34,SEMUA,TAHAN,12,False,area,frontotemporal,3.6849634986560957,0.4893879379850108,0.04889399496528113,2.1620713021863387,0.37767622063273965,,frontotemporal,12.0,False,0.9899585825013287,,,,,True,2.492940325388963
P34,SEMUA,TAHAN,12,False,area,sentral,-0.2238204772543213,0.13643024079940957,1.5481957085503453,2.0492226137202576,-0.11111647805813019,,sentral,10.0,False,0.9863335346057095,,,,,False,2.492940325388963
P34,SEMUA,TAHAN,12,False,area,temporal,2.8033537161579076,0.4312322340426551,1.237150626174215,1.794513631704655,-0.031003489315431357,,temporal,11.0,False,0.9909644994015406,,,,,True,2.492940325388963
P34,SEMUA,TAHAN,12,False,area,parietal,0.957601243844536,0.3334073723192177,1.4947353302830317,2.6661992918368833,0.42202107101538555,,parietal,12.0,False,0.9950201441905929,,,,,False,2.492940325388963
P34,SEMUA,TAHAN,12,False,area,temporo-posterior,2.1409990354110136,0.47677718847875306,0.17116898355459376,0.022557106685947126,0.35195770866777343,,temporo-posterior,11.0,False,0.9942688337548976,,,,,False,2.492940325388963
P34,SEMUA,TAHAN,12,False,area,oksipital,4.787662057194062,0.6089439418189635,0.28678004670504187,1.7886047783236312,0.5120067804806222,,oksipital,12.0,False,0.9939075155205269,,,,,False,2.492940325388963
P34,SEMUA,NAIK,12,False,belahan,kiri,6.712744889420382,0.2113459817214045,0.8873598420565126,1.3903874818268007,0.7219247077394,,,,,,,,,,,2.492940325388963
P34,SEMUA,NAIK,12,False,belahan,kanan,1.4914919872141041,-0.22531884020837256,0.08945111535002187,1.3567699981435613,-0.03257245105623108,,,,,,,,,,,2.492940325388963
P34,SEMUA,NAIK,12,False,kanal,Fp1,8.215107733329141,0.22631237935375492,1.0812458151559057,0.4220582293040498,0.6584216357720254,kiri,frontopolar,10.0,False,0.9838830096402714,6.712744889420382,0.19388597309939304,-0.9683292525227509,-0.06350307196737459,,2.492940325388963
P34,SEMUA,NAIK,12,False,kanal,F3,7.176073805895385,0.24325162245226206,0.6994732307164597,1.2334965245109313,0.6501872782595688,kiri,frontal,12.0,False,0.9880459383399588,6.712744889420382,-0.1878866113400529,-0.15689095731586944,-0.0717374294798312,,2.492940325388963
P34,SEMUA,NAIK,12,False,kanal,C3,5.835237285961597,0.07194378017337599,0.433122034314375,2.578542441221619,0.9809304086831928,kiri,sentral,10.0,False,0.9732532237208308,6.712744889420382,-0.4542378077421376,1.1881549593948182,0.2590057009437928,,2.492940325388963
P34,SEMUA,NAIK,12,False,kanal,P3,7.4815319136965925,0.21433124110276047,0.5035850835783839,1.9980025479287185,0.7328435898939974,kiri,parietal,10.0,False,0.9887994503352521,6.712744889420382,-0.3837747584781287,0.6076150661019177,0.010918882154597465,,2.492940325388963
P34,SEMUA,NAIK,12,False,kanal,O1,6.249415972945378,0.18753343757833418,1.0752464533965655,1.1574242359342737,0.7110058255848026,kiri,oksipital,12.0,False,0.988889609723815,6.712744889420382,0.1878866113400529,-0.23296324589252704,-0.010918882154597354,,2.492940325388963
P34,SEMUA,NAIK,12,False,kanal,F7,7.7048284844427215,0.20836072234004854,1.2837581761899475,1.4867974424338932,0.9284767407019623,kiri,frontotemporal,12.0,False,0.9840646328257041,6.712744889420382,0.39639833413343484,0.0964099606070925,0.2065520329625623,,2.492940325388963
P34,SEMUA,NAIK,12,False,kanal,T3,5.563820219820599,0.0969365650170404,0.5207400741086954,2.001959648055286,0.8882628697495257,kiri,temporal,12.0,False,0.9846447949337589,6.712744889420382,-0.36661976794781725,0.6115721662284854,0.16633816201012575,,2.492940325388963
P34,SEMUA,NAIK,12,False,kanal,T5,5.656782358326993,0.2534993842883826,1.4418068699273168,1.2939775212197082,0.6721194735941252,kiri,temporo-posterior,12.0,False,0.9891189215534913,6.712744889420382,0.5544470278708041,-0.0964099606070925,-0.049805234145274824,,2.492940325388963
P34,SEMUA,NAIK,12,False,kanal,Fp2,4.279744019613936,0.18308916000729925,-0.012935537527863361,1.1464151364178155,0.03650092793160553,kanan,frontopolar,12.0,False,0.9873775364787404,1.4914919872141041,-0.10238665287788523,-0.2103548617257458,0.06907337898783661,,2.492940325388963
P34,SEMUA,NAIK,12,False,kanal,F4,2.369568632615433,-0.10013552765261169,-0.24425789183840807,1.947930372270124,-0.10164583004406769,kanan,frontal,10.0,False,0.9923695617671704,1.4914919872141041,-0.33370900718842994,0.5911603741265627,-0.06907337898783661,,2.492940325388963
P34,SEMUA,NAIK,12,False,kanal,C4,2.167460110093927,0.09899443993868284,-0.6786770262817177,0.5650549410276637,0.17972447618091913,kanan,sentral,10.0,False,0.9805142461769092,1.4914919872141041,-0.7681281416317396,-0.7917150571158975,0.2122969272371502,,2.492940325388963
P34,SEMUA,NAIK,12,False,kanal,P4,0.8155238643342813,-0.3594616950023517,0.27409509974032353,1.6556307934485885,0.06108536404367415,kanan,parietal,12.0,False,0.9869234900932756,1.4914919872141041,0.18464398439030166,0.2988607953050273,0.09365781509990523,,2.492940325388963
P34,SEMUA,NAIK,12,False,kanal,O2,0.041996631627156944,-0.35050215276413343,-1.2414978367202205,0.8125972598869136,0.16475848468063647,kanan,oksipital,11.0,False,0.9810363896170798,1.4914919872141041,-1.3309489520702424,-0.5441727382566477,0.19733093573686755,,2.492940325388963
P34,SEMUA,NAIK,12,False,kanal,F8,6.137564710801556,0.04423028749343283,0.3362860479472429,1.567124859869307,-0.6310828119081383,kanan,frontotemporal,12.0,False,0.9712908063777597,1.4914919872141041,0.24683493259722106,0.2103548617257458,-0.5985103608519072,,2.492940325388963
P34,SEMUA,NAIK,12,False,kanal,T4,-0.24262910265854032,-0.4025964258039869,0.1918377682279071,2.1879488980771864,-0.1742960782294818,kanan,temporal,12.0,False,0.9886372680119992,1.4914919872141041,0.10238665287788523,0.8311788999336251,-0.1417236271732507,,2.492940325388963
P34,SEMUA,NAIK,12,False,kanal,T6,-1.9583311374410144,-0.4803476831664655,2.1502972596192644,0.632385035650183,-1.017085215340683,kanan,temporo-posterior,12.0,False,0.9780266145029107,1.4914919872141041,2.0608461442692425,-0.7243849624933782,-0.984512764284452,,2.492940325388963
P34,SEMUA,NAIK,12,False,area,frontopolar,5.980093383643606,0.16011515546085864,1.0966049441758003,0.7447057834923001,0.4269587549890758,,frontopolar,12.0,False,0.9903717401710681,,,,,True,2.492940325388963
P34,SEMUA,NAIK,12,False,area,frontal,6.462262276533309,0.19645867122954686,0.5997573972494741,1.3774637771187366,0.591272805009691,,frontal,12.0,False,0.990163700480548,,,,,False,2.492940325388963
P34,SEMUA,NAIK,12,False,area,frontotemporal,7.629750678483774,0.18613524698426476,1.08218723171418,1.381315471957416,0.6209572772666506,,frontotemporal,12.0,False,0.9882608582108401,,,,,True,2.492940325388963
P34,SEMUA,NAIK,12,False,area,sentral,3.105123625572425,-0.018147705353729116,0.538665848388481,1.9352353396313977,0.3891143268265007,,sentral,10.0,False,0.9793339444999017,,,,,False,2.492940325388963
P34,SEMUA,NAIK,12,False,area,temporal,4.957836359412113,0.05904602619264887,0.6384998391614416,2.192771191525509,0.9704234098306426,,temporal,12.0,False,0.9868255803776353,,,,,True,2.492940325388963
P34,SEMUA,NAIK,12,False,area,parietal,4.991113209645249,0.04709137715768286,0.5090383533669574,2.0217942488549787,0.5642877547800933,,parietal,12.0,False,0.9937354011373449,,,,,False,2.492940325388963
P34,SEMUA,NAIK,12,False,area,temporo-posterior,4.853888411555012,0.1818826137117766,1.5429052049804446,1.2172079390835773,0.563381355804332,,temporo-posterior,12.0,False,0.9897992295668987,,,,,False,2.492940325388963
P34,SEMUA,NAIK,12,False,area,oksipital,5.0545156666850914,0.019593147858626203,1.062486261307285,1.3207027436272494,0.7364216355680057,,oksipital,12.0,False,0.9864942925993281,,,,,False,2.492940325388963
P34,SEMUA,POST,12,False,belahan,kiri,4.281113255934418,0.13020044567198286,0.8981789060324086,0.5841223891324887,0.40533705444325074,,,,,,,,,,,2.492940325388963
P34,SEMUA,POST,12,False,belahan,kanan,5.208174542988289,0.08136885168722441,0.7213628795630032,1.6119922457705043,-0.4131970261834504,,,,,,,,,,,2.492940325388963
P34,SEMUA,POST,12,False,kanal,Fp1,4.6942914185919165,0.19774489798762418,0.9023340992790274,0.014815030390267658,0.15818878349224197,kiri,frontopolar,12.0,False,0.9699039950336987,4.281113255934418,0.004155193246618838,-0.569307358742221,-0.24714827095100877,,2.492940325388963
P34,SEMUA,POST,12,False,kanal,F3,4.235573745005745,0.07537676167275342,1.0168882400362989,0.5263717117440789,0.21094423510882726,kiri,frontal,11.0,False,0.983109261870936,4.281113255934418,0.11870933400389028,-0.05775067738840978,-0.19439281933442348,,2.492940325388963
P34,SEMUA,POST,12,False,kanal,C3,3.626451165766106,0.07708125414889855,0.8303088467394716,0.7853280414843913,0.50611527646157,kiri,sentral,9.0,False,0.993203174898147,4.281113255934418,-0.06787005929293699,0.20120565235190258,0.10077822201831921,,2.492940325388963
P34,SEMUA,POST,12,False,kanal,P3,4.292234603367405,0.14673934371859043,0.8940237127857897,0.9757186624114733,0.541212539238607,kiri,parietal,9.0,False,0.9941037814281105,4.281113255934418,-0.004155193246618838,0.3915962732789846,0.13587548479535627,,2.492940325388963
P34,SEMUA,POST,12,False,kanal,O1,5.063953370401066,0.1829694570556537,1.5913915003965207,1.197905763206454,0.6565374208068521,kiri,oksipital,11.0,False,0.990725333066055,4.281113255934418,0.6932125943641121,0.6137833740739653,0.2512003663636013,,2.492940325388963
P34,SEMUA,POST,12,False,kanal,F7,3.234159406609791,0.013983153508111634,1.0267161906075828,0.5360316467460358,0.09700013474115735,kiri,frontotemporal,12.0,False,0.9816911907381509,4.281113255934418,0.12853728457517422,-0.048090742386452945,-0.3083369197020934,,2.492940325388963
P34,SEMUA,POST,12,False,kanal,T3,4.425092508252099,0.15383684438956857,0.8919746540780071,0.6322131315189417,0.6445687468371779,kiri,temporal,12.0,False,0.9912875742440537,4.281113255934418,-0.006204251954401441,0.048090742386452945,0.23923169239392716,,2.492940325388963
P34,SEMUA,POST,12,False,kanal,T5,4.2699919085014315,0.11366154762537528,0.7010575252702589,0.31705385682849396,0.3045588324249315,kiri,temporo-posterior,12.0,False,0.983290401520219,4.281113255934418,-0.1971213807621497,-0.26706853230399474,-0.10077822201831926,,2.492940325388963
P34,SEMUA,POST,12,False,kanal,Fp2,7.461583358771733,0.45901395433417913,1.3584726144117347,1.6264885518749699,0.531454301658836,kanan,frontopolar,12.0,False,0.9922939644914318,5.208174542988289,0.6371097348487316,0.014496306104465617,0.9446513278422863,,2.492940325388963
P34,SEMUA,POST,12,False,kanal,F4,5.250890332824085,0.05645476475869993,-0.3463992721631842,1.3738462530502598,-0.8726408410317688,kanan,frontal,11.0,False,0.9912284147291373,5.208174542988289,-1.0677621517261873,-0.2381459927202445,-0.45944381484831837,,2.492940325388963
P34,SEMUA,POST,12,False,kanal,C4,5.1654587531524925,0.29689407179107175,0.06324707568439503,1.3034715304163043,0.01926825635323981,kanan,sentral,11.0,False,0.9907711121616906,5.208174542988289,-0.6581158038786081,-0.3085207153542,0.4324652825366902,,2.492940325388963
P34,SEMUA,POST,12,False,kanal,P4,2.7151903719239954,-0.15097483417906954,1.2727528602454523,2.5494864974670497,-0.6367000656067778,kanan,parietal,12.0,False,0.9918716879127619,5.208174542988289,0.5513899806824492,0.9374942516965454,-0.22350303942332744,,2.492940325388963
P34,SEMUA,POST,12,False,kanal,O2,5.508542044513682,0.10628293861574889,0.9572020426924317,2.7742394917809654,-0.5651227872329151,kanan,oksipital,12.0,False,0.9914198796870225,5.208174542988289,0.23583916312942854,1.1622472460104611,-0.1519257610494647,,2.492940325388963
P34,SEMUA,POST,12,False,kanal,F8,8.750229010679568,0.18997137918057838,0.4855237164335746,1.5974959396660386,-0.09864186340206604,kanan,frontotemporal,12.0,False,0.9928890967591824,5.208174542988289,-0.23583916312942854,-0.014496306104465617,0.31455516278138435,,2.492940325388963
P34,SEMUA,POST,12,False,kanal,T4,5.074630336711245,-0.010422283426053891,1.165390598955402,2.7448901903019607,-0.2612712651339857,kanan,temporal,12.0,False,0.993125948762033,5.208174542988289,0.44402771939239893,1.1328979445314564,0.1519257610494647,,2.492940325388963
P34,SEMUA,POST,12,False,kanal,T6,2.3850137182504625,-0.36853511173443376,-0.2966262595137753,-0.7101305351280103,-0.9201651297633112,kanan,temporo-posterior,12.0,False,0.9912522077705099,5.208174542988289,-1.0179891390767786,-2.3221227808985145,-0.5069681035798608,,2.492940325388963
P34,SEMUA,POST,12,False,area,frontopolar,5.8203530336281375,0.2773640656293155,1.0182379461439646,0.47735112497271315,0.05580157388739215,,frontopolar,12.0,False,0.996277360548021,,,,,True,2.492940325388963
P34,SEMUA,POST,12,False,area,frontal,4.494262938885342,0.10329234721824343,0.6040535028841565,0.6883166068291335,0.09064507699054847,,frontal,12.0,False,0.9905387821254691,,,,,False,2.492940325388963
P34,SEMUA,POST,12,False,area,frontotemporal,4.938429349850729,0.0828622558625447,0.45635987557895996,0.5550468062432454,-0.12987137476572497,,frontotemporal,12.0,False,0.9889622450510016,,,,,True,2.492940325388963
P34,SEMUA,POST,12,False,area,sentral,3.1951755997522113,0.08231651490109071,0.5493650721409821,0.9229909908497596,-0.279785226640065,,sentral,11.0,False,0.9966323668848014,,,,,False,2.492940325388963
P34,SEMUA,POST,12,False,area,temporal,4.489646085357911,0.10711696183852171,0.7993793272179706,0.730242548931546,0.16511930714182999,,temporal,12.0,False,0.9911246804634233,,,,,True,2.492940325388963
P34,SEMUA,POST,12,False,area,parietal,3.466862702657309,0.06956551772124953,1.0832314638004548,1.5157455517360234,-0.05368643053395304,,parietal,12.0,False,0.991612885552426,,,,,False,2.492940325388963
P34,SEMUA,POST,12,False,area,temporo-posterior,4.286188377591351,0.05378807977541089,0.4084914988181554,0.28469653174430043,0.1309485419587695,,temporo-posterior,12.0,False,0.9869997432887065,,,,,False,2.492940325388963
P34,SEMUA,POST,12,False,area,oksipital,5.040169607884479,0.18137363644417825,1.401908452898829,1.4082772158972876,0.37855982917865266,,oksipital,12.0,False,0.9926345412434467,,,,,False,2.492940325388963
P34,AGEM KANAN,PRA,4,False,belahan,kiri,-1.6454370114508556,-0.32712179174118283,1.6409730936658113,1.3879769380738496,0.7875794907132707,,,,,,,,,,,2.492940325388963
P34,AGEM KANAN,PRA,4,False,belahan,kanan,-1.5107326748835384,0.0746141333495891,0.41877463367547024,-0.9683252574335599,0.25987805373990347,,,,,,,,,,,2.492940325388963
P34,AGEM KANAN,PRA,4,False,kanal,Fp1,1.1600583066588968,0.11447827199802996,1.8813874019530294,1.2317918281036202,1.1366346399147078,kiri,frontopolar,3.0,False,0.9402924862586117,-1.6454370114508556,0.2404143082872181,-0.15618510997022939,0.3490551492014371,,2.492940325388963
P34,AGEM KANAN,PRA,4,False,kanal,F3,-1.8644941398613,-0.40470712430345257,1.1313980289956083,1.4969075810529597,0.2041359052282558,kiri,frontal,4.0,False,0.9651253313831343,-1.6454370114508556,-0.5095750646702031,0.10893064297911015,-0.5834435854850148,,2.492940325388963
P34,AGEM KANAN,PRA,4,False,kanal,C3,-1.2550875811597706,-0.3533497095212479,1.402449031351431,1.494911209452244,-0.09773373105004166,kiri,sentral,4.0,False,0.9736177141055546,-1.6454370114508556,-0.23852406231438028,0.10693427137839451,-0.8853132217633124,,2.492940325388963
P34,AGEM KANAN,PRA,4,False,kanal,P3,-1.537159525832955,-0.41322758002165694,1.3366248092656974,1.8465068905509598,-0.11206446583480272,kiri,parietal,4.0,False,0.9710752115170217,-1.6454370114508556,-0.30434828440011397,0.45852995247711026,-0.8996439565480734,,2.492940325388963
P34,AGEM KANAN,PRA,4,False,kanal,O1,-1.7537144970687564,-0.3008938739611178,2.232577183693513,1.281042666695455,1.3377690860330522,kiri,oksipital,3.0,False,0.9091458022384735,-1.6454370114508556,0.5916040900277015,-0.10693427137839451,0.5501895953197815,,2.492940325388963
P34,AGEM KANAN,PRA,4,False,kanal,F7,-0.3647835832767541,0.019350753970768464,1.8794971559801918,-0.42418337329234745,1.8379985328978328,kiri,frontotemporal,3.0,False,0.9580780533634408,-1.6454370114508556,0.2385240623143805,-1.812160311366197,1.050419042184562,,2.492940325388963
P34,AGEM KANAN,PRA,4,False,kanal,T3,-1.9759086845440663,-0.41024231789691434,1.3054527589615725,1.2589017208073896,0.4385243415118336,kiri,temporal,4.0,False,0.9586149849726238,-1.6454370114508556,-0.3355203347042388,-0.12907521726645999,-0.3490551492014371,,2.492940325388963
P34,AGEM KANAN,PRA,4,False,kanal,T5,-2.3523529138899875,-0.10884201558579942,3.402724335076642,2.425931001412617,1.819300824850511,kiri,temporo-posterior,3.0,False,0.9670178752178169,-1.6454370114508556,1.7617512414108307,1.0379540633387674,1.0317213341372402,,2.492940325388963
P34,AGEM KANAN,PRA,4,False,kanal,Fp2,1.0390629884135691,0.43145325251346267,0.44609211830193674,-1.2817029992618827,0.05051610681895413,kanan,frontopolar,4.0,False,0.968467288055837,-1.5107326748835384,0.027317484626466493,-0.3133777418283228,-0.20936194692094934,,2.492940325388963
P34,AGEM KANAN,PRA,4,False,kanal,F4,2.7920238111835687,0.24186531049072535,-0.18059960988278,0.3168291257408713,0.3172256427625866,kanan,frontal,4.0,False,0.986293114295046,-1.5107326748835384,-0.5993742435582503,1.2851543831744312,0.05734758902268311,,2.492940325388963
P34,AGEM KANAN,PRA,4,False,kanal,C4,2.6974222974872006,0.309168439819306,-0.432588285628529,-1.2895876590951132,-0.09637987298170259,kanan,sentral,4.0,False,0.9723951024873184,-1.5107326748835384,-0.8513629193039993,-0.3212624016615533,-0.35625792672160606,,2.492940325388963
P34,AGEM KANAN,PRA,4,False,kanal,P4,-5.819917972768984,-0.274698006713193,2.2284261098561156,-0.8653579611381623,0.20476038222995396,kanan,parietal,3.0,False,0.9655280701367466,-1.5107326748835384,1.8096514761806453,0.10296729629539758,-0.055117671509949506,,2.492940325388963
P34,AGEM KANAN,PRA,4,False,kanal,O2,-8.631375878086814,-0.33282923970978273,3.1154297680143674,-1.0712925537289575,0.314995725249853,kanan,oksipital,3.0,False,0.9534027080938822,-1.5107326748835384,2.696655134338897,-0.10296729629539758,0.055117671509949506,,2.492940325388963
P34,AGEM KANAN,PRA,4,False,kanal,F8,5.064128307160921,0.4735552491899284,-0.07154016312350187,-0.47455444261078483,1.0267878071702121,kanan,frontotemporal,3.0,False,0.9731324476830946,-1.5107326748835384,-0.4903147967989721,0.4937708148227751,0.7669097534303086,,2.492940325388963
P34,AGEM KANAN,PRA,4,False,kanal,T4,-4.372794914414804,-0.18687672317504234,2.8992476376431875,-0.5324243979911749,0.7296857721730627,kanan,temporal,3.0,False,0.9576356432433802,-1.5107326748835384,2.480473003967717,0.435900859442385,0.46980771843315927,,2.492940325388963
P34,AGEM KANAN,PRA,4,False,kanal,T6,-4.060528338180646,-0.09263704379154714,0.39145714904900375,-2.474833071602038,0.044447738206603526,kanan,temporo-posterior,3.0,False,0.9756422745403672,-1.5107326748835384,-0.027317484626466493,-1.506507814168478,-0.21543031553329994,,2.492940325388963
P34,AGEM KANAN,PRA,4,False,area,frontopolar,1.05629495063274,0.2383717430342882,0.8885971634887979,0.18637562617391668,0.7112832783193701,,frontopolar,4.0,False,0.9783681247007985,,,,,True,2.492940325388963
P34,AGEM KANAN,PRA,4,False,area,frontal,-0.8267263221235481,-0.2953191472730565,0.6749667675429494,1.150248867696594,0.19474814104982988,,frontal,4.0,False,0.972674420106298,,,,,False,2.492940325388963
P34,AGEM KANAN,PRA,4,False,area,frontotemporal,-0.2776774820187171,-0.0027269543192338652,1.6531730681354417,-0.5981640937616106,1.4028760619204976,,frontotemporal,3.0,False,0.9615620328300107,,,,,True,2.492940325388963
P34,AGEM KANAN,PRA,4,False,area,sentral,-0.3809607339950105,-0.16739867350035964,0.6377490832780314,0.20254972060929788,-0.6554416402988683,,sentral,4.0,False,0.983543406621511,,,,,False,2.492940325388963
P34,AGEM KANAN,PRA,4,False,area,temporal,-1.6908480124822702,-0.5220842997136368,0.7217943667529492,1.2201024933537967,0.029391543869974446,,temporal,4.0,False,0.9440762454181627,,,,,True,2.492940325388963
P34,AGEM KANAN,PRA,4,False,area,parietal,-1.5913550930157996,-0.47861570872750936,0.49863980747423264,2.1060928685935103,-0.12294131676106987,,parietal,4.0,False,0.9627598696081567,,,,,False,2.492940325388963
P34,AGEM KANAN,PRA,4,False,area,temporo-posterior,-2.4568093318420168,-0.10396557396957395,3.0778567334113474,1.832072136805115,1.6285977839371442,,temporo-posterior,3.0,False,0.9719824596245639,,,,,False,2.492940325388963
P34,AGEM KANAN,PRA,4,False,area,oksipital,-1.8896332365801882,-0.320825710736405,1.1857375997978097,0.8933425545104368,0.9058862596107996,,oksipital,4.0,False,0.88669277386006,,,,,False,2.492940325388963
P34,AGEM KANAN,TURUN,4,False,belahan,kiri,5.30345927379204,0.48360337063124803,0.4488393794213605,2.2443690998318675,0.8839783784208926,,,,,,,,,,,2.492940325388963
P34,AGEM KANAN,TURUN,4,False,belahan,kanan,-2.8332936850650974,-0.1356044957250937,-0.030863037290239093,0.790469400604374,0.021093897233282533,,,,,,,,,,,2.492940325388963
P34,AGEM KANAN,TURUN,4,False,kanal,Fp1,3.5510843484670644,0.3708972845344085,2.330956602034888,1.2401751132423104,0.49521554208755886,kiri,frontopolar,3.0,False,0.9729120959829488,5.30345927379204,1.8821172226135277,-1.004193986589557,-0.3887628363333337,,2.492940325388963
P34,AGEM KANAN,TURUN,4,False,kanal,F3,8.597891260474263,0.7769195438991252,-0.015116443157617843,2.0619343278984466,1.4062266743061242,kiri,frontal,4.0,False,0.9790758050401677,5.30345927379204,-0.4639558225789783,-0.18243477193342095,0.5222482958852317,,2.492940325388963
P34,AGEM KANAN,TURUN,4,False,kanal,C3,6.2999408117152385,0.5681389346245389,0.3450311118268473,1.4901035011894108,0.6519523438393044,kiri,sentral,4.0,False,0.9859302062935495,5.30345927379204,-0.10380826759451317,-0.7542655986424567,-0.2320260345815881,,2.492940325388963
P34,AGEM KANAN,TURUN,4,False,kanal,P3,7.550842952337824,0.6784980971493795,0.5526476470158737,2.626251670010014,1.069425789014262,kiri,parietal,4.0,False,0.9819249645550793,5.30345927379204,0.10380826759451317,0.38188257017814653,0.18544741059336944,,2.492940325388963
P34,AGEM KANAN,TURUN,4,False,kanal,O1,2.9661547902092664,0.2939902081510677,1.3680556150915568,2.452737387384362,0.91456942336268,kiri,oksipital,4.0,False,0.9713008791303834,5.30345927379204,0.9192162356701963,0.20836828755249437,0.030591044941787437,,2.492940325388963
P34,AGEM KANAN,TURUN,4,False,kanal,F7,5.327538491711259,0.3574001672989169,1.8777367968006373,2.9004943274678245,0.8231167914169498,kiri,frontotemporal,4.0,False,0.972316392759863,5.30345927379204,1.4288974173792768,0.656125227635957,-0.06086158700394273,,2.492940325388963
P34,AGEM KANAN,TURUN,4,False,kanal,T3,4.720022393709321,0.39906780663795716,0.13186226906212184,2.3544449071193236,0.8533873334791052,kiri,temporal,4.0,False,0.9762679388699306,5.30345927379204,-0.31697711035923865,0.11007580728745614,-0.030591044941787326,,2.492940325388963
P34,AGEM KANAN,TURUN,4,False,kanal,T5,5.279380055872821,0.5738665375459904,-0.5632808244645215,2.1342932925444114,1.487522689889904,kiri,temporo-posterior,4.0,False,0.9751997712011441,5.30345927379204,-1.012120203885882,-0.11007580728745614,0.6035443114690116,,2.492940325388963
P34,AGEM KANAN,TURUN,4,False,kanal,Fp2,-3.2493204740483463,-0.0017648182088272346,1.4562429965580521,1.3661673782366495,-0.10341120259523262,kanan,frontopolar,4.0,False,0.9754169702049275,-2.8332936850650974,1.487106033848291,0.5756979776322755,-0.12450509982851515,,2.492940325388963
P34,AGEM KANAN,TURUN,4,False,kanal,F4,0.01679381775767297,-0.17700430803238532,0.9805892016312167,1.1721275501093245,-0.08328914339222826,kanan,frontal,4.0,False,0.9784778292230593,-2.8332936850650974,1.0114522389214557,0.3816581495049505,-0.10438304062551079,,2.492940325388963
P34,AGEM KANAN,TURUN,4,False,kanal,C4,-2.500147311578381,-0.09420468341780208,-0.7677914463799779,0.669609897585087,-0.05302334371636841,kanan,sentral,4.0,False,0.9595998964654684,-2.8332936850650974,-0.7369284090897388,-0.12085950301928694,-0.07411724094965094,,2.492940325388963
P34,AGEM KANAN,TURUN,4,False,kanal,P4,-4.6411647555922215,-0.3977489196651114,0.4134531628076604,0.9113289036236609,0.1911072467855619,kanan,parietal,4.0,False,0.9849746483240107,-2.8332936850650974,0.4443162000978995,0.12085950301928694,0.17001334955227937,,2.492940325388963
P34,AGEM KANAN,TURUN,4,False,kanal,O2,-4.606875904461887,-0.2779296514051077,-0.7770981396341797,-1.1638210854432924,-0.48528750490053163,kanan,oksipital,4.0,False,0.9311972464524838,-2.8332936850650974,-0.7462351023439406,-1.9542904860476664,-0.5063814021338142,,2.492940325388963
P34,AGEM KANAN,TURUN,4,False,kanal,F8,1.3909602904606686,0.15154743933305825,-0.008025989348837692,0.4755628641813958,0.5502086879851573,kanan,frontotemporal,4.0,False,0.9809111303581499,-2.8332936850650974,0.0228370479414014,-0.31490653642297817,0.5291147907518747,,2.492940325388963
P34,AGEM KANAN,TURUN,4,False,kanal,T4,-0.6582917694343067,0.09930702497999855,-0.05370008523164049,1.0933285986381578,1.2740893873762007,kanan,temporal,3.0,False,0.9758570586419152,-2.8332936850650974,-0.0228370479414014,0.3028591980337838,1.2529954901429181,,2.492940325388963
P34,AGEM KANAN,TURUN,4,False,kanal,T6,-3.1664400585518138,-0.17990997439242107,-1.2625486440449523,-0.07725243914640689,0.09521113818293347,kanan,temporo-posterior,4.0,False,0.9753486333013648,-2.8332936850650974,-1.2316856067547133,-0.8677218397507809,0.07411724094965094,,2.492940325388963
P34,AGEM KANAN,TURUN,4,False,area,frontopolar,-0.027113543367654813,0.194559292338373,2.3401393938574158,1.3657794656722517,0.22840248786326495,,frontopolar,4.0,False,0.9877290061014014,,,,,True,2.492940325388963
P34,AGEM KANAN,TURUN,4,False,area,frontal,5.2520752747276305,0.43604377359478685,0.7722338848081733,2.0237247430999967,0.8057506319666307,,frontal,4.0,False,0.9838898551825273,,,,,False,2.492940325388963
P34,AGEM KANAN,TURUN,4,False,area,frontotemporal,5.137237260852778,0.3313929952742676,1.5801942012463643,2.457466557275935,0.5493505548931596,,frontotemporal,4.0,False,0.979065041353483,,,,,True,2.492940325388963
P34,AGEM KANAN,TURUN,4,False,area,sentral,2.664636998158521,0.26448254300924257,-0.2519455303418999,0.7455339586759173,-0.10895752269808134,,sentral,4.0,False,0.9824800119611362,,,,,False,2.492940325388963
P34,AGEM KANAN,TURUN,4,False,area,temporal,5.505521110719357,0.38221740732223397,0.2775300925666069,1.8909551549836152,0.9875792160518344,,temporal,4.0,False,0.9769644907296134,,,,,True,2.492940325388963
P34,AGEM KANAN,TURUN,4,False,area,parietal,3.748832936880241,0.3456005849227617,0.8069882872272344,2.461198647288863,0.8324617445593232,,parietal,4.0,False,0.9866869848455128,,,,,False,2.492940325388963
P34,AGEM KANAN,TURUN,4,False,area,temporo-posterior,2.034819359441542,0.281040025166825,0.09620463333410267,1.969211302970388,0.9417045276665145,,temporo-posterior,4.0,False,0.9818170252066064,,,,,False,2.492940325388963
P34,AGEM KANAN,TURUN,4,False,area,oksipital,1.9421251231947778,0.21550380304245054,1.2216635734797325,2.344339437279221,0.7912155922993971,,oksipital,4.0,False,0.9765319602505608,,,,,False,2.492940325388963
P34,AGEM KANAN,TAHAN,4,False,belahan,kiri,7.481474419877305,1.1283083012952364,0.814391124649879,2.252599639168629,0.45016132124172226,,,,,,,,,,,2.492940325388963
P34,AGEM KANAN,TAHAN,4,False,belahan,kanan,-8.592187293379077,-0.6012458810922989,-0.36471184847374133,2.4393593629304027,0.47337033901063585,,,,,,,,,,,2.492940325388963
P34,AGEM KANAN,TAHAN,4,False,kanal,Fp1,1.2869457812539622,0.7179530269915628,2.904089717394676,1.6232087572439933,0.27804410910241956,kiri,frontopolar,2.0,True,0.9827828697832257,7.481474419877305,2.089698592744797,-0.6293908819246359,-0.1721172121393027,,2.492940325388963
P34,AGEM KANAN,TAHAN,4,False,kanal,F3,7.832776376573939,1.1654571929789483,0.7164577734091482,2.5965062176213114,0.42687434343695035,kiri,frontal,4.0,False,0.9891479243168886,7.481474419877305,-0.09793335124073077,0.34390657845268224,-0.023286977804771902,,2.492940325388963
P34,AGEM KANAN,TAHAN,4,False,kanal,C3,6.705188209206874,0.9336799803251945,0.9123244758906096,2.3369528887476805,0.6708100112265003,kiri,sentral,3.0,False,0.9883474667730695,7.481474419877305,0.09793335124073066,0.08435324957905133,0.22064868998477805,,2.492940325388963
P34,AGEM KANAN,TAHAN,4,False,kanal,P3,6.5022365139966,0.9348299000556204,1.2433125876984519,2.3809639986691455,0.7084048479544526,kiri,parietal,4.0,False,0.9876766568876375,7.481474419877305,0.4289214630485729,0.1283643595005164,0.2582435267127303,,2.492940325388963
P34,AGEM KANAN,TAHAN,4,False,kanal,O1,9.81126276073126,1.2166375852551128,0.1674097684046938,2.1682463895895783,0.5563017705784408,kiri,oksipital,4.0,False,0.9854599028077885,7.481474419877305,-0.6469813562451852,-0.08435324957905088,0.10614044933671851,,2.492940325388963
P34,AGEM KANAN,TAHAN,4,False,kanal,F7,8.259870474123808,1.1356792728590988,-0.07298718762601242,4.481372903920289,0.4734482990464941,kiri,frontotemporal,4.0,False,0.9901601079866953,7.481474419877305,-0.8873783122758914,2.22877326475166,0.023286977804771847,,2.492940325388963
P34,AGEM KANAN,TAHAN,4,False,kanal,T3,7.927871766453407,1.1365868866416682,0.9899271638018559,2.024318435966262,0.23326511050181778,kiri,temporal,4.0,False,0.9897527037096949,7.481474419877305,0.1755360391519769,-0.22828120320236733,-0.21689621073990448,,2.492940325388963
P34,AGEM KANAN,TAHAN,4,False,kanal,T5,7.130172463180671,1.120937329731374,0.3734381920948626,1.789105274638497,0.2526634325316593,kiri,temporo-posterior,4.0,False,0.9902155920694202,7.481474419877305,-0.44095293255501633,-0.46349436453013215,-0.19749788871006296,,2.492940325388963
P34,AGEM KANAN,TAHAN,4,False,kanal,Fp2,-11.243738356503542,-0.5941893939851071,1.011862066754865,3.0917808595880394,0.4151151037942069,kanan,frontopolar,4.0,False,0.9771668086170809,-8.592187293379077,1.3765739152286063,0.6524214966576367,-0.05825523521642895,,2.492940325388963
P34,AGEM KANAN,TAHAN,4,False,kanal,F4,-9.666103509914706,-0.7809857280987194,-0.3412638257758033,2.224302208321254,0.4592267916906314,kanan,frontal,4.0,False,0.9431495555284113,-8.592187293379077,0.023448022697938053,-0.21505715460914887,-0.014143547320004446,,2.492940325388963
P34,AGEM KANAN,TAHAN,4,False,kanal,C4,-7.391567725741837,-0.459064109104224,0.5070668241986925,1.9294649922983438,0.7750820684600277,kanan,sentral,3.0,False,0.9335209410461707,-8.592187293379077,0.8717786726724339,-0.5098943706320589,0.30171172944939184,,2.492940325388963
P34,AGEM KANAN,TAHAN,4,False,kanal,P4,-10.189722319682083,-0.7831930030843841,-0.3881598711716794,2.654416517539552,0.7491365175402653,kanan,parietal,4.0,False,0.9849981806046982,-8.592187293379077,-0.023448022697938053,0.21505715460914931,0.2757661785296295,,2.492940325388963
P34,AGEM KANAN,TAHAN,4,False,kanal,O2,-8.727929746011732,-0.596006477646956,-1.854737915243797,2.7437339819204296,0.4875138863306403,kanan,oksipital,3.0,False,0.9560783809329702,-8.592187293379077,-1.4900260667700558,0.30437461899002693,0.014143547320004446,,2.492940325388963
P34,AGEM KANAN,TAHAN,4,False,kanal,F8,-4.233225745340796,-0.312411414042701,-0.6072788942378904,1.2127755498060928,-0.6467891607607246,kanan,frontotemporal,4.0,False,0.9898657847883398,-8.592187293379077,-0.24256704576414906,-1.2265838131243099,-1.1201594997713604,,2.492940325388963
P34,AGEM KANAN,TAHAN,4,False,kanal,T4,-8.456444840746421,-0.6230509392050527,0.526859345327535,3.8837195451025557,0.6991119906254404,kanan,temporal,4.0,False,0.9759849991089655,-8.592187293379077,0.8915711938012763,1.444360182172153,0.22574165161480453,,2.492940325388963
P34,AGEM KANAN,TAHAN,4,False,kanal,T6,-6.058188918212828,-0.6064852845376418,-1.0649333035283848,0.2276046600562145,-0.09429574724118539,kanan,temporo-posterior,4.0,False,0.9713439781076245,-8.592187293379077,-0.7002214550546435,-2.211754702874188,-0.5676660862518212,,2.492940325388963
P34,AGEM KANAN,TAHAN,4,False,area,frontopolar,-4.021919012273351,0.15576770172651755,0.8434129443140281,1.9795236528036866,0.7499826476520692,,frontopolar,4.0,False,0.9817603496667296,,,,,True,2.492940325388963
P34,AGEM KANAN,TAHAN,4,False,area,frontal,4.9560377656159105,0.7658178865608145,0.024197786438669433,1.9764943002269955,0.6774338402537335,,frontal,4.0,False,0.9885612906836988,,,,,False,2.492940325388963
P34,AGEM KANAN,TAHAN,4,False,area,frontotemporal,6.977866199980255,0.9203019484192954,-0.5882679208613573,3.5070722880004066,0.15854474381574155,,frontotemporal,4.0,False,0.9928628286025327,,,,,True,2.492940325388963
P34,AGEM KANAN,TAHAN,4,False,area,sentral,-0.20702849347382823,0.1720425022656269,0.34554091376716056,1.4111138729066721,0.5847678523546085,,sentral,3.0,False,0.969299642400527,,,,,False,2.492940325388963
P34,AGEM KANAN,TAHAN,4,False,area,temporal,6.4943486982812,0.9170623240836462,0.528600037554926,1.7356480564317986,0.011065377970640958,,temporal,4.0,False,0.990059218052296,,,,,True,2.492940325388963
P34,AGEM KANAN,TAHAN,4,False,area,parietal,1.6373649881603143,0.36726339750946857,0.6362657826536899,1.8771358814608212,0.33227430340521547,,parietal,4.0,False,0.9931366823890123,,,,,False,2.492940325388963
P34,AGEM KANAN,TAHAN,4,False,area,temporo-posterior,4.225573221875784,0.6589222991680124,-0.4081879780856079,0.8525699106103639,0.16958311420102715,,temporo-posterior,4.0,False,0.9902208432026433,,,,,False,2.492940325388963
P34,AGEM KANAN,TAHAN,4,False,area,oksipital,8.547128387255363,0.9946564202734918,-0.2831243632417113,2.1013884706110724,0.64766429100229,,oksipital,4.0,False,0.9825739339829695,,,,,False,2.492940325388963
P34,AGEM KANAN,NAIK,4,False,belahan,kiri,8.95163201922206,0.5963552973331988,2.0297787731198564,1.2096443598307118,1.0150890647651991,,,,,,,,,,,2.492940325388963
P34,AGEM KANAN,NAIK,4,False,belahan,kanan,5.624900627422811,0.14728868647472493,0.3189123672297367,2.6590801691313253,0.8045869335096946,,,,,,,,,,,2.492940325388963
P34,AGEM KANAN,NAIK,4,False,kanal,Fp1,5.910840117890601,0.604452615478579,1.0685540638823043,3.6074995220985984,1.4925150543836447,kiri,frontopolar,3.0,False,0.9692647052987463,8.95163201922206,-0.9612247092375521,2.3978551622678865,0.4774259896184456,,2.492940325388963
P34,AGEM KANAN,NAIK,4,False,kanal,F3,10.233287239726785,0.6281942592611922,1.9898788120830566,1.0107050358188907,0.8655366222606575,kiri,frontal,4.0,False,0.9788407636595695,8.95163201922206,-0.039899961036799825,-0.19893932401182113,-0.14955244250454158,,2.492940325388963
P34,AGEM KANAN,NAIK,4,False,kanal,C3,6.444941851368618,0.4318525564249558,1.235296462613002,0.6389815550687943,1.1646415072697407,kiri,sentral,4.0,False,0.9707328660882522,8.95163201922206,-0.7944823105068544,-0.5706628047619176,0.14955244250454158,,2.492940325388963
P34,AGEM KANAN,NAIK,4,False,kanal,P3,10.672647715865658,0.7391845944552418,1.724080953789273,1.345062045735606,1.3479735492650553,kiri,parietal,4.0,False,0.9815923242944443,8.95163201922206,-0.3056978193305835,0.13541768590489411,0.3328844844998562,,2.492940325388963
P34,AGEM KANAN,NAIK,4,False,kanal,O1,10.844573304626444,0.7052167508487655,2.489367392084688,1.4261256702492426,1.20228769350623,kiri,oksipital,4.0,False,0.985848046603022,8.95163201922206,0.4595886189648315,0.2164813104185308,0.187198628741031,,2.492940325388963
P34,AGEM KANAN,NAIK,4,False,kanal,F7,7.524056535341096,0.35344492276422135,2.8064952908049303,1.5463406937790563,0.5716037691265164,kiri,frontotemporal,4.0,False,0.9721407361859224,8.95163201922206,0.7767165176850739,0.3366963339483444,-0.44348529563868266,,2.492940325388963
P34,AGEM KANAN,NAIK,4,False,kanal,T3,8.792740368182564,0.5254336160611219,2.069678734156656,0.7795467779872336,0.6991159189699155,kiri,temporal,4.0,False,0.9790781631775567,8.95163201922206,0.0398999610367996,-0.43009758184347824,-0.31597314579528357,,2.492940325388963
P34,AGEM KANAN,NAIK,4,False,kanal,T5,9.110523670261557,0.5882579791878186,2.161560720201062,1.0742266739258177,0.7167282825978253,kiri,temporo-posterior,4.0,False,0.9827211403554514,8.95163201922206,0.1317819470812056,-0.13541768590489411,-0.29836078216737383,,2.492940325388963
P34,AGEM KANAN,NAIK,4,False,kanal,Fp2,9.738134939150328,0.6913878294405704,0.3873466561149258,1.6587871708651916,1.187994766665761,kanan,frontopolar,4.0,False,0.9740370560912263,5.624900627422811,0.0684342888851891,-1.0002929982661337,0.3834078331560665,,2.492940325388963
P34,AGEM KANAN,NAIK,4,False,kanal,F4,4.930769222531012,0.1582584604660915,-0.1554034855806602,2.6273202154772783,-0.020485638454083466,kanan,frontal,4.0,False,0.9878195939774097,5.624900627422811,-0.4743158528103969,-0.031759953654046935,-0.825072571963778,,2.492940325388963
P34,AGEM KANAN,NAIK,4,False,kanal,C4,2.5066477901494295,0.4215467368261143,-0.0922627308081031,2.550127234392074,0.8418492402373752,kanan,sentral,4.0,False,0.9497100519563177,5.624900627422811,-0.4111750980378398,-0.10895293473925127,0.037262306727680605,,2.492940325388963
P34,AGEM KANAN,NAIK,4,False,kanal,P4,5.8100697919494095,-0.04104982466485119,0.8596999865752769,3.0078009190616117,0.8056034112192305,kanan,parietal,4.0,False,0.9810675952475204,5.624900627422811,0.5407876193455402,0.34872074993028646,0.0010164777095359456,,2.492940325388963
P34,AGEM KANAN,NAIK,4,False,kanal,O2,5.439731462896212,0.13631891248335837,-0.46085621108592156,2.690840122785372,0.7325665712361571,kanan,oksipital,4.0,False,0.9708455047016293,5.624900627422811,-0.7797685783156583,0.031759953654046935,-0.07202036227353747,,2.492940325388963
P34,AGEM KANAN,NAIK,4,False,kanal,F8,11.226890402195544,0.28503030311855504,0.6068493819015353,1.6270784036353012,-0.4241571833356772,kanan,frontotemporal,4.0,False,0.9089796423258353,5.624900627422811,0.28793701467179855,-1.032001765496024,-1.2287441168453719,,2.492940325388963
P34,AGEM KANAN,NAIK,4,False,kanal,T4,6.287656010679704,0.06560986183611694,0.2504780783445476,3.4783621739531143,0.8035704558001586,kanan,temporal,4.0,False,0.9741745371878235,5.624900627422811,-0.0684342888851891,0.819282004821789,-0.0010164777095359456,,2.492940325388963
P34,AGEM KANAN,NAIK,4,False,kanal,T6,-1.016804119901387,-0.3046599029209476,2.8353177331781194,3.5910454379721535,1.2459203174481226,kanan,temporo-posterior,4.0,False,0.9657388566204155,5.624900627422811,2.5164053659483825,0.9319652688408282,0.441333383938428,,2.492940325388963
P34,AGEM KANAN,NAIK,4,False,area,frontopolar,8.555462187925428,0.7082156903053922,0.8037471235388943,2.361094511226523,1.3914492329765058,,frontopolar,4.0,False,0.9889880016868583,,,,,True,2.492940325388963
P34,AGEM KANAN,NAIK,4,False,area,frontal,9.492960885269085,0.5716197500360589,1.8103120939948136,1.4033801102413679,0.9128932482347456,,frontal,4.0,False,0.9855543071383892,,,,,False,2.492940325388963
P34,AGEM KANAN,NAIK,4,False,area,frontotemporal,8.024488534063074,0.3048041662664196,2.267305326594606,1.5374999265501454,0.282448997508316,,frontotemporal,4.0,False,0.9911386638583294,,,,,True,2.492940325388963
P34,AGEM KANAN,NAIK,4,False,area,sentral,5.343146976117552,0.4009757677061625,0.2731721299950457,0.46937998469113484,0.2503329920565476,,sentral,4.0,False,0.9861936071204181,,,,,False,2.492940325388963
P34,AGEM KANAN,NAIK,4,False,area,temporal,8.378852793941718,0.45272528452404304,1.8810179526423954,1.2335313687691434,0.6523146738147705,,temporal,4.0,False,0.9873991761624116,,,,,True,2.492940325388963
P34,AGEM KANAN,NAIK,4,False,area,parietal,8.56710506531504,0.37073276891549356,1.2242233700526606,1.6252846651990138,0.46150973769663717,,parietal,4.0,False,0.9925707257897487,,,,,False,2.492940325388963
P34,AGEM KANAN,NAIK,4,False,area,temporo-posterior,7.853242507004808,0.4479359121172013,2.051892514634841,1.2662689841493107,0.6044145435622069,,temporo-posterior,4.0,False,0.9888922572308155,,,,,False,2.492940325388963
P34,AGEM KANAN,NAIK,4,False,area,oksipital,9.069092054037519,0.5006364542033894,2.2560853583087384,1.3936621680865944,0.5902396888434948,,oksipital,4.0,False,0.9881387252868212,,,,,False,2.492940325388963
P34,AGEM KANAN,POST,4,False,belahan,kiri,2.463924386140505,0.1270861950969696,4.561446922365869,1.3543525783549255,0.6156772011021974,,,,,,,,,,,2.492940325388963
P34,AGEM KANAN,POST,4,False,belahan,kanan,6.752701277564778,0.03285165013306335,1.6660976390351188,1.3132577492734794,-0.13149844992796528,,,,,,,,,,,2.492940325388963
P34,AGEM KANAN,POST,4,False,kanal,Fp1,4.159815625246225,0.340717617116032,3.631920933427706,0.40158065596267134,1.1005852246195038,kiri,frontopolar,4.0,False,0.9790651482851546,2.463924386140505,-0.9295259889381633,-0.9527719223922542,0.48490802351730644,,2.492940325388963
P34,AGEM KANAN,POST,4,False,kanal,F3,2.5716713953683197,0.12227655285676331,4.571253469861614,1.5648687227012656,0.5323271127711942,kiri,frontal,4.0,False,0.9813811061846439,2.463924386140505,0.009806547495744944,0.21051614434634014,-0.08335008833100321,,2.492940325388963
P34,AGEM KANAN,POST,4,False,kanal,C3,1.7002998690067272,0.09551428978855325,4.810140809700222,1.620113469191796,0.7126214478731102,kiri,sentral,3.0,False,0.9779299063284248,2.463924386140505,0.24869388733435294,0.2657608908368705,0.09694424677091285,,2.492940325388963
P34,AGEM KANAN,POST,4,False,kanal,P3,2.35617737691269,0.14369532063712054,4.551640374870124,1.3632806989888766,0.3283858127852948,kiri,parietal,3.0,False,0.9710843397832142,2.463924386140505,-0.009806547495744944,0.008928120633951098,-0.2872913883169026,,2.492940325388963
P34,AGEM KANAN,POST,4,False,kanal,O1,3.045858098498435,0.10007805299678085,4.752726949412555,0.9033135888735035,-0.10213432489869553,kiri,oksipital,4.0,False,0.9647053343474556,2.463924386140505,0.19128002704668567,-0.45103898948142196,-0.7178115260008929,,2.492940325388963
P34,AGEM KANAN,POST,4,False,kanal,F7,0.9145574103723106,0.13189583733717591,3.9844243922838043,1.7863684391346881,1.0672940846143777,kiri,frontotemporal,4.0,False,0.9787609471985464,2.463924386140505,-0.5770225300820648,0.4320158607797626,0.4516168835121803,,2.492940325388963
P34,AGEM KANAN,POST,4,False,kanal,T3,2.0934645300073527,0.08341425024315763,4.77451642768389,1.3454244577209744,0.43357438954539396,kiri,temporal,4.0,False,0.9859946990020302,2.463924386140505,0.21306950531802116,-0.008928120633951098,-0.1821028115568034,,2.492940325388963
P34,AGEM KANAN,POST,4,False,kanal,T5,2.7983276000885553,0.1437841301999192,4.434938741237256,1.1156175880005543,0.6990272894332006,kiri,temporo-posterior,4.0,False,0.973729683852609,2.463924386140505,-0.12650818112861284,-0.23873499035437118,0.08335008833100321,,2.492940325388963
P34,AGEM KANAN,POST,4,False,kanal,Fp2,9.985460471181376,0.5742572213735861,2.7625560769794704,1.7497190443564334,1.190187856741175,kanan,frontopolar,4.0,False,0.985454029895985,6.752701277564778,1.0964584379443516,0.43646129508295406,1.3216863066691402,,2.492940325388963
P34,AGEM KANAN,POST,4,False,kanal,F4,6.603909149619682,-0.002964530212406391,0.3290567676467554,0.5834061784667783,-0.8296709316269346,kanan,frontal,4.0,False,0.9909815458030089,6.752701277564778,-1.3370408713883633,-0.729851570806701,-0.6981724816989694,,2.492940325388963
P34,AGEM KANAN,POST,4,False,kanal,C4,6.938932774516388,0.33972785379266024,0.8427151520378007,0.8767964541905253,0.34259193998978166,kanan,sentral,4.0,False,0.985786124494935,6.752701277564778,-0.8233824869973181,-0.43646129508295406,0.47409038991774693,,2.492940325388963
P34,AGEM KANAN,POST,4,False,kanal,P4,4.334217808120684,-0.20639043788906708,2.489480126032437,3.313894196210125,-0.2782660723182384,kanan,parietal,4.0,False,0.9890385362182553,6.752701277564778,0.8233824869973181,2.0006364469366456,-0.14676762239027313,,2.492940325388963
P34,AGEM KANAN,POST,4,False,kanal,O2,6.901493405509875,0.06866783047853309,3.12960746179733,3.7728513075781263,-0.009245618568616165,kanan,oksipital,4.0,False,0.9933944990156843,6.752701277564778,1.4635098227622114,2.459593558304647,0.12225283135934911,,2.492940325388963
P34,AGEM KANAN,POST,4,False,kanal,F8,11.796661702796662,0.18071494523500808,0.672333323394575,0.059066879371922454,-0.2537512812873144,kanan,frontotemporal,4.0,False,0.9777745933218024,6.752701277564778,-0.9937643156405438,-1.254190869901557,-0.12225283135934911,,2.492940325388963
P34,AGEM KANAN,POST,4,False,kanal,T4,5.7942878086332,-0.16959233590696243,2.7562277330748812,3.19036098745701,0.005226248322454108,kanan,temporal,4.0,False,0.9880472934852963,6.752701277564778,1.0901300940397625,1.8771032381835306,0.13672469825041939,,2.492940325388963
P34,AGEM KANAN,POST,4,False,kanal,T6,3.4441610502038955,-0.5640143378312765,0.19885333121390458,-1.0447465316153823,-0.8626683734746634,kanan,temporo-posterior,4.0,False,0.9866930589604157,6.752701277564778,-1.4672443078212143,-2.3580042808888617,-0.7311699235466982,,2.492940325388963
P34,AGEM KANAN,POST,4,False,area,frontopolar,7.96665700770599,0.5045524960615448,2.6397949065734565,0.846363230614946,0.8701034067862001,,frontopolar,4.0,False,0.9771220299984393,,,,,True,2.492940325388963
P34,AGEM KANAN,POST,4,False,area,frontal,5.281102193587763,0.2442684696101063,2.9271931217146436,1.2846043673538845,0.4339516296791036,,frontal,4.0,False,0.9912118252061274,,,,,False,2.492940325388963
P34,AGEM KANAN,POST,4,False,area,frontotemporal,5.917840973598672,0.24572059817575997,1.4220951221964608,0.7282012465226906,0.4158574167530631,,frontotemporal,4.0,False,0.9912082418001736,,,,,True,2.492940325388963
P34,AGEM KANAN,POST,4,False,area,sentral,5.144880202019856,0.25773803340447543,1.8636726863462787,0.9015731997573639,0.2180644511277826,,sentral,4.0,False,0.9875637745472289,,,,,False,2.492940325388963
P34,AGEM KANAN,POST,4,False,area,temporal,3.6382511899207373,0.10983619291224955,4.003325121214905,1.7514885143764074,0.3015578463695189,,temporal,4.0,False,0.9885646085963321,,,,,True,2.492940325388963
P34,AGEM KANAN,POST,4,False,area,parietal,3.9673415965705914,0.08934040950505073,3.2868803512517646,2.557845820626658,0.10245084248849917,,parietal,4.0,False,0.9863953760986028,,,,,False,2.492940325388963
P34,AGEM KANAN,POST,4,False,area,temporo-posterior,3.0692659597524994,-0.08308635049514557,2.8195860913231874,0.5066891686477097,0.14239740129623493,,temporo-posterior,4.0,False,0.9871262384062591,,,,,False,2.492940325388963
P34,AGEM KANAN,POST,4,False,area,oksipital,4.162714587243244,0.15151142459626854,4.562809289253192,2.197804068204402,0.28044484563622946,,oksipital,4.0,False,0.9858038452033595,,,,,False,2.492940325388963
P34,AGEM KIRI,PRA,4,False,belahan,kiri,4.709520634256329,0.22757292557451647,2.2484714584412586,1.7854795226683429,1.1064334248825671,,,,,,,,,,,2.492940325388963
P34,AGEM KIRI,PRA,4,False,belahan,kanan,5.11637382078257,0.03680652883356572,1.548928404372016,0.5907549889275892,-0.7542775053136213,,,,,,,,,,,2.492940325388963
P34,AGEM KIRI,PRA,4,False,kanal,Fp1,4.634724475709248,0.25429196747207916,1.2179692480561877,0.19989209703830957,0.4773207282882115,kiri,frontopolar,4.0,False,0.9745074862725439,4.709520634256329,-1.030502210385071,-1.5855874256300333,-0.6291126965943556,,2.492940325388963
P34,AGEM KIRI,PRA,4,False,kanal,F3,4.224219982360509,0.17980704293555028,2.4731931134791107,1.7462122099989354,1.0447386682574618,kiri,frontal,4.0,False,0.9842777239101462,4.709520634256329,0.22472165503785213,-0.03926731266940742,-0.061694756625105374,,2.492940325388963
P34,AGEM KIRI,PRA,4,False,kanal,C3,5.934070134574021,0.22843886195831642,1.895073738018262,1.2195289793591004,1.114718136655817,kiri,sentral,3.0,False,0.9681971520202527,4.709520634256329,-0.35339772042299655,-0.5659505433092424,0.008284711773249853,,2.492940325388963
P34,AGEM KIRI,PRA,4,False,kanal,P3,6.005511062481077,0.2387555270227415,2.4513418119269135,2.381859427449194,1.0981487131093173,kiri,parietal,3.0,False,0.9796367512361454,4.709520634256329,0.20287035348565485,0.5963799047808513,-0.008284711773249853,,2.492940325388963
P34,AGEM KIRI,PRA,4,False,kanal,O1,6.564220002615997,0.3294440461251982,2.3788694642699415,2.3640323393118665,1.7006072535888457,kiri,oksipital,3.0,False,0.9807216261350583,4.709520634256329,0.13039800582868288,0.5785528166435236,0.5941738287062786,,2.492940325388963
P34,AGEM KIRI,PRA,4,False,kanal,F7,-0.43630126254321766,-0.20193381867989912,2.4372875931433766,1.6875523433986306,0.5432609680715523,kiri,frontotemporal,4.0,False,0.9756152093629343,4.709520634256329,0.188816134702118,-0.09792717926971228,-0.5631724568110148,,2.492940325388963
P34,AGEM KIRI,PRA,4,False,kanal,T3,4.784316792803409,0.22670698919071652,2.1180734526125757,1.8997141362576766,1.2780200789705158,kiri,temporal,4.0,False,0.9853193960081276,4.709520634256329,-0.13039800582868288,0.11423461358933373,0.1715866540879487,,2.492940325388963
P34,AGEM KIRI,PRA,4,False,kanal,T5,4.5381748008685605,0.20573006163177876,2.013786693444697,1.8247468353377503,1.1402427013091228,kiri,temporo-posterior,4.0,False,0.9878767334073636,4.709520634256329,-0.23468476499656177,0.03926731266940742,0.03380927642655562,,2.492940325388963
P34,AGEM KIRI,PRA,4,False,kanal,Fp2,6.74547815093954,0.39813453554867606,2.049807497045226,0.249601865614959,0.39403422219559503,kanan,frontopolar,4.0,False,0.9845834041766985,5.11637382078257,0.5008790926732098,-0.34115312331263015,1.1483117275092163,,2.492940325388963
P34,AGEM KIRI,PRA,4,False,kanal,F4,5.97084481515877,0.07361141740660448,1.4749206145687381,0.20296337018736477,-1.559586771115297,kanan,frontal,3.0,False,0.9930619434502889,5.11637382078257,-0.07400778980327782,-0.3877916187402244,-0.8053092658016758,,2.492940325388963
P34,AGEM KIRI,PRA,4,False,kanal,C4,9.563810925522503,0.5520662961050793,1.2607500993956633,0.9319081122402193,0.30280740039199383,kanan,sentral,2.0,True,0.9844284013216476,5.11637382078257,-0.28817830497635266,0.34115312331263015,1.057084905705615,,2.492940325388963
P34,AGEM KIRI,PRA,4,False,kanal,P4,1.6169868384062838,-0.19103884872176158,1.9348939399652458,1.5373255343229069,-0.9245742808918644,kanan,parietal,4.0,False,0.9842104448300297,5.11637382078257,0.3859655355932299,0.9465705453953177,-0.1702967755782432,,2.492940325388963
P34,AGEM KIRI,PRA,4,False,kanal,O2,3.0436154087826424,1.6402605269583148e-06,1.622936194175294,2.0069311575439404,-0.5839807297353781,kanan,oksipital,4.0,False,0.9884060737792795,5.11637382078257,0.07400778980327805,1.4161761686163512,0.1702967755782432,,2.492940325388963
P34,AGEM KIRI,PRA,4,False,kanal,F8,11.359556537341298,0.44290382299503284,0.8270938956830021,-0.05243598926600734,-0.0183313798972089,kanan,frontotemporal,4.0,False,0.9687772418866641,5.11637382078257,-0.7218345086890139,-0.6431909781935965,0.7359461254164124,,2.492940325388963
P34,AGEM KIRI,PRA,4,False,kanal,T4,4.017347936010175,-0.05276434525517448,2.1787349776353224,1.1288454294894437,-1.2407925544998168,kanan,temporal,4.0,False,0.9815460158741424,5.11637382078257,0.6298065732633065,0.5380904405618545,-0.4865150491861956,,2.492940325388963
P34,AGEM KIRI,PRA,4,False,kanal,T6,4.26190282640637,-0.0007945680027734436,-0.34132760102279114,-1.0152625983029901,-1.3419991860144787,kanan,temporo-posterior,4.0,False,0.9874578911869915,5.11637382078257,-1.8902560053948072,-1.6060175872305793,-0.5877216807008574,,2.492940325388963
P34,AGEM KIRI,PRA,4,False,area,frontopolar,4.864860453655886,0.2523269780123838,1.8079262464869155,0.31096699512587866,0.287028552492878,,frontopolar,4.0,False,0.9830327118603459,,,,,True,2.492940325388963
P34,AGEM KIRI,PRA,4,False,area,frontal,5.6938828475553365,0.2691490805283834,1.8880279568938099,1.3026986732289445,0.7402320330547657,,frontal,4.0,False,0.9891572545401863,,,,,False,2.492940325388963
P34,AGEM KIRI,PRA,4,False,area,frontotemporal,4.110548027084306,0.10025557403411645,1.2792108269984095,0.859107517216465,0.45434707369746286,,frontotemporal,4.0,False,0.982045024936053,,,,,True,2.492940325388963
P34,AGEM KIRI,PRA,4,False,area,sentral,7.389372840695103,0.3458528625993642,1.417058558624071,0.4720574278346046,0.2634452238642001,,sentral,3.0,False,0.9893143670750566,,,,,False,2.492940325388963
P34,AGEM KIRI,PRA,4,False,area,temporal,5.316888179272226,0.24743530777376366,1.9443868769019013,1.7427120879882247,1.0734224645320687,,temporal,4.0,False,0.9882787548718946,,,,,True,2.492940325388963
P34,AGEM KIRI,PRA,4,False,area,parietal,4.1593005217897385,0.14447211387237768,2.2343197327256537,2.244137942750391,0.6527770842341202,,parietal,4.0,False,0.991019023378257,,,,,False,2.492940325388963
P34,AGEM KIRI,PRA,4,False,area,temporo-posterior,5.789055545266066,0.27410670374104296,1.1837104170614454,1.0852805439393887,0.7743620209236414,,temporo-posterior,4.0,False,0.9913754893450681,,,,,False,2.492940325388963
P34,AGEM KIRI,PRA,4,False,area,oksipital,4.830056733093585,0.2676729984953474,2.329257512891455,2.4242061762755407,1.388190290662506,,oksipital,4.0,False,0.9873021771415404,,,,,False,2.492940325388963
P34,AGEM KIRI,TURUN,4,False,belahan,kiri,0.6598551404247353,-0.20917980690557325,3.1660753125602397,1.64492236826713,0.6363171599850742,,,,,,,,,,,2.492940325388963
P34,AGEM KIRI,TURUN,4,False,belahan,kanan,7.395571235287697,0.5088316030319835,0.05372399917792453,0.4680169593425092,0.07300833602275725,,,,,,,,,,,2.492940325388963
P34,AGEM KIRI,TURUN,4,False,kanal,Fp1,4.8620727063706966,0.08426287073571825,1.1080999276247194,2.5254033845247803,0.865174860782862,kiri,frontopolar,4.0,False,0.9617595523070631,0.6598551404247353,-2.0579753849355202,0.8804810162576504,0.22885770079778778,,2.492940325388963
P34,AGEM KIRI,TURUN,4,False,kanal,F3,-1.3326856373022125,-0.3644665345075242,3.58850780680228,1.4286454154200445,-0.028266628129410762,kiri,frontal,4.0,False,0.962157585437412,0.6598551404247353,0.4224324942420403,-0.21627695284708537,-0.6645837881144849,,2.492940325388963
P34,AGEM KIRI,TURUN,4,False,kanal,C3,2.2404645976211626,-0.18193776798613537,2.720469014886421,1.718308855609584,0.14381232789691684,kiri,sentral,4.0,False,0.9752865294833177,0.6598551404247353,-0.44560629767381865,0.07338648734245412,-0.4925048320881574,,2.492940325388963
P34,AGEM KIRI,TURUN,4,False,kanal,P3,1.9392315023299957,-0.15196884783310205,3.0849903919948316,1.5715358809246758,0.6600349649078291,kiri,parietal,4.0,False,0.9837825951603043,0.6598551404247353,-0.08108492056540806,-0.07338648734245412,0.02371780492275488,,2.492940325388963
P34,AGEM KIRI,TURUN,4,False,kanal,O1,-1.7809249862784498,-0.292285357585377,3.5060785690839023,1.8018309935324162,0.6828917292819011,kiri,oksipital,4.0,False,0.9797954792162871,0.6598551404247353,0.3400032565236626,0.15690862526528626,0.046574569296826906,,2.492940325388963
P34,AGEM KIRI,TURUN,4,False,kanal,F7,0.8788990410287738,-0.18116985002006247,1.6950143074162518,1.3543594907345566,1.644670518421315,kiri,frontotemporal,4.0,False,0.9760126895576441,0.6598551404247353,-1.4710610051439879,-0.29056287753257326,1.0083533584362407,,2.492940325388963
P34,AGEM KIRI,TURUN,4,False,kanal,T3,0.4408112398206967,-0.23642184582501113,3.2471602331256477,1.7259661985849757,0.6125993550623193,kiri,temporal,4.0,False,0.9778003715957843,0.6598551404247353,0.08108492056540806,0.08104383031784579,-0.02371780492275488,,2.492940325388963
P34,AGEM KIRI,TURUN,4,False,kanal,T5,-3.3700812574748866,-0.4383506134811963,3.8309419777405873,0.5381643835945722,-0.2164345209238972,kiri,temporo-posterior,4.0,False,0.951481070686168,0.6598551404247353,0.6648666651803476,-1.1067579846725577,-0.8527516809089715,,2.492940325388963
P34,AGEM KIRI,TURUN,4,False,kanal,Fp2,7.890505025975557,0.5450746277573255,2.005251022850481,1.0687051768360605,-0.03949366374210017,kanan,frontopolar,4.0,False,0.9735740032685415,7.395571235287697,1.9515270236725564,0.6006882174935513,-0.11250199976485742,,2.492940325388963
P34,AGEM KIRI,TURUN,4,False,kanal,F4,9.370436525602472,0.5258712020283602,1.5437332855693384,0.7630320325618949,-0.19601239789050973,kanan,frontal,3.0,False,0.9855072925378833,7.395571235287697,1.4900092863914138,0.2950150732193857,-0.269020733913267,,2.492940325388963
P34,AGEM KIRI,TURUN,4,False,kanal,C4,12.279580394241805,0.9326431837027946,1.7728366468871126,0.4593669381584138,0.1057732075370088,kanan,sentral,3.0,False,0.9859179578491886,7.395571235287697,1.719112647709188,-0.008650021184095413,0.03276487151425156,,2.492940325388963
P34,AGEM KIRI,TURUN,4,False,kanal,P4,5.7880108118225735,0.4165883296672792,-1.2283539861948607,0.4766669805266046,0.04024346450850569,kanan,parietal,4.0,False,0.9820737173719084,7.395571235287697,-1.2820779853727853,0.008650021184095413,-0.03276487151425156,,2.492940325388963
P34,AGEM KIRI,TURUN,4,False,kanal,O2,6.095827976873238,0.49179200403560674,-2.1393609511046128,1.1000709909009525,0.9819506456846645,kanan,oksipital,4.0,False,0.9617844767121609,7.395571235287697,-2.1930849502825374,0.6320540315584433,0.9089423096619073,,2.492940325388963
P34,AGEM KIRI,TURUN,4,False,kanal,F8,13.68687274967666,1.087605796677861,0.44936946211645346,-0.15667728366865408,-0.20853091820129155,kanan,frontotemporal,4.0,False,0.9844209076071347,7.395571235287697,0.3956454629385289,-0.6246942430111633,-0.2815392542240488,,2.492940325388963
P34,AGEM KIRI,TURUN,4,False,kanal,T4,4.277900092942581,0.45831966075521624,-1.2790468569969398,-1.0285715602203864,0.24581428622428825,kanan,temporal,4.0,False,0.9598960992720261,7.395571235287697,-1.3327708561748643,-1.4965885195628956,0.172805950201531,,2.492940325388963
P34,AGEM KIRI,TURUN,4,False,kanal,T6,6.9006374445998375,0.3793483812121232,-0.3419214637606044,-3.6025835194376565,0.6946241647889322,kanan,temporo-posterior,4.0,False,0.9603166428659418,7.395571235287697,-0.3956454629385289,-4.0706004787801655,0.6216158287661749,,2.492940325388963
P34,AGEM KIRI,TURUN,4,False,area,frontopolar,6.390836987971269,0.2764782964855128,1.2131874759174206,2.030441303773891,0.8049289397113542,,frontopolar,4.0,False,0.9824510849036642,,,,,True,2.492940325388963
P34,AGEM KIRI,TURUN,4,False,area,frontal,3.685463112718878,0.00886543132954598,1.9653649885342281,0.5862659340656218,0.08338087436492186,,frontal,4.0,False,0.9843671116124548,,,,,False,2.492940325388963
P34,AGEM KIRI,TURUN,4,False,area,frontotemporal,3.624359103666386,0.028439526605424037,0.9222860059770743,0.583042085074601,1.2519443023921242,,frontotemporal,4.0,False,0.9789423245738518,,,,,True,2.492940325388963
P34,AGEM KIRI,TURUN,4,False,area,sentral,8.125592319288302,0.3716291339550919,1.2591852700881638,0.5216716453651795,-0.3996425159493429,,sentral,4.0,False,0.9942586578007149,,,,,False,2.492940325388963
P34,AGEM KIRI,TURUN,4,False,area,temporal,2.5630917705766194,-0.0635296493137254,2.0670718267127324,1.0608831990047216,0.5142297940938522,,temporal,4.0,False,0.9846628785097294,,,,,True,2.492940325388963
P34,AGEM KIRI,TURUN,4,False,area,parietal,5.307705205837777,0.13695804832797642,0.7702832990790387,0.5003734636838528,0.4362309452109919,,parietal,4.0,False,0.991120844204505,,,,,False,2.492940325388963
P34,AGEM KIRI,TURUN,4,False,area,temporo-posterior,2.183414985433444,-0.004559780666705482,1.5694226315211346,-0.986960229094155,0.08089625515177251,,temporo-posterior,4.0,False,0.9736721592747541,,,,,False,2.492940325388963
P34,AGEM KIRI,TURUN,4,False,area,oksipital,2.966619133707148,0.06822250417849296,1.034284734709896,0.6217564972244891,0.5023914673423332,,oksipital,4.0,False,0.9924210274081949,,,,,False,2.492940325388963
P34,AGEM KIRI,TAHAN,4,False,belahan,kiri,3.4095361417040486,0.33154927026833847,2.8615541332062873,3.072251589973418,0.562059372718607,,,,,,,,,,,2.492940325388963
P34,AGEM KIRI,TAHAN,4,False,belahan,kanan,-7.113916104038353,-0.14846821872349458,0.6268305164126969,2.3932174271071727,-0.1755826856887414,,,,,,,,,,,2.492940325388963
P34,AGEM KIRI,TAHAN,4,False,kanal,Fp1,3.7114970362860618,0.3598696989889272,3.289626341541342,3.4178296943682676,0.025401544176557732,kiri,frontopolar,3.0,False,0.9884516602672744,3.4095361417040486,0.42807220833505477,0.3455781043948494,-0.5366578285420492,,2.492940325388963
P34,AGEM KIRI,TAHAN,4,False,kanal,F3,3.1075752471220355,0.30322884154774976,3.840493627161516,2.447525602258046,0.13216138044116332,kiri,frontal,3.0,False,0.9768332679784217,3.4095361417040486,0.9789394939552287,-0.6247259877153724,-0.42989799227744363,,2.492940325388963
P34,AGEM KIRI,TAHAN,4,False,kanal,C3,7.803631156512374,0.6163883043355662,3.081128077425666,3.9183570156787266,0.8618297133290109,kiri,sentral,3.0,False,0.988464586471463,3.4095361417040486,0.2195739442193787,0.8461054257053084,0.299770340610404,,2.492940325388963
P34,AGEM KIRI,TAHAN,4,False,kanal,P3,5.581030848690965,0.49642695718492513,3.0381094357320553,3.6737202446017823,0.4957203781782126,kiri,parietal,3.0,False,0.9833956767588179,3.4095361417040486,0.176555302525768,0.6014686546283641,-0.06633899454039438,,2.492940325388963
P34,AGEM KIRI,TAHAN,4,False,kanal,O1,4.885346231991683,0.48577762389207946,2.097028677264452,2.6279299057503476,0.793921626085305,kiri,oksipital,3.0,False,0.9829899651069035,3.4095361417040486,-0.7645254559418353,-0.4443216842230706,0.23186225336669808,,2.492940325388963
P34,AGEM KIRI,TAHAN,4,False,kanal,F7,2.458481153951176,0.22852662922796685,2.0660000725570953,3.365705152463242,1.349027998643787,kiri,frontotemporal,4.0,False,0.9780728911746088,3.4095361417040486,-0.795554060649192,0.293453562489824,0.78696862592518,,2.492940325388963
P34,AGEM KIRI,TAHAN,4,False,kanal,T3,2.273271754974246,0.2154347117409665,2.52543578174608,2.778798027483594,0.3786311234482791,kiri,temporal,4.0,False,0.9829886882952982,3.4095361417040486,-0.3361183514602071,-0.293453562489824,-0.18342824927032786,,2.492940325388963
P34,AGEM KIRI,TAHAN,4,False,kanal,T5,0.15923191070942977,0.12269186425900869,2.6849988306805193,0.43676681595050404,0.6283983672590013,kiri,temporo-posterior,3.0,False,0.9727287431644459,3.4095361417040486,-0.176555302525768,-2.635484774022914,0.06633899454039438,,2.492940325388963
P34,AGEM KIRI,TAHAN,4,False,kanal,Fp2,-5.953776760133017,-0.33395884903004003,0.6476901974532273,0.7117363855609744,-0.12555199995741928,kanan,frontopolar,4.0,False,0.9818510780830281,-7.113916104038353,0.020859681040530376,-1.6814810415461983,0.05003068573132213,,2.492940325388963
P34,AGEM KIRI,TAHAN,4,False,kanal,F4,-7.14617817541135,-0.22638120711901744,1.3026043694600724,3.8979061578862715,-0.2356093086066502,kanan,frontal,3.0,False,0.9924410404075716,-7.113916104038353,0.6757738530473755,1.5046887307790988,-0.06002662291790878,,2.492940325388963
P34,AGEM KIRI,TAHAN,4,False,kanal,C4,-4.222832939056794,-0.16830849544815285,1.3689634087004365,2.2520781850547724,-0.2080451334850616,kanan,sentral,3.0,False,0.990803989237384,-7.113916104038353,0.7421328922877396,-0.14113924205240025,-0.03246244779632018,,2.492940325388963
P34,AGEM KIRI,TAHAN,4,False,kanal,P4,-7.081654032665355,0.014362390139014192,0.6059708353721666,2.375912421149981,-0.14312023789242123,kanan,parietal,3.0,False,0.9839439094819465,-7.113916104038353,-0.020859681040530376,-0.017305005957191533,0.03246244779632018,,2.492940325388963
P34,AGEM KIRI,TAHAN,4,False,kanal,O2,-7.453361579463149,0.09402150437940548,-0.798493213758471,2.4105224330643646,0.007035957653543257,kanan,oksipital,3.0,False,0.9840150837629674,-7.113916104038353,-1.425323730171168,0.017305005957191977,0.18261864334228467,,2.492940325388963
P34,AGEM KIRI,TAHAN,4,False,kanal,F8,-7.844648141104791,-0.12862794199883631,2.0723540542482963,3.145622028232265,-0.8278552238017528,kanan,frontotemporal,3.0,False,0.9692963202382004,-7.113916104038353,1.4455235378355993,0.7524046011250922,-0.6522725381130114,,2.492940325388963
P34,AGEM KIRI,TAHAN,4,False,kanal,T4,-14.514223215058855,-0.3634574828493513,-0.6136149823185244,2.30215562360215,-0.6358600272103946,kanan,temporal,3.0,False,0.9480170627564782,-7.113916104038353,-1.2404454987312215,-0.0910618035050228,-0.46027734152165317,,2.492940325388963
P34,AGEM KIRI,TAHAN,4,False,kanal,T6,-6.384441359436103,0.030365667232024718,-0.10119690425784977,3.717759376631571,0.28701289308095057,kanan,temporo-posterior,2.0,True,0.93972076021509,-7.113916104038353,-0.7280274206705467,1.3245419495243982,0.462595578769692,,2.492940325388963
P34,AGEM KIRI,TAHAN,4,False,area,frontopolar,-0.5742428037702751,0.0762728468759668,2.848230870482772,2.558434894140933,-0.17275129070640471,,frontopolar,4.0,False,0.9893793712354968,,,,,True,2.492940325388963
P34,AGEM KIRI,TAHAN,4,False,area,frontal,2.87476135579049,0.3553679890228547,3.6256062102263042,2.747161682663713,0.6431314921273327,,frontal,3.0,False,0.9812976893643097,,,,,False,2.492940325388963
P34,AGEM KIRI,TAHAN,4,False,area,frontotemporal,2.8189228964871447,0.22755814894440873,1.807810307233072,2.789671714857583,1.029045235902858,,frontotemporal,4.0,False,0.982548709892207,,,,,True,2.492940325388963
P34,AGEM KIRI,TAHAN,4,False,area,sentral,2.5420613312640015,0.22883671142186435,2.7933153657295415,2.8905248693079737,-0.36642383567761216,,sentral,3.0,False,0.9839254732808713,,,,,False,2.492940325388963
P34,AGEM KIRI,TAHAN,4,False,area,temporal,1.8681719026813681,0.1708379645743987,2.456228278318666,2.6708743926730287,0.3520681499100325,,temporal,4.0,False,0.9861962227204772,,,,,True,2.492940325388963
P34,AGEM KIRI,TAHAN,4,False,area,parietal,2.1834021052639017,0.3827150972378981,2.9624427887905087,3.8793555530909902,0.8019492063458683,,parietal,4.0,False,0.9885452063315987,,,,,False,2.492940325388963
P34,AGEM KIRI,TAHAN,4,False,area,temporo-posterior,-0.3245467982677823,0.08921384513406316,2.367189078999953,0.197176715428514,0.7148437355111792,,temporo-posterior,3.0,False,0.981487190362707,,,,,False,2.492940325388963
P34,AGEM KIRI,TAHAN,4,False,area,oksipital,3.710921217212899,0.4704028147654993,1.661486295631069,2.462835430094583,0.9219866782749057,,oksipital,4.0,False,0.9723763075922626,,,,,False,2.492940325388963
P34,AGEM KIRI,NAIK,4,False,belahan,kiri,5.669080142470293,-0.0839505426931133,0.6805650899167892,2.4329290824765013,0.9866647954807648,,,,,,,,,,,2.492940325388963
P34,AGEM KIRI,NAIK,4,False,belahan,kanan,-0.2611753644531163,-0.4334224447935455,-0.25460416970414207,1.3426825311667279,0.6107005540384072,,,,,,,,,,,2.492940325388963
P34,AGEM KIRI,NAIK,4,False,kanal,Fp1,10.996310781242364,0.2133763744631576,1.5006052317537402,0.32850381373925464,0.889211299576125,kiri,frontopolar,4.0,False,0.9678409622557546,5.669080142470293,0.820040141836951,-2.1044252687372467,-0.09745349590463981,,2.492940325388963
P34,AGEM KIRI,NAIK,4,False,kanal,F3,5.4942497175464595,-0.11700278224586524,0.5159521760943386,2.390265635540892,0.7497656995819623,kiri,frontal,4.0,False,0.9591841531498755,5.669080142470293,-0.16461291382245058,-0.042663446935609084,-0.23689909589880254,,2.492940325388963
P34,AGEM KIRI,NAIK,4,False,kanal,C3,7.106330664239877,-0.03955825820953729,0.3554049350236993,3.471230154396977,1.1683952355214942,kiri,sentral,4.0,False,0.9531732222757927,5.669080142470293,-0.3251601548930899,1.0383010719204755,0.18173044004072936,,2.492940325388963
P34,AGEM KIRI,NAIK,4,False,kanal,P3,5.843910567394126,-0.09335304203612438,0.5889865784715709,3.3189875953228927,1.0217386338381227,kiri,parietal,4.0,False,0.9737613260956978,5.669080142470293,-0.09157851144521834,0.8860585128463914,0.03507383835735789,,2.492940325388963
P34,AGEM KIRI,NAIK,4,False,kanal,O1,2.6050296249066847,-0.2943603429727548,1.1916760039852237,2.4755925294121104,1.1480527704237096,kiri,oksipital,4.0,False,0.967227409502196,5.669080142470293,0.5111109140684345,0.042663446935609084,0.16138797494294477,,2.492940325388963
P34,AGEM KIRI,NAIK,4,False,kanal,F7,10.154339715248348,0.13729332634020053,0.7721436013620075,1.6198820404983474,0.9515909571234069,kiri,frontotemporal,4.0,False,0.9764129399916038,5.669080142470293,0.09157851144521834,-0.8130470419781539,-0.03507383835735789,,2.492940325388963
P34,AGEM KIRI,NAIK,4,False,kanal,T3,4.82803468949362,-0.2035768748858502,-0.10227228989933224,3.193841837188292,1.2086294539906193,kiri,temporal,4.0,False,0.9675197142474045,5.669080142470293,-0.7828373798161214,0.7609127547117907,0.22196465850985447,,2.492940325388963
P34,AGEM KIRI,NAIK,4,False,kanal,T5,4.125840705402872,-0.07454804335010223,0.9884726732676474,1.9172008897962964,0.5327220950903387,kiri,temporo-posterior,4.0,False,0.9419103473709235,5.669080142470293,0.3079075833508582,-0.5157281926802049,-0.45394270039042606,,2.492940325388963
P34,AGEM KIRI,NAIK,4,False,kanal,Fp2,2.2853599768109802,-0.008080235932472313,-0.6831667069980413,2.3224043272192865,0.6794388268558369,kanan,frontopolar,4.0,False,0.9663452790301751,-0.2611753644531163,-0.4285625372938992,0.9797217960525586,0.06873827281742972,,2.492940325388963
P34,AGEM KIRI,NAIK,4,False,kanal,F4,0.011230866769196268,-0.38731789121029037,-0.15775568411162566,1.7496469042512897,0.09594192019807957,kanan,frontal,4.0,False,0.9885226631689494,-0.2611753644531163,0.09684848559251641,0.4069643730845618,-0.5147586338403276,,2.492940325388963
P34,AGEM KIRI,NAIK,4,False,kanal,C4,0.5426756667250885,-0.17227310549560126,0.5558738495269389,0.8129099222420106,0.5419622812209774,kanan,sentral,4.0,False,0.9821267850830142,-0.2611753644531163,0.810478019231081,-0.5297726089247172,-0.06873827281742972,,2.492940325388963
P34,AGEM KIRI,NAIK,4,False,kanal,P4,-4.445006632454877,-0.8038980900325707,-0.7504452175627357,0.09498763247915942,0.7197598650813715,kanan,parietal,4.0,False,0.9088537960492858,-0.2611753644531163,-0.4958410478585937,-1.2476948986875684,0.10905931104296429,,2.492940325388963
P34,AGEM KIRI,NAIK,4,False,kanal,O2,-8.2404639500934,-1.1040457164266402,-1.5322749900430677,1.0530467109230037,1.827596652626808,kanan,oksipital,3.0,False,0.9264091225697739,-0.2611753644531163,-1.2776708203389255,-0.28963582024372414,1.2168960985884008,,2.492940325388963
P34,AGEM KIRI,NAIK,4,False,kanal,F8,2.5182258820009267,-0.15179815439887068,-0.3514526552966585,2.770623187333447,0.7482689222793697,kanan,frontotemporal,4.0,False,0.9754135728788246,-0.2611753644531163,-0.09684848559251641,1.4279406561667192,0.13756836824096252,,2.492940325388963
P34,AGEM KIRI,NAIK,4,False,kanal,T4,-7.666799400257723,-1.0555215316690958,0.12438949353743622,1.632318351410452,0.10164618154090377,kanan,temporal,4.0,False,0.979184569952673,-0.2611753644531163,0.3789936632415783,0.28963582024372414,-0.5090543724975034,,2.492940325388963
P34,AGEM KIRI,NAIK,4,False,kanal,T6,-0.5335815956754288,-0.4795269983768007,2.6971703713206274,-1.393596022907173,-0.7237237572813546,kanan,temporo-posterior,4.0,False,0.96721854157027,-0.2611753644531163,2.9517745410247693,-2.736278554073901,-1.3344243113197618,,2.492940325388963
P34,AGEM KIRI,NAIK,4,False,area,frontopolar,8.47998790505509,0.10456284449718045,1.383542169624035,0.5552733363037765,0.5718350593235606,,frontopolar,4.0,False,0.9725211812407987,,,,,True,2.492940325388963
P34,AGEM KIRI,NAIK,4,False,area,frontal,4.672227013031943,-0.14146307020587878,0.5918766952970123,2.521939103557068,0.9281183769238265,,frontal,4.0,False,0.9718194892769791,,,,,False,2.492940325388963
P34,AGEM KIRI,NAIK,4,False,area,frontotemporal,9.806798029348045,0.11649098261621105,0.595530820033956,1.4503583247370466,0.6895621968570617,,frontotemporal,4.0,False,0.9779372802056093,,,,,True,2.492940325388963
P34,AGEM KIRI,NAIK,4,False,area,sentral,3.6055278938954487,-0.18262139544064948,0.6675510558163106,2.6299658476271683,0.4732891309980627,,sentral,4.0,False,0.9650497374813728,,,,,False,2.492940325388963
P34,AGEM KIRI,NAIK,4,False,area,temporal,3.7699498263891513,-0.27434601896460387,0.06910352225761529,3.2724903218571635,1.195482505523492,,temporal,4.0,False,0.9698399874482334,,,,,True,2.492940325388963
P34,AGEM KIRI,NAIK,4,False,area,parietal,2.5490367207067663,-0.32944801988731065,0.8369079289291748,3.2952769490042524,1.0101485023628933,,parietal,4.0,False,0.9827759516947575,,,,,False,2.492940325388963
P34,AGEM KIRI,NAIK,4,False,area,temporo-posterior,3.279673377964045,-0.14158564932805984,1.4339448867571012,1.5492874775580372,0.40743239865286174,,temporo-posterior,4.0,False,0.965369984807072,,,,,False,2.492940325388963
P34,AGEM KIRI,NAIK,4,False,area,oksipital,1.5569458975950852,-0.47515725008696474,1.4873981054178487,2.6949713975501144,1.194935266731565,,oksipital,4.0,False,0.9541062356147226,,,,,False,2.492940325388963
P34,AGEM KIRI,POST,4,False,belahan,kiri,2.6009165354184454,-0.2166716078528571,0.48387237285519796,1.6318774349396012,0.43177192807884635,,,,,,,,,,,2.492940325388963
P34,AGEM KIRI,POST,4,False,belahan,kanan,6.011926365297697,0.21529531847882888,-0.5552805146186196,3.2598927172519288,0.3812921811612471,,,,,,,,,,,2.492940325388963
P34,AGEM KIRI,POST,4,False,kanal,Fp1,6.882328767280754,0.18624177850793688,0.2084127062094765,0.8259805602803643,0.39699864800214285,kiri,frontopolar,4.0,False,0.9114929634492392,2.6009165354184454,-0.27545966664572147,-0.805896874659237,-0.034773280076703494,,2.492940325388963
P34,AGEM KIRI,POST,4,False,kanal,F3,2.8031963351856675,-0.23552522961607658,0.45422818603093607,1.4639601515853666,0.13587255497033834,kiri,frontal,4.0,False,0.9488534482215648,2.6009165354184454,-0.029644186824261898,-0.16791728335423461,-0.295899373108508,,2.492940325388963
P34,AGEM KIRI,POST,4,False,kanal,C3,1.252609701552025,-0.2496752002077116,0.4771394954639484,1.7734339377990929,0.4665452081555499,kiri,sentral,4.0,False,0.9726603111364048,2.6009165354184454,-0.006732877391249559,0.14155650285949162,0.03477328007670355,,2.492940325388963
P34,AGEM KIRI,POST,4,False,kanal,P3,1.697987236487151,-0.21748862446201045,0.6063744721185937,1.9356034742964559,0.3684402850863744,kiri,parietal,4.0,False,0.9728985033067967,2.6009165354184454,0.12250209926339578,0.3037260393568546,-0.06333164299247196,,2.492940325388963
P34,AGEM KIRI,POST,4,False,kanal,O1,2.7188954349523016,-0.2023097143708401,1.1686764222411006,2.46462295421886,0.6096791672270361,kiri,oksipital,4.0,False,0.9641514546700204,2.6009165354184454,0.6848040493859027,0.8327455192792586,0.17790723914818973,,2.492940325388963
P34,AGEM KIRI,POST,4,False,kanal,F7,3.9957135357679263,-0.13663546377087377,1.2433604987389302,1.2062442376449534,0.5275382903856473,kiri,frontotemporal,4.0,False,0.9644708140497285,2.6009165354184454,0.7594881258837323,-0.4256331972946479,0.09576636230680091,,2.492940325388963
P34,AGEM KIRI,POST,4,False,kanal,T3,2.482937635884589,-0.21585459124370376,0.4906052502464475,1.8796902104852782,0.6979575553924977,kiri,temporal,4.0,False,0.9622094717782548,2.6009165354184454,0.006732877391249559,0.24781277554567693,0.26618562731365136,,2.492940325388963
P34,AGEM KIRI,POST,4,False,kanal,T5,2.250575770581399,-0.2756028719974899,0.2801432722459729,1.4903209320801096,0.1478641775010855,kiri,temporo-posterior,4.0,False,0.9530458827013875,2.6009165354184454,-0.20372910060922506,-0.14155650285949162,-0.28390775057776085,,2.492940325388963
P34,AGEM KIRI,POST,4,False,kanal,Fp2,7.69226811064803,0.4985690974893193,0.24472281727658196,3.077285157163078,0.850889192557226,kanan,frontopolar,4.0,False,0.9882296487130936,6.011926365297697,0.8000033318952016,-0.18260756008885082,0.46959701139597887,,2.492940325388963
P34,AGEM KIRI,POST,4,False,kanal,F4,6.91523450526951,0.3047448153369019,-0.677366442291854,3.442500277340779,0.39469076498108313,kanan,frontal,4.0,False,0.9888040197646938,6.011926365297697,-0.12208592767323445,0.18260756008885037,0.013398583819836052,,2.492940325388963
P34,AGEM KIRI,POST,4,False,kanal,C4,5.624681672473095,0.3735603868879751,-0.6215583550608156,2.5500123254017493,0.367893597341411,kanan,sentral,4.0,False,0.9811363024980595,6.011926365297697,-0.06627784044219598,-0.7098803918501795,-0.013398583819836052,,2.492940325388963
P34,AGEM KIRI,POST,4,False,kanal,P4,4.11367755058653,0.050226670938039675,0.0050699466331588505,2.825516399095027,0.357006709490979,kanan,parietal,4.0,False,0.9912416841439765,6.011926365297697,0.5603504612517785,-0.4343763181569016,-0.024285471670268066,,2.492940325388963
P34,AGEM KIRI,POST,4,False,kanal,O2,4.125111290240447,0.0728232261426145,-1.1645113018887199,3.804095356230689,0.42074260537689057,kanan,oksipital,4.0,False,0.942110873603399,6.011926365297697,-0.6092307872701003,0.5442026389787604,0.03945042421564349,,2.492940325388963
P34,AGEM KIRI,POST,4,False,kanal,F8,8.314092267410096,0.2553850685073611,0.3223966902335407,4.312807795607233,0.6184279767042677,kanan,frontotemporal,4.0,False,0.9928673583779263,6.011926365297697,0.8776772048521603,1.052915078355304,0.23713579554302067,,2.492940325388963
P34,AGEM KIRI,POST,4,False,kanal,T4,6.399171058122299,0.17520556845029667,-0.6449409364235509,3.453767970989032,0.0364386902835927,kanan,temporal,4.0,False,0.9929125783632764,6.011926365297697,-0.08966042180493128,0.19387525373710313,-0.3448534908776544,,2.492940325388963
P34,AGEM KIRI,POST,4,False,kanal,T6,4.852518766925392,0.01846577949258643,-0.4890026741764236,0.6903088568394824,-0.6885004531451007,kanan,temporo-posterior,4.0,False,0.9875327353385119,6.011926365297697,0.06627784044219598,-2.5695838604124464,-1.0697926343063477,,2.492940325388963
P34,AGEM KIRI,POST,4,False,area,frontopolar,5.194107987650696,0.12688820694340253,1.0402912484944609,1.8904496092206182,0.5599102223860963,,frontopolar,4.0,False,0.9793213778358923,,,,,True,2.492940325388963
P34,AGEM KIRI,POST,4,False,area,frontal,3.074933018351338,-0.19796469592345978,0.3440119012195608,1.7327490465150537,0.06352429539835888,,frontal,4.0,False,0.9641197745712905,,,,,False,2.492940325388963
P34,AGEM KIRI,POST,4,False,area,frontotemporal,5.33945383523384,-0.045751960428791705,0.7020181888946875,1.4686477808563199,0.35435581375552905,,frontotemporal,4.0,False,0.9722314818337154,,,,,True,2.492940325388963
P34,AGEM KIRI,POST,4,False,area,sentral,1.4938600287051216,-0.1439165012139645,0.4103536092457133,2.009454180493869,-0.0947657312119643,,sentral,4.0,False,0.990173149956934,,,,,False,2.492940325388963
P34,AGEM KIRI,POST,4,False,area,temporal,2.698606639768542,-0.19589205585230607,0.442025561345154,2.049341602082033,0.6495040666485189,,temporal,4.0,False,0.9685315569935163,,,,,True,2.492940325388963
P34,AGEM KIRI,POST,4,False,area,parietal,1.8806364380141076,-0.19290826954880047,0.6863494562958405,2.2460392646785334,0.34134710032741705,,parietal,4.0,False,0.9840866579481052,,,,,False,2.492940325388963
P34,AGEM KIRI,POST,4,False,area,temporo-posterior,2.421466750970083,-0.2523653317397525,0.30527050170419456,1.3711526330424446,0.039225020254296805,,temporo-posterior,4.0,False,0.9621863012791388,,,,,False,2.492940325388963
P34,AGEM KIRI,POST,4,False,area,oksipital,2.25459084641885,-0.22397690733035747,1.1279248169019496,2.739887711346582,0.5966566832981308,,oksipital,4.0,False,0.9686401589556406,,,,,False,2.492940325388963
P34,NGEED,PRA,4,False,belahan,kiri,-6.341368264886793,-0.34155538245202066,2.7407893165302046,2.1594229405663503,1.0986478413134249,,,,,,,,,,,2.492940325388963
P34,NGEED,PRA,4,False,belahan,kanan,-6.233991091746507,-0.17096473740924056,0.7223952592442426,2.495231492180088,-0.0976632022731776,,,,,,,,,,,2.492940325388963
P34,NGEED,PRA,4,False,kanal,Fp1,-3.3695348450759965,-0.01780748475701044,1.0377239681507493,2.0020382674573787,1.9449583003194197,kiri,frontopolar,3.0,False,0.9719321637005877,-6.341368264886793,-1.7030653483794553,-0.15738467310897164,0.8463104590059949,,2.492940325388963
P34,NGEED,PRA,4,False,kanal,F3,-6.587226194983224,-0.3175834747389248,2.679682143577862,1.9465336711487913,1.00948065515329,kiri,frontal,4.0,False,0.9703403430625184,-6.341368264886793,-0.06110717295234247,-0.21288926941755903,-0.08916718616013486,,2.492940325388963
P34,NGEED,PRA,4,False,kanal,C3,-6.095510334790362,-0.37138913750201086,3.7533015790416937,3.6306406569902463,1.0693748096701883,kiri,sentral,2.0,True,0.9672214067141391,-6.341368264886793,1.012512262511489,1.471217716423896,-0.02927303164323658,,2.492940325388963
P34,NGEED,PRA,4,False,kanal,P3,-6.084208322448525,-0.3693512810456665,3.890608774105007,3.713063633812189,1.1279208729566617,kiri,parietal,2.0,True,0.9613137341998483,-6.341368264886793,1.1498194575748024,1.5536406932458386,0.029273031643236802,,2.492940325388963
P34,NGEED,PRA,4,False,kanal,O1,-7.424614292160676,-0.36552729016511654,3.4262875417630805,2.673619502108518,1.2873500311464612,kiri,oksipital,4.0,False,0.954179658524925,-6.341368264886793,0.6854982252328758,0.5141965615421675,0.18870218983303633,,2.492940325388963
P34,NGEED,PRA,4,False,kanal,F7,-7.544943788165597,-0.45165082968157577,2.120158725622842,1.5953960428985594,0.6673685007291772,kiri,frontotemporal,4.0,False,0.9577111748346485,-6.341368264886793,-0.6206305909073628,-0.5640268976677909,-0.43127934058424766,,2.492940325388963
P34,NGEED,PRA,4,False,kanal,T3,-5.240818157734942,-0.17538157930228193,2.2556466884417437,1.8518206963593324,1.3407834971264316,kiri,temporal,4.0,False,0.971507725634017,-6.341368264886793,-0.485142628088461,-0.30760224420701787,0.24213565581300678,,2.492940325388963
P34,NGEED,PRA,4,False,kanal,T5,-6.648417919107104,-0.30767769940694745,2.801896489482547,2.3168076136753215,1.0570071400687504,kiri,temporo-posterior,4.0,False,0.9582664985636613,-6.341368264886793,0.06110717295234247,0.1573846731089712,-0.04164070124467445,,2.492940325388963
P34,NGEED,PRA,4,False,kanal,Fp2,-8.46911681147705,-0.5218459803899911,0.8956602472539055,2.370012218290946,0.7281195026283827,kanan,frontopolar,4.0,False,0.9630619315813297,-6.233991091746507,0.17326498800966283,-0.125219273889142,0.8257827049015602,,2.492940325388963
P34,NGEED,PRA,4,False,kanal,F4,-6.063410659062733,-0.3552822305885799,0.6963483463490222,3.1896972404494313,-0.23051142298924243,kanan,frontal,2.0,True,0.9641883685598887,-6.233991091746507,-0.02604691289522043,0.694465748269343,-0.13284822071606484,,2.492940325388963
P34,NGEED,PRA,4,False,kanal,C4,-3.4342352573857085,-0.18439019641639676,0.748442172139463,3.442850659008086,0.6294254514340907,kanan,sentral,2.0,True,0.9392252133983346,-6.233991091746507,0.02604691289522032,0.9476191668279976,0.7270886537072683,,2.492940325388963
P34,NGEED,PRA,4,False,kanal,P4,-6.319004130006618,-0.09603753784396041,1.2953313403122064,2.2833154383645553,-0.20228937202078368,kanan,parietal,4.0,False,0.979498535032854,-6.233991091746507,0.5729360810679638,-0.2119160538155329,-0.10462616974760608,,2.492940325388963
P34,NGEED,PRA,4,False,kanal,O2,-7.86961587284307,-0.15753927840208437,0.7927268367271656,1.0307942047772265,-0.024403909479140395,kanan,oksipital,4.0,False,0.9447187923434957,-6.233991091746507,0.07033157748292296,-1.4644372874028617,0.0732592927940372,,2.492940325388963
P34,NGEED,PRA,4,False,kanal,F8,-6.148978053486395,-0.09405043085349152,0.53670370891436,3.177874370061603,-0.1709224950672148,kanan,frontotemporal,4.0,False,0.9663394391601492,-6.233991091746507,-0.1856915503298826,0.6826428778815146,-0.0732592927940372,,2.492940325388963
P34,NGEED,PRA,4,False,kanal,T4,-7.451378621301835,-0.1972129322550349,0.3796266288029715,2.6204507660692307,-0.30308486155509784,kanan,temporal,4.0,False,0.9796270142498633,-6.233991091746507,-0.34276863044127115,0.12521927388914245,-0.20542165928192024,,2.492940325388963
P34,NGEED,PRA,4,False,kanal,T6,-1.167414921975812,0.33232641197094437,0.008605517861596246,0.9472297303309252,0.27709713284328896,kanan,temporo-posterior,4.0,False,0.9694742474979924,-6.233991091746507,-0.7137897413826464,-1.548001761849163,0.37476033511646656,,2.492940325388963
P34,NGEED,PRA,4,False,area,frontopolar,-6.489841300586555,-0.27652747088576013,1.010994592443319,2.275282708207329,1.4920042194510925,,frontopolar,4.0,False,0.9783730135867715,,,,,True,2.492940325388963
P34,NGEED,PRA,4,False,area,frontal,-6.406312347289749,-0.3492649966570589,2.274452235273218,1.9367822143672129,1.1540189288388771,,frontal,4.0,False,0.970445204416545,,,,,False,2.492940325388963
P34,NGEED,PRA,4,False,area,frontotemporal,-7.202051713219788,-0.4217565623687278,1.8049422818948464,1.4923794691650034,0.3720185616200875,,frontotemporal,4.0,False,0.9640281258958902,,,,,True,2.492940325388963
P34,NGEED,PRA,4,False,area,sentral,-5.67778815258449,-0.372041860002307,2.531327591184182,3.8073096300793883,0.5678468963674317,,sentral,2.0,True,0.9641212450756191,,,,,False,2.492940325388963
P34,NGEED,PRA,4,False,area,temporal,-5.383142352008974,-0.17874516748879388,2.1004029812789096,1.898668154197864,1.2537580029451931,,temporal,4.0,False,0.975779136174168,,,,,True,2.492940325388963
P34,NGEED,PRA,4,False,area,parietal,-5.931238100078161,-0.1320680654140789,2.2707396515810414,2.938446822422093,0.9329530807568143,,parietal,4.0,False,0.9850297378750643,,,,,False,2.492940325388963
P34,NGEED,PRA,4,False,area,temporo-posterior,-5.317288148096019,-0.1865489774810336,2.155878822587268,1.8640993164797228,0.9440860414669167,,temporo-posterior,4.0,False,0.9713015813106105,,,,,False,2.492940325388963
P34,NGEED,PRA,4,False,area,oksipital,-6.386837774717016,-0.2540144294786728,2.7362434586157165,2.4199015905146637,1.3883868256993361,,oksipital,4.0,False,0.9640644951576112,,,,,False,2.492940325388963
P34,NGEED,TURUN,4,False,belahan,kiri,5.306158047991616,0.688562978000456,1.2503023578809713,3.8083300392668074,1.1104031878600351,,,,,,,,,,,2.492940325388963
P34,NGEED,TURUN,4,False,belahan,kanan,-1.000815512937308,0.3167633303710725,0.8741246461723879,2.7524693949151766,0.3403772857745231,,,,,,,,,,,2.492940325388963
P34,NGEED,TURUN,4,False,kanal,Fp1,2.072458302403575,0.49872091258528406,1.7721764188061584,1.2488487058068571,1.1392939133549813,kiri,frontopolar,2.0,True,0.9666528760174039,5.306158047991616,0.5218740609251871,-2.55948133345995,0.0288907254949462,,2.492940325388963
P34,NGEED,TURUN,4,False,kanal,F3,6.702499877563014,0.8436649594054129,0.7514139726079871,3.8344326041964196,1.081512462365089,kiri,frontal,4.0,False,0.9837669322267216,5.306158047991616,-0.4988883852729842,0.02610256492961227,-0.0288907254949462,,2.492940325388963
P34,NGEED,TURUN,4,False,kanal,C3,3.9129838101186962,0.5759734503374019,0.49351756985698725,2.820786550476646,0.935094304782767,kiri,sentral,4.0,False,0.9792075868170009,5.306158047991616,-0.7567847880239841,-0.9875434887901613,-0.1753088830772681,,2.492940325388963
P34,NGEED,TURUN,4,False,kanal,P3,4.222663590903203,0.5476770199704437,1.2890380024804915,3.467386725344547,0.8037290918414524,kiri,parietal,4.0,False,0.9844396352836122,5.306158047991616,0.03873564459952017,-0.3409433139222604,-0.30667409601858275,,2.492940325388963
P34,NGEED,TURUN,4,False,kanal,O1,6.201902420339032,0.7367108129612228,1.4062732219410723,3.782227474337195,0.8657492864367824,kiri,oksipital,4.0,False,0.9892086652944436,5.306158047991616,0.15597086406010097,-0.02610256492961227,-0.24465390142325272,,2.492940325388963
P34,NGEED,TURUN,4,False,kanal,F7,4.4104136756442,0.6404151430396892,2.8337435266849154,5.701187121682825,1.6152243762480807,kiri,frontotemporal,3.0,False,0.9764478799485394,5.306158047991616,1.583441168803944,1.8928570824160174,0.5048211883880456,,2.492940325388963
P34,NGEED,TURUN,4,False,kanal,T3,8.801330575175513,1.0103563984111694,1.2115667132814512,4.226328304218346,1.2780093943237676,kiri,temporal,3.0,False,0.9766877662065105,5.306158047991616,-0.03873564459952017,0.4179982649515388,0.16760620646373248,,2.492940325388963
P34,NGEED,TURUN,4,False,kanal,T5,8.635297734635841,1.0726111801395362,1.2028881423058047,4.875279192596145,1.3091559566108237,kiri,temporo-posterior,3.0,False,0.9829673641950823,5.306158047991616,-0.047414215575166674,1.0669491533293378,0.19875276875078862,,2.492940325388963
P34,NGEED,TURUN,4,False,kanal,Fp2,-0.7387218512059377,0.05476407073674161,1.1195284128377554,2.3876966039594687,-0.19429254459213186,kanan,frontopolar,4.0,False,0.9562669404391942,-1.000815512937308,0.24540376666536745,-0.3647727909557079,-0.5346698303666549,,2.492940325388963
P34,NGEED,TURUN,4,False,kanal,F4,2.607524761032458,0.3082170827951125,0.04791611311531052,1.9525909935816408,0.1754053004309446,kanan,frontal,4.0,False,0.9914537646036156,-1.000815512937308,-0.8262085330570774,-0.7998784013335358,-0.1649719853435785,,2.492940325388963
P34,NGEED,TURUN,4,False,kanal,C4,3.0164756355274633,0.36732335784016246,0.25113963235430636,1.4319215394425107,0.5053492711181016,kanan,sentral,4.0,False,0.9870613291796024,-1.000815512937308,-0.6229850138180816,-1.320547855472666,0.1649719853435785,,2.492940325388963
P34,NGEED,TURUN,4,False,kanal,P4,-5.55751214470672,-0.03484345147866286,0.6287208795070204,3.117242185870885,0.7071207586876269,kanan,parietal,2.0,True,0.9821991065409135,-1.000815512937308,-0.24540376666536756,0.36477279095570836,0.36674347291310383,,2.492940325388963
P34,NGEED,TURUN,4,False,kanal,O2,-4.851030401012032,0.3227271573777539,3.077540930454071,4.834584845959238,1.7124362669601867,kanan,oksipital,2.0,True,0.9665020295112647,-1.000815512937308,2.2034162842816833,2.0821154510440616,1.3720589811856636,,2.492940325388963
P34,NGEED,TURUN,4,False,kanal,F8,-0.5574496985167983,0.4205268915838456,2.0234583997084616,2.2693047880743515,0.5852240710327798,kanan,frontotemporal,3.0,False,0.9841227309879673,-1.000815512937308,1.1493337535360737,-0.4831646068408251,0.24484678525825676,,2.492940325388963
P34,NGEED,TURUN,4,False,kanal,T4,-2.7985539699398956,0.31850956805439523,1.5008573082645893,4.218874057348158,0.01030703184261439,kanan,temporal,3.0,False,0.9877711587694123,-1.000815512937308,0.6267326620922014,1.4664046624329812,-0.3300702539319087,,2.492940325388963
P34,NGEED,TURUN,4,False,kanal,T6,-1.2629091746686782,0.3150170926877498,-0.12251772772072844,4.119551352371314,0.03662231132211957,kanan,temporo-posterior,3.0,False,0.9781518222964656,-1.000815512937308,-0.9966423738931164,1.3670819574561373,-0.3037549744524035,,2.492940325388963
P34,NGEED,TURUN,4,False,area,frontopolar,-0.3323962368213529,0.2676257125879058,1.4860485276919229,2.2125529946978375,0.8578441425006802,,frontopolar,4.0,False,0.9838767177214397,,,,,True,2.492940325388963
P34,NGEED,TURUN,4,False,area,frontal,6.142340505770235,0.7691507751536315,0.6010418902128678,3.5446416681417108,1.0245507931943745,,frontal,4.0,False,0.9874263187335476,,,,,False,2.492940325388963
P34,NGEED,TURUN,4,False,area,frontotemporal,4.28227182770263,0.6308349303386933,2.6325994819660767,5.271844395485373,1.3313695572736,,frontotemporal,3.0,False,0.9772435283399972,,,,,True,2.492940325388963
P34,NGEED,TURUN,4,False,area,sentral,2.3763156361205944,0.34956764128358575,0.580114898634792,2.0109377690896975,0.39262085177410255,,sentral,4.0,False,0.9831454794023585,,,,,False,2.492940325388963
P34,NGEED,TURUN,4,False,area,temporal,7.8174469731526415,0.9487043764939198,1.3643268495077885,4.337010642663547,1.2515150620795563,,temporal,3.0,False,0.9781837121680647,,,,,True,2.492940325388963
P34,NGEED,TURUN,4,False,area,parietal,2.803558544695079,0.3816249473796456,1.5296609051898453,4.397596463596179,0.8608329450741024,,parietal,4.0,False,0.9828233195829773,,,,,False,2.492940325388963
P34,NGEED,TURUN,4,False,area,temporo-posterior,9.000080508796842,1.1038321434743896,0.5512588400304563,4.408534017940979,1.1923108702015432,,temporo-posterior,3.0,False,0.9797062153877619,,,,,False,2.492940325388963
P34,NGEED,TURUN,4,False,area,oksipital,6.3401882577909845,0.6453548501949047,1.2582178974248825,4.38632072610698,0.7695367360000182,,oksipital,4.0,False,0.9856281338639794,,,,,False,2.492940325388963
P34,NGEED,TAHAN,4,False,belahan,kiri,-2.864026525740119,0.2706493126027356,0.5002065412697069,0.9393731796818898,0.6550460889300884,,,,,,,,,,,2.492940325388963
P34,NGEED,TAHAN,4,False,belahan,kanan,-7.137211964573805,0.08991439707421656,0.7890090339383277,2.5297039199022056,0.10803337083886133,,,,,,,,,,,2.492940325388963
P34,NGEED,TAHAN,4,False,kanal,Fp1,-3.3852393307185125,0.13177847748595384,0.9833262342769473,3.6249238184155375,1.1345093295080562,kiri,frontopolar,2.0,True,0.9681651871551281,-2.864026525740119,0.48311969300724045,2.6855506387336474,0.47946324057796774,,2.492940325388963
P34,NGEED,TAHAN,4,False,kanal,F3,-3.1148226859986323,0.3274753391460845,0.509685884408005,0.8935537824503066,0.16607447130217345,kiri,frontal,4.0,False,0.9945984091182558,-2.864026525740119,0.009479343138298124,-0.045819397231583237,-0.48897161762791497,,2.492940325388963
P34,NGEED,TAHAN,4,False,kanal,C3,-5.354191204485382,0.17694785356087128,1.3059966907814329,3.3928551341496074,1.7384019972342695,kiri,sentral,3.0,False,0.9686166056687856,-2.864026525740119,0.805790149511726,2.4534819544677173,1.083355908304181,,2.492940325388963
P34,NGEED,TAHAN,4,False,kanal,P3,-2.6132303654816056,0.21382328605938672,0.49072719813140875,2.1213175400520377,0.7586759893164468,kiri,parietal,4.0,False,0.9874729748575697,-2.864026525740119,-0.009479343138298124,1.1819443603701478,0.10362990038635833,,2.492940325388963
P34,NGEED,TAHAN,4,False,kanal,O1,0.3745129378800769,0.3368503575048096,0.049034621859720406,0.9851925769134731,0.4652504827211429,kiri,oksipital,4.0,False,0.9879737258154035,-2.864026525740119,-0.45117191940998647,0.045819397231583237,-0.18979560620894553,,2.492940325388963
P34,NGEED,TAHAN,4,False,kanal,F7,-6.232989712419659,0.0987649079238837,0.669045638755803,0.7448407353603859,1.114269312930251,kiri,frontotemporal,3.0,False,0.9784835978104338,-2.864026525740119,0.16883909748609616,-0.19453244432150396,0.4592232240001626,,2.492940325388963
P34,NGEED,TAHAN,4,False,kanal,T3,-0.16215225857313698,0.6303440311900161,0.3602105762103214,-0.053632591391554296,0.5514161885437302,kiri,temporal,3.0,False,0.9870675267136333,-2.864026525740119,-0.1399959650593855,-0.9930057710734441,-0.10362990038635822,,2.492940325388963
P34,NGEED,TAHAN,4,False,kanal,T5,1.1714339470680315,0.7137124958975585,-0.1849316400381873,0.04789774770921884,0.496327052606128,kiri,temporo-posterior,3.0,False,0.9918835436363637,-2.864026525740119,-0.6851381813078942,-0.891475431972671,-0.1587190363239604,,2.492940325388963
P34,NGEED,TAHAN,4,False,kanal,Fp2,-7.844500411314407,-0.4046902225713598,0.48747606979613445,3.631723661056586,0.5991419909476505,kanan,frontopolar,4.0,False,0.94836375250515,-7.137211964573805,-0.3015329641421932,1.1020197411543804,0.4911086201087892,,2.492940325388963
P34,NGEED,TAHAN,4,False,kanal,F4,-8.338909287523961,-0.2814702047807185,1.4093829340848134,3.064391193637491,0.09688789950703258,kanan,frontal,4.0,False,0.9781835087231334,-7.137211964573805,0.6203739001464857,0.5346872737352855,-0.011145471331828749,,2.492940325388963
P34,NGEED,TAHAN,4,False,kanal,C4,-9.931668631626493,-0.45549051515317873,1.9883830884729052,2.547000225528613,0.11917884217069008,kanan,sentral,4.0,False,0.9730290560037873,-7.137211964573805,1.1993740545345775,0.01729630562640727,0.011145471331828749,,2.492940325388963
P34,NGEED,TAHAN,4,False,kanal,P4,-6.384541434153796,0.12450449612302394,0.17448372767224274,2.5124076142757987,1.1984788317694453,kanan,parietal,3.0,False,0.9841916158725732,-7.137211964573805,-0.6145253062660849,-0.017296305626406827,1.0904454609305838,,2.492940325388963
P34,NGEED,TAHAN,4,False,kanal,O2,-4.280191435159253,0.3561285025176284,-0.26958959805254923,-0.03359075449939075,0.05716510372103811,kanan,oksipital,3.0,False,0.9793974085571038,-7.137211964573805,-1.058598631990877,-2.5632946744015963,-0.05086826711782322,,2.492940325388963
P34,NGEED,TAHAN,4,False,kanal,F8,-6.597548397445571,0.1675365897001737,1.0905419980805209,2.046663536340138,0.24653926959511674,kanan,frontotemporal,4.0,False,0.9612324363765458,-7.137211964573805,0.3015329641421932,-0.48304038356206735,0.1385058987562554,,2.492940325388963
P34,NGEED,TAHAN,4,False,kanal,T4,-5.885143946950343,0.16452949034637276,1.2273740798792931,2.615053926012308,-0.32670064382109043,kanan,temporal,3.0,False,0.9869192533986473,-7.137211964573805,0.4383650459409655,0.08535000611010224,-0.43473401465995176,,2.492940325388963
P34,NGEED,TAHAN,4,False,kanal,T6,-7.676875531702038,0.05532429802540917,-1.3741734128052896,0.8633318092108477,-0.8760054514374083,kanan,temporo-posterior,4.0,False,0.9607668128827056,-7.137211964573805,-2.163182446743617,-1.6663721106913578,-0.9840388222762696,,2.492940325388963
P34,NGEED,TAHAN,4,False,area,frontopolar,-6.422337336229781,-0.16375860370959217,0.5569548901398091,3.859791433371308,1.022370752138849,,frontopolar,4.0,False,0.9654295583743739,,,,,True,2.492940325388963
P34,NGEED,TAHAN,4,False,area,frontal,-3.74816725745319,0.24546730406814454,0.6084683921661649,1.46927412758106,0.2846922174031652,,frontal,4.0,False,0.9933614352022557,,,,,False,2.492940325388963
P34,NGEED,TAHAN,4,False,area,frontotemporal,-6.953609240238045,0.11054964849260362,0.38957074950469517,0.6251011275317881,0.7319131087325298,,frontotemporal,4.0,False,0.9861811356938517,,,,,True,2.492940325388963
P34,NGEED,TAHAN,4,False,area,sentral,-7.381752458081628,-0.19977010802860806,1.4500508765995495,2.6313295456825405,0.6562295177693542,,sentral,4.0,False,0.9822747442006692,,,,,False,2.492940325388963
P34,NGEED,TAHAN,4,False,area,temporal,-0.8857738388470011,0.5714266053330554,0.5316997152634351,0.28504539982618526,0.47030855510576275,,temporal,3.0,False,0.9912017101836462,,,,,True,2.492940325388963
P34,NGEED,TAHAN,4,False,area,parietal,-4.487634532266441,0.07317021326990591,0.7954338036086794,2.439592697955997,0.7318465710339593,,parietal,4.0,False,0.9906479630389944,,,,,False,2.492940325388963
P34,NGEED,TAHAN,4,False,area,temporo-posterior,-0.8486539686971923,0.6414472188646656,-0.3297712739560865,0.24067121371416178,0.3468120758381693,,temporo-posterior,4.0,False,0.994430021879833,,,,,False,2.492940325388963
P34,NGEED,TAHAN,4,False,area,oksipital,-0.18291451855426288,0.28124849014849573,0.28136140476184457,1.336447639369128,0.4799885318526151,,oksipital,4.0,False,0.9912586227160027,,,,,False,2.492940325388963
P34,NGEED,NAIK,4,False,belahan,kiri,-6.004338103282979,-0.216915757476557,3.463427160571935,1.3525491962017568,1.0405602639704812,,,,,,,,,,,2.492940325388963
P34,NGEED,NAIK,4,False,belahan,kanan,-1.500984275905605,0.2357937341288785,2.1530859995996257,2.167656767454205,0.2435070035674003,,,,,,,,,,,2.492940325388963
P34,NGEED,NAIK,4,False,kanal,Fp1,-4.402910461816738,-0.2238497946031961,1.525122847984121,0.5871090691656153,1.2104947147033458,kiri,frontopolar,3.0,False,0.9235430294341301,-6.004338103282979,-1.938304312587814,-0.7654401270361415,0.16993445073286462,,2.492940325388963
P34,NGEED,NAIK,4,False,kanal,F3,-7.201920138597785,-0.3009081442035939,3.759439975628995,1.1102870961733484,0.9544379338664336,kiri,frontal,4.0,False,0.9474424445979507,-6.004338103282979,0.2960128150570598,-0.24226210002840842,-0.08612233010404757,,2.492940325388963
P34,NGEED,NAIK,4,False,kanal,C3,-8.724062187022376,-0.42992559849163636,4.747236312341633,-0.4740242011645468,0.7243853209368581,kiri,sentral,2.0,True,0.8569192092591562,-6.004338103282979,1.2838091517696975,-1.8265733973663036,-0.31617494303362303,,2.492940325388963
P34,NGEED,NAIK,4,False,kanal,P3,-8.92414782357261,-0.5543237383051544,4.052732608198775,-0.3786202252543105,-0.07186112027819107,kiri,parietal,2.0,True,0.8325403084126932,-6.004338103282979,0.5893054476268396,-1.7311694214560673,-1.1124213842486723,,2.492940325388963
P34,NGEED,NAIK,4,False,kanal,O1,-5.302408493275934,-0.1550569746306747,2.9020477421637905,2.692270153431395,1.2421518674516492,kiri,oksipital,4.0,False,0.9292125100909544,-6.004338103282979,-0.5613794184081446,1.339720957229638,0.201591603481168,,2.492940325388963
P34,NGEED,NAIK,4,False,kanal,F7,-4.404111011622113,-0.135848958537655,1.0732022849292955,2.1315239084460034,1.219136071505977,kiri,frontotemporal,4.0,False,0.980321669090016,-6.004338103282979,-2.3902248756426396,0.7789747122442465,0.17857580753549573,,2.492940325388963
P34,NGEED,NAIK,4,False,kanal,T3,-6.706267713290025,-0.2099817203499179,4.0673409261495745,1.5948112962301653,1.022570096768686,kiri,temporal,4.0,False,0.9611343267344613,-6.004338103282979,0.6039137655776394,0.24226210002840842,-0.01799016720179525,,2.492940325388963
P34,NGEED,NAIK,4,False,kanal,T5,-4.295644947595775,-0.03649023917756078,3.1674143455148753,1.9374657842664362,1.0585504311722762,kiri,temporo-posterior,4.0,False,0.9706438307941415,-6.004338103282979,-0.2960128150570598,0.5849165880646794,0.017990167201795026,,2.492940325388963
P34,NGEED,NAIK,4,False,kanal,Fp2,-3.4941466014593914,-0.1750327866470509,2.2932208567575585,1.1533180575453321,0.5792448501146212,kanan,frontopolar,4.0,False,0.9682471271015242,-1.500984275905605,0.14013485715793284,-1.014338709908873,0.33573784654722094,,2.492940325388963
P34,NGEED,NAIK,4,False,kanal,F4,0.2772453798724541,0.2229068418954152,1.8242830886717094,2.4174028153180056,0.1528175972506074,kanan,frontal,2.0,True,0.9470541660182968,-1.500984275905605,-0.32880291092791625,0.2497460478638005,-0.0906894063167929,,2.492940325388963
P34,NGEED,NAIK,4,False,kanal,C4,-1.6484369937291916,0.11437674700451383,0.7354135129406614,1.9179107195904042,-0.1324267151694425,kanan,sentral,2.0,True,0.9350634518075503,-1.500984275905605,-1.4176724866589643,-0.24974604786380095,-0.3759337187368428,,2.492940325388963
P34,NGEED,NAIK,4,False,kanal,P4,-2.265434157591571,0.1372929337950577,2.378119575310038,3.677622003821379,1.074187996132665,kanan,parietal,4.0,False,0.9819080784621987,-1.500984275905605,0.2250335757104125,1.509965236367174,0.8306809925652647,,2.492940325388963
P34,NGEED,NAIK,4,False,kanal,O2,0.189147810981531,0.34436731407755605,0.7818351239074788,1.3717712467354066,0.3445509618753051,kanan,oksipital,4.0,False,0.9848215411197248,-1.500984275905605,-1.3712508756921469,-0.7958855207187985,0.1010439583079048,,2.492940325388963
P34,NGEED,NAIK,4,False,kanal,F8,-1.3535315580820182,0.34739486227138094,2.681591490594842,1.9148303925184527,0.3341964098841932,kanan,frontotemporal,4.0,False,0.9851448933482202,-1.500984275905605,0.5285054909952165,-0.25282637493575244,0.0906894063167929,,2.492940325388963
P34,NGEED,NAIK,4,False,kanal,T4,-1.806401969918909,0.24868062636234178,2.012951142441693,3.163321243532461,0.017946102728861657,kanan,temporal,4.0,False,0.9865178654397571,-1.500984275905605,-0.14013485715793284,0.995664476078256,-0.22556090083853864,,2.492940325388963
P34,NGEED,NAIK,4,False,kanal,T6,-1.1159092970376179,0.3447350756651171,2.52316992366687,4.488010828691456,0.02341028816816526,kanan,temporo-posterior,4.0,False,0.9861869900985992,-1.500984275905605,0.3700839240672442,2.320354061237251,-0.22009671539923503,,2.492940325388963
P34,NGEED,NAIK,4,False,area,frontopolar,-3.54770789136888,-0.1488763732310483,2.171409169939462,0.7528030560088443,0.9592430454278249,,frontopolar,4.0,False,0.9601350450164059,,,,,True,2.492940325388963
P34,NGEED,NAIK,4,False,area,frontal,-4.712263503854274,-0.17135455769455654,3.205917339579565,2.044057520037916,0.9348271509495333,,frontal,4.0,False,0.9678778335997263,,,,,False,2.492940325388963
P34,NGEED,NAIK,4,False,area,frontotemporal,-3.859737511267234,-0.08924125005729233,1.0083248288209605,1.837611824290649,0.9369758805373142,,frontotemporal,4.0,False,0.9827676023845067,,,,,True,2.492940325388963
P34,NGEED,NAIK,4,False,area,sentral,-5.500056624730284,-0.2084729396217515,3.035333302195933,1.3857583488354126,0.03600365207410572,,sentral,2.0,True,0.9441224026149891,,,,,False,2.492940325388963
P34,NGEED,NAIK,4,False,area,temporal,-5.767032024384335,-0.13260852712460358,3.7199553647717654,1.6824587245686469,0.9677976798569787,,temporal,4.0,False,0.9692985533949741,,,,,True,2.492940325388963
P34,NGEED,NAIK,4,False,area,parietal,-3.5071311461613206,0.09103415162041717,2.565591315461436,1.5030364494610415,1.1750987072078825,,parietal,4.0,False,0.9500578993082914,,,,,False,2.492940325388963
P34,NGEED,NAIK,4,False,area,temporo-posterior,-3.580429310867544,0.030800851234688897,3.077729566201876,2.4047481325889155,0.9180303779319795,,temporo-posterior,4.0,False,0.9777475571343547,,,,,False,2.492940325388963
P34,NGEED,NAIK,4,False,area,oksipital,-3.707838001638521,-0.02806128556125742,2.223503688295754,2.297768992983482,1.1508542608779946,,oksipital,4.0,False,0.9419348262727494,,,,,False,2.492940325388963
P34,NGEED,POST,4,False,belahan,kiri,-7.895124274216666,-0.3536982918381436,0.6173358576890468,-0.37225979794711717,0.7840227652915722,,,,,,,,,,,2.492940325388963
P34,NGEED,POST,4,False,belahan,kanan,-4.322219702207551,0.015378811476709608,0.4774294781077465,0.6099157523601031,-0.39612317930995306,,,,,,,,,,,2.492940325388963
P34,NGEED,POST,4,False,kanal,Fp1,-4.685794688642929,-0.148079671088297,0.24490205898498318,-0.23389078803329433,0.749540807315729,kiri,frontopolar,4.0,False,0.9151102758636779,-7.895124274216666,-0.37243379870406357,0.13836900991382284,-0.03448195797584319,,2.492940325388963
P34,NGEED,POST,4,False,kanal,F3,-10.626891278601057,-0.6230561201286382,0.9859905353541893,-1.0026119919278162,0.8497760485462734,kiri,frontal,3.0,False,0.9036780943897178,-7.895124274216666,0.3686546776651426,-0.6303521939806991,0.0657532832547012,,2.492940325388963
P34,NGEED,POST,4,False,kanal,C3,-7.355585787976757,-0.41099341955920266,-0.5881791586625418,0.38759362877079884,0.8559168051871395,kiri,sentral,2.0,True,0.9028443958241229,-7.895124274216666,-1.2055150163515886,0.759853426717916,0.07189403989556731,,2.492940325388963
P34,NGEED,POST,4,False,kanal,P3,-7.582885324894143,-0.344828168537223,0.24868118002390416,-0.2884700693677278,0.8513939395134652,kiri,parietal,2.0,True,0.8454641801761087,-7.895124274216666,-0.3686546776651426,0.08378972857938938,0.06737117422189298,,2.492940325388963
P34,NGEED,POST,4,False,kanal,O1,-8.493495757560233,-0.35032338446484523,-0.07171266578900493,-0.45604952652650654,0.8185047232674154,kiri,oksipital,3.0,False,0.9112725741844203,-7.895124274216666,-0.6890485234780517,-0.08378972857938938,0.03448195797584319,,2.492940325388963
P34,NGEED,POST,4,False,kanal,F7,-4.532071303182484,-0.2064926358535657,1.7337989013546726,0.5263370242201679,0.10579713183033948,kiri,frontotemporal,4.0,False,0.9556528589004495,-7.895124274216666,1.1164630436656258,0.8985968221672851,-0.6782256334612328,,2.492940325388963
P34,NGEED,POST,4,False,kanal,T3,-8.20736322353919,-0.357073199211442,0.9987959980715115,-1.3789350714449342,0.7318145342197422,kiri,temporal,4.0,False,0.9500440414049102,-7.895124274216666,0.3814601403824648,-1.006675273497817,-0.052208231071830036,,2.492940325388963
P34,NGEED,POST,4,False,kanal,T5,-9.643619078399297,-0.46386215044757373,1.307642991711113,-1.2223498912540607,0.7080093961940437,kiri,temporo-posterior,4.0,False,0.9293373912782649,-7.895124274216666,0.6903071340220662,-0.8500900933069435,-0.07601336909752854,,2.492940325388963
P34,NGEED,POST,4,False,kanal,Fp2,-6.356488632285107,-0.2719763520515024,2.3744855093009094,1.2874053046803198,0.5402657489438722,kanan,frontopolar,4.0,False,0.9199339607364332,-4.322219702207551,1.8970560311931628,0.6774895523202167,0.9363889282538254,,2.492940325388963
P34,NGEED,POST,4,False,kanal,F4,-6.460530443576118,-0.22315428823843053,0.029201033396183962,0.9641225127939785,-0.7665488585078976,kanan,frontal,3.0,False,0.9841523057568432,-4.322219702207551,-0.44822844471156253,0.35420676043387544,-0.3704256791979445,,2.492940325388963
P34,NGEED,POST,4,False,kanal,C4,-4.461676347963795,-0.1858536833354565,1.0304507230023359,1.0826410688095942,-0.6194938696789791,kanan,sentral,3.0,False,0.9883542191603292,-4.322219702207551,0.5530212448945894,0.4727253164494911,-0.22337069036902607,,2.492940325388963
P34,NGEED,POST,4,False,kanal,P4,-4.182763056451307,0.0595693777594275,0.6382587793222766,0.42065437888903023,-0.24442870920521964,kanan,parietal,4.0,False,0.9945185856026705,-4.322219702207551,0.1608293012145301,-0.18926137347107286,0.15169447010473341,,2.492940325388963
P34,NGEED,POST,4,False,kanal,O2,-3.3463881753048668,0.12141775428109902,-0.86089418070386,-0.8402002935157498,0.4878518191530574,kanan,oksipital,4.0,False,0.9610611587150725,-4.322219702207551,-1.3383236588116065,-1.4501160458758529,0.8839749984630105,,2.492940325388963
P34,NGEED,POST,4,False,kanal,F8,-5.438382732595599,-0.028811754806008283,1.2285661260124958,0.799177125831176,-0.4020908054386154,kanan,frontotemporal,4.0,False,0.9858891772933327,-4.322219702207551,0.7511366479047493,0.18926137347107286,-0.005967626128662362,,2.492940325388963
P34,NGEED,POST,4,False,kanal,T4,-3.848205583356801,0.136397492682252,-0.4060404785209448,0.3898722293492787,-0.3901555531812907,kanan,temporal,4.0,False,0.9880467608630398,-4.322219702207551,-0.8834699566286913,-0.22004352301082442,0.005967626128662362,,2.492940325388963
P34,NGEED,POST,4,False,kanal,T6,-4.038320441033257,0.1683110091451263,0.3166001768932164,-1.6553826589844811,-0.763738622871895,kanan,temporo-posterior,4.0,False,0.9921813233422492,-4.322219702207551,-0.1608293012145301,-2.265298411344584,-0.3676154435619419,,2.492940325388963
P34,NGEED,POST,4,False,area,frontopolar,-3.839837137801176,-0.14545343138389888,0.08113547122235942,-0.4768478880896381,0.082441069495713,,frontopolar,4.0,False,0.9783683318249963,,,,,True,2.492940325388963
P34,NGEED,POST,4,False,area,frontal,-10.309599276443436,-0.5882209834292438,0.9720125007236986,-0.704504615736556,0.7366258272564302,,frontal,4.0,False,0.935397552422731,,,,,False,2.492940325388963
P34,NGEED,POST,4,False,area,frontotemporal,-4.1181284321245855,-0.17051965215566467,1.4122408633315466,0.26794535866592595,-0.15871151614243706,,frontotemporal,4.0,False,0.9593744866937917,,,,,True,2.492940325388963
P34,NGEED,POST,4,False,area,sentral,-6.7449896147453146,-0.35298207066375276,0.8057126464635306,1.0256574677110764,-0.3541275352301695,,sentral,3.0,False,0.9850336353004479,,,,,False,2.492940325388963
P34,NGEED,POST,4,False,area,temporal,-5.705782074665443,-0.1575212503702803,-0.08648917537874001,-1.7470915121110875,0.6732408882831245,,temporal,4.0,False,0.9427785327113997,,,,,True,2.492940325388963
P34,NGEED,POST,4,False,area,parietal,-4.430331483951257,0.13082280878392338,-0.0975413930504948,-0.014057723382231213,1.339230496421969,,parietal,4.0,False,0.975134518822422,,,,,False,2.492940325388963
P34,NGEED,POST,4,False,area,temporo-posterior,-8.39278593050662,-0.34998376418848265,0.9084525351087496,-1.528635565976645,0.55004415495855,,temporo-posterior,4.0,False,0.9441027708492189,,,,,False,2.492940325388963
P34,NGEED,POST,4,False,area,oksipital,-6.01267143124366,-0.0029308585944671783,-0.7037305527946974,-0.362251229677669,1.7010488973246742,,oksipital,4.0,False,0.9514216199140396,,,,,False,2.492940325388963
