participant_id,task,rep,phase,channel,area,hemisphere,t0_video,t1_video,dur_phase_sec,win_sec,compliance,phase_source,flat_frac,valid,salvaged,is_simulated,theta_db,mu_db,beta_db,broad_db
P01,NGEED,1,PRA,Fp1,frontopolar,kiri,4.739,6.739,2.0,2.0,ok,video,0.09,True,False,False,0.53832599306444,-0.11423577098983273,3.4491643907907843,2.5520749169444787
P01,NGEED,1,PRA,F3,frontal,kiri,4.739,6.739,2.0,2.0,ok,video,0.19,True,True,False,4.288406699530761,-0.48447896998317574,1.9055555071297832,2.7354359448717567
P01,NGEED,1,PRA,C3,sentral,kiri,4.739,6.739,2.0,2.0,ok,video,0.8,False,False,False,,,,
P01,NGEED,1,PRA,P3,parietal,kiri,4.739,6.739,2.0,2.0,ok,video,0.31,True,True,False,12.665765276657563,14.505920025348374,14.324932543835804,13.95719625565097
P01,NGEED,1,PRA,O1,oksipital,kiri,4.739,6.739,2.0,2.0,ok,video,0.41,True,True,False,6.303998131212136,4.45115347212592,9.290136987458125,5.740669902237627
P01,NGEED,1,PRA,F7,frontotemporal,kiri,4.739,6.739,2.0,2.0,ok,video,0.2,True,True,False,0.3327143881603618,5.493572832020451,5.27156891047526,3.8861211709684156
P01,NGEED,1,PRA,T3,temporal,kiri,4.739,6.739,2.0,2.0,ok,video,0.0,True,False,False,11.255799665898689,6.232917040344184,3.126043648686533,8.978896649634088
P01,NGEED,1,PRA,T5,temporo-posterior,kiri,4.739,6.739,2.0,2.0,ok,video,0.0,True,False,False,12.029919532790544,11.732479200972968,7.562092552459472,12.916978694156558
P01,NGEED,1,PRA,Fp2,frontopolar,kanan,4.739,6.739,2.0,2.0,ok,video,0.09,True,False,False,-1.9351842339250744,-4.343804740278422,-2.9783226895576433,-2.4605913945129636
P01,NGEED,1,PRA,F4,frontal,kanan,4.739,6.739,2.0,2.0,ok,video,0.8,False,False,False,,,,
P01,NGEED,1,PRA,C4,sentral,kanan,4.739,6.739,2.0,2.0,ok,video,1.0,False,False,False,,,,
P01,NGEED,1,PRA,P4,parietal,kanan,4.739,6.739,2.0,2.0,ok,video,0.19,True,True,False,-2.5084495782044414,-1.0845531621012725,-0.5403469740332412,-2.382273214379815
P01,NGEED,1,PRA,O2,oksipital,kanan,4.739,6.739,2.0,2.0,ok,video,0.31,True,True,False,2.6783538723470315,-0.30949366118123933,7.926707576944558,2.4582652577204804
P01,NGEED,1,PRA,F8,frontotemporal,kanan,4.739,6.739,2.0,2.0,ok,video,0.0,True,False,False,6.171723066199263,1.5421613437082051,3.8748978347639174,6.382329235466695
P01,NGEED,1,PRA,T4,temporal,kanan,4.739,6.739,2.0,2.0,ok,video,0.91,False,False,False,,,,
P01,NGEED,1,PRA,T6,temporo-posterior,kanan,4.739,6.739,2.0,2.0,ok,video,0.0,True,False,False,5.296301593662392,3.3780117121122792,2.926168472138702,3.9116176316786238
P01,NGEED,1,TURUN,Fp1,frontopolar,kiri,8.054,8.938,1.264,0.885,ok,video,0.0,True,False,False,3.601770008656878,9.38874094261297,5.960246339803264,5.730918419087244
P01,NGEED,1,TURUN,F3,frontal,kiri,8.054,8.938,1.264,0.885,ok,video,0.0,True,False,False,6.466613209453666,4.4667968982515305,5.846525451983563,4.727111387138724
P01,NGEED,1,TURUN,C3,sentral,kiri,8.054,8.938,1.264,0.885,ok,video,0.0,True,False,False,-0.8769705653336217,1.0173518173938234,1.7553848136996173,-1.1103306808169044
P01,NGEED,1,TURUN,P3,parietal,kiri,8.054,8.938,1.264,0.885,ok,video,0.545,False,False,False,,,,
P01,NGEED,1,TURUN,O1,oksipital,kiri,8.054,8.938,1.264,0.885,ok,video,0.0,True,False,False,7.160020760059009,2.4455028839574737,10.66498654446564,9.306988720303288
P01,NGEED,1,TURUN,F7,frontotemporal,kiri,8.054,8.938,1.264,0.885,ok,video,0.0,True,False,False,14.688047311226157,16.180068007467867,21.092471838127715,15.294718964833827
P01,NGEED,1,TURUN,T3,temporal,kiri,8.054,8.938,1.264,0.885,ok,video,0.205,True,True,False,9.713635265454268,6.368402326106562,9.436300707823015,9.122925480159008
P01,NGEED,1,TURUN,T5,temporo-posterior,kiri,8.054,8.938,1.264,0.885,ok,video,0.0,True,False,False,10.56020976484266,10.655655880716715,9.000506030941537,12.28625172587741
P01,NGEED,1,TURUN,Fp2,frontopolar,kanan,8.054,8.938,1.264,0.885,ok,video,0.0,True,False,False,-1.2670498191683777,-4.906020697546193,1.9070091461506102,0.14468031808463522
P01,NGEED,1,TURUN,F4,frontal,kanan,8.054,8.938,1.264,0.885,ok,video,1.0,False,False,False,,,,
P01,NGEED,1,TURUN,C4,sentral,kanan,8.054,8.938,1.264,0.885,ok,video,1.0,False,False,False,,,,
P01,NGEED,1,TURUN,P4,parietal,kanan,8.054,8.938,1.264,0.885,ok,video,1.0,False,False,False,,,,
P01,NGEED,1,TURUN,O2,oksipital,kanan,8.054,8.938,1.264,0.885,ok,video,0.0,True,False,False,-9.49424434298998,-8.5770824012321,0.9196694458387604,-5.8958359547175725
P01,NGEED,1,TURUN,F8,frontotemporal,kanan,8.054,8.938,1.264,0.885,ok,video,0.0,True,False,False,-6.279472171838698,-2.3027678589311797,-0.8733095509921434,0.8107556052244398
P01,NGEED,1,TURUN,T4,temporal,kanan,8.054,8.938,1.264,0.885,ok,video,0.0,True,False,False,6.147052110769035,3.016620913455718,-1.9451910014143081,4.436818508199096
P01,NGEED,1,TURUN,T6,temporo-posterior,kanan,8.054,8.938,1.264,0.885,ok,video,0.0,True,False,False,2.2128512784949876,3.1330035324876206,4.863501915996622,5.5335795862795685
P01,NGEED,1,TAHAN,Fp1,frontopolar,kiri,9.378,11.086,2.208,1.708,ok,video,0.222,True,True,False,6.296329140851643,0.7014029636476451,-1.1936692114811347,4.535487994963253
P01,NGEED,1,TAHAN,F3,frontal,kiri,9.378,11.086,2.208,1.708,ok,video,0.0,True,False,False,5.536178718623351,-0.3916713157718128,1.735332541125807,3.6240813697234984
P01,NGEED,1,TAHAN,C3,sentral,kiri,9.378,11.086,2.208,1.708,ok,video,0.0,True,False,False,3.3065687757848643,3.5372982617792843,-1.0359513374542004,2.7627533089054666
P01,NGEED,1,TAHAN,P3,parietal,kiri,9.378,11.086,2.208,1.708,ok,video,0.339,True,True,False,-2.1598440124821288,-7.278285339333825,-1.997275671131895,-3.2193578946760724
P01,NGEED,1,TAHAN,O1,oksipital,kiri,9.378,11.086,2.208,1.708,ok,video,0.0,True,False,False,-1.5032967854062669,-5.060108092144876,-0.8780365967988697,-0.7856808801853568
P01,NGEED,1,TAHAN,F7,frontotemporal,kiri,9.378,11.086,2.208,1.708,ok,video,0.0,True,False,False,8.859931846510428,7.748665294144267,7.027015510651278,9.234434763041918
P01,NGEED,1,TAHAN,T3,temporal,kiri,9.378,11.086,2.208,1.708,ok,video,0.0,True,False,False,-0.20595738526568752,-1.0961016522623694,-0.41194449415296575,1.372325433622681
P01,NGEED,1,TAHAN,T5,temporo-posterior,kiri,9.378,11.086,2.208,1.708,ok,video,0.0,True,False,False,8.390654733949006,3.9863453609560864,5.559826688694216,7.286758024805888
P01,NGEED,1,TAHAN,Fp2,frontopolar,kanan,9.378,11.086,2.208,1.708,ok,video,0.0,True,False,False,-2.536803610999211,-3.215821388989532,2.820398297731117,-0.26858699430821176
P01,NGEED,1,TAHAN,F4,frontal,kanan,9.378,11.086,2.208,1.708,ok,video,1.0,False,False,False,,,,
P01,NGEED,1,TAHAN,C4,sentral,kanan,9.378,11.086,2.208,1.708,ok,video,0.573,False,False,False,,,,
P01,NGEED,1,TAHAN,P4,parietal,kanan,9.378,11.086,2.208,1.708,ok,video,1.0,False,False,False,,,,
P01,NGEED,1,TAHAN,O2,oksipital,kanan,9.378,11.086,2.208,1.708,ok,video,0.0,True,False,False,-1.7612684293926826,-4.3844878929003315,1.004029169046241,0.499058795431786
P01,NGEED,1,TAHAN,F8,frontotemporal,kanan,9.378,11.086,2.208,1.708,ok,video,0.0,True,False,False,2.60277409034731,-3.2769124489705987,4.430070752431654,0.981351677055077
P01,NGEED,1,TAHAN,T4,temporal,kanan,9.378,11.086,2.208,1.708,ok,video,0.0,True,False,False,3.9955267593150054,1.5235493972894396,2.0482888938254327,3.57884884611126
P01,NGEED,1,TAHAN,T6,temporo-posterior,kanan,9.378,11.086,2.208,1.708,ok,video,0.0,True,False,False,2.801657834780805,2.7483347600453065,1.3414372689831957,2.7523309021208213
P01,NGEED,1,NAIK,Fp1,frontopolar,kiri,11.476,12.127,0.93,0.651,ok,video,0.0,True,False,False,7.703327655107,3.2740508820539063,2.255066943983511,5.717736186595646
P01,NGEED,1,NAIK,F3,frontal,kiri,11.476,12.127,0.93,0.651,ok,video,0.0,True,False,False,0.7074567239475691,6.547106406340308,5.321544050897796,3.104993863917759
P01,NGEED,1,NAIK,C3,sentral,kiri,11.476,12.127,0.93,0.651,ok,video,0.0,True,False,False,-4.288691253889581,6.402502955815269,2.2848204949207727,3.856326089061895
P01,NGEED,1,NAIK,P3,parietal,kiri,11.476,12.127,0.93,0.651,ok,video,0.0,True,False,False,-1.325097623211004,-2.028766322265824,4.4191493960810675,0.32419249687076857
P01,NGEED,1,NAIK,O1,oksipital,kiri,11.476,12.127,0.93,0.651,ok,video,0.0,True,False,False,3.7683217559406152,0.05476093754003486,0.3573664606954594,2.5163250098202496
P01,NGEED,1,NAIK,F7,frontotemporal,kiri,11.476,12.127,0.93,0.651,ok,video,0.0,True,False,False,1.9954941877779042,8.820450427288371,6.068389755675806,4.2556986737083164
P01,NGEED,1,NAIK,T3,temporal,kiri,11.476,12.127,0.93,0.651,ok,video,0.0,True,False,False,10.458902982850336,8.086460490804154,5.025230868186643,9.442947341423611
P01,NGEED,1,NAIK,T5,temporo-posterior,kiri,11.476,12.127,0.93,0.651,ok,video,0.0,True,False,False,9.084783382585513,6.8667170601758585,13.399689726894511,9.44095296472143
P01,NGEED,1,NAIK,Fp2,frontopolar,kanan,11.476,12.127,0.93,0.651,ok,video,0.0,True,False,False,0.5752087517077094,0.5250804591994047,3.322574773016669,1.3220042174842135
P01,NGEED,1,NAIK,F4,frontal,kanan,11.476,12.127,0.93,0.651,ok,video,0.0,True,False,False,-7.745014205116313,2.8230389586005025,-1.6840973966680348,-2.0830058981250694
P01,NGEED,1,NAIK,C4,sentral,kanan,11.476,12.127,0.93,0.651,ok,video,0.0,True,False,False,1.9054930645435526,0.29259763117291726,0.3332795774596704,0.8677651833795608
P01,NGEED,1,NAIK,P4,parietal,kanan,11.476,12.127,0.93,0.651,ok,video,0.0,True,False,False,0.2577126407550949,1.8862795203652922,2.576322081929092,1.6850625016738903
P01,NGEED,1,NAIK,O2,oksipital,kanan,11.476,12.127,0.93,0.651,ok,video,0.0,True,False,False,0.7813571923429592,-2.6253254027661512,3.056316653514358,1.0847010773283294
P01,NGEED,1,NAIK,F8,frontotemporal,kanan,11.476,12.127,0.93,0.651,ok,video,0.0,True,False,False,2.6085332720332275,3.795159069456137,4.529124841338213,5.378384249328679
P01,NGEED,1,NAIK,T4,temporal,kanan,11.476,12.127,0.93,0.651,ok,video,0.0,True,False,False,5.447363847194712,5.773726345474401,7.026213663806679,4.539235026385544
P01,NGEED,1,NAIK,T6,temporo-posterior,kanan,11.476,12.127,0.93,0.651,ok,video,0.0,True,False,False,2.7455244901216,2.5565953332339646,7.509424815226659,4.072304504942931
P01,NGEED,1,POST,Fp1,frontopolar,kiri,12.766,14.266,1.5,1.5,ok,video,0.0,True,False,False,10.251602397477868,11.388815620532576,10.592641564783758,11.889312589924936
P01,NGEED,1,POST,F3,frontal,kiri,12.766,14.266,1.5,1.5,ok,video,0.0,True,False,False,11.921619295781749,14.512492594200776,13.807315823056697,13.480214588805229
P01,NGEED,1,POST,C3,sentral,kiri,12.766,14.266,1.5,1.5,ok,video,0.0,True,False,False,11.095128794656674,10.94851286194017,8.249064699098195,10.603947757551506
P01,NGEED,1,POST,P3,parietal,kiri,12.766,14.266,1.5,1.5,ok,video,0.0,True,False,False,9.728810786360693,10.163554704267455,8.272621814074018,9.991941385011565
P01,NGEED,1,POST,O1,oksipital,kiri,12.766,14.266,1.5,1.5,ok,video,0.0,True,False,False,15.001486069303336,13.93563567775492,12.937007370096866,14.253646350046353
P01,NGEED,1,POST,F7,frontotemporal,kiri,12.766,14.266,1.5,1.5,ok,video,0.0,True,False,False,7.362944867549828,11.67614154647002,8.569504131479636,8.720805374172414
P01,NGEED,1,POST,T3,temporal,kiri,12.766,14.266,1.5,1.5,ok,video,0.0,True,False,False,16.578144359874056,15.098156617438711,10.270975215440608,14.654949450971586
P01,NGEED,1,POST,T5,temporo-posterior,kiri,12.766,14.266,1.5,1.5,ok,video,0.0,True,False,False,15.951457167705222,15.829812676811727,12.345339045946861,15.853542852589552
P01,NGEED,1,POST,Fp2,frontopolar,kanan,12.766,14.266,1.5,1.5,ok,video,0.0,True,False,False,10.659859696337524,6.698141520684821,4.874242899121633,8.353763580210856
P01,NGEED,1,POST,F4,frontal,kanan,12.766,14.266,1.5,1.5,ok,video,0.0,True,False,False,3.5733888734927604,5.605832994667583,2.9670734911359062,6.209915078327725
P01,NGEED,1,POST,C4,sentral,kanan,12.766,14.266,1.5,1.5,ok,video,0.0,True,False,False,5.97336707167694,5.470784265919935,2.6103160839491224,7.096141483966029
P01,NGEED,1,POST,P4,parietal,kanan,12.766,14.266,1.5,1.5,ok,video,0.0,True,False,False,10.358390920845821,12.18744064209951,7.351277870972488,10.9976589536411
P01,NGEED,1,POST,O2,oksipital,kanan,12.766,14.266,1.5,1.5,ok,video,0.0,True,False,False,14.34013635006231,14.407361415004914,12.23401536839107,14.049870628639837
P01,NGEED,1,POST,F8,frontotemporal,kanan,12.766,14.266,1.5,1.5,ok,video,0.0,True,False,False,9.552844773290786,5.975118356194322,6.7542316550133314,8.548169059239651
P01,NGEED,1,POST,T4,temporal,kanan,12.766,14.266,1.5,1.5,ok,video,0.0,True,False,False,9.374731674163836,6.500718087082227,4.096884957223679,8.693964323119573
P01,NGEED,1,POST,T6,temporo-posterior,kanan,12.766,14.266,1.5,1.5,ok,video,0.0,True,False,False,9.829136958904208,13.30308561884475,9.198744242327756,12.311324698170122
P01,NGEED,2,PRA,Fp1,frontopolar,kiri,20.07,22.07,2.0,2.0,ok,video,0.0,True,False,False,7.087515921510992,9.697843449039638,9.243839294875002,9.402222216002217
P01,NGEED,2,PRA,F3,frontal,kiri,20.07,22.07,2.0,2.0,ok,video,0.0,True,False,False,5.097126725446611,9.004163076894056,6.493878089066207,5.588327653960452
P01,NGEED,2,PRA,C3,sentral,kiri,20.07,22.07,2.0,2.0,ok,video,0.6,False,False,False,,,,
P01,NGEED,2,PRA,P3,parietal,kiri,20.07,22.07,2.0,2.0,ok,video,0.0,True,False,False,9.942800413497057,10.406078702929783,8.028291392519105,8.632035477997313
P01,NGEED,2,PRA,O1,oksipital,kiri,20.07,22.07,2.0,2.0,ok,video,0.0,True,False,False,-1.1026863053346254,4.817602216266192,4.1871033558066575,2.2483541758397294
P01,NGEED,2,PRA,F7,frontotemporal,kiri,20.07,22.07,2.0,2.0,ok,video,0.0,True,False,False,4.957787162275892,4.428944061776839,7.250200743801507,3.6622365169859847
P01,NGEED,2,PRA,T3,temporal,kiri,20.07,22.07,2.0,2.0,ok,video,0.0,True,False,False,16.16360685314424,12.391433377909536,7.714899796149833,13.323710752123041
P01,NGEED,2,PRA,T5,temporo-posterior,kiri,20.07,22.07,2.0,2.0,ok,video,0.0,True,False,False,6.268321424129525,2.8886533578080105,4.025082273806419,8.011748090667627
P01,NGEED,2,PRA,Fp2,frontopolar,kanan,20.07,22.07,2.0,2.0,ok,video,0.0,True,False,False,4.668773091482397,0.5048759454755256,0.7071071222279741,2.417628025012146
P01,NGEED,2,PRA,F4,frontal,kanan,20.07,22.07,2.0,2.0,ok,video,0.0,True,False,False,4.563867837778879,4.529659559838851,3.645206088811861,3.9773058274754582
P01,NGEED,2,PRA,C4,sentral,kanan,20.07,22.07,2.0,2.0,ok,video,0.0,True,False,False,2.4753329307678875,1.8726389816588096,2.2577456213673734,2.7996109444766546
P01,NGEED,2,PRA,P4,parietal,kanan,20.07,22.07,2.0,2.0,ok,video,0.0,True,False,False,4.129713574314625,2.4441938626602635,2.510486918243533,4.4118203535282525
P01,NGEED,2,PRA,O2,oksipital,kanan,20.07,22.07,2.0,2.0,ok,video,0.0,True,False,False,2.671582581121797,2.6936761106341045,6.091795367391214,4.1443604371309775
P01,NGEED,2,PRA,F8,frontotemporal,kanan,20.07,22.07,2.0,2.0,ok,video,0.0,True,False,False,11.067933633404493,7.8410617859739205,6.652340787414456,8.617307991311304
P01,NGEED,2,PRA,T4,temporal,kanan,20.07,22.07,2.0,2.0,ok,video,0.0,True,False,False,2.703469234066805,0.33098837643462886,0.3629036095455156,3.459739723675799
P01,NGEED,2,PRA,T6,temporo-posterior,kanan,20.07,22.07,2.0,2.0,ok,video,0.0,True,False,False,4.4401342282732585,8.478834501638392,5.491484055929011,6.3774546806239485
P01,NGEED,2,TURUN,Fp1,frontopolar,kiri,23.24,23.706,0.666,0.466,ok,video,0.0,True,False,False,1.9263481482840525,2.371734930400919,7.595065696860257,4.4299769194779
P01,NGEED,2,TURUN,F3,frontal,kiri,23.24,23.706,0.666,0.466,ok,video,0.0,True,False,False,1.0374637579417438,5.419700332272416,2.4390626866110914,2.903394023507591
P01,NGEED,2,TURUN,C3,sentral,kiri,23.24,23.706,0.666,0.466,ok,video,0.255,False,False,False,,,,
P01,NGEED,2,TURUN,P3,parietal,kiri,23.24,23.706,0.666,0.466,ok,video,0.0,True,False,False,0.7303302274793992,-4.924996957446361,-0.5374398626719685,-0.15961606278649398
P01,NGEED,2,TURUN,O1,oksipital,kiri,23.24,23.706,0.666,0.466,ok,video,0.0,True,False,False,2.2464502799345034,-2.025029859453859,4.655926777884444,3.5552050380606417
P01,NGEED,2,TURUN,F7,frontotemporal,kiri,23.24,23.706,0.666,0.466,ok,video,0.0,True,False,False,5.499520459212626,12.88977510906188,17.19809358088765,8.832513666502194
P01,NGEED,2,TURUN,T3,temporal,kiri,23.24,23.706,0.666,0.466,ok,video,0.0,True,False,False,9.687181220035601,5.514728383108377,11.015465992119807,9.308719269267336
P01,NGEED,2,TURUN,T5,temporo-posterior,kiri,23.24,23.706,0.666,0.466,ok,video,0.0,True,False,False,8.847671768075365,11.100836782339478,13.849940597750411,10.126778266327637
P01,NGEED,2,TURUN,Fp2,frontopolar,kanan,23.24,23.706,0.666,0.466,ok,video,0.0,True,False,False,2.021731718112317,4.28378409822426,3.8425653699324016,3.3748572655227242
P01,NGEED,2,TURUN,F4,frontal,kanan,23.24,23.706,0.666,0.466,ok,video,0.0,True,False,False,-3.6495313284505464,-0.7000451059833175,1.4389029749473714,-2.69401078054333
P01,NGEED,2,TURUN,C4,sentral,kanan,23.24,23.706,0.666,0.466,ok,video,0.0,True,False,False,-6.509599373039865,-8.60168762187909,-6.1088891562243575,-7.055390492957878
P01,NGEED,2,TURUN,P4,parietal,kanan,23.24,23.706,0.666,0.466,ok,video,0.0,True,False,False,2.0934752104919063,0.695029641955891,-0.8258346156923153,1.5748577320475263
P01,NGEED,2,TURUN,O2,oksipital,kanan,23.24,23.706,0.666,0.466,ok,video,0.0,True,False,False,-2.3352675329404775,-4.638509114535516,0.3496520215104475,-2.1390793915625963
P01,NGEED,2,TURUN,F8,frontotemporal,kanan,23.24,23.706,0.666,0.466,ok,video,0.0,True,False,False,1.0182154813208761,8.975763605975146,3.022544735412705,3.7261096473846074
P01,NGEED,2,TURUN,T4,temporal,kanan,23.24,23.706,0.666,0.466,ok,video,1.0,False,False,False,,,,
P01,NGEED,2,TURUN,T6,temporo-posterior,kanan,23.24,23.706,0.666,0.466,ok,video,0.0,True,False,False,0.6088770654862188,4.162506694380198,4.902733271317231,6.107887265307539
P01,NGEED,2,TAHAN,Fp1,frontopolar,kiri,24.056,27.014,3.458,2.958,ok,video,0.0,True,False,False,6.390406735014992,5.263045021676469,3.452335625544901,5.821526403030928
P01,NGEED,2,TAHAN,F3,frontal,kiri,24.056,27.014,3.458,2.958,ok,video,0.473,False,False,False,,,,
P01,NGEED,2,TAHAN,C3,sentral,kiri,24.056,27.014,3.458,2.958,ok,video,1.0,False,False,False,,,,
P01,NGEED,2,TAHAN,P3,parietal,kiri,24.056,27.014,3.458,2.958,ok,video,0.811,False,False,False,,,,
P01,NGEED,2,TAHAN,O1,oksipital,kiri,24.056,27.014,3.458,2.958,ok,video,0.608,False,False,False,,,,
P01,NGEED,2,TAHAN,F7,frontotemporal,kiri,24.056,27.014,3.458,2.958,ok,video,0.0,True,False,False,4.419786043228839,8.335744316492441,3.937809315223408,4.036756936594472
P01,NGEED,2,TAHAN,T3,temporal,kiri,24.056,27.014,3.458,2.958,ok,video,0.0,True,False,False,9.364010109891861,9.629421954545059,2.6274135025118888,8.91125072590144
P01,NGEED,2,TAHAN,T5,temporo-posterior,kiri,24.056,27.014,3.458,2.958,ok,video,0.0,True,False,False,12.253918899446482,7.202453997670176,3.9595432123154595,11.627655122048086
P01,NGEED,2,TAHAN,Fp2,frontopolar,kanan,24.056,27.014,3.458,2.958,ok,video,0.0,True,False,False,1.0679426646961794,-1.837272380263304,-0.6433074326624748,0.19625701955874675
P01,NGEED,2,TAHAN,F4,frontal,kanan,24.056,27.014,3.458,2.958,ok,video,0.0,True,False,False,-0.1691414494490644,-2.5593886943362705,0.5127992751364019,-0.11053413401144851
P01,NGEED,2,TAHAN,C4,sentral,kanan,24.056,27.014,3.458,2.958,ok,video,0.899,False,False,False,,,,
P01,NGEED,2,TAHAN,P4,parietal,kanan,24.056,27.014,3.458,2.958,ok,video,0.0,True,False,False,5.255664259890672,-1.2911918275328773,1.2974611319436704,3.5216923429638065
P01,NGEED,2,TAHAN,O2,oksipital,kanan,24.056,27.014,3.458,2.958,ok,video,0.0,True,False,False,-0.4760526837473904,-4.587955168743392,0.28439335737441596,-0.3892299213044055
P01,NGEED,2,TAHAN,F8,frontotemporal,kanan,24.056,27.014,3.458,2.958,ok,video,0.0,True,False,False,8.831219373795975,7.084914146448554,7.366110926505215,8.04971811835895
P01,NGEED,2,TAHAN,T4,temporal,kanan,24.056,27.014,3.458,2.958,ok,video,1.0,False,False,False,,,,
P01,NGEED,2,TAHAN,T6,temporo-posterior,kanan,24.056,27.014,3.458,2.958,ok,video,0.0,True,False,False,6.509149466966022,4.78462247577243,5.290384916268362,6.591613213273391
P01,NGEED,2,NAIK,Fp1,frontopolar,kiri,27.395,28.008,0.875,0.612,ok,video,0.0,True,False,False,11.812860018654014,6.10947000711338,12.64321395595222,10.781037711767846
P01,NGEED,2,NAIK,F3,frontal,kiri,27.395,28.008,0.875,0.612,ok,video,0.0,True,False,False,6.766857839749367,11.085405547702411,11.49602695440683,8.183246056209818
P01,NGEED,2,NAIK,C3,sentral,kiri,27.395,28.008,0.875,0.612,ok,video,0.41,False,False,False,,,,
P01,NGEED,2,NAIK,P3,parietal,kiri,27.395,28.008,0.875,0.612,ok,video,0.0,True,False,False,3.9820481873001334,9.82166634823923,11.842720420519445,5.749049178667352
P01,NGEED,2,NAIK,O1,oksipital,kiri,27.395,28.008,0.875,0.612,ok,video,0.0,True,False,False,17.92067178163226,13.39438262701906,17.242461410742585,17.907961514252314
P01,NGEED,2,NAIK,F7,frontotemporal,kiri,27.395,28.008,0.875,0.612,ok,video,0.0,True,False,False,9.011754149082073,13.53105231526579,10.86110907371583,8.752050377940499
P01,NGEED,2,NAIK,T3,temporal,kiri,27.395,28.008,0.875,0.612,ok,video,0.0,True,False,False,17.99693958956618,9.023049766501963,11.926364439411174,15.872242119240958
P01,NGEED,2,NAIK,T5,temporo-posterior,kiri,27.395,28.008,0.875,0.612,ok,video,0.0,True,False,False,15.647010180821034,14.917373219875635,13.431490799707145,16.195692617738406
P01,NGEED,2,NAIK,Fp2,frontopolar,kanan,27.395,28.008,0.875,0.612,ok,video,0.0,True,False,False,8.67097982144617,7.885440844246503,6.288708536410223,6.973593350600542
P01,NGEED,2,NAIK,F4,frontal,kanan,27.395,28.008,0.875,0.612,ok,video,0.0,True,False,False,6.5886135595773325,11.26537600609495,15.279996357697236,9.286919461935707
P01,NGEED,2,NAIK,C4,sentral,kanan,27.395,28.008,0.875,0.612,ok,video,0.0,True,False,False,-4.090289136812316,-2.3487455072543213,-0.7556220076263074,-0.2880068139269092
P01,NGEED,2,NAIK,P4,parietal,kanan,27.395,28.008,0.875,0.612,ok,video,0.0,True,False,False,14.069540324975598,12.598101125496463,12.648601347353665,14.867718345952568
P01,NGEED,2,NAIK,O2,oksipital,kanan,27.395,28.008,0.875,0.612,ok,video,0.0,True,False,False,18.251808642068234,15.007268669258785,19.06717961564857,20.064903550761407
P01,NGEED,2,NAIK,F8,frontotemporal,kanan,27.395,28.008,0.875,0.612,ok,video,0.0,True,False,False,13.179905352720176,9.279325630409204,7.0951309262788875,11.172901005294566
P01,NGEED,2,NAIK,T4,temporal,kanan,27.395,28.008,0.875,0.612,ok,video,0.672,False,False,False,,,,
P01,NGEED,2,NAIK,T6,temporo-posterior,kanan,27.395,28.008,0.875,0.612,ok,video,0.0,True,False,False,17.15526201143998,15.75620317277097,20.832492880961713,18.8143869883893
P01,NGEED,2,POST,Fp1,frontopolar,kiri,28.639,30.139,1.5,1.5,ok,video,0.0,True,False,False,7.714243371859123,4.085623907323576,4.097947972478737,8.485578841436597
P01,NGEED,2,POST,F3,frontal,kiri,28.639,30.139,1.5,1.5,ok,video,0.0,True,False,False,5.047468081520208,2.5632914003061558,2.9308057080232324,6.4681568289174685
P01,NGEED,2,POST,C3,sentral,kiri,28.639,30.139,1.5,1.5,ok,video,0.787,False,False,False,,,,
P01,NGEED,2,POST,P3,parietal,kiri,28.639,30.139,1.5,1.5,ok,video,0.0,True,False,False,7.35898252419447,3.982585832601437,2.5587965849399197,7.237255236367002
P01,NGEED,2,POST,O1,oksipital,kiri,28.639,30.139,1.5,1.5,ok,video,0.253,True,True,False,9.071318118791726,6.576516449030219,6.772399209614408,7.973530491476435
P01,NGEED,2,POST,F7,frontotemporal,kiri,28.639,30.139,1.5,1.5,ok,video,0.0,True,False,False,2.9747863436235455,4.751011991397608,1.706715660960338,2.8912310490752198
P01,NGEED,2,POST,T3,temporal,kiri,28.639,30.139,1.5,1.5,ok,video,0.0,True,False,False,8.8743660667777,4.920534658652183,4.444063995744269,8.962109960421792
P01,NGEED,2,POST,T5,temporo-posterior,kiri,28.639,30.139,1.5,1.5,ok,video,0.0,True,False,False,10.731124363329016,7.7406607106252245,4.639024581514089,9.85624435940316
P01,NGEED,2,POST,Fp2,frontopolar,kanan,28.639,30.139,1.5,1.5,ok,video,0.0,True,False,False,3.157576022330634,-1.0907857934973748,-1.045904133418155,2.3851218963217953
P01,NGEED,2,POST,F4,frontal,kanan,28.639,30.139,1.5,1.5,ok,video,0.0,True,False,False,3.870475315475126,0.7609682301880021,1.9334164104540292,4.814494399640861
P01,NGEED,2,POST,C4,sentral,kanan,28.639,30.139,1.5,1.5,ok,video,0.0,True,False,False,-3.7107910544359974,-2.3523529968788104,-2.334807440830639,-1.4430275112390802
P01,NGEED,2,POST,P4,parietal,kanan,28.639,30.139,1.5,1.5,ok,video,0.0,True,False,False,4.410667112510524,5.5576088173116,3.352861675060481,4.797613214989763
P01,NGEED,2,POST,O2,oksipital,kanan,28.639,30.139,1.5,1.5,ok,video,0.0,True,False,False,9.329507456423983,5.504545614012969,6.770700479784953,7.9198564938495934
P01,NGEED,2,POST,F8,frontotemporal,kanan,28.639,30.139,1.5,1.5,ok,video,0.0,True,False,False,12.306508490379308,8.187397341769767,4.446451010985669,10.329982024525503
P01,NGEED,2,POST,T4,temporal,kanan,28.639,30.139,1.5,1.5,ok,video,1.0,False,False,False,,,,
P01,NGEED,2,POST,T6,temporo-posterior,kanan,28.639,30.139,1.5,1.5,ok,video,0.0,True,False,False,13.027574167053622,8.450710659284685,8.17322566733958,10.292401592775729
P01,AGEM KANAN,1,PRA,Fp1,frontopolar,kiri,36.47,38.47,2.0,2.0,ok,video,0.0,True,False,False,15.293032003601613,10.49630345538817,7.8284405148731935,13.431276816652725
P01,AGEM KANAN,1,PRA,F3,frontal,kiri,36.47,38.47,2.0,2.0,ok,video,0.0,True,False,False,16.38063997529142,13.380383540390735,9.865350600263216,13.67502465888953
P01,AGEM KANAN,1,PRA,C3,sentral,kiri,36.47,38.47,2.0,2.0,ok,video,0.0,True,False,False,13.595510733186728,8.649430309549363,8.810275731638626,11.311129227858508
P01,AGEM KANAN,1,PRA,P3,parietal,kiri,36.47,38.47,2.0,2.0,ok,video,0.0,True,False,False,15.274956274555802,13.203464060743308,12.08120017522517,13.754302755723046
P01,AGEM KANAN,1,PRA,O1,oksipital,kiri,36.47,38.47,2.0,2.0,ok,video,0.0,True,False,False,22.27018074687511,15.401088572119473,15.324097390868767,19.438508656798312
P01,AGEM KANAN,1,PRA,F7,frontotemporal,kiri,36.47,38.47,2.0,2.0,ok,video,0.0,True,False,False,12.129316332727619,17.613376806597266,17.025985373565547,15.211220547327386
P01,AGEM KANAN,1,PRA,T3,temporal,kiri,36.47,38.47,2.0,2.0,ok,video,0.0,True,False,False,15.586955199997814,11.721225964734288,8.597425706614207,14.427427989267208
P01,AGEM KANAN,1,PRA,T5,temporo-posterior,kiri,36.47,38.47,2.0,2.0,ok,video,0.0,True,False,False,21.620010493388065,15.402534697200792,10.80634448692803,18.53176084737844
P01,AGEM KANAN,1,PRA,Fp2,frontopolar,kanan,36.47,38.47,2.0,2.0,ok,video,0.0,True,False,False,18.285784932762727,11.404175471173488,7.320640369930164,15.412367450757369
P01,AGEM KANAN,1,PRA,F4,frontal,kanan,36.47,38.47,2.0,2.0,ok,video,0.0,True,False,False,7.093636452346743,7.892639681679366,6.576182166430492,6.932910475340943
P01,AGEM KANAN,1,PRA,C4,sentral,kanan,36.47,38.47,2.0,2.0,ok,video,0.0,True,False,False,7.813500126845433,9.136817500637143,7.2193804586990105,8.654927786803796
P01,AGEM KANAN,1,PRA,P4,parietal,kanan,36.47,38.47,2.0,2.0,ok,video,0.0,True,False,False,22.345271688241354,14.270949407898577,8.450867790177828,18.528166539866177
P01,AGEM KANAN,1,PRA,O2,oksipital,kanan,36.47,38.47,2.0,2.0,ok,video,0.0,True,False,False,23.91522027202889,15.956435337184558,15.094135944549464,20.551520848321317
P01,AGEM KANAN,1,PRA,F8,frontotemporal,kanan,36.47,38.47,2.0,2.0,ok,video,0.0,True,False,False,23.312081427440376,18.575310280387214,14.418290832321372,20.42973905037425
P01,AGEM KANAN,1,PRA,T4,temporal,kanan,36.47,38.47,2.0,2.0,ok,video,0.0,True,False,False,14.031688738112177,11.605565882681617,9.78111072929332,12.797642860161652
P01,AGEM KANAN,1,PRA,T6,temporo-posterior,kanan,36.47,38.47,2.0,2.0,ok,video,0.0,True,False,False,20.643586842859193,14.973921759739302,9.079117694325692,17.5641882969196
P01,AGEM KANAN,1,TURUN,Fp1,frontopolar,kiri,39.316,40.153,1.195,0.836,ok,video,0.0,True,False,False,18.733145754026072,17.441428256274897,18.993013864907397,18.286448371726728
P01,AGEM KANAN,1,TURUN,F3,frontal,kiri,39.316,40.153,1.195,0.836,ok,video,0.0,True,False,False,15.995807418676836,16.276551621046945,16.401651845636618,15.688516918057875
P01,AGEM KANAN,1,TURUN,C3,sentral,kiri,39.316,40.153,1.195,0.836,ok,video,0.0,True,False,False,14.989400553227021,18.196443945962354,17.291707813531488,16.665895379189415
P01,AGEM KANAN,1,TURUN,P3,parietal,kiri,39.316,40.153,1.195,0.836,ok,video,0.0,True,False,False,14.932143166063018,10.30943920813893,11.861543347282407,14.644836166622163
P01,AGEM KANAN,1,TURUN,O1,oksipital,kiri,39.316,40.153,1.195,0.836,ok,video,0.0,True,False,False,12.637230381515483,17.84146924814691,23.099410531664056,18.954358160318172
P01,AGEM KANAN,1,TURUN,F7,frontotemporal,kiri,39.316,40.153,1.195,0.836,ok,video,0.0,True,False,False,10.444808524530387,18.32159705966597,20.04313931316426,14.173064074150602
P01,AGEM KANAN,1,TURUN,T3,temporal,kiri,39.316,40.153,1.195,0.836,ok,video,0.0,True,False,False,17.26038257388139,14.5694324315728,16.12383693426263,17.713016292584868
P01,AGEM KANAN,1,TURUN,T5,temporo-posterior,kiri,39.316,40.153,1.195,0.836,ok,video,0.0,True,False,False,10.092003857858607,14.661984083864716,16.61291322141895,17.76915329635811
P01,AGEM KANAN,1,TURUN,Fp2,frontopolar,kanan,39.316,40.153,1.195,0.836,ok,video,0.0,True,False,False,19.88365746083762,18.417315039396307,22.556549681503917,20.402729509405216
P01,AGEM KANAN,1,TURUN,F4,frontal,kanan,39.316,40.153,1.195,0.836,ok,video,0.0,True,False,False,16.038835785507857,19.888085685403244,20.604150396016173,17.13067732322691
P01,AGEM KANAN,1,TURUN,C4,sentral,kanan,39.316,40.153,1.195,0.836,ok,video,0.0,True,False,False,9.844352963992662,16.754010331194756,18.93813986680786,16.686874694390994
P01,AGEM KANAN,1,TURUN,P4,parietal,kanan,39.316,40.153,1.195,0.836,ok,video,0.0,True,False,False,14.028020172781396,14.389581046845414,18.21607471055864,15.36197118610741
P01,AGEM KANAN,1,TURUN,O2,oksipital,kanan,39.316,40.153,1.195,0.836,ok,video,0.0,True,False,False,12.047768702298598,21.010000121514132,24.036982077586394,18.747440354245917
P01,AGEM KANAN,1,TURUN,F8,frontotemporal,kanan,39.316,40.153,1.195,0.836,ok,video,0.0,True,False,False,15.22591297408367,10.1316553487678,16.915376769297236,19.507463435287047
P01,AGEM KANAN,1,TURUN,T4,temporal,kanan,39.316,40.153,1.195,0.836,ok,video,0.0,True,False,False,15.875846477239445,11.602323041527931,15.849099654174161,20.64854878165636
P01,AGEM KANAN,1,TURUN,T6,temporo-posterior,kanan,39.316,40.153,1.195,0.836,ok,video,0.0,True,False,False,17.54144783486842,14.100379827888734,19.943073848321216,17.05670328555463
P01,AGEM KANAN,1,TAHAN,Fp1,frontopolar,kiri,40.582,43.15,3.068,2.568,ok,video,0.0,True,False,False,4.5073318612149045,4.1766436294329985,4.726991834562668,7.475101172029818
P01,AGEM KANAN,1,TAHAN,F3,frontal,kiri,40.582,43.15,3.068,2.568,ok,video,0.0,True,False,False,3.4803565213689893,4.446001665425268,2.86874268615966,3.4847721633980555
P01,AGEM KANAN,1,TAHAN,C3,sentral,kiri,40.582,43.15,3.068,2.568,ok,video,0.0,True,False,False,3.5969527105492674,1.4736516093230563,1.9185267212762085,5.975049396960209
P01,AGEM KANAN,1,TAHAN,P3,parietal,kiri,40.582,43.15,3.068,2.568,ok,video,0.0,True,False,False,1.6200672789859816,2.3245483128830244,1.1885546373216336,4.243379349209572
P01,AGEM KANAN,1,TAHAN,O1,oksipital,kiri,40.582,43.15,3.068,2.568,ok,video,0.0,True,False,False,2.2956874541811665,-2.928861234334775,2.4132282006494403,7.939505776775398
P01,AGEM KANAN,1,TAHAN,F7,frontotemporal,kiri,40.582,43.15,3.068,2.568,ok,video,0.0,True,False,False,6.589895601877636,9.876341471701632,8.381462865957314,8.640591601432924
P01,AGEM KANAN,1,TAHAN,T3,temporal,kiri,40.582,43.15,3.068,2.568,ok,video,0.0,True,False,False,4.9165911210222895,3.5093202615996795,3.0645625608279694,7.711124209991631
P01,AGEM KANAN,1,TAHAN,T5,temporo-posterior,kiri,40.582,43.15,3.068,2.568,ok,video,0.0,True,False,False,7.162511311938765,2.0548821239214163,2.707492149949694,8.771311716147633
P01,AGEM KANAN,1,TAHAN,Fp2,frontopolar,kanan,40.582,43.15,3.068,2.568,ok,video,0.0,True,False,False,3.3328199419162168,-0.34747700333386433,1.1363402567209704,3.0123382421880756
P01,AGEM KANAN,1,TAHAN,F4,frontal,kanan,40.582,43.15,3.068,2.568,ok,video,0.0,True,False,False,-3.832364469205828,-3.3845219093559393,-0.13184281409984777,-1.1967078939683162
P01,AGEM KANAN,1,TAHAN,C4,sentral,kanan,40.582,43.15,3.068,2.568,ok,video,0.0,True,False,False,1.2906857351817997,0.2728251904167571,0.1392426287861248,6.346130956176154
P01,AGEM KANAN,1,TAHAN,P4,parietal,kanan,40.582,43.15,3.068,2.568,ok,video,0.0,True,False,False,1.3813889789925469,2.1182788231147,1.9672818472581994,3.212218113692664
P01,AGEM KANAN,1,TAHAN,O2,oksipital,kanan,40.582,43.15,3.068,2.568,ok,video,0.0,True,False,False,5.625470282284574,-0.8084191326546097,2.1355184171959465,8.25829690188717
P01,AGEM KANAN,1,TAHAN,F8,frontotemporal,kanan,40.582,43.15,3.068,2.568,ok,video,0.0,True,False,False,10.214848460936771,7.2623661872206355,5.296603069968697,10.310622533732722
P01,AGEM KANAN,1,TAHAN,T4,temporal,kanan,40.582,43.15,3.068,2.568,ok,video,0.0,True,False,False,9.925140588415086,4.928811363499822,4.609405726603406,8.647884146199736
P01,AGEM KANAN,1,TAHAN,T6,temporo-posterior,kanan,40.582,43.15,3.068,2.568,ok,video,0.0,True,False,False,2.730472762500156,2.637245687295188,3.1624782073056075,2.841843412589231
P01,AGEM KANAN,1,NAIK,Fp1,frontopolar,kiri,43.54,44.191,0.931,0.652,ok,video,0.0,True,False,False,17.157769300469607,15.57477539070075,14.399740264838655,16.727551512215626
P01,AGEM KANAN,1,NAIK,F3,frontal,kiri,43.54,44.191,0.931,0.652,ok,video,0.0,True,False,False,21.524343620641506,17.480301609285906,12.779167492636518,18.14680962440192
P01,AGEM KANAN,1,NAIK,C3,sentral,kiri,43.54,44.191,0.931,0.652,ok,video,0.0,True,False,False,5.938874410818858,6.756883905911099,6.321746342142912,7.157105236628659
P01,AGEM KANAN,1,NAIK,P3,parietal,kiri,43.54,44.191,0.931,0.652,ok,video,0.0,True,False,False,9.84943376858686,9.870751550884378,6.625700804392917,7.854679618029223
P01,AGEM KANAN,1,NAIK,O1,oksipital,kiri,43.54,44.191,0.931,0.652,ok,video,0.0,True,False,False,-0.5861603675072438,3.582805362347255,7.587023616276303,7.549424565620313
P01,AGEM KANAN,1,NAIK,F7,frontotemporal,kiri,43.54,44.191,0.931,0.652,ok,video,0.0,True,False,False,15.954383915115123,19.68076420150014,12.566100517299478,16.542131462021842
P01,AGEM KANAN,1,NAIK,T3,temporal,kiri,43.54,44.191,0.931,0.652,ok,video,0.0,True,False,False,12.218382168747635,9.306204470029748,10.462408949505456,11.511093752998384
P01,AGEM KANAN,1,NAIK,T5,temporo-posterior,kiri,43.54,44.191,0.931,0.652,ok,video,0.0,True,False,False,16.59090747157424,14.254857800671047,12.217113064098072,14.81835456427557
P01,AGEM KANAN,1,NAIK,Fp2,frontopolar,kanan,43.54,44.191,0.931,0.652,ok,video,0.0,True,False,False,10.566804382954079,4.586329430685659,10.481829602471787,12.61593577877905
P01,AGEM KANAN,1,NAIK,F4,frontal,kanan,43.54,44.191,0.931,0.652,ok,video,0.0,True,False,False,15.633362403224147,16.62026844108026,17.94593231293905,17.41372837160731
P01,AGEM KANAN,1,NAIK,C4,sentral,kanan,43.54,44.191,0.931,0.652,ok,video,0.0,True,False,False,6.193456722563191,11.0011988371296,10.620757486943415,8.977590237209096
P01,AGEM KANAN,1,NAIK,P4,parietal,kanan,43.54,44.191,0.931,0.652,ok,video,0.0,True,False,False,8.141786762642049,9.655255608161454,9.970403656164763,9.897690310285071
P01,AGEM KANAN,1,NAIK,O2,oksipital,kanan,43.54,44.191,0.931,0.652,ok,video,0.0,True,False,False,11.562835676608856,9.43646122551727,12.516865224617245,11.483128301619303
P01,AGEM KANAN,1,NAIK,F8,frontotemporal,kanan,43.54,44.191,0.931,0.652,ok,video,0.0,True,False,False,20.355422925423937,20.979149516185835,18.842844885246397,19.54066192109887
P01,AGEM KANAN,1,NAIK,T4,temporal,kanan,43.54,44.191,0.931,0.652,ok,video,0.0,True,False,False,13.682057497544651,11.77642388650203,11.096064880962285,11.636829870960355
P01,AGEM KANAN,1,NAIK,T6,temporo-posterior,kanan,43.54,44.191,0.931,0.652,ok,video,0.0,True,False,False,8.780427496242474,8.791375519040596,13.855990443433264,11.104415295904989
P01,AGEM KANAN,1,POST,Fp1,frontopolar,kiri,44.831,46.331,1.5,1.5,ok,video,0.0,True,False,False,17.120357117550643,18.052130997934825,16.244418574362854,18.383665538419464
P01,AGEM KANAN,1,POST,F3,frontal,kiri,44.831,46.331,1.5,1.5,ok,video,0.0,True,False,False,19.237129985542406,17.45225051817521,16.179993177801578,19.895593348262064
P01,AGEM KANAN,1,POST,C3,sentral,kiri,44.831,46.331,1.5,1.5,ok,video,0.0,True,False,False,17.19706306825517,15.868334652621446,15.106002522049518,19.55158176058618
P01,AGEM KANAN,1,POST,P3,parietal,kiri,44.831,46.331,1.5,1.5,ok,video,0.0,True,False,False,21.632682178578396,20.82156830419978,17.483027841173,22.663796596120598
P01,AGEM KANAN,1,POST,O1,oksipital,kiri,44.831,46.331,1.5,1.5,ok,video,0.0,True,False,False,20.493221342524212,18.813027833622446,19.34765100675991,19.41699100527945
P01,AGEM KANAN,1,POST,F7,frontotemporal,kiri,44.831,46.331,1.5,1.5,ok,video,0.0,True,False,False,17.256486497840775,22.72920858428823,19.276399680203347,19.425425648778543
P01,AGEM KANAN,1,POST,T3,temporal,kiri,44.831,46.331,1.5,1.5,ok,video,0.0,True,False,False,17.203008092190768,17.348557722564927,14.127562083454368,18.1767072528704
P01,AGEM KANAN,1,POST,T5,temporo-posterior,kiri,44.831,46.331,1.5,1.5,ok,video,0.0,True,False,False,17.12788095793173,19.538191243207372,16.527288614857895,17.325662962800553
P01,AGEM KANAN,1,POST,Fp2,frontopolar,kanan,44.831,46.331,1.5,1.5,ok,video,0.0,True,False,False,16.857783939504923,16.9963935901336,13.854573762213057,16.52253264468892
P01,AGEM KANAN,1,POST,F4,frontal,kanan,44.831,46.331,1.5,1.5,ok,video,0.0,True,False,False,13.002160822453718,18.23730068133135,15.862235510876381,16.957852015298617
P01,AGEM KANAN,1,POST,C4,sentral,kanan,44.831,46.331,1.5,1.5,ok,video,0.0,True,False,False,16.96185615788604,20.840060979390373,18.638379998305112,21.132012196926063
P01,AGEM KANAN,1,POST,P4,parietal,kanan,44.831,46.331,1.5,1.5,ok,video,0.0,True,False,False,19.608243932072625,18.85975698560344,16.93665075559073,21.074249401244074
P01,AGEM KANAN,1,POST,O2,oksipital,kanan,44.831,46.331,1.5,1.5,ok,video,0.0,True,False,False,19.614855323640455,18.762209871498662,18.528335925894623,18.942308549790305
P01,AGEM KANAN,1,POST,F8,frontotemporal,kanan,44.831,46.331,1.5,1.5,ok,video,0.0,True,False,False,26.019610874181524,24.203559360161123,21.583311105429143,24.89377668400328
P01,AGEM KANAN,1,POST,T4,temporal,kanan,44.831,46.331,1.5,1.5,ok,video,0.0,True,False,False,21.695213484059682,19.272607808070752,17.44839146348869,21.05822345448027
P01,AGEM KANAN,1,POST,T6,temporo-posterior,kanan,44.831,46.331,1.5,1.5,ok,video,0.0,True,False,False,19.202470234298644,19.467444414710048,18.692494237304448,20.952261573569398
P01,AGEM KANAN,2,PRA,Fp1,frontopolar,kiri,52.135,54.135,2.0,2.0,ok,video,0.0,True,False,False,13.978238090206585,15.968049639416456,9.56388169581524,15.071522339426037
P01,AGEM KANAN,2,PRA,F3,frontal,kiri,52.135,54.135,2.0,2.0,ok,video,0.0,True,False,False,13.62670703365539,17.30144758828901,7.048641746735612,12.511429721520354
P01,AGEM KANAN,2,PRA,C3,sentral,kiri,52.135,54.135,2.0,2.0,ok,video,0.0,True,False,False,10.206679871929069,8.014352583697761,7.4130700577890565,10.804036958774546
P01,AGEM KANAN,2,PRA,P3,parietal,kiri,52.135,54.135,2.0,2.0,ok,video,0.0,True,False,False,14.96200226874041,14.495856002947477,17.98625999535497,15.77673446432194
P01,AGEM KANAN,2,PRA,O1,oksipital,kiri,52.135,54.135,2.0,2.0,ok,video,0.0,True,False,False,12.95452551912862,6.189727650012745,9.793554058752695,12.270934824897267
P01,AGEM KANAN,2,PRA,F7,frontotemporal,kiri,52.135,54.135,2.0,2.0,ok,video,0.0,True,False,False,11.244385764013991,12.761299825898519,12.962326739281792,11.979030953772586
P01,AGEM KANAN,2,PRA,T3,temporal,kiri,52.135,54.135,2.0,2.0,ok,video,0.0,True,False,False,6.872060422577608,5.9055579303904935,4.155240407550583,10.984879247432161
P01,AGEM KANAN,2,PRA,T5,temporo-posterior,kiri,52.135,54.135,2.0,2.0,ok,video,0.0,True,False,False,13.589385556929578,16.620880231353723,9.376508212962339,15.92597034559505
P01,AGEM KANAN,2,PRA,Fp2,frontopolar,kanan,52.135,54.135,2.0,2.0,ok,video,0.0,True,False,False,8.979367100778585,4.550933408529847,3.1311937951621616,6.730075744982134
P01,AGEM KANAN,2,PRA,F4,frontal,kanan,52.135,54.135,2.0,2.0,ok,video,0.0,True,False,False,7.5203138714240225,4.005377072004535,3.663187957436506,7.770498480364996
P01,AGEM KANAN,2,PRA,C4,sentral,kanan,52.135,54.135,2.0,2.0,ok,video,0.0,True,False,False,13.423676740301588,5.9408386615187965,4.575454133315922,11.84399069212877
P01,AGEM KANAN,2,PRA,P4,parietal,kanan,52.135,54.135,2.0,2.0,ok,video,0.0,True,False,False,11.628076932654345,5.122188962912233,4.028769434904692,13.254990599562845
P01,AGEM KANAN,2,PRA,O2,oksipital,kanan,52.135,54.135,2.0,2.0,ok,video,0.0,True,False,False,12.214975832908287,7.149613205479774,4.449826177233074,14.558946887845224
P01,AGEM KANAN,2,PRA,F8,frontotemporal,kanan,52.135,54.135,2.0,2.0,ok,video,0.0,True,False,False,21.20624812101191,14.995982000187809,13.638639035528328,20.46939477740243
P01,AGEM KANAN,2,PRA,T4,temporal,kanan,52.135,54.135,2.0,2.0,ok,video,0.0,True,False,False,17.01746870233529,13.996227352135499,10.404411045179959,14.690227020262824
P01,AGEM KANAN,2,PRA,T6,temporo-posterior,kanan,52.135,54.135,2.0,2.0,ok,video,0.0,True,False,False,12.398533280051247,6.973297921384219,7.5117672124623205,13.466090271610934
P01,AGEM KANAN,2,TURUN,Fp1,frontopolar,kiri,55.206,56.188,1.402,0.981,ok,video,0.0,True,False,False,9.53439470381845,19.56454949233585,21.21367719625199,17.13827160748889
P01,AGEM KANAN,2,TURUN,F3,frontal,kiri,55.206,56.188,1.402,0.981,ok,video,0.0,True,False,False,10.377310831580647,22.182313139277728,21.999347488331104,19.311788329032726
P01,AGEM KANAN,2,TURUN,C3,sentral,kiri,55.206,56.188,1.402,0.981,ok,video,0.0,True,False,False,8.55080839468419,5.893996955965914,10.258480058024738,9.916610480190268
P01,AGEM KANAN,2,TURUN,P3,parietal,kiri,55.206,56.188,1.402,0.981,ok,video,0.0,True,False,False,7.568197758219167,0.9817679657548872,8.307939631038298,5.464372527077295
P01,AGEM KANAN,2,TURUN,O1,oksipital,kiri,55.206,56.188,1.402,0.981,ok,video,0.0,True,False,False,8.621473507759188,9.805151294770884,15.433096737939776,12.867121941024521
P01,AGEM KANAN,2,TURUN,F7,frontotemporal,kiri,55.206,56.188,1.402,0.981,ok,video,0.0,True,False,False,11.917047147085562,15.528242716797031,17.605874580013953,14.714442426178131
P01,AGEM KANAN,2,TURUN,T3,temporal,kiri,55.206,56.188,1.402,0.981,ok,video,0.0,True,False,False,11.173003867836169,9.207132299520865,10.07915797137002,11.34408024105744
P01,AGEM KANAN,2,TURUN,T5,temporo-posterior,kiri,55.206,56.188,1.402,0.981,ok,video,0.0,True,False,False,13.140395933087525,6.449104575353459,14.973499873458081,14.315944978970261
P01,AGEM KANAN,2,TURUN,Fp2,frontopolar,kanan,55.206,56.188,1.402,0.981,ok,video,0.0,True,False,False,12.658781175922837,12.393405262339911,12.659253581481842,13.040588650376112
P01,AGEM KANAN,2,TURUN,F4,frontal,kanan,55.206,56.188,1.402,0.981,ok,video,0.0,True,False,False,11.33991500056564,17.505250246843506,15.554371529408272,13.260641822360437
P01,AGEM KANAN,2,TURUN,C4,sentral,kanan,55.206,56.188,1.402,0.981,ok,video,0.0,True,False,False,13.392502766730601,14.301533238214553,8.512160395118293,13.51238785460238
P01,AGEM KANAN,2,TURUN,P4,parietal,kanan,55.206,56.188,1.402,0.981,ok,video,0.0,True,False,False,12.921376872141131,12.195222922318273,8.187829382141619,12.193033824364186
P01,AGEM KANAN,2,TURUN,O2,oksipital,kanan,55.206,56.188,1.402,0.981,ok,video,0.0,True,False,False,12.265509167226845,13.468361148721108,16.689480399170563,14.350687814237453
P01,AGEM KANAN,2,TURUN,F8,frontotemporal,kanan,55.206,56.188,1.402,0.981,ok,video,0.0,True,False,False,18.076654474095562,12.69060276311346,15.271934606876247,19.381702799213524
P01,AGEM KANAN,2,TURUN,T4,temporal,kanan,55.206,56.188,1.402,0.981,ok,video,0.0,True,False,False,15.04095911217043,14.56130116542861,9.520466451309645,13.198861556220272
P01,AGEM KANAN,2,TURUN,T6,temporo-posterior,kanan,55.206,56.188,1.402,0.981,ok,video,0.0,True,False,False,14.925519237949239,15.440954157575913,12.862038292188235,14.91695077200185
P01,AGEM KANAN,2,TAHAN,Fp1,frontopolar,kiri,56.648,59.023,2.875,2.375,ok,video,0.0,True,False,False,8.348941558900268,7.2000173710168625,8.5221458491298,8.496478364887937
P01,AGEM KANAN,2,TAHAN,F3,frontal,kiri,56.648,59.023,2.875,2.375,ok,video,0.0,True,False,False,4.40161407967976,6.11775585013109,7.468577696076167,4.494908325752274
P01,AGEM KANAN,2,TAHAN,C3,sentral,kiri,56.648,59.023,2.875,2.375,ok,video,0.0,True,False,False,3.061431105466223,4.511898326744884,5.762069396477422,4.861354761095711
P01,AGEM KANAN,2,TAHAN,P3,parietal,kiri,56.648,59.023,2.875,2.375,ok,video,0.0,True,False,False,-2.927788711379062,3.307971661936868,8.30995319162367,2.2812603772351636
P01,AGEM KANAN,2,TAHAN,O1,oksipital,kiri,56.648,59.023,2.875,2.375,ok,video,0.0,True,False,False,4.578642478125342,1.7196654327080303,7.987606341651633,5.05772336772705
P01,AGEM KANAN,2,TAHAN,F7,frontotemporal,kiri,56.648,59.023,2.875,2.375,ok,video,0.0,True,False,False,15.813942719543846,19.75902302234504,18.405237390781643,16.088276884537585
P01,AGEM KANAN,2,TAHAN,T3,temporal,kiri,56.648,59.023,2.875,2.375,ok,video,0.0,True,False,False,5.197502042264691,6.480435663030576,8.533709146679897,6.154285089346068
P01,AGEM KANAN,2,TAHAN,T5,temporo-posterior,kiri,56.648,59.023,2.875,2.375,ok,video,0.0,True,False,False,8.716484773391748,9.383263611654165,11.19135584260474,9.791783920801588
P01,AGEM KANAN,2,TAHAN,Fp2,frontopolar,kanan,56.648,59.023,2.875,2.375,ok,video,0.0,True,False,False,1.7209851548685045,-0.6995815357880915,1.789517253597122,1.6025786576632477
P01,AGEM KANAN,2,TAHAN,F4,frontal,kanan,56.648,59.023,2.875,2.375,ok,video,0.0,True,False,False,-5.181498747040308,0.4278169178876148,5.151999150895385,-0.7586766962758276
P01,AGEM KANAN,2,TAHAN,C4,sentral,kanan,56.648,59.023,2.875,2.375,ok,video,0.0,True,False,False,-4.217015715180398,0.8587017690056911,2.942218115148666,-0.1337524943304942
P01,AGEM KANAN,2,TAHAN,P4,parietal,kanan,56.648,59.023,2.875,2.375,ok,video,0.0,True,False,False,1.1454619456396955,4.381747361872556,5.456607163001603,3.2948345995080572
P01,AGEM KANAN,2,TAHAN,O2,oksipital,kanan,56.648,59.023,2.875,2.375,ok,video,0.0,True,False,False,-2.5632899813826526,-4.433417765704199,-1.0478769355358644,-1.4935742367273015
P01,AGEM KANAN,2,TAHAN,F8,frontotemporal,kanan,56.648,59.023,2.875,2.375,ok,video,0.0,True,False,False,5.698442906605607,4.171044939082233,9.84292716529264,6.797849714192438
P01,AGEM KANAN,2,TAHAN,T4,temporal,kanan,56.648,59.023,2.875,2.375,ok,video,0.0,True,False,False,3.7917618080766538,0.904508136651426,2.3141997331252178,4.170076947803871
P01,AGEM KANAN,2,TAHAN,T6,temporo-posterior,kanan,56.648,59.023,2.875,2.375,ok,video,0.0,True,False,False,-1.5234576745397064,0.9551718087828398,5.507726391711689,2.298670249578713
P01,AGEM KANAN,2,NAIK,Fp1,frontopolar,kiri,59.423,60.123,1.0,0.7,ok,video,0.0,True,False,False,5.202422909565538,4.248824142553829,5.913337944276094,4.84000075586812
P01,AGEM KANAN,2,NAIK,F3,frontal,kiri,59.423,60.123,1.0,0.7,ok,video,0.0,True,False,False,5.741381182979033,4.730808608658009,6.115714184341037,5.223357047317922
P01,AGEM KANAN,2,NAIK,C3,sentral,kiri,59.423,60.123,1.0,0.7,ok,video,0.0,True,False,False,-5.1214585552749625,2.3602907240540247,2.069951484540969,1.672525632570693
P01,AGEM KANAN,2,NAIK,P3,parietal,kiri,59.423,60.123,1.0,0.7,ok,video,0.0,True,False,False,1.32835304038883,-0.5379462577941787,0.3564388556234803,2.958979613009433
P01,AGEM KANAN,2,NAIK,O1,oksipital,kiri,59.423,60.123,1.0,0.7,ok,video,0.0,True,False,False,-4.765689330780063,-4.352208873083033,-1.4472119246214792,-5.118895507858394
P01,AGEM KANAN,2,NAIK,F7,frontotemporal,kiri,59.423,60.123,1.0,0.7,ok,video,0.0,True,False,False,-3.415557842370152,1.3983046208570364,7.818063981861485,2.5722325557541055
P01,AGEM KANAN,2,NAIK,T3,temporal,kiri,59.423,60.123,1.0,0.7,ok,video,0.0,True,False,False,5.489095581631936,7.251020362040752,3.321984068986506,5.741666183877218
P01,AGEM KANAN,2,NAIK,T5,temporo-posterior,kiri,59.423,60.123,1.0,0.7,ok,video,0.0,True,False,False,10.611332179516488,13.213436411901839,11.436744964958049,11.098007566049471
P01,AGEM KANAN,2,NAIK,Fp2,frontopolar,kanan,59.423,60.123,1.0,0.7,ok,video,0.0,True,False,False,-0.12170030144013211,-5.508131913872276,-0.005506508525783715,0.06966393809825178
P01,AGEM KANAN,2,NAIK,F4,frontal,kanan,59.423,60.123,1.0,0.7,ok,video,0.0,True,False,False,-11.160492339559873,-4.5923378370939965,-0.9245277058987185,-7.014365256661311
P01,AGEM KANAN,2,NAIK,C4,sentral,kanan,59.423,60.123,1.0,0.7,ok,video,0.0,True,False,False,-5.400965166856462,-4.9024797488560985,-3.0097614439683458,-1.899723781000219
P01,AGEM KANAN,2,NAIK,P4,parietal,kanan,59.423,60.123,1.0,0.7,ok,video,0.0,True,False,False,-0.564998465627724,-2.8333003017691674,0.591296875961774,2.4712566061519325
P01,AGEM KANAN,2,NAIK,O2,oksipital,kanan,59.423,60.123,1.0,0.7,ok,video,0.0,True,False,False,-0.43648168420053324,-3.1158328434698745,-1.9979629093216644,-2.4187975646660433
P01,AGEM KANAN,2,NAIK,F8,frontotemporal,kanan,59.423,60.123,1.0,0.7,ok,video,0.0,True,False,False,4.4397930120434275,4.58517541860931,4.343784830656414,4.8567036315832866
P01,AGEM KANAN,2,NAIK,T4,temporal,kanan,59.423,60.123,1.0,0.7,ok,video,0.0,True,False,False,6.004585279932176,0.29097566710166234,0.5868155952707923,8.32334922908629
P01,AGEM KANAN,2,NAIK,T6,temporo-posterior,kanan,59.423,60.123,1.0,0.7,ok,video,0.0,True,False,False,-0.15713827326480612,-1.5020613039320132,0.8054656692581119,2.086392988588102
P01,AGEM KANAN,2,POST,Fp1,frontopolar,kiri,60.773,62.273,1.5,1.5,ok,video,0.0,True,False,False,16.345256511537844,18.705568190045092,18.770058123885743,17.44620125702116
P01,AGEM KANAN,2,POST,F3,frontal,kiri,60.773,62.273,1.5,1.5,ok,video,0.0,True,False,False,20.372173738008325,17.92693610750546,17.279360169657092,20.211276807676295
P01,AGEM KANAN,2,POST,C3,sentral,kiri,60.773,62.273,1.5,1.5,ok,video,0.0,True,False,False,20.18505512024184,20.45405851350571,22.555575025319747,21.796011281732902
P01,AGEM KANAN,2,POST,P3,parietal,kiri,60.773,62.273,1.5,1.5,ok,video,0.0,True,False,False,21.665323637212726,19.760169571847754,22.7001539805853,21.716197125284047
P01,AGEM KANAN,2,POST,O1,oksipital,kiri,60.773,62.273,1.5,1.5,ok,video,0.0,True,False,False,20.75592219623564,17.65665353188459,19.769667120308505,20.387303155701368
P01,AGEM KANAN,2,POST,F7,frontotemporal,kiri,60.773,62.273,1.5,1.5,ok,video,0.0,True,False,False,19.612143608169617,23.306530639322638,19.273568714736975,19.51794320024694
P01,AGEM KANAN,2,POST,T3,temporal,kiri,60.773,62.273,1.5,1.5,ok,video,0.0,True,False,False,19.64553704115586,19.763436247824856,16.368533869057845,20.293369861624306
P01,AGEM KANAN,2,POST,T5,temporo-posterior,kiri,60.773,62.273,1.5,1.5,ok,video,0.0,True,False,False,20.782319696424373,17.708184848013687,17.644093540453312,20.46730117282893
P01,AGEM KANAN,2,POST,Fp2,frontopolar,kanan,60.773,62.273,1.5,1.5,ok,video,0.0,True,False,False,16.84735507581927,14.921567645493326,14.432140278366056,16.663632351062343
P01,AGEM KANAN,2,POST,F4,frontal,kanan,60.773,62.273,1.5,1.5,ok,video,0.0,True,False,False,16.8654394929102,18.110810940117506,17.216007150837456,17.432392853616367
P01,AGEM KANAN,2,POST,C4,sentral,kanan,60.773,62.273,1.5,1.5,ok,video,0.0,True,False,False,22.479185226368813,20.529044751388184,18.537192073070003,21.40440111330711
P01,AGEM KANAN,2,POST,P4,parietal,kanan,60.773,62.273,1.5,1.5,ok,video,0.0,True,False,False,23.442181515342725,21.297535407448343,17.779050454665697,22.422582364038874
P01,AGEM KANAN,2,POST,O2,oksipital,kanan,60.773,62.273,1.5,1.5,ok,video,0.0,True,False,False,21.88546127888752,16.92128502441782,18.611469589334725,20.94911812973431
P01,AGEM KANAN,2,POST,F8,frontotemporal,kanan,60.773,62.273,1.5,1.5,ok,video,0.0,True,False,False,21.958216482124385,18.71804733153253,19.934005923891473,21.85761738386348
P01,AGEM KANAN,2,POST,T4,temporal,kanan,60.773,62.273,1.5,1.5,ok,video,0.0,True,False,False,25.53411369941512,21.063035587198023,18.883209105113885,24.560294928382532
P01,AGEM KANAN,2,POST,T6,temporo-posterior,kanan,60.773,62.273,1.5,1.5,ok,video,0.0,True,False,False,22.343681733688378,20.42668121526096,19.729896115288906,22.209103930057875
P01,AGEM KIRI,1,PRA,Fp1,frontopolar,kiri,68.195,70.195,2.0,2.0,short_hold,video,0.0,True,False,False,8.668443323193141,7.702423169002834,6.918470490066063,7.128028811826011
P01,AGEM KIRI,1,PRA,F3,frontal,kiri,68.195,70.195,2.0,2.0,short_hold,video,0.0,True,False,False,9.534376199973853,7.097214218327672,3.888198690399445,8.107466022211085
P01,AGEM KIRI,1,PRA,C3,sentral,kiri,68.195,70.195,2.0,2.0,short_hold,video,0.0,True,False,False,12.359470704415195,5.785400170154837,4.937998759009936,11.014045195972152
P01,AGEM KIRI,1,PRA,P3,parietal,kiri,68.195,70.195,2.0,2.0,short_hold,video,0.0,True,False,False,10.267423560024294,9.114135637919532,6.067871725060073,8.310088981574644
P01,AGEM KIRI,1,PRA,O1,oksipital,kiri,68.195,70.195,2.0,2.0,short_hold,video,0.0,True,False,False,12.075506078148596,7.184131950451164,6.07883183946962,12.104186802821957
P01,AGEM KIRI,1,PRA,F7,frontotemporal,kiri,68.195,70.195,2.0,2.0,short_hold,video,0.0,True,False,False,13.731532072147253,12.450061338884659,11.429179189018303,12.41553535265885
P01,AGEM KIRI,1,PRA,T3,temporal,kiri,68.195,70.195,2.0,2.0,short_hold,video,0.0,True,False,False,9.061803379033446,10.307712536680775,5.498496987861735,8.081088073131117
P01,AGEM KIRI,1,PRA,T5,temporo-posterior,kiri,68.195,70.195,2.0,2.0,short_hold,video,0.0,True,False,False,11.329997770796048,11.091834068387797,5.523804524530995,12.375507405379441
P01,AGEM KIRI,1,PRA,Fp2,frontopolar,kanan,68.195,70.195,2.0,2.0,short_hold,video,0.0,True,False,False,10.576637081114288,1.7569111021269492,1.6430154006800741,10.472025287303868
P01,AGEM KIRI,1,PRA,F4,frontal,kanan,68.195,70.195,2.0,2.0,short_hold,video,0.0,True,False,False,9.942742667667389,6.475818739948931,5.2481558154486585,7.925193993569383
P01,AGEM KIRI,1,PRA,C4,sentral,kanan,68.195,70.195,2.0,2.0,short_hold,video,0.0,True,False,False,9.424841889462911,5.686027639570863,2.827670284076582,8.245393310033183
P01,AGEM KIRI,1,PRA,P4,parietal,kanan,68.195,70.195,2.0,2.0,short_hold,video,0.0,True,False,False,11.959780956869487,6.350534836275152,2.652740918447268,10.120519676396405
P01,AGEM KIRI,1,PRA,O2,oksipital,kanan,68.195,70.195,2.0,2.0,short_hold,video,0.0,True,False,False,14.10995336278662,9.045771866486284,8.070983524009787,14.696925229383567
P01,AGEM KIRI,1,PRA,F8,frontotemporal,kanan,68.195,70.195,2.0,2.0,short_hold,video,0.0,True,False,False,7.235752075122811,5.492850618712673,5.948211130069879,8.374459955759558
P01,AGEM KIRI,1,PRA,T4,temporal,kanan,68.195,70.195,2.0,2.0,short_hold,video,0.0,True,False,False,7.943329159267396,-2.2617552517522768,2.8625412775906476,6.136254430051981
P01,AGEM KIRI,1,PRA,T6,temporo-posterior,kanan,68.195,70.195,2.0,2.0,short_hold,video,0.0,True,False,False,10.592318756531846,7.48550661365525,4.5758558153251485,10.088267310933649
P01,AGEM KIRI,1,TURUN,Fp1,frontopolar,kiri,70.945,71.597,0.93,0.651,short_hold,video,0.0,True,False,False,17.47283705005309,20.4595151629729,18.792076013256303,20.47326611261021
P01,AGEM KIRI,1,TURUN,F3,frontal,kiri,70.945,71.597,0.93,0.651,short_hold,video,0.0,True,False,False,12.270727383695114,14.66167983474617,13.466732027190147,12.601358934200864
P01,AGEM KIRI,1,TURUN,C3,sentral,kiri,70.945,71.597,0.93,0.651,short_hold,video,0.0,True,False,False,15.655106899501192,8.928334775278906,9.516221247529234,14.822858643761542
P01,AGEM KIRI,1,TURUN,P3,parietal,kiri,70.945,71.597,0.93,0.651,short_hold,video,0.0,True,False,False,12.569573899779972,14.42274018338344,15.703396141855848,15.68324349853767
P01,AGEM KIRI,1,TURUN,O1,oksipital,kiri,70.945,71.597,0.93,0.651,short_hold,video,0.0,True,False,False,12.264945405632677,11.870432415285702,15.776283949841924,13.682320819594487
P01,AGEM KIRI,1,TURUN,F7,frontotemporal,kiri,70.945,71.597,0.93,0.651,short_hold,video,0.0,True,False,False,20.865520531259506,28.273061950819297,27.980937427938223,24.720413475542422
P01,AGEM KIRI,1,TURUN,T3,temporal,kiri,70.945,71.597,0.93,0.651,short_hold,video,0.0,True,False,False,22.91664058338029,15.437717398520853,17.6149521777094,19.663244708948987
P01,AGEM KIRI,1,TURUN,T5,temporo-posterior,kiri,70.945,71.597,0.93,0.651,short_hold,video,0.0,True,False,False,19.94840846662408,15.59949499822843,16.23890185993958,18.026028637791175
P01,AGEM KIRI,1,TURUN,Fp2,frontopolar,kanan,70.945,71.597,0.93,0.651,short_hold,video,0.0,True,False,False,19.04456080159048,13.325749393977134,15.7289877672088,17.18315635921768
P01,AGEM KIRI,1,TURUN,F4,frontal,kanan,70.945,71.597,0.93,0.651,short_hold,video,0.0,True,False,False,20.455295728471278,18.862874005707443,17.849537154388784,20.635441951086168
P01,AGEM KIRI,1,TURUN,C4,sentral,kanan,70.945,71.597,0.93,0.651,short_hold,video,0.0,True,False,False,19.506723425282956,16.853243071062998,12.858500637421393,19.517266572380244
P01,AGEM KIRI,1,TURUN,P4,parietal,kanan,70.945,71.597,0.93,0.651,short_hold,video,0.0,True,False,False,21.953122492497165,16.804965727524653,15.058837019815183,20.868747519864897
P01,AGEM KIRI,1,TURUN,O2,oksipital,kanan,70.945,71.597,0.93,0.651,short_hold,video,0.0,True,False,False,14.581102801281602,14.832233455128502,14.360430651218696,17.00450853733423
P01,AGEM KIRI,1,TURUN,F8,frontotemporal,kanan,70.945,71.597,0.93,0.651,short_hold,video,0.0,True,False,False,21.13643414737801,19.284087256122632,20.926945065685427,22.696650081637156
P01,AGEM KIRI,1,TURUN,T4,temporal,kanan,70.945,71.597,0.93,0.651,short_hold,video,0.0,True,False,False,19.31163060279199,17.80036584935808,18.151391041182592,18.432018547057098
P01,AGEM KIRI,1,TURUN,T6,temporo-posterior,kanan,70.945,71.597,0.93,0.651,short_hold,video,0.0,True,False,False,21.199340612651483,15.347896992660576,17.52667685543835,20.136550253275328
P01,AGEM KIRI,1,TAHAN,Fp1,frontopolar,kiri,71.876,72.527,0.931,0.652,short_hold,video,0.0,True,False,False,10.160317737388244,10.835433002504047,14.166705080257131,10.784368471405996
P01,AGEM KIRI,1,TAHAN,F3,frontal,kiri,71.876,72.527,0.931,0.652,short_hold,video,0.0,True,False,False,11.591993543689124,16.69892915595243,14.258920925835,13.758809356707179
P01,AGEM KIRI,1,TAHAN,C3,sentral,kiri,71.876,72.527,0.931,0.652,short_hold,video,0.0,True,False,False,5.552236076513019,4.8817580766326,10.842504213058334,6.579015989548097
P01,AGEM KIRI,1,TAHAN,P3,parietal,kiri,71.876,72.527,0.931,0.652,short_hold,video,0.0,True,False,False,10.625289360298812,7.539491541633275,10.8970825436659,14.907197564635254
P01,AGEM KIRI,1,TAHAN,O1,oksipital,kiri,71.876,72.527,0.931,0.652,short_hold,video,0.0,True,False,False,12.354847698156906,6.629662355112405,9.375866811801208,14.288441171594222
P01,AGEM KIRI,1,TAHAN,F7,frontotemporal,kiri,71.876,72.527,0.931,0.652,short_hold,video,0.0,True,False,False,19.117206017096102,17.332139741471494,19.779506420371433,19.21274356224206
P01,AGEM KIRI,1,TAHAN,T3,temporal,kiri,71.876,72.527,0.931,0.652,short_hold,video,0.0,True,False,False,17.523633859156508,15.609606764459258,13.89025399271027,19.3643802522569
P01,AGEM KIRI,1,TAHAN,T5,temporo-posterior,kiri,71.876,72.527,0.931,0.652,short_hold,video,0.0,True,False,False,15.148466703283965,11.417114004157959,12.020917617979126,16.557137801078813
P01,AGEM KIRI,1,TAHAN,Fp2,frontopolar,kanan,71.876,72.527,0.931,0.652,short_hold,video,0.0,True,False,False,10.459107241045349,8.077394815079941,8.024723684397046,9.149211375732637
P01,AGEM KIRI,1,TAHAN,F4,frontal,kanan,71.876,72.527,0.931,0.652,short_hold,video,0.0,True,False,False,9.85336257565234,7.690484130329384,8.679496823182909,10.188382793814679
P01,AGEM KIRI,1,TAHAN,C4,sentral,kanan,71.876,72.527,0.931,0.652,short_hold,video,0.0,True,False,False,12.308136161984585,8.216092083272137,8.967914335999204,11.693196253863455
P01,AGEM KIRI,1,TAHAN,P4,parietal,kanan,71.876,72.527,0.931,0.652,short_hold,video,0.0,True,False,False,10.96662679295737,7.234766451913536,7.504833775517639,10.428291341634647
P01,AGEM KIRI,1,TAHAN,O2,oksipital,kanan,71.876,72.527,0.931,0.652,short_hold,video,0.0,True,False,False,8.662111102796956,-0.898345917945452,10.582841908625099,11.202694216606808
P01,AGEM KIRI,1,TAHAN,F8,frontotemporal,kanan,71.876,72.527,0.931,0.652,short_hold,video,0.0,True,False,False,10.897542207479269,12.45618243997125,16.356550669728303,12.88124482069546
P01,AGEM KIRI,1,TAHAN,T4,temporal,kanan,71.876,72.527,0.931,0.652,short_hold,video,0.0,True,False,False,13.091848328866948,7.798394062414616,9.484750324009447,10.762587519818887
P01,AGEM KIRI,1,TAHAN,T6,temporo-posterior,kanan,71.876,72.527,0.931,0.652,short_hold,video,0.0,True,False,False,13.530046618230244,8.360256097421878,11.009052578101329,11.591317111984477
P01,AGEM KIRI,1,NAIK,Fp1,frontopolar,kiri,72.917,75.751,3.334,2.834,short_hold,video,0.0,True,False,False,11.841768026302148,9.61960466004965,10.682748097819914,10.700585189461842
P01,AGEM KIRI,1,NAIK,F3,frontal,kiri,72.917,75.751,3.334,2.834,short_hold,video,0.0,True,False,False,11.027383080993278,10.543520996821247,9.01837669464366,10.954310977085658
P01,AGEM KIRI,1,NAIK,C3,sentral,kiri,72.917,75.751,3.334,2.834,short_hold,video,0.0,True,False,False,7.208125412592899,5.300322766344859,5.335789863214583,6.917782904212267
P01,AGEM KIRI,1,NAIK,P3,parietal,kiri,72.917,75.751,3.334,2.834,short_hold,video,0.0,True,False,False,7.546148400174342,5.878921828817532,7.585470699383606,7.970761606893767
P01,AGEM KIRI,1,NAIK,O1,oksipital,kiri,72.917,75.751,3.334,2.834,short_hold,video,0.0,True,False,False,7.867795545219341,0.1275320371121751,4.864512803128045,6.586128181541575
P01,AGEM KIRI,1,NAIK,F7,frontotemporal,kiri,72.917,75.751,3.334,2.834,short_hold,video,0.0,True,False,False,12.243319010713321,11.102742773326696,10.70244873932527,11.733948308779084
P01,AGEM KIRI,1,NAIK,T3,temporal,kiri,72.917,75.751,3.334,2.834,short_hold,video,0.0,True,False,False,18.065612872475338,13.375817476917128,10.662562250549875,15.796500322885556
P01,AGEM KIRI,1,NAIK,T5,temporo-posterior,kiri,72.917,75.751,3.334,2.834,short_hold,video,0.0,True,False,False,9.5541989935885,5.559608132418457,7.400264652903282,10.404899804547359
P01,AGEM KIRI,1,NAIK,Fp2,frontopolar,kanan,72.917,75.751,3.334,2.834,short_hold,video,0.0,True,False,False,3.6334289344226214,4.955658746949112,2.6852779461599248,4.791478307794193
P01,AGEM KIRI,1,NAIK,F4,frontal,kanan,72.917,75.751,3.334,2.834,short_hold,video,0.0,True,False,False,0.8482701750939476,1.9842893369913384,4.179109181341442,1.1825297962323837
P01,AGEM KIRI,1,NAIK,C4,sentral,kanan,72.917,75.751,3.334,2.834,short_hold,video,0.0,True,False,False,11.109972499135345,8.362218921434867,5.916226779740793,10.201318556899203
P01,AGEM KIRI,1,NAIK,P4,parietal,kanan,72.917,75.751,3.334,2.834,short_hold,video,0.0,True,False,False,4.834219541306062,2.3029341571107906,3.2222892750391097,5.965428771640738
P01,AGEM KIRI,1,NAIK,O2,oksipital,kanan,72.917,75.751,3.334,2.834,short_hold,video,0.0,True,False,False,6.283180999214224,1.0253167295207533,3.454468505697676,7.80312185969899
P01,AGEM KIRI,1,NAIK,F8,frontotemporal,kanan,72.917,75.751,3.334,2.834,short_hold,video,0.0,True,False,False,5.8678580696712075,2.438513366817201,3.196736746347799,4.971740412540914
P01,AGEM KIRI,1,NAIK,T4,temporal,kanan,72.917,75.751,3.334,2.834,short_hold,video,0.0,True,False,False,2.2517912017637194,0.8096296553546729,0.8526170364113028,3.7104222164287286
P01,AGEM KIRI,1,NAIK,T6,temporo-posterior,kanan,72.917,75.751,3.334,2.834,short_hold,video,0.0,True,False,False,4.320890315917261,-0.45017000055732836,4.444781048878461,7.75626038754287
P01,AGEM KIRI,1,POST,Fp1,frontopolar,kiri,76.501,78.001,1.5,1.5,short_hold,video,0.0,True,False,False,15.212644564300039,13.505910873982153,12.687443231316607,15.351425177844996
P01,AGEM KIRI,1,POST,F3,frontal,kiri,76.501,78.001,1.5,1.5,short_hold,video,0.0,True,False,False,20.00092828246814,15.925306803120261,11.945756713142089,17.29299252636085
P01,AGEM KIRI,1,POST,C3,sentral,kiri,76.501,78.001,1.5,1.5,short_hold,video,0.0,True,False,False,14.15814629660975,11.84251301984487,10.808153897277371,13.769133910591997
P01,AGEM KIRI,1,POST,P3,parietal,kiri,76.501,78.001,1.5,1.5,short_hold,video,0.0,True,False,False,22.21519146729027,20.423421635534105,17.540956801580133,20.19373560505725
P01,AGEM KIRI,1,POST,O1,oksipital,kiri,76.501,78.001,1.5,1.5,short_hold,video,0.0,True,False,False,19.121901601149258,12.119039602422465,13.134398828946692,17.375970421969235
P01,AGEM KIRI,1,POST,F7,frontotemporal,kiri,76.501,78.001,1.5,1.5,short_hold,video,0.0,True,False,False,19.322124365922136,17.84859121075884,17.136680801665293,19.620709279077545
P01,AGEM KIRI,1,POST,T3,temporal,kiri,76.501,78.001,1.5,1.5,short_hold,video,0.0,True,False,False,17.888710970109766,15.908084130465127,11.098951115929712,15.631723456286117
P01,AGEM KIRI,1,POST,T5,temporo-posterior,kiri,76.501,78.001,1.5,1.5,short_hold,video,0.0,True,False,False,16.56896338066042,15.202025519536868,14.638628194207115,15.648528893458721
P01,AGEM KIRI,1,POST,Fp2,frontopolar,kanan,76.501,78.001,1.5,1.5,short_hold,video,0.0,True,False,False,16.837688499172852,14.215675220079213,8.619618203836556,14.20262176118386
P01,AGEM KIRI,1,POST,F4,frontal,kanan,76.501,78.001,1.5,1.5,short_hold,video,0.0,True,False,False,9.865387692626186,15.263990358090371,14.040517158985622,14.67811108164511
P01,AGEM KIRI,1,POST,C4,sentral,kanan,76.501,78.001,1.5,1.5,short_hold,video,0.0,True,False,False,15.365580602150331,15.351003929500429,9.838414360447427,14.761531326145345
P01,AGEM KIRI,1,POST,P4,parietal,kanan,76.501,78.001,1.5,1.5,short_hold,video,0.0,True,False,False,20.27778865497283,12.939236564879238,10.448439327514894,17.418035851252384
P01,AGEM KIRI,1,POST,O2,oksipital,kanan,76.501,78.001,1.5,1.5,short_hold,video,0.0,True,False,False,20.002729096231278,12.83508599156179,14.051075836295354,17.408410555310667
P01,AGEM KIRI,1,POST,F8,frontotemporal,kanan,76.501,78.001,1.5,1.5,short_hold,video,0.0,True,False,False,18.05879380937686,17.25304828103293,11.505041993797075,16.213311541341564
P01,AGEM KIRI,1,POST,T4,temporal,kanan,76.501,78.001,1.5,1.5,short_hold,video,0.0,True,False,False,5.7081041474483385,10.400432709320654,6.461363072561646,9.260763468003134
P01,AGEM KIRI,1,POST,T6,temporo-posterior,kanan,76.501,78.001,1.5,1.5,short_hold,video,0.0,True,False,False,20.672876470686056,15.383724373465558,14.262916813920526,18.096012291491885
P01,AGEM KIRI,2,PRA,Fp1,frontopolar,kiri,83.929,85.929,2.0,2.0,ok,video,0.0,True,False,False,10.033832958511635,8.845304144183174,9.224263107618981,9.962721374789533
P01,AGEM KIRI,2,PRA,F3,frontal,kiri,83.929,85.929,2.0,2.0,ok,video,0.0,True,False,False,8.307222877126502,9.629532624476674,10.706404914362189,8.535808971777055
P01,AGEM KIRI,2,PRA,C3,sentral,kiri,83.929,85.929,2.0,2.0,ok,video,0.615,False,False,False,,,,
P01,AGEM KIRI,2,PRA,P3,parietal,kiri,83.929,85.929,2.0,2.0,ok,video,0.0,True,False,False,13.534836669206161,13.288994212910147,15.642051223501152,12.325443901632525
P01,AGEM KIRI,2,PRA,O1,oksipital,kiri,83.929,85.929,2.0,2.0,ok,video,0.6,False,False,False,,,,
P01,AGEM KIRI,2,PRA,F7,frontotemporal,kiri,83.929,85.929,2.0,2.0,ok,video,0.0,True,False,False,19.457516782325506,24.614922634593263,22.107242561193893,19.622758427438043
P01,AGEM KIRI,2,PRA,T3,temporal,kiri,83.929,85.929,2.0,2.0,ok,video,0.0,True,False,False,11.153342855323796,9.966480929907725,10.690452245220307,11.922032746846014
P01,AGEM KIRI,2,PRA,T5,temporo-posterior,kiri,83.929,85.929,2.0,2.0,ok,video,0.0,True,False,False,13.936259707070548,10.802143428216432,9.575555439045814,13.931841516579329
P01,AGEM KIRI,2,PRA,Fp2,frontopolar,kanan,83.929,85.929,2.0,2.0,ok,video,0.0,True,False,False,9.715064504214869,3.1440353851101577,3.941846199816549,9.29689483961305
P01,AGEM KIRI,2,PRA,F4,frontal,kanan,83.929,85.929,2.0,2.0,ok,video,0.0,True,False,False,8.645750499995351,9.404240241706436,10.434834957851692,8.319460263978538
P01,AGEM KIRI,2,PRA,C4,sentral,kanan,83.929,85.929,2.0,2.0,ok,video,0.0,True,False,False,8.52815344726119,8.733674982285976,5.990757584660059,8.46758334854012
P01,AGEM KIRI,2,PRA,P4,parietal,kanan,83.929,85.929,2.0,2.0,ok,video,0.0,True,False,False,13.72966531974538,9.83193258627535,10.720962835446443,11.349848235339195
P01,AGEM KIRI,2,PRA,O2,oksipital,kanan,83.929,85.929,2.0,2.0,ok,video,0.0,True,False,False,12.743717500407335,7.708093991989536,4.681100848570836,12.675048715011535
P01,AGEM KIRI,2,PRA,F8,frontotemporal,kanan,83.929,85.929,2.0,2.0,ok,video,0.0,True,False,False,11.799768438304255,12.452038589312068,8.461627159317537,13.319530301053437
P01,AGEM KIRI,2,PRA,T4,temporal,kanan,83.929,85.929,2.0,2.0,ok,video,0.6,False,False,False,,,,
P01,AGEM KIRI,2,PRA,T6,temporo-posterior,kanan,83.929,85.929,2.0,2.0,ok,video,0.0,True,False,False,10.831909496920488,8.890078220718056,10.6371763775465,10.676056601127836
P01,AGEM KIRI,2,TURUN,Fp1,frontopolar,kiri,86.737,87.398,0.945,0.662,ok,video,0.0,True,False,False,18.59921163809228,16.87693840896177,13.630093285924307,18.598458872307255
P01,AGEM KIRI,2,TURUN,F3,frontal,kiri,86.737,87.398,0.945,0.662,ok,video,0.0,True,False,False,18.625103999838917,13.883741992882715,16.057207880409003,17.609072520868555
P01,AGEM KIRI,2,TURUN,C3,sentral,kiri,86.737,87.398,0.945,0.662,ok,video,0.061,True,False,False,10.931848999964856,6.46527015728617,8.794796822825166,9.66983831104784
P01,AGEM KIRI,2,TURUN,P3,parietal,kiri,86.737,87.398,0.945,0.662,ok,video,0.0,True,False,False,7.138148077631445,0.7392179424717291,13.268787194753052,8.578889003542148
P01,AGEM KIRI,2,TURUN,O1,oksipital,kiri,86.737,87.398,0.945,0.662,ok,video,0.0,True,False,False,11.534095652242282,10.152960545597782,10.929421106539342,9.990241871092998
P01,AGEM KIRI,2,TURUN,F7,frontotemporal,kiri,86.737,87.398,0.945,0.662,ok,video,0.0,True,False,False,18.349766174613947,22.87997658630084,21.10050143120055,20.649729249322
P01,AGEM KIRI,2,TURUN,T3,temporal,kiri,86.737,87.398,0.945,0.662,ok,video,0.0,True,False,False,12.288907344861062,12.418444940306912,10.883347808722696,12.525601719910853
P01,AGEM KIRI,2,TURUN,T5,temporo-posterior,kiri,86.737,87.398,0.945,0.662,ok,video,0.0,True,False,False,20.53600085673697,17.01835262097135,19.701722303015956,19.222721117822612
P01,AGEM KIRI,2,TURUN,Fp2,frontopolar,kanan,86.737,87.398,0.945,0.662,ok,video,0.0,True,False,False,7.741782972064737,5.918677178857088,8.820482934432196,8.430371843912571
P01,AGEM KIRI,2,TURUN,F4,frontal,kanan,86.737,87.398,0.945,0.662,ok,video,0.0,True,False,False,5.360588005971174,4.55853544408026,6.960029758018251,7.468892740202943
P01,AGEM KIRI,2,TURUN,C4,sentral,kanan,86.737,87.398,0.945,0.662,ok,video,0.061,True,False,False,-2.329503976280588,2.4655741545454504,6.274581085802186,2.919972067175319
P01,AGEM KIRI,2,TURUN,P4,parietal,kanan,86.737,87.398,0.945,0.662,ok,video,0.0,True,False,False,7.324018507027489,2.763746153612601,7.026815562462438,6.943702483056548
P01,AGEM KIRI,2,TURUN,O2,oksipital,kanan,86.737,87.398,0.945,0.662,ok,video,0.0,True,False,False,6.650683717672152,-1.0823346279747597,2.353637513365115,7.227663161643726
P01,AGEM KIRI,2,TURUN,F8,frontotemporal,kanan,86.737,87.398,0.945,0.662,ok,video,0.0,True,False,False,14.671753031492663,15.780901126731749,15.751104194760462,17.501450758758015
P01,AGEM KIRI,2,TURUN,T4,temporal,kanan,86.737,87.398,0.945,0.662,ok,video,0.394,False,False,False,,,,
P01,AGEM KIRI,2,TURUN,T6,temporo-posterior,kanan,86.737,87.398,0.945,0.662,ok,video,0.0,True,False,False,10.466424264670692,7.740741837678495,11.590639559439651,12.775636215723264
P01,AGEM KIRI,2,TAHAN,Fp1,frontopolar,kiri,87.79,90.748,3.458,2.958,ok,video,0.0,True,False,False,4.256776957212129,7.996696937603545,11.9840710506484,7.70786629329554
P01,AGEM KIRI,2,TAHAN,F3,frontal,kiri,87.79,90.748,3.458,2.958,ok,video,0.607,False,False,False,,,,
P01,AGEM KIRI,2,TAHAN,C3,sentral,kiri,87.79,90.748,3.458,2.958,ok,video,1.0,False,False,False,,,,
P01,AGEM KIRI,2,TAHAN,P3,parietal,kiri,87.79,90.748,3.458,2.958,ok,video,0.946,False,False,False,,,,
P01,AGEM KIRI,2,TAHAN,O1,oksipital,kiri,87.79,90.748,3.458,2.958,ok,video,0.878,False,False,False,,,,
P01,AGEM KIRI,2,TAHAN,F7,frontotemporal,kiri,87.79,90.748,3.458,2.958,ok,video,0.0,True,False,False,4.476230227069642,10.965239278625027,9.093937820870941,6.211039005604384
P01,AGEM KIRI,2,TAHAN,T3,temporal,kiri,87.79,90.748,3.458,2.958,ok,video,0.0,True,False,False,9.841502596928041,9.873821701499718,10.306500514204583,10.209685466917445
P01,AGEM KIRI,2,TAHAN,T5,temporo-posterior,kiri,87.79,90.748,3.458,2.958,ok,video,0.0,True,False,False,10.045939587720305,6.88006284344597,8.37941923479287,9.838440897951603
P01,AGEM KIRI,2,TAHAN,Fp2,frontopolar,kanan,87.79,90.748,3.458,2.958,ok,video,0.271,True,True,False,-6.433727912717568,-3.588355818981828,-3.2467761863089173,-2.0528214606502893
P01,AGEM KIRI,2,TAHAN,F4,frontal,kanan,87.79,90.748,3.458,2.958,ok,video,0.878,False,False,False,,,,
P01,AGEM KIRI,2,TAHAN,C4,sentral,kanan,87.79,90.748,3.458,2.958,ok,video,0.868,False,False,False,,,,
P01,AGEM KIRI,2,TAHAN,P4,parietal,kanan,87.79,90.748,3.458,2.958,ok,video,0.271,True,True,False,-0.7682293732194836,-0.40874030739501066,-2.4697782241639814,-1.0050776987522774
P01,AGEM KIRI,2,TAHAN,O2,oksipital,kanan,87.79,90.748,3.458,2.958,ok,video,0.0,True,False,False,-2.430188893586738,-10.181881200033402,-4.351500165733686,-2.763962467605296
P01,AGEM KIRI,2,TAHAN,F8,frontotemporal,kanan,87.79,90.748,3.458,2.958,ok,video,0.0,True,False,False,1.203305598858293,0.6285337976222927,1.1001991261326758,0.9518037870751535
P01,AGEM KIRI,2,TAHAN,T4,temporal,kanan,87.79,90.748,3.458,2.958,ok,video,1.0,False,False,False,,,,
P01,AGEM KIRI,2,TAHAN,T6,temporo-posterior,kanan,87.79,90.748,3.458,2.958,ok,video,0.0,True,False,False,1.4930817553949183,-2.5851802487865925,-1.2903408871224293,5.077438949448425
P01,AGEM KIRI,2,NAIK,Fp1,frontopolar,kiri,91.108,91.623,0.735,0.515,ok,video,0.0,True,False,False,11.66796104694404,12.930224396489841,21.21828962783389,15.128611048870548
P01,AGEM KIRI,2,NAIK,F3,frontal,kiri,91.108,91.623,0.735,0.515,ok,video,0.0,True,False,False,13.818350711849913,18.45675778286297,22.40793652558284,16.296660617441955
P01,AGEM KIRI,2,NAIK,C3,sentral,kiri,91.108,91.623,0.735,0.515,ok,video,0.865,False,False,False,,,,
P01,AGEM KIRI,2,NAIK,P3,parietal,kiri,91.108,91.623,0.735,0.515,ok,video,0.865,False,False,False,,,,
P01,AGEM KIRI,2,NAIK,O1,oksipital,kiri,91.108,91.623,0.735,0.515,ok,video,0.0,True,False,False,0.6387038450046312,5.979799878565263,9.954670357993132,5.302092802145776
P01,AGEM KIRI,2,NAIK,F7,frontotemporal,kiri,91.108,91.623,0.735,0.515,ok,video,0.0,True,False,False,6.546006434390414,9.568867641249987,10.015421655464166,7.6502628961833
P01,AGEM KIRI,2,NAIK,T3,temporal,kiri,91.108,91.623,0.735,0.515,ok,video,0.0,True,False,False,12.88263441306788,19.65388720651154,17.63942204989574,17.675864748756787
P01,AGEM KIRI,2,NAIK,T5,temporo-posterior,kiri,91.108,91.623,0.735,0.515,ok,video,0.0,True,False,False,10.774348608564345,12.085985205269061,11.045178151153067,11.417503344127159
P01,AGEM KIRI,2,NAIK,Fp2,frontopolar,kanan,91.108,91.623,0.735,0.515,ok,video,0.0,True,False,False,9.278290601749536,8.45582656217676,10.719501942161898,8.816635863412689
P01,AGEM KIRI,2,NAIK,F4,frontal,kanan,91.108,91.623,0.735,0.515,ok,video,0.865,False,False,False,,,,
P01,AGEM KIRI,2,NAIK,C4,sentral,kanan,91.108,91.623,0.735,0.515,ok,video,0.904,False,False,False,,,,
P01,AGEM KIRI,2,NAIK,P4,parietal,kanan,91.108,91.623,0.735,0.515,ok,video,0.0,True,False,False,0.8449109214264325,-1.3028655607505684,0.035139587004273665,3.443058320213673
P01,AGEM KIRI,2,NAIK,O2,oksipital,kanan,91.108,91.623,0.735,0.515,ok,video,0.0,True,False,False,1.0814808684642614,-4.165274649562182,2.9159508094947526,2.8761596313158613
P01,AGEM KIRI,2,NAIK,F8,frontotemporal,kanan,91.108,91.623,0.735,0.515,ok,video,0.0,True,False,False,14.031003768386128,10.591934379479532,9.277888550492612,11.083596987847454
P01,AGEM KIRI,2,NAIK,T4,temporal,kanan,91.108,91.623,0.735,0.515,ok,video,1.0,False,False,False,,,,
P01,AGEM KIRI,2,NAIK,T6,temporo-posterior,kanan,91.108,91.623,0.735,0.515,ok,video,0.0,True,False,False,6.0369255883042285,1.1858183215447582,10.36987967476923,6.024651023719056
P01,AGEM KIRI,2,POST,Fp1,frontopolar,kiri,92.233,93.733,1.5,1.5,ok,video,0.0,True,False,False,11.24774974606984,9.843101745621002,12.34881836321588,12.032435201304475
P01,AGEM KIRI,2,POST,F3,frontal,kiri,92.233,93.733,1.5,1.5,ok,video,0.0,True,False,False,15.202939173975356,12.357453432155555,12.82670244907786,13.201998155869124
P01,AGEM KIRI,2,POST,C3,sentral,kiri,92.233,93.733,1.5,1.5,ok,video,0.12,True,True,False,15.313429753669311,13.26793593607685,15.310895913013745,14.020287432069999
P01,AGEM KIRI,2,POST,P3,parietal,kiri,92.233,93.733,1.5,1.5,ok,video,0.0,True,False,False,13.777242053562208,14.587057155503622,18.022576226964397,13.748520255717253
P01,AGEM KIRI,2,POST,O1,oksipital,kiri,92.233,93.733,1.5,1.5,ok,video,0.0,True,False,False,15.545354092687358,13.64601116366494,15.00514581271282,14.637588746258182
P01,AGEM KIRI,2,POST,F7,frontotemporal,kiri,92.233,93.733,1.5,1.5,ok,video,0.0,True,False,False,20.040615773563857,18.676478273535743,20.041359208120276,20.514550844297986
P01,AGEM KIRI,2,POST,T3,temporal,kiri,92.233,93.733,1.5,1.5,ok,video,0.0,True,False,False,15.848091927132021,11.79676717052564,13.27294011833068,14.516231634642594
P01,AGEM KIRI,2,POST,T5,temporo-posterior,kiri,92.233,93.733,1.5,1.5,ok,video,0.0,True,False,False,18.145025293368995,13.317163643404399,13.07603797680553,16.49516545292364
P01,AGEM KIRI,2,POST,Fp2,frontopolar,kanan,92.233,93.733,1.5,1.5,ok,video,0.0,True,False,False,11.324784592509534,9.44088792620844,7.548834646907391,10.49221402583522
P01,AGEM KIRI,2,POST,F4,frontal,kanan,92.233,93.733,1.5,1.5,ok,video,0.0,True,False,False,9.944376525543731,15.476884267692274,12.888224546318153,12.123328683599507
P01,AGEM KIRI,2,POST,C4,sentral,kanan,92.233,93.733,1.5,1.5,ok,video,0.267,False,False,False,,,,
P01,AGEM KIRI,2,POST,P4,parietal,kanan,92.233,93.733,1.5,1.5,ok,video,0.0,True,False,False,14.828923831883628,11.942687284486993,9.013591617133521,12.69986610648111
P01,AGEM KIRI,2,POST,O2,oksipital,kanan,92.233,93.733,1.5,1.5,ok,video,0.0,True,False,False,15.823564475724034,12.068271814065568,15.230217814062556,13.6475347176332
P01,AGEM KIRI,2,POST,F8,frontotemporal,kanan,92.233,93.733,1.5,1.5,ok,video,0.0,True,False,False,14.316531017468847,17.218853129893986,16.152409632080758,16.062441280579936
P01,AGEM KIRI,2,POST,T4,temporal,kanan,92.233,93.733,1.5,1.5,ok,video,0.467,True,True,False,9.702663171271656,10.781342291196488,10.196977776488936,10.128306229798508
P01,AGEM KIRI,2,POST,T6,temporo-posterior,kanan,92.233,93.733,1.5,1.5,ok,video,0.0,True,False,False,16.382777862943932,14.128043576322145,14.405903895643245,14.419836046524889
P01,NGEED,3,PRA,Fp1,frontopolar,kiri,272.594,274.594,2.0,2.0,ok,video,0.0,True,False,False,-6.439258065832638,-5.983232317669096,0.21594125852335289,-4.579439759900357
P01,NGEED,3,PRA,F3,frontal,kiri,272.594,274.594,2.0,2.0,ok,video,0.0,True,False,False,-7.911298285365053,-7.290727317553834,-1.9155484818800659,-5.904404224550575
P01,NGEED,3,PRA,C3,sentral,kiri,272.594,274.594,2.0,2.0,ok,video,0.0,True,False,False,-9.224292066258835,-6.7409949667344495,-2.4993190437218615,-7.576517640037656
P01,NGEED,3,PRA,P3,parietal,kiri,272.594,274.594,2.0,2.0,ok,video,0.0,True,False,False,-8.847101421805796,-7.814149639808596,-2.201356157450583,-7.161910034593179
P01,NGEED,3,PRA,O1,oksipital,kiri,272.594,274.594,2.0,2.0,ok,video,0.0,True,False,False,-10.346662239089685,-10.352787738844903,-2.6576463612075685,-8.659035242539145
P01,NGEED,3,PRA,F7,frontotemporal,kiri,272.594,274.594,2.0,2.0,ok,video,0.0,True,False,False,-7.9796429890068765,-6.874749062019319,-2.405176930890269,-6.826894023547343
P01,NGEED,3,PRA,T3,temporal,kiri,272.594,274.594,2.0,2.0,ok,video,0.0,True,False,False,-5.046449982972209,-5.084304637019368,-0.6725743290045898,-3.935103717381704
P01,NGEED,3,PRA,T5,temporo-posterior,kiri,272.594,274.594,2.0,2.0,ok,video,0.0,True,False,False,-4.046589112014885,-6.5039491168299115,-1.4323089541702814,-4.86853454663947
P01,NGEED,3,PRA,Fp2,frontopolar,kanan,272.594,274.594,2.0,2.0,ok,video,0.0,True,False,False,-9.01646831505202,-8.632975159581424,-2.4891972582185424,-6.156758669401402
P01,NGEED,3,PRA,F4,frontal,kanan,272.594,274.594,2.0,2.0,ok,video,0.0,True,False,False,-10.825616550977642,-7.02547159765917,-2.8421754483185957,-8.57766799647382
P01,NGEED,3,PRA,C4,sentral,kanan,272.594,274.594,2.0,2.0,ok,video,0.0,True,False,False,-4.826750289201236,-6.6328883351345596,-2.175479825147063,-5.029322599537046
P01,NGEED,3,PRA,P4,parietal,kanan,272.594,274.594,2.0,2.0,ok,video,0.0,True,False,False,-8.848710973707082,-5.774405403456946,0.07356043588888994,-4.561854692102095
P01,NGEED,3,PRA,O2,oksipital,kanan,272.594,274.594,2.0,2.0,ok,video,0.0,True,False,False,-10.235788554449556,-9.79145418668038,-1.4403502799038534,-7.406824158356045
P01,NGEED,3,PRA,F8,frontotemporal,kanan,272.594,274.594,2.0,2.0,ok,video,0.0,True,False,False,-7.028913956342102,-7.541304705586903,-2.2742284244341135,-6.3665939144458505
P01,NGEED,3,PRA,T4,temporal,kanan,272.594,274.594,2.0,2.0,ok,video,0.0,True,False,False,-5.835735874081156,-6.143002988831576,-2.7596218655236093,-5.269028181043023
P01,NGEED,3,PRA,T6,temporo-posterior,kanan,272.594,274.594,2.0,2.0,ok,video,0.0,True,False,False,-6.227936605497163,-9.648653354360327,-1.5166179714043437,-6.506844978830415
P01,NGEED,3,TURUN,Fp1,frontopolar,kiri,279.823,280.24,0.597,0.418,ok,video,0.0,True,False,False,19.67724259793547,19.440831388483424,17.982557632316755,19.74781601234683
P01,NGEED,3,TURUN,F3,frontal,kiri,279.823,280.24,0.597,0.418,ok,video,0.0,True,False,False,23.62317028873826,24.285756751929735,19.563454607574684,22.79179786121426
P01,NGEED,3,TURUN,C3,sentral,kiri,279.823,280.24,0.597,0.418,ok,video,0.0,True,False,False,15.87522744572491,21.488519340663768,17.741857233511823,17.90588950156154
P01,NGEED,3,TURUN,P3,parietal,kiri,279.823,280.24,0.597,0.418,ok,video,0.0,True,False,False,26.032163153062303,29.494026926010342,25.920515632213792,25.80791722728511
P01,NGEED,3,TURUN,O1,oksipital,kiri,279.823,280.24,0.597,0.418,ok,video,0.0,True,False,False,18.3792632416159,16.80529201410877,14.538834498230615,17.54647109015476
P01,NGEED,3,TURUN,F7,frontotemporal,kiri,279.823,280.24,0.597,0.418,ok,video,0.0,True,False,False,19.657357350707912,22.53460480226768,18.81055870819928,18.29868227825078
P01,NGEED,3,TURUN,T3,temporal,kiri,279.823,280.24,0.597,0.418,ok,video,0.0,True,False,False,12.430762551832348,14.67413710989485,13.452318730530077,14.002161246726523
P01,NGEED,3,TURUN,T5,temporo-posterior,kiri,279.823,280.24,0.597,0.418,ok,video,0.0,True,False,False,22.612599284385176,17.367346531077068,18.353190748134224,20.343954267303584
P01,NGEED,3,TURUN,Fp2,frontopolar,kanan,279.823,280.24,0.597,0.418,ok,video,0.0,True,False,False,13.878501335461198,13.72241390403127,12.09738267537847,14.836517068112453
P01,NGEED,3,TURUN,F4,frontal,kanan,279.823,280.24,0.597,0.418,ok,video,0.0,True,False,False,6.3088310182425715,7.682381759690859,5.542149134796794,6.4277959099171404
P01,NGEED,3,TURUN,C4,sentral,kanan,279.823,280.24,0.597,0.418,ok,video,0.0,True,False,False,11.202857280803727,13.912315450880875,6.800145393989119,11.25365803027848
P01,NGEED,3,TURUN,P4,parietal,kanan,279.823,280.24,0.597,0.418,ok,video,0.0,True,False,False,13.589575927447882,11.560152527145469,6.981157028636005,12.590693413796032
P01,NGEED,3,TURUN,O2,oksipital,kanan,279.823,280.24,0.597,0.418,ok,video,0.0,True,False,False,10.288493391898541,13.57759993126227,11.891742230435554,12.135084908730128
P01,NGEED,3,TURUN,F8,frontotemporal,kanan,279.823,280.24,0.597,0.418,ok,video,0.0,True,False,False,18.618625277660968,13.695708166666996,10.3177336167204,16.521618634021404
P01,NGEED,3,TURUN,T4,temporal,kanan,279.823,280.24,0.597,0.418,ok,video,0.0,True,False,False,16.64834408955529,14.103996669527639,4.275430744414059,13.960558812379944
P01,NGEED,3,TURUN,T6,temporo-posterior,kanan,279.823,280.24,0.597,0.418,ok,video,0.0,True,False,False,4.803331967122169,15.731270242042005,13.045475022170145,10.308955279650423
P01,NGEED,3,TAHAN,Fp1,frontopolar,kiri,280.58,284.218,4.138,3.638,ok,video,0.0,True,False,False,9.771616857242346,10.33360066115857,8.911986438951217,11.46064782342687
P01,NGEED,3,TAHAN,F3,frontal,kiri,280.58,284.218,4.138,3.638,ok,video,0.0,True,False,False,12.635540886802442,10.374507704588641,9.606111360912156,11.116232127245102
P01,NGEED,3,TAHAN,C3,sentral,kiri,280.58,284.218,4.138,3.638,ok,video,0.0,True,False,False,9.996826784974829,6.15403849780704,6.510382027677668,8.913813517078012
P01,NGEED,3,TAHAN,P3,parietal,kiri,280.58,284.218,4.138,3.638,ok,video,0.0,True,False,False,5.401561525731278,6.733843719847798,6.028494681571665,6.676310457883297
P01,NGEED,3,TAHAN,O1,oksipital,kiri,280.58,284.218,4.138,3.638,ok,video,0.0,True,False,False,6.25695344808069,-0.21097552154473576,4.7922024772393375,9.748369252493141
P01,NGEED,3,TAHAN,F7,frontotemporal,kiri,280.58,284.218,4.138,3.638,ok,video,0.0,True,False,False,10.122765393173125,13.557008759575332,13.593097064707557,11.598528006945621
P01,NGEED,3,TAHAN,T3,temporal,kiri,280.58,284.218,4.138,3.638,ok,video,0.0,True,False,False,15.089123084965468,13.148605311939804,14.266414817096233,13.831298139880197
P01,NGEED,3,TAHAN,T5,temporo-posterior,kiri,280.58,284.218,4.138,3.638,ok,video,0.0,True,False,False,10.170968822510737,10.499744230069837,8.087486439502165,9.713256037376414
P01,NGEED,3,TAHAN,Fp2,frontopolar,kanan,280.58,284.218,4.138,3.638,ok,video,0.0,True,False,False,6.8660589201323425,7.639374244389835,8.286346131970184,10.15304566780765
P01,NGEED,3,TAHAN,F4,frontal,kanan,280.58,284.218,4.138,3.638,ok,video,0.0,True,False,False,1.2201152980109242,3.507864647338973,5.9749492984084895,4.547962673124772
P01,NGEED,3,TAHAN,C4,sentral,kanan,280.58,284.218,4.138,3.638,ok,video,0.0,True,False,False,4.170144835970223,5.374702838889164,7.311198767862763,5.771422596205188
P01,NGEED,3,TAHAN,P4,parietal,kanan,280.58,284.218,4.138,3.638,ok,video,0.0,True,False,False,8.440945530377299,3.5083031594120584,6.94059318559918,11.821733826552034
P01,NGEED,3,TAHAN,O2,oksipital,kanan,280.58,284.218,4.138,3.638,ok,video,0.0,True,False,False,6.858685383132595,4.00415001029625,6.804281648990376,8.19609701151316
P01,NGEED,3,TAHAN,F8,frontotemporal,kanan,280.58,284.218,4.138,3.638,ok,video,0.0,True,False,False,7.5223879187563085,5.169682310713274,6.766833143857557,7.661773948628653
P01,NGEED,3,TAHAN,T4,temporal,kanan,280.58,284.218,4.138,3.638,ok,video,0.0,True,False,False,5.717836230650978,4.823214277630466,4.887943471491255,5.297534537535256
P01,NGEED,3,TAHAN,T6,temporo-posterior,kanan,280.58,284.218,4.138,3.638,ok,video,0.0,True,False,False,7.674694662060084,8.448294067789792,7.183944185793209,10.63703610005842
P01,NGEED,3,NAIK,Fp1,frontopolar,kiri,284.568,285.035,0.667,0.467,ok,video,0.0,True,False,False,15.266598472689903,15.947755264315909,19.718873376814557,15.929767737723745
P01,NGEED,3,NAIK,F3,frontal,kiri,284.568,285.035,0.667,0.467,ok,video,0.0,True,False,False,21.316088451848497,19.69312583474986,20.029795877424164,19.503065726858775
P01,NGEED,3,NAIK,C3,sentral,kiri,284.568,285.035,0.667,0.467,ok,video,0.0,True,False,False,11.82530986817266,9.611309703564729,14.217498083951341,12.934989975975782
P01,NGEED,3,NAIK,P3,parietal,kiri,284.568,285.035,0.667,0.467,ok,video,0.0,True,False,False,7.897734609299238,7.330991379437812,11.386667981343052,7.791541970819022
P01,NGEED,3,NAIK,O1,oksipital,kiri,284.568,285.035,0.667,0.467,ok,video,0.0,True,False,False,10.406552176729601,8.979790293942603,8.770958878297973,8.85651458775747
P01,NGEED,3,NAIK,F7,frontotemporal,kiri,284.568,285.035,0.667,0.467,ok,video,0.0,True,False,False,18.981934983465685,15.140587751794364,16.00154421420661,16.785961538132845
P01,NGEED,3,NAIK,T3,temporal,kiri,284.568,285.035,0.667,0.467,ok,video,0.0,True,False,False,18.885247989112326,11.840786494782144,10.797064195497907,15.83071025325171
P01,NGEED,3,NAIK,T5,temporo-posterior,kiri,284.568,285.035,0.667,0.467,ok,video,0.0,True,False,False,18.462114779978542,13.1242127069562,11.636496330082569,16.676406883454316
P01,NGEED,3,NAIK,Fp2,frontopolar,kanan,284.568,285.035,0.667,0.467,ok,video,0.0,True,False,False,15.414543409471609,2.9786299397663107,6.8388048902083405,12.836844969722446
P01,NGEED,3,NAIK,F4,frontal,kanan,284.568,285.035,0.667,0.467,ok,video,0.0,True,False,False,4.44269583874847,4.434792150497387,6.030293434032529,4.454344547176717
P01,NGEED,3,NAIK,C4,sentral,kanan,284.568,285.035,0.667,0.467,ok,video,0.0,True,False,False,5.439114969696931,8.152798184585393,3.29602266063025,5.784949606960453
P01,NGEED,3,NAIK,P4,parietal,kanan,284.568,285.035,0.667,0.467,ok,video,0.0,True,False,False,10.00897368495582,6.97507744647962,4.194717804159485,7.526373477256037
P01,NGEED,3,NAIK,O2,oksipital,kanan,284.568,285.035,0.667,0.467,ok,video,0.0,True,False,False,1.7791600002410775,-1.3870756707708018,6.198416430735364,1.673727902000504
P01,NGEED,3,NAIK,F8,frontotemporal,kanan,284.568,285.035,0.667,0.467,ok,video,0.0,True,False,False,19.727462138998206,12.767445884003095,7.175279869980113,17.775285521604165
P01,NGEED,3,NAIK,T4,temporal,kanan,284.568,285.035,0.667,0.467,ok,video,0.0,True,False,False,6.971191161508635,-2.2008727977750198,3.636100780196241,5.28720015964517
P01,NGEED,3,NAIK,T6,temporo-posterior,kanan,284.568,285.035,0.667,0.467,ok,video,0.0,True,False,False,12.763022695193875,6.087305179839401,3.6760965035446738,10.338791168396387
P01,NGEED,3,POST,Fp1,frontopolar,kiri,285.635,287.135,1.5,1.5,ok,video,0.0,True,False,False,10.171607639467663,9.093811347785394,9.560711047197628,10.383467082420244
P01,NGEED,3,POST,F3,frontal,kiri,285.635,287.135,1.5,1.5,ok,video,0.0,True,False,False,14.276928053379532,12.359643514774728,10.698486706182866,12.557237953017623
P01,NGEED,3,POST,C3,sentral,kiri,285.635,287.135,1.5,1.5,ok,video,0.0,True,False,False,11.034695522804782,8.91281928651155,8.978883469232848,11.683209308853193
P01,NGEED,3,POST,P3,parietal,kiri,285.635,287.135,1.5,1.5,ok,video,0.0,True,False,False,13.980659606401684,10.291839877015533,11.088866974104803,13.472275816959879
P01,NGEED,3,POST,O1,oksipital,kiri,285.635,287.135,1.5,1.5,ok,video,0.0,True,False,False,16.314378086435607,11.325287835627702,15.23051307343197,16.60461398465371
P01,NGEED,3,POST,F7,frontotemporal,kiri,285.635,287.135,1.5,1.5,ok,video,0.0,True,False,False,12.82978180847303,13.37013777040655,12.854463397127226,12.8738518756127
P01,NGEED,3,POST,T3,temporal,kiri,285.635,287.135,1.5,1.5,ok,video,0.0,True,False,False,14.401854269871809,11.846116562447264,7.864943398660646,13.403176133525989
P01,NGEED,3,POST,T5,temporo-posterior,kiri,285.635,287.135,1.5,1.5,ok,video,0.0,True,False,False,14.626143829653941,13.136655037610815,11.434475562499188,15.92131711458389
P01,NGEED,3,POST,Fp2,frontopolar,kanan,285.635,287.135,1.5,1.5,ok,video,0.0,True,False,False,11.662288844784914,7.445863125912403,4.994922359880054,10.342421631654556
P01,NGEED,3,POST,F4,frontal,kanan,285.635,287.135,1.5,1.5,ok,video,0.0,True,False,False,7.101256109634733,6.045836732493466,8.654864773429601,8.692595522479284
P01,NGEED,3,POST,C4,sentral,kanan,285.635,287.135,1.5,1.5,ok,video,0.0,True,False,False,9.191288187284435,6.3622962934972165,5.007291253990424,11.84190481404677
P01,NGEED,3,POST,P4,parietal,kanan,285.635,287.135,1.5,1.5,ok,video,0.0,True,False,False,15.774742317196882,13.831162753091085,10.291494045419366,15.621908429160541
P01,NGEED,3,POST,O2,oksipital,kanan,285.635,287.135,1.5,1.5,ok,video,0.0,True,False,False,15.435173896441782,13.581237244013415,15.440397521435905,17.640488501284032
P01,NGEED,3,POST,F8,frontotemporal,kanan,285.635,287.135,1.5,1.5,ok,video,0.0,True,False,False,16.49348020201071,15.162271475750096,15.344777550019185,15.77647401601855
P01,NGEED,3,POST,T4,temporal,kanan,285.635,287.135,1.5,1.5,ok,video,0.0,True,False,False,10.317343043954157,7.650653601533026,5.560548359279114,8.386304377299147
P01,NGEED,3,POST,T6,temporo-posterior,kanan,285.635,287.135,1.5,1.5,ok,video,0.0,True,False,False,14.201989137375044,14.38483255676233,11.894179958020583,14.746369720455181
P01,NGEED,4,PRA,Fp1,frontopolar,kiri,293.203,295.203,2.0,2.0,ok,video,0.0,True,False,False,12.184513157505432,10.336141630250829,7.152546296414332,10.553773867437089
P01,NGEED,4,PRA,F3,frontal,kiri,293.203,295.203,2.0,2.0,ok,video,0.0,True,False,False,6.895502020247584,11.256551683996225,8.292533001362798,8.0253593370796
P01,NGEED,4,PRA,C3,sentral,kiri,293.203,295.203,2.0,2.0,ok,video,0.0,True,False,False,8.720694903449392,9.326578356910861,7.917832853262155,11.866370792815204
P01,NGEED,4,PRA,P3,parietal,kiri,293.203,295.203,2.0,2.0,ok,video,0.0,True,False,False,9.300984809866709,9.818135355805673,13.566090717355166,11.568407927400834
P01,NGEED,4,PRA,O1,oksipital,kiri,293.203,295.203,2.0,2.0,ok,video,0.0,True,False,False,10.007767853831677,8.110194086715008,17.38928379570352,12.880500332767078
P01,NGEED,4,PRA,F7,frontotemporal,kiri,293.203,295.203,2.0,2.0,ok,video,0.0,True,False,False,10.510435739191657,11.894835291067665,12.741106516878702,10.876116577601948
P01,NGEED,4,PRA,T3,temporal,kiri,293.203,295.203,2.0,2.0,ok,video,0.0,True,False,False,11.030473924648643,10.973455637196402,6.176021409509662,10.67868824774878
P01,NGEED,4,PRA,T5,temporo-posterior,kiri,293.203,295.203,2.0,2.0,ok,video,0.0,True,False,False,12.027360015735354,9.763222709978933,11.908340037119395,12.204442667360926
P01,NGEED,4,PRA,Fp2,frontopolar,kanan,293.203,295.203,2.0,2.0,ok,video,0.0,True,False,False,11.772730535993876,6.725301953410131,9.985635237350628,12.203296401665323
P01,NGEED,4,PRA,F4,frontal,kanan,293.203,295.203,2.0,2.0,ok,video,0.275,True,True,False,3.50166134251549,3.694738642703186,0.5747443253686555,3.3776813085193673
P01,NGEED,4,PRA,C4,sentral,kanan,293.203,295.203,2.0,2.0,ok,video,0.0,True,False,False,11.9610621888337,12.204296962361099,6.307614879683673,11.92801066758824
P01,NGEED,4,PRA,P4,parietal,kanan,293.203,295.203,2.0,2.0,ok,video,0.0,True,False,False,8.007246005018366,4.4907604509391845,7.010149332564524,8.138148181519664
P01,NGEED,4,PRA,O2,oksipital,kanan,293.203,295.203,2.0,2.0,ok,video,0.0,True,False,False,9.313305997816357,8.713353625152486,14.980422671444138,12.214873900476377
P01,NGEED,4,PRA,F8,frontotemporal,kanan,293.203,295.203,2.0,2.0,ok,video,0.0,True,False,False,9.013994279062608,7.745640081073837,7.5096585636505075,9.755095531957455
P01,NGEED,4,PRA,T4,temporal,kanan,293.203,295.203,2.0,2.0,ok,video,0.0,True,False,False,7.2956102461010595,2.159204340391703,2.8568711630710446,7.623399112167945
P01,NGEED,4,PRA,T6,temporo-posterior,kanan,293.203,295.203,2.0,2.0,ok,video,0.0,True,False,False,9.668232751733804,7.260574716989684,8.580918609579257,10.249171565080186
P01,NGEED,4,TURUN,Fp1,frontopolar,kiri,295.978,296.483,0.721,0.505,ok,video,0.0,True,False,False,19.2665791160108,18.95138269287184,21.153458198140694,19.772767953758084
P01,NGEED,4,TURUN,F3,frontal,kiri,295.978,296.483,0.721,0.505,ok,video,0.0,True,False,False,22.0696573961006,22.47330638446061,23.438329976214185,21.784670358594003
P01,NGEED,4,TURUN,C3,sentral,kiri,295.978,296.483,0.721,0.505,ok,video,0.0,True,False,False,11.49502586396418,8.96957117503014,11.453545328953929,10.510321262527562
P01,NGEED,4,TURUN,P3,parietal,kiri,295.978,296.483,0.721,0.505,ok,video,0.0,True,False,False,8.498523795376887,12.165551891658865,12.131401599270049,10.585123050038753
P01,NGEED,4,TURUN,O1,oksipital,kiri,295.978,296.483,0.721,0.505,ok,video,0.0,True,False,False,8.322403357137961,5.674604163584611,9.517015958519158,7.217932983211224
P01,NGEED,4,TURUN,F7,frontotemporal,kiri,295.978,296.483,0.721,0.505,ok,video,0.0,True,False,False,9.734746993113035,11.035836493651729,12.5176858452664,10.528719392158258
P01,NGEED,4,TURUN,T3,temporal,kiri,295.978,296.483,0.721,0.505,ok,video,0.0,True,False,False,23.35031419018519,22.033317982621547,21.368779682640625,23.064494038591015
P01,NGEED,4,TURUN,T5,temporo-posterior,kiri,295.978,296.483,0.721,0.505,ok,video,0.0,True,False,False,19.17132427339726,20.570601964981392,20.20449106965914,19.84266598560959
P01,NGEED,4,TURUN,Fp2,frontopolar,kanan,295.978,296.483,0.721,0.505,ok,video,0.0,True,False,False,15.569779392573931,7.339619442030411,8.471378092628726,14.534335391027934
P01,NGEED,4,TURUN,F4,frontal,kanan,295.978,296.483,0.721,0.505,ok,video,0.0,True,False,False,3.542368362695427,6.1434990916738705,11.831083828876746,5.1451758955340345
P01,NGEED,4,TURUN,C4,sentral,kanan,295.978,296.483,0.721,0.505,ok,video,0.0,True,False,False,7.788139255450282,4.548941859336892,7.312865079358321,9.592252254444851
P01,NGEED,4,TURUN,P4,parietal,kanan,295.978,296.483,0.721,0.505,ok,video,0.0,True,False,False,5.880047152598809,2.9857243393174215,7.659238161670324,5.978455777929604
P01,NGEED,4,TURUN,O2,oksipital,kanan,295.978,296.483,0.721,0.505,ok,video,0.0,True,False,False,8.072146708742302,3.4280085624515237,12.727948491125549,7.44762951986359
P01,NGEED,4,TURUN,F8,frontotemporal,kanan,295.978,296.483,0.721,0.505,ok,video,0.0,True,False,False,17.21030169309634,15.493748784030721,14.693790880111433,16.496835934571397
P01,NGEED,4,TURUN,T4,temporal,kanan,295.978,296.483,0.721,0.505,ok,video,0.0,True,False,False,23.380278182155582,9.265613580816755,9.197332556796848,21.682517430907566
P01,NGEED,4,TURUN,T6,temporo-posterior,kanan,295.978,296.483,0.721,0.505,ok,video,0.0,True,False,False,12.702852627018189,7.630045817563886,10.60965571357919,13.232936088034013
P01,NGEED,4,TAHAN,Fp1,frontopolar,kiri,296.841,300.34,3.999,3.499,ok,video,0.0,True,False,False,10.642200140837659,11.287125661146924,13.959097312305339,12.118642805111785
P01,NGEED,4,TAHAN,F3,frontal,kiri,296.841,300.34,3.999,3.499,ok,video,0.0,True,False,False,12.229022096427602,13.64452017967491,15.848788845748984,13.394091378902377
P01,NGEED,4,TAHAN,C3,sentral,kiri,296.841,300.34,3.999,3.499,ok,video,0.0,True,False,False,4.286041759934427,6.918322735722448,4.11838805316663,4.910605774605347
P01,NGEED,4,TAHAN,P3,parietal,kiri,296.841,300.34,3.999,3.499,ok,video,0.0,True,False,False,5.777914563138626,8.727805683556227,9.334476174804024,6.917519363226788
P01,NGEED,4,TAHAN,O1,oksipital,kiri,296.841,300.34,3.999,3.499,ok,video,0.0,True,False,False,3.069486132926439,3.2436426549329767,5.506783965292824,4.549843355138865
P01,NGEED,4,TAHAN,F7,frontotemporal,kiri,296.841,300.34,3.999,3.499,ok,video,0.0,True,False,False,3.7020435309981394,9.800114718859668,10.405312769819918,5.828477960891195
P01,NGEED,4,TAHAN,T3,temporal,kiri,296.841,300.34,3.999,3.499,ok,video,0.0,True,False,False,11.311764801427277,11.80273245810153,8.901817083634143,12.254610962088229
P01,NGEED,4,TAHAN,T5,temporo-posterior,kiri,296.841,300.34,3.999,3.499,ok,video,0.0,True,False,False,12.833624420918618,14.421510401159885,15.004504206808022,13.558253826325693
P01,NGEED,4,TAHAN,Fp2,frontopolar,kanan,296.841,300.34,3.999,3.499,ok,video,0.0,True,False,False,0.9123402771190463,0.6811528290151045,3.203365604384011,3.3209341324458848
P01,NGEED,4,TAHAN,F4,frontal,kanan,296.841,300.34,3.999,3.499,ok,video,0.0,True,False,False,-2.51321311125486,-0.7974896271166294,0.9919397611742227,-1.6622801263010203
P01,NGEED,4,TAHAN,C4,sentral,kanan,296.841,300.34,3.999,3.499,ok,video,0.0,True,False,False,-1.9665169477286568,-1.5974192099269686,1.5914571006712848,-0.7991548268988673
P01,NGEED,4,TAHAN,P4,parietal,kanan,296.841,300.34,3.999,3.499,ok,video,0.0,True,False,False,4.089426596207179,0.5788218064545596,1.9855980838753347,4.354938730732492
P01,NGEED,4,TAHAN,O2,oksipital,kanan,296.841,300.34,3.999,3.499,ok,video,0.0,True,False,False,1.0866850182700816,-2.308024440833151,2.334703609889111,3.2069600245470227
P01,NGEED,4,TAHAN,F8,frontotemporal,kanan,296.841,300.34,3.999,3.499,ok,video,0.0,True,False,False,12.168284530035166,11.008004788694699,11.47521713279286,11.64827196381054
P01,NGEED,4,TAHAN,T4,temporal,kanan,296.841,300.34,3.999,3.499,ok,video,0.0,True,False,False,1.8170044411013215,4.8444861127921826,3.4017187364714943,3.127880592627882
P01,NGEED,4,TAHAN,T6,temporo-posterior,kanan,296.841,300.34,3.999,3.499,ok,video,0.0,True,False,False,4.215584506902928,0.4711453604087694,3.7503281667923574,6.334388296371362
P01,NGEED,4,NAIK,Fp1,frontopolar,kiri,300.682,301.11,0.612,0.428,ok,video,0.0,True,False,False,5.174113098027416,7.401193954934584,10.101089051156663,6.533371764712394
P01,NGEED,4,NAIK,F3,frontal,kiri,300.682,301.11,0.612,0.428,ok,video,0.0,True,False,False,9.877977669459103,11.735455630037421,9.064519073167244,9.800230712767522
P01,NGEED,4,NAIK,C3,sentral,kiri,300.682,301.11,0.612,0.428,ok,video,0.0,True,False,False,13.877780666493848,9.369097581938203,11.437957032191775,12.799553479829783
P01,NGEED,4,NAIK,P3,parietal,kiri,300.682,301.11,0.612,0.428,ok,video,0.0,True,False,False,11.246627635493748,5.8827352399163,8.427051209581904,11.674813059866445
P01,NGEED,4,NAIK,O1,oksipital,kiri,300.682,301.11,0.612,0.428,ok,video,0.0,True,False,False,16.122493250413005,7.330907824077794,17.504264300540086,18.962858280729897
P01,NGEED,4,NAIK,F7,frontotemporal,kiri,300.682,301.11,0.612,0.428,ok,video,0.0,True,False,False,11.400907535852149,7.522880422977799,10.777809222457758,13.044653981920561
P01,NGEED,4,NAIK,T3,temporal,kiri,300.682,301.11,0.612,0.428,ok,video,0.0,True,False,False,17.571640549260625,10.268558433791675,13.700828002943073,17.89172558633625
P01,NGEED,4,NAIK,T5,temporo-posterior,kiri,300.682,301.11,0.612,0.428,ok,video,0.0,True,False,False,10.059750075264674,10.925634164884741,13.645455528288352,13.197719313598537
P01,NGEED,4,NAIK,Fp2,frontopolar,kanan,300.682,301.11,0.612,0.428,ok,video,0.0,True,False,False,13.95097358903914,5.264039199319093,8.979043497122671,13.749049264457359
P01,NGEED,4,NAIK,F4,frontal,kanan,300.682,301.11,0.612,0.428,ok,video,0.0,True,False,False,-2.8365839289197083,1.2094739713769123,3.9966625007230263,1.189366002503892
P01,NGEED,4,NAIK,C4,sentral,kanan,300.682,301.11,0.612,0.428,ok,video,0.0,True,False,False,12.570153172162769,4.607491917871922,6.3161413530689146,10.59367530653629
P01,NGEED,4,NAIK,P4,parietal,kanan,300.682,301.11,0.612,0.428,ok,video,0.0,True,False,False,12.276344584969458,10.344454725551763,12.863842149889752,14.002251640887778
P01,NGEED,4,NAIK,O2,oksipital,kanan,300.682,301.11,0.612,0.428,ok,video,0.0,True,False,False,13.483479973222956,10.8383273427348,18.185253478473918,16.55092936406478
P01,NGEED,4,NAIK,F8,frontotemporal,kanan,300.682,301.11,0.612,0.428,ok,video,0.0,True,False,False,13.050027468930097,11.200605697476881,10.50993733115218,14.4553784395119
P01,NGEED,4,NAIK,T4,temporal,kanan,300.682,301.11,0.612,0.428,ok,video,0.0,True,False,False,7.155061049766097,2.5653651573711542,6.559841519966618,11.387245176943246
P01,NGEED,4,NAIK,T6,temporo-posterior,kanan,300.682,301.11,0.612,0.428,ok,video,0.0,True,False,False,9.222168341590638,10.713443711026361,14.773417466922162,11.252759148920337
P01,NGEED,4,POST,Fp1,frontopolar,kiri,301.702,303.202,1.5,1.5,ok,video,0.0,True,False,False,2.8930056778756956,5.025475413420679,6.3665167842592325,4.928667645619688
P01,NGEED,4,POST,F3,frontal,kiri,301.702,303.202,1.5,1.5,ok,video,0.0,True,False,False,5.8409086451868255,6.00786313229354,5.014646757692898,5.805976009425901
P01,NGEED,4,POST,C3,sentral,kiri,301.702,303.202,1.5,1.5,ok,video,0.0,True,False,False,6.77636719757087,7.99291841442874,4.602323634419903,7.7366917843956635
P01,NGEED,4,POST,P3,parietal,kiri,301.702,303.202,1.5,1.5,ok,video,0.0,True,False,False,11.623744960256655,4.608520607987501,6.375364729426973,10.381508567248424
P01,NGEED,4,POST,O1,oksipital,kiri,301.702,303.202,1.5,1.5,ok,video,0.0,True,False,False,13.378431816952759,11.689162299122476,12.886004174633213,13.67609377133703
P01,NGEED,4,POST,F7,frontotemporal,kiri,301.702,303.202,1.5,1.5,ok,video,0.0,True,False,False,3.8429824803113135,12.076271647216721,7.188283465415605,9.041839323986466
P01,NGEED,4,POST,T3,temporal,kiri,301.702,303.202,1.5,1.5,ok,video,0.0,True,False,False,11.91186982894273,9.920503355995468,7.700056844876574,12.03135546713203
P01,NGEED,4,POST,T5,temporo-posterior,kiri,301.702,303.202,1.5,1.5,ok,video,0.0,True,False,False,10.462192989053264,10.845794460627587,8.467026083535647,10.955125059258588
P01,NGEED,4,POST,Fp2,frontopolar,kanan,301.702,303.202,1.5,1.5,ok,video,0.0,True,False,False,7.915465954438343,8.865504869575517,4.164196433910451,8.600034680401517
P01,NGEED,4,POST,F4,frontal,kanan,301.702,303.202,1.5,1.5,ok,video,0.3,True,True,False,-0.47292416793088066,1.3408159725791613,-0.4661389818615831,-0.5130388656472711
P01,NGEED,4,POST,C4,sentral,kanan,301.702,303.202,1.5,1.5,ok,video,0.0,True,False,False,1.988568060953238,1.4146301222927704,1.6283614614484385,1.301246435870592
P01,NGEED,4,POST,P4,parietal,kanan,301.702,303.202,1.5,1.5,ok,video,0.0,True,False,False,7.278859282648824,7.072093407300017,6.2938589973439925,7.884387527658969
P01,NGEED,4,POST,O2,oksipital,kanan,301.702,303.202,1.5,1.5,ok,video,0.0,True,False,False,11.405793150004307,10.629429859271198,12.246921412804923,11.860391317143218
P01,NGEED,4,POST,F8,frontotemporal,kanan,301.702,303.202,1.5,1.5,ok,video,0.0,True,False,False,8.90517185789843,8.64094933710652,8.43361941271116,7.932035239508458
P01,NGEED,4,POST,T4,temporal,kanan,301.702,303.202,1.5,1.5,ok,video,0.567,False,False,False,,,,
P01,NGEED,4,POST,T6,temporo-posterior,kanan,301.702,303.202,1.5,1.5,ok,video,0.0,True,False,False,7.5813475796618235,7.6162065340072225,9.352862887812488,9.801581308491688
P01,AGEM KANAN,3,PRA,Fp1,frontopolar,kiri,309.464,311.464,2.0,2.0,ok,video,0.0,True,False,False,14.729026626426947,15.096197611940887,12.074366824242933,14.866003239773713
P01,AGEM KANAN,3,PRA,F3,frontal,kiri,309.464,311.464,2.0,2.0,ok,video,0.0,True,False,False,17.414271779644327,17.123434509889233,16.159495735922405,16.846506185576576
P01,AGEM KANAN,3,PRA,C3,sentral,kiri,309.464,311.464,2.0,2.0,ok,video,0.0,True,False,False,16.50492302610204,13.3476480863722,14.563569027862155,16.004082232413843
P01,AGEM KANAN,3,PRA,P3,parietal,kiri,309.464,311.464,2.0,2.0,ok,video,0.0,True,False,False,19.965859255901076,20.230408334286622,22.552577046950276,20.93052403910763
P01,AGEM KANAN,3,PRA,O1,oksipital,kiri,309.464,311.464,2.0,2.0,ok,video,0.0,True,False,False,21.307045002325044,14.556281094099067,16.512951675057323,20.238435662437034
P01,AGEM KANAN,3,PRA,F7,frontotemporal,kiri,309.464,311.464,2.0,2.0,ok,video,0.0,True,False,False,13.749056846863517,16.03310562081988,20.256891933231778,20.490191213282436
P01,AGEM KANAN,3,PRA,T3,temporal,kiri,309.464,311.464,2.0,2.0,ok,video,0.0,True,False,False,8.8875369304555,9.274335747445342,11.330961616626755,13.396661645493324
P01,AGEM KANAN,3,PRA,T5,temporo-posterior,kiri,309.464,311.464,2.0,2.0,ok,video,0.0,True,False,False,17.059339323719904,14.000783937628121,12.276096472750318,16.514241757748533
P01,AGEM KANAN,3,PRA,Fp2,frontopolar,kanan,309.464,311.464,2.0,2.0,ok,video,0.0,True,False,False,14.337337849184518,12.423426798925277,8.9033611584237,14.474934351276818
P01,AGEM KANAN,3,PRA,F4,frontal,kanan,309.464,311.464,2.0,2.0,ok,video,0.0,True,False,False,7.990480491786748,6.712783944042293,10.382199377198269,8.648906986481524
P01,AGEM KANAN,3,PRA,C4,sentral,kanan,309.464,311.464,2.0,2.0,ok,video,0.0,True,False,False,9.743147011761245,11.850044430367312,11.875607863646529,10.561708213891883
P01,AGEM KANAN,3,PRA,P4,parietal,kanan,309.464,311.464,2.0,2.0,ok,video,0.0,True,False,False,18.184413249679288,13.429866463461721,8.792675929726919,15.508408738749004
P01,AGEM KANAN,3,PRA,O2,oksipital,kanan,309.464,311.464,2.0,2.0,ok,video,0.0,True,False,False,22.425882686478275,16.33883757221703,11.539702660846771,20.205529147164036
P01,AGEM KANAN,3,PRA,F8,frontotemporal,kanan,309.464,311.464,2.0,2.0,ok,video,0.0,True,False,False,23.530895467299842,14.187204740478748,20.46574738817807,21.622226702335734
P01,AGEM KANAN,3,PRA,T4,temporal,kanan,309.464,311.464,2.0,2.0,ok,video,0.0,True,False,False,17.701326960955488,9.535390963305431,9.726515075577602,15.918931999930074
P01,AGEM KANAN,3,PRA,T6,temporo-posterior,kanan,309.464,311.464,2.0,2.0,ok,video,0.0,True,False,False,19.264645034210538,14.302961234756918,11.569820529851508,17.00813383786588
P01,AGEM KANAN,3,TURUN,Fp1,frontopolar,kiri,312.163,312.959,1.138,0.797,ok,video,0.0,True,False,False,18.939827883808466,24.958049578153414,20.645294818961474,20.98604875159139
P01,AGEM KANAN,3,TURUN,F3,frontal,kiri,312.163,312.959,1.138,0.797,ok,video,0.0,True,False,False,19.22445516350606,27.420560647338835,25.30181342418375,22.467848189118858
P01,AGEM KANAN,3,TURUN,C3,sentral,kiri,312.163,312.959,1.138,0.797,ok,video,0.0,True,False,False,10.630252565295613,10.166794905109043,18.45539663658539,13.432842111106119
P01,AGEM KANAN,3,TURUN,P3,parietal,kiri,312.163,312.959,1.138,0.797,ok,video,0.0,True,False,False,15.253710647966745,14.977419733517031,12.703369755726062,12.55137172527612
P01,AGEM KANAN,3,TURUN,O1,oksipital,kiri,312.163,312.959,1.138,0.797,ok,video,0.0,True,False,False,11.54412166684386,14.835002343375752,19.95059159793471,17.19673665932573
P01,AGEM KANAN,3,TURUN,F7,frontotemporal,kiri,312.163,312.959,1.138,0.797,ok,video,0.0,True,False,False,8.756498389239916,20.003583056147995,21.6474113665846,14.642530689202253
P01,AGEM KANAN,3,TURUN,T3,temporal,kiri,312.163,312.959,1.138,0.797,ok,video,0.0,True,False,False,26.375344785038,27.1370438139125,25.66367449543299,27.401976045237525
P01,AGEM KANAN,3,TURUN,T5,temporo-posterior,kiri,312.163,312.959,1.138,0.797,ok,video,0.0,True,False,False,23.90347768320941,21.053877391967568,20.394936006116076,22.45426609952221
P01,AGEM KANAN,3,TURUN,Fp2,frontopolar,kanan,312.163,312.959,1.138,0.797,ok,video,0.0,True,False,False,19.782339956407913,21.366935217075017,17.126253065005486,19.417558248873366
P01,AGEM KANAN,3,TURUN,F4,frontal,kanan,312.163,312.959,1.138,0.797,ok,video,0.0,True,False,False,11.040369179736324,15.05197810511972,20.528382730680306,13.6933973244678
P01,AGEM KANAN,3,TURUN,C4,sentral,kanan,312.163,312.959,1.138,0.797,ok,video,0.0,True,False,False,15.122833518424308,21.324236319728428,19.22567363340807,19.5645917258448
P01,AGEM KANAN,3,TURUN,P4,parietal,kanan,312.163,312.959,1.138,0.797,ok,video,0.0,True,False,False,17.290290540205483,16.467627727777383,17.702142098300317,17.572092558087675
P01,AGEM KANAN,3,TURUN,O2,oksipital,kanan,312.163,312.959,1.138,0.797,ok,video,0.0,True,False,False,14.623459171613959,17.311787813762926,20.495271303339983,17.125696984846748
P01,AGEM KANAN,3,TURUN,F8,frontotemporal,kanan,312.163,312.959,1.138,0.797,ok,video,0.0,True,False,False,19.917076226411048,22.365094991810565,20.61775247576706,22.41339523538726
P01,AGEM KANAN,3,TURUN,T4,temporal,kanan,312.163,312.959,1.138,0.797,ok,video,0.0,True,False,False,19.288097227283306,16.947950169149237,17.893792353113966,20.015576925752825
P01,AGEM KANAN,3,TURUN,T6,temporo-posterior,kanan,312.163,312.959,1.138,0.797,ok,video,0.0,True,False,False,16.269322486732783,22.78868422456347,21.005621899283636,18.939381706410007
P01,AGEM KANAN,3,TAHAN,Fp1,frontopolar,kiri,313.38,315.741,2.861,2.361,ok,video,0.0,True,False,False,8.165282944648144,6.909284676949113,9.078299642762538,9.291108062211515
P01,AGEM KANAN,3,TAHAN,F3,frontal,kiri,313.38,315.741,2.861,2.361,ok,video,0.0,True,False,False,9.020553673062384,8.540625376661925,7.055391150861968,8.213965275109398
P01,AGEM KANAN,3,TAHAN,C3,sentral,kiri,313.38,315.741,2.861,2.361,ok,video,0.0,True,False,False,1.8181164613674667,1.439939212434762,5.023094322079807,4.054009595559059
P01,AGEM KANAN,3,TAHAN,P3,parietal,kiri,313.38,315.741,2.861,2.361,ok,video,0.0,True,False,False,4.510676446559511,1.5811590476907078,2.9084690988015396,3.2090790649984413
P01,AGEM KANAN,3,TAHAN,O1,oksipital,kiri,313.38,315.741,2.861,2.361,ok,video,0.0,True,False,False,4.02533382373225,1.8933741591347477,11.987630589943445,8.875375411561752
P01,AGEM KANAN,3,TAHAN,F7,frontotemporal,kiri,313.38,315.741,2.861,2.361,ok,video,0.0,True,False,False,5.960981609350178,7.776128902028248,8.225625929001787,6.532451759859381
P01,AGEM KANAN,3,TAHAN,T3,temporal,kiri,313.38,315.741,2.861,2.361,ok,video,0.0,True,False,False,9.83347575229661,9.380687557889004,7.710240849740387,9.9028249029403
P01,AGEM KANAN,3,TAHAN,T5,temporo-posterior,kiri,313.38,315.741,2.861,2.361,ok,video,0.0,True,False,False,13.61020886693477,11.642004923254603,7.835118930173429,13.290897917977102
P01,AGEM KANAN,3,TAHAN,Fp2,frontopolar,kanan,313.38,315.741,2.861,2.361,ok,video,0.0,True,False,False,9.28613354990215,9.06302956652467,11.52551774682356,11.876075078740467
P01,AGEM KANAN,3,TAHAN,F4,frontal,kanan,313.38,315.741,2.861,2.361,ok,video,0.0,True,False,False,4.786321559449874,4.776417356751491,12.93300194075131,7.421874017889653
P01,AGEM KANAN,3,TAHAN,C4,sentral,kanan,313.38,315.741,2.861,2.361,ok,video,0.0,True,False,False,7.6464171786481145,9.807818459371092,10.927711066289032,9.455647786119194
P01,AGEM KANAN,3,TAHAN,P4,parietal,kanan,313.38,315.741,2.861,2.361,ok,video,0.0,True,False,False,9.329278070677532,7.753466402843465,11.410377883754016,10.833487450390784
P01,AGEM KANAN,3,TAHAN,O2,oksipital,kanan,313.38,315.741,2.861,2.361,ok,video,0.0,True,False,False,7.276320654136647,5.272467168780793,11.56602830327748,11.576549058849373
P01,AGEM KANAN,3,TAHAN,F8,frontotemporal,kanan,313.38,315.741,2.861,2.361,ok,video,0.0,True,False,False,14.59498963721527,12.106641028760777,17.89874816538286,14.627007135545941
P01,AGEM KANAN,3,TAHAN,T4,temporal,kanan,313.38,315.741,2.861,2.361,ok,video,0.0,True,False,False,13.671617905427272,10.789977422217376,11.935608767752232,15.432658058203408
P01,AGEM KANAN,3,TAHAN,T6,temporo-posterior,kanan,313.38,315.741,2.861,2.361,ok,video,0.0,True,False,False,11.034199112004416,9.806555331555078,11.638556914107404,11.633041297806965
P01,AGEM KANAN,3,NAIK,Fp1,frontopolar,kiri,316.122,316.735,0.875,0.612,ok,video,0.0,True,False,False,17.91381452563309,18.730858154419074,18.504913308606493,17.900761926202115
P01,AGEM KANAN,3,NAIK,F3,frontal,kiri,316.122,316.735,0.875,0.612,ok,video,0.0,True,False,False,20.28781893798727,22.561857123830503,20.490585488880512,20.31878500962956
P01,AGEM KANAN,3,NAIK,C3,sentral,kiri,316.122,316.735,0.875,0.612,ok,video,0.0,True,False,False,9.315074457439522,10.024414067417112,10.805068628759471,11.042255419547494
P01,AGEM KANAN,3,NAIK,P3,parietal,kiri,316.122,316.735,0.875,0.612,ok,video,0.0,True,False,False,1.983797898797647,5.7089620640972285,4.803430767205079,4.393460939681379
P01,AGEM KANAN,3,NAIK,O1,oksipital,kiri,316.122,316.735,0.875,0.612,ok,video,0.0,True,False,False,12.021359930912727,9.474296632910796,11.794222332873614,12.23431945958388
P01,AGEM KANAN,3,NAIK,F7,frontotemporal,kiri,316.122,316.735,0.875,0.612,ok,video,0.0,True,False,False,9.537749236019735,8.957638849845758,11.423913305566728,11.018526427204783
P01,AGEM KANAN,3,NAIK,T3,temporal,kiri,316.122,316.735,0.875,0.612,ok,video,0.0,True,False,False,13.246121030689867,20.395936246897982,16.15055519850971,16.39031289201438
P01,AGEM KANAN,3,NAIK,T5,temporo-posterior,kiri,316.122,316.735,0.875,0.612,ok,video,0.0,True,False,False,12.68097225785079,12.613093062641894,15.871576287650491,13.393810766480282
P01,AGEM KANAN,3,NAIK,Fp2,frontopolar,kanan,316.122,316.735,0.875,0.612,ok,video,0.0,True,False,False,8.749532443498534,9.386701513526852,11.218115250536592,12.63829752222384
P01,AGEM KANAN,3,NAIK,F4,frontal,kanan,316.122,316.735,0.875,0.612,ok,video,0.0,True,False,False,-0.5077539056981983,3.8321116638539614,7.970639942834161,3.719587978431594
P01,AGEM KANAN,3,NAIK,C4,sentral,kanan,316.122,316.735,0.875,0.612,ok,video,0.0,True,False,False,1.4541182880377832,6.668002342607608,8.146508564339328,6.154948726319095
P01,AGEM KANAN,3,NAIK,P4,parietal,kanan,316.122,316.735,0.875,0.612,ok,video,0.0,True,False,False,11.095900237776618,8.937113209324487,7.856816398633651,12.536331306391602
P01,AGEM KANAN,3,NAIK,O2,oksipital,kanan,316.122,316.735,0.875,0.612,ok,video,0.0,True,False,False,4.062395031678271,4.152276806985423,7.611384300430757,5.369841133193827
P01,AGEM KANAN,3,NAIK,F8,frontotemporal,kanan,316.122,316.735,0.875,0.612,ok,video,0.0,True,False,False,13.934229726320503,17.459792857371,18.02217970457856,16.895505761915633
P01,AGEM KANAN,3,NAIK,T4,temporal,kanan,316.122,316.735,0.875,0.612,ok,video,0.0,True,False,False,3.397561697666017,4.551926621685727,6.640065897453823,6.641923061682782
P01,AGEM KANAN,3,NAIK,T6,temporo-posterior,kanan,316.122,316.735,0.875,0.612,ok,video,0.0,True,False,False,7.9840229809326075,10.396394485212976,14.58431691187646,10.20873226029072
P01,AGEM KANAN,3,POST,Fp1,frontopolar,kiri,317.366,318.866,1.5,1.5,ok,video,0.0,True,False,False,16.446765164264843,13.585908361747563,16.946306650999365,16.768583213940104
P01,AGEM KANAN,3,POST,F3,frontal,kiri,317.366,318.866,1.5,1.5,ok,video,0.0,True,False,False,16.447800370217838,16.941284493287288,17.303465670103133,16.220794460128428
P01,AGEM KANAN,3,POST,C3,sentral,kiri,317.366,318.866,1.5,1.5,ok,video,0.0,True,False,False,15.972497308191059,17.511934219563,15.608613131177755,15.96084751922622
P01,AGEM KANAN,3,POST,P3,parietal,kiri,317.366,318.866,1.5,1.5,ok,video,0.0,True,False,False,14.74949042981785,14.453381339929813,12.835435841996091,15.03304783267999
P01,AGEM KANAN,3,POST,O1,oksipital,kiri,317.366,318.866,1.5,1.5,ok,video,0.0,True,False,False,17.756283198767303,15.183996620002151,15.796322027187552,16.980974131552713
P01,AGEM KANAN,3,POST,F7,frontotemporal,kiri,317.366,318.866,1.5,1.5,ok,video,0.0,True,False,False,19.916128581752915,20.81660323207555,15.958071667638965,21.52831088172195
P01,AGEM KANAN,3,POST,T3,temporal,kiri,317.366,318.866,1.5,1.5,ok,video,0.0,True,False,False,16.746120286786958,16.812146372207096,14.41269943032707,16.882274712922374
P01,AGEM KANAN,3,POST,T5,temporo-posterior,kiri,317.366,318.866,1.5,1.5,ok,video,0.0,True,False,False,15.638557442409692,15.263166516308466,13.618793992288484,16.507525620193082
P01,AGEM KANAN,3,POST,Fp2,frontopolar,kanan,317.366,318.866,1.5,1.5,ok,video,0.0,True,False,False,17.37327686736337,12.878620306462985,12.766729938520264,15.455704966868812
P01,AGEM KANAN,3,POST,F4,frontal,kanan,317.366,318.866,1.5,1.5,ok,video,0.0,True,False,False,8.149010173891128,6.100035268914276,13.81398762395316,10.653584166926297
P01,AGEM KANAN,3,POST,C4,sentral,kanan,317.366,318.866,1.5,1.5,ok,video,0.0,True,False,False,15.035467715562362,11.265477970180747,11.094891571694323,15.07180940001654
P01,AGEM KANAN,3,POST,P4,parietal,kanan,317.366,318.866,1.5,1.5,ok,video,0.0,True,False,False,15.639339904101668,12.891322011972065,12.831170510878003,16.69547301408086
P01,AGEM KANAN,3,POST,O2,oksipital,kanan,317.366,318.866,1.5,1.5,ok,video,0.0,True,False,False,14.690505344891477,13.438853726389006,16.51129715658457,15.694691082026004
P01,AGEM KANAN,3,POST,F8,frontotemporal,kanan,317.366,318.866,1.5,1.5,ok,video,0.0,True,False,False,21.77028746272714,21.884953791993105,18.462901863491705,21.119646719040144
P01,AGEM KANAN,3,POST,T4,temporal,kanan,317.366,318.866,1.5,1.5,ok,video,0.0,True,False,False,12.613773251444112,6.944162051845197,11.1624571424584,12.32404378425823
P01,AGEM KANAN,3,POST,T6,temporo-posterior,kanan,317.366,318.866,1.5,1.5,ok,video,0.0,True,False,False,18.165603832550154,17.27284687259417,15.38209571782387,17.29127933163981
P01,AGEM KANAN,4,PRA,Fp1,frontopolar,kiri,325.059,327.059,2.0,2.0,ok,video,0.0,True,False,False,18.097202155204688,17.603077289825578,12.206071262811918,16.214214679068824
P01,AGEM KANAN,4,PRA,F3,frontal,kiri,325.059,327.059,2.0,2.0,ok,video,0.0,True,False,False,16.52505309955217,17.800987259065504,14.118777548887707,17.873640476272623
P01,AGEM KANAN,4,PRA,C3,sentral,kiri,325.059,327.059,2.0,2.0,ok,video,0.0,True,False,False,16.40923144325952,15.887666973720268,13.552979661553643,18.52365663470559
P01,AGEM KANAN,4,PRA,P3,parietal,kiri,325.059,327.059,2.0,2.0,ok,video,0.0,True,False,False,17.52814234695632,21.229526800661553,16.35639187285593,18.14238754759952
P01,AGEM KANAN,4,PRA,O1,oksipital,kiri,325.059,327.059,2.0,2.0,ok,video,0.0,True,False,False,21.21937962071937,15.661845316197198,19.087038759506683,22.840957188153524
P01,AGEM KANAN,4,PRA,F7,frontotemporal,kiri,325.059,327.059,2.0,2.0,ok,video,0.0,True,False,False,19.53932388627797,21.650081518500976,16.300223762932717,18.45112455351768
P01,AGEM KANAN,4,PRA,T3,temporal,kiri,325.059,327.059,2.0,2.0,ok,video,0.0,True,False,False,18.770712303080213,12.375640833950648,9.24817192991841,18.362763992932607
P01,AGEM KANAN,4,PRA,T5,temporo-posterior,kiri,325.059,327.059,2.0,2.0,ok,video,0.0,True,False,False,19.105164133295055,15.873259058990762,14.777243938790185,21.98642593699461
P01,AGEM KANAN,4,PRA,Fp2,frontopolar,kanan,325.059,327.059,2.0,2.0,ok,video,0.0,True,False,False,16.400498813023145,15.132150674891264,12.753923437888062,17.096741684898443
P01,AGEM KANAN,4,PRA,F4,frontal,kanan,325.059,327.059,2.0,2.0,ok,video,0.0,True,False,False,11.587041509094192,8.390137501286876,10.092115610535384,12.204184510754079
P01,AGEM KANAN,4,PRA,C4,sentral,kanan,325.059,327.059,2.0,2.0,ok,video,0.0,True,False,False,18.208347776287766,16.002189375104017,12.556902645145648,16.003965948406986
P01,AGEM KANAN,4,PRA,P4,parietal,kanan,325.059,327.059,2.0,2.0,ok,video,0.0,True,False,False,22.39184065649308,15.862796922155567,12.936765561126915,22.344322016121176
P01,AGEM KANAN,4,PRA,O2,oksipital,kanan,325.059,327.059,2.0,2.0,ok,video,0.0,True,False,False,20.425555964861267,17.92792048918802,19.27409228515885,22.62325590569612
P01,AGEM KANAN,4,PRA,F8,frontotemporal,kanan,325.059,327.059,2.0,2.0,ok,video,0.0,True,False,False,16.44951722396017,13.715877356048281,20.453779439477724,20.52155547506627
P01,AGEM KANAN,4,PRA,T4,temporal,kanan,325.059,327.059,2.0,2.0,ok,video,0.0,True,False,False,18.268101801959826,13.3922471149952,13.72915644817601,16.642998793615114
P01,AGEM KANAN,4,PRA,T6,temporo-posterior,kanan,325.059,327.059,2.0,2.0,ok,video,0.0,True,False,False,20.372516554761667,15.845863533463021,14.776546721794386,20.4054520511181
P01,AGEM KANAN,4,TURUN,Fp1,frontopolar,kiri,328.378,329.808,1.93,1.43,ok,video,0.0,True,False,False,8.312061371919551,10.210045954359021,11.81208980831763,10.163702534148586
P01,AGEM KANAN,4,TURUN,F3,frontal,kiri,328.378,329.808,1.93,1.43,ok,video,0.0,True,False,False,11.500124747099779,12.281816479590166,13.315722263233695,10.654076125579966
P01,AGEM KANAN,4,TURUN,C3,sentral,kiri,328.378,329.808,1.93,1.43,ok,video,0.0,True,False,False,9.682787150112468,5.390249225486816,2.7557575521960764,8.76641535929544
P01,AGEM KANAN,4,TURUN,P3,parietal,kiri,328.378,329.808,1.93,1.43,ok,video,0.0,True,False,False,8.600594089571974,3.882468475244522,4.052708749431726,6.909550792954537
P01,AGEM KANAN,4,TURUN,O1,oksipital,kiri,328.378,329.808,1.93,1.43,ok,video,0.0,True,False,False,8.981433736677499,6.525964488431022,9.08200848296312,10.532184577704406
P01,AGEM KANAN,4,TURUN,F7,frontotemporal,kiri,328.378,329.808,1.93,1.43,ok,video,0.0,True,False,False,5.275114711853583,6.87673983297158,7.339483932638839,6.847568233814059
P01,AGEM KANAN,4,TURUN,T3,temporal,kiri,328.378,329.808,1.93,1.43,ok,video,0.0,True,False,False,14.299414196703882,13.966223418952744,11.172344673054102,15.500529999771324
P01,AGEM KANAN,4,TURUN,T5,temporo-posterior,kiri,328.378,329.808,1.93,1.43,ok,video,0.0,True,False,False,10.914249866149461,12.86989965533202,12.57466513841516,12.790127142051634
P01,AGEM KANAN,4,TURUN,Fp2,frontopolar,kanan,328.378,329.808,1.93,1.43,ok,video,0.0,True,False,False,11.180583019093486,10.047631645300022,6.127441023787384,10.601757503970806
P01,AGEM KANAN,4,TURUN,F4,frontal,kanan,328.378,329.808,1.93,1.43,ok,video,0.0,True,False,False,5.496518629177672,9.04990574037775,13.293669709998941,7.427073702958548
P01,AGEM KANAN,4,TURUN,C4,sentral,kanan,328.378,329.808,1.93,1.43,ok,video,0.0,True,False,False,8.694788119036453,9.659871083206653,7.911062155844082,8.037422274649387
P01,AGEM KANAN,4,TURUN,P4,parietal,kanan,328.378,329.808,1.93,1.43,ok,video,0.0,True,False,False,10.274541100900187,10.574203725179196,8.165502961040513,8.85398957914187
P01,AGEM KANAN,4,TURUN,O2,oksipital,kanan,328.378,329.808,1.93,1.43,ok,video,0.0,True,False,False,9.070808073566582,5.736820505070803,7.673297086695413,10.439298163101427
P01,AGEM KANAN,4,TURUN,F8,frontotemporal,kanan,328.378,329.808,1.93,1.43,ok,video,0.0,True,False,False,23.837630492678535,20.218550843519544,21.415075485422594,23.438429165028193
P01,AGEM KANAN,4,TURUN,T4,temporal,kanan,328.378,329.808,1.93,1.43,ok,video,0.0,True,False,False,8.493089743492948,6.057974448077616,6.971772624246494,6.307193791286423
P01,AGEM KANAN,4,TURUN,T6,temporo-posterior,kanan,328.378,329.808,1.93,1.43,ok,video,0.0,True,False,False,10.91182244875867,11.087550962591056,10.59245687648771,9.501203208915893
P01,AGEM KANAN,4,TAHAN,Fp1,frontopolar,kiri,330.308,332.35,2.542,2.042,ok,video,0.0,True,False,False,3.6955132776277964,3.0629486417628726,3.836560833079311,4.489751859066873
P01,AGEM KANAN,4,TAHAN,F3,frontal,kiri,330.308,332.35,2.542,2.042,ok,video,0.195,True,True,False,2.9682916003507778,4.406985488705708,1.0955328481656785,4.40121452606645
P01,AGEM KANAN,4,TAHAN,C3,sentral,kiri,330.308,332.35,2.542,2.042,ok,video,0.195,True,True,False,0.25876092455348143,-0.6212373833040878,-0.5588196991592405,3.0451679976901502
P01,AGEM KANAN,4,TAHAN,P3,parietal,kiri,330.308,332.35,2.542,2.042,ok,video,0.195,True,True,False,0.2894403717166121,-0.13683956894671212,0.266996683599265,0.23871113003941957
P01,AGEM KANAN,4,TAHAN,O1,oksipital,kiri,330.308,332.35,2.542,2.042,ok,video,0.0,True,False,False,-2.0823021880029913,-0.9010789021706067,0.8823223429367637,5.148020800716033
P01,AGEM KANAN,4,TAHAN,F7,frontotemporal,kiri,330.308,332.35,2.542,2.042,ok,video,0.0,True,False,False,-2.9721514632546864,4.099802990483244,5.415023754323894,2.535264431057392
P01,AGEM KANAN,4,TAHAN,T3,temporal,kiri,330.308,332.35,2.542,2.042,ok,video,0.0,True,False,False,4.632019736340322,3.935956201088409,2.7468376376798354,4.57738011365004
P01,AGEM KANAN,4,TAHAN,T5,temporo-posterior,kiri,330.308,332.35,2.542,2.042,ok,video,0.0,True,False,False,5.469201437062257,7.0375662351171115,2.9303443754893443,11.478161592092267
P01,AGEM KANAN,4,TAHAN,Fp2,frontopolar,kanan,330.308,332.35,2.542,2.042,ok,video,0.0,True,False,False,-0.12357564998062642,2.7691292823579303,2.0166336092651846,2.8184615157790027
P01,AGEM KANAN,4,TAHAN,F4,frontal,kanan,330.308,332.35,2.542,2.042,ok,video,0.0,True,False,False,-6.0762657077677105,0.030228099212489923,2.5950808161608165,-0.5911820235504344
P01,AGEM KANAN,4,TAHAN,C4,sentral,kanan,330.308,332.35,2.542,2.042,ok,video,0.0,True,False,False,0.3554559398448802,2.743307826131808,2.424314867735742,2.378728793231886
P01,AGEM KANAN,4,TAHAN,P4,parietal,kanan,330.308,332.35,2.542,2.042,ok,video,0.0,True,False,False,2.3759039221172245,4.976107661273296,3.227262375422292,4.89580597579214
P01,AGEM KANAN,4,TAHAN,O2,oksipital,kanan,330.308,332.35,2.542,2.042,ok,video,0.0,True,False,False,-1.37630150331524,-0.3225626771303638,1.902568825938502,4.936938609237547
P01,AGEM KANAN,4,TAHAN,F8,frontotemporal,kanan,330.308,332.35,2.542,2.042,ok,video,0.0,True,False,False,7.992715076993662,11.990577714200896,11.950628019302854,9.658791575790719
P01,AGEM KANAN,4,TAHAN,T4,temporal,kanan,330.308,332.35,2.542,2.042,ok,video,0.0,True,False,False,1.752725714155087,3.8305135755880855,4.61388213951718,2.4394526286006055
P01,AGEM KANAN,4,TAHAN,T6,temporo-posterior,kanan,330.308,332.35,2.542,2.042,ok,video,0.0,True,False,False,0.4426513697292549,2.2684551817489584,4.590782011805189,2.01817601899997
P01,AGEM KANAN,4,NAIK,Fp1,frontopolar,kiri,332.7,333.166,0.666,0.466,ok,video,0.0,True,False,False,13.125677820297167,13.703362621845294,14.753777583808532,13.123530601090321
P01,AGEM KANAN,4,NAIK,F3,frontal,kiri,332.7,333.166,0.666,0.466,ok,video,0.0,True,False,False,17.8963421544797,15.305616325279924,16.69957554535124,18.47615260911348
P01,AGEM KANAN,4,NAIK,C3,sentral,kiri,332.7,333.166,0.666,0.466,ok,video,0.553,False,False,False,,,,
P01,AGEM KANAN,4,NAIK,P3,parietal,kiri,332.7,333.166,0.666,0.466,ok,video,0.553,False,False,False,,,,
P01,AGEM KANAN,4,NAIK,O1,oksipital,kiri,332.7,333.166,0.666,0.466,ok,video,0.0,True,False,False,10.9684238590682,1.6521472094410292,7.505053424966166,11.138534925395405
P01,AGEM KANAN,4,NAIK,F7,frontotemporal,kiri,332.7,333.166,0.666,0.466,ok,video,0.0,True,False,False,11.910969238681432,8.965882095734333,11.600820610459444,13.500953059231975
P01,AGEM KANAN,4,NAIK,T3,temporal,kiri,332.7,333.166,0.666,0.466,ok,video,0.0,True,False,False,16.511487655572484,12.472425108111416,10.682340143863946,14.272461363961192
P01,AGEM KANAN,4,NAIK,T5,temporo-posterior,kiri,332.7,333.166,0.666,0.466,ok,video,0.0,True,False,False,14.16422368100023,5.555866590996921,8.031232630247601,11.151835905173566
P01,AGEM KANAN,4,NAIK,Fp2,frontopolar,kanan,332.7,333.166,0.666,0.466,ok,video,0.0,True,False,False,14.40698946452773,9.357703811122768,9.285163748762763,11.517462817809498
P01,AGEM KANAN,4,NAIK,F4,frontal,kanan,332.7,333.166,0.666,0.466,ok,video,0.0,True,False,False,6.083404684494347,0.5804795978866046,7.477286983981166,7.485317297987972
P01,AGEM KANAN,4,NAIK,C4,sentral,kanan,332.7,333.166,0.666,0.466,ok,video,0.0,True,False,False,8.235652908929929,6.216000849064727,6.177509330519708,7.8125382470258415
P01,AGEM KANAN,4,NAIK,P4,parietal,kanan,332.7,333.166,0.666,0.466,ok,video,0.0,True,False,False,14.870853521780639,8.215126380449032,7.863222638886182,13.211457714926198
P01,AGEM KANAN,4,NAIK,O2,oksipital,kanan,332.7,333.166,0.666,0.466,ok,video,0.0,True,False,False,11.637031110151966,4.779099550782355,6.412352042654824,9.856317455187515
P01,AGEM KANAN,4,NAIK,F8,frontotemporal,kanan,332.7,333.166,0.666,0.466,ok,video,0.0,True,False,False,18.88218090886459,11.912180614883276,16.676207635324484,16.70863414785997
P01,AGEM KANAN,4,NAIK,T4,temporal,kanan,332.7,333.166,0.666,0.466,ok,video,0.0,True,False,False,8.107078347278222,0.7755000077174365,2.3199820890576746,4.62850060479655
P01,AGEM KANAN,4,NAIK,T6,temporo-posterior,kanan,332.7,333.166,0.666,0.466,ok,video,0.0,True,False,False,17.37675977274869,8.592463981650571,12.889106890076576,15.235907859314668
P01,AGEM KANAN,4,POST,Fp1,frontopolar,kiri,333.766,335.266,1.5,1.5,ok,video,0.0,True,False,False,22.838518203610956,20.14742035470553,21.460503131914802,21.800213310543285
P01,AGEM KANAN,4,POST,F3,frontal,kiri,333.766,335.266,1.5,1.5,ok,video,0.0,True,False,False,19.40690994090362,19.03685639906634,14.58380921089298,19.18386422596726
P01,AGEM KANAN,4,POST,C3,sentral,kiri,333.766,335.266,1.5,1.5,ok,video,0.0,True,False,False,21.808150635856762,20.84566383682552,18.561557790764006,21.68757723506561
P01,AGEM KANAN,4,POST,P3,parietal,kiri,333.766,335.266,1.5,1.5,ok,video,0.0,True,False,False,21.87308582116032,25.66562537423063,21.15752172757591,21.314177205154273
P01,AGEM KANAN,4,POST,O1,oksipital,kiri,333.766,335.266,1.5,1.5,ok,video,0.0,True,False,False,26.091611249003254,26.04689243663211,25.04217366070219,26.650006052688404
P01,AGEM KANAN,4,POST,F7,frontotemporal,kiri,333.766,335.266,1.5,1.5,ok,video,0.0,True,False,False,22.698640774815303,21.67657370430578,21.2291839775936,22.83633545866143
P01,AGEM KANAN,4,POST,T3,temporal,kiri,333.766,335.266,1.5,1.5,ok,video,0.0,True,False,False,20.770264342479525,18.980648115814837,15.390723311714549,20.942199819481957
P01,AGEM KANAN,4,POST,T5,temporo-posterior,kiri,333.766,335.266,1.5,1.5,ok,video,0.0,True,False,False,24.846886637465566,25.168442100235538,18.210963151035997,24.340775967156628
P01,AGEM KANAN,4,POST,Fp2,frontopolar,kanan,333.766,335.266,1.5,1.5,ok,video,0.0,True,False,False,23.52276764714023,22.571858466096742,21.475513236178273,23.43439504037465
P01,AGEM KANAN,4,POST,F4,frontal,kanan,333.766,335.266,1.5,1.5,ok,video,0.0,True,False,False,19.878089720738622,19.64852264964051,23.78226666593728,21.47838409346865
P01,AGEM KANAN,4,POST,C4,sentral,kanan,333.766,335.266,1.5,1.5,ok,video,0.0,True,False,False,23.574291688224804,21.783899165334986,25.909520249856755,24.428001541073677
P01,AGEM KANAN,4,POST,P4,parietal,kanan,333.766,335.266,1.5,1.5,ok,video,0.0,True,False,False,27.4326381752562,25.09078781828628,23.380555659413904,26.59427465800467
P01,AGEM KANAN,4,POST,O2,oksipital,kanan,333.766,335.266,1.5,1.5,ok,video,0.0,True,False,False,25.31042309887819,25.630193237535828,25.035810537706908,26.14588118426355
P01,AGEM KANAN,4,POST,F8,frontotemporal,kanan,333.766,335.266,1.5,1.5,ok,video,0.0,True,False,False,28.97246036303052,22.363160946891973,23.54861390343741,26.762059264517315
P01,AGEM KANAN,4,POST,T4,temporal,kanan,333.766,335.266,1.5,1.5,ok,video,0.0,True,False,False,29.778180924474764,23.635382194471887,19.83726143245878,26.258162964320768
P01,AGEM KANAN,4,POST,T6,temporo-posterior,kanan,333.766,335.266,1.5,1.5,ok,video,0.0,True,False,False,26.188947619740006,25.033450891094322,26.097508419502066,26.144467553096252
P01,AGEM KIRI,3,PRA,Fp1,frontopolar,kiri,339.126,341.126,2.0,2.0,short_hold,video,0.0,True,False,False,2.258843410927785,-1.6412020227796074,-0.2826330683588125,1.3027766240784455
P01,AGEM KIRI,3,PRA,F3,frontal,kiri,339.126,341.126,2.0,2.0,short_hold,video,0.0,True,False,False,1.4661575050596625,1.8636726172941316,3.0218357102447513,1.4794393659039393
P01,AGEM KIRI,3,PRA,C3,sentral,kiri,339.126,341.126,2.0,2.0,short_hold,video,0.0,True,False,False,-6.102373039823803,-2.0518830545424294,0.2522506318419797,-3.229316144454181
P01,AGEM KIRI,3,PRA,P3,parietal,kiri,339.126,341.126,2.0,2.0,short_hold,video,0.0,True,False,False,-2.436719440666753,3.5884944925668307,-0.691236962195724,-1.1055165357780936
P01,AGEM KIRI,3,PRA,O1,oksipital,kiri,339.126,341.126,2.0,2.0,short_hold,video,0.0,True,False,False,-2.200834048824998,-0.9373168055755983,0.4269177723856892,-0.40166236087211615
P01,AGEM KIRI,3,PRA,F7,frontotemporal,kiri,339.126,341.126,2.0,2.0,short_hold,video,0.0,True,False,False,2.4370638519802164,-2.125750742353379,1.2364721937348406,1.9250718676726848
P01,AGEM KIRI,3,PRA,T3,temporal,kiri,339.126,341.126,2.0,2.0,short_hold,video,0.0,True,False,False,-0.10224365410099523,1.7610988721903027,0.8156915366432038,0.7231727786077045
P01,AGEM KIRI,3,PRA,T5,temporo-posterior,kiri,339.126,341.126,2.0,2.0,short_hold,video,0.0,True,False,False,1.3841640877826933,1.9396920410345544,1.7084927101153689,1.222590155122031
P01,AGEM KIRI,3,PRA,Fp2,frontopolar,kanan,339.126,341.126,2.0,2.0,short_hold,video,0.0,True,False,False,0.38596668123719624,-1.5096691359900554,-1.0694621349899833,0.8728261872666714
P01,AGEM KIRI,3,PRA,F4,frontal,kanan,339.126,341.126,2.0,2.0,short_hold,video,1.0,False,False,False,,,,
P01,AGEM KIRI,3,PRA,C4,sentral,kanan,339.126,341.126,2.0,2.0,short_hold,video,0.0,True,False,False,-1.1644578748455814,-1.7075180940754322,-0.8609234192881701,0.8074174043419617
P01,AGEM KIRI,3,PRA,P4,parietal,kanan,339.126,341.126,2.0,2.0,short_hold,video,0.0,True,False,False,-4.308907873863735,-1.3248501963008614,-0.8509797858902779,-2.4617709300936497
P01,AGEM KIRI,3,PRA,O2,oksipital,kanan,339.126,341.126,2.0,2.0,short_hold,video,0.0,True,False,False,-1.9375336567311336,-0.4386332159278794,1.9355296054049091,0.10171801636036193
P01,AGEM KIRI,3,PRA,F8,frontotemporal,kanan,339.126,341.126,2.0,2.0,short_hold,video,0.0,True,False,False,4.9316040760032465,3.1074988022196735,1.4538645142609177,7.520745281481624
P01,AGEM KIRI,3,PRA,T4,temporal,kanan,339.126,341.126,2.0,2.0,short_hold,video,0.0,True,False,False,4.406889620524918,0.1622484110598208,-3.0172896100301756,3.1144487077233123
P01,AGEM KIRI,3,PRA,T6,temporo-posterior,kanan,339.126,341.126,2.0,2.0,short_hold,video,0.0,True,False,False,1.2159557913468717,2.138534951462699,0.46733877127906,2.5490433588013666
P01,AGEM KIRI,3,TURUN,Fp1,frontopolar,kiri,343.983,344.546,0.805,0.563,short_hold,video,0.0,True,False,False,15.530583280296323,11.849731128181304,17.157125495016597,16.00170155852267
P01,AGEM KIRI,3,TURUN,F3,frontal,kiri,343.983,344.546,0.805,0.563,short_hold,video,0.0,True,False,False,14.899109696853248,14.517021759897279,15.071797965965025,16.174012037067794
P01,AGEM KIRI,3,TURUN,C3,sentral,kiri,343.983,344.546,0.805,0.563,short_hold,video,0.0,True,False,False,17.60616159243039,15.887891586126717,14.131367209267278,17.00223522468066
P01,AGEM KIRI,3,TURUN,P3,parietal,kiri,343.983,344.546,0.805,0.563,short_hold,video,0.0,True,False,False,10.46110386682631,6.381837152093951,13.62835538877237,12.938317917680244
P01,AGEM KIRI,3,TURUN,O1,oksipital,kiri,343.983,344.546,0.805,0.563,short_hold,video,0.0,True,False,False,17.29183787328375,15.738962636886075,16.374291511898825,17.140216257013357
P01,AGEM KIRI,3,TURUN,F7,frontotemporal,kiri,343.983,344.546,0.805,0.563,short_hold,video,0.0,True,False,False,9.271878240358085,17.978625462812424,20.247794615651806,12.622839907288721
P01,AGEM KIRI,3,TURUN,T3,temporal,kiri,343.983,344.546,0.805,0.563,short_hold,video,0.0,True,False,False,21.932987572477042,22.317463876656035,17.935470798437525,20.632053002656747
P01,AGEM KIRI,3,TURUN,T5,temporo-posterior,kiri,343.983,344.546,0.805,0.563,short_hold,video,0.0,True,False,False,22.85138949445767,22.26479613383235,19.467155977538198,21.155692498451355
P01,AGEM KIRI,3,TURUN,Fp2,frontopolar,kanan,343.983,344.546,0.805,0.563,short_hold,video,0.0,True,False,False,14.280717224945011,16.025683018088635,16.79555078946467,15.912914057811992
P01,AGEM KIRI,3,TURUN,F4,frontal,kanan,343.983,344.546,0.805,0.563,short_hold,video,0.0,True,False,False,0.05351034466370663,0.7183345218186652,5.0018830464735515,1.374186474798666
P01,AGEM KIRI,3,TURUN,C4,sentral,kanan,343.983,344.546,0.805,0.563,short_hold,video,0.0,True,False,False,14.812054232760147,17.258089059736044,16.028163248608223,14.685450479145437
P01,AGEM KIRI,3,TURUN,P4,parietal,kanan,343.983,344.546,0.805,0.563,short_hold,video,0.0,True,False,False,5.539500856427594,5.485444667172928,4.353579228000267,4.401586350472471
P01,AGEM KIRI,3,TURUN,O2,oksipital,kanan,343.983,344.546,0.805,0.563,short_hold,video,0.0,True,False,False,11.689980535078867,3.626450573660364,8.484469516103157,11.44418721069502
P01,AGEM KIRI,3,TURUN,F8,frontotemporal,kanan,343.983,344.546,0.805,0.563,short_hold,video,0.0,True,False,False,14.41734920550364,18.334982798680564,16.227328032986396,15.554702065310092
P01,AGEM KIRI,3,TURUN,T4,temporal,kanan,343.983,344.546,0.805,0.563,short_hold,video,0.0,True,False,False,13.851789943740496,9.983954881990435,6.746285121282924,11.617732439937072
P01,AGEM KIRI,3,TURUN,T6,temporo-posterior,kanan,343.983,344.546,0.805,0.563,short_hold,video,0.0,True,False,False,14.401310938072164,13.27729570045928,16.231135250893654,15.108891076798141
P01,AGEM KIRI,3,TAHAN,Fp1,frontopolar,kiri,344.807,345.458,0.931,0.652,short_hold,video,0.0,True,False,False,16.601341590423065,14.797084729890436,13.4905238346028,15.036313712403276
P01,AGEM KIRI,3,TAHAN,F3,frontal,kiri,344.807,345.458,0.931,0.652,short_hold,video,0.0,True,False,False,17.50483900832886,16.822881562031707,15.813159277715577,15.777427466748666
P01,AGEM KIRI,3,TAHAN,C3,sentral,kiri,344.807,345.458,0.931,0.652,short_hold,video,0.0,True,False,False,15.31108270085003,7.625279519180328,9.051942435277528,14.525447737694478
P01,AGEM KIRI,3,TAHAN,P3,parietal,kiri,344.807,345.458,0.931,0.652,short_hold,video,0.0,True,False,False,15.300565888876395,11.819397502616908,11.963562482835691,14.348207363471069
P01,AGEM KIRI,3,TAHAN,O1,oksipital,kiri,344.807,345.458,0.931,0.652,short_hold,video,0.0,True,False,False,13.379610414695545,10.72465809314632,10.20647759695517,12.709441363791697
P01,AGEM KIRI,3,TAHAN,F7,frontotemporal,kiri,344.807,345.458,0.931,0.652,short_hold,video,0.0,True,False,False,20.467386945546956,15.910077386598708,16.873983041633707,19.57230723642646
P01,AGEM KIRI,3,TAHAN,T3,temporal,kiri,344.807,345.458,0.931,0.652,short_hold,video,0.0,True,False,False,18.013347090299785,21.035165414720076,18.00821651519033,19.759759868001787
P01,AGEM KIRI,3,TAHAN,T5,temporo-posterior,kiri,344.807,345.458,0.931,0.652,short_hold,video,0.0,True,False,False,16.654928949460796,12.806085152548263,13.926648488318701,14.727062460453372
P01,AGEM KIRI,3,TAHAN,Fp2,frontopolar,kanan,344.807,345.458,0.931,0.652,short_hold,video,0.0,True,False,False,7.803887541684428,9.361661713449784,7.677022440613104,10.113568042710991
P01,AGEM KIRI,3,TAHAN,F4,frontal,kanan,344.807,345.458,0.931,0.652,short_hold,video,1.0,False,False,False,,,,
P01,AGEM KIRI,3,TAHAN,C4,sentral,kanan,344.807,345.458,0.931,0.652,short_hold,video,0.0,True,False,False,9.084145398159166,5.603943751296256,4.610591494977498,8.103685029244517
P01,AGEM KIRI,3,TAHAN,P4,parietal,kanan,344.807,345.458,0.931,0.652,short_hold,video,0.0,True,False,False,9.087515595559822,3.412564687931013,5.744499631855934,8.127978077080098
P01,AGEM KIRI,3,TAHAN,O2,oksipital,kanan,344.807,345.458,0.931,0.652,short_hold,video,0.0,True,False,False,8.812777118612992,-0.2774330845029169,6.582028313509088,9.403571171668055
P01,AGEM KIRI,3,TAHAN,F8,frontotemporal,kanan,344.807,345.458,0.931,0.652,short_hold,video,0.0,True,False,False,8.945169393994746,10.014071442595437,8.442625902878671,9.26707976926065
P01,AGEM KIRI,3,TAHAN,T4,temporal,kanan,344.807,345.458,0.931,0.652,short_hold,video,0.0,True,False,False,1.1871025739140642,2.126444550218693,1.3001549992490027,0.9511494314963436
P01,AGEM KIRI,3,TAHAN,T6,temporo-posterior,kanan,344.807,345.458,0.931,0.652,short_hold,video,0.0,True,False,False,7.206755783307344,7.4544999097729665,5.929017832889816,9.818573143614646
P01,AGEM KIRI,3,NAIK,Fp1,frontopolar,kiri,345.848,349.153,3.805,3.305,short_hold,video,0.0,True,False,False,15.900029768139017,18.76610629578596,19.161239039877515,16.769282422395996
P01,AGEM KIRI,3,NAIK,F3,frontal,kiri,345.848,349.153,3.805,3.305,short_hold,video,0.0,True,False,False,18.179313044454776,21.293818723033734,20.310249141635275,18.74114120067188
P01,AGEM KIRI,3,NAIK,C3,sentral,kiri,345.848,349.153,3.805,3.305,short_hold,video,0.0,True,False,False,16.763875896151184,15.38227835937975,17.888202053847152,16.08321275697036
P01,AGEM KIRI,3,NAIK,P3,parietal,kiri,345.848,349.153,3.805,3.305,short_hold,video,0.0,True,False,False,13.814285918794308,14.391028700352969,11.924010558741315,14.062833323886288
P01,AGEM KIRI,3,NAIK,O1,oksipital,kiri,345.848,349.153,3.805,3.305,short_hold,video,0.0,True,False,False,11.263530399270063,9.650828671844199,17.076629701445825,11.935207759999273
P01,AGEM KIRI,3,NAIK,F7,frontotemporal,kiri,345.848,349.153,3.805,3.305,short_hold,video,0.0,True,False,False,15.24819849196399,14.484916969389246,14.331908013634685,15.836244633852637
P01,AGEM KIRI,3,NAIK,T3,temporal,kiri,345.848,349.153,3.805,3.305,short_hold,video,0.0,True,False,False,20.989686578828543,17.310013700408476,13.886236305463665,20.372682160661206
P01,AGEM KIRI,3,NAIK,T5,temporo-posterior,kiri,345.848,349.153,3.805,3.305,short_hold,video,0.0,True,False,False,18.08765644832635,14.786529825881544,13.184451893912339,15.969243457380589
P01,AGEM KIRI,3,NAIK,Fp2,frontopolar,kanan,345.848,349.153,3.805,3.305,short_hold,video,0.0,True,False,False,13.049715310756309,9.723008192108551,10.206464461329404,11.272216364620999
P01,AGEM KIRI,3,NAIK,F4,frontal,kanan,345.848,349.153,3.805,3.305,short_hold,video,0.637,False,False,False,,,,
P01,AGEM KIRI,3,NAIK,C4,sentral,kanan,345.848,349.153,3.805,3.305,short_hold,video,0.0,True,False,False,11.88675546568556,8.073663268667389,10.703011934607595,10.928622111432063
P01,AGEM KIRI,3,NAIK,P4,parietal,kanan,345.848,349.153,3.805,3.305,short_hold,video,0.0,True,False,False,12.348328425343375,9.185208763152332,9.33007262555294,9.871910715040073
P01,AGEM KIRI,3,NAIK,O2,oksipital,kanan,345.848,349.153,3.805,3.305,short_hold,video,0.0,True,False,False,9.15225602089798,6.476244863879188,12.855923898315332,10.327338423726196
P01,AGEM KIRI,3,NAIK,F8,frontotemporal,kanan,345.848,349.153,3.805,3.305,short_hold,video,0.0,True,False,False,15.182009726823132,10.729481775578115,11.117332496494068,12.504797585115742
P01,AGEM KIRI,3,NAIK,T4,temporal,kanan,345.848,349.153,3.805,3.305,short_hold,video,0.0,True,False,False,11.617227345274753,10.577646360388812,11.796824498855106,10.851388872816827
P01,AGEM KIRI,3,NAIK,T6,temporo-posterior,kanan,345.848,349.153,3.805,3.305,short_hold,video,0.0,True,False,False,12.360364201632073,7.949088004568413,7.3236966486784745,11.156919198766648
P01,AGEM KIRI,3,POST,Fp1,frontopolar,kiri,349.903,351.403,1.5,1.5,short_hold,video,0.0,True,False,False,16.92503894031054,17.966116319922463,17.527727623314256,18.363698820871804
P01,AGEM KIRI,3,POST,F3,frontal,kiri,349.903,351.403,1.5,1.5,short_hold,video,0.0,True,False,False,20.75403189849403,18.98607510295707,19.203538503880765,19.414786277522847
P01,AGEM KIRI,3,POST,C3,sentral,kiri,349.903,351.403,1.5,1.5,short_hold,video,0.0,True,False,False,17.559170534697948,21.355596101436237,20.245982617696278,18.885191409541534
P01,AGEM KIRI,3,POST,P3,parietal,kiri,349.903,351.403,1.5,1.5,short_hold,video,0.0,True,False,False,21.005118551590645,21.796358741869476,19.090313351953164,19.58865041977186
P01,AGEM KIRI,3,POST,O1,oksipital,kiri,349.903,351.403,1.5,1.5,short_hold,video,0.0,True,False,False,18.389948198435807,19.920551865220627,25.49143154966133,20.450012191169954
P01,AGEM KIRI,3,POST,F7,frontotemporal,kiri,349.903,351.403,1.5,1.5,short_hold,video,0.0,True,False,False,15.964703546330604,20.775277418746967,18.922676921979892,18.273359248937865
P01,AGEM KIRI,3,POST,T3,temporal,kiri,349.903,351.403,1.5,1.5,short_hold,video,0.0,True,False,False,15.85889416909679,19.854378247387658,17.873118617370626,17.797011920794084
P01,AGEM KIRI,3,POST,T5,temporo-posterior,kiri,349.903,351.403,1.5,1.5,short_hold,video,0.0,True,False,False,18.546548615936892,21.813665179408652,20.839945829424465,20.158855903073647
P01,AGEM KIRI,3,POST,Fp2,frontopolar,kanan,349.903,351.403,1.5,1.5,short_hold,video,0.0,True,False,False,18.43386760526261,18.933597650485027,18.052875238075835,19.6225105260875
P01,AGEM KIRI,3,POST,F4,frontal,kanan,349.903,351.403,1.5,1.5,short_hold,video,0.0,True,False,False,10.428931222473473,12.894939801479612,13.57518953055801,12.579096855636674
P01,AGEM KIRI,3,POST,C4,sentral,kanan,349.903,351.403,1.5,1.5,short_hold,video,0.0,True,False,False,20.22218715785715,17.86487767684025,17.01435560621624,20.120430983639515
P01,AGEM KIRI,3,POST,P4,parietal,kanan,349.903,351.403,1.5,1.5,short_hold,video,0.0,True,False,False,16.09806133875358,16.827390455996593,19.089773323181976,17.0403988173393
P01,AGEM KIRI,3,POST,O2,oksipital,kanan,349.903,351.403,1.5,1.5,short_hold,video,0.0,True,False,False,16.545955372653005,19.6508326788177,23.855677096865755,19.044051627947965
P01,AGEM KIRI,3,POST,F8,frontotemporal,kanan,349.903,351.403,1.5,1.5,short_hold,video,0.0,True,False,False,22.985333740162808,18.114285369607998,17.263147282316215,22.145195634264613
P01,AGEM KIRI,3,POST,T4,temporal,kanan,349.903,351.403,1.5,1.5,short_hold,video,0.0,True,False,False,21.550154180014626,16.439165554373034,17.391012330670193,22.182528926017
P01,AGEM KIRI,3,POST,T6,temporo-posterior,kanan,349.903,351.403,1.5,1.5,short_hold,video,0.0,True,False,False,18.732566241548163,17.21074558231884,19.863669724271258,19.18772353551535
P01,AGEM KIRI,4,PRA,Fp1,frontopolar,kiri,357.193,359.193,2.0,2.0,ok,video,0.0,True,False,False,15.781692298829551,15.370150142675257,13.632560894692642,15.273461996747558
P01,AGEM KIRI,4,PRA,F3,frontal,kiri,357.193,359.193,2.0,2.0,ok,video,0.0,True,False,False,18.31409359703142,14.797884019395486,14.559736896409937,16.49484103032516
P01,AGEM KIRI,4,PRA,C3,sentral,kiri,357.193,359.193,2.0,2.0,ok,video,0.0,True,False,False,17.23132542503663,13.932258890019295,14.218181957809229,15.820251288112388
P01,AGEM KIRI,4,PRA,P3,parietal,kiri,357.193,359.193,2.0,2.0,ok,video,0.0,True,False,False,19.04742385296173,18.838017912870697,18.714585250540296,17.544015623080448
P01,AGEM KIRI,4,PRA,O1,oksipital,kiri,357.193,359.193,2.0,2.0,ok,video,0.0,True,False,False,14.931286315410016,9.882360069083557,14.625203365869476,16.03516823395986
P01,AGEM KIRI,4,PRA,F7,frontotemporal,kiri,357.193,359.193,2.0,2.0,ok,video,0.0,True,False,False,18.34086130943951,25.329981425634706,25.91479660191348,20.557904069803534
P01,AGEM KIRI,4,PRA,T3,temporal,kiri,357.193,359.193,2.0,2.0,ok,video,0.0,True,False,False,14.785658124319664,10.617069832986296,15.791442606297831,14.563106222174206
P01,AGEM KIRI,4,PRA,T5,temporo-posterior,kiri,357.193,359.193,2.0,2.0,ok,video,0.0,True,False,False,17.927846280905264,10.78214209185677,13.912300537525244,18.229262054088185
P01,AGEM KIRI,4,PRA,Fp2,frontopolar,kanan,357.193,359.193,2.0,2.0,ok,video,0.0,True,False,False,15.671847493665393,4.991101347675595,9.401953888879781,13.087993625201246
P01,AGEM KIRI,4,PRA,F4,frontal,kanan,357.193,359.193,2.0,2.0,ok,video,0.0,True,False,False,12.655843770410726,7.353607135182447,9.497965231106601,11.993693190328056
P01,AGEM KIRI,4,PRA,C4,sentral,kanan,357.193,359.193,2.0,2.0,ok,video,0.0,True,False,False,15.844552315778813,10.316884030750408,7.554121334229819,15.291956276826063
P01,AGEM KIRI,4,PRA,P4,parietal,kanan,357.193,359.193,2.0,2.0,ok,video,0.0,True,False,False,16.678996693780242,11.456485126277506,10.53436378600961,16.29064311399688
P01,AGEM KIRI,4,PRA,O2,oksipital,kanan,357.193,359.193,2.0,2.0,ok,video,0.0,True,False,False,10.609012703946746,8.758666226257667,11.667588491225068,15.310027055361914
P01,AGEM KIRI,4,PRA,F8,frontotemporal,kanan,357.193,359.193,2.0,2.0,ok,video,0.0,True,False,False,17.234871873217728,10.526210579355812,9.940840080740028,14.716536323928498
P01,AGEM KIRI,4,PRA,T4,temporal,kanan,357.193,359.193,2.0,2.0,ok,video,0.0,True,False,False,16.90160908469777,8.408399512111618,5.050086840713586,14.328425331234968
P01,AGEM KIRI,4,PRA,T6,temporo-posterior,kanan,357.193,359.193,2.0,2.0,ok,video,0.0,True,False,False,17.673367928810727,13.051169988017389,14.305678486537854,16.356136640607783
P01,AGEM KIRI,4,TURUN,Fp1,frontopolar,kiri,359.985,361.485,2.0,1.5,ok,video,0.0,True,False,False,12.724360572202354,16.84290004769891,15.903936701404241,14.331420456369921
P01,AGEM KIRI,4,TURUN,F3,frontal,kiri,359.985,361.485,2.0,1.5,ok,video,0.0,True,False,False,17.39755454987763,20.18312483048175,20.547680463796297,17.876086984341764
P01,AGEM KIRI,4,TURUN,C3,sentral,kiri,359.985,361.485,2.0,1.5,ok,video,0.0,True,False,False,10.950008500820736,12.871902976985378,13.969026656857757,11.549233688813594
P01,AGEM KIRI,4,TURUN,P3,parietal,kiri,359.985,361.485,2.0,1.5,ok,video,0.0,True,False,False,12.54604392345141,13.537721635277315,13.592439710529316,11.9941544442202
P01,AGEM KIRI,4,TURUN,O1,oksipital,kiri,359.985,361.485,2.0,1.5,ok,video,0.0,True,False,False,5.964284012861771,11.868388001358799,14.29510559186451,10.552668532046965
P01,AGEM KIRI,4,TURUN,F7,frontotemporal,kiri,359.985,361.485,2.0,1.5,ok,video,0.0,True,False,False,13.790982307521084,19.112754565152102,19.062334041726267,15.11928864302979
P01,AGEM KIRI,4,TURUN,T3,temporal,kiri,359.985,361.485,2.0,1.5,ok,video,0.0,True,False,False,18.684411394939847,22.948583222327883,19.464012763304193,19.60868945205901
P01,AGEM KIRI,4,TURUN,T5,temporo-posterior,kiri,359.985,361.485,2.0,1.5,ok,video,0.0,True,False,False,16.626052103612686,17.867029633281042,17.414256566706086,16.975374853047942
P01,AGEM KIRI,4,TURUN,Fp2,frontopolar,kanan,359.985,361.485,2.0,1.5,ok,video,0.0,True,False,False,10.236987825505476,6.849147228176868,7.775165038958896,10.574983765205968
P01,AGEM KIRI,4,TURUN,F4,frontal,kanan,359.985,361.485,2.0,1.5,ok,video,0.0,True,False,False,5.059929654834534,6.435738599414069,9.129382422026694,6.5598597812044055
P01,AGEM KIRI,4,TURUN,C4,sentral,kanan,359.985,361.485,2.0,1.5,ok,video,0.0,True,False,False,12.336396322161654,8.597853741277323,10.857263015128524,11.166963041566468
P01,AGEM KIRI,4,TURUN,P4,parietal,kanan,359.985,361.485,2.0,1.5,ok,video,0.0,True,False,False,13.170492979043608,7.196740001007907,10.200757783488019,11.70863653062949
P01,AGEM KIRI,4,TURUN,O2,oksipital,kanan,359.985,361.485,2.0,1.5,ok,video,0.0,True,False,False,10.928527788162086,6.60223339256774,9.782923137651814,10.761068107333884
P01,AGEM KIRI,4,TURUN,F8,frontotemporal,kanan,359.985,361.485,2.0,1.5,ok,video,0.0,True,False,False,11.847911743505641,16.061070281981358,20.014666688495584,15.93946112779896
P01,AGEM KIRI,4,TURUN,T4,temporal,kanan,359.985,361.485,2.0,1.5,ok,video,0.0,True,False,False,14.709663003456964,13.764434967863323,15.222775135080596,14.026393789510685
P01,AGEM KIRI,4,TURUN,T6,temporo-posterior,kanan,359.985,361.485,2.0,1.5,ok,video,0.0,True,False,False,14.39914977729574,6.078434283959744,12.380179490274724,12.91539108383311
P01,AGEM KIRI,4,TAHAN,Fp1,frontopolar,kiri,361.985,364.081,2.596,2.096,ok,video,0.0,True,False,False,10.700835873591707,12.808546291544435,13.156586819855004,12.457544419818204
P01,AGEM KIRI,4,TAHAN,F3,frontal,kiri,361.985,364.081,2.596,2.096,ok,video,0.0,True,False,False,11.541495624611652,12.21609440313178,10.673473120540159,10.564421281211661
P01,AGEM KIRI,4,TAHAN,C3,sentral,kiri,361.985,364.081,2.596,2.096,ok,video,0.0,True,False,False,6.74853081665789,9.36091752305607,8.481802637529267,7.556231170734769
P01,AGEM KIRI,4,TAHAN,P3,parietal,kiri,361.985,364.081,2.596,2.096,ok,video,0.0,True,False,False,6.951522579014419,9.74118541803914,9.573089448514466,7.749794927778886
P01,AGEM KIRI,4,TAHAN,O1,oksipital,kiri,361.985,364.081,2.596,2.096,ok,video,0.0,True,False,False,7.111404539524219,6.118642604454234,11.817467038034783,7.395140425586991
P01,AGEM KIRI,4,TAHAN,F7,frontotemporal,kiri,361.985,364.081,2.596,2.096,ok,video,0.0,True,False,False,6.7561687880237855,12.31324987119379,11.67829558438908,9.512821677619577
P01,AGEM KIRI,4,TAHAN,T3,temporal,kiri,361.985,364.081,2.596,2.096,ok,video,0.0,True,False,False,15.439691098245408,12.544227974153621,12.26498275730648,13.813864400484292
P01,AGEM KIRI,4,TAHAN,T5,temporo-posterior,kiri,361.985,364.081,2.596,2.096,ok,video,0.0,True,False,False,6.095612193995606,5.790632531196543,8.30970076325357,7.936346614046361
P01,AGEM KIRI,4,TAHAN,Fp2,frontopolar,kanan,361.985,364.081,2.596,2.096,ok,video,0.0,True,False,False,11.242068936394059,7.340342671314282,12.716737961246736,11.56509938753776
P01,AGEM KIRI,4,TAHAN,F4,frontal,kanan,361.985,364.081,2.596,2.096,ok,video,0.0,True,False,False,2.8592002819665936,5.58729515250694,13.087811532931312,6.480488806082118
P01,AGEM KIRI,4,TAHAN,C4,sentral,kanan,361.985,364.081,2.596,2.096,ok,video,0.0,True,False,False,10.525021021058286,10.31687830515213,13.6137576130115,11.428292344674425
P01,AGEM KIRI,4,TAHAN,P4,parietal,kanan,361.985,364.081,2.596,2.096,ok,video,0.0,True,False,False,11.752442320954934,8.805363169782126,12.268690702908785,12.206792717489577
P01,AGEM KIRI,4,TAHAN,O2,oksipital,kanan,361.985,364.081,2.596,2.096,ok,video,0.0,True,False,False,8.671192734341844,6.780086292990148,12.919734968546756,8.754273531280646
P01,AGEM KIRI,4,TAHAN,F8,frontotemporal,kanan,361.985,364.081,2.596,2.096,ok,video,0.0,True,False,False,12.821268963249011,12.309524656894432,20.446408541361972,15.805186801873756
P01,AGEM KIRI,4,TAHAN,T4,temporal,kanan,361.985,364.081,2.596,2.096,ok,video,0.0,True,False,False,13.953931178928872,11.919617108868728,14.407956738094008,14.049150063681793
P01,AGEM KIRI,4,TAHAN,T6,temporo-posterior,kanan,361.985,364.081,2.596,2.096,ok,video,0.0,True,False,False,11.834265593366574,11.691015945003858,17.092172978586493,13.118286651278321
P01,AGEM KIRI,4,NAIK,Fp1,frontopolar,kiri,364.41,364.78,0.528,0.37,ok,video,0.0,True,False,False,8.337593483660125,0.7053134302291504,10.977536368711892,9.283031119034385
P01,AGEM KIRI,4,NAIK,F3,frontal,kiri,364.41,364.78,0.528,0.37,ok,video,0.0,True,False,False,8.390275826318206,4.634740874429372,10.79657303476085,9.04005781175439
P01,AGEM KIRI,4,NAIK,C3,sentral,kiri,364.41,364.78,0.528,0.37,ok,video,0.0,True,False,False,13.220817499618477,8.881297334990837,4.870283773880423,12.04703021852675
P01,AGEM KIRI,4,NAIK,P3,parietal,kiri,364.41,364.78,0.528,0.37,ok,video,0.0,True,False,False,8.694322435013664,13.820587702446169,8.472513634533165,8.746738861434597
P01,AGEM KIRI,4,NAIK,O1,oksipital,kiri,364.41,364.78,0.528,0.37,ok,video,0.0,True,False,False,6.075994222326823,4.692765396555409,5.766589985471699,4.572320474954225
P01,AGEM KIRI,4,NAIK,F7,frontotemporal,kiri,364.41,364.78,0.528,0.37,ok,video,0.0,True,False,False,7.727331166540559,2.8574001908740527,8.527441668449324,6.795449555545904
P01,AGEM KIRI,4,NAIK,T3,temporal,kiri,364.41,364.78,0.528,0.37,ok,video,0.0,True,False,False,4.270675523628981,8.912587471639537,6.010173187909956,5.668913746589418
P01,AGEM KIRI,4,NAIK,T5,temporo-posterior,kiri,364.41,364.78,0.528,0.37,ok,video,0.0,True,False,False,8.936516642853945,3.9800226174751607,5.313019324632808,8.36049523848202
P01,AGEM KIRI,4,NAIK,Fp2,frontopolar,kanan,364.41,364.78,0.528,0.37,ok,video,0.0,True,False,False,1.3030138987126811,-3.7131540860465897,-5.293376604263461,-1.3953108958210443
P01,AGEM KIRI,4,NAIK,F4,frontal,kanan,364.41,364.78,0.528,0.37,ok,video,0.0,True,False,False,-3.9045322688781248,-2.96588982100538,-3.0002068471695633,-3.062727846657044
P01,AGEM KIRI,4,NAIK,C4,sentral,kanan,364.41,364.78,0.528,0.37,ok,video,0.0,True,False,False,3.4195773859836613,3.686204973390666,3.9592763936875137,3.0885858977521963
P01,AGEM KIRI,4,NAIK,P4,parietal,kanan,364.41,364.78,0.528,0.37,ok,video,0.0,True,False,False,1.67490919513207,1.453220408072145,0.6368971583524399,2.1832457262104263
P01,AGEM KIRI,4,NAIK,O2,oksipital,kanan,364.41,364.78,0.528,0.37,ok,video,0.0,True,False,False,-1.890597754349269,-1.3920541180752046,-1.6461494991198293,-2.6144081186597816
P01,AGEM KIRI,4,NAIK,F8,frontotemporal,kanan,364.41,364.78,0.528,0.37,ok,video,0.0,True,False,False,0.7958081492744356,-0.2589189929265103,-0.006907402499095383,-0.9524010926561743
P01,AGEM KIRI,4,NAIK,T4,temporal,kanan,364.41,364.78,0.528,0.37,ok,video,0.0,True,False,False,4.6079670427580055,0.6487770152618282,2.255601880628948,3.3351872309033084
P01,AGEM KIRI,4,NAIK,T6,temporo-posterior,kanan,364.41,364.78,0.528,0.37,ok,video,0.0,True,False,False,1.2210418995906522,-0.3772197114484399,1.261650239715518,2.474704150839923
P01,AGEM KIRI,4,POST,Fp1,frontopolar,kiri,365.359,366.859,1.5,1.5,ok,video,0.0,True,False,False,21.798871041269575,15.969085627246486,21.56847106823201,21.5610085811738
P01,AGEM KIRI,4,POST,F3,frontal,kiri,365.359,366.859,1.5,1.5,ok,video,0.0,True,False,False,19.278055771227475,18.807546817188236,20.648337124911556,20.335951422987026
P01,AGEM KIRI,4,POST,C3,sentral,kiri,365.359,366.859,1.5,1.5,ok,video,0.0,True,False,False,19.38791262721211,16.688236518161407,17.1131956357585,21.186669068949534
P01,AGEM KIRI,4,POST,P3,parietal,kiri,365.359,366.859,1.5,1.5,ok,video,0.0,True,False,False,23.607024542613015,24.614712948726137,20.695661597408844,22.75122250044008
P01,AGEM KIRI,4,POST,O1,oksipital,kiri,365.359,366.859,1.5,1.5,ok,video,0.0,True,False,False,18.879292480204708,16.47966331234291,20.13218530608291,19.07444920774565
P01,AGEM KIRI,4,POST,F7,frontotemporal,kiri,365.359,366.859,1.5,1.5,ok,video,0.0,True,False,False,23.079317108550207,23.354038381076762,23.64608930415914,23.557340344896467
P01,AGEM KIRI,4,POST,T3,temporal,kiri,365.359,366.859,1.5,1.5,ok,video,0.0,True,False,False,20.65805316039646,18.79100707148755,17.227459302802732,22.65161832515175
P01,AGEM KIRI,4,POST,T5,temporo-posterior,kiri,365.359,366.859,1.5,1.5,ok,video,0.0,True,False,False,21.898673396824393,18.96930528164355,19.025225489757695,21.466416121118844
P01,AGEM KIRI,4,POST,Fp2,frontopolar,kanan,365.359,366.859,1.5,1.5,ok,video,0.0,True,False,False,17.76303138177632,14.47878783448018,16.75593979810175,16.94144836736437
P01,AGEM KIRI,4,POST,F4,frontal,kanan,365.359,366.859,1.5,1.5,ok,video,0.0,True,False,False,17.915274373795697,19.28999984963436,19.612709581314448,18.589344206102464
P01,AGEM KIRI,4,POST,C4,sentral,kanan,365.359,366.859,1.5,1.5,ok,video,0.0,True,False,False,18.623638274074885,18.814828863358628,19.782573898069636,19.130413092211434
P01,AGEM KIRI,4,POST,P4,parietal,kanan,365.359,366.859,1.5,1.5,ok,video,0.0,True,False,False,17.378340827167214,18.48753442101951,19.07249893120039,18.973005550936747
P01,AGEM KIRI,4,POST,O2,oksipital,kanan,365.359,366.859,1.5,1.5,ok,video,0.0,True,False,False,13.984403625599128,16.21740517099638,17.07493180560754,17.567037267416787
P01,AGEM KIRI,4,POST,F8,frontotemporal,kanan,365.359,366.859,1.5,1.5,ok,video,0.0,True,False,False,25.876577496620435,19.93985366718327,20.18286584416867,24.54035658125846
P01,AGEM KIRI,4,POST,T4,temporal,kanan,365.359,366.859,1.5,1.5,ok,video,0.0,True,False,False,22.36965283868162,17.895173152766482,22.32544472546669,21.309475620346824
P01,AGEM KIRI,4,POST,T6,temporo-posterior,kanan,365.359,366.859,1.5,1.5,ok,video,0.0,True,False,False,19.456467016894273,19.40605504490674,21.75485781040724,20.52933429521087
