participant_id,task,rep,phase,channel,area,hemisphere,t0_video,t1_video,dur_phase_sec,win_sec,compliance,phase_source,flat_frac,valid,salvaged,is_simulated,theta_db,mu_db,beta_db,broad_db
P03,NGEED,1,PRA,Fp1,frontopolar,kiri,1.102,3.102,2.0,2.0,short_hold,video,0.0,True,False,False,-7.590129623649457,-6.187896328156192,-4.64852380334165,-6.6723268455470475
P03,NGEED,1,PRA,F3,frontal,kiri,1.102,3.102,2.0,2.0,short_hold,video,0.0,True,False,False,-2.6388098997024123,0.02763496199038684,-1.0257670599809394,-3.3811312889419867
P03,NGEED,1,PRA,C3,sentral,kiri,1.102,3.102,2.0,2.0,short_hold,video,0.0,True,False,False,-5.542348242365186,0.12619102139096938,0.9494895651521666,-4.045346938506057
P03,NGEED,1,PRA,P3,parietal,kiri,1.102,3.102,2.0,2.0,short_hold,video,0.0,True,False,False,-7.698181361764291,-4.487034998081917,-2.5569154447070765,-6.592637820865104
P03,NGEED,1,PRA,O1,oksipital,kiri,1.102,3.102,2.0,2.0,short_hold,video,0.0,True,False,False,-6.654179160116293,-2.5166115226194137,-4.03853329797904,-5.748945292842606
P03,NGEED,1,PRA,F7,frontotemporal,kiri,1.102,3.102,2.0,2.0,short_hold,video,0.0,True,False,False,-7.003805544097716,-8.927506676224475,-4.477575905306043,-7.864811180429683
P03,NGEED,1,PRA,T3,temporal,kiri,1.102,3.102,2.0,2.0,short_hold,video,0.0,True,False,False,-5.458814202030307,-4.638239857234538,-3.6314808119896824,-6.652641138429196
P03,NGEED,1,PRA,T5,temporo-posterior,kiri,1.102,3.102,2.0,2.0,short_hold,video,0.0,True,False,False,-0.7521091353735727,-0.5377960987896344,0.5771727397206696,-2.8496286416986862
P03,NGEED,1,PRA,Fp2,frontopolar,kanan,1.102,3.102,2.0,2.0,short_hold,video,0.0,True,False,False,-6.414499596786754,-1.6208659536779315,-1.7262220610429289,-3.0194296720078633
P03,NGEED,1,PRA,F4,frontal,kanan,1.102,3.102,2.0,2.0,short_hold,video,0.0,True,False,False,-4.816856162341676,-1.4316396918584964,0.3698186784592039,-4.122178608664356
P03,NGEED,1,PRA,C4,sentral,kanan,1.102,3.102,2.0,2.0,short_hold,video,0.0,True,False,False,-2.1902840595361113,-2.188916201568105,-0.6656844032391191,-3.4491939618668184
P03,NGEED,1,PRA,P4,parietal,kanan,1.102,3.102,2.0,2.0,short_hold,video,0.0,True,False,False,-10.462510546643912,-9.504865384668108,-10.48759633107593,-10.281584536147442
P03,NGEED,1,PRA,O2,oksipital,kanan,1.102,3.102,2.0,2.0,short_hold,video,0.0,True,False,False,-10.695629007480019,-8.844277362506443,-6.632084904728334,-10.824581055371947
P03,NGEED,1,PRA,F8,frontotemporal,kanan,1.102,3.102,2.0,2.0,short_hold,video,0.0,True,False,False,-7.784256977874168,-5.352232194746058,-1.630031311743025,-6.510454985367584
P03,NGEED,1,PRA,T4,temporal,kanan,1.102,3.102,2.0,2.0,short_hold,video,0.0,True,False,False,-9.044734879566544,-7.406671319515823,-5.896538517353068,-5.459710457792351
P03,NGEED,1,PRA,T6,temporo-posterior,kanan,1.102,3.102,2.0,2.0,short_hold,video,0.0,True,False,False,-6.087385067876223,-5.277908527469393,-3.300235612400897,-5.463179534048148
P03,NGEED,1,TURUN,Fp1,frontopolar,kiri,6.564,7.167,0.861,0.603,short_hold,video,0.0,True,False,False,5.598099795990812,8.808820350639778,7.832590006947743,6.296525820638422
P03,NGEED,1,TURUN,F3,frontal,kiri,6.564,7.167,0.861,0.603,short_hold,video,0.0,True,False,False,1.0971058390747572,13.702344031394333,9.281329906725158,6.028150295369187
P03,NGEED,1,TURUN,C3,sentral,kiri,6.564,7.167,0.861,0.603,short_hold,video,0.0,True,False,False,10.129291815880016,12.41336172640597,10.994827470073062,9.514680755208694
P03,NGEED,1,TURUN,P3,parietal,kiri,6.564,7.167,0.861,0.603,short_hold,video,0.0,True,False,False,-0.6213442932140723,9.941883186179883,5.419902494725118,3.817281925548002
P03,NGEED,1,TURUN,O1,oksipital,kiri,6.564,7.167,0.861,0.603,short_hold,video,0.0,True,False,False,8.100984412041846,12.650975232005784,4.820410914529184,6.915537365956595
P03,NGEED,1,TURUN,F7,frontotemporal,kiri,6.564,7.167,0.861,0.603,short_hold,video,0.0,True,False,False,5.41581837754196,7.278038784953601,3.5396233712857246,5.004004469971008
P03,NGEED,1,TURUN,T3,temporal,kiri,6.564,7.167,0.861,0.603,short_hold,video,0.0,True,False,False,7.091439820477596,14.25036653682752,10.321143381377258,8.343601478033246
P03,NGEED,1,TURUN,T5,temporo-posterior,kiri,6.564,7.167,0.861,0.603,short_hold,video,0.0,True,False,False,3.178739496203818,17.735546609575795,11.520381702229361,7.042263775473657
P03,NGEED,1,TURUN,Fp2,frontopolar,kanan,6.564,7.167,0.861,0.603,short_hold,video,0.0,True,False,False,5.764699948614165,16.513146218751245,8.54307987927599,9.953575337941835
P03,NGEED,1,TURUN,F4,frontal,kanan,6.564,7.167,0.861,0.603,short_hold,video,0.0,True,False,False,8.677709367149035,17.664404743348214,12.083980472649195,11.628998881979328
P03,NGEED,1,TURUN,C4,sentral,kanan,6.564,7.167,0.861,0.603,short_hold,video,0.0,True,False,False,10.247016563667081,12.46967193669835,7.614015033358555,7.850465252371066
P03,NGEED,1,TURUN,P4,parietal,kanan,6.564,7.167,0.861,0.603,short_hold,video,0.0,True,False,False,5.163271943746537,13.505708786216012,7.786448276813083,7.875333962360628
P03,NGEED,1,TURUN,O2,oksipital,kanan,6.564,7.167,0.861,0.603,short_hold,video,0.0,True,False,False,5.42781301830972,7.367188315699487,5.4480782473999625,5.317611470358891
P03,NGEED,1,TURUN,F8,frontotemporal,kanan,6.564,7.167,0.861,0.603,short_hold,video,0.0,True,False,False,2.4701981975315164,15.322359674644453,10.063702262450626,8.625336041481692
P03,NGEED,1,TURUN,T4,temporal,kanan,6.564,7.167,0.861,0.603,short_hold,video,0.0,True,False,False,3.745434018064479,4.7628265763647235,-0.3523940185648584,3.8329715218863427
P03,NGEED,1,TURUN,T6,temporo-posterior,kanan,6.564,7.167,0.861,0.603,short_hold,video,0.0,True,False,False,6.765923712663707,5.748171521251116,9.731924255598681,7.030333055068084
P03,NGEED,1,NAIK,Fp1,frontopolar,kiri,7.81,12.851,5.541,5.041,short_hold,video,0.0,True,False,False,3.4736690750622046,1.4743681964705218,4.80260108995714,4.871799556110794
P03,NGEED,1,NAIK,F3,frontal,kiri,7.81,12.851,5.541,5.041,short_hold,video,0.0,True,False,False,6.747228367248972,5.284643667467357,7.3855846625891495,7.382929203122217
P03,NGEED,1,NAIK,C3,sentral,kiri,7.81,12.851,5.541,5.041,short_hold,video,0.0,True,False,False,5.394474546104348,6.462883620001879,6.618395265087056,5.799094469207674
P03,NGEED,1,NAIK,P3,parietal,kiri,7.81,12.851,5.541,5.041,short_hold,video,0.0,True,False,False,5.405126351946713,4.405800451128545,6.392513293313627,5.273448907652963
P03,NGEED,1,NAIK,O1,oksipital,kiri,7.81,12.851,5.541,5.041,short_hold,video,0.0,True,False,False,4.219183142371733,3.6368395849210344,5.738431461130315,5.881675303864782
P03,NGEED,1,NAIK,F7,frontotemporal,kiri,7.81,12.851,5.541,5.041,short_hold,video,0.0,True,False,False,2.337037135326362,0.3508389103217979,1.6517247530148609,4.081916677931346
P03,NGEED,1,NAIK,T3,temporal,kiri,7.81,12.851,5.541,5.041,short_hold,video,0.0,True,False,False,8.736314379617696,7.108648170258739,6.836023411128785,8.097718930189412
P03,NGEED,1,NAIK,T5,temporo-posterior,kiri,7.81,12.851,5.541,5.041,short_hold,video,0.0,True,False,False,4.327965678330244,7.620082596952283,5.906712362227417,5.585128892809308
P03,NGEED,1,NAIK,Fp2,frontopolar,kanan,7.81,12.851,5.541,5.041,short_hold,video,0.0,True,False,False,4.7102991980308815,4.571627529618013,2.440887796302139,3.97304551719553
P03,NGEED,1,NAIK,F4,frontal,kanan,7.81,12.851,5.541,5.041,short_hold,video,0.0,True,False,False,1.7396332506666852,1.3580150802497286,2.7279853445870046,1.7722670848858968
P03,NGEED,1,NAIK,C4,sentral,kanan,7.81,12.851,5.541,5.041,short_hold,video,0.0,True,False,False,3.455207607921295,2.6075023594908835,4.227012687795856,2.491691166030158
P03,NGEED,1,NAIK,P4,parietal,kanan,7.81,12.851,5.541,5.041,short_hold,video,0.0,True,False,False,6.048539980909524,5.380079194478277,5.338937873528231,6.691252821212878
P03,NGEED,1,NAIK,O2,oksipital,kanan,7.81,12.851,5.541,5.041,short_hold,video,0.0,True,False,False,0.0718062185100905,-1.7231205717040794,1.352878333551299,0.9150387452884132
P03,NGEED,1,NAIK,F8,frontotemporal,kanan,7.81,12.851,5.541,5.041,short_hold,video,0.0,True,False,False,4.037971716580756,2.7737442767588476,2.616105406570629,3.1625757606073357
P03,NGEED,1,NAIK,T4,temporal,kanan,7.81,12.851,5.541,5.041,short_hold,video,0.0,True,False,False,7.108514542235909,8.361818459312268,8.673125515732977,7.016140558149502
P03,NGEED,1,NAIK,T6,temporo-posterior,kanan,7.81,12.851,5.541,5.041,short_hold,video,0.0,True,False,False,1.604099585105061,0.8647282144962034,4.192521334267543,3.4329707969734926
P03,NGEED,1,POST,Fp1,frontopolar,kiri,13.601,15.101,1.5,1.5,short_hold,video,0.0,True,False,False,14.241126744470328,12.413757100102615,18.18376681405036,13.506856872050548
P03,NGEED,1,POST,F3,frontal,kiri,13.601,15.101,1.5,1.5,short_hold,video,0.0,True,False,False,12.494568707572952,11.315019138933827,10.612460811209115,10.826366150431689
P03,NGEED,1,POST,C3,sentral,kiri,13.601,15.101,1.5,1.5,short_hold,video,0.0,True,False,False,10.946235172809367,8.772229206787902,6.172211212688698,8.556983036135044
P03,NGEED,1,POST,P3,parietal,kiri,13.601,15.101,1.5,1.5,short_hold,video,0.0,True,False,False,11.829524429073267,6.419425145271145,7.173641403494649,8.42986394069574
P03,NGEED,1,POST,O1,oksipital,kiri,13.601,15.101,1.5,1.5,short_hold,video,0.0,True,False,False,12.779559730177787,12.747425876034505,19.01028056481891,12.000699996695815
P03,NGEED,1,POST,F7,frontotemporal,kiri,13.601,15.101,1.5,1.5,short_hold,video,0.0,True,False,False,9.499408854882198,10.053060526639186,17.02591830956065,12.269738611175931
P03,NGEED,1,POST,T3,temporal,kiri,13.601,15.101,1.5,1.5,short_hold,video,0.0,True,False,False,9.350473456791448,10.857776880336125,15.342639898557927,9.470443972821425
P03,NGEED,1,POST,T5,temporo-posterior,kiri,13.601,15.101,1.5,1.5,short_hold,video,0.0,True,False,False,4.349514037623344,9.473849967041776,8.967590978199379,4.240194737022087
P03,NGEED,1,POST,Fp2,frontopolar,kanan,13.601,15.101,1.5,1.5,short_hold,video,0.0,True,False,False,10.925011989853012,13.758665782601312,14.174935195169258,11.561880830512223
P03,NGEED,1,POST,F4,frontal,kanan,13.601,15.101,1.5,1.5,short_hold,video,0.0,True,False,False,9.787170696529685,13.55622907339393,15.602319629408676,10.505317218251129
P03,NGEED,1,POST,C4,sentral,kanan,13.601,15.101,1.5,1.5,short_hold,video,0.0,True,False,False,8.488038520524569,9.374770605635039,9.341999986720907,6.6810282366087606
P03,NGEED,1,POST,P4,parietal,kanan,13.601,15.101,1.5,1.5,short_hold,video,0.0,True,False,False,6.625916658411462,7.0456778236820625,10.44752217700458,6.432853115825324
P03,NGEED,1,POST,O2,oksipital,kanan,13.601,15.101,1.5,1.5,short_hold,video,0.0,True,False,False,10.559249218115987,12.43162094887483,17.47289708221909,11.894163746280256
P03,NGEED,1,POST,F8,frontotemporal,kanan,13.601,15.101,1.5,1.5,short_hold,video,0.0,True,False,False,11.257711739889963,12.55236446439853,14.379531881008418,11.2205301653056
P03,NGEED,1,POST,T4,temporal,kanan,13.601,15.101,1.5,1.5,short_hold,video,0.0,True,False,False,14.080946843260818,10.096496602914101,8.39240703328614,10.731376714120948
P03,NGEED,1,POST,T6,temporo-posterior,kanan,13.601,15.101,1.5,1.5,short_hold,video,0.0,True,False,False,10.577063011141703,13.221014574300625,18.91053657072379,12.15501613235348
P03,AGEM KANAN,1,PRA,Fp1,frontopolar,kiri,35.972,37.972,2.0,2.0,short_hold,video,0.0,True,False,False,-5.796147944028931,0.050909714059130806,-3.0050515332751537,-2.43707874765801
P03,AGEM KANAN,1,PRA,F3,frontal,kiri,35.972,37.972,2.0,2.0,short_hold,video,0.0,True,False,False,-2.502527560498976,0.33863486167280143,-3.058064943406098,-3.2278271104454674
P03,AGEM KANAN,1,PRA,C3,sentral,kiri,35.972,37.972,2.0,2.0,short_hold,video,0.0,True,False,False,-2.5974290331371,-1.1704253423574151,0.6842255296605337,-0.3772796656570101
P03,AGEM KANAN,1,PRA,P3,parietal,kiri,35.972,37.972,2.0,2.0,short_hold,video,0.0,True,False,False,-6.682660414830146,-6.395167642898489,-4.730409037884613,-5.868051567031596
P03,AGEM KANAN,1,PRA,O1,oksipital,kiri,35.972,37.972,2.0,2.0,short_hold,video,0.0,True,False,False,-3.508671943979472,-2.5147313997546377,-3.575802857447851,-1.125370379118408
P03,AGEM KANAN,1,PRA,F7,frontotemporal,kiri,35.972,37.972,2.0,2.0,short_hold,video,0.0,True,False,False,-8.467213009936817,-2.6081839241964246,-4.241037212996421,-4.848865756543077
P03,AGEM KANAN,1,PRA,T3,temporal,kiri,35.972,37.972,2.0,2.0,short_hold,video,0.0,True,False,False,-8.290304556948868,-5.829079349217423,-4.188453737113424,-7.000337266839278
P03,AGEM KANAN,1,PRA,T5,temporo-posterior,kiri,35.972,37.972,2.0,2.0,short_hold,video,0.0,True,False,False,-5.04574490768789,-3.4188964680222043,-1.1029022557298163,-6.124247475710458
P03,AGEM KANAN,1,PRA,Fp2,frontopolar,kanan,35.972,37.972,2.0,2.0,short_hold,video,0.0,True,False,False,-9.715946771483441,-3.090875741931505,-0.9837648543854947,-5.6861138154567215
P03,AGEM KANAN,1,PRA,F4,frontal,kanan,35.972,37.972,2.0,2.0,short_hold,video,0.0,True,False,False,-8.64104852012947,-5.438436905397872,-0.6673223872593219,-6.442921951680223
P03,AGEM KANAN,1,PRA,C4,sentral,kanan,35.972,37.972,2.0,2.0,short_hold,video,0.0,True,False,False,-4.685095280799711,-1.7757260129343067,-2.124212045104514,-5.2510857853830295
P03,AGEM KANAN,1,PRA,P4,parietal,kanan,35.972,37.972,2.0,2.0,short_hold,video,0.0,True,False,False,-8.987981315710627,-8.536099298160664,-6.466930968328519,-8.979081755680713
P03,AGEM KANAN,1,PRA,O2,oksipital,kanan,35.972,37.972,2.0,2.0,short_hold,video,0.0,True,False,False,-8.678569245755547,-3.897299890104776,-3.4351372504583857,-7.043464397242161
P03,AGEM KANAN,1,PRA,F8,frontotemporal,kanan,35.972,37.972,2.0,2.0,short_hold,video,0.0,True,False,False,-8.475720637116229,-7.334018819951655,-1.5824315592453857,-6.420994423561236
P03,AGEM KANAN,1,PRA,T4,temporal,kanan,35.972,37.972,2.0,2.0,short_hold,video,0.0,True,False,False,-9.020571716790393,-6.887585048790285,-5.471589096071654,-8.613775237859436
P03,AGEM KANAN,1,PRA,T6,temporo-posterior,kanan,35.972,37.972,2.0,2.0,short_hold,video,0.0,True,False,False,-5.064094632122249,-0.8481885624531813,-1.470868807148765,-4.121574991304055
P03,AGEM KANAN,1,TURUN,Fp1,frontopolar,kiri,38.992,39.409,0.597,0.418,short_hold,video,0.0,True,False,False,7.728896266654296,5.970267705629411,7.696817456662398,6.999149077301276
P03,AGEM KANAN,1,TURUN,F3,frontal,kiri,38.992,39.409,0.597,0.418,short_hold,video,0.0,True,False,False,11.073085665426134,12.485592838043303,11.239560994555077,11.08124210278541
P03,AGEM KANAN,1,TURUN,C3,sentral,kiri,38.992,39.409,0.597,0.418,short_hold,video,0.0,True,False,False,7.573406515905603,7.408348096835272,9.262683613792465,6.641729609975798
P03,AGEM KANAN,1,TURUN,P3,parietal,kiri,38.992,39.409,0.597,0.418,short_hold,video,0.0,True,False,False,5.736140307096967,6.089047352664618,8.780585895857406,4.175696870381181
P03,AGEM KANAN,1,TURUN,O1,oksipital,kiri,38.992,39.409,0.597,0.418,short_hold,video,0.0,True,False,False,9.574758767406216,7.3357043859486595,9.099136002119085,7.843435905266645
P03,AGEM KANAN,1,TURUN,F7,frontotemporal,kiri,38.992,39.409,0.597,0.418,short_hold,video,0.0,True,False,False,6.625563107523469,-2.7778697844900293,2.5929353695449215,3.8177503734375904
P03,AGEM KANAN,1,TURUN,T3,temporal,kiri,38.992,39.409,0.597,0.418,short_hold,video,0.0,True,False,False,11.685749756449106,9.309492100437609,12.417050287078933,9.348130669468585
P03,AGEM KANAN,1,TURUN,T5,temporo-posterior,kiri,38.992,39.409,0.597,0.418,short_hold,video,0.0,True,False,False,4.590314425830812,10.9715680043042,9.885859466486814,3.165989123552592
P03,AGEM KANAN,1,TURUN,Fp2,frontopolar,kanan,38.992,39.409,0.597,0.418,short_hold,video,0.0,True,False,False,10.93756760569012,8.056977757734678,5.374928388899939,9.379301541107722
P03,AGEM KANAN,1,TURUN,F4,frontal,kanan,38.992,39.409,0.597,0.418,short_hold,video,0.0,True,False,False,9.328617680751456,8.649187630405827,8.38636686113621,8.894848750934663
P03,AGEM KANAN,1,TURUN,C4,sentral,kanan,38.992,39.409,0.597,0.418,short_hold,video,0.0,True,False,False,12.590592670920572,9.077733965362501,12.552334464787101,10.892201972078311
P03,AGEM KANAN,1,TURUN,P4,parietal,kanan,38.992,39.409,0.597,0.418,short_hold,video,0.0,True,False,False,6.993971074240164,7.880014738177898,11.680608662342664,6.098129121854619
P03,AGEM KANAN,1,TURUN,O2,oksipital,kanan,38.992,39.409,0.597,0.418,short_hold,video,0.0,True,False,False,9.231462614160641,7.977814921443901,12.804992762006677,10.118981711909612
P03,AGEM KANAN,1,TURUN,F8,frontotemporal,kanan,38.992,39.409,0.597,0.418,short_hold,video,0.0,True,False,False,15.271597499158382,13.79541180055783,16.63807435598646,16.76829919772572
P03,AGEM KANAN,1,TURUN,T4,temporal,kanan,38.992,39.409,0.597,0.418,short_hold,video,0.0,True,False,False,11.329978889733319,11.454880406433269,5.767335761150964,11.89435452102807
P03,AGEM KANAN,1,TURUN,T6,temporo-posterior,kanan,38.992,39.409,0.597,0.418,short_hold,video,0.0,True,False,False,7.767918254728009,9.394959800365612,11.459740191886798,9.920137305989023
P03,AGEM KANAN,1,TAHAN,Fp1,frontopolar,kiri,39.62,40.184,0.806,0.564,short_hold,video,0.0,True,False,False,6.069106504462532,7.698713794729379,3.675701424814914,6.856403121217063
P03,AGEM KANAN,1,TAHAN,F3,frontal,kiri,39.62,40.184,0.806,0.564,short_hold,video,0.0,True,False,False,11.719455951979995,11.90705003010875,10.321756067729403,11.652230912814616
P03,AGEM KANAN,1,TAHAN,C3,sentral,kiri,39.62,40.184,0.806,0.564,short_hold,video,0.0,True,False,False,9.475924501511038,8.096071991783855,8.976815518321057,8.32965697024774
P03,AGEM KANAN,1,TAHAN,P3,parietal,kiri,39.62,40.184,0.806,0.564,short_hold,video,0.0,True,False,False,11.00730981488266,3.4730112275351637,8.688571938009133,10.484169408832173
P03,AGEM KANAN,1,TAHAN,O1,oksipital,kiri,39.62,40.184,0.806,0.564,short_hold,video,0.0,True,False,False,4.985840994205482,3.722082970826115,1.3779568371963826,3.1720338930109193
P03,AGEM KANAN,1,TAHAN,F7,frontotemporal,kiri,39.62,40.184,0.806,0.564,short_hold,video,0.0,True,False,False,8.807043898833136,5.174589239631665,2.904936924433528,8.787635866255087
P03,AGEM KANAN,1,TAHAN,T3,temporal,kiri,39.62,40.184,0.806,0.564,short_hold,video,0.0,True,False,False,11.905982865424498,9.449272669013844,12.561664078366398,10.777592620505512
P03,AGEM KANAN,1,TAHAN,T5,temporo-posterior,kiri,39.62,40.184,0.806,0.564,short_hold,video,0.0,True,False,False,12.215700410678323,7.950685123363858,13.204495493573955,9.575512443973437
P03,AGEM KANAN,1,TAHAN,Fp2,frontopolar,kanan,39.62,40.184,0.806,0.564,short_hold,video,0.0,True,False,False,9.106835489939229,9.285194568109333,8.238635556343088,9.760335082454425
P03,AGEM KANAN,1,TAHAN,F4,frontal,kanan,39.62,40.184,0.806,0.564,short_hold,video,0.0,True,False,False,7.854863772810674,13.420484521280194,9.437775601136025,9.385014292875553
P03,AGEM KANAN,1,TAHAN,C4,sentral,kanan,39.62,40.184,0.806,0.564,short_hold,video,0.0,True,False,False,11.154146504315285,11.53612501650623,11.664797037696218,9.793938242675495
P03,AGEM KANAN,1,TAHAN,P4,parietal,kanan,39.62,40.184,0.806,0.564,short_hold,video,0.0,True,False,False,10.011209765381864,11.420963589669242,6.835765536536705,8.873909427148327
P03,AGEM KANAN,1,TAHAN,O2,oksipital,kanan,39.62,40.184,0.806,0.564,short_hold,video,0.0,True,False,False,7.162749077217526,5.466709318463742,7.873563855545356,5.915949455868997
P03,AGEM KANAN,1,TAHAN,F8,frontotemporal,kanan,39.62,40.184,0.806,0.564,short_hold,video,0.0,True,False,False,14.906832654115533,18.239772106151193,19.057535731536433,14.849232421951474
P03,AGEM KANAN,1,TAHAN,T4,temporal,kanan,39.62,40.184,0.806,0.564,short_hold,video,0.0,True,False,False,16.683768409158745,12.991607445906297,13.799533347573252,15.856018956518128
P03,AGEM KANAN,1,TAHAN,T6,temporo-posterior,kanan,39.62,40.184,0.806,0.564,short_hold,video,0.0,True,False,False,4.102499006612327,7.73951443632815,4.678312520628378,5.6428798209587825
P03,AGEM KANAN,1,NAIK,Fp1,frontopolar,kiri,40.555,44.846,4.791,4.291,short_hold,video,0.0,True,False,False,4.702311109635623,8.307689162571194,5.703579942815605,8.051608973471588
P03,AGEM KANAN,1,NAIK,F3,frontal,kiri,40.555,44.846,4.791,4.291,short_hold,video,0.0,True,False,False,7.542231284636827,8.213307549025586,9.05791769200625,8.729376497229822
P03,AGEM KANAN,1,NAIK,C3,sentral,kiri,40.555,44.846,4.791,4.291,short_hold,video,0.0,True,False,False,7.371041283779668,9.060573373629584,7.818497834657684,8.748443476880666
P03,AGEM KANAN,1,NAIK,P3,parietal,kiri,40.555,44.846,4.791,4.291,short_hold,video,0.0,True,False,False,2.0732642840713638,4.796931957547205,5.0353151669521665,6.499420664198553
P03,AGEM KANAN,1,NAIK,O1,oksipital,kiri,40.555,44.846,4.791,4.291,short_hold,video,0.0,True,False,False,4.792019098022976,7.494671981570228,6.491383873180862,7.509710387281444
P03,AGEM KANAN,1,NAIK,F7,frontotemporal,kiri,40.555,44.846,4.791,4.291,short_hold,video,0.0,True,False,False,6.927845797495586,7.319577708140727,5.407723636616975,7.634115962448554
P03,AGEM KANAN,1,NAIK,T3,temporal,kiri,40.555,44.846,4.791,4.291,short_hold,video,0.0,True,False,False,9.760777249262766,9.19071824355499,7.822307824075349,8.253858735266252
P03,AGEM KANAN,1,NAIK,T5,temporo-posterior,kiri,40.555,44.846,4.791,4.291,short_hold,video,0.0,True,False,False,4.919197051376351,9.592594185383408,7.089733753467957,4.398715669022025
P03,AGEM KANAN,1,NAIK,Fp2,frontopolar,kanan,40.555,44.846,4.791,4.291,short_hold,video,0.0,True,False,False,5.275581906098118,8.86286566104981,4.957492903957267,6.675394637731841
P03,AGEM KANAN,1,NAIK,F4,frontal,kanan,40.555,44.846,4.791,4.291,short_hold,video,0.0,True,False,False,6.497910885340552,8.984685842959642,6.545991200699742,7.746384203607754
P03,AGEM KANAN,1,NAIK,C4,sentral,kanan,40.555,44.846,4.791,4.291,short_hold,video,0.0,True,False,False,5.447092083883355,8.16180463435511,7.637914915841598,4.819369929612051
P03,AGEM KANAN,1,NAIK,P4,parietal,kanan,40.555,44.846,4.791,4.291,short_hold,video,0.0,True,False,False,4.13660277640146,6.026157264437721,5.603650904197849,5.345314575227945
P03,AGEM KANAN,1,NAIK,O2,oksipital,kanan,40.555,44.846,4.791,4.291,short_hold,video,0.0,True,False,False,3.8426161122959357,6.847286339467779,5.094899533640046,5.625273063737723
P03,AGEM KANAN,1,NAIK,F8,frontotemporal,kanan,40.555,44.846,4.791,4.291,short_hold,video,0.0,True,False,False,5.468859420943929,9.946987870534791,10.43834884681413,7.835918979313792
P03,AGEM KANAN,1,NAIK,T4,temporal,kanan,40.555,44.846,4.791,4.291,short_hold,video,0.0,True,False,False,15.92281555862786,14.247872148536352,11.990522362526491,14.364647837673985
P03,AGEM KANAN,1,NAIK,T6,temporo-posterior,kanan,40.555,44.846,4.791,4.291,short_hold,video,0.0,True,False,False,6.683710979696059,6.431140603146481,7.563789466204714,9.182945392407376
P03,AGEM KANAN,1,POST,Fp1,frontopolar,kiri,45.596,47.096,1.5,1.5,short_hold,video,0.0,True,False,False,5.970153513076362,8.923197026752547,7.921593673910973,6.012403300602891
P03,AGEM KANAN,1,POST,F3,frontal,kiri,45.596,47.096,1.5,1.5,short_hold,video,0.0,True,False,False,9.170918914179843,11.329794440877627,8.143391936692097,8.298061032724384
P03,AGEM KANAN,1,POST,C3,sentral,kiri,45.596,47.096,1.5,1.5,short_hold,video,0.0,True,False,False,10.171968883001874,8.582458137635673,6.223976483423012,8.338112455892471
P03,AGEM KANAN,1,POST,P3,parietal,kiri,45.596,47.096,1.5,1.5,short_hold,video,0.0,True,False,False,4.73833172815781,4.585449332917353,2.4499931014744973,5.332956409573278
P03,AGEM KANAN,1,POST,O1,oksipital,kiri,45.596,47.096,1.5,1.5,short_hold,video,0.0,True,False,False,8.655441715701762,8.10649932506989,6.693430823002618,8.492315766621367
P03,AGEM KANAN,1,POST,F7,frontotemporal,kiri,45.596,47.096,1.5,1.5,short_hold,video,0.0,True,False,False,5.896129265816342,4.461012680266322,3.706420211057093,4.705699561181774
P03,AGEM KANAN,1,POST,T3,temporal,kiri,45.596,47.096,1.5,1.5,short_hold,video,0.0,True,False,False,8.6795573562297,9.728932651143147,9.069908417670145,9.51852577989705
P03,AGEM KANAN,1,POST,T5,temporo-posterior,kiri,45.596,47.096,1.5,1.5,short_hold,video,0.0,True,False,False,12.015238518481766,6.78991619148702,6.103532976524484,8.301393996630523
P03,AGEM KANAN,1,POST,Fp2,frontopolar,kanan,45.596,47.096,1.5,1.5,short_hold,video,0.0,True,False,False,7.284552816746171,7.213826932484565,5.462120963180379,6.389352915200618
P03,AGEM KANAN,1,POST,F4,frontal,kanan,45.596,47.096,1.5,1.5,short_hold,video,0.0,True,False,False,8.681826296964893,10.033769724800884,10.790923554328558,8.80307144218402
P03,AGEM KANAN,1,POST,C4,sentral,kanan,45.596,47.096,1.5,1.5,short_hold,video,0.0,True,False,False,10.267318663963032,9.09427764909032,11.109291658166644,8.352902534608205
P03,AGEM KANAN,1,POST,P4,parietal,kanan,45.596,47.096,1.5,1.5,short_hold,video,0.0,True,False,False,6.201032589520665,9.681918783459224,7.824098809821734,6.094611765953481
P03,AGEM KANAN,1,POST,O2,oksipital,kanan,45.596,47.096,1.5,1.5,short_hold,video,0.0,True,False,False,5.24363776839666,6.58954516901818,12.727603261033885,6.976493072669854
P03,AGEM KANAN,1,POST,F8,frontotemporal,kanan,45.596,47.096,1.5,1.5,short_hold,video,0.0,True,False,False,9.1113323213064,7.200662873285722,10.260225773089438,8.06698138463734
P03,AGEM KANAN,1,POST,T4,temporal,kanan,45.596,47.096,1.5,1.5,short_hold,video,0.0,True,False,False,14.871814798986037,10.801325194892947,11.499925894266482,13.336788327814197
P03,AGEM KANAN,1,POST,T6,temporo-posterior,kanan,45.596,47.096,1.5,1.5,short_hold,video,0.0,True,False,False,9.239996171798111,6.2462323984884875,11.09973941451749,8.775193748156823
P03,AGEM KANAN,2,PRA,Fp1,frontopolar,kiri,46.304,48.304,2.0,2.0,ok,video,0.0,True,False,False,6.378069803711561,9.044723477866214,6.230441811357682,6.697460099881752
P03,AGEM KANAN,2,PRA,F3,frontal,kiri,46.304,48.304,2.0,2.0,ok,video,0.0,True,False,False,8.492105081582416,9.801469310944242,6.383725695483353,8.327986000201705
P03,AGEM KANAN,2,PRA,C3,sentral,kiri,46.304,48.304,2.0,2.0,ok,video,0.0,True,False,False,9.304453691726629,8.019814841536483,5.608942254842258,7.904589154491745
P03,AGEM KANAN,2,PRA,P3,parietal,kiri,46.304,48.304,2.0,2.0,ok,video,0.0,True,False,False,3.4724739163127936,2.3494903369661593,1.9215705123670546,3.997889065772867
P03,AGEM KANAN,2,PRA,O1,oksipital,kiri,46.304,48.304,2.0,2.0,ok,video,0.0,True,False,False,6.214337599787122,8.99303379107949,5.575429098290414,5.428454780089069
P03,AGEM KANAN,2,PRA,F7,frontotemporal,kiri,46.304,48.304,2.0,2.0,ok,video,0.0,True,False,False,2.2509502289407877,5.767239503856274,2.496399902744681,4.471098510843561
P03,AGEM KANAN,2,PRA,T3,temporal,kiri,46.304,48.304,2.0,2.0,ok,video,0.0,True,False,False,6.850649559539704,8.914168296198191,8.869081282132512,7.09683122044385
P03,AGEM KANAN,2,PRA,T5,temporo-posterior,kiri,46.304,48.304,2.0,2.0,ok,video,0.0,True,False,False,10.10676024304533,8.449721444944121,9.160813342935246,7.274118290191531
P03,AGEM KANAN,2,PRA,Fp2,frontopolar,kanan,46.304,48.304,2.0,2.0,ok,video,0.0,True,False,False,6.8407562745841375,6.7596891941235455,5.032800081861662,7.221755064242359
P03,AGEM KANAN,2,PRA,F4,frontal,kanan,46.304,48.304,2.0,2.0,ok,video,0.0,True,False,False,6.637742475757314,8.255335987378082,9.557545442462839,8.267928731258387
P03,AGEM KANAN,2,PRA,C4,sentral,kanan,46.304,48.304,2.0,2.0,ok,video,0.0,True,False,False,9.697085397251954,9.593886745775482,10.35741540337376,7.899555364648542
P03,AGEM KANAN,2,PRA,P4,parietal,kanan,46.304,48.304,2.0,2.0,ok,video,0.0,True,False,False,6.635301398408963,8.46755639356607,8.906392630920351,6.656694300754168
P03,AGEM KANAN,2,PRA,O2,oksipital,kanan,46.304,48.304,2.0,2.0,ok,video,0.0,True,False,False,3.658877964309589,6.879266502921865,11.980040833605251,6.02777428708567
P03,AGEM KANAN,2,PRA,F8,frontotemporal,kanan,46.304,48.304,2.0,2.0,ok,video,0.0,True,False,False,8.584374853299387,5.287957739142797,9.442717199117226,8.022573452811795
P03,AGEM KANAN,2,PRA,T4,temporal,kanan,46.304,48.304,2.0,2.0,ok,video,0.0,True,False,False,12.317891542702178,9.561392371807749,10.140082745521916,12.026884672010617
P03,AGEM KANAN,2,PRA,T6,temporo-posterior,kanan,46.304,48.304,2.0,2.0,ok,video,0.0,True,False,False,9.502864754822411,6.283236911842941,10.351131847257431,7.445144331643064
P03,AGEM KANAN,2,TURUN,Fp1,frontopolar,kiri,54.48,54.987,0.723,0.506,ok,video,0.0,True,False,False,13.950748403215094,13.834096685968888,11.858035986809245,12.957016216697774
P03,AGEM KANAN,2,TURUN,F3,frontal,kiri,54.48,54.987,0.723,0.506,ok,video,0.0,True,False,False,9.54958230438757,8.991759634093931,12.36318469681639,9.777648329241885
P03,AGEM KANAN,2,TURUN,C3,sentral,kiri,54.48,54.987,0.723,0.506,ok,video,0.0,True,False,False,4.642187632462893,4.1238011914921096,8.149724634599583,6.816815707280043
P03,AGEM KANAN,2,TURUN,P3,parietal,kiri,54.48,54.987,0.723,0.506,ok,video,0.0,True,False,False,6.078593259219403,4.510738312395535,5.397899885702017,3.3433129794342804
P03,AGEM KANAN,2,TURUN,O1,oksipital,kiri,54.48,54.987,0.723,0.506,ok,video,0.0,True,False,False,13.432569006037625,19.910230540191243,13.572971972081543,13.101900451388929
P03,AGEM KANAN,2,TURUN,F7,frontotemporal,kiri,54.48,54.987,0.723,0.506,ok,video,0.0,True,False,False,9.15659095520801,14.715335085580591,11.341159434268803,11.43794552122582
P03,AGEM KANAN,2,TURUN,T3,temporal,kiri,54.48,54.987,0.723,0.506,ok,video,0.0,True,False,False,9.852923353297967,7.086680067442423,8.364533224996851,7.822932461121493
P03,AGEM KANAN,2,TURUN,T5,temporo-posterior,kiri,54.48,54.987,0.723,0.506,ok,video,0.0,True,False,False,8.715954755676286,11.447606627574476,9.325655942187819,6.1902461811359615
P03,AGEM KANAN,2,TURUN,Fp2,frontopolar,kanan,54.48,54.987,0.723,0.506,ok,video,0.0,True,False,False,8.346397118496299,9.870645840172642,7.688406135822209,7.711774780174487
P03,AGEM KANAN,2,TURUN,F4,frontal,kanan,54.48,54.987,0.723,0.506,ok,video,0.0,True,False,False,6.132149419702401,7.440608080141359,10.003143396615584,6.416659656841894
P03,AGEM KANAN,2,TURUN,C4,sentral,kanan,54.48,54.987,0.723,0.506,ok,video,0.0,True,False,False,6.665905043704427,7.453957504525722,13.527169383052126,7.088930713807393
P03,AGEM KANAN,2,TURUN,P4,parietal,kanan,54.48,54.987,0.723,0.506,ok,video,0.0,True,False,False,8.85977222361533,11.388270588553823,8.175528888761242,9.80092938629938
P03,AGEM KANAN,2,TURUN,O2,oksipital,kanan,54.48,54.987,0.723,0.506,ok,video,0.0,True,False,False,13.052160516165081,11.025330296822098,10.413658647358723,11.679088575216625
P03,AGEM KANAN,2,TURUN,F8,frontotemporal,kanan,54.48,54.987,0.723,0.506,ok,video,0.0,True,False,False,5.9813780108825085,12.042709019800185,12.149033526726328,8.602894946832347
P03,AGEM KANAN,2,TURUN,T4,temporal,kanan,54.48,54.987,0.723,0.506,ok,video,0.0,True,False,False,13.84027771709001,20.557525626488967,16.81992139209069,15.454709227096188
P03,AGEM KANAN,2,TURUN,T6,temporo-posterior,kanan,54.48,54.987,0.723,0.506,ok,video,0.0,True,False,False,15.084511545692315,11.048115795798829,9.281961113021314,12.443027852816833
P03,AGEM KANAN,2,TAHAN,Fp1,frontopolar,kiri,55.345,57.053,2.208,1.708,ok,video,0.0,True,False,False,3.5493883375276383,7.451337749924612,6.9734792886068,5.290542325081191
P03,AGEM KANAN,2,TAHAN,F3,frontal,kiri,55.345,57.053,2.208,1.708,ok,video,0.0,True,False,False,6.533576998388163,11.43998896867425,7.627174717587113,6.992795057583216
P03,AGEM KANAN,2,TAHAN,C3,sentral,kiri,55.345,57.053,2.208,1.708,ok,video,0.0,True,False,False,5.952425757427626,8.698236123613835,7.337162482044992,7.032007636334896
P03,AGEM KANAN,2,TAHAN,P3,parietal,kiri,55.345,57.053,2.208,1.708,ok,video,0.0,True,False,False,5.496585497243231,4.886294438750117,4.396016480575426,4.52905124812002
P03,AGEM KANAN,2,TAHAN,O1,oksipital,kiri,55.345,57.053,2.208,1.708,ok,video,0.0,True,False,False,7.911499856976242,4.928758554475316,9.055509873739052,9.112485572696059
P03,AGEM KANAN,2,TAHAN,F7,frontotemporal,kiri,55.345,57.053,2.208,1.708,ok,video,0.0,True,False,False,8.57749514373419,10.679892538293863,12.38736459428155,9.198052144802048
P03,AGEM KANAN,2,TAHAN,T3,temporal,kiri,55.345,57.053,2.208,1.708,ok,video,0.0,True,False,False,7.477097691345129,11.304164497794034,9.45196240247094,9.123081254564308
P03,AGEM KANAN,2,TAHAN,T5,temporo-posterior,kiri,55.345,57.053,2.208,1.708,ok,video,0.0,True,False,False,5.47886459692603,11.607980079347971,8.948112680059925,5.545502729649385
P03,AGEM KANAN,2,TAHAN,Fp2,frontopolar,kanan,55.345,57.053,2.208,1.708,ok,video,0.0,True,False,False,6.040818333237453,6.038550765494804,5.443051138647274,5.8871747483500485
P03,AGEM KANAN,2,TAHAN,F4,frontal,kanan,55.345,57.053,2.208,1.708,ok,video,0.0,True,False,False,1.7398250410800387,4.732619762141603,6.631307576169796,5.736413709010598
P03,AGEM KANAN,2,TAHAN,C4,sentral,kanan,55.345,57.053,2.208,1.708,ok,video,0.0,True,False,False,6.648138289957785,7.261861245947468,8.880118990163169,6.212949652666481
P03,AGEM KANAN,2,TAHAN,P4,parietal,kanan,55.345,57.053,2.208,1.708,ok,video,0.0,True,False,False,7.280656548187686,6.638789873836089,7.090396306093808,5.616646063761948
P03,AGEM KANAN,2,TAHAN,O2,oksipital,kanan,55.345,57.053,2.208,1.708,ok,video,0.0,True,False,False,4.3525712278131365,3.5352120384233956,6.1207247943242535,7.168627665469124
P03,AGEM KANAN,2,TAHAN,F8,frontotemporal,kanan,55.345,57.053,2.208,1.708,ok,video,0.0,True,False,False,6.077438926026275,6.251734285430146,8.726897054219144,8.510902132855993
P03,AGEM KANAN,2,TAHAN,T4,temporal,kanan,55.345,57.053,2.208,1.708,ok,video,0.0,True,False,False,13.15667542092423,17.33383245201327,9.822766244154167,13.884879058349888
P03,AGEM KANAN,2,TAHAN,T6,temporo-posterior,kanan,55.345,57.053,2.208,1.708,ok,video,0.0,True,False,False,1.1613549748094556,3.7059616882738027,6.7661955231644555,7.532277297410644
P03,AGEM KANAN,2,NAIK,Fp1,frontopolar,kiri,57.553,61.052,3.999,3.499,ok,video,0.0,True,False,False,1.579808950286342,3.8963937852203827,3.2043603276947366,5.158830358815436
P03,AGEM KANAN,2,NAIK,F3,frontal,kiri,57.553,61.052,3.999,3.499,ok,video,0.0,True,False,False,2.9936571445639046,6.912306517650961,5.897642091420103,6.097097264612394
P03,AGEM KANAN,2,NAIK,C3,sentral,kiri,57.553,61.052,3.999,3.499,ok,video,0.0,True,False,False,3.2827746308995103,7.0869537797302335,3.5070731904024264,3.9317084075615902
P03,AGEM KANAN,2,NAIK,P3,parietal,kiri,57.553,61.052,3.999,3.499,ok,video,0.0,True,False,False,4.016551017842659,3.537226746686901,3.458264776855618,4.845484227528516
P03,AGEM KANAN,2,NAIK,O1,oksipital,kiri,57.553,61.052,3.999,3.499,ok,video,0.0,True,False,False,3.912546357620343,5.630264477887138,3.69504349849721,7.130365003935651
P03,AGEM KANAN,2,NAIK,F7,frontotemporal,kiri,57.553,61.052,3.999,3.499,ok,video,0.0,True,False,False,0.5080397739782967,3.4268048546091876,0.5125802814151257,2.912703700948228
P03,AGEM KANAN,2,NAIK,T3,temporal,kiri,57.553,61.052,3.999,3.499,ok,video,0.0,True,False,False,5.435423435063562,5.914186801051827,3.637754275448401,5.525129083390457
P03,AGEM KANAN,2,NAIK,T5,temporo-posterior,kiri,57.553,61.052,3.999,3.499,ok,video,0.0,True,False,False,2.727080641555183,5.6741676966046235,4.273526192657922,2.055464495736402
P03,AGEM KANAN,2,NAIK,Fp2,frontopolar,kanan,57.553,61.052,3.999,3.499,ok,video,0.0,True,False,False,4.886239560665487,6.451392786526284,1.9169285832857526,5.5113649063418535
P03,AGEM KANAN,2,NAIK,F4,frontal,kanan,57.553,61.052,3.999,3.499,ok,video,0.0,True,False,False,3.117341096454034,4.222482525705438,3.616553055905399,3.346003323486457
P03,AGEM KANAN,2,NAIK,C4,sentral,kanan,57.553,61.052,3.999,3.499,ok,video,0.0,True,False,False,3.7109339416683795,9.2370927245377,8.338854732654145,4.226803225694255
P03,AGEM KANAN,2,NAIK,P4,parietal,kanan,57.553,61.052,3.999,3.499,ok,video,0.0,True,False,False,3.2285092661647923,2.9599458104090886,4.346363750806788,3.1489309476086333
P03,AGEM KANAN,2,NAIK,O2,oksipital,kanan,57.553,61.052,3.999,3.499,ok,video,0.0,True,False,False,-0.3748819778504,1.8509354941745002,1.2616928382318804,0.12841595749490153
P03,AGEM KANAN,2,NAIK,F8,frontotemporal,kanan,57.553,61.052,3.999,3.499,ok,video,0.0,True,False,False,6.804439695947437,4.995288423164659,6.750000734351779,7.2685020942588885
P03,AGEM KANAN,2,NAIK,T4,temporal,kanan,57.553,61.052,3.999,3.499,ok,video,0.0,True,False,False,10.254514929349021,14.064301684200132,6.84066119220169,11.278469493916397
P03,AGEM KANAN,2,NAIK,T6,temporo-posterior,kanan,57.553,61.052,3.999,3.499,ok,video,0.0,True,False,False,1.4148480098555467,0.9731998934638781,2.6302772037368563,4.538064019404281
P03,AGEM KANAN,2,POST,Fp1,frontopolar,kiri,61.802,63.302,1.5,1.5,ok,video,0.0,True,False,False,14.807500963327861,14.604212724349743,15.24513751645031,14.04765375627533
P03,AGEM KANAN,2,POST,F3,frontal,kiri,61.802,63.302,1.5,1.5,ok,video,0.0,True,False,False,16.84432798093355,13.164030614877838,14.05278804874526,15.134917111965812
P03,AGEM KANAN,2,POST,C3,sentral,kiri,61.802,63.302,1.5,1.5,ok,video,0.0,True,False,False,15.319355061471,14.360576051001129,14.997535989261404,14.925058609568765
P03,AGEM KANAN,2,POST,P3,parietal,kiri,61.802,63.302,1.5,1.5,ok,video,0.0,True,False,False,11.9705726288379,11.452807446175175,9.991179237851867,10.454756556234116
P03,AGEM KANAN,2,POST,O1,oksipital,kiri,61.802,63.302,1.5,1.5,ok,video,0.0,True,False,False,16.664317992995983,15.911586613624685,14.05582799273925,13.433203324714242
P03,AGEM KANAN,2,POST,F7,frontotemporal,kiri,61.802,63.302,1.5,1.5,ok,video,0.0,True,False,False,16.177613366331897,14.289472227618582,11.936712509626695,14.494622378514471
P03,AGEM KANAN,2,POST,T3,temporal,kiri,61.802,63.302,1.5,1.5,ok,video,0.0,True,False,False,15.779330104818165,14.64787599003997,16.053507892995015,14.428991559119435
P03,AGEM KANAN,2,POST,T5,temporo-posterior,kiri,61.802,63.302,1.5,1.5,ok,video,0.0,True,False,False,13.920490606237138,15.098555828906147,15.011146991175803,11.907340492699078
P03,AGEM KANAN,2,POST,Fp2,frontopolar,kanan,61.802,63.302,1.5,1.5,ok,video,0.0,True,False,False,17.29834093455534,16.78089319766866,15.030182468491962,15.813079030729952
P03,AGEM KANAN,2,POST,F4,frontal,kanan,61.802,63.302,1.5,1.5,ok,video,0.0,True,False,False,15.77135950240553,17.1818132077346,16.76824223308484,15.682667236965308
P03,AGEM KANAN,2,POST,C4,sentral,kanan,61.802,63.302,1.5,1.5,ok,video,0.0,True,False,False,13.887722013947027,16.35063721441836,15.781790927232436,12.894341804929631
P03,AGEM KANAN,2,POST,P4,parietal,kanan,61.802,63.302,1.5,1.5,ok,video,0.0,True,False,False,13.383575189310697,15.306895586349839,12.669256579290426,12.454837121985534
P03,AGEM KANAN,2,POST,O2,oksipital,kanan,61.802,63.302,1.5,1.5,ok,video,0.0,True,False,False,14.055638748008583,14.262190205450878,16.295601703138992,13.583262438974742
P03,AGEM KANAN,2,POST,F8,frontotemporal,kanan,61.802,63.302,1.5,1.5,ok,video,0.0,True,False,False,17.167559505223643,18.544667546591576,17.451015193848654,16.037835287852435
P03,AGEM KANAN,2,POST,T4,temporal,kanan,61.802,63.302,1.5,1.5,ok,video,0.0,True,False,False,21.995858115635052,19.9746495562815,19.20007415915162,19.832194343627407
P03,AGEM KANAN,2,POST,T6,temporo-posterior,kanan,61.802,63.302,1.5,1.5,ok,video,0.0,True,False,False,14.126569366925196,14.572114122026846,16.265754196552354,14.185970294114412
P03,AGEM KIRI,1,PRA,Fp1,frontopolar,kiri,68.37,70.37,2.0,2.0,short_hold,video,0.0,True,False,False,2.641594857296255,6.296428451147179,5.5735048839331895,4.144379665407364
P03,AGEM KIRI,1,PRA,F3,frontal,kiri,68.37,70.37,2.0,2.0,short_hold,video,0.0,True,False,False,2.180521505009814,6.2577075221658625,5.737188638866794,2.6998313481603304
P03,AGEM KIRI,1,PRA,C3,sentral,kiri,68.37,70.37,2.0,2.0,short_hold,video,0.0,True,False,False,4.996430676542936,6.690965069100901,5.491051898226317,4.487735576727978
P03,AGEM KIRI,1,PRA,P3,parietal,kiri,68.37,70.37,2.0,2.0,short_hold,video,0.0,True,False,False,1.4436926289744036,6.371214883638235,5.162082759366367,3.4800964221780717
P03,AGEM KIRI,1,PRA,O1,oksipital,kiri,68.37,70.37,2.0,2.0,short_hold,video,0.0,True,False,False,7.753674275584714,9.950909481350045,7.041087370446931,7.262485602374774
P03,AGEM KIRI,1,PRA,F7,frontotemporal,kiri,68.37,70.37,2.0,2.0,short_hold,video,0.0,True,False,False,10.441174163893649,3.1145150987892194,5.683711502038449,9.010519966212314
P03,AGEM KIRI,1,PRA,T3,temporal,kiri,68.37,70.37,2.0,2.0,short_hold,video,0.0,True,False,False,8.005834463714486,9.073861733069485,4.362462541731329,7.360784964110433
P03,AGEM KIRI,1,PRA,T5,temporo-posterior,kiri,68.37,70.37,2.0,2.0,short_hold,video,0.0,True,False,False,6.3847443992625585,7.902159685010229,4.120959547746956,3.914821049189257
P03,AGEM KIRI,1,PRA,Fp2,frontopolar,kanan,68.37,70.37,2.0,2.0,short_hold,video,0.0,True,False,False,0.06897571850445416,5.005074349469467,4.370258247895368,3.9632290722934442
P03,AGEM KIRI,1,PRA,F4,frontal,kanan,68.37,70.37,2.0,2.0,short_hold,video,0.0,True,False,False,1.3511342378860363,5.547160556367338,5.800922730552372,4.139512168410995
P03,AGEM KIRI,1,PRA,C4,sentral,kanan,68.37,70.37,2.0,2.0,short_hold,video,0.0,True,False,False,7.396076728821839,9.517643061632352,5.095979281651431,6.410803069832326
P03,AGEM KIRI,1,PRA,P4,parietal,kanan,68.37,70.37,2.0,2.0,short_hold,video,0.0,True,False,False,2.554188336989043,5.3959882557398515,5.2201205454075605,2.317252147479344
P03,AGEM KIRI,1,PRA,O2,oksipital,kanan,68.37,70.37,2.0,2.0,short_hold,video,0.0,True,False,False,4.88718020606585,4.233613456958068,6.8111253462761745,6.125088736508495
P03,AGEM KIRI,1,PRA,F8,frontotemporal,kanan,68.37,70.37,2.0,2.0,short_hold,video,0.0,True,False,False,2.5375190499871962,4.038346752970277,2.8397516819790596,2.216552423566565
P03,AGEM KIRI,1,PRA,T4,temporal,kanan,68.37,70.37,2.0,2.0,short_hold,video,0.0,True,False,False,14.320796039871581,6.916946422199217,7.088672131102747,12.635282897232443
P03,AGEM KIRI,1,PRA,T6,temporo-posterior,kanan,68.37,70.37,2.0,2.0,short_hold,video,0.0,True,False,False,6.966774521880602,6.254376429498549,4.735341750002213,6.369490342359981
P03,AGEM KIRI,1,TURUN,Fp1,frontopolar,kiri,70.939,71.454,0.735,0.515,short_hold,video,0.0,True,False,False,8.30286784894082,9.547579364261367,10.730960321765924,8.980333265111746
P03,AGEM KIRI,1,TURUN,F3,frontal,kiri,70.939,71.454,0.735,0.515,short_hold,video,0.0,True,False,False,8.267964515369982,9.007587550984582,12.74399746742472,8.33954195809364
P03,AGEM KIRI,1,TURUN,C3,sentral,kiri,70.939,71.454,0.735,0.515,short_hold,video,0.0,True,False,False,5.509713721115951,12.172784831408972,12.920455283587149,8.95285688504503
P03,AGEM KIRI,1,TURUN,P3,parietal,kiri,70.939,71.454,0.735,0.515,short_hold,video,0.0,True,False,False,7.78061965272623,6.278393453606366,8.606100063433885,6.608085028307897
P03,AGEM KIRI,1,TURUN,O1,oksipital,kiri,70.939,71.454,0.735,0.515,short_hold,video,0.0,True,False,False,15.459377105982604,16.517785252899685,10.522604484749603,14.417726950566134
P03,AGEM KIRI,1,TURUN,F7,frontotemporal,kiri,70.939,71.454,0.735,0.515,short_hold,video,0.0,True,False,False,8.902761732432268,8.181531840086677,6.177204129302432,7.6666576322995965
P03,AGEM KIRI,1,TURUN,T3,temporal,kiri,70.939,71.454,0.735,0.515,short_hold,video,0.0,True,False,False,6.553165368704526,11.295189516396206,10.789079216960488,10.645006387379016
P03,AGEM KIRI,1,TURUN,T5,temporo-posterior,kiri,70.939,71.454,0.735,0.515,short_hold,video,0.0,True,False,False,7.807108722361178,3.358075219873559,10.073388523830076,4.595842432402847
P03,AGEM KIRI,1,TURUN,Fp2,frontopolar,kanan,70.939,71.454,0.735,0.515,short_hold,video,0.0,True,False,False,9.606804312237053,11.56510773728452,9.83907643595651,10.738794049623067
P03,AGEM KIRI,1,TURUN,F4,frontal,kanan,70.939,71.454,0.735,0.515,short_hold,video,0.0,True,False,False,-1.7815742466766693,4.297048281509113,7.128227535266305,1.7405675222058008
P03,AGEM KIRI,1,TURUN,C4,sentral,kanan,70.939,71.454,0.735,0.515,short_hold,video,0.0,True,False,False,9.935854101961041,9.208752978189803,4.614322012868666,7.76800208051236
P03,AGEM KIRI,1,TURUN,P4,parietal,kanan,70.939,71.454,0.735,0.515,short_hold,video,0.0,True,False,False,7.0399396169026645,3.410866442959737,-1.1911794549841908,7.522366150309587
P03,AGEM KIRI,1,TURUN,O2,oksipital,kanan,70.939,71.454,0.735,0.515,short_hold,video,0.0,True,False,False,6.442696550505296,4.6468845611937155,7.995635483960875,6.539183369977188
P03,AGEM KIRI,1,TURUN,F8,frontotemporal,kanan,70.939,71.454,0.735,0.515,short_hold,video,0.0,True,False,False,3.84562423965545,5.948749205077945,8.334921526999576,4.047303684344239
P03,AGEM KIRI,1,TURUN,T4,temporal,kanan,70.939,71.454,0.735,0.515,short_hold,video,0.0,True,False,False,6.7402467637224035,0.6039884570347134,3.7783073171258295,8.271137699854684
P03,AGEM KIRI,1,TURUN,T6,temporo-posterior,kanan,70.939,71.454,0.735,0.515,short_hold,video,0.0,True,False,False,3.6496295601114923,10.076745211326873,12.873117720581167,5.685598260376679
P03,AGEM KIRI,1,NAIK,Fp1,frontopolar,kiri,72.147,76.313,4.666,4.166,short_hold,video,0.0,True,False,False,-1.4614199385061042,0.6261790534336065,2.586318534510827,2.042652992770897
P03,AGEM KIRI,1,NAIK,F3,frontal,kiri,72.147,76.313,4.666,4.166,short_hold,video,0.0,True,False,False,-1.0516228982216482,1.8905253172072136,3.165432178660005,0.9533391615408426
P03,AGEM KIRI,1,NAIK,C3,sentral,kiri,72.147,76.313,4.666,4.166,short_hold,video,0.0,True,False,False,2.485206179291154,3.9823657892603954,3.751515256816166,2.849987694564888
P03,AGEM KIRI,1,NAIK,P3,parietal,kiri,72.147,76.313,4.666,4.166,short_hold,video,0.0,True,False,False,6.205118703113314,2.464891491348123,4.409345095042411,6.898755656072709
P03,AGEM KIRI,1,NAIK,O1,oksipital,kiri,72.147,76.313,4.666,4.166,short_hold,video,0.0,True,False,False,2.592608497282974,0.8751759288066765,2.963729749003978,1.7943577233015588
P03,AGEM KIRI,1,NAIK,F7,frontotemporal,kiri,72.147,76.313,4.666,4.166,short_hold,video,0.0,True,False,False,1.6000736356696308,-1.9348533255648235,0.5412785872973807,1.6781561446769544
P03,AGEM KIRI,1,NAIK,T3,temporal,kiri,72.147,76.313,4.666,4.166,short_hold,video,0.0,True,False,False,-1.7122799904266266,2.639037674179324,2.0339958010803443,0.7364417092117819
P03,AGEM KIRI,1,NAIK,T5,temporo-posterior,kiri,72.147,76.313,4.666,4.166,short_hold,video,0.0,True,False,False,2.7670931564813515,4.758831467927362,4.435284092913086,1.9487583080767763
P03,AGEM KIRI,1,NAIK,Fp2,frontopolar,kanan,72.147,76.313,4.666,4.166,short_hold,video,0.0,True,False,False,0.6099188193865857,0.3592187861898708,1.8827261355715237,2.3585400274829667
P03,AGEM KIRI,1,NAIK,F4,frontal,kanan,72.147,76.313,4.666,4.166,short_hold,video,0.0,True,False,False,-0.9967295512284622,-1.4123856001092392,2.1811537134558634,0.4981921156380267
P03,AGEM KIRI,1,NAIK,C4,sentral,kanan,72.147,76.313,4.666,4.166,short_hold,video,0.0,True,False,False,0.6708710908756927,1.3855738432893325,1.9429694785587515,-0.15947349546151912
P03,AGEM KIRI,1,NAIK,P4,parietal,kanan,72.147,76.313,4.666,4.166,short_hold,video,0.0,True,False,False,-0.4224494502869476,1.6163956649457134,4.023978054098077,3.36398116699732
P03,AGEM KIRI,1,NAIK,O2,oksipital,kanan,72.147,76.313,4.666,4.166,short_hold,video,0.0,True,False,False,0.052211755649970826,3.0611292757648556,7.254978655820182,5.750520282198892
P03,AGEM KIRI,1,NAIK,F8,frontotemporal,kanan,72.147,76.313,4.666,4.166,short_hold,video,0.0,True,False,False,8.00231916636345,8.183037893232651,9.850524163744588,9.85148146622154
P03,AGEM KIRI,1,NAIK,T4,temporal,kanan,72.147,76.313,4.666,4.166,short_hold,video,0.0,True,False,False,1.696876397454119,6.452303475935622,7.307009010349212,4.440960226152129
P03,AGEM KIRI,1,NAIK,T6,temporo-posterior,kanan,72.147,76.313,4.666,4.166,short_hold,video,0.0,True,False,False,1.5713444272682366,0.34909259869955633,4.796617828228477,5.573389706817423
P03,AGEM KIRI,1,POST,Fp1,frontopolar,kiri,77.063,78.563,1.5,1.5,short_hold,video,0.0,True,False,False,13.73604428593844,14.298683598253618,8.558322672503994,12.24487112905149
P03,AGEM KIRI,1,POST,F3,frontal,kiri,77.063,78.563,1.5,1.5,short_hold,video,0.0,True,False,False,7.801309605543821,12.252250889755615,5.9247433824267155,8.354145217993754
P03,AGEM KIRI,1,POST,C3,sentral,kiri,77.063,78.563,1.5,1.5,short_hold,video,0.0,True,False,False,8.33339746367782,8.589201294690337,6.1774802292866795,8.062926632551886
P03,AGEM KIRI,1,POST,P3,parietal,kiri,77.063,78.563,1.5,1.5,short_hold,video,0.0,True,False,False,5.5267464078767645,3.751952286756225,3.331779508293625,7.735260442853118
P03,AGEM KIRI,1,POST,O1,oksipital,kiri,77.063,78.563,1.5,1.5,short_hold,video,0.0,True,False,False,15.465066967107816,13.948003382905192,9.585355611036253,12.035760140029502
P03,AGEM KIRI,1,POST,F7,frontotemporal,kiri,77.063,78.563,1.5,1.5,short_hold,video,0.0,True,False,False,12.084927079780279,9.21416894117975,5.892389570442553,10.474334273526722
P03,AGEM KIRI,1,POST,T3,temporal,kiri,77.063,78.563,1.5,1.5,short_hold,video,0.0,True,False,False,4.667529407204604,8.362686381927972,8.45691064239718,7.19710620447572
P03,AGEM KIRI,1,POST,T5,temporo-posterior,kiri,77.063,78.563,1.5,1.5,short_hold,video,0.0,True,False,False,9.75111519881552,7.256459913579011,4.681433225005556,10.129317173636629
P03,AGEM KIRI,1,POST,Fp2,frontopolar,kanan,77.063,78.563,1.5,1.5,short_hold,video,0.0,True,False,False,10.287509967602489,10.453403971267079,4.191017694120436,9.837627939977494
P03,AGEM KIRI,1,POST,F4,frontal,kanan,77.063,78.563,1.5,1.5,short_hold,video,0.0,True,False,False,10.385989186168871,8.476453807088966,5.155362385021093,10.214344830890624
P03,AGEM KIRI,1,POST,C4,sentral,kanan,77.063,78.563,1.5,1.5,short_hold,video,0.0,True,False,False,6.608560051605487,7.29961827985581,6.237474222741945,10.217315646417518
P03,AGEM KIRI,1,POST,P4,parietal,kanan,77.063,78.563,1.5,1.5,short_hold,video,0.0,True,False,False,6.9832507796714935,6.854640044386869,3.6237777049933513,7.11328763945577
P03,AGEM KIRI,1,POST,O2,oksipital,kanan,77.063,78.563,1.5,1.5,short_hold,video,0.0,True,False,False,11.9961524896406,12.793994895304834,8.35385127562818,11.71626583488996
P03,AGEM KIRI,1,POST,F8,frontotemporal,kanan,77.063,78.563,1.5,1.5,short_hold,video,0.0,True,False,False,10.068032625198157,7.665398851185195,5.470675812173109,10.72175195259295
P03,AGEM KIRI,1,POST,T4,temporal,kanan,77.063,78.563,1.5,1.5,short_hold,video,0.0,True,False,False,10.336497273369247,8.557610348821079,3.5010138698849325,9.878777668273429
P03,AGEM KIRI,1,POST,T6,temporo-posterior,kanan,77.063,78.563,1.5,1.5,short_hold,video,0.0,True,False,False,10.873461957384094,11.280731809685342,5.174021675797206,9.517525257991892
P03,AGEM KIRI,2,PRA,Fp1,frontopolar,kiri,78.702,80.702,2.0,2.0,ok,video,0.0,True,False,False,8.57968745050335,8.044584868222195,5.631223354373272,7.444413953824515
P03,AGEM KIRI,2,PRA,F3,frontal,kiri,78.702,80.702,2.0,2.0,ok,video,0.0,True,False,False,5.915864648192667,4.669729568179111,7.481668724834531,5.358595473052908
P03,AGEM KIRI,2,PRA,C3,sentral,kiri,78.702,80.702,2.0,2.0,ok,video,0.0,True,False,False,5.812976989596244,4.548515234256467,3.555597689471849,7.571191605272475
P03,AGEM KIRI,2,PRA,P3,parietal,kiri,78.702,80.702,2.0,2.0,ok,video,0.0,True,False,False,1.8363099827450995,1.7197145492535562,1.137635412441849,2.848037280744208
P03,AGEM KIRI,2,PRA,O1,oksipital,kiri,78.702,80.702,2.0,2.0,ok,video,0.0,True,False,False,7.114305775630143,6.990177322270689,4.738342136898684,7.246715720945517
P03,AGEM KIRI,2,PRA,F7,frontotemporal,kiri,78.702,80.702,2.0,2.0,ok,video,0.0,True,False,False,8.926004782526242,6.0235785225040175,2.950997864907528,9.511369271455905
P03,AGEM KIRI,2,PRA,T3,temporal,kiri,78.702,80.702,2.0,2.0,ok,video,0.0,True,False,False,4.129463110928832,7.7830516539870445,8.480660893503092,5.966863753446798
P03,AGEM KIRI,2,PRA,T5,temporo-posterior,kiri,78.702,80.702,2.0,2.0,ok,video,0.0,True,False,False,5.634238424690324,4.123266792441523,5.494221586764638,6.25582667188165
P03,AGEM KIRI,2,PRA,Fp2,frontopolar,kanan,78.702,80.702,2.0,2.0,ok,video,0.0,True,False,False,6.625271150111665,4.536756837578054,3.5555675782392875,5.892839959583753
P03,AGEM KIRI,2,PRA,F4,frontal,kanan,78.702,80.702,2.0,2.0,ok,video,0.0,True,False,False,6.176370821080219,3.8323937822428675,4.793995876676348,4.467148287024074
P03,AGEM KIRI,2,PRA,C4,sentral,kanan,78.702,80.702,2.0,2.0,ok,video,0.0,True,False,False,3.63095268972598,4.484232696048071,2.9010648523906504,6.5583501425319355
P03,AGEM KIRI,2,PRA,P4,parietal,kanan,78.702,80.702,2.0,2.0,ok,video,0.0,True,False,False,3.555774995679336,1.8047226241620962,2.9061872325921563,3.5332209188047514
P03,AGEM KIRI,2,PRA,O2,oksipital,kanan,78.702,80.702,2.0,2.0,ok,video,0.0,True,False,False,8.118438528930177,8.57994821012322,6.238106530482181,6.813667509156353
P03,AGEM KIRI,2,PRA,F8,frontotemporal,kanan,78.702,80.702,2.0,2.0,ok,video,0.0,True,False,False,5.0728894563898095,5.9419236053215485,4.812903434913093,4.375821346264001
P03,AGEM KIRI,2,PRA,T4,temporal,kanan,78.702,80.702,2.0,2.0,ok,video,0.0,True,False,False,-0.010344794378482902,1.8851074514376975,1.7750758129652375,1.8227832161324216
P03,AGEM KIRI,2,PRA,T6,temporo-posterior,kanan,78.702,80.702,2.0,2.0,ok,video,0.0,True,False,False,8.460123291153941,8.038998594454746,7.99022276934571,8.981608774919358
P03,AGEM KIRI,2,TURUN,Fp1,frontopolar,kiri,86.618,88.45,2.332,1.832,ok,video,0.0,True,False,False,2.4604324752304976,1.36492768552419,2.863380733435548,2.7342834301738534
P03,AGEM KIRI,2,TURUN,F3,frontal,kiri,86.618,88.45,2.332,1.832,ok,video,0.0,True,False,False,6.324698685196111,2.301526722692479,7.180395643388337,6.4038490129573375
P03,AGEM KIRI,2,TURUN,C3,sentral,kiri,86.618,88.45,2.332,1.832,ok,video,0.0,True,False,False,8.905171186823573,10.72969426008434,6.171524661185703,9.427366117270552
P03,AGEM KIRI,2,TURUN,P3,parietal,kiri,86.618,88.45,2.332,1.832,ok,video,0.0,True,False,False,4.200930315086055,2.2650629959601467,5.410508947154316,5.978481123165153
P03,AGEM KIRI,2,TURUN,O1,oksipital,kiri,86.618,88.45,2.332,1.832,ok,video,0.0,True,False,False,4.703323052927388,5.39472237370267,5.348539015950838,4.327098790846165
P03,AGEM KIRI,2,TURUN,F7,frontotemporal,kiri,86.618,88.45,2.332,1.832,ok,video,0.0,True,False,False,0.22357113013776342,0.4878635820338104,0.7328756845628206,1.201187246094726
P03,AGEM KIRI,2,TURUN,T3,temporal,kiri,86.618,88.45,2.332,1.832,ok,video,0.0,True,False,False,5.10995772878411,3.5849681005297676,5.503954469814886,8.158577973175728
P03,AGEM KIRI,2,TURUN,T5,temporo-posterior,kiri,86.618,88.45,2.332,1.832,ok,video,0.0,True,False,False,4.7263212104143975,7.845621964464474,7.076865402864836,3.3987138554615868
P03,AGEM KIRI,2,TURUN,Fp2,frontopolar,kanan,86.618,88.45,2.332,1.832,ok,video,0.0,True,False,False,4.198276284313621,1.9803010226313305,2.096312440653872,4.341626320347395
P03,AGEM KIRI,2,TURUN,F4,frontal,kanan,86.618,88.45,2.332,1.832,ok,video,0.0,True,False,False,0.9109418949457009,0.3563748422573987,3.2311018952661,-0.32070655190834074
P03,AGEM KIRI,2,TURUN,C4,sentral,kanan,86.618,88.45,2.332,1.832,ok,video,0.0,True,False,False,5.801666054415335,3.945073278671334,5.338598654643917,3.3205959329891783
P03,AGEM KIRI,2,TURUN,P4,parietal,kanan,86.618,88.45,2.332,1.832,ok,video,0.0,True,False,False,3.8760759243624463,1.3738359244418987,5.736655641784907,3.439962620138779
P03,AGEM KIRI,2,TURUN,O2,oksipital,kanan,86.618,88.45,2.332,1.832,ok,video,0.0,True,False,False,0.7108270913987695,-3.715562878041041,-2.283239797537206,2.218714149315119
P03,AGEM KIRI,2,TURUN,F8,frontotemporal,kanan,86.618,88.45,2.332,1.832,ok,video,0.0,True,False,False,5.715702093781971,1.3288154586074086,2.8674483532325787,5.060765333348353
P03,AGEM KIRI,2,TURUN,T4,temporal,kanan,86.618,88.45,2.332,1.832,ok,video,0.0,True,False,False,0.08983156186096153,2.77719234814672,-3.5212415127788788,1.4038995287405882
P03,AGEM KIRI,2,TURUN,T6,temporo-posterior,kanan,86.618,88.45,2.332,1.832,ok,video,0.0,True,False,False,2.1973322719015655,3.5329379470429316,4.253377667581649,5.255033219357074
P03,AGEM KIRI,2,TAHAN,Fp1,frontopolar,kiri,88.95,90.908,2.458,1.958,ok,video,0.0,True,False,False,-5.670543080057193,-6.38601152930849,-2.8862854045153874,-2.412899042618289
P03,AGEM KIRI,2,TAHAN,F3,frontal,kiri,88.95,90.908,2.458,1.958,ok,video,0.0,True,False,False,-4.045044979147349,1.5906893419025998,0.21105690222840323,-2.3336208594111554
P03,AGEM KIRI,2,TAHAN,C3,sentral,kiri,88.95,90.908,2.458,1.958,ok,video,0.0,True,False,False,0.60150939869974,3.683474119039154,1.8125699605100216,1.6750468270955814
P03,AGEM KIRI,2,TAHAN,P3,parietal,kiri,88.95,90.908,2.458,1.958,ok,video,0.0,True,False,False,0.4917867643629421,2.532524863009794,3.4290522902718905,1.588288503161408
P03,AGEM KIRI,2,TAHAN,O1,oksipital,kiri,88.95,90.908,2.458,1.958,ok,video,0.0,True,False,False,-0.5364404582234883,0.01484458401230171,0.07307382852818733,2.6507428687621655
P03,AGEM KIRI,2,TAHAN,F7,frontotemporal,kiri,88.95,90.908,2.458,1.958,ok,video,0.0,True,False,False,-4.999573591602648,-3.0502610709524802,-0.7405602228458434,-2.943977100282293
P03,AGEM KIRI,2,TAHAN,T3,temporal,kiri,88.95,90.908,2.458,1.958,ok,video,0.0,True,False,False,-5.359220946640292,0.5649550533951313,-1.2794986841829044,-3.026191713024417
P03,AGEM KIRI,2,TAHAN,T5,temporo-posterior,kiri,88.95,90.908,2.458,1.958,ok,video,0.0,True,False,False,-1.383292795962781,3.2608628567613103,1.4775826480807552,-2.131466982060399
P03,AGEM KIRI,2,TAHAN,Fp2,frontopolar,kanan,88.95,90.908,2.458,1.958,ok,video,0.0,True,False,False,-3.2497422180047053,-1.498768211784089,1.4527316424475565,-1.683333473619843
P03,AGEM KIRI,2,TAHAN,F4,frontal,kanan,88.95,90.908,2.458,1.958,ok,video,0.0,True,False,False,0.05801887053073074,0.363015402393728,2.195082344986318,-0.21038646190502774
P03,AGEM KIRI,2,TAHAN,C4,sentral,kanan,88.95,90.908,2.458,1.958,ok,video,0.0,True,False,False,2.6320772720965806,3.759087790789298,2.579272510491517,2.5257581593666742
P03,AGEM KIRI,2,TAHAN,P4,parietal,kanan,88.95,90.908,2.458,1.958,ok,video,0.0,True,False,False,1.582364131128216,0.7173660538628255,2.4429242489268326,2.3035498772386447
P03,AGEM KIRI,2,TAHAN,O2,oksipital,kanan,88.95,90.908,2.458,1.958,ok,video,0.0,True,False,False,-2.5121996100980013,-3.97215800906919,-2.717288463388659,2.5578355469233927
P03,AGEM KIRI,2,TAHAN,F8,frontotemporal,kanan,88.95,90.908,2.458,1.958,ok,video,0.0,True,False,False,-0.7968758406229526,-3.5341389229691558,3.0593465330965195,-1.8437941142256378
P03,AGEM KIRI,2,TAHAN,T4,temporal,kanan,88.95,90.908,2.458,1.958,ok,video,0.0,True,False,False,-2.556757642705854,-4.324823684282176,-4.830029231034114,-3.3805281284319832
P03,AGEM KIRI,2,TAHAN,T6,temporo-posterior,kanan,88.95,90.908,2.458,1.958,ok,video,0.0,True,False,False,-1.826379136733678,-1.0444588932482972,-0.8034616798164507,0.1498102423480816
P03,AGEM KIRI,2,NAIK,Fp1,frontopolar,kiri,91.339,92.186,1.209,0.846,ok,video,0.0,True,False,False,-5.397677327193055,2.0154892637630297,-2.388639061828272,-3.289602985227102
P03,AGEM KIRI,2,NAIK,F3,frontal,kiri,91.339,92.186,1.209,0.846,ok,video,0.0,True,False,False,-2.916569487522249,0.473100663855309,-2.671799092850007,-3.650608716345328
P03,AGEM KIRI,2,NAIK,C3,sentral,kiri,91.339,92.186,1.209,0.846,ok,video,0.0,True,False,False,-5.038225687461541,-1.8815086110913235,0.37606356623755843,-4.733285601697663
P03,AGEM KIRI,2,NAIK,P3,parietal,kiri,91.339,92.186,1.209,0.846,ok,video,0.0,True,False,False,-0.5465779877358301,0.37346005734156407,2.7804100937074914,3.4391762854636383
P03,AGEM KIRI,2,NAIK,O1,oksipital,kiri,91.339,92.186,1.209,0.846,ok,video,0.0,True,False,False,-2.8558887611165247,3.830338710105387,-2.9561556469596155,0.3954084521507397
P03,AGEM KIRI,2,NAIK,F7,frontotemporal,kiri,91.339,92.186,1.209,0.846,ok,video,0.0,True,False,False,0.1329461437166799,1.4570838223432432,-0.7057370248905777,-0.3625229345788341
P03,AGEM KIRI,2,NAIK,T3,temporal,kiri,91.339,92.186,1.209,0.846,ok,video,0.0,True,False,False,-0.97053968353665,1.7460364856087978,-1.499884174726649,-1.3542719413856936
P03,AGEM KIRI,2,NAIK,T5,temporo-posterior,kiri,91.339,92.186,1.209,0.846,ok,video,0.0,True,False,False,1.2479709232572844,-0.8972721433522004,4.186428622779751,-1.8263218346444638
P03,AGEM KIRI,2,NAIK,Fp2,frontopolar,kanan,91.339,92.186,1.209,0.846,ok,video,0.0,True,False,False,-3.660647973227597,2.563863478656735,0.9602179629967154,-1.5037881680842986
P03,AGEM KIRI,2,NAIK,F4,frontal,kanan,91.339,92.186,1.209,0.846,ok,video,0.0,True,False,False,-0.28953284868446616,3.758356682681864,3.0011123117437037,2.017854866120885
P03,AGEM KIRI,2,NAIK,C4,sentral,kanan,91.339,92.186,1.209,0.846,ok,video,0.0,True,False,False,0.18821033926312225,1.7453715077453005,1.3326167522978984,-1.7495052794430705
P03,AGEM KIRI,2,NAIK,P4,parietal,kanan,91.339,92.186,1.209,0.846,ok,video,0.0,True,False,False,-5.625196620290673,-2.119912418798151,0.10901479193749353,-0.2532217965371615
P03,AGEM KIRI,2,NAIK,O2,oksipital,kanan,91.339,92.186,1.209,0.846,ok,video,0.0,True,False,False,-2.365247230197646,1.259082433746812,-2.8952524867725664,-0.09796047182423706
P03,AGEM KIRI,2,NAIK,F8,frontotemporal,kanan,91.339,92.186,1.209,0.846,ok,video,0.0,True,False,False,0.4335243034378493,2.1576728878230185,-0.25815485163085583,-0.23703262401719982
P03,AGEM KIRI,2,NAIK,T4,temporal,kanan,91.339,92.186,1.209,0.846,ok,video,0.0,True,False,False,-5.565161525506511,-0.07439361568523495,-7.273696351350981,-5.248010290268397
P03,AGEM KIRI,2,NAIK,T6,temporo-posterior,kanan,91.339,92.186,1.209,0.846,ok,video,0.0,True,False,False,-4.628376870225793,-0.7145017542550889,-1.6063135557285548,-4.552414148138443
P03,AGEM KIRI,2,POST,Fp1,frontopolar,kiri,92.867,94.367,1.5,1.5,ok,video,0.0,True,False,False,7.1209199423943375,8.357244470213857,7.344811146956847,6.933594645920664
P03,AGEM KIRI,2,POST,F3,frontal,kiri,92.867,94.367,1.5,1.5,ok,video,0.0,True,False,False,5.275231724948888,4.375293016244147,6.589464431498971,4.2521798080577256
P03,AGEM KIRI,2,POST,C3,sentral,kiri,92.867,94.367,1.5,1.5,ok,video,0.0,True,False,False,7.442536524335175,5.385032859386428,1.8182832186121054,6.905869065598509
P03,AGEM KIRI,2,POST,P3,parietal,kiri,92.867,94.367,1.5,1.5,ok,video,0.0,True,False,False,0.516178641146638,3.1429029149961742,3.9277124664669216,1.2329593320871126
P03,AGEM KIRI,2,POST,O1,oksipital,kiri,92.867,94.367,1.5,1.5,ok,video,0.0,True,False,False,4.262504419304349,8.577801430553492,8.267116342490556,6.676114639737754
P03,AGEM KIRI,2,POST,F7,frontotemporal,kiri,92.867,94.367,1.5,1.5,ok,video,0.0,True,False,False,5.845324441240443,7.829064776045051,7.040706544082745,5.983019796588529
P03,AGEM KIRI,2,POST,T3,temporal,kiri,92.867,94.367,1.5,1.5,ok,video,0.0,True,False,False,5.576805211058435,6.965221596805421,4.486151680204081,4.115951577990426
P03,AGEM KIRI,2,POST,T5,temporo-posterior,kiri,92.867,94.367,1.5,1.5,ok,video,0.0,True,False,False,0.7905090554145033,3.223622704436636,3.4920704337484985,3.5656924350847703
P03,AGEM KIRI,2,POST,Fp2,frontopolar,kanan,92.867,94.367,1.5,1.5,ok,video,0.0,True,False,False,4.516628898807895,7.040347752477821,3.646466074705888,5.253453616378771
P03,AGEM KIRI,2,POST,F4,frontal,kanan,92.867,94.367,1.5,1.5,ok,video,0.0,True,False,False,5.585738896109213,4.987435392353156,5.249795486004537,6.069173103415842
P03,AGEM KIRI,2,POST,C4,sentral,kanan,92.867,94.367,1.5,1.5,ok,video,0.0,True,False,False,3.0525458867330073,7.071594961016313,8.565720017935192,6.067299854454333
P03,AGEM KIRI,2,POST,P4,parietal,kanan,92.867,94.367,1.5,1.5,ok,video,0.0,True,False,False,5.208204436156777,3.6405389127106034,4.700798419481586,4.1577344109471355
P03,AGEM KIRI,2,POST,O2,oksipital,kanan,92.867,94.367,1.5,1.5,ok,video,0.0,True,False,False,5.160670942597541,8.007920886052673,8.194128703529543,6.678228339226479
P03,AGEM KIRI,2,POST,F8,frontotemporal,kanan,92.867,94.367,1.5,1.5,ok,video,0.0,True,False,False,5.633228416939808,6.233143089083299,6.586818615174899,8.007461612164828
P03,AGEM KIRI,2,POST,T4,temporal,kanan,92.867,94.367,1.5,1.5,ok,video,0.0,True,False,False,4.965499860789571,4.034289816433748,1.7057546017659355,3.282639542886855
P03,AGEM KIRI,2,POST,T6,temporo-posterior,kanan,92.867,94.367,1.5,1.5,ok,video,0.0,True,False,False,6.051843596730961,5.213458897411243,6.365142353548414,7.287611094037345
P03,NGEED,3,PRA,Fp1,frontopolar,kiri,273.498,275.498,2.0,2.0,ok,video,0.0,True,False,False,-6.452737925685035,-6.769601206258095,-1.3390703417088154,-2.8201787722980143
P03,NGEED,3,PRA,F3,frontal,kiri,273.498,275.498,2.0,2.0,ok,video,0.0,True,False,False,-4.784847258116319,-4.646182328453843,-1.4423344933814803,-1.9327709909162927
P03,NGEED,3,PRA,C3,sentral,kiri,273.498,275.498,2.0,2.0,ok,video,0.0,True,False,False,-1.6512522583624225,-3.5011523051741413,-1.105414343414001,-1.2654931629156891
P03,NGEED,3,PRA,P3,parietal,kiri,273.498,275.498,2.0,2.0,ok,video,0.0,True,False,False,0.6136612179922167,-1.8992290321781695,1.5167426071607046,0.224365950970558
P03,NGEED,3,PRA,O1,oksipital,kiri,273.498,275.498,2.0,2.0,ok,video,0.0,True,False,False,-1.684178885869656,-5.039835331613784,-1.6086190442686714,1.2286642508163794
P03,NGEED,3,PRA,F7,frontotemporal,kiri,273.498,275.498,2.0,2.0,ok,video,0.0,True,False,False,-5.554540543820426,-8.688002417825942,-4.749534525000588,-5.911814313816041
P03,NGEED,3,PRA,T3,temporal,kiri,273.498,275.498,2.0,2.0,ok,video,0.0,True,False,False,-2.968416322899248,-4.080371804097634,-1.2052903213979178,-1.1176835650162964
P03,NGEED,3,PRA,T5,temporo-posterior,kiri,273.498,275.498,2.0,2.0,ok,video,0.0,True,False,False,-0.7476568335247507,-1.9390360937302482,-2.0311986305208407,-0.0499608101532516
P03,NGEED,3,PRA,Fp2,frontopolar,kanan,273.498,275.498,2.0,2.0,ok,video,0.0,True,False,False,-3.306310485430444,-1.535818112726993,0.3495489728896146,-0.45522342107931735
P03,NGEED,3,PRA,F4,frontal,kanan,273.498,275.498,2.0,2.0,ok,video,0.0,True,False,False,-0.9488958139090187,-1.9522267056549545,1.7378062012933846,0.4819234745051588
P03,NGEED,3,PRA,C4,sentral,kanan,273.498,275.498,2.0,2.0,ok,video,0.0,True,False,False,0.8939494685632354,-0.7927548358075249,2.251244090017668,-0.3756927799077445
P03,NGEED,3,PRA,P4,parietal,kanan,273.498,275.498,2.0,2.0,ok,video,0.0,True,False,False,3.6526307216815965,3.225611917969715,3.0011369964659806,2.880145448065491
P03,NGEED,3,PRA,O2,oksipital,kanan,273.498,275.498,2.0,2.0,ok,video,0.0,True,False,False,2.923546810369487,-0.3178142368539483,1.1171846607220992,2.3239505320782285
P03,NGEED,3,PRA,F8,frontotemporal,kanan,273.498,275.498,2.0,2.0,ok,video,0.0,True,False,False,-2.8891922910792935,-2.1501751789752603,0.3813756884156163,-1.425428058061268
P03,NGEED,3,PRA,T4,temporal,kanan,273.498,275.498,2.0,2.0,ok,video,0.0,True,False,False,1.668052128673068,2.7788086037498516,2.7528590955326457,2.081599784585066
P03,NGEED,3,PRA,T6,temporo-posterior,kanan,273.498,275.498,2.0,2.0,ok,video,0.0,True,False,False,-5.143769225512337,-3.7136156122117043,-2.279785787683881,-3.0279614154441035
P03,NGEED,3,TURUN,Fp1,frontopolar,kiri,279.484,280.845,1.861,1.361,ok,video,0.0,True,False,False,11.945628549027965,6.469575977615534,13.97643498189436,9.975663599711773
P03,NGEED,3,TURUN,F3,frontal,kiri,279.484,280.845,1.861,1.361,ok,video,0.0,True,False,False,13.824142568139827,12.72800735086578,11.644133203499727,11.836411026330815
P03,NGEED,3,TURUN,C3,sentral,kiri,279.484,280.845,1.861,1.361,ok,video,0.0,True,False,False,14.108258933156307,7.775495563634717,11.757692386570426,12.716844383874587
P03,NGEED,3,TURUN,P3,parietal,kiri,279.484,280.845,1.861,1.361,ok,video,0.0,True,False,False,8.375694424783774,11.836096018546062,9.392786493380996,10.170413880458952
P03,NGEED,3,TURUN,O1,oksipital,kiri,279.484,280.845,1.861,1.361,ok,video,0.0,True,False,False,11.451703110942567,5.488954113576575,14.387342406734088,9.38922817175144
P03,NGEED,3,TURUN,F7,frontotemporal,kiri,279.484,280.845,1.861,1.361,ok,video,0.0,True,False,False,8.064564795691588,5.630658374431647,10.716857533333737,10.398386947532678
P03,NGEED,3,TURUN,T3,temporal,kiri,279.484,280.845,1.861,1.361,ok,video,0.0,True,False,False,14.147570794021718,14.320783804321955,13.582812873685128,14.358752876748778
P03,NGEED,3,TURUN,T5,temporo-posterior,kiri,279.484,280.845,1.861,1.361,ok,video,0.0,True,False,False,11.04362599748768,10.37813886391871,11.926098620468924,8.926012636284987
P03,NGEED,3,TURUN,Fp2,frontopolar,kanan,279.484,280.845,1.861,1.361,ok,video,0.0,True,False,False,9.919864762357399,10.950352752379445,9.737793946979235,10.401804936429428
P03,NGEED,3,TURUN,F4,frontal,kanan,279.484,280.845,1.861,1.361,ok,video,0.0,True,False,False,10.060094569901814,10.456530136455505,10.192634005795028,9.807097808983933
P03,NGEED,3,TURUN,C4,sentral,kanan,279.484,280.845,1.861,1.361,ok,video,0.0,True,False,False,8.95959072897471,9.411382074817116,8.438269736922738,7.1154435270735235
P03,NGEED,3,TURUN,P4,parietal,kanan,279.484,280.845,1.861,1.361,ok,video,0.0,True,False,False,9.631670538223837,10.744503879834951,10.311133656247456,10.39654493531819
P03,NGEED,3,TURUN,O2,oksipital,kanan,279.484,280.845,1.861,1.361,ok,video,0.0,True,False,False,4.22712227949561,7.481760797427626,10.70866910497378,6.799121610008804
P03,NGEED,3,TURUN,F8,frontotemporal,kanan,279.484,280.845,1.861,1.361,ok,video,0.0,True,False,False,12.276068189274142,10.181580071402436,9.17014215985634,12.424349263702293
P03,NGEED,3,TURUN,T4,temporal,kanan,279.484,280.845,1.861,1.361,ok,video,0.0,True,False,False,17.319922328269215,17.122524485802842,12.793147184368017,15.650208323227673
P03,NGEED,3,TURUN,T6,temporo-posterior,kanan,279.484,280.845,1.861,1.361,ok,video,0.0,True,False,False,4.6553655386568025,5.372809736158672,7.487152814712484,6.521227490504735
P03,NGEED,3,TAHAN,Fp1,frontopolar,kiri,281.345,284.386,3.541,3.041,ok,video,0.0,True,False,False,-0.4809678551193173,-1.2260647637604585,0.43191669656280496,1.1645758587518387
P03,NGEED,3,TAHAN,F3,frontal,kiri,281.345,284.386,3.541,3.041,ok,video,0.0,True,False,False,1.3066026169974094,5.374734054317194,5.12889949986355,3.4094182256718426
P03,NGEED,3,TAHAN,C3,sentral,kiri,281.345,284.386,3.541,3.041,ok,video,0.0,True,False,False,4.16915645327758,3.0605542177547953,3.885623796275521,6.529784061176251
P03,NGEED,3,TAHAN,P3,parietal,kiri,281.345,284.386,3.541,3.041,ok,video,0.0,True,False,False,6.5642472277524035,2.9597380958997412,4.441698175159559,7.608383411252348
P03,NGEED,3,TAHAN,O1,oksipital,kiri,281.345,284.386,3.541,3.041,ok,video,0.0,True,False,False,4.193103591562846,0.3642380608188702,0.5706011489876381,5.611763827186508
P03,NGEED,3,TAHAN,F7,frontotemporal,kiri,281.345,284.386,3.541,3.041,ok,video,0.0,True,False,False,3.322596154799939,-2.7879888550613003,0.7946941807956662,3.4453741167738414
P03,NGEED,3,TAHAN,T3,temporal,kiri,281.345,284.386,3.541,3.041,ok,video,0.0,True,False,False,5.377660915673857,3.8525767345752158,4.873270228694338,5.8639162468804535
P03,NGEED,3,TAHAN,T5,temporo-posterior,kiri,281.345,284.386,3.541,3.041,ok,video,0.0,True,False,False,4.439473868248079,5.766337227838722,5.369360476640264,3.1325679781827844
P03,NGEED,3,TAHAN,Fp2,frontopolar,kanan,281.345,284.386,3.541,3.041,ok,video,0.0,True,False,False,2.680164978257224,0.26666674386725475,2.6507573192995686,2.3569082052091233
P03,NGEED,3,TAHAN,F4,frontal,kanan,281.345,284.386,3.541,3.041,ok,video,0.0,True,False,False,-0.41858498289878554,-0.6597457098438682,4.81133075244723,2.5373060910010423
P03,NGEED,3,TAHAN,C4,sentral,kanan,281.345,284.386,3.541,3.041,ok,video,0.0,True,False,False,4.174618996026396,6.997937047376151,7.688817280705411,5.819826376332159
P03,NGEED,3,TAHAN,P4,parietal,kanan,281.345,284.386,3.541,3.041,ok,video,0.0,True,False,False,2.133844458567239,3.5219970231843334,4.1714489095502,3.9453136588031583
P03,NGEED,3,TAHAN,O2,oksipital,kanan,281.345,284.386,3.541,3.041,ok,video,0.0,True,False,False,0.2317364719719066,-2.4572588243721434,3.830817185468721,2.640141349952067
P03,NGEED,3,TAHAN,F8,frontotemporal,kanan,281.345,284.386,3.541,3.041,ok,video,0.0,True,False,False,7.345675655458379,5.442490288829674,10.790472612853662,6.722678247328734
P03,NGEED,3,TAHAN,T4,temporal,kanan,281.345,284.386,3.541,3.041,ok,video,0.0,True,False,False,0.5593261107900602,4.021842431878667,5.018537685954385,2.7710500827051945
P03,NGEED,3,TAHAN,T6,temporo-posterior,kanan,281.345,284.386,3.541,3.041,ok,video,0.0,True,False,False,0.9894696274613892,1.2046967799869392,5.449733546425058,3.0652172534428175
P03,NGEED,3,NAIK,Fp1,frontopolar,kiri,284.834,285.757,1.319,0.923,ok,video,0.0,True,False,False,7.352201153300705,3.329773460844258,4.720932037652926,7.082922854582705
P03,NGEED,3,NAIK,F3,frontal,kiri,284.834,285.757,1.319,0.923,ok,video,0.0,True,False,False,11.420894811110983,5.030601817022088,7.501043657014492,12.051451912213047
P03,NGEED,3,NAIK,C3,sentral,kiri,284.834,285.757,1.319,0.923,ok,video,0.0,True,False,False,4.863483855461467,6.689846320621232,6.895931768015856,4.039245867193735
P03,NGEED,3,NAIK,P3,parietal,kiri,284.834,285.757,1.319,0.923,ok,video,0.0,True,False,False,7.902919842582364,4.551122059598665,5.085479523335209,9.667898033551552
P03,NGEED,3,NAIK,O1,oksipital,kiri,284.834,285.757,1.319,0.923,ok,video,0.0,True,False,False,1.6249138504469087,0.3324267463183972,1.3253090782897665,3.4070084812163017
P03,NGEED,3,NAIK,F7,frontotemporal,kiri,284.834,285.757,1.319,0.923,ok,video,0.0,True,False,False,3.793372109142254,4.262546130965198,1.3986982574747344,4.880315818844409
P03,NGEED,3,NAIK,T3,temporal,kiri,284.834,285.757,1.319,0.923,ok,video,0.0,True,False,False,11.43692735865357,6.909338782165314,9.417547660910788,12.590482642985915
P03,NGEED,3,NAIK,T5,temporo-posterior,kiri,284.834,285.757,1.319,0.923,ok,video,0.0,True,False,False,6.7935133711057745,9.274149665085442,7.475632778276211,3.577332116776958
P03,NGEED,3,NAIK,Fp2,frontopolar,kanan,284.834,285.757,1.319,0.923,ok,video,0.0,True,False,False,8.716323103977004,1.7667918724620506,2.987567772736032,9.262356225031652
P03,NGEED,3,NAIK,F4,frontal,kanan,284.834,285.757,1.319,0.923,ok,video,0.0,True,False,False,6.238226825898913,7.693126362004691,7.49067001608368,7.7722184330449835
P03,NGEED,3,NAIK,C4,sentral,kanan,284.834,285.757,1.319,0.923,ok,video,0.0,True,False,False,9.331073520072678,8.748498725348586,8.356889473726348,6.0598906605649105
P03,NGEED,3,NAIK,P4,parietal,kanan,284.834,285.757,1.319,0.923,ok,video,0.0,True,False,False,5.941945128748337,-0.06114833916967655,4.996189064720845,7.968593091206259
P03,NGEED,3,NAIK,O2,oksipital,kanan,284.834,285.757,1.319,0.923,ok,video,0.0,True,False,False,4.052062192007156,9.965982261050918,6.258840192199184,4.924712431202536
P03,NGEED,3,NAIK,F8,frontotemporal,kanan,284.834,285.757,1.319,0.923,ok,video,0.0,True,False,False,6.964074952102692,7.199960038737096,6.819758247556749,7.690513124018128
P03,NGEED,3,NAIK,T4,temporal,kanan,284.834,285.757,1.319,0.923,ok,video,0.0,True,False,False,5.620852595809282,10.419448595457446,6.940478505665304,5.869197289754105
P03,NGEED,3,NAIK,T6,temporo-posterior,kanan,284.834,285.757,1.319,0.923,ok,video,0.0,True,False,False,2.5428645869009756,9.103129184351275,1.43747944890778,5.3741311103121205
P03,NGEED,3,POST,Fp1,frontopolar,kiri,286.455,287.955,1.5,1.5,ok,video,0.0,True,False,False,11.576980417481167,12.964145424007086,15.818800673215645,11.881728117213981
P03,NGEED,3,POST,F3,frontal,kiri,286.455,287.955,1.5,1.5,ok,video,0.0,True,False,False,10.889303905547322,7.388216554555974,12.017410549165103,9.727019388013495
P03,NGEED,3,POST,C3,sentral,kiri,286.455,287.955,1.5,1.5,ok,video,0.0,True,False,False,9.162787350182619,6.885038254239642,8.711781507728102,9.557228829148265
P03,NGEED,3,POST,P3,parietal,kiri,286.455,287.955,1.5,1.5,ok,video,0.0,True,False,False,6.768642087602913,5.186570881549233,9.135853145930128,6.618598193368619
P03,NGEED,3,POST,O1,oksipital,kiri,286.455,287.955,1.5,1.5,ok,video,0.0,True,False,False,10.155419324138713,14.484322942932621,16.937949269176134,11.593733144863954
P03,NGEED,3,POST,F7,frontotemporal,kiri,286.455,287.955,1.5,1.5,ok,video,0.0,True,False,False,8.212322673136121,10.229635648388133,12.813225172955178,10.199318167535324
P03,NGEED,3,POST,T3,temporal,kiri,286.455,287.955,1.5,1.5,ok,video,0.0,True,False,False,9.305648733879224,9.849736298509782,11.736595690211406,7.176705257109415
P03,NGEED,3,POST,T5,temporo-posterior,kiri,286.455,287.955,1.5,1.5,ok,video,0.0,True,False,False,6.651032995462749,7.616639226136851,8.401451104217376,5.522168916860366
P03,NGEED,3,POST,Fp2,frontopolar,kanan,286.455,287.955,1.5,1.5,ok,video,0.0,True,False,False,7.842063053209863,11.835811101410329,9.672889907793536,8.308521196703417
P03,NGEED,3,POST,F4,frontal,kanan,286.455,287.955,1.5,1.5,ok,video,0.0,True,False,False,6.435291255123211,11.907440486968959,12.111138580892082,8.766362597235926
P03,NGEED,3,POST,C4,sentral,kanan,286.455,287.955,1.5,1.5,ok,video,0.0,True,False,False,8.119184048794466,8.740022380841804,10.47085887029165,6.618253415439149
P03,NGEED,3,POST,P4,parietal,kanan,286.455,287.955,1.5,1.5,ok,video,0.0,True,False,False,5.346396472479199,6.354363537594018,6.040925379936958,5.423216114717938
P03,NGEED,3,POST,O2,oksipital,kanan,286.455,287.955,1.5,1.5,ok,video,0.0,True,False,False,9.817099938204827,11.300475458053128,14.265602849090342,9.823825190950572
P03,NGEED,3,POST,F8,frontotemporal,kanan,286.455,287.955,1.5,1.5,ok,video,0.0,True,False,False,6.255765944911545,9.236535690661213,10.84012716235047,6.77718452813124
P03,NGEED,3,POST,T4,temporal,kanan,286.455,287.955,1.5,1.5,ok,video,0.0,True,False,False,10.0060119674946,7.986126007552642,11.150690908826299,10.297239708314791
P03,NGEED,3,POST,T6,temporo-posterior,kanan,286.455,287.955,1.5,1.5,ok,video,0.0,True,False,False,8.12351000562851,10.420904808912141,12.565571333580284,7.861905720705323
P03,NGEED,4,PRA,Fp1,frontopolar,kiri,286.357,288.357,2.0,2.0,ok,video,0.0,True,False,False,10.986664928637019,12.024303390297668,14.613848301187925,11.357233284645588
P03,NGEED,4,PRA,F3,frontal,kiri,286.357,288.357,2.0,2.0,ok,video,0.0,True,False,False,10.629121289609301,8.800587372018605,11.281055093437956,9.643869362687411
P03,NGEED,4,PRA,C3,sentral,kiri,286.357,288.357,2.0,2.0,ok,video,0.0,True,False,False,9.212035469489102,6.799288928546421,8.55339888598942,9.295778022379686
P03,NGEED,4,PRA,P3,parietal,kiri,286.357,288.357,2.0,2.0,ok,video,0.0,True,False,False,6.739541314625534,4.364662053410701,8.293873412325148,6.353705532793853
P03,NGEED,4,PRA,O1,oksipital,kiri,286.357,288.357,2.0,2.0,ok,video,0.0,True,False,False,10.074967896489532,13.271448626502924,15.588392190283454,10.90722192894065
P03,NGEED,4,PRA,F7,frontotemporal,kiri,286.357,288.357,2.0,2.0,ok,video,0.0,True,False,False,9.253571961639459,11.007392959601049,11.956117185811266,10.493799199301336
P03,NGEED,4,PRA,T3,temporal,kiri,286.357,288.357,2.0,2.0,ok,video,0.0,True,False,False,9.261866717370637,9.39075028584513,11.04168606949921,7.352556424789672
P03,NGEED,4,PRA,T5,temporo-posterior,kiri,286.357,288.357,2.0,2.0,ok,video,0.0,True,False,False,8.153378478823967,8.539575697951978,8.624583359929861,5.9549942170345105
P03,NGEED,4,PRA,Fp2,frontopolar,kanan,286.357,288.357,2.0,2.0,ok,video,0.0,True,False,False,7.330728467716106,10.766619454048339,8.699303868301048,7.846407772507106
P03,NGEED,4,PRA,F4,frontal,kanan,286.357,288.357,2.0,2.0,ok,video,0.0,True,False,False,6.3108382075428295,11.01548821589411,11.08466956597173,8.695722157491723
P03,NGEED,4,PRA,C4,sentral,kanan,286.357,288.357,2.0,2.0,ok,video,0.0,True,False,False,7.849132068971535,8.767760798756836,9.833008154042048,6.4942461942381655
P03,NGEED,4,PRA,P4,parietal,kanan,286.357,288.357,2.0,2.0,ok,video,0.0,True,False,False,5.659422893100633,5.723336014054823,5.920153234379921,5.394808990178895
P03,NGEED,4,PRA,O2,oksipital,kanan,286.357,288.357,2.0,2.0,ok,video,0.0,True,False,False,9.092411381757096,10.309249329798568,13.040426440712224,9.008355326960029
P03,NGEED,4,PRA,F8,frontotemporal,kanan,286.357,288.357,2.0,2.0,ok,video,0.0,True,False,False,5.606375461744726,8.322475389014329,10.004725383540432,6.104417054318514
P03,NGEED,4,PRA,T4,temporal,kanan,286.357,288.357,2.0,2.0,ok,video,0.0,True,False,False,10.091880150872697,7.472864206471904,10.2962910409451,10.086081806337162
P03,NGEED,4,PRA,T6,temporo-posterior,kanan,286.357,288.357,2.0,2.0,ok,video,0.0,True,False,False,7.465080884872847,9.63060719608577,11.3436198894393,7.5287310227298505
P03,NGEED,4,TURUN,Fp1,frontopolar,kiri,295.471,296.589,1.596,1.117,ok,video,0.0,True,False,False,4.2051546197659135,3.687790591851858,5.032707021364185,4.232783333603045
P03,NGEED,4,TURUN,F3,frontal,kiri,295.471,296.589,1.596,1.117,ok,video,0.0,True,False,False,5.59701080963427,7.395988434614544,8.811073759534363,6.200181053585908
P03,NGEED,4,TURUN,C3,sentral,kiri,295.471,296.589,1.596,1.117,ok,video,0.0,True,False,False,4.836273483468339,10.89211476267148,7.357714353933677,7.383348823235302
P03,NGEED,4,TURUN,P3,parietal,kiri,295.471,296.589,1.596,1.117,ok,video,0.0,True,False,False,-2.1273405148133406,2.171561724689507,4.17018918191954,-0.5615032096260038
P03,NGEED,4,TURUN,O1,oksipital,kiri,295.471,296.589,1.596,1.117,ok,video,0.0,True,False,False,0.3582733126691551,-2.0076010274359675,-2.501027968604177,2.61877791145411
P03,NGEED,4,TURUN,F7,frontotemporal,kiri,295.471,296.589,1.596,1.117,ok,video,0.0,True,False,False,5.415384248850437,3.4192694494170013,4.1976747576889295,4.6401805406807455
P03,NGEED,4,TURUN,T3,temporal,kiri,295.471,296.589,1.596,1.117,ok,video,0.0,True,False,False,8.370199238624899,9.681297888372875,10.337488614560012,9.446742481074285
P03,NGEED,4,TURUN,T5,temporo-posterior,kiri,295.471,296.589,1.596,1.117,ok,video,0.0,True,False,False,0.4906981522612597,7.882040799412284,5.0786745412277305,3.4767322369351135
P03,NGEED,4,TURUN,Fp2,frontopolar,kanan,295.471,296.589,1.596,1.117,ok,video,0.0,True,False,False,-0.1257937330991581,2.899333832395328,2.3453385464958885,1.5554078177004058
P03,NGEED,4,TURUN,F4,frontal,kanan,295.471,296.589,1.596,1.117,ok,video,0.0,True,False,False,-1.993077481934094,4.323471494719946,4.3143869012683105,2.3521188316813735
P03,NGEED,4,TURUN,C4,sentral,kanan,295.471,296.589,1.596,1.117,ok,video,0.0,True,False,False,1.9248322351991618,4.000796055268037,3.799473694671441,1.2732653573618506
P03,NGEED,4,TURUN,P4,parietal,kanan,295.471,296.589,1.596,1.117,ok,video,0.0,True,False,False,0.20957840659463045,0.036221087506845606,2.6290739489072195,0.3169606987673461
P03,NGEED,4,TURUN,O2,oksipital,kanan,295.471,296.589,1.596,1.117,ok,video,0.0,True,False,False,-0.35004109065918954,-0.8177167412409858,-0.08426304098403392,-0.19413291751396855
P03,NGEED,4,TURUN,F8,frontotemporal,kanan,295.471,296.589,1.596,1.117,ok,video,0.0,True,False,False,-0.4296722410569984,2.1113553878761877,6.212979850977053,1.3524064198581591
P03,NGEED,4,TURUN,T4,temporal,kanan,295.471,296.589,1.596,1.117,ok,video,0.0,True,False,False,8.747289289088151,10.86592955464701,8.15157225542427,8.728013791591394
P03,NGEED,4,TURUN,T6,temporo-posterior,kanan,295.471,296.589,1.596,1.117,ok,video,0.0,True,False,False,-0.777708044370037,1.8512180656840727,4.123314506623583,0.3175919936522149
P03,NGEED,4,TAHAN,Fp1,frontopolar,kiri,297.007,297.844,1.195,0.837,ok,video,0.0,True,False,False,-2.9170055704990716,0.3180270337859703,0.43675244889990594,0.18720580960571098
P03,NGEED,4,TAHAN,F3,frontal,kiri,297.007,297.844,1.195,0.837,ok,video,0.0,True,False,False,1.5197961160506708,6.524892889419277,4.061445278357578,3.0777323186333483
P03,NGEED,4,TAHAN,C3,sentral,kiri,297.007,297.844,1.195,0.837,ok,video,0.0,True,False,False,2.104165496036714,2.6077734001049215,2.801002647847387,0.9933746919461832
P03,NGEED,4,TAHAN,P3,parietal,kiri,297.007,297.844,1.195,0.837,ok,video,0.0,True,False,False,2.7207637030723504,5.535910289640011,5.422717321729017,3.228128678582749
P03,NGEED,4,TAHAN,O1,oksipital,kiri,297.007,297.844,1.195,0.837,ok,video,0.0,True,False,False,3.8885146055564803,-0.4894260175072702,1.5578030218971044,4.907461719826834
P03,NGEED,4,TAHAN,F7,frontotemporal,kiri,297.007,297.844,1.195,0.837,ok,video,0.0,True,False,False,-0.39862381795939683,-0.17525968681307802,3.1673933037770254,1.8058064745110727
P03,NGEED,4,TAHAN,T3,temporal,kiri,297.007,297.844,1.195,0.837,ok,video,0.0,True,False,False,1.5540611420369714,4.595112916140074,4.676181567081784,6.907272562143749
P03,NGEED,4,TAHAN,T5,temporo-posterior,kiri,297.007,297.844,1.195,0.837,ok,video,0.0,True,False,False,0.2829693794848538,0.647412124395931,1.4460358902006014,0.6339220633815046
P03,NGEED,4,TAHAN,Fp2,frontopolar,kanan,297.007,297.844,1.195,0.837,ok,video,0.0,True,False,False,4.9374008206664115,3.739540957151327,6.757441372251382,5.443130116082052
P03,NGEED,4,TAHAN,F4,frontal,kanan,297.007,297.844,1.195,0.837,ok,video,0.0,True,False,False,4.318215969621171,2.3244436181271837,4.1809097859929025,5.900458444111074
P03,NGEED,4,TAHAN,C4,sentral,kanan,297.007,297.844,1.195,0.837,ok,video,0.0,True,False,False,5.259497087089272,5.936630306046968,10.79480851363721,6.144042175602401
P03,NGEED,4,TAHAN,P4,parietal,kanan,297.007,297.844,1.195,0.837,ok,video,0.0,True,False,False,2.843767984657468,1.5230848784879,6.1605301930843375,8.463052790331353
P03,NGEED,4,TAHAN,O2,oksipital,kanan,297.007,297.844,1.195,0.837,ok,video,0.0,True,False,False,2.3820520523362276,-1.0789880235991376,1.8711543338563352,5.093337552410347
P03,NGEED,4,TAHAN,F8,frontotemporal,kanan,297.007,297.844,1.195,0.837,ok,video,0.0,True,False,False,8.688358881037047,8.994667257514408,13.071993166348058,9.621381158558474
P03,NGEED,4,TAHAN,T4,temporal,kanan,297.007,297.844,1.195,0.837,ok,video,0.0,True,False,False,-3.234097851916996,0.5397695292510747,2.8532009214788445,0.4309712824921412
P03,NGEED,4,TAHAN,T6,temporo-posterior,kanan,297.007,297.844,1.195,0.837,ok,video,0.0,True,False,False,-7.143251344663355,1.0755046328443498,2.7076004982437247,2.7421414870652043
P03,NGEED,4,NAIK,Fp1,frontopolar,kiri,298.273,301.314,3.541,3.041,ok,video,0.0,True,False,False,-0.4911139007460221,-5.654133983690109,-1.739665618309342,1.7341883381446763
P03,NGEED,4,NAIK,F3,frontal,kiri,298.273,301.314,3.541,3.041,ok,video,0.0,True,False,False,3.649872706439794,1.8514476958040973,3.0611529652312903,3.604216581209972
P03,NGEED,4,NAIK,C3,sentral,kiri,298.273,301.314,3.541,3.041,ok,video,0.0,True,False,False,1.213527472160493,2.353629127823776,1.9964015867187506,3.19419036756673
P03,NGEED,4,NAIK,P3,parietal,kiri,298.273,301.314,3.541,3.041,ok,video,0.0,True,False,False,2.3783763645050797,3.8471223617271413,5.1098088693559305,2.5591109057438644
P03,NGEED,4,NAIK,O1,oksipital,kiri,298.273,301.314,3.541,3.041,ok,video,0.0,True,False,False,-0.8464700811825452,-3.869002627685571,-2.987279988752121,4.949808694384025
P03,NGEED,4,NAIK,F7,frontotemporal,kiri,298.273,301.314,3.541,3.041,ok,video,0.0,True,False,False,-0.04531069676334454,-3.0300543378195783,-1.7810117269749632,0.7706809462737141
P03,NGEED,4,NAIK,T3,temporal,kiri,298.273,301.314,3.541,3.041,ok,video,0.0,True,False,False,5.345905077035155,2.5481482262224233,2.1090447288244647,5.131281153969535
P03,NGEED,4,NAIK,T5,temporo-posterior,kiri,298.273,301.314,3.541,3.041,ok,video,0.0,True,False,False,1.7273546332531708,1.3528674071728055,1.2136083877456691,-0.14851096598018643
P03,NGEED,4,NAIK,Fp2,frontopolar,kanan,298.273,301.314,3.541,3.041,ok,video,0.0,True,False,False,1.4146480312548348,2.7496706126217063,1.151886904748217,3.3873239070843155
P03,NGEED,4,NAIK,F4,frontal,kanan,298.273,301.314,3.541,3.041,ok,video,0.0,True,False,False,3.197735118903445,2.646913251288204,2.8471342280137293,3.313433028807438
P03,NGEED,4,NAIK,C4,sentral,kanan,298.273,301.314,3.541,3.041,ok,video,0.0,True,False,False,5.662206891057991,3.8443444054388927,6.125684859461273,5.2791085864856555
P03,NGEED,4,NAIK,P4,parietal,kanan,298.273,301.314,3.541,3.041,ok,video,0.0,True,False,False,6.206021692904365,4.53968547699359,5.40284958316639,5.024944599256699
P03,NGEED,4,NAIK,O2,oksipital,kanan,298.273,301.314,3.541,3.041,ok,video,0.0,True,False,False,2.7447182576893283,0.019502395923112203,2.605585594931071,3.9930234825610427
P03,NGEED,4,NAIK,F8,frontotemporal,kanan,298.273,301.314,3.541,3.041,ok,video,0.0,True,False,False,2.645765812527422,2.835838608341504,3.6377886422786965,3.8097367540281972
P03,NGEED,4,NAIK,T4,temporal,kanan,298.273,301.314,3.541,3.041,ok,video,0.0,True,False,False,8.231252265353078,7.61918139923516,5.930301912347403,7.723228601780448
P03,NGEED,4,NAIK,T6,temporo-posterior,kanan,298.273,301.314,3.541,3.041,ok,video,0.0,True,False,False,1.5811215990673517,0.7830161690976425,1.845532335062181,1.9680473682133055
P03,NGEED,4,POST,Fp1,frontopolar,kiri,302.064,303.564,1.5,1.5,ok,video,0.0,True,False,False,10.81597739648403,13.67531060077306,11.913910762955634,10.74826774785781
P03,NGEED,4,POST,F3,frontal,kiri,302.064,303.564,1.5,1.5,ok,video,0.0,True,False,False,9.252544634723918,10.504744359290399,6.653702067057935,8.632925904122871
P03,NGEED,4,POST,C3,sentral,kiri,302.064,303.564,1.5,1.5,ok,video,0.0,True,False,False,10.646608023479224,10.442988403998502,8.395139137404229,8.682635332879805
P03,NGEED,4,POST,P3,parietal,kiri,302.064,303.564,1.5,1.5,ok,video,0.0,True,False,False,3.2205557284255732,4.583452923519939,5.025905027313982,2.758676015993416
P03,NGEED,4,POST,O1,oksipital,kiri,302.064,303.564,1.5,1.5,ok,video,0.0,True,False,False,10.937300625514794,13.904133612666904,12.166988363872488,9.254546536059479
P03,NGEED,4,POST,F7,frontotemporal,kiri,302.064,303.564,1.5,1.5,ok,video,0.0,True,False,False,9.484650610729666,13.309940294336641,15.213463852512547,11.5484837098508
P03,NGEED,4,POST,T3,temporal,kiri,302.064,303.564,1.5,1.5,ok,video,0.0,True,False,False,7.70356129068432,8.939435675133474,11.281553245016788,7.642263615376212
P03,NGEED,4,POST,T5,temporo-posterior,kiri,302.064,303.564,1.5,1.5,ok,video,0.0,True,False,False,8.948735665720456,8.090714544267446,9.900446438663867,5.567684710331754
P03,NGEED,4,POST,Fp2,frontopolar,kanan,302.064,303.564,1.5,1.5,ok,video,0.0,True,False,False,7.045439487950759,10.436603652406973,9.507308639920208,7.799837184438324
P03,NGEED,4,POST,F4,frontal,kanan,302.064,303.564,1.5,1.5,ok,video,0.0,True,False,False,6.038308595959968,8.817553085580833,9.117892645873575,6.651060911643299
P03,NGEED,4,POST,C4,sentral,kanan,302.064,303.564,1.5,1.5,ok,video,0.0,True,False,False,3.7109801109165232,5.2553944563664565,7.39782363616537,4.218003028736277
P03,NGEED,4,POST,P4,parietal,kanan,302.064,303.564,1.5,1.5,ok,video,0.0,True,False,False,1.0115138901268637,-1.3158511011965288,3.374607992469752,0.6027032883495167
P03,NGEED,4,POST,O2,oksipital,kanan,302.064,303.564,1.5,1.5,ok,video,0.0,True,False,False,5.892191645806157,10.681083760109928,11.266127045728268,6.968735583534304
P03,NGEED,4,POST,F8,frontotemporal,kanan,302.064,303.564,1.5,1.5,ok,video,0.0,True,False,False,5.324978631676743,9.807976783824877,10.309937943165643,7.371917705395251
P03,NGEED,4,POST,T4,temporal,kanan,302.064,303.564,1.5,1.5,ok,video,0.0,True,False,False,7.883948243011723,4.19388956293443,1.515324650242185,4.702800912258532
P03,NGEED,4,POST,T6,temporo-posterior,kanan,302.064,303.564,1.5,1.5,ok,video,0.0,True,False,False,7.55698556059393,11.15875986941542,13.374981889235496,8.598776106361697
P03,AGEM KANAN,3,PRA,Fp1,frontopolar,kiri,306.896,308.896,2.0,2.0,short_hold,video,0.0,True,False,False,-2.4704303732228112,-3.5882983118617915,-3.8522558698539093,-1.193493424691578
P03,AGEM KANAN,3,PRA,F3,frontal,kiri,306.896,308.896,2.0,2.0,short_hold,video,0.0,True,False,False,0.24110051616002437,-0.8317523519408745,-0.6886757602901206,0.06925807134114592
P03,AGEM KANAN,3,PRA,C3,sentral,kiri,306.896,308.896,2.0,2.0,short_hold,video,0.0,True,False,False,-0.4840324639388669,-0.7241226830112915,-1.6012064603551366,1.4759817954972938
P03,AGEM KANAN,3,PRA,P3,parietal,kiri,306.896,308.896,2.0,2.0,short_hold,video,0.0,True,False,False,1.931371786635495,2.9956712032845623,1.1381713350537446,0.41350206871950945
P03,AGEM KANAN,3,PRA,O1,oksipital,kiri,306.896,308.896,2.0,2.0,short_hold,video,0.0,True,False,False,0.546179800763035,-2.624224865899656,-4.8022360156286545,-0.10318555243055982
P03,AGEM KANAN,3,PRA,F7,frontotemporal,kiri,306.896,308.896,2.0,2.0,short_hold,video,0.0,True,False,False,-3.41563730901256,-5.497552330089388,-3.2628507542169167,-1.0597330445358182
P03,AGEM KANAN,3,PRA,T3,temporal,kiri,306.896,308.896,2.0,2.0,short_hold,video,0.0,True,False,False,-3.758591859618015,-5.24927214311079,-3.3364511544630435,-4.442020334671312
P03,AGEM KANAN,3,PRA,T5,temporo-posterior,kiri,306.896,308.896,2.0,2.0,short_hold,video,0.0,True,False,False,1.1440280929728601,-1.1986120386788635,-2.261368103573833,0.5642330631623125
P03,AGEM KANAN,3,PRA,Fp2,frontopolar,kanan,306.896,308.896,2.0,2.0,short_hold,video,0.0,True,False,False,-2.6695901755914875,-1.9059890343030652,-3.1050809788040894,-0.200883528956183
P03,AGEM KANAN,3,PRA,F4,frontal,kanan,306.896,308.896,2.0,2.0,short_hold,video,0.0,True,False,False,-5.511886093613093,-6.809206761954822,-2.029804004411588,-3.389532855112396
P03,AGEM KANAN,3,PRA,C4,sentral,kanan,306.896,308.896,2.0,2.0,short_hold,video,0.0,True,False,False,0.758149719962276,0.8401059958829471,2.137008927817284,-0.9116938585877143
P03,AGEM KANAN,3,PRA,P4,parietal,kanan,306.896,308.896,2.0,2.0,short_hold,video,0.0,True,False,False,2.1322195519597216,2.2422518233787656,1.469828203968067,0.6099727833900062
P03,AGEM KANAN,3,PRA,O2,oksipital,kanan,306.896,308.896,2.0,2.0,short_hold,video,0.0,True,False,False,-4.476974606327538,-3.3220900285578807,-4.614492095791601,-5.105358183207969
P03,AGEM KANAN,3,PRA,F8,frontotemporal,kanan,306.896,308.896,2.0,2.0,short_hold,video,0.0,True,False,False,-6.767124503362634,-6.626129421990985,-1.0521795242699241,-4.675528179594867
P03,AGEM KANAN,3,PRA,T4,temporal,kanan,306.896,308.896,2.0,2.0,short_hold,video,0.0,True,False,False,-3.514657373095833,-3.078753289978085,-5.504267262879825,-4.723710830112545
P03,AGEM KANAN,3,PRA,T6,temporo-posterior,kanan,306.896,308.896,2.0,2.0,short_hold,video,0.0,True,False,False,-7.295226997303413,-5.6039723590187975,-6.185090313714557,-2.9954892291060062
P03,AGEM KANAN,3,TURUN,Fp1,frontopolar,kiri,311.842,312.824,1.402,0.981,short_hold,video,0.0,True,False,False,0.8951835685943195,9.603398677639909,8.023719803514403,4.431622628748286
P03,AGEM KANAN,3,TURUN,F3,frontal,kiri,311.842,312.824,1.402,0.981,short_hold,video,0.0,True,False,False,4.215493520783205,14.966344929110882,9.500640416024755,7.902261621477209
P03,AGEM KANAN,3,TURUN,C3,sentral,kiri,311.842,312.824,1.402,0.981,short_hold,video,0.0,True,False,False,4.5576005115201355,11.720467637325715,8.824468497346412,7.073099341756141
P03,AGEM KANAN,3,TURUN,P3,parietal,kiri,311.842,312.824,1.402,0.981,short_hold,video,0.0,True,False,False,2.6928675504075983,6.79536920709366,5.121585010887969,6.074919877528359
P03,AGEM KANAN,3,TURUN,O1,oksipital,kiri,311.842,312.824,1.402,0.981,short_hold,video,0.0,True,False,False,4.905704602194824,3.5614921866012423,2.5233670924935154,5.727392212061602
P03,AGEM KANAN,3,TURUN,F7,frontotemporal,kiri,311.842,312.824,1.402,0.981,short_hold,video,0.0,True,False,False,10.745240762596666,8.74109840336547,8.315935482043933,11.107080825986571
P03,AGEM KANAN,3,TURUN,T3,temporal,kiri,311.842,312.824,1.402,0.981,short_hold,video,0.0,True,False,False,7.960140058246395,7.614757115238106,5.240984243778332,8.354143087920814
P03,AGEM KANAN,3,TURUN,T5,temporo-posterior,kiri,311.842,312.824,1.402,0.981,short_hold,video,0.0,True,False,False,4.536833848015419,11.179278091915595,6.904730307892969,3.506484501000692
P03,AGEM KANAN,3,TURUN,Fp2,frontopolar,kanan,311.842,312.824,1.402,0.981,short_hold,video,0.0,True,False,False,5.422188827853503,2.906649179215691,3.477188050205015,5.086330335108016
P03,AGEM KANAN,3,TURUN,F4,frontal,kanan,311.842,312.824,1.402,0.981,short_hold,video,0.0,True,False,False,5.517022098920705,8.04371620535187,4.649950894274575,6.71507235017846
P03,AGEM KANAN,3,TURUN,C4,sentral,kanan,311.842,312.824,1.402,0.981,short_hold,video,0.0,True,False,False,7.697972276730397,9.866358064343121,12.141689826258151,8.270736512077193
P03,AGEM KANAN,3,TURUN,P4,parietal,kanan,311.842,312.824,1.402,0.981,short_hold,video,0.0,True,False,False,8.787378380017067,7.845919431490849,6.7844037133477215,8.957850488511724
P03,AGEM KANAN,3,TURUN,O2,oksipital,kanan,311.842,312.824,1.402,0.981,short_hold,video,0.0,True,False,False,4.321561789887539,0.32651467401483103,8.236193589203658,5.328603173239607
P03,AGEM KANAN,3,TURUN,F8,frontotemporal,kanan,311.842,312.824,1.402,0.981,short_hold,video,0.0,True,False,False,6.192661953132429,10.773198730026266,6.63896039783814,8.076567020958397
P03,AGEM KANAN,3,TURUN,T4,temporal,kanan,311.842,312.824,1.402,0.981,short_hold,video,0.0,True,False,False,11.508350375410423,13.480019155061747,4.766131270143671,11.910368372043791
P03,AGEM KANAN,3,TURUN,T6,temporo-posterior,kanan,311.842,312.824,1.402,0.981,short_hold,video,0.0,True,False,False,7.482741684868742,11.749212431546916,10.197553985166596,10.476327674982727
P03,AGEM KANAN,3,TAHAN,Fp1,frontopolar,kiri,313.103,313.424,0.459,0.321,short_hold,video,0.0,True,False,False,4.996284024060159,-0.45116566809784686,4.390091070227751,4.559608032389605
P03,AGEM KANAN,3,TAHAN,F3,frontal,kiri,313.103,313.424,0.459,0.321,short_hold,video,0.0,True,False,False,3.509663201549266,6.848578162237715,8.434722367940505,2.80827946759031
P03,AGEM KANAN,3,TAHAN,C3,sentral,kiri,313.103,313.424,0.459,0.321,short_hold,video,0.0,True,False,False,7.089429336636407,6.311272583275841,4.030968530454679,5.432946462471143
P03,AGEM KANAN,3,TAHAN,P3,parietal,kiri,313.103,313.424,0.459,0.321,short_hold,video,0.0,True,False,False,-0.8799019497486711,-0.3684750088862856,5.849509994184412,0.4663305800911388
P03,AGEM KANAN,3,TAHAN,O1,oksipital,kiri,313.103,313.424,0.459,0.321,short_hold,video,0.0,True,False,False,7.980460671072983,1.2420877855901793,4.37046510661547,7.1054602845299115
P03,AGEM KANAN,3,TAHAN,F7,frontotemporal,kiri,313.103,313.424,0.459,0.321,short_hold,video,0.0,True,False,False,3.176152943368635,0.9051556632784639,3.4593794713009736,3.7691543571941395
P03,AGEM KANAN,3,TAHAN,T3,temporal,kiri,313.103,313.424,0.459,0.321,short_hold,video,0.0,True,False,False,-4.682043942243464,6.787109158306549,9.075392983009717,0.8419399411300894
P03,AGEM KANAN,3,TAHAN,T5,temporo-posterior,kiri,313.103,313.424,0.459,0.321,short_hold,video,0.0,True,False,False,-0.020055200159305286,2.4443265914259484,3.4561264533799267,-2.68570121957692
P03,AGEM KANAN,3,TAHAN,Fp2,frontopolar,kanan,313.103,313.424,0.459,0.321,short_hold,video,0.0,True,False,False,-7.297647575392034,-11.29790777822717,4.142167302050407,-2.8938922911557476
P03,AGEM KANAN,3,TAHAN,F4,frontal,kanan,313.103,313.424,0.459,0.321,short_hold,video,0.0,True,False,False,-2.559438338296097,-8.337011755049936,2.4855269724243065,-1.7411273263359952
P03,AGEM KANAN,3,TAHAN,C4,sentral,kanan,313.103,313.424,0.459,0.321,short_hold,video,0.0,True,False,False,6.803098482310304,4.2719238998495435,4.0475403836556225,3.1808649482691322
P03,AGEM KANAN,3,TAHAN,P4,parietal,kanan,313.103,313.424,0.459,0.321,short_hold,video,0.0,True,False,False,-1.7347105275000914,-2.2917494892456247,5.218474439878072,-0.97389138776105
P03,AGEM KANAN,3,TAHAN,O2,oksipital,kanan,313.103,313.424,0.459,0.321,short_hold,video,0.0,True,False,False,-1.385009247014743,-4.102079721248447,1.9403160714141592,-1.93381666558426
P03,AGEM KANAN,3,TAHAN,F8,frontotemporal,kanan,313.103,313.424,0.459,0.321,short_hold,video,0.0,True,False,False,3.13389568476007,0.3071840630819054,4.56072095198423,0.9095602175547022
P03,AGEM KANAN,3,TAHAN,T4,temporal,kanan,313.103,313.424,0.459,0.321,short_hold,video,0.0,True,False,False,0.975603459317,-2.913604839987901,7.45711858744211,1.5352106549024427
P03,AGEM KANAN,3,TAHAN,T6,temporo-posterior,kanan,313.103,313.424,0.459,0.321,short_hold,video,0.0,True,False,False,-2.7512886335591205,-0.35000322772658166,2.7793314177757686,-3.350170857420366
P03,AGEM KANAN,3,NAIK,Fp1,frontopolar,kiri,313.743,317.45,4.207,3.707,short_hold,video,0.0,True,False,False,2.2242862183683343,2.596629328658196,1.7244662027785473,3.6633783803978943
P03,AGEM KANAN,3,NAIK,F3,frontal,kiri,313.743,317.45,4.207,3.707,short_hold,video,0.0,True,False,False,2.6764081907728468,3.655078963854308,6.6742374982083135,4.4003168651872215
P03,AGEM KANAN,3,NAIK,C3,sentral,kiri,313.743,317.45,4.207,3.707,short_hold,video,0.0,True,False,False,1.8953274809934086,3.029012863077071,3.619091975686281,3.0947966936291778
P03,AGEM KANAN,3,NAIK,P3,parietal,kiri,313.743,317.45,4.207,3.707,short_hold,video,0.0,True,False,False,1.7182651415546815,0.44896911795555994,1.0675406370200164,2.100228609093321
P03,AGEM KANAN,3,NAIK,O1,oksipital,kiri,313.743,317.45,4.207,3.707,short_hold,video,0.0,True,False,False,5.580432484052082,4.909364220271733,5.206453952684601,6.010382010752842
P03,AGEM KANAN,3,NAIK,F7,frontotemporal,kiri,313.743,317.45,4.207,3.707,short_hold,video,0.0,True,False,False,2.9801155589550206,2.5282587549250195,1.3808747369505667,4.789967076043432
P03,AGEM KANAN,3,NAIK,T3,temporal,kiri,313.743,317.45,4.207,3.707,short_hold,video,0.0,True,False,False,5.745274168321011,3.614563945918114,8.388865701919833,7.254877903762132
P03,AGEM KANAN,3,NAIK,T5,temporo-posterior,kiri,313.743,317.45,4.207,3.707,short_hold,video,0.0,True,False,False,4.362462751448113,4.933826718127204,8.05512680052514,3.3150340585542466
P03,AGEM KANAN,3,NAIK,Fp2,frontopolar,kanan,313.743,317.45,4.207,3.707,short_hold,video,0.0,True,False,False,-1.1043945690560335,-0.08595916655428937,2.2838295221825966,-0.011774175524578823
P03,AGEM KANAN,3,NAIK,F4,frontal,kanan,313.743,317.45,4.207,3.707,short_hold,video,0.0,True,False,False,-0.5459847512057152,-0.23635526906334547,3.8522268426373323,0.7458058272916688
P03,AGEM KANAN,3,NAIK,C4,sentral,kanan,313.743,317.45,4.207,3.707,short_hold,video,0.0,True,False,False,3.99836579793115,2.221269571457025,3.320492794822659,4.5701305900358165
P03,AGEM KANAN,3,NAIK,P4,parietal,kanan,313.743,317.45,4.207,3.707,short_hold,video,0.0,True,False,False,3.1442052389324857,2.39392034923101,2.2843355555351508,2.871646442081925
P03,AGEM KANAN,3,NAIK,O2,oksipital,kanan,313.743,317.45,4.207,3.707,short_hold,video,0.0,True,False,False,-0.9365013814283003,0.8460758858570259,2.3612915006088855,1.149155390952842
P03,AGEM KANAN,3,NAIK,F8,frontotemporal,kanan,313.743,317.45,4.207,3.707,short_hold,video,0.0,True,False,False,0.8257766008808431,1.504888648973342,1.4424803848169603,2.447746269142268
P03,AGEM KANAN,3,NAIK,T4,temporal,kanan,313.743,317.45,4.207,3.707,short_hold,video,0.0,True,False,False,3.120319245784458,1.8838815943546194,2.9196012209765456,4.026025657536017
P03,AGEM KANAN,3,NAIK,T6,temporo-posterior,kanan,313.743,317.45,4.207,3.707,short_hold,video,0.0,True,False,False,-0.795429929027776,0.9954933940614623,3.090740480620834,1.6662421894355361
P03,AGEM KANAN,3,POST,Fp1,frontopolar,kiri,318.2,319.7,1.5,1.5,short_hold,video,0.0,True,False,False,16.340464913607043,14.187010233395092,14.615076525262356,14.479645535156443
P03,AGEM KANAN,3,POST,F3,frontal,kiri,318.2,319.7,1.5,1.5,short_hold,video,0.0,True,False,False,14.418577347295937,14.666079239791593,14.534927953222383,13.447713196735194
P03,AGEM KANAN,3,POST,C3,sentral,kiri,318.2,319.7,1.5,1.5,short_hold,video,0.0,True,False,False,14.713691678883443,14.631071688540143,12.727269322141513,13.391973600041496
P03,AGEM KANAN,3,POST,P3,parietal,kiri,318.2,319.7,1.5,1.5,short_hold,video,0.0,True,False,False,10.88031382623712,11.917494379626735,13.46547035131551,10.599004476148252
P03,AGEM KANAN,3,POST,O1,oksipital,kiri,318.2,319.7,1.5,1.5,short_hold,video,0.0,True,False,False,16.19556189219852,13.244711878016595,10.431393302244405,12.874159454764772
P03,AGEM KANAN,3,POST,F7,frontotemporal,kiri,318.2,319.7,1.5,1.5,short_hold,video,0.0,True,False,False,15.498530039364375,16.810187544265908,15.215174154979692,14.576375398738946
P03,AGEM KANAN,3,POST,T3,temporal,kiri,318.2,319.7,1.5,1.5,short_hold,video,0.0,True,False,False,11.697871603539575,16.69738592529263,14.17730438222339,13.225943749754276
P03,AGEM KANAN,3,POST,T5,temporo-posterior,kiri,318.2,319.7,1.5,1.5,short_hold,video,0.0,True,False,False,10.618508616895994,16.32037733581198,14.427220132584406,9.624151547261476
P03,AGEM KANAN,3,POST,Fp2,frontopolar,kanan,318.2,319.7,1.5,1.5,short_hold,video,0.0,True,False,False,15.527598719457743,14.552089777607456,12.860042885238332,14.113576627669772
P03,AGEM KANAN,3,POST,F4,frontal,kanan,318.2,319.7,1.5,1.5,short_hold,video,0.0,True,False,False,17.450227672187133,15.711177818532171,13.39736026233286,15.375511538657605
P03,AGEM KANAN,3,POST,C4,sentral,kanan,318.2,319.7,1.5,1.5,short_hold,video,0.0,True,False,False,12.455539230549647,13.017357450613748,11.060024327642694,10.640114582157167
P03,AGEM KANAN,3,POST,P4,parietal,kanan,318.2,319.7,1.5,1.5,short_hold,video,0.0,True,False,False,9.718431091761865,11.673766503525627,11.513461799315806,9.694925729209928
P03,AGEM KANAN,3,POST,O2,oksipital,kanan,318.2,319.7,1.5,1.5,short_hold,video,0.0,True,False,False,15.351116898245643,13.914353721653342,10.640015409448765,12.926468030830272
P03,AGEM KANAN,3,POST,F8,frontotemporal,kanan,318.2,319.7,1.5,1.5,short_hold,video,0.0,True,False,False,17.57901714050928,15.837754335236689,15.18210623227747,15.796574410583883
P03,AGEM KANAN,3,POST,T4,temporal,kanan,318.2,319.7,1.5,1.5,short_hold,video,0.0,True,False,False,15.892408892695435,18.00557024259554,15.613479945179336,15.50395439443274
P03,AGEM KANAN,3,POST,T6,temporo-posterior,kanan,318.2,319.7,1.5,1.5,short_hold,video,0.0,True,False,False,16.03313603568374,15.521789034398672,13.822584766364908,15.21503558289973
P03,AGEM KANAN,4,PRA,Fp1,frontopolar,kiri,325.397,327.397,2.0,2.0,hud_fallback,hud_fallback,0.0,True,False,False,8.930481753619766,5.560115029384328,5.704179581041679,9.297199137442725
P03,AGEM KANAN,4,PRA,F3,frontal,kiri,325.397,327.397,2.0,2.0,hud_fallback,hud_fallback,0.0,True,False,False,11.485158152251323,9.206660273045294,10.415115284162674,11.756086909910891
P03,AGEM KANAN,4,PRA,C3,sentral,kiri,325.397,327.397,2.0,2.0,hud_fallback,hud_fallback,0.0,True,False,False,12.141140479800967,5.518532526903108,10.050751045512413,13.456720056184409
P03,AGEM KANAN,4,PRA,P3,parietal,kiri,325.397,327.397,2.0,2.0,hud_fallback,hud_fallback,0.0,True,False,False,9.199922208573824,4.276968096327078,8.364761411880984,8.598359516844312
P03,AGEM KANAN,4,PRA,O1,oksipital,kiri,325.397,327.397,2.0,2.0,hud_fallback,hud_fallback,0.0,True,False,False,4.438371085068859,6.983500307803737,3.7236752935113877,5.810469224678812
P03,AGEM KANAN,4,PRA,F7,frontotemporal,kiri,325.397,327.397,2.0,2.0,hud_fallback,hud_fallback,0.0,True,False,False,1.0676451159688654,2.2069529006945316,4.5858888992515965,4.216722055050653
P03,AGEM KANAN,4,PRA,T3,temporal,kiri,325.397,327.397,2.0,2.0,hud_fallback,hud_fallback,0.0,True,False,False,13.207274652002923,13.70125991999425,10.545072235576196,11.865817032008774
P03,AGEM KANAN,4,PRA,T5,temporo-posterior,kiri,325.397,327.397,2.0,2.0,hud_fallback,hud_fallback,0.0,True,False,False,6.64663462623561,6.69127732014498,9.57433040203965,6.026427813105585
P03,AGEM KANAN,4,PRA,Fp2,frontopolar,kanan,325.397,327.397,2.0,2.0,hud_fallback,hud_fallback,0.0,True,False,False,1.8134405058607967,5.486121001244719,5.859599349233239,6.195880820426389
P03,AGEM KANAN,4,PRA,F4,frontal,kanan,325.397,327.397,2.0,2.0,hud_fallback,hud_fallback,0.0,True,False,False,5.264417767350402,5.466461383259173,7.685375040658538,9.184072694596274
P03,AGEM KANAN,4,PRA,C4,sentral,kanan,325.397,327.397,2.0,2.0,hud_fallback,hud_fallback,0.0,True,False,False,5.995531915755059,3.8248741341500683,7.619000873206062,6.404120194991307
P03,AGEM KANAN,4,PRA,P4,parietal,kanan,325.397,327.397,2.0,2.0,hud_fallback,hud_fallback,0.0,True,False,False,3.9293226593594426,4.99604522848896,6.400328870688341,4.482636639192272
P03,AGEM KANAN,4,PRA,O2,oksipital,kanan,325.397,327.397,2.0,2.0,hud_fallback,hud_fallback,0.0,True,False,False,1.260475075194627,2.1406029373248856,4.714723299872858,3.239185612392518
P03,AGEM KANAN,4,PRA,F8,frontotemporal,kanan,325.397,327.397,2.0,2.0,hud_fallback,hud_fallback,0.0,True,False,False,2.7123480138002733,6.771943513545317,5.772972091661714,7.0569389255057935
P03,AGEM KANAN,4,PRA,T4,temporal,kanan,325.397,327.397,2.0,2.0,hud_fallback,hud_fallback,0.0,True,False,False,12.21994665335614,8.336863169033414,12.378215356359448,10.857347968827732
P03,AGEM KANAN,4,PRA,T6,temporo-posterior,kanan,325.397,327.397,2.0,2.0,hud_fallback,hud_fallback,0.0,True,False,False,5.218148674580284,6.688044216185297,6.559970380805133,8.721637063019912
P03,AGEM KANAN,4,TURUN,Fp1,frontopolar,kiri,327.647,330.147,3.0,2.5,hud_fallback,hud_fallback,0.0,True,False,False,-0.29627943245302646,0.015974205368813443,1.6398868860360771,3.0411369095394747
P03,AGEM KANAN,4,TURUN,F3,frontal,kiri,327.647,330.147,3.0,2.5,hud_fallback,hud_fallback,0.0,True,False,False,1.2332342970770824,4.6624530810246405,3.111118978871975,2.7351350854922707
P03,AGEM KANAN,4,TURUN,C3,sentral,kiri,327.647,330.147,3.0,2.5,hud_fallback,hud_fallback,0.0,True,False,False,3.065486151328834,4.81709050872718,2.6194736509353618,3.3751436560529307
P03,AGEM KANAN,4,TURUN,P3,parietal,kiri,327.647,330.147,3.0,2.5,hud_fallback,hud_fallback,0.0,True,False,False,2.6284842838957303,4.663099930521266,3.090752743665874,3.1895262276623058
P03,AGEM KANAN,4,TURUN,O1,oksipital,kiri,327.647,330.147,3.0,2.5,hud_fallback,hud_fallback,0.0,True,False,False,3.858943377611297,-0.28525579277095403,3.119923436059416,4.783268900617891
P03,AGEM KANAN,4,TURUN,F7,frontotemporal,kiri,327.647,330.147,3.0,2.5,hud_fallback,hud_fallback,0.0,True,False,False,5.073452699104443,3.9701495848844104,4.607644598385228,6.186062677724543
P03,AGEM KANAN,4,TURUN,T3,temporal,kiri,327.647,330.147,3.0,2.5,hud_fallback,hud_fallback,0.0,True,False,False,2.2783411851583324,4.325872654511734,4.351559921912614,2.3232340940050342
P03,AGEM KANAN,4,TURUN,T5,temporo-posterior,kiri,327.647,330.147,3.0,2.5,hud_fallback,hud_fallback,0.0,True,False,False,-1.2874770832625089,4.444865639619724,2.357626679786346,-0.43060511924279865
P03,AGEM KANAN,4,TURUN,Fp2,frontopolar,kanan,327.647,330.147,3.0,2.5,hud_fallback,hud_fallback,0.0,True,False,False,0.6562528630253084,4.9741007654623886,4.230434959171411,3.0024560909873586
P03,AGEM KANAN,4,TURUN,F4,frontal,kanan,327.647,330.147,3.0,2.5,hud_fallback,hud_fallback,0.0,True,False,False,2.6127588851787706,3.4313286361985504,4.655557160062443,6.055534061578626
P03,AGEM KANAN,4,TURUN,C4,sentral,kanan,327.647,330.147,3.0,2.5,hud_fallback,hud_fallback,0.0,True,False,False,5.584446564814876,6.364062899258389,5.339035900218651,5.173425084294919
P03,AGEM KANAN,4,TURUN,P4,parietal,kanan,327.647,330.147,3.0,2.5,hud_fallback,hud_fallback,0.0,True,False,False,5.9213934394553505,7.560388149364108,5.478607604781331,6.768317650382954
P03,AGEM KANAN,4,TURUN,O2,oksipital,kanan,327.647,330.147,3.0,2.5,hud_fallback,hud_fallback,0.0,True,False,False,1.2620148133215636,1.890112691906623,3.5219005287484073,2.5394189333806096
P03,AGEM KANAN,4,TURUN,F8,frontotemporal,kanan,327.647,330.147,3.0,2.5,hud_fallback,hud_fallback,0.0,True,False,False,4.917161653170524,2.7191887745925953,4.455225258511231,6.848290446529834
P03,AGEM KANAN,4,TURUN,T4,temporal,kanan,327.647,330.147,3.0,2.5,hud_fallback,hud_fallback,0.0,True,False,False,11.461665736048715,8.882468145570215,4.569744602173213,9.394430243656572
P03,AGEM KANAN,4,TURUN,T6,temporo-posterior,kanan,327.647,330.147,3.0,2.5,hud_fallback,hud_fallback,0.0,True,False,False,2.6975574150747974,4.486697656573476,3.1936004623582335,5.732079232182016
P03,AGEM KANAN,4,TAHAN,Fp1,frontopolar,kiri,330.647,332.147,2.0,1.5,hud_fallback,hud_fallback,0.0,True,False,False,-4.16734897103462,-6.135510608806825,-1.8593742270454356,-1.539363672542919
P03,AGEM KANAN,4,TAHAN,F3,frontal,kiri,330.647,332.147,2.0,1.5,hud_fallback,hud_fallback,0.0,True,False,False,-4.427595260026834,-2.0891868877894844,0.5915446602606771,-2.3132628048788213
P03,AGEM KANAN,4,TAHAN,C3,sentral,kiri,330.647,332.147,2.0,1.5,hud_fallback,hud_fallback,0.0,True,False,False,-4.3210946035841005,-0.26861111271170657,-1.6360435630133452,-3.0927741406998877
P03,AGEM KANAN,4,TAHAN,P3,parietal,kiri,330.647,332.147,2.0,1.5,hud_fallback,hud_fallback,0.0,True,False,False,-0.9552397177858367,0.1397209919983844,-0.34942835899575186,-0.1251569089580613
P03,AGEM KANAN,4,TAHAN,O1,oksipital,kiri,330.647,332.147,2.0,1.5,hud_fallback,hud_fallback,0.0,True,False,False,3.0458483200386723,-4.680731883614527,-1.5495929466250367,2.8254638519310973
P03,AGEM KANAN,4,TAHAN,F7,frontotemporal,kiri,330.647,332.147,2.0,1.5,hud_fallback,hud_fallback,0.0,True,False,False,-7.329751584539789,-5.900252397199139,-0.5736949806246301,0.5980725397793449
P03,AGEM KANAN,4,TAHAN,T3,temporal,kiri,330.647,332.147,2.0,1.5,hud_fallback,hud_fallback,0.0,True,False,False,-7.180843346970843,-2.8251292406641397,-0.7685011095974374,-6.163784339599307
P03,AGEM KANAN,4,TAHAN,T5,temporo-posterior,kiri,330.647,332.147,2.0,1.5,hud_fallback,hud_fallback,0.0,True,False,False,-5.206382889973639,-1.6202204287576727,0.8304207568476798,-2.2720173617061086
P03,AGEM KANAN,4,TAHAN,Fp2,frontopolar,kanan,330.647,332.147,2.0,1.5,hud_fallback,hud_fallback,0.0,True,False,False,-2.811439946354561,-2.078320785377084,3.3086059485772985,-0.01284025145896095
P03,AGEM KANAN,4,TAHAN,F4,frontal,kanan,330.647,332.147,2.0,1.5,hud_fallback,hud_fallback,0.0,True,False,False,-1.2023795371251893,-2.6920210528437636,-0.6550017079216168,2.015293882168372
P03,AGEM KANAN,4,TAHAN,C4,sentral,kanan,330.647,332.147,2.0,1.5,hud_fallback,hud_fallback,0.0,True,False,False,-3.1950216798999413,-1.2406576450548847,1.3666698264352597,-2.396890101592721
P03,AGEM KANAN,4,TAHAN,P4,parietal,kanan,330.647,332.147,2.0,1.5,hud_fallback,hud_fallback,0.0,True,False,False,1.2291807975830409,-0.06054945341983142,-0.40838293718068996,1.6840808571904944
P03,AGEM KANAN,4,TAHAN,O2,oksipital,kanan,330.647,332.147,2.0,1.5,hud_fallback,hud_fallback,0.0,True,False,False,3.187115034281348,-2.3899610658702066,-0.8822261627576147,3.438669638663157
P03,AGEM KANAN,4,TAHAN,F8,frontotemporal,kanan,330.647,332.147,2.0,1.5,hud_fallback,hud_fallback,0.0,True,False,False,-0.051249336019189684,-2.836372198482234,1.8261228393227,0.5726015535706992
P03,AGEM KANAN,4,TAHAN,T4,temporal,kanan,330.647,332.147,2.0,1.5,hud_fallback,hud_fallback,0.0,True,False,False,6.409470098036508,3.192296784685446,1.489144487875265,5.6591277116831975
P03,AGEM KANAN,4,TAHAN,T6,temporo-posterior,kanan,330.647,332.147,2.0,1.5,hud_fallback,hud_fallback,0.0,True,False,False,0.025960410384968213,-3.754665976314655,-1.2517281950604158,-0.1323867690061178
P03,AGEM KANAN,4,NAIK,Fp1,frontopolar,kiri,332.647,335.147,3.0,2.5,hud_fallback,hud_fallback,0.0,True,False,False,6.609040896506272,10.225744126205072,11.259567411444916,7.852893749722831
P03,AGEM KANAN,4,NAIK,F3,frontal,kiri,332.647,335.147,3.0,2.5,hud_fallback,hud_fallback,0.0,True,False,False,2.8662452638845153,5.933019708748947,11.790772243444213,6.652019616545893
P03,AGEM KANAN,4,NAIK,C3,sentral,kiri,332.647,335.147,3.0,2.5,hud_fallback,hud_fallback,0.0,True,False,False,4.4659762198019095,7.771222089274925,10.152129734327538,5.7440134612699225
P03,AGEM KANAN,4,NAIK,P3,parietal,kiri,332.647,335.147,3.0,2.5,hud_fallback,hud_fallback,0.0,True,False,False,5.533583446449818,3.6382638236710356,8.411146479787568,4.358472836032121
P03,AGEM KANAN,4,NAIK,O1,oksipital,kiri,332.647,335.147,3.0,2.5,hud_fallback,hud_fallback,0.0,True,False,False,8.307337655874726,13.254883457331488,8.541391553822127,7.580583466308084
P03,AGEM KANAN,4,NAIK,F7,frontotemporal,kiri,332.647,335.147,3.0,2.5,hud_fallback,hud_fallback,0.0,True,False,False,11.51451703634934,13.021355465164447,7.496263351699859,10.28666738500226
P03,AGEM KANAN,4,NAIK,T3,temporal,kiri,332.647,335.147,3.0,2.5,hud_fallback,hud_fallback,0.0,True,False,False,5.304154601895192,11.243641271539438,10.708558527486982,7.25913310200762
P03,AGEM KANAN,4,NAIK,T5,temporo-posterior,kiri,332.647,335.147,3.0,2.5,hud_fallback,hud_fallback,0.0,True,False,False,7.572629139729706,10.05924582302345,10.40777140873109,4.879985675315375
P03,AGEM KANAN,4,NAIK,Fp2,frontopolar,kanan,332.647,335.147,3.0,2.5,hud_fallback,hud_fallback,0.0,True,False,False,10.273713671451844,12.37422758656291,4.652401949609121,9.026625060030298
P03,AGEM KANAN,4,NAIK,F4,frontal,kanan,332.647,335.147,3.0,2.5,hud_fallback,hud_fallback,0.0,True,False,False,11.397540557292835,12.225955211500398,6.638644072913209,9.414829230762962
P03,AGEM KANAN,4,NAIK,C4,sentral,kanan,332.647,335.147,3.0,2.5,hud_fallback,hud_fallback,0.0,True,False,False,5.126155731252915,11.663657202000511,13.117337321964868,6.872057429502561
P03,AGEM KANAN,4,NAIK,P4,parietal,kanan,332.647,335.147,3.0,2.5,hud_fallback,hud_fallback,0.0,True,False,False,4.077932130048353,4.652897038857915,8.841845400615306,3.9685485044642235
P03,AGEM KANAN,4,NAIK,O2,oksipital,kanan,332.647,335.147,3.0,2.5,hud_fallback,hud_fallback,0.0,True,False,False,9.39366339157894,10.660600348304392,10.885292667082737,8.438321103530761
P03,AGEM KANAN,4,NAIK,F8,frontotemporal,kanan,332.647,335.147,3.0,2.5,hud_fallback,hud_fallback,0.0,True,False,False,12.143413576752224,13.610839661961379,6.06981136337555,11.027771049213268
P03,AGEM KANAN,4,NAIK,T4,temporal,kanan,332.647,335.147,3.0,2.5,hud_fallback,hud_fallback,0.0,True,False,False,11.02290577949298,8.271058797070907,12.663970124076165,11.906362923013447
P03,AGEM KANAN,4,NAIK,T6,temporo-posterior,kanan,332.647,335.147,3.0,2.5,hud_fallback,hud_fallback,0.0,True,False,False,11.144942290929997,12.508354098689857,11.365825009116886,11.457477781051765
P03,AGEM KANAN,4,POST,Fp1,frontopolar,kiri,335.897,337.397,1.5,1.5,hud_fallback,hud_fallback,0.0,True,False,False,12.8546439925234,8.786469478255832,6.622756896394694,13.076682610236453
P03,AGEM KANAN,4,POST,F3,frontal,kiri,335.897,337.397,1.5,1.5,hud_fallback,hud_fallback,0.0,True,False,False,12.595783995714179,6.486546890573059,7.5097159857786835,12.402317884747063
P03,AGEM KANAN,4,POST,C3,sentral,kiri,335.897,337.397,1.5,1.5,hud_fallback,hud_fallback,0.0,True,False,False,9.66215366424256,7.811925967244552,5.870558087857297,11.159249104747317
P03,AGEM KANAN,4,POST,P3,parietal,kiri,335.897,337.397,1.5,1.5,hud_fallback,hud_fallback,0.0,True,False,False,6.537427028623981,8.884165808665674,6.930716067038862,10.195592822861052
P03,AGEM KANAN,4,POST,O1,oksipital,kiri,335.897,337.397,1.5,1.5,hud_fallback,hud_fallback,0.0,True,False,False,10.78528070688914,9.092865811905519,7.661558937890394,10.497455172654547
P03,AGEM KANAN,4,POST,F7,frontotemporal,kiri,335.897,337.397,1.5,1.5,hud_fallback,hud_fallback,0.0,True,False,False,12.463990096093866,9.758669366929325,4.116563314917023,11.257368477851642
P03,AGEM KANAN,4,POST,T3,temporal,kiri,335.897,337.397,1.5,1.5,hud_fallback,hud_fallback,0.0,True,False,False,10.26322610802945,11.279653925071337,8.963730109667644,10.83525147274683
P03,AGEM KANAN,4,POST,T5,temporo-posterior,kiri,335.897,337.397,1.5,1.5,hud_fallback,hud_fallback,0.0,True,False,False,10.26614015867402,9.962563368407263,9.051347507274048,9.687483279392907
P03,AGEM KANAN,4,POST,Fp2,frontopolar,kanan,335.897,337.397,1.5,1.5,hud_fallback,hud_fallback,0.0,True,False,False,12.713376542036372,8.486854575166994,6.985464756012934,12.177452747935504
P03,AGEM KANAN,4,POST,F4,frontal,kanan,335.897,337.397,1.5,1.5,hud_fallback,hud_fallback,0.0,True,False,False,11.263857309510357,9.881007138839628,7.314951525173054,11.514126029627299
P03,AGEM KANAN,4,POST,C4,sentral,kanan,335.897,337.397,1.5,1.5,hud_fallback,hud_fallback,0.0,True,False,False,12.019566318568991,11.33672901878204,10.353152706848135,11.302686112254875
P03,AGEM KANAN,4,POST,P4,parietal,kanan,335.897,337.397,1.5,1.5,hud_fallback,hud_fallback,0.0,True,False,False,7.240313358609235,6.225024809088595,7.150000972385548,6.703530255571181
P03,AGEM KANAN,4,POST,O2,oksipital,kanan,335.897,337.397,1.5,1.5,hud_fallback,hud_fallback,0.0,True,False,False,14.717750935520172,12.343717988681888,10.295193019073501,13.379344856942154
P03,AGEM KANAN,4,POST,F8,frontotemporal,kanan,335.897,337.397,1.5,1.5,hud_fallback,hud_fallback,0.0,True,False,False,10.35495941313036,10.616963862384026,9.362716990076365,10.54877498390709
P03,AGEM KANAN,4,POST,T4,temporal,kanan,335.897,337.397,1.5,1.5,hud_fallback,hud_fallback,0.0,True,False,False,8.517588417624708,6.809886094946535,8.488464933033008,8.44766632243283
P03,AGEM KANAN,4,POST,T6,temporo-posterior,kanan,335.897,337.397,1.5,1.5,hud_fallback,hud_fallback,0.0,True,False,False,12.607237625222552,8.709004310702376,6.322808474826257,11.31252946043734
P03,AGEM KIRI,3,PRA,Fp1,frontopolar,kiri,341.03,343.03,2.0,2.0,ok,video,0.0,True,False,False,4.387767538227465,5.668561344679688,2.900585720772572,4.780306444389147
P03,AGEM KIRI,3,PRA,F3,frontal,kiri,341.03,343.03,2.0,2.0,ok,video,0.0,True,False,False,5.518049548412506,6.574526601863283,4.826104077528758,4.194036035903942
P03,AGEM KIRI,3,PRA,C3,sentral,kiri,341.03,343.03,2.0,2.0,ok,video,0.0,True,False,False,3.911767573982665,3.30903257723973,4.334935318064705,2.88069578239843
P03,AGEM KIRI,3,PRA,P3,parietal,kiri,341.03,343.03,2.0,2.0,ok,video,0.0,True,False,False,5.973945845904659,5.1475812049624885,4.999192889748031,4.272566324454843
P03,AGEM KIRI,3,PRA,O1,oksipital,kiri,341.03,343.03,2.0,2.0,ok,video,0.0,True,False,False,3.3876316847854255,4.593872194628069,1.4463645036860981,3.892175518261034
P03,AGEM KIRI,3,PRA,F7,frontotemporal,kiri,341.03,343.03,2.0,2.0,ok,video,0.0,True,False,False,4.607647323350122,2.301940749869793,0.7125364511701555,4.424786089215019
P03,AGEM KIRI,3,PRA,T3,temporal,kiri,341.03,343.03,2.0,2.0,ok,video,0.0,True,False,False,5.035851159417206,5.383443049349545,3.918987428012233,4.461073925752867
P03,AGEM KIRI,3,PRA,T5,temporo-posterior,kiri,341.03,343.03,2.0,2.0,ok,video,0.0,True,False,False,5.51872023668183,7.232017410523614,4.940338665272396,6.933713396509397
P03,AGEM KIRI,3,PRA,Fp2,frontopolar,kanan,341.03,343.03,2.0,2.0,ok,video,0.0,True,False,False,4.566557196396602,2.804337399787471,2.7481992280232745,4.951962752313477
P03,AGEM KIRI,3,PRA,F4,frontal,kanan,341.03,343.03,2.0,2.0,ok,video,0.0,True,False,False,5.918312759669739,3.6777010451750414,3.9093763848155305,5.642510230510318
P03,AGEM KIRI,3,PRA,C4,sentral,kanan,341.03,343.03,2.0,2.0,ok,video,0.0,True,False,False,4.224966033627574,3.4655129805916225,4.353350324415814,3.7803685271716887
P03,AGEM KIRI,3,PRA,P4,parietal,kanan,341.03,343.03,2.0,2.0,ok,video,0.0,True,False,False,5.5831878356028355,3.11155097336443,5.089815747649652,5.691067553817774
P03,AGEM KIRI,3,PRA,O2,oksipital,kanan,341.03,343.03,2.0,2.0,ok,video,0.0,True,False,False,-0.5253589693747074,2.915524614041523,2.9834700469637383,2.2528869842141006
P03,AGEM KIRI,3,PRA,F8,frontotemporal,kanan,341.03,343.03,2.0,2.0,ok,video,0.0,True,False,False,5.610214575830895,2.329375589526009,3.077577389226395,5.9527779039895385
P03,AGEM KIRI,3,PRA,T4,temporal,kanan,341.03,343.03,2.0,2.0,ok,video,0.0,True,False,False,8.175368494852421,5.526233301612997,5.877161358747699,6.5373363734802865
P03,AGEM KIRI,3,PRA,T6,temporo-posterior,kanan,341.03,343.03,2.0,2.0,ok,video,0.0,True,False,False,1.9353250805501006,0.7444929876698652,3.4654669784224446,1.9400740088865405
P03,AGEM KIRI,3,TURUN,Fp1,frontopolar,kiri,343.767,344.75,1.403,0.982,ok,video,0.0,True,False,False,9.905202788844733,4.670770985190849,9.118663891420645,10.261231814724404
P03,AGEM KIRI,3,TURUN,F3,frontal,kiri,343.767,344.75,1.403,0.982,ok,video,0.0,True,False,False,10.241271357005928,4.808466817325922,10.591461312213568,9.291640426618898
P03,AGEM KIRI,3,TURUN,C3,sentral,kiri,343.767,344.75,1.403,0.982,ok,video,0.0,True,False,False,11.522190976430842,10.593153191675011,8.203844532884567,11.00990530722337
P03,AGEM KIRI,3,TURUN,P3,parietal,kiri,343.767,344.75,1.403,0.982,ok,video,0.0,True,False,False,7.8890297873150175,8.20362446879621,7.559971724729884,5.713743244611663
P03,AGEM KIRI,3,TURUN,O1,oksipital,kiri,343.767,344.75,1.403,0.982,ok,video,0.0,True,False,False,9.64999325330053,8.885444657762164,9.609842491600535,9.884262330474598
P03,AGEM KIRI,3,TURUN,F7,frontotemporal,kiri,343.767,344.75,1.403,0.982,ok,video,0.0,True,False,False,2.118845131342198,5.534465046673411,1.4143310198516055,2.2495922002511435
P03,AGEM KIRI,3,TURUN,T3,temporal,kiri,343.767,344.75,1.403,0.982,ok,video,0.0,True,False,False,11.990317644451999,13.950433352387542,12.36108006872226,11.488068446116696
P03,AGEM KIRI,3,TURUN,T5,temporo-posterior,kiri,343.767,344.75,1.403,0.982,ok,video,0.0,True,False,False,1.9105020680094356,5.473837704615814,5.81541799449322,2.588327769308357
P03,AGEM KIRI,3,TURUN,Fp2,frontopolar,kanan,343.767,344.75,1.403,0.982,ok,video,0.0,True,False,False,7.585877665752349,6.903436544695126,4.672197693425524,8.199230449152452
P03,AGEM KIRI,3,TURUN,F4,frontal,kanan,343.767,344.75,1.403,0.982,ok,video,0.0,True,False,False,6.336668881861399,4.80393983686762,7.211213462952852,4.505186006879441
P03,AGEM KIRI,3,TURUN,C4,sentral,kanan,343.767,344.75,1.403,0.982,ok,video,0.0,True,False,False,8.38987147960085,7.6169687816589295,9.005022060277028,8.285348770246287
P03,AGEM KIRI,3,TURUN,P4,parietal,kanan,343.767,344.75,1.403,0.982,ok,video,0.0,True,False,False,8.053551955502556,5.860310200195265,8.856568578300589,9.06811783564028
P03,AGEM KIRI,3,TURUN,O2,oksipital,kanan,343.767,344.75,1.403,0.982,ok,video,0.0,True,False,False,4.033249050608909,6.185637178728278,7.474364474256678,6.191353396488978
P03,AGEM KIRI,3,TURUN,F8,frontotemporal,kanan,343.767,344.75,1.403,0.982,ok,video,0.0,True,False,False,4.66548426393144,3.8040325505405335,5.456481978836003,6.165040292474995
P03,AGEM KIRI,3,TURUN,T4,temporal,kanan,343.767,344.75,1.403,0.982,ok,video,0.0,True,False,False,7.845702281357262,11.24832040982448,5.789157410122435,7.114552485779136
P03,AGEM KIRI,3,TURUN,T6,temporo-posterior,kanan,343.767,344.75,1.403,0.982,ok,video,0.0,True,False,False,0.9789112462949561,7.294755211183315,5.63124599177447,9.914034034534176
P03,AGEM KIRI,3,TAHAN,Fp1,frontopolar,kiri,345.21,348.584,3.874,3.374,ok,video,0.0,True,False,False,-1.8532396670810556,-2.0010143761697385,1.8213976309711306,0.3968828487266194
P03,AGEM KIRI,3,TAHAN,F3,frontal,kiri,345.21,348.584,3.874,3.374,ok,video,0.0,True,False,False,-1.742539518712558,-0.10560480920544535,3.0984612029975516,0.5828000679162706
P03,AGEM KIRI,3,TAHAN,C3,sentral,kiri,345.21,348.584,3.874,3.374,ok,video,0.0,True,False,False,0.5854515363015125,0.9084573559479772,3.6154785891848213,1.7234387840377003
P03,AGEM KIRI,3,TAHAN,P3,parietal,kiri,345.21,348.584,3.874,3.374,ok,video,0.0,True,False,False,0.9568641477282895,-1.0958126718323307,0.8809548393387949,2.754163517083704
P03,AGEM KIRI,3,TAHAN,O1,oksipital,kiri,345.21,348.584,3.874,3.374,ok,video,0.0,True,False,False,5.258939263741702,0.6449304496609543,2.1725792335729928,3.4712198523641504
P03,AGEM KIRI,3,TAHAN,F7,frontotemporal,kiri,345.21,348.584,3.874,3.374,ok,video,0.0,True,False,False,1.3077662695295373,-5.267110978105848,-1.099625017746046,1.068611962200059
P03,AGEM KIRI,3,TAHAN,T3,temporal,kiri,345.21,348.584,3.874,3.374,ok,video,0.0,True,False,False,-0.540963074814762,-0.33123144453387,2.3212335366523646,-0.8115588864713636
P03,AGEM KIRI,3,TAHAN,T5,temporo-posterior,kiri,345.21,348.584,3.874,3.374,ok,video,0.0,True,False,False,0.9369301285904612,3.2311010504710325,3.7223149749619253,0.20753263890757978
P03,AGEM KIRI,3,TAHAN,Fp2,frontopolar,kanan,345.21,348.584,3.874,3.374,ok,video,0.0,True,False,False,0.012994542357553485,-0.1913420240945527,0.6886211092971806,1.877254622433469
P03,AGEM KIRI,3,TAHAN,F4,frontal,kanan,345.21,348.584,3.874,3.374,ok,video,0.0,True,False,False,-0.1611222325717634,-3.295252957891112,-0.4350769938118617,-0.9143543300901484
P03,AGEM KIRI,3,TAHAN,C4,sentral,kanan,345.21,348.584,3.874,3.374,ok,video,0.0,True,False,False,-2.36712918064843,-0.5855161131507138,3.7003580835240477,-0.24263560453635336
P03,AGEM KIRI,3,TAHAN,P4,parietal,kanan,345.21,348.584,3.874,3.374,ok,video,0.0,True,False,False,-1.0352650080575572,-3.8666873324969693,-2.460919717411784,2.960262286819521
P03,AGEM KIRI,3,TAHAN,O2,oksipital,kanan,345.21,348.584,3.874,3.374,ok,video,0.0,True,False,False,0.2163474946760502,-0.9666920431317294,1.7470092674712916,4.232902422777691
P03,AGEM KIRI,3,TAHAN,F8,frontotemporal,kanan,345.21,348.584,3.874,3.374,ok,video,0.0,True,False,False,-2.663056345578113,-3.437775134328497,-0.8935498960474639,0.31819569212028753
P03,AGEM KIRI,3,TAHAN,T4,temporal,kanan,345.21,348.584,3.874,3.374,ok,video,0.0,True,False,False,1.5121305304121364,1.726904061605623,3.9946423118217638,3.476918994944235
P03,AGEM KIRI,3,TAHAN,T6,temporo-posterior,kanan,345.21,348.584,3.874,3.374,ok,video,0.0,True,False,False,-0.09465107670876449,-5.448134538624451,0.1738360332666531,3.161421846596042
P03,AGEM KIRI,3,NAIK,Fp1,frontopolar,kiri,348.992,349.732,1.056,0.739,ok,video,0.0,True,False,False,-0.6698173698354069,3.69434013630692,1.167388767588342,0.0236995763824126
P03,AGEM KIRI,3,NAIK,F3,frontal,kiri,348.992,349.732,1.056,0.739,ok,video,0.0,True,False,False,-3.5064503099835562,4.46611565672039,0.33731615594954434,0.8871161136042005
P03,AGEM KIRI,3,NAIK,C3,sentral,kiri,348.992,349.732,1.056,0.739,ok,video,0.0,True,False,False,1.869537232640404,-0.7517165420353003,2.8659803260227505,2.8338746897858265
P03,AGEM KIRI,3,NAIK,P3,parietal,kiri,348.992,349.732,1.056,0.739,ok,video,0.0,True,False,False,7.858111449712844,4.669138371832023,3.3215606398270623,4.9562862718997
P03,AGEM KIRI,3,NAIK,O1,oksipital,kiri,348.992,349.732,1.056,0.739,ok,video,0.0,True,False,False,2.426913473577322,6.619661084987079,-1.6611745668873574,2.063438871799697
P03,AGEM KIRI,3,NAIK,F7,frontotemporal,kiri,348.992,349.732,1.056,0.739,ok,video,0.0,True,False,False,1.337002182660683,1.1574580535019123,1.2922675587077244,0.9615162866706655
P03,AGEM KIRI,3,NAIK,T3,temporal,kiri,348.992,349.732,1.056,0.739,ok,video,0.0,True,False,False,3.884019168113106,3.147639363686224,4.397265630804064,2.6908846874996435
P03,AGEM KIRI,3,NAIK,T5,temporo-posterior,kiri,348.992,349.732,1.056,0.739,ok,video,0.0,True,False,False,2.191717854599389,8.64880145642314,2.171517494520618,1.3168001794559245
P03,AGEM KIRI,3,NAIK,Fp2,frontopolar,kanan,348.992,349.732,1.056,0.739,ok,video,0.0,True,False,False,-0.6410536672516471,1.3981779690393452,1.7952541319141098,-0.27669723520385503
P03,AGEM KIRI,3,NAIK,F4,frontal,kanan,348.992,349.732,1.056,0.739,ok,video,0.0,True,False,False,0.3787267326792261,-0.3295506258817653,3.5480178716454063,1.6859520877176024
P03,AGEM KIRI,3,NAIK,C4,sentral,kanan,348.992,349.732,1.056,0.739,ok,video,0.0,True,False,False,3.0005966614643214,3.2030644653100673,2.759983665937014,2.5620768660771276
P03,AGEM KIRI,3,NAIK,P4,parietal,kanan,348.992,349.732,1.056,0.739,ok,video,0.0,True,False,False,7.814426854572623,7.20184770427457,2.509831054584801,4.560174127105583
P03,AGEM KIRI,3,NAIK,O2,oksipital,kanan,348.992,349.732,1.056,0.739,ok,video,0.0,True,False,False,-8.514072212761409,0.6639465593734926,-1.1837838855002119,-0.4896661210462767
P03,AGEM KIRI,3,NAIK,F8,frontotemporal,kanan,348.992,349.732,1.056,0.739,ok,video,0.0,True,False,False,-1.5985540903302393,0.7299051216206038,0.6813735270351273,1.158388890177772
P03,AGEM KIRI,3,NAIK,T4,temporal,kanan,348.992,349.732,1.056,0.739,ok,video,0.0,True,False,False,3.181480744920819,5.823333713412708,0.9860958432237545,3.9970975415454006
P03,AGEM KIRI,3,NAIK,T6,temporo-posterior,kanan,348.992,349.732,1.056,0.739,ok,video,0.0,True,False,False,2.158513208923445,3.818057506084976,1.4605648201985666,1.9853549072986425
P03,AGEM KIRI,3,POST,Fp1,frontopolar,kiri,350.39,351.89,1.5,1.5,ok,video,0.0,True,False,False,13.745165444266881,18.348467755648947,17.871501469393696,15.01596294233476
P03,AGEM KIRI,3,POST,F3,frontal,kiri,350.39,351.89,1.5,1.5,ok,video,0.0,True,False,False,13.751784404965164,11.117921407520875,13.713999092501513,13.00830645659562
P03,AGEM KIRI,3,POST,C3,sentral,kiri,350.39,351.89,1.5,1.5,ok,video,0.0,True,False,False,13.688575368693563,12.699667006617691,11.439021636032965,13.107316284673821
P03,AGEM KIRI,3,POST,P3,parietal,kiri,350.39,351.89,1.5,1.5,ok,video,0.0,True,False,False,12.840452852205907,10.667859747765004,9.762180834521367,11.14853274199578
P03,AGEM KIRI,3,POST,O1,oksipital,kiri,350.39,351.89,1.5,1.5,ok,video,0.0,True,False,False,12.29687753884101,18.072151430250216,18.41718962207022,13.673227919062498
P03,AGEM KIRI,3,POST,F7,frontotemporal,kiri,350.39,351.89,1.5,1.5,ok,video,0.0,True,False,False,12.620897893161533,19.449297219934962,16.52825931939897,14.959266910829712
P03,AGEM KIRI,3,POST,T3,temporal,kiri,350.39,351.89,1.5,1.5,ok,video,0.0,True,False,False,15.65743470887935,18.48846841897973,15.50922453395738,14.693776151772877
P03,AGEM KIRI,3,POST,T5,temporo-posterior,kiri,350.39,351.89,1.5,1.5,ok,video,0.0,True,False,False,13.483386876783655,18.30154528238157,15.912921882654683,11.013376203381156
P03,AGEM KIRI,3,POST,Fp2,frontopolar,kanan,350.39,351.89,1.5,1.5,ok,video,0.0,True,False,False,12.430330633614687,19.504739621712098,15.910272508479057,14.095143606333416
P03,AGEM KIRI,3,POST,F4,frontal,kanan,350.39,351.89,1.5,1.5,ok,video,0.0,True,False,False,11.987001381753991,17.991294116211407,17.96065254018894,13.687681314854487
P03,AGEM KIRI,3,POST,C4,sentral,kanan,350.39,351.89,1.5,1.5,ok,video,0.0,True,False,False,12.587881878157916,14.985824553089518,11.207759938549515,11.735677173892626
P03,AGEM KIRI,3,POST,P4,parietal,kanan,350.39,351.89,1.5,1.5,ok,video,0.0,True,False,False,4.660714629855413,13.854484367763405,9.998339935093448,8.453562255737886
P03,AGEM KIRI,3,POST,O2,oksipital,kanan,350.39,351.89,1.5,1.5,ok,video,0.0,True,False,False,8.470655172677574,17.711762767755474,15.346280593645183,11.991724947930408
P03,AGEM KIRI,3,POST,F8,frontotemporal,kanan,350.39,351.89,1.5,1.5,ok,video,0.0,True,False,False,12.098167828500934,18.336327177570915,16.71847045256206,13.566217576241367
P03,AGEM KIRI,3,POST,T4,temporal,kanan,350.39,351.89,1.5,1.5,ok,video,0.0,True,False,False,13.085740638327394,14.842629190167038,10.701719663418238,11.597914290608223
P03,AGEM KIRI,3,POST,T6,temporo-posterior,kanan,350.39,351.89,1.5,1.5,ok,video,0.0,True,False,False,9.037917890054842,18.09228708247599,16.097459917779407,12.333520634995303
P03,AGEM KIRI,4,PRA,Fp1,frontopolar,kiri,356.625,358.625,2.0,2.0,ok,video,0.0,True,False,False,3.654505621698206,-1.8437952694636053,0.8457233510142004,2.956096961690619
P03,AGEM KIRI,4,PRA,F3,frontal,kiri,356.625,358.625,2.0,2.0,ok,video,0.0,True,False,False,4.704268068487394,0.9991717910230733,2.560391908023437,4.023297307844921
P03,AGEM KIRI,4,PRA,C3,sentral,kiri,356.625,358.625,2.0,2.0,ok,video,0.0,True,False,False,4.370380259838491,0.5577479631262499,0.9307256962982073,4.075265656759981
P03,AGEM KIRI,4,PRA,P3,parietal,kiri,356.625,358.625,2.0,2.0,ok,video,0.0,True,False,False,4.709858288859202,-3.213044475340631,4.19450595154553,2.877892256271089
P03,AGEM KIRI,4,PRA,O1,oksipital,kiri,356.625,358.625,2.0,2.0,ok,video,0.0,True,False,False,-0.25871149210226463,-2.0960972520817585,-1.9918208736232756,-0.6372955266598836
P03,AGEM KIRI,4,PRA,F7,frontotemporal,kiri,356.625,358.625,2.0,2.0,ok,video,0.0,True,False,False,-0.3296185304011203,-1.3231403255268503,-1.5483587886672794,-1.3274212797810847
P03,AGEM KIRI,4,PRA,T3,temporal,kiri,356.625,358.625,2.0,2.0,ok,video,0.0,True,False,False,6.0007148105503845,0.7952555140731334,2.9507107095230047,4.3748919773029336
P03,AGEM KIRI,4,PRA,T5,temporo-posterior,kiri,356.625,358.625,2.0,2.0,ok,video,0.0,True,False,False,0.661660103424154,-0.046652217154314,-2.299894806132105,0.197312035619035
P03,AGEM KIRI,4,PRA,Fp2,frontopolar,kanan,356.625,358.625,2.0,2.0,ok,video,0.0,True,False,False,0.48661460721815786,-1.4032395057819755,-0.5744359372397128,-0.7979852202352902
P03,AGEM KIRI,4,PRA,F4,frontal,kanan,356.625,358.625,2.0,2.0,ok,video,0.0,True,False,False,-0.22093934829322137,-1.4865331039923007,-1.4404937336999417,-1.264119213299665
P03,AGEM KIRI,4,PRA,C4,sentral,kanan,356.625,358.625,2.0,2.0,ok,video,0.0,True,False,False,2.0862682021652432,-1.9328192082730276,-1.3858624667479695,-0.44748262595533106
P03,AGEM KIRI,4,PRA,P4,parietal,kanan,356.625,358.625,2.0,2.0,ok,video,0.0,True,False,False,2.23113907753352,-0.9451898027782661,0.18724552195671507,0.5355805772301352
P03,AGEM KIRI,4,PRA,O2,oksipital,kanan,356.625,358.625,2.0,2.0,ok,video,0.0,True,False,False,-3.683099861105802,-3.4367420892988,-2.5876463401360894,-2.7074352071201595
P03,AGEM KIRI,4,PRA,F8,frontotemporal,kanan,356.625,358.625,2.0,2.0,ok,video,0.0,True,False,False,0.21881182607378236,-3.2685525145412697,-3.2447061643444712,0.27940815061588253
P03,AGEM KIRI,4,PRA,T4,temporal,kanan,356.625,358.625,2.0,2.0,ok,video,0.0,True,False,False,-5.755923816692075,-7.991384775323375,-4.110113261772096,-5.409433714763782
P03,AGEM KIRI,4,PRA,T6,temporo-posterior,kanan,356.625,358.625,2.0,2.0,ok,video,0.0,True,False,False,-0.8411794234327914,-1.3302940407949606,-0.6647119895426066,1.7868164703886436
P03,AGEM KIRI,4,TURUN,Fp1,frontopolar,kiri,359.501,360.484,1.403,0.982,ok,video,0.0,True,False,False,2.6173795819494217,6.636166391183998,5.667507263203916,4.882193997880556
P03,AGEM KIRI,4,TURUN,F3,frontal,kiri,359.501,360.484,1.403,0.982,ok,video,0.0,True,False,False,1.9988284507835274,7.1936370069636055,8.012531254651265,4.040265326374723
P03,AGEM KIRI,4,TURUN,C3,sentral,kiri,359.501,360.484,1.403,0.982,ok,video,0.0,True,False,False,7.993370844156793,9.266461579806869,9.265091204958857,7.758947355438551
P03,AGEM KIRI,4,TURUN,P3,parietal,kiri,359.501,360.484,1.403,0.982,ok,video,0.0,True,False,False,1.66792417500465,4.582537548399646,5.630015615365217,1.5297193727780396
P03,AGEM KIRI,4,TURUN,O1,oksipital,kiri,359.501,360.484,1.403,0.982,ok,video,0.0,True,False,False,9.414516280384035,9.48609167713024,9.540444401702512,9.474145500478585
P03,AGEM KIRI,4,TURUN,F7,frontotemporal,kiri,359.501,360.484,1.403,0.982,ok,video,0.0,True,False,False,3.7629316891397977,-2.9249037173457637,3.9043776005922943,2.2402826301749883
P03,AGEM KIRI,4,TURUN,T3,temporal,kiri,359.501,360.484,1.403,0.982,ok,video,0.0,True,False,False,5.044424701166825,9.957319273905135,11.50259427664487,5.346336133317838
P03,AGEM KIRI,4,TURUN,T5,temporo-posterior,kiri,359.501,360.484,1.403,0.982,ok,video,0.0,True,False,False,3.2817781495054277,3.32013827462281,6.785043523122358,0.46622046371872017
P03,AGEM KIRI,4,TURUN,Fp2,frontopolar,kanan,359.501,360.484,1.403,0.982,ok,video,0.0,True,False,False,4.127214532431438,5.66472369330652,6.267779137221037,4.353608083027105
P03,AGEM KIRI,4,TURUN,F4,frontal,kanan,359.501,360.484,1.403,0.982,ok,video,0.0,True,False,False,4.778604550166989,0.7163822450164545,3.7067108809237723,3.3846910856514114
P03,AGEM KIRI,4,TURUN,C4,sentral,kanan,359.501,360.484,1.403,0.982,ok,video,0.0,True,False,False,9.309238631673338,8.014084839874354,10.020280341093507,6.359496286486525
P03,AGEM KIRI,4,TURUN,P4,parietal,kanan,359.501,360.484,1.403,0.982,ok,video,0.0,True,False,False,1.849014410372476,7.90630608337684,6.087589329784279,2.8323277156618047
P03,AGEM KIRI,4,TURUN,O2,oksipital,kanan,359.501,360.484,1.403,0.982,ok,video,0.0,True,False,False,1.3851567216420406,-1.8876020659688422,3.633746799890627,-0.06195876235352671
P03,AGEM KIRI,4,TURUN,F8,frontotemporal,kanan,359.501,360.484,1.403,0.982,ok,video,0.0,True,False,False,7.163907685924457,2.0482006853496486,6.015404714126614,4.9959416348420795
P03,AGEM KIRI,4,TURUN,T4,temporal,kanan,359.501,360.484,1.403,0.982,ok,video,0.0,True,False,False,4.28230426156253,7.765965333917002,5.967473831456346,6.220966578608824
P03,AGEM KIRI,4,TURUN,T6,temporo-posterior,kanan,359.501,360.484,1.403,0.982,ok,video,0.0,True,False,False,4.943201544107559,7.341546836976576,7.442808229605642,5.343423481215865
P03,AGEM KIRI,4,TAHAN,Fp1,frontopolar,kiri,360.944,365.318,4.874,4.374,ok,video,0.0,True,False,False,-1.977253817523497,-1.5913413149763258,0.31945699030954344,0.38172330077168226
P03,AGEM KIRI,4,TAHAN,F3,frontal,kiri,360.944,365.318,4.874,4.374,ok,video,0.0,True,False,False,-0.26914258286995363,0.5263649487545763,2.1611876431572767,0.23490791291409963
P03,AGEM KIRI,4,TAHAN,C3,sentral,kiri,360.944,365.318,4.874,4.374,ok,video,0.0,True,False,False,-1.205181799046187,-0.36792257342314727,1.5963318616834776,-1.08024073183633
P03,AGEM KIRI,4,TAHAN,P3,parietal,kiri,360.944,365.318,4.874,4.374,ok,video,0.0,True,False,False,0.7050467177848319,-0.1797479610534225,-0.6681806917559179,0.6534855882448554
P03,AGEM KIRI,4,TAHAN,O1,oksipital,kiri,360.944,365.318,4.874,4.374,ok,video,0.0,True,False,False,1.823473195575751,2.1012804943793597,2.8607307459398363,2.238691724045495
P03,AGEM KIRI,4,TAHAN,F7,frontotemporal,kiri,360.944,365.318,4.874,4.374,ok,video,0.0,True,False,False,-5.643254025325341,-4.192634630122054,-1.4677438817921171,-3.0443523326218838
P03,AGEM KIRI,4,TAHAN,T3,temporal,kiri,360.944,365.318,4.874,4.374,ok,video,0.0,True,False,False,-1.6683918252340746,-1.2856250593152296,0.6991923727642195,-2.434060459333459
P03,AGEM KIRI,4,TAHAN,T5,temporo-posterior,kiri,360.944,365.318,4.874,4.374,ok,video,0.0,True,False,False,-2.150313109958276,1.7758014238115294,4.1115822064917396,-2.1200681511899653
P03,AGEM KIRI,4,TAHAN,Fp2,frontopolar,kanan,360.944,365.318,4.874,4.374,ok,video,0.0,True,False,False,-1.2658660547407692,1.0182993002043688,0.5648485625934931,-0.12655038594211732
P03,AGEM KIRI,4,TAHAN,F4,frontal,kanan,360.944,365.318,4.874,4.374,ok,video,0.0,True,False,False,-1.7906213981396846,-1.26457999252586,0.8720339684645566,-1.437985463614332
P03,AGEM KIRI,4,TAHAN,C4,sentral,kanan,360.944,365.318,4.874,4.374,ok,video,0.0,True,False,False,2.0980926095513226,2.4903420779672203,4.8597417589881715,1.390096063350974
P03,AGEM KIRI,4,TAHAN,P4,parietal,kanan,360.944,365.318,4.874,4.374,ok,video,0.0,True,False,False,2.2522327465682963,0.8045187451125742,1.213237976888795,1.7545627615367536
P03,AGEM KIRI,4,TAHAN,O2,oksipital,kanan,360.944,365.318,4.874,4.374,ok,video,0.0,True,False,False,1.1550978971901245,-2.8989548736288064,0.7995791957807512,3.619882048340898
P03,AGEM KIRI,4,TAHAN,F8,frontotemporal,kanan,360.944,365.318,4.874,4.374,ok,video,0.0,True,False,False,1.393882157311296,1.3910387267428845,2.0383085076636895,1.3854742712247408
P03,AGEM KIRI,4,TAHAN,T4,temporal,kanan,360.944,365.318,4.874,4.374,ok,video,0.0,True,False,False,1.7469706925875812,2.178832743054919,1.1020524782297478,2.0320332547202398
P03,AGEM KIRI,4,TAHAN,T6,temporo-posterior,kanan,360.944,365.318,4.874,4.374,ok,video,0.0,True,False,False,0.47585125417786855,-0.7719024679675215,0.6060742381529138,0.555606750650675
P03,AGEM KIRI,4,NAIK,Fp1,frontopolar,kiri,365.687,366.241,0.792,0.554,ok,video,0.0,True,False,False,3.7898536081245595,3.7640892866109397,4.232015753861347,2.536989102628141
P03,AGEM KIRI,4,NAIK,F3,frontal,kiri,365.687,366.241,0.792,0.554,ok,video,0.0,True,False,False,0.06550847040462315,1.1358118792808156,3.4359028324765575,0.5410708815752301
P03,AGEM KIRI,4,NAIK,C3,sentral,kiri,365.687,366.241,0.792,0.554,ok,video,0.0,True,False,False,1.9287217146052669,1.1964416766698243,2.191855699819193,0.9760224685052741
P03,AGEM KIRI,4,NAIK,P3,parietal,kiri,365.687,366.241,0.792,0.554,ok,video,0.0,True,False,False,-1.6977676284109648,0.3262773394887226,0.28157974727158575,-0.8329796644496028
P03,AGEM KIRI,4,NAIK,O1,oksipital,kiri,365.687,366.241,0.792,0.554,ok,video,0.0,True,False,False,8.00391987324226,4.962160609912125,6.859477992815332,6.133553266517019
P03,AGEM KIRI,4,NAIK,F7,frontotemporal,kiri,365.687,366.241,0.792,0.554,ok,video,0.0,True,False,False,4.130031811688248,4.641762217697881,3.2428039169607885,3.8480175244739243
P03,AGEM KIRI,4,NAIK,T3,temporal,kiri,365.687,366.241,0.792,0.554,ok,video,0.0,True,False,False,3.9386206162259256,2.8255563159646293,5.590465846254933,4.269022520725212
P03,AGEM KIRI,4,NAIK,T5,temporo-posterior,kiri,365.687,366.241,0.792,0.554,ok,video,0.0,True,False,False,1.6372674009439407,3.775016034568214,6.52560168580526,2.669892431956285
P03,AGEM KIRI,4,NAIK,Fp2,frontopolar,kanan,365.687,366.241,0.792,0.554,ok,video,0.0,True,False,False,-0.5403715640049853,3.21587938576009,2.689799199805986,0.995391639693203
P03,AGEM KIRI,4,NAIK,F4,frontal,kanan,365.687,366.241,0.792,0.554,ok,video,0.0,True,False,False,-2.1764115381191758,0.988246720684586,4.128655656198152,-0.44558238961462493
P03,AGEM KIRI,4,NAIK,C4,sentral,kanan,365.687,366.241,0.792,0.554,ok,video,0.0,True,False,False,3.4315220544339695,5.296844511208821,1.8222366334276998,2.1760619760437336
P03,AGEM KIRI,4,NAIK,P4,parietal,kanan,365.687,366.241,0.792,0.554,ok,video,0.0,True,False,False,2.709618943112581,0.47395264917317803,-0.8458885760863559,1.6987325683922307
P03,AGEM KIRI,4,NAIK,O2,oksipital,kanan,365.687,366.241,0.792,0.554,ok,video,0.0,True,False,False,0.748062754793331,3.9228079064275363,4.692151623453043,1.4930532009657327
P03,AGEM KIRI,4,NAIK,F8,frontotemporal,kanan,365.687,366.241,0.792,0.554,ok,video,0.0,True,False,False,1.772035140072866,3.64817440213578,1.0640476181519212,2.026470503172593
P03,AGEM KIRI,4,NAIK,T4,temporal,kanan,365.687,366.241,0.792,0.554,ok,video,0.0,True,False,False,2.7658187937630245,1.2904840908498123,-0.09712308674210135,3.927088279846238
P03,AGEM KIRI,4,NAIK,T6,temporo-posterior,kanan,365.687,366.241,0.792,0.554,ok,video,0.0,True,False,False,2.3890921932579516,6.464436740457408,5.770427801712913,4.190089896585569
P03,AGEM KIRI,4,POST,Fp1,frontopolar,kiri,366.86,368.36,1.5,1.5,ok,video,0.0,True,False,False,10.34010168610704,13.09207204893994,12.673848386357765,13.300454232515925
P03,AGEM KIRI,4,POST,F3,frontal,kiri,366.86,368.36,1.5,1.5,ok,video,0.0,True,False,False,9.627523689745686,13.733390516198519,11.157431047109199,10.872152882139403
P03,AGEM KIRI,4,POST,C3,sentral,kiri,366.86,368.36,1.5,1.5,ok,video,0.0,True,False,False,14.702333829716338,13.517293346746772,9.301534561435677,13.28813707265165
P03,AGEM KIRI,4,POST,P3,parietal,kiri,366.86,368.36,1.5,1.5,ok,video,0.0,True,False,False,10.879150762718368,9.91463309023305,4.153094074654469,8.696904731575174
P03,AGEM KIRI,4,POST,O1,oksipital,kiri,366.86,368.36,1.5,1.5,ok,video,0.0,True,False,False,12.693602161192729,13.432279082514881,11.762353016474275,13.126146443587785
P03,AGEM KIRI,4,POST,F7,frontotemporal,kiri,366.86,368.36,1.5,1.5,ok,video,0.0,True,False,False,11.455110373302062,10.315056013235825,11.034324263124375,12.420888211153148
P03,AGEM KIRI,4,POST,T3,temporal,kiri,366.86,368.36,1.5,1.5,ok,video,0.0,True,False,False,11.35478469659877,10.982754216379888,11.854323736078474,12.616165206364297
P03,AGEM KIRI,4,POST,T5,temporo-posterior,kiri,366.86,368.36,1.5,1.5,ok,video,0.0,True,False,False,11.790215028265017,15.002239651362796,17.873526954461322,11.685339753680346
P03,AGEM KIRI,4,POST,Fp2,frontopolar,kanan,366.86,368.36,1.5,1.5,ok,video,0.0,True,False,False,7.155133375154904,13.46467859799479,10.424820077985292,10.257311336952526
P03,AGEM KIRI,4,POST,F4,frontal,kanan,366.86,368.36,1.5,1.5,ok,video,0.0,True,False,False,8.367777480233428,10.941510019688629,12.207367644257992,10.146609898714189
P03,AGEM KIRI,4,POST,C4,sentral,kanan,366.86,368.36,1.5,1.5,ok,video,0.0,True,False,False,10.81698393258899,12.005833418710811,13.885480821654774,10.525535847359848
P03,AGEM KIRI,4,POST,P4,parietal,kanan,366.86,368.36,1.5,1.5,ok,video,0.0,True,False,False,5.265084048307806,9.77865441192371,7.482918631721937,8.326454228839978
P03,AGEM KIRI,4,POST,O2,oksipital,kanan,366.86,368.36,1.5,1.5,ok,video,0.0,True,False,False,8.448844817888407,12.690821297059955,12.461533788496695,10.217162425465574
P03,AGEM KIRI,4,POST,F8,frontotemporal,kanan,366.86,368.36,1.5,1.5,ok,video,0.0,True,False,False,8.6646564589932,12.07965933307576,12.741919250977368,9.851587636066942
P03,AGEM KIRI,4,POST,T4,temporal,kanan,366.86,368.36,1.5,1.5,ok,video,0.0,True,False,False,12.872383354524317,16.96691046138237,7.643720221597494,12.902176933634053
P03,AGEM KIRI,4,POST,T6,temporo-posterior,kanan,366.86,368.36,1.5,1.5,ok,video,0.0,True,False,False,10.314812170746713,16.36374324622694,12.594146604872382,13.440492261143248
