participant_id,task,rep,phase,channel,area,hemisphere,t0_video,t1_video,dur_phase_sec,win_sec,compliance,phase_source,flat_frac,valid,salvaged,is_simulated,theta_db,mu_db,beta_db,broad_db
P06,NGEED,1,PRA,Fp1,frontopolar,kiri,0.001,2.001,2.0,2.0,ok,video,0.0,True,False,False,1.0701033874624244,0.7340553593355423,1.0516457541661417,2.378351664260464
P06,NGEED,1,PRA,F3,frontal,kiri,0.001,2.001,2.0,2.0,ok,video,0.0,True,False,False,-13.00064103038428,-14.57764140337721,-11.279301146421911,-15.080321515707382
P06,NGEED,1,PRA,C3,sentral,kiri,0.001,2.001,2.0,2.0,ok,video,0.2,False,False,False,,,,
P06,NGEED,1,PRA,P3,parietal,kiri,0.001,2.001,2.0,2.0,ok,video,0.0,True,False,False,-5.8284056656812915,-7.538513020998451,-4.555408389951303,-5.918238345045474
P06,NGEED,1,PRA,O1,oksipital,kiri,0.001,2.001,2.0,2.0,ok,video,0.0,True,False,False,-5.032022309336092,-3.5523578197341834,-3.4671269157353244,-3.7851053236418295
P06,NGEED,1,PRA,F7,frontotemporal,kiri,0.001,2.001,2.0,2.0,ok,video,0.0,True,False,False,-3.766718082156686,-4.434680379885627,-1.3646368285948753,-3.076090361008969
P06,NGEED,1,PRA,T3,temporal,kiri,0.001,2.001,2.0,2.0,ok,video,0.0,True,False,False,-3.8117130214354944,-5.464070073202876,-1.1814730944969796,-3.197675660905169
P06,NGEED,1,PRA,T5,temporo-posterior,kiri,0.001,2.001,2.0,2.0,ok,video,0.0,True,False,False,-5.537996465323545,-6.582438698430927,-3.8601062844672214,-5.309545518906919
P06,NGEED,1,PRA,Fp2,frontopolar,kanan,0.001,2.001,2.0,2.0,ok,video,0.0,True,False,False,2.496235861680969,-1.3986305506690115,1.6234846962644838,2.0650849419098662
P06,NGEED,1,PRA,F4,frontal,kanan,0.001,2.001,2.0,2.0,ok,video,0.0,True,False,False,-6.221880586893267,-3.140317818264016,-0.321377841704372,-4.158183346316868
P06,NGEED,1,PRA,C4,sentral,kanan,0.001,2.001,2.0,2.0,ok,video,0.0,True,False,False,-2.21081394308915,-0.6984795824752865,0.5626135845542528,-1.3726562938550835
P06,NGEED,1,PRA,P4,parietal,kanan,0.001,2.001,2.0,2.0,ok,video,0.0,True,False,False,-2.5242843361253122,-1.8952799824615951,1.9292356216402595,-1.3390580155305543
P06,NGEED,1,PRA,O2,oksipital,kanan,0.001,2.001,2.0,2.0,ok,video,0.0,True,False,False,0.09495032820570515,0.4731818779058088,2.962714693716773,1.0394470142558419
P06,NGEED,1,PRA,F8,frontotemporal,kanan,0.001,2.001,2.0,2.0,ok,video,0.0,True,False,False,1.049960510785617,-2.033838794175079,0.13585252972880824,1.0923451844102985
P06,NGEED,1,PRA,T4,temporal,kanan,0.001,2.001,2.0,2.0,ok,video,0.0,True,False,False,4.307396773430526,0.6099300141062827,3.732329204409389,3.7031472718711953
P06,NGEED,1,PRA,T6,temporo-posterior,kanan,0.001,2.001,2.0,2.0,ok,video,0.0,True,False,False,0.00021037734656914608,-1.2400355317630378,2.5205001988554088,0.6587889119484558
P06,NGEED,1,TURUN,Fp1,frontopolar,kiri,7.569,8.318,1.069,0.748,ok,video,0.0,True,False,False,-7.364186739027144,-5.651860481523325,-2.6884026792129703,-7.357747464397729
P06,NGEED,1,TURUN,F3,frontal,kiri,7.569,8.318,1.069,0.748,ok,video,0.0,True,False,False,-11.878429141956108,-13.141888534363435,-10.567434547995262,-7.203232677784705
P06,NGEED,1,TURUN,C3,sentral,kiri,7.569,8.318,1.069,0.748,ok,video,0.0,True,False,False,-2.4719499895606987,-1.3531619594749102,5.30803576178058,-0.1152092016144941
P06,NGEED,1,TURUN,P3,parietal,kiri,7.569,8.318,1.069,0.748,ok,video,0.0,True,False,False,-0.9293616280011321,0.7864968033421249,5.104868738108699,-0.5745057360177697
P06,NGEED,1,TURUN,O1,oksipital,kiri,7.569,8.318,1.069,0.748,ok,video,0.0,True,False,False,0.8794376109173427,4.392978202016273,6.524015133823752,4.514511814124198
P06,NGEED,1,TURUN,F7,frontotemporal,kiri,7.569,8.318,1.069,0.748,ok,video,0.0,True,False,False,-2.6128796036717006,-1.5105216382372078,0.7053559640976346,-3.6871313589786823
P06,NGEED,1,TURUN,T3,temporal,kiri,7.569,8.318,1.069,0.748,ok,video,0.0,True,False,False,-10.952969683982875,-4.489644224185881,-6.493070439417991,-8.449519968456507
P06,NGEED,1,TURUN,T5,temporo-posterior,kiri,7.569,8.318,1.069,0.748,ok,video,0.0,True,False,False,2.30899619988174,0.38008172674547325,0.4260079484720798,1.3122522091593254
P06,NGEED,1,TURUN,Fp2,frontopolar,kanan,7.569,8.318,1.069,0.748,ok,video,0.0,True,False,False,2.6273294328774632,2.390265992185487,3.6267155838588536,0.7685011621809323
P06,NGEED,1,TURUN,F4,frontal,kanan,7.569,8.318,1.069,0.748,ok,video,0.533,False,False,False,,,,
P06,NGEED,1,TURUN,C4,sentral,kanan,7.569,8.318,1.069,0.748,ok,video,0.0,True,False,False,-0.44354382585496666,-3.766779717772355,-0.5049452597615414,1.9605890607676635
P06,NGEED,1,TURUN,P4,parietal,kanan,7.569,8.318,1.069,0.748,ok,video,0.0,True,False,False,-2.973135549958677,-3.0821207360454075,1.7841007669192273,-1.4128328683360962
P06,NGEED,1,TURUN,O2,oksipital,kanan,7.569,8.318,1.069,0.748,ok,video,0.0,True,False,False,-0.5566499350860852,2.8174693996260345,4.0042668299258395,1.8247216259451946
P06,NGEED,1,TURUN,F8,frontotemporal,kanan,7.569,8.318,1.069,0.748,ok,video,0.0,True,False,False,1.8522818397985361,5.116914345759376,5.611122833599389,2.430898060709893
P06,NGEED,1,TURUN,T4,temporal,kanan,7.569,8.318,1.069,0.748,ok,video,0.0,True,False,False,4.928738927984256,4.697353071723228,6.117677634633445,2.7560945322531722
P06,NGEED,1,TURUN,T6,temporo-posterior,kanan,7.569,8.318,1.069,0.748,ok,video,0.0,True,False,False,-0.4479621177462718,0.19764710954058273,2.2360536858278337,0.0443983795804499
P06,NGEED,1,TAHAN,Fp1,frontopolar,kiri,8.728,11.159,2.931,2.431,ok,video,0.0,True,False,False,-4.067107113437636,-6.270224466566049,-2.3947048031121483,-4.816879431708383
P06,NGEED,1,TAHAN,F3,frontal,kiri,8.728,11.159,2.931,2.431,ok,video,0.0,True,False,False,-6.940332572655784,-9.3180342688362,-7.920646735160652,-8.359078781106835
P06,NGEED,1,TAHAN,C3,sentral,kiri,8.728,11.159,2.931,2.431,ok,video,0.0,True,False,False,2.6196848094296854,0.49813590282061426,4.927333210992611,2.6588907659093444
P06,NGEED,1,TAHAN,P3,parietal,kiri,8.728,11.159,2.931,2.431,ok,video,0.0,True,False,False,-4.97176757443092,-2.5554184922731125,2.7604485348735217,-3.749865241207967
P06,NGEED,1,TAHAN,O1,oksipital,kiri,8.728,11.159,2.931,2.431,ok,video,0.0,True,False,False,-0.44614558118305325,2.4156530190375847,6.963734668657992,2.141222401540162
P06,NGEED,1,TAHAN,F7,frontotemporal,kiri,8.728,11.159,2.931,2.431,ok,video,0.0,True,False,False,-4.8648059146336635,-2.433792673987327,1.7420868606481434,-3.6450555617859592
P06,NGEED,1,TAHAN,T3,temporal,kiri,8.728,11.159,2.931,2.431,ok,video,0.0,True,False,False,-12.367813452892364,-10.51219528522773,-8.01069383097336,-11.69638975350599
P06,NGEED,1,TAHAN,T5,temporo-posterior,kiri,8.728,11.159,2.931,2.431,ok,video,0.0,True,False,False,-4.675451221956429,-5.331703140364404,-3.7162065810857854,-4.7755752157383355
P06,NGEED,1,TAHAN,Fp2,frontopolar,kanan,8.728,11.159,2.931,2.431,ok,video,0.0,True,False,False,7.849046346199135,3.554868670923817,5.603583968888618,5.392284076774793
P06,NGEED,1,TAHAN,F4,frontal,kanan,8.728,11.159,2.931,2.431,ok,video,0.782,False,False,False,,,,
P06,NGEED,1,TAHAN,C4,sentral,kanan,8.728,11.159,2.931,2.431,ok,video,0.741,False,False,False,,,,
P06,NGEED,1,TAHAN,P4,parietal,kanan,8.728,11.159,2.931,2.431,ok,video,0.0,True,False,False,-0.503327184025629,-2.461587738971751,1.4740468387536971,-0.7921314142627267
P06,NGEED,1,TAHAN,O2,oksipital,kanan,8.728,11.159,2.931,2.431,ok,video,0.0,True,False,False,6.821545896275367,10.821096716984677,12.556215196321578,8.217912668705466
P06,NGEED,1,TAHAN,F8,frontotemporal,kanan,8.728,11.159,2.931,2.431,ok,video,0.0,True,False,False,7.465423761293039,5.426395667829226,6.8139187680775315,5.402983444243915
P06,NGEED,1,TAHAN,T4,temporal,kanan,8.728,11.159,2.931,2.431,ok,video,0.0,True,False,False,10.79466368325933,7.138603204366618,8.275279598712736,8.357570761488475
P06,NGEED,1,TAHAN,T6,temporo-posterior,kanan,8.728,11.159,2.931,2.431,ok,video,0.0,True,False,False,0.4846509738145812,3.1035200772809404,3.6173384874520202,1.135305057410683
P06,NGEED,1,NAIK,Fp1,frontopolar,kiri,11.628,12.647,1.457,1.02,ok,video,0.0,True,False,False,-11.43160725549998,-9.543812087577091,-5.849360989325326,-9.042348123379071
P06,NGEED,1,NAIK,F3,frontal,kiri,11.628,12.647,1.457,1.02,ok,video,0.0,True,False,False,-19.659349311014815,-17.26908766894055,-14.375305195339593,-19.0801982169426
P06,NGEED,1,NAIK,C3,sentral,kiri,11.628,12.647,1.457,1.02,ok,video,0.0,True,False,False,-7.213572379090834,-5.44295386646775,-3.3207759617917603,-6.133128828696126
P06,NGEED,1,NAIK,P3,parietal,kiri,11.628,12.647,1.457,1.02,ok,video,0.0,True,False,False,-9.664042745363165,-9.457212342692728,-4.938532787093855,-9.084902696471929
P06,NGEED,1,NAIK,O1,oksipital,kiri,11.628,12.647,1.457,1.02,ok,video,0.0,True,False,False,-5.922258763740597,-4.53305084256402,-2.043759884311047,-4.277071387564931
P06,NGEED,1,NAIK,F7,frontotemporal,kiri,11.628,12.647,1.457,1.02,ok,video,0.0,True,False,False,-3.119374429553197,-3.2934174378551404,-4.4843439822452105,-4.774788887547402
P06,NGEED,1,NAIK,T3,temporal,kiri,11.628,12.647,1.457,1.02,ok,video,0.0,True,False,False,-12.596413857289924,-14.873473485261208,-11.033447542391436,-12.499832085317621
P06,NGEED,1,NAIK,T5,temporo-posterior,kiri,11.628,12.647,1.457,1.02,ok,video,0.0,True,False,False,-2.0261483212301172,-2.377445017123641,-1.8486425478552206,-1.0045884190742669
P06,NGEED,1,NAIK,Fp2,frontopolar,kanan,11.628,12.647,1.457,1.02,ok,video,0.0,True,False,False,-5.3102105641746675,-8.57565061189153,-4.598815039583956,-6.661492799233404
P06,NGEED,1,NAIK,F4,frontal,kanan,11.628,12.647,1.457,1.02,ok,video,0.618,False,False,False,,,,
P06,NGEED,1,NAIK,C4,sentral,kanan,11.628,12.647,1.457,1.02,ok,video,0.0,True,False,False,-4.822529448587769,-9.258040242764597,-3.8678638150890876,-6.105367650391237
P06,NGEED,1,NAIK,P4,parietal,kanan,11.628,12.647,1.457,1.02,ok,video,0.0,True,False,False,-3.712679996242777,-3.8070609040252634,-0.9506265917204004,-3.382955378949454
P06,NGEED,1,NAIK,O2,oksipital,kanan,11.628,12.647,1.457,1.02,ok,video,0.0,True,False,False,0.039734376974045915,-0.8522286896706177,-0.927419344328154,-2.081731999062434
P06,NGEED,1,NAIK,F8,frontotemporal,kanan,11.628,12.647,1.457,1.02,ok,video,0.0,True,False,False,-4.534719114500568,-4.378440287279453,-2.5471153388045913,-4.802744960460998
P06,NGEED,1,NAIK,T4,temporal,kanan,11.628,12.647,1.457,1.02,ok,video,0.0,True,False,False,-3.89999099475056,-4.406528990247352,-1.613974308205588,-5.764616156811158
P06,NGEED,1,NAIK,T6,temporo-posterior,kanan,11.628,12.647,1.457,1.02,ok,video,0.0,True,False,False,-2.826387285521733,-2.1929484986307983,-0.733042292900727,-3.7022546288667897
P06,NGEED,1,POST,Fp1,frontopolar,kiri,13.366,14.866,1.5,1.5,ok,video,0.0,True,False,False,3.9613094032603655,3.763959745455253,0.39901040504726026,3.1819371736120203
P06,NGEED,1,POST,F3,frontal,kiri,13.366,14.866,1.5,1.5,ok,video,0.0,True,False,False,-4.89003202120611,-4.889597530541046,-8.129559328743248,-7.512373150704846
P06,NGEED,1,POST,C3,sentral,kiri,13.366,14.866,1.5,1.5,ok,video,0.0,True,False,False,3.125164137864232,-0.17463981880612067,-0.9533136232153439,0.8210284778475092
P06,NGEED,1,POST,P3,parietal,kiri,13.366,14.866,1.5,1.5,ok,video,0.0,True,False,False,2.5834906240989284,-3.021357911923271,-1.8553860619772493,1.1352392628251238
P06,NGEED,1,POST,O1,oksipital,kiri,13.366,14.866,1.5,1.5,ok,video,0.0,True,False,False,-0.9280387628211599,-3.4790314172373833,-0.5728172288976303,-1.4071986123326177
P06,NGEED,1,POST,F7,frontotemporal,kiri,13.366,14.866,1.5,1.5,ok,video,0.0,True,False,False,-0.7327359028711555,5.035911034161387,2.5853925539620093,1.9179811712142367
P06,NGEED,1,POST,T3,temporal,kiri,13.366,14.866,1.5,1.5,ok,video,0.0,True,False,False,-2.1774920026026763,-0.5827945479177785,-1.5359570058616505,-2.188397001195426
P06,NGEED,1,POST,T5,temporo-posterior,kiri,13.366,14.866,1.5,1.5,ok,video,0.0,True,False,False,1.2000599598187875,0.019883027707216172,0.5473656532206093,1.3040058524941287
P06,NGEED,1,POST,Fp2,frontopolar,kanan,13.366,14.866,1.5,1.5,ok,video,0.0,True,False,False,4.5895280234616,-3.3439902480849923,3.8414557889606264,1.2668326927936242
P06,NGEED,1,POST,F4,frontal,kanan,13.366,14.866,1.5,1.5,ok,video,0.0,True,False,False,4.52672474935968,2.713685959860186,0.1811306721941932,1.060173998985853
P06,NGEED,1,POST,C4,sentral,kanan,13.366,14.866,1.5,1.5,ok,video,0.0,True,False,False,9.18809610253711,7.220876703219439,2.975320138587872,6.281668862762803
P06,NGEED,1,POST,P4,parietal,kanan,13.366,14.866,1.5,1.5,ok,video,0.0,True,False,False,8.857550219765045,6.986411417163509,2.869717358415407,5.8786788757567265
P06,NGEED,1,POST,O2,oksipital,kanan,13.366,14.866,1.5,1.5,ok,video,0.0,True,False,False,11.022158716075545,9.609603283545312,6.651175471954854,8.46271990151294
P06,NGEED,1,POST,F8,frontotemporal,kanan,13.366,14.866,1.5,1.5,ok,video,0.0,True,False,False,3.7326900685478037,-1.0895138143652758,2.9555817782348264,-0.23470683135445825
P06,NGEED,1,POST,T4,temporal,kanan,13.366,14.866,1.5,1.5,ok,video,0.0,True,False,False,7.24494285677968,0.2101453734169425,4.884000492350005,2.618049467371243
P06,NGEED,1,POST,T6,temporo-posterior,kanan,13.366,14.866,1.5,1.5,ok,video,0.0,True,False,False,8.743513386392472,4.7370789616600035,3.740435498647372,5.26240018207627
P06,NGEED,2,PRA,Fp1,frontopolar,kiri,13.213,15.213,2.0,2.0,ok,video,0.0,True,False,False,5.115032525523112,4.679867045015129,2.3467157861386383,4.10393283987726
P06,NGEED,2,PRA,F3,frontal,kiri,13.213,15.213,2.0,2.0,ok,video,0.0,True,False,False,-3.1284572727405973,-3.854396723552526,-6.606195469233111,-6.328452768207747
P06,NGEED,2,PRA,C3,sentral,kiri,13.213,15.213,2.0,2.0,ok,video,0.0,True,False,False,2.7369023954463074,0.02299870116670988,-0.03799804489257852,1.2600365260063064
P06,NGEED,2,PRA,P3,parietal,kiri,13.213,15.213,2.0,2.0,ok,video,0.0,True,False,False,3.566183742072667,-1.621157642035822,0.16200173259547057,2.0138902598342057
P06,NGEED,2,PRA,O1,oksipital,kiri,13.213,15.213,2.0,2.0,ok,video,0.0,True,False,False,-0.5616302087992793,-2.8506061154315816,0.496495283521309,-0.6374140739430203
P06,NGEED,2,PRA,F7,frontotemporal,kiri,13.213,15.213,2.0,2.0,ok,video,0.0,True,False,False,3.409405763767545,4.996487130139819,4.9870051138620966,4.5766342790279
P06,NGEED,2,PRA,T3,temporal,kiri,13.213,15.213,2.0,2.0,ok,video,0.0,True,False,False,1.6514794635042733,-0.015651055776935152,0.7405406285279952,0.4947671422569968
P06,NGEED,2,PRA,T5,temporo-posterior,kiri,13.213,15.213,2.0,2.0,ok,video,0.0,True,False,False,2.828162364097679,3.0396013226691636,3.019840324120203,2.2432303452688913
P06,NGEED,2,PRA,Fp2,frontopolar,kanan,13.213,15.213,2.0,2.0,ok,video,0.0,True,False,False,4.436384977067984,-3.2343331399548063,3.9054517444782277,1.3523447900622934
P06,NGEED,2,PRA,F4,frontal,kanan,13.213,15.213,2.0,2.0,ok,video,0.0,True,False,False,4.130105647763578,2.0736441633232374,1.0557028427141084,1.0082062088631574
P06,NGEED,2,PRA,C4,sentral,kanan,13.213,15.213,2.0,2.0,ok,video,0.0,True,False,False,8.311377748432825,6.528813720614281,4.082888147132451,6.1681393412395344
P06,NGEED,2,PRA,P4,parietal,kanan,13.213,15.213,2.0,2.0,ok,video,0.0,True,False,False,9.102120734656722,6.104385419374722,3.0430353999953184,6.1039455928598585
P06,NGEED,2,PRA,O2,oksipital,kanan,13.213,15.213,2.0,2.0,ok,video,0.0,True,False,False,10.139248709186766,9.392178504895618,7.120863589469824,8.358315581605112
P06,NGEED,2,PRA,F8,frontotemporal,kanan,13.213,15.213,2.0,2.0,ok,video,0.0,True,False,False,3.7084411631352268,-0.31447538575233125,3.1360635398321186,-0.13064711225344894
P06,NGEED,2,PRA,T4,temporal,kanan,13.213,15.213,2.0,2.0,ok,video,0.0,True,False,False,7.3702482563250555,2.540123934442313,5.321311956871831,3.1358408252523233
P06,NGEED,2,PRA,T6,temporo-posterior,kanan,13.213,15.213,2.0,2.0,ok,video,0.0,True,False,False,8.11738291154758,3.81819912288676,3.385361781461068,5.105951835559566
P06,NGEED,2,TURUN,Fp1,frontopolar,kiri,22.676,23.609,1.333,0.933,ok,video,0.0,True,False,False,-3.03979528536707,-4.78076217301567,-3.8182098603439414,-3.196179107300793
P06,NGEED,2,TURUN,F3,frontal,kiri,22.676,23.609,1.333,0.933,ok,video,0.0,True,False,False,-17.13602003747975,-17.37260330803678,-16.24461494539595,-12.558711165287114
P06,NGEED,2,TURUN,C3,sentral,kiri,22.676,23.609,1.333,0.933,ok,video,0.0,True,False,False,0.3343069465191135,-1.0947023502240931,-3.6084717520909635,-1.2702991424800523
P06,NGEED,2,TURUN,P3,parietal,kiri,22.676,23.609,1.333,0.933,ok,video,0.0,True,False,False,-3.0352439296692566,-2.4409120857857474,-7.47813466827515,-3.210003728675364
P06,NGEED,2,TURUN,O1,oksipital,kiri,22.676,23.609,1.333,0.933,ok,video,0.0,True,False,False,1.8873068878155976,0.4576479231565358,-4.030023612601756,-0.43877929360286316
P06,NGEED,2,TURUN,F7,frontotemporal,kiri,22.676,23.609,1.333,0.933,ok,video,0.0,True,False,False,-8.461273698716035,-8.056415396506129,-5.144300454463632,-5.711204863846945
P06,NGEED,2,TURUN,T3,temporal,kiri,22.676,23.609,1.333,0.933,ok,video,0.0,True,False,False,-9.636021051152966,-9.860700834060165,-7.719306529237933,-2.50577999822719
P06,NGEED,2,TURUN,T5,temporo-posterior,kiri,22.676,23.609,1.333,0.933,ok,video,0.0,True,False,False,-6.228188044744623,0.8968791909412701,-1.9690348684419838,-2.7197782374636503
P06,NGEED,2,TURUN,Fp2,frontopolar,kanan,22.676,23.609,1.333,0.933,ok,video,0.0,True,False,False,-6.588091671766438,-8.887368307758868,-3.4495028384409565,-5.766447828512462
P06,NGEED,2,TURUN,F4,frontal,kanan,22.676,23.609,1.333,0.933,ok,video,0.376,True,True,False,-4.944377080328628,-10.527378540914864,-11.449863192358336,-7.254248420632539
P06,NGEED,2,TURUN,C4,sentral,kanan,22.676,23.609,1.333,0.933,ok,video,0.0,True,False,False,-5.285190626704729,-6.785304513884316,-6.668728088264473,-5.991986301581033
P06,NGEED,2,TURUN,P4,parietal,kanan,22.676,23.609,1.333,0.933,ok,video,0.0,True,False,False,0.5018274015356141,-4.47265234100821,-2.8829144304767027,-1.001704352269087
P06,NGEED,2,TURUN,O2,oksipital,kanan,22.676,23.609,1.333,0.933,ok,video,0.0,True,False,False,7.837934226781691,-0.007310823956835577,0.21134352780935117,3.6412344840640785
P06,NGEED,2,TURUN,F8,frontotemporal,kanan,22.676,23.609,1.333,0.933,ok,video,0.0,True,False,False,-0.3496708273845712,-3.7544122297705407,-2.340740883519217,-4.616327909731911
P06,NGEED,2,TURUN,T4,temporal,kanan,22.676,23.609,1.333,0.933,ok,video,0.0,True,False,False,-2.3572779374241506,-5.622804571239772,-2.9085377691049494,-6.174513064584254
P06,NGEED,2,TURUN,T6,temporo-posterior,kanan,22.676,23.609,1.333,0.933,ok,video,0.0,True,False,False,5.7272502306829765,-4.466587072466449,-3.4243355566945652,2.202330145881554
P06,NGEED,2,TAHAN,Fp1,frontopolar,kiri,24.059,26.892,3.333,2.833,ok,video,0.0,True,False,False,-13.127500679064376,-9.324613642420069,-7.1944178549116735,-9.222922181472246
P06,NGEED,2,TAHAN,F3,frontal,kiri,24.059,26.892,3.333,2.833,ok,video,0.0,True,False,False,-18.554984567962244,-15.799525516269746,-13.97341228604714,-19.146461491567607
P06,NGEED,2,TAHAN,C3,sentral,kiri,24.059,26.892,3.333,2.833,ok,video,0.0,True,False,False,-2.706851572065318,-1.9252654169324757,-2.5601440095711965,-2.5823552888578085
P06,NGEED,2,TAHAN,P3,parietal,kiri,24.059,26.892,3.333,2.833,ok,video,0.0,True,False,False,-3.496386464606843,-7.914828303295913,-4.552835890442132,-4.454268763480741
P06,NGEED,2,TAHAN,O1,oksipital,kiri,24.059,26.892,3.333,2.833,ok,video,0.0,True,False,False,-3.569116860136127,-4.722102830284811,-1.6384308597021473,-2.829210894905149
P06,NGEED,2,TAHAN,F7,frontotemporal,kiri,24.059,26.892,3.333,2.833,ok,video,0.0,True,False,False,-8.787314136196567,-9.823171302969175,-5.976297363103242,-7.645067742496121
P06,NGEED,2,TAHAN,T3,temporal,kiri,24.059,26.892,3.333,2.833,ok,video,0.0,True,False,False,-14.302962598665705,-15.52171606997862,-13.417708371979908,-13.499981600609086
P06,NGEED,2,TAHAN,T5,temporo-posterior,kiri,24.059,26.892,3.333,2.833,ok,video,0.0,True,False,False,-2.1986445199066935,-6.617788136576447,-3.8550064497731356,-4.319700965428673
P06,NGEED,2,TAHAN,Fp2,frontopolar,kanan,24.059,26.892,3.333,2.833,ok,video,0.0,True,False,False,-8.188256616555737,-5.9931981156268215,-7.3043372162880145,-8.74943041934067
P06,NGEED,2,TAHAN,F4,frontal,kanan,24.059,26.892,3.333,2.833,ok,video,1.0,False,False,False,,,,
P06,NGEED,2,TAHAN,C4,sentral,kanan,24.059,26.892,3.333,2.833,ok,video,1.0,False,False,False,,,,
P06,NGEED,2,TAHAN,P4,parietal,kanan,24.059,26.892,3.333,2.833,ok,video,0.0,True,False,False,-11.272877117952312,-12.391566408083122,-12.777842953494858,-11.337057290261601
P06,NGEED,2,TAHAN,O2,oksipital,kanan,24.059,26.892,3.333,2.833,ok,video,0.0,True,False,False,-1.9043989397838388,-2.0785771671559736,-3.48877432083464,-2.0625746042393764
P06,NGEED,2,TAHAN,F8,frontotemporal,kanan,24.059,26.892,3.333,2.833,ok,video,0.0,True,False,False,-8.219300651105637,-5.21921322684614,-5.587312245461492,-8.84945904018512
P06,NGEED,2,TAHAN,T4,temporal,kanan,24.059,26.892,3.333,2.833,ok,video,0.0,True,False,False,-5.569834699328993,-4.225450842549524,-6.567048896271089,-7.470535205011984
P06,NGEED,2,TAHAN,T6,temporo-posterior,kanan,24.059,26.892,3.333,2.833,ok,video,0.0,True,False,False,-7.054666516815452,-8.48736836333558,-7.057863559660532,-7.084187608129255
P06,NGEED,2,NAIK,Fp1,frontopolar,kiri,27.311,28.098,1.125,0.788,ok,video,0.0,True,False,False,-3.468502508209255,-8.190765345775123,-5.001484293174318,-6.095682791157426
P06,NGEED,2,NAIK,F3,frontal,kiri,27.311,28.098,1.125,0.788,ok,video,0.0,True,False,False,-11.422693307856402,-14.383584175573016,-11.434219729284951,-14.217400088211463
P06,NGEED,2,NAIK,C3,sentral,kiri,27.311,28.098,1.125,0.788,ok,video,0.0,True,False,False,0.8237295900995178,0.22803792093010955,-2.041700604367893,2.16483025866658
P06,NGEED,2,NAIK,P3,parietal,kiri,27.311,28.098,1.125,0.788,ok,video,0.0,True,False,False,0.8677543468670592,0.06420234656766866,-2.360159464935066,-1.3700608296981969
P06,NGEED,2,NAIK,O1,oksipital,kiri,27.311,28.098,1.125,0.788,ok,video,0.0,True,False,False,2.2914957076380134,-3.422210990728278,-2.802521539980745,-0.0603943796521591
P06,NGEED,2,NAIK,F7,frontotemporal,kiri,27.311,28.098,1.125,0.788,ok,video,0.0,True,False,False,-6.90342046548237,-1.2711651083767457,1.212026045678435,-2.2308627739104523
P06,NGEED,2,NAIK,T3,temporal,kiri,27.311,28.098,1.125,0.788,ok,video,0.0,True,False,False,-5.873905353680598,-8.990365382982798,-5.611806319656406,-5.0422386801069194
P06,NGEED,2,NAIK,T5,temporo-posterior,kiri,27.311,28.098,1.125,0.788,ok,video,0.0,True,False,False,1.8719336265082376,-1.288581756040589,5.276997065249464,0.8513940360284664
P06,NGEED,2,NAIK,Fp2,frontopolar,kanan,27.311,28.098,1.125,0.788,ok,video,0.0,True,False,False,-8.128266714783045,-5.893273932525176,-4.494309738673355,-10.502217126040026
P06,NGEED,2,NAIK,F4,frontal,kanan,27.311,28.098,1.125,0.788,ok,video,1.0,False,False,False,,,,
P06,NGEED,2,NAIK,C4,sentral,kanan,27.311,28.098,1.125,0.788,ok,video,1.0,False,False,False,,,,
P06,NGEED,2,NAIK,P4,parietal,kanan,27.311,28.098,1.125,0.788,ok,video,0.0,True,False,False,-4.473930497001096,-7.152288598720606,-3.7620297590308702,-3.518383023417954
P06,NGEED,2,NAIK,O2,oksipital,kanan,27.311,28.098,1.125,0.788,ok,video,0.0,True,False,False,3.3433611030404435,0.10466246570066318,-0.5450004792215282,-0.0073699935287905305
P06,NGEED,2,NAIK,F8,frontotemporal,kanan,27.311,28.098,1.125,0.788,ok,video,0.0,True,False,False,-1.9046921960519434,-6.988326551442849,-2.164460171403359,-5.611857490267489
P06,NGEED,2,NAIK,T4,temporal,kanan,27.311,28.098,1.125,0.788,ok,video,0.0,True,False,False,-4.415974768420632,-5.4233185116598115,-1.8608949137859199,-7.26333085223607
P06,NGEED,2,NAIK,T6,temporo-posterior,kanan,27.311,28.098,1.125,0.788,ok,video,0.0,True,False,False,-1.7930759648592982,-7.514537475383943,-3.198968319580832,-4.857175915524415
P06,NGEED,2,POST,Fp1,frontopolar,kiri,28.767,30.267,1.5,1.5,ok,video,0.0,True,False,False,-6.07939403729026,-9.605249061857801,-8.486505063457564,-8.96271281298107
P06,NGEED,2,POST,F3,frontal,kiri,28.767,30.267,1.5,1.5,ok,video,0.0,True,False,False,-14.78569887021846,-16.021116273426014,-16.521715517775018,-16.272740949988783
P06,NGEED,2,POST,C3,sentral,kiri,28.767,30.267,1.5,1.5,ok,video,0.0,True,False,False,-1.3673268126474554,-3.0291803058696978,-2.3748235470143726,-1.3051923825538516
P06,NGEED,2,POST,P3,parietal,kiri,28.767,30.267,1.5,1.5,ok,video,0.0,True,False,False,-0.15254470459222347,-2.314304233398353,-3.7683459962546024,-2.457886674577729
P06,NGEED,2,POST,O1,oksipital,kiri,28.767,30.267,1.5,1.5,ok,video,0.0,True,False,False,-1.6604988742522977,-1.7485369722175221,-2.3206541647533108,-1.1254694354608645
P06,NGEED,2,POST,F7,frontotemporal,kiri,28.767,30.267,1.5,1.5,ok,video,0.0,True,False,False,-2.192670959556118,-1.9607654594497284,-5.18811459104813,-2.4141535492525072
P06,NGEED,2,POST,T3,temporal,kiri,28.767,30.267,1.5,1.5,ok,video,0.0,True,False,False,-11.571876385281026,-10.216378632177435,-12.377478970505635,-11.710047327881458
P06,NGEED,2,POST,T5,temporo-posterior,kiri,28.767,30.267,1.5,1.5,ok,video,0.0,True,False,False,-1.8089137273953853,-2.620168889623244,-1.1864082420958972,-0.265131035140584
P06,NGEED,2,POST,Fp2,frontopolar,kanan,28.767,30.267,1.5,1.5,ok,video,0.0,True,False,False,-6.642906310991506,-2.5175388433919217,-2.2874924307675144,-5.019457242475287
P06,NGEED,2,POST,F4,frontal,kanan,28.767,30.267,1.5,1.5,ok,video,1.0,False,False,False,,,,
P06,NGEED,2,POST,C4,sentral,kanan,28.767,30.267,1.5,1.5,ok,video,0.467,True,True,False,-6.7539822819404804,-7.859327545450643,-9.709788109559188,-9.707809192874635
P06,NGEED,2,POST,P4,parietal,kanan,28.767,30.267,1.5,1.5,ok,video,0.0,True,False,False,-2.238934521878292,-6.3431259479046105,-6.759913646829219,-3.3987818764944606
P06,NGEED,2,POST,O2,oksipital,kanan,28.767,30.267,1.5,1.5,ok,video,0.0,True,False,False,2.3401718388739,-3.8476979353899736,-3.019198510902683,0.28558441160911485
P06,NGEED,2,POST,F8,frontotemporal,kanan,28.767,30.267,1.5,1.5,ok,video,0.0,True,False,False,-4.614253618411006,-1.4093840705165235,-3.5598874629584643,-3.818433302083804
P06,NGEED,2,POST,T4,temporal,kanan,28.767,30.267,1.5,1.5,ok,video,0.0,True,False,False,-1.5496659005308047,0.46276948968383635,0.45700110708555997,-2.49126994686047
P06,NGEED,2,POST,T6,temporo-posterior,kanan,28.767,30.267,1.5,1.5,ok,video,0.0,True,False,False,-5.088736111718795,-6.864111960846543,-5.895482257604442,-5.421643675416867
P06,AGEM KANAN,1,PRA,Fp1,frontopolar,kiri,31.87,33.87,2.0,2.0,ok,video,0.0,True,False,False,-14.343895898671825,-12.041855511506355,-7.2357955811923595,-11.238713941250712
P06,AGEM KANAN,1,PRA,F3,frontal,kiri,31.87,33.87,2.0,2.0,ok,video,0.0,True,False,False,-22.163335682597406,-18.495521979093752,-14.955213070587966,-20.04931633373822
P06,AGEM KANAN,1,PRA,C3,sentral,kiri,31.87,33.87,2.0,2.0,ok,video,0.0,True,False,False,-10.324807703907638,-6.8409075941035695,-3.8018935226265995,-6.578079082212941
P06,AGEM KANAN,1,PRA,P3,parietal,kiri,31.87,33.87,2.0,2.0,ok,video,0.0,True,False,False,-9.220532114384536,-7.652342233913309,-5.959555202091082,-7.680871803789351
P06,AGEM KANAN,1,PRA,O1,oksipital,kiri,31.87,33.87,2.0,2.0,ok,video,0.0,True,False,False,-7.794891669573978,-3.4534920955512476,-3.2260090230384826,-5.731690043173693
P06,AGEM KANAN,1,PRA,F7,frontotemporal,kiri,31.87,33.87,2.0,2.0,ok,video,0.0,True,False,False,-2.666489241780468,-5.401278795390059,-6.310363337793838,-3.251088757973342
P06,AGEM KANAN,1,PRA,T3,temporal,kiri,31.87,33.87,2.0,2.0,ok,video,0.0,True,False,False,-11.363445131565129,-11.956448225474293,-11.348306366747538,-8.534284566303423
P06,AGEM KANAN,1,PRA,T5,temporo-posterior,kiri,31.87,33.87,2.0,2.0,ok,video,0.0,True,False,False,-1.7662732036709201,-4.154454772907496,-3.731972605195338,-0.42227256338765784
P06,AGEM KANAN,1,PRA,Fp2,frontopolar,kanan,31.87,33.87,2.0,2.0,ok,video,0.0,True,False,False,-7.470535480429575,-6.671612050851879,-3.882025289376246,-5.779666572272365
P06,AGEM KANAN,1,PRA,F4,frontal,kanan,31.87,33.87,2.0,2.0,ok,video,1.0,False,False,False,,,,
P06,AGEM KANAN,1,PRA,C4,sentral,kanan,31.87,33.87,2.0,2.0,ok,video,0.8,False,False,False,,,,
P06,AGEM KANAN,1,PRA,P4,parietal,kanan,31.87,33.87,2.0,2.0,ok,video,0.0,True,False,False,-5.151121297088313,-6.302355831805965,-5.527196666843636,-5.993880504224663
P06,AGEM KANAN,1,PRA,O2,oksipital,kanan,31.87,33.87,2.0,2.0,ok,video,0.0,True,False,False,-0.16744327785383462,-4.145163992651959,-2.045286052714296,-0.3008987642941747
P06,AGEM KANAN,1,PRA,F8,frontotemporal,kanan,31.87,33.87,2.0,2.0,ok,video,0.0,True,False,False,-4.965926982972665,-5.4838589735597765,-3.5462193000886053,-4.667112984879907
P06,AGEM KANAN,1,PRA,T4,temporal,kanan,31.87,33.87,2.0,2.0,ok,video,0.0,True,False,False,-2.877337522579424,-5.232876211872288,-2.654900224523697,-2.9656604283474906
P06,AGEM KANAN,1,PRA,T6,temporo-posterior,kanan,31.87,33.87,2.0,2.0,ok,video,0.0,True,False,False,-9.634188405556586,-8.009243469555496,-6.169026853583347,-8.718950491862433
P06,AGEM KANAN,1,TURUN,Fp1,frontopolar,kiri,39.321,40.168,1.209,0.846,ok,video,0.0,True,False,False,3.0419934882043904,9.025331508545698,10.419801871259963,5.72204862723131
P06,AGEM KANAN,1,TURUN,F3,frontal,kiri,39.321,40.168,1.209,0.846,ok,video,0.0,True,False,False,-8.689814293016845,-6.8184444207755135,-6.627608974288929,-2.0293806926850024
P06,AGEM KANAN,1,TURUN,C3,sentral,kiri,39.321,40.168,1.209,0.846,ok,video,0.0,True,False,False,7.167665955164104,6.846603466343602,7.695514974285615,5.761580043335879
P06,AGEM KANAN,1,TURUN,P3,parietal,kiri,39.321,40.168,1.209,0.846,ok,video,0.0,True,False,False,-2.0447252420118645,7.019622832162057,7.566942179528354,4.11372577388795
P06,AGEM KANAN,1,TURUN,O1,oksipital,kiri,39.321,40.168,1.209,0.846,ok,video,0.0,True,False,False,11.250909734420695,11.240605748459402,8.784416250544623,13.18016112003749
P06,AGEM KANAN,1,TURUN,F7,frontotemporal,kiri,39.321,40.168,1.209,0.846,ok,video,0.0,True,False,False,2.950772463369333,8.362870100428175,9.386620831233323,4.441896792712683
P06,AGEM KANAN,1,TURUN,T3,temporal,kiri,39.321,40.168,1.209,0.846,ok,video,0.0,True,False,False,2.8304412498761096,7.368843818260935,9.371959952668654,4.902103869356694
P06,AGEM KANAN,1,TURUN,T5,temporo-posterior,kiri,39.321,40.168,1.209,0.846,ok,video,0.0,True,False,False,-0.5620290366034908,7.305940891916492,7.19538593692986,5.155856073648458
P06,AGEM KANAN,1,TURUN,Fp2,frontopolar,kanan,39.321,40.168,1.209,0.846,ok,video,0.0,True,False,False,1.1838583000592173,1.4452539383221357,6.279259019757397,0.9213990034530717
P06,AGEM KANAN,1,TURUN,F4,frontal,kanan,39.321,40.168,1.209,0.846,ok,video,0.0,True,False,False,-10.13625126248057,-7.0189692250043585,-5.685344817618951,-6.57253670967447
P06,AGEM KANAN,1,TURUN,C4,sentral,kanan,39.321,40.168,1.209,0.846,ok,video,0.0,True,False,False,-4.038040056396419,-7.57107466859955,-4.835586195898511,-0.35368887907612745
P06,AGEM KANAN,1,TURUN,P4,parietal,kanan,39.321,40.168,1.209,0.846,ok,video,0.0,True,False,False,-0.5081481734654147,-8.081090423727787,-2.664932446072072,0.9213269809209521
P06,AGEM KANAN,1,TURUN,O2,oksipital,kanan,39.321,40.168,1.209,0.846,ok,video,0.0,True,False,False,6.726623575894685,-0.9144918432075606,2.6363354559714374,8.65119737147198
P06,AGEM KANAN,1,TURUN,F8,frontotemporal,kanan,39.321,40.168,1.209,0.846,ok,video,0.0,True,False,False,3.0404973852945787,2.3680508982584634,2.237898907078062,1.3871841392461057
P06,AGEM KANAN,1,TURUN,T4,temporal,kanan,39.321,40.168,1.209,0.846,ok,video,0.0,True,False,False,4.526553123562735,-3.6354229029801672,6.320119297854113,2.8735535589467034
P06,AGEM KANAN,1,TURUN,T6,temporo-posterior,kanan,39.321,40.168,1.209,0.846,ok,video,0.0,True,False,False,3.8185398211207087,-5.837282242298894,-0.9524060320139398,3.1839766050544682
P06,AGEM KANAN,1,TAHAN,Fp1,frontopolar,kiri,40.599,42.751,2.652,2.152,ok,video,0.0,True,False,False,-4.396303933047776,-4.965350136381058,-0.5149084884074355,-2.8031112940608445
P06,AGEM KANAN,1,TAHAN,F3,frontal,kiri,40.599,42.751,2.652,2.152,ok,video,0.0,True,False,False,-14.872342380016313,-12.206609633414807,-9.578527055433337,-14.519776363217048
P06,AGEM KANAN,1,TAHAN,C3,sentral,kiri,40.599,42.751,2.652,2.152,ok,video,0.0,True,False,False,-3.715344891776823,-3.042504763659533,-0.783406039584257,-2.7046626103687537
P06,AGEM KANAN,1,TAHAN,P3,parietal,kiri,40.599,42.751,2.652,2.152,ok,video,0.0,True,False,False,1.372426479731459,0.35599243857647167,4.26137462531371,0.6694266733191512
P06,AGEM KANAN,1,TAHAN,O1,oksipital,kiri,40.599,42.751,2.652,2.152,ok,video,0.0,True,False,False,-0.808963811998396,-2.6146836884052433,-0.046524371907882056,-0.840800827730682
P06,AGEM KANAN,1,TAHAN,F7,frontotemporal,kiri,40.599,42.751,2.652,2.152,ok,video,0.0,True,False,False,-1.2087104964187034,-0.48391402246308246,1.3011682927504182,0.7593658778043988
P06,AGEM KANAN,1,TAHAN,T3,temporal,kiri,40.599,42.751,2.652,2.152,ok,video,0.0,True,False,False,-7.239095452686918,-9.070973302220512,-6.3967143043510575,-7.249359281067456
P06,AGEM KANAN,1,TAHAN,T5,temporo-posterior,kiri,40.599,42.751,2.652,2.152,ok,video,0.0,True,False,False,-1.0750700364837442,-2.7564746358403482,-0.06599741182857954,-0.8441182392382558
P06,AGEM KANAN,1,TAHAN,Fp2,frontopolar,kanan,40.599,42.751,2.652,2.152,ok,video,0.0,True,False,False,0.05871494050604298,-1.1882838866393293,0.20555246972065966,-2.8365767008267646
P06,AGEM KANAN,1,TAHAN,F4,frontal,kanan,40.599,42.751,2.652,2.152,ok,video,0.417,True,True,False,-8.588907506859467,-13.733446430742397,-11.186950810717327,-11.008107329585407
P06,AGEM KANAN,1,TAHAN,C4,sentral,kanan,40.599,42.751,2.652,2.152,ok,video,0.0,True,False,False,-6.645872246646206,-6.7855291859638704,-5.693079118049852,-6.560948752640943
P06,AGEM KANAN,1,TAHAN,P4,parietal,kanan,40.599,42.751,2.652,2.152,ok,video,0.0,True,False,False,-3.905891808211841,-4.494163916978408,-3.8703762709397367,-2.6816244189237572
P06,AGEM KANAN,1,TAHAN,O2,oksipital,kanan,40.599,42.751,2.652,2.152,ok,video,0.0,True,False,False,2.2151330325121137,-0.8839012545680305,0.19609034218380472,3.4051473000956065
P06,AGEM KANAN,1,TAHAN,F8,frontotemporal,kanan,40.599,42.751,2.652,2.152,ok,video,0.0,True,False,False,-1.1397025791730506,-0.9038346063130298,-0.466861119700976,-2.1591120930182264
P06,AGEM KANAN,1,TAHAN,T4,temporal,kanan,40.599,42.751,2.652,2.152,ok,video,0.0,True,False,False,3.388165563037731,3.038003834178973,2.5156969012602595,1.3579114318647925
P06,AGEM KANAN,1,TAHAN,T6,temporo-posterior,kanan,40.599,42.751,2.652,2.152,ok,video,0.0,True,False,False,-2.4985168795953783,-5.800615534328067,-3.330400792965367,-2.731632969833747
P06,AGEM KANAN,1,NAIK,Fp1,frontopolar,kiri,43.14,43.791,0.93,0.651,ok,video,0.0,True,False,False,-4.231923871790308,-9.06105777744569,-2.7395656228479943,-3.954018896736663
P06,AGEM KANAN,1,NAIK,F3,frontal,kiri,43.14,43.791,0.93,0.651,ok,video,0.0,True,False,False,-14.980574652671635,-12.017061574307608,-10.645502830275827,-14.43644652169694
P06,AGEM KANAN,1,NAIK,C3,sentral,kiri,43.14,43.791,0.93,0.651,ok,video,0.0,True,False,False,3.7510866770108393,-5.361300484165213,-1.8655801384879354,3.081684925275095
P06,AGEM KANAN,1,NAIK,P3,parietal,kiri,43.14,43.791,0.93,0.651,ok,video,0.0,True,False,False,1.3329967020928635,0.3636230290284814,0.7438024929674611,3.4105220825548273
P06,AGEM KANAN,1,NAIK,O1,oksipital,kiri,43.14,43.791,0.93,0.651,ok,video,0.0,True,False,False,2.8991806611580984,0.8772062010573265,0.47130218191990636,2.672317520417465
P06,AGEM KANAN,1,NAIK,F7,frontotemporal,kiri,43.14,43.791,0.93,0.651,ok,video,0.0,True,False,False,-9.529443342559865,-6.1172739519474355,-2.7204480747178543,-6.792688932328552
P06,AGEM KANAN,1,NAIK,T3,temporal,kiri,43.14,43.791,0.93,0.651,ok,video,0.0,True,False,False,-1.9973392242992816,-10.249637398814563,-3.5854672392228935,-2.9201424891230516
P06,AGEM KANAN,1,NAIK,T5,temporo-posterior,kiri,43.14,43.791,0.93,0.651,ok,video,0.0,True,False,False,1.6112198516733187,-5.360812274377636,0.2725226130105085,-1.4742365806524802
P06,AGEM KANAN,1,NAIK,Fp2,frontopolar,kanan,43.14,43.791,0.93,0.651,ok,video,0.0,True,False,False,1.599877339883502,4.857201357256937,4.831675856652559,2.153059366704465
P06,AGEM KANAN,1,NAIK,F4,frontal,kanan,43.14,43.791,0.93,0.651,ok,video,0.0,True,False,False,0.4984186945008986,-1.1784951579346767,1.5375065095258549,-0.42139895478536715
P06,AGEM KANAN,1,NAIK,C4,sentral,kanan,43.14,43.791,0.93,0.651,ok,video,0.0,True,False,False,3.220532716412329,2.9217982866174665,6.044397060371757,2.9078403918837132
P06,AGEM KANAN,1,NAIK,P4,parietal,kanan,43.14,43.791,0.93,0.651,ok,video,0.0,True,False,False,0.9528564856675246,-0.45935241275009275,3.365797029612885,0.6375477747980156
P06,AGEM KANAN,1,NAIK,O2,oksipital,kanan,43.14,43.791,0.93,0.651,ok,video,0.0,True,False,False,1.9646020240698618,0.8294486304236841,2.5911383941498762,3.1781533988258275
P06,AGEM KANAN,1,NAIK,F8,frontotemporal,kanan,43.14,43.791,0.93,0.651,ok,video,0.0,True,False,False,4.023984798706806,3.9393456895365873,-1.1502507891895313,1.4468475271484351
P06,AGEM KANAN,1,NAIK,T4,temporal,kanan,43.14,43.791,0.93,0.651,ok,video,0.0,True,False,False,4.816998532603009,6.940367510245814,4.390519715753115,4.467937123808497
P06,AGEM KANAN,1,NAIK,T6,temporo-posterior,kanan,43.14,43.791,0.93,0.651,ok,video,0.0,True,False,False,2.5969513481283286,0.23085163953642507,3.1447766596678512,0.8920913146550902
P06,AGEM KANAN,1,POST,Fp1,frontopolar,kiri,44.431,45.931,1.5,1.5,ok,video,0.0,True,False,False,-2.6070155176470564,-4.572348374465662,-1.2394380160905385,-2.0935001241498767
P06,AGEM KANAN,1,POST,F3,frontal,kiri,44.431,45.931,1.5,1.5,ok,video,0.0,True,False,False,-7.904466265442913,-11.040780272360685,-8.113807658036478,-6.786071793488425
P06,AGEM KANAN,1,POST,C3,sentral,kiri,44.431,45.931,1.5,1.5,ok,video,0.0,True,False,False,3.5628245349780485,-0.1803910834305853,0.14585877471960274,3.4152234956696965
P06,AGEM KANAN,1,POST,P3,parietal,kiri,44.431,45.931,1.5,1.5,ok,video,0.0,True,False,False,5.426645202211262,3.384825170402877,5.349726000791129,6.065886377738117
P06,AGEM KANAN,1,POST,O1,oksipital,kiri,44.431,45.931,1.5,1.5,ok,video,0.0,True,False,False,4.214439037690447,-0.4431186318821503,0.5032028354264817,3.0263130844578825
P06,AGEM KANAN,1,POST,F7,frontotemporal,kiri,44.431,45.931,1.5,1.5,ok,video,0.0,True,False,False,-0.423465140650336,-0.4954905755038794,1.0753989195888352,1.5141322573747047
P06,AGEM KANAN,1,POST,T3,temporal,kiri,44.431,45.931,1.5,1.5,ok,video,0.0,True,False,False,-3.160524140282334,-4.047625335797086,-3.1166009653554276,-0.5654036429376958
P06,AGEM KANAN,1,POST,T5,temporo-posterior,kiri,44.431,45.931,1.5,1.5,ok,video,0.0,True,False,False,5.861806636630902,2.8213098263362113,6.356399832924858,4.033286166536556
P06,AGEM KANAN,1,POST,Fp2,frontopolar,kanan,44.431,45.931,1.5,1.5,ok,video,0.0,True,False,False,-2.5204924795577703,-4.743964669601226,-3.4767154445536654,-4.6050450981059825
P06,AGEM KANAN,1,POST,F4,frontal,kanan,44.431,45.931,1.5,1.5,ok,video,0.32,True,True,False,-7.934552288636425,-6.59697562928654,-6.266543206687899,-7.465213216021954
P06,AGEM KANAN,1,POST,C4,sentral,kanan,44.431,45.931,1.5,1.5,ok,video,0.0,True,False,False,-3.3277174459272345,-7.171003549551219,-4.039193513800264,-3.5108359513828127
P06,AGEM KANAN,1,POST,P4,parietal,kanan,44.431,45.931,1.5,1.5,ok,video,0.0,True,False,False,-2.476353890460068,-4.348035773143472,-3.585933935530541,-1.3343982136723866
P06,AGEM KANAN,1,POST,O2,oksipital,kanan,44.431,45.931,1.5,1.5,ok,video,0.0,True,False,False,7.452195709609391,3.727811528253852,3.6975299904039893,5.084270358868459
P06,AGEM KANAN,1,POST,F8,frontotemporal,kanan,44.431,45.931,1.5,1.5,ok,video,0.0,True,False,False,-1.9614677855387939,-2.5311260086923184,-2.75792090248542,-1.42172617221361
P06,AGEM KANAN,1,POST,T4,temporal,kanan,44.431,45.931,1.5,1.5,ok,video,0.0,True,False,False,2.0879850241999662,-2.3179827074228,-0.586739558357884,-0.06240187201384373
P06,AGEM KANAN,1,POST,T6,temporo-posterior,kanan,44.431,45.931,1.5,1.5,ok,video,0.0,True,False,False,0.20896204993171352,-2.6816469763178254,-3.81642151067798,-0.9990008381276709
P06,AGEM KANAN,2,PRA,Fp1,frontopolar,kiri,52.402,54.402,2.0,2.0,ok,video,0.0,True,False,False,-1.5745329526553533,-4.672495485105003,-1.1639250446227365,0.6596201455366355
P06,AGEM KANAN,2,PRA,F3,frontal,kiri,52.402,54.402,2.0,2.0,ok,video,0.0,True,False,False,-9.336221977543921,-10.294452165885936,-9.200467337237516,-7.1430467146655054
P06,AGEM KANAN,2,PRA,C3,sentral,kiri,52.402,54.402,2.0,2.0,ok,video,0.0,True,False,False,-0.7203500706049866,-2.2345747266395364,-2.0698653747480655,-1.5464640955304034
P06,AGEM KANAN,2,PRA,P3,parietal,kiri,52.402,54.402,2.0,2.0,ok,video,0.0,True,False,False,-2.2822999993923077,-4.799500055455262,-3.582076557137544,-1.448804059654357
P06,AGEM KANAN,2,PRA,O1,oksipital,kiri,52.402,54.402,2.0,2.0,ok,video,0.0,True,False,False,-0.7092241683439013,-2.6635179356741787,-2.868680908609143,-1.1822793354315948
P06,AGEM KANAN,2,PRA,F7,frontotemporal,kiri,52.402,54.402,2.0,2.0,ok,video,0.0,True,False,False,-0.9266489427985007,-6.111257064658062,-4.318742475237848,-0.3098102992447025
P06,AGEM KANAN,2,PRA,T3,temporal,kiri,52.402,54.402,2.0,2.0,ok,video,0.0,True,False,False,-2.167332520772568,-7.017437791127634,-4.330500315485203,-1.2002066863671104
P06,AGEM KANAN,2,PRA,T5,temporo-posterior,kiri,52.402,54.402,2.0,2.0,ok,video,0.0,True,False,False,-0.16254407849535113,-4.068256633580738,-2.870132134913433,-0.8904344949403793
P06,AGEM KANAN,2,PRA,Fp2,frontopolar,kanan,52.402,54.402,2.0,2.0,ok,video,0.0,True,False,False,-9.697291409929527,-7.918820725910244,-4.1649193831277795,-5.186004613402023
P06,AGEM KANAN,2,PRA,F4,frontal,kanan,52.402,54.402,2.0,2.0,ok,video,0.0,True,False,False,-6.101989267411753,-5.463200392785453,-5.692344629812741,-4.1344949379322
P06,AGEM KANAN,2,PRA,C4,sentral,kanan,52.402,54.402,2.0,2.0,ok,video,0.0,True,False,False,-2.817813282478056,-3.156310374247834,-4.961250300214591,-0.5009697582287167
P06,AGEM KANAN,2,PRA,P4,parietal,kanan,52.402,54.402,2.0,2.0,ok,video,0.0,True,False,False,1.4827966637454821,-0.3551723097682711,-2.9508021629869567,1.3872245591018526
P06,AGEM KANAN,2,PRA,O2,oksipital,kanan,52.402,54.402,2.0,2.0,ok,video,0.0,True,False,False,3.893455599933695,-1.6455388055819498,-2.9775849674544794,3.549075727369292
P06,AGEM KANAN,2,PRA,F8,frontotemporal,kanan,52.402,54.402,2.0,2.0,ok,video,0.0,True,False,False,-8.274122366960135,-9.481379966955402,-6.222231665243974,-9.384087469282623
P06,AGEM KANAN,2,PRA,T4,temporal,kanan,52.402,54.402,2.0,2.0,ok,video,0.0,True,False,False,-10.406945882203132,-9.199166328878562,-6.179482471394138,-9.796832270966778
P06,AGEM KANAN,2,PRA,T6,temporo-posterior,kanan,52.402,54.402,2.0,2.0,ok,video,0.0,True,False,False,0.057781974253757085,-2.235338381676872,-4.5943744475074055,2.4335549467760487
P06,AGEM KANAN,2,TURUN,Fp1,frontopolar,kiri,55.162,56.183,1.459,1.021,ok,video,0.0,True,False,False,0.28894142394418765,3.245371622657416,2.169518565371426,0.39296272971385093
P06,AGEM KANAN,2,TURUN,F3,frontal,kiri,55.162,56.183,1.459,1.021,ok,video,0.0,True,False,False,1.6304794821789912,0.637040277905399,-0.48199101764951635,1.755646324629744
P06,AGEM KANAN,2,TURUN,C3,sentral,kiri,55.162,56.183,1.459,1.021,ok,video,0.0,True,False,False,3.5003319656436744,-1.7698787489978116,0.5361275780692942,1.950140127432217
P06,AGEM KANAN,2,TURUN,P3,parietal,kiri,55.162,56.183,1.459,1.021,ok,video,0.0,True,False,False,0.9328981268508159,-2.597765962049465,2.518015561404699,-0.2808825043680443
P06,AGEM KANAN,2,TURUN,O1,oksipital,kiri,55.162,56.183,1.459,1.021,ok,video,0.0,True,False,False,1.7654437174460824,-2.809738525240853,-0.7049254135975325,-0.5782518769865206
P06,AGEM KANAN,2,TURUN,F7,frontotemporal,kiri,55.162,56.183,1.459,1.021,ok,video,0.0,True,False,False,3.4255130361787707,3.6630363550200116,5.144635424982425,3.780226529905484
P06,AGEM KANAN,2,TURUN,T3,temporal,kiri,55.162,56.183,1.459,1.021,ok,video,0.0,True,False,False,0.5577720530708774,2.438461989487543,3.4613851524143513,1.4592711404781156
P06,AGEM KANAN,2,TURUN,T5,temporo-posterior,kiri,55.162,56.183,1.459,1.021,ok,video,0.0,True,False,False,1.7970092292983253,2.560923788653099,2.890107274566123,0.9361846098063609
P06,AGEM KANAN,2,TURUN,Fp2,frontopolar,kanan,55.162,56.183,1.459,1.021,ok,video,0.0,True,False,False,0.0031060107969942408,0.750428537993848,3.482354464264443,-1.848544868430217
P06,AGEM KANAN,2,TURUN,F4,frontal,kanan,55.162,56.183,1.459,1.021,ok,video,0.0,True,False,False,-8.13521790855415,-12.12257572074651,-8.982640100015498,-10.26341763912399
P06,AGEM KANAN,2,TURUN,C4,sentral,kanan,55.162,56.183,1.459,1.021,ok,video,0.0,True,False,False,-2.178533699139706,-7.409289329672696,-4.305914772962062,-4.193533053398678
P06,AGEM KANAN,2,TURUN,P4,parietal,kanan,55.162,56.183,1.459,1.021,ok,video,0.0,True,False,False,-6.378006145694954,-6.056711229935175,-2.699686526415828,-5.287578564903374
P06,AGEM KANAN,2,TURUN,O2,oksipital,kanan,55.162,56.183,1.459,1.021,ok,video,0.0,True,False,False,4.246028028384238,1.6798610564505978,3.002338295829343,2.6251608397897215
P06,AGEM KANAN,2,TURUN,F8,frontotemporal,kanan,55.162,56.183,1.459,1.021,ok,video,0.0,True,False,False,-1.0590694576010726,-1.7147842559146689,1.4638620863666212,-3.0503317472435825
P06,AGEM KANAN,2,TURUN,T4,temporal,kanan,55.162,56.183,1.459,1.021,ok,video,0.0,True,False,False,0.848780198503519,1.6358535107919892,5.141205866917012,-0.3880037642952274
P06,AGEM KANAN,2,TURUN,T6,temporo-posterior,kanan,55.162,56.183,1.459,1.021,ok,video,0.0,True,False,False,-3.888186451302815,-4.1860729989759875,-2.2657795504042184,-3.627631090545897
P06,AGEM KANAN,2,TAHAN,Fp1,frontopolar,kiri,56.652,59.415,3.263,2.763,ok,video,0.0,True,False,False,-13.881909523242609,-12.74673899035919,-7.407178637073695,-12.13822868539425
P06,AGEM KANAN,2,TAHAN,F3,frontal,kiri,56.652,59.415,3.263,2.763,ok,video,0.275,True,True,False,-17.14876297139562,-14.9831920718903,-10.280361149927447,-17.418428658583608
P06,AGEM KANAN,2,TAHAN,C3,sentral,kiri,56.652,59.415,3.263,2.763,ok,video,0.0,True,False,False,-1.1257530045938111,-2.303388555066448,-0.9833467814036254,-1.5592258430189183
P06,AGEM KANAN,2,TAHAN,P3,parietal,kiri,56.652,59.415,3.263,2.763,ok,video,0.0,True,False,False,1.5019936219508025,4.134592990116289,6.547440753114529,7.306740944580618
P06,AGEM KANAN,2,TAHAN,O1,oksipital,kiri,56.652,59.415,3.263,2.763,ok,video,0.0,True,False,False,5.436878931815848,3.8357082685630317,2.534748032317559,6.017409094587165
P06,AGEM KANAN,2,TAHAN,F7,frontotemporal,kiri,56.652,59.415,3.263,2.763,ok,video,0.0,True,False,False,-4.9030787409198595,-6.04385807203991,-4.2502606140697665,-3.1387294252705686
P06,AGEM KANAN,2,TAHAN,T3,temporal,kiri,56.652,59.415,3.263,2.763,ok,video,0.217,True,True,False,-14.344229653907366,-13.848925651916389,-9.71557988435097,-12.314062976634442
P06,AGEM KANAN,2,TAHAN,T5,temporo-posterior,kiri,56.652,59.415,3.263,2.763,ok,video,0.0,True,False,False,-3.6684439044948007,-3.0806331611867215,-1.6467542006447324,-2.5861262563520953
P06,AGEM KANAN,2,TAHAN,Fp2,frontopolar,kanan,56.652,59.415,3.263,2.763,ok,video,0.0,True,False,False,5.042805185782225,2.9618865991610086,5.356154091063264,4.643038183935424
P06,AGEM KANAN,2,TAHAN,F4,frontal,kanan,56.652,59.415,3.263,2.763,ok,video,0.87,False,False,False,,,,
P06,AGEM KANAN,2,TAHAN,C4,sentral,kanan,56.652,59.415,3.263,2.763,ok,video,0.797,False,False,False,,,,
P06,AGEM KANAN,2,TAHAN,P4,parietal,kanan,56.652,59.415,3.263,2.763,ok,video,0.145,True,True,False,-6.865864360669818,-9.03639928795134,-6.1987662998160715,-7.064324369165817
P06,AGEM KANAN,2,TAHAN,O2,oksipital,kanan,56.652,59.415,3.263,2.763,ok,video,0.0,True,False,False,-0.39516885317723194,-1.7735293194745267,-2.142810382010353,-0.8548046709757315
P06,AGEM KANAN,2,TAHAN,F8,frontotemporal,kanan,56.652,59.415,3.263,2.763,ok,video,0.0,True,False,False,4.072493345940352,1.3256403886359713,3.0831977716372805,2.966381162986437
P06,AGEM KANAN,2,TAHAN,T4,temporal,kanan,56.652,59.415,3.263,2.763,ok,video,0.0,True,False,False,6.958893791215338,4.740754199548505,6.510842509088533,6.144456721528904
P06,AGEM KANAN,2,TAHAN,T6,temporo-posterior,kanan,56.652,59.415,3.263,2.763,ok,video,0.0,True,False,False,-1.2625395555699725,-3.5960767767221604,-4.292013157899262,-1.7001378337166742
P06,AGEM KANAN,2,NAIK,Fp1,frontopolar,kiri,59.757,60.184,0.611,0.428,ok,video,0.0,True,False,False,12.442725926500742,11.480951837580598,10.37699238680316,9.582250839640658
P06,AGEM KANAN,2,NAIK,F3,frontal,kiri,59.757,60.184,0.611,0.428,ok,video,0.0,True,False,False,-8.466999289735526,-8.291352240580547,-4.751879845732024,-10.92278461981574
P06,AGEM KANAN,2,NAIK,C3,sentral,kiri,59.757,60.184,0.611,0.428,ok,video,0.0,True,False,False,4.458085168727806,2.777934732324269,3.419284190630215,2.3283970028215926
P06,AGEM KANAN,2,NAIK,P3,parietal,kiri,59.757,60.184,0.611,0.428,ok,video,0.0,True,False,False,8.432003403400586,4.913076216747207,5.466847239279744,7.503970876548188
P06,AGEM KANAN,2,NAIK,O1,oksipital,kiri,59.757,60.184,0.611,0.428,ok,video,0.0,True,False,False,10.058145294918909,5.632414049458028,6.3251863355704,8.424288862787222
P06,AGEM KANAN,2,NAIK,F7,frontotemporal,kiri,59.757,60.184,0.611,0.428,ok,video,0.0,True,False,False,4.529751876957839,3.8599629715928003,6.410629975803957,2.6289188461375304
P06,AGEM KANAN,2,NAIK,T3,temporal,kiri,59.757,60.184,0.611,0.428,ok,video,0.0,True,False,False,4.2378766016046825,4.144782325340579,6.455154975135017,2.8191969905616077
P06,AGEM KANAN,2,NAIK,T5,temporo-posterior,kiri,59.757,60.184,0.611,0.428,ok,video,0.0,True,False,False,2.685671548167697,3.290557545355348,3.586039339166202,0.922259535964038
P06,AGEM KANAN,2,NAIK,Fp2,frontopolar,kanan,59.757,60.184,0.611,0.428,ok,video,0.0,True,False,False,10.094389393115161,9.384964936208391,10.65054726957019,6.782855719578247
P06,AGEM KANAN,2,NAIK,F4,frontal,kanan,59.757,60.184,0.611,0.428,ok,video,0.0,True,False,False,9.763766814140254,7.887027239600279,11.063891227381212,7.667335840397023
P06,AGEM KANAN,2,NAIK,C4,sentral,kanan,59.757,60.184,0.611,0.428,ok,video,0.0,True,False,False,2.558581298974204,5.368133253683737,4.044456279511234,2.676937217683946
P06,AGEM KANAN,2,NAIK,P4,parietal,kanan,59.757,60.184,0.611,0.428,ok,video,0.0,True,False,False,5.372207714592555,3.660560668387369,-0.5224006099918697,2.4274476121759108
P06,AGEM KANAN,2,NAIK,O2,oksipital,kanan,59.757,60.184,0.611,0.428,ok,video,0.0,True,False,False,6.609468629005761,5.965248402319709,3.9559179965402755,5.019843281409969
P06,AGEM KANAN,2,NAIK,F8,frontotemporal,kanan,59.757,60.184,0.611,0.428,ok,video,0.0,True,False,False,9.696954745916017,9.727913232209488,13.19346961366838,7.429682875621317
P06,AGEM KANAN,2,NAIK,T4,temporal,kanan,59.757,60.184,0.611,0.428,ok,video,0.0,True,False,False,6.888769221977697,9.492766699385271,5.747438445622073,5.220571559477946
P06,AGEM KANAN,2,NAIK,T6,temporo-posterior,kanan,59.757,60.184,0.611,0.428,ok,video,0.0,True,False,False,10.221747506292502,4.063482269256319,5.645610769028387,7.338570648400825
P06,AGEM KANAN,2,POST,Fp1,frontopolar,kiri,60.776,62.276,1.5,1.5,ok,video,0.0,True,False,False,8.691422787508507,6.839784884871733,2.7284926888055523,7.497543629349622
P06,AGEM KANAN,2,POST,F3,frontal,kiri,60.776,62.276,1.5,1.5,ok,video,0.0,True,False,False,-10.141665573538848,-9.105975558945769,-12.024483865337274,-12.826741749546748
P06,AGEM KANAN,2,POST,C3,sentral,kiri,60.776,62.276,1.5,1.5,ok,video,0.0,True,False,False,-0.9991800533984474,-1.4410309001461208,-5.372053557286726,-2.195749929066256
P06,AGEM KANAN,2,POST,P3,parietal,kiri,60.776,62.276,1.5,1.5,ok,video,0.0,True,False,False,2.4328231426721345,-1.074855319510732,0.01255356131615315,0.4075435478526259
P06,AGEM KANAN,2,POST,O1,oksipital,kiri,60.776,62.276,1.5,1.5,ok,video,0.0,True,False,False,2.657846327450187,-0.6043263113250745,-3.1688927349566143,1.4990841626786846
P06,AGEM KANAN,2,POST,F7,frontotemporal,kiri,60.776,62.276,1.5,1.5,ok,video,0.0,True,False,False,1.936169626650333,-1.089141043096319,-0.7176061368635125,1.306612067088345
P06,AGEM KANAN,2,POST,T3,temporal,kiri,60.776,62.276,1.5,1.5,ok,video,0.0,True,False,False,1.4478089061033188,0.22302868113978747,-1.8704041807270926,-0.5490760299471731
P06,AGEM KANAN,2,POST,T5,temporo-posterior,kiri,60.776,62.276,1.5,1.5,ok,video,0.0,True,False,False,-0.2009727368702201,-2.7129274237861694,-1.8470068411643616,-1.7923356996612014
P06,AGEM KANAN,2,POST,Fp2,frontopolar,kanan,60.776,62.276,1.5,1.5,ok,video,0.0,True,False,False,2.196055604411452,3.939177266612873,6.505459005928426,1.33491551909556
P06,AGEM KANAN,2,POST,F4,frontal,kanan,60.776,62.276,1.5,1.5,ok,video,0.0,True,False,False,6.845444010449405,5.6448800889780415,2.561980536191715,4.992716280756262
P06,AGEM KANAN,2,POST,C4,sentral,kanan,60.776,62.276,1.5,1.5,ok,video,0.0,True,False,False,11.619107379635402,8.435223655206919,4.082360579568025,10.267737361262686
P06,AGEM KANAN,2,POST,P4,parietal,kanan,60.776,62.276,1.5,1.5,ok,video,0.0,True,False,False,11.38786962993752,6.2626531632328195,3.3344892828031654,9.86497486727761
P06,AGEM KANAN,2,POST,O2,oksipital,kanan,60.776,62.276,1.5,1.5,ok,video,0.0,True,False,False,11.174297324802424,6.872472537431939,4.752786067796411,9.293234387491623
P06,AGEM KANAN,2,POST,F8,frontotemporal,kanan,60.776,62.276,1.5,1.5,ok,video,0.0,True,False,False,3.895907573894142,4.407390758056309,2.7110552436498487,2.1843572817534636
P06,AGEM KANAN,2,POST,T4,temporal,kanan,60.776,62.276,1.5,1.5,ok,video,0.0,True,False,False,2.4489419897257605,3.493088614184927,3.171774910162334,0.7942714327857772
P06,AGEM KANAN,2,POST,T6,temporo-posterior,kanan,60.776,62.276,1.5,1.5,ok,video,0.0,True,False,False,13.819473824095304,7.786853329356468,7.3105467811788145,11.52672446138557
P06,AGEM KIRI,1,PRA,Fp1,frontopolar,kiri,61.803,63.803,2.0,2.0,ok,video,0.0,True,False,False,-10.113688574310657,-6.644262875722259,-6.247494964540511,-9.695218852412395
P06,AGEM KIRI,1,PRA,F3,frontal,kiri,61.803,63.803,2.0,2.0,ok,video,0.0,True,False,False,-16.023511861162454,-15.583197662142712,-12.99512503286791,-16.20186348381099
P06,AGEM KIRI,1,PRA,C3,sentral,kiri,61.803,63.803,2.0,2.0,ok,video,0.0,True,False,False,-6.516607211169159,-6.800614754582227,-5.814342163851542,-5.272449651188502
P06,AGEM KIRI,1,PRA,P3,parietal,kiri,61.803,63.803,2.0,2.0,ok,video,0.0,True,False,False,-3.8079087946806425,-8.892451268966251,-5.191251768923191,-5.4568987604918675
P06,AGEM KIRI,1,PRA,O1,oksipital,kiri,61.803,63.803,2.0,2.0,ok,video,0.0,True,False,False,-4.843577138767127,-8.732331525158116,-5.306244094609159,-6.2333016136783925
P06,AGEM KIRI,1,PRA,F7,frontotemporal,kiri,61.803,63.803,2.0,2.0,ok,video,0.0,True,False,False,-8.527331831171711,-9.18393526352163,-7.8862533777317125,-7.073931670070554
P06,AGEM KIRI,1,PRA,T3,temporal,kiri,61.803,63.803,2.0,2.0,ok,video,0.0,True,False,False,-17.052403484781856,-15.637311182367945,-12.306423191593902,-16.191425218913498
P06,AGEM KIRI,1,PRA,T5,temporo-posterior,kiri,61.803,63.803,2.0,2.0,ok,video,0.0,True,False,False,-3.7622368111605695,-2.2180844620170674,-2.1510243301064023,-3.0423870284649865
P06,AGEM KIRI,1,PRA,Fp2,frontopolar,kanan,61.803,63.803,2.0,2.0,ok,video,0.0,True,False,False,-0.8322252093936662,-3.8034510083855047,-1.0195095469219773,-2.2353116829415143
P06,AGEM KIRI,1,PRA,F4,frontal,kanan,61.803,63.803,2.0,2.0,ok,video,0.0,True,False,False,-0.13055480961282484,-0.29068337553695756,-0.41784210460519944,-1.2447083508193515
P06,AGEM KIRI,1,PRA,C4,sentral,kanan,61.803,63.803,2.0,2.0,ok,video,0.0,True,False,False,4.4650573840985075,0.8426703067955756,2.465659901316787,3.253012379349716
P06,AGEM KIRI,1,PRA,P4,parietal,kanan,61.803,63.803,2.0,2.0,ok,video,0.0,True,False,False,2.059258795609992,0.7418985873408346,0.207036752447312,1.492474387886169
P06,AGEM KIRI,1,PRA,O2,oksipital,kanan,61.803,63.803,2.0,2.0,ok,video,0.0,True,False,False,0.6235781222928196,0.9423884332497181,3.3126367438766913,1.5765205907809587
P06,AGEM KIRI,1,PRA,F8,frontotemporal,kanan,61.803,63.803,2.0,2.0,ok,video,0.0,True,False,False,0.29904594782667004,-1.7413709702235671,-1.3299583101053223,-2.0940794252833896
P06,AGEM KIRI,1,PRA,T4,temporal,kanan,61.803,63.803,2.0,2.0,ok,video,0.0,True,False,False,0.258530157492622,-2.7279708910633502,0.5936429783563106,-1.8310172822755533
P06,AGEM KIRI,1,PRA,T6,temporo-posterior,kanan,61.803,63.803,2.0,2.0,ok,video,0.0,True,False,False,3.92686796271596,-0.3700025456280187,0.05091645983809556,3.284936412166793
P06,AGEM KIRI,1,TURUN,Fp1,frontopolar,kiri,71.081,72.064,1.403,0.982,ok,video,0.0,True,False,False,-8.252569537694956,-5.615871220833913,-0.7750880070715134,-3.654990295403252
P06,AGEM KIRI,1,TURUN,F3,frontal,kiri,71.081,72.064,1.403,0.982,ok,video,0.0,True,False,False,-7.956023417471364,-10.791832132566196,-7.320694500292262,-5.564466480007773
P06,AGEM KIRI,1,TURUN,C3,sentral,kiri,71.081,72.064,1.403,0.982,ok,video,0.0,True,False,False,-3.792757872147874,-5.34557277428042,-1.8417454808409985,-4.046867512008458
P06,AGEM KIRI,1,TURUN,P3,parietal,kiri,71.081,72.064,1.403,0.982,ok,video,0.0,True,False,False,4.068097635855452,3.9962442845171537,7.207487800682202,6.226813904226638
P06,AGEM KIRI,1,TURUN,O1,oksipital,kiri,71.081,72.064,1.403,0.982,ok,video,0.0,True,False,False,6.290995489230248,4.835784924059098,1.1413864060239156,5.927466106230938
P06,AGEM KIRI,1,TURUN,F7,frontotemporal,kiri,71.081,72.064,1.403,0.982,ok,video,0.0,True,False,False,-1.118917274119184,-4.224187896148472,-5.10999919502644,-2.719530537668316
P06,AGEM KIRI,1,TURUN,T3,temporal,kiri,71.081,72.064,1.403,0.982,ok,video,0.0,True,False,False,-9.02781957212574,-8.255184788103737,-5.880525908534715,-9.831344572064175
P06,AGEM KIRI,1,TURUN,T5,temporo-posterior,kiri,71.081,72.064,1.403,0.982,ok,video,0.0,True,False,False,1.594934046495517,0.3030799304471259,2.7260382817157804,3.3118308489923507
P06,AGEM KIRI,1,TURUN,Fp2,frontopolar,kanan,71.081,72.064,1.403,0.982,ok,video,0.0,True,False,False,-1.713056650110513,0.8752735962793778,4.0296626962225695,1.7401578484656035
P06,AGEM KIRI,1,TURUN,F4,frontal,kanan,71.081,72.064,1.403,0.982,ok,video,0.0,True,False,False,-5.078688945467192,-6.003408279696071,0.5653664010316213,-2.295938747395475
P06,AGEM KIRI,1,TURUN,C4,sentral,kanan,71.081,72.064,1.403,0.982,ok,video,0.0,True,False,False,-1.2171995604864279,-1.4082885339580073,2.0649174414510796,2.725165297802345
P06,AGEM KIRI,1,TURUN,P4,parietal,kanan,71.081,72.064,1.403,0.982,ok,video,0.0,True,False,False,0.7644921224606236,-1.509293989197868,0.42346815702290286,1.4929144216480594
P06,AGEM KIRI,1,TURUN,O2,oksipital,kanan,71.081,72.064,1.403,0.982,ok,video,0.0,True,False,False,5.689280877632179,5.084113260986847,5.427662446539639,7.522316480927785
P06,AGEM KIRI,1,TURUN,F8,frontotemporal,kanan,71.081,72.064,1.403,0.982,ok,video,0.0,True,False,False,0.0459640584531158,-3.5743367853117967,2.692332376102055,0.40743960495971265
P06,AGEM KIRI,1,TURUN,T4,temporal,kanan,71.081,72.064,1.403,0.982,ok,video,0.0,True,False,False,2.2910536451892654,-1.285282830402771,2.1048603551666467,2.4791656042734047
P06,AGEM KIRI,1,TURUN,T6,temporo-posterior,kanan,71.081,72.064,1.403,0.982,ok,video,0.0,True,False,False,2.5871075599578504,2.816071217161408,0.7704870290314503,5.318074599017514
P06,AGEM KIRI,1,TAHAN,Fp1,frontopolar,kiri,72.524,74.565,2.541,2.041,ok,video,0.0,True,False,False,7.092200477844919,3.2798536999978936,2.231261231666668,5.49245706619034
P06,AGEM KIRI,1,TAHAN,F3,frontal,kiri,72.524,74.565,2.541,2.041,ok,video,0.0,True,False,False,-2.0857376313461913,-7.748226059869101,-7.890192059554337,-5.32237469738299
P06,AGEM KIRI,1,TAHAN,C3,sentral,kiri,72.524,74.565,2.541,2.041,ok,video,0.0,True,False,False,7.466199748552945,2.2733560144526876,1.76264234904869,5.558690086271181
P06,AGEM KIRI,1,TAHAN,P3,parietal,kiri,72.524,74.565,2.541,2.041,ok,video,0.0,True,False,False,8.325110459325387,2.086808233818097,3.305671181680257,6.026422358004986
P06,AGEM KIRI,1,TAHAN,O1,oksipital,kiri,72.524,74.565,2.541,2.041,ok,video,0.0,True,False,False,7.409762304917116,3.0334337585780773,2.435121691306307,4.6945644679417455
P06,AGEM KIRI,1,TAHAN,F7,frontotemporal,kiri,72.524,74.565,2.541,2.041,ok,video,0.0,True,False,False,7.598564638828883,2.535469702746269,2.912561003710824,7.2658118039643895
P06,AGEM KIRI,1,TAHAN,T3,temporal,kiri,72.524,74.565,2.541,2.041,ok,video,0.0,True,False,False,4.2485771593629025,0.2888762228767163,-1.058989323698576,3.1439945778394573
P06,AGEM KIRI,1,TAHAN,T5,temporo-posterior,kiri,72.524,74.565,2.541,2.041,ok,video,0.0,True,False,False,8.53758083655405,6.662059302860847,4.861019506671475,9.491424410101914
P06,AGEM KIRI,1,TAHAN,Fp2,frontopolar,kanan,72.524,74.565,2.541,2.041,ok,video,0.0,True,False,False,5.287499334310372,-4.047754691542508,2.642723740329849,1.1385279911819701
P06,AGEM KIRI,1,TAHAN,F4,frontal,kanan,72.524,74.565,2.541,2.041,ok,video,0.49,False,False,False,,,,
P06,AGEM KIRI,1,TAHAN,C4,sentral,kanan,72.524,74.565,2.541,2.041,ok,video,0.152,True,True,False,3.917223693746827,1.5866611103704784,5.404573250648767,2.9625858456539014
P06,AGEM KIRI,1,TAHAN,P4,parietal,kanan,72.524,74.565,2.541,2.041,ok,video,0.0,True,False,False,5.154135963745311,2.144701026302002,4.1138156655531475,3.2896432200430397
P06,AGEM KIRI,1,TAHAN,O2,oksipital,kanan,72.524,74.565,2.541,2.041,ok,video,0.0,True,False,False,7.3108112951410575,3.8590382954361644,7.639015517719631,5.897961962351381
P06,AGEM KIRI,1,TAHAN,F8,frontotemporal,kanan,72.524,74.565,2.541,2.041,ok,video,0.0,True,False,False,3.928091670452659,-2.3067002968175068,2.7141939740491523,1.6877389203348656
P06,AGEM KIRI,1,TAHAN,T4,temporal,kanan,72.524,74.565,2.541,2.041,ok,video,0.0,True,False,False,6.392979705561977,1.0587955178223325,6.305290984714169,2.9947356376641565
P06,AGEM KIRI,1,TAHAN,T6,temporo-posterior,kanan,72.524,74.565,2.541,2.041,ok,video,0.0,True,False,False,7.482649966303079,0.8255027879075172,6.03686473979856,4.347776470715054
P06,AGEM KIRI,1,NAIK,Fp1,frontopolar,kiri,74.905,75.322,0.597,0.418,ok,video,0.0,True,False,False,10.348471133049436,7.76001639691075,4.2923290807812435,10.154114350934208
P06,AGEM KIRI,1,NAIK,F3,frontal,kiri,74.905,75.322,0.597,0.418,ok,video,0.0,True,False,False,7.0995431431875105,5.555058478048359,2.3282937302085003,5.220963969872642
P06,AGEM KIRI,1,NAIK,C3,sentral,kiri,74.905,75.322,0.597,0.418,ok,video,0.0,True,False,False,14.3687226266902,10.471009106624571,8.725833855838069,14.890692232059198
P06,AGEM KIRI,1,NAIK,P3,parietal,kiri,74.905,75.322,0.597,0.418,ok,video,0.0,True,False,False,13.476022325961068,9.655273181822508,9.614977083166615,13.357791121219464
P06,AGEM KIRI,1,NAIK,O1,oksipital,kiri,74.905,75.322,0.597,0.418,ok,video,0.0,True,False,False,12.293466814352506,8.914804857082054,8.161368826794032,12.582928118383606
P06,AGEM KIRI,1,NAIK,F7,frontotemporal,kiri,74.905,75.322,0.597,0.418,ok,video,0.0,True,False,False,11.796400313275498,9.765190183644542,7.812317214167464,11.120940846794248
P06,AGEM KIRI,1,NAIK,T3,temporal,kiri,74.905,75.322,0.597,0.418,ok,video,0.0,True,False,False,9.423726936422504,6.386531112754739,7.6150553343599015,10.148369384306463
P06,AGEM KIRI,1,NAIK,T5,temporo-posterior,kiri,74.905,75.322,0.597,0.418,ok,video,0.0,True,False,False,11.969888946367789,8.441372576530476,8.04048983273173,12.564690556166099
P06,AGEM KIRI,1,NAIK,Fp2,frontopolar,kanan,74.905,75.322,0.597,0.418,ok,video,0.0,True,False,False,-1.5257907717532397,1.049320067143345,6.423895863527193,1.0938049604284572
P06,AGEM KIRI,1,NAIK,F4,frontal,kanan,74.905,75.322,0.597,0.418,ok,video,0.833,False,False,False,,,,
P06,AGEM KIRI,1,NAIK,C4,sentral,kanan,74.905,75.322,0.597,0.418,ok,video,0.0,True,False,False,-6.027228635857387,-7.232467232706668,-0.011769188866736613,-4.583606521513087
P06,AGEM KIRI,1,NAIK,P4,parietal,kanan,74.905,75.322,0.597,0.418,ok,video,0.0,True,False,False,-2.823269799554531,-8.484346672372222,-3.858969783976484,-2.278306880896448
P06,AGEM KIRI,1,NAIK,O2,oksipital,kanan,74.905,75.322,0.597,0.418,ok,video,0.0,True,False,False,3.101750037348822,-1.9819017886071641,-0.5765828608773056,3.05806257971134
P06,AGEM KIRI,1,NAIK,F8,frontotemporal,kanan,74.905,75.322,0.597,0.418,ok,video,0.0,True,False,False,-4.060040048316239,-5.927134171511447,-0.2535563150979776,-1.149469990739103
P06,AGEM KIRI,1,NAIK,T4,temporal,kanan,74.905,75.322,0.597,0.418,ok,video,0.0,True,False,False,-1.225272783898106,1.5041609879827362,3.0009071431794894,1.4027274659963211
P06,AGEM KIRI,1,NAIK,T6,temporo-posterior,kanan,74.905,75.322,0.597,0.418,ok,video,0.0,True,False,False,-5.15166142762509,-5.064119973088772,-1.6247245175197378,-4.203922875040984
P06,AGEM KIRI,1,POST,Fp1,frontopolar,kiri,75.912,77.412,1.5,1.5,ok,video,0.0,True,False,False,5.614131757328423,5.926600758654963,7.099711395137497,7.344099200002873
P06,AGEM KIRI,1,POST,F3,frontal,kiri,75.912,77.412,1.5,1.5,ok,video,0.0,True,False,False,-4.034880568839867,-4.236294708849407,-2.7305094796963054,-2.296133538116372
P06,AGEM KIRI,1,POST,C3,sentral,kiri,75.912,77.412,1.5,1.5,ok,video,0.0,True,False,False,7.496579918382167,6.925206368452827,6.12447971987357,8.787502982255102
P06,AGEM KIRI,1,POST,P3,parietal,kiri,75.912,77.412,1.5,1.5,ok,video,0.0,True,False,False,6.4263292998256105,6.114351056266749,5.843414494928588,8.730810988064299
P06,AGEM KIRI,1,POST,O1,oksipital,kiri,75.912,77.412,1.5,1.5,ok,video,0.0,True,False,False,9.831691052836383,5.557662381682434,5.534520555673716,9.193550356964877
P06,AGEM KIRI,1,POST,F7,frontotemporal,kiri,75.912,77.412,1.5,1.5,ok,video,0.0,True,False,False,5.849058445708657,4.883566139311881,7.336210528305109,7.397113349443082
P06,AGEM KIRI,1,POST,T3,temporal,kiri,75.912,77.412,1.5,1.5,ok,video,0.0,True,False,False,2.488737789724162,1.9253024903821156,4.839131869295294,5.547101666323599
P06,AGEM KIRI,1,POST,T5,temporo-posterior,kiri,75.912,77.412,1.5,1.5,ok,video,0.0,True,False,False,4.610287990983672,4.68627892290575,3.690879517681765,6.4009929041830915
P06,AGEM KIRI,1,POST,Fp2,frontopolar,kanan,75.912,77.412,1.5,1.5,ok,video,0.0,True,False,False,2.532159287893215,1.0806990757739463,6.5742610442112515,0.8207012886359379
P06,AGEM KIRI,1,POST,F4,frontal,kanan,75.912,77.412,1.5,1.5,ok,video,0.0,True,False,False,-2.068492493864163,-4.309872331969661,0.4621303923488256,-3.4093061070760413
P06,AGEM KIRI,1,POST,C4,sentral,kanan,75.912,77.412,1.5,1.5,ok,video,0.0,True,False,False,4.554422939577329,0.5835137271134201,0.9302660738453064,2.048537888391717
P06,AGEM KIRI,1,POST,P4,parietal,kanan,75.912,77.412,1.5,1.5,ok,video,0.0,True,False,False,5.794100580127527,-1.0419385562524042,-3.367837494463082,2.8347676593389153
P06,AGEM KIRI,1,POST,O2,oksipital,kanan,75.912,77.412,1.5,1.5,ok,video,0.0,True,False,False,6.131973245012247,0.3420685608898495,-0.2035738225571997,3.1665510288861753
P06,AGEM KIRI,1,POST,F8,frontotemporal,kanan,75.912,77.412,1.5,1.5,ok,video,0.0,True,False,False,3.0253389506530155,0.6434221769225736,4.33563955536739,1.71537586308569
P06,AGEM KIRI,1,POST,T4,temporal,kanan,75.912,77.412,1.5,1.5,ok,video,0.0,True,False,False,5.216910512805079,2.5925430808593575,6.276839373794758,2.8980642046839122
P06,AGEM KIRI,1,POST,T6,temporo-posterior,kanan,75.912,77.412,1.5,1.5,ok,video,0.0,True,False,False,4.869190665544231,-0.20632280517219215,2.2531170817259287,3.7832056559325906
P06,AGEM KIRI,2,PRA,Fp1,frontopolar,kiri,78.01,80.01,2.0,2.0,ok,video,0.0,True,False,False,0.20532739884074402,3.79293623705162,2.398280089397975,-0.4209389234544929
P06,AGEM KIRI,2,PRA,F3,frontal,kiri,78.01,80.01,2.0,2.0,ok,video,0.0,True,False,False,-1.8096334305823945,0.23821570868719988,-1.7648886388463083,2.967433779108198
P06,AGEM KIRI,2,PRA,C3,sentral,kiri,78.01,80.01,2.0,2.0,ok,video,0.2,True,True,False,-3.026943698804537,-1.829279488597635,-3.069079383516403,-3.793915806539527
P06,AGEM KIRI,2,PRA,P3,parietal,kiri,78.01,80.01,2.0,2.0,ok,video,0.0,True,False,False,-3.562473611336017,-2.346184643665879,-1.405659559252726,-4.0882134084712725
P06,AGEM KIRI,2,PRA,O1,oksipital,kiri,78.01,80.01,2.0,2.0,ok,video,0.0,True,False,False,1.8535656231722797,1.9137086886213694,-2.4179477512877767,0.017959447370543558
P06,AGEM KIRI,2,PRA,F7,frontotemporal,kiri,78.01,80.01,2.0,2.0,ok,video,0.0,True,False,False,-2.3244320344903002,0.5850710328144473,-0.5992939526113048,-2.1958903884528667
P06,AGEM KIRI,2,PRA,T3,temporal,kiri,78.01,80.01,2.0,2.0,ok,video,0.0,True,False,False,-6.887318597725049,-4.015653673576505,-3.7586644190337353,-6.745173183760283
P06,AGEM KIRI,2,PRA,T5,temporo-posterior,kiri,78.01,80.01,2.0,2.0,ok,video,0.0,True,False,False,-3.429463824150652,-2.5819165246598708,-0.462342420655947,-3.4443944725644506
P06,AGEM KIRI,2,PRA,Fp2,frontopolar,kanan,78.01,80.01,2.0,2.0,ok,video,0.0,True,False,False,4.221266200705024,1.3032152523854883,6.110110151278452,4.103364228828102
P06,AGEM KIRI,2,PRA,F4,frontal,kanan,78.01,80.01,2.0,2.0,ok,video,0.0,True,False,False,6.82187551267738,2.315055632172779,4.314096990389089,7.413237797006104
P06,AGEM KIRI,2,PRA,C4,sentral,kanan,78.01,80.01,2.0,2.0,ok,video,0.0,True,False,False,7.604434312380555,4.406291220602533,4.246478505645747,7.452850936513233
P06,AGEM KIRI,2,PRA,P4,parietal,kanan,78.01,80.01,2.0,2.0,ok,video,0.0,True,False,False,7.068163118227247,2.2399750108598653,0.5633079190293238,4.145082413207781
P06,AGEM KIRI,2,PRA,O2,oksipital,kanan,78.01,80.01,2.0,2.0,ok,video,0.0,True,False,False,7.097113427051077,7.707816351917927,3.3378404616010577,7.128669307970213
P06,AGEM KIRI,2,PRA,F8,frontotemporal,kanan,78.01,80.01,2.0,2.0,ok,video,0.0,True,False,False,7.669794245832293,4.339652645674406,6.301882616810577,8.207905760075334
P06,AGEM KIRI,2,PRA,T4,temporal,kanan,78.01,80.01,2.0,2.0,ok,video,0.0,True,False,False,-4.419471831506442,-1.714671825027743,0.32963909212008247,-2.6861011476348153
P06,AGEM KIRI,2,PRA,T6,temporo-posterior,kanan,78.01,80.01,2.0,2.0,ok,video,0.0,True,False,False,5.7012930615962745,3.687081324853004,3.1554696603454495,4.536299635620807
P06,AGEM KIRI,2,TURUN,Fp1,frontopolar,kiri,87.244,88.091,1.209,0.846,ok,video,0.0,True,False,False,4.069839310449922,1.6734357285640087,4.424103958302073,3.739177486280262
P06,AGEM KIRI,2,TURUN,F3,frontal,kiri,87.244,88.091,1.209,0.846,ok,video,0.0,True,False,False,-5.968614782797474,-14.26300422114224,-8.488813688156405,-5.813513423681343
P06,AGEM KIRI,2,TURUN,C3,sentral,kiri,87.244,88.091,1.209,0.846,ok,video,0.0,True,False,False,-14.62255671244995,-8.458693259578322,-3.9136824420836263,-7.404653971222679
P06,AGEM KIRI,2,TURUN,P3,parietal,kiri,87.244,88.091,1.209,0.846,ok,video,0.0,True,False,False,-1.334459549365647,-7.205179100344022,-0.754532095074417,-2.1491774000026247
P06,AGEM KIRI,2,TURUN,O1,oksipital,kiri,87.244,88.091,1.209,0.846,ok,video,0.0,True,False,False,-2.275990172049994,-4.1360094982539835,-0.618376343670267,-3.0432165915894096
P06,AGEM KIRI,2,TURUN,F7,frontotemporal,kiri,87.244,88.091,1.209,0.846,ok,video,0.0,True,False,False,-3.5833175160100197,-6.130020737963239,-1.332538987379273,-4.434769245606617
P06,AGEM KIRI,2,TURUN,T3,temporal,kiri,87.244,88.091,1.209,0.846,ok,video,0.0,True,False,False,-8.122686865249566,-5.639039790655847,-5.0554480883052975,-7.090508243029738
P06,AGEM KIRI,2,TURUN,T5,temporo-posterior,kiri,87.244,88.091,1.209,0.846,ok,video,0.0,True,False,False,1.3654085339655708,-2.705854056492843,1.420574027129632,1.9788977376279604
P06,AGEM KIRI,2,TURUN,Fp2,frontopolar,kanan,87.244,88.091,1.209,0.846,ok,video,0.0,True,False,False,1.530556346304298,0.32040924135900894,0.814612472312529,1.3460419289861427
P06,AGEM KIRI,2,TURUN,F4,frontal,kanan,87.244,88.091,1.209,0.846,ok,video,0.0,True,False,False,-2.091460774126567,1.742146215851868,3.0202321689580316,-0.6721490791928844
P06,AGEM KIRI,2,TURUN,C4,sentral,kanan,87.244,88.091,1.209,0.846,ok,video,0.0,True,False,False,-2.114913732334891,5.014103027907211,5.09405027827729,1.7206951660761156
P06,AGEM KIRI,2,TURUN,P4,parietal,kanan,87.244,88.091,1.209,0.846,ok,video,0.0,True,False,False,0.551829945695026,3.2790334463650552,3.973124349186513,2.320380528499399
P06,AGEM KIRI,2,TURUN,O2,oksipital,kanan,87.244,88.091,1.209,0.846,ok,video,0.0,True,False,False,5.479769382049319,3.5521263233899987,4.073168491487731,3.037320220842439
P06,AGEM KIRI,2,TURUN,F8,frontotemporal,kanan,87.244,88.091,1.209,0.846,ok,video,0.0,True,False,False,-4.371862649486289,0.24848206287257923,-0.5979953165237788,-0.8656757537800459
P06,AGEM KIRI,2,TURUN,T4,temporal,kanan,87.244,88.091,1.209,0.846,ok,video,0.0,True,False,False,-7.970537756610582,0.2159623333091787,-0.29702874796161893,-3.244651117294808
P06,AGEM KIRI,2,TURUN,T6,temporo-posterior,kanan,87.244,88.091,1.209,0.846,ok,video,0.0,True,False,False,3.6887900174529875,4.36210293319413,4.825772300848328,4.462608306310663
P06,AGEM KIRI,2,TAHAN,Fp1,frontopolar,kiri,88.522,91.285,3.263,2.763,ok,video,0.0,True,False,False,5.968208004635905,5.319943655360518,5.200143215373995,6.44726173178902
P06,AGEM KIRI,2,TAHAN,F3,frontal,kiri,88.522,91.285,3.263,2.763,ok,video,0.0,True,False,False,-4.437587606927707,-4.997910615559352,-6.9148864527356615,-4.823616385743023
P06,AGEM KIRI,2,TAHAN,C3,sentral,kiri,88.522,91.285,3.263,2.763,ok,video,0.0,True,False,False,2.3962680245349546,1.1258406142856572,0.523423295109275,3.512426679990515
P06,AGEM KIRI,2,TAHAN,P3,parietal,kiri,88.522,91.285,3.263,2.763,ok,video,0.0,True,False,False,1.4088486326889296,0.30038683521459575,0.41851140617268356,2.8898884240206826
P06,AGEM KIRI,2,TAHAN,O1,oksipital,kiri,88.522,91.285,3.263,2.763,ok,video,0.0,True,False,False,2.7469936452816697,1.6716141997566183,0.7366676929004399,3.459986703975197
P06,AGEM KIRI,2,TAHAN,F7,frontotemporal,kiri,88.522,91.285,3.263,2.763,ok,video,0.0,True,False,False,5.820854798308801,4.277631175910045,3.2968292658665383,6.647600186703357
P06,AGEM KIRI,2,TAHAN,T3,temporal,kiri,88.522,91.285,3.263,2.763,ok,video,0.0,True,False,False,4.201670986636813,2.4100245625983163,2.699552005452592,5.304060030552428
P06,AGEM KIRI,2,TAHAN,T5,temporo-posterior,kiri,88.522,91.285,3.263,2.763,ok,video,0.0,True,False,False,2.1746454590265145,1.197733928314804,0.6627679565318516,4.587901981168365
P06,AGEM KIRI,2,TAHAN,Fp2,frontopolar,kanan,88.522,91.285,3.263,2.763,ok,video,0.0,True,False,False,-2.367834109044079,-2.4647286399886887,-1.0811704098897703,-3.0848085439799675
P06,AGEM KIRI,2,TAHAN,F4,frontal,kanan,88.522,91.285,3.263,2.763,ok,video,0.0,True,False,False,-8.558917082400253,-1.6137548657177092,-1.5495055387790728,-5.887414351039212
P06,AGEM KIRI,2,TAHAN,C4,sentral,kanan,88.522,91.285,3.263,2.763,ok,video,0.0,True,False,False,-4.012946470042436,-0.05262804540367583,-0.8971236057255112,-2.4060812404557232
P06,AGEM KIRI,2,TAHAN,P4,parietal,kanan,88.522,91.285,3.263,2.763,ok,video,0.0,True,False,False,-3.058700162876775,1.7993299647981544,0.8116952499247567,-0.8243420365507319
P06,AGEM KIRI,2,TAHAN,O2,oksipital,kanan,88.522,91.285,3.263,2.763,ok,video,0.0,True,False,False,-1.0900312512824613,2.5597214302342337,0.8819607454586418,0.533025961690555
P06,AGEM KIRI,2,TAHAN,F8,frontotemporal,kanan,88.522,91.285,3.263,2.763,ok,video,0.0,True,False,False,-5.375770400459082,-3.2939716739148075,-5.083735134243554,-6.475098890668832
P06,AGEM KIRI,2,TAHAN,T4,temporal,kanan,88.522,91.285,3.263,2.763,ok,video,0.0,True,False,False,-5.913059820023307,-3.354035920631887,-4.0330157596728355,-5.220760812535666
P06,AGEM KIRI,2,TAHAN,T6,temporo-posterior,kanan,88.522,91.285,3.263,2.763,ok,video,0.0,True,False,False,-2.259072261721805,2.3088541264470948,1.5658155424371927,-0.08480228427337977
P06,AGEM KIRI,2,NAIK,Fp1,frontopolar,kiri,91.616,91.996,0.542,0.379,ok,video,0.0,True,False,False,5.982935220252557,-1.0118106996894909,-2.3642550534725544,3.7165568686587136
P06,AGEM KIRI,2,NAIK,F3,frontal,kiri,91.616,91.996,0.542,0.379,ok,video,0.0,True,False,False,-1.3409016442678592,-10.620963612738468,-9.208667048810543,-4.670768894597998
P06,AGEM KIRI,2,NAIK,C3,sentral,kiri,91.616,91.996,0.542,0.379,ok,video,0.0,True,False,False,3.5224743908606584,-2.640202890956658,-0.645641706222186,2.57703990986408
P06,AGEM KIRI,2,NAIK,P3,parietal,kiri,91.616,91.996,0.542,0.379,ok,video,0.0,True,False,False,1.1036050671155095,3.5738660434872216,2.0713260521415506,1.780658390843712
P06,AGEM KIRI,2,NAIK,O1,oksipital,kiri,91.616,91.996,0.542,0.379,ok,video,0.0,True,False,False,-1.0849226319488992,0.8854724835267902,-1.6953174554039414,-0.3212499931196433
P06,AGEM KIRI,2,NAIK,F7,frontotemporal,kiri,91.616,91.996,0.542,0.379,ok,video,0.0,True,False,False,11.451427891707262,4.002776985985484,6.773206860853158,9.727730032053323
P06,AGEM KIRI,2,NAIK,T3,temporal,kiri,91.616,91.996,0.542,0.379,ok,video,0.0,True,False,False,6.957825147116679,-0.004242473111496281,-0.006252687477481089,7.155269109995324
P06,AGEM KIRI,2,NAIK,T5,temporo-posterior,kiri,91.616,91.996,0.542,0.379,ok,video,0.0,True,False,False,11.397904602268447,-0.2203899831455196,2.842896300824595,10.372241363913119
P06,AGEM KIRI,2,NAIK,Fp2,frontopolar,kanan,91.616,91.996,0.542,0.379,ok,video,0.0,True,False,False,-2.3933049925950876,-1.9042078392949051,-2.405565732187961,-2.1639069933907784
P06,AGEM KIRI,2,NAIK,F4,frontal,kanan,91.616,91.996,0.542,0.379,ok,video,0.0,True,False,False,-6.049739897545443,-9.845588269118451,-12.883310988668619,-8.378797232137437
P06,AGEM KIRI,2,NAIK,C4,sentral,kanan,91.616,91.996,0.542,0.379,ok,video,0.0,True,False,False,-9.15535746526773,-2.1159317681954093,-5.717923493606751,-5.623486320669876
P06,AGEM KIRI,2,NAIK,P4,parietal,kanan,91.616,91.996,0.542,0.379,ok,video,0.0,True,False,False,1.8060069214282848,0.6894951393614335,-3.497579620816829,-0.11420438705073366
P06,AGEM KIRI,2,NAIK,O2,oksipital,kanan,91.616,91.996,0.542,0.379,ok,video,0.0,True,False,False,8.318603943759179,2.0738537985309833,1.470839050364848,4.397231455059334
P06,AGEM KIRI,2,NAIK,F8,frontotemporal,kanan,91.616,91.996,0.542,0.379,ok,video,0.0,True,False,False,0.4319444814873563,-8.415742868201018,-3.607768105485569,-3.49568850691648
P06,AGEM KIRI,2,NAIK,T4,temporal,kanan,91.616,91.996,0.542,0.379,ok,video,0.0,True,False,False,0.16565183663578154,2.2014816558219223,-1.5341017120859917,-0.856156813436364
P06,AGEM KIRI,2,NAIK,T6,temporo-posterior,kanan,91.616,91.996,0.542,0.379,ok,video,0.0,True,False,False,-0.5275823721164841,-1.9287250266977658,-4.079522294858933,-0.388721716846014
P06,AGEM KIRI,2,POST,Fp1,frontopolar,kiri,92.577,94.077,1.5,1.5,ok,video,0.0,True,False,False,5.4254340885708245,7.2155897243865255,3.925839331788012,3.7330925914168347
P06,AGEM KIRI,2,POST,F3,frontal,kiri,92.577,94.077,1.5,1.5,ok,video,0.0,True,False,False,2.1523234548082186,2.474964251868201,-1.6449848957967887,-1.308134687081015
P06,AGEM KIRI,2,POST,C3,sentral,kiri,92.577,94.077,1.5,1.5,ok,video,0.0,True,False,False,12.194007549332646,10.39516335220965,7.8647197441338506,10.42712325841799
P06,AGEM KIRI,2,POST,P3,parietal,kiri,92.577,94.077,1.5,1.5,ok,video,0.0,True,False,False,13.225372350897928,10.593880923893579,9.973532274648285,10.96253446363368
P06,AGEM KIRI,2,POST,O1,oksipital,kiri,92.577,94.077,1.5,1.5,ok,video,0.0,True,False,False,11.726068771057804,8.89178400441262,8.66724591595628,9.803009990126476
P06,AGEM KIRI,2,POST,F7,frontotemporal,kiri,92.577,94.077,1.5,1.5,ok,video,0.0,True,False,False,8.658765693707537,8.283403820078483,5.73333277347869,7.793676195445535
P06,AGEM KIRI,2,POST,T3,temporal,kiri,92.577,94.077,1.5,1.5,ok,video,0.0,True,False,False,6.7182639444573695,6.379314119525844,3.573517628589542,5.1269137086875745
P06,AGEM KIRI,2,POST,T5,temporo-posterior,kiri,92.577,94.077,1.5,1.5,ok,video,0.0,True,False,False,7.8326030705806104,12.239909274967282,9.305470104683891,8.362689250653958
P06,AGEM KIRI,2,POST,Fp2,frontopolar,kanan,92.577,94.077,1.5,1.5,ok,video,0.0,True,False,False,2.7129700380063575,5.215063059100867,4.565329615282234,3.627343694163745
P06,AGEM KIRI,2,POST,F4,frontal,kanan,92.577,94.077,1.5,1.5,ok,video,0.28,True,True,False,-0.20236648148083702,-3.0071706147667356,-3.5736781166196323,-3.02855834615913
P06,AGEM KIRI,2,POST,C4,sentral,kanan,92.577,94.077,1.5,1.5,ok,video,0.0,True,False,False,3.7439570835482243,1.1096971905995048,-1.9968762492730683,1.5855698444476225
P06,AGEM KIRI,2,POST,P4,parietal,kanan,92.577,94.077,1.5,1.5,ok,video,0.0,True,False,False,5.3802445789201485,1.289976895203047,-0.8084334916863618,4.213138973338559
P06,AGEM KIRI,2,POST,O2,oksipital,kanan,92.577,94.077,1.5,1.5,ok,video,0.0,True,False,False,13.41255348724902,6.28827539103812,3.9891042187245667,10.383729929607298
P06,AGEM KIRI,2,POST,F8,frontotemporal,kanan,92.577,94.077,1.5,1.5,ok,video,0.0,True,False,False,4.248678217878009,5.392526617079653,6.094460331119148,4.786656052116307
P06,AGEM KIRI,2,POST,T4,temporal,kanan,92.577,94.077,1.5,1.5,ok,video,0.0,True,False,False,3.5863869331701324,6.609618717526665,6.284717799460957,4.901693322787942
P06,AGEM KIRI,2,POST,T6,temporo-posterior,kanan,92.577,94.077,1.5,1.5,ok,video,0.0,True,False,False,7.2820117432532285,3.3150381550628296,1.8806634871889898,4.593255145781804
P06,NGEED,3,PRA,Fp1,frontopolar,kiri,271.806,273.806,2.0,2.0,ok,video,0.0,True,False,False,8.823265095306816,6.20779164959621,6.454751940029013,9.588555713122766
P06,NGEED,3,PRA,F3,frontal,kiri,271.806,273.806,2.0,2.0,ok,video,0.0,True,False,False,2.788255918667744,0.7397305341558251,2.570316124846393,4.145847060480428
P06,NGEED,3,PRA,C3,sentral,kiri,271.806,273.806,2.0,2.0,ok,video,0.075,True,False,False,-5.0467856542168015,-2.9399677283285577,-1.905340383388694,-1.1876822995422742
P06,NGEED,3,PRA,P3,parietal,kiri,271.806,273.806,2.0,2.0,ok,video,0.0,True,False,False,-5.3356604763561,-7.020890137998617,-5.642668151476201,-5.062698055726074
P06,NGEED,3,PRA,O1,oksipital,kiri,271.806,273.806,2.0,2.0,ok,video,0.375,True,True,False,-7.148668918222121,-8.732469904467344,-8.301805825992382,-7.056031100395238
P06,NGEED,3,PRA,F7,frontotemporal,kiri,271.806,273.806,2.0,2.0,ok,video,0.0,True,False,False,3.8659910977845016,-0.6314702121927098,3.555130096681669,3.5051541241139503
P06,NGEED,3,PRA,T3,temporal,kiri,271.806,273.806,2.0,2.0,ok,video,0.175,True,True,False,2.3914164603655337,1.9051245158745758,2.5750069316207274,3.2655364905322273
P06,NGEED,3,PRA,T5,temporo-posterior,kiri,271.806,273.806,2.0,2.0,ok,video,0.075,True,False,False,1.4790644387860112,1.0743044999087914,-0.1333705466708679,1.787589409238521
P06,NGEED,3,PRA,Fp2,frontopolar,kanan,271.806,273.806,2.0,2.0,ok,video,0.0,True,False,False,5.451590001255884,5.448792105120809,7.800633131676111,6.217791284204353
P06,NGEED,3,PRA,F4,frontal,kanan,271.806,273.806,2.0,2.0,ok,video,0.0,True,False,False,3.1490760645332045,6.69802889117647,4.511287679237029,5.654052225981481
P06,NGEED,3,PRA,C4,sentral,kanan,271.806,273.806,2.0,2.0,ok,video,0.0,True,False,False,3.9311482689140647,6.288463842340164,3.4617478864799693,5.8072715343310115
P06,NGEED,3,PRA,P4,parietal,kanan,271.806,273.806,2.0,2.0,ok,video,0.0,True,False,False,3.387329032991971,3.122387491408311,0.6279235942684807,3.968559146265278
P06,NGEED,3,PRA,O2,oksipital,kanan,271.806,273.806,2.0,2.0,ok,video,0.0,True,False,False,1.568827426431163,2.3759589015115523,3.217161062063944,1.8472675513486223
P06,NGEED,3,PRA,F8,frontotemporal,kanan,271.806,273.806,2.0,2.0,ok,video,0.0,True,False,False,4.103787793146907,5.438609880519927,6.657100982076184,6.817588643313819
P06,NGEED,3,PRA,T4,temporal,kanan,271.806,273.806,2.0,2.0,ok,video,0.0,True,False,False,3.2800950323833646,-1.8851697279474777,4.868278004497142,3.1683827021087154
P06,NGEED,3,PRA,T6,temporo-posterior,kanan,271.806,273.806,2.0,2.0,ok,video,0.0,True,False,False,3.9960593923481937,4.861524240597021,6.3053153964373365,4.471910978445507
P06,NGEED,3,TURUN,Fp1,frontopolar,kiri,280.179,280.695,0.736,0.515,ok,video,0.0,True,False,False,-0.3012910110989253,-2.9432990265377335,-6.584872875561317,-0.900811103934501
P06,NGEED,3,TURUN,F3,frontal,kiri,280.179,280.695,0.736,0.515,ok,video,0.0,True,False,False,-14.770534164517027,-14.265292791317147,-11.66565239064089,-14.030945864746958
P06,NGEED,3,TURUN,C3,sentral,kiri,280.179,280.695,0.736,0.515,ok,video,0.0,True,False,False,-13.909045055626496,-9.596964467288903,-9.500831600775602,-10.615508866866342
P06,NGEED,3,TURUN,P3,parietal,kiri,280.179,280.695,0.736,0.515,ok,video,0.0,True,False,False,-8.719641248424484,-10.31980216462825,-6.613465686462593,-7.564040435305543
P06,NGEED,3,TURUN,O1,oksipital,kiri,280.179,280.695,0.736,0.515,ok,video,0.0,True,False,False,-8.555124516886568,-5.398899590151569,-8.153256060659064,-5.897955654717773
P06,NGEED,3,TURUN,F7,frontotemporal,kiri,280.179,280.695,0.736,0.515,ok,video,0.0,True,False,False,3.5358453657719124,10.217088565251508,9.809110560019796,5.620756549273061
P06,NGEED,3,TURUN,T3,temporal,kiri,280.179,280.695,0.736,0.515,ok,video,0.0,True,False,False,-3.5881805640889652,-6.502620709364308,-3.2884419232354,-1.2831762425755073
P06,NGEED,3,TURUN,T5,temporo-posterior,kiri,280.179,280.695,0.736,0.515,ok,video,0.0,True,False,False,0.6291734847317372,-1.2741242875489789,5.476149360243234,2.9248083017633846
P06,NGEED,3,TURUN,Fp2,frontopolar,kanan,280.179,280.695,0.736,0.515,ok,video,0.0,True,False,False,1.5497421060054108,7.53749078721323,10.042583756453254,2.571305976822014
P06,NGEED,3,TURUN,F4,frontal,kanan,280.179,280.695,0.736,0.515,ok,video,0.0,True,False,False,-1.3822776395471266,3.515691197606216,3.0341864551562736,-0.9076406343649523
P06,NGEED,3,TURUN,C4,sentral,kanan,280.179,280.695,0.736,0.515,ok,video,0.0,True,False,False,1.548113540307142,3.122779779553916,7.9720410089244,3.2671422695388124
P06,NGEED,3,TURUN,P4,parietal,kanan,280.179,280.695,0.736,0.515,ok,video,0.0,True,False,False,3.8034386751625675,5.1564825459466235,4.506208984643457,3.754780422455397
P06,NGEED,3,TURUN,O2,oksipital,kanan,280.179,280.695,0.736,0.515,ok,video,0.0,True,False,False,4.055005376514558,4.988790389468981,5.084251817083977,3.78865051953985
P06,NGEED,3,TURUN,F8,frontotemporal,kanan,280.179,280.695,0.736,0.515,ok,video,0.0,True,False,False,2.264818970169074,5.881649920653928,6.07969709582807,1.1282560692178087
P06,NGEED,3,TURUN,T4,temporal,kanan,280.179,280.695,0.736,0.515,ok,video,0.0,True,False,False,5.184269401186171,7.505272644762137,8.504145081190345,3.7587899046938844
P06,NGEED,3,TURUN,T6,temporo-posterior,kanan,280.179,280.695,0.736,0.515,ok,video,0.0,True,False,False,1.7603092484224874,3.939752730547248,8.307100313604714,4.2289376329952475
P06,NGEED,3,TAHAN,Fp1,frontopolar,kiri,281.055,283.679,3.124,2.624,ok,video,0.153,True,True,False,-3.2894133110668378,-3.9531464948570196,-2.691890335294449,-5.1039604238889495
P06,NGEED,3,TAHAN,F3,frontal,kiri,281.055,283.679,3.124,2.624,ok,video,0.0,True,False,False,-18.574233511254665,-16.557908121047667,-10.406142175298363,-16.21378850096444
P06,NGEED,3,TAHAN,C3,sentral,kiri,281.055,283.679,3.124,2.624,ok,video,0.0,True,False,False,-11.698030256104062,-2.294000846246277,2.2518813338309087,-4.151955591511509
P06,NGEED,3,TAHAN,P3,parietal,kiri,281.055,283.679,3.124,2.624,ok,video,0.0,True,False,False,-9.1562871384055,-2.2562873185605383,1.6877739339199955,-4.8253936492033205
P06,NGEED,3,TAHAN,O1,oksipital,kiri,281.055,283.679,3.124,2.624,ok,video,0.0,True,False,False,-7.691771511455141,1.6738863307888678,3.0570132488578707,-1.2673204855118527
P06,NGEED,3,TAHAN,F7,frontotemporal,kiri,281.055,283.679,3.124,2.624,ok,video,0.0,True,False,False,-7.060091776616275,-2.087736092819913,-0.6264687256451467,-5.4911271359916505
P06,NGEED,3,TAHAN,T3,temporal,kiri,281.055,283.679,3.124,2.624,ok,video,0.0,True,False,False,-16.009351146030458,-13.051032832239049,-3.184609704339607,-11.271749002709534
P06,NGEED,3,TAHAN,T5,temporo-posterior,kiri,281.055,283.679,3.124,2.624,ok,video,0.0,True,False,False,-12.054425795314195,-9.277354278822155,0.055117580195208404,-7.453209915786232
P06,NGEED,3,TAHAN,Fp2,frontopolar,kanan,281.055,283.679,3.124,2.624,ok,video,0.16,True,True,False,1.8799101174500485,0.9358400661514672,2.8484410858786546,1.7180827879315999
P06,NGEED,3,TAHAN,F4,frontal,kanan,281.055,283.679,3.124,2.624,ok,video,0.695,False,False,False,,,,
P06,NGEED,3,TAHAN,C4,sentral,kanan,281.055,283.679,3.124,2.624,ok,video,0.771,False,False,False,,,,
P06,NGEED,3,TAHAN,P4,parietal,kanan,281.055,283.679,3.124,2.624,ok,video,0.466,True,True,False,-0.1563511777231028,-1.6540748981331106,-0.7522027920579788,0.31212928203949986
P06,NGEED,3,TAHAN,O2,oksipital,kanan,281.055,283.679,3.124,2.624,ok,video,0.0,True,False,False,3.7797964673248785,3.458933792086725,1.997976189286721,2.8110376407223256
P06,NGEED,3,TAHAN,F8,frontotemporal,kanan,281.055,283.679,3.124,2.624,ok,video,0.0,True,False,False,-2.5087045982710485,0.2648587126678983,1.0585105114890325,-0.287485442269066
P06,NGEED,3,TAHAN,T4,temporal,kanan,281.055,283.679,3.124,2.624,ok,video,0.0,True,False,False,1.0421830106766947,0.17018416365012,2.7313696744549922,2.5936758472705534
P06,NGEED,3,TAHAN,T6,temporo-posterior,kanan,281.055,283.679,3.124,2.624,ok,video,0.0,True,False,False,3.1752247709993284,3.197946904122219,1.7836448328062389,1.8413168415793706
P06,NGEED,3,NAIK,Fp1,frontopolar,kiri,284.039,284.555,0.736,0.515,ok,video,0.423,False,False,False,,,,
P06,NGEED,3,NAIK,F3,frontal,kiri,284.039,284.555,0.736,0.515,ok,video,0.0,True,False,False,-6.816873423323315,-6.04376941352599,-11.249812745160892,-9.210086841862086
P06,NGEED,3,NAIK,C3,sentral,kiri,284.039,284.555,0.736,0.515,ok,video,0.0,True,False,False,1.7662582694816251,5.983420006253063,5.976530249699948,3.567465906702001
P06,NGEED,3,NAIK,P3,parietal,kiri,284.039,284.555,0.736,0.515,ok,video,0.0,True,False,False,5.381377096787986,5.42948131538553,6.2754652656559635,4.142464462054257
P06,NGEED,3,NAIK,O1,oksipital,kiri,284.039,284.555,0.736,0.515,ok,video,0.0,True,False,False,2.012941229386179,7.1120786381543155,7.366055403377025,5.06015959160208
P06,NGEED,3,NAIK,F7,frontotemporal,kiri,284.039,284.555,0.736,0.515,ok,video,0.0,True,False,False,1.5945515861293984,2.1034696847723424,0.7245845497464103,-0.5548759007641664
P06,NGEED,3,NAIK,T3,temporal,kiri,284.039,284.555,0.736,0.515,ok,video,0.0,True,False,False,3.2444275124595237,1.9048097023096062,-3.060778345093002,1.1281305208626051
P06,NGEED,3,NAIK,T5,temporo-posterior,kiri,284.039,284.555,0.736,0.515,ok,video,0.0,True,False,False,-1.5617805661656519,3.2148760285286997,5.313705552332447,-0.31419419740568344
P06,NGEED,3,NAIK,Fp2,frontopolar,kanan,284.039,284.555,0.736,0.515,ok,video,0.038,True,False,False,-0.6434502760434526,-1.6211058539661245,2.0826198595676786,-0.15566994301093828
P06,NGEED,3,NAIK,F4,frontal,kanan,284.039,284.555,0.736,0.515,ok,video,1.0,False,False,False,,,,
P06,NGEED,3,NAIK,C4,sentral,kanan,284.039,284.555,0.736,0.515,ok,video,1.0,False,False,False,,,,
P06,NGEED,3,NAIK,P4,parietal,kanan,284.039,284.555,0.736,0.515,ok,video,0.423,False,False,False,,,,
P06,NGEED,3,NAIK,O2,oksipital,kanan,284.039,284.555,0.736,0.515,ok,video,0.0,True,False,False,0.058425447775576345,3.223399267030686,1.308411678745646,-0.04356671991671135
P06,NGEED,3,NAIK,F8,frontotemporal,kanan,284.039,284.555,0.736,0.515,ok,video,0.0,True,False,False,-2.0455671849171253,1.7763872384392059,2.1610284739933583,-2.389478061069994
P06,NGEED,3,NAIK,T4,temporal,kanan,284.039,284.555,0.736,0.515,ok,video,0.0,True,False,False,2.0221302859089008,-2.436054650985014,3.48415484611661,1.8667249103732146
P06,NGEED,3,NAIK,T6,temporo-posterior,kanan,284.039,284.555,0.736,0.515,ok,video,0.0,True,False,False,-5.021729929318262,1.381349496888987,0.8934279754799128,-2.6576038934895188
P06,NGEED,3,POST,Fp1,frontopolar,kiri,285.165,286.665,1.5,1.5,ok,video,0.0,True,False,False,2.283877508180005,3.6020044335146864,7.464462611270903,5.034461606701527
P06,NGEED,3,POST,F3,frontal,kiri,285.165,286.665,1.5,1.5,ok,video,0.14,True,True,False,-3.2983435343034984,-4.932771766849044,-1.5220878842942014,-3.5229184123811663
P06,NGEED,3,POST,C3,sentral,kiri,285.165,286.665,1.5,1.5,ok,video,0.0,True,False,False,4.006841306504569,3.6162611888060425,7.446241593885517,5.950830836991575
P06,NGEED,3,POST,P3,parietal,kiri,285.165,286.665,1.5,1.5,ok,video,0.0,True,False,False,5.1792301055704115,2.968357247048715,8.082102165183088,6.081654076806572
P06,NGEED,3,POST,O1,oksipital,kiri,285.165,286.665,1.5,1.5,ok,video,0.0,True,False,False,6.927886251060862,5.385904522186884,8.452244328202553,7.36928438101647
P06,NGEED,3,POST,F7,frontotemporal,kiri,285.165,286.665,1.5,1.5,ok,video,0.0,True,False,False,0.7760152365587061,2.5552950433883908,5.728737163535978,3.4949272723772893
P06,NGEED,3,POST,T3,temporal,kiri,285.165,286.665,1.5,1.5,ok,video,0.007,True,False,False,3.0665026678631264,2.2721730585805346,7.682330044661747,4.9434315131545645
P06,NGEED,3,POST,T5,temporo-posterior,kiri,285.165,286.665,1.5,1.5,ok,video,0.0,True,False,False,2.1402561462915344,3.399486876671965,7.1750258557277995,4.3706857412391855
P06,NGEED,3,POST,Fp2,frontopolar,kanan,285.165,286.665,1.5,1.5,ok,video,0.0,True,False,False,-1.4991803788087665,-0.2690946138997745,4.198488423756004,-1.6449441517645234
P06,NGEED,3,POST,F4,frontal,kanan,285.165,286.665,1.5,1.5,ok,video,0.327,True,True,False,-6.865429509154488,-3.970221727245942,-4.90672085632454,-6.1690190303248755
P06,NGEED,3,POST,C4,sentral,kanan,285.165,286.665,1.5,1.5,ok,video,0.327,True,True,False,-4.18325004831415,-2.7863841910161256,-0.9368652696937794,-4.2045535236738125
P06,NGEED,3,POST,P4,parietal,kanan,285.165,286.665,1.5,1.5,ok,video,0.0,True,False,False,-4.512069387518153,-2.8060855652869137,-1.7400262309359746,-4.758065376650762
P06,NGEED,3,POST,O2,oksipital,kanan,285.165,286.665,1.5,1.5,ok,video,0.0,True,False,False,-2.831647402612532,-1.2832008966705146,0.9668636134928086,-2.814822494528329
P06,NGEED,3,POST,F8,frontotemporal,kanan,285.165,286.665,1.5,1.5,ok,video,0.0,True,False,False,-0.1865589967835959,-1.8980361524665987,0.008971973073048645,-2.09695233726832
P06,NGEED,3,POST,T4,temporal,kanan,285.165,286.665,1.5,1.5,ok,video,0.0,True,False,False,0.42157295347130486,-2.1114850434739196,3.6895047205013256,-1.9975132008812793
P06,NGEED,3,POST,T6,temporo-posterior,kanan,285.165,286.665,1.5,1.5,ok,video,0.0,True,False,False,-1.2770404862793825,3.019033911416372,3.721907156159496,0.20393750057123583
P06,NGEED,4,PRA,Fp1,frontopolar,kiri,286.47,288.47,2.0,2.0,ok,video,0.0,True,False,False,-0.824183555326627,-4.705198430378992,-4.2898903627871405,-1.6043929839438817
P06,NGEED,4,PRA,F3,frontal,kiri,286.47,288.47,2.0,2.0,ok,video,1.0,False,False,False,,,,
P06,NGEED,4,PRA,C3,sentral,kiri,286.47,288.47,2.0,2.0,ok,video,0.01,True,False,False,-7.49893306587812,-10.455256601436322,-7.200125635758106,-6.348933125247637
P06,NGEED,4,PRA,P3,parietal,kiri,286.47,288.47,2.0,2.0,ok,video,0.0,True,False,False,-1.756337580083482,-5.249621310603793,-3.9739251854833455,-3.2125128051279113
P06,NGEED,4,PRA,O1,oksipital,kiri,286.47,288.47,2.0,2.0,ok,video,0.0,True,False,False,-1.540473979470022,0.26676630677474833,-3.0482113349191273,-1.4389650412018824
P06,NGEED,4,PRA,F7,frontotemporal,kiri,286.47,288.47,2.0,2.0,ok,video,0.0,True,False,False,-6.878543562569092,-14.147395424671686,-8.728370210102636,-8.522630316085248
P06,NGEED,4,PRA,T3,temporal,kiri,286.47,288.47,2.0,2.0,ok,video,0.91,False,False,False,,,,
P06,NGEED,4,PRA,T5,temporo-posterior,kiri,286.47,288.47,2.0,2.0,ok,video,0.2,True,True,False,-13.600589664873887,-9.380737999610645,-8.92993746638322,-12.276101988395151
P06,NGEED,4,PRA,Fp2,frontopolar,kanan,286.47,288.47,2.0,2.0,ok,video,0.0,True,False,False,0.44630261322289755,-1.2596972993441042,1.4890376047529958,0.4152855866754095
P06,NGEED,4,PRA,F4,frontal,kanan,286.47,288.47,2.0,2.0,ok,video,0.0,True,False,False,-1.8279438407669844,-0.7020079625999998,-2.068840645844638,-3.6550624106436693
P06,NGEED,4,PRA,C4,sentral,kanan,286.47,288.47,2.0,2.0,ok,video,0.0,True,False,False,0.7129359736064842,0.9230312239382172,1.4677976327025881,1.1789109301428589
P06,NGEED,4,PRA,P4,parietal,kanan,286.47,288.47,2.0,2.0,ok,video,0.0,True,False,False,3.6515104596656087,-0.016421788677973836,-0.48517183746039194,1.812764095492767
P06,NGEED,4,PRA,O2,oksipital,kanan,286.47,288.47,2.0,2.0,ok,video,0.0,True,False,False,-4.621503324975695,-1.1395093206627394,-1.3403524438920016,-2.3193310361679984
P06,NGEED,4,PRA,F8,frontotemporal,kanan,286.47,288.47,2.0,2.0,ok,video,0.0,True,False,False,-1.9690448140804406,-2.772338824742665,0.14515474199998835,-2.0369413452102485
P06,NGEED,4,PRA,T4,temporal,kanan,286.47,288.47,2.0,2.0,ok,video,0.0,True,False,False,1.7729030547310956,-1.3941637199795593,-0.35260375549458445,-0.7097967806124288
P06,NGEED,4,PRA,T6,temporo-posterior,kanan,286.47,288.47,2.0,2.0,ok,video,0.0,True,False,False,0.4644918006939136,0.6941496054144665,0.4439114343521915,0.4835182454284066
P06,NGEED,4,TURUN,Fp1,frontopolar,kiri,295.818,296.801,1.403,0.982,ok,video,0.0,True,False,False,-2.869778803496118,-8.198545171689354,-5.413177543303355,-5.383195039906241
P06,NGEED,4,TURUN,F3,frontal,kiri,295.818,296.801,1.403,0.982,ok,video,0.606,False,False,False,,,,
P06,NGEED,4,TURUN,C3,sentral,kiri,295.818,296.801,1.403,0.982,ok,video,0.0,True,False,False,-2.6143809979242363,-2.3719302553998425,1.018315776282499,-1.6815959763208923
P06,NGEED,4,TURUN,P3,parietal,kiri,295.818,296.801,1.403,0.982,ok,video,0.0,True,False,False,-2.946521989626909,-1.8484340483762374,0.6533527511410746,-3.2694349759702774
P06,NGEED,4,TURUN,O1,oksipital,kiri,295.818,296.801,1.403,0.982,ok,video,0.0,True,False,False,0.7393497533366187,4.404536243241971,4.515950676892885,1.7883433786869674
P06,NGEED,4,TURUN,F7,frontotemporal,kiri,295.818,296.801,1.403,0.982,ok,video,0.0,True,False,False,-4.223784672099967,-5.7943235168957585,-4.804176927941793,-3.358921368954288
P06,NGEED,4,TURUN,T3,temporal,kiri,295.818,296.801,1.403,0.982,ok,video,0.0,True,False,False,-18.18078119203009,-21.561714304858917,-14.163579047804843,-15.258896136343978
P06,NGEED,4,TURUN,T5,temporo-posterior,kiri,295.818,296.801,1.403,0.982,ok,video,0.0,True,False,False,-6.78691060809037,-6.039881468012943,-4.350721483641639,-5.465688996014688
P06,NGEED,4,TURUN,Fp2,frontopolar,kanan,295.818,296.801,1.403,0.982,ok,video,0.0,True,False,False,7.3783710706856915,10.014982900006185,10.908949612517947,5.317335423786954
P06,NGEED,4,TURUN,F4,frontal,kanan,295.818,296.801,1.403,0.982,ok,video,0.0,True,False,False,9.282181169979111,11.0222575801995,9.70768843062936,7.625382663338691
P06,NGEED,4,TURUN,C4,sentral,kanan,295.818,296.801,1.403,0.982,ok,video,0.242,True,True,False,-3.753111055738586,-3.8129209003501003,-3.3378806856514913,-3.2713143436300562
P06,NGEED,4,TURUN,P4,parietal,kanan,295.818,296.801,1.403,0.982,ok,video,0.0,True,False,False,0.2754394043083792,-2.087601955417014,-4.716615450423188,-0.4297248628165491
P06,NGEED,4,TURUN,O2,oksipital,kanan,295.818,296.801,1.403,0.982,ok,video,0.0,True,False,False,-1.4537011321801643,1.1188730892814291,0.5125919690082021,-0.005118803961600804
P06,NGEED,4,TURUN,F8,frontotemporal,kanan,295.818,296.801,1.403,0.982,ok,video,0.0,True,False,False,10.293544054800876,12.533857945844048,11.438789517948276,7.933441624367347
P06,NGEED,4,TURUN,T4,temporal,kanan,295.818,296.801,1.403,0.982,ok,video,0.0,True,False,False,-2.1535628184146205,0.03240374874809504,-1.1088341586705859,-4.533335572297382
P06,NGEED,4,TURUN,T6,temporo-posterior,kanan,295.818,296.801,1.403,0.982,ok,video,0.0,True,False,False,1.3529082666126158,2.200869549752582,1.9873393619720687,0.6379707346626944
P06,NGEED,4,TAHAN,Fp1,frontopolar,kiri,297.261,299.691,2.93,2.43,ok,video,0.0,True,False,False,-6.5559936172971796,-4.139588912079542,-2.873850688896894,-5.55348260934209
P06,NGEED,4,TAHAN,F3,frontal,kiri,297.261,299.691,2.93,2.43,ok,video,0.737,False,False,False,,,,
P06,NGEED,4,TAHAN,C3,sentral,kiri,297.261,299.691,2.93,2.43,ok,video,0.576,False,False,False,,,,
P06,NGEED,4,TAHAN,P3,parietal,kiri,297.261,299.691,2.93,2.43,ok,video,0.165,True,True,False,-13.28791567026876,-7.3568669043007375,-8.179718062085854,-11.341563162007983
P06,NGEED,4,TAHAN,O1,oksipital,kiri,297.261,299.691,2.93,2.43,ok,video,0.0,True,False,False,-1.9070372129223259,-1.4180360167181263,0.07058329519620088,-2.226186737818434
P06,NGEED,4,TAHAN,F7,frontotemporal,kiri,297.261,299.691,2.93,2.43,ok,video,0.329,True,True,False,1.303684926288362,2.2781850806926656,3.3776862303093935,0.08893687448375687
P06,NGEED,4,TAHAN,T3,temporal,kiri,297.261,299.691,2.93,2.43,ok,video,0.576,False,False,False,,,,
P06,NGEED,4,TAHAN,T5,temporo-posterior,kiri,297.261,299.691,2.93,2.43,ok,video,0.494,False,False,False,,,,
P06,NGEED,4,TAHAN,Fp2,frontopolar,kanan,297.261,299.691,2.93,2.43,ok,video,0.0,True,False,False,-3.4113988547144736,-2.263158238882678,2.4922325813384916,-1.9047442269978418
P06,NGEED,4,TAHAN,F4,frontal,kanan,297.261,299.691,2.93,2.43,ok,video,0.0,True,False,False,-8.627278470612602,-6.718976740550389,-3.842461369650543,-8.062277833128483
P06,NGEED,4,TAHAN,C4,sentral,kanan,297.261,299.691,2.93,2.43,ok,video,0.0,True,False,False,-7.353513402850709,-8.152325137810177,-3.994325107900977,-5.945265573837958
P06,NGEED,4,TAHAN,P4,parietal,kanan,297.261,299.691,2.93,2.43,ok,video,0.0,True,False,False,-4.987374157326048,-3.357643158345965,-0.8856704873034786,-2.6475626644241537
P06,NGEED,4,TAHAN,O2,oksipital,kanan,297.261,299.691,2.93,2.43,ok,video,0.0,True,False,False,-2.4412791614344087,-2.253512503476628,-0.6358670218325564,-2.3460229986229137
P06,NGEED,4,TAHAN,F8,frontotemporal,kanan,297.261,299.691,2.93,2.43,ok,video,0.0,True,False,False,-5.728781555789585,-7.279032960057592,-0.6891769152683302,-5.106422385041377
P06,NGEED,4,TAHAN,T4,temporal,kanan,297.261,299.691,2.93,2.43,ok,video,0.0,True,False,False,-4.684827367788323,-6.384052279671547,0.964968780278948,-3.2765701902953452
P06,NGEED,4,TAHAN,T6,temporo-posterior,kanan,297.261,299.691,2.93,2.43,ok,video,0.0,True,False,False,-0.7465447995343766,1.7551542366354838,2.7848426556791424,1.360301902525741
P06,NGEED,4,NAIK,Fp1,frontopolar,kiri,300.091,300.791,1.0,0.7,ok,video,0.0,True,False,False,-7.3211098907348635,-0.8543827511111957,-2.460676921208652,-6.204284791876411
P06,NGEED,4,NAIK,F3,frontal,kiri,300.091,300.791,1.0,0.7,ok,video,0.0,True,False,False,-17.25372914431714,-15.131372735741593,-12.197840877431833,-17.0854508967347
P06,NGEED,4,NAIK,C3,sentral,kiri,300.091,300.791,1.0,0.7,ok,video,0.0,True,False,False,-5.608687922632683,-10.205060591288891,0.031963629163829665,-6.170117103469945
P06,NGEED,4,NAIK,P3,parietal,kiri,300.091,300.791,1.0,0.7,ok,video,0.0,True,False,False,-1.8535834408901621,-1.8829956678228363,-1.828874124963317,-3.4506978697153485
P06,NGEED,4,NAIK,O1,oksipital,kiri,300.091,300.791,1.0,0.7,ok,video,0.0,True,False,False,-4.420527984397136,-3.3670700894925503,-0.28598495346554387,-2.9256079136405546
P06,NGEED,4,NAIK,F7,frontotemporal,kiri,300.091,300.791,1.0,0.7,ok,video,0.0,True,False,False,-3.4856705131111383,-1.4927387551632272,-1.5811293282276573,-4.118677220790637
P06,NGEED,4,NAIK,T3,temporal,kiri,300.091,300.791,1.0,0.7,ok,video,0.0,True,False,False,-8.042539776930216,-5.652776201001156,-4.129482248450529,-6.999332515118201
P06,NGEED,4,NAIK,T5,temporo-posterior,kiri,300.091,300.791,1.0,0.7,ok,video,0.0,True,False,False,-5.819630885457926,-0.8052709340499717,0.2578865199121836,-4.426071822882058
P06,NGEED,4,NAIK,Fp2,frontopolar,kanan,300.091,300.791,1.0,0.7,ok,video,0.0,True,False,False,-11.064795927501638,-0.9705956365859976,-1.9185828541563108,-7.4604179824845644
P06,NGEED,4,NAIK,F4,frontal,kanan,300.091,300.791,1.0,0.7,ok,video,0.0,True,False,False,-11.533635332095365,-11.889114519089844,-6.800226847653519,-10.980600200517827
P06,NGEED,4,NAIK,C4,sentral,kanan,300.091,300.791,1.0,0.7,ok,video,0.0,True,False,False,-9.952508598293214,-5.1215808033278805,-2.7563831581133265,-4.593220728493449
P06,NGEED,4,NAIK,P4,parietal,kanan,300.091,300.791,1.0,0.7,ok,video,0.0,True,False,False,-2.7808699971273825,-7.370656066636975,-2.549893397656213,-3.7631187604372727
P06,NGEED,4,NAIK,O2,oksipital,kanan,300.091,300.791,1.0,0.7,ok,video,0.0,True,False,False,1.60616741843004,-0.6883425773864111,2.3030044761281125,-0.6172312836170946
P06,NGEED,4,NAIK,F8,frontotemporal,kanan,300.091,300.791,1.0,0.7,ok,video,0.0,True,False,False,-10.55498028846662,-2.282148643915029,-0.2794357180306726,-7.73187190935565
P06,NGEED,4,NAIK,T4,temporal,kanan,300.091,300.791,1.0,0.7,ok,video,0.0,True,False,False,-3.207044847596265,-4.055105577695485,0.5567555333612191,-5.814080235095879
P06,NGEED,4,NAIK,T6,temporo-posterior,kanan,300.091,300.791,1.0,0.7,ok,video,0.0,True,False,False,-1.4420676176936809,-9.145050946171505,-0.6756735276287067,-1.2094879390947852
P06,NGEED,4,POST,Fp1,frontopolar,kiri,301.441,302.941,1.5,1.5,ok,video,0.0,True,False,False,-4.945828521604675,-4.5301356471008205,-2.121371530834601,-4.104812173991455
P06,NGEED,4,POST,F3,frontal,kiri,301.441,302.941,1.5,1.5,ok,video,0.0,True,False,False,-15.637267425588167,-15.91589948124576,-14.827145314876741,-15.92146106654836
P06,NGEED,4,POST,C3,sentral,kiri,301.441,302.941,1.5,1.5,ok,video,0.0,True,False,False,-6.671747039894139,-4.435347260201993,0.6806172495921032,-3.4413490195053065
P06,NGEED,4,POST,P3,parietal,kiri,301.441,302.941,1.5,1.5,ok,video,0.0,True,False,False,-2.336852843903408,-4.117763905364896,0.9440778856328791,-2.981242889789705
P06,NGEED,4,POST,O1,oksipital,kiri,301.441,302.941,1.5,1.5,ok,video,0.0,True,False,False,-2.8484832116155587,0.029032276073344576,4.136188614168937,-0.44050456888734146
P06,NGEED,4,POST,F7,frontotemporal,kiri,301.441,302.941,1.5,1.5,ok,video,0.0,True,False,False,-5.701083253909463,-0.6605727457166992,4.232140469524488,-1.8605188515083952
P06,NGEED,4,POST,T3,temporal,kiri,301.441,302.941,1.5,1.5,ok,video,0.0,True,False,False,-13.572290806467226,-13.341886246907752,-10.165811870193167,-11.621557630271734
P06,NGEED,4,POST,T5,temporo-posterior,kiri,301.441,302.941,1.5,1.5,ok,video,0.0,True,False,False,-2.4936521851188758,-4.530590554952823,-4.276287950840981,-1.5992150510928163
P06,NGEED,4,POST,Fp2,frontopolar,kanan,301.441,302.941,1.5,1.5,ok,video,0.0,True,False,False,1.9625987076243945,0.19874630929224324,-0.8220805927115897,0.5797489543623833
P06,NGEED,4,POST,F4,frontal,kanan,301.441,302.941,1.5,1.5,ok,video,0.0,True,False,False,7.270779919099873,3.5556988478139786,3.2271053409056343,5.82247812016297
P06,NGEED,4,POST,C4,sentral,kanan,301.441,302.941,1.5,1.5,ok,video,0.0,True,False,False,-0.6184638623753997,0.6609728978563574,3.026985968271525,0.13283809628374144
P06,NGEED,4,POST,P4,parietal,kanan,301.441,302.941,1.5,1.5,ok,video,0.0,True,False,False,0.5383116730388977,4.192458387194677,5.206115608653192,2.302118627735368
P06,NGEED,4,POST,O2,oksipital,kanan,301.441,302.941,1.5,1.5,ok,video,0.0,True,False,False,2.0711291612175984,3.1707450870433647,6.143791224200829,2.273959291362928
P06,NGEED,4,POST,F8,frontotemporal,kanan,301.441,302.941,1.5,1.5,ok,video,0.0,True,False,False,6.639327546938304,3.9036569510223984,4.154792441392548,5.07905192975479
P06,NGEED,4,POST,T4,temporal,kanan,301.441,302.941,1.5,1.5,ok,video,0.0,True,False,False,-8.26062411144779,-5.095371803352819,-3.1447175972508816,-8.984987197914084
P06,NGEED,4,POST,T6,temporo-posterior,kanan,301.441,302.941,1.5,1.5,ok,video,0.0,True,False,False,-0.07079116338942981,1.4333763161189808,3.9058693020802977,0.7090031875331064
P06,AGEM KANAN,3,PRA,Fp1,frontopolar,kiri,309.203,311.203,2.0,2.0,ok,video,0.0,True,False,False,-10.322209788848483,-11.705964393223482,-6.645015417944492,-11.24336620631627
P06,AGEM KANAN,3,PRA,F3,frontal,kiri,309.203,311.203,2.0,2.0,ok,video,0.325,True,True,False,-20.94812988721995,-19.309558414497218,-11.181164196858166,-18.65930727910096
P06,AGEM KANAN,3,PRA,C3,sentral,kiri,309.203,311.203,2.0,2.0,ok,video,0.225,True,True,False,-13.37516311363948,-10.59463486643132,-2.316253320920989,-9.46967225272105
P06,AGEM KANAN,3,PRA,P3,parietal,kiri,309.203,311.203,2.0,2.0,ok,video,0.225,True,True,False,-3.794861995423396,-5.487506497947628,-3.8669160052111025,-5.809136607334537
P06,AGEM KANAN,3,PRA,O1,oksipital,kiri,309.203,311.203,2.0,2.0,ok,video,0.0,True,False,False,-5.607271421189793,-8.312973070563356,-2.837772940230014,-5.947953396937045
P06,AGEM KANAN,3,PRA,F7,frontotemporal,kiri,309.203,311.203,2.0,2.0,ok,video,0.025,True,False,False,-5.626329294339229,-9.888871777044656,-6.147161291519289,-6.424228967626114
P06,AGEM KANAN,3,PRA,T3,temporal,kiri,309.203,311.203,2.0,2.0,ok,video,0.225,True,True,False,-14.10001932060619,-15.982208917004531,-11.864612853527689,-14.695326018767133
P06,AGEM KANAN,3,PRA,T5,temporo-posterior,kiri,309.203,311.203,2.0,2.0,ok,video,0.225,True,True,False,-4.785015172395308,-3.7387222266411797,-6.6952172424295,-6.6981828550915985
P06,AGEM KANAN,3,PRA,Fp2,frontopolar,kanan,309.203,311.203,2.0,2.0,ok,video,0.0,True,False,False,-7.043712237064831,-5.710412061481442,-2.514713495398924,-5.7867650309898515
P06,AGEM KANAN,3,PRA,F4,frontal,kanan,309.203,311.203,2.0,2.0,ok,video,0.0,True,False,False,-3.2116733514120455,-0.9922709462861974,-2.1416619811028212,-2.6073847065582996
P06,AGEM KANAN,3,PRA,C4,sentral,kanan,309.203,311.203,2.0,2.0,ok,video,0.0,True,False,False,0.3871011222866443,4.238717185700551,-0.4269014825686632,-0.0417672690276909
P06,AGEM KANAN,3,PRA,P4,parietal,kanan,309.203,311.203,2.0,2.0,ok,video,0.0,True,False,False,0.44121309608543413,-2.4990543153865232,-1.712540405018423,-1.3371479148606369
P06,AGEM KANAN,3,PRA,O2,oksipital,kanan,309.203,311.203,2.0,2.0,ok,video,0.0,True,False,False,-3.2232922793060865,-5.232618076062689,-1.7020258150900816,-3.7254947768195663
P06,AGEM KANAN,3,PRA,F8,frontotemporal,kanan,309.203,311.203,2.0,2.0,ok,video,0.0,True,False,False,-0.6615402477392713,-1.6517384310052208,-1.284788501707375,-1.4174743428635708
P06,AGEM KANAN,3,PRA,T4,temporal,kanan,309.203,311.203,2.0,2.0,ok,video,0.0,True,False,False,-9.687510386801506,-10.882551525331976,-5.344409875465825,-7.008359151210392
P06,AGEM KANAN,3,PRA,T6,temporo-posterior,kanan,309.203,311.203,2.0,2.0,ok,video,0.0,True,False,False,-2.7181475832112767,-5.435378041065253,-1.9373296682669086,-4.4068495912719925
P06,AGEM KANAN,3,TURUN,Fp1,frontopolar,kiri,312.353,313.053,1.0,0.7,ok,video,0.0,True,False,False,-7.422955549289888,-0.6455115647601026,1.986062335592539,-2.9852868272572337
P06,AGEM KANAN,3,TURUN,F3,frontal,kiri,312.353,313.053,1.0,0.7,ok,video,0.0,True,False,False,-14.481649564230644,-13.769907353386714,-8.843567385078273,-14.205125538199894
P06,AGEM KANAN,3,TURUN,C3,sentral,kiri,312.353,313.053,1.0,0.7,ok,video,0.0,True,False,False,-0.8420271882997454,0.03257463153391171,-2.2647991334711612,-0.773483407554231
P06,AGEM KANAN,3,TURUN,P3,parietal,kiri,312.353,313.053,1.0,0.7,ok,video,0.0,True,False,False,-4.591464591407888,-1.4702352124128026,2.9464575887876805,-0.19744829565970434
P06,AGEM KANAN,3,TURUN,O1,oksipital,kiri,312.353,313.053,1.0,0.7,ok,video,0.0,True,False,False,6.466754419220656,5.100149342784697,4.6343355177302215,9.77252974890068
P06,AGEM KANAN,3,TURUN,F7,frontotemporal,kiri,312.353,313.053,1.0,0.7,ok,video,0.0,True,False,False,6.245452006502731,3.478665893965541,10.943004261325171,7.778822481475935
P06,AGEM KANAN,3,TURUN,T3,temporal,kiri,312.353,313.053,1.0,0.7,ok,video,0.0,True,False,False,-4.746271893496129,-2.7572729222803787,-1.893113802676492,-4.841044569664572
P06,AGEM KANAN,3,TURUN,T5,temporo-posterior,kiri,312.353,313.053,1.0,0.7,ok,video,0.0,True,False,False,0.6969488838915936,0.26243146614481816,5.768147840900642,2.5479390100798653
P06,AGEM KANAN,3,TURUN,Fp2,frontopolar,kanan,312.353,313.053,1.0,0.7,ok,video,0.0,True,False,False,8.166254221218413,3.355321084958142,10.120929384093905,7.819061619598489
P06,AGEM KANAN,3,TURUN,F4,frontal,kanan,312.353,313.053,1.0,0.7,ok,video,0.0,True,False,False,5.3704945588792725,9.132180021884992,10.524215003758925,7.6744391502964575
P06,AGEM KANAN,3,TURUN,C4,sentral,kanan,312.353,313.053,1.0,0.7,ok,video,0.0,True,False,False,-0.366286468726706,1.413284334783043,1.4718730779915283,2.419952402913605
P06,AGEM KANAN,3,TURUN,P4,parietal,kanan,312.353,313.053,1.0,0.7,ok,video,0.0,True,False,False,1.8101118834890784,1.0183930247626165,4.35642756451675,3.2541612875331367
P06,AGEM KANAN,3,TURUN,O2,oksipital,kanan,312.353,313.053,1.0,0.7,ok,video,0.0,True,False,False,8.382363213467478,6.203204106949734,5.85642907785051,5.183387313475286
P06,AGEM KANAN,3,TURUN,F8,frontotemporal,kanan,312.353,313.053,1.0,0.7,ok,video,0.0,True,False,False,7.386072887153986,5.296639525295355,11.79593201137681,7.462981117153561
P06,AGEM KANAN,3,TURUN,T4,temporal,kanan,312.353,313.053,1.0,0.7,ok,video,0.0,True,False,False,7.01997860072391,3.1637391976995843,7.598046273848624,4.299801016848768
P06,AGEM KANAN,3,TURUN,T6,temporo-posterior,kanan,312.353,313.053,1.0,0.7,ok,video,0.0,True,False,False,5.9799877090008735,2.6755601383395486,3.610538752477531,6.857785842087459
P06,AGEM KANAN,3,TAHAN,Fp1,frontopolar,kiri,313.453,316.147,3.194,2.694,ok,video,0.669,False,False,False,,,,
P06,AGEM KANAN,3,TAHAN,F3,frontal,kiri,313.453,316.147,3.194,2.694,ok,video,0.405,True,True,False,-16.63902434153315,-17.201941388630942,-10.983560361479284,-17.092323927010376
P06,AGEM KANAN,3,TAHAN,C3,sentral,kiri,313.453,316.147,3.194,2.694,ok,video,0.0,True,False,False,-7.372131730389466,-7.173083825180786,-2.411566877925164,-6.623324483327753
P06,AGEM KANAN,3,TAHAN,P3,parietal,kiri,313.453,316.147,3.194,2.694,ok,video,0.0,True,False,False,-8.393942305465817,-9.106949635159353,-4.985021921000346,-5.9192772174196975
P06,AGEM KANAN,3,TAHAN,O1,oksipital,kiri,313.453,316.147,3.194,2.694,ok,video,0.0,True,False,False,-4.598684563575539,-3.274466397571228,-2.0551128961892715,-2.56066007487048
P06,AGEM KANAN,3,TAHAN,F7,frontotemporal,kiri,313.453,316.147,3.194,2.694,ok,video,0.257,True,True,False,-1.9894239503255875,-4.461477427821144,-2.5341108236664205,-1.1304602153891707
P06,AGEM KANAN,3,TAHAN,T3,temporal,kiri,313.453,316.147,3.194,2.694,ok,video,0.405,True,True,False,-10.521889177796794,-10.051734432131209,-6.335115463915056,-9.993556279981139
P06,AGEM KANAN,3,TAHAN,T5,temporo-posterior,kiri,313.453,316.147,3.194,2.694,ok,video,0.108,True,True,False,-4.55357408292371,-7.4893823199860705,-5.3112245192763865,-4.138688937381289
P06,AGEM KANAN,3,TAHAN,Fp2,frontopolar,kanan,313.453,316.147,3.194,2.694,ok,video,0.0,True,False,False,-2.857759546670355,-3.356221387505844,-1.0671416817984696,-5.000719585213986
P06,AGEM KANAN,3,TAHAN,F4,frontal,kanan,313.453,316.147,3.194,2.694,ok,video,0.743,False,False,False,,,,
P06,AGEM KANAN,3,TAHAN,C4,sentral,kanan,313.453,316.147,3.194,2.694,ok,video,0.777,False,False,False,,,,
P06,AGEM KANAN,3,TAHAN,P4,parietal,kanan,313.453,316.147,3.194,2.694,ok,video,0.446,False,False,False,,,,
P06,AGEM KANAN,3,TAHAN,O2,oksipital,kanan,313.453,316.147,3.194,2.694,ok,video,0.0,True,False,False,-0.5706336388353179,-2.103217943835528,-1.9673863375647933,-1.043342053806981
P06,AGEM KANAN,3,TAHAN,F8,frontotemporal,kanan,313.453,316.147,3.194,2.694,ok,video,0.0,True,False,False,-7.7812795549550025,-7.085613198609643,-5.394270588588567,-8.122003816745448
P06,AGEM KANAN,3,TAHAN,T4,temporal,kanan,313.453,316.147,3.194,2.694,ok,video,0.0,True,False,False,-5.045411339122133,-3.5136067462807326,-1.796573202457676,-5.471544264375698
P06,AGEM KANAN,3,TAHAN,T6,temporo-posterior,kanan,313.453,316.147,3.194,2.694,ok,video,0.0,True,False,False,-2.202607274199771,-4.430409249283365,-2.952440441620258,-4.502114247444311
P06,AGEM KANAN,3,NAIK,Fp1,frontopolar,kiri,316.468,316.798,0.472,0.33,ok,video,0.0,True,False,False,3.2014149728571084,-6.768128698418813,-5.06709314408068,2.9123253294078495
P06,AGEM KANAN,3,NAIK,F3,frontal,kiri,316.468,316.798,0.472,0.33,ok,video,1.0,False,False,False,,,,
P06,AGEM KANAN,3,NAIK,C3,sentral,kiri,316.468,316.798,0.472,0.33,ok,video,1.0,False,False,False,,,,
P06,AGEM KANAN,3,NAIK,P3,parietal,kiri,316.468,316.798,0.472,0.33,ok,video,0.0,True,False,False,-18.6442298138876,-18.286341351431567,-12.385965237874286,-17.68527972905474
P06,AGEM KANAN,3,NAIK,O1,oksipital,kiri,316.468,316.798,0.472,0.33,ok,video,0.0,True,False,False,-1.9367911241770983,-2.1118524372778325,1.6982459841616873,-1.3161741340637931
P06,AGEM KANAN,3,NAIK,F7,frontotemporal,kiri,316.468,316.798,0.472,0.33,ok,video,0.0,True,False,False,-9.341349575051016,-14.5045203675086,-10.686859136971101,-10.17361767094605
P06,AGEM KANAN,3,NAIK,T3,temporal,kiri,316.468,316.798,0.472,0.33,ok,video,0.576,False,False,False,,,,
P06,AGEM KANAN,3,NAIK,T5,temporo-posterior,kiri,316.468,316.798,0.472,0.33,ok,video,1.0,False,False,False,,,,
P06,AGEM KANAN,3,NAIK,Fp2,frontopolar,kanan,316.468,316.798,0.472,0.33,ok,video,0.0,True,False,False,2.2921212205009525,10.205017519830967,10.375887427231362,3.522160422221692
P06,AGEM KANAN,3,NAIK,F4,frontal,kanan,316.468,316.798,0.472,0.33,ok,video,0.0,True,False,False,-0.4629400745517813,6.733040768689321,5.395209895866564,0.8174857247401803
P06,AGEM KANAN,3,NAIK,C4,sentral,kanan,316.468,316.798,0.472,0.33,ok,video,0.0,True,False,False,0.7763822228019137,7.920623496481539,7.965515813022606,4.147077023356356
P06,AGEM KANAN,3,NAIK,P4,parietal,kanan,316.468,316.798,0.472,0.33,ok,video,0.0,True,False,False,-1.3737615582436575,6.574777882671157,3.712573899643054,1.7955150018565007
P06,AGEM KANAN,3,NAIK,O2,oksipital,kanan,316.468,316.798,0.472,0.33,ok,video,0.0,True,False,False,10.707733771125305,12.430554637433374,13.553268115819197,10.243994434539488
P06,AGEM KANAN,3,NAIK,F8,frontotemporal,kanan,316.468,316.798,0.472,0.33,ok,video,0.0,True,False,False,-4.38974174420688,-1.436863877150138,6.5432236010430564,-1.7435409482853288
P06,AGEM KANAN,3,NAIK,T4,temporal,kanan,316.468,316.798,0.472,0.33,ok,video,0.0,True,False,False,-1.475978774826828,5.461061074600927,9.487657931070906,0.8692291837393071
P06,AGEM KANAN,3,NAIK,T6,temporo-posterior,kanan,316.468,316.798,0.472,0.33,ok,video,0.0,True,False,False,9.217492219196956,15.479762698273767,10.976176240666945,10.18085538946152
P06,AGEM KANAN,3,POST,Fp1,frontopolar,kiri,317.369,318.869,1.5,1.5,ok,video,0.0,True,False,False,7.168101226929828,8.46338256646861,8.780540030888979,6.9226982740961915
P06,AGEM KANAN,3,POST,F3,frontal,kiri,317.369,318.869,1.5,1.5,ok,video,0.0,True,False,False,-7.437405395184442,-5.208304191114983,-4.310096463310593,-7.90470302027353
P06,AGEM KANAN,3,POST,C3,sentral,kiri,317.369,318.869,1.5,1.5,ok,video,0.0,True,False,False,5.945373113251797,2.306017753522042,2.81027607968932,4.475413142702298
P06,AGEM KANAN,3,POST,P3,parietal,kiri,317.369,318.869,1.5,1.5,ok,video,0.0,True,False,False,5.990239053750827,5.082028036806392,2.8831075196699523,4.3858072644219135
P06,AGEM KANAN,3,POST,O1,oksipital,kiri,317.369,318.869,1.5,1.5,ok,video,0.0,True,False,False,8.389992732998877,1.5560384739561215,2.822652411722455,6.924996397812052
P06,AGEM KANAN,3,POST,F7,frontotemporal,kiri,317.369,318.869,1.5,1.5,ok,video,0.0,True,False,False,7.5921704340515745,7.974756452852425,6.662751386071697,6.798433429087261
P06,AGEM KANAN,3,POST,T3,temporal,kiri,317.369,318.869,1.5,1.5,ok,video,0.0,True,False,False,3.2237556644100493,1.5914890930154755,4.383717406249946,1.8423979606856804
P06,AGEM KANAN,3,POST,T5,temporo-posterior,kiri,317.369,318.869,1.5,1.5,ok,video,0.0,True,False,False,5.172322676250495,2.426928474925539,3.8803476289397523,3.794105494207926
P06,AGEM KANAN,3,POST,Fp2,frontopolar,kanan,317.369,318.869,1.5,1.5,ok,video,0.0,True,False,False,1.9872375019143895,7.9194906843754005,5.32356798777651,4.101742791297983
P06,AGEM KANAN,3,POST,F4,frontal,kanan,317.369,318.869,1.5,1.5,ok,video,0.0,True,False,False,9.725180886367127,2.9963946415912943,-0.7498797074717451,8.193756980619959
P06,AGEM KANAN,3,POST,C4,sentral,kanan,317.369,318.869,1.5,1.5,ok,video,0.0,True,False,False,12.59506003974478,3.311902206707309,2.79549871535988,12.065347081750286
P06,AGEM KANAN,3,POST,P4,parietal,kanan,317.369,318.869,1.5,1.5,ok,video,0.0,True,False,False,14.098966983053884,5.368059464381169,0.8358413481658857,12.510171712922272
P06,AGEM KANAN,3,POST,O2,oksipital,kanan,317.369,318.869,1.5,1.5,ok,video,0.0,True,False,False,15.999611768750796,10.267636240545436,6.277455975810955,13.528978337897009
P06,AGEM KANAN,3,POST,F8,frontotemporal,kanan,317.369,318.869,1.5,1.5,ok,video,0.0,True,False,False,0.9728786957225495,3.5084783354055276,2.4764760645723207,1.3272275086872867
P06,AGEM KANAN,3,POST,T4,temporal,kanan,317.369,318.869,1.5,1.5,ok,video,0.0,True,False,False,6.2305813543968185,4.35122713438318,4.071565179857657,5.19411682351253
P06,AGEM KANAN,3,POST,T6,temporo-posterior,kanan,317.369,318.869,1.5,1.5,ok,video,0.0,True,False,False,14.114478236907644,8.622053474614006,4.163945676518118,12.49535801150379
P06,AGEM KANAN,4,PRA,Fp1,frontopolar,kiri,318.605,320.605,2.0,2.0,ok,video,0.0,True,False,False,3.555783948432037,3.6033265382833903,4.204871709858278,3.3090499347597557
P06,AGEM KANAN,4,PRA,F3,frontal,kiri,318.605,320.605,2.0,2.0,ok,video,0.0,True,False,False,-2.050822158501987,-1.3968604297859244,-3.712581224997596,-1.6582171852454408
P06,AGEM KANAN,4,PRA,C3,sentral,kiri,318.605,320.605,2.0,2.0,ok,video,0.0,True,False,False,4.892596325405272,0.4976317234636305,0.5977823354848333,2.925142379819359
P06,AGEM KANAN,4,PRA,P3,parietal,kiri,318.605,320.605,2.0,2.0,ok,video,0.0,True,False,False,4.614070661655262,3.9938860469412205,3.2806512346559167,4.446687181729587
P06,AGEM KANAN,4,PRA,O1,oksipital,kiri,318.605,320.605,2.0,2.0,ok,video,0.0,True,False,False,5.541919384817255,-0.14236730804377373,-0.5329902544111604,3.3820532463937454
P06,AGEM KANAN,4,PRA,F7,frontotemporal,kiri,318.605,320.605,2.0,2.0,ok,video,0.0,True,False,False,0.40995813015181426,4.769564332772667,3.6763081663184956,3.366953416740891
P06,AGEM KANAN,4,PRA,T3,temporal,kiri,318.605,320.605,2.0,2.0,ok,video,0.0,True,False,False,-0.5878464009662423,1.37916167607262,0.6106337312520189,-0.09220995766143858
P06,AGEM KANAN,4,PRA,T5,temporo-posterior,kiri,318.605,320.605,2.0,2.0,ok,video,0.0,True,False,False,0.5228397746102829,2.624263010851692,3.1140359480489863,-0.09722788315946218
P06,AGEM KANAN,4,PRA,Fp2,frontopolar,kanan,318.605,320.605,2.0,2.0,ok,video,0.0,True,False,False,3.4913673172417248,5.218398120180588,5.875441931154665,2.8648734292174716
P06,AGEM KANAN,4,PRA,F4,frontal,kanan,318.605,320.605,2.0,2.0,ok,video,0.0,True,False,False,5.930511708599141,2.9034784956914947,2.242436527460235,5.467845363955405
P06,AGEM KANAN,4,PRA,C4,sentral,kanan,318.605,320.605,2.0,2.0,ok,video,0.0,True,False,False,8.564026547724964,3.499417684354249,3.5860876476055594,8.710772299047836
P06,AGEM KANAN,4,PRA,P4,parietal,kanan,318.605,320.605,2.0,2.0,ok,video,0.0,True,False,False,9.709495466969898,2.7484384505371153,1.0552533194256704,8.699967389874956
P06,AGEM KANAN,4,PRA,O2,oksipital,kanan,318.605,320.605,2.0,2.0,ok,video,0.0,True,False,False,12.633129846493041,5.898525396242157,2.642032711103255,10.503350720568356
P06,AGEM KANAN,4,PRA,F8,frontotemporal,kanan,318.605,320.605,2.0,2.0,ok,video,0.0,True,False,False,3.9340285863176945,4.600204589205447,5.675732451254444,3.984094796469712
P06,AGEM KANAN,4,PRA,T4,temporal,kanan,318.605,320.605,2.0,2.0,ok,video,0.0,True,False,False,2.559857034073886,3.895259248490241,-0.7670396201028211,-0.30621016161742176
P06,AGEM KANAN,4,PRA,T6,temporo-posterior,kanan,318.605,320.605,2.0,2.0,ok,video,0.0,True,False,False,9.728309545016124,4.21047800108245,0.21054427897137273,8.374869263890552
P06,AGEM KANAN,4,TURUN,Fp1,frontopolar,kiri,327.923,329.215,1.792,1.292,ok,video,0.0,True,False,False,0.042170994772895654,-1.954082813708979,1.1238188270971605,2.2879634459955867
P06,AGEM KANAN,4,TURUN,F3,frontal,kiri,327.923,329.215,1.792,1.292,ok,video,0.0,True,False,False,-18.92793896548795,-16.290723477726413,-10.567429829005768,-17.31032064086735
P06,AGEM KANAN,4,TURUN,C3,sentral,kiri,327.923,329.215,1.792,1.292,ok,video,0.0,True,False,False,-10.818683460729908,-8.949647017838775,-2.761753949465124,-8.514888404858102
P06,AGEM KANAN,4,TURUN,P3,parietal,kiri,327.923,329.215,1.792,1.292,ok,video,0.0,True,False,False,-9.980822197036428,-8.875749312195232,-2.94184488376769,-7.456765967902541
P06,AGEM KANAN,4,TURUN,O1,oksipital,kiri,327.923,329.215,1.792,1.292,ok,video,0.0,True,False,False,-4.91519050945249,-9.677193128963125,-3.9511627167281844,-5.226257773843521
P06,AGEM KANAN,4,TURUN,F7,frontotemporal,kiri,327.923,329.215,1.792,1.292,ok,video,0.0,True,False,False,-4.520591236911564,-3.0705201700249134,1.2325761917285973,-2.9380186433396744
P06,AGEM KANAN,4,TURUN,T3,temporal,kiri,327.923,329.215,1.792,1.292,ok,video,0.0,True,False,False,-13.742787191399728,-14.062767632002277,-7.140276292178783,-11.779876961752546
P06,AGEM KANAN,4,TURUN,T5,temporo-posterior,kiri,327.923,329.215,1.792,1.292,ok,video,0.0,True,False,False,-6.197187262604874,-5.120483764654345,-2.150605380229919,-4.238145899880315
P06,AGEM KANAN,4,TURUN,Fp2,frontopolar,kanan,327.923,329.215,1.792,1.292,ok,video,0.0,True,False,False,-0.6251984086823867,-3.6588331900247226,1.3297924771604954,0.17188875042679896
P06,AGEM KANAN,4,TURUN,F4,frontal,kanan,327.923,329.215,1.792,1.292,ok,video,0.0,True,False,False,-0.9347187889342834,-5.739865307435068,-1.1281415806407509,-3.322287349557662
P06,AGEM KANAN,4,TURUN,C4,sentral,kanan,327.923,329.215,1.792,1.292,ok,video,0.0,True,False,False,-2.0416060200327237,-0.9148060763355019,-0.20376050884104302,-0.1287921332089006
P06,AGEM KANAN,4,TURUN,P4,parietal,kanan,327.923,329.215,1.792,1.292,ok,video,0.0,True,False,False,-1.1246624229771882,-2.7226609005580933,0.5222611209137469,-0.600550195200455
P06,AGEM KANAN,4,TURUN,O2,oksipital,kanan,327.923,329.215,1.792,1.292,ok,video,0.0,True,False,False,2.3348140806876287,1.0694559212947965,1.507772017966218,2.921280499000396
P06,AGEM KANAN,4,TURUN,F8,frontotemporal,kanan,327.923,329.215,1.792,1.292,ok,video,0.0,True,False,False,1.5787183777446714,-2.9868532689628644,-1.408562941228464,-1.508428205853967
P06,AGEM KANAN,4,TURUN,T4,temporal,kanan,327.923,329.215,1.792,1.292,ok,video,0.0,True,False,False,-2.8413166259117943,-5.398903638129106,-0.5892783695230506,-3.382313465837157
P06,AGEM KANAN,4,TURUN,T6,temporo-posterior,kanan,327.923,329.215,1.792,1.292,ok,video,0.0,True,False,False,0.6134249793811719,-2.4213962852446187,3.32101344373455,1.2319662178474005
P06,AGEM KANAN,4,TAHAN,Fp1,frontopolar,kiri,329.715,332.019,2.804,2.304,ok,video,0.0,True,False,False,-5.525478166700815,-5.42343391900884,-4.260414737687604,-5.652828209157768
P06,AGEM KANAN,4,TAHAN,F3,frontal,kiri,329.715,332.019,2.804,2.304,ok,video,0.0,True,False,False,-19.21202786258611,-17.66746504893132,-11.972063068572062,-18.6768262520686
P06,AGEM KANAN,4,TAHAN,C3,sentral,kiri,329.715,332.019,2.804,2.304,ok,video,0.0,True,False,False,-9.702183410040512,-10.795026670509088,-5.373704731378375,-9.517011865920384
P06,AGEM KANAN,4,TAHAN,P3,parietal,kiri,329.715,332.019,2.804,2.304,ok,video,0.0,True,False,False,-7.436030611574406,-11.719850999029575,-5.766200122885429,-8.376879033165896
P06,AGEM KANAN,4,TAHAN,O1,oksipital,kiri,329.715,332.019,2.804,2.304,ok,video,0.0,True,False,False,-8.447308694301874,-9.11414724269931,-5.7757042811739865,-7.284797353338725
P06,AGEM KANAN,4,TAHAN,F7,frontotemporal,kiri,329.715,332.019,2.804,2.304,ok,video,0.0,True,False,False,-2.0830543062270337,-2.3772285756646596,-2.45381387030379,-2.9940378367824074
P06,AGEM KANAN,4,TAHAN,T3,temporal,kiri,329.715,332.019,2.804,2.304,ok,video,0.0,True,False,False,-9.715270275383954,-12.823428061432718,-10.622804059999183,-11.37048915533311
P06,AGEM KANAN,4,TAHAN,T5,temporo-posterior,kiri,329.715,332.019,2.804,2.304,ok,video,0.0,True,False,False,-6.738986443970269,-8.336896610534524,-5.288321998231623,-7.164557739970753
P06,AGEM KANAN,4,TAHAN,Fp2,frontopolar,kanan,329.715,332.019,2.804,2.304,ok,video,0.0,True,False,False,-2.892529640123815,-3.3248526229852686,-2.875668392971928,-4.516945406535452
P06,AGEM KANAN,4,TAHAN,F4,frontal,kanan,329.715,332.019,2.804,2.304,ok,video,0.0,True,False,False,-9.315668913716618,-8.866553372753298,-6.809790767167705,-9.62371473638039
P06,AGEM KANAN,4,TAHAN,C4,sentral,kanan,329.715,332.019,2.804,2.304,ok,video,0.0,True,False,False,-4.977556015070629,-5.681304057307511,-3.8828833985290494,-5.503360706917931
P06,AGEM KANAN,4,TAHAN,P4,parietal,kanan,329.715,332.019,2.804,2.304,ok,video,0.0,True,False,False,-3.615874001056966,-6.8558775127266784,-3.1896081201184927,-3.073118477582888
P06,AGEM KANAN,4,TAHAN,O2,oksipital,kanan,329.715,332.019,2.804,2.304,ok,video,0.0,True,False,False,3.0972257617176524,-2.3984610394548724,-2.1421370641094875,1.7606199671209524
P06,AGEM KANAN,4,TAHAN,F8,frontotemporal,kanan,329.715,332.019,2.804,2.304,ok,video,0.0,True,False,False,-5.882673049060344,-6.613124404509833,-4.9809612608531815,-7.1041253642058955
P06,AGEM KANAN,4,TAHAN,T4,temporal,kanan,329.715,332.019,2.804,2.304,ok,video,0.0,True,False,False,-0.7444804429096052,-3.427952265430932,-3.4789433473622076,-3.0938302007735174
P06,AGEM KANAN,4,TAHAN,T6,temporo-posterior,kanan,329.715,332.019,2.804,2.304,ok,video,0.0,True,False,False,0.33204519844824887,-4.092210093054987,-2.296265672595645,-0.2961362837128121
P06,AGEM KANAN,4,NAIK,Fp1,frontopolar,kiri,332.369,332.836,0.667,0.467,ok,video,0.0,True,False,False,9.334512980322572,9.508121906729833,8.503438203896849,11.598346184844338
P06,AGEM KANAN,4,NAIK,F3,frontal,kiri,332.369,332.836,0.667,0.467,ok,video,0.0,True,False,False,2.2382198328485003,2.170103023542424,-0.7079501197584008,1.8822160438197741
P06,AGEM KANAN,4,NAIK,C3,sentral,kiri,332.369,332.836,0.667,0.467,ok,video,0.0,True,False,False,8.320800557102856,6.226078067934623,5.466783493213281,10.112279516318555
P06,AGEM KANAN,4,NAIK,P3,parietal,kiri,332.369,332.836,0.667,0.467,ok,video,0.0,True,False,False,8.587627422716892,7.368977826083551,7.7200544814967245,10.69217299939828
P06,AGEM KANAN,4,NAIK,O1,oksipital,kiri,332.369,332.836,0.667,0.467,ok,video,0.0,True,False,False,6.599433027374737,5.402587343731277,4.302472121875894,8.887334818542683
P06,AGEM KANAN,4,NAIK,F7,frontotemporal,kiri,332.369,332.836,0.667,0.467,ok,video,0.0,True,False,False,11.070902930477168,9.953015080678163,8.876282455981546,12.932515896209964
P06,AGEM KANAN,4,NAIK,T3,temporal,kiri,332.369,332.836,0.667,0.467,ok,video,0.0,True,False,False,9.994204979128497,9.640364702833466,9.254165796161587,12.546162935452791
P06,AGEM KANAN,4,NAIK,T5,temporo-posterior,kiri,332.369,332.836,0.667,0.467,ok,video,0.0,True,False,False,9.644453269641005,10.229203440322188,9.017386212151756,11.135651231719272
P06,AGEM KANAN,4,NAIK,Fp2,frontopolar,kanan,332.369,332.836,0.667,0.467,ok,video,0.0,True,False,False,5.5873376956536696,3.815797619088265,5.585293989579544,3.9297315642647668
P06,AGEM KANAN,4,NAIK,F4,frontal,kanan,332.369,332.836,0.667,0.467,ok,video,0.0,True,False,False,-4.593496936466238,-5.992086848387682,-5.191041336796857,-5.801687174011548
P06,AGEM KANAN,4,NAIK,C4,sentral,kanan,332.369,332.836,0.667,0.467,ok,video,0.0,True,False,False,-0.10530119840380081,-2.1564813674239183,-2.8360299970659,-1.6556342727417785
P06,AGEM KANAN,4,NAIK,P4,parietal,kanan,332.369,332.836,0.667,0.467,ok,video,0.0,True,False,False,-3.5391771286120033,-10.370522011579066,-4.130305222550582,-3.6275709992528498
P06,AGEM KANAN,4,NAIK,O2,oksipital,kanan,332.369,332.836,0.667,0.467,ok,video,0.0,True,False,False,0.48470085151969755,-1.8211492480899523,-1.6432697536282213,2.6318764263850056
P06,AGEM KANAN,4,NAIK,F8,frontotemporal,kanan,332.369,332.836,0.667,0.467,ok,video,0.0,True,False,False,-0.17669266756780644,-4.450715279744465,-4.118995664425835,-2.5540712459025983
P06,AGEM KANAN,4,NAIK,T4,temporal,kanan,332.369,332.836,0.667,0.467,ok,video,0.0,True,False,False,1.4337058416580533,-0.571440688798539,-2.1157054701471374,0.8838489106794754
P06,AGEM KANAN,4,NAIK,T6,temporo-posterior,kanan,332.369,332.836,0.667,0.467,ok,video,0.0,True,False,False,11.562669479590468,7.6351104233418,6.406447813739938,10.754288979849953
P06,AGEM KANAN,4,POST,Fp1,frontopolar,kiri,333.436,334.936,1.5,1.5,ok,video,0.0,True,False,False,5.6602454779921985,9.439648466241273,6.474050826534711,4.809467353726433
P06,AGEM KANAN,4,POST,F3,frontal,kiri,333.436,334.936,1.5,1.5,ok,video,0.0,True,False,False,-0.47174708045800884,0.3186057469668242,-1.371291205131417,-3.329447111319098
P06,AGEM KANAN,4,POST,C3,sentral,kiri,333.436,334.936,1.5,1.5,ok,video,0.0,True,False,False,7.3124377653479655,6.862026463276017,5.438337379219554,5.6115241284905615
P06,AGEM KANAN,4,POST,P3,parietal,kiri,333.436,334.936,1.5,1.5,ok,video,0.0,True,False,False,7.573866262917235,7.794564677484388,7.201033713200481,6.598978737575919
P06,AGEM KANAN,4,POST,O1,oksipital,kiri,333.436,334.936,1.5,1.5,ok,video,0.0,True,False,False,6.901458148258563,4.392193975709574,4.798664067356931,5.417367628347549
P06,AGEM KANAN,4,POST,F7,frontotemporal,kiri,333.436,334.936,1.5,1.5,ok,video,0.0,True,False,False,7.776554971194521,8.42983959955329,8.560030239884604,6.33587928796976
P06,AGEM KANAN,4,POST,T3,temporal,kiri,333.436,334.936,1.5,1.5,ok,video,0.0,True,False,False,4.88203387136226,6.14774041161418,7.874282268777996,4.712740812850562
P06,AGEM KANAN,4,POST,T5,temporo-posterior,kiri,333.436,334.936,1.5,1.5,ok,video,0.0,True,False,False,7.254484235320675,5.471812661770407,6.451218422933525,6.406585696228724
P06,AGEM KANAN,4,POST,Fp2,frontopolar,kanan,333.436,334.936,1.5,1.5,ok,video,0.0,True,False,False,-0.6049258456851199,3.0590128147773683,4.544150847502408,0.2969493304458162
P06,AGEM KANAN,4,POST,F4,frontal,kanan,333.436,334.936,1.5,1.5,ok,video,0.0,True,False,False,-3.006169940922291,-4.043569385540369,-2.270852712408036,-4.696805508311229
P06,AGEM KANAN,4,POST,C4,sentral,kanan,333.436,334.936,1.5,1.5,ok,video,0.0,True,False,False,0.3412917642643194,-0.8384630845145118,0.41292854949458047,0.9815059650306175
P06,AGEM KANAN,4,POST,P4,parietal,kanan,333.436,334.936,1.5,1.5,ok,video,0.0,True,False,False,-2.98283369563174,-5.413300775905501,-2.803765557377094,-2.7504896093000646
P06,AGEM KANAN,4,POST,O2,oksipital,kanan,333.436,334.936,1.5,1.5,ok,video,0.0,True,False,False,2.985174776746213,2.017195917757981,5.261667061407369,2.1910881739030543
P06,AGEM KANAN,4,POST,F8,frontotemporal,kanan,333.436,334.936,1.5,1.5,ok,video,0.0,True,False,False,-1.4128127301166984,1.5769617775502098,1.096913081640981,-2.5291289254682425
P06,AGEM KANAN,4,POST,T4,temporal,kanan,333.436,334.936,1.5,1.5,ok,video,0.0,True,False,False,1.7664233011425807,1.6994080218257963,3.318480404453208,-0.6567889526222785
P06,AGEM KANAN,4,POST,T6,temporo-posterior,kanan,333.436,334.936,1.5,1.5,ok,video,0.0,True,False,False,0.9107920457651417,-2.842145852323931,0.8878918562740523,0.14919454400460097
P06,AGEM KIRI,3,PRA,Fp1,frontopolar,kiri,334.533,336.533,2.0,2.0,ok,video,0.0,True,False,False,8.525135186024848,9.477378869686603,8.652073647728422,8.048277766244347
P06,AGEM KIRI,3,PRA,F3,frontal,kiri,334.533,336.533,2.0,2.0,ok,video,0.24,True,True,False,2.005288863281841,2.8460743348369775,0.11536487829787845,-0.8158828975762802
P06,AGEM KIRI,3,PRA,C3,sentral,kiri,334.533,336.533,2.0,2.0,ok,video,0.0,True,False,False,8.344507904134623,8.562094126466484,5.651469032099985,6.742246909272897
P06,AGEM KIRI,3,PRA,P3,parietal,kiri,334.533,336.533,2.0,2.0,ok,video,0.0,True,False,False,8.78545658894523,9.264430704267511,6.706600334093409,6.762887569204587
P06,AGEM KIRI,3,PRA,O1,oksipital,kiri,334.533,336.533,2.0,2.0,ok,video,0.0,True,False,False,8.533771649706786,7.225358268538699,3.821237248460058,6.921049474288061
P06,AGEM KIRI,3,PRA,F7,frontotemporal,kiri,334.533,336.533,2.0,2.0,ok,video,0.0,True,False,False,8.56385225846389,8.998372116885378,7.048187764766361,7.088232747608345
P06,AGEM KIRI,3,PRA,T3,temporal,kiri,334.533,336.533,2.0,2.0,ok,video,0.0,True,False,False,6.938171218055572,8.904677003577604,7.064069506720941,6.1532590627282815
P06,AGEM KIRI,3,PRA,T5,temporo-posterior,kiri,334.533,336.533,2.0,2.0,ok,video,0.0,True,False,False,8.020109585323809,8.305010370576717,5.5953636255978125,6.13379452748368
P06,AGEM KIRI,3,PRA,Fp2,frontopolar,kanan,334.533,336.533,2.0,2.0,ok,video,0.0,True,False,False,0.06987216996915535,-1.2130242943254395,0.7105482970387431,-1.9708033113758603
P06,AGEM KIRI,3,PRA,F4,frontal,kanan,334.533,336.533,2.0,2.0,ok,video,0.2,False,False,False,,,,
P06,AGEM KIRI,3,PRA,C4,sentral,kanan,334.533,336.533,2.0,2.0,ok,video,0.0,True,False,False,-2.42985068933222,-5.553950002169639,-5.600974653290351,-3.941061316921761
P06,AGEM KIRI,3,PRA,P4,parietal,kanan,334.533,336.533,2.0,2.0,ok,video,0.0,True,False,False,-5.244424750244235,-7.292566741701201,-5.102331457613644,-4.579994184177394
P06,AGEM KIRI,3,PRA,O2,oksipital,kanan,334.533,336.533,2.0,2.0,ok,video,0.0,True,False,False,-3.6814228867438814,-4.094187434541382,-1.3568912595691742,-4.167656485805786
P06,AGEM KIRI,3,PRA,F8,frontotemporal,kanan,334.533,336.533,2.0,2.0,ok,video,0.0,True,False,False,-7.806730694869593,-5.089892719358971,-3.7605987984529854,-6.531157652627581
P06,AGEM KIRI,3,PRA,T4,temporal,kanan,334.533,336.533,2.0,2.0,ok,video,0.0,True,False,False,-4.546702526349328,-6.470213852981491,-3.5148854984472706,-6.161569354104913
P06,AGEM KIRI,3,PRA,T6,temporo-posterior,kanan,334.533,336.533,2.0,2.0,ok,video,0.0,True,False,False,-3.592137515751311,-4.453855368641101,-2.234773531946331,-3.9932809541443035
P06,AGEM KIRI,3,TURUN,Fp1,frontopolar,kiri,344.164,344.913,1.069,0.748,ok,video,0.0,True,False,False,4.842527719773898,10.713087286203205,10.480594455273845,6.760949312496422
P06,AGEM KIRI,3,TURUN,F3,frontal,kiri,344.164,344.913,1.069,0.748,ok,video,0.0,True,False,False,-4.267664035255692,0.3750910609838485,-0.1542200385640875,-4.274424449473273
P06,AGEM KIRI,3,TURUN,C3,sentral,kiri,344.164,344.913,1.069,0.748,ok,video,0.0,True,False,False,3.230917112914348,9.560535336925838,8.86474655945321,6.906673310638741
P06,AGEM KIRI,3,TURUN,P3,parietal,kiri,344.164,344.913,1.069,0.748,ok,video,0.0,True,False,False,6.088449908536404,9.831293615751065,11.033805024067206,8.752955851363005
P06,AGEM KIRI,3,TURUN,O1,oksipital,kiri,344.164,344.913,1.069,0.748,ok,video,0.0,True,False,False,6.016948590096689,8.067239936710202,7.628247377557706,10.335841731536782
P06,AGEM KIRI,3,TURUN,F7,frontotemporal,kiri,344.164,344.913,1.069,0.748,ok,video,0.0,True,False,False,5.3960046095720315,10.959899970552733,11.470483325184837,7.600462066735737
P06,AGEM KIRI,3,TURUN,T3,temporal,kiri,344.164,344.913,1.069,0.748,ok,video,0.0,True,False,False,4.163825277971462,9.643984092200348,11.337412196663884,5.954264173181755
P06,AGEM KIRI,3,TURUN,T5,temporo-posterior,kiri,344.164,344.913,1.069,0.748,ok,video,0.0,True,False,False,10.816801417989446,12.438134511829432,11.094039813897162,11.401514143733984
P06,AGEM KIRI,3,TURUN,Fp2,frontopolar,kanan,344.164,344.913,1.069,0.748,ok,video,0.0,True,False,False,2.3833095408842873,7.837735064306422,8.102927303043888,2.5889418212034307
P06,AGEM KIRI,3,TURUN,F4,frontal,kanan,344.164,344.913,1.069,0.748,ok,video,0.0,True,False,False,4.621690334007255,5.526182032029013,4.453466299579937,3.469786598426019
P06,AGEM KIRI,3,TURUN,C4,sentral,kanan,344.164,344.913,1.069,0.748,ok,video,0.0,True,False,False,5.969809606509308,7.985866132528365,6.273764329388953,5.47786265851958
P06,AGEM KIRI,3,TURUN,P4,parietal,kanan,344.164,344.913,1.069,0.748,ok,video,0.0,True,False,False,4.056530828732804,2.9150528778087974,2.1279110925860323,2.59847081617243
P06,AGEM KIRI,3,TURUN,O2,oksipital,kanan,344.164,344.913,1.069,0.748,ok,video,0.0,True,False,False,2.3494426173338425,4.45758925247916,5.769073116029663,2.420542183466509
P06,AGEM KIRI,3,TURUN,F8,frontotemporal,kanan,344.164,344.913,1.069,0.748,ok,video,0.0,True,False,False,0.9695206673805288,7.491025302751503,6.877789641213639,2.1004062434067237
P06,AGEM KIRI,3,TURUN,T4,temporal,kanan,344.164,344.913,1.069,0.748,ok,video,0.0,True,False,False,2.167476952621776,7.058910226147702,8.374605911289684,2.527854582141636
P06,AGEM KIRI,3,TURUN,T6,temporo-posterior,kanan,344.164,344.913,1.069,0.748,ok,video,0.0,True,False,False,8.726742958910776,6.880484840585581,7.468133773842425,6.089602317906319
P06,AGEM KIRI,3,TAHAN,Fp1,frontopolar,kiri,345.323,349.086,4.263,3.763,ok,video,0.0,True,False,False,-2.901487370484837,-3.288558484893393,-1.739624998631271,-1.0356627349635659
P06,AGEM KIRI,3,TAHAN,F3,frontal,kiri,345.323,349.086,4.263,3.763,ok,video,0.566,False,False,False,,,,
P06,AGEM KIRI,3,TAHAN,C3,sentral,kiri,345.323,349.086,4.263,3.763,ok,video,0.319,False,False,False,,,,
P06,AGEM KIRI,3,TAHAN,P3,parietal,kiri,345.323,349.086,4.263,3.763,ok,video,0.0,True,False,False,-4.546577902202106,-9.681901384285538,-5.129406922336546,-4.310051504506234
P06,AGEM KIRI,3,TAHAN,O1,oksipital,kiri,345.323,349.086,4.263,3.763,ok,video,0.0,True,False,False,-8.024581141982829,-7.590529026643271,-3.1573427327861623,-5.346878051253668
P06,AGEM KIRI,3,TAHAN,F7,frontotemporal,kiri,345.323,349.086,4.263,3.763,ok,video,0.0,True,False,False,4.372073115138555,1.6091640694226328,0.38090260300413803,3.3538165890493303
P06,AGEM KIRI,3,TAHAN,T3,temporal,kiri,345.323,349.086,4.263,3.763,ok,video,0.106,True,True,False,-3.5434946815272212,-5.47130856064026,-5.345718721750018,-4.376335568245949
P06,AGEM KIRI,3,TAHAN,T5,temporo-posterior,kiri,345.323,349.086,4.263,3.763,ok,video,0.0,True,False,False,-1.0033341606046946,-2.8531473369171145,-1.3175989253837308,-0.17975850209293043
P06,AGEM KIRI,3,TAHAN,Fp2,frontopolar,kanan,345.323,349.086,4.263,3.763,ok,video,0.0,True,False,False,3.141475951160558,1.4986604816421227,3.3782508765493695,1.210218353051559
P06,AGEM KIRI,3,TAHAN,F4,frontal,kanan,345.323,349.086,4.263,3.763,ok,video,0.0,True,False,False,-6.945549259332587,-1.9802726757991493,-3.113594771896004,-6.536177428404805
P06,AGEM KIRI,3,TAHAN,C4,sentral,kanan,345.323,349.086,4.263,3.763,ok,video,0.106,True,True,False,-11.676539970880448,-8.544936271024085,-4.177084420921204,-9.045738489704693
P06,AGEM KIRI,3,TAHAN,P4,parietal,kanan,345.323,349.086,4.263,3.763,ok,video,0.0,True,False,False,-4.100002532826487,-0.8657191936332964,-2.0533601620865625,-3.3212619478447607
P06,AGEM KIRI,3,TAHAN,O2,oksipital,kanan,345.323,349.086,4.263,3.763,ok,video,0.0,True,False,False,-2.848360182086793,-1.551074106656749,-2.227373938048732,-2.5643147419334795
P06,AGEM KIRI,3,TAHAN,F8,frontotemporal,kanan,345.323,349.086,4.263,3.763,ok,video,0.0,True,False,False,-6.436640164787775,-3.3381731369250573,-3.517709118619784,-7.239178949500786
P06,AGEM KIRI,3,TAHAN,T4,temporal,kanan,345.323,349.086,4.263,3.763,ok,video,0.0,True,False,False,-6.212254410503519,-5.2504777745994815,-1.3837748572401374,-5.843937006445415
P06,AGEM KIRI,3,TAHAN,T6,temporo-posterior,kanan,345.323,349.086,4.263,3.763,ok,video,0.0,True,False,False,7.310549639887057,4.764549219223099,3.3542801374612026,7.0047966105058705
P06,AGEM KIRI,3,NAIK,Fp1,frontopolar,kiri,349.486,350.186,1.0,0.7,ok,video,0.0,True,False,False,7.774970118146378,13.109280294562524,12.155459126814478,9.361597172648999
P06,AGEM KIRI,3,NAIK,F3,frontal,kiri,349.486,350.186,1.0,0.7,ok,video,0.0,True,False,False,0.42701466188655246,0.32377712298492867,0.5935814472111574,-1.597404548759421
P06,AGEM KIRI,3,NAIK,C3,sentral,kiri,349.486,350.186,1.0,0.7,ok,video,0.0,True,False,False,4.013634164718731,5.16846651441486,5.326455352367631,5.174894182225241
P06,AGEM KIRI,3,NAIK,P3,parietal,kiri,349.486,350.186,1.0,0.7,ok,video,0.0,True,False,False,7.34025652746346,8.844185654370513,9.098205140614425,7.735267618321117
P06,AGEM KIRI,3,NAIK,O1,oksipital,kiri,349.486,350.186,1.0,0.7,ok,video,0.0,True,False,False,5.008900101633962,5.3889994195895525,4.488713048507577,5.728556664942943
P06,AGEM KIRI,3,NAIK,F7,frontotemporal,kiri,349.486,350.186,1.0,0.7,ok,video,0.0,True,False,False,8.945573389915346,12.618432464682506,12.69231666845804,11.779446424960206
P06,AGEM KIRI,3,NAIK,T3,temporal,kiri,349.486,350.186,1.0,0.7,ok,video,0.0,True,False,False,10.047269325486226,10.590563069152758,10.441117258413485,8.514418939979137
P06,AGEM KIRI,3,NAIK,T5,temporo-posterior,kiri,349.486,350.186,1.0,0.7,ok,video,0.0,True,False,False,7.593130584376837,9.734156013588397,12.295356178743283,11.0470435836489
P06,AGEM KIRI,3,NAIK,Fp2,frontopolar,kanan,349.486,350.186,1.0,0.7,ok,video,0.0,True,False,False,4.815708923794215,0.4649111754667459,1.9567812156064335,3.9155450023171703
P06,AGEM KIRI,3,NAIK,F4,frontal,kanan,349.486,350.186,1.0,0.7,ok,video,0.0,True,False,False,2.3620817779572647,-0.38563060996635556,-1.5517674169239868,0.3908087975739676
P06,AGEM KIRI,3,NAIK,C4,sentral,kanan,349.486,350.186,1.0,0.7,ok,video,0.0,True,False,False,4.213702279466517,3.97823311071177,-3.2674050225422917,2.5075919046685193
P06,AGEM KIRI,3,NAIK,P4,parietal,kanan,349.486,350.186,1.0,0.7,ok,video,0.0,True,False,False,-0.1385671065562235,4.368882106201589,1.1294505651120375,0.7604413270068449
P06,AGEM KIRI,3,NAIK,O2,oksipital,kanan,349.486,350.186,1.0,0.7,ok,video,0.0,True,False,False,0.3520419448667482,2.737936355614252,-1.0215491017054923,0.7317630557379573
P06,AGEM KIRI,3,NAIK,F8,frontotemporal,kanan,349.486,350.186,1.0,0.7,ok,video,0.0,True,False,False,4.454565962183359,0.784822179654924,-2.3970083927137154,2.343812070879096
P06,AGEM KIRI,3,NAIK,T4,temporal,kanan,349.486,350.186,1.0,0.7,ok,video,0.0,True,False,False,3.405772734283751,3.824607487729189,-0.8734359390166588,0.6153280514189916
P06,AGEM KIRI,3,NAIK,T6,temporo-posterior,kanan,349.486,350.186,1.0,0.7,ok,video,0.0,True,False,False,7.979817488151397,8.785894648229672,3.152806432642013,7.501451638705319
P06,AGEM KIRI,3,POST,Fp1,frontopolar,kiri,350.836,352.336,1.5,1.5,ok,video,0.0,True,False,False,0.08227478121040122,3.264122205174658,3.4276072389105643,0.4991196448639954
P06,AGEM KIRI,3,POST,F3,frontal,kiri,350.836,352.336,1.5,1.5,ok,video,0.0,True,False,False,-11.676035537717937,-10.954714008063366,-8.665974117243401,-10.91860976150365
P06,AGEM KIRI,3,POST,C3,sentral,kiri,350.836,352.336,1.5,1.5,ok,video,0.0,True,False,False,-0.9855595720874533,-3.8266692332919803,-1.9899907038397586,-0.6369587134336534
P06,AGEM KIRI,3,POST,P3,parietal,kiri,350.836,352.336,1.5,1.5,ok,video,0.0,True,False,False,-4.837065692301003,-3.5097006297085542,0.3400986850086767,-2.4259512488318293
P06,AGEM KIRI,3,POST,O1,oksipital,kiri,350.836,352.336,1.5,1.5,ok,video,0.0,True,False,False,0.10919789000133306,-3.857234407777419,-1.0573673405450066,-0.06262171100743785
P06,AGEM KIRI,3,POST,F7,frontotemporal,kiri,350.836,352.336,1.5,1.5,ok,video,0.0,True,False,False,3.3428830107397545,2.0789380751661497,3.4910920093634914,3.298307100650611
P06,AGEM KIRI,3,POST,T3,temporal,kiri,350.836,352.336,1.5,1.5,ok,video,0.0,True,False,False,-6.923642825844759,-7.2548109323367385,-6.105483479908049,-2.5484457312950894
P06,AGEM KIRI,3,POST,T5,temporo-posterior,kiri,350.836,352.336,1.5,1.5,ok,video,0.0,True,False,False,6.438108798039366,-0.8896896598987496,1.232953693040951,5.28545066174695
P06,AGEM KIRI,3,POST,Fp2,frontopolar,kanan,350.836,352.336,1.5,1.5,ok,video,0.0,True,False,False,3.4300680276761497,1.0233624322055235,3.5541119790582805,0.35454824370794924
P06,AGEM KIRI,3,POST,F4,frontal,kanan,350.836,352.336,1.5,1.5,ok,video,0.0,True,False,False,8.050122966252388,3.3269511899996473,3.2510310514587246,4.045539711347622
P06,AGEM KIRI,3,POST,C4,sentral,kanan,350.836,352.336,1.5,1.5,ok,video,0.0,True,False,False,1.8115213301452826,-2.1321434822583214,-1.1769096649139392,-0.5358202738828943
P06,AGEM KIRI,3,POST,P4,parietal,kanan,350.836,352.336,1.5,1.5,ok,video,0.0,True,False,False,1.9485615734862733,-1.785876550579733,-0.719936874851264,-0.6054509352906976
P06,AGEM KIRI,3,POST,O2,oksipital,kanan,350.836,352.336,1.5,1.5,ok,video,0.0,True,False,False,4.722061981870048,1.1913498507386748,1.558033460238203,2.1158090897006403
P06,AGEM KIRI,3,POST,F8,frontotemporal,kanan,350.836,352.336,1.5,1.5,ok,video,0.0,True,False,False,8.841409781681882,5.786884795126717,6.424644160001737,5.185745828448589
P06,AGEM KIRI,3,POST,T4,temporal,kanan,350.836,352.336,1.5,1.5,ok,video,0.0,True,False,False,0.9323078068742987,-1.6848963492827167,2.2637819942979256,-1.7412368343404339
P06,AGEM KIRI,3,POST,T6,temporo-posterior,kanan,350.836,352.336,1.5,1.5,ok,video,0.0,True,False,False,1.5777880610321873,-0.0825120095943177,0.7101239687785679,0.4614732017640506
P06,AGEM KIRI,4,PRA,Fp1,frontopolar,kiri,357.335,359.335,2.0,2.0,ok,video,0.0,True,False,False,3.127601763431059,3.8563006853607504,2.0162648112722508,4.555356252552073
P06,AGEM KIRI,4,PRA,F3,frontal,kiri,357.335,359.335,2.0,2.0,ok,video,0.0,True,False,False,-4.361792433834729,-1.9822163810982687,-1.7816604057345131,0.19971410416837188
P06,AGEM KIRI,4,PRA,C3,sentral,kiri,357.335,359.335,2.0,2.0,ok,video,0.0,True,False,False,-2.442703604761391,0.5156305804121217,0.03769975631607636,-1.8901096230912593
P06,AGEM KIRI,4,PRA,P3,parietal,kiri,357.335,359.335,2.0,2.0,ok,video,0.0,True,False,False,-1.5678454773621553,-3.785878191096792,-2.4122133526362646,-2.5337332859175774
P06,AGEM KIRI,4,PRA,O1,oksipital,kiri,357.335,359.335,2.0,2.0,ok,video,0.0,True,False,False,-0.21036692045189653,-1.3603312615664152,-2.5863010781529816,0.03446820097570935
P06,AGEM KIRI,4,PRA,F7,frontotemporal,kiri,357.335,359.335,2.0,2.0,ok,video,0.0,True,False,False,3.1009448279320964,1.579229234991061,3.0831779196950038,2.9767327992094366
P06,AGEM KIRI,4,PRA,T3,temporal,kiri,357.335,359.335,2.0,2.0,ok,video,0.0,True,False,False,-0.16440945051618883,-0.7277668354829956,-2.5636098459645034,0.4730248020858596
P06,AGEM KIRI,4,PRA,T5,temporo-posterior,kiri,357.335,359.335,2.0,2.0,ok,video,0.0,True,False,False,3.3761356790562687,3.0106463611352794,1.8866479085034875,3.8971170178907215
P06,AGEM KIRI,4,PRA,Fp2,frontopolar,kanan,357.335,359.335,2.0,2.0,ok,video,0.0,True,False,False,2.991722850015311,-0.15523108259064955,-2.0057121469054913,0.30730469761050827
P06,AGEM KIRI,4,PRA,F4,frontal,kanan,357.335,359.335,2.0,2.0,ok,video,0.0,True,False,False,-7.082763642919961,-2.3751173380517194,-7.130903243981791,-7.586659455068421
P06,AGEM KIRI,4,PRA,C4,sentral,kanan,357.335,359.335,2.0,2.0,ok,video,0.0,True,False,False,-5.6138385609566015,-0.07956349458059364,-4.623950652697225,-3.2693857082611757
P06,AGEM KIRI,4,PRA,P4,parietal,kanan,357.335,359.335,2.0,2.0,ok,video,0.0,True,False,False,-3.603662158493549,-1.8328467515546762,-3.690416656038259,-2.629858909869931
P06,AGEM KIRI,4,PRA,O2,oksipital,kanan,357.335,359.335,2.0,2.0,ok,video,0.0,True,False,False,-2.8400114321952046,-4.014714755877776,-5.228731369469948,-3.6313694567343333
P06,AGEM KIRI,4,PRA,F8,frontotemporal,kanan,357.335,359.335,2.0,2.0,ok,video,0.0,True,False,False,-1.5737796913365294,-4.475899072830298,-4.085210145412031,-4.385994860194931
P06,AGEM KIRI,4,PRA,T4,temporal,kanan,357.335,359.335,2.0,2.0,ok,video,0.0,True,False,False,0.09687614340791839,-2.887270310633369,-2.7305771442825204,-3.368666021736587
P06,AGEM KIRI,4,PRA,T6,temporo-posterior,kanan,357.335,359.335,2.0,2.0,ok,video,0.0,True,False,False,-2.2489855103739558,-0.11976694702097035,-2.154668858665822,-1.8622033128971722
P06,AGEM KIRI,4,TURUN,Fp1,frontopolar,kiri,360.033,360.832,1.141,0.799,ok,video,0.0,True,False,False,12.180923173802036,11.867670729191964,10.980856776310759,12.415015533262803
P06,AGEM KIRI,4,TURUN,F3,frontal,kiri,360.033,360.832,1.141,0.799,ok,video,0.0,True,False,False,0.3661228177276641,1.8585191589586074,-0.03295503351471396,0.7979454442426217
P06,AGEM KIRI,4,TURUN,C3,sentral,kiri,360.033,360.832,1.141,0.799,ok,video,0.0,True,False,False,7.795596546241299,4.710120179354973,3.460302427939091,7.9389379033383385
P06,AGEM KIRI,4,TURUN,P3,parietal,kiri,360.033,360.832,1.141,0.799,ok,video,0.0,True,False,False,10.873894391754462,6.906994119829022,5.76121704045298,11.139067292451209
P06,AGEM KIRI,4,TURUN,O1,oksipital,kiri,360.033,360.832,1.141,0.799,ok,video,0.0,True,False,False,8.711935420283275,5.045872709018639,2.265726640342333,8.55821182538417
P06,AGEM KIRI,4,TURUN,F7,frontotemporal,kiri,360.033,360.832,1.141,0.799,ok,video,0.0,True,False,False,11.90577571938018,10.32701213256221,9.7764134536964,12.261212276292731
P06,AGEM KIRI,4,TURUN,T3,temporal,kiri,360.033,360.832,1.141,0.799,ok,video,0.0,True,False,False,12.255547445473852,10.154379227840913,10.150558191031521,13.314533634305157
P06,AGEM KIRI,4,TURUN,T5,temporo-posterior,kiri,360.033,360.832,1.141,0.799,ok,video,0.0,True,False,False,11.000040624213199,9.242282980704395,8.132753269119299,10.672705040840867
P06,AGEM KIRI,4,TURUN,Fp2,frontopolar,kanan,360.033,360.832,1.141,0.799,ok,video,0.0,True,False,False,6.556476117132778,5.541078219652327,5.623160798758725,3.5791945994513767
P06,AGEM KIRI,4,TURUN,F4,frontal,kanan,360.033,360.832,1.141,0.799,ok,video,0.0,True,False,False,-4.599317831832231,-3.996919555365988,-4.604274398973953,-5.375528724159608
P06,AGEM KIRI,4,TURUN,C4,sentral,kanan,360.033,360.832,1.141,0.799,ok,video,0.0,True,False,False,0.28503426290710365,-0.6027608367977955,0.5275285872214823,-0.8312991804087453
P06,AGEM KIRI,4,TURUN,P4,parietal,kanan,360.033,360.832,1.141,0.799,ok,video,0.0,True,False,False,-1.2995152810322423,-0.6743198317155858,-0.29996957939409796,0.09593964171163094
P06,AGEM KIRI,4,TURUN,O2,oksipital,kanan,360.033,360.832,1.141,0.799,ok,video,0.0,True,False,False,0.9768473722034372,-1.1821879884832498,0.7711116007413921,4.2542035793955435
P06,AGEM KIRI,4,TURUN,F8,frontotemporal,kanan,360.033,360.832,1.141,0.799,ok,video,0.0,True,False,False,-0.9033184440982573,-1.955585782916124,0.9715486499573984,-0.5766694854710757
P06,AGEM KIRI,4,TURUN,T4,temporal,kanan,360.033,360.832,1.141,0.799,ok,video,0.0,True,False,False,2.016828266620365,0.06648099278525166,3.5565094084498767,3.916604401649309
P06,AGEM KIRI,4,TURUN,T6,temporo-posterior,kanan,360.033,360.832,1.141,0.799,ok,video,0.0,True,False,False,6.4915676890932446,6.656749771083049,3.2973225663256613,4.704233334710722
P06,AGEM KIRI,4,TAHAN,Fp1,frontopolar,kiri,361.253,363.348,2.595,2.095,ok,video,0.0,True,False,False,-3.6693524018297623,-2.484297242508763,-3.055911428830022,-2.5334647999553717
P06,AGEM KIRI,4,TAHAN,F3,frontal,kiri,361.253,363.348,2.595,2.095,ok,video,0.0,True,False,False,-14.07214976295898,-11.608048952878661,-11.236377975344254,-12.410344988218625
P06,AGEM KIRI,4,TAHAN,C3,sentral,kiri,361.253,363.348,2.595,2.095,ok,video,0.0,True,False,False,-3.0427082761758086,-3.107660396450015,-1.4190362308673627,-1.195996281365911
P06,AGEM KIRI,4,TAHAN,P3,parietal,kiri,361.253,363.348,2.595,2.095,ok,video,0.0,True,False,False,4.2277261742720285,2.171722507463606,1.7754914684487417,3.560601648504786
P06,AGEM KIRI,4,TAHAN,O1,oksipital,kiri,361.253,363.348,2.595,2.095,ok,video,0.0,True,False,False,-1.6912383836541736,-1.567200036759644,-1.3510759351317247,-0.988360293513125
P06,AGEM KIRI,4,TAHAN,F7,frontotemporal,kiri,361.253,363.348,2.595,2.095,ok,video,0.0,True,False,False,3.2135051802478642,6.75363769810243,7.46520186301975,7.202135655285879
P06,AGEM KIRI,4,TAHAN,T3,temporal,kiri,361.253,363.348,2.595,2.095,ok,video,0.0,True,False,False,-1.3631898090779373,1.579678937007806,4.770984877629019,2.4847130136613984
P06,AGEM KIRI,4,TAHAN,T5,temporo-posterior,kiri,361.253,363.348,2.595,2.095,ok,video,0.0,True,False,False,7.5857158373086335,4.802384006400139,4.86966872112302,6.214773086219822
P06,AGEM KIRI,4,TAHAN,Fp2,frontopolar,kanan,361.253,363.348,2.595,2.095,ok,video,0.0,True,False,False,1.2177923380850935,0.4759752727973563,2.5200693490195825,1.6100505609035984
P06,AGEM KIRI,4,TAHAN,F4,frontal,kanan,361.253,363.348,2.595,2.095,ok,video,0.904,False,False,False,,,,
P06,AGEM KIRI,4,TAHAN,C4,sentral,kanan,361.253,363.348,2.595,2.095,ok,video,0.809,False,False,False,,,,
P06,AGEM KIRI,4,TAHAN,P4,parietal,kanan,361.253,363.348,2.595,2.095,ok,video,0.522,False,False,False,,,,
P06,AGEM KIRI,4,TAHAN,O2,oksipital,kanan,361.253,363.348,2.595,2.095,ok,video,0.0,True,False,False,-1.8581001271128983,-4.4102412695748825,-1.9110791960751783,0.0034224486897755924
P06,AGEM KIRI,4,TAHAN,F8,frontotemporal,kanan,361.253,363.348,2.595,2.095,ok,video,0.0,True,False,False,-8.788342364206038,-8.801018811621955,-4.320550842152855,-7.530868441028645
P06,AGEM KIRI,4,TAHAN,T4,temporal,kanan,361.253,363.348,2.595,2.095,ok,video,0.0,True,False,False,-1.4580420627784534,-4.1131880022739225,-0.5482135037291975,-1.8771029988298338
P06,AGEM KIRI,4,TAHAN,T6,temporo-posterior,kanan,361.253,363.348,2.595,2.095,ok,video,0.0,True,False,False,5.3563422684791675,-0.5440914356844928,0.4244852058884483,4.981312173772466
P06,AGEM KIRI,4,NAIK,Fp1,frontopolar,kiri,363.758,364.507,1.069,0.748,ok,video,0.0,True,False,False,0.9680610018810754,1.2386132973615176,0.8447877333101808,-0.09355903388944142
P06,AGEM KIRI,4,NAIK,F3,frontal,kiri,363.758,364.507,1.069,0.748,ok,video,0.0,True,False,False,-10.806942946969574,-9.696085970633632,-11.252704075555922,-10.811799275081231
P06,AGEM KIRI,4,NAIK,C3,sentral,kiri,363.758,364.507,1.069,0.748,ok,video,0.0,True,False,False,-4.572140319716283,-2.6625473142796245,-3.095826161016859,-4.389918208839116
P06,AGEM KIRI,4,NAIK,P3,parietal,kiri,363.758,364.507,1.069,0.748,ok,video,0.0,True,False,False,-4.089339213181852,-3.440396204350453,-2.923085229017424,-2.47884044840945
P06,AGEM KIRI,4,NAIK,O1,oksipital,kiri,363.758,364.507,1.069,0.748,ok,video,0.0,True,False,False,-1.6038861581431973,-1.8599722228107858,-1.957109272446246,-1.5229911908203206
P06,AGEM KIRI,4,NAIK,F7,frontotemporal,kiri,363.758,364.507,1.069,0.748,ok,video,0.0,True,False,False,0.6790229975831821,-2.1853729738807814,-0.1315963526177022,-1.178980793786856
P06,AGEM KIRI,4,NAIK,T3,temporal,kiri,363.758,364.507,1.069,0.748,ok,video,0.0,True,False,False,-3.3992921147279986,-2.2290417332705132,-1.6566756688568312,-2.3710367335003752
P06,AGEM KIRI,4,NAIK,T5,temporo-posterior,kiri,363.758,364.507,1.069,0.748,ok,video,0.0,True,False,False,0.7058674882773133,3.640539398140092,2.553164849843135,1.118366099498033
P06,AGEM KIRI,4,NAIK,Fp2,frontopolar,kanan,363.758,364.507,1.069,0.748,ok,video,0.0,True,False,False,0.16007210406091943,-0.6568232962475307,5.041957864375863,-1.7396460783118215
P06,AGEM KIRI,4,NAIK,F4,frontal,kanan,363.758,364.507,1.069,0.748,ok,video,0.0,True,False,False,1.3043743666094514,5.479130163605717,4.408536698746438,1.718633930715363
P06,AGEM KIRI,4,NAIK,C4,sentral,kanan,363.758,364.507,1.069,0.748,ok,video,0.0,True,False,False,3.654014348882775,7.406080505454142,6.399565378904214,4.066086228905139
P06,AGEM KIRI,4,NAIK,P4,parietal,kanan,363.758,364.507,1.069,0.748,ok,video,0.0,True,False,False,1.314830786523359,4.970154523049054,1.8014815932013448,2.2702230293760692
P06,AGEM KIRI,4,NAIK,O2,oksipital,kanan,363.758,364.507,1.069,0.748,ok,video,0.0,True,False,False,2.8832313536475453,5.386087026460352,3.5849233696397356,2.1361118181711376
P06,AGEM KIRI,4,NAIK,F8,frontotemporal,kanan,363.758,364.507,1.069,0.748,ok,video,0.0,True,False,False,-1.7152506134551437,2.1913318862074433,3.744870162874033,-2.1810998176196144
P06,AGEM KIRI,4,NAIK,T4,temporal,kanan,363.758,364.507,1.069,0.748,ok,video,0.0,True,False,False,-4.372320985446912,-2.7779542588941126,0.42942024285845193,-6.095243603343441
P06,AGEM KIRI,4,NAIK,T6,temporo-posterior,kanan,363.758,364.507,1.069,0.748,ok,video,0.0,True,False,False,5.770468478298184,4.399779471447587,3.167494771948249,3.730396907466769
P06,AGEM KIRI,4,POST,Fp1,frontopolar,kiri,365.167,366.667,1.5,1.5,ok,video,0.0,True,False,False,9.3414589823129,9.613350437087945,6.168939129208976,10.162457384605204
P06,AGEM KIRI,4,POST,F3,frontal,kiri,365.167,366.667,1.5,1.5,ok,video,0.0,True,False,False,-4.091340271867594,-3.4298628348664124,-5.838032698279431,-4.530351566275662
P06,AGEM KIRI,4,POST,C3,sentral,kiri,365.167,366.667,1.5,1.5,ok,video,0.0,True,False,False,2.1872134954471036,0.852222486552165,-2.032827271555135,1.3639306016717292
P06,AGEM KIRI,4,POST,P3,parietal,kiri,365.167,366.667,1.5,1.5,ok,video,0.0,True,False,False,2.267647554437943,0.4346994327973661,-0.6293589595363542,1.284238538821043
P06,AGEM KIRI,4,POST,O1,oksipital,kiri,365.167,366.667,1.5,1.5,ok,video,0.0,True,False,False,4.164481715365696,0.8558565176233017,-1.9235611681417595,3.6420063949455894
P06,AGEM KIRI,4,POST,F7,frontotemporal,kiri,365.167,366.667,1.5,1.5,ok,video,0.0,True,False,False,5.46496731202695,6.6260224624544435,2.197909531323365,5.809168766785113
P06,AGEM KIRI,4,POST,T3,temporal,kiri,365.167,366.667,1.5,1.5,ok,video,0.0,True,False,False,3.655832659388693,5.664406727772679,2.9574379384217693,4.952332311043605
P06,AGEM KIRI,4,POST,T5,temporo-posterior,kiri,365.167,366.667,1.5,1.5,ok,video,0.0,True,False,False,2.9215855604868395,2.6126873578169167,1.2229574293451648,3.146806132835927
P06,AGEM KIRI,4,POST,Fp2,frontopolar,kanan,365.167,366.667,1.5,1.5,ok,video,0.0,True,False,False,4.935414233992375,5.709347258782074,6.6740133698271045,5.357539403311264
P06,AGEM KIRI,4,POST,F4,frontal,kanan,365.167,366.667,1.5,1.5,ok,video,0.0,True,False,False,8.724093394583008,5.272665400657978,0.9827166959504225,5.852714234668831
P06,AGEM KIRI,4,POST,C4,sentral,kanan,365.167,366.667,1.5,1.5,ok,video,0.0,True,False,False,9.795980914056948,8.229843526067675,4.2063381884380995,8.477937620375894
P06,AGEM KIRI,4,POST,P4,parietal,kanan,365.167,366.667,1.5,1.5,ok,video,0.0,True,False,False,10.98801085576747,6.92657037661008,2.9974111901044154,9.176022294677047
P06,AGEM KIRI,4,POST,O2,oksipital,kanan,365.167,366.667,1.5,1.5,ok,video,0.0,True,False,False,10.72453250400951,6.846366612701203,4.754208436047072,8.054434731525504
P06,AGEM KIRI,4,POST,F8,frontotemporal,kanan,365.167,366.667,1.5,1.5,ok,video,0.0,True,False,False,6.141150137452044,1.3520224621126467,1.6600203794852604,3.011480943548378
P06,AGEM KIRI,4,POST,T4,temporal,kanan,365.167,366.667,1.5,1.5,ok,video,0.0,True,False,False,2.2627310372323635,-0.668697259432605,1.7997044055990479,1.5162954277339438
P06,AGEM KIRI,4,POST,T6,temporo-posterior,kanan,365.167,366.667,1.5,1.5,ok,video,0.0,True,False,False,13.065336776706033,10.276081703034613,6.740783925878603,11.407926531557045
