participant_id,task,rep,phase,channel,area,hemisphere,t0_video,t1_video,dur_phase_sec,win_sec,compliance,phase_source,flat_frac,valid,salvaged,is_simulated,theta_db,mu_db,beta_db,broad_db
P07,NGEED,1,PRA,Fp1,frontopolar,kiri,3.701,5.701,2.0,2.0,ok,video,0.0,True,False,False,1.9422921210669095,-2.326956948772356,-1.5287113566330426,-1.2463739684606168
P07,NGEED,1,PRA,F3,frontal,kiri,3.701,5.701,2.0,2.0,ok,video,0.2,True,True,False,-7.241615554972366,-6.048166821589408,-3.979841370690032,-6.142592145377787
P07,NGEED,1,PRA,C3,sentral,kiri,3.701,5.701,2.0,2.0,ok,video,0.0,True,False,False,-8.240495517465835,-5.301606641933915,-4.590279593224615,-7.888663383357716
P07,NGEED,1,PRA,P3,parietal,kiri,3.701,5.701,2.0,2.0,ok,video,0.0,True,False,False,-2.050733569721338,-3.0578994780290465,-3.949742786598126,-3.8632115879214552
P07,NGEED,1,PRA,O1,oksipital,kiri,3.701,5.701,2.0,2.0,ok,video,0.0,True,False,False,-10.695564476855097,-9.062254758299037,-6.818641574541854,-9.491887565072687
P07,NGEED,1,PRA,F7,frontotemporal,kiri,3.701,5.701,2.0,2.0,ok,video,0.0,True,False,False,6.392771394232781,0.9416645864307363,2.066010672777832,5.046200557688785
P07,NGEED,1,PRA,T3,temporal,kiri,3.701,5.701,2.0,2.0,ok,video,0.0,True,False,False,-5.602722458266349,-5.841953952890826,-5.64989308357595,-5.922471005500189
P07,NGEED,1,PRA,T5,temporo-posterior,kiri,3.701,5.701,2.0,2.0,ok,video,0.0,True,False,False,6.839672190004816,2.2667906876865196,3.135954333081788,4.85322039870049
P07,NGEED,1,PRA,Fp2,frontopolar,kanan,3.701,5.701,2.0,2.0,ok,video,0.0,True,False,False,4.967821150047982,-0.6532824853719461,2.0054293175313234,1.5923065516791652
P07,NGEED,1,PRA,F4,frontal,kanan,3.701,5.701,2.0,2.0,ok,video,0.125,True,True,False,-4.399057526080391,-8.22264309543447,-8.186275138143312,-6.626388425579389
P07,NGEED,1,PRA,C4,sentral,kanan,3.701,5.701,2.0,2.0,ok,video,0.0,True,False,False,-4.325058005950346,-11.988743427747607,-9.845803119943362,-3.943085347389111
P07,NGEED,1,PRA,P4,parietal,kanan,3.701,5.701,2.0,2.0,ok,video,0.0,True,False,False,-4.3071630043334395,-7.165187229140269,-5.926843631050712,-5.664861105970829
P07,NGEED,1,PRA,O2,oksipital,kanan,3.701,5.701,2.0,2.0,ok,video,0.0,True,False,False,-2.4614439782589628,-5.561382216033039,-6.252479304922566,-4.193034724954995
P07,NGEED,1,PRA,F8,frontotemporal,kanan,3.701,5.701,2.0,2.0,ok,video,0.0,True,False,False,-2.6962961066604336,-5.299936067879095,-5.313395164285733,-4.856004649463799
P07,NGEED,1,PRA,T4,temporal,kanan,3.701,5.701,2.0,2.0,ok,video,0.0,True,False,False,-3.596933890676631,-6.602905368907177,-4.32915031707741,-4.602047120410742
P07,NGEED,1,PRA,T6,temporo-posterior,kanan,3.701,5.701,2.0,2.0,ok,video,0.0,True,False,False,-5.0801601341395255,-7.168620925482735,-6.478514248568278,-6.911785575505135
P07,NGEED,1,TURUN,Fp1,frontopolar,kiri,7.353,8.728,1.875,1.375,ok,video,0.0,True,False,False,-0.5385881164011508,2.630391220528228,0.9571259848282132,-0.2651383043412636
P07,NGEED,1,TURUN,F3,frontal,kiri,7.353,8.728,1.875,1.375,ok,video,0.0,True,False,False,-5.597670384829396,-2.158421142825464,-4.453066852524913,-4.579884592177702
P07,NGEED,1,TURUN,C3,sentral,kiri,7.353,8.728,1.875,1.375,ok,video,0.0,True,False,False,-2.4531759443397583,-0.23445850329927964,-0.19336405169140036,-2.259878825561728
P07,NGEED,1,TURUN,P3,parietal,kiri,7.353,8.728,1.875,1.375,ok,video,0.0,True,False,False,0.3441801672833549,2.556781798330128,-0.3963163967304766,-0.24599682541606072
P07,NGEED,1,TURUN,O1,oksipital,kiri,7.353,8.728,1.875,1.375,ok,video,0.0,True,False,False,-6.7496206961416725,0.6420894576728848,-2.388223243298846,-3.506624535133078
P07,NGEED,1,TURUN,F7,frontotemporal,kiri,7.353,8.728,1.875,1.375,ok,video,0.0,True,False,False,-2.4277876261811926,-2.563668110462075,-3.1619077143711607,-2.672244194723291
P07,NGEED,1,TURUN,T3,temporal,kiri,7.353,8.728,1.875,1.375,ok,video,0.0,True,False,False,-5.937920738831711,-0.06074415555019286,-3.2262607931697254,-2.53432522609263
P07,NGEED,1,TURUN,T5,temporo-posterior,kiri,7.353,8.728,1.875,1.375,ok,video,0.0,True,False,False,-5.294947461804501,-1.5579886881812932,-4.164523000865058,-4.44501767442312
P07,NGEED,1,TURUN,Fp2,frontopolar,kanan,7.353,8.728,1.875,1.375,ok,video,0.0,True,False,False,-5.70906098636911,-2.5905726698811833,-4.4134473937775205,-4.844743460380364
P07,NGEED,1,TURUN,F4,frontal,kanan,7.353,8.728,1.875,1.375,ok,video,1.0,False,False,False,,,,
P07,NGEED,1,TURUN,C4,sentral,kanan,7.353,8.728,1.875,1.375,ok,video,1.0,False,False,False,,,,
P07,NGEED,1,TURUN,P4,parietal,kanan,7.353,8.728,1.875,1.375,ok,video,0.438,True,True,False,-15.431236084781183,-6.939986742900171,-3.8548954994436606,-9.863851250650406
P07,NGEED,1,TURUN,O2,oksipital,kanan,7.353,8.728,1.875,1.375,ok,video,0.708,False,False,False,,,,
P07,NGEED,1,TURUN,F8,frontotemporal,kanan,7.353,8.728,1.875,1.375,ok,video,0.343,True,True,False,-14.874185960960816,-7.672825937325257,-10.26723541353368,-10.339137621084681
P07,NGEED,1,TURUN,T4,temporal,kanan,7.353,8.728,1.875,1.375,ok,video,1.0,False,False,False,,,,
P07,NGEED,1,TURUN,T6,temporo-posterior,kanan,7.353,8.728,1.875,1.375,ok,video,0.708,False,False,False,,,,
P07,NGEED,1,TAHAN,Fp1,frontopolar,kiri,9.228,11.325,2.597,2.097,ok,video,0.0,True,False,False,-0.8562054428840504,-2.2558510915534065,2.0243056000030535,-0.8896701715349558
P07,NGEED,1,TAHAN,F3,frontal,kiri,9.228,11.325,2.597,2.097,ok,video,0.0,True,False,False,-7.866549969489103,-7.040824266979609,-3.2981488739072375,-6.829075265752806
P07,NGEED,1,TAHAN,C3,sentral,kiri,9.228,11.325,2.597,2.097,ok,video,0.0,True,False,False,-7.697459203627712,-6.811777185267079,-3.453119371607432,-7.660776582210808
P07,NGEED,1,TAHAN,P3,parietal,kiri,9.228,11.325,2.597,2.097,ok,video,0.0,True,False,False,-3.873741918511101,-7.68243173990629,-2.9113917363405903,-5.684164841470242
P07,NGEED,1,TAHAN,O1,oksipital,kiri,9.228,11.325,2.597,2.097,ok,video,0.0,True,False,False,-8.704101529998617,-7.842069601884308,-6.001652677377038,-7.458568101303037
P07,NGEED,1,TAHAN,F7,frontotemporal,kiri,9.228,11.325,2.597,2.097,ok,video,0.0,True,False,False,-5.340854109703315,-6.880738518917877,-2.5247362978809456,-5.040102155271015
P07,NGEED,1,TAHAN,T3,temporal,kiri,9.228,11.325,2.597,2.097,ok,video,0.0,True,False,False,-2.7529573259019458,1.2007331129095569,-4.98701374414642,-3.7181689995308638
P07,NGEED,1,TAHAN,T5,temporo-posterior,kiri,9.228,11.325,2.597,2.097,ok,video,0.0,True,False,False,-6.925393996867911,-8.19665256880775,-4.926366725070583,-7.056694358809281
P07,NGEED,1,TAHAN,Fp2,frontopolar,kanan,9.228,11.325,2.597,2.097,ok,video,0.967,False,False,False,,,,
P07,NGEED,1,TAHAN,F4,frontal,kanan,9.228,11.325,2.597,2.097,ok,video,0.681,False,False,False,,,,
P07,NGEED,1,TAHAN,C4,sentral,kanan,9.228,11.325,2.597,2.097,ok,video,0.586,False,False,False,,,,
P07,NGEED,1,TAHAN,P4,parietal,kanan,9.228,11.325,2.597,2.097,ok,video,0.0,True,False,False,-11.148455103867363,-9.859833520297176,-6.578909717231923,-10.725394571735258
P07,NGEED,1,TAHAN,O2,oksipital,kanan,9.228,11.325,2.597,2.097,ok,video,0.3,True,True,False,-14.146962082396549,-13.338050967302816,-10.280611030523687,-11.398019352571122
P07,NGEED,1,TAHAN,F8,frontotemporal,kanan,9.228,11.325,2.597,2.097,ok,video,0.49,True,True,False,-17.934021031405994,-22.175968474425012,-16.416977483216808,-18.463383406554748
P07,NGEED,1,TAHAN,T4,temporal,kanan,9.228,11.325,2.597,2.097,ok,video,1.0,False,False,False,,,,
P07,NGEED,1,TAHAN,T6,temporo-posterior,kanan,9.228,11.325,2.597,2.097,ok,video,0.3,True,True,False,-13.298621337008264,-10.95678116814123,-9.053783875489579,-9.474768589045638
P07,NGEED,1,NAIK,Fp1,frontopolar,kiri,11.694,12.247,0.791,0.554,ok,video,0.0,True,False,False,-3.21988249537986,3.0249919671027925,-3.725353103428535,-1.0878821872724984
P07,NGEED,1,NAIK,F3,frontal,kiri,11.694,12.247,0.791,0.554,ok,video,0.0,True,False,False,-4.387308710973887,2.592449882648147,-1.0701610929870178,-0.3944378507750379
P07,NGEED,1,NAIK,C3,sentral,kiri,11.694,12.247,0.791,0.554,ok,video,0.0,True,False,False,-2.7415671640778996,2.7336491193150323,-1.9217661371275234,-0.48223357230619257
P07,NGEED,1,NAIK,P3,parietal,kiri,11.694,12.247,0.791,0.554,ok,video,0.0,True,False,False,-2.460509404512475,4.051929402162706,-0.141165410444124,0.05759508456203832
P07,NGEED,1,NAIK,O1,oksipital,kiri,11.694,12.247,0.791,0.554,ok,video,0.0,True,False,False,-6.449469539953828,-4.31884512466382,-2.4424893663854164,-4.909166195313205
P07,NGEED,1,NAIK,F7,frontotemporal,kiri,11.694,12.247,0.791,0.554,ok,video,0.0,True,False,False,-5.543101783890137,3.1117596124065976,0.02306544910305064,-0.16542516173266364
P07,NGEED,1,NAIK,T3,temporal,kiri,11.694,12.247,0.791,0.554,ok,video,0.0,True,False,False,0.0664102509961495,-6.733137093758494,-0.7321420464952091,-0.5546496426474938
P07,NGEED,1,NAIK,T5,temporo-posterior,kiri,11.694,12.247,0.791,0.554,ok,video,0.0,True,False,False,0.635190531330661,-3.556576717941539,-0.15820667953524747,0.30652877069265827
P07,NGEED,1,NAIK,Fp2,frontopolar,kanan,11.694,12.247,0.791,0.554,ok,video,0.0,True,False,False,-11.500252761508378,-8.538262523812989,-3.8051327762624823,-9.096878471417952
P07,NGEED,1,NAIK,F4,frontal,kanan,11.694,12.247,0.791,0.554,ok,video,0.0,True,False,False,-12.534035796312029,-4.284720184851736,-5.7295458781261,-7.825307212144029
P07,NGEED,1,NAIK,C4,sentral,kanan,11.694,12.247,0.791,0.554,ok,video,0.0,True,False,False,-8.456679967406032,-8.074448736451007,-8.534909217938662,-9.527457990421446
P07,NGEED,1,NAIK,P4,parietal,kanan,11.694,12.247,0.791,0.554,ok,video,0.0,True,False,False,-7.825670123651896,-6.696358393253853,-3.7375019544025143,-6.990517224320499
P07,NGEED,1,NAIK,O2,oksipital,kanan,11.694,12.247,0.791,0.554,ok,video,0.0,True,False,False,-4.053634266957857,-7.074078834331555,-3.8919837138890934,-5.437910131655041
P07,NGEED,1,NAIK,F8,frontotemporal,kanan,11.694,12.247,0.791,0.554,ok,video,0.0,True,False,False,-4.943738480384631,-2.5170057827090844,-1.976830034862104,-2.2030810931440783
P07,NGEED,1,NAIK,T4,temporal,kanan,11.694,12.247,0.791,0.554,ok,video,0.0,True,False,False,-11.758139718580434,-15.56743524785034,-10.382143753872459,-12.702418781059983
P07,NGEED,1,NAIK,T6,temporo-posterior,kanan,11.694,12.247,0.791,0.554,ok,video,0.0,True,False,False,-0.6993783786016792,-3.2666881034568505,-0.6846779817105606,-0.583221234923677
P07,NGEED,1,POST,Fp1,frontopolar,kiri,12.866,14.366,1.5,1.5,ok,video,0.0,True,False,False,-4.110583566697823,-6.155409903001004,-2.983619557537992,-4.928777336912056
P07,NGEED,1,POST,F3,frontal,kiri,12.866,14.366,1.5,1.5,ok,video,0.0,True,False,False,-3.7859158028926174,-3.1735286329846133,-4.1355894844576255,-4.168267425047599
P07,NGEED,1,POST,C3,sentral,kiri,12.866,14.366,1.5,1.5,ok,video,0.0,True,False,False,-4.421715625471556,-4.314706656934142,-2.7166002054556238,-5.435942769442921
P07,NGEED,1,POST,P3,parietal,kiri,12.866,14.366,1.5,1.5,ok,video,0.0,True,False,False,-1.5782698750520936,-2.429895704366519,-0.7794763370460025,-2.218472762782806
P07,NGEED,1,POST,O1,oksipital,kiri,12.866,14.366,1.5,1.5,ok,video,0.0,True,False,False,-5.417969565190408,-5.418806161780427,-3.672225598004271,-4.516977122148383
P07,NGEED,1,POST,F7,frontotemporal,kiri,12.866,14.366,1.5,1.5,ok,video,0.0,True,False,False,-4.102606031339075,-3.8348245944638144,0.3593598050103992,-2.9895713376286643
P07,NGEED,1,POST,T3,temporal,kiri,12.866,14.366,1.5,1.5,ok,video,0.0,True,False,False,-3.371432160090407,-1.4795219804343525,-3.0669645421087814,-5.01317352302063
P07,NGEED,1,POST,T5,temporo-posterior,kiri,12.866,14.366,1.5,1.5,ok,video,0.0,True,False,False,-7.407590313199108,-4.307585727635875,-1.722520959275144,-4.238363753765164
P07,NGEED,1,POST,Fp2,frontopolar,kanan,12.866,14.366,1.5,1.5,ok,video,0.0,True,False,False,-8.227052126770083,-8.534971234606388,-2.164744497497015,-7.398766914374356
P07,NGEED,1,POST,F4,frontal,kanan,12.866,14.366,1.5,1.5,ok,video,0.0,True,False,False,-9.783828373173417,-12.872860348688732,-7.114180725132218,-8.97203702019213
P07,NGEED,1,POST,C4,sentral,kanan,12.866,14.366,1.5,1.5,ok,video,0.0,True,False,False,-10.926357189275524,-12.312695558103993,-10.926516432580264,-12.171431660369194
P07,NGEED,1,POST,P4,parietal,kanan,12.866,14.366,1.5,1.5,ok,video,0.0,True,False,False,-10.020319384096801,-7.229084774803454,-2.005122161273789,-7.974440654382391
P07,NGEED,1,POST,O2,oksipital,kanan,12.866,14.366,1.5,1.5,ok,video,0.0,True,False,False,-10.892446006880053,-6.252578971021499,-1.8146681657240258,-6.685026684958885
P07,NGEED,1,POST,F8,frontotemporal,kanan,12.866,14.366,1.5,1.5,ok,video,0.0,True,False,False,-9.667042448536286,-4.77847885690678,-0.6144189346798754,-6.327941058802054
P07,NGEED,1,POST,T4,temporal,kanan,12.866,14.366,1.5,1.5,ok,video,0.0,True,False,False,-7.761250261680882,-4.662526404742117,-2.3142879359980384,-6.402671633811995
P07,NGEED,1,POST,T6,temporo-posterior,kanan,12.866,14.366,1.5,1.5,ok,video,0.0,True,False,False,-11.082778050181759,-7.846276802605939,-6.438575108100125,-8.902428855348589
P07,NGEED,2,PRA,Fp1,frontopolar,kiri,13.31,15.31,2.0,2.0,ok,video,0.0,True,False,False,-1.1801921569596807,-2.0653665997926645,-1.317396664059153,-2.870705824464384
P07,NGEED,2,PRA,F3,frontal,kiri,13.31,15.31,2.0,2.0,ok,video,0.0,True,False,False,-3.9873052398453233,-2.8747248658129863,-3.465384065297293,-4.234529192723212
P07,NGEED,2,PRA,C3,sentral,kiri,13.31,15.31,2.0,2.0,ok,video,0.0,True,False,False,-2.5090626602519386,-5.127245712056876,-2.6619111934350457,-4.6017757816368245
P07,NGEED,2,PRA,P3,parietal,kiri,13.31,15.31,2.0,2.0,ok,video,0.0,True,False,False,-0.3991031129822673,-1.1130350754452856,-0.508794731520549,-0.7125624247518303
P07,NGEED,2,PRA,O1,oksipital,kiri,13.31,15.31,2.0,2.0,ok,video,0.0,True,False,False,-3.8298813862905767,-4.8736635592915185,-3.2447510731373406,-3.2821669272816116
P07,NGEED,2,PRA,F7,frontotemporal,kiri,13.31,15.31,2.0,2.0,ok,video,0.0,True,False,False,-1.1027565092822726,-5.3319433539775005,-1.6612381714297015,-2.3181861663234145
P07,NGEED,2,PRA,T3,temporal,kiri,13.31,15.31,2.0,2.0,ok,video,0.0,True,False,False,-3.217736683637977,-1.7557026673006675,-3.0259612413884085,-3.508668752069312
P07,NGEED,2,PRA,T5,temporo-posterior,kiri,13.31,15.31,2.0,2.0,ok,video,0.0,True,False,False,-4.154870208257929,-1.1336246628990487,-0.8511980155477197,-1.690099781716853
P07,NGEED,2,PRA,Fp2,frontopolar,kanan,13.31,15.31,2.0,2.0,ok,video,0.0,True,False,False,-4.950626900261511,-5.26422715699281,-2.8635088781958338,-6.026251281745417
P07,NGEED,2,PRA,F4,frontal,kanan,13.31,15.31,2.0,2.0,ok,video,0.0,True,False,False,0.12218563547458672,-0.40583945291067636,-5.241424647483353,-0.584267318661496
P07,NGEED,2,PRA,C4,sentral,kanan,13.31,15.31,2.0,2.0,ok,video,0.0,True,False,False,-3.264567036112979,-0.5899621502673753,-8.202673622969392,-3.1023844584527254
P07,NGEED,2,PRA,P4,parietal,kanan,13.31,15.31,2.0,2.0,ok,video,0.0,True,False,False,0.463422722350181,2.0075362709045095,-3.9861004187060445,-0.4077313336100943
P07,NGEED,2,PRA,O2,oksipital,kanan,13.31,15.31,2.0,2.0,ok,video,0.0,True,False,False,-1.757384386164091,0.8496741244018651,-2.5969500279086475,-0.26051523513196884
P07,NGEED,2,PRA,F8,frontotemporal,kanan,13.31,15.31,2.0,2.0,ok,video,0.0,True,False,False,-6.010084890736607,-3.128963469017755,-3.6151972392290688,-5.2806436277828155
P07,NGEED,2,PRA,T4,temporal,kanan,13.31,15.31,2.0,2.0,ok,video,0.0,True,False,False,-4.596053716675833,-0.5296342383530472,-3.780337486719791,-1.6759209884958466
P07,NGEED,2,PRA,T6,temporo-posterior,kanan,13.31,15.31,2.0,2.0,ok,video,0.0,True,False,False,-2.8274174034479103,-0.5097619113924665,-3.446300515258603,-0.9611687980299806
P07,NGEED,2,TURUN,Fp1,frontopolar,kiri,23.322,24.295,1.389,0.972,ok,video,0.0,True,False,False,-3.256739094415149,0.7360950114179658,0.5843199058314639,-2.709788670652216
P07,NGEED,2,TURUN,F3,frontal,kiri,23.322,24.295,1.389,0.972,ok,video,0.0,True,False,False,-3.2269971885034145,-2.7334554437207217,-1.0900630896922365,-2.6499684301353668
P07,NGEED,2,TURUN,C3,sentral,kiri,23.322,24.295,1.389,0.972,ok,video,0.0,True,False,False,-1.1301833350863717,-0.9590315414942019,-3.736259384530211,-3.252684867719303
P07,NGEED,2,TURUN,P3,parietal,kiri,23.322,24.295,1.389,0.972,ok,video,0.0,True,False,False,-2.0304101642642287,0.6240229877818351,-2.574949014593166,-2.4668798085218313
P07,NGEED,2,TURUN,O1,oksipital,kiri,23.322,24.295,1.389,0.972,ok,video,0.0,True,False,False,-2.1211132624785236,1.053806055408728,1.0467489832972028,-0.7875146054300544
P07,NGEED,2,TURUN,F7,frontotemporal,kiri,23.322,24.295,1.389,0.972,ok,video,0.0,True,False,False,1.2780961250320644,-1.3554452973089575,-1.712760267452957,-0.8759989605291736
P07,NGEED,2,TURUN,T3,temporal,kiri,23.322,24.295,1.389,0.972,ok,video,0.0,True,False,False,0.973487083956968,1.8297571923519875,2.578242499590619,0.14047530372603134
P07,NGEED,2,TURUN,T5,temporo-posterior,kiri,23.322,24.295,1.389,0.972,ok,video,0.0,True,False,False,-3.0957831991609304,-1.6582414490945254,-1.9162663334582497,-3.604492668692558
P07,NGEED,2,TURUN,Fp2,frontopolar,kanan,23.322,24.295,1.389,0.972,ok,video,1.0,False,False,False,,,,
P07,NGEED,2,TURUN,F4,frontal,kanan,23.322,24.295,1.389,0.972,ok,video,0.34,True,True,False,-8.720265504133174,-2.1228273073815522,2.473916584572521,-3.383405551468158
P07,NGEED,2,TURUN,C4,sentral,kanan,23.322,24.295,1.389,0.972,ok,video,0.34,True,True,False,-8.98257497167667,-3.366137319173095,1.030616432801935,-5.68947590050432
P07,NGEED,2,TURUN,P4,parietal,kanan,23.322,24.295,1.389,0.972,ok,video,0.0,True,False,False,-2.433392976249287,-1.1267434556872757,0.5014766519172369,-2.0060792392070255
P07,NGEED,2,TURUN,O2,oksipital,kanan,23.322,24.295,1.389,0.972,ok,video,0.134,True,True,False,-6.527334051407699,-1.9590117096124366,2.643971965236929,-3.3662313519972145
P07,NGEED,2,TURUN,F8,frontotemporal,kanan,23.322,24.295,1.389,0.972,ok,video,0.34,True,True,False,-10.546802233940888,-5.965304046746901,-2.6523226337925543,-7.651137970144333
P07,NGEED,2,TURUN,T4,temporal,kanan,23.322,24.295,1.389,0.972,ok,video,0.794,False,False,False,,,,
P07,NGEED,2,TURUN,T6,temporo-posterior,kanan,23.322,24.295,1.389,0.972,ok,video,0.134,True,True,False,-1.4540120760546245,-0.6648056020741251,2.1359625200912937,-1.0414759058004321
P07,NGEED,2,TAHAN,Fp1,frontopolar,kiri,24.753,26.461,2.208,1.708,ok,video,0.0,True,False,False,-8.981180376425385,-7.303991377379358,-5.764697400968286,-9.02568563399323
P07,NGEED,2,TAHAN,F3,frontal,kiri,24.753,26.461,2.208,1.708,ok,video,0.0,True,False,False,-6.361912546783955,-8.53826832303384,-3.727120969304881,-5.688387634561323
P07,NGEED,2,TAHAN,C3,sentral,kiri,24.753,26.461,2.208,1.708,ok,video,0.0,True,False,False,-7.351734763466446,-7.337425684313395,-9.800744156975991,-9.205087952368853
P07,NGEED,2,TAHAN,P3,parietal,kiri,24.753,26.461,2.208,1.708,ok,video,0.0,True,False,False,-6.4893590174524185,-9.87303752075288,-8.590464630695163,-7.9597805715872205
P07,NGEED,2,TAHAN,O1,oksipital,kiri,24.753,26.461,2.208,1.708,ok,video,0.0,True,False,False,-10.104352666646609,-7.625207515665103,-6.009308922991391,-8.590554844673882
P07,NGEED,2,TAHAN,F7,frontotemporal,kiri,24.753,26.461,2.208,1.708,ok,video,0.0,True,False,False,-8.087853788853032,-4.948206706838391,-6.422908653335034,-6.881318729092378
P07,NGEED,2,TAHAN,T3,temporal,kiri,24.753,26.461,2.208,1.708,ok,video,0.0,True,False,False,-7.917636401967776,-4.004852331457148,-8.38390551222405,-7.102800108066987
P07,NGEED,2,TAHAN,T5,temporo-posterior,kiri,24.753,26.461,2.208,1.708,ok,video,0.0,True,False,False,-8.533078032034783,-7.576811228048921,-5.71819253588253,-7.959627960992037
P07,NGEED,2,TAHAN,Fp2,frontopolar,kanan,24.753,26.461,2.208,1.708,ok,video,0.526,False,False,False,,,,
P07,NGEED,2,TAHAN,F4,frontal,kanan,24.753,26.461,2.208,1.708,ok,video,0.0,True,False,False,-13.390604964791606,-13.135669097792999,-12.180168329235588,-9.592839137626747
P07,NGEED,2,TAHAN,C4,sentral,kanan,24.753,26.461,2.208,1.708,ok,video,0.0,True,False,False,-16.12048189549569,-14.050500712787905,-15.165008706157277,-12.552108081769028
P07,NGEED,2,TAHAN,P4,parietal,kanan,24.753,26.461,2.208,1.708,ok,video,0.0,True,False,False,-11.378526210936165,-9.907775985227946,-9.163923439034864,-9.018792928175863
P07,NGEED,2,TAHAN,O2,oksipital,kanan,24.753,26.461,2.208,1.708,ok,video,0.0,True,False,False,-12.655379747435894,-11.496790554381974,-9.613412669021749,-7.54857151919806
P07,NGEED,2,TAHAN,F8,frontotemporal,kanan,24.753,26.461,2.208,1.708,ok,video,0.175,True,True,False,-12.650415209743311,-14.474346721689567,-13.074648547084301,-12.868633704791797
P07,NGEED,2,TAHAN,T4,temporal,kanan,24.753,26.461,2.208,1.708,ok,video,0.526,False,False,False,,,,
P07,NGEED,2,TAHAN,T6,temporo-posterior,kanan,24.753,26.461,2.208,1.708,ok,video,0.0,True,False,False,-13.11150130519519,-12.3249895245144,-9.763692486432177,-10.676882990953796
P07,NGEED,2,NAIK,Fp1,frontopolar,kiri,26.801,27.219,0.598,0.419,ok,video,0.0,True,False,False,-1.7093963419023837,-3.5989806659000187,-4.165982308784486,-2.8015740047002637
P07,NGEED,2,NAIK,F3,frontal,kiri,26.801,27.219,0.598,0.419,ok,video,0.0,True,False,False,-0.7152949402265207,-3.9146491375140613,-5.347772470480319,1.5603903712891558
P07,NGEED,2,NAIK,C3,sentral,kiri,26.801,27.219,0.598,0.419,ok,video,0.0,True,False,False,0.5664548829528187,-0.6228967357022732,-5.32463354794854,-0.15852918982683661
P07,NGEED,2,NAIK,P3,parietal,kiri,26.801,27.219,0.598,0.419,ok,video,0.0,True,False,False,-1.5709311959455725,-0.9946583008412802,-5.055406236276056,-1.7656311625257715
P07,NGEED,2,NAIK,O1,oksipital,kiri,26.801,27.219,0.598,0.419,ok,video,0.0,True,False,False,0.7220481210156464,0.5045932302519454,-2.5461398378249775,1.645983582630862
P07,NGEED,2,NAIK,F7,frontotemporal,kiri,26.801,27.219,0.598,0.419,ok,video,0.0,True,False,False,-0.21038672233643751,-3.163494042804814,-3.4430352778919815,0.20371257008975263
P07,NGEED,2,NAIK,T3,temporal,kiri,26.801,27.219,0.598,0.419,ok,video,0.0,True,False,False,0.978426033948594,-0.657232513155062,-3.566472291027825,1.8869366839289263
P07,NGEED,2,NAIK,T5,temporo-posterior,kiri,26.801,27.219,0.598,0.419,ok,video,0.0,True,False,False,-2.726265385518058,-2.508174269416944,-2.5443512725330635,-2.877725919226908
P07,NGEED,2,NAIK,Fp2,frontopolar,kanan,26.801,27.219,0.598,0.419,ok,video,0.0,True,False,False,-3.526898907142808,-5.337103004206174,-6.568904090960512,-6.557149848256351
P07,NGEED,2,NAIK,F4,frontal,kanan,26.801,27.219,0.598,0.419,ok,video,0.0,True,False,False,-8.131038825643365,-3.3799883945521714,-1.3698694845574053,-3.030493088667072
P07,NGEED,2,NAIK,C4,sentral,kanan,26.801,27.219,0.598,0.419,ok,video,0.0,True,False,False,-4.88718559049169,-5.579462520134559,-6.530006486808649,-5.622244886198043
P07,NGEED,2,NAIK,P4,parietal,kanan,26.801,27.219,0.598,0.419,ok,video,0.0,True,False,False,-3.0700457864617974,-5.495406402557613,-7.101914736658955,-0.7170833632362346
P07,NGEED,2,NAIK,O2,oksipital,kanan,26.801,27.219,0.598,0.419,ok,video,0.0,True,False,False,0.049619532227083596,-0.8282119261988399,0.5117402902689676,2.281960200956334
P07,NGEED,2,NAIK,F8,frontotemporal,kanan,26.801,27.219,0.598,0.419,ok,video,0.0,True,False,False,-7.398443466859426,-7.738623517255995,-2.6891433431601364,-7.549193651789743
P07,NGEED,2,NAIK,T4,temporal,kanan,26.801,27.219,0.598,0.419,ok,video,0.0,True,False,False,-1.9769162621785412,-5.108718655286573,-5.067350041414528,-1.3281571752613033
P07,NGEED,2,NAIK,T6,temporo-posterior,kanan,26.801,27.219,0.598,0.419,ok,video,0.0,True,False,False,2.378130431634119,0.9878697789989204,-1.4743230424503224,0.9809014156393587
P07,NGEED,2,POST,Fp1,frontopolar,kiri,27.809,29.309,1.5,1.5,ok,video,0.0,True,False,False,-7.145333669422779,-4.276670589526692,-2.467857351402568,-6.146946610486484
P07,NGEED,2,POST,F3,frontal,kiri,27.809,29.309,1.5,1.5,ok,video,0.0,True,False,False,-11.720290224559587,-8.092758513435221,-8.98194316074295,-9.490477476916887
P07,NGEED,2,POST,C3,sentral,kiri,27.809,29.309,1.5,1.5,ok,video,0.0,True,False,False,-4.884777453725256,-6.294154849055211,-4.8832874729815146,-5.823836946410768
P07,NGEED,2,POST,P3,parietal,kiri,27.809,29.309,1.5,1.5,ok,video,0.3,True,True,False,-4.515864772571568,-5.626385491090527,-3.705794286264922,-3.502891724307883
P07,NGEED,2,POST,O1,oksipital,kiri,27.809,29.309,1.5,1.5,ok,video,0.0,True,False,False,-11.51962932679183,-7.975534192445533,-8.514883964625788,-9.302593338826185
P07,NGEED,2,POST,F7,frontotemporal,kiri,27.809,29.309,1.5,1.5,ok,video,0.0,True,False,False,-7.039082976022183,-3.7665076823267363,-4.211816007469377,-6.212761980158692
P07,NGEED,2,POST,T3,temporal,kiri,27.809,29.309,1.5,1.5,ok,video,0.0,True,False,False,-11.620469735910572,-10.651950967791809,-9.446637705268149,-11.254103873560183
P07,NGEED,2,POST,T5,temporo-posterior,kiri,27.809,29.309,1.5,1.5,ok,video,0.0,True,False,False,-5.059373534212067,-3.7066115390138883,-3.1826423023861707,-4.330420482490354
P07,NGEED,2,POST,Fp2,frontopolar,kanan,27.809,29.309,1.5,1.5,ok,video,0.0,True,False,False,-7.967592130966096,-4.650365422950294,-3.2713783480304848,-7.190658130785813
P07,NGEED,2,POST,F4,frontal,kanan,27.809,29.309,1.5,1.5,ok,video,0.0,True,False,False,-9.869804722433635,-9.987843031347527,-9.317862539233388,-9.5117559967426
P07,NGEED,2,POST,C4,sentral,kanan,27.809,29.309,1.5,1.5,ok,video,0.0,True,False,False,-8.491435296930298,-12.428610822085748,-13.131720285727496,-11.287247534021844
P07,NGEED,2,POST,P4,parietal,kanan,27.809,29.309,1.5,1.5,ok,video,0.0,True,False,False,-8.010176437987383,-10.548232903233032,-9.130987928895866,-10.002042401578564
P07,NGEED,2,POST,O2,oksipital,kanan,27.809,29.309,1.5,1.5,ok,video,0.0,True,False,False,-10.158486959620824,-12.048767872789089,-9.458577988946178,-11.27418757041983
P07,NGEED,2,POST,F8,frontotemporal,kanan,27.809,29.309,1.5,1.5,ok,video,0.0,True,False,False,-9.385304620519165,-8.24461771306235,-7.304332389921406,-9.605757725923436
P07,NGEED,2,POST,T4,temporal,kanan,27.809,29.309,1.5,1.5,ok,video,0.0,True,False,False,-9.203793738996097,-9.444912202080083,-7.442763849677846,-8.889127887746618
P07,NGEED,2,POST,T6,temporo-posterior,kanan,27.809,29.309,1.5,1.5,ok,video,0.0,True,False,False,-12.345524752090643,-6.168893763859739,-8.042883515712798,-7.554858471305948
P07,AGEM KANAN,1,PRA,Fp1,frontopolar,kiri,37.376,39.376,2.0,2.0,ok,video,0.0,True,False,False,-0.05451578811763014,3.2920496682899696,2.7885504762959314,1.254806269788837
P07,AGEM KANAN,1,PRA,F3,frontal,kiri,37.376,39.376,2.0,2.0,ok,video,0.0,True,False,False,-1.0805416105515455,-0.012735814041629823,-0.1124697843615472,0.6775939409136598
P07,AGEM KANAN,1,PRA,C3,sentral,kiri,37.376,39.376,2.0,2.0,ok,video,0.0,True,False,False,-2.5811383794073635,1.2194297756060664,-0.5731130412901102,-0.9777806681169174
P07,AGEM KANAN,1,PRA,P3,parietal,kiri,37.376,39.376,2.0,2.0,ok,video,0.0,True,False,False,2.922132095383411,4.1764169512220235,1.1075099665746855,2.1011165052244394
P07,AGEM KANAN,1,PRA,O1,oksipital,kiri,37.376,39.376,2.0,2.0,ok,video,0.0,True,False,False,-2.4508917761292857,3.796448655348609,1.2786616743004693,0.45250820060461194
P07,AGEM KANAN,1,PRA,F7,frontotemporal,kiri,37.376,39.376,2.0,2.0,ok,video,0.0,True,False,False,4.304527197867628,1.6634328888853354,1.078584870251209,3.9569496875536494
P07,AGEM KANAN,1,PRA,T3,temporal,kiri,37.376,39.376,2.0,2.0,ok,video,0.0,True,False,False,1.1636447830643917,-0.5644027120716437,4.200576882833126,2.0967621118823594
P07,AGEM KANAN,1,PRA,T5,temporo-posterior,kiri,37.376,39.376,2.0,2.0,ok,video,0.0,True,False,False,1.2157654176397976,3.7838613437585202,2.6210543054341358,3.270284207247066
P07,AGEM KANAN,1,PRA,Fp2,frontopolar,kanan,37.376,39.376,2.0,2.0,ok,video,0.0,True,False,False,2.0762851037356214,-0.6173581127406749,3.2549044823989277,1.2991259252994212
P07,AGEM KANAN,1,PRA,F4,frontal,kanan,37.376,39.376,2.0,2.0,ok,video,0.0,True,False,False,4.374957059700144,5.0109618105971805,7.889123979562559,4.7970038731296825
P07,AGEM KANAN,1,PRA,C4,sentral,kanan,37.376,39.376,2.0,2.0,ok,video,0.0,True,False,False,4.095978619502979,3.5449064592753032,7.375061574901871,3.1701009222456094
P07,AGEM KANAN,1,PRA,P4,parietal,kanan,37.376,39.376,2.0,2.0,ok,video,0.0,True,False,False,8.007262651417548,5.702102636188464,8.620750689426028,6.26907811668751
P07,AGEM KANAN,1,PRA,O2,oksipital,kanan,37.376,39.376,2.0,2.0,ok,video,0.0,True,False,False,3.949878828194329,5.2104340641519045,7.972836950893175,4.507218619879225
P07,AGEM KANAN,1,PRA,F8,frontotemporal,kanan,37.376,39.376,2.0,2.0,ok,video,0.0,True,False,False,3.5510792787470677,2.2376761003119228,6.059204821425595,3.1525996159342426
P07,AGEM KANAN,1,PRA,T4,temporal,kanan,37.376,39.376,2.0,2.0,ok,video,0.0,True,False,False,4.368681463322531,4.347534319635855,6.220808835947615,4.548449885858133
P07,AGEM KANAN,1,PRA,T6,temporo-posterior,kanan,37.376,39.376,2.0,2.0,ok,video,0.0,True,False,False,3.8410532777260613,7.756723424056112,7.572154916196872,4.714182244725521
P07,AGEM KANAN,1,TURUN,Fp1,frontopolar,kiri,39.584,40.557,1.389,0.972,ok,video,0.0,True,False,False,-3.4777182072430968,-3.7654192809882296,3.000324310887212,-2.038128443347688
P07,AGEM KANAN,1,TURUN,F3,frontal,kiri,39.584,40.557,1.389,0.972,ok,video,0.0,True,False,False,-1.2517056522123724,1.4656813398138624,2.7480300522027434,0.17521188372315066
P07,AGEM KANAN,1,TURUN,C3,sentral,kiri,39.584,40.557,1.389,0.972,ok,video,0.0,True,False,False,-2.343368231252253,-3.807474801718026,-2.051880059036609,-3.407379967247543
P07,AGEM KANAN,1,TURUN,P3,parietal,kiri,39.584,40.557,1.389,0.972,ok,video,0.0,True,False,False,-2.877534709142605,3.3301896478081474,4.029508544094728,1.7467125390206348
P07,AGEM KANAN,1,TURUN,O1,oksipital,kiri,39.584,40.557,1.389,0.972,ok,video,0.0,True,False,False,-4.68436064899884,-1.828095308153383,0.9672362328478492,-2.2668114381765854
P07,AGEM KANAN,1,TURUN,F7,frontotemporal,kiri,39.584,40.557,1.389,0.972,ok,video,0.0,True,False,False,3.7239233070764683,-3.4441031812858576,0.825492680876124,0.6701720004859517
P07,AGEM KANAN,1,TURUN,T3,temporal,kiri,39.584,40.557,1.389,0.972,ok,video,0.0,True,False,False,-4.699690611135491,0.6976734075914273,0.6986471097037246,-3.817931209463591
P07,AGEM KANAN,1,TURUN,T5,temporo-posterior,kiri,39.584,40.557,1.389,0.972,ok,video,0.0,True,False,False,-5.68187841034921,-1.2430132997484336,1.0485781463026846,-2.709510152466436
P07,AGEM KANAN,1,TURUN,Fp2,frontopolar,kanan,39.584,40.557,1.389,0.972,ok,video,0.0,True,False,False,0.7696286563415669,-3.0942791106084613,2.9759865711171827,-1.4243027881793893
P07,AGEM KANAN,1,TURUN,F4,frontal,kanan,39.584,40.557,1.389,0.972,ok,video,0.0,True,False,False,-5.032975032221511,-6.556316908429761,-0.014745551833524217,-1.469216953047514
P07,AGEM KANAN,1,TURUN,C4,sentral,kanan,39.584,40.557,1.389,0.972,ok,video,0.0,True,False,False,-6.94391919182792,-3.395378662471522,-1.324200686104895,-4.5311558461313695
P07,AGEM KANAN,1,TURUN,P4,parietal,kanan,39.584,40.557,1.389,0.972,ok,video,0.0,True,False,False,-1.3144610645271158,-1.6744702804257265,2.1711978965949754,-1.9176256060001293
P07,AGEM KANAN,1,TURUN,O2,oksipital,kanan,39.584,40.557,1.389,0.972,ok,video,0.0,True,False,False,-0.5715893386282076,1.8167332846827122,5.060205724090416,1.6957980497971192
P07,AGEM KANAN,1,TURUN,F8,frontotemporal,kanan,39.584,40.557,1.389,0.972,ok,video,0.0,True,False,False,0.43599177013305734,-1.361144336691865,-0.06818032913848526,-1.4013504116009656
P07,AGEM KANAN,1,TURUN,T4,temporal,kanan,39.584,40.557,1.389,0.972,ok,video,0.0,True,False,False,-3.246321057462481,-3.7956176792335192,1.911115954659845,-1.9732789481858646
P07,AGEM KANAN,1,TURUN,T6,temporo-posterior,kanan,39.584,40.557,1.389,0.972,ok,video,0.0,True,False,False,2.0805901305114105,-2.340515212837154,3.8282976499601133,1.1027462480354444
P07,AGEM KANAN,1,TAHAN,Fp1,frontopolar,kiri,41.015,42.723,2.208,1.708,ok,video,0.0,True,False,False,-6.038788853960771,-3.118305979169829,-2.78725642873405,-5.788316775029706
P07,AGEM KANAN,1,TAHAN,F3,frontal,kiri,41.015,42.723,2.208,1.708,ok,video,1.0,False,False,False,,,,
P07,AGEM KANAN,1,TAHAN,C3,sentral,kiri,41.015,42.723,2.208,1.708,ok,video,0.977,False,False,False,,,,
P07,AGEM KANAN,1,TAHAN,P3,parietal,kiri,41.015,42.723,2.208,1.708,ok,video,1.0,False,False,False,,,,
P07,AGEM KANAN,1,TAHAN,O1,oksipital,kiri,41.015,42.723,2.208,1.708,ok,video,0.819,False,False,False,,,,
P07,AGEM KANAN,1,TAHAN,F7,frontotemporal,kiri,41.015,42.723,2.208,1.708,ok,video,0.0,True,False,False,-3.1004366053963395,5.503678471239887,1.7967753533954642,0.6817883599509926
P07,AGEM KANAN,1,TAHAN,T3,temporal,kiri,41.015,42.723,2.208,1.708,ok,video,0.819,False,False,False,,,,
P07,AGEM KANAN,1,TAHAN,T5,temporo-posterior,kiri,41.015,42.723,2.208,1.708,ok,video,0.0,True,False,False,-0.3316079941805974,5.583593957312367,2.191138053813674,1.0650489919455488
P07,AGEM KANAN,1,TAHAN,Fp2,frontopolar,kanan,41.015,42.723,2.208,1.708,ok,video,0.0,True,False,False,-3.5877778250790797,-0.7606622274852626,-1.2427275974292407,-4.070680083243779
P07,AGEM KANAN,1,TAHAN,F4,frontal,kanan,41.015,42.723,2.208,1.708,ok,video,0.743,False,False,False,,,,
P07,AGEM KANAN,1,TAHAN,C4,sentral,kanan,41.015,42.723,2.208,1.708,ok,video,0.626,False,False,False,,,,
P07,AGEM KANAN,1,TAHAN,P4,parietal,kanan,41.015,42.723,2.208,1.708,ok,video,0.509,False,False,False,,,,
P07,AGEM KANAN,1,TAHAN,O2,oksipital,kanan,41.015,42.723,2.208,1.708,ok,video,0.158,True,True,False,-5.334712032221198,-2.8928156097448365,-0.300932683462527,-3.9980108995066352
P07,AGEM KANAN,1,TAHAN,F8,frontotemporal,kanan,41.015,42.723,2.208,1.708,ok,video,0.0,True,False,False,-4.720905370497718,-5.968964284200027,-4.662209428853981,-6.265771565132162
P07,AGEM KANAN,1,TAHAN,T4,temporal,kanan,41.015,42.723,2.208,1.708,ok,video,0.041,True,False,False,-8.79617200537647,-7.957298284713403,-3.6973210263001732,-7.999647443249046
P07,AGEM KANAN,1,TAHAN,T6,temporo-posterior,kanan,41.015,42.723,2.208,1.708,ok,video,0.275,True,True,False,-4.448104256267541,-7.655967475169064,-9.09108734304344,-5.823785109271803
P07,AGEM KANAN,1,NAIK,Fp1,frontopolar,kiri,43.102,43.705,0.861,0.603,ok,video,0.0,True,False,False,6.37785132867857,6.638444937583156,5.255030389574863,4.200573582384429
P07,AGEM KANAN,1,NAIK,F3,frontal,kiri,43.102,43.705,0.861,0.603,ok,video,0.0,True,False,False,3.079225260577374,-0.11108403869774364,3.2151440377492513,2.181197473009867
P07,AGEM KANAN,1,NAIK,C3,sentral,kiri,43.102,43.705,0.861,0.603,ok,video,0.25,False,False,False,,,,
P07,AGEM KANAN,1,NAIK,P3,parietal,kiri,43.102,43.705,0.861,0.603,ok,video,0.0,True,False,False,6.788248324603995,4.022203985970361,5.35225136953634,4.633872453323441
P07,AGEM KANAN,1,NAIK,O1,oksipital,kiri,43.102,43.705,0.861,0.603,ok,video,0.0,True,False,False,-0.5604694140894253,1.2762670913941072,-0.3474385294897715,0.634363372520216
P07,AGEM KANAN,1,NAIK,F7,frontotemporal,kiri,43.102,43.705,0.861,0.603,ok,video,0.0,True,False,False,2.291883728380327,4.703023496816847,2.897242448408715,2.048381931400364
P07,AGEM KANAN,1,NAIK,T3,temporal,kiri,43.102,43.705,0.861,0.603,ok,video,0.0,True,False,False,2.387774498082223,-5.331234430292476,-1.5283571563458302,1.724470970573602
P07,AGEM KANAN,1,NAIK,T5,temporo-posterior,kiri,43.102,43.705,0.861,0.603,ok,video,0.0,True,False,False,3.790210230561133,3.310740729164298,2.457112613787256,3.564099740848313
P07,AGEM KANAN,1,NAIK,Fp2,frontopolar,kanan,43.102,43.705,0.861,0.603,ok,video,0.0,True,False,False,1.8933123371073322,2.243244360654998,2.3751413010355122,0.23751059446126277
P07,AGEM KANAN,1,NAIK,F4,frontal,kanan,43.102,43.705,0.861,0.603,ok,video,1.0,False,False,False,,,,
P07,AGEM KANAN,1,NAIK,C4,sentral,kanan,43.102,43.705,0.861,0.603,ok,video,1.0,False,False,False,,,,
P07,AGEM KANAN,1,NAIK,P4,parietal,kanan,43.102,43.705,0.861,0.603,ok,video,0.0,True,False,False,-10.008338698720152,-14.615043001637254,-6.659782172337092,-10.943046028906366
P07,AGEM KANAN,1,NAIK,O2,oksipital,kanan,43.102,43.705,0.861,0.603,ok,video,0.25,False,False,False,,,,
P07,AGEM KANAN,1,NAIK,F8,frontotemporal,kanan,43.102,43.705,0.861,0.603,ok,video,0.0,True,False,False,-4.707051791039611,-8.981843476839494,-2.236907702993811,-6.083268897369926
P07,AGEM KANAN,1,NAIK,T4,temporal,kanan,43.102,43.705,0.861,0.603,ok,video,0.417,False,False,False,,,,
P07,AGEM KANAN,1,NAIK,T6,temporo-posterior,kanan,43.102,43.705,0.861,0.603,ok,video,0.417,False,False,False,,,,
P07,AGEM KANAN,1,POST,Fp1,frontopolar,kiri,44.334,45.834,1.5,1.5,ok,video,0.0,True,False,False,-0.1869402084183136,1.0764172298197359,7.388396548154052,3.10416611096284
P07,AGEM KANAN,1,POST,F3,frontal,kiri,44.334,45.834,1.5,1.5,ok,video,0.0,True,False,False,7.581295540158084,1.935510878076375,1.3463232126988878,6.330871257783482
P07,AGEM KANAN,1,POST,C3,sentral,kiri,44.334,45.834,1.5,1.5,ok,video,0.0,True,False,False,2.4946043452109876,2.9297439735814415,1.891588019096524,2.4042224154933223
P07,AGEM KANAN,1,POST,P3,parietal,kiri,44.334,45.834,1.5,1.5,ok,video,0.0,True,False,False,-0.5067168951867096,2.6073975510645333,0.7815223494504373,3.322405606742432
P07,AGEM KANAN,1,POST,O1,oksipital,kiri,44.334,45.834,1.5,1.5,ok,video,0.0,True,False,False,4.42977251979044,3.933669551798875,2.45278523096108,6.17507575744672
P07,AGEM KANAN,1,POST,F7,frontotemporal,kiri,44.334,45.834,1.5,1.5,ok,video,0.0,True,False,False,3.8806005274223594,5.302026673667356,1.9322066703916647,4.6319719056159485
P07,AGEM KANAN,1,POST,T3,temporal,kiri,44.334,45.834,1.5,1.5,ok,video,0.0,True,False,False,0.8449240777339853,2.583319605509569,-0.37118012966000435,2.0465157790371755
P07,AGEM KANAN,1,POST,T5,temporo-posterior,kiri,44.334,45.834,1.5,1.5,ok,video,0.0,True,False,False,-2.0973467631284954,1.599204966605221,2.8647720125836322,3.0966295056894353
P07,AGEM KANAN,1,POST,Fp2,frontopolar,kanan,44.334,45.834,1.5,1.5,ok,video,0.0,True,False,False,-2.344959950949864,3.1615778773515473,8.325751780539122,3.0337553944025544
P07,AGEM KANAN,1,POST,F4,frontal,kanan,44.334,45.834,1.5,1.5,ok,video,0.48,True,True,False,0.9131647319776306,11.995616193097824,17.107348248944003,10.179829257341716
P07,AGEM KANAN,1,POST,C4,sentral,kanan,44.334,45.834,1.5,1.5,ok,video,0.347,True,True,False,3.771314815859867,9.191403605437088,12.415036155123836,5.884306540904603
P07,AGEM KANAN,1,POST,P4,parietal,kanan,44.334,45.834,1.5,1.5,ok,video,0.0,True,False,False,1.9834364707178835,8.678335426899096,13.557571302960238,7.308316121063832
P07,AGEM KANAN,1,POST,O2,oksipital,kanan,44.334,45.834,1.5,1.5,ok,video,0.267,True,True,False,2.580439920058879,9.472440691681655,15.57665474891241,8.583800540626626
P07,AGEM KANAN,1,POST,F8,frontotemporal,kanan,44.334,45.834,1.5,1.5,ok,video,0.0,True,False,False,1.669026867009066,3.8793403179070935,10.082210467416864,5.881497860521556
P07,AGEM KANAN,1,POST,T4,temporal,kanan,44.334,45.834,1.5,1.5,ok,video,0.347,True,True,False,1.2916905026442649,7.191847069858937,9.908615852229417,4.537097301764469
P07,AGEM KANAN,1,POST,T6,temporo-posterior,kanan,44.334,45.834,1.5,1.5,ok,video,0.48,True,True,False,7.958588064772151,14.535948109966107,16.11356046147688,11.636020566764103
P07,AGEM KANAN,2,PRA,Fp1,frontopolar,kiri,52.041,54.041,2.0,2.0,ok,video,0.0,True,False,False,0.15513577682986934,2.686998491514956,1.2530615867867105,1.9952564696815784
P07,AGEM KANAN,2,PRA,F3,frontal,kiri,52.041,54.041,2.0,2.0,ok,video,0.0,True,False,False,0.1251446521017634,-4.826413255738888,-3.6061138376239086,-2.2978616684582356
P07,AGEM KANAN,2,PRA,C3,sentral,kiri,52.041,54.041,2.0,2.0,ok,video,0.0,True,False,False,-3.3116612500045015,-0.19711788842992917,-1.7956639467923061,-1.866185587679464
P07,AGEM KANAN,2,PRA,P3,parietal,kiri,52.041,54.041,2.0,2.0,ok,video,0.0,True,False,False,1.4826683438064912,1.6731350367808275,-0.009840097379210988,0.7445455112129835
P07,AGEM KANAN,2,PRA,O1,oksipital,kiri,52.041,54.041,2.0,2.0,ok,video,0.0,True,False,False,-1.644967288020176,-4.467590888060663,-4.582429983837486,-1.5703697470907798
P07,AGEM KANAN,2,PRA,F7,frontotemporal,kiri,52.041,54.041,2.0,2.0,ok,video,0.0,True,False,False,-3.9561019383876044,-1.587807373420226,-2.223649695794794,-2.2174994756165844
P07,AGEM KANAN,2,PRA,T3,temporal,kiri,52.041,54.041,2.0,2.0,ok,video,0.0,True,False,False,-6.293203331479376,-6.05202351843759,-6.9903590128193756,-6.069162104419647
P07,AGEM KANAN,2,PRA,T5,temporo-posterior,kiri,52.041,54.041,2.0,2.0,ok,video,0.0,True,False,False,-0.082295067309758,-4.439845665959144,-3.1253109560241477,-1.7975716427132546
P07,AGEM KANAN,2,PRA,Fp2,frontopolar,kanan,52.041,54.041,2.0,2.0,ok,video,0.0,True,False,False,-2.4714710716351718,-4.659349130470481,0.38093221767355345,-2.0434063056603406
P07,AGEM KANAN,2,PRA,F4,frontal,kanan,52.041,54.041,2.0,2.0,ok,video,0.605,False,False,False,,,,
P07,AGEM KANAN,2,PRA,C4,sentral,kanan,52.041,54.041,2.0,2.0,ok,video,0.605,False,False,False,,,,
P07,AGEM KANAN,2,PRA,P4,parietal,kanan,52.041,54.041,2.0,2.0,ok,video,0.605,False,False,False,,,,
P07,AGEM KANAN,2,PRA,O2,oksipital,kanan,52.041,54.041,2.0,2.0,ok,video,0.705,False,False,False,,,,
P07,AGEM KANAN,2,PRA,F8,frontotemporal,kanan,52.041,54.041,2.0,2.0,ok,video,0.0,True,False,False,-1.307008837742643,-5.960996482320461,0.8858000802732562,-2.4283657382584067
P07,AGEM KANAN,2,PRA,T4,temporal,kanan,52.041,54.041,2.0,2.0,ok,video,0.805,False,False,False,,,,
P07,AGEM KANAN,2,PRA,T6,temporo-posterior,kanan,52.041,54.041,2.0,2.0,ok,video,0.605,False,False,False,,,,
P07,AGEM KANAN,2,TURUN,Fp1,frontopolar,kiri,54.936,56.006,1.528,1.07,ok,video,0.0,True,False,False,1.790707825989056,3.130222726036024,0.9467248574704001,1.027921319094748
P07,AGEM KANAN,2,TURUN,F3,frontal,kiri,54.936,56.006,1.528,1.07,ok,video,0.0,True,False,False,-1.0323081249050645,-0.93802603171115,1.121123638889987,-0.915954227009145
P07,AGEM KANAN,2,TURUN,C3,sentral,kiri,54.936,56.006,1.528,1.07,ok,video,0.0,True,False,False,-1.5189807178765626,2.4879137080402813,-0.8769632304110573,-1.0413034574179036
P07,AGEM KANAN,2,TURUN,P3,parietal,kiri,54.936,56.006,1.528,1.07,ok,video,0.0,True,False,False,1.8959749959812058,3.3261246859657447,-2.1480523039507773,1.6250552363138127
P07,AGEM KANAN,2,TURUN,O1,oksipital,kiri,54.936,56.006,1.528,1.07,ok,video,0.0,True,False,False,-2.2997687739820627,2.1591965697401996,-0.06594122273998337,0.3009739574728414
P07,AGEM KANAN,2,TURUN,F7,frontotemporal,kiri,54.936,56.006,1.528,1.07,ok,video,0.0,True,False,False,0.9758643009172019,0.15267905749452737,0.7787106009499283,0.8680130519244109
P07,AGEM KANAN,2,TURUN,T3,temporal,kiri,54.936,56.006,1.528,1.07,ok,video,0.0,True,False,False,0.27550499148528473,1.4004756412010515,-1.3391893790496248,3.8693558101980337
P07,AGEM KANAN,2,TURUN,T5,temporo-posterior,kiri,54.936,56.006,1.528,1.07,ok,video,0.0,True,False,False,0.6602248766657155,-0.31821528546074873,0.23415875048369728,1.314298285755715
P07,AGEM KANAN,2,TURUN,Fp2,frontopolar,kanan,54.936,56.006,1.528,1.07,ok,video,0.673,False,False,False,,,,
P07,AGEM KANAN,2,TURUN,F4,frontal,kanan,54.936,56.006,1.528,1.07,ok,video,0.0,True,False,False,-7.39983334855204,-3.1580439143228034,-0.9095579294995204,-3.4115101552847733
P07,AGEM KANAN,2,TURUN,C4,sentral,kanan,54.936,56.006,1.528,1.07,ok,video,0.0,True,False,False,-9.552176421310612,-4.733204121917723,-1.5269386052642666,-5.042803538269691
P07,AGEM KANAN,2,TURUN,P4,parietal,kanan,54.936,56.006,1.528,1.07,ok,video,0.0,True,False,False,-2.3686068902627113,-0.7140017301506347,1.56832610810714,-0.7666509441024445
P07,AGEM KANAN,2,TURUN,O2,oksipital,kanan,54.936,56.006,1.528,1.07,ok,video,0.0,True,False,False,3.4195203641198972,-1.350093257319024,0.5314715898912858,3.487972375981748
P07,AGEM KANAN,2,TURUN,F8,frontotemporal,kanan,54.936,56.006,1.528,1.07,ok,video,0.0,True,False,False,-12.422803974393872,-8.275565068440013,-7.750804336221499,-9.892658264179339
P07,AGEM KANAN,2,TURUN,T4,temporal,kanan,54.936,56.006,1.528,1.07,ok,video,0.673,False,False,False,,,,
P07,AGEM KANAN,2,TURUN,T6,temporo-posterior,kanan,54.936,56.006,1.528,1.07,ok,video,0.0,True,False,False,-1.84629805665098,-1.1824978810540827,-1.5517884587925863,-1.1095594055459728
P07,AGEM KANAN,2,TAHAN,Fp1,frontopolar,kiri,56.485,58.651,2.666,2.166,ok,video,0.0,True,False,False,-0.06375108658183137,1.5026116851070874,1.344207761670237,-0.7778738050053597
P07,AGEM KANAN,2,TAHAN,F3,frontal,kiri,56.485,58.651,2.666,2.166,ok,video,0.0,True,False,False,-6.35268036479593,-3.0148056736054336,-1.3458024517900071,-4.329867665537176
P07,AGEM KANAN,2,TAHAN,C3,sentral,kiri,56.485,58.651,2.666,2.166,ok,video,0.0,True,False,False,-6.978515721829464,-3.4882828138587563,-2.7480310699035932,-5.397058848716046
P07,AGEM KANAN,2,TAHAN,P3,parietal,kiri,56.485,58.651,2.666,2.166,ok,video,0.0,True,False,False,-5.258018933515942,-3.7498008588625567,-2.8462460964652436,-5.482530561404143
P07,AGEM KANAN,2,TAHAN,O1,oksipital,kiri,56.485,58.651,2.666,2.166,ok,video,0.0,True,False,False,-3.0289153712219914,-2.133682517380148,-2.26027638685699,-0.01282054542439326
P07,AGEM KANAN,2,TAHAN,F7,frontotemporal,kiri,56.485,58.651,2.666,2.166,ok,video,0.0,True,False,False,-2.6001086329327947,1.2566290571852115,1.4669336624698701,-0.294024522284154
P07,AGEM KANAN,2,TAHAN,T3,temporal,kiri,56.485,58.651,2.666,2.166,ok,video,0.0,True,False,False,-9.074420405268292,-6.093265050500207,-6.455051225574959,-7.603367260294842
P07,AGEM KANAN,2,TAHAN,T5,temporo-posterior,kiri,56.485,58.651,2.666,2.166,ok,video,0.0,True,False,False,-1.7071324460754127,-1.8016045913111256,0.05341943575356822,-2.242069657208525
P07,AGEM KANAN,2,TAHAN,Fp2,frontopolar,kanan,56.485,58.651,2.666,2.166,ok,video,0.0,True,False,False,1.4001779564716443,3.239328533717128,6.327984575072918,1.630282980199901
P07,AGEM KANAN,2,TAHAN,F4,frontal,kanan,56.485,58.651,2.666,2.166,ok,video,0.0,True,False,False,5.427098979047123,8.151162753016145,11.75362418726029,7.077799191093732
P07,AGEM KANAN,2,TAHAN,C4,sentral,kanan,56.485,58.651,2.666,2.166,ok,video,0.0,True,False,False,3.7618074897864986,7.477551491885656,9.867960342906692,4.428709350329527
P07,AGEM KANAN,2,TAHAN,P4,parietal,kanan,56.485,58.651,2.666,2.166,ok,video,0.0,True,False,False,5.6708030443945106,8.548497802524722,11.091470183788697,6.254989361813465
P07,AGEM KANAN,2,TAHAN,O2,oksipital,kanan,56.485,58.651,2.666,2.166,ok,video,0.0,True,False,False,4.141299298316881,7.851745743455986,11.158806922082427,5.716480650326403
P07,AGEM KANAN,2,TAHAN,F8,frontotemporal,kanan,56.485,58.651,2.666,2.166,ok,video,0.0,True,False,False,1.270657514675264,3.1717234295024355,6.34715172510716,2.22498767129985
P07,AGEM KANAN,2,TAHAN,T4,temporal,kanan,56.485,58.651,2.666,2.166,ok,video,0.0,True,False,False,8.488688865662958,9.548392915863658,11.006671070294715,7.2137022944069
P07,AGEM KANAN,2,TAHAN,T6,temporo-posterior,kanan,56.485,58.651,2.666,2.166,ok,video,0.0,True,False,False,5.510212464631245,8.023238716211253,8.559766162591764,6.744615730109437
P07,AGEM KANAN,2,NAIK,Fp1,frontopolar,kiri,59.032,59.645,0.875,0.612,ok,video,0.0,True,False,False,-0.5177273250915562,2.576807869272052,1.0089667127367576,-0.5386632330213565
P07,AGEM KANAN,2,NAIK,F3,frontal,kiri,59.032,59.645,0.875,0.612,ok,video,0.0,True,False,False,-12.105873086734402,-6.865993608541963,-3.8709041796980443,-7.549992533336063
P07,AGEM KANAN,2,NAIK,C3,sentral,kiri,59.032,59.645,0.875,0.612,ok,video,0.0,True,False,False,-0.7597016705661801,-4.712244801976901,-9.51891067984717,-4.175010622546424
P07,AGEM KANAN,2,NAIK,P3,parietal,kiri,59.032,59.645,0.875,0.612,ok,video,0.656,False,False,False,,,,
P07,AGEM KANAN,2,NAIK,O1,oksipital,kiri,59.032,59.645,0.875,0.612,ok,video,0.0,True,False,False,-3.020403230300033,-1.064951081922299,-6.901243024860779,-2.085190817857981
P07,AGEM KANAN,2,NAIK,F7,frontotemporal,kiri,59.032,59.645,0.875,0.612,ok,video,0.0,True,False,False,5.368833184285123,1.1644665318606435,-1.8074262622185486,3.017697852672505
P07,AGEM KANAN,2,NAIK,T3,temporal,kiri,59.032,59.645,0.875,0.612,ok,video,0.0,True,False,False,-9.999374007765205,-4.635247949025754,-6.173627989938645,-9.376166960549124
P07,AGEM KANAN,2,NAIK,T5,temporo-posterior,kiri,59.032,59.645,0.875,0.612,ok,video,0.0,True,False,False,3.808492003556065,0.2883018492574472,-1.1707827702120746,2.046163093280839
P07,AGEM KANAN,2,NAIK,Fp2,frontopolar,kanan,59.032,59.645,0.875,0.612,ok,video,0.0,True,False,False,1.5465813052541435,4.143435903766395,1.2165653000646799,0.7319559696455613
P07,AGEM KANAN,2,NAIK,F4,frontal,kanan,59.032,59.645,0.875,0.612,ok,video,0.0,True,False,False,-6.284269929501189,-4.086182798259667,-4.412861195441312,-5.793828676365749
P07,AGEM KANAN,2,NAIK,C4,sentral,kanan,59.032,59.645,0.875,0.612,ok,video,0.0,True,False,False,-7.950987060661884,-7.022797237255151,-3.4637232259478417,-7.4280122628884016
P07,AGEM KANAN,2,NAIK,P4,parietal,kanan,59.032,59.645,0.875,0.612,ok,video,0.0,True,False,False,-4.469714604302581,-6.4307758914624,1.70912079526693,-3.2923956798188243
P07,AGEM KANAN,2,NAIK,O2,oksipital,kanan,59.032,59.645,0.875,0.612,ok,video,0.0,True,False,False,-6.8511522679534345,-2.448278129307024,-0.43252322711637703,-3.0585072855811113
P07,AGEM KANAN,2,NAIK,F8,frontotemporal,kanan,59.032,59.645,0.875,0.612,ok,video,0.0,True,False,False,-0.7146085314367454,-4.070148980363207,-3.812024915719462,-3.217850026719084
P07,AGEM KANAN,2,NAIK,T4,temporal,kanan,59.032,59.645,0.875,0.612,ok,video,0.0,True,False,False,-3.5059542014117255,-0.5073293288973417,-0.33379781342638637,-2.5620087477085463
P07,AGEM KANAN,2,NAIK,T6,temporo-posterior,kanan,59.032,59.645,0.875,0.612,ok,video,0.0,True,False,False,-9.359369079505118,-3.007801463667004,-2.191080400383367,-6.018376140525653
P07,AGEM KANAN,2,POST,Fp1,frontopolar,kiri,60.276,61.776,1.5,1.5,ok,video,0.0,True,False,False,9.334802049709882,7.7184163727506885,3.923724569731288,6.881257903291484
P07,AGEM KANAN,2,POST,F3,frontal,kiri,60.276,61.776,1.5,1.5,ok,video,0.0,True,False,False,-0.40973581945264215,-0.11304319379847882,-1.562678380587581,4.426924131293557
P07,AGEM KANAN,2,POST,C3,sentral,kiri,60.276,61.776,1.5,1.5,ok,video,0.0,True,False,False,-3.8182059511227386,3.762577388957901,-2.29229253041807,-1.185691811108942
P07,AGEM KANAN,2,POST,P3,parietal,kiri,60.276,61.776,1.5,1.5,ok,video,0.0,True,False,False,1.1122088073526726,-0.49173951621046186,0.56328443995951,-0.3524595831943884
P07,AGEM KANAN,2,POST,O1,oksipital,kiri,60.276,61.776,1.5,1.5,ok,video,0.0,True,False,False,6.571728021054618,6.081369991770391,7.069752338201326,7.0895208873594555
P07,AGEM KANAN,2,POST,F7,frontotemporal,kiri,60.276,61.776,1.5,1.5,ok,video,0.0,True,False,False,7.516954162832839,6.388141563763149,3.353700733102226,7.675806683742568
P07,AGEM KANAN,2,POST,T3,temporal,kiri,60.276,61.776,1.5,1.5,ok,video,0.0,True,False,False,-4.580746440223969,-0.835549898608928,-2.6957402884927255,-2.0173457875403606
P07,AGEM KANAN,2,POST,T5,temporo-posterior,kiri,60.276,61.776,1.5,1.5,ok,video,0.0,True,False,False,4.670053916006328,6.2223147085310195,5.484075676898279,6.127366638704444
P07,AGEM KANAN,2,POST,Fp2,frontopolar,kanan,60.276,61.776,1.5,1.5,ok,video,0.0,True,False,False,10.86496464286784,13.418020688393234,9.572494252376444,9.888220533610095
P07,AGEM KANAN,2,POST,F4,frontal,kanan,60.276,61.776,1.5,1.5,ok,video,0.0,True,False,False,13.37690367461186,14.239396461727381,13.496376080162658,13.554912011058867
P07,AGEM KANAN,2,POST,C4,sentral,kanan,60.276,61.776,1.5,1.5,ok,video,0.0,True,False,False,12.199481326916683,15.250639672052849,12.137471374081862,11.84771090576372
P07,AGEM KANAN,2,POST,P4,parietal,kanan,60.276,61.776,1.5,1.5,ok,video,0.0,True,False,False,12.501959235568968,15.345376822253996,12.787801251755038,12.391875694060474
P07,AGEM KANAN,2,POST,O2,oksipital,kanan,60.276,61.776,1.5,1.5,ok,video,0.0,True,False,False,13.28408110381347,14.648751658830271,13.459642243316672,12.951958956572568
P07,AGEM KANAN,2,POST,F8,frontotemporal,kanan,60.276,61.776,1.5,1.5,ok,video,0.0,True,False,False,9.696924689846568,8.980445617917262,8.387372611891678,8.90122849710965
P07,AGEM KANAN,2,POST,T4,temporal,kanan,60.276,61.776,1.5,1.5,ok,video,0.0,True,False,False,13.013907036561392,8.421200321002452,10.835215445849379,12.983165586773602
P07,AGEM KANAN,2,POST,T6,temporo-posterior,kanan,60.276,61.776,1.5,1.5,ok,video,0.0,True,False,False,12.828211546160581,12.869868398916545,14.956284209436731,12.93769284639518
P07,AGEM KIRI,1,PRA,Fp1,frontopolar,kiri,68.163,70.163,2.0,2.0,ok,video,0.0,True,False,False,1.950778725503529,3.5142490890013924,2.9278561098433222,4.022280997871938
P07,AGEM KIRI,1,PRA,F3,frontal,kiri,68.163,70.163,2.0,2.0,ok,video,0.0,True,False,False,-1.4130659128371548,-2.3129612055132505,-3.2070904045250863,-1.6195004042890986
P07,AGEM KIRI,1,PRA,C3,sentral,kiri,68.163,70.163,2.0,2.0,ok,video,0.0,True,False,False,-4.142155863967961,-3.789959565748113,-2.5255352898854646,-2.8890392062659593
P07,AGEM KIRI,1,PRA,P3,parietal,kiri,68.163,70.163,2.0,2.0,ok,video,0.0,True,False,False,0.8299596336517929,0.15805099947435863,-2.358807151433993,-1.4207543802985292
P07,AGEM KIRI,1,PRA,O1,oksipital,kiri,68.163,70.163,2.0,2.0,ok,video,0.0,True,False,False,-1.231386763143412,-3.493739155995698,-0.6346267697534351,-1.8139371585426716
P07,AGEM KIRI,1,PRA,F7,frontotemporal,kiri,68.163,70.163,2.0,2.0,ok,video,0.0,True,False,False,1.1891925038038593,3.5117924970054197,2.0348508622950128,3.5850490167377664
P07,AGEM KIRI,1,PRA,T3,temporal,kiri,68.163,70.163,2.0,2.0,ok,video,0.0,True,False,False,-5.178097087704153,0.7029084037543996,-2.3027908118271405,-3.073935152593773
P07,AGEM KIRI,1,PRA,T5,temporo-posterior,kiri,68.163,70.163,2.0,2.0,ok,video,0.0,True,False,False,-0.7334981182388809,-1.57764041636446,0.1560685633650465,0.9028498170466506
P07,AGEM KIRI,1,PRA,Fp2,frontopolar,kanan,68.163,70.163,2.0,2.0,ok,video,0.0,True,False,False,-0.547285639239206,-0.1846142512080604,-0.13260766079302755,0.1800789900327544
P07,AGEM KIRI,1,PRA,F4,frontal,kanan,68.163,70.163,2.0,2.0,ok,video,0.0,True,False,False,-4.633217615726323,-3.555107240576138,-1.7052264065389657,-3.6484904182394615
P07,AGEM KIRI,1,PRA,C4,sentral,kanan,68.163,70.163,2.0,2.0,ok,video,0.0,True,False,False,-3.6421164890629,-1.6706122845005886,0.20955424936903455,-1.1044759835225335
P07,AGEM KIRI,1,PRA,P4,parietal,kanan,68.163,70.163,2.0,2.0,ok,video,0.0,True,False,False,-0.03231078801253062,1.4789929329408764,0.3441247903157887,0.28927290240859094
P07,AGEM KIRI,1,PRA,O2,oksipital,kanan,68.163,70.163,2.0,2.0,ok,video,0.0,True,False,False,4.213885372379622,2.8523633981289223,1.7838114568619545,2.0130943478077654
P07,AGEM KIRI,1,PRA,F8,frontotemporal,kanan,68.163,70.163,2.0,2.0,ok,video,0.0,True,False,False,5.1187057426750755,1.9036054803552886,2.677089643061798,5.131647010275131
P07,AGEM KIRI,1,PRA,T4,temporal,kanan,68.163,70.163,2.0,2.0,ok,video,0.0,True,False,False,-0.7753332399512161,-7.251374542543658,-1.859980555254218,-2.2142362418395365
P07,AGEM KIRI,1,PRA,T6,temporo-posterior,kanan,68.163,70.163,2.0,2.0,ok,video,0.0,True,False,False,-2.260830696453965,-3.677385800512816,-0.3596252687010413,1.320920345038786
P07,AGEM KIRI,1,TURUN,Fp1,frontopolar,kiri,71.491,72.376,1.263,0.884,ok,video,0.0,True,False,False,4.821156927928673,4.893652281133196,8.6091650150295,4.353219973057229
P07,AGEM KIRI,1,TURUN,F3,frontal,kiri,71.491,72.376,1.263,0.884,ok,video,1.0,False,False,False,,,,
P07,AGEM KIRI,1,TURUN,C3,sentral,kiri,71.491,72.376,1.263,0.884,ok,video,0.818,False,False,False,,,,
P07,AGEM KIRI,1,TURUN,P3,parietal,kiri,71.491,72.376,1.263,0.884,ok,video,1.0,False,False,False,,,,
P07,AGEM KIRI,1,TURUN,O1,oksipital,kiri,71.491,72.376,1.263,0.884,ok,video,0.0,True,False,False,-2.6801622960183664,0.7348181466943622,2.8160849878512977,-0.470419334669387
P07,AGEM KIRI,1,TURUN,F7,frontotemporal,kiri,71.491,72.376,1.263,0.884,ok,video,0.0,True,False,False,4.736571993454021,12.135289946333284,5.2972588004175165,8.970644653295441
P07,AGEM KIRI,1,TURUN,T3,temporal,kiri,71.491,72.376,1.263,0.884,ok,video,0.591,False,False,False,,,,
P07,AGEM KIRI,1,TURUN,T5,temporo-posterior,kiri,71.491,72.376,1.263,0.884,ok,video,0.0,True,False,False,4.123779401327656,9.042163422589606,5.250089856445939,5.202010804202558
P07,AGEM KIRI,1,TURUN,Fp2,frontopolar,kanan,71.491,72.376,1.263,0.884,ok,video,0.0,True,False,False,7.50122619204177,4.5750244507853,10.767455421119244,6.545127156915051
P07,AGEM KIRI,1,TURUN,F4,frontal,kanan,71.491,72.376,1.263,0.884,ok,video,0.0,True,False,False,-0.14134213871601986,-0.8362299742629489,7.3722913744815095,2.8333068473585286
P07,AGEM KIRI,1,TURUN,C4,sentral,kanan,71.491,72.376,1.263,0.884,ok,video,0.0,True,False,False,1.704544086238009,1.0783246490117548,7.222738456649836,3.35423099215474
P07,AGEM KIRI,1,TURUN,P4,parietal,kanan,71.491,72.376,1.263,0.884,ok,video,0.0,True,False,False,2.0407199783797836,5.097623339179549,7.533224355188164,4.249440278307404
P07,AGEM KIRI,1,TURUN,O2,oksipital,kanan,71.491,72.376,1.263,0.884,ok,video,0.0,True,False,False,2.173930505412862,3.714091887062864,9.111908012343449,5.157045044181345
P07,AGEM KIRI,1,TURUN,F8,frontotemporal,kanan,71.491,72.376,1.263,0.884,ok,video,0.0,True,False,False,3.910421183921571,1.2519077440197677,5.528905170952051,5.806430898192815
P07,AGEM KIRI,1,TURUN,T4,temporal,kanan,71.491,72.376,1.263,0.884,ok,video,0.0,True,False,False,4.630503462256726,4.41132812608808,8.54782711614309,4.900834480513296
P07,AGEM KIRI,1,TURUN,T6,temporo-posterior,kanan,71.491,72.376,1.263,0.884,ok,video,0.0,True,False,False,5.306215636098884,6.466362630547188,11.006117392340158,7.070304302163066
P07,AGEM KIRI,1,TAHAN,Fp1,frontopolar,kiri,72.815,74.524,2.209,1.709,ok,video,0.0,True,False,False,-3.964752211060155,-3.35790035187717,0.06406109927733539,-4.324536539269712
P07,AGEM KIRI,1,TAHAN,F3,frontal,kiri,72.815,74.524,2.209,1.709,ok,video,0.725,False,False,False,,,,
P07,AGEM KIRI,1,TAHAN,C3,sentral,kiri,72.815,74.524,2.209,1.709,ok,video,0.959,False,False,False,,,,
P07,AGEM KIRI,1,TAHAN,P3,parietal,kiri,72.815,74.524,2.209,1.709,ok,video,0.374,True,True,False,-4.8708658715458775,-5.704002241140863,0.6547997564934214,-4.079233740890725
P07,AGEM KIRI,1,TAHAN,O1,oksipital,kiri,72.815,74.524,2.209,1.709,ok,video,0.0,True,False,False,-3.3359394234124657,-3.9229464590959786,-4.691089999009463,-3.3667649546165173
P07,AGEM KIRI,1,TAHAN,F7,frontotemporal,kiri,72.815,74.524,2.209,1.709,ok,video,0.0,True,False,False,-4.550455328088123,-0.6358631037673277,-1.5612217176836118,-2.6878271580877495
P07,AGEM KIRI,1,TAHAN,T3,temporal,kiri,72.815,74.524,2.209,1.709,ok,video,0.234,False,False,False,,,,
P07,AGEM KIRI,1,TAHAN,T5,temporo-posterior,kiri,72.815,74.524,2.209,1.709,ok,video,0.0,True,False,False,-2.910971684896751,-2.6575043649925227,-1.9215512701896245,-3.638138017915473
P07,AGEM KIRI,1,TAHAN,Fp2,frontopolar,kanan,72.815,74.524,2.209,1.709,ok,video,0.0,True,False,False,-6.2653313663587795,-4.589147841747433,-2.964362217118307,-5.619019985899747
P07,AGEM KIRI,1,TAHAN,F4,frontal,kanan,72.815,74.524,2.209,1.709,ok,video,0.374,True,True,False,-12.602437840332037,-11.13337460376038,-9.25380590014241,-11.391388747316384
P07,AGEM KIRI,1,TAHAN,C4,sentral,kanan,72.815,74.524,2.209,1.709,ok,video,0.468,False,False,False,,,,
P07,AGEM KIRI,1,TAHAN,P4,parietal,kanan,72.815,74.524,2.209,1.709,ok,video,0.0,True,False,False,-7.361654804497462,-3.330005684097646,-3.438040173406595,-5.166451121625947
P07,AGEM KIRI,1,TAHAN,O2,oksipital,kanan,72.815,74.524,2.209,1.709,ok,video,0.0,True,False,False,-8.896869173063067,-3.3776367472015494,-3.7189850511679907,-6.128247184604316
P07,AGEM KIRI,1,TAHAN,F8,frontotemporal,kanan,72.815,74.524,2.209,1.709,ok,video,0.0,True,False,False,-4.6347694933292445,-0.3768283307142113,-2.7763502839113627,-3.8944651384890037
P07,AGEM KIRI,1,TAHAN,T4,temporal,kanan,72.815,74.524,2.209,1.709,ok,video,0.0,True,False,False,-8.78852647927669,-8.023592663178928,-7.173085239734135,-9.265143837040899
P07,AGEM KIRI,1,TAHAN,T6,temporo-posterior,kanan,72.815,74.524,2.209,1.709,ok,video,0.0,True,False,False,-7.029028224888069,-3.5554636680174703,-4.685771082744317,-5.62926487165841
P07,AGEM KIRI,1,NAIK,Fp1,frontopolar,kiri,74.864,75.281,0.597,0.418,ok,video,0.0,True,False,False,0.1726214758854745,0.7643767164013653,0.22396862297150122,-0.7630862605925834
P07,AGEM KIRI,1,NAIK,F3,frontal,kiri,74.864,75.281,0.597,0.418,ok,video,0.0,True,False,False,0.705520778157279,-0.6114033252271405,-0.5721164793513687,-0.5196891287715353
P07,AGEM KIRI,1,NAIK,C3,sentral,kiri,74.864,75.281,0.597,0.418,ok,video,0.0,True,False,False,-6.5437665348406036,4.784026271135943,3.635952178228248,-0.5122197469364274
P07,AGEM KIRI,1,NAIK,P3,parietal,kiri,74.864,75.281,0.597,0.418,ok,video,0.0,True,False,False,2.129219907853244,0.7142571809069089,1.1857727331930619,-0.1638591587561251
P07,AGEM KIRI,1,NAIK,O1,oksipital,kiri,74.864,75.281,0.597,0.418,ok,video,0.0,True,False,False,1.8215407194760544,4.798353370853253,3.575647350329138,2.1326109234905744
P07,AGEM KIRI,1,NAIK,F7,frontotemporal,kiri,74.864,75.281,0.597,0.418,ok,video,0.0,True,False,False,7.310938159904616,2.1738899753128003,5.971694695941753,5.884871662826114
P07,AGEM KIRI,1,NAIK,T3,temporal,kiri,74.864,75.281,0.597,0.418,ok,video,0.0,True,False,False,1.538829026880535,-1.3538798882240606,-1.1208016230341684,-0.7802186489198384
P07,AGEM KIRI,1,NAIK,T5,temporo-posterior,kiri,74.864,75.281,0.597,0.418,ok,video,0.0,True,False,False,1.8755296709836848,0.8843696922190745,0.6631671377297259,0.42276559968580685
P07,AGEM KIRI,1,NAIK,Fp2,frontopolar,kanan,74.864,75.281,0.597,0.418,ok,video,0.0,True,False,False,4.0247841584738,2.5961484767365377,3.100668839501253,1.5174100900997516
P07,AGEM KIRI,1,NAIK,F4,frontal,kanan,74.864,75.281,0.597,0.418,ok,video,0.0,True,False,False,2.3107107049281694,3.2564577956161216,6.590819171335223,2.5132375623306302
P07,AGEM KIRI,1,NAIK,C4,sentral,kanan,74.864,75.281,0.597,0.418,ok,video,0.0,True,False,False,4.2845253679919395,2.6903143821696673,7.044994931720083,2.40832963144679
P07,AGEM KIRI,1,NAIK,P4,parietal,kanan,74.864,75.281,0.597,0.418,ok,video,0.0,True,False,False,6.004515158725177,7.0068535694797305,7.732476455188479,4.929819737829497
P07,AGEM KIRI,1,NAIK,O2,oksipital,kanan,74.864,75.281,0.597,0.418,ok,video,0.0,True,False,False,7.010598421181292,6.07956619467415,5.253145603706116,4.766357066271041
P07,AGEM KIRI,1,NAIK,F8,frontotemporal,kanan,74.864,75.281,0.597,0.418,ok,video,0.0,True,False,False,6.268850425243521,5.824149169081565,6.569868704414631,5.031166319097196
P07,AGEM KIRI,1,NAIK,T4,temporal,kanan,74.864,75.281,0.597,0.418,ok,video,0.0,True,False,False,4.265812734318217,5.069593450502353,3.921231720364993,4.587706495987682
P07,AGEM KIRI,1,NAIK,T6,temporo-posterior,kanan,74.864,75.281,0.597,0.418,ok,video,0.0,True,False,False,1.6435228324280757,6.358157612551935,7.598512924962797,5.018626957193121
P07,AGEM KIRI,1,POST,Fp1,frontopolar,kiri,75.871,77.371,1.5,1.5,ok,video,0.0,True,False,False,-5.851611059893575,-0.01049226348346366,-0.5604415478078231,-3.8630775825210613
P07,AGEM KIRI,1,POST,F3,frontal,kiri,75.871,77.371,1.5,1.5,ok,video,0.0,True,False,False,-3.7988437821213417,-5.915707765740557,-6.396063444869428,-3.254054977177322
P07,AGEM KIRI,1,POST,C3,sentral,kiri,75.871,77.371,1.5,1.5,ok,video,0.0,True,False,False,-4.439799843342463,-3.87098978725561,-4.954863062279628,-5.149390628806799
P07,AGEM KIRI,1,POST,P3,parietal,kiri,75.871,77.371,1.5,1.5,ok,video,0.0,True,False,False,-2.254351871802559,-3.472560593064955,-4.226165324234556,-2.9796249391115026
P07,AGEM KIRI,1,POST,O1,oksipital,kiri,75.871,77.371,1.5,1.5,ok,video,0.0,True,False,False,-3.0723615578787147,-1.2987249063700297,-3.7009008832904726,-1.449961100901895
P07,AGEM KIRI,1,POST,F7,frontotemporal,kiri,75.871,77.371,1.5,1.5,ok,video,0.0,True,False,False,1.1800822670260693,-1.2539944404846999,0.9371138440914386,0.7204767991071748
P07,AGEM KIRI,1,POST,T3,temporal,kiri,75.871,77.371,1.5,1.5,ok,video,0.0,True,False,False,-4.23119920687321,-1.796806735419107,-0.49142237074352835,-1.2679360605066954
P07,AGEM KIRI,1,POST,T5,temporo-posterior,kiri,75.871,77.371,1.5,1.5,ok,video,0.0,True,False,False,-1.8118666285880707,-4.883940139722899,-1.1723144398757697,-2.028085234480365
P07,AGEM KIRI,1,POST,Fp2,frontopolar,kanan,75.871,77.371,1.5,1.5,ok,video,0.0,True,False,False,0.6465932495356981,-0.05477123755343172,-1.2250771178114306,0.17815505291518718
P07,AGEM KIRI,1,POST,F4,frontal,kanan,75.871,77.371,1.5,1.5,ok,video,0.0,True,False,False,-4.4407677639611975,-7.41080669454583,-8.767367443905808,-2.975947592841848
P07,AGEM KIRI,1,POST,C4,sentral,kanan,75.871,77.371,1.5,1.5,ok,video,0.0,True,False,False,0.43646195053913317,-5.315241517298112,-8.101482442463851,-1.1078837868275997
P07,AGEM KIRI,1,POST,P4,parietal,kanan,75.871,77.371,1.5,1.5,ok,video,0.0,True,False,False,-1.4098856911536615,-3.5969252870260107,-4.288385829414835,0.17187146369506223
P07,AGEM KIRI,1,POST,O2,oksipital,kanan,75.871,77.371,1.5,1.5,ok,video,0.0,True,False,False,-2.3950609899231594,-7.347182458389746,-7.149813407958327,-0.8241217732907131
P07,AGEM KIRI,1,POST,F8,frontotemporal,kanan,75.871,77.371,1.5,1.5,ok,video,0.0,True,False,False,1.4997853883531747,-3.586452213165984,-2.9694157685561464,-0.23102840627608145
P07,AGEM KIRI,1,POST,T4,temporal,kanan,75.871,77.371,1.5,1.5,ok,video,0.0,True,False,False,0.0489127979932249,-4.378878297551182,-6.339047482646187,-0.514323906763579
P07,AGEM KIRI,1,POST,T6,temporo-posterior,kanan,75.871,77.371,1.5,1.5,ok,video,0.0,True,False,False,-3.7945883481028275,-6.85956198255689,-10.31506386767279,-1.964300039467517
P07,AGEM KIRI,2,PRA,Fp1,frontopolar,kiri,84.702,86.702,2.0,2.0,ok,video,0.0,True,False,False,1.385121363064549,2.0320328904907434,2.1703144413415494,1.0265794771666528
P07,AGEM KIRI,2,PRA,F3,frontal,kiri,84.702,86.702,2.0,2.0,ok,video,0.0,True,False,False,-1.443944165868487,-1.3114496247506366,1.3102634285076995,2.2942574541022864
P07,AGEM KIRI,2,PRA,C3,sentral,kiri,84.702,86.702,2.0,2.0,ok,video,0.0,True,False,False,-1.7206303088966912,0.7580772448411608,0.19918339314732236,-1.436016043357725
P07,AGEM KIRI,2,PRA,P3,parietal,kiri,84.702,86.702,2.0,2.0,ok,video,0.0,True,False,False,1.213713445516138,0.710185763928969,0.1215561772672693,0.47087842132521374
P07,AGEM KIRI,2,PRA,O1,oksipital,kiri,84.702,86.702,2.0,2.0,ok,video,0.0,True,False,False,1.0351488554909736,3.135628027555544,0.736501268543762,2.148199441539994
P07,AGEM KIRI,2,PRA,F7,frontotemporal,kiri,84.702,86.702,2.0,2.0,ok,video,0.0,True,False,False,7.455943155429949,7.433157631912312,6.074903647810693,6.148925354931304
P07,AGEM KIRI,2,PRA,T3,temporal,kiri,84.702,86.702,2.0,2.0,ok,video,0.0,True,False,False,3.0699510578790807,6.785960290635408,6.401918787089553,4.567248108149084
P07,AGEM KIRI,2,PRA,T5,temporo-posterior,kiri,84.702,86.702,2.0,2.0,ok,video,0.0,True,False,False,7.633327643034551,6.412562096485441,6.297558205196129,6.867097462856165
P07,AGEM KIRI,2,PRA,Fp2,frontopolar,kanan,84.702,86.702,2.0,2.0,ok,video,0.0,True,False,False,2.4527662356208566,1.6256203710307346,1.7012088343378977,0.7707566921108295
P07,AGEM KIRI,2,PRA,F4,frontal,kanan,84.702,86.702,2.0,2.0,ok,video,0.0,True,False,False,-0.6457269411955906,-1.5067586725173285,-2.691257163499987,-1.1645774624398157
P07,AGEM KIRI,2,PRA,C4,sentral,kanan,84.702,86.702,2.0,2.0,ok,video,0.0,True,False,False,0.7750758252132428,-0.619726613564751,-1.8275703360517284,-0.6246799035583734
P07,AGEM KIRI,2,PRA,P4,parietal,kanan,84.702,86.702,2.0,2.0,ok,video,0.0,True,False,False,0.9941815374448026,0.762142936027729,-0.8882870319823688,0.04073321504149874
P07,AGEM KIRI,2,PRA,O2,oksipital,kanan,84.702,86.702,2.0,2.0,ok,video,0.0,True,False,False,-3.4530788021804426,-3.719004667047084,-4.186039466613618,-4.726487986803662
P07,AGEM KIRI,2,PRA,F8,frontotemporal,kanan,84.702,86.702,2.0,2.0,ok,video,0.0,True,False,False,2.7286943197645286,5.4304799431050625,3.3955970597857927,4.555471399267844
P07,AGEM KIRI,2,PRA,T4,temporal,kanan,84.702,86.702,2.0,2.0,ok,video,0.0,True,False,False,1.2572481709129946,-1.4433089461801814,-1.8902427806907198,-1.3615027575035086
P07,AGEM KIRI,2,PRA,T6,temporo-posterior,kanan,84.702,86.702,2.0,2.0,ok,video,0.0,True,False,False,-0.36578448731743407,-1.09510004267419,-3.070552414709436,-1.3827703012332364
P07,AGEM KIRI,2,TURUN,Fp1,frontopolar,kiri,86.883,87.729,1.208,0.846,ok,video,0.0,True,False,False,0.11053821361129224,-0.7818569903840533,1.6128843124664627,0.831747391583626
P07,AGEM KIRI,2,TURUN,F3,frontal,kiri,86.883,87.729,1.208,0.846,ok,video,0.0,True,False,False,6.199711178435916,3.0227761282908503,3.8928360419868824,5.028326305601507
P07,AGEM KIRI,2,TURUN,C3,sentral,kiri,86.883,87.729,1.208,0.846,ok,video,0.0,True,False,False,-1.4333993773005673,-2.9610148585538845,-4.609364032058888,-3.9168376371485856
P07,AGEM KIRI,2,TURUN,P3,parietal,kiri,86.883,87.729,1.208,0.846,ok,video,0.0,True,False,False,3.349206391104868,1.5014324090336082,-2.333410866620163,0.3143754254703879
P07,AGEM KIRI,2,TURUN,O1,oksipital,kiri,86.883,87.729,1.208,0.846,ok,video,0.0,True,False,False,6.427027893961906,-0.8165475565462224,1.98568783792944,5.5669852451966975
P07,AGEM KIRI,2,TURUN,F7,frontotemporal,kiri,86.883,87.729,1.208,0.846,ok,video,0.0,True,False,False,3.392847248589529,4.545160341899912,3.2362859776260358,3.4180812918890737
P07,AGEM KIRI,2,TURUN,T3,temporal,kiri,86.883,87.729,1.208,0.846,ok,video,0.0,True,False,False,0.7351688427739376,1.341483717696093,1.9043105731212968,0.8973374432933205
P07,AGEM KIRI,2,TURUN,T5,temporo-posterior,kiri,86.883,87.729,1.208,0.846,ok,video,0.0,True,False,False,-0.49517522210856413,2.6931286210524306,1.4434013580900498,-0.2958216738273052
P07,AGEM KIRI,2,TURUN,Fp2,frontopolar,kanan,86.883,87.729,1.208,0.846,ok,video,0.0,True,False,False,-0.4976553391801133,-2.8133460895462363,2.863323650940565,0.958892737973116
P07,AGEM KIRI,2,TURUN,F4,frontal,kanan,86.883,87.729,1.208,0.846,ok,video,0.0,True,False,False,-5.344870465702975,-9.907403896938128,-8.255598114553202,-6.167881991193568
P07,AGEM KIRI,2,TURUN,C4,sentral,kanan,86.883,87.729,1.208,0.846,ok,video,0.0,True,False,False,-4.233104850430074,-4.132358738935324,-6.758058145623206,-4.097498136277409
P07,AGEM KIRI,2,TURUN,P4,parietal,kanan,86.883,87.729,1.208,0.846,ok,video,0.0,True,False,False,-0.2176209061571015,-2.2487204368187577,-3.277389170144641,-2.722944793307928
P07,AGEM KIRI,2,TURUN,O2,oksipital,kanan,86.883,87.729,1.208,0.846,ok,video,0.0,True,False,False,-3.5986063180969268,-1.8611352774858219,-2.3775793206124014,-4.837956596763586
P07,AGEM KIRI,2,TURUN,F8,frontotemporal,kanan,86.883,87.729,1.208,0.846,ok,video,0.0,True,False,False,1.7559343175212234,-0.5471107486354327,-1.97623214787545,0.14289639915773478
P07,AGEM KIRI,2,TURUN,T4,temporal,kanan,86.883,87.729,1.208,0.846,ok,video,0.0,True,False,False,-3.3182177406080413,-6.769961613164437,-2.4100071130895167,-1.8780941413493721
P07,AGEM KIRI,2,TURUN,T6,temporo-posterior,kanan,86.883,87.729,1.208,0.846,ok,video,0.0,True,False,False,-3.5773560297367624,-5.362100052256746,-1.3376255387847884,-5.03769896836187
P07,AGEM KIRI,2,TAHAN,Fp1,frontopolar,kiri,88.16,90.591,2.931,2.431,ok,video,0.0,True,False,False,-7.167517246049403,-4.261553152223716,-2.476145762725423,-6.200229502245612
P07,AGEM KIRI,2,TAHAN,F3,frontal,kiri,88.16,90.591,2.931,2.431,ok,video,0.247,True,True,False,-10.832255691733721,-9.46810718377374,-5.050406938136208,-8.52858800628005
P07,AGEM KIRI,2,TAHAN,C3,sentral,kiri,88.16,90.591,2.931,2.431,ok,video,0.0,True,False,False,-9.87254569460978,-8.943483452966063,-8.383176130618942,-9.929429081685512
P07,AGEM KIRI,2,TAHAN,P3,parietal,kiri,88.16,90.591,2.931,2.431,ok,video,0.329,True,True,False,-5.529204331809471,-5.209617978336279,-4.081413402329801,-6.341398690958375
P07,AGEM KIRI,2,TAHAN,O1,oksipital,kiri,88.16,90.591,2.931,2.431,ok,video,0.0,True,False,False,-8.522768482222013,-8.872373233413313,-6.190274903809275,-8.53859772440876
P07,AGEM KIRI,2,TAHAN,F7,frontotemporal,kiri,88.16,90.591,2.931,2.431,ok,video,0.0,True,False,False,-2.510013520981957,-1.001873409282389,-2.202044009185091,-2.639766403550329
P07,AGEM KIRI,2,TAHAN,T3,temporal,kiri,88.16,90.591,2.931,2.431,ok,video,0.0,True,False,False,-10.69797901093142,-8.725998252977966,-5.970259852019371,-9.491084426870021
P07,AGEM KIRI,2,TAHAN,T5,temporo-posterior,kiri,88.16,90.591,2.931,2.431,ok,video,0.165,True,True,False,-4.070438136419899,-5.060217233682888,-2.174307378839174,-4.570196320607955
P07,AGEM KIRI,2,TAHAN,Fp2,frontopolar,kanan,88.16,90.591,2.931,2.431,ok,video,0.0,True,False,False,-5.803085996344336,-6.367000482460334,-3.0910634451908123,-6.321586063629162
P07,AGEM KIRI,2,TAHAN,F4,frontal,kanan,88.16,90.591,2.931,2.431,ok,video,0.0,True,False,False,-11.115269762633424,-8.899238928506051,-8.780365606985782,-10.059273290096385
P07,AGEM KIRI,2,TAHAN,C4,sentral,kanan,88.16,90.591,2.931,2.431,ok,video,0.0,True,False,False,-10.53508263015227,-8.976812948569481,-10.051393591760835,-10.682652521805682
P07,AGEM KIRI,2,TAHAN,P4,parietal,kanan,88.16,90.591,2.931,2.431,ok,video,0.0,True,False,False,-6.17700842765877,-5.525273524937653,-4.695984467896725,-6.132376940590984
P07,AGEM KIRI,2,TAHAN,O2,oksipital,kanan,88.16,90.591,2.931,2.431,ok,video,0.0,True,False,False,-7.678731589953735,-9.450251834964824,-8.477737991471496,-9.150411668383459
P07,AGEM KIRI,2,TAHAN,F8,frontotemporal,kanan,88.16,90.591,2.931,2.431,ok,video,0.0,True,False,False,-7.293333338434273,-5.939658651793231,-6.735574097076071,-7.6599152380344435
P07,AGEM KIRI,2,TAHAN,T4,temporal,kanan,88.16,90.591,2.931,2.431,ok,video,0.0,True,False,False,-7.425452735248459,-8.102533050847814,-6.955617448092227,-8.772915827809392
P07,AGEM KIRI,2,TAHAN,T6,temporo-posterior,kanan,88.16,90.591,2.931,2.431,ok,video,0.0,True,False,False,-8.881222657108466,-9.67594697202486,-7.222499076155994,-8.862159157435183
P07,AGEM KIRI,2,NAIK,Fp1,frontopolar,kiri,90.951,91.467,0.736,0.515,ok,video,0.0,True,False,False,8.296662686659229,0.9845286352296263,-1.2794216692168483,5.514284331531638
P07,AGEM KIRI,2,NAIK,F3,frontal,kiri,90.951,91.467,0.736,0.515,ok,video,1.0,False,False,False,,,,
P07,AGEM KIRI,2,NAIK,C3,sentral,kiri,90.951,91.467,0.736,0.515,ok,video,0.784,False,False,False,,,,
P07,AGEM KIRI,2,NAIK,P3,parietal,kiri,90.951,91.467,0.736,0.515,ok,video,0.98,False,False,False,,,,
P07,AGEM KIRI,2,NAIK,O1,oksipital,kiri,90.951,91.467,0.736,0.515,ok,video,0.0,True,False,False,-2.409665999179925,-4.895882429660695,-7.853689329423624,-4.090601103922285
P07,AGEM KIRI,2,NAIK,F7,frontotemporal,kiri,90.951,91.467,0.736,0.515,ok,video,0.0,True,False,False,9.730099628190253,3.1530860840449186,-1.1650790049493516,7.111178090091197
P07,AGEM KIRI,2,NAIK,T3,temporal,kiri,90.951,91.467,0.736,0.515,ok,video,0.0,True,False,False,-2.2871063653797705,-6.083422798051426,-9.539410817918746,-4.863085727131772
P07,AGEM KIRI,2,NAIK,T5,temporo-posterior,kiri,90.951,91.467,0.736,0.515,ok,video,0.0,True,False,False,-0.32934483707366624,-1.8037004782297785,3.0979883687397383,0.029600308694917032
P07,AGEM KIRI,2,NAIK,Fp2,frontopolar,kanan,90.951,91.467,0.736,0.515,ok,video,0.0,True,False,False,3.098255392544857,-2.5105688489824445,-2.3628928195679038,0.5914981977026486
P07,AGEM KIRI,2,NAIK,F4,frontal,kanan,90.951,91.467,0.736,0.515,ok,video,0.0,True,False,False,-4.575037072261495,-3.188926228360529,-6.934410924622252,-4.330324447166092
P07,AGEM KIRI,2,NAIK,C4,sentral,kanan,90.951,91.467,0.736,0.515,ok,video,0.0,True,False,False,-2.8475015340048913,-2.2586082852020297,-7.067946060374943,-3.513996792884761
P07,AGEM KIRI,2,NAIK,P4,parietal,kanan,90.951,91.467,0.736,0.515,ok,video,0.0,True,False,False,-2.5868475589666247,-0.9826490137429644,-4.25703757448262,-3.385725459755065
P07,AGEM KIRI,2,NAIK,O2,oksipital,kanan,90.951,91.467,0.736,0.515,ok,video,0.0,True,False,False,-3.087306216747436,-0.9192945483922799,-2.612432029160445,-1.6265135748983042
P07,AGEM KIRI,2,NAIK,F8,frontotemporal,kanan,90.951,91.467,0.736,0.515,ok,video,0.0,True,False,False,11.69737670947275,-1.1102295626079197,3.81859675751312,8.628474279237068
P07,AGEM KIRI,2,NAIK,T4,temporal,kanan,90.951,91.467,0.736,0.515,ok,video,0.0,True,False,False,-1.4645146593192422,-4.510883312686122,-5.362070213961527,-0.5018709779203618
P07,AGEM KIRI,2,NAIK,T6,temporo-posterior,kanan,90.951,91.467,0.736,0.515,ok,video,0.0,True,False,False,-1.5964100022312167,1.2774851810710715,-2.647029767889869,2.4564226472418085
P07,AGEM KIRI,2,POST,Fp1,frontopolar,kiri,92.077,93.577,1.5,1.5,ok,video,0.0,True,False,False,4.693295236455409,1.064605630298967,0.3217673100281857,3.8914087186029462
P07,AGEM KIRI,2,POST,F3,frontal,kiri,92.077,93.577,1.5,1.5,ok,video,0.0,True,False,False,-2.2627651259139583,-6.189037079216238,-1.1689303512454785,-2.0814022702839665
P07,AGEM KIRI,2,POST,C3,sentral,kiri,92.077,93.577,1.5,1.5,ok,video,0.0,True,False,False,-4.542879082399626,-7.865943273059457,-6.076092227282494,-5.560051340544231
P07,AGEM KIRI,2,POST,P3,parietal,kiri,92.077,93.577,1.5,1.5,ok,video,0.0,True,False,False,-0.6942463060525093,-3.136188034361311,-5.706802343442085,-1.3336604707978594
P07,AGEM KIRI,2,POST,O1,oksipital,kiri,92.077,93.577,1.5,1.5,ok,video,0.0,True,False,False,-0.4140643580292789,-1.2307871971689472,-1.3594955667499633,1.1285636483932144
P07,AGEM KIRI,2,POST,F7,frontotemporal,kiri,92.077,93.577,1.5,1.5,ok,video,0.0,True,False,False,6.860264107036635,6.129945200489871,2.454567667984339,6.675886579976979
P07,AGEM KIRI,2,POST,T3,temporal,kiri,92.077,93.577,1.5,1.5,ok,video,0.0,True,False,False,-7.1053834362995545,-5.584874829718924,-0.6093913787609786,-4.984303393247071
P07,AGEM KIRI,2,POST,T5,temporo-posterior,kiri,92.077,93.577,1.5,1.5,ok,video,0.0,True,False,False,2.7566531511723262,2.3175611234407363,1.3598910214399638,3.517899758584374
P07,AGEM KIRI,2,POST,Fp2,frontopolar,kanan,92.077,93.577,1.5,1.5,ok,video,0.0,True,False,False,1.363767785530797,0.9308424903629984,-0.935355332284658,0.39464590320137916
P07,AGEM KIRI,2,POST,F4,frontal,kanan,92.077,93.577,1.5,1.5,ok,video,0.0,True,False,False,-11.712888976200208,-10.321327015352189,-10.897871034217033,-11.773443261258809
P07,AGEM KIRI,2,POST,C4,sentral,kanan,92.077,93.577,1.5,1.5,ok,video,0.0,True,False,False,-5.906799609945949,-3.817404574303019,-5.462769900283256,-5.5721048802029784
P07,AGEM KIRI,2,POST,P4,parietal,kanan,92.077,93.577,1.5,1.5,ok,video,0.0,True,False,False,-1.2341280712856388,-1.6933944430787804,-3.2271173724194,-2.026618090740257
P07,AGEM KIRI,2,POST,O2,oksipital,kanan,92.077,93.577,1.5,1.5,ok,video,0.0,True,False,False,-6.886475689608208,-1.9995723768121074,-2.234126357081717,-3.372661719631033
P07,AGEM KIRI,2,POST,F8,frontotemporal,kanan,92.077,93.577,1.5,1.5,ok,video,0.0,True,False,False,7.699370118615526,7.073669066270789,3.957967776346699,8.000479262137745
P07,AGEM KIRI,2,POST,T4,temporal,kanan,92.077,93.577,1.5,1.5,ok,video,0.0,True,False,False,-6.185407856251654,-5.821823401326871,-6.822216437629862,-4.237857954694068
P07,AGEM KIRI,2,POST,T6,temporo-posterior,kanan,92.077,93.577,1.5,1.5,ok,video,0.0,True,False,False,-3.710774627633832,-3.810880004399799,-6.774779360955204,-2.224898409198424
P07,NGEED,3,PRA,Fp1,frontopolar,kiri,272.632,274.632,2.0,2.0,ok,video,0.0,True,False,False,0.7452804916490656,-1.6555873743880412,-0.16255177853825842,-0.02187636762030465
P07,NGEED,3,PRA,F3,frontal,kiri,272.632,274.632,2.0,2.0,ok,video,0.0,True,False,False,-6.150874361180708,-4.6721552615668465,-2.6892122541300125,-4.732613692195784
P07,NGEED,3,PRA,C3,sentral,kiri,272.632,274.632,2.0,2.0,ok,video,0.0,True,False,False,-4.76060162496044,-4.270003331532301,-4.444136303957361,-5.284595891983955
P07,NGEED,3,PRA,P3,parietal,kiri,272.632,274.632,2.0,2.0,ok,video,0.2,True,True,False,-1.0416158836196665,-6.628609054402897,0.8182900006441827,-0.7003974442051728
P07,NGEED,3,PRA,O1,oksipital,kiri,272.632,274.632,2.0,2.0,ok,video,0.0,True,False,False,-5.149482723027646,-7.176171508173855,-5.808652340800869,-5.331880340418081
P07,NGEED,3,PRA,F7,frontotemporal,kiri,272.632,274.632,2.0,2.0,ok,video,0.0,True,False,False,-1.0251059149219053,0.04198783892113411,-0.3136084881425383,0.28443981307763266
P07,NGEED,3,PRA,T3,temporal,kiri,272.632,274.632,2.0,2.0,ok,video,0.0,True,False,False,-5.4572885623821925,-5.9328376583696105,-5.526021999983673,-6.271651966881478
P07,NGEED,3,PRA,T5,temporo-posterior,kiri,272.632,274.632,2.0,2.0,ok,video,0.0,True,False,False,-4.672218297549094,-3.1515431322465908,-1.988387894678958,-2.6282483555615315
P07,NGEED,3,PRA,Fp2,frontopolar,kanan,272.632,274.632,2.0,2.0,ok,video,0.0,True,False,False,-2.6105413498388117,-3.7048754256594094,-2.7924956680075965,-3.236322477154488
P07,NGEED,3,PRA,F4,frontal,kanan,272.632,274.632,2.0,2.0,ok,video,0.0,True,False,False,-6.964514805722132,-6.126541997259725,-5.913550374558287,-5.795506812048835
P07,NGEED,3,PRA,C4,sentral,kanan,272.632,274.632,2.0,2.0,ok,video,0.0,True,False,False,-1.5647197017860677,-5.057635482462835,-4.347148433448677,-2.527748286205565
P07,NGEED,3,PRA,P4,parietal,kanan,272.632,274.632,2.0,2.0,ok,video,0.0,True,False,False,-3.415433679090235,-3.0141874843007663,-3.1527110728094883,-3.523300070430036
P07,NGEED,3,PRA,O2,oksipital,kanan,272.632,274.632,2.0,2.0,ok,video,0.0,True,False,False,-6.686471087829375,-7.510089884964408,-6.56654599322728,-6.745509848240985
P07,NGEED,3,PRA,F8,frontotemporal,kanan,272.632,274.632,2.0,2.0,ok,video,0.0,True,False,False,1.595521366902041,0.04169632132180823,-3.841664205494361,1.6073290016423911
P07,NGEED,3,PRA,T4,temporal,kanan,272.632,274.632,2.0,2.0,ok,video,0.0,True,False,False,-6.696520101399617,-5.003901906015585,-3.7206173358256223,-6.042067404283689
P07,NGEED,3,PRA,T6,temporo-posterior,kanan,272.632,274.632,2.0,2.0,ok,video,0.0,True,False,False,-1.7211110051350431,-5.024621728005492,-3.3438854712118236,-1.7814514821121108
P07,NGEED,3,TURUN,Fp1,frontopolar,kiri,279.951,281.187,1.736,1.236,ok,video,0.0,True,False,False,-2.10479052022011,5.158411853974439,1.836580693503823,0.513742501698669
P07,NGEED,3,TURUN,F3,frontal,kiri,279.951,281.187,1.736,1.236,ok,video,0.0,True,False,False,-7.664257383514496,0.2647695121204201,-0.22767771762175215,-2.3483610762935605
P07,NGEED,3,TURUN,C3,sentral,kiri,279.951,281.187,1.736,1.236,ok,video,0.0,True,False,False,-7.256869947358137,-4.14994739377385,-0.9791569565374836,-5.345381343124743
P07,NGEED,3,TURUN,P3,parietal,kiri,279.951,281.187,1.736,1.236,ok,video,0.0,True,False,False,-2.029825904408167,-4.014915059669136,-1.77852150775853,-3.7413689694940153
P07,NGEED,3,TURUN,O1,oksipital,kiri,279.951,281.187,1.736,1.236,ok,video,0.0,True,False,False,-1.9956936456876058,-2.6106822906735516,0.19389565116120266,0.7134839011268816
P07,NGEED,3,TURUN,F7,frontotemporal,kiri,279.951,281.187,1.736,1.236,ok,video,0.0,True,False,False,-0.21639681951107548,-0.15011655730369,0.8640538567929354,0.38977804105746827
P07,NGEED,3,TURUN,T3,temporal,kiri,279.951,281.187,1.736,1.236,ok,video,0.0,True,False,False,-5.981684420009849,-4.551294845067336,-3.914643491043506,-6.10693567018663
P07,NGEED,3,TURUN,T5,temporo-posterior,kiri,279.951,281.187,1.736,1.236,ok,video,0.0,True,False,False,-0.7901486456064468,2.0810278180446105,0.832295013982506,-0.651661428415192
P07,NGEED,3,TURUN,Fp2,frontopolar,kanan,279.951,281.187,1.736,1.236,ok,video,0.0,True,False,False,-4.542039270054119,2.323073970666762,-2.6094270341412447,-2.3947364978131063
P07,NGEED,3,TURUN,F4,frontal,kanan,279.951,281.187,1.736,1.236,ok,video,0.0,True,False,False,-2.543381811793786,-1.4163839088477417,-2.3560438581362995,-0.9304775752315884
P07,NGEED,3,TURUN,C4,sentral,kanan,279.951,281.187,1.736,1.236,ok,video,0.0,True,False,False,-3.3024088494607895,-2.089203788363676,-2.549682053531125,-2.1809341944457614
P07,NGEED,3,TURUN,P4,parietal,kanan,279.951,281.187,1.736,1.236,ok,video,0.0,True,False,False,-3.3722460414620343,-0.9755306365212277,-2.762748433523978,-0.8709291842896434
P07,NGEED,3,TURUN,O2,oksipital,kanan,279.951,281.187,1.736,1.236,ok,video,0.0,True,False,False,4.6217790106939916,5.021919612472544,4.621541786729598,3.445360791740214
P07,NGEED,3,TURUN,F8,frontotemporal,kanan,279.951,281.187,1.736,1.236,ok,video,0.0,True,False,False,5.961313749762034,7.424989047324999,5.783677804299387,5.5283360516831905
P07,NGEED,3,TURUN,T4,temporal,kanan,279.951,281.187,1.736,1.236,ok,video,0.0,True,False,False,-5.951726197436486,-0.5465645776565822,-1.8418382208392146,-1.1860655257181847
P07,NGEED,3,TURUN,T6,temporo-posterior,kanan,279.951,281.187,1.736,1.236,ok,video,0.0,True,False,False,0.700536124562781,-0.9626053645197175,-2.3071156668068475,-0.44054574749845443
P07,NGEED,3,TAHAN,Fp1,frontopolar,kiri,281.687,284.186,2.999,2.499,ok,video,0.0,True,False,False,-6.816831018204812,-5.423090061754717,-6.0325621157477265,-7.608752991060477
P07,NGEED,3,TAHAN,F3,frontal,kiri,281.687,284.186,2.999,2.499,ok,video,0.612,False,False,False,,,,
P07,NGEED,3,TAHAN,C3,sentral,kiri,281.687,284.186,2.999,2.499,ok,video,1.0,False,False,False,,,,
P07,NGEED,3,TAHAN,P3,parietal,kiri,281.687,284.186,2.999,2.499,ok,video,0.292,True,True,False,-4.217566576783042,-2.138112205413382,-5.728598865473387,-5.086612805354985
P07,NGEED,3,TAHAN,O1,oksipital,kiri,281.687,284.186,2.999,2.499,ok,video,0.292,True,True,False,-11.560658380627444,-8.793594151914757,-8.590247773331257,-9.13431645193911
P07,NGEED,3,TAHAN,F7,frontotemporal,kiri,281.687,284.186,2.999,2.499,ok,video,0.0,True,False,False,-6.884035692507922,-6.2813968908563425,-6.479129797086825,-6.199893623763629
P07,NGEED,3,TAHAN,T3,temporal,kiri,281.687,284.186,2.999,2.499,ok,video,0.452,True,True,False,-14.496347901227768,-12.450616846771116,-12.677462382988093,-13.855573014208208
P07,NGEED,3,TAHAN,T5,temporo-posterior,kiri,281.687,284.186,2.999,2.499,ok,video,0.0,True,False,False,-10.312718829176347,-6.320820453379355,-6.810605533702757,-9.403719771606244
P07,NGEED,3,TAHAN,Fp2,frontopolar,kanan,281.687,284.186,2.999,2.499,ok,video,0.0,True,False,False,-3.7617286322174195,-4.483898362829542,-5.194939080498692,-4.585277623508482
P07,NGEED,3,TAHAN,F4,frontal,kanan,281.687,284.186,2.999,2.499,ok,video,0.0,True,False,False,-10.623951528347739,-9.981750750913438,-8.575568382383064,-7.260140540204901
P07,NGEED,3,TAHAN,C4,sentral,kanan,281.687,284.186,2.999,2.499,ok,video,0.0,True,False,False,-5.006125168150092,-2.996324335632714,-4.4705159222924955,-3.0475039031835607
P07,NGEED,3,TAHAN,P4,parietal,kanan,281.687,284.186,2.999,2.499,ok,video,0.0,True,False,False,-3.905155308993727,-4.188142757576372,-5.194974076873198,-2.5779595295806104
P07,NGEED,3,TAHAN,O2,oksipital,kanan,281.687,284.186,2.999,2.499,ok,video,0.0,True,False,False,-7.677950952043911,-7.572827525411046,-7.729571066918393,-4.55124371246924
P07,NGEED,3,TAHAN,F8,frontotemporal,kanan,281.687,284.186,2.999,2.499,ok,video,0.0,True,False,False,-8.411958350753373,-8.686140245026124,-7.482455278036298,-8.611820981652016
P07,NGEED,3,TAHAN,T4,temporal,kanan,281.687,284.186,2.999,2.499,ok,video,0.0,True,False,False,-6.621757422019087,-4.980805452178849,-5.74513280173619,-1.9865605466261584
P07,NGEED,3,TAHAN,T6,temporo-posterior,kanan,281.687,284.186,2.999,2.499,ok,video,0.0,True,False,False,-4.850083174992768,-4.878787001459479,-6.828239987355531,-3.0864266140275234
P07,NGEED,3,NAIK,Fp1,frontopolar,kiri,284.586,285.286,1.0,0.7,ok,video,0.0,True,False,False,-1.5546010342237402,-2.847728811607979,-2.0209712373223745,-3.6873101071488534
P07,NGEED,3,NAIK,F3,frontal,kiri,284.586,285.286,1.0,0.7,ok,video,0.386,False,False,False,,,,
P07,NGEED,3,NAIK,C3,sentral,kiri,284.586,285.286,1.0,0.7,ok,video,0.386,False,False,False,,,,
P07,NGEED,3,NAIK,P3,parietal,kiri,284.586,285.286,1.0,0.7,ok,video,0.386,False,False,False,,,,
P07,NGEED,3,NAIK,O1,oksipital,kiri,284.586,285.286,1.0,0.7,ok,video,0.1,True,False,False,-4.8644560480436425,-3.033794263741406,-0.5089842180478783,-1.8591458589021883
P07,NGEED,3,NAIK,F7,frontotemporal,kiri,284.586,285.286,1.0,0.7,ok,video,0.0,True,False,False,1.580943206176343,1.42229682437641,-1.414568534868902,0.17661048961806713
P07,NGEED,3,NAIK,T3,temporal,kiri,284.586,285.286,1.0,0.7,ok,video,0.386,False,False,False,,,,
P07,NGEED,3,NAIK,T5,temporo-posterior,kiri,284.586,285.286,1.0,0.7,ok,video,0.0,True,False,False,-0.48128343793139905,2.1515762047614935,0.1004175248783703,-0.8477361679796687
P07,NGEED,3,NAIK,Fp2,frontopolar,kanan,284.586,285.286,1.0,0.7,ok,video,0.0,True,False,False,-3.072403745055631,-2.395619116769126,0.999323191725253,-2.62302699544594
P07,NGEED,3,NAIK,F4,frontal,kanan,284.586,285.286,1.0,0.7,ok,video,0.1,True,False,False,-7.38184363056542,-3.8725410269898717,3.599427501076658,-3.124691312141735
P07,NGEED,3,NAIK,C4,sentral,kanan,284.586,285.286,1.0,0.7,ok,video,0.0,True,False,False,-6.891453828522735,-9.193697334395093,-1.355917744768611,-6.811610245575469
P07,NGEED,3,NAIK,P4,parietal,kanan,284.586,285.286,1.0,0.7,ok,video,0.0,True,False,False,-5.153627489069507,-5.882866825050922,-0.9845269928974396,-5.1158820273130345
P07,NGEED,3,NAIK,O2,oksipital,kanan,284.586,285.286,1.0,0.7,ok,video,0.0,True,False,False,-11.920254831928474,-3.1626966989302936,2.8990500636474295,-4.652614689748692
P07,NGEED,3,NAIK,F8,frontotemporal,kanan,284.586,285.286,1.0,0.7,ok,video,0.0,True,False,False,-6.800538566014964,-5.464402097727884,-2.3092396213262703,-3.641496978215649
P07,NGEED,3,NAIK,T4,temporal,kanan,284.586,285.286,1.0,0.7,ok,video,0.0,True,False,False,-4.064759261238777,-6.411587859917571,0.3586956191497954,-2.1554922336461217
P07,NGEED,3,NAIK,T6,temporo-posterior,kanan,284.586,285.286,1.0,0.7,ok,video,0.0,True,False,False,-0.30213134192338487,-1.6553963111709606,3.4045318548085888,-0.12760570441017194
P07,NGEED,3,POST,Fp1,frontopolar,kiri,285.936,287.436,1.5,1.5,ok,video,0.0,True,False,False,-0.7186745247774908,2.342329598448547,0.46089460240483504,0.31305096874582716
P07,NGEED,3,POST,F3,frontal,kiri,285.936,287.436,1.5,1.5,ok,video,0.0,True,False,False,-1.8583580350548914,-3.6414695651741518,-3.5643015170025443,-1.5096249379197992
P07,NGEED,3,POST,C3,sentral,kiri,285.936,287.436,1.5,1.5,ok,video,0.0,True,False,False,-3.895613571436609,-0.5324141654536803,-2.3091743292551747,-3.12841326722441
P07,NGEED,3,POST,P3,parietal,kiri,285.936,287.436,1.5,1.5,ok,video,0.0,True,False,False,-2.215954931611318,-0.9164694362013428,-1.0170154298992529,-1.2553023764584594
P07,NGEED,3,POST,O1,oksipital,kiri,285.936,287.436,1.5,1.5,ok,video,0.0,True,False,False,1.6310940298863486,-1.3812636266663851,-0.3634345637107792,2.3060655885321424
P07,NGEED,3,POST,F7,frontotemporal,kiri,285.936,287.436,1.5,1.5,ok,video,0.0,True,False,False,1.0235812228695664,-1.1914777815161557,-2.0639872816301157,-0.6872429208236319
P07,NGEED,3,POST,T3,temporal,kiri,285.936,287.436,1.5,1.5,ok,video,0.0,True,False,False,-3.5917844573227597,-3.5900548652961213,-4.657108636698673,-3.874751413984608
P07,NGEED,3,POST,T5,temporo-posterior,kiri,285.936,287.436,1.5,1.5,ok,video,0.0,True,False,False,1.9047822166373045,-1.200811898644666,-1.163112482365431,-0.5375082065248762
P07,NGEED,3,POST,Fp2,frontopolar,kanan,285.936,287.436,1.5,1.5,ok,video,0.0,True,False,False,-4.058647922317135,-2.4812677238505074,-1.9651528147165642,-4.739865227398624
P07,NGEED,3,POST,F4,frontal,kanan,285.936,287.436,1.5,1.5,ok,video,0.787,False,False,False,,,,
P07,NGEED,3,POST,C4,sentral,kanan,285.936,287.436,1.5,1.5,ok,video,0.267,True,True,False,-18.25715945952927,-15.110746114240037,-17.310311063378684,-18.232724429677784
P07,NGEED,3,POST,P4,parietal,kanan,285.936,287.436,1.5,1.5,ok,video,0.0,True,False,False,-9.324951378843842,-11.042968429486905,-9.632188898781063,-9.458910298132963
P07,NGEED,3,POST,O2,oksipital,kanan,285.936,287.436,1.5,1.5,ok,video,0.0,True,False,False,-12.42452656066325,-10.552807465388408,-12.463076307476582,-12.368575352910877
P07,NGEED,3,POST,F8,frontotemporal,kanan,285.936,287.436,1.5,1.5,ok,video,0.0,True,False,False,-5.2790241898649555,-9.025192171956903,-9.43608929798215,-7.7231504968275075
P07,NGEED,3,POST,T4,temporal,kanan,285.936,287.436,1.5,1.5,ok,video,0.787,False,False,False,,,,
P07,NGEED,3,POST,T6,temporo-posterior,kanan,285.936,287.436,1.5,1.5,ok,video,0.0,True,False,False,-15.046417201423498,-16.22046352142966,-15.890426339883174,-14.34584969513995
P07,NGEED,4,PRA,Fp1,frontopolar,kiri,286.366,288.366,2.0,2.0,ok,video,0.0,True,False,False,6.99352742996815,4.367938486603492,1.7354536069847128,3.9243847825302325
P07,NGEED,4,PRA,F3,frontal,kiri,286.366,288.366,2.0,2.0,ok,video,0.0,True,False,False,4.849572641896341,3.900598905850657,-0.06260892268394258,3.6633866330303633
P07,NGEED,4,PRA,C3,sentral,kiri,286.366,288.366,2.0,2.0,ok,video,0.0,True,False,False,4.072492828112303,0.9713569174984542,-1.5678718838901524,0.9715762560301933
P07,NGEED,4,PRA,P3,parietal,kiri,286.366,288.366,2.0,2.0,ok,video,0.0,True,False,False,7.524859568905992,3.687514683419817,0.057420735319620775,4.238746209967822
P07,NGEED,4,PRA,O1,oksipital,kiri,286.366,288.366,2.0,2.0,ok,video,0.0,True,False,False,3.2582065285088717,3.4826958627063185,1.951922057750835,4.100494765750291
P07,NGEED,4,PRA,F7,frontotemporal,kiri,286.366,288.366,2.0,2.0,ok,video,0.0,True,False,False,6.274316198324804,-0.19938935685568637,-0.4983030246370923,3.6019958044122546
P07,NGEED,4,PRA,T3,temporal,kiri,286.366,288.366,2.0,2.0,ok,video,0.0,True,False,False,1.0439041435689305,-2.678940166088413,-3.514297266502478,2.571073781158777
P07,NGEED,4,PRA,T5,temporo-posterior,kiri,286.366,288.366,2.0,2.0,ok,video,0.0,True,False,False,2.987188498310811,2.7178319842396483,-0.5694939546602811,1.7953966775822963
P07,NGEED,4,PRA,Fp2,frontopolar,kanan,286.366,288.366,2.0,2.0,ok,video,0.0,True,False,False,0.9577371186611217,-1.7666024142789922,-2.6359461024216344,-1.5334974073181087
P07,NGEED,4,PRA,F4,frontal,kanan,286.366,288.366,2.0,2.0,ok,video,0.645,False,False,False,,,,
P07,NGEED,4,PRA,C4,sentral,kanan,286.366,288.366,2.0,2.0,ok,video,0.145,True,True,False,-5.250663412564165,-7.864308545581309,-11.373073404501593,-6.329866272473499
P07,NGEED,4,PRA,P4,parietal,kanan,286.366,288.366,2.0,2.0,ok,video,0.0,True,False,False,-4.75775905298724,-4.761894167538763,-2.75651854858339,-3.490071336681371
P07,NGEED,4,PRA,O2,oksipital,kanan,286.366,288.366,2.0,2.0,ok,video,0.0,True,False,False,-9.455348394426338,-9.544553150976359,-5.532025214604321,-9.554303434789489
P07,NGEED,4,PRA,F8,frontotemporal,kanan,286.366,288.366,2.0,2.0,ok,video,0.0,True,False,False,2.5083502194972027,1.7519853111688306,-0.5054974772220504,1.2294173537452835
P07,NGEED,4,PRA,T4,temporal,kanan,286.366,288.366,2.0,2.0,ok,video,1.0,False,False,False,,,,
P07,NGEED,4,PRA,T6,temporo-posterior,kanan,286.366,288.366,2.0,2.0,ok,video,0.0,True,False,False,-9.736398373417511,-5.538866098925322,-8.359434597409912,-8.125166910025616
P07,NGEED,4,TURUN,Fp1,frontopolar,kiri,295.351,296.92,2.069,1.569,ok,video,0.0,True,False,False,-1.803754624249141,2.5497281998682624,3.1410252641699756,-0.09039134112959601
P07,NGEED,4,TURUN,F3,frontal,kiri,295.351,296.92,2.069,1.569,ok,video,0.0,True,False,False,-3.0331718736089393,0.217833981461645,1.6234709747790212,0.6058401693457007
P07,NGEED,4,TURUN,C3,sentral,kiri,295.351,296.92,2.069,1.569,ok,video,0.0,True,False,False,-2.9977576926881184,1.1582481233353583,0.7456985584817346,-1.5930342243182807
P07,NGEED,4,TURUN,P3,parietal,kiri,295.351,296.92,2.069,1.569,ok,video,0.0,True,False,False,0.4094376499675967,2.1623119608346606,1.257421081177604,1.2270159420491566
P07,NGEED,4,TURUN,O1,oksipital,kiri,295.351,296.92,2.069,1.569,ok,video,0.0,True,False,False,3.918164493818878,4.430271399647513,4.561261201828916,4.305527515486304
P07,NGEED,4,TURUN,F7,frontotemporal,kiri,295.351,296.92,2.069,1.569,ok,video,0.0,True,False,False,2.8068813312098406,4.4513756893718295,1.5417646398396165,3.1777606219496555
P07,NGEED,4,TURUN,T3,temporal,kiri,295.351,296.92,2.069,1.569,ok,video,0.0,True,False,False,-3.30681050443264,-4.259537328781661,-2.6940820459524843,-0.412963368364462
P07,NGEED,4,TURUN,T5,temporo-posterior,kiri,295.351,296.92,2.069,1.569,ok,video,0.0,True,False,False,2.009045223071663,0.34156072069168886,1.8721933481115585,1.4338103206896307
P07,NGEED,4,TURUN,Fp2,frontopolar,kanan,295.351,296.92,2.069,1.569,ok,video,0.255,False,False,False,,,,
P07,NGEED,4,TURUN,F4,frontal,kanan,295.351,296.92,2.069,1.569,ok,video,0.828,False,False,False,,,,
P07,NGEED,4,TURUN,C4,sentral,kanan,295.351,296.92,2.069,1.569,ok,video,0.955,False,False,False,,,,
P07,NGEED,4,TURUN,P4,parietal,kanan,295.351,296.92,2.069,1.569,ok,video,0.0,True,False,False,-10.068916570295233,-6.284776716385508,-8.939643850309047,-10.27686894180954
P07,NGEED,4,TURUN,O2,oksipital,kanan,295.351,296.92,2.069,1.569,ok,video,0.0,True,False,False,-11.88387463046924,-6.496750484391399,-5.01901844770164,-9.350149036898586
P07,NGEED,4,TURUN,F8,frontotemporal,kanan,295.351,296.92,2.069,1.569,ok,video,0.0,True,False,False,-4.635977934218566,-5.517023557992921,-5.381805390652712,-5.173584154056719
P07,NGEED,4,TURUN,T4,temporal,kanan,295.351,296.92,2.069,1.569,ok,video,1.0,False,False,False,,,,
P07,NGEED,4,TURUN,T6,temporo-posterior,kanan,295.351,296.92,2.069,1.569,ok,video,0.064,True,False,False,-9.744299973175998,-11.34294187317252,-8.759744066035342,-11.03491114320071
P07,NGEED,4,TAHAN,Fp1,frontopolar,kiri,297.42,299.725,2.805,2.305,ok,video,0.0,True,False,False,-2.5486999804577515,-1.9412490427017168,-0.7894130036601474,-0.5097012299226229
P07,NGEED,4,TAHAN,F3,frontal,kiri,297.42,299.725,2.805,2.305,ok,video,0.0,True,False,False,-5.113310524644167,-6.905616689243249,-4.431658983450852,-5.9449391074889455
P07,NGEED,4,TAHAN,C3,sentral,kiri,297.42,299.725,2.805,2.305,ok,video,0.0,True,False,False,-6.359430841747191,-7.460990937911145,-5.979474210693898,-5.24644472191742
P07,NGEED,4,TAHAN,P3,parietal,kiri,297.42,299.725,2.805,2.305,ok,video,0.0,True,False,False,-5.980030591489719,-5.858039432691044,-4.7450938853674405,-2.982711131182935
P07,NGEED,4,TAHAN,O1,oksipital,kiri,297.42,299.725,2.805,2.305,ok,video,0.0,True,False,False,-8.129255313250763,-13.674245275454318,-8.275526136808708,-2.2091205765395685
P07,NGEED,4,TAHAN,F7,frontotemporal,kiri,297.42,299.725,2.805,2.305,ok,video,0.0,True,False,False,-3.1892014296344726,-3.9001272023726976,-2.569061890293437,-2.4643889000956882
P07,NGEED,4,TAHAN,T3,temporal,kiri,297.42,299.725,2.805,2.305,ok,video,0.0,True,False,False,-6.449917283308142,-6.798759450594446,-4.968387468662144,-6.061035919284393
P07,NGEED,4,TAHAN,T5,temporo-posterior,kiri,297.42,299.725,2.805,2.305,ok,video,0.0,True,False,False,-6.805763264930778,-5.26898855499034,-3.5358134025586914,-4.791772928252037
P07,NGEED,4,TAHAN,Fp2,frontopolar,kanan,297.42,299.725,2.805,2.305,ok,video,0.696,False,False,False,,,,
P07,NGEED,4,TAHAN,F4,frontal,kanan,297.42,299.725,2.805,2.305,ok,video,0.1,True,False,False,-2.7142122450143233,-5.673075365997271,-5.84357484346442,-2.6409882815165524
P07,NGEED,4,TAHAN,C4,sentral,kanan,297.42,299.725,2.805,2.305,ok,video,0.274,True,True,False,-0.4154078059595747,-3.181782104224382,-2.679222997122018,-1.0303412218124635
P07,NGEED,4,TAHAN,P4,parietal,kanan,297.42,299.725,2.805,2.305,ok,video,0.0,True,False,False,-0.9522774172487871,-3.233836762514148,-3.9854678459253883,-0.26062072355375676
P07,NGEED,4,TAHAN,O2,oksipital,kanan,297.42,299.725,2.805,2.305,ok,video,0.0,True,False,False,-2.2891254655109563,-3.6080379915475405,-2.8303109778134683,-2.483298551527806
P07,NGEED,4,TAHAN,F8,frontotemporal,kanan,297.42,299.725,2.805,2.305,ok,video,0.0,True,False,False,-10.909163668151976,-12.127804534423277,-11.127380812655328,-11.409702406898472
P07,NGEED,4,TAHAN,T4,temporal,kanan,297.42,299.725,2.805,2.305,ok,video,0.622,False,False,False,,,,
P07,NGEED,4,TAHAN,T6,temporo-posterior,kanan,297.42,299.725,2.805,2.305,ok,video,0.0,True,False,False,-1.267289725886478,-3.9147365128051526,-4.9104218786524,-1.210633352649154
P07,NGEED,4,NAIK,Fp1,frontopolar,kiri,300.125,300.825,1.0,0.7,ok,video,0.0,True,False,False,7.299431965950443,1.4526514490546276,-0.4203143853624276,3.819154341510206
P07,NGEED,4,NAIK,F3,frontal,kiri,300.125,300.825,1.0,0.7,ok,video,0.0,True,False,False,6.268150234566402,4.889708463354836,2.0473194439049927,7.03931732261875
P07,NGEED,4,NAIK,C3,sentral,kiri,300.125,300.825,1.0,0.7,ok,video,0.0,True,False,False,5.127211995428695,1.9967429836301243,-3.7650588182214904,1.666244158879099
P07,NGEED,4,NAIK,P3,parietal,kiri,300.125,300.825,1.0,0.7,ok,video,0.0,True,False,False,5.125989219267151,3.904207373928376,-0.372208584651581,2.8718385413875858
P07,NGEED,4,NAIK,O1,oksipital,kiri,300.125,300.825,1.0,0.7,ok,video,0.0,True,False,False,9.649399517807538,7.999324494081602,4.322078158742471,10.890209558508111
P07,NGEED,4,NAIK,F7,frontotemporal,kiri,300.125,300.825,1.0,0.7,ok,video,0.0,True,False,False,0.5087176300947291,0.8039534280539229,0.22370840903460376,2.335783258548556
P07,NGEED,4,NAIK,T3,temporal,kiri,300.125,300.825,1.0,0.7,ok,video,0.0,True,False,False,-1.2748631583611072,1.3738036530411648,2.971672283930623,3.736534882330968
P07,NGEED,4,NAIK,T5,temporo-posterior,kiri,300.125,300.825,1.0,0.7,ok,video,0.0,True,False,False,-2.318995067931599,2.9310180651107096,-2.075477466018512,0.8819979919997607
P07,NGEED,4,NAIK,Fp2,frontopolar,kanan,300.125,300.825,1.0,0.7,ok,video,0.0,True,False,False,0.44909172096426886,-4.216408983034846,-3.0904846874898872,-2.4539975172437423
P07,NGEED,4,NAIK,F4,frontal,kanan,300.125,300.825,1.0,0.7,ok,video,0.0,True,False,False,-3.1857457419470236,-4.9719974708151895,-4.738231407263523,-0.6771771915638922
P07,NGEED,4,NAIK,C4,sentral,kanan,300.125,300.825,1.0,0.7,ok,video,0.0,True,False,False,2.3407337400721673,-3.5719644641919253,-4.0572444803739565,0.8764985857646082
P07,NGEED,4,NAIK,P4,parietal,kanan,300.125,300.825,1.0,0.7,ok,video,0.0,True,False,False,-4.004946103662931,-4.413903750880628,-3.6296767346775916,-4.272817801919466
P07,NGEED,4,NAIK,O2,oksipital,kanan,300.125,300.825,1.0,0.7,ok,video,0.0,True,False,False,2.9884260040835358,3.434659800655787,4.488459566317189,4.172035858934642
P07,NGEED,4,NAIK,F8,frontotemporal,kanan,300.125,300.825,1.0,0.7,ok,video,0.0,True,False,False,-3.920367771207978,-4.091433680464611,-3.347628173944244,-1.1666982709179905
P07,NGEED,4,NAIK,T4,temporal,kanan,300.125,300.825,1.0,0.7,ok,video,0.0,True,False,False,-4.96504280936508,-6.602622063938959,-5.094967585093279,-3.2837666679417588
P07,NGEED,4,NAIK,T6,temporo-posterior,kanan,300.125,300.825,1.0,0.7,ok,video,0.0,True,False,False,-0.5200575322192051,3.5469675126703777,-2.5787039782521077,-0.598935265917028
P07,NGEED,4,POST,Fp1,frontopolar,kiri,301.475,302.975,1.5,1.5,ok,video,0.0,True,False,False,-8.069314576200405,-2.8065737748822173,-4.230154720844148,-6.220014053111463
P07,NGEED,4,POST,F3,frontal,kiri,301.475,302.975,1.5,1.5,ok,video,0.0,True,False,False,-2.7514643697908916,1.151639155177694,-0.6288267203591289,-0.14336590993510967
P07,NGEED,4,POST,C3,sentral,kiri,301.475,302.975,1.5,1.5,ok,video,0.0,True,False,False,-4.792045656226776,0.3170959777520146,-4.512728646562763,-3.7786292335203484
P07,NGEED,4,POST,P3,parietal,kiri,301.475,302.975,1.5,1.5,ok,video,0.0,True,False,False,-3.8450831990123184,-3.284421823921811,-0.6327866437292329,-1.9193477914884411
P07,NGEED,4,POST,O1,oksipital,kiri,301.475,302.975,1.5,1.5,ok,video,0.0,True,False,False,0.8043095685204023,3.24018426109674,-1.1083033441790775,1.583836500181281
P07,NGEED,4,POST,F7,frontotemporal,kiri,301.475,302.975,1.5,1.5,ok,video,0.0,True,False,False,-5.083137813987456,-2.061585755784563,-2.2368549141488216,-3.36662793068864
P07,NGEED,4,POST,T3,temporal,kiri,301.475,302.975,1.5,1.5,ok,video,0.0,True,False,False,-1.8596688357519682,-0.046028251836581546,-4.864689899156424,-1.326889924355953
P07,NGEED,4,POST,T5,temporo-posterior,kiri,301.475,302.975,1.5,1.5,ok,video,0.0,True,False,False,-2.0379530528282856,-2.6818597926588197,-1.857798943519544,-2.0861856355225825
P07,NGEED,4,POST,Fp2,frontopolar,kanan,301.475,302.975,1.5,1.5,ok,video,0.0,True,False,False,-6.715397021297889,-8.826762613319577,-4.555566396634319,-7.362114615531226
P07,NGEED,4,POST,F4,frontal,kanan,301.475,302.975,1.5,1.5,ok,video,0.0,True,False,False,-5.522542990227272,-3.434753550489173,-6.886058946045182,-2.3913244349431295
P07,NGEED,4,POST,C4,sentral,kanan,301.475,302.975,1.5,1.5,ok,video,0.0,True,False,False,-5.275995091125353,-3.7531746920101376,-5.5755859566684585,-3.3288996100381176
P07,NGEED,4,POST,P4,parietal,kanan,301.475,302.975,1.5,1.5,ok,video,0.0,True,False,False,-4.496542122574176,-4.219393370384893,-4.118167112054728,-3.263705847413892
P07,NGEED,4,POST,O2,oksipital,kanan,301.475,302.975,1.5,1.5,ok,video,0.0,True,False,False,0.21015271634007604,-0.6759384585389654,-3.72444340380218,-1.4803369023495634
P07,NGEED,4,POST,F8,frontotemporal,kanan,301.475,302.975,1.5,1.5,ok,video,0.0,True,False,False,-0.7278873019924177,-0.02398713459668045,-2.825675307118132,-2.391767268540285
P07,NGEED,4,POST,T4,temporal,kanan,301.475,302.975,1.5,1.5,ok,video,0.0,True,False,False,-2.5890632184437194,-7.083024750838472,-5.163797513128351,-4.280845965336191
P07,NGEED,4,POST,T6,temporo-posterior,kanan,301.475,302.975,1.5,1.5,ok,video,0.0,True,False,False,-2.4165596026608966,-7.648284482814187,-5.07581656741748,-2.6957966436680643
P07,AGEM KANAN,3,PRA,Fp1,frontopolar,kiri,309.168,311.168,2.0,2.0,ok,video,0.0,True,False,False,10.055175162767743,3.842741336191981,1.055645127665425,6.971541981729374
P07,AGEM KANAN,3,PRA,F3,frontal,kiri,309.168,311.168,2.0,2.0,ok,video,0.0,True,False,False,6.985000508271643,1.0413285334149585,-2.3511330863394555,4.6440043112604386
P07,AGEM KANAN,3,PRA,C3,sentral,kiri,309.168,311.168,2.0,2.0,ok,video,0.0,True,False,False,5.1555842337242765,0.5423631695794207,-1.8611312531987352,2.06682711812887
P07,AGEM KANAN,3,PRA,P3,parietal,kiri,309.168,311.168,2.0,2.0,ok,video,0.0,True,False,False,10.136282732961032,4.080750169728322,-0.24272148974045393,6.558269561273594
P07,AGEM KANAN,3,PRA,O1,oksipital,kiri,309.168,311.168,2.0,2.0,ok,video,0.0,True,False,False,7.313974624899082,2.517843499605913,0.2066251565366528,5.441456675783201
P07,AGEM KANAN,3,PRA,F7,frontotemporal,kiri,309.168,311.168,2.0,2.0,ok,video,0.0,True,False,False,4.640076441020717,0.17328868323541968,1.130212812446981,3.948576604190503
P07,AGEM KANAN,3,PRA,T3,temporal,kiri,309.168,311.168,2.0,2.0,ok,video,0.0,True,False,False,1.3368387977142149,-0.7095746120662838,-3.4636883336048534,0.06499195253818257
P07,AGEM KANAN,3,PRA,T5,temporo-posterior,kiri,309.168,311.168,2.0,2.0,ok,video,0.0,True,False,False,4.548032160742036,2.338742503171492,0.6796114073043782,3.4558220690683896
P07,AGEM KANAN,3,PRA,Fp2,frontopolar,kanan,309.168,311.168,2.0,2.0,ok,video,0.0,True,False,False,4.452566006394008,-1.7215708020098432,0.012733614602201015,2.0533975076294695
P07,AGEM KANAN,3,PRA,F4,frontal,kanan,309.168,311.168,2.0,2.0,ok,video,0.745,False,False,False,,,,
P07,AGEM KANAN,3,PRA,C4,sentral,kanan,309.168,311.168,2.0,2.0,ok,video,0.745,False,False,False,,,,
P07,AGEM KANAN,3,PRA,P4,parietal,kanan,309.168,311.168,2.0,2.0,ok,video,0.445,False,False,False,,,,
P07,AGEM KANAN,3,PRA,O2,oksipital,kanan,309.168,311.168,2.0,2.0,ok,video,0.0,True,False,False,-7.614669187534279,-6.598964646759185,-6.158123331199967,-7.855570667331033
P07,AGEM KANAN,3,PRA,F8,frontotemporal,kanan,309.168,311.168,2.0,2.0,ok,video,0.0,True,False,False,-0.5627421002176831,-1.632877673852903,0.9074091073443284,-0.3894626495775313
P07,AGEM KANAN,3,PRA,T4,temporal,kanan,309.168,311.168,2.0,2.0,ok,video,0.745,False,False,False,,,,
P07,AGEM KANAN,3,PRA,T6,temporo-posterior,kanan,309.168,311.168,2.0,2.0,ok,video,0.6,False,False,False,,,,
P07,AGEM KANAN,3,TURUN,Fp1,frontopolar,kiri,312.029,313.321,1.792,1.292,ok,video,0.0,True,False,False,0.5682966125195819,6.004163788413045,1.2047413260722486,1.1801554318354661
P07,AGEM KANAN,3,TURUN,F3,frontal,kiri,312.029,313.321,1.792,1.292,ok,video,0.0,True,False,False,-0.8700098844645758,4.385189366875256,1.5750832226984137,2.3535799108966806
P07,AGEM KANAN,3,TURUN,C3,sentral,kiri,312.029,313.321,1.792,1.292,ok,video,0.0,True,False,False,-1.704497244092586,-0.2516313153833849,-1.4106897884533574,-1.89079353941327
P07,AGEM KANAN,3,TURUN,P3,parietal,kiri,312.029,313.321,1.792,1.292,ok,video,0.0,True,False,False,0.9716376261064035,4.345498602128934,1.1468338339119057,2.334124109307794
P07,AGEM KANAN,3,TURUN,O1,oksipital,kiri,312.029,313.321,1.792,1.292,ok,video,0.0,True,False,False,0.31109079048880517,0.7733766607922838,1.4743689101227027,2.475271887051811
P07,AGEM KANAN,3,TURUN,F7,frontotemporal,kiri,312.029,313.321,1.792,1.292,ok,video,0.0,True,False,False,2.5104237552309527,2.201200017215047,1.707507388269761,4.024459868833432
P07,AGEM KANAN,3,TURUN,T3,temporal,kiri,312.029,313.321,1.792,1.292,ok,video,0.0,True,False,False,4.818061945612776,4.573145420685137,1.5993985528730406,6.191083534992732
P07,AGEM KANAN,3,TURUN,T5,temporo-posterior,kiri,312.029,313.321,1.792,1.292,ok,video,0.0,True,False,False,-0.05052632171476645,3.2167132162304313,0.4428018941909677,0.6326807658845297
P07,AGEM KANAN,3,TURUN,Fp2,frontopolar,kanan,312.029,313.321,1.792,1.292,ok,video,0.0,True,False,False,-3.506976143883236,-1.4623029619668273,-1.1388326461984697,-2.562896005437544
P07,AGEM KANAN,3,TURUN,F4,frontal,kanan,312.029,313.321,1.792,1.292,ok,video,0.308,False,False,False,,,,
P07,AGEM KANAN,3,TURUN,C4,sentral,kanan,312.029,313.321,1.792,1.292,ok,video,0.462,False,False,False,,,,
P07,AGEM KANAN,3,TURUN,P4,parietal,kanan,312.029,313.321,1.792,1.292,ok,video,0.0,True,False,False,-0.44444548338820056,2.4416619038534293,1.9737216109545486,-0.5545973588591977
P07,AGEM KANAN,3,TURUN,O2,oksipital,kanan,312.029,313.321,1.792,1.292,ok,video,0.0,True,False,False,-0.7653384135853187,2.9476061543868397,3.561601103266259,2.0504651683270723
P07,AGEM KANAN,3,TURUN,F8,frontotemporal,kanan,312.029,313.321,1.792,1.292,ok,video,0.0,True,False,False,1.4200558648666828,4.658380222368294,3.9563926673901193,1.3748260597300899
P07,AGEM KANAN,3,TURUN,T4,temporal,kanan,312.029,313.321,1.792,1.292,ok,video,0.308,False,False,False,,,,
P07,AGEM KANAN,3,TURUN,T6,temporo-posterior,kanan,312.029,313.321,1.792,1.292,ok,video,0.0,True,False,False,-6.785694984984179,-5.590530742746704,-0.04778037252560097,-4.4267300630219495
P07,AGEM KANAN,3,TAHAN,Fp1,frontopolar,kiri,313.821,315.848,2.527,2.027,ok,video,0.0,True,False,False,-2.741198129593343,-0.5801206195347568,-1.172586904125481,-2.8050885064026687
P07,AGEM KANAN,3,TAHAN,F3,frontal,kiri,313.821,315.848,2.527,2.027,ok,video,0.0,True,False,False,-3.1171429374318507,-4.174815403597133,-4.654062655811678,-2.644027128503769
P07,AGEM KANAN,3,TAHAN,C3,sentral,kiri,313.821,315.848,2.527,2.027,ok,video,0.0,True,False,False,-2.9331407914921144,-3.8579249560139672,-7.0237564357666145,-5.142708325276889
P07,AGEM KANAN,3,TAHAN,P3,parietal,kiri,313.821,315.848,2.527,2.027,ok,video,0.0,True,False,False,0.34999495603431896,-1.8822837645408264,-4.84851789576939,-1.2666086538290955
P07,AGEM KANAN,3,TAHAN,O1,oksipital,kiri,313.821,315.848,2.527,2.027,ok,video,0.0,True,False,False,-6.536070788244778,-7.366769073735568,-6.147023448727857,-4.6930811730331925
P07,AGEM KANAN,3,TAHAN,F7,frontotemporal,kiri,313.821,315.848,2.527,2.027,ok,video,0.0,True,False,False,-0.4838837288063509,-2.0997111541706097,-1.0121211149661953,-0.9269975334491072
P07,AGEM KANAN,3,TAHAN,T3,temporal,kiri,313.821,315.848,2.527,2.027,ok,video,0.0,True,False,False,-0.46525410322669103,-1.0306706559786498,-2.82147026767295,-0.4538415835853584
P07,AGEM KANAN,3,TAHAN,T5,temporo-posterior,kiri,313.821,315.848,2.527,2.027,ok,video,0.0,True,False,False,1.5427697170926926,-0.8674144414552565,-1.268146528674123,-0.474756346349551
P07,AGEM KANAN,3,TAHAN,Fp2,frontopolar,kanan,313.821,315.848,2.527,2.027,ok,video,0.594,False,False,False,,,,
P07,AGEM KANAN,3,TAHAN,F4,frontal,kanan,313.821,315.848,2.527,2.027,ok,video,0.0,True,False,False,-4.2012929589957935,-5.043415114151578,-2.897385291886728,-3.381928831546986
P07,AGEM KANAN,3,TAHAN,C4,sentral,kanan,313.821,315.848,2.527,2.027,ok,video,0.0,True,False,False,-6.359675323079351,-5.595330534860718,-4.8739562310902365,-5.254534698450314
P07,AGEM KANAN,3,TAHAN,P4,parietal,kanan,313.821,315.848,2.527,2.027,ok,video,0.0,True,False,False,-5.252583142572988,-6.085415696714534,-2.783074262473047,-4.451582371196373
P07,AGEM KANAN,3,TAHAN,O2,oksipital,kanan,313.821,315.848,2.527,2.027,ok,video,0.0,True,False,False,-6.08033943943974,-5.9657650274875635,-3.414351660125572,-3.0173668414910715
P07,AGEM KANAN,3,TAHAN,F8,frontotemporal,kanan,313.821,315.848,2.527,2.027,ok,video,0.0,True,False,False,-7.095974516913607,-6.061684875837031,-6.6862290785878855,-7.707676479876945
P07,AGEM KANAN,3,TAHAN,T4,temporal,kanan,313.821,315.848,2.527,2.027,ok,video,0.609,False,False,False,,,,
P07,AGEM KANAN,3,TAHAN,T6,temporo-posterior,kanan,313.821,315.848,2.527,2.027,ok,video,0.0,True,False,False,-0.9913909976523314,-5.422526902992949,-3.1241660543376355,0.1023906362173932
P07,AGEM KANAN,3,NAIK,Fp1,frontopolar,kiri,316.279,317.125,1.208,0.846,ok,video,0.0,True,False,False,1.3288984085783433,0.3217665274152388,2.618448876666381,0.1522103568664086
P07,AGEM KANAN,3,NAIK,F3,frontal,kiri,316.279,317.125,1.208,0.846,ok,video,0.0,True,False,False,-1.0173331043441003,-3.678935951892374,-0.17050575968008985,-1.9277481737486113
P07,AGEM KANAN,3,NAIK,C3,sentral,kiri,316.279,317.125,1.208,0.846,ok,video,0.0,True,False,False,2.6908012890003334,-2.2557202163777603,-1.144740055230038,-0.2839158102829984
P07,AGEM KANAN,3,NAIK,P3,parietal,kiri,316.279,317.125,1.208,0.846,ok,video,0.0,True,False,False,3.056429463874373,1.0066730634288668,-2.7663549222874657,0.5529898661836761
P07,AGEM KANAN,3,NAIK,O1,oksipital,kiri,316.279,317.125,1.208,0.846,ok,video,0.0,True,False,False,2.3487199816100386,0.5191965706885533,1.320439577778746,5.1732264408172455
P07,AGEM KANAN,3,NAIK,F7,frontotemporal,kiri,316.279,317.125,1.208,0.846,ok,video,0.0,True,False,False,2.314046146639182,-2.6474750383461654,2.799539287947862,1.9894627688545121
P07,AGEM KANAN,3,NAIK,T3,temporal,kiri,316.279,317.125,1.208,0.846,ok,video,0.0,True,False,False,-1.338539665002159,2.424883498921446,0.631626656812184,1.0436318879311095
P07,AGEM KANAN,3,NAIK,T5,temporo-posterior,kiri,316.279,317.125,1.208,0.846,ok,video,0.0,True,False,False,0.0694169472459194,-0.31082487515011437,0.02469178954377682,0.04376543327261473
P07,AGEM KANAN,3,NAIK,Fp2,frontopolar,kanan,316.279,317.125,1.208,0.846,ok,video,0.0,True,False,False,0.4197689459928,-1.331109786628538,2.83265956310526,-0.3980394943587413
P07,AGEM KANAN,3,NAIK,F4,frontal,kanan,316.279,317.125,1.208,0.846,ok,video,0.0,True,False,False,-1.1881728787915478,-0.25981651780482196,3.0927111379763623,0.5285063264103869
P07,AGEM KANAN,3,NAIK,C4,sentral,kanan,316.279,317.125,1.208,0.846,ok,video,0.0,True,False,False,-1.629418321894022,1.241603136696206,1.381423033902216,-0.7073028849184055
P07,AGEM KANAN,3,NAIK,P4,parietal,kanan,316.279,317.125,1.208,0.846,ok,video,0.0,True,False,False,1.0901278922212185,0.3553455651352664,3.639508280501108,2.1569578157102924
P07,AGEM KANAN,3,NAIK,O2,oksipital,kanan,316.279,317.125,1.208,0.846,ok,video,0.0,True,False,False,0.36671895503294394,2.82956269859708,1.9542480837449752,1.9753133562939027
P07,AGEM KANAN,3,NAIK,F8,frontotemporal,kanan,316.279,317.125,1.208,0.846,ok,video,0.0,True,False,False,2.079606034466721,-2.820346675603311,2.1949654627339115,0.26091843575694185
P07,AGEM KANAN,3,NAIK,T4,temporal,kanan,316.279,317.125,1.208,0.846,ok,video,0.0,True,False,False,6.82752279903675,1.604226910670853,6.991508755087693,5.615551272368144
P07,AGEM KANAN,3,NAIK,T6,temporo-posterior,kanan,316.279,317.125,1.208,0.846,ok,video,0.0,True,False,False,-2.004500026984225,3.269140098434562,1.8796595149825492,-0.00512687573500159
P07,AGEM KANAN,3,POST,Fp1,frontopolar,kiri,317.806,319.306,1.5,1.5,ok,video,0.0,True,False,False,2.4953549513361573,4.236939008264574,5.572601343872268,6.373363610142263
P07,AGEM KANAN,3,POST,F3,frontal,kiri,317.806,319.306,1.5,1.5,ok,video,0.0,True,False,False,1.2871048199576443,0.12649863159503028,2.73867458713854,2.929992518843431
P07,AGEM KANAN,3,POST,C3,sentral,kiri,317.806,319.306,1.5,1.5,ok,video,0.0,True,False,False,3.5624738269543172,5.665601916238401,1.232087056185609,2.9178094892137096
P07,AGEM KANAN,3,POST,P3,parietal,kiri,317.806,319.306,1.5,1.5,ok,video,0.0,True,False,False,7.126366367632659,5.479389389135058,3.0890054276021637,4.770701133722696
P07,AGEM KANAN,3,POST,O1,oksipital,kiri,317.806,319.306,1.5,1.5,ok,video,0.0,True,False,False,9.079385427645072,4.336065904594054,4.60380591787888,10.77558199720304
P07,AGEM KANAN,3,POST,F7,frontotemporal,kiri,317.806,319.306,1.5,1.5,ok,video,0.0,True,False,False,7.493921303024365,5.721693144380744,2.741790824460196,8.554631294298229
P07,AGEM KANAN,3,POST,T3,temporal,kiri,317.806,319.306,1.5,1.5,ok,video,0.0,True,False,False,2.0650393231469266,-0.48005179336772485,-0.7647918379152863,1.4545766323940263
P07,AGEM KANAN,3,POST,T5,temporo-posterior,kiri,317.806,319.306,1.5,1.5,ok,video,0.0,True,False,False,8.262937218826305,4.815384068282672,5.502698179684867,6.609588607025852
P07,AGEM KANAN,3,POST,Fp2,frontopolar,kanan,317.806,319.306,1.5,1.5,ok,video,0.0,True,False,False,9.178566299749363,8.256852370345364,8.44757344806856,8.835269407764358
P07,AGEM KANAN,3,POST,F4,frontal,kanan,317.806,319.306,1.5,1.5,ok,video,0.0,True,False,False,15.604857112659381,11.674739624824042,12.577242181173208,14.025620082566249
P07,AGEM KANAN,3,POST,C4,sentral,kanan,317.806,319.306,1.5,1.5,ok,video,0.0,True,False,False,14.839363971802719,12.067028286405026,11.66206725103445,12.131264196181206
P07,AGEM KANAN,3,POST,P4,parietal,kanan,317.806,319.306,1.5,1.5,ok,video,0.0,True,False,False,14.895722732966483,13.461280690896508,13.022352005454326,13.132560673016386
P07,AGEM KANAN,3,POST,O2,oksipital,kanan,317.806,319.306,1.5,1.5,ok,video,0.0,True,False,False,13.474763725027522,11.916500954659718,13.736617653428986,12.728443553241718
P07,AGEM KANAN,3,POST,F8,frontotemporal,kanan,317.806,319.306,1.5,1.5,ok,video,0.0,True,False,False,9.818816242477894,8.201347137483701,8.506850263332609,8.021073546789722
P07,AGEM KANAN,3,POST,T4,temporal,kanan,317.806,319.306,1.5,1.5,ok,video,0.0,True,False,False,12.83659305896699,11.298298918979341,11.750602830033948,12.331847151875841
P07,AGEM KANAN,3,POST,T6,temporo-posterior,kanan,317.806,319.306,1.5,1.5,ok,video,0.0,True,False,False,12.921905505743958,10.978878695122965,14.006287869573228,12.159991586113676
P07,AGEM KANAN,4,PRA,Fp1,frontopolar,kiri,320.708,322.708,2.0,2.0,ok,video,0.0,True,False,False,6.531016977124278,4.070626692427528,5.479256628156911,5.028493625311452
P07,AGEM KANAN,4,PRA,F3,frontal,kiri,320.708,322.708,2.0,2.0,ok,video,0.0,True,False,False,-0.11207853379829302,1.4039167812883981,1.1996393734897524,0.8181512379553624
P07,AGEM KANAN,4,PRA,C3,sentral,kiri,320.708,322.708,2.0,2.0,ok,video,0.0,True,False,False,2.6453697203735373,2.2124991706060513,1.2067885039938737,1.742999185392538
P07,AGEM KANAN,4,PRA,P3,parietal,kiri,320.708,322.708,2.0,2.0,ok,video,0.0,True,False,False,3.0120797032379905,0.9891358950838196,2.57104706529714,2.1828561842353977
P07,AGEM KANAN,4,PRA,O1,oksipital,kiri,320.708,322.708,2.0,2.0,ok,video,0.0,True,False,False,2.5968181933750856,2.0719597662903517,4.2560041958446355,3.4398932551833994
P07,AGEM KANAN,4,PRA,F7,frontotemporal,kiri,320.708,322.708,2.0,2.0,ok,video,0.0,True,False,False,10.117061968323384,7.3661630099466855,6.3369584643759715,8.757261169313882
P07,AGEM KANAN,4,PRA,T3,temporal,kiri,320.708,322.708,2.0,2.0,ok,video,0.0,True,False,False,1.0025624088967007,-0.8010073636825581,1.41626427069205,1.0326258271579043
P07,AGEM KANAN,4,PRA,T5,temporo-posterior,kiri,320.708,322.708,2.0,2.0,ok,video,0.0,True,False,False,6.537315868071222,6.330306306074387,7.584256362812113,7.448724505816109
P07,AGEM KANAN,4,PRA,Fp2,frontopolar,kanan,320.708,322.708,2.0,2.0,ok,video,0.0,True,False,False,7.2139260278363935,6.233609450915573,7.9059667674863405,6.8284528925666095
P07,AGEM KANAN,4,PRA,F4,frontal,kanan,320.708,322.708,2.0,2.0,ok,video,0.0,True,False,False,9.059562986178236,7.016956318010649,10.312674594107808,8.846611994975405
P07,AGEM KANAN,4,PRA,C4,sentral,kanan,320.708,322.708,2.0,2.0,ok,video,0.0,True,False,False,8.721598320829827,7.619276227079247,10.449512908860314,7.222800101067278
P07,AGEM KANAN,4,PRA,P4,parietal,kanan,320.708,322.708,2.0,2.0,ok,video,0.0,True,False,False,9.44518097072622,8.421355614209538,11.4179843926246,9.232158905580846
P07,AGEM KANAN,4,PRA,O2,oksipital,kanan,320.708,322.708,2.0,2.0,ok,video,0.0,True,False,False,6.7432891288393435,8.570054279594494,11.448092163967623,7.089514675285642
P07,AGEM KANAN,4,PRA,F8,frontotemporal,kanan,320.708,322.708,2.0,2.0,ok,video,0.0,True,False,False,7.791788288657621,6.945340419528669,8.448770688906492,8.448695843719094
P07,AGEM KANAN,4,PRA,T4,temporal,kanan,320.708,322.708,2.0,2.0,ok,video,0.0,True,False,False,7.626216441412502,7.786264608775426,10.885714422075068,7.521206324796239
P07,AGEM KANAN,4,PRA,T6,temporo-posterior,kanan,320.708,322.708,2.0,2.0,ok,video,0.0,True,False,False,8.19042396713494,9.199672655946685,11.096423784906818,8.664088127187902
P07,AGEM KANAN,4,TURUN,Fp1,frontopolar,kiri,327.415,328.915,2.0,1.5,ok,video,0.0,True,False,False,0.5633174306854407,2.6318007191232304,5.103544624383929,1.3016755715682287
P07,AGEM KANAN,4,TURUN,F3,frontal,kiri,327.415,328.915,2.0,1.5,ok,video,0.0,True,False,False,-3.5831173995503462,-3.3657686855238644,0.06340830106665862,-2.250837164245034
P07,AGEM KANAN,4,TURUN,C3,sentral,kiri,327.415,328.915,2.0,1.5,ok,video,0.267,False,False,False,,,,
P07,AGEM KANAN,4,TURUN,P3,parietal,kiri,327.415,328.915,2.0,1.5,ok,video,0.0,True,False,False,0.554189123056684,-0.41668806663491864,-1.315274060872401,-0.7068544136937476
P07,AGEM KANAN,4,TURUN,O1,oksipital,kiri,327.415,328.915,2.0,1.5,ok,video,0.0,True,False,False,-3.7772467475409996,-4.095920572295398,0.530499900948616,0.8628025177114722
P07,AGEM KANAN,4,TURUN,F7,frontotemporal,kiri,327.415,328.915,2.0,1.5,ok,video,0.0,True,False,False,1.7928945126345468,-0.38386533401384426,2.1770816349322573,2.13640284431985
P07,AGEM KANAN,4,TURUN,T3,temporal,kiri,327.415,328.915,2.0,1.5,ok,video,0.0,True,False,False,-2.3851296664502186,-0.5003909688163652,0.4991678635711949,0.16144094060927827
P07,AGEM KANAN,4,TURUN,T5,temporo-posterior,kiri,327.415,328.915,2.0,1.5,ok,video,0.0,True,False,False,1.051444035519566,1.4318497319664623,0.459851789592328,-0.051980935982353316
P07,AGEM KANAN,4,TURUN,Fp2,frontopolar,kanan,327.415,328.915,2.0,1.5,ok,video,0.0,True,False,False,0.9672364077131519,7.314303888257044,9.419390483133391,4.2667344558044675
P07,AGEM KANAN,4,TURUN,F4,frontal,kanan,327.415,328.915,2.0,1.5,ok,video,0.027,True,False,False,-1.731413519103718,6.7284773190582925,10.016228038875152,4.129000458874785
P07,AGEM KANAN,4,TURUN,C4,sentral,kanan,327.415,328.915,2.0,1.5,ok,video,0.027,True,False,False,-1.3173885378733559,6.534285236563662,8.886963275572818,2.50939306679215
P07,AGEM KANAN,4,TURUN,P4,parietal,kanan,327.415,328.915,2.0,1.5,ok,video,0.0,True,False,False,0.6466027845911455,9.044752123880265,10.5544962046956,5.219949734287823
P07,AGEM KANAN,4,TURUN,O2,oksipital,kanan,327.415,328.915,2.0,1.5,ok,video,0.0,True,False,False,4.945908341467671,9.027229811292564,11.911805236206618,6.763835790950232
P07,AGEM KANAN,4,TURUN,F8,frontotemporal,kanan,327.415,328.915,2.0,1.5,ok,video,0.0,True,False,False,1.6297898421719594,4.6575989361988235,5.7894536944450365,2.4430939637977005
P07,AGEM KANAN,4,TURUN,T4,temporal,kanan,327.415,328.915,2.0,1.5,ok,video,0.0,True,False,False,-6.959202484245413,6.126029544025734,11.304913194763401,3.6473273202878076
P07,AGEM KANAN,4,TURUN,T6,temporo-posterior,kanan,327.415,328.915,2.0,1.5,ok,video,0.0,True,False,False,9.334638501352927,10.32385959854075,9.240990024747063,8.296437012250799
P07,AGEM KANAN,4,TAHAN,Fp1,frontopolar,kiri,329.415,331.859,2.944,2.444,ok,video,0.0,True,False,False,-4.8828898461961465,-0.5647822745908435,-0.9361553377352081,-3.377572675908585
P07,AGEM KANAN,4,TAHAN,F3,frontal,kiri,329.415,331.859,2.944,2.444,ok,video,0.164,True,True,False,-4.363973294634757,-5.247197160993004,-7.2277578373309375,-5.801497154826386
P07,AGEM KANAN,4,TAHAN,C3,sentral,kiri,329.415,331.859,2.944,2.444,ok,video,0.59,False,False,False,,,,
P07,AGEM KANAN,4,TAHAN,P3,parietal,kiri,329.415,331.859,2.944,2.444,ok,video,0.0,True,False,False,-0.03299604763838104,-3.013432234388251,-3.5807223434756317,-2.4563038504676555
P07,AGEM KANAN,4,TAHAN,O1,oksipital,kiri,329.415,331.859,2.944,2.444,ok,video,0.0,True,False,False,-10.433145289371602,-8.649940358126372,-4.304139199990068,-6.283422929294822
P07,AGEM KANAN,4,TAHAN,F7,frontotemporal,kiri,329.415,331.859,2.944,2.444,ok,video,0.0,True,False,False,-0.9663693304002905,-1.05036270059189,-1.7314947238332614,-0.4526988256602742
P07,AGEM KANAN,4,TAHAN,T3,temporal,kiri,329.415,331.859,2.944,2.444,ok,video,0.0,True,False,False,-3.4020210151453867,-2.544052387660468,-2.6419915801564855,-3.854667040513622
P07,AGEM KANAN,4,TAHAN,T5,temporo-posterior,kiri,329.415,331.859,2.944,2.444,ok,video,0.0,True,False,False,1.1776066283223514,-0.42956362978074836,-2.073335073141017,0.23214210479439856
P07,AGEM KANAN,4,TAHAN,Fp2,frontopolar,kanan,329.415,331.859,2.944,2.444,ok,video,0.0,True,False,False,-7.410043944296909,-3.0481163561508495,-2.4046051366286676,-4.768348582828267
P07,AGEM KANAN,4,TAHAN,F4,frontal,kanan,329.415,331.859,2.944,2.444,ok,video,0.902,False,False,False,,,,
P07,AGEM KANAN,4,TAHAN,C4,sentral,kanan,329.415,331.859,2.944,2.444,ok,video,0.902,False,False,False,,,,
P07,AGEM KANAN,4,TAHAN,P4,parietal,kanan,329.415,331.859,2.944,2.444,ok,video,0.246,True,True,False,-14.831281537660757,-16.142068043881064,-12.938547001137165,-12.71177890011871
P07,AGEM KANAN,4,TAHAN,O2,oksipital,kanan,329.415,331.859,2.944,2.444,ok,video,0.41,False,False,False,,,,
P07,AGEM KANAN,4,TAHAN,F8,frontotemporal,kanan,329.415,331.859,2.944,2.444,ok,video,0.0,True,False,False,-14.812536208053167,-12.768491779872033,-8.688250434168175,-12.416646758579478
P07,AGEM KANAN,4,TAHAN,T4,temporal,kanan,329.415,331.859,2.944,2.444,ok,video,0.902,False,False,False,,,,
P07,AGEM KANAN,4,TAHAN,T6,temporo-posterior,kanan,329.415,331.859,2.944,2.444,ok,video,0.41,False,False,False,,,,
P07,AGEM KANAN,4,NAIK,Fp1,frontopolar,kiri,332.257,332.947,0.986,0.69,ok,video,0.0,True,False,False,-0.0053746272205899,1.6986289299715587,3.1281272012468264,-0.11001776856925716
P07,AGEM KANAN,4,NAIK,F3,frontal,kiri,332.257,332.947,0.986,0.69,ok,video,0.0,True,False,False,1.6045704385375252,-1.0013564491337128,-0.7514921996930894,0.6213672603521339
P07,AGEM KANAN,4,NAIK,C3,sentral,kiri,332.257,332.947,0.986,0.69,ok,video,0.0,True,False,False,0.5331670478082984,-1.7034329514887574,-0.3072652319191178,-1.884242590314141
P07,AGEM KANAN,4,NAIK,P3,parietal,kiri,332.257,332.947,0.986,0.69,ok,video,0.0,True,False,False,3.3661291901379045,-0.014661155673131532,-0.4858330702143263,0.9489436135170664
P07,AGEM KANAN,4,NAIK,O1,oksipital,kiri,332.257,332.947,0.986,0.69,ok,video,0.0,True,False,False,-1.1799984466587574,1.7435256110917514,4.367547772971633,0.5404587113928159
P07,AGEM KANAN,4,NAIK,F7,frontotemporal,kiri,332.257,332.947,0.986,0.69,ok,video,0.0,True,False,False,0.7232053480172809,2.122135901966132,2.5289355389631893,0.7715023264721879
P07,AGEM KANAN,4,NAIK,T3,temporal,kiri,332.257,332.947,0.986,0.69,ok,video,0.0,True,False,False,2.3898948950000687,1.6777090656589309,0.6302944366657215,5.282234182571724
P07,AGEM KANAN,4,NAIK,T5,temporo-posterior,kiri,332.257,332.947,0.986,0.69,ok,video,0.0,True,False,False,3.8910892434437976,0.562168275275134,-0.14945723227652152,3.193841945550453
P07,AGEM KANAN,4,NAIK,Fp2,frontopolar,kanan,332.257,332.947,0.986,0.69,ok,video,0.0,True,False,False,-9.311786885143633,-2.735121111913273,-2.3146577405087285,-7.112153700303331
P07,AGEM KANAN,4,NAIK,F4,frontal,kanan,332.257,332.947,0.986,0.69,ok,video,0.87,False,False,False,,,,
P07,AGEM KANAN,4,NAIK,C4,sentral,kanan,332.257,332.947,0.986,0.69,ok,video,0.87,False,False,False,,,,
P07,AGEM KANAN,4,NAIK,P4,parietal,kanan,332.257,332.947,0.986,0.69,ok,video,0.0,True,False,False,-8.782803999694124,-1.0955595947940466,-2.139945966832709,-6.069366921240935
P07,AGEM KANAN,4,NAIK,O2,oksipital,kanan,332.257,332.947,0.986,0.69,ok,video,0.0,True,False,False,-20.982315857314138,-16.910356712611403,-14.663445304826366,-19.732772591205354
P07,AGEM KANAN,4,NAIK,F8,frontotemporal,kanan,332.257,332.947,0.986,0.69,ok,video,0.0,True,False,False,-9.678035592454464,-7.555130192916032,-4.0018711497465596,-8.554416670420093
P07,AGEM KANAN,4,NAIK,T4,temporal,kanan,332.257,332.947,0.986,0.69,ok,video,0.87,False,False,False,,,,
P07,AGEM KANAN,4,NAIK,T6,temporo-posterior,kanan,332.257,332.947,0.986,0.69,ok,video,0.0,True,False,False,-12.231773913452933,-11.970352291929728,-9.697936989989003,-12.667125336479433
P07,AGEM KANAN,4,POST,Fp1,frontopolar,kiri,333.595,335.095,1.5,1.5,ok,video,0.0,True,False,False,8.288111017824168,8.795416022272367,6.663004475918957,6.531131770751223
P07,AGEM KANAN,4,POST,F3,frontal,kiri,333.595,335.095,1.5,1.5,ok,video,0.0,True,False,False,5.864479308153147,6.177438281058041,2.230048190019282,7.434911529343562
P07,AGEM KANAN,4,POST,C3,sentral,kiri,333.595,335.095,1.5,1.5,ok,video,0.0,True,False,False,6.265464898456891,5.1062384514240975,4.876901919117461,4.5992979237450555
P07,AGEM KANAN,4,POST,P3,parietal,kiri,333.595,335.095,1.5,1.5,ok,video,0.0,True,False,False,9.304190825488103,7.484928248995466,3.480083624395405,7.533961887378847
P07,AGEM KANAN,4,POST,O1,oksipital,kiri,333.595,335.095,1.5,1.5,ok,video,0.0,True,False,False,6.601309994902266,8.814886251322388,6.239345648796615,9.07127432308949
P07,AGEM KANAN,4,POST,F7,frontotemporal,kiri,333.595,335.095,1.5,1.5,ok,video,0.0,True,False,False,8.29161752564864,7.264857266504293,4.1456201470322505,6.8060016929367855
P07,AGEM KANAN,4,POST,T3,temporal,kiri,333.595,335.095,1.5,1.5,ok,video,0.0,True,False,False,6.262713504659189,7.413855867728898,2.639614482890291,5.218810425600569
P07,AGEM KANAN,4,POST,T5,temporo-posterior,kiri,333.595,335.095,1.5,1.5,ok,video,0.0,True,False,False,7.487243542108889,7.824220184403625,5.801099443549276,6.67001783497231
P07,AGEM KANAN,4,POST,Fp2,frontopolar,kanan,333.595,335.095,1.5,1.5,ok,video,0.0,True,False,False,2.0203593402923516,7.078955098564656,7.3747155402473865,6.082888106864338
P07,AGEM KANAN,4,POST,F4,frontal,kanan,333.595,335.095,1.5,1.5,ok,video,0.0,True,False,False,6.730892287735912,10.369855516336806,10.965213014820261,11.552479502928826
P07,AGEM KANAN,4,POST,C4,sentral,kanan,333.595,335.095,1.5,1.5,ok,video,0.0,True,False,False,6.741347556997098,10.884063247845354,10.768828266205155,10.891450823264478
P07,AGEM KANAN,4,POST,P4,parietal,kanan,333.595,335.095,1.5,1.5,ok,video,0.0,True,False,False,6.358359205721619,12.371607989553176,12.249695605175322,12.374591215081573
P07,AGEM KANAN,4,POST,O2,oksipital,kanan,333.595,335.095,1.5,1.5,ok,video,0.0,True,False,False,7.22380125829779,10.604511445132808,11.373275555845709,11.137733624562216
P07,AGEM KANAN,4,POST,F8,frontotemporal,kanan,333.595,335.095,1.5,1.5,ok,video,0.0,True,False,False,8.398684672099762,5.917684478686432,8.661071720923836,7.001753810939299
P07,AGEM KANAN,4,POST,T4,temporal,kanan,333.595,335.095,1.5,1.5,ok,video,0.0,True,False,False,5.9429752855212,9.413249364811946,8.927839760461936,7.633871785448399
P07,AGEM KANAN,4,POST,T6,temporo-posterior,kanan,333.595,335.095,1.5,1.5,ok,video,0.0,True,False,False,3.6686375743478905,11.982685982719488,12.451930856387747,9.15804427746231
P07,AGEM KIRI,3,PRA,Fp1,frontopolar,kiri,341.107,343.107,2.0,2.0,ok,video,0.0,True,False,False,1.7664297251061107,0.733649016996015,1.0586144119640437,0.5334524808400971
P07,AGEM KIRI,3,PRA,F3,frontal,kiri,341.107,343.107,2.0,2.0,ok,video,0.0,True,False,False,-4.144742457128711,-2.414614379879602,0.16914132730376963,-1.3743306349001188
P07,AGEM KIRI,3,PRA,C3,sentral,kiri,341.107,343.107,2.0,2.0,ok,video,0.0,True,False,False,3.835987114437735,2.40612978369942,0.5122736661870952,1.2565754256293893
P07,AGEM KIRI,3,PRA,P3,parietal,kiri,341.107,343.107,2.0,2.0,ok,video,0.0,True,False,False,5.248209153919845,3.1439396911514166,1.5550596005025952,2.9797302737480926
P07,AGEM KIRI,3,PRA,O1,oksipital,kiri,341.107,343.107,2.0,2.0,ok,video,0.0,True,False,False,1.4629949496685626,2.2065945589646496,-1.443526235979153,3.2539427391345157
P07,AGEM KIRI,3,PRA,F7,frontotemporal,kiri,341.107,343.107,2.0,2.0,ok,video,0.0,True,False,False,4.3858762570353385,2.515831243734908,3.184284927678341,3.248347579422603
P07,AGEM KIRI,3,PRA,T3,temporal,kiri,341.107,343.107,2.0,2.0,ok,video,0.0,True,False,False,-0.7472048091538852,-0.9629089583162127,-0.4759298342714793,-0.08868249999250821
P07,AGEM KIRI,3,PRA,T5,temporo-posterior,kiri,341.107,343.107,2.0,2.0,ok,video,0.0,True,False,False,2.2907701770768334,1.0089545621450462,1.6492010772029637,2.524416787483432
P07,AGEM KIRI,3,PRA,Fp2,frontopolar,kanan,341.107,343.107,2.0,2.0,ok,video,0.4,False,False,False,,,,
P07,AGEM KIRI,3,PRA,F4,frontal,kanan,341.107,343.107,2.0,2.0,ok,video,0.0,True,False,False,0.044763782763489246,1.203238102056531,-1.3819155569301174,1.6102364513158776
P07,AGEM KIRI,3,PRA,C4,sentral,kanan,341.107,343.107,2.0,2.0,ok,video,0.0,True,False,False,0.24473726944439989,-1.7378804027740813,-1.6440087826426186,0.9506198450414303
P07,AGEM KIRI,3,PRA,P4,parietal,kanan,341.107,343.107,2.0,2.0,ok,video,0.0,True,False,False,1.0515542224593801,0.2436452760023613,-1.4184996664034983,1.4562716365621853
P07,AGEM KIRI,3,PRA,O2,oksipital,kanan,341.107,343.107,2.0,2.0,ok,video,0.0,True,False,False,-0.6591033944720053,-0.9002612297374881,-1.865274257515999,-0.766601754635019
P07,AGEM KIRI,3,PRA,F8,frontotemporal,kanan,341.107,343.107,2.0,2.0,ok,video,0.0,True,False,False,0.17131315048000317,0.0978323127241012,0.30838840187411165,1.0836083086465251
P07,AGEM KIRI,3,PRA,T4,temporal,kanan,341.107,343.107,2.0,2.0,ok,video,0.2,True,True,False,-8.354648068880724,-5.175307462950698,-2.4845576581136086,-7.7778094422702
P07,AGEM KIRI,3,PRA,T6,temporo-posterior,kanan,341.107,343.107,2.0,2.0,ok,video,0.0,True,False,False,-0.17473225994171315,-2.592280368841955,-1.457731042066797,0.2703461682133934
P07,AGEM KIRI,3,TURUN,Fp1,frontopolar,kiri,343.357,344.913,2.056,1.556,ok,video,0.0,True,False,False,-5.381688528427421,-1.125505982545647,-1.2024708332583494,-3.5906509109605977
P07,AGEM KIRI,3,TURUN,F3,frontal,kiri,343.357,344.913,2.056,1.556,ok,video,0.0,True,False,False,-2.375042334741277,1.029462681209651,1.4674938440158627,-0.03831312373202067
P07,AGEM KIRI,3,TURUN,C3,sentral,kiri,343.357,344.913,2.056,1.556,ok,video,0.0,True,False,False,-8.076088305327218,-1.094216951140016,-2.45159098861291,-4.527689981907436
P07,AGEM KIRI,3,TURUN,P3,parietal,kiri,343.357,344.913,2.056,1.556,ok,video,0.0,True,False,False,-2.6596610087552754,3.0740975745837353,0.5045501729068107,-0.2622116525282365
P07,AGEM KIRI,3,TURUN,O1,oksipital,kiri,343.357,344.913,2.056,1.556,ok,video,0.0,True,False,False,0.11781451187230374,0.19961820679452202,-1.0934683482679581,0.9955420802427497
P07,AGEM KIRI,3,TURUN,F7,frontotemporal,kiri,343.357,344.913,2.056,1.556,ok,video,0.0,True,False,False,0.5593078350744953,2.1987511454069413,1.2739239422608222,0.6228252370532736
P07,AGEM KIRI,3,TURUN,T3,temporal,kiri,343.357,344.913,2.056,1.556,ok,video,0.0,True,False,False,-1.761370878160946,-2.8467788987456792,-0.8377473016782204,-1.4196176950847068
P07,AGEM KIRI,3,TURUN,T5,temporo-posterior,kiri,343.357,344.913,2.056,1.556,ok,video,0.0,True,False,False,2.731158992173601,3.6284843524305863,1.5605748154780166,2.7567345982318514
P07,AGEM KIRI,3,TURUN,Fp2,frontopolar,kanan,343.357,344.913,2.056,1.556,ok,video,0.0,True,False,False,-4.086631953204247,-1.2136170989959467,-1.944919752224628,-4.026621332081049
P07,AGEM KIRI,3,TURUN,F4,frontal,kanan,343.357,344.913,2.056,1.556,ok,video,0.0,True,False,False,3.3704489202836143,2.780881738228196,2.9671850221421714,4.216094348072865
P07,AGEM KIRI,3,TURUN,C4,sentral,kanan,343.357,344.913,2.056,1.556,ok,video,0.0,True,False,False,2.627712333644851,2.703244146582577,3.248185956662361,2.738386899229596
P07,AGEM KIRI,3,TURUN,P4,parietal,kanan,343.357,344.913,2.056,1.556,ok,video,0.0,True,False,False,2.6304470960160558,4.472261552217027,5.505624822398591,3.6465117714997746
P07,AGEM KIRI,3,TURUN,O2,oksipital,kanan,343.357,344.913,2.056,1.556,ok,video,0.0,True,False,False,2.2644979005443133,-0.5701785069723186,4.914870045051995,3.0542350481721243
P07,AGEM KIRI,3,TURUN,F8,frontotemporal,kanan,343.357,344.913,2.056,1.556,ok,video,0.0,True,False,False,0.06807098600413752,-0.3351463327643103,2.658005282624501,0.14290708837297217
P07,AGEM KIRI,3,TURUN,T4,temporal,kanan,343.357,344.913,2.056,1.556,ok,video,0.0,True,False,False,2.4874940030094663,3.5261983070179923,3.185926036322165,1.8245696772654156
P07,AGEM KIRI,3,TURUN,T6,temporo-posterior,kanan,343.357,344.913,2.056,1.556,ok,video,0.0,True,False,False,3.4444949307162034,2.9685674517578065,9.210868151163908,4.888051598253057
P07,AGEM KIRI,3,TAHAN,Fp1,frontopolar,kiri,345.413,347.718,2.805,2.305,ok,video,0.0,True,False,False,-8.224395792821007,-7.247512673367016,-4.8682712277362015,-8.420275249398713
P07,AGEM KIRI,3,TAHAN,F3,frontal,kiri,345.413,347.718,2.805,2.305,ok,video,0.0,True,False,False,-8.44724343913606,-6.004599729745099,-7.235166139038716,-7.813560013261245
P07,AGEM KIRI,3,TAHAN,C3,sentral,kiri,345.413,347.718,2.805,2.305,ok,video,0.0,True,False,False,-7.791731747626969,-6.983889703553846,-6.756559716780391,-8.730905743752807
P07,AGEM KIRI,3,TAHAN,P3,parietal,kiri,345.413,347.718,2.805,2.305,ok,video,0.0,True,False,False,-5.172531163604532,-6.569739445575593,-6.786839629627094,-6.387930609620824
P07,AGEM KIRI,3,TAHAN,O1,oksipital,kiri,345.413,347.718,2.805,2.305,ok,video,0.0,True,False,False,-4.662882983760163,-5.091434121117921,-8.311908035991735,-4.28211346659652
P07,AGEM KIRI,3,TAHAN,F7,frontotemporal,kiri,345.413,347.718,2.805,2.305,ok,video,0.0,True,False,False,-4.214742321292807,-3.86428816186805,-2.9967434383169334,-3.8771478519211975
P07,AGEM KIRI,3,TAHAN,T3,temporal,kiri,345.413,347.718,2.805,2.305,ok,video,0.0,True,False,False,-10.409678128318603,-8.645985451312896,-8.316899879372293,-9.665408505746921
P07,AGEM KIRI,3,TAHAN,T5,temporo-posterior,kiri,345.413,347.718,2.805,2.305,ok,video,0.0,True,False,False,-8.633728021427707,-6.977826501219628,-3.2856913394501603,-6.8288520385258025
P07,AGEM KIRI,3,TAHAN,Fp2,frontopolar,kanan,345.413,347.718,2.805,2.305,ok,video,0.0,True,False,False,-9.26065456474409,-8.538361631791773,-2.6374232891224665,-6.4165316315090095
P07,AGEM KIRI,3,TAHAN,F4,frontal,kanan,345.413,347.718,2.805,2.305,ok,video,0.0,True,False,False,-7.095071388802115,-7.120907736506062,-4.586957894016006,-3.280474131916435
P07,AGEM KIRI,3,TAHAN,C4,sentral,kanan,345.413,347.718,2.805,2.305,ok,video,0.0,True,False,False,-8.048593525419534,-7.880699484005511,-5.714357824051355,-5.987814886143376
P07,AGEM KIRI,3,TAHAN,P4,parietal,kanan,345.413,347.718,2.805,2.305,ok,video,0.0,True,False,False,-6.298782397529941,-5.278022442228469,-3.4350256489244337,-4.299355074482342
P07,AGEM KIRI,3,TAHAN,O2,oksipital,kanan,345.413,347.718,2.805,2.305,ok,video,0.0,True,False,False,-6.935429255533396,-3.930074136815726,-2.2677114250323456,-2.2652576963349986
P07,AGEM KIRI,3,TAHAN,F8,frontotemporal,kanan,345.413,347.718,2.805,2.305,ok,video,0.0,True,False,False,-6.743541186046876,-6.460263346241469,-5.410958262130052,-6.762505159587832
P07,AGEM KIRI,3,TAHAN,T4,temporal,kanan,345.413,347.718,2.805,2.305,ok,video,0.0,True,False,False,-5.445316375234647,-4.590752478894082,-2.9205705335397454,-5.134826589254679
P07,AGEM KIRI,3,TAHAN,T6,temporo-posterior,kanan,345.413,347.718,2.805,2.305,ok,video,0.0,True,False,False,-7.152688213093974,-4.716563585639783,-3.128077565049157,-3.7491678843986485
P07,AGEM KIRI,3,NAIK,Fp1,frontopolar,kiri,348.097,348.7,0.861,0.603,ok,video,0.0,True,False,False,-4.516057947762281,-2.4663208432112356,-2.7237737104071797,-4.139745549970819
P07,AGEM KIRI,3,NAIK,F3,frontal,kiri,348.097,348.7,0.861,0.603,ok,video,0.0,True,False,False,1.9396523201647184,-1.3319909791022333,5.560520035361115,3.276979564494674
P07,AGEM KIRI,3,NAIK,C3,sentral,kiri,348.097,348.7,0.861,0.603,ok,video,0.0,True,False,False,-3.2457544513055403,-2.1195719832434925,-3.617875180393902,-4.015884008059977
P07,AGEM KIRI,3,NAIK,P3,parietal,kiri,348.097,348.7,0.861,0.603,ok,video,0.0,True,False,False,0.5762736399582984,-0.06244261158623843,1.083234594807756,-0.5977139038599901
P07,AGEM KIRI,3,NAIK,O1,oksipital,kiri,348.097,348.7,0.861,0.603,ok,video,0.0,True,False,False,1.3626498173074282,1.5548506350098528,5.0764624198478145,3.3993018172075296
P07,AGEM KIRI,3,NAIK,F7,frontotemporal,kiri,348.097,348.7,0.861,0.603,ok,video,0.0,True,False,False,5.287750545215523,3.423767855086165,-0.19436421379444724,3.566578202543095
P07,AGEM KIRI,3,NAIK,T3,temporal,kiri,348.097,348.7,0.861,0.603,ok,video,0.0,True,False,False,-2.408076544415472,2.727444945524308,-3.047221865047618,-2.5295407214388774
P07,AGEM KIRI,3,NAIK,T5,temporo-posterior,kiri,348.097,348.7,0.861,0.603,ok,video,0.0,True,False,False,0.21012601761572114,3.702882741223018,2.986582192943697,1.4394886980504928
P07,AGEM KIRI,3,NAIK,Fp2,frontopolar,kanan,348.097,348.7,0.861,0.603,ok,video,0.0,True,False,False,1.112574863705234,2.147815927452463,0.5705863926892363,0.7842868530914444
P07,AGEM KIRI,3,NAIK,F4,frontal,kanan,348.097,348.7,0.861,0.603,ok,video,0.0,True,False,False,4.033210117022179,6.109911641714888,7.211443784400512,5.439262636750485
P07,AGEM KIRI,3,NAIK,C4,sentral,kanan,348.097,348.7,0.861,0.603,ok,video,0.0,True,False,False,6.3817803840854666,9.311950547037135,7.031445458770584,5.9558182827623725
P07,AGEM KIRI,3,NAIK,P4,parietal,kanan,348.097,348.7,0.861,0.603,ok,video,0.0,True,False,False,4.360484461478073,7.802302600702298,7.027765390078105,4.8996592410272655
P07,AGEM KIRI,3,NAIK,O2,oksipital,kanan,348.097,348.7,0.861,0.603,ok,video,0.0,True,False,False,3.3222158446239973,6.363302227493421,6.393774435426259,4.553819012068665
P07,AGEM KIRI,3,NAIK,F8,frontotemporal,kanan,348.097,348.7,0.861,0.603,ok,video,0.0,True,False,False,3.901184334816989,5.823445715766553,-0.12995692774674694,3.6619981050368295
P07,AGEM KIRI,3,NAIK,T4,temporal,kanan,348.097,348.7,0.861,0.603,ok,video,0.0,True,False,False,3.177202385165643,7.2087265652660335,6.831370136672291,3.5100881625330658
P07,AGEM KIRI,3,NAIK,T6,temporo-posterior,kanan,348.097,348.7,0.861,0.603,ok,video,0.0,True,False,False,4.952989069149204,6.191037918823284,5.6454418458376665,4.021951690270804
P07,AGEM KIRI,3,POST,Fp1,frontopolar,kiri,349.329,350.829,1.5,1.5,ok,video,0.0,True,False,False,-6.438497417034977,1.3125064737433014,-0.46899860308308305,-2.9232631181124873
P07,AGEM KIRI,3,POST,F3,frontal,kiri,349.329,350.829,1.5,1.5,ok,video,0.0,True,False,False,-5.803014562699264,-4.135932820128634,-1.926524855130289,-3.532864867994622
P07,AGEM KIRI,3,POST,C3,sentral,kiri,349.329,350.829,1.5,1.5,ok,video,0.0,True,False,False,-4.74906179099904,-2.4311907109147626,-1.4457020858447898,-3.7668434897643372
P07,AGEM KIRI,3,POST,P3,parietal,kiri,349.329,350.829,1.5,1.5,ok,video,0.0,True,False,False,-1.6231852585508015,-2.83328463964018,-2.3366595212931784,-2.368778912458218
P07,AGEM KIRI,3,POST,O1,oksipital,kiri,349.329,350.829,1.5,1.5,ok,video,0.0,True,False,False,-3.335420432115292,-0.19899233846930642,-1.9021950831399224,-2.2421524541010456
P07,AGEM KIRI,3,POST,F7,frontotemporal,kiri,349.329,350.829,1.5,1.5,ok,video,0.0,True,False,False,0.9793818685508384,5.531054186192993,3.488384770813962,1.8878056558131924
P07,AGEM KIRI,3,POST,T3,temporal,kiri,349.329,350.829,1.5,1.5,ok,video,0.0,True,False,False,4.0325940994934015,4.3661170123507205,1.9763128018396898,1.8612177227192355
P07,AGEM KIRI,3,POST,T5,temporo-posterior,kiri,349.329,350.829,1.5,1.5,ok,video,0.0,True,False,False,3.6166763477545807,0.01106575624575612,-1.1768791936264833,2.359821363369214
P07,AGEM KIRI,3,POST,Fp2,frontopolar,kanan,349.329,350.829,1.5,1.5,ok,video,0.0,True,False,False,-5.491748842921169,-4.621303946177818,-1.7325362410997798,-5.6211250283801775
P07,AGEM KIRI,3,POST,F4,frontal,kanan,349.329,350.829,1.5,1.5,ok,video,0.0,True,False,False,-1.920647455209611,-4.83784638201595,-2.6476112944906554,-2.2035273574431145
P07,AGEM KIRI,3,POST,C4,sentral,kanan,349.329,350.829,1.5,1.5,ok,video,0.0,True,False,False,-2.7513704004125685,-3.976067474684182,-2.9110741698797398,-4.3940953718975635
P07,AGEM KIRI,3,POST,P4,parietal,kanan,349.329,350.829,1.5,1.5,ok,video,0.0,True,False,False,-5.924234663664137,-2.829152757065941,-1.9547916947196349,-5.05857439003406
P07,AGEM KIRI,3,POST,O2,oksipital,kanan,349.329,350.829,1.5,1.5,ok,video,0.0,True,False,False,-8.921062547963192,-0.9887300281972173,1.0582222962490277,-3.2660373835167356
P07,AGEM KIRI,3,POST,F8,frontotemporal,kanan,349.329,350.829,1.5,1.5,ok,video,0.0,True,False,False,-2.3642381479572663,1.5413773553095425,-4.230174714197915,-2.2292990258618417
P07,AGEM KIRI,3,POST,T4,temporal,kanan,349.329,350.829,1.5,1.5,ok,video,0.0,True,False,False,-4.10701085483273,-3.849067386999579,-1.3646688791712762,-2.776840832970798
P07,AGEM KIRI,3,POST,T6,temporo-posterior,kanan,349.329,350.829,1.5,1.5,ok,video,0.0,True,False,False,-5.116568156420023,-3.445319948119433,-3.932035277228792,-4.0687152576625465
P07,AGEM KIRI,4,PRA,Fp1,frontopolar,kiri,355.3,357.3,2.0,2.0,ok,video,0.0,True,False,False,2.568050504483036,0.6462519884140505,-0.7001116205856235,1.1953901113785186
P07,AGEM KIRI,4,PRA,F3,frontal,kiri,355.3,357.3,2.0,2.0,ok,video,0.0,True,False,False,0.9875979343111219,-2.284701640492308,-3.027173645839735,0.08509833633992869
P07,AGEM KIRI,4,PRA,C3,sentral,kiri,355.3,357.3,2.0,2.0,ok,video,0.0,True,False,False,-7.9606528463723905,-1.499109515893199,-3.5461500093556992,-4.546877696686941
P07,AGEM KIRI,4,PRA,P3,parietal,kiri,355.3,357.3,2.0,2.0,ok,video,0.0,True,False,False,-0.7564439286575038,0.0453829479698129,-2.742899235762213,-0.13174186989775905
P07,AGEM KIRI,4,PRA,O1,oksipital,kiri,355.3,357.3,2.0,2.0,ok,video,0.0,True,False,False,-1.9216142041612372,-2.801626988472151,-3.0337907862982405,-2.588056329601379
P07,AGEM KIRI,4,PRA,F7,frontotemporal,kiri,355.3,357.3,2.0,2.0,ok,video,0.0,True,False,False,8.941744204868137,4.9213679495184515,1.6424291493830232,7.222755344123808
P07,AGEM KIRI,4,PRA,T3,temporal,kiri,355.3,357.3,2.0,2.0,ok,video,0.0,True,False,False,5.524754445225838,1.1336976476636842,-1.1594271112903023,3.33368174004816
P07,AGEM KIRI,4,PRA,T5,temporo-posterior,kiri,355.3,357.3,2.0,2.0,ok,video,0.0,True,False,False,8.153061713009219,6.011607840604508,3.470489812940208,6.86751767889854
P07,AGEM KIRI,4,PRA,Fp2,frontopolar,kanan,355.3,357.3,2.0,2.0,ok,video,0.0,True,False,False,-1.9871351036615934,-2.455565391942443,-1.0538244584110323,-1.4240165244552472
P07,AGEM KIRI,4,PRA,F4,frontal,kanan,355.3,357.3,2.0,2.0,ok,video,0.0,True,False,False,-3.8409150486058152,-3.7791606699122653,-1.6877428236017487,-2.6996919213296593
P07,AGEM KIRI,4,PRA,C4,sentral,kanan,355.3,357.3,2.0,2.0,ok,video,0.0,True,False,False,-4.502170942101799,-5.678400309580834,-5.374627849590787,-4.122178781792808
P07,AGEM KIRI,4,PRA,P4,parietal,kanan,355.3,357.3,2.0,2.0,ok,video,0.0,True,False,False,-4.239071244238993,-2.3893879149762043,-3.7892925037992384,-3.224386968796953
P07,AGEM KIRI,4,PRA,O2,oksipital,kanan,355.3,357.3,2.0,2.0,ok,video,0.0,True,False,False,-1.1533957176747833,-1.666156746855279,-2.736911626191141,-1.9287455292100475
P07,AGEM KIRI,4,PRA,F8,frontotemporal,kanan,355.3,357.3,2.0,2.0,ok,video,0.0,True,False,False,2.2974142223745417,-1.075710932920856,-0.6863224683838993,0.9173339842733554
P07,AGEM KIRI,4,PRA,T4,temporal,kanan,355.3,357.3,2.0,2.0,ok,video,0.0,True,False,False,-4.4280826781366756,-5.633121560072954,-5.193920079893076,-4.354595459617542
P07,AGEM KIRI,4,PRA,T6,temporo-posterior,kanan,355.3,357.3,2.0,2.0,ok,video,0.0,True,False,False,-5.967771738573688,-6.031131277643176,-3.9794301517404236,-5.162421776725232
P07,AGEM KIRI,4,TURUN,Fp1,frontopolar,kiri,359.147,360.994,2.347,1.847,ok,video,0.0,True,False,False,-7.515905881146367,-2.302018517081976,-1.5432498319036085,-4.825560373980984
P07,AGEM KIRI,4,TURUN,F3,frontal,kiri,359.147,360.994,2.347,1.847,ok,video,0.784,False,False,False,,,,
P07,AGEM KIRI,4,TURUN,C3,sentral,kiri,359.147,360.994,2.347,1.847,ok,video,1.0,False,False,False,,,,
P07,AGEM KIRI,4,TURUN,P3,parietal,kiri,359.147,360.994,2.347,1.847,ok,video,1.0,False,False,False,,,,
P07,AGEM KIRI,4,TURUN,O1,oksipital,kiri,359.147,360.994,2.347,1.847,ok,video,0.459,True,True,False,-13.725606745823537,-11.758919981759952,-9.248708265823154,-11.948872391186534
P07,AGEM KIRI,4,TURUN,F7,frontotemporal,kiri,359.147,360.994,2.347,1.847,ok,video,0.0,True,False,False,0.8493001551154578,0.3933966122063275,0.03729845889308692,1.3367462853602063
P07,AGEM KIRI,4,TURUN,T3,temporal,kiri,359.147,360.994,2.347,1.847,ok,video,0.432,False,False,False,,,,
P07,AGEM KIRI,4,TURUN,T5,temporo-posterior,kiri,359.147,360.994,2.347,1.847,ok,video,0.0,True,False,False,0.2303868176759174,1.708527711262601,1.8922387034782844,0.8312435648895686
P07,AGEM KIRI,4,TURUN,Fp2,frontopolar,kanan,359.147,360.994,2.347,1.847,ok,video,0.0,True,False,False,-2.4447908793441826,-1.0796063771788553,0.43451580704523707,-2.0859133694222223
P07,AGEM KIRI,4,TURUN,F4,frontal,kanan,359.147,360.994,2.347,1.847,ok,video,0.0,True,False,False,-6.209810999765683,-5.815128078058091,-5.175403437246395,-5.558180118899283
P07,AGEM KIRI,4,TURUN,C4,sentral,kanan,359.147,360.994,2.347,1.847,ok,video,0.0,True,False,False,-6.909206873942445,-4.903542823731655,-5.373809339731093,-7.145357026642447
P07,AGEM KIRI,4,TURUN,P4,parietal,kanan,359.147,360.994,2.347,1.847,ok,video,0.4,True,True,False,-5.304702632256095,-2.5675888362005104,-1.4613577470184467,-4.510052218686425
P07,AGEM KIRI,4,TURUN,O2,oksipital,kanan,359.147,360.994,2.347,1.847,ok,video,0.0,True,False,False,-3.0457130601478823,-2.9829927254230526,-3.3700860206093566,-3.4896840591575895
P07,AGEM KIRI,4,TURUN,F8,frontotemporal,kanan,359.147,360.994,2.347,1.847,ok,video,0.0,True,False,False,0.036277452873328286,-1.4062185708498092,1.0079898779582734,-0.47855206575895437
P07,AGEM KIRI,4,TURUN,T4,temporal,kanan,359.147,360.994,2.347,1.847,ok,video,0.0,True,False,False,-4.512167266984392,-3.15768501730998,-2.7328484623806517,-5.101189135601906
P07,AGEM KIRI,4,TURUN,T6,temporo-posterior,kanan,359.147,360.994,2.347,1.847,ok,video,0.0,True,False,False,-4.49127063130652,-2.7765343116989882,-1.7272646517941013,-4.087185601062956
P07,AGEM KIRI,4,TAHAN,Fp1,frontopolar,kiri,361.494,363.855,2.861,2.361,ok,video,0.0,True,False,False,-7.7092621571745,-4.911923728143488,-4.558542963922056,-7.099823086417324
P07,AGEM KIRI,4,TAHAN,F3,frontal,kiri,361.494,363.855,2.861,2.361,ok,video,0.847,False,False,False,,,,
P07,AGEM KIRI,4,TAHAN,C3,sentral,kiri,361.494,363.855,2.861,2.361,ok,video,1.0,False,False,False,,,,
P07,AGEM KIRI,4,TAHAN,P3,parietal,kiri,361.494,363.855,2.861,2.361,ok,video,0.847,False,False,False,,,,
P07,AGEM KIRI,4,TAHAN,O1,oksipital,kiri,361.494,363.855,2.861,2.361,ok,video,0.661,False,False,False,,,,
P07,AGEM KIRI,4,TAHAN,F7,frontotemporal,kiri,361.494,363.855,2.861,2.361,ok,video,0.0,True,False,False,-6.608461819820999,-5.17886263338054,-4.895596939593858,-5.640112667877059
P07,AGEM KIRI,4,TAHAN,T3,temporal,kiri,361.494,363.855,2.861,2.361,ok,video,0.678,False,False,False,,,,
P07,AGEM KIRI,4,TAHAN,T5,temporo-posterior,kiri,361.494,363.855,2.861,2.361,ok,video,0.0,True,False,False,-6.276992438089632,-2.5318041496635857,-2.1427445444447137,-4.071497502824535
P07,AGEM KIRI,4,TAHAN,Fp2,frontopolar,kanan,361.494,363.855,2.861,2.361,ok,video,0.0,True,False,False,-3.69989444261617,-1.6962706645661783,-0.857703912927974,-3.5424198605053405
P07,AGEM KIRI,4,TAHAN,F4,frontal,kanan,361.494,363.855,2.861,2.361,ok,video,1.0,False,False,False,,,,
P07,AGEM KIRI,4,TAHAN,C4,sentral,kanan,361.494,363.855,2.861,2.361,ok,video,0.932,False,False,False,,,,
P07,AGEM KIRI,4,TAHAN,P4,parietal,kanan,361.494,363.855,2.861,2.361,ok,video,1.0,False,False,False,,,,
P07,AGEM KIRI,4,TAHAN,O2,oksipital,kanan,361.494,363.855,2.861,2.361,ok,video,0.169,True,True,False,-16.722208023291834,-20.64208453013731,-15.581976624922723,-17.848787582352205
P07,AGEM KIRI,4,TAHAN,F8,frontotemporal,kanan,361.494,363.855,2.861,2.361,ok,video,0.0,True,False,False,-8.708065987590125,-5.74270550132583,-6.225933361445485,-7.856941679332223
P07,AGEM KIRI,4,TAHAN,T4,temporal,kanan,361.494,363.855,2.861,2.361,ok,video,0.0,True,False,False,-14.188495076712115,-12.30171420584254,-10.393572320727127,-12.176240413280823
P07,AGEM KIRI,4,TAHAN,T6,temporo-posterior,kanan,361.494,363.855,2.861,2.361,ok,video,0.763,False,False,False,,,,
P07,AGEM KIRI,4,NAIK,Fp1,frontopolar,kiri,364.265,365.014,1.069,0.748,ok,video,0.0,True,False,False,-9.378431564162938,-4.195937035945004,-0.98899719007591,-4.400086298118424
P07,AGEM KIRI,4,NAIK,F3,frontal,kiri,364.265,365.014,1.069,0.748,ok,video,0.253,True,True,False,-6.565957900455146,-6.984106034448917,1.3621147785578387,-3.054646347202482
P07,AGEM KIRI,4,NAIK,C3,sentral,kiri,364.265,365.014,1.069,0.748,ok,video,1.0,False,False,False,,,,
P07,AGEM KIRI,4,NAIK,P3,parietal,kiri,364.265,365.014,1.069,0.748,ok,video,0.253,True,True,False,-4.537748079725198,-7.158502145879005,-3.4031462931920533,-4.859820915115787
P07,AGEM KIRI,4,NAIK,O1,oksipital,kiri,364.265,365.014,1.069,0.748,ok,video,0.0,True,False,False,-6.299863242236945,-4.834941829932685,-4.137596173287076,-5.557167522709747
P07,AGEM KIRI,4,NAIK,F7,frontotemporal,kiri,364.265,365.014,1.069,0.748,ok,video,0.0,True,False,False,2.0871081932201285,2.46949409300176,1.5169091034671531,1.4004119186524768
P07,AGEM KIRI,4,NAIK,T3,temporal,kiri,364.265,365.014,1.069,0.748,ok,video,0.0,True,False,False,-5.71151175900291,-4.220277707860582,-4.604434662477267,-6.109110691365753
P07,AGEM KIRI,4,NAIK,T5,temporo-posterior,kiri,364.265,365.014,1.069,0.748,ok,video,0.0,True,False,False,-0.4532143498243677,1.7025421092537663,3.73501252246524,2.3590337523847253
P07,AGEM KIRI,4,NAIK,Fp2,frontopolar,kanan,364.265,365.014,1.069,0.748,ok,video,0.0,True,False,False,-2.50586209387545,-1.6759245545433359,1.2991472592415008,-1.9636460828456634
P07,AGEM KIRI,4,NAIK,F4,frontal,kanan,364.265,365.014,1.069,0.748,ok,video,1.0,False,False,False,,,,
P07,AGEM KIRI,4,NAIK,C4,sentral,kanan,364.265,365.014,1.069,0.748,ok,video,0.787,False,False,False,,,,
P07,AGEM KIRI,4,NAIK,P4,parietal,kanan,364.265,365.014,1.069,0.748,ok,video,0.787,False,False,False,,,,
P07,AGEM KIRI,4,NAIK,O2,oksipital,kanan,364.265,365.014,1.069,0.748,ok,video,0.533,False,False,False,,,,
P07,AGEM KIRI,4,NAIK,F8,frontotemporal,kanan,364.265,365.014,1.069,0.748,ok,video,0.0,True,False,False,-3.211479638537398,-4.166228283714872,-1.1830348592103235,-3.3874833655629004
P07,AGEM KIRI,4,NAIK,T4,temporal,kanan,364.265,365.014,1.069,0.748,ok,video,0.0,True,False,False,-20.897831037288746,-10.616921131357874,-11.259364955074908,-15.972074587160026
P07,AGEM KIRI,4,NAIK,T6,temporo-posterior,kanan,364.265,365.014,1.069,0.748,ok,video,0.52,False,False,False,,,,
P07,AGEM KIRI,4,POST,Fp1,frontopolar,kiri,365.674,367.174,1.5,1.5,ok,video,0.0,True,False,False,8.551857189678348,5.081927730600562,3.4375216840782343,7.262754450647634
P07,AGEM KIRI,4,POST,F3,frontal,kiri,365.674,367.174,1.5,1.5,ok,video,0.0,True,False,False,6.007078738398224,3.1751821861655714,2.6209774754419435,5.0141120465933895
P07,AGEM KIRI,4,POST,C3,sentral,kiri,365.674,367.174,1.5,1.5,ok,video,0.0,True,False,False,1.046564189267123,0.026899447444787228,0.7862216336119587,2.0177014238494664
P07,AGEM KIRI,4,POST,P3,parietal,kiri,365.674,367.174,1.5,1.5,ok,video,0.0,True,False,False,7.702087153097612,2.3078495261144703,2.7148998555024377,6.489972944171207
P07,AGEM KIRI,4,POST,O1,oksipital,kiri,365.674,367.174,1.5,1.5,ok,video,0.0,True,False,False,3.767968451807704,4.275424470695601,3.820820125201017,4.5260502190476615
P07,AGEM KIRI,4,POST,F7,frontotemporal,kiri,365.674,367.174,1.5,1.5,ok,video,0.0,True,False,False,6.380716050873268,8.48261475497966,4.164933757017234,6.023512672201772
P07,AGEM KIRI,4,POST,T3,temporal,kiri,365.674,367.174,1.5,1.5,ok,video,0.0,True,False,False,8.436827073314,8.081059345073506,4.206739755986437,6.708564416071926
P07,AGEM KIRI,4,POST,T5,temporo-posterior,kiri,365.674,367.174,1.5,1.5,ok,video,0.0,True,False,False,4.5421095392687185,8.871858088374328,4.556595957070815,6.1275143514441375
P07,AGEM KIRI,4,POST,Fp2,frontopolar,kanan,365.674,367.174,1.5,1.5,ok,video,0.0,True,False,False,7.010998367951146,4.860501387733812,1.3813584145571696,5.024573650105275
P07,AGEM KIRI,4,POST,F4,frontal,kanan,365.674,367.174,1.5,1.5,ok,video,0.467,True,True,False,-8.319007415014983,-1.279642419473074,-0.8224434915879115,-2.0159709846245732
P07,AGEM KIRI,4,POST,C4,sentral,kanan,365.674,367.174,1.5,1.5,ok,video,0.08,True,False,False,-4.603398674039624,-0.9836282123500268,-3.66980169901505,-4.867298819328667
P07,AGEM KIRI,4,POST,P4,parietal,kanan,365.674,367.174,1.5,1.5,ok,video,0.08,True,False,False,-6.172287288045048,-3.940639191484607,-2.7417958468000734,-5.763586638405787
P07,AGEM KIRI,4,POST,O2,oksipital,kanan,365.674,367.174,1.5,1.5,ok,video,0.0,True,False,False,0.15612995491016335,-0.28145868451496625,0.2607460552712375,-1.0506885861675883
P07,AGEM KIRI,4,POST,F8,frontotemporal,kanan,365.674,367.174,1.5,1.5,ok,video,0.0,True,False,False,0.8796316638699722,4.9666799513396,4.327031665077129,3.005466859376469
P07,AGEM KIRI,4,POST,T4,temporal,kanan,365.674,367.174,1.5,1.5,ok,video,0.0,True,False,False,-0.6810282640469154,-3.0093360088415366,-1.1273493217650135,-0.9192582052070861
P07,AGEM KIRI,4,POST,T6,temporo-posterior,kanan,365.674,367.174,1.5,1.5,ok,video,0.0,True,False,False,-2.2428523656668915,-4.1082772264906495,-3.3958676772156267,-3.640455802568134
