participant_id,task,rep,phase,channel,area,hemisphere,t0_video,t1_video,dur_phase_sec,win_sec,compliance,phase_source,flat_frac,valid,salvaged,is_simulated,theta_db,mu_db,beta_db,broad_db
P12,NGEED,1,PRA,Fp1,frontopolar,kiri,4.03,6.03,2.0,2.0,ok,video,0.0,True,False,False,-4.025576998180853,2.800397908352359,0.6377188784299719,-2.8365801485472772
P12,NGEED,1,PRA,F3,frontal,kiri,4.03,6.03,2.0,2.0,ok,video,0.0,True,False,False,-2.9612934278020404,2.5360510735598965,0.039256505207180936,-1.9566514261171335
P12,NGEED,1,PRA,C3,sentral,kiri,4.03,6.03,2.0,2.0,ok,video,0.0,True,False,False,-2.0587009656077413,0.4219816909758549,0.2852736257147015,-2.3871246257472833
P12,NGEED,1,PRA,P3,parietal,kiri,4.03,6.03,2.0,2.0,ok,video,0.2,False,False,False,,,,
P12,NGEED,1,PRA,O1,oksipital,kiri,4.03,6.03,2.0,2.0,ok,video,0.0,True,False,False,-2.2156712474011115,1.0759112309970646,2.2745298367892417,-1.3026662211872377
P12,NGEED,1,PRA,F7,frontotemporal,kiri,4.03,6.03,2.0,2.0,ok,video,0.0,True,False,False,-3.9325198577259997,-0.6300726238291787,1.2561671875893623,-2.344355285054462
P12,NGEED,1,PRA,T3,temporal,kiri,4.03,6.03,2.0,2.0,ok,video,0.3,False,False,False,,,,
P12,NGEED,1,PRA,T5,temporo-posterior,kiri,4.03,6.03,2.0,2.0,ok,video,0.0,True,False,False,-2.8382169959652543,2.1180004043106706,-0.27605889379320914,-2.4758376588621402
P12,NGEED,1,PRA,Fp2,frontopolar,kanan,4.03,6.03,2.0,2.0,ok,video,0.0,True,False,False,-5.743703934674883,3.7407719252663796,2.9340310642754908,-1.8339264038791256
P12,NGEED,1,PRA,F4,frontal,kanan,4.03,6.03,2.0,2.0,ok,video,0.0,True,False,False,-5.540886059300611,2.6515103340838095,1.2065614876930653,-1.767761576539712
P12,NGEED,1,PRA,C4,sentral,kanan,4.03,6.03,2.0,2.0,ok,video,0.0,True,False,False,-5.771226608068247,2.4800584562025847,1.257142238870955,-2.3974992003433613
P12,NGEED,1,PRA,P4,parietal,kanan,4.03,6.03,2.0,2.0,ok,video,0.0,True,False,False,-4.4635046888041074,0.9546099697860271,0.3841702471960353,-3.5381923673637132
P12,NGEED,1,PRA,O2,oksipital,kanan,4.03,6.03,2.0,2.0,ok,video,0.0,True,False,False,-7.455904694367746,0.5621753386198023,-2.5476694120121017,-5.25670568339072
P12,NGEED,1,PRA,F8,frontotemporal,kanan,4.03,6.03,2.0,2.0,ok,video,0.0,True,False,False,-2.6923527820014286,2.30805625359843,2.5451826291650548,-1.572165397521374
P12,NGEED,1,PRA,T4,temporal,kanan,4.03,6.03,2.0,2.0,ok,video,0.0,True,False,False,-1.6878229959388733,2.3326535196049676,1.4627436150490851,-2.2685172923549004
P12,NGEED,1,PRA,T6,temporo-posterior,kanan,4.03,6.03,2.0,2.0,ok,video,0.0,True,False,False,-6.589561090980432,-3.9297741608416175,-1.4252548084890257,-6.475793441970062
P12,NGEED,1,TURUN,Fp1,frontopolar,kiri,6.967,7.899,1.332,0.932,ok,video,0.0,True,False,False,6.745336619098005,9.139253141821747,10.222364735635267,11.068911912567359
P12,NGEED,1,TURUN,F3,frontal,kiri,6.967,7.899,1.332,0.932,ok,video,0.0,True,False,False,4.872051359426045,6.886678149532003,9.225033997711112,10.148421154738791
P12,NGEED,1,TURUN,C3,sentral,kiri,6.967,7.899,1.332,0.932,ok,video,0.0,True,False,False,7.692867728842224,4.774739036650203,7.6314964675130454,11.406602533939086
P12,NGEED,1,TURUN,P3,parietal,kiri,6.967,7.899,1.332,0.932,ok,video,0.0,True,False,False,6.7135823578767315,7.117128716167592,9.776304178505686,11.185930402384933
P12,NGEED,1,TURUN,O1,oksipital,kiri,6.967,7.899,1.332,0.932,ok,video,0.0,True,False,False,7.895297413237913,5.696074889042926,8.741754520976514,11.30687259236231
P12,NGEED,1,TURUN,F7,frontotemporal,kiri,6.967,7.899,1.332,0.932,ok,video,0.0,True,False,False,8.114864099310537,7.512604865804789,8.155866864279375,10.40897009163217
P12,NGEED,1,TURUN,T3,temporal,kiri,6.967,7.899,1.332,0.932,ok,video,0.0,True,False,False,3.447680065350802,4.093042485263162,7.47562133699763,7.242910423853935
P12,NGEED,1,TURUN,T5,temporo-posterior,kiri,6.967,7.899,1.332,0.932,ok,video,0.0,True,False,False,6.809481331106674,6.936438925076615,8.598683023316376,10.322177993488943
P12,NGEED,1,TURUN,Fp2,frontopolar,kanan,6.967,7.899,1.332,0.932,ok,video,0.0,True,False,False,3.264924518373981,5.968502703933851,8.911989567043296,6.899975722483454
P12,NGEED,1,TURUN,F4,frontal,kanan,6.967,7.899,1.332,0.932,ok,video,0.0,True,False,False,9.421560138467463,7.119860812201196,10.990106209655835,7.761982801940334
P12,NGEED,1,TURUN,C4,sentral,kanan,6.967,7.899,1.332,0.932,ok,video,0.0,True,False,False,13.135446394414643,8.561311203553728,11.151009939151244,10.936207401684698
P12,NGEED,1,TURUN,P4,parietal,kanan,6.967,7.899,1.332,0.932,ok,video,0.0,True,False,False,10.849174624222591,6.110086659331117,10.653440128625572,8.444322399928076
P12,NGEED,1,TURUN,O2,oksipital,kanan,6.967,7.899,1.332,0.932,ok,video,0.0,True,False,False,8.076693418263403,3.5829115539221874,9.438174013496454,7.45981467651557
P12,NGEED,1,TURUN,F8,frontotemporal,kanan,6.967,7.899,1.332,0.932,ok,video,0.0,True,False,False,2.565969223765464,7.015539684215099,11.553619388612702,5.19976501956819
P12,NGEED,1,TURUN,T4,temporal,kanan,6.967,7.899,1.332,0.932,ok,video,0.0,True,False,False,6.664454296958212,11.374478896547487,10.828432346789668,8.904303666414165
P12,NGEED,1,TURUN,T6,temporo-posterior,kanan,6.967,7.899,1.332,0.932,ok,video,0.0,True,False,False,7.2904854230681195,5.897056667453377,9.22945864465613,6.380321118772244
P12,NGEED,1,TAHAN,Fp1,frontopolar,kiri,8.349,11.724,3.875,3.375,ok,video,0.0,True,False,False,-0.28623623676909205,1.608350019215628,-1.897855234646915,-1.3494759842252506
P12,NGEED,1,TAHAN,F3,frontal,kiri,8.349,11.724,3.875,3.375,ok,video,0.118,True,True,False,2.9728671779481317,4.836398068049462,-0.8649776978707528,1.9099093951275137
P12,NGEED,1,TAHAN,C3,sentral,kiri,8.349,11.724,3.875,3.375,ok,video,0.0,True,False,False,1.7417221598299548,3.0133321461946423,-1.2783263704340406,1.167277356124167
P12,NGEED,1,TAHAN,P3,parietal,kiri,8.349,11.724,3.875,3.375,ok,video,0.118,True,True,False,2.4596904923398313,5.11790987703111,-0.5666888207626748,1.9492652684846234
P12,NGEED,1,TAHAN,O1,oksipital,kiri,8.349,11.724,3.875,3.375,ok,video,0.0,True,False,False,4.091933868831603,5.019972863909182,0.9419826954315447,3.5822198482739296
P12,NGEED,1,TAHAN,F7,frontotemporal,kiri,8.349,11.724,3.875,3.375,ok,video,0.0,True,False,False,4.473492690902738,5.280856887117594,1.7607233224896461,4.178996591829922
P12,NGEED,1,TAHAN,T3,temporal,kiri,8.349,11.724,3.875,3.375,ok,video,0.0,True,False,False,0.9786495719664217,2.6297923750639214,-1.9693538569585982,-0.03765676151650865
P12,NGEED,1,TAHAN,T5,temporo-posterior,kiri,8.349,11.724,3.875,3.375,ok,video,0.0,True,False,False,-0.3132720945553942,1.9281167224971654,-3.4826833910669173,-1.078798727163928
P12,NGEED,1,TAHAN,Fp2,frontopolar,kanan,8.349,11.724,3.875,3.375,ok,video,0.0,True,False,False,-1.7056561319611845,-0.2849463158812924,-1.6886854596988279,-2.3628226701361967
P12,NGEED,1,TAHAN,F4,frontal,kanan,8.349,11.724,3.875,3.375,ok,video,0.0,True,False,False,1.148316227207637,1.455296838763502,0.9448599751678373,0.25532324784102656
P12,NGEED,1,TAHAN,C4,sentral,kanan,8.349,11.724,3.875,3.375,ok,video,0.0,True,False,False,0.16033652284207278,1.7365245243913137,0.793067353903588,-0.5459988880209323
P12,NGEED,1,TAHAN,P4,parietal,kanan,8.349,11.724,3.875,3.375,ok,video,0.0,True,False,False,-0.6178244490718612,1.508356199655914,0.6516065911565683,-1.3459562100259177
P12,NGEED,1,TAHAN,O2,oksipital,kanan,8.349,11.724,3.875,3.375,ok,video,0.0,True,False,False,-1.8157757011945392,0.019076254883799493,-3.363585572664743,-2.207462304639691
P12,NGEED,1,TAHAN,F8,frontotemporal,kanan,8.349,11.724,3.875,3.375,ok,video,0.0,True,False,False,-0.26349000823954327,0.4735921079798686,1.0695715927013723,0.41980535707808997
P12,NGEED,1,TAHAN,T4,temporal,kanan,8.349,11.724,3.875,3.375,ok,video,0.0,True,False,False,-6.247857980178516,-1.8047452167627398,-1.3422343048404528,-5.396966143156803
P12,NGEED,1,TAHAN,T6,temporo-posterior,kanan,8.349,11.724,3.875,3.375,ok,video,0.0,True,False,False,-3.8021598575144537,0.2922694346550969,0.2795314307520478,-2.9732776306255673
P12,NGEED,1,NAIK,Fp1,frontopolar,kiri,12.174,13.107,1.333,0.933,ok,video,0.0,True,False,False,14.132898142747642,7.833240877859026,8.463111641437216,10.356672780503018
P12,NGEED,1,NAIK,F3,frontal,kiri,12.174,13.107,1.333,0.933,ok,video,0.0,True,False,False,14.612123078152912,8.144445495634372,6.406674497851764,10.72933365706001
P12,NGEED,1,NAIK,C3,sentral,kiri,12.174,13.107,1.333,0.933,ok,video,0.0,True,False,False,14.797649113191014,7.494488218728634,6.377914330216754,10.964395074328962
P12,NGEED,1,NAIK,P3,parietal,kiri,12.174,13.107,1.333,0.933,ok,video,0.0,True,False,False,15.363967150342745,7.443411256856301,6.515349640062471,11.428767254400398
P12,NGEED,1,NAIK,O1,oksipital,kiri,12.174,13.107,1.333,0.933,ok,video,0.0,True,False,False,15.261974815557132,9.097961031241702,7.452517230713454,11.145064995207669
P12,NGEED,1,NAIK,F7,frontotemporal,kiri,12.174,13.107,1.333,0.933,ok,video,0.0,True,False,False,14.215255440156938,8.568477239015039,8.12580216955206,11.283229606573833
P12,NGEED,1,NAIK,T3,temporal,kiri,12.174,13.107,1.333,0.933,ok,video,0.0,True,False,False,15.372953746593744,8.146958283780378,7.55794894440432,11.271037225966246
P12,NGEED,1,NAIK,T5,temporo-posterior,kiri,12.174,13.107,1.333,0.933,ok,video,0.0,True,False,False,15.223613405075582,8.130575221822419,6.083549376266795,11.262438366176575
P12,NGEED,1,NAIK,Fp2,frontopolar,kanan,12.174,13.107,1.333,0.933,ok,video,0.0,True,False,False,11.0409662067254,8.877266950343625,11.21005780049504,8.725786075455623
P12,NGEED,1,NAIK,F4,frontal,kanan,12.174,13.107,1.333,0.933,ok,video,0.0,True,False,False,8.259795366083281,9.858003588057088,5.99663134516976,5.985410004461208
P12,NGEED,1,NAIK,C4,sentral,kanan,12.174,13.107,1.333,0.933,ok,video,0.0,True,False,False,8.843712387892765,11.31790797175006,6.572164132184113,6.911082255511282
P12,NGEED,1,NAIK,P4,parietal,kanan,12.174,13.107,1.333,0.933,ok,video,0.0,True,False,False,9.587926608214836,11.14123741232595,6.950209935828678,7.22355896636401
P12,NGEED,1,NAIK,O2,oksipital,kanan,12.174,13.107,1.333,0.933,ok,video,0.0,True,False,False,10.327552264323167,8.482207412687487,7.074410409953547,7.145522866984443
P12,NGEED,1,NAIK,F8,frontotemporal,kanan,12.174,13.107,1.333,0.933,ok,video,0.0,True,False,False,4.8937301004910125,10.275831182511581,6.9594854307112755,4.797562967013604
P12,NGEED,1,NAIK,T4,temporal,kanan,12.174,13.107,1.333,0.933,ok,video,0.0,True,False,False,6.1550259681108415,9.36993031594934,4.074181223137636,5.727521907930651
P12,NGEED,1,NAIK,T6,temporo-posterior,kanan,12.174,13.107,1.333,0.933,ok,video,0.0,True,False,False,8.218102289661644,9.708739361687961,8.159214423932017,6.621346646625447
P12,NGEED,1,POST,Fp1,frontopolar,kiri,13.807,15.307,1.5,1.5,ok,video,0.0,True,False,False,13.018735019606233,11.11294486413707,10.303741199872704,11.931464723674587
P12,NGEED,1,POST,F3,frontal,kiri,13.807,15.307,1.5,1.5,ok,video,0.0,True,False,False,13.143260805874014,9.761846011912496,9.942277505784258,11.995294025125375
P12,NGEED,1,POST,C3,sentral,kiri,13.807,15.307,1.5,1.5,ok,video,0.0,True,False,False,12.654622828418098,8.752556592218077,9.49365000411737,11.470559379026824
P12,NGEED,1,POST,P3,parietal,kiri,13.807,15.307,1.5,1.5,ok,video,0.0,True,False,False,12.26518464877946,8.40476829770217,8.375540646074665,11.388210946570396
P12,NGEED,1,POST,O1,oksipital,kiri,13.807,15.307,1.5,1.5,ok,video,0.0,True,False,False,11.968130532495216,9.72092258512646,8.7637995742474,10.66342600900716
P12,NGEED,1,POST,F7,frontotemporal,kiri,13.807,15.307,1.5,1.5,ok,video,0.0,True,False,False,11.747680936102505,10.81440163526591,9.661932217023093,10.341258164783362
P12,NGEED,1,POST,T3,temporal,kiri,13.807,15.307,1.5,1.5,ok,video,0.0,True,False,False,12.105335554345068,9.247316155697192,8.094273352417897,10.033947987708054
P12,NGEED,1,POST,T5,temporo-posterior,kiri,13.807,15.307,1.5,1.5,ok,video,0.0,True,False,False,13.17549403936954,9.168823159792822,9.915849214370795,12.079160734282496
P12,NGEED,1,POST,Fp2,frontopolar,kanan,13.807,15.307,1.5,1.5,ok,video,0.0,True,False,False,11.827256236308145,11.733601557724526,9.758994906364176,10.799973138749074
P12,NGEED,1,POST,F4,frontal,kanan,13.807,15.307,1.5,1.5,ok,video,0.0,True,False,False,9.933977166915888,8.409681715126219,9.57600885496366,8.646007850232884
P12,NGEED,1,POST,C4,sentral,kanan,13.807,15.307,1.5,1.5,ok,video,0.0,True,False,False,10.714942532857322,8.722223365624004,10.019848244215176,9.025372850573056
P12,NGEED,1,POST,P4,parietal,kanan,13.807,15.307,1.5,1.5,ok,video,0.0,True,False,False,10.852722298182059,8.806996247927827,10.365506287536146,9.175968863255996
P12,NGEED,1,POST,O2,oksipital,kanan,13.807,15.307,1.5,1.5,ok,video,0.0,True,False,False,11.66463972894313,7.517340614652014,9.107259581731523,9.189057248101562
P12,NGEED,1,POST,F8,frontotemporal,kanan,13.807,15.307,1.5,1.5,ok,video,0.0,True,False,False,7.179229493672466,7.642559136480955,8.146132345962869,5.5844879460838115
P12,NGEED,1,POST,T4,temporal,kanan,13.807,15.307,1.5,1.5,ok,video,0.0,True,False,False,5.577634405099744,5.409047361617851,7.729295742839035,4.710566265521571
P12,NGEED,1,POST,T6,temporo-posterior,kanan,13.807,15.307,1.5,1.5,ok,video,0.0,True,False,False,4.719779417485093,6.043830426491986,9.10712856497575,5.752419765420932
P12,NGEED,2,PRA,Fp1,frontopolar,kiri,13.238,15.238,2.0,2.0,ok,video,0.0,True,False,False,12.875673793950646,11.294265100416965,9.595151800906372,11.676591520880038
P12,NGEED,2,PRA,F3,frontal,kiri,13.238,15.238,2.0,2.0,ok,video,0.0,True,False,False,13.29876296368628,10.070803021925613,9.524199693334001,11.975337592630922
P12,NGEED,2,PRA,C3,sentral,kiri,13.238,15.238,2.0,2.0,ok,video,0.0,True,False,False,13.056659416807022,9.44057601570782,8.889291272160094,11.442879924389523
P12,NGEED,2,PRA,P3,parietal,kiri,13.238,15.238,2.0,2.0,ok,video,0.0,True,False,False,12.516930959812434,8.658634859134061,7.932603274728695,11.425040162731982
P12,NGEED,2,PRA,O1,oksipital,kiri,13.238,15.238,2.0,2.0,ok,video,0.0,True,False,False,12.558594163014696,9.659317068692843,8.39577573682535,10.872240417527792
P12,NGEED,2,PRA,F7,frontotemporal,kiri,13.238,15.238,2.0,2.0,ok,video,0.0,True,False,False,12.43599654978297,11.200211126324604,9.266458162662317,10.785202783077025
P12,NGEED,2,PRA,T3,temporal,kiri,13.238,15.238,2.0,2.0,ok,video,0.0,True,False,False,13.327813513929321,9.274238169450065,7.90587487335797,10.858998771574619
P12,NGEED,2,PRA,T5,temporo-posterior,kiri,13.238,15.238,2.0,2.0,ok,video,0.0,True,False,False,13.548415340586608,9.428406233766935,9.262455897268616,12.121404877257717
P12,NGEED,2,PRA,Fp2,frontopolar,kanan,13.238,15.238,2.0,2.0,ok,video,0.0,True,False,False,11.901502769506322,11.253409176286667,9.046120120970972,10.55024056389869
P12,NGEED,2,PRA,F4,frontal,kanan,13.238,15.238,2.0,2.0,ok,video,0.0,True,False,False,10.128143083335935,7.361510088783376,8.855503815457752,8.385413569635311
P12,NGEED,2,PRA,C4,sentral,kanan,13.238,15.238,2.0,2.0,ok,video,0.0,True,False,False,10.822843501062636,7.624331405762938,9.112071741698202,8.818505451707665
P12,NGEED,2,PRA,P4,parietal,kanan,13.238,15.238,2.0,2.0,ok,video,0.0,True,False,False,11.40220310155717,7.7855154996953,9.579190168462905,9.219249590117421
P12,NGEED,2,PRA,O2,oksipital,kanan,13.238,15.238,2.0,2.0,ok,video,0.0,True,False,False,11.82000354826949,6.918194137050797,8.510939082023622,8.634818461046926
P12,NGEED,2,PRA,F8,frontotemporal,kanan,13.238,15.238,2.0,2.0,ok,video,0.0,True,False,False,8.584419432636999,6.664437114288553,8.27612546223564,7.085171690150418
P12,NGEED,2,PRA,T4,temporal,kanan,13.238,15.238,2.0,2.0,ok,video,0.0,True,False,False,7.267019727256262,4.484100702711103,8.597064521754127,5.637751522203111
P12,NGEED,2,PRA,T6,temporo-posterior,kanan,13.238,15.238,2.0,2.0,ok,video,0.0,True,False,False,8.22529862421053,5.239166215025364,8.567775680575405,7.632592041509852
P12,NGEED,2,TURUN,Fp1,frontopolar,kiri,22.866,23.662,1.138,0.797,ok,video,0.0,True,False,False,10.257567033152057,7.361367142090643,6.45854778556231,6.3277661218704395
P12,NGEED,2,TURUN,F3,frontal,kiri,22.866,23.662,1.138,0.797,ok,video,0.0,True,False,False,11.050716582097046,4.088445274780781,3.6118077634550296,7.316347483658021
P12,NGEED,2,TURUN,C3,sentral,kiri,22.866,23.662,1.138,0.797,ok,video,0.0,True,False,False,11.113432597724518,3.264716599794916,3.6971190464982016,7.575742000961924
P12,NGEED,2,TURUN,P3,parietal,kiri,22.866,23.662,1.138,0.797,ok,video,0.0,True,False,False,11.84911640885948,4.052133757961954,3.375377641698247,8.534707576042486
P12,NGEED,2,TURUN,O1,oksipital,kiri,22.866,23.662,1.138,0.797,ok,video,0.0,True,False,False,11.085270940170275,3.640161197272988,4.123015585237724,9.070287627856857
P12,NGEED,2,TURUN,F7,frontotemporal,kiri,22.866,23.662,1.138,0.797,ok,video,0.0,True,False,False,13.032385803576709,4.039997038873054,2.6018791020283842,9.754444866204835
P12,NGEED,2,TURUN,T3,temporal,kiri,22.866,23.662,1.138,0.797,ok,video,0.0,True,False,False,12.102910222422942,3.6644718575209936,3.164468827606729,7.81264543882196
P12,NGEED,2,TURUN,T5,temporo-posterior,kiri,22.866,23.662,1.138,0.797,ok,video,0.0,True,False,False,12.202703636515906,4.181613371358978,3.020387630560027,8.23500072273135
P12,NGEED,2,TURUN,Fp2,frontopolar,kanan,22.866,23.662,1.138,0.797,ok,video,0.0,True,False,False,7.789275118528977,8.813566650796929,6.981012915933942,6.123313632553575
P12,NGEED,2,TURUN,F4,frontal,kanan,22.866,23.662,1.138,0.797,ok,video,0.0,True,False,False,7.280033952065381,4.056255680347135,5.396013320424252,3.8482701878169436
P12,NGEED,2,TURUN,C4,sentral,kanan,22.866,23.662,1.138,0.797,ok,video,0.0,True,False,False,8.05991592085288,6.210174123355415,7.080589516476593,5.142431592682279
P12,NGEED,2,TURUN,P4,parietal,kanan,22.866,23.662,1.138,0.797,ok,video,0.0,True,False,False,8.79579525362697,5.242191822475405,4.729454638231832,5.092719983018739
P12,NGEED,2,TURUN,O2,oksipital,kanan,22.866,23.662,1.138,0.797,ok,video,0.0,True,False,False,10.951375619173945,6.514051913560984,5.879471965765706,7.208237460702485
P12,NGEED,2,TURUN,F8,frontotemporal,kanan,22.866,23.662,1.138,0.797,ok,video,0.0,True,False,False,4.0369088429408535,3.728269672580403,8.192065730893148,2.6336522730008767
P12,NGEED,2,TURUN,T4,temporal,kanan,22.866,23.662,1.138,0.797,ok,video,0.0,True,False,False,4.503483308495952,5.532913450218132,4.984872838624447,3.307813760304157
P12,NGEED,2,TURUN,T6,temporo-posterior,kanan,22.866,23.662,1.138,0.797,ok,video,0.0,True,False,False,10.47885984507306,8.567632003568512,7.024086035656939,9.610594112654177
P12,NGEED,2,TAHAN,Fp1,frontopolar,kiri,24.083,26.916,3.333,2.833,ok,video,0.0,True,False,False,-0.6701605298515361,0.8068229277662482,-2.2947653686009453,0.0988363084682291
P12,NGEED,2,TAHAN,F3,frontal,kiri,24.083,26.916,3.333,2.833,ok,video,0.0,True,False,False,-2.2922220204621766,-0.7191716222705651,-4.276258888597297,-1.9124649982386472
P12,NGEED,2,TAHAN,C3,sentral,kiri,24.083,26.916,3.333,2.833,ok,video,0.0,True,False,False,-1.8726348248895377,-0.7647256943279004,-4.630280187945488,-1.8487730718139304
P12,NGEED,2,TAHAN,P3,parietal,kiri,24.083,26.916,3.333,2.833,ok,video,0.0,True,False,False,-1.4369472433323267,-0.2531725282007429,-4.272748430165176,-1.3763109126842537
P12,NGEED,2,TAHAN,O1,oksipital,kiri,24.083,26.916,3.333,2.833,ok,video,0.0,True,False,False,-1.4422162799915839,-0.19694161465724136,-4.487015479074181,-1.458754630335875
P12,NGEED,2,TAHAN,F7,frontotemporal,kiri,24.083,26.916,3.333,2.833,ok,video,0.0,True,False,False,2.573619317611147,1.8524592550439465,-1.8297494571811903,1.657818312201229
P12,NGEED,2,TAHAN,T3,temporal,kiri,24.083,26.916,3.333,2.833,ok,video,0.0,True,False,False,-1.5129559867549602,-1.2845659743597366,-4.930303103383377,-2.3015055497865404
P12,NGEED,2,TAHAN,T5,temporo-posterior,kiri,24.083,26.916,3.333,2.833,ok,video,0.0,True,False,False,-1.345759802762025,-0.43443586345834717,-4.547088437341511,-1.6746721073523432
P12,NGEED,2,TAHAN,Fp2,frontopolar,kanan,24.083,26.916,3.333,2.833,ok,video,0.0,True,False,False,-0.3447838877117704,1.9087849541515993,-2.119426527250994,0.2787881786480071
P12,NGEED,2,TAHAN,F4,frontal,kanan,24.083,26.916,3.333,2.833,ok,video,0.0,True,False,False,-1.1212629292993626,0.5246905217993714,-3.701539803075182,-0.9369808184889976
P12,NGEED,2,TAHAN,C4,sentral,kanan,24.083,26.916,3.333,2.833,ok,video,0.0,True,False,False,-0.30159732711334186,1.3129067786297384,-2.3530980576217573,0.05410638651164135
P12,NGEED,2,TAHAN,P4,parietal,kanan,24.083,26.916,3.333,2.833,ok,video,0.0,True,False,False,-0.6103843007916865,1.3634816523310462,-2.628369711878424,-0.6361515254844505
P12,NGEED,2,TAHAN,O2,oksipital,kanan,24.083,26.916,3.333,2.833,ok,video,0.0,True,False,False,0.44358126548036836,-0.10775501135666588,-4.867186056526467,-0.3406281226298802
P12,NGEED,2,TAHAN,F8,frontotemporal,kanan,24.083,26.916,3.333,2.833,ok,video,0.0,True,False,False,0.3851805112361646,1.2801234005275006,-2.6170449870019112,0.16129849578850042
P12,NGEED,2,TAHAN,T4,temporal,kanan,24.083,26.916,3.333,2.833,ok,video,0.0,True,False,False,-0.48884868719821384,1.511487158670512,-2.6609893997900684,-0.061157271149994585
P12,NGEED,2,TAHAN,T6,temporo-posterior,kanan,24.083,26.916,3.333,2.833,ok,video,0.0,True,False,False,1.0799821216371726,1.2670951918099433,-2.5811649699795645,-0.10497261655519452
P12,NGEED,2,NAIK,Fp1,frontopolar,kiri,27.276,27.792,0.736,0.515,ok,video,0.0,True,False,False,10.249568555057301,4.585996779917352,7.790232558379117,8.696129322532919
P12,NGEED,2,NAIK,F3,frontal,kiri,27.276,27.792,0.736,0.515,ok,video,0.0,True,False,False,11.124198449321462,5.443438705993117,6.961141449916635,8.495800471214544
P12,NGEED,2,NAIK,C3,sentral,kiri,27.276,27.792,0.736,0.515,ok,video,0.0,True,False,False,11.026711974337857,6.2168590085835405,7.544548153023882,8.018600368628789
P12,NGEED,2,NAIK,P3,parietal,kiri,27.276,27.792,0.736,0.515,ok,video,0.0,True,False,False,11.390790795975889,6.446677308669237,7.30643110193439,8.678787269477247
P12,NGEED,2,NAIK,O1,oksipital,kiri,27.276,27.792,0.736,0.515,ok,video,0.0,True,False,False,11.17862944737044,6.056095187097952,7.28589984816869,8.494082917917751
P12,NGEED,2,NAIK,F7,frontotemporal,kiri,27.276,27.792,0.736,0.515,ok,video,0.0,True,False,False,9.200875225355446,4.703477345104197,7.428552300282703,7.759625047748543
P12,NGEED,2,NAIK,T3,temporal,kiri,27.276,27.792,0.736,0.515,ok,video,0.0,True,False,False,10.020800330991953,6.2118963395168905,6.927875779481898,7.389229153353263
P12,NGEED,2,NAIK,T5,temporo-posterior,kiri,27.276,27.792,0.736,0.515,ok,video,0.0,True,False,False,10.876193557956611,5.466868157982887,7.901864665417008,8.18004456527381
P12,NGEED,2,NAIK,Fp2,frontopolar,kanan,27.276,27.792,0.736,0.515,ok,video,0.0,True,False,False,11.324720105375917,5.886871280313386,6.879252193086021,10.274989258593116
P12,NGEED,2,NAIK,F4,frontal,kanan,27.276,27.792,0.736,0.515,ok,video,0.0,True,False,False,9.679174635144093,0.8295152676789854,5.124515419114417,8.237684314019496
P12,NGEED,2,NAIK,C4,sentral,kanan,27.276,27.792,0.736,0.515,ok,video,0.0,True,False,False,8.383765774538432,-0.12813408046457653,4.481560897086119,7.000339939303885
P12,NGEED,2,NAIK,P4,parietal,kanan,27.276,27.792,0.736,0.515,ok,video,0.0,True,False,False,8.180159598780541,-0.4392505060574834,4.398018234877906,6.465779026052083
P12,NGEED,2,NAIK,O2,oksipital,kanan,27.276,27.792,0.736,0.515,ok,video,0.0,True,False,False,6.4299444836372714,1.5825265860981332,3.374313848351324,3.0296774800179875
P12,NGEED,2,NAIK,F8,frontotemporal,kanan,27.276,27.792,0.736,0.515,ok,video,0.0,True,False,False,6.91045318983479,0.718103086262694,2.6274849503957185,5.860208162633924
P12,NGEED,2,NAIK,T4,temporal,kanan,27.276,27.792,0.736,0.515,ok,video,0.0,True,False,False,8.802579132538781,3.329797888391326,3.4398999991290395,6.988508229246463
P12,NGEED,2,NAIK,T6,temporo-posterior,kanan,27.276,27.792,0.736,0.515,ok,video,0.0,True,False,False,6.513970123493415,6.6949736638466675,5.53427328759123,4.739876384718514
P12,NGEED,2,POST,Fp1,frontopolar,kiri,28.402,29.902,1.5,1.5,ok,video,0.0,True,False,False,7.657456631521946,4.752192756918788,5.5498439392349574,6.320226321548873
P12,NGEED,2,POST,F3,frontal,kiri,28.402,29.902,1.5,1.5,ok,video,0.0,True,False,False,6.016594626978545,2.57984914963739,5.86822659664217,5.1422353262183975
P12,NGEED,2,POST,C3,sentral,kiri,28.402,29.902,1.5,1.5,ok,video,0.0,True,False,False,6.237127257207412,2.1320715275158406,5.617209804938611,4.553852055949804
P12,NGEED,2,POST,P3,parietal,kiri,28.402,29.902,1.5,1.5,ok,video,0.0,True,False,False,6.417498352108765,2.3014846508107283,5.675543153816609,4.887144718238083
P12,NGEED,2,POST,O1,oksipital,kiri,28.402,29.902,1.5,1.5,ok,video,0.0,True,False,False,5.516014247152945,1.323373459656061,5.1396945629143715,3.863518781835559
P12,NGEED,2,POST,F7,frontotemporal,kiri,28.402,29.902,1.5,1.5,ok,video,0.0,True,False,False,7.901986919541137,4.28015853072138,5.802865152022079,7.360691273369881
P12,NGEED,2,POST,T3,temporal,kiri,28.402,29.902,1.5,1.5,ok,video,0.0,True,False,False,6.588206746097235,2.069859992492731,4.428772294075895,4.688021489705228
P12,NGEED,2,POST,T5,temporo-posterior,kiri,28.402,29.902,1.5,1.5,ok,video,0.0,True,False,False,6.972288128645317,2.4769426398578815,5.536542313013257,5.719384398139077
P12,NGEED,2,POST,Fp2,frontopolar,kanan,28.402,29.902,1.5,1.5,ok,video,0.0,True,False,False,7.951106414022846,5.7199489487166915,3.6767371036416954,6.9479673675725095
P12,NGEED,2,POST,F4,frontal,kanan,28.402,29.902,1.5,1.5,ok,video,0.0,True,False,False,6.876909923273111,2.689847444243462,2.5417121128435127,6.104047895587875
P12,NGEED,2,POST,C4,sentral,kanan,28.402,29.902,1.5,1.5,ok,video,0.0,True,False,False,6.841101479176359,3.5786122301709113,3.035032939133089,6.256744840784371
P12,NGEED,2,POST,P4,parietal,kanan,28.402,29.902,1.5,1.5,ok,video,0.0,True,False,False,7.013151601228152,2.9876870382554728,2.840092986637355,6.466574352866729
P12,NGEED,2,POST,O2,oksipital,kanan,28.402,29.902,1.5,1.5,ok,video,0.0,True,False,False,5.879206168221202,1.9600746792835224,2.080980989402672,6.5874211278539505
P12,NGEED,2,POST,F8,frontotemporal,kanan,28.402,29.902,1.5,1.5,ok,video,0.0,True,False,False,5.1973003759359315,5.436600075029631,4.200535481871746,5.054576016323814
P12,NGEED,2,POST,T4,temporal,kanan,28.402,29.902,1.5,1.5,ok,video,0.0,True,False,False,6.731936612865468,5.55261960504469,4.613453428059877,5.528420112957669
P12,NGEED,2,POST,T6,temporo-posterior,kanan,28.402,29.902,1.5,1.5,ok,video,0.0,True,False,False,3.321469395108714,1.883324464676278,2.993493307503197,2.850637093671061
P12,AGEM KANAN,1,PRA,Fp1,frontopolar,kiri,36.373,38.373,2.0,2.0,ok,video,0.0,True,False,False,2.8767418068928876,2.7187786708553077,5.292230842812966,3.951408814811856
P12,AGEM KANAN,1,PRA,F3,frontal,kiri,36.373,38.373,2.0,2.0,ok,video,0.0,True,False,False,0.5885627477180932,1.1924647138817122,5.061886216651796,1.61256181716265
P12,AGEM KANAN,1,PRA,C3,sentral,kiri,36.373,38.373,2.0,2.0,ok,video,0.0,True,False,False,0.9145482839041748,1.532162563872859,5.017849055402451,1.5268012065937882
P12,AGEM KANAN,1,PRA,P3,parietal,kiri,36.373,38.373,2.0,2.0,ok,video,0.0,True,False,False,0.6675920360124792,3.3461043985769123,5.4898873633836125,1.9028309581347216
P12,AGEM KANAN,1,PRA,O1,oksipital,kiri,36.373,38.373,2.0,2.0,ok,video,0.0,True,False,False,0.38391564255154265,2.376521709797295,4.893168631249935,0.9748175284401555
P12,AGEM KANAN,1,PRA,F7,frontotemporal,kiri,36.373,38.373,2.0,2.0,ok,video,0.0,True,False,False,2.655137420556656,3.624946643908828,3.3910793414751197,4.100218571862911
P12,AGEM KANAN,1,PRA,T3,temporal,kiri,36.373,38.373,2.0,2.0,ok,video,0.0,True,False,False,0.37623122501241824,2.8182237079507715,2.7048823520225476,0.6155969160816355
P12,AGEM KANAN,1,PRA,T5,temporo-posterior,kiri,36.373,38.373,2.0,2.0,ok,video,0.0,True,False,False,0.3481754787530278,1.5090411587363022,4.9638498814431316,1.4269008177227605
P12,AGEM KANAN,1,PRA,Fp2,frontopolar,kanan,36.373,38.373,2.0,2.0,ok,video,0.0,True,False,False,3.43872170999137,5.300819502911153,4.472760238699546,4.992467100370028
P12,AGEM KANAN,1,PRA,F4,frontal,kanan,36.373,38.373,2.0,2.0,ok,video,0.0,True,False,False,-0.6809399168435206,3.1813712117550423,4.028708079064579,1.0079837863570589
P12,AGEM KANAN,1,PRA,C4,sentral,kanan,36.373,38.373,2.0,2.0,ok,video,0.0,True,False,False,-3.5617022911502474,2.526088298686723,3.136302301248847,-0.5535454777363071
P12,AGEM KANAN,1,PRA,P4,parietal,kanan,36.373,38.373,2.0,2.0,ok,video,0.0,True,False,False,-1.9976240815453892,1.654563225707193,2.9378653548187224,-0.9659864426164688
P12,AGEM KANAN,1,PRA,O2,oksipital,kanan,36.373,38.373,2.0,2.0,ok,video,0.0,True,False,False,-2.6616105877282905,0.13412531340056688,1.6123114559301932,-2.992176034861423
P12,AGEM KANAN,1,PRA,F8,frontotemporal,kanan,36.373,38.373,2.0,2.0,ok,video,0.0,True,False,False,-2.9832564385566727,1.5730993395858945,2.94592127264076,-0.6148178292737043
P12,AGEM KANAN,1,PRA,T4,temporal,kanan,36.373,38.373,2.0,2.0,ok,video,0.0,True,False,False,-1.2246418022425587,2.166669694535159,2.7625737184872534,1.6667514197509306
P12,AGEM KANAN,1,PRA,T6,temporo-posterior,kanan,36.373,38.373,2.0,2.0,ok,video,0.0,True,False,False,-5.856881146854839,-2.6594546139528603,0.8572098991652872,-3.0462764043301362
P12,AGEM KANAN,1,TURUN,Fp1,frontopolar,kiri,39.374,40.357,1.403,0.982,ok,video,0.0,True,False,False,11.014646282908835,13.702291782181028,8.738466790516512,9.652240735983781
P12,AGEM KANAN,1,TURUN,F3,frontal,kiri,39.374,40.357,1.403,0.982,ok,video,0.0,True,False,False,10.798278207223198,12.889929011136836,7.204973060478661,9.679986299896129
P12,AGEM KANAN,1,TURUN,C3,sentral,kiri,39.374,40.357,1.403,0.982,ok,video,0.0,True,False,False,10.409409722259653,12.76150170996749,8.077595883648911,9.787141498621892
P12,AGEM KANAN,1,TURUN,P3,parietal,kiri,39.374,40.357,1.403,0.982,ok,video,0.0,True,False,False,11.235658923889588,12.809974787915458,8.125240858030484,10.423977019341727
P12,AGEM KANAN,1,TURUN,O1,oksipital,kiri,39.374,40.357,1.403,0.982,ok,video,0.0,True,False,False,10.341920366543732,13.51518419847907,8.253051478240721,10.65070511302131
P12,AGEM KANAN,1,TURUN,F7,frontotemporal,kiri,39.374,40.357,1.403,0.982,ok,video,0.0,True,False,False,10.053212342420935,14.093918508534813,6.797330173952865,9.670379103883008
P12,AGEM KANAN,1,TURUN,T3,temporal,kiri,39.374,40.357,1.403,0.982,ok,video,0.0,True,False,False,10.354072928237535,14.272347901947725,8.069311410926144,9.185806995055891
P12,AGEM KANAN,1,TURUN,T5,temporo-posterior,kiri,39.374,40.357,1.403,0.982,ok,video,0.0,True,False,False,10.838444347960348,13.087309212442399,7.868707337141771,9.745520710477003
P12,AGEM KANAN,1,TURUN,Fp2,frontopolar,kanan,39.374,40.357,1.403,0.982,ok,video,0.0,True,False,False,8.001756882652806,12.484072719812055,8.25080681730481,7.093449188190839
P12,AGEM KANAN,1,TURUN,F4,frontal,kanan,39.374,40.357,1.403,0.982,ok,video,0.0,True,False,False,7.251536116714625,10.08866722218717,8.023658383806321,6.741292474915376
P12,AGEM KANAN,1,TURUN,C4,sentral,kanan,39.374,40.357,1.403,0.982,ok,video,0.0,True,False,False,7.672476487914672,11.162358326241957,8.804458284039832,7.3415642100315
P12,AGEM KANAN,1,TURUN,P4,parietal,kanan,39.374,40.357,1.403,0.982,ok,video,0.0,True,False,False,7.6359196393427595,10.650377401000412,8.962861144496497,6.7947132418888145
P12,AGEM KANAN,1,TURUN,O2,oksipital,kanan,39.374,40.357,1.403,0.982,ok,video,0.0,True,False,False,9.278676881038137,9.998032322361894,9.373204739628871,6.85915008825512
P12,AGEM KANAN,1,TURUN,F8,frontotemporal,kanan,39.374,40.357,1.403,0.982,ok,video,0.0,True,False,False,6.212049124260723,8.476441143627397,8.215277189931584,6.100223824728445
P12,AGEM KANAN,1,TURUN,T4,temporal,kanan,39.374,40.357,1.403,0.982,ok,video,0.0,True,False,False,7.824911182063396,11.552210550107873,9.347744220697521,7.335633571628243
P12,AGEM KANAN,1,TURUN,T6,temporo-posterior,kanan,39.374,40.357,1.403,0.982,ok,video,0.0,True,False,False,7.07561423477069,11.814935330623364,10.068871962001044,6.541166910260891
P12,AGEM KANAN,1,TAHAN,Fp1,frontopolar,kiri,40.817,42.914,2.597,2.097,ok,video,0.0,True,False,False,0.8762864887474038,0.9300783620885156,1.4611191762254947,1.3952871876617579
P12,AGEM KANAN,1,TAHAN,F3,frontal,kiri,40.817,42.914,2.597,2.097,ok,video,0.0,True,False,False,2.736146627359439,1.243646521890021,0.8522257339822126,2.302568952841767
P12,AGEM KANAN,1,TAHAN,C3,sentral,kiri,40.817,42.914,2.597,2.097,ok,video,0.0,True,False,False,2.7716862594230847,1.6586094850101176,0.8729681246088816,2.2344282591051794
P12,AGEM KANAN,1,TAHAN,P3,parietal,kiri,40.817,42.914,2.597,2.097,ok,video,0.0,True,False,False,2.5248973965588988,1.1408904064186913,0.6663189653771902,2.087449459492362
P12,AGEM KANAN,1,TAHAN,O1,oksipital,kiri,40.817,42.914,2.597,2.097,ok,video,0.0,True,False,False,4.170133220591445,3.4141134201875403,1.5386805614741306,3.509528633753071
P12,AGEM KANAN,1,TAHAN,F7,frontotemporal,kiri,40.817,42.914,2.597,2.097,ok,video,0.0,True,False,False,2.786191602573666,3.673708225132785,1.2607235737596056,2.9428362678606703
P12,AGEM KANAN,1,TAHAN,T3,temporal,kiri,40.817,42.914,2.597,2.097,ok,video,0.0,True,False,False,2.6054278499581827,2.4151362271150703,0.8239695473915454,1.3859660567744143
P12,AGEM KANAN,1,TAHAN,T5,temporo-posterior,kiri,40.817,42.914,2.597,2.097,ok,video,0.0,True,False,False,1.7715945073086772,0.6035913455141326,0.6365933962099604,1.168842269366145
P12,AGEM KANAN,1,TAHAN,Fp2,frontopolar,kanan,40.817,42.914,2.597,2.097,ok,video,0.0,True,False,False,-0.5415736096743515,3.596096894359661,1.8878152661077898,-0.26772730060557137
P12,AGEM KANAN,1,TAHAN,F4,frontal,kanan,40.817,42.914,2.597,2.097,ok,video,0.0,True,False,False,5.6713033288010735,2.8528666616704825,4.911889347685687,3.6332547347380455
P12,AGEM KANAN,1,TAHAN,C4,sentral,kanan,40.817,42.914,2.597,2.097,ok,video,0.0,True,False,False,4.304299311162424,2.148148083295567,3.2877853847560132,2.09665876655216
P12,AGEM KANAN,1,TAHAN,P4,parietal,kanan,40.817,42.914,2.597,2.097,ok,video,0.0,True,False,False,5.194784882137036,2.6832471628391446,4.0943704728240355,2.7417692147617885
P12,AGEM KANAN,1,TAHAN,O2,oksipital,kanan,40.817,42.914,2.597,2.097,ok,video,0.0,True,False,False,1.3393554754518107,1.2277150771886909,2.226114700655973,0.7781914559910348
P12,AGEM KANAN,1,TAHAN,F8,frontotemporal,kanan,40.817,42.914,2.597,2.097,ok,video,0.0,True,False,False,3.1064299506681152,3.631864289686689,5.18896235000895,2.638739206285315
P12,AGEM KANAN,1,TAHAN,T4,temporal,kanan,40.817,42.914,2.597,2.097,ok,video,0.0,True,False,False,3.6224414754900707,7.610689533835746,6.277827318128757,3.703661610476317
P12,AGEM KANAN,1,TAHAN,T6,temporo-posterior,kanan,40.817,42.914,2.597,2.097,ok,video,0.0,True,False,False,4.896428181585087,6.240742634918448,5.36050620708971,3.4791191132904657
P12,AGEM KANAN,1,NAIK,Fp1,frontopolar,kiri,43.235,43.565,0.472,0.33,ok,video,0.0,True,False,False,4.464422833299011,13.308684344933177,15.27156220086497,8.160892228392456
P12,AGEM KANAN,1,NAIK,F3,frontal,kiri,43.235,43.565,0.472,0.33,ok,video,0.0,True,False,False,8.52212093522158,14.66257446547155,15.568207802451607,10.46684821306728
P12,AGEM KANAN,1,NAIK,C3,sentral,kiri,43.235,43.565,0.472,0.33,ok,video,0.0,True,False,False,7.98553928101942,12.523250541880074,16.333525540035254,9.665547508857102
P12,AGEM KANAN,1,NAIK,P3,parietal,kiri,43.235,43.565,0.472,0.33,ok,video,0.0,True,False,False,9.558681813774882,13.908675653538708,16.54944263837081,10.586945205906979
P12,AGEM KANAN,1,NAIK,O1,oksipital,kiri,43.235,43.565,0.472,0.33,ok,video,0.0,True,False,False,7.621216329720198,12.43489240904676,13.88743696931627,8.711704708372189
P12,AGEM KANAN,1,NAIK,F7,frontotemporal,kiri,43.235,43.565,0.472,0.33,ok,video,0.0,True,False,False,4.9486141524398235,15.229606551283489,15.776324570520785,9.94550783051612
P12,AGEM KANAN,1,NAIK,T3,temporal,kiri,43.235,43.565,0.472,0.33,ok,video,0.0,True,False,False,4.60510146800771,14.480343508315357,16.99608252529031,9.147024381535324
P12,AGEM KANAN,1,NAIK,T5,temporo-posterior,kiri,43.235,43.565,0.472,0.33,ok,video,0.0,True,False,False,6.133697407007617,14.60969692493741,16.01953887061967,9.719077045854341
P12,AGEM KANAN,1,NAIK,Fp2,frontopolar,kanan,43.235,43.565,0.472,0.33,ok,video,0.0,True,False,False,1.8741605643721329,12.654139968021035,15.492808761485396,7.324187891419086
P12,AGEM KANAN,1,NAIK,F4,frontal,kanan,43.235,43.565,0.472,0.33,ok,video,0.0,True,False,False,3.229067639766221,13.138613894840198,13.494059055815747,7.974234662599194
P12,AGEM KANAN,1,NAIK,C4,sentral,kanan,43.235,43.565,0.472,0.33,ok,video,0.0,True,False,False,3.2892933372597497,12.553900655252534,13.980047071417943,7.954512253145893
P12,AGEM KANAN,1,NAIK,P4,parietal,kanan,43.235,43.565,0.472,0.33,ok,video,0.0,True,False,False,4.0885007840539345,14.17463626789472,14.942827327693646,8.896613476983973
P12,AGEM KANAN,1,NAIK,O2,oksipital,kanan,43.235,43.565,0.472,0.33,ok,video,0.0,True,False,False,5.544163080492666,14.529471986588575,14.673107654962497,9.456082675127142
P12,AGEM KANAN,1,NAIK,F8,frontotemporal,kanan,43.235,43.565,0.472,0.33,ok,video,0.0,True,False,False,-0.7989336777593579,9.311929407139537,12.13608458555725,4.488234333565281
P12,AGEM KANAN,1,NAIK,T4,temporal,kanan,43.235,43.565,0.472,0.33,ok,video,0.0,True,False,False,9.494969413948631,15.026315226534912,17.613487151052908,12.047736603390241
P12,AGEM KANAN,1,NAIK,T6,temporo-posterior,kanan,43.235,43.565,0.472,0.33,ok,video,0.0,True,False,False,4.0055438521680315,12.787176430093808,14.820339042084424,6.999524350732514
P12,AGEM KANAN,1,POST,Fp1,frontopolar,kiri,44.136,45.636,1.5,1.5,ok,video,0.0,True,False,False,5.628803174676911,3.984314995093712,3.9362825616423542,5.225669360822813
P12,AGEM KANAN,1,POST,F3,frontal,kiri,44.136,45.636,1.5,1.5,ok,video,0.0,True,False,False,4.347613045487428,2.330279061690021,4.129367108770051,2.8531352560057854
P12,AGEM KANAN,1,POST,C3,sentral,kiri,44.136,45.636,1.5,1.5,ok,video,0.0,True,False,False,4.352691617162741,1.9118593673527187,3.5402591365952176,2.7783888721244665
P12,AGEM KANAN,1,POST,P3,parietal,kiri,44.136,45.636,1.5,1.5,ok,video,0.0,True,False,False,3.314840619385066,1.2953727939743587,2.4166450860336575,1.789584063792212
P12,AGEM KANAN,1,POST,O1,oksipital,kiri,44.136,45.636,1.5,1.5,ok,video,0.0,True,False,False,4.417696029930227,2.5082654259762833,4.190250985984683,3.3432652233457674
P12,AGEM KANAN,1,POST,F7,frontotemporal,kiri,44.136,45.636,1.5,1.5,ok,video,0.0,True,False,False,3.970569409555395,3.468775069267309,3.772962324084318,5.832039905925981
P12,AGEM KANAN,1,POST,T3,temporal,kiri,44.136,45.636,1.5,1.5,ok,video,0.0,True,False,False,3.5738922471408685,3.4799268181783276,2.986561100924323,4.632310073206924
P12,AGEM KANAN,1,POST,T5,temporo-posterior,kiri,44.136,45.636,1.5,1.5,ok,video,0.0,True,False,False,3.7804079020326853,2.041323499704177,3.2269265042763173,2.307096836620758
P12,AGEM KANAN,1,POST,Fp2,frontopolar,kanan,44.136,45.636,1.5,1.5,ok,video,0.0,True,False,False,5.084339121573173,4.976033475056788,5.080530028040119,7.077852026385855
P12,AGEM KANAN,1,POST,F4,frontal,kanan,44.136,45.636,1.5,1.5,ok,video,0.0,True,False,False,4.574549279089062,2.43989615413183,3.456926595531584,4.669366176693309
P12,AGEM KANAN,1,POST,C4,sentral,kanan,44.136,45.636,1.5,1.5,ok,video,0.0,True,False,False,4.49127805205098,3.4164829370539493,2.162597837726878,5.777349283438561
P12,AGEM KANAN,1,POST,P4,parietal,kanan,44.136,45.636,1.5,1.5,ok,video,0.0,True,False,False,5.5658848166435035,4.4781119323707514,2.620506257881278,5.929564638004969
P12,AGEM KANAN,1,POST,O2,oksipital,kanan,44.136,45.636,1.5,1.5,ok,video,0.0,True,False,False,7.504514869710775,5.9029835004876645,3.1771171148900983,7.401169417467308
P12,AGEM KANAN,1,POST,F8,frontotemporal,kanan,44.136,45.636,1.5,1.5,ok,video,0.0,True,False,False,8.921453177219014,5.089887794989259,3.917305377563686,7.670562706215009
P12,AGEM KANAN,1,POST,T4,temporal,kanan,44.136,45.636,1.5,1.5,ok,video,0.0,True,False,False,0.8009711787764004,3.7001835824108156,3.0860920619160765,2.208089044771107
P12,AGEM KANAN,1,POST,T6,temporo-posterior,kanan,44.136,45.636,1.5,1.5,ok,video,0.0,True,False,False,4.81390496897545,4.1879284024463885,3.540980263619584,4.463697722353395
P12,AGEM KANAN,2,PRA,Fp1,frontopolar,kiri,46.038,48.038,2.0,2.0,ok,video,0.0,True,False,False,5.855510556475288,3.1135736057692256,6.474592085479841,5.467480991254959
P12,AGEM KANAN,2,PRA,F3,frontal,kiri,46.038,48.038,2.0,2.0,ok,video,0.0,True,False,False,5.7967191082533205,3.1606843296522413,6.579192904596535,6.308632105571341
P12,AGEM KANAN,2,PRA,C3,sentral,kiri,46.038,48.038,2.0,2.0,ok,video,0.0,True,False,False,6.070018204391381,3.148777605195093,6.263864486819195,6.641732140055389
P12,AGEM KANAN,2,PRA,P3,parietal,kiri,46.038,48.038,2.0,2.0,ok,video,0.0,True,False,False,6.078705057910788,2.792309484725088,7.046158811181559,6.537754100183982
P12,AGEM KANAN,2,PRA,O1,oksipital,kiri,46.038,48.038,2.0,2.0,ok,video,0.0,True,False,False,5.241362624081361,3.0220222307511975,5.474973643435739,6.620270709962163
P12,AGEM KANAN,2,PRA,F7,frontotemporal,kiri,46.038,48.038,2.0,2.0,ok,video,0.0,True,False,False,6.5256715379353025,3.3239256414366096,5.391964963693326,6.292479720120994
P12,AGEM KANAN,2,PRA,T3,temporal,kiri,46.038,48.038,2.0,2.0,ok,video,0.0,True,False,False,4.53966383382344,1.4268427264495642,5.068099442032089,3.5882584173233596
P12,AGEM KANAN,2,PRA,T5,temporo-posterior,kiri,46.038,48.038,2.0,2.0,ok,video,0.0,True,False,False,6.262992953155695,3.003231196457783,7.265279683252004,6.344802492924934
P12,AGEM KANAN,2,PRA,Fp2,frontopolar,kanan,46.038,48.038,2.0,2.0,ok,video,0.0,True,False,False,3.4366508743793602,3.256753205612796,4.9549457731632565,3.387344896059979
P12,AGEM KANAN,2,PRA,F4,frontal,kanan,46.038,48.038,2.0,2.0,ok,video,0.0,True,False,False,2.351275443261578,4.100926413934488,4.160090173748365,2.8386758495998805
P12,AGEM KANAN,2,PRA,C4,sentral,kanan,46.038,48.038,2.0,2.0,ok,video,0.0,True,False,False,4.124364372928397,4.334197924131395,3.87612430009645,4.221387278086063
P12,AGEM KANAN,2,PRA,P4,parietal,kanan,46.038,48.038,2.0,2.0,ok,video,0.0,True,False,False,4.3243217995937115,4.036835341526277,4.730989569078506,3.9299807765694013
P12,AGEM KANAN,2,PRA,O2,oksipital,kanan,46.038,48.038,2.0,2.0,ok,video,0.0,True,False,False,5.418527578256445,3.1956479268986584,4.553973805464455,3.820248851706232
P12,AGEM KANAN,2,PRA,F8,frontotemporal,kanan,46.038,48.038,2.0,2.0,ok,video,0.0,True,False,False,6.3683862813849785,6.79376898043482,7.497005635403028,6.421662581420691
P12,AGEM KANAN,2,PRA,T4,temporal,kanan,46.038,48.038,2.0,2.0,ok,video,0.0,True,False,False,2.6346695329700225,1.6008674244525807,4.726186224049137,2.740250731627661
P12,AGEM KANAN,2,PRA,T6,temporo-posterior,kanan,46.038,48.038,2.0,2.0,ok,video,0.0,True,False,False,4.46749999476927,4.511462996878777,5.353225034818482,4.835210630914908
P12,AGEM KANAN,2,TURUN,Fp1,frontopolar,kiri,54.52,55.22,1.0,0.7,ok,video,0.0,True,False,False,11.488680036041906,4.0880808399565325,10.180321526018297,14.500289920573408
P12,AGEM KANAN,2,TURUN,F3,frontal,kiri,54.52,55.22,1.0,0.7,ok,video,0.0,True,False,False,11.24830006355269,4.666806672112479,8.39769284459923,14.460056279015632
P12,AGEM KANAN,2,TURUN,C3,sentral,kiri,54.52,55.22,1.0,0.7,ok,video,0.0,True,False,False,10.82926557456787,3.7254500059430953,8.283432015878041,14.101937052893916
P12,AGEM KANAN,2,TURUN,P3,parietal,kiri,54.52,55.22,1.0,0.7,ok,video,0.0,True,False,False,11.326804493551087,4.354421551141961,8.135867966718603,14.640388790218054
P12,AGEM KANAN,2,TURUN,O1,oksipital,kiri,54.52,55.22,1.0,0.7,ok,video,0.0,True,False,False,10.28017614937275,3.278455600110348,7.2263486692118875,13.928242233273934
P12,AGEM KANAN,2,TURUN,F7,frontotemporal,kiri,54.52,55.22,1.0,0.7,ok,video,0.0,True,False,False,8.208209119109412,4.530276325743529,3.4421653201101563,11.191032536795788
P12,AGEM KANAN,2,TURUN,T3,temporal,kiri,54.52,55.22,1.0,0.7,ok,video,0.0,True,False,False,10.286820834340219,3.8137799736085256,7.959716250060939,13.199866233211935
P12,AGEM KANAN,2,TURUN,T5,temporo-posterior,kiri,54.52,55.22,1.0,0.7,ok,video,0.0,True,False,False,11.374512795952853,4.541971116808973,8.488956607476709,14.291127020204385
P12,AGEM KANAN,2,TURUN,Fp2,frontopolar,kanan,54.52,55.22,1.0,0.7,ok,video,0.0,True,False,False,7.677567493721952,5.909965592662985,8.408511693887807,11.925603514188644
P12,AGEM KANAN,2,TURUN,F4,frontal,kanan,54.52,55.22,1.0,0.7,ok,video,0.0,True,False,False,6.173291276607948,7.084821916473956,6.255885292169594,4.808917445267582
P12,AGEM KANAN,2,TURUN,C4,sentral,kanan,54.52,55.22,1.0,0.7,ok,video,0.0,True,False,False,6.5690710061286595,7.801896271698936,7.848103129732785,5.665347314560655
P12,AGEM KANAN,2,TURUN,P4,parietal,kanan,54.52,55.22,1.0,0.7,ok,video,0.0,True,False,False,8.060919212107905,8.413638224493852,8.371207953663724,5.777475910471438
P12,AGEM KANAN,2,TURUN,O2,oksipital,kanan,54.52,55.22,1.0,0.7,ok,video,0.0,True,False,False,8.347032296447445,7.160212450888551,7.433466149158971,5.326723897084101
P12,AGEM KANAN,2,TURUN,F8,frontotemporal,kanan,54.52,55.22,1.0,0.7,ok,video,0.0,True,False,False,9.412564777197538,9.81326848966409,9.129091101915279,9.447071295470288
P12,AGEM KANAN,2,TURUN,T4,temporal,kanan,54.52,55.22,1.0,0.7,ok,video,0.0,True,False,False,8.124474481354298,7.797878369334569,13.336406520683362,8.441800157041556
P12,AGEM KANAN,2,TURUN,T6,temporo-posterior,kanan,54.52,55.22,1.0,0.7,ok,video,0.0,True,False,False,7.841027907937935,6.959146478229641,9.449932042688804,8.777114866302107
P12,AGEM KANAN,2,TAHAN,Fp1,frontopolar,kiri,55.62,59.12,4.0,3.5,ok,video,0.0,True,False,False,0.5405579176347857,0.10794218028180325,1.4166869815717682,-0.19574205910250697
P12,AGEM KANAN,2,TAHAN,F3,frontal,kiri,55.62,59.12,4.0,3.5,ok,video,0.0,True,False,False,-1.1225528888584577,-1.0487434021745017,-1.684106987648267,-0.9099444940852166
P12,AGEM KANAN,2,TAHAN,C3,sentral,kiri,55.62,59.12,4.0,3.5,ok,video,0.0,True,False,False,-0.8900049496384526,-1.0775176596480875,-0.9783311776251757,-0.6086925544530857
P12,AGEM KANAN,2,TAHAN,P3,parietal,kiri,55.62,59.12,4.0,3.5,ok,video,0.0,True,False,False,-0.9921331718066853,-1.1930994224788165,-0.9044827473323132,-0.45620724209165786
P12,AGEM KANAN,2,TAHAN,O1,oksipital,kiri,55.62,59.12,4.0,3.5,ok,video,0.0,True,False,False,0.13087111840079046,0.1392669709708798,-0.5935104790011678,0.8927523129083497
P12,AGEM KANAN,2,TAHAN,F7,frontotemporal,kiri,55.62,59.12,4.0,3.5,ok,video,0.0,True,False,False,1.8989529136164691,0.08790106738905479,1.0766901470761852,1.9586356411478079
P12,AGEM KANAN,2,TAHAN,T3,temporal,kiri,55.62,59.12,4.0,3.5,ok,video,0.0,True,False,False,-1.2878301646832426,-1.4307748047602047,-0.7882014567055684,-1.5984016951947382
P12,AGEM KANAN,2,TAHAN,T5,temporo-posterior,kiri,55.62,59.12,4.0,3.5,ok,video,0.0,True,False,False,-2.060690064999953,-2.1366068795674806,-2.3997516237240717,-1.6730568988138472
P12,AGEM KANAN,2,TAHAN,Fp2,frontopolar,kanan,55.62,59.12,4.0,3.5,ok,video,0.0,True,False,False,-1.268368733759182,-0.08549189172897087,2.033341645614545,-1.9991100484014908
P12,AGEM KANAN,2,TAHAN,F4,frontal,kanan,55.62,59.12,4.0,3.5,ok,video,0.0,True,False,False,-0.5012135863703477,3.331927774201091,2.20660425611441,-0.06285686129269408
P12,AGEM KANAN,2,TAHAN,C4,sentral,kanan,55.62,59.12,4.0,3.5,ok,video,0.0,True,False,False,-0.889418152305474,3.959223045255129,2.419304257898304,0.15700508250559153
P12,AGEM KANAN,2,TAHAN,P4,parietal,kanan,55.62,59.12,4.0,3.5,ok,video,0.0,True,False,False,0.8684397893270273,5.318267486181561,2.148927557706376,0.8101999688066996
P12,AGEM KANAN,2,TAHAN,O2,oksipital,kanan,55.62,59.12,4.0,3.5,ok,video,0.0,True,False,False,-1.6586803144801294,1.469238004851185,1.009541953656477,-1.5732638528031586
P12,AGEM KANAN,2,TAHAN,F8,frontotemporal,kanan,55.62,59.12,4.0,3.5,ok,video,0.0,True,False,False,0.08101601043894391,3.980300869618482,3.1818995684157017,0.8569521712477055
P12,AGEM KANAN,2,TAHAN,T4,temporal,kanan,55.62,59.12,4.0,3.5,ok,video,0.0,True,False,False,4.560955267718015,7.861300809905941,5.418224159640019,3.321486847436404
P12,AGEM KANAN,2,TAHAN,T6,temporo-posterior,kanan,55.62,59.12,4.0,3.5,ok,video,0.0,True,False,False,-0.3953229228916797,1.9400935552063174,3.4321808702718037,-0.28625316400196965
P12,AGEM KANAN,2,NAIK,Fp1,frontopolar,kiri,59.47,59.936,0.666,0.466,ok,video,0.0,True,False,False,16.25440643661971,12.70640660033132,13.502578171098484,13.512258886399607
P12,AGEM KANAN,2,NAIK,F3,frontal,kiri,59.47,59.936,0.666,0.466,ok,video,0.0,True,False,False,17.456516301397777,14.252318236664507,14.021874133734809,14.623255912044385
P12,AGEM KANAN,2,NAIK,C3,sentral,kiri,59.47,59.936,0.666,0.466,ok,video,0.0,True,False,False,17.404576852184626,12.196144300934094,13.929280770076183,14.161176189183578
P12,AGEM KANAN,2,NAIK,P3,parietal,kiri,59.47,59.936,0.666,0.466,ok,video,0.0,True,False,False,17.314643089994135,13.690762579525718,14.652339253250336,14.385755772691375
P12,AGEM KANAN,2,NAIK,O1,oksipital,kiri,59.47,59.936,0.666,0.466,ok,video,0.0,True,False,False,16.274615907819516,11.555435986478642,14.46543066475654,13.586265645243763
P12,AGEM KANAN,2,NAIK,F7,frontotemporal,kiri,59.47,59.936,0.666,0.466,ok,video,0.0,True,False,False,9.276304163070705,11.193042499127472,8.602022155875183,9.45839599662984
P12,AGEM KANAN,2,NAIK,T3,temporal,kiri,59.47,59.936,0.666,0.466,ok,video,0.0,True,False,False,11.705834982225497,14.712230947312413,13.752724389067442,11.9098352865865
P12,AGEM KANAN,2,NAIK,T5,temporo-posterior,kiri,59.47,59.936,0.666,0.466,ok,video,0.0,True,False,False,16.46842025523854,14.703834623166465,14.222404576094966,14.108787606595037
P12,AGEM KANAN,2,NAIK,Fp2,frontopolar,kanan,59.47,59.936,0.666,0.466,ok,video,0.0,True,False,False,12.210037253758117,12.54772596611896,13.802802309901498,12.97612592492279
P12,AGEM KANAN,2,NAIK,F4,frontal,kanan,59.47,59.936,0.666,0.466,ok,video,0.0,True,False,False,13.583594794932445,14.101651576762897,9.892358746707494,13.155337167614796
P12,AGEM KANAN,2,NAIK,C4,sentral,kanan,59.47,59.936,0.666,0.466,ok,video,0.0,True,False,False,12.419596345260622,14.778530558665814,10.057363964631001,11.968977811873579
P12,AGEM KANAN,2,NAIK,P4,parietal,kanan,59.47,59.936,0.666,0.466,ok,video,0.0,True,False,False,9.249455594406037,14.321951220981632,8.502886260807788,10.215794590321309
P12,AGEM KANAN,2,NAIK,O2,oksipital,kanan,59.47,59.936,0.666,0.466,ok,video,0.0,True,False,False,9.05026456338802,14.016119966706086,11.18207822758254,9.866027059062617
P12,AGEM KANAN,2,NAIK,F8,frontotemporal,kanan,59.47,59.936,0.666,0.466,ok,video,0.0,True,False,False,8.38654976504187,10.358648931972716,7.878989613250155,9.100826368820925
P12,AGEM KANAN,2,NAIK,T4,temporal,kanan,59.47,59.936,0.666,0.466,ok,video,0.0,True,False,False,13.154035101899332,8.908429682749805,10.958857489566356,12.327747029251483
P12,AGEM KANAN,2,NAIK,T6,temporo-posterior,kanan,59.47,59.936,0.666,0.466,ok,video,0.0,True,False,False,9.415257737819992,14.657469833615679,9.92347359956668,9.843097968942281
P12,AGEM KANAN,2,POST,Fp1,frontopolar,kiri,60.536,62.036,1.5,1.5,ok,video,0.0,True,False,False,7.624680637418102,8.274292028929281,5.987191351041485,6.697897088409029
P12,AGEM KANAN,2,POST,F3,frontal,kiri,60.536,62.036,1.5,1.5,ok,video,0.0,True,False,False,7.158010421212431,5.56926779916347,4.094868263003345,6.411220502422502
P12,AGEM KANAN,2,POST,C3,sentral,kiri,60.536,62.036,1.5,1.5,ok,video,0.0,True,False,False,6.740959167053916,4.217313842689023,3.333641137892201,5.897887483409484
P12,AGEM KANAN,2,POST,P3,parietal,kiri,60.536,62.036,1.5,1.5,ok,video,0.0,True,False,False,7.308861529396651,4.356280533936513,3.589721717827505,6.298446376699864
P12,AGEM KANAN,2,POST,O1,oksipital,kiri,60.536,62.036,1.5,1.5,ok,video,0.0,True,False,False,7.964212788034558,3.920229649572306,2.202684885578428,6.5226109391214635
P12,AGEM KANAN,2,POST,F7,frontotemporal,kiri,60.536,62.036,1.5,1.5,ok,video,0.0,True,False,False,6.8784896234166055,4.190327527464845,3.8707069157097322,5.014535377181076
P12,AGEM KANAN,2,POST,T3,temporal,kiri,60.536,62.036,1.5,1.5,ok,video,0.0,True,False,False,7.289236889675919,3.760652639953314,3.0494789923884404,4.878681661235845
P12,AGEM KANAN,2,POST,T5,temporo-posterior,kiri,60.536,62.036,1.5,1.5,ok,video,0.0,True,False,False,6.75496939965339,4.23151813853157,4.16651686670258,6.18918013133856
P12,AGEM KANAN,2,POST,Fp2,frontopolar,kanan,60.536,62.036,1.5,1.5,ok,video,0.0,True,False,False,7.566156239656834,8.787645138225145,4.7716440699325595,7.743219173930342
P12,AGEM KANAN,2,POST,F4,frontal,kanan,60.536,62.036,1.5,1.5,ok,video,0.0,True,False,False,1.9277084385755288,3.7576810113447294,8.108729785026085,5.612240098205071
P12,AGEM KANAN,2,POST,C4,sentral,kanan,60.536,62.036,1.5,1.5,ok,video,0.0,True,False,False,3.0699769029781265,4.678493707866188,8.192653833914214,6.572076890965029
P12,AGEM KANAN,2,POST,P4,parietal,kanan,60.536,62.036,1.5,1.5,ok,video,0.0,True,False,False,2.8329628299014047,3.3687073627701665,8.027319284305893,6.3546780870230535
P12,AGEM KANAN,2,POST,O2,oksipital,kanan,60.536,62.036,1.5,1.5,ok,video,0.0,True,False,False,1.3654549025826483,2.210225133304945,6.105896325637222,5.015904944016178
P12,AGEM KANAN,2,POST,F8,frontotemporal,kanan,60.536,62.036,1.5,1.5,ok,video,0.0,True,False,False,7.1842178853974445,6.639551964596066,6.601485983011216,7.305762139047658
P12,AGEM KANAN,2,POST,T4,temporal,kanan,60.536,62.036,1.5,1.5,ok,video,0.0,True,False,False,1.9139953820478226,2.5477477107979354,7.398663559791437,3.909306079263146
P12,AGEM KANAN,2,POST,T6,temporo-posterior,kanan,60.536,62.036,1.5,1.5,ok,video,0.0,True,False,False,5.304030313772998,6.9494340762491404,6.209965343389033,7.790254100155273
P12,AGEM KIRI,1,PRA,Fp1,frontopolar,kiri,61.23,63.23,2.0,2.0,ok,video,0.0,True,False,False,2.78881696412396,3.1449226274745,2.150117941138003,4.777635786634043
P12,AGEM KIRI,1,PRA,F3,frontal,kiri,61.23,63.23,2.0,2.0,ok,video,0.0,True,False,False,2.7827658054179594,-1.5747397701260937,0.6827490073343156,1.1980706452102936
P12,AGEM KIRI,1,PRA,C3,sentral,kiri,61.23,63.23,2.0,2.0,ok,video,0.0,True,False,False,2.980687701393528,-2.3031820788559116,-0.3102317573678235,1.0506202598392633
P12,AGEM KIRI,1,PRA,P3,parietal,kiri,61.23,63.23,2.0,2.0,ok,video,0.0,True,False,False,2.475038962684536,-2.1487040425533266,-0.9262489739291233,0.28250496087688504
P12,AGEM KIRI,1,PRA,O1,oksipital,kiri,61.23,63.23,2.0,2.0,ok,video,0.0,True,False,False,3.4634329010508864,-2.1688411536985583,0.6821070657692161,1.9989578234088867
P12,AGEM KIRI,1,PRA,F7,frontotemporal,kiri,61.23,63.23,2.0,2.0,ok,video,0.0,True,False,False,4.897548864534038,0.01321045104467089,1.6757553428169274,4.4625761339541725
P12,AGEM KIRI,1,PRA,T3,temporal,kiri,61.23,63.23,2.0,2.0,ok,video,0.0,True,False,False,3.3005366374790768,-2.0391089095172674,-1.3664505783789913,0.8302120987768689
P12,AGEM KIRI,1,PRA,T5,temporo-posterior,kiri,61.23,63.23,2.0,2.0,ok,video,0.0,True,False,False,3.0093042628032336,-3.3815409637969225,-1.1748353725148384,0.5765053528255066
P12,AGEM KIRI,1,PRA,Fp2,frontopolar,kanan,61.23,63.23,2.0,2.0,ok,video,0.0,True,False,False,3.972662093112177,4.352485543565663,2.808567001390056,6.998865839422365
P12,AGEM KIRI,1,PRA,F4,frontal,kanan,61.23,63.23,2.0,2.0,ok,video,0.0,True,False,False,0.37978179274652035,0.36251306525029037,4.644614438598026,4.890053027106326
P12,AGEM KIRI,1,PRA,C4,sentral,kanan,61.23,63.23,2.0,2.0,ok,video,0.0,True,False,False,0.7806914456757994,2.101876982804619,5.141082616634748,6.272674251934724
P12,AGEM KIRI,1,PRA,P4,parietal,kanan,61.23,63.23,2.0,2.0,ok,video,0.0,True,False,False,1.252895442096147,2.5533954672192536,5.286401206657789,6.36477942486102
P12,AGEM KIRI,1,PRA,O2,oksipital,kanan,61.23,63.23,2.0,2.0,ok,video,0.0,True,False,False,1.5360391190134877,1.602370179311194,4.463744805682975,6.137949720656707
P12,AGEM KIRI,1,PRA,F8,frontotemporal,kanan,61.23,63.23,2.0,2.0,ok,video,0.0,True,False,False,5.159143274140909,3.758922909125552,5.78945131577472,7.14056831545205
P12,AGEM KIRI,1,PRA,T4,temporal,kanan,61.23,63.23,2.0,2.0,ok,video,0.0,True,False,False,-0.797817279624212,1.2775429281855395,4.303690990359556,3.9256546744853225
P12,AGEM KIRI,1,PRA,T6,temporo-posterior,kanan,61.23,63.23,2.0,2.0,ok,video,0.0,True,False,False,4.493241356619535,5.769649412879353,4.996551510664897,7.8178750414723694
P12,AGEM KIRI,1,TURUN,Fp1,frontopolar,kiri,71.254,71.954,1.0,0.7,ok,video,0.0,True,False,False,7.501637273421473,8.644410115621803,11.131932130203161,9.23981739021422
P12,AGEM KIRI,1,TURUN,F3,frontal,kiri,71.254,71.954,1.0,0.7,ok,video,0.0,True,False,False,9.438053758547888,9.50351040670494,12.5923999849261,10.6713287497087
P12,AGEM KIRI,1,TURUN,C3,sentral,kiri,71.254,71.954,1.0,0.7,ok,video,0.0,True,False,False,9.735316105796805,9.024200913328983,12.117456587848004,10.678590905220787
P12,AGEM KIRI,1,TURUN,P3,parietal,kiri,71.254,71.954,1.0,0.7,ok,video,0.0,True,False,False,9.805091353601249,9.864486348035044,13.2433000716029,10.591914745515822
P12,AGEM KIRI,1,TURUN,O1,oksipital,kiri,71.254,71.954,1.0,0.7,ok,video,0.0,True,False,False,10.381380034092722,9.156649335096958,12.34308806329171,11.70603168611153
P12,AGEM KIRI,1,TURUN,F7,frontotemporal,kiri,71.254,71.954,1.0,0.7,ok,video,0.0,True,False,False,8.765564793937692,9.26179033212805,10.235521787914578,9.95101894506277
P12,AGEM KIRI,1,TURUN,T3,temporal,kiri,71.254,71.954,1.0,0.7,ok,video,0.0,True,False,False,12.929638029961552,11.152974932675079,11.010660256017456,10.784349577432685
P12,AGEM KIRI,1,TURUN,T5,temporo-posterior,kiri,71.254,71.954,1.0,0.7,ok,video,0.0,True,False,False,10.127442814780927,10.083392184717411,12.929633681526141,10.376453709971678
P12,AGEM KIRI,1,TURUN,Fp2,frontopolar,kanan,71.254,71.954,1.0,0.7,ok,video,0.0,True,False,False,5.568333746624276,9.230856147400722,6.022390142078603,6.6541386478043165
P12,AGEM KIRI,1,TURUN,F4,frontal,kanan,71.254,71.954,1.0,0.7,ok,video,0.0,True,False,False,5.594005492008833,5.972707377587007,4.323216847010897,4.771027438571544
P12,AGEM KIRI,1,TURUN,C4,sentral,kanan,71.254,71.954,1.0,0.7,ok,video,0.0,True,False,False,5.4984094020492975,5.974201301216048,5.476288213689834,4.78469035008429
P12,AGEM KIRI,1,TURUN,P4,parietal,kanan,71.254,71.954,1.0,0.7,ok,video,0.0,True,False,False,6.704395711242107,6.5462718941184335,5.684413364102593,5.474570974854366
P12,AGEM KIRI,1,TURUN,O2,oksipital,kanan,71.254,71.954,1.0,0.7,ok,video,0.0,True,False,False,6.997958812444743,6.037140954420408,4.8916044128902065,4.990407149953683
P12,AGEM KIRI,1,TURUN,F8,frontotemporal,kanan,71.254,71.954,1.0,0.7,ok,video,0.0,True,False,False,0.574841058701665,2.3413319219971456,4.809920323912635,-0.06972628720907892
P12,AGEM KIRI,1,TURUN,T4,temporal,kanan,71.254,71.954,1.0,0.7,ok,video,0.0,True,False,False,1.1093024558698517,2.6219476279183453,4.336138395176448,0.20034027469806404
P12,AGEM KIRI,1,TURUN,T6,temporo-posterior,kanan,71.254,71.954,1.0,0.7,ok,video,0.0,True,False,False,10.216882276891923,9.66969470395177,11.321646710560056,10.280524009003152
P12,AGEM KIRI,1,TAHAN,Fp1,frontopolar,kiri,72.354,75.048,3.194,2.694,ok,video,0.0,True,False,False,2.4127863207725753,2.2769423545811662,1.0128530688817428,2.261635728567356
P12,AGEM KIRI,1,TAHAN,F3,frontal,kiri,72.354,75.048,3.194,2.694,ok,video,0.0,True,False,False,2.6390175331265553,1.2733026587454646,-0.7666158335238684,1.7940149044747642
P12,AGEM KIRI,1,TAHAN,C3,sentral,kiri,72.354,75.048,3.194,2.694,ok,video,0.0,True,False,False,3.7377387120130763,1.623474881539238,-0.47658274864409833,2.326306209922862
P12,AGEM KIRI,1,TAHAN,P3,parietal,kiri,72.354,75.048,3.194,2.694,ok,video,0.0,True,False,False,3.5360365100367517,0.6030451777987693,-0.8785524191254517,2.2331150779488027
P12,AGEM KIRI,1,TAHAN,O1,oksipital,kiri,72.354,75.048,3.194,2.694,ok,video,0.0,True,False,False,3.914948831199638,1.3216907171127374,-0.502268014414831,2.5954194818909713
P12,AGEM KIRI,1,TAHAN,F7,frontotemporal,kiri,72.354,75.048,3.194,2.694,ok,video,0.0,True,False,False,4.32032063311339,0.709430450627913,0.01279430029497064,3.340851726342237
P12,AGEM KIRI,1,TAHAN,T3,temporal,kiri,72.354,75.048,3.194,2.694,ok,video,0.0,True,False,False,5.490569146261322,3.6994609634662154,0.7874408774432702,5.817425522179093
P12,AGEM KIRI,1,TAHAN,T5,temporo-posterior,kiri,72.354,75.048,3.194,2.694,ok,video,0.0,True,False,False,2.5198635809850884,0.8359232424851157,-1.3402867450004337,0.8650420722563723
P12,AGEM KIRI,1,TAHAN,Fp2,frontopolar,kanan,72.354,75.048,3.194,2.694,ok,video,0.0,True,False,False,3.1927023374661445,4.786117030796682,2.182247445010649,2.9617394618051733
P12,AGEM KIRI,1,TAHAN,F4,frontal,kanan,72.354,75.048,3.194,2.694,ok,video,0.0,True,False,False,0.8794271445239872,0.30132156202749627,-0.5496659994767796,4.113482570107543
P12,AGEM KIRI,1,TAHAN,C4,sentral,kanan,72.354,75.048,3.194,2.694,ok,video,0.0,True,False,False,1.2132375607915051,0.8234955333973133,-0.4519151845821021,5.012194443753607
P12,AGEM KIRI,1,TAHAN,P4,parietal,kanan,72.354,75.048,3.194,2.694,ok,video,0.0,True,False,False,1.2566186892513471,0.9458682317978742,0.4859744848807033,5.294371803234824
P12,AGEM KIRI,1,TAHAN,O2,oksipital,kanan,72.354,75.048,3.194,2.694,ok,video,0.0,True,False,False,2.72113658291547,0.1997845486870986,-1.2546099357907607,6.200058763079248
P12,AGEM KIRI,1,TAHAN,F8,frontotemporal,kanan,72.354,75.048,3.194,2.694,ok,video,0.0,True,False,False,1.8661227862625651,2.0566662319675757,1.6199305088135958,3.555305051185144
P12,AGEM KIRI,1,TAHAN,T4,temporal,kanan,72.354,75.048,3.194,2.694,ok,video,0.0,True,False,False,-1.7608698807950276,0.32120346295418756,-0.034289861203994576,2.5089165201701817
P12,AGEM KIRI,1,TAHAN,T6,temporo-posterior,kanan,72.354,75.048,3.194,2.694,ok,video,0.0,True,False,False,0.4844340393009361,1.7757036799510644,0.22963303506574206,4.249278042770378
P12,AGEM KIRI,1,NAIK,Fp1,frontopolar,kiri,75.379,75.758,0.541,0.379,ok,video,0.0,True,False,False,11.187853954793184,10.657233183985738,9.231570773016813,11.723397429538416
P12,AGEM KIRI,1,NAIK,F3,frontal,kiri,75.379,75.758,0.541,0.379,ok,video,0.0,True,False,False,12.725347606343163,10.416655661351236,13.804474032563508,14.266978069227903
P12,AGEM KIRI,1,NAIK,C3,sentral,kiri,75.379,75.758,0.541,0.379,ok,video,0.0,True,False,False,12.555938743699663,11.079575073774635,14.049388525789709,14.307979851509693
P12,AGEM KIRI,1,NAIK,P3,parietal,kiri,75.379,75.758,0.541,0.379,ok,video,0.0,True,False,False,13.036099163446139,8.568125426278385,13.431613366646406,14.808546083647926
P12,AGEM KIRI,1,NAIK,O1,oksipital,kiri,75.379,75.758,0.541,0.379,ok,video,0.0,True,False,False,12.17300676172907,4.526398914556772,12.740591399416452,13.928117314680776
P12,AGEM KIRI,1,NAIK,F7,frontotemporal,kiri,75.379,75.758,0.541,0.379,ok,video,0.0,True,False,False,11.682690136615989,10.684036372409416,11.831254521644453,11.512335550816701
P12,AGEM KIRI,1,NAIK,T3,temporal,kiri,75.379,75.758,0.541,0.379,ok,video,0.0,True,False,False,14.587749092538736,11.840147729108224,10.39580236838864,13.932334176698674
P12,AGEM KIRI,1,NAIK,T5,temporo-posterior,kiri,75.379,75.758,0.541,0.379,ok,video,0.0,True,False,False,12.68137100349626,11.37791813554039,13.560302491830328,14.055337988914346
P12,AGEM KIRI,1,NAIK,Fp2,frontopolar,kanan,75.379,75.758,0.541,0.379,ok,video,0.0,True,False,False,12.311441677236225,10.536677809928918,8.53565506377532,11.92229189092587
P12,AGEM KIRI,1,NAIK,F4,frontal,kanan,75.379,75.758,0.541,0.379,ok,video,0.0,True,False,False,10.116433837284077,5.563911919085271,8.159452747895486,10.608299975562907
P12,AGEM KIRI,1,NAIK,C4,sentral,kanan,75.379,75.758,0.541,0.379,ok,video,0.0,True,False,False,11.376444658937253,12.010567076955283,12.254070562072101,11.976351186034321
P12,AGEM KIRI,1,NAIK,P4,parietal,kanan,75.379,75.758,0.541,0.379,ok,video,0.0,True,False,False,11.162999473951842,9.264131846063549,9.633393922638337,11.637236396664171
P12,AGEM KIRI,1,NAIK,O2,oksipital,kanan,75.379,75.758,0.541,0.379,ok,video,0.0,True,False,False,10.550059295958327,11.220362400483786,10.918260671303035,11.218736187386298
P12,AGEM KIRI,1,NAIK,F8,frontotemporal,kanan,75.379,75.758,0.541,0.379,ok,video,0.0,True,False,False,8.470519227148593,10.722831866261274,7.933987791214648,8.486114195660306
P12,AGEM KIRI,1,NAIK,T4,temporal,kanan,75.379,75.758,0.541,0.379,ok,video,0.0,True,False,False,8.670738014182724,9.604290150166577,8.669977109155703,9.037138946435924
P12,AGEM KIRI,1,NAIK,T6,temporo-posterior,kanan,75.379,75.758,0.541,0.379,ok,video,0.0,True,False,False,7.99440182829936,9.30810882834961,9.732697366439492,9.134607684334277
P12,AGEM KIRI,1,POST,Fp1,frontopolar,kiri,76.339,77.839,1.5,1.5,ok,video,0.0,True,False,False,6.156613152836101,6.542374541122371,7.088731114856529,8.728453681689743
P12,AGEM KIRI,1,POST,F3,frontal,kiri,76.339,77.839,1.5,1.5,ok,video,0.0,True,False,False,5.547896632270287,5.392054652331026,6.025195910869197,8.051057033125026
P12,AGEM KIRI,1,POST,C3,sentral,kiri,76.339,77.839,1.5,1.5,ok,video,0.0,True,False,False,6.588354986590936,4.433412124833396,6.742589846390835,6.8874118621009615
P12,AGEM KIRI,1,POST,P3,parietal,kiri,76.339,77.839,1.5,1.5,ok,video,0.0,True,False,False,5.546145570435542,4.094984371290657,5.23386109543689,7.190839893642817
P12,AGEM KIRI,1,POST,O1,oksipital,kiri,76.339,77.839,1.5,1.5,ok,video,0.0,True,False,False,6.233484006752846,5.544945749727717,6.23973603480038,8.620246195489422
P12,AGEM KIRI,1,POST,F7,frontotemporal,kiri,76.339,77.839,1.5,1.5,ok,video,0.0,True,False,False,6.167557227759374,7.3172532439989055,7.377176273544016,8.198354600825198
P12,AGEM KIRI,1,POST,T3,temporal,kiri,76.339,77.839,1.5,1.5,ok,video,0.0,True,False,False,4.7959975574836875,5.8381116845318175,5.735734082694602,7.024491057940843
P12,AGEM KIRI,1,POST,T5,temporo-posterior,kiri,76.339,77.839,1.5,1.5,ok,video,0.0,True,False,False,5.875958091610791,4.4377075140145905,5.434155334385039,6.80046324601895
P12,AGEM KIRI,1,POST,Fp2,frontopolar,kanan,76.339,77.839,1.5,1.5,ok,video,0.0,True,False,False,5.20644191673437,7.0491872464667225,6.187732766741423,7.420862278099371
P12,AGEM KIRI,1,POST,F4,frontal,kanan,76.339,77.839,1.5,1.5,ok,video,0.0,True,False,False,5.51902038186126,4.77325176158584,6.635977481967728,4.555338928925259
P12,AGEM KIRI,1,POST,C4,sentral,kanan,76.339,77.839,1.5,1.5,ok,video,0.0,True,False,False,5.636715748934506,4.995964069350549,6.728120282409506,4.587600021114852
P12,AGEM KIRI,1,POST,P4,parietal,kanan,76.339,77.839,1.5,1.5,ok,video,0.0,True,False,False,6.042627095207926,5.165145914309996,8.241623518760772,5.708525551550082
P12,AGEM KIRI,1,POST,O2,oksipital,kanan,76.339,77.839,1.5,1.5,ok,video,0.0,True,False,False,10.637464646541424,4.668041064563546,7.70326398402727,7.016435836018097
P12,AGEM KIRI,1,POST,F8,frontotemporal,kanan,76.339,77.839,1.5,1.5,ok,video,0.0,True,False,False,5.7386197883336365,4.283077416321042,6.166959240260141,4.12984573744793
P12,AGEM KIRI,1,POST,T4,temporal,kanan,76.339,77.839,1.5,1.5,ok,video,0.0,True,False,False,4.7431726945124595,3.1348211949764533,6.839556902538867,3.534638784589113
P12,AGEM KIRI,1,POST,T6,temporo-posterior,kanan,76.339,77.839,1.5,1.5,ok,video,0.0,True,False,False,5.204080950281053,5.686672877467863,4.917084244806336,4.282886411918334
P12,AGEM KIRI,2,PRA,Fp1,frontopolar,kiri,77.297,79.297,2.0,2.0,ok,video,0.0,True,False,False,13.050127789288908,12.515343664612217,14.367773551512094,11.822690612982754
P12,AGEM KIRI,2,PRA,F3,frontal,kiri,77.297,79.297,2.0,2.0,ok,video,0.0,True,False,False,9.183046631335252,11.229645964518696,12.951729469804835,9.564677675019652
P12,AGEM KIRI,2,PRA,C3,sentral,kiri,77.297,79.297,2.0,2.0,ok,video,0.0,True,False,False,9.607614432614817,7.861582593873365,10.102810581689184,8.90052063911125
P12,AGEM KIRI,2,PRA,P3,parietal,kiri,77.297,79.297,2.0,2.0,ok,video,0.0,True,False,False,10.15704661882345,9.509396426735371,13.385547600991057,9.837230767943929
P12,AGEM KIRI,2,PRA,O1,oksipital,kiri,77.297,79.297,2.0,2.0,ok,video,0.0,True,False,False,7.708059983390001,8.811520308624587,12.63650634761661,10.41848522116102
P12,AGEM KIRI,2,PRA,F7,frontotemporal,kiri,77.297,79.297,2.0,2.0,ok,video,0.0,True,False,False,9.890722884297915,9.063303488689002,10.71451505557247,8.41749294309983
P12,AGEM KIRI,2,PRA,T3,temporal,kiri,77.297,79.297,2.0,2.0,ok,video,0.0,True,False,False,11.090021898636252,9.598289394608791,11.028540514618175,8.543217055150272
P12,AGEM KIRI,2,PRA,T5,temporo-posterior,kiri,77.297,79.297,2.0,2.0,ok,video,0.0,True,False,False,11.305630653049079,10.164686605753317,12.564011795305909,9.851129405192303
P12,AGEM KIRI,2,PRA,Fp2,frontopolar,kanan,77.297,79.297,2.0,2.0,ok,video,0.0,True,False,False,12.65236559215964,12.45942618577753,13.625437712271339,11.281139407679113
P12,AGEM KIRI,2,PRA,F4,frontal,kanan,77.297,79.297,2.0,2.0,ok,video,0.0,True,False,False,10.034443880380977,6.176958324424476,8.070391924957839,8.861975756795935
P12,AGEM KIRI,2,PRA,C4,sentral,kanan,77.297,79.297,2.0,2.0,ok,video,0.0,True,False,False,12.435437084265821,8.481318558008738,8.410612703881355,12.090717623774395
P12,AGEM KIRI,2,PRA,P4,parietal,kanan,77.297,79.297,2.0,2.0,ok,video,0.0,True,False,False,11.51999548688142,9.47843128703498,9.644571246951639,10.392890933941061
P12,AGEM KIRI,2,PRA,O2,oksipital,kanan,77.297,79.297,2.0,2.0,ok,video,0.0,True,False,False,12.623649434028643,8.932020510981673,9.930368821011303,9.548231350720307
P12,AGEM KIRI,2,PRA,F8,frontotemporal,kanan,77.297,79.297,2.0,2.0,ok,video,0.0,True,False,False,7.163115508512767,6.604996663067567,8.255020245711393,8.181155128007575
P12,AGEM KIRI,2,PRA,T4,temporal,kanan,77.297,79.297,2.0,2.0,ok,video,0.0,True,False,False,7.482767555959526,5.837865356129711,6.436790232017415,6.93514941070643
P12,AGEM KIRI,2,PRA,T6,temporo-posterior,kanan,77.297,79.297,2.0,2.0,ok,video,0.0,True,False,False,9.642233033769664,8.2053972378162,11.157954458192545,9.797092839918413
P12,AGEM KIRI,2,TURUN,Fp1,frontopolar,kiri,86.644,87.295,0.931,0.652,ok,video,0.0,True,False,False,7.647336299490512,5.335599188352205,15.15716225467797,10.716496662915667
P12,AGEM KIRI,2,TURUN,F3,frontal,kiri,86.644,87.295,0.931,0.652,ok,video,0.0,True,False,False,11.197013463626654,5.419205636684445,15.00517585674076,13.091022165370802
P12,AGEM KIRI,2,TURUN,C3,sentral,kiri,86.644,87.295,0.931,0.652,ok,video,0.0,True,False,False,10.883393782930874,9.078764440732613,17.180131556049403,13.548056832271868
P12,AGEM KIRI,2,TURUN,P3,parietal,kiri,86.644,87.295,0.931,0.652,ok,video,0.0,True,False,False,11.578963108922501,7.19641997887733,16.30203856609079,14.105818711586544
P12,AGEM KIRI,2,TURUN,O1,oksipital,kiri,86.644,87.295,0.931,0.652,ok,video,0.0,True,False,False,11.25874922763488,8.502455656249033,14.899681510239489,14.001770070503255
P12,AGEM KIRI,2,TURUN,F7,frontotemporal,kiri,86.644,87.295,0.931,0.652,ok,video,0.0,True,False,False,5.269262156674671,5.853262108815457,10.954227911585697,7.623468392252079
P12,AGEM KIRI,2,TURUN,T3,temporal,kiri,86.644,87.295,0.931,0.652,ok,video,0.0,True,False,False,14.569342150744113,15.813653601817471,11.836348662229351,13.72919255248619
P12,AGEM KIRI,2,TURUN,T5,temporo-posterior,kiri,86.644,87.295,0.931,0.652,ok,video,0.0,True,False,False,10.095439830176325,5.805496861894433,15.415818863923242,12.779219874358567
P12,AGEM KIRI,2,TURUN,Fp2,frontopolar,kanan,86.644,87.295,0.931,0.652,ok,video,0.0,True,False,False,11.223762563524303,11.96019080730887,11.298580036109133,9.003458947830246
P12,AGEM KIRI,2,TURUN,F4,frontal,kanan,86.644,87.295,0.931,0.652,ok,video,0.0,True,False,False,8.35977290537378,8.030679606734935,7.599034002582364,7.061720454573397
P12,AGEM KIRI,2,TURUN,C4,sentral,kanan,86.644,87.295,0.931,0.652,ok,video,0.0,True,False,False,9.295961906635114,9.041388629032355,7.912184759690781,7.681984022617129
P12,AGEM KIRI,2,TURUN,P4,parietal,kanan,86.644,87.295,0.931,0.652,ok,video,0.0,True,False,False,9.801047114116137,9.320647679573234,8.27305922568475,8.039605322824308
P12,AGEM KIRI,2,TURUN,O2,oksipital,kanan,86.644,87.295,0.931,0.652,ok,video,0.0,True,False,False,9.765344358942585,9.144086439168085,8.610978256348336,7.672764801020442
P12,AGEM KIRI,2,TURUN,F8,frontotemporal,kanan,86.644,87.295,0.931,0.652,ok,video,0.0,True,False,False,3.7554795570828645,5.599306837164221,5.451010212876049,2.8748159622945764
P12,AGEM KIRI,2,TURUN,T4,temporal,kanan,86.644,87.295,0.931,0.652,ok,video,0.0,True,False,False,5.4938154855931955,7.120990666189584,5.601846341448869,4.2758691566244025
P12,AGEM KIRI,2,TURUN,T6,temporo-posterior,kanan,86.644,87.295,0.931,0.652,ok,video,0.0,True,False,False,5.466510246418352,9.377954621087149,9.634773596783685,5.17977245306367
P12,AGEM KIRI,2,TAHAN,Fp1,frontopolar,kiri,87.685,91.184,3.999,3.499,ok,video,0.0,True,False,False,-1.8863238232665793,-6.333610150837622,-2.796988937158673,-3.502993763103877
P12,AGEM KIRI,2,TAHAN,F3,frontal,kiri,87.685,91.184,3.999,3.499,ok,video,0.571,False,False,False,,,,
P12,AGEM KIRI,2,TAHAN,C3,sentral,kiri,87.685,91.184,3.999,3.499,ok,video,0.114,True,True,False,-2.8567875194810526,-5.836650382033454,-2.594279991082445,-4.304825721646679
P12,AGEM KIRI,2,TAHAN,P3,parietal,kiri,87.685,91.184,3.999,3.499,ok,video,0.571,False,False,False,,,,
P12,AGEM KIRI,2,TAHAN,O1,oksipital,kiri,87.685,91.184,3.999,3.499,ok,video,0.0,True,False,False,-4.648423990847448,-4.833085299184972,-2.3252909446339842,-4.779471759371923
P12,AGEM KIRI,2,TAHAN,F7,frontotemporal,kiri,87.685,91.184,3.999,3.499,ok,video,0.0,True,False,False,-3.373381905583983,-4.891738153238919,-2.279552182689425,-4.277536527720599
P12,AGEM KIRI,2,TAHAN,T3,temporal,kiri,87.685,91.184,3.999,3.499,ok,video,0.0,True,False,False,-2.1175157998990386,-0.9782802515553968,2.041490338322827,2.0278579896561766
P12,AGEM KIRI,2,TAHAN,T5,temporo-posterior,kiri,87.685,91.184,3.999,3.499,ok,video,0.0,True,False,False,-9.232505910880839,-7.567587830698201,-6.634630842889191,-9.682128400634866
P12,AGEM KIRI,2,TAHAN,Fp2,frontopolar,kanan,87.685,91.184,3.999,3.499,ok,video,0.0,True,False,False,0.8473622993052246,-1.819132577424142,2.1449703923340557,1.4085714254564579
P12,AGEM KIRI,2,TAHAN,F4,frontal,kanan,87.685,91.184,3.999,3.499,ok,video,0.0,True,False,False,-3.231214489404479,-1.7449828211375689,0.8669949256661127,-1.5908648928358033
P12,AGEM KIRI,2,TAHAN,C4,sentral,kanan,87.685,91.184,3.999,3.499,ok,video,0.0,True,False,False,-3.4920328806693774,-1.1787266477621898,-0.43080909000807566,-1.0732589298187278
P12,AGEM KIRI,2,TAHAN,P4,parietal,kanan,87.685,91.184,3.999,3.499,ok,video,0.0,True,False,False,-2.411206141002154,-1.334781239164137,-0.09659495580480026,-1.2725210730351293
P12,AGEM KIRI,2,TAHAN,O2,oksipital,kanan,87.685,91.184,3.999,3.499,ok,video,0.0,True,False,False,0.9921406152772718,-1.6746123630596728,-1.1066405244129491,-0.05500524548524055
P12,AGEM KIRI,2,TAHAN,F8,frontotemporal,kanan,87.685,91.184,3.999,3.499,ok,video,0.0,True,False,False,3.3343513026020517,-0.8450191059759291,0.8976434095095414,1.3113842223321086
P12,AGEM KIRI,2,TAHAN,T4,temporal,kanan,87.685,91.184,3.999,3.499,ok,video,0.0,True,False,False,-1.0468125287150016,-2.398270916757099,-0.27318630405176947,-1.6132694709334743
P12,AGEM KIRI,2,TAHAN,T6,temporo-posterior,kanan,87.685,91.184,3.999,3.499,ok,video,0.0,True,False,False,0.20311185618385963,0.8778988513038541,-0.8489367074298535,-0.8241831014539827
P12,AGEM KIRI,2,NAIK,Fp1,frontopolar,kiri,91.513,91.883,0.528,0.37,ok,video,0.0,True,False,False,15.882048999225255,12.098749694697062,11.379378226164498,12.515206089856733
P12,AGEM KIRI,2,NAIK,F3,frontal,kiri,91.513,91.883,0.528,0.37,ok,video,0.0,True,False,False,16.717946151011688,13.6180650218637,12.794440111503842,13.74842725941349
P12,AGEM KIRI,2,NAIK,C3,sentral,kiri,91.513,91.883,0.528,0.37,ok,video,0.0,True,False,False,16.330867946180177,12.957289777342808,12.92969979821055,13.481317371803534
P12,AGEM KIRI,2,NAIK,P3,parietal,kiri,91.513,91.883,0.528,0.37,ok,video,0.0,True,False,False,16.031063179136794,12.947739968773703,14.794640488716201,14.17828980257746
P12,AGEM KIRI,2,NAIK,O1,oksipital,kiri,91.513,91.883,0.528,0.37,ok,video,0.0,True,False,False,14.55056687396614,11.52982337125718,13.695907165830036,12.69961391425008
P12,AGEM KIRI,2,NAIK,F7,frontotemporal,kiri,91.513,91.883,0.528,0.37,ok,video,0.0,True,False,False,7.281707963047602,3.000190584402276,10.922025192759307,7.6838304097042425
P12,AGEM KIRI,2,NAIK,T3,temporal,kiri,91.513,91.883,0.528,0.37,ok,video,0.0,True,False,False,15.839045002657969,13.102754782563451,9.81727593324089,12.168617252320765
P12,AGEM KIRI,2,NAIK,T5,temporo-posterior,kiri,91.513,91.883,0.528,0.37,ok,video,0.0,True,False,False,16.93033098360811,13.292512737354471,13.11628117132038,13.852202731950541
P12,AGEM KIRI,2,NAIK,Fp2,frontopolar,kanan,91.513,91.883,0.528,0.37,ok,video,0.0,True,False,False,13.320023620948447,8.63592935329325,10.862516357920502,9.357849599343098
P12,AGEM KIRI,2,NAIK,F4,frontal,kanan,91.513,91.883,0.528,0.37,ok,video,0.0,True,False,False,13.580366221459869,11.718791307678252,13.724380977584758,10.756939574745594
P12,AGEM KIRI,2,NAIK,C4,sentral,kanan,91.513,91.883,0.528,0.37,ok,video,0.0,True,False,False,14.148619738358434,10.815404761443574,14.362817498592243,11.04088981095314
P12,AGEM KIRI,2,NAIK,P4,parietal,kanan,91.513,91.883,0.528,0.37,ok,video,0.0,True,False,False,14.509829664134251,12.35022772620686,14.404257458490665,11.382235477921014
P12,AGEM KIRI,2,NAIK,O2,oksipital,kanan,91.513,91.883,0.528,0.37,ok,video,0.0,True,False,False,12.332986379886137,6.119311419003218,7.259971228179378,7.5927660726542
P12,AGEM KIRI,2,NAIK,F8,frontotemporal,kanan,91.513,91.883,0.528,0.37,ok,video,0.0,True,False,False,9.164439023175362,12.50237556578535,12.959044320149687,9.074523727135286
P12,AGEM KIRI,2,NAIK,T4,temporal,kanan,91.513,91.883,0.528,0.37,ok,video,0.0,True,False,False,11.268525547783717,12.074825810836067,14.974481166898101,9.691145685425205
P12,AGEM KIRI,2,NAIK,T6,temporo-posterior,kanan,91.513,91.883,0.528,0.37,ok,video,0.0,True,False,False,5.4266809168597305,13.638789944335436,16.104553894408017,8.269926887037869
P12,AGEM KIRI,2,POST,Fp1,frontopolar,kiri,92.462,93.962,1.5,1.5,ok,video,0.0,True,False,False,6.539655322694891,3.0256882234000315,5.551978347572547,5.121674612954024
P12,AGEM KIRI,2,POST,F3,frontal,kiri,92.462,93.962,1.5,1.5,ok,video,0.0,True,False,False,4.776036116326885,3.7249509357939914,6.1089546718175605,3.304789808879022
P12,AGEM KIRI,2,POST,C3,sentral,kiri,92.462,93.962,1.5,1.5,ok,video,0.0,True,False,False,3.3967461033073434,3.436811637138078,5.463493587384434,2.8606594526843807
P12,AGEM KIRI,2,POST,P3,parietal,kiri,92.462,93.962,1.5,1.5,ok,video,0.0,True,False,False,3.8500830989872554,2.8612610741370403,5.256095697821625,2.5978276739738675
P12,AGEM KIRI,2,POST,O1,oksipital,kiri,92.462,93.962,1.5,1.5,ok,video,0.0,True,False,False,2.5978858153154505,2.96536050316751,3.5927417479752535,1.9066214307924412
P12,AGEM KIRI,2,POST,F7,frontotemporal,kiri,92.462,93.962,1.5,1.5,ok,video,0.0,True,False,False,7.178949943884021,4.783854637063499,4.866408187950633,5.017515025075973
P12,AGEM KIRI,2,POST,T3,temporal,kiri,92.462,93.962,1.5,1.5,ok,video,0.0,True,False,False,3.047424319749517,5.048829717182649,4.516022857971354,3.176969702214251
P12,AGEM KIRI,2,POST,T5,temporo-posterior,kiri,92.462,93.962,1.5,1.5,ok,video,0.0,True,False,False,4.354587254649111,3.6726617918158553,6.072014869801755,2.734337743174301
P12,AGEM KIRI,2,POST,Fp2,frontopolar,kanan,92.462,93.962,1.5,1.5,ok,video,0.0,True,False,False,7.303672378272516,2.319917672098086,4.820577966516591,6.9476397343193526
P12,AGEM KIRI,2,POST,F4,frontal,kanan,92.462,93.962,1.5,1.5,ok,video,0.0,True,False,False,4.571253037983702,0.2921298217441688,2.0057833253414543,4.325803488986885
P12,AGEM KIRI,2,POST,C4,sentral,kanan,92.462,93.962,1.5,1.5,ok,video,0.0,True,False,False,5.718845406790422,0.2410483991492498,1.8554726868787128,5.325272873545053
P12,AGEM KIRI,2,POST,P4,parietal,kanan,92.462,93.962,1.5,1.5,ok,video,0.0,True,False,False,5.490509309082192,0.875862466914306,1.7602414834104785,5.0828464395251345
P12,AGEM KIRI,2,POST,O2,oksipital,kanan,92.462,93.962,1.5,1.5,ok,video,0.0,True,False,False,3.1416946454433443,0.2590926564704361,3.996789018758623,3.634597695089802
P12,AGEM KIRI,2,POST,F8,frontotemporal,kanan,92.462,93.962,1.5,1.5,ok,video,0.0,True,False,False,7.379258973489364,2.3298346928077507,4.545874533925364,6.990704665101049
P12,AGEM KIRI,2,POST,T4,temporal,kanan,92.462,93.962,1.5,1.5,ok,video,0.0,True,False,False,3.9888483107505692,3.6536642127422,2.833670086845814,4.333413303970296
P12,AGEM KIRI,2,POST,T6,temporo-posterior,kanan,92.462,93.962,1.5,1.5,ok,video,0.0,True,False,False,3.835740366253141,2.0826406483888604,3.07320145512686,3.348497343506452
P12,NGEED,3,PRA,Fp1,frontopolar,kiri,275.059,277.059,2.0,2.0,ok,video,0.0,True,False,False,9.21223963151266,5.30844432556259,1.44322394302624,6.852121228890908
P12,NGEED,3,PRA,F3,frontal,kiri,275.059,277.059,2.0,2.0,ok,video,0.0,True,False,False,9.11552844786005,3.8151681456348854,-0.029928394141826686,7.477952245406513
P12,NGEED,3,PRA,C3,sentral,kiri,275.059,277.059,2.0,2.0,ok,video,0.0,True,False,False,9.21764315409888,4.065962552571023,1.5786727471635977,7.013303512968548
P12,NGEED,3,PRA,P3,parietal,kiri,275.059,277.059,2.0,2.0,ok,video,0.0,True,False,False,9.42559785517254,4.378429569809889,0.9344995344074292,7.24063627721349
P12,NGEED,3,PRA,O1,oksipital,kiri,275.059,277.059,2.0,2.0,ok,video,0.0,True,False,False,9.18296212284882,3.183803939475247,1.587290559145508,8.240642466284598
P12,NGEED,3,PRA,F7,frontotemporal,kiri,275.059,277.059,2.0,2.0,ok,video,0.0,True,False,False,5.716756706757529,0.8150545841008707,-1.9266342801831584,3.2490431156029587
P12,NGEED,3,PRA,T3,temporal,kiri,275.059,277.059,2.0,2.0,ok,video,0.0,True,False,False,8.972877893319762,4.249256796719564,0.49101250862282697,5.690718067441445
P12,NGEED,3,PRA,T5,temporo-posterior,kiri,275.059,277.059,2.0,2.0,ok,video,0.1,True,False,False,9.221527335473652,4.326447334148028,0.2064050534849109,6.789842354157678
P12,NGEED,3,PRA,Fp2,frontopolar,kanan,275.059,277.059,2.0,2.0,ok,video,0.0,True,False,False,6.810640170758283,3.3578819056692026,2.0911642941148934,6.624310606342156
P12,NGEED,3,PRA,F4,frontal,kanan,275.059,277.059,2.0,2.0,ok,video,0.0,True,False,False,5.07138585790851,6.334545253498632,5.1207847506091895,5.904493567130849
P12,NGEED,3,PRA,C4,sentral,kanan,275.059,277.059,2.0,2.0,ok,video,0.0,True,False,False,6.712649343172615,3.952771200371494,5.882292628550843,6.3635052162555965
P12,NGEED,3,PRA,P4,parietal,kanan,275.059,277.059,2.0,2.0,ok,video,0.0,True,False,False,5.660054789535565,7.580523620109055,3.5000772005413943,6.044038840833593
P12,NGEED,3,PRA,O2,oksipital,kanan,275.059,277.059,2.0,2.0,ok,video,0.0,True,False,False,5.477605952706483,5.051594961721406,4.200192064148116,5.236858605160464
P12,NGEED,3,PRA,F8,frontotemporal,kanan,275.059,277.059,2.0,2.0,ok,video,0.0,True,False,False,4.73843924279096,4.942924514530752,4.664495471822448,4.781586390686762
P12,NGEED,3,PRA,T4,temporal,kanan,275.059,277.059,2.0,2.0,ok,video,0.0,True,False,False,2.926148020651958,5.375814727496042,5.221769131906747,5.195177998919107
P12,NGEED,3,PRA,T6,temporo-posterior,kanan,275.059,277.059,2.0,2.0,ok,video,0.0,True,False,False,1.4907931458739938,2.619736696406882,4.086957084309713,0.6459367305887369
P12,NGEED,3,TURUN,Fp1,frontopolar,kiri,279.502,280.629,1.611,1.128,ok,video,0.0,True,False,False,14.295877858402825,12.828160291187473,12.182630788543214,11.409829301307973
P12,NGEED,3,TURUN,F3,frontal,kiri,279.502,280.629,1.611,1.128,ok,video,0.0,True,False,False,12.868297862014032,7.857219148968682,9.036608620303785,10.231037722550091
P12,NGEED,3,TURUN,C3,sentral,kiri,279.502,280.629,1.611,1.128,ok,video,0.0,True,False,False,13.024933819547584,7.133906709304519,9.619712870445404,10.159001996872469
P12,NGEED,3,TURUN,P3,parietal,kiri,279.502,280.629,1.611,1.128,ok,video,0.0,True,False,False,12.811976418075531,7.015115076125966,8.816418389852966,10.287998840704525
P12,NGEED,3,TURUN,O1,oksipital,kiri,279.502,280.629,1.611,1.128,ok,video,0.0,True,False,False,11.997971344340485,10.268813146982673,8.98637032769993,10.314280774536385
P12,NGEED,3,TURUN,F7,frontotemporal,kiri,279.502,280.629,1.611,1.128,ok,video,0.0,True,False,False,10.809461440600387,4.6931969909501134,7.164691729451732,8.006519044276196
P12,NGEED,3,TURUN,T3,temporal,kiri,279.502,280.629,1.611,1.128,ok,video,0.0,True,False,False,12.056717310297813,6.163717174566486,6.642292444814029,8.612794558827787
P12,NGEED,3,TURUN,T5,temporo-posterior,kiri,279.502,280.629,1.611,1.128,ok,video,0.0,True,False,False,13.116822151715787,6.9019653308304925,9.219752842553667,10.113599658409491
P12,NGEED,3,TURUN,Fp2,frontopolar,kanan,279.502,280.629,1.611,1.128,ok,video,0.0,True,False,False,12.627565692974464,16.658290327074724,14.362427887881328,11.332000660860125
P12,NGEED,3,TURUN,F4,frontal,kanan,279.502,280.629,1.611,1.128,ok,video,0.0,True,False,False,8.54915850156457,10.150652121781988,11.351115661191848,7.737634808058026
P12,NGEED,3,TURUN,C4,sentral,kanan,279.502,280.629,1.611,1.128,ok,video,0.0,True,False,False,8.553924400831733,9.278884309208017,10.453186938877913,7.440218305088003
P12,NGEED,3,TURUN,P4,parietal,kanan,279.502,280.629,1.611,1.128,ok,video,0.0,True,False,False,7.939257125228899,7.360185299796029,10.00548764181897,6.2662721381952835
P12,NGEED,3,TURUN,O2,oksipital,kanan,279.502,280.629,1.611,1.128,ok,video,0.0,True,False,False,9.397924041359197,8.465936796709968,10.536737085438336,8.326472924622585
P12,NGEED,3,TURUN,F8,frontotemporal,kanan,279.502,280.629,1.611,1.128,ok,video,0.0,True,False,False,3.0340689933791225,7.56500877883672,9.631162666677724,4.207229832067959
P12,NGEED,3,TURUN,T4,temporal,kanan,279.502,280.629,1.611,1.128,ok,video,0.0,True,False,False,2.822746382523725,7.3943993993975425,11.516439931118192,4.693049178075341
P12,NGEED,3,TURUN,T6,temporo-posterior,kanan,279.502,280.629,1.611,1.128,ok,video,0.0,True,False,False,6.723813799054582,7.00657393598582,9.26586223964448,6.477558109656137
P12,NGEED,3,TAHAN,Fp1,frontopolar,kiri,281.121,283.815,3.194,2.694,ok,video,0.0,True,False,False,3.3737711220349382,4.0109312269367265,-0.2330445951789919,2.0877808552153
P12,NGEED,3,TAHAN,F3,frontal,kiri,281.121,283.815,3.194,2.694,ok,video,0.283,True,True,False,4.1007724135761165,4.1037580884031755,2.9142749581816467,3.2963159363570114
P12,NGEED,3,TAHAN,C3,sentral,kiri,281.121,283.815,3.194,2.694,ok,video,0.283,True,True,False,3.7214551086373646,3.666842135358813,2.3966133049072944,3.17847323780407
P12,NGEED,3,TAHAN,P3,parietal,kiri,281.121,283.815,3.194,2.694,ok,video,0.357,True,True,False,3.179789085170505,3.3062996352815333,1.51204521180264,2.9987837367063364
P12,NGEED,3,TAHAN,O1,oksipital,kiri,281.121,283.815,3.194,2.694,ok,video,0.283,True,True,False,3.1027146572729336,3.7403994311810678,3.3403423304626187,3.276657141121845
P12,NGEED,3,TAHAN,F7,frontotemporal,kiri,281.121,283.815,3.194,2.694,ok,video,0.223,True,True,False,4.296941449036538,3.465792807463565,2.7302955155385646,3.287612679955643
P12,NGEED,3,TAHAN,T3,temporal,kiri,281.121,283.815,3.194,2.694,ok,video,0.357,True,True,False,2.2905363839704407,2.3657355767096817,-0.9648451183727929,1.1407242512045528
P12,NGEED,3,TAHAN,T5,temporo-posterior,kiri,281.121,283.815,3.194,2.694,ok,video,0.283,True,True,False,3.182479441559636,3.22537297689324,1.4188705804644997,2.310278201218459
P12,NGEED,3,TAHAN,Fp2,frontopolar,kanan,281.121,283.815,3.194,2.694,ok,video,0.0,True,False,False,3.493037080473812,4.211691091252483,-0.7049834424884196,1.9928985210649728
P12,NGEED,3,TAHAN,F4,frontal,kanan,281.121,283.815,3.194,2.694,ok,video,0.0,True,False,False,-1.5839977016441296,-0.4382822876492867,-1.3915218577498152,-3.2175229061728814
P12,NGEED,3,TAHAN,C4,sentral,kanan,281.121,283.815,3.194,2.694,ok,video,0.0,True,False,False,-1.1586439680976284,0.07914091553746516,-1.8799734069998202,-2.860393074777491
P12,NGEED,3,TAHAN,P4,parietal,kanan,281.121,283.815,3.194,2.694,ok,video,0.0,True,False,False,-0.8775007486875452,0.2719675902147358,-1.1853032335931175,-2.404931542013486
P12,NGEED,3,TAHAN,O2,oksipital,kanan,281.121,283.815,3.194,2.694,ok,video,0.0,True,False,False,0.7195889181993635,-1.7499002742905674,-1.2516855079979372,-0.9592473509913901
P12,NGEED,3,TAHAN,F8,frontotemporal,kanan,281.121,283.815,3.194,2.694,ok,video,0.0,True,False,False,5.311023219945497,3.5221040018758956,3.1371645096251584,4.599013176668876
P12,NGEED,3,TAHAN,T4,temporal,kanan,281.121,283.815,3.194,2.694,ok,video,0.0,True,False,False,-2.9077259206235055,-2.8480815049909225,-1.1268872873198603,-2.908172036129173
P12,NGEED,3,TAHAN,T6,temporo-posterior,kanan,281.121,283.815,3.194,2.694,ok,video,0.0,True,False,False,-3.026540751387607,-1.2577805108758895,-3.0673177217907117,-2.5405379713837917
P12,NGEED,3,NAIK,Fp1,frontopolar,kiri,284.165,284.631,0.666,0.466,ok,video,0.0,True,False,False,5.923265438740309,2.7588114788958933,-0.10867721501109173,5.0066768986781085
P12,NGEED,3,NAIK,F3,frontal,kiri,284.165,284.631,0.666,0.466,ok,video,0.0,True,False,False,0.19992662421051932,-3.4057575665670896,-0.3805588014153223,0.08156298520532346
P12,NGEED,3,NAIK,C3,sentral,kiri,284.165,284.631,0.666,0.466,ok,video,0.0,True,False,False,-3.0795918620854366,-5.436003819911942,-0.2593904883870266,-3.1021529725080796
P12,NGEED,3,NAIK,P3,parietal,kiri,284.165,284.631,0.666,0.466,ok,video,0.0,True,False,False,-2.753416825646852,-8.747553823197244,-2.2283426443541074,-3.20532326174083
P12,NGEED,3,NAIK,O1,oksipital,kiri,284.165,284.631,0.666,0.466,ok,video,0.0,True,False,False,1.60401911421053,-2.1684829912850674,2.472839278734824,1.2471278798172918
P12,NGEED,3,NAIK,F7,frontotemporal,kiri,284.165,284.631,0.666,0.466,ok,video,0.0,True,False,False,3.2431027280240556,-3.0701676013896773,2.5980668131922684,3.981925821881049
P12,NGEED,3,NAIK,T3,temporal,kiri,284.165,284.631,0.666,0.466,ok,video,0.0,True,False,False,-5.705091496299737,-5.173141476862465,-3.634126010595029,-8.444402977839346
P12,NGEED,3,NAIK,T5,temporo-posterior,kiri,284.165,284.631,0.666,0.466,ok,video,0.191,False,False,False,,,,
P12,NGEED,3,NAIK,Fp2,frontopolar,kanan,284.165,284.631,0.666,0.466,ok,video,0.0,True,False,False,9.704151768530664,5.09529720899247,2.2773436683545967,8.55836352683113
P12,NGEED,3,NAIK,F4,frontal,kanan,284.165,284.631,0.666,0.466,ok,video,0.0,True,False,False,5.531300006124788,-2.3428812478207277,4.916830509654069,3.8009058962904945
P12,NGEED,3,NAIK,C4,sentral,kanan,284.165,284.631,0.666,0.466,ok,video,0.0,True,False,False,2.792728017351834,-0.705692944267966,4.5262154461057165,1.2614248016835106
P12,NGEED,3,NAIK,P4,parietal,kanan,284.165,284.631,0.666,0.466,ok,video,0.0,True,False,False,4.523943762251719,-4.9507043905286,3.1951538555102807,2.1079216158390963
P12,NGEED,3,NAIK,O2,oksipital,kanan,284.165,284.631,0.666,0.466,ok,video,0.0,True,False,False,2.753314290069163,1.9935456913637566,5.244289211751738,2.0128077087540603
P12,NGEED,3,NAIK,F8,frontotemporal,kanan,284.165,284.631,0.666,0.466,ok,video,0.0,True,False,False,6.877878491941949,8.843937763159829,6.437295021111353,6.97253681209618
P12,NGEED,3,NAIK,T4,temporal,kanan,284.165,284.631,0.666,0.466,ok,video,0.0,True,False,False,7.349284290363386,3.5111004832030375,6.981867822033294,6.046716038464915
P12,NGEED,3,NAIK,T6,temporo-posterior,kanan,284.165,284.631,0.666,0.466,ok,video,0.0,True,False,False,-0.2306036685814874,4.9217880512312036,4.952453704743807,0.043619258450952714
P12,NGEED,3,POST,Fp1,frontopolar,kiri,285.231,286.731,1.5,1.5,ok,video,0.0,True,False,False,-3.7823562662047934,-2.223332855321644,-0.7001869302147092,-3.3274043354960163
P12,NGEED,3,POST,F3,frontal,kiri,285.231,286.731,1.5,1.5,ok,video,0.0,True,False,False,-4.8297746464654665,-2.5480861677609,-2.920297404072649,-5.045358181914274
P12,NGEED,3,POST,C3,sentral,kiri,285.231,286.731,1.5,1.5,ok,video,0.267,False,False,False,,,,
P12,NGEED,3,POST,P3,parietal,kiri,285.231,286.731,1.5,1.5,ok,video,0.0,True,False,False,-6.483190400491615,-2.4166899544956024,-4.407911969524303,-6.161758700381451
P12,NGEED,3,POST,O1,oksipital,kiri,285.231,286.731,1.5,1.5,ok,video,0.0,True,False,False,-5.6345144080261775,-2.926594583875719,-2.5949604237030783,-5.563619770643278
P12,NGEED,3,POST,F7,frontotemporal,kiri,285.231,286.731,1.5,1.5,ok,video,0.0,True,False,False,-6.399058379750031,-3.114483328276137,-5.88120740105073,-6.327246272167486
P12,NGEED,3,POST,T3,temporal,kiri,285.231,286.731,1.5,1.5,ok,video,0.267,False,False,False,,,,
P12,NGEED,3,POST,T5,temporo-posterior,kiri,285.231,286.731,1.5,1.5,ok,video,0.68,False,False,False,,,,
P12,NGEED,3,POST,Fp2,frontopolar,kanan,285.231,286.731,1.5,1.5,ok,video,0.0,True,False,False,1.0245143167950914,0.2154718937569271,2.9261812452163163,0.4353110043437738
P12,NGEED,3,POST,F4,frontal,kanan,285.231,286.731,1.5,1.5,ok,video,0.0,True,False,False,3.6640908724340306,2.760899597534639,4.117075782217441,2.889711328960651
P12,NGEED,3,POST,C4,sentral,kanan,285.231,286.731,1.5,1.5,ok,video,0.0,True,False,False,3.33655754046832,3.0035272741850534,3.986021311887278,2.589855669945919
P12,NGEED,3,POST,P4,parietal,kanan,285.231,286.731,1.5,1.5,ok,video,0.0,True,False,False,3.358231593635118,2.361616102933027,2.7422604237324357,1.869957680425209
P12,NGEED,3,POST,O2,oksipital,kanan,285.231,286.731,1.5,1.5,ok,video,0.0,True,False,False,2.105514119843626,-0.7969557333065183,0.9998428250326477,0.1808584173608594
P12,NGEED,3,POST,F8,frontotemporal,kanan,285.231,286.731,1.5,1.5,ok,video,0.0,True,False,False,6.745729405549326,6.184641611001119,6.66546654534222,5.642797505780209
P12,NGEED,3,POST,T4,temporal,kanan,285.231,286.731,1.5,1.5,ok,video,0.0,True,False,False,5.182936605789735,4.014195025866023,6.899189295183945,4.376427235313692
P12,NGEED,3,POST,T6,temporo-posterior,kanan,285.231,286.731,1.5,1.5,ok,video,0.0,True,False,False,2.3369906976508403,0.012446517105082933,2.947712861559854,1.021637331231041
P12,NGEED,4,PRA,Fp1,frontopolar,kiri,286.926,288.926,2.0,2.0,ok,video,0.0,True,False,False,3.4268126145141267,5.214043915106451,6.874146124338488,6.677218275230878
P12,NGEED,4,PRA,F3,frontal,kiri,286.926,288.926,2.0,2.0,ok,video,0.0,True,False,False,2.415135635953561,3.34822162710487,7.313227352430456,7.0781819715037955
P12,NGEED,4,PRA,C3,sentral,kiri,286.926,288.926,2.0,2.0,ok,video,0.0,True,False,False,3.389110466599419,3.2588418549332516,8.396479441737846,7.5475740413477865
P12,NGEED,4,PRA,P3,parietal,kiri,286.926,288.926,2.0,2.0,ok,video,0.0,True,False,False,1.5866588954738816,2.380699250033878,8.14777392354667,7.5157218018735605
P12,NGEED,4,PRA,O1,oksipital,kiri,286.926,288.926,2.0,2.0,ok,video,0.0,True,False,False,3.817096692317385,3.1594908317314108,8.88671336896359,7.172083786411989
P12,NGEED,4,PRA,F7,frontotemporal,kiri,286.926,288.926,2.0,2.0,ok,video,0.0,True,False,False,-0.06204310812789515,3.9438872498273554,5.750003617557368,4.588739407289836
P12,NGEED,4,PRA,T3,temporal,kiri,286.926,288.926,2.0,2.0,ok,video,0.0,True,False,False,2.6608765089199053,2.039631346544148,6.052719774364984,5.458584029682534
P12,NGEED,4,PRA,T5,temporo-posterior,kiri,286.926,288.926,2.0,2.0,ok,video,0.0,True,False,False,1.418873110800341,2.7636489111897404,7.350247330492394,7.228723395123602
P12,NGEED,4,PRA,Fp2,frontopolar,kanan,286.926,288.926,2.0,2.0,ok,video,0.0,True,False,False,7.710915374816828,8.374560096773934,6.3339819091643115,7.499732199041489
P12,NGEED,4,PRA,F4,frontal,kanan,286.926,288.926,2.0,2.0,ok,video,0.0,True,False,False,6.304886225566996,5.5038370513835915,6.490140657786036,5.62920114727919
P12,NGEED,4,PRA,C4,sentral,kanan,286.926,288.926,2.0,2.0,ok,video,0.0,True,False,False,6.001821842985969,5.33837670636138,6.473640660551638,5.516260763857666
P12,NGEED,4,PRA,P4,parietal,kanan,286.926,288.926,2.0,2.0,ok,video,0.0,True,False,False,6.570962995570483,4.733958977863111,6.451193352409771,6.2852988677342125
P12,NGEED,4,PRA,O2,oksipital,kanan,286.926,288.926,2.0,2.0,ok,video,0.0,True,False,False,5.8559501514566605,3.555595925872325,3.3061900892054474,4.542107467831421
P12,NGEED,4,PRA,F8,frontotemporal,kanan,286.926,288.926,2.0,2.0,ok,video,0.0,True,False,False,6.758255918025917,6.876694426565919,8.299821691721377,7.005019622764294
P12,NGEED,4,PRA,T4,temporal,kanan,286.926,288.926,2.0,2.0,ok,video,0.0,True,False,False,5.6295803311647035,3.2861831398651944,6.196099116993118,4.939613687417484
P12,NGEED,4,PRA,T6,temporo-posterior,kanan,286.926,288.926,2.0,2.0,ok,video,0.0,True,False,False,3.918941334673569,5.009288013693876,6.276960522400689,4.731573535086575
P12,NGEED,4,TURUN,Fp1,frontopolar,kiri,295.647,297.355,2.208,1.708,ok,video,0.0,True,False,False,6.1488631564612035,2.268589100556234,4.0206422370277615,2.936371609015204
P12,NGEED,4,TURUN,F3,frontal,kiri,295.647,297.355,2.208,1.708,ok,video,0.0,True,False,False,4.353257692049212,1.9961572743940934,4.81426508175797,2.1471347827560194
P12,NGEED,4,TURUN,C3,sentral,kiri,295.647,297.355,2.208,1.708,ok,video,0.0,True,False,False,5.590323996983756,2.1535559306458296,4.047882320303785,3.1393651874741337
P12,NGEED,4,TURUN,P3,parietal,kiri,295.647,297.355,2.208,1.708,ok,video,0.0,True,False,False,3.68285892926869,1.5193784566593536,4.300398955977659,2.180059139176045
P12,NGEED,4,TURUN,O1,oksipital,kiri,295.647,297.355,2.208,1.708,ok,video,0.0,True,False,False,2.845996765382786,2.537774534216588,5.713786222285478,2.3900437234287537
P12,NGEED,4,TURUN,F7,frontotemporal,kiri,295.647,297.355,2.208,1.708,ok,video,0.0,True,False,False,0.18929213180772564,-0.9295981547616776,0.18946183952208173,-0.8440401587347495
P12,NGEED,4,TURUN,T3,temporal,kiri,295.647,297.355,2.208,1.708,ok,video,0.0,True,False,False,0.23570543811892009,-0.3844730458974155,2.5661346175016497,-1.9177913401821414
P12,NGEED,4,TURUN,T5,temporo-posterior,kiri,295.647,297.355,2.208,1.708,ok,video,0.0,True,False,False,3.90399799902152,1.0395184651476725,3.589472063178306,1.450909170913853
P12,NGEED,4,TURUN,Fp2,frontopolar,kanan,295.647,297.355,2.208,1.708,ok,video,0.0,True,False,False,4.683343230185528,3.9719392035634655,5.035035695344245,2.661606833940006
P12,NGEED,4,TURUN,F4,frontal,kanan,295.647,297.355,2.208,1.708,ok,video,0.0,True,False,False,1.4836473331582098,0.4707427732502367,5.493987311131612,1.1339650058525663
P12,NGEED,4,TURUN,C4,sentral,kanan,295.647,297.355,2.208,1.708,ok,video,0.0,True,False,False,1.4102086854312574,0.6544129519541926,5.872532702943857,1.1615313877372344
P12,NGEED,4,TURUN,P4,parietal,kanan,295.647,297.355,2.208,1.708,ok,video,0.0,True,False,False,0.7225082213446896,-0.3966357611904314,5.552721017638287,0.2709435319218514
P12,NGEED,4,TURUN,O2,oksipital,kanan,295.647,297.355,2.208,1.708,ok,video,0.0,True,False,False,1.992163792558415,1.203088411097177,5.6927681740688065,1.249113352519288
P12,NGEED,4,TURUN,F8,frontotemporal,kanan,295.647,297.355,2.208,1.708,ok,video,0.0,True,False,False,4.974890235155996,6.217729691254817,9.399169427592177,5.568682854680745
P12,NGEED,4,TURUN,T4,temporal,kanan,295.647,297.355,2.208,1.708,ok,video,0.0,True,False,False,1.908406413416138,3.45578612663148,6.869612855633527,3.3009142061910737
P12,NGEED,4,TURUN,T6,temporo-posterior,kanan,295.647,297.355,2.208,1.708,ok,video,0.0,True,False,False,2.5038564899918683,1.5979959622485609,5.551550461521412,4.160037071353145
P12,NGEED,4,TAHAN,Fp1,frontopolar,kiri,297.855,301.146,3.791,3.291,ok,video,0.0,True,False,False,3.9073411419937756,3.403792950323023,-1.7891222843268686,4.93278196736933
P12,NGEED,4,TAHAN,F3,frontal,kiri,297.855,301.146,3.791,3.291,ok,video,0.0,True,False,False,3.761846868681495,3.6654618629134603,-1.5569446149014965,5.012607487159414
P12,NGEED,4,TAHAN,C3,sentral,kiri,297.855,301.146,3.791,3.291,ok,video,0.0,True,False,False,5.2492850581190496,4.396669887230715,1.4208927134384375,6.281720426918177
P12,NGEED,4,TAHAN,P3,parietal,kiri,297.855,301.146,3.791,3.291,ok,video,0.0,True,False,False,4.704586381854249,3.8858484213068607,1.3024725711323022,5.792904596342289
P12,NGEED,4,TAHAN,O1,oksipital,kiri,297.855,301.146,3.791,3.291,ok,video,0.0,True,False,False,5.137616151275154,4.174531337314058,1.5810463132569694,5.419429766495078
P12,NGEED,4,TAHAN,F7,frontotemporal,kiri,297.855,301.146,3.791,3.291,ok,video,0.0,True,False,False,0.9265736292001066,-1.1164211759863463,-0.6478908211654328,1.895638119516498
P12,NGEED,4,TAHAN,T3,temporal,kiri,297.855,301.146,3.791,3.291,ok,video,0.0,True,False,False,3.6973473117477553,2.3042794553247745,-1.5982023354083879,3.613526701875699
P12,NGEED,4,TAHAN,T5,temporo-posterior,kiri,297.855,301.146,3.791,3.291,ok,video,0.0,True,False,False,3.981925549044817,3.4469675778047844,-0.47034660725278243,5.280749295917268
P12,NGEED,4,TAHAN,Fp2,frontopolar,kanan,297.855,301.146,3.791,3.291,ok,video,0.0,True,False,False,0.6693898710457233,0.21959670984652035,-2.893654306106871,1.3192226801671438
P12,NGEED,4,TAHAN,F4,frontal,kanan,297.855,301.146,3.791,3.291,ok,video,0.0,True,False,False,0.6730329812581957,-2.610024087138328,-2.777391218764535,-0.26621138895289675
P12,NGEED,4,TAHAN,C4,sentral,kanan,297.855,301.146,3.791,3.291,ok,video,0.0,True,False,False,1.6786268295153377,-1.9502715153723074,-2.7396754625224915,0.8921362083191227
P12,NGEED,4,TAHAN,P4,parietal,kanan,297.855,301.146,3.791,3.291,ok,video,0.0,True,False,False,2.4388882071641405,-1.6345767407921556,-2.4158943083798015,1.6969820158980227
P12,NGEED,4,TAHAN,O2,oksipital,kanan,297.855,301.146,3.791,3.291,ok,video,0.0,True,False,False,2.965455817477711,-3.807633656822027,-2.7213941285112817,1.2995334919773072
P12,NGEED,4,TAHAN,F8,frontotemporal,kanan,297.855,301.146,3.791,3.291,ok,video,0.0,True,False,False,0.225915775423303,-1.3442653855027658,-2.8827427701567174,0.2733117096990654
P12,NGEED,4,TAHAN,T4,temporal,kanan,297.855,301.146,3.791,3.291,ok,video,0.0,True,False,False,-1.8922825033713622,-4.564971435791662,-3.8738108382764693,-2.0384707863710574
P12,NGEED,4,TAHAN,T6,temporo-posterior,kanan,297.855,301.146,3.791,3.291,ok,video,0.0,True,False,False,1.0854545083123597,-1.994802262539956,-3.8429386804009127,1.4061982478006172
P12,NGEED,4,NAIK,Fp1,frontopolar,kiri,301.486,301.903,0.597,0.418,ok,video,0.0,True,False,False,5.272964068178581,7.701508753887218,9.53179610295662,4.616384347540517
P12,NGEED,4,NAIK,F3,frontal,kiri,301.486,301.903,0.597,0.418,ok,video,0.0,True,False,False,4.589840111522804,6.474287240664047,9.493576834646813,5.570063635622503
P12,NGEED,4,NAIK,C3,sentral,kiri,301.486,301.903,0.597,0.418,ok,video,0.0,True,False,False,5.073219618431146,9.173795897772905,11.251769059363774,6.538123301417315
P12,NGEED,4,NAIK,P3,parietal,kiri,301.486,301.903,0.597,0.418,ok,video,0.0,True,False,False,4.138187414154132,7.52652558401882,10.19077552584611,5.763682792807678
P12,NGEED,4,NAIK,O1,oksipital,kiri,301.486,301.903,0.597,0.418,ok,video,0.0,True,False,False,5.167116778703978,7.614050831374797,10.187721098351645,7.034515989846895
P12,NGEED,4,NAIK,F7,frontotemporal,kiri,301.486,301.903,0.597,0.418,ok,video,0.0,True,False,False,3.5649933975859653,7.202378840003888,9.022646589294062,4.115504749374921
P12,NGEED,4,NAIK,T3,temporal,kiri,301.486,301.903,0.597,0.418,ok,video,0.0,True,False,False,3.2109277304973887,6.465121941404249,8.512622602417824,3.147697596488051
P12,NGEED,4,NAIK,T5,temporo-posterior,kiri,301.486,301.903,0.597,0.418,ok,video,0.0,True,False,False,3.948981748348288,7.648622557995324,10.342125862159705,5.083668558050682
P12,NGEED,4,NAIK,Fp2,frontopolar,kanan,301.486,301.903,0.597,0.418,ok,video,0.0,True,False,False,4.621677371689344,6.422239245942144,6.0385332121380735,3.5252090927756186
P12,NGEED,4,NAIK,F4,frontal,kanan,301.486,301.903,0.597,0.418,ok,video,0.0,True,False,False,0.48042979419413,4.527804782491771,5.5312365961071635,0.7119921757573451
P12,NGEED,4,NAIK,C4,sentral,kanan,301.486,301.903,0.597,0.418,ok,video,0.0,True,False,False,2.6432105360937044,5.1534659093447175,4.378851235670169,1.5373473817043717
P12,NGEED,4,NAIK,P4,parietal,kanan,301.486,301.903,0.597,0.418,ok,video,0.0,True,False,False,2.3884506741431935,6.7617813948003445,5.532741709543327,2.446848152606279
P12,NGEED,4,NAIK,O2,oksipital,kanan,301.486,301.903,0.597,0.418,ok,video,0.0,True,False,False,3.95043270130202,3.3235119415388397,1.719883878752423,2.3576117047310063
P12,NGEED,4,NAIK,F8,frontotemporal,kanan,301.486,301.903,0.597,0.418,ok,video,0.0,True,False,False,0.9733286884701897,2.739013570588803,4.152650569887911,0.07614734651387778
P12,NGEED,4,NAIK,T4,temporal,kanan,301.486,301.903,0.597,0.418,ok,video,0.0,True,False,False,2.522139454072601,4.2302261805163965,1.7841678573025135,2.3242982330382986
P12,NGEED,4,NAIK,T6,temporo-posterior,kanan,301.486,301.903,0.597,0.418,ok,video,0.0,True,False,False,5.278422111338301,5.3779346818269005,6.3541755672526,5.415385802054253
P12,NGEED,4,POST,Fp1,frontopolar,kiri,302.493,303.993,1.5,1.5,ok,video,0.0,True,False,False,12.408926664080795,6.3671826946236365,5.727849252978203,9.869433591544208
P12,NGEED,4,POST,F3,frontal,kiri,302.493,303.993,1.5,1.5,ok,video,0.0,True,False,False,11.294166327288899,5.423629537022272,5.927129094571196,9.801904512077812
P12,NGEED,4,POST,C3,sentral,kiri,302.493,303.993,1.5,1.5,ok,video,0.0,True,False,False,10.877810817586088,5.670898841545991,5.1003077272798905,10.073155283656853
P12,NGEED,4,POST,P3,parietal,kiri,302.493,303.993,1.5,1.5,ok,video,0.0,True,False,False,12.553322220435398,5.042712174132859,6.563416227082957,10.539928555753697
P12,NGEED,4,POST,O1,oksipital,kiri,302.493,303.993,1.5,1.5,ok,video,0.0,True,False,False,11.37835746354007,3.748341876944437,5.270770907731183,10.53090259847923
P12,NGEED,4,POST,F7,frontotemporal,kiri,302.493,303.993,1.5,1.5,ok,video,0.0,True,False,False,12.061293852474847,3.8828351524157583,3.6159189072675915,9.124028358796735
P12,NGEED,4,POST,T3,temporal,kiri,302.493,303.993,1.5,1.5,ok,video,0.0,True,False,False,12.83958030111446,5.007218962869025,4.407128353283685,9.322053548622229
P12,NGEED,4,POST,T5,temporo-posterior,kiri,302.493,303.993,1.5,1.5,ok,video,0.0,True,False,False,12.262253124278303,5.919464123774475,6.0991568472760775,10.157119078766605
P12,NGEED,4,POST,Fp2,frontopolar,kanan,302.493,303.993,1.5,1.5,ok,video,0.0,True,False,False,10.85373737972946,6.255593591477677,5.74120663087167,7.780212535854034
P12,NGEED,4,POST,F4,frontal,kanan,302.493,303.993,1.5,1.5,ok,video,0.0,True,False,False,7.851177664281778,3.4554918536616483,4.177886440199984,4.627610877402304
P12,NGEED,4,POST,C4,sentral,kanan,302.493,303.993,1.5,1.5,ok,video,0.0,True,False,False,8.693253708583015,3.7639882582473163,3.9172123065172784,5.199237261130513
P12,NGEED,4,POST,P4,parietal,kanan,302.493,303.993,1.5,1.5,ok,video,0.0,True,False,False,8.847928928281448,3.943887298212786,3.3910069071470836,5.314443150814149
P12,NGEED,4,POST,O2,oksipital,kanan,302.493,303.993,1.5,1.5,ok,video,0.0,True,False,False,8.558350884277928,2.3709045705465783,2.6190551690775017,4.943663183001057
P12,NGEED,4,POST,F8,frontotemporal,kanan,302.493,303.993,1.5,1.5,ok,video,0.0,True,False,False,4.822119913867461,2.8758866877426,4.089777283061743,2.653236606171447
P12,NGEED,4,POST,T4,temporal,kanan,302.493,303.993,1.5,1.5,ok,video,0.0,True,False,False,6.47077544699895,4.837632251814227,7.044702171283973,4.057224429620739
P12,NGEED,4,POST,T6,temporo-posterior,kanan,302.493,303.993,1.5,1.5,ok,video,0.0,True,False,False,6.262560596585395,1.3532639506250135,3.587006051651567,3.8382949164853812
P12,AGEM KANAN,3,PRA,Fp1,frontopolar,kiri,309.727,311.727,2.0,2.0,ok,video,0.0,True,False,False,10.482697071905257,10.392439221595204,7.135840479194549,8.512697954802647
P12,AGEM KANAN,3,PRA,F3,frontal,kiri,309.727,311.727,2.0,2.0,ok,video,0.0,True,False,False,9.469128718035606,8.277282312437052,7.786161681465654,8.642180539443352
P12,AGEM KANAN,3,PRA,C3,sentral,kiri,309.727,311.727,2.0,2.0,ok,video,0.0,True,False,False,9.307087279260813,8.849719684776034,8.010754347390908,8.619344085447786
P12,AGEM KANAN,3,PRA,P3,parietal,kiri,309.727,311.727,2.0,2.0,ok,video,0.0,True,False,False,9.645775999920893,9.204339050900252,7.912491262418673,8.677990500005656
P12,AGEM KANAN,3,PRA,O1,oksipital,kiri,309.727,311.727,2.0,2.0,ok,video,0.0,True,False,False,8.826338300150589,6.671302380183967,7.79705235748812,8.361817934025751
P12,AGEM KANAN,3,PRA,F7,frontotemporal,kiri,309.727,311.727,2.0,2.0,ok,video,0.0,True,False,False,6.7254961009601715,3.9348040840013567,5.487562136025382,5.448834799654122
P12,AGEM KANAN,3,PRA,T3,temporal,kiri,309.727,311.727,2.0,2.0,ok,video,0.0,True,False,False,8.604899595236468,8.008980530686166,6.286714014209476,6.470382441669443
P12,AGEM KANAN,3,PRA,T5,temporo-posterior,kiri,309.727,311.727,2.0,2.0,ok,video,0.0,True,False,False,9.713803897984107,9.101419652874732,7.097665987725222,8.53944777249334
P12,AGEM KANAN,3,PRA,Fp2,frontopolar,kanan,309.727,311.727,2.0,2.0,ok,video,0.0,True,False,False,9.013140626894725,9.941699396830018,7.458239961781008,7.356452865099762
P12,AGEM KANAN,3,PRA,F4,frontal,kanan,309.727,311.727,2.0,2.0,ok,video,0.0,True,False,False,7.450934407515042,7.763605924983139,6.564955535731883,6.5231412961654485
P12,AGEM KANAN,3,PRA,C4,sentral,kanan,309.727,311.727,2.0,2.0,ok,video,0.0,True,False,False,7.028384867371862,7.50868779566003,7.2607789942695575,6.217955785698891
P12,AGEM KANAN,3,PRA,P4,parietal,kanan,309.727,311.727,2.0,2.0,ok,video,0.0,True,False,False,6.350850580797498,7.7481069202938215,7.8138934181396955,5.987234956158758
P12,AGEM KANAN,3,PRA,O2,oksipital,kanan,309.727,311.727,2.0,2.0,ok,video,0.0,True,False,False,5.213838318363997,6.442674054953514,6.379271862935003,5.1938157787167825
P12,AGEM KANAN,3,PRA,F8,frontotemporal,kanan,309.727,311.727,2.0,2.0,ok,video,0.0,True,False,False,4.280873974434378,6.024074942670744,7.111559538509034,4.098233262872043
P12,AGEM KANAN,3,PRA,T4,temporal,kanan,309.727,311.727,2.0,2.0,ok,video,0.0,True,False,False,6.307431534901809,6.698908885704739,6.70361239799189,5.233730808826799
P12,AGEM KANAN,3,PRA,T6,temporo-posterior,kanan,309.727,311.727,2.0,2.0,ok,video,0.0,True,False,False,4.638797837019403,5.413874930752627,7.124866222541069,3.2781637630747085
P12,AGEM KANAN,3,TURUN,Fp1,frontopolar,kiri,311.948,312.979,1.473,1.031,ok,video,0.0,True,False,False,12.122380946414516,7.057422864846039,7.113513699017105,10.814866317584375
P12,AGEM KANAN,3,TURUN,F3,frontal,kiri,311.948,312.979,1.473,1.031,ok,video,0.0,True,False,False,12.104998826085435,5.346603136462171,7.930793288798849,11.279759887599546
P12,AGEM KANAN,3,TURUN,C3,sentral,kiri,311.948,312.979,1.473,1.031,ok,video,0.0,True,False,False,12.712188801125464,6.07788613659833,8.523264669904904,11.736369766211517
P12,AGEM KANAN,3,TURUN,P3,parietal,kiri,311.948,312.979,1.473,1.031,ok,video,0.0,True,False,False,12.69966290699071,5.627972272670512,8.04768287278711,11.736922416011389
P12,AGEM KANAN,3,TURUN,O1,oksipital,kiri,311.948,312.979,1.473,1.031,ok,video,0.0,True,False,False,12.81796580826633,5.909042415153365,9.324135093262939,11.759730410724643
P12,AGEM KANAN,3,TURUN,F7,frontotemporal,kiri,311.948,312.979,1.473,1.031,ok,video,0.0,True,False,False,8.484920324178134,2.9909022343242455,4.377091258311864,7.231759916831962
P12,AGEM KANAN,3,TURUN,T3,temporal,kiri,311.948,312.979,1.473,1.031,ok,video,0.0,True,False,False,12.665259510805065,5.822594940146594,7.7736980847966315,10.374120221824427
P12,AGEM KANAN,3,TURUN,T5,temporo-posterior,kiri,311.948,312.979,1.473,1.031,ok,video,0.0,True,False,False,12.904611008361684,6.148809756797476,8.566208112422139,11.738127050156244
P12,AGEM KANAN,3,TURUN,Fp2,frontopolar,kanan,311.948,312.979,1.473,1.031,ok,video,0.0,True,False,False,11.33493492095036,8.661304470122012,8.402577221020909,9.976280213898015
P12,AGEM KANAN,3,TURUN,F4,frontal,kanan,311.948,312.979,1.473,1.031,ok,video,0.0,True,False,False,9.54607876339881,6.033446499279059,8.652006237166574,8.805776285471794
P12,AGEM KANAN,3,TURUN,C4,sentral,kanan,311.948,312.979,1.473,1.031,ok,video,0.0,True,False,False,10.514811668192188,6.0687829743525725,9.022339590344735,9.859192372330185
P12,AGEM KANAN,3,TURUN,P4,parietal,kanan,311.948,312.979,1.473,1.031,ok,video,0.0,True,False,False,10.008037155403187,6.921562480048074,9.564915506076598,9.75677118238621
P12,AGEM KANAN,3,TURUN,O2,oksipital,kanan,311.948,312.979,1.473,1.031,ok,video,0.0,True,False,False,10.391380436982658,4.903818780017069,9.287251497244252,9.130866630414197
P12,AGEM KANAN,3,TURUN,F8,frontotemporal,kanan,311.948,312.979,1.473,1.031,ok,video,0.0,True,False,False,9.409040587155403,9.362212257640408,9.200293182163243,9.13083536762251
P12,AGEM KANAN,3,TURUN,T4,temporal,kanan,311.948,312.979,1.473,1.031,ok,video,0.0,True,False,False,6.428151525850602,5.397165156774761,7.86816176752432,6.172767590508691
P12,AGEM KANAN,3,TURUN,T6,temporo-posterior,kanan,311.948,312.979,1.473,1.031,ok,video,0.0,True,False,False,9.241799560278665,7.340697553023524,10.985999488516999,7.1120964315450195
P12,AGEM KANAN,3,TAHAN,Fp1,frontopolar,kiri,313.45,315.81,2.86,2.36,ok,video,0.0,True,False,False,1.4852373614047494,2.60193905574711,1.0953005554862543,0.6289375633192691
P12,AGEM KANAN,3,TAHAN,F3,frontal,kiri,313.45,315.81,2.86,2.36,ok,video,0.0,True,False,False,1.8317926820400388,2.363480246881096,0.2878732799699506,1.0634361220218977
P12,AGEM KANAN,3,TAHAN,C3,sentral,kiri,313.45,315.81,2.86,2.36,ok,video,0.0,True,False,False,3.6942258535353005,3.6779956211779847,1.655043967374219,2.5639465096524034
P12,AGEM KANAN,3,TAHAN,P3,parietal,kiri,313.45,315.81,2.86,2.36,ok,video,0.0,True,False,False,2.252530246481328,2.7394143272960605,0.6733725855643691,1.1961965849335456
P12,AGEM KANAN,3,TAHAN,O1,oksipital,kiri,313.45,315.81,2.86,2.36,ok,video,0.0,True,False,False,4.124930424892305,4.23945291126671,1.3859917483663509,2.8521851075844964
P12,AGEM KANAN,3,TAHAN,F7,frontotemporal,kiri,313.45,315.81,2.86,2.36,ok,video,0.0,True,False,False,-0.446695435553508,-0.23249104062192316,-1.6865525960412135,-1.2937251884296543
P12,AGEM KANAN,3,TAHAN,T3,temporal,kiri,313.45,315.81,2.86,2.36,ok,video,0.0,True,False,False,2.1591078364690617,2.6026388756996823,-0.2910365240396864,0.1347058473746685
P12,AGEM KANAN,3,TAHAN,T5,temporo-posterior,kiri,313.45,315.81,2.86,2.36,ok,video,0.0,True,False,False,2.2622242290568195,1.6799401465273007,0.4795007622608054,0.9761947224671061
P12,AGEM KANAN,3,TAHAN,Fp2,frontopolar,kanan,313.45,315.81,2.86,2.36,ok,video,0.0,True,False,False,-0.12312166673277147,1.0183199877223714,1.103374462045302,-0.9722920428980899
P12,AGEM KANAN,3,TAHAN,F4,frontal,kanan,313.45,315.81,2.86,2.36,ok,video,0.0,True,False,False,2.264990957197952,-1.914453760318473,2.2124286990678144,-0.46502466265756226
P12,AGEM KANAN,3,TAHAN,C4,sentral,kanan,313.45,315.81,2.86,2.36,ok,video,0.0,True,False,False,3.474974231501058,-1.6520072687931133,1.7895851699858056,0.3782435242479849
P12,AGEM KANAN,3,TAHAN,P4,parietal,kanan,313.45,315.81,2.86,2.36,ok,video,0.0,True,False,False,3.127438444543678,-1.292256546385346,1.61771339937928,0.21450576174821379
P12,AGEM KANAN,3,TAHAN,O2,oksipital,kanan,313.45,315.81,2.86,2.36,ok,video,0.0,True,False,False,5.158381437256388,-1.3970795401369784,1.4521951088624867,1.3539087277990092
P12,AGEM KANAN,3,TAHAN,F8,frontotemporal,kanan,313.45,315.81,2.86,2.36,ok,video,0.0,True,False,False,3.2665001954809227,2.510963909870874,5.9956830040968185,2.61618145366684
P12,AGEM KANAN,3,TAHAN,T4,temporal,kanan,313.45,315.81,2.86,2.36,ok,video,0.0,True,False,False,2.1878645250962805,-1.4942934424625776,2.651272118300234,0.5221509797248558
P12,AGEM KANAN,3,TAHAN,T6,temporo-posterior,kanan,313.45,315.81,2.86,2.36,ok,video,0.0,True,False,False,2.690320240397803,0.9891958091831086,4.522606428107391,1.1229986951930826
P12,AGEM KANAN,3,NAIK,Fp1,frontopolar,kiri,316.141,316.521,0.542,0.379,ok,video,0.0,True,False,False,9.683117705344905,13.628449535294735,15.666134187960864,9.73719541134352
P12,AGEM KANAN,3,NAIK,F3,frontal,kiri,316.141,316.521,0.542,0.379,ok,video,0.0,True,False,False,7.887170254636921,13.650638955241561,13.745617063928943,9.072985736630592
P12,AGEM KANAN,3,NAIK,C3,sentral,kiri,316.141,316.521,0.542,0.379,ok,video,0.0,True,False,False,10.02529438915078,14.51888206313891,15.006110792896898,10.582694484383708
P12,AGEM KANAN,3,NAIK,P3,parietal,kiri,316.141,316.521,0.542,0.379,ok,video,0.0,True,False,False,6.2993506989533685,13.690196311811057,14.120219489408658,9.324800504736928
P12,AGEM KANAN,3,NAIK,O1,oksipital,kiri,316.141,316.521,0.542,0.379,ok,video,0.0,True,False,False,6.6576818650494545,12.390935545160524,11.91525585581119,7.881328518003471
P12,AGEM KANAN,3,NAIK,F7,frontotemporal,kiri,316.141,316.521,0.542,0.379,ok,video,0.0,True,False,False,10.311962909852845,14.525874953370803,15.314184670722852,11.882897594224644
P12,AGEM KANAN,3,NAIK,T3,temporal,kiri,316.141,316.521,0.542,0.379,ok,video,0.0,True,False,False,6.721566764389948,14.9019589463745,14.723393179425909,9.401669605386672
P12,AGEM KANAN,3,NAIK,T5,temporo-posterior,kiri,316.141,316.521,0.542,0.379,ok,video,0.0,True,False,False,8.359970032893472,13.756890038927295,14.28895970221059,9.180251326658137
P12,AGEM KANAN,3,NAIK,Fp2,frontopolar,kanan,316.141,316.521,0.542,0.379,ok,video,0.0,True,False,False,9.668862101733708,12.8132869990498,14.804633396024531,8.551721952121696
P12,AGEM KANAN,3,NAIK,F4,frontal,kanan,316.141,316.521,0.542,0.379,ok,video,0.0,True,False,False,12.60330923932063,11.195275212400738,14.882935781338915,12.02900481485053
P12,AGEM KANAN,3,NAIK,C4,sentral,kanan,316.141,316.521,0.542,0.379,ok,video,0.0,True,False,False,12.793083004136761,9.545827643654192,15.859564388594336,11.671990011769786
P12,AGEM KANAN,3,NAIK,P4,parietal,kanan,316.141,316.521,0.542,0.379,ok,video,0.0,True,False,False,9.900054497647588,10.681286220127937,13.1700320973825,10.12084657485174
P12,AGEM KANAN,3,NAIK,O2,oksipital,kanan,316.141,316.521,0.542,0.379,ok,video,0.0,True,False,False,4.486591160950475,9.351013882058595,10.92249084341346,5.940787022412287
P12,AGEM KANAN,3,NAIK,F8,frontotemporal,kanan,316.141,316.521,0.542,0.379,ok,video,0.0,True,False,False,7.040939125605981,13.794703232724515,14.200015811770747,9.710036791424287
P12,AGEM KANAN,3,NAIK,T4,temporal,kanan,316.141,316.521,0.542,0.379,ok,video,0.0,True,False,False,8.568609675060685,14.38757841070295,15.999021326513756,10.867027292498008
P12,AGEM KANAN,3,NAIK,T6,temporo-posterior,kanan,316.141,316.521,0.542,0.379,ok,video,0.0,True,False,False,4.903515893345144,10.633457515614936,11.96364446097174,5.959306262739986
P12,AGEM KANAN,3,POST,Fp1,frontopolar,kiri,317.102,318.602,1.5,1.5,ok,video,0.0,True,False,False,-1.3160699405323228,-2.1866658436957316,-2.2284996872118796,0.371727050523603
P12,AGEM KANAN,3,POST,F3,frontal,kiri,317.102,318.602,1.5,1.5,ok,video,0.0,True,False,False,-3.585787243010067,-5.838885897805344,-5.311736319977879,-2.8659877269127065
P12,AGEM KANAN,3,POST,C3,sentral,kiri,317.102,318.602,1.5,1.5,ok,video,0.0,True,False,False,-3.6030718730723734,-6.207476785596427,-5.897851384374739,-3.063344288262485
P12,AGEM KANAN,3,POST,P3,parietal,kiri,317.102,318.602,1.5,1.5,ok,video,0.0,True,False,False,-4.756765949552829,-7.234435709953651,-6.832409451364612,-4.244054528986588
P12,AGEM KANAN,3,POST,O1,oksipital,kiri,317.102,318.602,1.5,1.5,ok,video,0.0,True,False,False,-4.357366729407062,-8.122138119425696,-6.600487880620637,-2.7942946444200913
P12,AGEM KANAN,3,POST,F7,frontotemporal,kiri,317.102,318.602,1.5,1.5,ok,video,0.0,True,False,False,-3.289575038350492,-7.086400286094282,-6.226205350189584,-2.15921895282942
P12,AGEM KANAN,3,POST,T3,temporal,kiri,317.102,318.602,1.5,1.5,ok,video,0.233,True,True,False,-5.160874822571401,-4.7641522605868225,-7.344461378443231,-6.973470331715848
P12,AGEM KANAN,3,POST,T5,temporo-posterior,kiri,317.102,318.602,1.5,1.5,ok,video,0.0,True,False,False,-5.103399555275807,-6.281144654199458,-5.937512671249053,-5.4847168546316745
P12,AGEM KANAN,3,POST,Fp2,frontopolar,kanan,317.102,318.602,1.5,1.5,ok,video,0.0,True,False,False,-0.6880299755174661,2.332251603592347,0.5642650348176659,-0.07501132450431669
P12,AGEM KANAN,3,POST,F4,frontal,kanan,317.102,318.602,1.5,1.5,ok,video,0.0,True,False,False,-1.640255124388915,0.9117286762662644,0.12304262419342393,2.753847780310899
P12,AGEM KANAN,3,POST,C4,sentral,kanan,317.102,318.602,1.5,1.5,ok,video,0.0,True,False,False,0.09597400891780694,0.3810322171840852,-1.582559702626785,3.1109473457882544
P12,AGEM KANAN,3,POST,P4,parietal,kanan,317.102,318.602,1.5,1.5,ok,video,0.0,True,False,False,1.4132333066957372,-0.2158385513520642,-1.5340710397232549,4.496982167910936
P12,AGEM KANAN,3,POST,O2,oksipital,kanan,317.102,318.602,1.5,1.5,ok,video,0.0,True,False,False,2.088201153295067,-1.1171887702161811,-0.5348020388131509,5.735845908612255
P12,AGEM KANAN,3,POST,F8,frontotemporal,kanan,317.102,318.602,1.5,1.5,ok,video,0.0,True,False,False,5.371797061381905,5.414526690609037,3.6918405652685635,6.073885347499868
P12,AGEM KANAN,3,POST,T4,temporal,kanan,317.102,318.602,1.5,1.5,ok,video,0.0,True,False,False,4.448689492825309,4.626144762535382,2.4054566505290182,5.851170817593953
P12,AGEM KANAN,3,POST,T6,temporo-posterior,kanan,317.102,318.602,1.5,1.5,ok,video,0.0,True,False,False,-0.20691028192999283,-0.5726482952519092,-1.4029153005189379,2.1755704489408814
P12,AGEM KANAN,4,PRA,Fp1,frontopolar,kiri,319.601,321.601,2.0,2.0,ok,video,0.0,True,False,False,0.2905035663517026,0.6364236705422854,2.7784497138568227,-0.21003072073622064
P12,AGEM KANAN,4,PRA,F3,frontal,kiri,319.601,321.601,2.0,2.0,ok,video,0.0,True,False,False,-4.034995898579396,-3.0289229788553484,-2.348101729546581,-3.445252774187921
P12,AGEM KANAN,4,PRA,C3,sentral,kiri,319.601,321.601,2.0,2.0,ok,video,0.0,True,False,False,-5.112196814778969,-4.200373361044299,-3.498179954230757,-4.476484334862057
P12,AGEM KANAN,4,PRA,P3,parietal,kiri,319.601,321.601,2.0,2.0,ok,video,0.0,True,False,False,-6.558337882462254,-5.6516957887444725,-4.8964881585910085,-5.895227576642547
P12,AGEM KANAN,4,PRA,O1,oksipital,kiri,319.601,321.601,2.0,2.0,ok,video,0.0,True,False,False,-5.746334170811757,-4.9736128396017705,-3.574954216383375,-4.605593775662754
P12,AGEM KANAN,4,PRA,F7,frontotemporal,kiri,319.601,321.601,2.0,2.0,ok,video,0.0,True,False,False,-1.0461969358534517,-1.02627688610648,-1.7746429512179098,-1.307719114028849
P12,AGEM KANAN,4,PRA,T3,temporal,kiri,319.601,321.601,2.0,2.0,ok,video,0.0,True,False,False,-6.061673247771786,-3.6820389716429958,-4.703167988763038,-6.092337783309112
P12,AGEM KANAN,4,PRA,T5,temporo-posterior,kiri,319.601,321.601,2.0,2.0,ok,video,0.075,True,False,False,-5.3616026321685695,-5.525562331498147,-6.359626663321571,-4.845337239454416
P12,AGEM KANAN,4,PRA,Fp2,frontopolar,kanan,319.601,321.601,2.0,2.0,ok,video,0.0,True,False,False,4.780436785492583,2.1069671308933238,4.723489621616924,3.926297430161611
P12,AGEM KANAN,4,PRA,F4,frontal,kanan,319.601,321.601,2.0,2.0,ok,video,0.0,True,False,False,4.713894430716209,4.049591446786643,4.196486962888628,3.979744063239586
P12,AGEM KANAN,4,PRA,C4,sentral,kanan,319.601,321.601,2.0,2.0,ok,video,0.0,True,False,False,2.5611823102079967,2.4512620922574655,3.2565477308638933,1.3963618961550637
P12,AGEM KANAN,4,PRA,P4,parietal,kanan,319.601,321.601,2.0,2.0,ok,video,0.0,True,False,False,3.0205487277375695,3.465200675635977,2.9040236608507506,1.8905184920230909
P12,AGEM KANAN,4,PRA,O2,oksipital,kanan,319.601,321.601,2.0,2.0,ok,video,0.0,True,False,False,3.7088707402802257,3.505472013555277,4.049071797265849,1.8133410154768512
P12,AGEM KANAN,4,PRA,F8,frontotemporal,kanan,319.601,321.601,2.0,2.0,ok,video,0.0,True,False,False,4.918908586513403,3.836034558603437,5.855024094757788,5.034058399895805
P12,AGEM KANAN,4,PRA,T4,temporal,kanan,319.601,321.601,2.0,2.0,ok,video,0.0,True,False,False,4.200617243519602,5.676229975015481,5.737892648198752,4.1347476939528605
P12,AGEM KANAN,4,PRA,T6,temporo-posterior,kanan,319.601,321.601,2.0,2.0,ok,video,0.0,True,False,False,1.331221552872698,3.338962793071751,3.7004890342618317,0.14801628609706796
P12,AGEM KANAN,4,TURUN,Fp1,frontopolar,kiri,327.299,328.096,1.139,0.797,ok,video,0.0,True,False,False,3.25515013951388,5.761405849048707,8.527106315562037,8.230149540899369
P12,AGEM KANAN,4,TURUN,F3,frontal,kiri,327.299,328.096,1.139,0.797,ok,video,0.0,True,False,False,5.115918927018903,5.380642799996124,6.349616248179924,9.146025591946
P12,AGEM KANAN,4,TURUN,C3,sentral,kiri,327.299,328.096,1.139,0.797,ok,video,0.0,True,False,False,6.011236151478009,6.90372368876227,7.910554139395359,9.680898913396966
P12,AGEM KANAN,4,TURUN,P3,parietal,kiri,327.299,328.096,1.139,0.797,ok,video,0.0,True,False,False,7.669332244767531,6.477341872271062,7.095262826333883,9.777357605795991
P12,AGEM KANAN,4,TURUN,O1,oksipital,kiri,327.299,328.096,1.139,0.797,ok,video,0.0,True,False,False,6.99691514979002,7.139252189282509,6.827484662590116,10.431184156782436
P12,AGEM KANAN,4,TURUN,F7,frontotemporal,kiri,327.299,328.096,1.139,0.797,ok,video,0.0,True,False,False,0.42755677466853115,3.840651674597595,3.244519693940731,7.1867994602010725
P12,AGEM KANAN,4,TURUN,T3,temporal,kiri,327.299,328.096,1.139,0.797,ok,video,0.0,True,False,False,1.9634477618115724,6.798656999593092,5.851745163834895,8.437037518577839
P12,AGEM KANAN,4,TURUN,T5,temporo-posterior,kiri,327.299,328.096,1.139,0.797,ok,video,0.0,True,False,False,4.965075673805686,6.105352297242263,7.296771720525605,9.07784144274872
P12,AGEM KANAN,4,TURUN,Fp2,frontopolar,kanan,327.299,328.096,1.139,0.797,ok,video,0.0,True,False,False,2.4089552170727444,7.967493859881095,10.215452846107976,6.643753680953566
P12,AGEM KANAN,4,TURUN,F4,frontal,kanan,327.299,328.096,1.139,0.797,ok,video,0.0,True,False,False,2.0392220911095933,4.118378658441934,8.382822385335572,5.191320627559499
P12,AGEM KANAN,4,TURUN,C4,sentral,kanan,327.299,328.096,1.139,0.797,ok,video,0.0,True,False,False,2.4915422510296423,5.00056943668514,7.220224582295984,5.648280877724673
P12,AGEM KANAN,4,TURUN,P4,parietal,kanan,327.299,328.096,1.139,0.797,ok,video,0.0,True,False,False,3.271051791588512,6.2021633843054005,7.6862440868189985,6.034469886977547
P12,AGEM KANAN,4,TURUN,O2,oksipital,kanan,327.299,328.096,1.139,0.797,ok,video,0.0,True,False,False,6.216355352778088,8.534765383045844,7.660602680084917,6.716401109352937
P12,AGEM KANAN,4,TURUN,F8,frontotemporal,kanan,327.299,328.096,1.139,0.797,ok,video,0.0,True,False,False,6.934596619518352,9.705823237800843,9.217675913134535,6.7380597268441775
P12,AGEM KANAN,4,TURUN,T4,temporal,kanan,327.299,328.096,1.139,0.797,ok,video,0.0,True,False,False,5.757344591408483,5.574776030869607,10.115545919438603,6.588270555861598
P12,AGEM KANAN,4,TURUN,T6,temporo-posterior,kanan,327.299,328.096,1.139,0.797,ok,video,0.0,True,False,False,4.784045703541892,8.102560102193756,6.972372181477827,2.960278573021263
P12,AGEM KANAN,4,TAHAN,Fp1,frontopolar,kiri,328.517,332.419,4.402,3.902,ok,video,0.0,True,False,False,2.0867914072839753,-0.36261344381506433,-0.2411687273607157,2.537553162878808
P12,AGEM KANAN,4,TAHAN,F3,frontal,kiri,328.517,332.419,4.402,3.902,ok,video,0.0,True,False,False,1.694438505808506,-0.5492622093705819,-1.3204460517429304,3.0546190086097766
P12,AGEM KANAN,4,TAHAN,C3,sentral,kiri,328.517,332.419,4.402,3.902,ok,video,0.0,True,False,False,3.6564914669579807,1.2282839072707077,0.3246388871447081,4.555424725374749
P12,AGEM KANAN,4,TAHAN,P3,parietal,kiri,328.517,332.419,4.402,3.902,ok,video,0.0,True,False,False,2.4899048894268745,-0.09010889220402873,-0.42011728026094985,3.5734292139916874
P12,AGEM KANAN,4,TAHAN,O1,oksipital,kiri,328.517,332.419,4.402,3.902,ok,video,0.0,True,False,False,3.479040238026883,1.6430468532857532,0.40691449737879637,4.734469377914763
P12,AGEM KANAN,4,TAHAN,F7,frontotemporal,kiri,328.517,332.419,4.402,3.902,ok,video,0.0,True,False,False,1.5784481009151463,-2.6896061274833656,-2.165956927667189,1.3777361861341362
P12,AGEM KANAN,4,TAHAN,T3,temporal,kiri,328.517,332.419,4.402,3.902,ok,video,0.0,True,False,False,2.06983352838769,0.40269647465332525,-1.312099439868117,2.7674446196722755
P12,AGEM KANAN,4,TAHAN,T5,temporo-posterior,kiri,328.517,332.419,4.402,3.902,ok,video,0.0,True,False,False,2.332868942619811,-0.2797727988794634,-1.2138787307443977,3.3236002679865493
P12,AGEM KANAN,4,TAHAN,Fp2,frontopolar,kanan,328.517,332.419,4.402,3.902,ok,video,0.0,True,False,False,0.5552967884328055,-0.7578106429212994,-0.492240866171624,0.784294040784701
P12,AGEM KANAN,4,TAHAN,F4,frontal,kanan,328.517,332.419,4.402,3.902,ok,video,0.0,True,False,False,-1.2368370209720396,-2.6160563607659526,-0.05370533778679487,-1.5153675009579786
P12,AGEM KANAN,4,TAHAN,C4,sentral,kanan,328.517,332.419,4.402,3.902,ok,video,0.0,True,False,False,-0.6076971530653026,-1.9241652030348888,0.32000486001405903,-0.9116214217880909
P12,AGEM KANAN,4,TAHAN,P4,parietal,kanan,328.517,332.419,4.402,3.902,ok,video,0.0,True,False,False,0.20033413062634509,-0.6398074837851411,-0.02958429536230156,-0.4392290654287123
P12,AGEM KANAN,4,TAHAN,O2,oksipital,kanan,328.517,332.419,4.402,3.902,ok,video,0.0,True,False,False,0.5946821585940754,-1.417247527422937,-0.8127645983257139,0.04832076964869714
P12,AGEM KANAN,4,TAHAN,F8,frontotemporal,kanan,328.517,332.419,4.402,3.902,ok,video,0.0,True,False,False,-1.4560344770596387,0.8228850681596427,2.0723840138134335,-0.1463690552807364
P12,AGEM KANAN,4,TAHAN,T4,temporal,kanan,328.517,332.419,4.402,3.902,ok,video,0.0,True,False,False,0.7084571804130491,-0.8083114998117722,1.402975917054171,0.015214616297164696
P12,AGEM KANAN,4,TAHAN,T6,temporo-posterior,kanan,328.517,332.419,4.402,3.902,ok,video,0.0,True,False,False,0.648727184698167,1.422076272479572,1.849538669085316,0.49891320910760584
P12,AGEM KANAN,4,NAIK,Fp1,frontopolar,kiri,332.748,333.118,0.528,0.37,ok,video,0.0,True,False,False,14.56692242422141,15.101499211299824,15.09090531893142,12.971480493983734
P12,AGEM KANAN,4,NAIK,F3,frontal,kiri,332.748,333.118,0.528,0.37,ok,video,0.0,True,False,False,12.158928409032619,11.527764748833896,14.582830380568364,11.32623640429098
P12,AGEM KANAN,4,NAIK,C3,sentral,kiri,332.748,333.118,0.528,0.37,ok,video,0.0,True,False,False,12.768686993033683,10.774124762513473,13.909940124745937,11.66198544790052
P12,AGEM KANAN,4,NAIK,P3,parietal,kiri,332.748,333.118,0.528,0.37,ok,video,0.0,True,False,False,12.06752012478546,12.13297780756092,14.155804266357212,12.034485815152635
P12,AGEM KANAN,4,NAIK,O1,oksipital,kiri,332.748,333.118,0.528,0.37,ok,video,0.0,True,False,False,11.324556718716494,10.803347233994934,13.391264952828827,11.078587776101308
P12,AGEM KANAN,4,NAIK,F7,frontotemporal,kiri,332.748,333.118,0.528,0.37,ok,video,0.0,True,False,False,11.337457920006443,13.809281873978428,15.213809917305795,11.507061772633328
P12,AGEM KANAN,4,NAIK,T3,temporal,kiri,332.748,333.118,0.528,0.37,ok,video,0.0,True,False,False,11.196868883912295,12.06445398515276,13.992538273682325,9.962326443934835
P12,AGEM KANAN,4,NAIK,T5,temporo-posterior,kiri,332.748,333.118,0.528,0.37,ok,video,0.0,True,False,False,11.887989794927172,10.92715167768258,15.081975369879139,11.194616174623
P12,AGEM KANAN,4,NAIK,Fp2,frontopolar,kanan,332.748,333.118,0.528,0.37,ok,video,0.0,True,False,False,13.492397010872764,17.420730723302796,19.44563311687362,13.154077963531158
P12,AGEM KANAN,4,NAIK,F4,frontal,kanan,332.748,333.118,0.528,0.37,ok,video,0.0,True,False,False,1.3215508820684008,2.261208977843104,13.546550535524865,4.9520917095634545
P12,AGEM KANAN,4,NAIK,C4,sentral,kanan,332.748,333.118,0.528,0.37,ok,video,0.0,True,False,False,1.0074464377986203,6.0057317373483485,11.527841691470954,3.9801533269413696
P12,AGEM KANAN,4,NAIK,P4,parietal,kanan,332.748,333.118,0.528,0.37,ok,video,0.0,True,False,False,0.08993313531934888,8.983150807703737,13.964241716357545,6.303665677690788
P12,AGEM KANAN,4,NAIK,O2,oksipital,kanan,332.748,333.118,0.528,0.37,ok,video,0.0,True,False,False,10.208115939210067,10.752622576253472,13.605076911940397,8.429071811917098
P12,AGEM KANAN,4,NAIK,F8,frontotemporal,kanan,332.748,333.118,0.528,0.37,ok,video,0.0,True,False,False,5.112301231934559,11.95110015172338,14.824192436679098,7.456669919456594
P12,AGEM KANAN,4,NAIK,T4,temporal,kanan,332.748,333.118,0.528,0.37,ok,video,0.0,True,False,False,6.434306089771269,9.156080509038972,13.241498055941499,6.110356262875996
P12,AGEM KANAN,4,NAIK,T6,temporo-posterior,kanan,332.748,333.118,0.528,0.37,ok,video,0.0,True,False,False,5.6490524978935,11.883570661413387,17.40161942122258,8.801674875979622
P12,AGEM KANAN,4,POST,Fp1,frontopolar,kiri,333.697,335.197,1.5,1.5,ok,video,0.0,True,False,False,0.2089247702838577,1.6039062379436473,3.5787906816882575,4.770843621533523
P12,AGEM KANAN,4,POST,F3,frontal,kiri,333.697,335.197,1.5,1.5,ok,video,0.0,True,False,False,-1.450670704796309,-0.7842744781343214,-0.45552739810851506,-0.12778636213921857
P12,AGEM KANAN,4,POST,C3,sentral,kiri,333.697,335.197,1.5,1.5,ok,video,0.0,True,False,False,1.0256918834475286,-0.46682184944312155,-0.07578608780647045,1.0113324486986244
P12,AGEM KANAN,4,POST,P3,parietal,kiri,333.697,335.197,1.5,1.5,ok,video,0.0,True,False,False,-2.8581741290830536,-1.3373242308858053,-0.418086025921081,-1.575857718174035
P12,AGEM KANAN,4,POST,O1,oksipital,kiri,333.697,335.197,1.5,1.5,ok,video,0.0,True,False,False,3.6647518186327375,1.3441147488959828,1.8287386034300397,2.187695618705611
P12,AGEM KANAN,4,POST,F7,frontotemporal,kiri,333.697,335.197,1.5,1.5,ok,video,0.0,True,False,False,2.138834288609239,2.0904741122511012,3.004119615100251,1.7397754732821653
P12,AGEM KANAN,4,POST,T3,temporal,kiri,333.697,335.197,1.5,1.5,ok,video,0.0,True,False,False,-2.692176387923432,2.258351687721259,0.9177140617483879,-2.3633515053699554
P12,AGEM KANAN,4,POST,T5,temporo-posterior,kiri,333.697,335.197,1.5,1.5,ok,video,0.0,True,False,False,-3.3640305348509685,-1.2764271813078096,-2.5784936967928047,-0.9011364537559885
P12,AGEM KANAN,4,POST,Fp2,frontopolar,kanan,333.697,335.197,1.5,1.5,ok,video,0.0,True,False,False,1.978649306908963,5.135748313537206,6.301063769132856,6.979931479560719
P12,AGEM KANAN,4,POST,F4,frontal,kanan,333.697,335.197,1.5,1.5,ok,video,0.0,True,False,False,0.5143698290113647,3.5451714378426686,7.165803481130396,3.961286411608924
P12,AGEM KANAN,4,POST,C4,sentral,kanan,333.697,335.197,1.5,1.5,ok,video,0.0,True,False,False,3.2890147595162347,2.96215482085708,7.102164720920726,3.8086149844672335
P12,AGEM KANAN,4,POST,P4,parietal,kanan,333.697,335.197,1.5,1.5,ok,video,0.0,True,False,False,2.454775854492695,4.136246720394752,6.783582482170235,3.9303693886139826
P12,AGEM KANAN,4,POST,O2,oksipital,kanan,333.697,335.197,1.5,1.5,ok,video,0.0,True,False,False,3.258032785783847,1.3083503507690182,9.813160277520996,3.292612265251556
P12,AGEM KANAN,4,POST,F8,frontotemporal,kanan,333.697,335.197,1.5,1.5,ok,video,0.0,True,False,False,3.892865193905756,2.5091654806826966,8.249247989014442,4.70496982899909
P12,AGEM KANAN,4,POST,T4,temporal,kanan,333.697,335.197,1.5,1.5,ok,video,0.0,True,False,False,3.491076127357765,6.651019917729606,6.385832569383766,3.4557647049845457
P12,AGEM KANAN,4,POST,T6,temporo-posterior,kanan,333.697,335.197,1.5,1.5,ok,video,0.0,True,False,False,3.164964806895206,-0.19565568098987285,5.874035184140862,2.593826759282379
P12,AGEM KIRI,3,PRA,Fp1,frontopolar,kiri,334.39,336.39,2.0,2.0,ok,video,0.0,True,False,False,7.363526558685344,8.985693129271503,10.128126848350718,7.968329996115742
P12,AGEM KIRI,3,PRA,F3,frontal,kiri,334.39,336.39,2.0,2.0,ok,video,0.0,True,False,False,8.05621178641018,8.356137355089935,9.133919307268446,7.078101676070752
P12,AGEM KIRI,3,PRA,C3,sentral,kiri,334.39,336.39,2.0,2.0,ok,video,0.0,True,False,False,9.988952899036256,5.569516937331329,8.623029741664737,8.41830540910874
P12,AGEM KIRI,3,PRA,P3,parietal,kiri,334.39,336.39,2.0,2.0,ok,video,0.0,True,False,False,9.048081861416911,8.93216411875082,8.378746944561616,9.826518828801653
P12,AGEM KIRI,3,PRA,O1,oksipital,kiri,334.39,336.39,2.0,2.0,ok,video,0.0,True,False,False,10.466642357683256,5.737804421875488,7.315343872433729,9.933669484448089
P12,AGEM KIRI,3,PRA,F7,frontotemporal,kiri,334.39,336.39,2.0,2.0,ok,video,0.0,True,False,False,6.739184245346664,6.301167397479993,6.629458635425436,6.266789624713795
P12,AGEM KIRI,3,PRA,T3,temporal,kiri,334.39,336.39,2.0,2.0,ok,video,0.0,True,False,False,7.069917981307405,7.903854639935254,8.252029803841065,5.635121707343366
P12,AGEM KIRI,3,PRA,T5,temporo-posterior,kiri,334.39,336.39,2.0,2.0,ok,video,0.0,True,False,False,7.104341709540158,5.906361353592516,8.401576223241705,6.47776425583389
P12,AGEM KIRI,3,PRA,Fp2,frontopolar,kanan,334.39,336.39,2.0,2.0,ok,video,0.0,True,False,False,6.578030685282968,10.46502466264203,11.125556608564413,8.424347457258627
P12,AGEM KIRI,3,PRA,F4,frontal,kanan,334.39,336.39,2.0,2.0,ok,video,0.0,True,False,False,6.274802770261566,6.826077522879984,10.929037532959136,6.383902840609444
P12,AGEM KIRI,3,PRA,C4,sentral,kanan,334.39,336.39,2.0,2.0,ok,video,0.0,True,False,False,7.2420384471180625,6.915162849390477,11.042465623936579,6.941187465356812
P12,AGEM KIRI,3,PRA,P4,parietal,kanan,334.39,336.39,2.0,2.0,ok,video,0.0,True,False,False,7.603848876897722,7.325913679266222,10.188464681799825,6.604705076677732
P12,AGEM KIRI,3,PRA,O2,oksipital,kanan,334.39,336.39,2.0,2.0,ok,video,0.0,True,False,False,7.408870372054075,6.696893944004444,12.480091927208253,7.4469607132641045
P12,AGEM KIRI,3,PRA,F8,frontotemporal,kanan,334.39,336.39,2.0,2.0,ok,video,0.0,True,False,False,5.612207707175379,5.24363759086247,10.860987830283506,6.33450831632689
P12,AGEM KIRI,3,PRA,T4,temporal,kanan,334.39,336.39,2.0,2.0,ok,video,0.0,True,False,False,5.053534816606778,8.554949816792423,10.428894394791556,5.933730282067316
P12,AGEM KIRI,3,PRA,T6,temporo-posterior,kanan,334.39,336.39,2.0,2.0,ok,video,0.0,True,False,False,5.83075494022075,5.204338019492582,8.561981022654866,5.638461788733885
P12,AGEM KIRI,3,TURUN,Fp1,frontopolar,kiri,343.465,344.398,1.333,0.933,ok,video,0.0,True,False,False,1.9336454746733693,1.0017796307223037,2.4380928177981964,1.7459480493533661
P12,AGEM KIRI,3,TURUN,F3,frontal,kiri,343.465,344.398,1.333,0.933,ok,video,0.0,True,False,False,-2.4347846827878996,-2.8063770638721195,-1.5510355407147607,-1.9361304403657584
P12,AGEM KIRI,3,TURUN,C3,sentral,kiri,343.465,344.398,1.333,0.933,ok,video,0.0,True,False,False,-7.7301915859987815,-3.600809788655397,2.264229309762378,-3.3471600507042254
P12,AGEM KIRI,3,TURUN,P3,parietal,kiri,343.465,344.398,1.333,0.933,ok,video,0.0,True,False,False,-2.9949855710486304,-2.189975992811547,1.249021191487902,-0.055604912615102364
P12,AGEM KIRI,3,TURUN,O1,oksipital,kiri,343.465,344.398,1.333,0.933,ok,video,0.0,True,False,False,0.5961858384731045,-0.053047219200472284,0.04798400780917689,2.2937245496348453
P12,AGEM KIRI,3,TURUN,F7,frontotemporal,kiri,343.465,344.398,1.333,0.933,ok,video,0.0,True,False,False,-0.6525445477090699,-2.506016619110575,0.9152323540121685,1.2934840902334273
P12,AGEM KIRI,3,TURUN,T3,temporal,kiri,343.465,344.398,1.333,0.933,ok,video,0.0,True,False,False,2.164276371826489,1.4708299114328014,0.7500642074069219,3.4290162397248594
P12,AGEM KIRI,3,TURUN,T5,temporo-posterior,kiri,343.465,344.398,1.333,0.933,ok,video,0.0,True,False,False,-4.828020254125541,-5.268761405386421,-2.1099188481841047,-1.5726975439766804
P12,AGEM KIRI,3,TURUN,Fp2,frontopolar,kanan,343.465,344.398,1.333,0.933,ok,video,0.0,True,False,False,4.1597601811761535,4.102534737432684,3.9308989190921757,5.4962380484335185
P12,AGEM KIRI,3,TURUN,F4,frontal,kanan,343.465,344.398,1.333,0.933,ok,video,0.0,True,False,False,5.173583127612339,3.0360411859690117,2.593407498236921,4.448920775827972
P12,AGEM KIRI,3,TURUN,C4,sentral,kanan,343.465,344.398,1.333,0.933,ok,video,0.0,True,False,False,5.325359327586028,3.730042569677579,3.211903228791982,3.6809106600697916
P12,AGEM KIRI,3,TURUN,P4,parietal,kanan,343.465,344.398,1.333,0.933,ok,video,0.0,True,False,False,6.619560877566229,3.4197501870714575,3.7691829999158237,4.251805599870423
P12,AGEM KIRI,3,TURUN,O2,oksipital,kanan,343.465,344.398,1.333,0.933,ok,video,0.0,True,False,False,5.146775358372487,3.5969520793692453,4.601718954585369,4.01590479136599
P12,AGEM KIRI,3,TURUN,F8,frontotemporal,kanan,343.465,344.398,1.333,0.933,ok,video,0.0,True,False,False,3.443549858961177,7.014447093706885,6.341085070263972,3.986104146442436
P12,AGEM KIRI,3,TURUN,T4,temporal,kanan,343.465,344.398,1.333,0.933,ok,video,0.0,True,False,False,2.186107971748527,3.1416244054214673,0.607205429840576,0.6171462887179615
P12,AGEM KIRI,3,TURUN,T6,temporo-posterior,kanan,343.465,344.398,1.333,0.933,ok,video,0.0,True,False,False,6.3687552822106,5.921144599647789,8.232913874375544,5.878588388457068
P12,AGEM KIRI,3,TAHAN,Fp1,frontopolar,kiri,344.848,347.153,2.805,2.305,ok,video,0.0,True,False,False,-1.9340946939493193,-0.1218157179242354,-1.3776071173480169,-1.0028993318657768
P12,AGEM KIRI,3,TAHAN,F3,frontal,kiri,344.848,347.153,2.805,2.305,ok,video,0.0,True,False,False,-2.5274871572544413,-1.1199095746614631,-2.046425600217521,-1.9764027545134937
P12,AGEM KIRI,3,TAHAN,C3,sentral,kiri,344.848,347.153,2.805,2.305,ok,video,0.0,True,False,False,-3.5916678147722223,-0.8271313740489035,-1.9919788648300987,-3.144954664227427
P12,AGEM KIRI,3,TAHAN,P3,parietal,kiri,344.848,347.153,2.805,2.305,ok,video,0.0,True,False,False,-2.287400429785613,-0.9213351110354822,-0.3424461309236797,-2.037744640688686
P12,AGEM KIRI,3,TAHAN,O1,oksipital,kiri,344.848,347.153,2.805,2.305,ok,video,0.0,True,False,False,-4.46467933493323,-1.3791214273352779,-1.3412127906829951,-1.9461528188954276
P12,AGEM KIRI,3,TAHAN,F7,frontotemporal,kiri,344.848,347.153,2.805,2.305,ok,video,0.0,True,False,False,-3.31850842866767,-3.2196169389136955,-2.9009786828928945,-3.558468113607873
P12,AGEM KIRI,3,TAHAN,T3,temporal,kiri,344.848,347.153,2.805,2.305,ok,video,0.0,True,False,False,-6.1304841189006325,-2.8143722242984097,-0.9225516016702073,1.7641989260640898
P12,AGEM KIRI,3,TAHAN,T5,temporo-posterior,kiri,344.848,347.153,2.805,2.305,ok,video,0.173,True,True,False,-1.9423967800521211,-1.9211784485541088,-5.2196412179872524,-2.431165215414353
P12,AGEM KIRI,3,TAHAN,Fp2,frontopolar,kanan,344.848,347.153,2.805,2.305,ok,video,0.0,True,False,False,-1.6900716756495484,0.8510342035330183,-0.5732580803918843,0.9627182104134064
P12,AGEM KIRI,3,TAHAN,F4,frontal,kanan,344.848,347.153,2.805,2.305,ok,video,0.0,True,False,False,6.034050434426987,4.348286838368992,0.08332410899051013,4.189418682686629
P12,AGEM KIRI,3,TAHAN,C4,sentral,kanan,344.848,347.153,2.805,2.305,ok,video,0.0,True,False,False,6.092367957418631,4.031801946053591,-0.7308815482012037,4.314269546736618
P12,AGEM KIRI,3,TAHAN,P4,parietal,kanan,344.848,347.153,2.805,2.305,ok,video,0.0,True,False,False,6.678163037690233,4.133142756522076,-0.5931351777961424,4.557201477158721
P12,AGEM KIRI,3,TAHAN,O2,oksipital,kanan,344.848,347.153,2.805,2.305,ok,video,0.0,True,False,False,6.322055628038363,2.125653855223078,-1.8655410351663768,3.4153551954667236
P12,AGEM KIRI,3,TAHAN,F8,frontotemporal,kanan,344.848,347.153,2.805,2.305,ok,video,0.0,True,False,False,5.732263693994035,5.773973399403346,0.21548023277632922,5.037210831666378
P12,AGEM KIRI,3,TAHAN,T4,temporal,kanan,344.848,347.153,2.805,2.305,ok,video,0.0,True,False,False,1.9045189220627776,1.7523211890919157,-2.293280966400687,0.8895490947935301
P12,AGEM KIRI,3,TAHAN,T6,temporo-posterior,kanan,344.848,347.153,2.805,2.305,ok,video,0.0,True,False,False,4.860743873936066,1.5287401768984452,-0.7108781670774995,3.4983997372743048
P12,AGEM KIRI,3,NAIK,Fp1,frontopolar,kiri,347.503,347.969,0.666,0.466,ok,video,0.0,True,False,False,13.99008338577157,8.503420110841219,14.524471061489152,12.251049227925456
P12,AGEM KIRI,3,NAIK,F3,frontal,kiri,347.503,347.969,0.666,0.466,ok,video,0.0,True,False,False,15.59133580091158,13.03524109932097,14.00544446337857,13.406211185651209
P12,AGEM KIRI,3,NAIK,C3,sentral,kiri,347.503,347.969,0.666,0.466,ok,video,0.0,True,False,False,15.790841124559286,11.669450646424202,13.833519389143063,13.28324814990252
P12,AGEM KIRI,3,NAIK,P3,parietal,kiri,347.503,347.969,0.666,0.466,ok,video,0.0,True,False,False,16.069162861970312,12.980437440637452,14.421364377028869,13.890617564743835
P12,AGEM KIRI,3,NAIK,O1,oksipital,kiri,347.503,347.969,0.666,0.466,ok,video,0.0,True,False,False,14.429201148827062,11.743553276287365,13.673278468612608,12.429026828468722
P12,AGEM KIRI,3,NAIK,F7,frontotemporal,kiri,347.503,347.969,0.666,0.466,ok,video,0.0,True,False,False,12.408969863013468,10.748066097194766,10.850381403107555,10.639935787947095
P12,AGEM KIRI,3,NAIK,T3,temporal,kiri,347.503,347.969,0.666,0.466,ok,video,0.0,True,False,False,14.391783174163322,8.388541946123908,16.217003963831186,13.461117693971168
P12,AGEM KIRI,3,NAIK,T5,temporo-posterior,kiri,347.503,347.969,0.666,0.466,ok,video,0.0,True,False,False,15.66270823954273,12.240670822353025,13.83134027293783,13.1278310846142
P12,AGEM KIRI,3,NAIK,Fp2,frontopolar,kanan,347.503,347.969,0.666,0.466,ok,video,0.0,True,False,False,11.386641236868584,7.096607162215896,14.760822423973618,12.900700479914988
P12,AGEM KIRI,3,NAIK,F4,frontal,kanan,347.503,347.969,0.666,0.466,ok,video,0.0,True,False,False,9.633305772050285,3.107363121390854,13.095913741806797,10.252411325965376
P12,AGEM KIRI,3,NAIK,C4,sentral,kanan,347.503,347.969,0.666,0.466,ok,video,0.0,True,False,False,11.41795143135026,5.606973522013945,14.121147983710813,11.433770762539602
P12,AGEM KIRI,3,NAIK,P4,parietal,kanan,347.503,347.969,0.666,0.466,ok,video,0.0,True,False,False,11.160751782283036,7.71807282222786,14.73017806587438,10.959641158198068
P12,AGEM KIRI,3,NAIK,O2,oksipital,kanan,347.503,347.969,0.666,0.466,ok,video,0.0,True,False,False,13.442283996780276,8.1484344322281,14.688169558011925,12.487256551067865
P12,AGEM KIRI,3,NAIK,F8,frontotemporal,kanan,347.503,347.969,0.666,0.466,ok,video,0.0,True,False,False,6.862220337345747,0.5344250095073448,12.569744562220563,6.842531298114075
P12,AGEM KIRI,3,NAIK,T4,temporal,kanan,347.503,347.969,0.666,0.466,ok,video,0.0,True,False,False,6.581060132291881,4.605515029182726,13.109137914436772,7.013320311045
P12,AGEM KIRI,3,NAIK,T6,temporo-posterior,kanan,347.503,347.969,0.666,0.466,ok,video,0.0,True,False,False,12.177873672042402,11.746845333489631,13.791204104721611,9.602379408397795
P12,AGEM KIRI,3,POST,Fp1,frontopolar,kiri,348.569,350.069,1.5,1.5,ok,video,0.0,True,False,False,7.5729439844093775,4.7467949998745596,6.834098910492479,8.503703872288476
P12,AGEM KIRI,3,POST,F3,frontal,kiri,348.569,350.069,1.5,1.5,ok,video,0.0,True,False,False,7.131570931748463,5.871704489387852,8.626312901148896,8.869230680655335
P12,AGEM KIRI,3,POST,C3,sentral,kiri,348.569,350.069,1.5,1.5,ok,video,0.0,True,False,False,6.912499823454127,5.952554993231345,8.155632589273829,8.555491109158531
P12,AGEM KIRI,3,POST,P3,parietal,kiri,348.569,350.069,1.5,1.5,ok,video,0.0,True,False,False,7.30808684452613,6.309910536660361,9.298084524019732,9.24732708847435
P12,AGEM KIRI,3,POST,O1,oksipital,kiri,348.569,350.069,1.5,1.5,ok,video,0.0,True,False,False,7.717018518494413,6.06225946158559,9.256642574919582,9.177769747412796
P12,AGEM KIRI,3,POST,F7,frontotemporal,kiri,348.569,350.069,1.5,1.5,ok,video,0.0,True,False,False,9.35537825159539,6.68285107650626,6.28084754818277,8.20628463273443
P12,AGEM KIRI,3,POST,T3,temporal,kiri,348.569,350.069,1.5,1.5,ok,video,0.0,True,False,False,6.500666621038185,5.731742976438369,6.349008930961208,9.007608396156733
P12,AGEM KIRI,3,POST,T5,temporo-posterior,kiri,348.569,350.069,1.5,1.5,ok,video,0.0,True,False,False,6.904761759182975,6.180062715360506,8.329928056089742,8.866979340101985
P12,AGEM KIRI,3,POST,Fp2,frontopolar,kanan,348.569,350.069,1.5,1.5,ok,video,0.0,True,False,False,4.83526213974595,4.861171542985481,5.956708552941361,6.05933429966246
P12,AGEM KIRI,3,POST,F4,frontal,kanan,348.569,350.069,1.5,1.5,ok,video,0.0,True,False,False,6.66047315060387,5.429861568718771,6.503712525538624,6.187164329811814
P12,AGEM KIRI,3,POST,C4,sentral,kanan,348.569,350.069,1.5,1.5,ok,video,0.0,True,False,False,9.652348562756892,3.745043190490044,6.542913867764163,8.717298475111775
P12,AGEM KIRI,3,POST,P4,parietal,kanan,348.569,350.069,1.5,1.5,ok,video,0.0,True,False,False,9.172754299671354,6.5201817613290345,6.825791970296837,7.84205906731389
P12,AGEM KIRI,3,POST,O2,oksipital,kanan,348.569,350.069,1.5,1.5,ok,video,0.0,True,False,False,9.471105014845875,7.730087413383309,7.703213212466434,8.423054630003477
P12,AGEM KIRI,3,POST,F8,frontotemporal,kanan,348.569,350.069,1.5,1.5,ok,video,0.0,True,False,False,7.452840619816833,6.676595354117033,7.966474591333579,7.2532040005841765
P12,AGEM KIRI,3,POST,T4,temporal,kanan,348.569,350.069,1.5,1.5,ok,video,0.0,True,False,False,7.842593403311234,2.2249461210461305,8.013182598573465,6.7846868767308735
P12,AGEM KIRI,3,POST,T6,temporo-posterior,kanan,348.569,350.069,1.5,1.5,ok,video,0.0,True,False,False,6.74785499060895,6.569275456904222,7.026974196431365,5.580514097560467
P12,AGEM KIRI,4,PRA,Fp1,frontopolar,kiri,354.262,356.262,2.0,2.0,ok,video,0.0,True,False,False,6.047903068425249,0.021581936115495637,4.013006520772265,6.225116616655988
P12,AGEM KIRI,4,PRA,F3,frontal,kiri,354.262,356.262,2.0,2.0,ok,video,0.0,True,False,False,5.281079705094946,0.3101732908426982,2.6950568012104235,5.511596194145888
P12,AGEM KIRI,4,PRA,C3,sentral,kiri,354.262,356.262,2.0,2.0,ok,video,0.0,True,False,False,5.362649659689417,1.1333986694768043,2.9478158045569174,6.025547182306298
P12,AGEM KIRI,4,PRA,P3,parietal,kiri,354.262,356.262,2.0,2.0,ok,video,0.0,True,False,False,5.113533282637221,-0.21294107688743935,1.6084358723883945,5.186786701015002
P12,AGEM KIRI,4,PRA,O1,oksipital,kiri,354.262,356.262,2.0,2.0,ok,video,0.0,True,False,False,4.891587685104959,0.5429018458140362,1.7260269135586839,5.838933150831302
P12,AGEM KIRI,4,PRA,F7,frontotemporal,kiri,354.262,356.262,2.0,2.0,ok,video,0.0,True,False,False,3.503832825084757,0.8462823078381447,2.1847910928058027,3.0276139634734562
P12,AGEM KIRI,4,PRA,T3,temporal,kiri,354.262,356.262,2.0,2.0,ok,video,0.0,True,False,False,4.862169682396633,-0.13620604397886638,2.1863627550561198,3.5856561038623695
P12,AGEM KIRI,4,PRA,T5,temporo-posterior,kiri,354.262,356.262,2.0,2.0,ok,video,0.0,True,False,False,5.000839957715122,0.1647481440873264,2.5341690063436033,4.853666761213432
P12,AGEM KIRI,4,PRA,Fp2,frontopolar,kanan,354.262,356.262,2.0,2.0,ok,video,0.0,True,False,False,3.222833110568729,0.5811880326495569,4.233156099067276,4.482610807899249
P12,AGEM KIRI,4,PRA,F4,frontal,kanan,354.262,356.262,2.0,2.0,ok,video,0.0,True,False,False,0.9599297788592764,0.3918930116612884,3.105608656713457,4.198276599633566
P12,AGEM KIRI,4,PRA,C4,sentral,kanan,354.262,356.262,2.0,2.0,ok,video,0.0,True,False,False,2.606142274630372,1.1068730626492567,2.979007758742668,4.23487545762692
P12,AGEM KIRI,4,PRA,P4,parietal,kanan,354.262,356.262,2.0,2.0,ok,video,0.0,True,False,False,2.4519337871603284,1.802152983745799,3.2965538944070936,4.9085519565876226
P12,AGEM KIRI,4,PRA,O2,oksipital,kanan,354.262,356.262,2.0,2.0,ok,video,0.0,True,False,False,2.448048928776622,2.8888340311346,1.6275667709462986,4.391394507707652
P12,AGEM KIRI,4,PRA,F8,frontotemporal,kanan,354.262,356.262,2.0,2.0,ok,video,0.0,True,False,False,-0.029832282462535886,0.53816115749364,2.29102314638169,3.0546148038307166
P12,AGEM KIRI,4,PRA,T4,temporal,kanan,354.262,356.262,2.0,2.0,ok,video,0.0,True,False,False,2.163988187243014,2.689450545718408,4.027792853998278,3.644358603185509
P12,AGEM KIRI,4,PRA,T6,temporo-posterior,kanan,354.262,356.262,2.0,2.0,ok,video,0.0,True,False,False,2.01843112133853,2.609113623420143,3.708789308163606,6.3110693207196675
P12,AGEM KIRI,4,TURUN,Fp1,frontopolar,kiri,359.671,360.603,1.332,0.932,ok,video,0.0,True,False,False,7.073552985363072,5.087613820918953,2.436147375006069,4.856902532795097
P12,AGEM KIRI,4,TURUN,F3,frontal,kiri,359.671,360.603,1.332,0.932,ok,video,0.0,True,False,False,2.9834499006050876,4.2769516095537625,-0.015618236441174105,1.345085481527363
P12,AGEM KIRI,4,TURUN,C3,sentral,kiri,359.671,360.603,1.332,0.932,ok,video,0.0,True,False,False,3.4521318178728464,1.918142334206678,-1.390846751797362,0.5662598341238052
P12,AGEM KIRI,4,TURUN,P3,parietal,kiri,359.671,360.603,1.332,0.932,ok,video,0.0,True,False,False,2.1226518962039123,2.373421411763097,0.40721635546978163,0.07523268069809319
P12,AGEM KIRI,4,TURUN,O1,oksipital,kiri,359.671,360.603,1.332,0.932,ok,video,0.0,True,False,False,2.8995376293865007,2.982018580063823,-0.43030385419848827,0.6269377717652631
P12,AGEM KIRI,4,TURUN,F7,frontotemporal,kiri,359.671,360.603,1.332,0.932,ok,video,0.0,True,False,False,3.8214812807228,3.553836430182379,0.5484187395306179,2.8696078067684
P12,AGEM KIRI,4,TURUN,T3,temporal,kiri,359.671,360.603,1.332,0.932,ok,video,0.0,True,False,False,9.694304520299319,6.959851911064106,5.361651334722172,6.609421094531264
P12,AGEM KIRI,4,TURUN,T5,temporo-posterior,kiri,359.671,360.603,1.332,0.932,ok,video,0.0,True,False,False,4.867089018413189,4.263061071120461,-0.9527157871327283,2.0340361129359437
P12,AGEM KIRI,4,TURUN,Fp2,frontopolar,kanan,359.671,360.603,1.332,0.932,ok,video,0.0,True,False,False,9.640955523799207,7.5083015731676,3.7289315210343013,7.238527807473531
P12,AGEM KIRI,4,TURUN,F4,frontal,kanan,359.671,360.603,1.332,0.932,ok,video,0.0,True,False,False,6.5338777254909886,5.450907030827295,4.236239109634177,4.730646823980614
P12,AGEM KIRI,4,TURUN,C4,sentral,kanan,359.671,360.603,1.332,0.932,ok,video,0.0,True,False,False,7.317647134163714,6.642874265367148,4.039865098165791,5.312521238823528
P12,AGEM KIRI,4,TURUN,P4,parietal,kanan,359.671,360.603,1.332,0.932,ok,video,0.0,True,False,False,6.9301533928244154,4.916862354850771,4.555744527225404,5.116075286940486
P12,AGEM KIRI,4,TURUN,O2,oksipital,kanan,359.671,360.603,1.332,0.932,ok,video,0.0,True,False,False,7.240286414647066,4.532148405783346,4.688066594664537,4.970692218631299
P12,AGEM KIRI,4,TURUN,F8,frontotemporal,kanan,359.671,360.603,1.332,0.932,ok,video,0.0,True,False,False,4.7175082335986644,3.1152066844107935,4.911341238915469,3.3832907495351563
P12,AGEM KIRI,4,TURUN,T4,temporal,kanan,359.671,360.603,1.332,0.932,ok,video,0.0,True,False,False,3.3215154335588934,5.032856457720186,2.5683661741357966,2.18971601323328
P12,AGEM KIRI,4,TURUN,T6,temporo-posterior,kanan,359.671,360.603,1.332,0.932,ok,video,0.0,True,False,False,1.0974032587171294,2.98117773575553,2.7832648470973034,1.0159041035251875
P12,AGEM KIRI,4,TAHAN,Fp1,frontopolar,kiri,361.053,364.748,4.195,3.695,ok,video,0.0,True,False,False,-6.639147959649097,-6.939520425951468,-4.9256348102410925,-4.448134298166934
P12,AGEM KIRI,4,TAHAN,F3,frontal,kiri,361.053,364.748,4.195,3.695,ok,video,0.271,False,False,False,,,,
P12,AGEM KIRI,4,TAHAN,C3,sentral,kiri,361.053,364.748,4.195,3.695,ok,video,0.0,True,False,False,-7.909853802894283,-7.02429724084622,-6.3397456901580895,-4.704956069470548
P12,AGEM KIRI,4,TAHAN,P3,parietal,kiri,361.053,364.748,4.195,3.695,ok,video,0.271,False,False,False,,,,
P12,AGEM KIRI,4,TAHAN,O1,oksipital,kiri,361.053,364.748,4.195,3.695,ok,video,0.0,True,False,False,-9.005180085439868,-9.235956795283595,-7.224383773325712,-6.39426115549664
P12,AGEM KIRI,4,TAHAN,F7,frontotemporal,kiri,361.053,364.748,4.195,3.695,ok,video,0.0,True,False,False,-10.842172819994488,-10.520999634464744,-7.761051090840446,-7.73495295927394
P12,AGEM KIRI,4,TAHAN,T3,temporal,kiri,361.053,364.748,4.195,3.695,ok,video,0.0,True,False,False,-7.372726792622693,-7.7070677114072375,-6.878799364130295,-6.251160315053866
P12,AGEM KIRI,4,TAHAN,T5,temporo-posterior,kiri,361.053,364.748,4.195,3.695,ok,video,0.0,True,False,False,-12.027657263437213,-10.798023802522462,-8.976589206654836,-8.209551254353517
P12,AGEM KIRI,4,TAHAN,Fp2,frontopolar,kanan,361.053,364.748,4.195,3.695,ok,video,0.0,True,False,False,-0.7618730748972808,-0.7459562603924752,-1.9931048300406928,-1.2116549937369783
P12,AGEM KIRI,4,TAHAN,F4,frontal,kanan,361.053,364.748,4.195,3.695,ok,video,0.271,True,True,False,-5.85981237367502,-4.2319703448869035,-1.356319735159353,-3.6858781706655037
P12,AGEM KIRI,4,TAHAN,C4,sentral,kanan,361.053,364.748,4.195,3.695,ok,video,0.0,True,False,False,-7.789912442293023,-5.334526912078921,-2.413783914090107,-5.274790833631521
P12,AGEM KIRI,4,TAHAN,P4,parietal,kanan,361.053,364.748,4.195,3.695,ok,video,0.0,True,False,False,-7.5999709070297286,-5.012785556653682,-2.0823227050654936,-5.089972758246191
P12,AGEM KIRI,4,TAHAN,O2,oksipital,kanan,361.053,364.748,4.195,3.695,ok,video,0.0,True,False,False,-3.4041581428965415,-4.395090586438499,-1.9849474309647768,-3.6125936912467367
P12,AGEM KIRI,4,TAHAN,F8,frontotemporal,kanan,361.053,364.748,4.195,3.695,ok,video,0.0,True,False,False,4.846173126667516,4.045211948988268,3.75620952784017,4.569810882783187
P12,AGEM KIRI,4,TAHAN,T4,temporal,kanan,361.053,364.748,4.195,3.695,ok,video,0.0,True,False,False,-8.483738069146078,-7.229202519919525,-4.885127131909346,-7.398908961299959
P12,AGEM KIRI,4,TAHAN,T6,temporo-posterior,kanan,361.053,364.748,4.195,3.695,ok,video,0.108,True,True,False,-8.008970869571264,-5.2071444008900585,-3.2428995579195288,-6.369637322821731
P12,AGEM KIRI,4,NAIK,Fp1,frontopolar,kiri,365.069,365.399,0.472,0.33,ok,video,0.0,True,False,False,5.224635777801886,5.357830965365004,13.01039574631995,4.942622841040688
P12,AGEM KIRI,4,NAIK,F3,frontal,kiri,365.069,365.399,0.472,0.33,ok,video,0.0,True,False,False,10.860887466506831,8.853173032150998,14.7217499728369,8.928955519970437
P12,AGEM KIRI,4,NAIK,C3,sentral,kiri,365.069,365.399,0.472,0.33,ok,video,0.0,True,False,False,9.54421396426477,8.214881609265497,13.79180976742687,7.737849117317026
P12,AGEM KIRI,4,NAIK,P3,parietal,kiri,365.069,365.399,0.472,0.33,ok,video,0.0,True,False,False,11.923866050097672,8.592753697955004,14.15773844208687,9.451243183264403
P12,AGEM KIRI,4,NAIK,O1,oksipital,kiri,365.069,365.399,0.472,0.33,ok,video,0.0,True,False,False,12.028796210745043,8.13283721934419,14.657962605664324,9.518508087793407
P12,AGEM KIRI,4,NAIK,F7,frontotemporal,kiri,365.069,365.399,0.472,0.33,ok,video,0.0,True,False,False,7.640926658503837,9.364559806967264,11.520783550504007,8.109237449488987
P12,AGEM KIRI,4,NAIK,T3,temporal,kiri,365.069,365.399,0.472,0.33,ok,video,0.0,True,False,False,8.15683096292031,5.821689296122749,11.642916374503681,6.296736766680219
P12,AGEM KIRI,4,NAIK,T5,temporo-posterior,kiri,365.069,365.399,0.472,0.33,ok,video,0.0,True,False,False,8.86543207248608,6.921664392835609,13.417727419559654,6.884741044715945
P12,AGEM KIRI,4,NAIK,Fp2,frontopolar,kanan,365.069,365.399,0.472,0.33,ok,video,0.0,True,False,False,2.6682283919589196,-1.4127167802531844,11.971407503241547,3.4150933173924827
P12,AGEM KIRI,4,NAIK,F4,frontal,kanan,365.069,365.399,0.472,0.33,ok,video,0.0,True,False,False,4.555387358802989,3.860835785901223,11.966132405126778,5.103689942685897
P12,AGEM KIRI,4,NAIK,C4,sentral,kanan,365.069,365.399,0.472,0.33,ok,video,0.0,True,False,False,8.353922165103313,3.9578277886288475,10.087120943065635,6.685322149342227
P12,AGEM KIRI,4,NAIK,P4,parietal,kanan,365.069,365.399,0.472,0.33,ok,video,0.0,True,False,False,5.698024815907985,6.182744267610772,12.573335803151718,6.0148480761344985
P12,AGEM KIRI,4,NAIK,O2,oksipital,kanan,365.069,365.399,0.472,0.33,ok,video,0.0,True,False,False,9.157359757455055,5.401034512498896,10.528357813861607,6.933415054488464
P12,AGEM KIRI,4,NAIK,F8,frontotemporal,kanan,365.069,365.399,0.472,0.33,ok,video,0.0,True,False,False,3.575241949644493,1.1754283603259097,8.081686350507297,2.2118318987187493
P12,AGEM KIRI,4,NAIK,T4,temporal,kanan,365.069,365.399,0.472,0.33,ok,video,0.0,True,False,False,4.031215933987141,0.1651818805030274,9.581550401184117,3.8012010197005566
P12,AGEM KIRI,4,NAIK,T6,temporo-posterior,kanan,365.069,365.399,0.472,0.33,ok,video,0.0,True,False,False,6.535381177138177,7.177601952493973,11.522154850575884,6.893148491686553
P12,AGEM KIRI,4,POST,Fp1,frontopolar,kiri,365.97,367.47,1.5,1.5,ok,video,0.0,True,False,False,8.920122012249557,2.3275846206084125,6.578759716532112,7.30913164843281
P12,AGEM KIRI,4,POST,F3,frontal,kiri,365.97,367.47,1.5,1.5,ok,video,0.0,True,False,False,9.918344168081802,4.913649628122208,6.984648307175899,8.18738844673576
P12,AGEM KIRI,4,POST,C3,sentral,kiri,365.97,367.47,1.5,1.5,ok,video,0.0,True,False,False,9.828023544117244,4.4428843707032115,7.211977234242248,7.905193842396962
P12,AGEM KIRI,4,POST,P3,parietal,kiri,365.97,367.47,1.5,1.5,ok,video,0.0,True,False,False,9.952338053351042,4.883542823728845,6.882336162066732,7.9634836437824745
P12,AGEM KIRI,4,POST,O1,oksipital,kiri,365.97,367.47,1.5,1.5,ok,video,0.0,True,False,False,9.209157552956462,3.6116587989593327,6.765741674837244,7.619610617487595
P12,AGEM KIRI,4,POST,F7,frontotemporal,kiri,365.97,367.47,1.5,1.5,ok,video,0.0,True,False,False,7.518510953472841,5.204070414561578,9.125076771478547,7.023591699166779
P12,AGEM KIRI,4,POST,T3,temporal,kiri,365.97,367.47,1.5,1.5,ok,video,0.0,True,False,False,8.68502881461417,1.2669038154057048,6.785388091513237,5.718896422101224
P12,AGEM KIRI,4,POST,T5,temporo-posterior,kiri,365.97,367.47,1.5,1.5,ok,video,0.0,True,False,False,10.352050739616708,4.875863252799917,7.295033470943224,8.087241743050726
P12,AGEM KIRI,4,POST,Fp2,frontopolar,kanan,365.97,367.47,1.5,1.5,ok,video,0.0,True,False,False,6.568100598975128,0.8165717244416015,5.119305051731377,5.0874010919337564
P12,AGEM KIRI,4,POST,F4,frontal,kanan,365.97,367.47,1.5,1.5,ok,video,0.0,True,False,False,5.1770379031555365,0.16805972418428183,3.6320374468465175,2.9945493269068635
P12,AGEM KIRI,4,POST,C4,sentral,kanan,365.97,367.47,1.5,1.5,ok,video,0.0,True,False,False,5.6778293560966375,0.529526912450649,4.352844483191312,3.688596626460324
P12,AGEM KIRI,4,POST,P4,parietal,kanan,365.97,367.47,1.5,1.5,ok,video,0.0,True,False,False,6.329480499854796,1.8344276073922856,5.015951006146306,3.8280749500715956
P12,AGEM KIRI,4,POST,O2,oksipital,kanan,365.97,367.47,1.5,1.5,ok,video,0.0,True,False,False,7.637287721757183,4.56859080526872,5.315703733237601,5.6688430711443445
P12,AGEM KIRI,4,POST,F8,frontotemporal,kanan,365.97,367.47,1.5,1.5,ok,video,0.0,True,False,False,6.078817513366282,5.119298510634792,7.457695051574575,5.291822941574004
P12,AGEM KIRI,4,POST,T4,temporal,kanan,365.97,367.47,1.5,1.5,ok,video,0.0,True,False,False,5.340425748932937,3.3717156703921063,8.5207406046719,5.060749036785268
P12,AGEM KIRI,4,POST,T6,temporo-posterior,kanan,365.97,367.47,1.5,1.5,ok,video,0.0,True,False,False,5.543103481268545,4.1309618711189415,5.540350457726664,2.8314278970638824
