participant_id,task,rep,phase,channel,area,hemisphere,t0_video,t1_video,dur_phase_sec,win_sec,compliance,phase_source,flat_frac,valid,salvaged,is_simulated,theta_db,mu_db,beta_db,broad_db
P15,NGEED,1,PRA,Fp1,frontopolar,kiri,0.063,2.063,2.0,2.0,late,video,0.0,True,False,False,-5.832807061290126,-7.500820322960841,-9.692195657495773,-6.942015438999405
P15,NGEED,1,PRA,F3,frontal,kiri,0.063,2.063,2.0,2.0,late,video,1.0,False,False,False,,,,
P15,NGEED,1,PRA,C3,sentral,kiri,0.063,2.063,2.0,2.0,late,video,1.0,False,False,False,,,,
P15,NGEED,1,PRA,P3,parietal,kiri,0.063,2.063,2.0,2.0,late,video,1.0,False,False,False,,,,
P15,NGEED,1,PRA,O1,oksipital,kiri,0.063,2.063,2.0,2.0,late,video,0.0,True,False,False,-8.814127531534375,-7.415030462068131,-9.119244157035542,-6.211748103873859
P15,NGEED,1,PRA,F7,frontotemporal,kiri,0.063,2.063,2.0,2.0,late,video,0.895,False,False,False,,,,
P15,NGEED,1,PRA,T3,temporal,kiri,0.063,2.063,2.0,2.0,late,video,1.0,False,False,False,,,,
P15,NGEED,1,PRA,T5,temporo-posterior,kiri,0.063,2.063,2.0,2.0,late,video,1.0,False,False,False,,,,
P15,NGEED,1,PRA,Fp2,frontopolar,kanan,0.063,2.063,2.0,2.0,late,video,0.0,True,False,False,-0.5155080378815171,0.13535334019805134,-0.4336116629648785,-0.45199402604993466
P15,NGEED,1,PRA,F4,frontal,kanan,0.063,2.063,2.0,2.0,late,video,0.0,True,False,False,2.713419999078809,1.91931698367706,2.108511691279716,1.6895047550217193
P15,NGEED,1,PRA,C4,sentral,kanan,0.063,2.063,2.0,2.0,late,video,0.0,True,False,False,-1.736939149542252,-0.5500532995783836,1.723033402108527,-2.061657525017857
P15,NGEED,1,PRA,P4,parietal,kanan,0.063,2.063,2.0,2.0,late,video,0.895,False,False,False,,,,
P15,NGEED,1,PRA,O2,oksipital,kanan,0.063,2.063,2.0,2.0,late,video,1.0,False,False,False,,,,
P15,NGEED,1,PRA,F8,frontotemporal,kanan,0.063,2.063,2.0,2.0,late,video,0.0,True,False,False,-4.772167176095625,-2.650113726412801,-3.045103554638711,-5.168563324076008
P15,NGEED,1,PRA,T4,temporal,kanan,0.063,2.063,2.0,2.0,late,video,0.0,True,False,False,0.7390720788906968,0.46133957671453985,-1.2019039829362477,0.05292932827371288
P15,NGEED,1,PRA,T6,temporo-posterior,kanan,0.063,2.063,2.0,2.0,late,video,0.0,True,False,False,-3.288707518707241,-3.3765547358603563,-0.13636708755015903,-3.707704921281504
P15,NGEED,1,TURUN,Fp1,frontopolar,kiri,7.968,9.859,2.391,1.891,late,video,0.0,True,False,False,-1.5541675450365346,2.8860664519495742,-2.1235976997603423,3.143303916591151
P15,NGEED,1,TURUN,F3,frontal,kiri,7.968,9.859,2.391,1.891,late,video,1.0,False,False,False,,,,
P15,NGEED,1,TURUN,C3,sentral,kiri,7.968,9.859,2.391,1.891,late,video,0.894,False,False,False,,,,
P15,NGEED,1,TURUN,P3,parietal,kiri,7.968,9.859,2.391,1.891,late,video,1.0,False,False,False,,,,
P15,NGEED,1,TURUN,O1,oksipital,kiri,7.968,9.859,2.391,1.891,late,video,0.0,True,False,False,-17.24016119758842,-14.071595907307856,-14.997489038870459,-12.181661918221284
P15,NGEED,1,TURUN,F7,frontotemporal,kiri,7.968,9.859,2.391,1.891,late,video,0.0,True,False,False,-3.1333503754040244,1.1753725820732157,-2.559735851645815,2.180034159451555
P15,NGEED,1,TURUN,T3,temporal,kiri,7.968,9.859,2.391,1.891,late,video,0.0,True,False,False,-1.8355694555008597,1.3857847598770263,-3.975148366069808,0.4529545574024638
P15,NGEED,1,TURUN,T5,temporo-posterior,kiri,7.968,9.859,2.391,1.891,late,video,0.577,False,False,False,,,,
P15,NGEED,1,TURUN,Fp2,frontopolar,kanan,7.968,9.859,2.391,1.891,late,video,0.0,True,False,False,1.5844147195839966,3.296003546321991,2.1643189453168823,1.5827505786805531
P15,NGEED,1,TURUN,F4,frontal,kanan,7.968,9.859,2.391,1.891,late,video,0.0,True,False,False,-2.7976029730937135,-1.212801259368316,-0.026456033369285592,-0.40517862530821347
P15,NGEED,1,TURUN,C4,sentral,kanan,7.968,9.859,2.391,1.891,late,video,0.0,True,False,False,0.020966644102195175,1.0742033969739673,2.9797920900369874,0.9948662965340631
P15,NGEED,1,TURUN,P4,parietal,kanan,7.968,9.859,2.391,1.891,late,video,0.0,True,False,False,-4.518994416964247,-1.421491766830858,0.8874387221046973,-0.6633460489642431
P15,NGEED,1,TURUN,O2,oksipital,kanan,7.968,9.859,2.391,1.891,late,video,0.0,True,False,False,-0.24107661373501799,1.7987835741031262,1.6642571676734477,1.6944933976260756
P15,NGEED,1,TURUN,F8,frontotemporal,kanan,7.968,9.859,2.391,1.891,late,video,0.0,True,False,False,1.4995509339167725,4.739668434281597,3.4794198035764765,1.525348410711203
P15,NGEED,1,TURUN,T4,temporal,kanan,7.968,9.859,2.391,1.891,late,video,0.0,True,False,False,-0.18240702973909606,2.110311056924605,0.7428609088553735,1.81557843396687
P15,NGEED,1,TURUN,T6,temporo-posterior,kanan,7.968,9.859,2.391,1.891,late,video,0.0,True,False,False,-4.579920714435822,-6.189431371863527,-1.581470666964865,-3.8372921930784685
P15,NGEED,1,TAHAN,Fp1,frontopolar,kiri,10.332,11.374,1.488,1.042,late,video,0.0,True,False,False,-0.6181626295865392,2.7187818893456352,-0.7475989452093827,2.0295337195789074
P15,NGEED,1,TAHAN,F3,frontal,kiri,10.332,11.374,1.488,1.042,late,video,1.0,False,False,False,,,,
P15,NGEED,1,TAHAN,C3,sentral,kiri,10.332,11.374,1.488,1.042,late,video,0.0,True,False,False,-5.664164275573185,-2.2292921781081994,-7.635478793610183,-3.390878720067242
P15,NGEED,1,TAHAN,P3,parietal,kiri,10.332,11.374,1.488,1.042,late,video,0.0,True,False,False,-7.6520468647921,-9.50140674720833,-12.702525905625468,-10.680453967673206
P15,NGEED,1,TAHAN,O1,oksipital,kiri,10.332,11.374,1.488,1.042,late,video,0.0,True,False,False,-16.731311814308704,-11.933401541530603,-13.642408507812553,-10.644747644404127
P15,NGEED,1,TAHAN,F7,frontotemporal,kiri,10.332,11.374,1.488,1.042,late,video,0.0,True,False,False,-5.540000758631219,0.6684446149396948,-2.002709988749892,0.453230794356962
P15,NGEED,1,TAHAN,T3,temporal,kiri,10.332,11.374,1.488,1.042,late,video,0.0,True,False,False,-3.356300123331181,2.476351455813422,0.5973763655589686,3.7086279580476784
P15,NGEED,1,TAHAN,T5,temporo-posterior,kiri,10.332,11.374,1.488,1.042,late,video,0.0,True,False,False,-3.701638413758573,-1.4051203585768448,-5.852441927205007,0.8390807150146244
P15,NGEED,1,TAHAN,Fp2,frontopolar,kanan,10.332,11.374,1.488,1.042,late,video,0.0,True,False,False,-7.363873360067522,-1.264377528528314,-0.9679633325083365,-4.3952804073149885
P15,NGEED,1,TAHAN,F4,frontal,kanan,10.332,11.374,1.488,1.042,late,video,0.0,True,False,False,-6.2564859344669514,-4.745618409759537,-6.363676185976066,-4.36856402821741
P15,NGEED,1,TAHAN,C4,sentral,kanan,10.332,11.374,1.488,1.042,late,video,0.0,True,False,False,-9.506616359418146,-0.597565915793048,1.3733028763442796,-4.544336987152654
P15,NGEED,1,TAHAN,P4,parietal,kanan,10.332,11.374,1.488,1.042,late,video,0.0,True,False,False,-11.491104139272725,-4.3366513022798365,-2.1805000686940303,-4.139967657346325
P15,NGEED,1,TAHAN,O2,oksipital,kanan,10.332,11.374,1.488,1.042,late,video,0.0,True,False,False,-3.0044639396946096,-0.37085883018851007,-1.067470065166411,2.336809723413289
P15,NGEED,1,TAHAN,F8,frontotemporal,kanan,10.332,11.374,1.488,1.042,late,video,0.0,True,False,False,-6.716126107890364,3.3593505553158707,0.9533603889291449,0.3536968662311466
P15,NGEED,1,TAHAN,T4,temporal,kanan,10.332,11.374,1.488,1.042,late,video,0.0,True,False,False,-6.570563155659794,-1.4689631308523161,-2.925023267987328,-1.5599214290241115
P15,NGEED,1,TAHAN,T6,temporo-posterior,kanan,10.332,11.374,1.488,1.042,late,video,0.0,True,False,False,-5.976102876063635,-3.751030744902046,-3.9012856061379217,-5.396839940943018
P15,NGEED,1,NAIK,Fp1,frontopolar,kiri,11.72,12.295,0.821,0.575,late,video,0.0,True,False,False,4.883733532319447,3.4536585426777293,-0.5358411799695197,5.870008145195392
P15,NGEED,1,NAIK,F3,frontal,kiri,11.72,12.295,0.821,0.575,late,video,0.649,False,False,False,,,,
P15,NGEED,1,NAIK,C3,sentral,kiri,11.72,12.295,0.821,0.575,late,video,0.0,True,False,False,-2.073521622848343,-9.050394927086982,-6.230783087756759,3.337608368556687
P15,NGEED,1,NAIK,P3,parietal,kiri,11.72,12.295,0.821,0.575,late,video,0.0,True,False,False,-1.2646686619014815,-6.291338475227409,-7.502673807494279,1.5795470294182756
P15,NGEED,1,NAIK,O1,oksipital,kiri,11.72,12.295,0.821,0.575,late,video,0.0,True,False,False,-14.457437846041202,-16.93205032015372,-11.416538917726875,-12.175517890601878
P15,NGEED,1,NAIK,F7,frontotemporal,kiri,11.72,12.295,0.821,0.575,late,video,0.0,True,False,False,1.5136894648593042,0.8837052064539677,-3.801542816323927,3.887087593455444
P15,NGEED,1,NAIK,T3,temporal,kiri,11.72,12.295,0.821,0.575,late,video,0.0,True,False,False,5.324656170712068,2.3606933105937173,-2.3954452158414448,7.494977690327136
P15,NGEED,1,NAIK,T5,temporo-posterior,kiri,11.72,12.295,0.821,0.575,late,video,0.0,True,False,False,-2.0219057715287256,-4.5945950657560495,-6.7846811843941826,3.930069615190522
P15,NGEED,1,NAIK,Fp2,frontopolar,kanan,11.72,12.295,0.821,0.575,late,video,0.0,True,False,False,0.8284350960804829,-6.759391010898046,-0.4290171104826399,-1.966336315125794
P15,NGEED,1,NAIK,F4,frontal,kanan,11.72,12.295,0.821,0.575,late,video,0.0,True,False,False,-0.7916042680148294,-6.316661348511339,-2.3757879269920927,0.7493449785724238
P15,NGEED,1,NAIK,C4,sentral,kanan,11.72,12.295,0.821,0.575,late,video,0.0,True,False,False,-1.878947285632222,2.1094796169566123,2.246449459724797,-1.7510504982456716
P15,NGEED,1,NAIK,P4,parietal,kanan,11.72,12.295,0.821,0.575,late,video,0.0,True,False,False,-5.020557160342115,-5.1453212703978615,-2.1767295373582947,-2.6906675310703037
P15,NGEED,1,NAIK,O2,oksipital,kanan,11.72,12.295,0.821,0.575,late,video,0.0,True,False,False,-3.51520310237769,-7.596934049723657,-0.7932161295854812,0.5347548396343456
P15,NGEED,1,NAIK,F8,frontotemporal,kanan,11.72,12.295,0.821,0.575,late,video,0.0,True,False,False,-5.2516289234878855,1.8960728974080325,0.9000400340881143,-3.4734656764052794
P15,NGEED,1,NAIK,T4,temporal,kanan,11.72,12.295,0.821,0.575,late,video,0.0,True,False,False,-4.746069498632139,-7.8240364330937595,-1.008193454986717,-0.37980103736699533
P15,NGEED,1,NAIK,T6,temporo-posterior,kanan,11.72,12.295,0.821,0.575,late,video,0.0,True,False,False,-2.9564244610664403,-9.055971575782866,-2.8098051850848904,-1.668298396849245
P15,NGEED,1,POST,Fp1,frontopolar,kiri,12.918,14.418,1.5,1.5,late,video,0.0,True,False,False,2.7487073021361184,2.3013218907937123,1.2626054733890655,4.609740024903097
P15,NGEED,1,POST,F3,frontal,kiri,12.918,14.418,1.5,1.5,late,video,0.093,True,False,False,-9.683585042710313,-5.103618039122992,-4.3858567524659655,-6.704280103963981
P15,NGEED,1,POST,C3,sentral,kiri,12.918,14.418,1.5,1.5,late,video,0.0,True,False,False,-5.106472744977385,-1.2801546403687318,-4.5653845836727776,4.836878776040177
P15,NGEED,1,POST,P3,parietal,kiri,12.918,14.418,1.5,1.5,late,video,0.0,True,False,False,-3.8150083440034024,-4.215647934569667,-5.771872074087456,4.092175726271989
P15,NGEED,1,POST,O1,oksipital,kiri,12.918,14.418,1.5,1.5,late,video,0.0,True,False,False,-16.234534059973267,-13.530450761115262,-13.69661111122921,-11.612446474270328
P15,NGEED,1,POST,F7,frontotemporal,kiri,12.918,14.418,1.5,1.5,late,video,0.0,True,False,False,-2.772880113166078,0.9011628127508899,0.23270979994509133,3.7459300373602282
P15,NGEED,1,POST,T3,temporal,kiri,12.918,14.418,1.5,1.5,late,video,0.0,True,False,False,0.18046871448910906,3.2939107929891627,2.436133534852928,7.62575125304981
P15,NGEED,1,POST,T5,temporo-posterior,kiri,12.918,14.418,1.5,1.5,late,video,0.0,True,False,False,-2.7129652727321023,-2.100465683146332,-4.619643944535042,5.529339321513259
P15,NGEED,1,POST,Fp2,frontopolar,kanan,12.918,14.418,1.5,1.5,late,video,0.0,True,False,False,-3.8486224301084277,-2.009754289423782,-1.177682149691563,-3.365758024038847
P15,NGEED,1,POST,F4,frontal,kanan,12.918,14.418,1.5,1.5,late,video,0.0,True,False,False,-4.061754398786018,-0.8923877518146064,-1.7969141904474668,-0.5474475911197239
P15,NGEED,1,POST,C4,sentral,kanan,12.918,14.418,1.5,1.5,late,video,0.0,True,False,False,-1.8334769466906522,-1.9698768222492795,0.13179863213444776,-2.250656916802015
P15,NGEED,1,POST,P4,parietal,kanan,12.918,14.418,1.5,1.5,late,video,0.0,True,False,False,-8.196629344645718,-4.825006555896987,-1.1311914527675455,-0.60559171943747
P15,NGEED,1,POST,O2,oksipital,kanan,12.918,14.418,1.5,1.5,late,video,0.0,True,False,False,-5.169205184993878,-2.157142229972713,-2.900640834127884,2.909453012892648
P15,NGEED,1,POST,F8,frontotemporal,kanan,12.918,14.418,1.5,1.5,late,video,0.0,True,False,False,-9.551013793386026,-6.298947933309314,-2.9769578430803136,-3.5068918627043075
P15,NGEED,1,POST,T4,temporal,kanan,12.918,14.418,1.5,1.5,late,video,0.0,True,False,False,-4.044465950534267,-4.927885636769169,-3.5063958823842896,2.50859921290159
P15,NGEED,1,POST,T6,temporo-posterior,kanan,12.918,14.418,1.5,1.5,late,video,0.0,True,False,False,-8.854848672031839,-3.2668246897854054,-3.130031891831372,-3.2021494073912073
P15,NGEED,2,PRA,Fp1,frontopolar,kiri,13.372,15.372,2.0,2.0,ok,video,0.0,True,False,False,2.764183267575085,4.950184034436781,1.4973444025616267,4.477732711248386
P15,NGEED,2,PRA,F3,frontal,kiri,13.372,15.372,2.0,2.0,ok,video,0.0,True,False,False,-6.569634348870256,-3.196623799272807,-3.036561002862072,-2.5709787730139766
P15,NGEED,2,PRA,C3,sentral,kiri,13.372,15.372,2.0,2.0,ok,video,0.0,True,False,False,0.7921703063462324,-2.208394718520406,-4.332666738808843,3.980803268631785
P15,NGEED,2,PRA,P3,parietal,kiri,13.372,15.372,2.0,2.0,ok,video,0.0,True,False,False,-1.5512965921518038,-1.4402230549825852,-5.00688559425987,3.991240485399473
P15,NGEED,2,PRA,O1,oksipital,kiri,13.372,15.372,2.0,2.0,ok,video,0.0,True,False,False,-15.657378047124599,-12.621544340610608,-13.80763804425222,-10.515495936672991
P15,NGEED,2,PRA,F7,frontotemporal,kiri,13.372,15.372,2.0,2.0,ok,video,0.0,True,False,False,-0.3356015522354703,3.393661942384959,0.6893388252975363,3.622207068165551
P15,NGEED,2,PRA,T3,temporal,kiri,13.372,15.372,2.0,2.0,ok,video,0.0,True,False,False,1.608415058612664,5.6133784370918995,2.822119735252265,6.958903639422605
P15,NGEED,2,PRA,T5,temporo-posterior,kiri,13.372,15.372,2.0,2.0,ok,video,0.0,True,False,False,-1.5612526224841972,1.454916164054378,-5.381023748954714,5.293510055888444
P15,NGEED,2,PRA,Fp2,frontopolar,kanan,13.372,15.372,2.0,2.0,ok,video,0.0,True,False,False,-1.9397847594686937,0.8698591357630789,-1.2281894866388683,-1.3998924898956808
P15,NGEED,2,PRA,F4,frontal,kanan,13.372,15.372,2.0,2.0,ok,video,0.0,True,False,False,-2.64171192983612,-1.587507017778524,-1.7989654634561099,-0.9353218036492024
P15,NGEED,2,PRA,C4,sentral,kanan,13.372,15.372,2.0,2.0,ok,video,0.0,True,False,False,-2.967356815483903,-2.783077385836897,-0.5133779240156287,-2.893757040612318
P15,NGEED,2,PRA,P4,parietal,kanan,13.372,15.372,2.0,2.0,ok,video,0.0,True,False,False,-1.8692585275896576,-0.23598596822595397,-2.1960185471424474,-0.5140255568496244
P15,NGEED,2,PRA,O2,oksipital,kanan,13.372,15.372,2.0,2.0,ok,video,0.0,True,False,False,-2.418156052295636,-2.2387840261429517,-2.8043370132578076,2.4821971900617257
P15,NGEED,2,PRA,F8,frontotemporal,kanan,13.372,15.372,2.0,2.0,ok,video,0.0,True,False,False,-4.596939860480031,-3.004595307537567,-1.1735301443217026,-2.181077770177211
P15,NGEED,2,PRA,T4,temporal,kanan,13.372,15.372,2.0,2.0,ok,video,0.0,True,False,False,-0.0849076717138999,-3.3834485308066817,-2.254587692572013,2.037828172351972
P15,NGEED,2,PRA,T6,temporo-posterior,kanan,13.372,15.372,2.0,2.0,ok,video,0.0,True,False,False,-6.9058583667048765,-7.929058612023336,-4.7698906450799825,-5.085957129809628
P15,NGEED,2,TURUN,Fp1,frontopolar,kiri,23.522,24.445,1.319,0.923,ok,video,0.0,True,False,False,2.1582285867291304,-3.1502429614030234,0.5307289813246605,2.5045857228227106
P15,NGEED,2,TURUN,F3,frontal,kiri,23.522,24.445,1.319,0.923,ok,video,0.0,True,False,False,-1.459813828200847,-2.575916005659092,-1.3275998382101974,-1.0141366249869144
P15,NGEED,2,TURUN,C3,sentral,kiri,23.522,24.445,1.319,0.923,ok,video,0.0,True,False,False,6.847798691932368,-2.1177583642213342,0.17452058217359578,5.779962314652671
P15,NGEED,2,TURUN,P3,parietal,kiri,23.522,24.445,1.319,0.923,ok,video,0.0,True,False,False,3.282930209568274,-6.012096741827227,-0.14823493264388787,1.3830248902397635
P15,NGEED,2,TURUN,O1,oksipital,kiri,23.522,24.445,1.319,0.923,ok,video,0.0,True,False,False,-14.730962064412779,-11.885888333565582,-12.07773072426848,-8.872053383639479
P15,NGEED,2,TURUN,F7,frontotemporal,kiri,23.522,24.445,1.319,0.923,ok,video,0.0,True,False,False,4.549008612989269,-2.599940564206829,-0.5792523625284751,3.5883289359041513
P15,NGEED,2,TURUN,T3,temporal,kiri,23.522,24.445,1.319,0.923,ok,video,0.0,True,False,False,4.195028544452406,3.7774817600791337,1.4583891539525808,5.542131897621591
P15,NGEED,2,TURUN,T5,temporo-posterior,kiri,23.522,24.445,1.319,0.923,ok,video,0.0,True,False,False,2.866387832053192,6.699762498939467,4.156725999143362,3.3883755382156444
P15,NGEED,2,TURUN,Fp2,frontopolar,kanan,23.522,24.445,1.319,0.923,ok,video,0.0,True,False,False,12.329200798041796,12.839482978249116,12.594407729226237,11.046982774818943
P15,NGEED,2,TURUN,F4,frontal,kanan,23.522,24.445,1.319,0.923,ok,video,0.0,True,False,False,13.25321313396897,12.483330873876962,15.15143607163688,12.889545469332496
P15,NGEED,2,TURUN,C4,sentral,kanan,23.522,24.445,1.319,0.923,ok,video,0.359,True,True,False,2.074840275675683,2.487515678231045,7.868337005408307,3.42950942154269
P15,NGEED,2,TURUN,P4,parietal,kanan,23.522,24.445,1.319,0.923,ok,video,0.0,True,False,False,3.3113113439715036,7.769563745244543,6.240250358485838,6.313480293634868
P15,NGEED,2,TURUN,O2,oksipital,kanan,23.522,24.445,1.319,0.923,ok,video,0.0,True,False,False,5.280494373098634,5.9065772313881695,6.255954449907708,6.453436377640145
P15,NGEED,2,TURUN,F8,frontotemporal,kanan,23.522,24.445,1.319,0.923,ok,video,0.0,True,False,False,3.842837972788658,6.837248211914378,7.409488328648713,4.413860021527157
P15,NGEED,2,TURUN,T4,temporal,kanan,23.522,24.445,1.319,0.923,ok,video,0.0,True,False,False,0.8340596520434076,8.434644935348075,8.822001922616174,5.627997599839993
P15,NGEED,2,TURUN,T6,temporo-posterior,kanan,23.522,24.445,1.319,0.923,ok,video,0.0,True,False,False,4.370559783440058,5.580265880914702,6.202615032836359,5.5710088577788
P15,NGEED,2,TAHAN,Fp1,frontopolar,kiri,24.893,26.059,1.666,1.166,ok,video,0.0,True,False,False,-6.278403562634143,-4.059014248936748,1.7504545974401928,1.1471687164430726
P15,NGEED,2,TAHAN,F3,frontal,kiri,24.893,26.059,1.666,1.166,ok,video,0.0,True,False,False,-10.156983422782094,-8.667963881773044,-5.875438905184833,-8.02860197493099
P15,NGEED,2,TAHAN,C3,sentral,kiri,24.893,26.059,1.666,1.166,ok,video,0.0,True,False,False,-4.134295305449754,-6.594232260713573,-2.1906785693723307,2.139469867537752
P15,NGEED,2,TAHAN,P3,parietal,kiri,24.893,26.059,1.666,1.166,ok,video,0.0,True,False,False,-4.716982053069014,-5.5436836359589705,-3.321722553576576,3.2236217454107745
P15,NGEED,2,TAHAN,O1,oksipital,kiri,24.893,26.059,1.666,1.166,ok,video,0.0,True,False,False,-14.582185990977194,-16.61376938225331,-11.41939649041916,-9.078381708740551
P15,NGEED,2,TAHAN,F7,frontotemporal,kiri,24.893,26.059,1.666,1.166,ok,video,0.0,True,False,False,-4.787358570318229,-4.019828053127625,0.7517220260340878,0.10015569509790367
P15,NGEED,2,TAHAN,T3,temporal,kiri,24.893,26.059,1.666,1.166,ok,video,0.0,True,False,False,-3.7725506833338187,-0.5981750464069862,1.6069053707971506,4.745522315519821
P15,NGEED,2,TAHAN,T5,temporo-posterior,kiri,24.893,26.059,1.666,1.166,ok,video,0.0,True,False,False,-3.0635935700636203,-3.352673577887007,-2.569606129907772,3.9904765527048838
P15,NGEED,2,TAHAN,Fp2,frontopolar,kanan,24.893,26.059,1.666,1.166,ok,video,0.0,True,False,False,-4.468076842468008,-4.655379333652043,-2.616603889810307,-3.7603914143615995
P15,NGEED,2,TAHAN,F4,frontal,kanan,24.893,26.059,1.666,1.166,ok,video,0.0,True,False,False,-2.469858571560902,-1.2368274506766248,-1.5247550765492797,-0.7004335816231553
P15,NGEED,2,TAHAN,C4,sentral,kanan,24.893,26.059,1.666,1.166,ok,video,0.0,True,False,False,-4.429406745256248,-1.2242778117117012,-2.0220397396301983,-3.6327606358140017
P15,NGEED,2,TAHAN,P4,parietal,kanan,24.893,26.059,1.666,1.166,ok,video,0.0,True,False,False,-8.827311019122725,-2.250165241487988,0.2913012610875221,0.16571883440187207
P15,NGEED,2,TAHAN,O2,oksipital,kanan,24.893,26.059,1.666,1.166,ok,video,0.0,True,False,False,-1.22237865108454,-4.753610461364655,-1.6679991892609856,2.267767127883161
P15,NGEED,2,TAHAN,F8,frontotemporal,kanan,24.893,26.059,1.666,1.166,ok,video,0.0,True,False,False,-2.2956306311210533,1.2867665899507266,0.21864856841746771,0.6764071163192398
P15,NGEED,2,TAHAN,T4,temporal,kanan,24.893,26.059,1.666,1.166,ok,video,0.0,True,False,False,-3.8550255028688873,-4.6608309839565045,-3.1829456100045377,1.9388668645881495
P15,NGEED,2,TAHAN,T6,temporo-posterior,kanan,24.893,26.059,1.666,1.166,ok,video,0.0,True,False,False,-4.9703817538221,-8.907534946403857,-6.240745876005867,-4.0075881358807415
P15,NGEED,2,NAIK,Fp1,frontopolar,kiri,26.537,27.604,1.523,1.066,ok,video,0.0,True,False,False,2.607465199822528,1.9095061261877646,-0.5318260864633331,2.6341054117510296
P15,NGEED,2,NAIK,F3,frontal,kiri,26.537,27.604,1.523,1.066,ok,video,0.327,True,True,False,2.377472749250103,-0.6205678860661692,-4.112355025288867,-1.2029727709973415
P15,NGEED,2,NAIK,C3,sentral,kiri,26.537,27.604,1.523,1.066,ok,video,0.0,True,False,False,8.124903486860454,1.3467746025652012,-0.37095026955078936,5.294925472090316
P15,NGEED,2,NAIK,P3,parietal,kiri,26.537,27.604,1.523,1.066,ok,video,0.0,True,False,False,7.051485066667226,-0.8492997704716743,-2.8869551859514644,3.970354056073056
P15,NGEED,2,NAIK,O1,oksipital,kiri,26.537,27.604,1.523,1.066,ok,video,0.0,True,False,False,-7.6786701007099865,-12.160135361606496,-12.854483078225655,-9.582797395026176
P15,NGEED,2,NAIK,F7,frontotemporal,kiri,26.537,27.604,1.523,1.066,ok,video,0.0,True,False,False,5.113356084760358,1.0198013273927522,-1.2346751303691796,3.444394743524793
P15,NGEED,2,NAIK,T3,temporal,kiri,26.537,27.604,1.523,1.066,ok,video,0.0,True,False,False,9.346167692651402,6.686578760391878,0.9472183286289493,6.20700954492381
P15,NGEED,2,NAIK,T5,temporo-posterior,kiri,26.537,27.604,1.523,1.066,ok,video,0.0,True,False,False,6.94625395811644,1.5792236146326388,0.36569671919003,5.144167069395763
P15,NGEED,2,NAIK,Fp2,frontopolar,kanan,26.537,27.604,1.523,1.066,ok,video,0.0,True,False,False,6.701292285338333,6.9605375868782176,1.0652806987395635,4.296975795646496
P15,NGEED,2,NAIK,F4,frontal,kanan,26.537,27.604,1.523,1.066,ok,video,0.0,True,False,False,4.56783647286349,7.753510983916581,3.6792863398995763,3.9431001408783075
P15,NGEED,2,NAIK,C4,sentral,kanan,26.537,27.604,1.523,1.066,ok,video,0.0,True,False,False,-1.7907560261359379,1.9286728787423755,2.061176160656945,-0.33752017728630435
P15,NGEED,2,NAIK,P4,parietal,kanan,26.537,27.604,1.523,1.066,ok,video,0.0,True,False,False,-0.017011914330161915,-0.6912919789861043,-0.6842098881501855,0.3688081223036903
P15,NGEED,2,NAIK,O2,oksipital,kanan,26.537,27.604,1.523,1.066,ok,video,0.0,True,False,False,7.392986357908526,0.824756378619913,0.5656941532559827,6.249764417366144
P15,NGEED,2,NAIK,F8,frontotemporal,kanan,26.537,27.604,1.523,1.066,ok,video,0.0,True,False,False,1.4476369603720656,2.8771709855804666,1.0567985290214672,1.294730260970951
P15,NGEED,2,NAIK,T4,temporal,kanan,26.537,27.604,1.523,1.066,ok,video,0.0,True,False,False,6.13313849718898,1.5204606475775968,-1.18646400285499,5.38634013551912
P15,NGEED,2,NAIK,T6,temporo-posterior,kanan,26.537,27.604,1.523,1.066,ok,video,0.0,True,False,False,-0.0817952496326626,0.050327065024895035,0.2570482803055292,0.04038739840505201
P15,NGEED,2,POST,Fp1,frontopolar,kiri,28.332,29.832,1.5,1.5,ok,video,0.0,True,False,False,-2.9330422646026513,-0.9449985639578529,-0.9416640265587191,2.014406976643933
P15,NGEED,2,POST,F3,frontal,kiri,28.332,29.832,1.5,1.5,ok,video,1.0,False,False,False,,,,
P15,NGEED,2,POST,C3,sentral,kiri,28.332,29.832,1.5,1.5,ok,video,0.0,True,False,False,-2.89370836866377,-2.712789774481351,-3.8766318450004427,2.921170618600595
P15,NGEED,2,POST,P3,parietal,kiri,28.332,29.832,1.5,1.5,ok,video,0.0,True,False,False,-6.621575345995275,-7.866391717985598,-8.218136827764202,-2.2111574214501886
P15,NGEED,2,POST,O1,oksipital,kiri,28.332,29.832,1.5,1.5,ok,video,0.0,True,False,False,-14.128029689018064,-13.475532896793105,-14.822635726903178,-10.190723320849209
P15,NGEED,2,POST,F7,frontotemporal,kiri,28.332,29.832,1.5,1.5,ok,video,0.0,True,False,False,-3.5243265398751653,0.17893575345129875,-1.214288395428163,2.232614920239513
P15,NGEED,2,POST,T3,temporal,kiri,28.332,29.832,1.5,1.5,ok,video,0.0,True,False,False,-1.5588568721251228,0.9719455611529497,-1.0098494192551755,5.599197295223373
P15,NGEED,2,POST,T5,temporo-posterior,kiri,28.332,29.832,1.5,1.5,ok,video,0.0,True,False,False,-1.6421242654231953,-2.212758122184116,-3.1309099533011686,3.9338624615684026
P15,NGEED,2,POST,Fp2,frontopolar,kanan,28.332,29.832,1.5,1.5,ok,video,0.0,True,False,False,3.6632074285397778,10.304920050833061,9.710601945719187,6.554602075895303
P15,NGEED,2,POST,F4,frontal,kanan,28.332,29.832,1.5,1.5,ok,video,0.0,True,False,False,9.832731883644826,12.224721771821681,9.974717698979724,10.31045124966689
P15,NGEED,2,POST,C4,sentral,kanan,28.332,29.832,1.5,1.5,ok,video,0.0,True,False,False,4.420118663520597,10.57367185548981,12.05185930371897,8.504800395728196
P15,NGEED,2,POST,P4,parietal,kanan,28.332,29.832,1.5,1.5,ok,video,0.0,True,False,False,-0.2774818008887223,3.6574715653049914,2.22354840214793,2.5056219350940765
P15,NGEED,2,POST,O2,oksipital,kanan,28.332,29.832,1.5,1.5,ok,video,0.0,True,False,False,2.9936937586497976,5.527578793196504,4.551675031804624,6.966919273216085
P15,NGEED,2,POST,F8,frontotemporal,kanan,28.332,29.832,1.5,1.5,ok,video,0.0,True,False,False,2.3475253617839584,6.1578492466650445,4.650681272308574,4.913924838758206
P15,NGEED,2,POST,T4,temporal,kanan,28.332,29.832,1.5,1.5,ok,video,0.0,True,False,False,5.933116108325159,9.251745241041554,6.50690329882973,8.363572857809906
P15,NGEED,2,POST,T6,temporo-posterior,kanan,28.332,29.832,1.5,1.5,ok,video,0.0,True,False,False,5.4730868999493865,6.741742720138454,6.205737530831026,7.351751461923136
P15,AGEM KANAN,1,PRA,Fp1,frontopolar,kiri,29.206,31.206,2.0,2.0,ok,video,0.0,True,False,False,-1.355409139886735,3.3764896256783175,-0.6955495395003979,2.4108233967787456
P15,AGEM KANAN,1,PRA,F3,frontal,kiri,29.206,31.206,2.0,2.0,ok,video,1.0,False,False,False,,,,
P15,AGEM KANAN,1,PRA,C3,sentral,kiri,29.206,31.206,2.0,2.0,ok,video,0.0,True,False,False,-4.956116663406082,-2.2034874576485493,-2.721310116965295,2.453102128257367
P15,AGEM KANAN,1,PRA,P3,parietal,kiri,29.206,31.206,2.0,2.0,ok,video,0.0,True,False,False,-7.338266050250098,-5.912465757345839,-7.182473578922911,-3.539577250784216
P15,AGEM KANAN,1,PRA,O1,oksipital,kiri,29.206,31.206,2.0,2.0,ok,video,0.0,True,False,False,-15.976686330605066,-13.552469621369482,-14.67154271403971,-10.039488926224521
P15,AGEM KANAN,1,PRA,F7,frontotemporal,kiri,29.206,31.206,2.0,2.0,ok,video,0.0,True,False,False,-4.3003760899998404,1.1082345061291505,-1.345185937867818,1.8979233485970397
P15,AGEM KANAN,1,PRA,T3,temporal,kiri,29.206,31.206,2.0,2.0,ok,video,0.0,True,False,False,-1.6315098839167597,-0.17438472277718375,0.2172543344675475,5.247459528836902
P15,AGEM KANAN,1,PRA,T5,temporo-posterior,kiri,29.206,31.206,2.0,2.0,ok,video,0.0,True,False,False,-5.132359548492179,1.7766452098556336,-2.1606601776360925,3.9683955864754594
P15,AGEM KANAN,1,PRA,Fp2,frontopolar,kanan,29.206,31.206,2.0,2.0,ok,video,0.0,True,False,False,1.0415917228693417,-1.1973648613748011,-0.5668069510478446,-0.7200946681398364
P15,AGEM KANAN,1,PRA,F4,frontal,kanan,29.206,31.206,2.0,2.0,ok,video,0.0,True,False,False,3.083150823654101,0.38563832354122596,1.0425615511017803,3.474799582540964
P15,AGEM KANAN,1,PRA,C4,sentral,kanan,29.206,31.206,2.0,2.0,ok,video,0.0,True,False,False,2.5236342228244553,1.948500705523525,3.255462428569281,5.157740997877809
P15,AGEM KANAN,1,PRA,P4,parietal,kanan,29.206,31.206,2.0,2.0,ok,video,0.0,True,False,False,-3.1004428105702857,-0.16088134657758957,-2.431888170241038,-3.029592490367669
P15,AGEM KANAN,1,PRA,O2,oksipital,kanan,29.206,31.206,2.0,2.0,ok,video,0.0,True,False,False,2.4623571047773325,0.9064951712431331,-2.480890976201149,3.785004845483826
P15,AGEM KANAN,1,PRA,F8,frontotemporal,kanan,29.206,31.206,2.0,2.0,ok,video,0.0,True,False,False,2.574110423402672,-2.0694159380537585,-0.08402786926618333,2.900696246666101
P15,AGEM KANAN,1,PRA,T4,temporal,kanan,29.206,31.206,2.0,2.0,ok,video,0.0,True,False,False,2.215377278324535,0.5407714982892458,-2.297720987572287,2.9865694038217327
P15,AGEM KANAN,1,PRA,T6,temporo-posterior,kanan,29.206,31.206,2.0,2.0,ok,video,0.0,True,False,False,1.0681967249737738,-2.66631020028775,-3.363194753443654,0.6205773810895892
P15,AGEM KANAN,1,TURUN,Fp1,frontopolar,kiri,39.153,39.907,1.076,0.753,ok,video,0.0,True,False,False,5.415495346625072,1.139261868551575,-2.8177749458349908,5.527704649192472
P15,AGEM KANAN,1,TURUN,F3,frontal,kiri,39.153,39.907,1.076,0.753,ok,video,0.0,True,False,False,3.2289277358492825,0.3887812433855977,-3.3957404037445755,4.363560795613278
P15,AGEM KANAN,1,TURUN,C3,sentral,kiri,39.153,39.907,1.076,0.753,ok,video,0.0,True,False,False,5.477432687886097,-1.5513389985038053,0.09246600970044838,5.994220714977633
P15,AGEM KANAN,1,TURUN,P3,parietal,kiri,39.153,39.907,1.076,0.753,ok,video,0.0,True,False,False,4.11005882808352,-0.8817936053882391,-1.1516820288700131,6.600963306117471
P15,AGEM KANAN,1,TURUN,O1,oksipital,kiri,39.153,39.907,1.076,0.753,ok,video,0.0,True,False,False,-10.415565358868257,-13.340928818044407,-11.549872897133469,-8.442175923991705
P15,AGEM KANAN,1,TURUN,F7,frontotemporal,kiri,39.153,39.907,1.076,0.753,ok,video,0.0,True,False,False,4.5993606398297935,-0.5088243704025395,-2.27386228491385,6.727686493843343
P15,AGEM KANAN,1,TURUN,T3,temporal,kiri,39.153,39.907,1.076,0.753,ok,video,0.0,True,False,False,7.2781759238160255,1.6952019128821902,0.879275401836189,9.584285113061458
P15,AGEM KANAN,1,TURUN,T5,temporo-posterior,kiri,39.153,39.907,1.076,0.753,ok,video,0.0,True,False,False,3.4958683073322554,1.3211309045191442,1.0371060050990017,7.746063294724227
P15,AGEM KANAN,1,TURUN,Fp2,frontopolar,kanan,39.153,39.907,1.076,0.753,ok,video,0.0,True,False,False,3.404970985346665,0.13224171276111818,-1.18134560047341,0.20549098468229232
P15,AGEM KANAN,1,TURUN,F4,frontal,kanan,39.153,39.907,1.076,0.753,ok,video,0.0,True,False,False,3.8598061557634367,1.5488210009681715,0.7808581717214622,2.6261698224047656
P15,AGEM KANAN,1,TURUN,C4,sentral,kanan,39.153,39.907,1.076,0.753,ok,video,0.0,True,False,False,-0.5923994812505597,-1.0282086456334483,-1.5430792348836349,-2.667767601822316
P15,AGEM KANAN,1,TURUN,P4,parietal,kanan,39.153,39.907,1.076,0.753,ok,video,0.0,True,False,False,-3.9481046274027207,-1.4705730108493213,-2.8077213860020294,-1.1154597807312854
P15,AGEM KANAN,1,TURUN,O2,oksipital,kanan,39.153,39.907,1.076,0.753,ok,video,0.0,True,False,False,-1.9640081956311768,-1.8188271433778205,-0.8217564286147692,1.7948244289617676
P15,AGEM KANAN,1,TURUN,F8,frontotemporal,kanan,39.153,39.907,1.076,0.753,ok,video,0.0,True,False,False,-1.6749972398482988,2.0795592469349735,0.4208056974108807,-0.041998837353162344
P15,AGEM KANAN,1,TURUN,T4,temporal,kanan,39.153,39.907,1.076,0.753,ok,video,0.0,True,False,False,0.8301835518180312,-2.004762582878385,-3.05157671272152,0.9766416709844989
P15,AGEM KANAN,1,TURUN,T6,temporo-posterior,kanan,39.153,39.907,1.076,0.753,ok,video,0.0,True,False,False,-3.3838983560916347,-4.340584689882352,-6.896463919194144,-4.242687998310675
P15,AGEM KANAN,1,TAHAN,Fp1,frontopolar,kiri,40.318,42.935,3.117,2.617,ok,video,0.0,True,False,False,-2.4650293147712787,-1.5828902938671412,1.762588029135415,4.504179847125563
P15,AGEM KANAN,1,TAHAN,F3,frontal,kiri,40.318,42.935,3.117,2.617,ok,video,0.0,True,False,False,-1.6333353431261735,-1.5327191549088042,0.601069032349919,3.1259084023400128
P15,AGEM KANAN,1,TAHAN,C3,sentral,kiri,40.318,42.935,3.117,2.617,ok,video,0.0,True,False,False,-1.3762210725193746,-3.9625267743961246,-2.0027829345824095,5.839588232905374
P15,AGEM KANAN,1,TAHAN,P3,parietal,kiri,40.318,42.935,3.117,2.617,ok,video,0.0,True,False,False,-1.9041475782695692,-5.1779054327509755,-2.9811641955632275,6.148543850276134
P15,AGEM KANAN,1,TAHAN,O1,oksipital,kiri,40.318,42.935,3.117,2.617,ok,video,0.0,True,False,False,-11.597623770105987,-9.014588336241477,-10.216265558917566,-8.276400529333689
P15,AGEM KANAN,1,TAHAN,F7,frontotemporal,kiri,40.318,42.935,3.117,2.617,ok,video,0.0,True,False,False,-2.521368855178441,-2.2139533559807134,1.1073057800745758,4.655845917542951
P15,AGEM KANAN,1,TAHAN,T3,temporal,kiri,40.318,42.935,3.117,2.617,ok,video,0.0,True,False,False,0.036920252913837714,1.185758289350808,2.032170845280401,8.574201337563284
P15,AGEM KANAN,1,TAHAN,T5,temporo-posterior,kiri,40.318,42.935,3.117,2.617,ok,video,0.0,True,False,False,-0.5834340912601519,-0.15091418695440595,-0.5133845938925283,7.043203812180206
P15,AGEM KANAN,1,TAHAN,Fp2,frontopolar,kanan,40.318,42.935,3.117,2.617,ok,video,0.0,True,False,False,-4.060240377906176,-4.571563457671992,-3.7294568734507187,-2.814315876027358
P15,AGEM KANAN,1,TAHAN,F4,frontal,kanan,40.318,42.935,3.117,2.617,ok,video,0.534,False,False,False,,,,
P15,AGEM KANAN,1,TAHAN,C4,sentral,kanan,40.318,42.935,3.117,2.617,ok,video,0.718,False,False,False,,,,
P15,AGEM KANAN,1,TAHAN,P4,parietal,kanan,40.318,42.935,3.117,2.617,ok,video,0.0,True,False,False,-7.583293659537027,-4.554327073865789,-3.1239430597946765,-0.0033930535598116762
P15,AGEM KANAN,1,TAHAN,O2,oksipital,kanan,40.318,42.935,3.117,2.617,ok,video,0.0,True,False,False,-4.875179145490289,-1.5157805767268115,-3.1876284336722165,3.0226755388372695
P15,AGEM KANAN,1,TAHAN,F8,frontotemporal,kanan,40.318,42.935,3.117,2.617,ok,video,0.26,True,True,False,-5.1281898807358814,-6.652562204409676,-3.7290485987365187,-1.1730274359594048
P15,AGEM KANAN,1,TAHAN,T4,temporal,kanan,40.318,42.935,3.117,2.617,ok,video,0.0,True,False,False,-7.237350111210816,-2.027083060502875,-5.284902460432205,1.991045726322593
P15,AGEM KANAN,1,TAHAN,T6,temporo-posterior,kanan,40.318,42.935,3.117,2.617,ok,video,0.0,True,False,False,-7.194864961697419,-5.411426693119235,-3.1410213821943564,-2.670381790148401
P15,AGEM KANAN,1,NAIK,Fp1,frontopolar,kiri,43.318,43.937,0.885,0.619,ok,video,0.0,True,False,False,0.6649518446306004,-0.9344362224094915,3.3031210489574008,5.773668088725863
P15,AGEM KANAN,1,NAIK,F3,frontal,kiri,43.318,43.937,0.885,0.619,ok,video,0.0,True,False,False,1.8599348152984163,-0.30677035223256155,1.654929816739191,5.7994009191846985
P15,AGEM KANAN,1,NAIK,C3,sentral,kiri,43.318,43.937,0.885,0.619,ok,video,0.0,True,False,False,2.8009797963744774,3.9909617118758725,-0.6041381638462546,8.002434338509797
P15,AGEM KANAN,1,NAIK,P3,parietal,kiri,43.318,43.937,0.885,0.619,ok,video,0.0,True,False,False,4.266993721966696,2.151891526866997,-1.489097062409174,8.211608013056967
P15,AGEM KANAN,1,NAIK,O1,oksipital,kiri,43.318,43.937,0.885,0.619,ok,video,0.0,True,False,False,-14.18666600074516,-6.717520131831307,-9.342476974929799,-8.738373862567773
P15,AGEM KANAN,1,NAIK,F7,frontotemporal,kiri,43.318,43.937,0.885,0.619,ok,video,0.0,True,False,False,0.9108998689481744,-4.215943310216943,2.125758120177675,5.829387115372889
P15,AGEM KANAN,1,NAIK,T3,temporal,kiri,43.318,43.937,0.885,0.619,ok,video,0.0,True,False,False,6.091867831037771,2.6789480821825933,4.533281227901508,9.847730903533755
P15,AGEM KANAN,1,NAIK,T5,temporo-posterior,kiri,43.318,43.937,0.885,0.619,ok,video,0.0,True,False,False,4.817937545977646,2.771411949444353,-1.772405186435229,9.07881777323357
P15,AGEM KANAN,1,NAIK,Fp2,frontopolar,kanan,43.318,43.937,0.885,0.619,ok,video,0.0,True,False,False,6.548942296810289,1.0471715123542786,3.703826437841517,3.6532336366297358
P15,AGEM KANAN,1,NAIK,F4,frontal,kanan,43.318,43.937,0.885,0.619,ok,video,0.0,True,False,False,4.315575929953674,-1.6649643039823658,1.5759099917744344,3.162110258510932
P15,AGEM KANAN,1,NAIK,C4,sentral,kanan,43.318,43.937,0.885,0.619,ok,video,0.0,True,False,False,5.532995058499161,-0.03092813973070463,2.4470403555366573,2.6465562417385655
P15,AGEM KANAN,1,NAIK,P4,parietal,kanan,43.318,43.937,0.885,0.619,ok,video,0.0,True,False,False,-1.1914591003937787,4.012406803462998,0.5785310110791109,1.1485844786256862
P15,AGEM KANAN,1,NAIK,O2,oksipital,kanan,43.318,43.937,0.885,0.619,ok,video,0.0,True,False,False,8.438370626562843,7.012048316813427,4.932839815303662,7.883437489528603
P15,AGEM KANAN,1,NAIK,F8,frontotemporal,kanan,43.318,43.937,0.885,0.619,ok,video,0.129,True,True,False,4.1567495248826845,1.381937018123999,2.6372893322873665,3.2800308442938544
P15,AGEM KANAN,1,NAIK,T4,temporal,kanan,43.318,43.937,0.885,0.619,ok,video,0.0,True,False,False,8.212670676304903,5.169586356245912,4.109981559009384,7.037179446991203
P15,AGEM KANAN,1,NAIK,T6,temporo-posterior,kanan,43.318,43.937,0.885,0.619,ok,video,0.0,True,False,False,2.4087792020925036,-4.70292687304881,-3.0726182889306273,1.4550290704310314
P15,AGEM KANAN,1,POST,Fp1,frontopolar,kiri,44.57,46.07,1.5,1.5,ok,video,0.0,True,False,False,-0.3870841166448713,-2.180622797884059,1.0289771954479328,3.499632671246431
P15,AGEM KANAN,1,POST,F3,frontal,kiri,44.57,46.07,1.5,1.5,ok,video,0.0,True,False,False,0.036907775522422526,2.7658738557297795,4.4554224945061485,5.876011305564667
P15,AGEM KANAN,1,POST,C3,sentral,kiri,44.57,46.07,1.5,1.5,ok,video,0.0,True,False,False,1.7130006648661613,1.3026959553810968,2.2805866811988196,7.895242062578685
P15,AGEM KANAN,1,POST,P3,parietal,kiri,44.57,46.07,1.5,1.5,ok,video,0.0,True,False,False,1.5939190288825138,0.2501591585503036,1.4682706313220208,8.436102584764456
P15,AGEM KANAN,1,POST,O1,oksipital,kiri,44.57,46.07,1.5,1.5,ok,video,0.0,True,False,False,-12.930457186733936,-7.742075957056059,-8.977941206623061,-7.730796696795984
P15,AGEM KANAN,1,POST,F7,frontotemporal,kiri,44.57,46.07,1.5,1.5,ok,video,0.0,True,False,False,-1.451580173369532,1.3161509742625768,2.042604046618518,5.0568292156165064
P15,AGEM KANAN,1,POST,T3,temporal,kiri,44.57,46.07,1.5,1.5,ok,video,0.0,True,False,False,3.1307689681840856,2.333202452932589,4.300936825434903,9.687391368479762
P15,AGEM KANAN,1,POST,T5,temporo-posterior,kiri,44.57,46.07,1.5,1.5,ok,video,0.0,True,False,False,2.6019239937523295,2.4102319396680514,1.2292498004085957,8.56281382728746
P15,AGEM KANAN,1,POST,Fp2,frontopolar,kanan,44.57,46.07,1.5,1.5,ok,video,0.0,True,False,False,-4.148654707955345,-0.4963232319584101,-1.3547960942538815,-2.730033330487199
P15,AGEM KANAN,1,POST,F4,frontal,kanan,44.57,46.07,1.5,1.5,ok,video,0.0,True,False,False,-2.856287644454582,-1.289599064023502,-0.41303095747306173,1.638633354590997
P15,AGEM KANAN,1,POST,C4,sentral,kanan,44.57,46.07,1.5,1.5,ok,video,0.267,True,True,False,2.15479600651463,2.5977014062832815,-0.062449928094061136,4.640261369949734
P15,AGEM KANAN,1,POST,P4,parietal,kanan,44.57,46.07,1.5,1.5,ok,video,0.0,True,False,False,-3.3661934368912156,0.17668573334612248,0.667144495301109,1.3873724199520865
P15,AGEM KANAN,1,POST,O2,oksipital,kanan,44.57,46.07,1.5,1.5,ok,video,0.0,True,False,False,5.463333170394137,7.380358887362966,4.190758772455911,6.091965833104155
P15,AGEM KANAN,1,POST,F8,frontotemporal,kanan,44.57,46.07,1.5,1.5,ok,video,1.0,False,False,False,,,,
P15,AGEM KANAN,1,POST,T4,temporal,kanan,44.57,46.07,1.5,1.5,ok,video,0.0,True,False,False,2.9580859495232943,6.030843690265751,3.21636190909361,5.696662054044687
P15,AGEM KANAN,1,POST,T6,temporo-posterior,kanan,44.57,46.07,1.5,1.5,ok,video,0.0,True,False,False,-2.298793198585173,1.064196186103473,0.33633644857656364,0.4027815358415765
P15,AGEM KANAN,2,PRA,Fp1,frontopolar,kiri,46.501,48.501,2.0,2.0,ok,video,0.825,False,False,False,,,,
P15,AGEM KANAN,2,PRA,F3,frontal,kiri,46.501,48.501,2.0,2.0,ok,video,0.0,True,False,False,-1.3219419479135581,4.447215925586793,2.8733384038669456,5.290919383186271
P15,AGEM KANAN,2,PRA,C3,sentral,kiri,46.501,48.501,2.0,2.0,ok,video,0.025,True,False,False,-0.9865941951085908,-1.734898412320799,-3.8512555372663346,3.966242885235559
P15,AGEM KANAN,2,PRA,P3,parietal,kiri,46.501,48.501,2.0,2.0,ok,video,0.0,True,False,False,-0.325044816697865,-0.3303784090107236,-3.2396304601899715,5.885270268599619
P15,AGEM KANAN,2,PRA,O1,oksipital,kiri,46.501,48.501,2.0,2.0,ok,video,0.0,True,False,False,-6.2287022786007,-4.638352881237584,-7.086055142030954,-3.8255451199586332
P15,AGEM KANAN,2,PRA,F7,frontotemporal,kiri,46.501,48.501,2.0,2.0,ok,video,0.825,False,False,False,,,,
P15,AGEM KANAN,2,PRA,T3,temporal,kiri,46.501,48.501,2.0,2.0,ok,video,0.325,True,True,False,-4.207344108909009,-4.721381818279784,-2.1279871506370256,3.0116188598015334
P15,AGEM KANAN,2,PRA,T5,temporo-posterior,kiri,46.501,48.501,2.0,2.0,ok,video,0.125,True,True,False,-3.1238747494010752,-0.9046096825184087,-2.6580380020506347,4.778530882230388
P15,AGEM KANAN,2,PRA,Fp2,frontopolar,kanan,46.501,48.501,2.0,2.0,ok,video,0.825,False,False,False,,,,
P15,AGEM KANAN,2,PRA,F4,frontal,kanan,46.501,48.501,2.0,2.0,ok,video,0.0,True,False,False,-2.342777766046961,-1.042437717640663,2.402610805440311,-0.7704362420809616
P15,AGEM KANAN,2,PRA,C4,sentral,kanan,46.501,48.501,2.0,2.0,ok,video,0.475,True,True,False,-11.019734847309678,-10.353599086251887,-6.377086713973135,-6.914436609813219
P15,AGEM KANAN,2,PRA,P4,parietal,kanan,46.501,48.501,2.0,2.0,ok,video,0.625,False,False,False,,,,
P15,AGEM KANAN,2,PRA,O2,oksipital,kanan,46.501,48.501,2.0,2.0,ok,video,0.325,True,True,False,-6.591704694152035,-7.1879391099156855,-3.7952962627807842,-4.911980633432179
P15,AGEM KANAN,2,PRA,F8,frontotemporal,kanan,46.501,48.501,2.0,2.0,ok,video,1.0,False,False,False,,,,
P15,AGEM KANAN,2,PRA,T4,temporal,kanan,46.501,48.501,2.0,2.0,ok,video,0.0,True,False,False,-5.791878244891272,-5.265716097239377,-1.7771016615448332,-3.318834751577448
P15,AGEM KANAN,2,PRA,T6,temporo-posterior,kanan,46.501,48.501,2.0,2.0,ok,video,0.0,True,False,False,-6.694982721497354,-4.611879836164864,-4.09806679441942,-6.342911017545145
P15,AGEM KANAN,2,TURUN,Fp1,frontopolar,kiri,55.584,56.929,1.845,1.345,ok,video,0.0,True,False,False,1.9863977006914624,3.5724146191538892,-1.3409650413920637,0.4164305585117525
P15,AGEM KANAN,2,TURUN,F3,frontal,kiri,55.584,56.929,1.845,1.345,ok,video,0.0,True,False,False,0.6580298041412291,5.051554871266497,1.0015821251524706,2.494248168021773
P15,AGEM KANAN,2,TURUN,C3,sentral,kiri,55.584,56.929,1.845,1.345,ok,video,0.0,True,False,False,1.7231187137554507,3.605604092495316,-0.013697512665434175,2.2805313724166147
P15,AGEM KANAN,2,TURUN,P3,parietal,kiri,55.584,56.929,1.845,1.345,ok,video,0.0,True,False,False,4.903743496554096,8.76500153770776,0.3707823952438787,4.48051875339609
P15,AGEM KANAN,2,TURUN,O1,oksipital,kiri,55.584,56.929,1.845,1.345,ok,video,0.0,True,False,False,-0.9554026730165504,-0.053759496515112914,-1.7336426730928132,-0.5096794868614971
P15,AGEM KANAN,2,TURUN,F7,frontotemporal,kiri,55.584,56.929,1.845,1.345,ok,video,0.0,True,False,False,11.557329866819881,10.193180653523605,5.315121809610524,10.354347601139395
P15,AGEM KANAN,2,TURUN,T3,temporal,kiri,55.584,56.929,1.845,1.345,ok,video,0.0,True,False,False,1.890726969732075,5.230972365521385,1.0390283663652191,0.9432979764304861
P15,AGEM KANAN,2,TURUN,T5,temporo-posterior,kiri,55.584,56.929,1.845,1.345,ok,video,0.0,True,False,False,4.830156356729564,4.8765223416757095,0.9498004382235159,3.8070684470104155
P15,AGEM KANAN,2,TURUN,Fp2,frontopolar,kanan,55.584,56.929,1.845,1.345,ok,video,0.0,True,False,False,12.80475400268795,16.844033886015993,14.05254711025422,13.215838526281793
P15,AGEM KANAN,2,TURUN,F4,frontal,kanan,55.584,56.929,1.845,1.345,ok,video,0.0,True,False,False,15.831592241579244,19.55521569916063,14.61915006511716,14.867413299109806
P15,AGEM KANAN,2,TURUN,C4,sentral,kanan,55.584,56.929,1.845,1.345,ok,video,0.0,True,False,False,14.13354619301684,17.169297069203306,14.833779877067727,16.47932772180929
P15,AGEM KANAN,2,TURUN,P4,parietal,kanan,55.584,56.929,1.845,1.345,ok,video,0.0,True,False,False,13.866659327803355,18.213383074945288,14.755826164912342,14.19818577642316
P15,AGEM KANAN,2,TURUN,O2,oksipital,kanan,55.584,56.929,1.845,1.345,ok,video,0.0,True,False,False,12.034344533871291,18.365834093641574,20.13679463716562,16.410312520751447
P15,AGEM KANAN,2,TURUN,F8,frontotemporal,kanan,55.584,56.929,1.845,1.345,ok,video,0.0,True,False,False,16.348974034799582,17.576669743118202,16.826504648009617,15.115353881498393
P15,AGEM KANAN,2,TURUN,T4,temporal,kanan,55.584,56.929,1.845,1.345,ok,video,0.0,True,False,False,12.103174880452109,18.69656259811969,18.09126943372258,16.25233631128087
P15,AGEM KANAN,2,TURUN,T6,temporo-posterior,kanan,55.584,56.929,1.845,1.345,ok,video,0.0,True,False,False,16.055074569671064,18.382668436614274,14.206393653093539,15.826029422393049
P15,AGEM KANAN,2,TAHAN,Fp1,frontopolar,kiri,57.429,59.064,2.135,1.635,ok,video,0.0,True,False,False,-4.464676519961888,-1.246604053301958,0.9892389406166231,-0.2995891112303113
P15,AGEM KANAN,2,TAHAN,F3,frontal,kiri,57.429,59.064,2.135,1.635,ok,video,0.0,True,False,False,-4.970764541731228,-0.5472955487136204,-0.9269826708534659,-3.6416884596577894
P15,AGEM KANAN,2,TAHAN,C3,sentral,kiri,57.429,59.064,2.135,1.635,ok,video,0.0,True,False,False,-5.06044356797759,-0.4704645686578033,-0.9935638715770878,-3.1460940332842675
P15,AGEM KANAN,2,TAHAN,P3,parietal,kiri,57.429,59.064,2.135,1.635,ok,video,0.0,True,False,False,-4.5755272847636625,-1.5306561738572135,-0.23053483203946,-3.764305677605382
P15,AGEM KANAN,2,TAHAN,O1,oksipital,kiri,57.429,59.064,2.135,1.635,ok,video,0.0,True,False,False,-8.977752466898956,-2.107953467580586,-2.9932613725814505,-4.143247244037273
P15,AGEM KANAN,2,TAHAN,F7,frontotemporal,kiri,57.429,59.064,2.135,1.635,ok,video,0.0,True,False,False,-1.26782856918582,-0.32139813928506555,1.1374653651355935,-1.3387181113442743
P15,AGEM KANAN,2,TAHAN,T3,temporal,kiri,57.429,59.064,2.135,1.635,ok,video,0.0,True,False,False,-6.300659587014177,-0.9504088417789092,0.5636860934334145,-4.892803322595174
P15,AGEM KANAN,2,TAHAN,T5,temporo-posterior,kiri,57.429,59.064,2.135,1.635,ok,video,0.0,True,False,False,-0.9642319980228642,-0.5021024483455285,-1.7891646600217825,-2.767828533539255
P15,AGEM KANAN,2,TAHAN,Fp2,frontopolar,kanan,57.429,59.064,2.135,1.635,ok,video,0.0,True,False,False,0.3525413457194091,2.1349020625493296,1.5240790344570705,0.3737444326569026
P15,AGEM KANAN,2,TAHAN,F4,frontal,kanan,57.429,59.064,2.135,1.635,ok,video,0.0,True,False,False,-1.7643515381520203,0.205871124840602,-1.7647194563895745,-0.22897019878017844
P15,AGEM KANAN,2,TAHAN,C4,sentral,kanan,57.429,59.064,2.135,1.635,ok,video,0.0,True,False,False,-1.7770612475191143,-0.3240787167325223,-2.180602123011937,1.458412422790218
P15,AGEM KANAN,2,TAHAN,P4,parietal,kanan,57.429,59.064,2.135,1.635,ok,video,0.0,True,False,False,-0.8143734973997638,0.9986334124507614,1.8942638974594672,0.900160970141755
P15,AGEM KANAN,2,TAHAN,O2,oksipital,kanan,57.429,59.064,2.135,1.635,ok,video,0.0,True,False,False,7.262891735848413,8.904437874358948,3.693291264291375,9.503789466612226
P15,AGEM KANAN,2,TAHAN,F8,frontotemporal,kanan,57.429,59.064,2.135,1.635,ok,video,0.0,True,False,False,-5.438277238643121,0.7278595703983761,-1.1091553993025158,-1.2261572325046117
P15,AGEM KANAN,2,TAHAN,T4,temporal,kanan,57.429,59.064,2.135,1.635,ok,video,0.0,True,False,False,5.681099672431131,6.483718278716722,2.0432237495892203,7.938021319628952
P15,AGEM KANAN,2,TAHAN,T6,temporo-posterior,kanan,57.429,59.064,2.135,1.635,ok,video,0.0,True,False,False,-0.8824397970134967,-3.1399174915094505,-0.16482418521817976,-0.8556427039669146
P15,AGEM KANAN,2,NAIK,Fp1,frontopolar,kiri,59.477,60.238,1.087,0.761,ok,video,0.0,True,False,False,2.1280022363173785,0.20351172353167613,2.052305573077877,0.6312511358990633
P15,AGEM KANAN,2,NAIK,F3,frontal,kiri,59.477,60.238,1.087,0.761,ok,video,0.0,True,False,False,4.094316185121521,3.087082983114854,5.259610202317035,2.077407310740501
P15,AGEM KANAN,2,NAIK,C3,sentral,kiri,59.477,60.238,1.087,0.761,ok,video,0.0,True,False,False,-1.4343179658247074,-0.6653765778342056,2.847969590569406,-2.5622929290265724
P15,AGEM KANAN,2,NAIK,P3,parietal,kiri,59.477,60.238,1.087,0.761,ok,video,0.0,True,False,False,1.0069234469493118,4.571794628099447,3.9753625725221227,0.5320749294931488
P15,AGEM KANAN,2,NAIK,O1,oksipital,kiri,59.477,60.238,1.087,0.761,ok,video,0.0,True,False,False,-2.1417945682383674,-1.1706556149517624,0.10930981426630026,-0.8527567240952827
P15,AGEM KANAN,2,NAIK,F7,frontotemporal,kiri,59.477,60.238,1.087,0.761,ok,video,0.0,True,False,False,3.7796640190376927,1.7044901561021355,1.81333988399059,1.4006586868020605
P15,AGEM KANAN,2,NAIK,T3,temporal,kiri,59.477,60.238,1.087,0.761,ok,video,0.0,True,False,False,1.247915101428454,1.1874294371103424,1.7728711744644379,-3.679143079777571
P15,AGEM KANAN,2,NAIK,T5,temporo-posterior,kiri,59.477,60.238,1.087,0.761,ok,video,0.0,True,False,False,4.9902229201618375,5.568893636624519,4.350206785417836,3.366320871933585
P15,AGEM KANAN,2,NAIK,Fp2,frontopolar,kanan,59.477,60.238,1.087,0.761,ok,video,0.0,True,False,False,12.421795130553349,13.155452870765217,10.184756797423663,12.324719373869172
P15,AGEM KANAN,2,NAIK,F4,frontal,kanan,59.477,60.238,1.087,0.761,ok,video,0.0,True,False,False,17.165538726422696,12.96565710482309,9.837495457602692,13.641754590652546
P15,AGEM KANAN,2,NAIK,C4,sentral,kanan,59.477,60.238,1.087,0.761,ok,video,0.0,True,False,False,12.190166665476966,14.063385416099987,13.58161117308029,10.759966857915707
P15,AGEM KANAN,2,NAIK,P4,parietal,kanan,59.477,60.238,1.087,0.761,ok,video,0.0,True,False,False,13.283860682024262,12.369589969920465,13.71552490710662,13.371027929271392
P15,AGEM KANAN,2,NAIK,O2,oksipital,kanan,59.477,60.238,1.087,0.761,ok,video,0.0,True,False,False,13.82644301855997,18.617171734323556,15.200443258378662,13.531974362114035
P15,AGEM KANAN,2,NAIK,F8,frontotemporal,kanan,59.477,60.238,1.087,0.761,ok,video,0.0,True,False,False,15.049536039527112,14.243225832026354,11.343248999761016,14.221630353563555
P15,AGEM KANAN,2,NAIK,T4,temporal,kanan,59.477,60.238,1.087,0.761,ok,video,0.0,True,False,False,14.193707401476942,18.036033795367437,13.334721709963908,13.153964453987903
P15,AGEM KANAN,2,NAIK,T6,temporo-posterior,kanan,59.477,60.238,1.087,0.761,ok,video,0.0,True,False,False,8.923144052660419,15.284623480454783,15.489695671349804,11.961876029804081
P15,AGEM KANAN,2,POST,Fp1,frontopolar,kiri,60.901,62.401,1.5,1.5,ok,video,0.367,True,True,False,-4.3795977324118915,-2.1075256661340944,-6.149825832105648,-4.861382513054014
P15,AGEM KANAN,2,POST,F3,frontal,kiri,60.901,62.401,1.5,1.5,ok,video,0.0,True,False,False,6.674520927028794,10.518972709651223,3.9406072396987106,5.966139365818432
P15,AGEM KANAN,2,POST,C3,sentral,kiri,60.901,62.401,1.5,1.5,ok,video,0.367,True,True,False,3.5775431018614228,8.483677207825561,1.0860865557109598,3.0626383895262173
P15,AGEM KANAN,2,POST,P3,parietal,kiri,60.901,62.401,1.5,1.5,ok,video,0.367,True,True,False,2.5327711480042012,5.625618633272296,0.2938163392603812,0.4185950464455175
P15,AGEM KANAN,2,POST,O1,oksipital,kiri,60.901,62.401,1.5,1.5,ok,video,0.0,True,False,False,-0.7100366085731906,1.968280908250172,0.33113662306650227,1.2577085231449487
P15,AGEM KANAN,2,POST,F7,frontotemporal,kiri,60.901,62.401,1.5,1.5,ok,video,0.367,True,True,False,-2.164035203366904,-4.610694482960046,-4.208179404865447,-3.6469454410235542
P15,AGEM KANAN,2,POST,T3,temporal,kiri,60.901,62.401,1.5,1.5,ok,video,0.367,True,True,False,1.5399359294531045,7.743397575193615,2.228217399213051,0.6753837193108758
P15,AGEM KANAN,2,POST,T5,temporo-posterior,kiri,60.901,62.401,1.5,1.5,ok,video,0.367,True,True,False,7.286566753317263,10.293031990979994,1.0450864850754762,3.2896421030810963
P15,AGEM KANAN,2,POST,Fp2,frontopolar,kanan,60.901,62.401,1.5,1.5,ok,video,0.0,True,False,False,17.505948520707705,12.984496913123152,9.468110785458396,14.673125160937218
P15,AGEM KANAN,2,POST,F4,frontal,kanan,60.901,62.401,1.5,1.5,ok,video,0.0,True,False,False,21.44079545981954,17.323359261784535,10.796362204101428,18.50684250723763
P15,AGEM KANAN,2,POST,C4,sentral,kanan,60.901,62.401,1.5,1.5,ok,video,0.0,True,False,False,15.814730131152878,17.143755398879183,10.152396119120226,15.979487903992286
P15,AGEM KANAN,2,POST,P4,parietal,kanan,60.901,62.401,1.5,1.5,ok,video,0.0,True,False,False,10.12155254578262,14.11236801173975,9.306747514872342,10.36998432508581
P15,AGEM KANAN,2,POST,O2,oksipital,kanan,60.901,62.401,1.5,1.5,ok,video,0.0,True,False,False,14.578105979472653,15.114502703920486,10.258842041027677,14.189495583472123
P15,AGEM KANAN,2,POST,F8,frontotemporal,kanan,60.901,62.401,1.5,1.5,ok,video,0.0,True,False,False,15.480435166078067,12.795163084054266,8.191446665642736,15.784273321785278
P15,AGEM KANAN,2,POST,T4,temporal,kanan,60.901,62.401,1.5,1.5,ok,video,0.0,True,False,False,16.83766102286979,13.91343441283405,8.569264806152567,15.285694242277494
P15,AGEM KANAN,2,POST,T6,temporo-posterior,kanan,60.901,62.401,1.5,1.5,ok,video,0.0,True,False,False,21.24704812706704,16.969256475505603,12.665319611632835,18.20224052180884
P15,AGEM KIRI,1,PRA,Fp1,frontopolar,kiri,69.115,71.115,2.0,2.0,late,video,0.0,True,False,False,8.918432880942703,1.432423124824723,2.1277986100404362,5.327917567626287
P15,AGEM KIRI,1,PRA,F3,frontal,kiri,69.115,71.115,2.0,2.0,late,video,0.67,False,False,False,,,,
P15,AGEM KIRI,1,PRA,C3,sentral,kiri,69.115,71.115,2.0,2.0,late,video,0.57,False,False,False,,,,
P15,AGEM KIRI,1,PRA,P3,parietal,kiri,69.115,71.115,2.0,2.0,late,video,0.67,False,False,False,,,,
P15,AGEM KIRI,1,PRA,O1,oksipital,kiri,69.115,71.115,2.0,2.0,late,video,0.0,True,False,False,6.102731932114125,5.221160520650514,4.092471204408039,4.57290774245169
P15,AGEM KIRI,1,PRA,F7,frontotemporal,kiri,69.115,71.115,2.0,2.0,late,video,0.0,True,False,False,15.732664361337068,8.566375294815337,8.874743206490525,10.763793068249548
P15,AGEM KIRI,1,PRA,T3,temporal,kiri,69.115,71.115,2.0,2.0,late,video,0.67,False,False,False,,,,
P15,AGEM KIRI,1,PRA,T5,temporo-posterior,kiri,69.115,71.115,2.0,2.0,late,video,0.67,False,False,False,,,,
P15,AGEM KIRI,1,PRA,Fp2,frontopolar,kanan,69.115,71.115,2.0,2.0,late,video,0.0,True,False,False,11.744936438975202,3.3241810851613636,5.037385535713344,12.756297721105852
P15,AGEM KIRI,1,PRA,F4,frontal,kanan,69.115,71.115,2.0,2.0,late,video,0.0,True,False,False,8.417679101148885,8.882615540128075,6.0580053150861914,8.309642058893452
P15,AGEM KIRI,1,PRA,C4,sentral,kanan,69.115,71.115,2.0,2.0,late,video,0.0,True,False,False,6.526750783589591,6.809909823370315,4.526083959448879,8.438549326957059
P15,AGEM KIRI,1,PRA,P4,parietal,kanan,69.115,71.115,2.0,2.0,late,video,0.0,True,False,False,8.395314968603998,6.512021434392796,1.831527913769115,8.621065196109683
P15,AGEM KIRI,1,PRA,O2,oksipital,kanan,69.115,71.115,2.0,2.0,late,video,0.27,True,True,False,9.178612987929867,8.734477583960008,7.388605371579608,10.14585587907839
P15,AGEM KIRI,1,PRA,F8,frontotemporal,kanan,69.115,71.115,2.0,2.0,late,video,0.0,True,False,False,10.183475398990367,8.135783540230463,5.034506211595211,14.008969088655334
P15,AGEM KIRI,1,PRA,T4,temporal,kanan,69.115,71.115,2.0,2.0,late,video,0.0,True,False,False,7.7590201300057515,6.747792230081835,3.877679812081549,8.628929935575712
P15,AGEM KIRI,1,PRA,T6,temporo-posterior,kanan,69.115,71.115,2.0,2.0,late,video,0.0,True,False,False,7.726404896450617,10.31102973986804,5.971703396618398,7.701255969100025
P15,AGEM KIRI,1,TURUN,Fp1,frontopolar,kiri,72.694,73.141,0.639,0.447,late,video,0.0,True,False,False,8.612979268852264,6.714348983070792,-2.677280761287811,3.7352949183082558
P15,AGEM KIRI,1,TURUN,F3,frontal,kiri,72.694,73.141,0.639,0.447,late,video,0.644,False,False,False,,,,
P15,AGEM KIRI,1,TURUN,C3,sentral,kiri,72.694,73.141,0.639,0.447,late,video,0.644,False,False,False,,,,
P15,AGEM KIRI,1,TURUN,P3,parietal,kiri,72.694,73.141,0.639,0.447,late,video,0.644,False,False,False,,,,
P15,AGEM KIRI,1,TURUN,O1,oksipital,kiri,72.694,73.141,0.639,0.447,late,video,0.0,True,False,False,3.019684552474473,3.210013979425405,1.4379313571737207,1.481569745244741
P15,AGEM KIRI,1,TURUN,F7,frontotemporal,kiri,72.694,73.141,0.639,0.447,late,video,0.0,True,False,False,14.535396708862304,11.78067895904973,8.22240897949877,9.293282314137628
P15,AGEM KIRI,1,TURUN,T3,temporal,kiri,72.694,73.141,0.639,0.447,late,video,0.0,True,False,False,2.1300544398820556,3.512224105836477,-0.6971409221083036,-3.9727653618416774
P15,AGEM KIRI,1,TURUN,T5,temporo-posterior,kiri,72.694,73.141,0.639,0.447,late,video,0.644,False,False,False,,,,
P15,AGEM KIRI,1,TURUN,Fp2,frontopolar,kanan,72.694,73.141,0.639,0.447,late,video,0.0,True,False,False,16.13122959614926,14.242782769226295,4.489749163573528,14.646493132646782
P15,AGEM KIRI,1,TURUN,F4,frontal,kanan,72.694,73.141,0.639,0.447,late,video,0.0,True,False,False,9.501071249816306,15.716445513635914,11.845992706202964,14.898864781614556
P15,AGEM KIRI,1,TURUN,C4,sentral,kanan,72.694,73.141,0.639,0.447,late,video,0.0,True,False,False,10.648809501864868,13.105050112766452,10.830530537508345,11.943682272670472
P15,AGEM KIRI,1,TURUN,P4,parietal,kanan,72.694,73.141,0.639,0.447,late,video,0.0,True,False,False,6.874163881547027,9.67596994538913,2.3978759090817903,5.256363096580486
P15,AGEM KIRI,1,TURUN,O2,oksipital,kanan,72.694,73.141,0.639,0.447,late,video,0.0,True,False,False,13.448560808986322,13.668091244755288,12.315544636124713,14.023588256827182
P15,AGEM KIRI,1,TURUN,F8,frontotemporal,kanan,72.694,73.141,0.639,0.447,late,video,0.0,True,False,False,18.644421675980887,13.001822742376902,9.69242594236205,14.895317145215827
P15,AGEM KIRI,1,TURUN,T4,temporal,kanan,72.694,73.141,0.639,0.447,late,video,0.0,True,False,False,10.300110585334245,13.371612309523933,10.257808769869762,10.710678026360156
P15,AGEM KIRI,1,TURUN,T6,temporo-posterior,kanan,72.694,73.141,0.639,0.447,late,video,0.0,True,False,False,11.552246066916041,11.966747175929363,12.619088954754158,13.566924884090703
P15,AGEM KIRI,1,TAHAN,Fp1,frontopolar,kiri,73.412,74.227,1.165,0.816,late,video,0.0,True,False,False,4.077550762037944,3.4593868220302397,-0.7501784864354519,1.1157180372841822
P15,AGEM KIRI,1,TAHAN,F3,frontal,kiri,73.412,74.227,1.165,0.816,late,video,0.79,False,False,False,,,,
P15,AGEM KIRI,1,TAHAN,C3,sentral,kiri,73.412,74.227,1.165,0.816,late,video,1.0,False,False,False,,,,
P15,AGEM KIRI,1,TAHAN,P3,parietal,kiri,73.412,74.227,1.165,0.816,late,video,1.0,False,False,False,,,,
P15,AGEM KIRI,1,TAHAN,O1,oksipital,kiri,73.412,74.227,1.165,0.816,late,video,0.0,True,False,False,1.3568782427394552,0.6453079021282377,-1.2570540688003682,-0.6853087763419836
P15,AGEM KIRI,1,TAHAN,F7,frontotemporal,kiri,73.412,74.227,1.165,0.816,late,video,0.0,True,False,False,1.4364630447851603,4.760019083056559,-2.400819677058916,-0.43139755423028703
P15,AGEM KIRI,1,TAHAN,T3,temporal,kiri,73.412,74.227,1.165,0.816,late,video,0.494,False,False,False,,,,
P15,AGEM KIRI,1,TAHAN,T5,temporo-posterior,kiri,73.412,74.227,1.165,0.816,late,video,0.543,False,False,False,,,,
P15,AGEM KIRI,1,TAHAN,Fp2,frontopolar,kanan,73.412,74.227,1.165,0.816,late,video,0.0,True,False,False,12.844282853850828,13.559750820887459,13.970712297287445,13.521906696165473
P15,AGEM KIRI,1,TAHAN,F4,frontal,kanan,73.412,74.227,1.165,0.816,late,video,0.0,True,False,False,9.004331189917359,10.196336919224077,11.267046037202775,8.464212476356018
P15,AGEM KIRI,1,TAHAN,C4,sentral,kanan,73.412,74.227,1.165,0.816,late,video,0.0,True,False,False,1.8809017997656952,4.550256007728525,8.148842641242958,2.085656971145731
P15,AGEM KIRI,1,TAHAN,P4,parietal,kanan,73.412,74.227,1.165,0.816,late,video,0.0,True,False,False,4.801637821035975,5.542369557050794,7.966894561386589,2.074631552123904
P15,AGEM KIRI,1,TAHAN,O2,oksipital,kanan,73.412,74.227,1.165,0.816,late,video,0.0,True,False,False,8.86181133440563,11.399738564866837,13.938058757718238,8.873316534337725
P15,AGEM KIRI,1,TAHAN,F8,frontotemporal,kanan,73.412,74.227,1.165,0.816,late,video,0.0,True,False,False,10.205288439984677,12.324729178399174,11.684552860678792,12.720957519569389
P15,AGEM KIRI,1,TAHAN,T4,temporal,kanan,73.412,74.227,1.165,0.816,late,video,0.0,True,False,False,5.024710055555225,8.992472834487948,10.6299444380471,6.182499465035789
P15,AGEM KIRI,1,TAHAN,T6,temporo-posterior,kanan,73.412,74.227,1.165,0.816,late,video,0.0,True,False,False,10.422792812353762,13.400408409177757,11.552324926373917,10.979869295994881
P15,AGEM KIRI,1,NAIK,Fp1,frontopolar,kiri,74.652,76.208,2.056,1.556,late,video,0.0,True,False,False,2.1232820189224597,-3.529294816893387,-0.43829758626629456,0.3735394122445861
P15,AGEM KIRI,1,NAIK,F3,frontal,kiri,74.652,76.208,2.056,1.556,late,video,1.0,False,False,False,,,,
P15,AGEM KIRI,1,NAIK,C3,sentral,kiri,74.652,76.208,2.056,1.556,late,video,1.0,False,False,False,,,,
P15,AGEM KIRI,1,NAIK,P3,parietal,kiri,74.652,76.208,2.056,1.556,late,video,1.0,False,False,False,,,,
P15,AGEM KIRI,1,NAIK,O1,oksipital,kiri,74.652,76.208,2.056,1.556,late,video,0.0,True,False,False,-0.3768784694746472,-1.984680303694475,-1.4785775681275801,-0.03402217007110764
P15,AGEM KIRI,1,NAIK,F7,frontotemporal,kiri,74.652,76.208,2.056,1.556,late,video,0.0,True,False,False,6.786630325312107,4.307729748671129,3.693924335990385,4.301009435423644
P15,AGEM KIRI,1,NAIK,T3,temporal,kiri,74.652,76.208,2.056,1.556,late,video,0.871,False,False,False,,,,
P15,AGEM KIRI,1,NAIK,T5,temporo-posterior,kiri,74.652,76.208,2.056,1.556,late,video,0.742,False,False,False,,,,
P15,AGEM KIRI,1,NAIK,Fp2,frontopolar,kanan,74.652,76.208,2.056,1.556,late,video,0.0,True,False,False,7.382184045793963,7.012343647928567,4.667507619175513,5.5695357466081745
P15,AGEM KIRI,1,NAIK,F4,frontal,kanan,74.652,76.208,2.056,1.556,late,video,0.0,True,False,False,8.295075905976887,3.369218674033604,3.7389659893002616,6.683611783650981
P15,AGEM KIRI,1,NAIK,C4,sentral,kanan,74.652,76.208,2.056,1.556,late,video,0.0,True,False,False,4.8197496243680575,2.1521870193798414,4.89724087482837,4.557811692914889
P15,AGEM KIRI,1,NAIK,P4,parietal,kanan,74.652,76.208,2.056,1.556,late,video,0.0,True,False,False,5.058838061054111,5.828240141771868,6.13184364819697,4.447807500036419
P15,AGEM KIRI,1,NAIK,O2,oksipital,kanan,74.652,76.208,2.056,1.556,late,video,0.0,True,False,False,8.114210586407943,5.827478268114781,7.816103015869416,8.95872811687375
P15,AGEM KIRI,1,NAIK,F8,frontotemporal,kanan,74.652,76.208,2.056,1.556,late,video,0.0,True,False,False,9.99371943579807,9.265265716555248,8.61861182739608,8.98850440531983
P15,AGEM KIRI,1,NAIK,T4,temporal,kanan,74.652,76.208,2.056,1.556,late,video,0.0,True,False,False,5.820893593625307,4.5337753168065476,4.998078026772706,7.355672234213593
P15,AGEM KIRI,1,NAIK,T6,temporo-posterior,kanan,74.652,76.208,2.056,1.556,late,video,0.0,True,False,False,8.82047575818504,7.916683162013143,8.723496306440271,7.430040480278883
P15,AGEM KIRI,1,POST,Fp1,frontopolar,kiri,76.958,78.458,1.5,1.5,late,video,0.0,True,False,False,20.04724501169359,11.338213333073206,8.704551739426044,15.284412413243984
P15,AGEM KIRI,1,POST,F3,frontal,kiri,76.958,78.458,1.5,1.5,late,video,0.267,True,True,False,24.9609018374434,20.47934101482572,18.363875530042918,20.056276965908737
P15,AGEM KIRI,1,POST,C3,sentral,kiri,76.958,78.458,1.5,1.5,late,video,0.0,True,False,False,25.227956292243164,20.31250201051564,17.455893679677754,19.33158620432575
P15,AGEM KIRI,1,POST,P3,parietal,kiri,76.958,78.458,1.5,1.5,late,video,0.4,True,True,False,27.0502168693782,22.365007627993457,19.440810495426803,20.44886052007128
P15,AGEM KIRI,1,POST,O1,oksipital,kiri,76.958,78.458,1.5,1.5,late,video,0.0,True,False,False,15.39235483274669,7.008134265955924,4.1970334546030195,11.141480129789336
P15,AGEM KIRI,1,POST,F7,frontotemporal,kiri,76.958,78.458,1.5,1.5,late,video,0.0,True,False,False,20.92857233113924,16.143781240395477,15.70645908518069,18.076342571798904
P15,AGEM KIRI,1,POST,T3,temporal,kiri,76.958,78.458,1.5,1.5,late,video,0.0,True,False,False,24.142466632372855,18.128880268596248,15.7624206114088,16.665658604569654
P15,AGEM KIRI,1,POST,T5,temporo-posterior,kiri,76.958,78.458,1.5,1.5,late,video,0.4,True,True,False,22.7875504886953,19.43658059770934,17.08587811226414,18.143291948353475
P15,AGEM KIRI,1,POST,Fp2,frontopolar,kanan,76.958,78.458,1.5,1.5,late,video,0.0,True,False,False,10.108023845430239,13.3562253022412,11.461808639649238,14.186574389788767
P15,AGEM KIRI,1,POST,F4,frontal,kanan,76.958,78.458,1.5,1.5,late,video,0.0,True,False,False,12.92333323623577,16.162727712156457,9.7891885318843,14.337687714089391
P15,AGEM KIRI,1,POST,C4,sentral,kanan,76.958,78.458,1.5,1.5,late,video,0.0,True,False,False,10.493808639813423,12.919611214795854,10.953331820009616,10.990170162596705
P15,AGEM KIRI,1,POST,P4,parietal,kanan,76.958,78.458,1.5,1.5,late,video,0.0,True,False,False,8.495909116340634,10.998180062917488,11.4971154367787,6.829457952150619
P15,AGEM KIRI,1,POST,O2,oksipital,kanan,76.958,78.458,1.5,1.5,late,video,0.0,True,False,False,13.527850596861036,15.89403531181351,12.358260347661435,12.103217008516005
P15,AGEM KIRI,1,POST,F8,frontotemporal,kanan,76.958,78.458,1.5,1.5,late,video,0.0,True,False,False,13.687587070615486,17.253484299102396,12.922977048314273,14.796564549756269
P15,AGEM KIRI,1,POST,T4,temporal,kanan,76.958,78.458,1.5,1.5,late,video,0.0,True,False,False,13.690312295584114,14.79472965471242,11.247359118916414,12.224321027122606
P15,AGEM KIRI,1,POST,T6,temporo-posterior,kanan,76.958,78.458,1.5,1.5,late,video,0.0,True,False,False,8.511926785685247,13.011926758436218,8.306310583180466,8.433473185935924
P15,AGEM KIRI,2,PRA,Fp1,frontopolar,kiri,85.403,87.403,2.0,2.0,late,video,0.725,False,False,False,,,,
P15,AGEM KIRI,2,PRA,F3,frontal,kiri,85.403,87.403,2.0,2.0,late,video,0.725,False,False,False,,,,
P15,AGEM KIRI,2,PRA,C3,sentral,kiri,85.403,87.403,2.0,2.0,late,video,0.725,False,False,False,,,,
P15,AGEM KIRI,2,PRA,P3,parietal,kiri,85.403,87.403,2.0,2.0,late,video,0.925,False,False,False,,,,
P15,AGEM KIRI,2,PRA,O1,oksipital,kiri,85.403,87.403,2.0,2.0,late,video,0.0,True,False,False,1.2248047333234027,-0.013991913077610718,-0.4706443637928288,-0.26737902734932817
P15,AGEM KIRI,2,PRA,F7,frontotemporal,kiri,85.403,87.403,2.0,2.0,late,video,0.725,False,False,False,,,,
P15,AGEM KIRI,2,PRA,T3,temporal,kiri,85.403,87.403,2.0,2.0,late,video,0.825,False,False,False,,,,
P15,AGEM KIRI,2,PRA,T5,temporo-posterior,kiri,85.403,87.403,2.0,2.0,late,video,0.825,False,False,False,,,,
P15,AGEM KIRI,2,PRA,Fp2,frontopolar,kanan,85.403,87.403,2.0,2.0,late,video,0.0,True,False,False,6.5902456081748895,4.677455954373805,7.794623195472365,9.829689362659643
P15,AGEM KIRI,2,PRA,F4,frontal,kanan,85.403,87.403,2.0,2.0,late,video,0.0,True,False,False,8.803590338588265,4.747799428974549,6.5294375950748424,8.223675478365799
P15,AGEM KIRI,2,PRA,C4,sentral,kanan,85.403,87.403,2.0,2.0,late,video,0.0,True,False,False,5.709740901098002,5.816385517683724,4.473980725576908,7.689398160510947
P15,AGEM KIRI,2,PRA,P4,parietal,kanan,85.403,87.403,2.0,2.0,late,video,0.0,True,False,False,2.804491954332768,2.1066621182770753,7.146705719644977,2.471447330994337
P15,AGEM KIRI,2,PRA,O2,oksipital,kanan,85.403,87.403,2.0,2.0,late,video,0.6,False,False,False,,,,
P15,AGEM KIRI,2,PRA,F8,frontotemporal,kanan,85.403,87.403,2.0,2.0,late,video,0.0,True,False,False,5.178922296904368,6.431309323412854,4.717130766180812,10.051724666499268
P15,AGEM KIRI,2,PRA,T4,temporal,kanan,85.403,87.403,2.0,2.0,late,video,0.0,True,False,False,1.9111455953856833,1.4639336999318076,4.1732685834799526,0.4750586278526896
P15,AGEM KIRI,2,PRA,T6,temporo-posterior,kanan,85.403,87.403,2.0,2.0,late,video,0.0,True,False,False,7.753028933233452,10.817351167988996,5.286342456889752,8.676161782771878
P15,AGEM KIRI,2,TURUN,Fp1,frontopolar,kiri,88.688,89.204,0.736,0.515,late,video,0.0,True,False,False,0.22163709116102837,-1.474110174832198,-1.8106566989594945,-1.7768573285804266
P15,AGEM KIRI,2,TURUN,F3,frontal,kiri,88.688,89.204,0.736,0.515,late,video,0.0,True,False,False,6.817724441004103,9.991490254460217,10.588220092842576,5.741140142666886
P15,AGEM KIRI,2,TURUN,C3,sentral,kiri,88.688,89.204,0.736,0.515,late,video,0.288,False,False,False,,,,
P15,AGEM KIRI,2,TURUN,P3,parietal,kiri,88.688,89.204,0.736,0.515,late,video,0.288,False,False,False,,,,
P15,AGEM KIRI,2,TURUN,O1,oksipital,kiri,88.688,89.204,0.736,0.515,late,video,0.0,True,False,False,-9.269929325994582,-2.0223745981024557,-1.0654509285863156,-3.045258680624517
P15,AGEM KIRI,2,TURUN,F7,frontotemporal,kiri,88.688,89.204,0.736,0.515,late,video,0.288,False,False,False,,,,
P15,AGEM KIRI,2,TURUN,T3,temporal,kiri,88.688,89.204,0.736,0.515,late,video,0.673,False,False,False,,,,
P15,AGEM KIRI,2,TURUN,T5,temporo-posterior,kiri,88.688,89.204,0.736,0.515,late,video,0.288,False,False,False,,,,
P15,AGEM KIRI,2,TURUN,Fp2,frontopolar,kanan,88.688,89.204,0.736,0.515,late,video,0.0,True,False,False,9.03371196730734,10.506878767454772,6.914529877336133,9.425496474006437
P15,AGEM KIRI,2,TURUN,F4,frontal,kanan,88.688,89.204,0.736,0.515,late,video,0.0,True,False,False,10.890510029447562,16.910287285702243,12.207334650271633,13.493219754114868
P15,AGEM KIRI,2,TURUN,C4,sentral,kanan,88.688,89.204,0.736,0.515,late,video,0.0,True,False,False,6.552666391830812,11.580485012405166,9.199368358285916,9.033867270129285
P15,AGEM KIRI,2,TURUN,P4,parietal,kanan,88.688,89.204,0.736,0.515,late,video,0.0,True,False,False,2.7049364402073266,9.077739909281636,10.730771674081076,3.5452458786214294
P15,AGEM KIRI,2,TURUN,O2,oksipital,kanan,88.688,89.204,0.736,0.515,late,video,0.0,True,False,False,8.100775639710115,14.00376778003779,10.832925794894088,8.944612836068195
P15,AGEM KIRI,2,TURUN,F8,frontotemporal,kanan,88.688,89.204,0.736,0.515,late,video,0.0,True,False,False,12.00021245358925,15.11283977986129,8.914459392640943,10.713913894410553
P15,AGEM KIRI,2,TURUN,T4,temporal,kanan,88.688,89.204,0.736,0.515,late,video,0.0,True,False,False,6.273572809623978,11.659512350349836,6.806626559411825,5.640219035950238
P15,AGEM KIRI,2,TURUN,T6,temporo-posterior,kanan,88.688,89.204,0.736,0.515,late,video,0.0,True,False,False,18.64159975206138,16.831004969837224,8.763894943667427,17.91989386520605
P15,AGEM KIRI,2,TAHAN,Fp1,frontopolar,kiri,89.564,91.298,2.234,1.734,late,video,0.486,True,True,False,-2.9297267646590655,-1.7406972414429127,-3.492390144254916,-3.7475705276947266
P15,AGEM KIRI,2,TAHAN,F3,frontal,kiri,89.564,91.298,2.234,1.734,late,video,0.601,False,False,False,,,,
P15,AGEM KIRI,2,TAHAN,C3,sentral,kiri,89.564,91.298,2.234,1.734,late,video,0.653,False,False,False,,,,
P15,AGEM KIRI,2,TAHAN,P3,parietal,kiri,89.564,91.298,2.234,1.734,late,video,0.884,False,False,False,,,,
P15,AGEM KIRI,2,TAHAN,O1,oksipital,kiri,89.564,91.298,2.234,1.734,late,video,0.0,True,False,False,-0.024545264286359725,-0.6673047815733568,-1.3801181989738538,-0.7128864719410899
P15,AGEM KIRI,2,TAHAN,F7,frontotemporal,kiri,89.564,91.298,2.234,1.734,late,video,0.601,False,False,False,,,,
P15,AGEM KIRI,2,TAHAN,T3,temporal,kiri,89.564,91.298,2.234,1.734,late,video,0.601,False,False,False,,,,
P15,AGEM KIRI,2,TAHAN,T5,temporo-posterior,kiri,89.564,91.298,2.234,1.734,late,video,0.884,False,False,False,,,,
P15,AGEM KIRI,2,TAHAN,Fp2,frontopolar,kanan,89.564,91.298,2.234,1.734,late,video,0.0,True,False,False,7.661385765496611,0.7845908416630394,2.5170051879811055,6.628817251272984
P15,AGEM KIRI,2,TAHAN,F4,frontal,kanan,89.564,91.298,2.234,1.734,late,video,0.0,True,False,False,4.525325989588879,1.0649550919659454,2.41889646128989,4.316255797590571
P15,AGEM KIRI,2,TAHAN,C4,sentral,kanan,89.564,91.298,2.234,1.734,late,video,0.0,True,False,False,-1.9507066507905932,-0.6011047614600642,0.5455405884543083,0.4359876564606395
P15,AGEM KIRI,2,TAHAN,P4,parietal,kanan,89.564,91.298,2.234,1.734,late,video,0.0,True,False,False,3.6534321449020624,1.514849144146897,1.764795510041548,0.5397208249312015
P15,AGEM KIRI,2,TAHAN,O2,oksipital,kanan,89.564,91.298,2.234,1.734,late,video,0.0,True,False,False,-0.11800798192226836,0.774928000529524,0.62734824590569,-1.0608603918127173
P15,AGEM KIRI,2,TAHAN,F8,frontotemporal,kanan,89.564,91.298,2.234,1.734,late,video,0.0,True,False,False,9.759950443217143,4.718389074163291,3.7170632508623065,7.302282963624911
P15,AGEM KIRI,2,TAHAN,T4,temporal,kanan,89.564,91.298,2.234,1.734,late,video,0.0,True,False,False,-0.08051903167719487,0.40346665944619176,2.305261434841192,-0.297197941702958
P15,AGEM KIRI,2,TAHAN,T6,temporo-posterior,kanan,89.564,91.298,2.234,1.734,late,video,0.0,True,False,False,10.957589633555685,9.688821836383632,7.400902794857377,9.049021053517336
P15,AGEM KIRI,2,NAIK,Fp1,frontopolar,kiri,91.644,92.094,0.642,0.449,late,video,1.0,False,False,False,,,,
P15,AGEM KIRI,2,NAIK,F3,frontal,kiri,91.644,92.094,0.642,0.449,late,video,0.911,False,False,False,,,,
P15,AGEM KIRI,2,NAIK,C3,sentral,kiri,91.644,92.094,0.642,0.449,late,video,1.0,False,False,False,,,,
P15,AGEM KIRI,2,NAIK,P3,parietal,kiri,91.644,92.094,0.642,0.449,late,video,1.0,False,False,False,,,,
P15,AGEM KIRI,2,NAIK,O1,oksipital,kiri,91.644,92.094,0.642,0.449,late,video,0.0,True,False,False,-4.432680624355413,-0.6431671412402657,-3.729367691362601,-3.5282385251128545
P15,AGEM KIRI,2,NAIK,F7,frontotemporal,kiri,91.644,92.094,0.642,0.449,late,video,1.0,False,False,False,,,,
P15,AGEM KIRI,2,NAIK,T3,temporal,kiri,91.644,92.094,0.642,0.449,late,video,1.0,False,False,False,,,,
P15,AGEM KIRI,2,NAIK,T5,temporo-posterior,kiri,91.644,92.094,0.642,0.449,late,video,1.0,False,False,False,,,,
P15,AGEM KIRI,2,NAIK,Fp2,frontopolar,kanan,91.644,92.094,0.642,0.449,late,video,0.0,True,False,False,7.071567478863372,3.425096092533252,0.6869978363166744,5.95487355021379
P15,AGEM KIRI,2,NAIK,F4,frontal,kanan,91.644,92.094,0.642,0.449,late,video,0.0,True,False,False,9.339091902955722,7.24529827959066,1.961937746965667,8.744337227315548
P15,AGEM KIRI,2,NAIK,C4,sentral,kanan,91.644,92.094,0.642,0.449,late,video,0.0,True,False,False,5.9779822759197,5.333386452540619,-0.7271043106421722,2.7330079608673614
P15,AGEM KIRI,2,NAIK,P4,parietal,kanan,91.644,92.094,0.642,0.449,late,video,0.0,True,False,False,3.876517996691895,4.952306090073481,-1.1859860528686959,0.03063646833594902
P15,AGEM KIRI,2,NAIK,O2,oksipital,kanan,91.644,92.094,0.642,0.449,late,video,0.0,True,False,False,5.163308091853949,5.704382386896313,1.2244530291876465,2.6797763687703835
P15,AGEM KIRI,2,NAIK,F8,frontotemporal,kanan,91.644,92.094,0.642,0.449,late,video,0.0,True,False,False,5.014191789822426,9.806105468367008,1.8455340296127254,4.598183586824753
P15,AGEM KIRI,2,NAIK,T4,temporal,kanan,91.644,92.094,0.642,0.449,late,video,0.0,True,False,False,6.901814353475906,7.471723023722468,0.9699027926204451,3.697992308493699
P15,AGEM KIRI,2,NAIK,T6,temporo-posterior,kanan,91.644,92.094,0.642,0.449,late,video,0.0,True,False,False,5.677994434764258,10.003731244670327,2.257436375586277,5.359111342978885
P15,AGEM KIRI,2,POST,Fp1,frontopolar,kiri,92.69,94.19,1.5,1.5,late,video,0.0,True,False,False,18.442250089010393,15.406800909187048,9.33396718655564,13.55222941617987
P15,AGEM KIRI,2,POST,F3,frontal,kiri,92.69,94.19,1.5,1.5,late,video,0.0,True,False,False,25.83482208877499,23.741193677368805,17.64365502753042,20.063155153913286
P15,AGEM KIRI,2,POST,C3,sentral,kiri,92.69,94.19,1.5,1.5,late,video,0.0,True,False,False,26.4803532510157,24.086060539558485,18.044684963140046,19.82278211468729
P15,AGEM KIRI,2,POST,P3,parietal,kiri,92.69,94.19,1.5,1.5,late,video,0.227,True,True,False,27.584480276002022,26.54501814054599,20.294109708496308,21.11375538880195
P15,AGEM KIRI,2,POST,O1,oksipital,kiri,92.69,94.19,1.5,1.5,late,video,0.0,True,False,False,10.635815198974335,7.80705017490952,2.7721957644211095,7.169759858161726
P15,AGEM KIRI,2,POST,F7,frontotemporal,kiri,92.69,94.19,1.5,1.5,late,video,0.0,True,False,False,25.210939447262685,23.833789143990963,19.49573025821949,20.501738539430157
P15,AGEM KIRI,2,POST,T3,temporal,kiri,92.69,94.19,1.5,1.5,late,video,0.0,True,False,False,24.08074296802116,22.813020483082198,17.341264752646396,16.36212464652242
P15,AGEM KIRI,2,POST,T5,temporo-posterior,kiri,92.69,94.19,1.5,1.5,late,video,0.0,True,False,False,23.151911961537945,19.892163324502807,20.96916394359397,17.52335428544598
P15,AGEM KIRI,2,POST,Fp2,frontopolar,kanan,92.69,94.19,1.5,1.5,late,video,0.0,True,False,False,16.78276194005089,14.703324221345198,11.058754599061484,15.603310862535594
P15,AGEM KIRI,2,POST,F4,frontal,kanan,92.69,94.19,1.5,1.5,late,video,0.0,True,False,False,12.753062262061192,12.737755320641849,13.397271587753309,12.259454399520308
P15,AGEM KIRI,2,POST,C4,sentral,kanan,92.69,94.19,1.5,1.5,late,video,0.0,True,False,False,12.185070185363514,10.9622931225388,9.245622078466035,11.238331393022065
P15,AGEM KIRI,2,POST,P4,parietal,kanan,92.69,94.19,1.5,1.5,late,video,0.0,True,False,False,10.102520599239064,8.6950933693583,9.876003112846853,10.643652361746085
P15,AGEM KIRI,2,POST,O2,oksipital,kanan,92.69,94.19,1.5,1.5,late,video,0.0,True,False,False,12.547617498723795,11.297777529472818,9.000938391077945,10.05104387972235
P15,AGEM KIRI,2,POST,F8,frontotemporal,kanan,92.69,94.19,1.5,1.5,late,video,0.0,True,False,False,12.856110444732998,12.660962996210266,14.465060163049301,12.630025211976822
P15,AGEM KIRI,2,POST,T4,temporal,kanan,92.69,94.19,1.5,1.5,late,video,0.0,True,False,False,14.435200504346433,15.787023845924736,13.305641036307925,13.315761304124486
P15,AGEM KIRI,2,POST,T6,temporo-posterior,kanan,92.69,94.19,1.5,1.5,late,video,0.0,True,False,False,13.534577344853219,7.35946331697059,10.225782102392547,12.315363784463067
P15,NGEED,3,PRA,Fp1,frontopolar,kiri,271.023,273.023,2.0,2.0,ok,video,0.0,True,False,False,4.2366910761615415,3.3250061648729528,2.7950987660090334,3.624467127109817
P15,NGEED,3,PRA,F3,frontal,kiri,271.023,273.023,2.0,2.0,ok,video,1.0,False,False,False,,,,
P15,NGEED,3,PRA,C3,sentral,kiri,271.023,273.023,2.0,2.0,ok,video,0.715,False,False,False,,,,
P15,NGEED,3,PRA,P3,parietal,kiri,271.023,273.023,2.0,2.0,ok,video,1.0,False,False,False,,,,
P15,NGEED,3,PRA,O1,oksipital,kiri,271.023,273.023,2.0,2.0,ok,video,0.0,True,False,False,5.010488240890183,3.629898522710768,4.7485005420983235,4.046391510939266
P15,NGEED,3,PRA,F7,frontotemporal,kiri,271.023,273.023,2.0,2.0,ok,video,0.0,True,False,False,3.7299336967778274,3.208821824904021,0.8321452822605551,3.459675572834282
P15,NGEED,3,PRA,T3,temporal,kiri,271.023,273.023,2.0,2.0,ok,video,0.215,True,True,False,0.9824974602718832,-3.7479900133238466,-2.538676447807127,-2.8620639036514426
P15,NGEED,3,PRA,T5,temporo-posterior,kiri,271.023,273.023,2.0,2.0,ok,video,0.8,False,False,False,,,,
P15,NGEED,3,PRA,Fp2,frontopolar,kanan,271.023,273.023,2.0,2.0,ok,video,0.0,True,False,False,2.6138237358606773,0.8604206293555521,3.4964150810244803,2.165396336743889
P15,NGEED,3,PRA,F4,frontal,kanan,271.023,273.023,2.0,2.0,ok,video,0.0,True,False,False,-0.3540593494815809,0.20861303361980177,2.919165653185189,-0.02440714936917132
P15,NGEED,3,PRA,C4,sentral,kanan,271.023,273.023,2.0,2.0,ok,video,0.0,True,False,False,3.373410570495352,3.759352145945787,3.6015771054979027,2.903716445102205
P15,NGEED,3,PRA,P4,parietal,kanan,271.023,273.023,2.0,2.0,ok,video,0.0,True,False,False,0.4256568446669462,0.5080897944974438,3.919629017377531,0.6378222621373197
P15,NGEED,3,PRA,O2,oksipital,kanan,271.023,273.023,2.0,2.0,ok,video,0.0,True,False,False,-0.5335928395453138,-0.6803546080773586,3.4559134893202703,0.9334343349695935
P15,NGEED,3,PRA,F8,frontotemporal,kanan,271.023,273.023,2.0,2.0,ok,video,0.0,True,False,False,2.9980263252280395,0.38528609562862925,3.520736848036435,4.151247636811107
P15,NGEED,3,PRA,T4,temporal,kanan,271.023,273.023,2.0,2.0,ok,video,0.0,True,False,False,-1.0169965446677693,-0.7905074599516269,4.016361934572075,1.3544358269881869
P15,NGEED,3,PRA,T6,temporo-posterior,kanan,271.023,273.023,2.0,2.0,ok,video,0.0,True,False,False,0.47927789175965785,-0.5914348962991163,3.095929294294141,0.15555006483484846
P15,NGEED,3,TURUN,Fp1,frontopolar,kiri,279.539,280.465,1.324,0.927,ok,video,0.0,True,False,False,-1.3610793505960785,3.772766076666592,5.430570751548231,5.299263261379558
P15,NGEED,3,TURUN,F3,frontal,kiri,279.539,280.465,1.324,0.927,ok,video,0.441,True,True,False,-16.439926946658545,-18.198032758678167,-18.90001481418941,-6.7899710593245075
P15,NGEED,3,TURUN,C3,sentral,kiri,279.539,280.465,1.324,0.927,ok,video,0.441,True,True,False,-8.28319586334824,-9.63430269763858,-9.983450470985574,-4.522664614330711
P15,NGEED,3,TURUN,P3,parietal,kiri,279.539,280.465,1.324,0.927,ok,video,0.656,False,False,False,,,,
P15,NGEED,3,TURUN,O1,oksipital,kiri,279.539,280.465,1.324,0.927,ok,video,0.0,True,False,False,4.055933792951137,2.4033091440788112,2.91743463327283,4.785122502282036
P15,NGEED,3,TURUN,F7,frontotemporal,kiri,279.539,280.465,1.324,0.927,ok,video,0.0,True,False,False,2.011221656087269,7.043074135632924,6.536238162021796,7.311813723054868
P15,NGEED,3,TURUN,T3,temporal,kiri,279.539,280.465,1.324,0.927,ok,video,0.0,True,False,False,0.6556192137622396,3.715215973920863,1.974995176639215,0.7168891615832571
P15,NGEED,3,TURUN,T5,temporo-posterior,kiri,279.539,280.465,1.324,0.927,ok,video,0.0,True,False,False,-10.253232153607968,-10.977215991144373,-1.3681098439944321,-8.166220939504242
P15,NGEED,3,TURUN,Fp2,frontopolar,kanan,279.539,280.465,1.324,0.927,ok,video,0.0,True,False,False,7.723052578007966,11.597023400028718,11.745210114043406,9.306624952153044
P15,NGEED,3,TURUN,F4,frontal,kanan,279.539,280.465,1.324,0.927,ok,video,0.0,True,False,False,1.6187577215178521,5.407450261825275,9.899873683462395,5.844529830069462
P15,NGEED,3,TURUN,C4,sentral,kanan,279.539,280.465,1.324,0.927,ok,video,0.0,True,False,False,11.370820903199736,9.539887394777221,10.737966112299162,9.560041768382987
P15,NGEED,3,TURUN,P4,parietal,kanan,279.539,280.465,1.324,0.927,ok,video,0.0,True,False,False,5.929978447250896,7.085503635740668,10.980685064032095,7.093948616961953
P15,NGEED,3,TURUN,O2,oksipital,kanan,279.539,280.465,1.324,0.927,ok,video,0.0,True,False,False,16.74100440535443,17.019123157962092,18.86070604131833,14.871218740719428
P15,NGEED,3,TURUN,F8,frontotemporal,kanan,279.539,280.465,1.324,0.927,ok,video,0.0,True,False,False,9.342217951993291,10.593600881628255,10.046793884339145,9.665082400300335
P15,NGEED,3,TURUN,T4,temporal,kanan,279.539,280.465,1.324,0.927,ok,video,0.0,True,False,False,16.09013493334755,15.149353869447715,15.717876644147012,13.994244535092783
P15,NGEED,3,TURUN,T6,temporo-posterior,kanan,279.539,280.465,1.324,0.927,ok,video,0.0,True,False,False,10.76232716653913,7.6083109218243905,9.448495202980705,8.578721114857885
P15,NGEED,3,TAHAN,Fp1,frontopolar,kiri,280.914,282.644,2.23,1.73,ok,video,0.0,True,False,False,8.086424206999517,5.3352539607003635,4.036658762232975,5.235385989449782
P15,NGEED,3,TAHAN,F3,frontal,kiri,280.914,282.644,2.23,1.73,ok,video,1.0,False,False,False,,,,
P15,NGEED,3,TAHAN,C3,sentral,kiri,280.914,282.644,2.23,1.73,ok,video,1.0,False,False,False,,,,
P15,NGEED,3,TAHAN,P3,parietal,kiri,280.914,282.644,2.23,1.73,ok,video,1.0,False,False,False,,,,
P15,NGEED,3,TAHAN,O1,oksipital,kiri,280.914,282.644,2.23,1.73,ok,video,0.0,True,False,False,2.3417566313966702,-0.294952864887307,0.8385484702271562,1.0979182254819477
P15,NGEED,3,TAHAN,F7,frontotemporal,kiri,280.914,282.644,2.23,1.73,ok,video,0.0,True,False,False,4.003561413250338,-1.0380937534629169,2.2165719222733173,0.05824509205223194
P15,NGEED,3,TAHAN,T3,temporal,kiri,280.914,282.644,2.23,1.73,ok,video,0.0,True,False,False,-2.281203008235842,-5.021548478313981,-3.8184152874004393,-8.521408097179169
P15,NGEED,3,TAHAN,T5,temporo-posterior,kiri,280.914,282.644,2.23,1.73,ok,video,0.572,False,False,False,,,,
P15,NGEED,3,TAHAN,Fp2,frontopolar,kanan,280.914,282.644,2.23,1.73,ok,video,0.0,True,False,False,1.1823840299648225,0.3376281842079152,1.4737954210493314,0.2828352330395063
P15,NGEED,3,TAHAN,F4,frontal,kanan,280.914,282.644,2.23,1.73,ok,video,0.803,False,False,False,,,,
P15,NGEED,3,TAHAN,C4,sentral,kanan,280.914,282.644,2.23,1.73,ok,video,0.0,True,False,False,-6.918401579929014,-5.978077465068118,-3.2900387668360445,-6.828393044152918
P15,NGEED,3,TAHAN,P4,parietal,kanan,280.914,282.644,2.23,1.73,ok,video,0.0,True,False,False,-7.170335029455163,-4.1024800698552255,-1.745801888328245,-8.516399272306003
P15,NGEED,3,TAHAN,O2,oksipital,kanan,280.914,282.644,2.23,1.73,ok,video,0.0,True,False,False,-0.0986283596639339,-2.245766224020194,0.3831166184910195,-0.8198981888465902
P15,NGEED,3,TAHAN,F8,frontotemporal,kanan,280.914,282.644,2.23,1.73,ok,video,0.0,True,False,False,-1.203552214389262,-0.9752270351212431,-0.8890514796193543,-3.030233193983687
P15,NGEED,3,TAHAN,T4,temporal,kanan,280.914,282.644,2.23,1.73,ok,video,0.0,True,False,False,-1.8775353267909587,-1.483754526105681,-1.1021583854076304,-2.6491379830872113
P15,NGEED,3,TAHAN,T6,temporo-posterior,kanan,280.914,282.644,2.23,1.73,ok,video,0.0,True,False,False,-1.2824350545345737,-2.1485788632673497,0.05847993755110181,-1.5741613722799457
P15,NGEED,3,NAIK,Fp1,frontopolar,kiri,283.144,285.178,2.534,2.034,ok,video,0.0,True,False,False,1.881499067758618,1.6093597419753678,1.9018360829786438,1.6393757845959378
P15,NGEED,3,NAIK,F3,frontal,kiri,283.144,285.178,2.534,2.034,ok,video,1.0,False,False,False,,,,
P15,NGEED,3,NAIK,C3,sentral,kiri,283.144,285.178,2.534,2.034,ok,video,1.0,False,False,False,,,,
P15,NGEED,3,NAIK,P3,parietal,kiri,283.144,285.178,2.534,2.034,ok,video,1.0,False,False,False,,,,
P15,NGEED,3,NAIK,O1,oksipital,kiri,283.144,285.178,2.534,2.034,ok,video,0.0,True,False,False,0.6098833722377393,1.488211790695253,1.411716953198443,0.664698119977075
P15,NGEED,3,NAIK,F7,frontotemporal,kiri,283.144,285.178,2.534,2.034,ok,video,0.0,True,False,False,-2.249539185119609,-1.398439765426403,-1.2716739714808156,-3.474514606920266
P15,NGEED,3,NAIK,T3,temporal,kiri,283.144,285.178,2.534,2.034,ok,video,1.0,False,False,False,,,,
P15,NGEED,3,NAIK,T5,temporo-posterior,kiri,283.144,285.178,2.534,2.034,ok,video,1.0,False,False,False,,,,
P15,NGEED,3,NAIK,Fp2,frontopolar,kanan,283.144,285.178,2.534,2.034,ok,video,0.0,True,False,False,-0.470689224873567,-0.49199487276512954,1.1357845693635902,0.42230823730385225
P15,NGEED,3,NAIK,F4,frontal,kanan,283.144,285.178,2.534,2.034,ok,video,0.251,True,True,False,0.600907837549336,1.4171817064078596,0.6152456825849377,3.860787494544521
P15,NGEED,3,NAIK,C4,sentral,kanan,283.144,285.178,2.534,2.034,ok,video,0.0,True,False,False,-0.6503265675284098,0.22153375356443306,2.7135719402959424,0.9319646385654536
P15,NGEED,3,NAIK,P4,parietal,kanan,283.144,285.178,2.534,2.034,ok,video,0.0,True,False,False,-3.828382968026233,-3.4445550527574404,-0.5976277926206137,-2.6809966900570714
P15,NGEED,3,NAIK,O2,oksipital,kanan,283.144,285.178,2.534,2.034,ok,video,0.0,True,False,False,-0.3774046122262007,-0.0596449055764694,-0.38776418609417007,4.273869917050014
P15,NGEED,3,NAIK,F8,frontotemporal,kanan,283.144,285.178,2.534,2.034,ok,video,0.0,True,False,False,-0.867778814578088,2.5898116065519403,1.6173324746510396,1.40456457217266
P15,NGEED,3,NAIK,T4,temporal,kanan,283.144,285.178,2.534,2.034,ok,video,0.0,True,False,False,-0.758554962904082,-2.3138329625951464,1.0807266574537238,2.1827147702179914
P15,NGEED,3,NAIK,T6,temporo-posterior,kanan,283.144,285.178,2.534,2.034,ok,video,0.0,True,False,False,3.6322547107279064,1.2325551971449116,1.8602743902179704,2.2442466247322628
P15,NGEED,3,POST,Fp1,frontopolar,kiri,285.928,287.428,1.5,1.5,ok,video,0.113,True,True,False,-1.7114564257089349,-0.6501495881393851,5.258848635286675,1.8837211233906643
P15,NGEED,3,POST,F3,frontal,kiri,285.928,287.428,1.5,1.5,ok,video,0.22,True,True,False,7.423114347071731,12.45792114764572,14.866029050900266,8.898862480110687
P15,NGEED,3,POST,C3,sentral,kiri,285.928,287.428,1.5,1.5,ok,video,0.22,True,True,False,6.0578275089737055,10.944342295158112,15.186064941335946,8.317647553879599
P15,NGEED,3,POST,P3,parietal,kiri,285.928,287.428,1.5,1.5,ok,video,0.22,True,True,False,8.536846423023334,13.001729547947996,17.018442640657028,10.271081736913622
P15,NGEED,3,POST,O1,oksipital,kiri,285.928,287.428,1.5,1.5,ok,video,0.0,True,False,False,3.0512942526070574,0.7880297252710733,3.573504598806789,2.1974508950967504
P15,NGEED,3,POST,F7,frontotemporal,kiri,285.928,287.428,1.5,1.5,ok,video,0.113,True,True,False,3.162990688737821,7.289022249892316,11.451737083533914,5.686931561684176
P15,NGEED,3,POST,T3,temporal,kiri,285.928,287.428,1.5,1.5,ok,video,0.2,True,True,False,0.5826336183383383,6.55566585084874,13.913063268983073,4.856293077956618
P15,NGEED,3,POST,T5,temporo-posterior,kiri,285.928,287.428,1.5,1.5,ok,video,0.22,True,True,False,4.117313904909743,10.549077885967048,15.37881689926531,7.59810835131422
P15,NGEED,3,POST,Fp2,frontopolar,kanan,285.928,287.428,1.5,1.5,ok,video,0.0,True,False,False,-0.9988150090528691,2.682192497597832,2.3070462799085583,0.15703782637680064
P15,NGEED,3,POST,F4,frontal,kanan,285.928,287.428,1.5,1.5,ok,video,0.0,True,False,False,1.9993881915845932,5.3869904114552405,4.471355509757302,4.034839521460775
P15,NGEED,3,POST,C4,sentral,kanan,285.928,287.428,1.5,1.5,ok,video,0.0,True,False,False,-2.0801880022649897,1.7113267404307457,3.1619863121212077,-0.307997883982857
P15,NGEED,3,POST,P4,parietal,kanan,285.928,287.428,1.5,1.5,ok,video,0.0,True,False,False,1.051710152584839,6.420976621136671,10.467159696384158,2.61745015744723
P15,NGEED,3,POST,O2,oksipital,kanan,285.928,287.428,1.5,1.5,ok,video,0.0,True,False,False,2.192125504825235,6.812827677518889,12.068898623491556,4.948224096147449
P15,NGEED,3,POST,F8,frontotemporal,kanan,285.928,287.428,1.5,1.5,ok,video,0.113,True,True,False,-2.4152322048772987,3.7708947045971826,4.154932594753902,0.9383479011475586
P15,NGEED,3,POST,T4,temporal,kanan,285.928,287.428,1.5,1.5,ok,video,0.0,True,False,False,2.425639492008635,6.709372020641371,10.934429022836092,5.501155494048504
P15,NGEED,3,POST,T6,temporo-posterior,kanan,285.928,287.428,1.5,1.5,ok,video,0.0,True,False,False,-0.0776352508154119,4.84964592806287,6.223314892152718,1.8205688017557762
P15,NGEED,4,PRA,Fp1,frontopolar,kiri,286.247,288.247,2.0,2.0,ok,video,0.495,True,True,False,-2.8762359811455696,-0.09462204028432097,5.888369036901224,2.344837410135746
P15,NGEED,4,PRA,F3,frontal,kiri,286.247,288.247,2.0,2.0,ok,video,0.005,True,False,False,5.148951161816765,10.310641102071173,12.0687627150444,6.5203518494155475
P15,NGEED,4,PRA,C3,sentral,kiri,286.247,288.247,2.0,2.0,ok,video,0.005,True,False,False,4.542517036141707,8.579609983821733,12.284555038075734,5.823423752304617
P15,NGEED,4,PRA,P3,parietal,kiri,286.247,288.247,2.0,2.0,ok,video,0.005,True,False,False,6.611898296197417,10.623194985142945,14.138717817234731,7.845353377054245
P15,NGEED,4,PRA,O1,oksipital,kiri,286.247,288.247,2.0,2.0,ok,video,0.0,True,False,False,-0.7879366234473792,-1.0536070359146557,2.42512362647172,0.32649674097532255
P15,NGEED,4,PRA,F7,frontotemporal,kiri,286.247,288.247,2.0,2.0,ok,video,0.495,True,True,False,4.020696883623909,8.14497341498646,12.271763076312318,6.514842157722448
P15,NGEED,4,PRA,T3,temporal,kiri,286.247,288.247,2.0,2.0,ok,video,0.495,True,True,False,1.3527236810774745,7.307132286888972,14.635045897556822,5.58155741766846
P15,NGEED,4,PRA,T5,temporo-posterior,kiri,286.247,288.247,2.0,2.0,ok,video,0.005,True,False,False,1.8690539297652258,7.616616859530804,12.410455315305942,4.720957940895655
P15,NGEED,4,PRA,Fp2,frontopolar,kanan,286.247,288.247,2.0,2.0,ok,video,0.295,True,True,False,-0.2706409627589963,3.60019381569775,2.7957927032733387,0.8744636028401587
P15,NGEED,4,PRA,F4,frontal,kanan,286.247,288.247,2.0,2.0,ok,video,0.0,True,False,False,1.4676400734639543,4.910046238478632,3.0303224548545877,3.578441015386563
P15,NGEED,4,PRA,C4,sentral,kanan,286.247,288.247,2.0,2.0,ok,video,0.095,True,False,False,-1.5326098319018229,0.1192617013276589,2.0527252144508523,-0.7308929759539602
P15,NGEED,4,PRA,P4,parietal,kanan,286.247,288.247,2.0,2.0,ok,video,0.0,True,False,False,-0.44415228822580133,5.173455195635672,9.158048278102946,1.2270646132494605
P15,NGEED,4,PRA,O2,oksipital,kanan,286.247,288.247,2.0,2.0,ok,video,0.0,True,False,False,1.0366854441922513,5.466835605094609,10.725228674134407,3.6348148321071605
P15,NGEED,4,PRA,F8,frontotemporal,kanan,286.247,288.247,2.0,2.0,ok,video,0.495,True,True,False,-3.268388594288986,4.796482985755105,4.588028757737948,1.133449159727629
P15,NGEED,4,PRA,T4,temporal,kanan,286.247,288.247,2.0,2.0,ok,video,0.0,True,False,False,1.6935032791565057,5.67354175715365,9.69592120787405,4.360273307973603
P15,NGEED,4,PRA,T6,temporo-posterior,kanan,286.247,288.247,2.0,2.0,ok,video,0.0,True,False,False,-1.0898062619539886,4.33406621104988,5.4334365221258345,0.8627317692681657
P15,NGEED,4,TURUN,Fp1,frontopolar,kiri,296.219,297.266,1.495,1.047,ok,video,0.0,True,False,False,-2.5743924984057323,-0.4339153744740223,-1.0277110113582282,1.2651941187116869
P15,NGEED,4,TURUN,F3,frontal,kiri,296.219,297.266,1.495,1.047,ok,video,1.0,False,False,False,,,,
P15,NGEED,4,TURUN,C3,sentral,kiri,296.219,297.266,1.495,1.047,ok,video,0.771,False,False,False,,,,
P15,NGEED,4,TURUN,P3,parietal,kiri,296.219,297.266,1.495,1.047,ok,video,1.0,False,False,False,,,,
P15,NGEED,4,TURUN,O1,oksipital,kiri,296.219,297.266,1.495,1.047,ok,video,0.0,True,False,False,-8.98943789948541,-11.071473312085622,-10.881425805489197,-9.542399055719496
P15,NGEED,4,TURUN,F7,frontotemporal,kiri,296.219,297.266,1.495,1.047,ok,video,0.0,True,False,False,2.227625550747586,0.4456902492172894,2.1095076264587185,2.3499243887940153
P15,NGEED,4,TURUN,T3,temporal,kiri,296.219,297.266,1.495,1.047,ok,video,0.0,True,False,False,1.945615471265505,-3.481091472674443,-0.32283258572236306,3.327282970116606
P15,NGEED,4,TURUN,T5,temporo-posterior,kiri,296.219,297.266,1.495,1.047,ok,video,0.01,True,False,False,-6.801517729028518,-4.65366176218809,-0.7360504424309795,-2.701200280315465
P15,NGEED,4,TURUN,Fp2,frontopolar,kanan,296.219,297.266,1.495,1.047,ok,video,0.0,True,False,False,-2.114335458649272,2.4183287177139405,-1.3141340475395502,0.5897302581354857
P15,NGEED,4,TURUN,F4,frontal,kanan,296.219,297.266,1.495,1.047,ok,video,0.2,True,True,False,-10.031721180724613,-1.4069319403634601,-1.4558433416047158,-5.527392542743627
P15,NGEED,4,TURUN,C4,sentral,kanan,296.219,297.266,1.495,1.047,ok,video,0.01,True,False,False,-11.927854004708,-1.7517876654321007,-4.003202952460967,-8.180521469842951
P15,NGEED,4,TURUN,P4,parietal,kanan,296.219,297.266,1.495,1.047,ok,video,0.0,True,False,False,-2.843672372196309,-2.649912135936031,-0.2140287138305439,-2.4662408920569163
P15,NGEED,4,TURUN,O2,oksipital,kanan,296.219,297.266,1.495,1.047,ok,video,0.0,True,False,False,-4.048779831001177,0.40515777820261434,0.36255566467067624,-2.2370838781205613
P15,NGEED,4,TURUN,F8,frontotemporal,kanan,296.219,297.266,1.495,1.047,ok,video,0.0,True,False,False,-0.3759896559974578,-1.039804299581025,0.793113066274099,0.7314236555381726
P15,NGEED,4,TURUN,T4,temporal,kanan,296.219,297.266,1.495,1.047,ok,video,0.771,False,False,False,,,,
P15,NGEED,4,TURUN,T6,temporo-posterior,kanan,296.219,297.266,1.495,1.047,ok,video,0.0,True,False,False,-0.9548862448310445,-4.685072873493404,-0.4207117389621793,-1.837820866934699
P15,NGEED,4,TAHAN,Fp1,frontopolar,kiri,297.74,300.351,3.111,2.611,ok,video,0.421,True,True,False,-6.229631786018057,-6.714639295004709,-5.738999765365108,-5.023982883186953
P15,NGEED,4,TAHAN,F3,frontal,kiri,297.74,300.351,3.111,2.611,ok,video,1.0,False,False,False,,,,
P15,NGEED,4,TAHAN,C3,sentral,kiri,297.74,300.351,3.111,2.611,ok,video,1.0,False,False,False,,,,
P15,NGEED,4,TAHAN,P3,parietal,kiri,297.74,300.351,3.111,2.611,ok,video,1.0,False,False,False,,,,
P15,NGEED,4,TAHAN,O1,oksipital,kiri,297.74,300.351,3.111,2.611,ok,video,0.0,True,False,False,-9.108726825151379,-6.301055006942459,-4.508203382700554,-4.1745165457092455
P15,NGEED,4,TAHAN,F7,frontotemporal,kiri,297.74,300.351,3.111,2.611,ok,video,0.728,False,False,False,,,,
P15,NGEED,4,TAHAN,T3,temporal,kiri,297.74,300.351,3.111,2.611,ok,video,0.958,False,False,False,,,,
P15,NGEED,4,TAHAN,T5,temporo-posterior,kiri,297.74,300.351,3.111,2.611,ok,video,1.0,False,False,False,,,,
P15,NGEED,4,TAHAN,Fp2,frontopolar,kanan,297.74,300.351,3.111,2.611,ok,video,0.0,True,False,False,-7.688391280929984,-4.103312768135321,-2.9839440434984787,-4.905392543588899
P15,NGEED,4,TAHAN,F4,frontal,kanan,297.74,300.351,3.111,2.611,ok,video,0.962,False,False,False,,,,
P15,NGEED,4,TAHAN,C4,sentral,kanan,297.74,300.351,3.111,2.611,ok,video,0.502,False,False,False,,,,
P15,NGEED,4,TAHAN,P4,parietal,kanan,297.74,300.351,3.111,2.611,ok,video,1.0,False,False,False,,,,
P15,NGEED,4,TAHAN,O2,oksipital,kanan,297.74,300.351,3.111,2.611,ok,video,0.958,False,False,False,,,,
P15,NGEED,4,TAHAN,F8,frontotemporal,kanan,297.74,300.351,3.111,2.611,ok,video,0.0,True,False,False,-4.853635479958008,-0.9059279902263242,-2.6196268620636367,-3.820282772626321
P15,NGEED,4,TAHAN,T4,temporal,kanan,297.74,300.351,3.111,2.611,ok,video,1.0,False,False,False,,,,
P15,NGEED,4,TAHAN,T6,temporo-posterior,kanan,297.74,300.351,3.111,2.611,ok,video,0.349,True,True,False,-6.855205559594012,-5.335861309065187,-5.0888448806262545,-7.720205908362459
P15,NGEED,4,NAIK,Fp1,frontopolar,kiri,300.731,301.338,0.867,0.607,ok,video,1.0,False,False,False,,,,
P15,NGEED,4,NAIK,F3,frontal,kiri,300.731,301.338,0.867,0.607,ok,video,1.0,False,False,False,,,,
P15,NGEED,4,NAIK,C3,sentral,kiri,300.731,301.338,0.867,0.607,ok,video,1.0,False,False,False,,,,
P15,NGEED,4,NAIK,P3,parietal,kiri,300.731,301.338,0.867,0.607,ok,video,1.0,False,False,False,,,,
P15,NGEED,4,NAIK,O1,oksipital,kiri,300.731,301.338,0.867,0.607,ok,video,0.0,True,False,False,-1.9719255961394353,-2.8283078461080784,-0.2946870281392542,0.6298901561943708
P15,NGEED,4,NAIK,F7,frontotemporal,kiri,300.731,301.338,0.867,0.607,ok,video,1.0,False,False,False,,,,
P15,NGEED,4,NAIK,T3,temporal,kiri,300.731,301.338,0.867,0.607,ok,video,1.0,False,False,False,,,,
P15,NGEED,4,NAIK,T5,temporo-posterior,kiri,300.731,301.338,0.867,0.607,ok,video,1.0,False,False,False,,,,
P15,NGEED,4,NAIK,Fp2,frontopolar,kanan,300.731,301.338,0.867,0.607,ok,video,0.133,True,True,False,10.274446647866114,12.481647066610236,6.599323131462352,9.16050267767033
P15,NGEED,4,NAIK,F4,frontal,kanan,300.731,301.338,0.867,0.607,ok,video,0.0,True,False,False,10.782945084024547,14.650963819501445,5.923672791776394,9.207552589034016
P15,NGEED,4,NAIK,C4,sentral,kanan,300.731,301.338,0.867,0.607,ok,video,0.0,True,False,False,2.1744679299609473,0.987932504121023,1.5616289320490289,0.6474628569372811
P15,NGEED,4,NAIK,P4,parietal,kanan,300.731,301.338,0.867,0.607,ok,video,1.0,False,False,False,,,,
P15,NGEED,4,NAIK,O2,oksipital,kanan,300.731,301.338,0.867,0.607,ok,video,1.0,False,False,False,,,,
P15,NGEED,4,NAIK,F8,frontotemporal,kanan,300.731,301.338,0.867,0.607,ok,video,0.0,True,False,False,1.3045035316947136,5.6649196678775695,2.3163892608120484,0.5405028282108759
P15,NGEED,4,NAIK,T4,temporal,kanan,300.731,301.338,0.867,0.607,ok,video,0.0,True,False,False,8.488784129376668,10.552712554659756,4.911477068170399,6.836982219357701
P15,NGEED,4,NAIK,T6,temporo-posterior,kanan,300.731,301.338,0.867,0.607,ok,video,0.0,True,False,False,2.82621844632493,2.702420766906222,0.07362583652176724,0.6949988240106606
P15,NGEED,4,POST,Fp1,frontopolar,kiri,301.968,303.468,1.5,1.5,ok,video,1.0,False,False,False,,,,
P15,NGEED,4,POST,F3,frontal,kiri,301.968,303.468,1.5,1.5,ok,video,0.46,True,True,False,-1.751373713348361,-7.134844808261052,-0.08113382987672679,-1.358664841140417
P15,NGEED,4,POST,C3,sentral,kiri,301.968,303.468,1.5,1.5,ok,video,1.0,False,False,False,,,,
P15,NGEED,4,POST,P3,parietal,kiri,301.968,303.468,1.5,1.5,ok,video,1.0,False,False,False,,,,
P15,NGEED,4,POST,O1,oksipital,kiri,301.968,303.468,1.5,1.5,ok,video,0.0,True,False,False,0.05860346305657771,-0.6164129146941768,-0.1280574552594551,1.9008324832625334
P15,NGEED,4,POST,F7,frontotemporal,kiri,301.968,303.468,1.5,1.5,ok,video,1.0,False,False,False,,,,
P15,NGEED,4,POST,T3,temporal,kiri,301.968,303.468,1.5,1.5,ok,video,1.0,False,False,False,,,,
P15,NGEED,4,POST,T5,temporo-posterior,kiri,301.968,303.468,1.5,1.5,ok,video,1.0,False,False,False,,,,
P15,NGEED,4,POST,Fp2,frontopolar,kanan,301.968,303.468,1.5,1.5,ok,video,0.46,True,True,False,-0.3842950305958226,4.205093111667431,7.195531184321457,6.755398999817558
P15,NGEED,4,POST,F4,frontal,kanan,301.968,303.468,1.5,1.5,ok,video,0.0,True,False,False,4.246577804526154,7.28143797749836,6.392867844652102,6.930947461383759
P15,NGEED,4,POST,C4,sentral,kanan,301.968,303.468,1.5,1.5,ok,video,0.0,True,False,False,1.0666121364572163,3.410623986227751,2.5946416831944035,3.0900726905375038
P15,NGEED,4,POST,P4,parietal,kanan,301.968,303.468,1.5,1.5,ok,video,0.46,True,True,False,3.2851976042770517,4.209911657484103,8.007244052874725,4.5583791358862555
P15,NGEED,4,POST,O2,oksipital,kanan,301.968,303.468,1.5,1.5,ok,video,0.46,True,True,False,2.7534201671041387,5.930441377220625,10.263876548069966,4.505721522652152
P15,NGEED,4,POST,F8,frontotemporal,kanan,301.968,303.468,1.5,1.5,ok,video,0.46,True,True,False,4.907851540580133,7.678647869339208,8.693384550953184,9.092274836707332
P15,NGEED,4,POST,T4,temporal,kanan,301.968,303.468,1.5,1.5,ok,video,0.0,True,False,False,1.0981606498014713,4.06057878991286,7.343352184902415,3.4077289752167346
P15,NGEED,4,POST,T6,temporo-posterior,kanan,301.968,303.468,1.5,1.5,ok,video,0.0,True,False,False,-0.15646897595568987,2.3106573630840828,1.8930152034676695,2.665833443036938
P15,AGEM KANAN,3,PRA,Fp1,frontopolar,kiri,302.336,304.336,2.0,2.0,ok,video,1.0,False,False,False,,,,
P15,AGEM KANAN,3,PRA,F3,frontal,kiri,302.336,304.336,2.0,2.0,ok,video,0.16,True,True,False,-0.8848302549097085,-1.2892129024065504,0.7266040988230884,-0.0034639659146797896
P15,AGEM KANAN,3,PRA,C3,sentral,kiri,302.336,304.336,2.0,2.0,ok,video,0.86,False,False,False,,,,
P15,AGEM KANAN,3,PRA,P3,parietal,kiri,302.336,304.336,2.0,2.0,ok,video,0.86,False,False,False,,,,
P15,AGEM KANAN,3,PRA,O1,oksipital,kiri,302.336,304.336,2.0,2.0,ok,video,0.0,True,False,False,-2.647619788956913,-1.3161512372609465,-0.362524862353542,1.1120261924741897
P15,AGEM KANAN,3,PRA,F7,frontotemporal,kiri,302.336,304.336,2.0,2.0,ok,video,1.0,False,False,False,,,,
P15,AGEM KANAN,3,PRA,T3,temporal,kiri,302.336,304.336,2.0,2.0,ok,video,1.0,False,False,False,,,,
P15,AGEM KANAN,3,PRA,T5,temporo-posterior,kiri,302.336,304.336,2.0,2.0,ok,video,1.0,False,False,False,,,,
P15,AGEM KANAN,3,PRA,Fp2,frontopolar,kanan,302.336,304.336,2.0,2.0,ok,video,0.4,True,True,False,1.7148303836096161,3.4827492294290394,5.466452011659229,5.4835324058198935
P15,AGEM KANAN,3,PRA,F4,frontal,kanan,302.336,304.336,2.0,2.0,ok,video,0.0,True,False,False,4.632883757960272,7.665663895013314,6.157955705458626,6.921952666924355
P15,AGEM KANAN,3,PRA,C4,sentral,kanan,302.336,304.336,2.0,2.0,ok,video,0.0,True,False,False,1.1896669845117742,3.1905445950856084,3.2937632777283667,2.823153836241829
P15,AGEM KANAN,3,PRA,P4,parietal,kanan,302.336,304.336,2.0,2.0,ok,video,0.16,True,True,False,1.060243363757678,2.0606132850170304,4.884009031064313,1.761667667894713
P15,AGEM KANAN,3,PRA,O2,oksipital,kanan,302.336,304.336,2.0,2.0,ok,video,0.5,True,True,False,1.4954759227360412,3.9878269405462987,8.005456618448846,2.377385609960804
P15,AGEM KANAN,3,PRA,F8,frontotemporal,kanan,302.336,304.336,2.0,2.0,ok,video,0.5,True,True,False,3.6538282669721553,5.857076933125249,6.888229944155714,7.896205383942593
P15,AGEM KANAN,3,PRA,T4,temporal,kanan,302.336,304.336,2.0,2.0,ok,video,0.0,True,False,False,1.933834805215831,4.11354174614311,6.578427746906442,3.1777638243522652
P15,AGEM KANAN,3,PRA,T6,temporo-posterior,kanan,302.336,304.336,2.0,2.0,ok,video,0.0,True,False,False,2.0028178303923667,2.7564921162831695,2.545482609426511,3.4787985339207026
P15,AGEM KANAN,3,TURUN,Fp1,frontopolar,kiri,312.3,313.691,1.891,1.391,ok,video,0.0,True,False,False,5.25855319500463,3.6969205927660127,-0.021988542042031156,3.7590412930486536
P15,AGEM KANAN,3,TURUN,F3,frontal,kiri,312.3,313.691,1.891,1.391,ok,video,0.856,False,False,False,,,,
P15,AGEM KANAN,3,TURUN,C3,sentral,kiri,312.3,313.691,1.891,1.391,ok,video,0.029,True,False,False,-2.550643340588202,-3.4608484021202166,-6.714443344894873,-2.672446203628347
P15,AGEM KANAN,3,TURUN,P3,parietal,kiri,312.3,313.691,1.891,1.391,ok,video,0.46,True,True,False,1.250764951658855,0.591931222672688,-6.640136104349008,-0.7060760909114663
P15,AGEM KANAN,3,TURUN,O1,oksipital,kiri,312.3,313.691,1.891,1.391,ok,video,0.0,True,False,False,-9.46140572676417,-12.015345936412245,-12.487476729608463,-8.139234454534275
P15,AGEM KANAN,3,TURUN,F7,frontotemporal,kiri,312.3,313.691,1.891,1.391,ok,video,0.0,True,False,False,6.153254266005707,4.136375579006767,2.947127719746902,5.236698575892351
P15,AGEM KANAN,3,TURUN,T3,temporal,kiri,312.3,313.691,1.891,1.391,ok,video,0.0,True,False,False,2.733767064452419,4.069111160184814,-1.860145149601049,4.268952353739692
P15,AGEM KANAN,3,TURUN,T5,temporo-posterior,kiri,312.3,313.691,1.891,1.391,ok,video,0.0,True,False,False,0.8901358494851728,2.7627237642480047,-0.9689504561455955,4.558479103504467
P15,AGEM KANAN,3,TURUN,Fp2,frontopolar,kanan,312.3,313.691,1.891,1.391,ok,video,0.0,True,False,False,11.209798454017218,12.110469558770994,8.026812925936841,10.010940265051332
P15,AGEM KANAN,3,TURUN,F4,frontal,kanan,312.3,313.691,1.891,1.391,ok,video,0.0,True,False,False,14.8567046685692,12.633178912700235,9.740405639954957,15.42296552170557
P15,AGEM KANAN,3,TURUN,C4,sentral,kanan,312.3,313.691,1.891,1.391,ok,video,0.0,True,False,False,17.00347315440706,10.267066738515698,11.149980012357247,13.220760788865945
P15,AGEM KANAN,3,TURUN,P4,parietal,kanan,312.3,313.691,1.891,1.391,ok,video,0.0,True,False,False,4.327509446224475,9.329089211306918,7.879744964308742,7.451133902936263
P15,AGEM KANAN,3,TURUN,O2,oksipital,kanan,312.3,313.691,1.891,1.391,ok,video,0.0,True,False,False,14.295298800313503,15.365865431583352,14.389359318865736,13.4641919932183
P15,AGEM KANAN,3,TURUN,F8,frontotemporal,kanan,312.3,313.691,1.891,1.391,ok,video,0.0,True,False,False,9.443876366914182,9.78042218298171,9.18107206445422,11.62527874633296
P15,AGEM KANAN,3,TURUN,T4,temporal,kanan,312.3,313.691,1.891,1.391,ok,video,0.0,True,False,False,13.57169623084981,14.463627556270794,11.680606598216578,11.512757423997897
P15,AGEM KANAN,3,TURUN,T6,temporo-posterior,kanan,312.3,313.691,1.891,1.391,ok,video,0.0,True,False,False,11.388019627841935,11.572018583890802,11.165668029960859,10.544025400763196
P15,AGEM KANAN,3,TAHAN,Fp1,frontopolar,kiri,314.191,316.551,2.86,2.36,ok,video,0.212,True,True,False,-4.055572929201013,-8.347237330824107,-9.158414882707817,-5.707662249972003
P15,AGEM KANAN,3,TAHAN,F3,frontal,kiri,314.191,316.551,2.86,2.36,ok,video,1.0,False,False,False,,,,
P15,AGEM KANAN,3,TAHAN,C3,sentral,kiri,314.191,316.551,2.86,2.36,ok,video,1.0,False,False,False,,,,
P15,AGEM KANAN,3,TAHAN,P3,parietal,kiri,314.191,316.551,2.86,2.36,ok,video,1.0,False,False,False,,,,
P15,AGEM KANAN,3,TAHAN,O1,oksipital,kiri,314.191,316.551,2.86,2.36,ok,video,0.0,True,False,False,-9.888605601405587,-7.906205058097061,-9.125055895294551,-5.602465909890192
P15,AGEM KANAN,3,TAHAN,F7,frontotemporal,kiri,314.191,316.551,2.86,2.36,ok,video,0.636,False,False,False,,,,
P15,AGEM KANAN,3,TAHAN,T3,temporal,kiri,314.191,316.551,2.86,2.36,ok,video,1.0,False,False,False,,,,
P15,AGEM KANAN,3,TAHAN,T5,temporo-posterior,kiri,314.191,316.551,2.86,2.36,ok,video,0.915,False,False,False,,,,
P15,AGEM KANAN,3,TAHAN,Fp2,frontopolar,kanan,314.191,316.551,2.86,2.36,ok,video,0.0,True,False,False,-1.3486209909868307,0.3845065127660483,-0.3779706268518268,2.7734486905021427
P15,AGEM KANAN,3,TAHAN,F4,frontal,kanan,314.191,316.551,2.86,2.36,ok,video,0.0,True,False,False,-4.7869071426789525,-3.5965058118107507,-3.919970399426113,-1.8835331285475618
P15,AGEM KANAN,3,TAHAN,C4,sentral,kanan,314.191,316.551,2.86,2.36,ok,video,0.0,True,False,False,-2.282886445227021,0.6836747940315497,-0.2611733524956037,-0.7980515432489028
P15,AGEM KANAN,3,TAHAN,P4,parietal,kanan,314.191,316.551,2.86,2.36,ok,video,0.847,False,False,False,,,,
P15,AGEM KANAN,3,TAHAN,O2,oksipital,kanan,314.191,316.551,2.86,2.36,ok,video,0.254,True,True,False,-4.983386627856131,-0.4205956785753351,-3.3247344772765715,-0.635171684243403
P15,AGEM KANAN,3,TAHAN,F8,frontotemporal,kanan,314.191,316.551,2.86,2.36,ok,video,0.0,True,False,False,-5.690815390223975,-3.2582269839411566,-2.318042360747775,-1.9707254133737848
P15,AGEM KANAN,3,TAHAN,T4,temporal,kanan,314.191,316.551,2.86,2.36,ok,video,0.847,False,False,False,,,,
P15,AGEM KANAN,3,TAHAN,T6,temporo-posterior,kanan,314.191,316.551,2.86,2.36,ok,video,0.0,True,False,False,-2.526552681545432,-0.5634166657974191,-3.037816673221325,0.0631393545264558
P15,AGEM KANAN,3,NAIK,Fp1,frontopolar,kiri,316.926,317.512,0.836,0.585,ok,video,1.0,False,False,False,,,,
P15,AGEM KANAN,3,NAIK,F3,frontal,kiri,316.926,317.512,0.836,0.585,ok,video,1.0,False,False,False,,,,
P15,AGEM KANAN,3,NAIK,C3,sentral,kiri,316.926,317.512,0.836,0.585,ok,video,1.0,False,False,False,,,,
P15,AGEM KANAN,3,NAIK,P3,parietal,kiri,316.926,317.512,0.836,0.585,ok,video,1.0,False,False,False,,,,
P15,AGEM KANAN,3,NAIK,O1,oksipital,kiri,316.926,317.512,0.836,0.585,ok,video,0.0,True,False,False,-4.501406020029336,-1.6381384360884965,-3.321331232325413,-1.1796305803376406
P15,AGEM KANAN,3,NAIK,F7,frontotemporal,kiri,316.926,317.512,0.836,0.585,ok,video,1.0,False,False,False,,,,
P15,AGEM KANAN,3,NAIK,T3,temporal,kiri,316.926,317.512,0.836,0.585,ok,video,1.0,False,False,False,,,,
P15,AGEM KANAN,3,NAIK,T5,temporo-posterior,kiri,316.926,317.512,0.836,0.585,ok,video,1.0,False,False,False,,,,
P15,AGEM KANAN,3,NAIK,Fp2,frontopolar,kanan,316.926,317.512,0.836,0.585,ok,video,0.0,True,False,False,15.217233536349354,16.752010364127486,16.53224204191793,16.776823038344688
P15,AGEM KANAN,3,NAIK,F4,frontal,kanan,316.926,317.512,0.836,0.585,ok,video,0.0,True,False,False,15.660919358471482,14.589985287088513,15.096889632604736,15.844608232080382
P15,AGEM KANAN,3,NAIK,C4,sentral,kanan,316.926,317.512,0.836,0.585,ok,video,0.0,True,False,False,16.751534328624686,15.257798036952256,13.474444101831352,13.062783367018866
P15,AGEM KANAN,3,NAIK,P4,parietal,kanan,316.926,317.512,0.836,0.585,ok,video,0.0,True,False,False,12.78636439152968,10.577993680680077,11.150502994486295,8.794281896008577
P15,AGEM KANAN,3,NAIK,O2,oksipital,kanan,316.926,317.512,0.836,0.585,ok,video,0.0,True,False,False,16.04494968981283,12.512414021549588,11.323565222617638,12.089083744375344
P15,AGEM KANAN,3,NAIK,F8,frontotemporal,kanan,316.926,317.512,0.836,0.585,ok,video,0.0,True,False,False,11.101777419260841,11.126960414462253,10.422280984941636,8.813840597717622
P15,AGEM KANAN,3,NAIK,T4,temporal,kanan,316.926,317.512,0.836,0.585,ok,video,0.0,True,False,False,16.058276848719913,11.637190448033763,12.191307345149006,12.845454050476384
P15,AGEM KANAN,3,NAIK,T6,temporo-posterior,kanan,316.926,317.512,0.836,0.585,ok,video,0.0,True,False,False,10.360521579204736,11.179087211093382,10.186774888710975,8.505349091944161
P15,AGEM KANAN,3,POST,Fp1,frontopolar,kiri,318.137,319.637,1.5,1.5,ok,video,1.0,False,False,False,,,,
P15,AGEM KANAN,3,POST,F3,frontal,kiri,318.137,319.637,1.5,1.5,ok,video,1.0,False,False,False,,,,
P15,AGEM KANAN,3,POST,C3,sentral,kiri,318.137,319.637,1.5,1.5,ok,video,1.0,False,False,False,,,,
P15,AGEM KANAN,3,POST,P3,parietal,kiri,318.137,319.637,1.5,1.5,ok,video,1.0,False,False,False,,,,
P15,AGEM KANAN,3,POST,O1,oksipital,kiri,318.137,319.637,1.5,1.5,ok,video,0.0,True,False,False,-0.7014504073447725,0.9869657787225634,-0.8152485459563437,1.911345926923083
P15,AGEM KANAN,3,POST,F7,frontotemporal,kiri,318.137,319.637,1.5,1.5,ok,video,1.0,False,False,False,,,,
P15,AGEM KANAN,3,POST,T3,temporal,kiri,318.137,319.637,1.5,1.5,ok,video,1.0,False,False,False,,,,
P15,AGEM KANAN,3,POST,T5,temporo-posterior,kiri,318.137,319.637,1.5,1.5,ok,video,1.0,False,False,False,,,,
P15,AGEM KANAN,3,POST,Fp2,frontopolar,kanan,318.137,319.637,1.5,1.5,ok,video,0.653,False,False,False,,,,
P15,AGEM KANAN,3,POST,F4,frontal,kanan,318.137,319.637,1.5,1.5,ok,video,0.0,True,False,False,12.584570350397456,9.681815839138661,9.667787332354354,12.715611760929399
P15,AGEM KANAN,3,POST,C4,sentral,kanan,318.137,319.637,1.5,1.5,ok,video,0.0,True,False,False,8.777230354069957,10.952483663509593,6.8806392575891095,10.918154251649767
P15,AGEM KANAN,3,POST,P4,parietal,kanan,318.137,319.637,1.5,1.5,ok,video,0.52,False,False,False,,,,
P15,AGEM KANAN,3,POST,O2,oksipital,kanan,318.137,319.637,1.5,1.5,ok,video,0.52,False,False,False,,,,
P15,AGEM KANAN,3,POST,F8,frontotemporal,kanan,318.137,319.637,1.5,1.5,ok,video,0.0,True,False,False,6.482652536942915,6.22842805187458,4.10237199812531,7.364249103082251
P15,AGEM KANAN,3,POST,T4,temporal,kanan,318.137,319.637,1.5,1.5,ok,video,0.0,True,False,False,8.510291621375238,7.810029115122568,6.959870560689861,9.46049728493665
P15,AGEM KANAN,3,POST,T6,temporo-posterior,kanan,318.137,319.637,1.5,1.5,ok,video,0.0,True,False,False,11.210165379281626,10.753593050133276,7.568844768829866,13.043819253381166
P15,AGEM KANAN,4,PRA,Fp1,frontopolar,kiri,320.837,322.837,2.0,2.0,ok,video,1.0,False,False,False,,,,
P15,AGEM KANAN,4,PRA,F3,frontal,kiri,320.837,322.837,2.0,2.0,ok,video,0.0,True,False,False,3.432354951536084,-0.27284739205399333,3.8776645253573747,3.473405141398981
P15,AGEM KANAN,4,PRA,C3,sentral,kiri,320.837,322.837,2.0,2.0,ok,video,0.81,False,False,False,,,,
P15,AGEM KANAN,4,PRA,P3,parietal,kiri,320.837,322.837,2.0,2.0,ok,video,0.61,False,False,False,,,,
P15,AGEM KANAN,4,PRA,O1,oksipital,kiri,320.837,322.837,2.0,2.0,ok,video,0.0,True,False,False,-5.697892172440337,-0.9993288531666948,0.29390283338767276,0.8223897644710405
P15,AGEM KANAN,4,PRA,F7,frontotemporal,kiri,320.837,322.837,2.0,2.0,ok,video,1.0,False,False,False,,,,
P15,AGEM KANAN,4,PRA,T3,temporal,kiri,320.837,322.837,2.0,2.0,ok,video,1.0,False,False,False,,,,
P15,AGEM KANAN,4,PRA,T5,temporo-posterior,kiri,320.837,322.837,2.0,2.0,ok,video,1.0,False,False,False,,,,
P15,AGEM KANAN,4,PRA,Fp2,frontopolar,kanan,320.837,322.837,2.0,2.0,ok,video,0.9,False,False,False,,,,
P15,AGEM KANAN,4,PRA,F4,frontal,kanan,320.837,322.837,2.0,2.0,ok,video,0.0,True,False,False,2.128845331445561,-0.3331564755663905,-0.6987817184707552,2.017680039579311
P15,AGEM KANAN,4,PRA,C4,sentral,kanan,320.837,322.837,2.0,2.0,ok,video,0.49,True,True,False,2.43900122234308,2.253678702320361,1.4234676139630658,4.184780672481459
P15,AGEM KANAN,4,PRA,P4,parietal,kanan,320.837,322.837,2.0,2.0,ok,video,0.01,True,False,False,-5.5625069890472645,-2.132770372128725,-2.473231052982456,-5.422271776194069
P15,AGEM KANAN,4,PRA,O2,oksipital,kanan,320.837,322.837,2.0,2.0,ok,video,0.81,False,False,False,,,,
P15,AGEM KANAN,4,PRA,F8,frontotemporal,kanan,320.837,322.837,2.0,2.0,ok,video,0.69,False,False,False,,,,
P15,AGEM KANAN,4,PRA,T4,temporal,kanan,320.837,322.837,2.0,2.0,ok,video,0.0,True,False,False,-1.418128836746753,-0.36434857652747965,0.9886879375414956,-0.2630826161921185
P15,AGEM KANAN,4,PRA,T6,temporo-posterior,kanan,320.837,322.837,2.0,2.0,ok,video,0.0,True,False,False,-1.0249565294104386,0.7861922521526878,1.0226312483415292,0.6834241724419456
P15,AGEM KANAN,4,TURUN,Fp1,frontopolar,kiri,328.154,330.28,2.626,2.126,ok,video,1.0,False,False,False,,,,
P15,AGEM KANAN,4,TURUN,F3,frontal,kiri,328.154,330.28,2.626,2.126,ok,video,0.0,True,False,False,15.148598182476306,9.419186946937572,7.756958974356948,10.071421423760832
P15,AGEM KANAN,4,TURUN,C3,sentral,kiri,328.154,330.28,2.626,2.126,ok,video,0.188,True,True,False,2.438443441141107,0.6042893372438307,-2.363398813769958,0.407093435279414
P15,AGEM KANAN,4,TURUN,P3,parietal,kiri,328.154,330.28,2.626,2.126,ok,video,0.484,True,True,False,4.28726349392608,1.7857326433990437,0.29953885669198854,3.7975270102982464
P15,AGEM KANAN,4,TURUN,O1,oksipital,kiri,328.154,330.28,2.626,2.126,ok,video,0.0,True,False,False,-1.227441737123769,0.5606146574462656,1.53336326342259,1.6268286692787086
P15,AGEM KANAN,4,TURUN,F7,frontotemporal,kiri,328.154,330.28,2.626,2.126,ok,video,1.0,False,False,False,,,,
P15,AGEM KANAN,4,TURUN,T3,temporal,kiri,328.154,330.28,2.626,2.126,ok,video,0.812,False,False,False,,,,
P15,AGEM KANAN,4,TURUN,T5,temporo-posterior,kiri,328.154,330.28,2.626,2.126,ok,video,0.577,False,False,False,,,,
P15,AGEM KANAN,4,TURUN,Fp2,frontopolar,kanan,328.154,330.28,2.626,2.126,ok,video,0.0,True,False,False,12.286509498084925,11.645416309924364,12.492755437997683,11.670422615970118
P15,AGEM KANAN,4,TURUN,F4,frontal,kanan,328.154,330.28,2.626,2.126,ok,video,0.0,True,False,False,12.244719426695838,13.069335429917334,14.325394709384604,11.9224273499293
P15,AGEM KANAN,4,TURUN,C4,sentral,kanan,328.154,330.28,2.626,2.126,ok,video,0.0,True,False,False,11.334451189204273,13.201857820322605,13.638206286682085,11.973171220221325
P15,AGEM KANAN,4,TURUN,P4,parietal,kanan,328.154,330.28,2.626,2.126,ok,video,0.0,True,False,False,7.922178123474147,10.486271520603939,11.19987748759042,6.867214263839543
P15,AGEM KANAN,4,TURUN,O2,oksipital,kanan,328.154,330.28,2.626,2.126,ok,video,0.188,True,True,False,8.411062097429962,12.257737400726974,12.040625871090185,7.878115714411152
P15,AGEM KANAN,4,TURUN,F8,frontotemporal,kanan,328.154,330.28,2.626,2.126,ok,video,0.0,True,False,False,11.608621556091656,10.950164665616342,10.340076170988034,10.662816247525868
P15,AGEM KANAN,4,TURUN,T4,temporal,kanan,328.154,330.28,2.626,2.126,ok,video,0.0,True,False,False,7.870814479585377,10.709846821394443,11.366292033121717,7.8502624345147325
P15,AGEM KANAN,4,TURUN,T6,temporo-posterior,kanan,328.154,330.28,2.626,2.126,ok,video,0.0,True,False,False,15.431025334233787,16.687529948264356,15.009467572154104,15.57480439953192
P15,AGEM KANAN,4,TAHAN,Fp1,frontopolar,kiri,330.78,332.318,2.038,1.538,ok,video,1.0,False,False,False,,,,
P15,AGEM KANAN,4,TAHAN,F3,frontal,kiri,330.78,332.318,2.038,1.538,ok,video,0.562,False,False,False,,,,
P15,AGEM KANAN,4,TAHAN,C3,sentral,kiri,330.78,332.318,2.038,1.538,ok,video,1.0,False,False,False,,,,
P15,AGEM KANAN,4,TAHAN,P3,parietal,kiri,330.78,332.318,2.038,1.538,ok,video,1.0,False,False,False,,,,
P15,AGEM KANAN,4,TAHAN,O1,oksipital,kiri,330.78,332.318,2.038,1.538,ok,video,0.0,True,False,False,-0.8933635664069968,-0.348577969007863,-1.152610180532463,1.7063778593955732
P15,AGEM KANAN,4,TAHAN,F7,frontotemporal,kiri,330.78,332.318,2.038,1.538,ok,video,1.0,False,False,False,,,,
P15,AGEM KANAN,4,TAHAN,T3,temporal,kiri,330.78,332.318,2.038,1.538,ok,video,1.0,False,False,False,,,,
P15,AGEM KANAN,4,TAHAN,T5,temporo-posterior,kiri,330.78,332.318,2.038,1.538,ok,video,1.0,False,False,False,,,,
P15,AGEM KANAN,4,TAHAN,Fp2,frontopolar,kanan,330.78,332.318,2.038,1.538,ok,video,0.83,False,False,False,,,,
P15,AGEM KANAN,4,TAHAN,F4,frontal,kanan,330.78,332.318,2.038,1.538,ok,video,0.0,True,False,False,-2.3469174724909116,-1.923634807772082,-0.09383365365971486,-1.559760672446238
P15,AGEM KANAN,4,TAHAN,C4,sentral,kanan,330.78,332.318,2.038,1.538,ok,video,0.0,True,False,False,-1.7356068129841162,-3.389118766788396,-0.26650845940212875,-3.9039774546961787
P15,AGEM KANAN,4,TAHAN,P4,parietal,kanan,330.78,332.318,2.038,1.538,ok,video,1.0,False,False,False,,,,
P15,AGEM KANAN,4,TAHAN,O2,oksipital,kanan,330.78,332.318,2.038,1.538,ok,video,1.0,False,False,False,,,,
P15,AGEM KANAN,4,TAHAN,F8,frontotemporal,kanan,330.78,332.318,2.038,1.538,ok,video,0.0,True,False,False,-8.534563016602853,-7.042408959219323,-2.949424765146105,-5.285606528366241
P15,AGEM KANAN,4,TAHAN,T4,temporal,kanan,330.78,332.318,2.038,1.538,ok,video,0.0,True,False,False,-2.865864059717836,1.041949379626029,2.712240266705944,1.5225291522452338
P15,AGEM KANAN,4,TAHAN,T6,temporo-posterior,kanan,330.78,332.318,2.038,1.538,ok,video,0.0,True,False,False,-2.0062589204745933,-2.473117531134662,-3.049195971080252,-2.6425781718388137
P15,AGEM KANAN,4,NAIK,Fp1,frontopolar,kiri,332.818,335.418,3.1,2.6,ok,video,0.554,False,False,False,,,,
P15,AGEM KANAN,4,NAIK,F3,frontal,kiri,332.818,335.418,3.1,2.6,ok,video,1.0,False,False,False,,,,
P15,AGEM KANAN,4,NAIK,C3,sentral,kiri,332.818,335.418,3.1,2.6,ok,video,1.0,False,False,False,,,,
P15,AGEM KANAN,4,NAIK,P3,parietal,kiri,332.818,335.418,3.1,2.6,ok,video,1.0,False,False,False,,,,
P15,AGEM KANAN,4,NAIK,O1,oksipital,kiri,332.818,335.418,3.1,2.6,ok,video,0.0,True,False,False,-3.6982838258614734,-5.1531352710571205,-6.074807037320301,-4.048017649426221
P15,AGEM KANAN,4,NAIK,F7,frontotemporal,kiri,332.818,335.418,3.1,2.6,ok,video,1.0,False,False,False,,,,
P15,AGEM KANAN,4,NAIK,T3,temporal,kiri,332.818,335.418,3.1,2.6,ok,video,1.0,False,False,False,,,,
P15,AGEM KANAN,4,NAIK,T5,temporo-posterior,kiri,332.818,335.418,3.1,2.6,ok,video,1.0,False,False,False,,,,
P15,AGEM KANAN,4,NAIK,Fp2,frontopolar,kanan,332.818,335.418,3.1,2.6,ok,video,0.0,True,False,False,13.56359427674633,11.878330433130223,10.567831206706163,13.742876633991834
P15,AGEM KANAN,4,NAIK,F4,frontal,kanan,332.818,335.418,3.1,2.6,ok,video,0.0,True,False,False,16.900492782832195,13.660374902698383,12.304493534216888,16.644428834693514
P15,AGEM KANAN,4,NAIK,C4,sentral,kanan,332.818,335.418,3.1,2.6,ok,video,0.0,True,False,False,10.61823650741637,9.0069842892763,10.351059399656947,11.30650677787336
P15,AGEM KANAN,4,NAIK,P4,parietal,kanan,332.818,335.418,3.1,2.6,ok,video,0.0,True,False,False,7.735302152070666,9.176903312129685,9.777569945099373,7.381342381455106
P15,AGEM KANAN,4,NAIK,O2,oksipital,kanan,332.818,335.418,3.1,2.6,ok,video,0.446,True,True,False,10.83969067384497,11.523584624876804,13.165611251146721,10.120232290907381
P15,AGEM KANAN,4,NAIK,F8,frontotemporal,kanan,332.818,335.418,3.1,2.6,ok,video,0.0,True,False,False,14.02712302551381,11.943591675447486,10.088034705309454,12.389573107634519
P15,AGEM KANAN,4,NAIK,T4,temporal,kanan,332.818,335.418,3.1,2.6,ok,video,0.0,True,False,False,11.93796335557068,10.977700535100261,10.95329413729344,12.359288692526725
P15,AGEM KANAN,4,NAIK,T6,temporo-posterior,kanan,332.818,335.418,3.1,2.6,ok,video,0.0,True,False,False,12.843189753407543,10.445867165998223,10.617403063914875,13.460562025362712
P15,AGEM KANAN,4,POST,Fp1,frontopolar,kiri,336.168,337.668,1.5,1.5,ok,video,0.0,True,False,False,-1.8641181798403608,-4.952984882391618,-3.4504099801686365,-3.428952684595842
P15,AGEM KANAN,4,POST,F3,frontal,kiri,336.168,337.668,1.5,1.5,ok,video,1.0,False,False,False,,,,
P15,AGEM KANAN,4,POST,C3,sentral,kiri,336.168,337.668,1.5,1.5,ok,video,0.86,False,False,False,,,,
P15,AGEM KANAN,4,POST,P3,parietal,kiri,336.168,337.668,1.5,1.5,ok,video,0.993,False,False,False,,,,
P15,AGEM KANAN,4,POST,O1,oksipital,kiri,336.168,337.668,1.5,1.5,ok,video,0.0,True,False,False,-11.798405743547807,-13.759264339819286,-17.00927779973981,-8.467799464984559
P15,AGEM KANAN,4,POST,F7,frontotemporal,kiri,336.168,337.668,1.5,1.5,ok,video,0.0,True,False,False,-1.9764357027829504,-9.794978393297427,-5.853453620420121,-3.7196647181596916
P15,AGEM KANAN,4,POST,T3,temporal,kiri,336.168,337.668,1.5,1.5,ok,video,0.327,True,True,False,-4.266263281471861,-5.428837454489134,-3.4420855102948273,-0.7747547315787635
P15,AGEM KANAN,4,POST,T5,temporo-posterior,kiri,336.168,337.668,1.5,1.5,ok,video,0.727,False,False,False,,,,
P15,AGEM KANAN,4,POST,Fp2,frontopolar,kanan,336.168,337.668,1.5,1.5,ok,video,0.0,True,False,False,8.348985446669552,5.606935645529639,6.3479782520113055,6.677439667373683
P15,AGEM KANAN,4,POST,F4,frontal,kanan,336.168,337.668,1.5,1.5,ok,video,0.0,True,False,False,8.021725419620886,9.366439622644098,9.98028768498866,9.95254310652718
P15,AGEM KANAN,4,POST,C4,sentral,kanan,336.168,337.668,1.5,1.5,ok,video,0.0,True,False,False,4.213840558825453,9.123446562816657,11.26079092752304,6.576625584695535
P15,AGEM KANAN,4,POST,P4,parietal,kanan,336.168,337.668,1.5,1.5,ok,video,0.0,True,False,False,2.887559503241633,7.579919166077584,8.990283245114725,2.4746926630294013
P15,AGEM KANAN,4,POST,O2,oksipital,kanan,336.168,337.668,1.5,1.5,ok,video,0.0,True,False,False,7.227372570422595,9.038331371386136,8.058539496266999,6.0594114527941585
P15,AGEM KANAN,4,POST,F8,frontotemporal,kanan,336.168,337.668,1.5,1.5,ok,video,0.0,True,False,False,6.091483351642118,6.101855938459153,8.75565418979545,7.594000473151581
P15,AGEM KANAN,4,POST,T4,temporal,kanan,336.168,337.668,1.5,1.5,ok,video,0.0,True,False,False,7.090540173545733,8.585905544341472,8.954865894307147,6.542861187706158
P15,AGEM KANAN,4,POST,T6,temporo-posterior,kanan,336.168,337.668,1.5,1.5,ok,video,0.0,True,False,False,2.1569138942810753,5.921964931065311,7.281072606896114,6.459421906265412
P15,AGEM KIRI,3,PRA,Fp1,frontopolar,kiri,338.542,340.542,2.0,2.0,ok,video,0.0,True,False,False,4.079835234279237,3.4485901427063936,1.4197085941416105,3.037319850855404
P15,AGEM KIRI,3,PRA,F3,frontal,kiri,338.542,340.542,2.0,2.0,ok,video,0.0,True,False,False,-1.555942350702729,-2.4010106030032006,-3.2866340258932674,-1.9284383514769843
P15,AGEM KIRI,3,PRA,C3,sentral,kiri,338.542,340.542,2.0,2.0,ok,video,0.0,True,False,False,4.254918533291434,1.2034362781646877,-1.8933320067293735,2.853975209179712
P15,AGEM KIRI,3,PRA,P3,parietal,kiri,338.542,340.542,2.0,2.0,ok,video,0.0,True,False,False,2.8336885605118347,0.1398672979530069,-1.1001127603617746,2.2925577973499003
P15,AGEM KIRI,3,PRA,O1,oksipital,kiri,338.542,340.542,2.0,2.0,ok,video,0.0,True,False,False,-8.750242954613185,-8.529125312528905,-8.538359442873485,-5.2913043484622335
P15,AGEM KIRI,3,PRA,F7,frontotemporal,kiri,338.542,340.542,2.0,2.0,ok,video,0.0,True,False,False,3.4876893466400496,1.5953720784499872,0.2777863957358768,3.7835000446729516
P15,AGEM KIRI,3,PRA,T3,temporal,kiri,338.542,340.542,2.0,2.0,ok,video,0.0,True,False,False,5.223202854918814,0.846617851768297,0.8604729553918844,4.656123860482513
P15,AGEM KIRI,3,PRA,T5,temporo-posterior,kiri,338.542,340.542,2.0,2.0,ok,video,0.0,True,False,False,3.3657715681851954,2.588042993444244,-1.0872802995162907,3.8831080605550774
P15,AGEM KIRI,3,PRA,Fp2,frontopolar,kanan,338.542,340.542,2.0,2.0,ok,video,0.0,True,False,False,4.080819840314568,4.9516119764393665,1.7290201830231062,4.207169594831917
P15,AGEM KIRI,3,PRA,F4,frontal,kanan,338.542,340.542,2.0,2.0,ok,video,0.2,True,True,False,3.049664590048657,6.995324169765599,4.204580458341429,3.262465235001308
P15,AGEM KIRI,3,PRA,C4,sentral,kanan,338.542,340.542,2.0,2.0,ok,video,0.345,True,True,False,-1.4809641089173908,-1.507787148509724,-1.0897896739526338,-0.8620661001358343
P15,AGEM KIRI,3,PRA,P4,parietal,kanan,338.542,340.542,2.0,2.0,ok,video,0.0,True,False,False,-2.3599257653689207,-0.9708184482583562,0.46441310174024153,1.8980402233666922
P15,AGEM KIRI,3,PRA,O2,oksipital,kanan,338.542,340.542,2.0,2.0,ok,video,0.0,True,False,False,0.8789879198924524,2.9709186611280174,1.4944140434511546,3.834744986097256
P15,AGEM KIRI,3,PRA,F8,frontotemporal,kanan,338.542,340.542,2.0,2.0,ok,video,0.0,True,False,False,4.645096053853344,2.5087615494397077,2.5982856622489443,4.099107094482591
P15,AGEM KIRI,3,PRA,T4,temporal,kanan,338.542,340.542,2.0,2.0,ok,video,0.0,True,False,False,1.429562069072567,4.448001741891005,1.418022895978634,4.353957568979144
P15,AGEM KIRI,3,PRA,T6,temporo-posterior,kanan,338.542,340.542,2.0,2.0,ok,video,0.0,True,False,False,1.9168147533725417,2.960762888164119,1.2184220299693642,1.9727517174312297
P15,AGEM KIRI,3,TURUN,Fp1,frontopolar,kiri,344.724,345.219,0.707,0.495,ok,video,0.735,False,False,False,,,,
P15,AGEM KIRI,3,TURUN,F3,frontal,kiri,344.724,345.219,0.707,0.495,ok,video,0.0,True,False,False,9.071108368011302,3.057395991616989,1.1507503415549323,3.718580807114936
P15,AGEM KIRI,3,TURUN,C3,sentral,kiri,344.724,345.219,0.707,0.495,ok,video,0.735,False,False,False,,,,
P15,AGEM KIRI,3,TURUN,P3,parietal,kiri,344.724,345.219,0.707,0.495,ok,video,0.327,False,False,False,,,,
P15,AGEM KIRI,3,TURUN,O1,oksipital,kiri,344.724,345.219,0.707,0.495,ok,video,0.0,True,False,False,3.9001645347193588,0.5899434570517386,-0.09688696218580262,3.038662448618787
P15,AGEM KIRI,3,TURUN,F7,frontotemporal,kiri,344.724,345.219,0.707,0.495,ok,video,0.673,False,False,False,,,,
P15,AGEM KIRI,3,TURUN,T3,temporal,kiri,344.724,345.219,0.707,0.495,ok,video,0.735,False,False,False,,,,
P15,AGEM KIRI,3,TURUN,T5,temporo-posterior,kiri,344.724,345.219,0.707,0.495,ok,video,0.327,False,False,False,,,,
P15,AGEM KIRI,3,TURUN,Fp2,frontopolar,kanan,344.724,345.219,0.707,0.495,ok,video,0.0,True,False,False,13.542281817050451,5.130561743776553,10.944845410017653,12.760376886765016
P15,AGEM KIRI,3,TURUN,F4,frontal,kanan,344.724,345.219,0.707,0.495,ok,video,0.0,True,False,False,12.915569298647888,14.49385083070987,13.692140076905751,15.638255404714904
P15,AGEM KIRI,3,TURUN,C4,sentral,kanan,344.724,345.219,0.707,0.495,ok,video,0.0,True,False,False,7.22705423390164,6.148038323119639,7.980851227207324,7.192918148937231
P15,AGEM KIRI,3,TURUN,P4,parietal,kanan,344.724,345.219,0.707,0.495,ok,video,0.0,True,False,False,8.901593554378891,10.208202193255214,8.359096924085243,8.114787035906893
P15,AGEM KIRI,3,TURUN,O2,oksipital,kanan,344.724,345.219,0.707,0.495,ok,video,0.0,True,False,False,8.61390642962155,10.561465964431704,9.633848273798442,6.6419849926790775
P15,AGEM KIRI,3,TURUN,F8,frontotemporal,kanan,344.724,345.219,0.707,0.495,ok,video,0.0,True,False,False,10.727828218250863,11.314939449664465,8.542018823844764,8.416447938455427
P15,AGEM KIRI,3,TURUN,T4,temporal,kanan,344.724,345.219,0.707,0.495,ok,video,0.0,True,False,False,11.190594279843836,11.40176480898188,8.508247508391317,10.446115241385215
P15,AGEM KIRI,3,TURUN,T6,temporo-posterior,kanan,344.724,345.219,0.707,0.495,ok,video,0.0,True,False,False,9.33390415808158,13.060811142174053,14.39872997314949,16.041803504328406
P15,AGEM KIRI,3,TAHAN,Fp1,frontopolar,kiri,345.575,348.386,3.311,2.811,ok,video,0.598,False,False,False,,,,
P15,AGEM KIRI,3,TAHAN,F3,frontal,kiri,345.575,348.386,3.311,2.811,ok,video,0.9,False,False,False,,,,
P15,AGEM KIRI,3,TAHAN,C3,sentral,kiri,345.575,348.386,3.311,2.811,ok,video,1.0,False,False,False,,,,
P15,AGEM KIRI,3,TAHAN,P3,parietal,kiri,345.575,348.386,3.311,2.811,ok,video,1.0,False,False,False,,,,
P15,AGEM KIRI,3,TAHAN,O1,oksipital,kiri,345.575,348.386,3.311,2.811,ok,video,0.0,True,False,False,-7.244418104610897,-4.322170762624861,-5.9765637678428085,-2.661639500445464
P15,AGEM KIRI,3,TAHAN,F7,frontotemporal,kiri,345.575,348.386,3.311,2.811,ok,video,0.854,False,False,False,,,,
P15,AGEM KIRI,3,TAHAN,T3,temporal,kiri,345.575,348.386,3.311,2.811,ok,video,1.0,False,False,False,,,,
P15,AGEM KIRI,3,TAHAN,T5,temporo-posterior,kiri,345.575,348.386,3.311,2.811,ok,video,1.0,False,False,False,,,,
P15,AGEM KIRI,3,TAHAN,Fp2,frontopolar,kanan,345.575,348.386,3.311,2.811,ok,video,0.0,True,False,False,7.949819806491,6.743074218207504,5.134669530561933,8.10248706443896
P15,AGEM KIRI,3,TAHAN,F4,frontal,kanan,345.575,348.386,3.311,2.811,ok,video,0.142,True,True,False,3.781750444626816,3.5065760376498183,3.0814764540026545,2.6774104472030658
P15,AGEM KIRI,3,TAHAN,C4,sentral,kanan,345.575,348.386,3.311,2.811,ok,video,0.0,True,False,False,-0.34191534877527374,-0.7465430633199688,-0.11066591623834654,1.4723036209615543
P15,AGEM KIRI,3,TAHAN,P4,parietal,kanan,345.575,348.386,3.311,2.811,ok,video,0.569,False,False,False,,,,
P15,AGEM KIRI,3,TAHAN,O2,oksipital,kanan,345.575,348.386,3.311,2.811,ok,video,0.783,False,False,False,,,,
P15,AGEM KIRI,3,TAHAN,F8,frontotemporal,kanan,345.575,348.386,3.311,2.811,ok,video,0.0,True,False,False,6.3991415852379205,5.52801200532727,7.2840567149852795,6.619880642518716
P15,AGEM KIRI,3,TAHAN,T4,temporal,kanan,345.575,348.386,3.311,2.811,ok,video,0.285,True,True,False,7.012744674136144,6.24277296430008,3.4095024526036894,7.3324143186348465
P15,AGEM KIRI,3,TAHAN,T6,temporo-posterior,kanan,345.575,348.386,3.311,2.811,ok,video,0.0,True,False,False,13.205545920526525,13.18005199867202,8.65895697916351,11.951812422230212
P15,AGEM KIRI,3,NAIK,Fp1,frontopolar,kiri,348.732,349.178,0.638,0.447,ok,video,0.0,True,False,False,-1.2568031065327254,-1.2985292306851015,-1.128434944110115,-0.11412050333389345
P15,AGEM KIRI,3,NAIK,F3,frontal,kiri,348.732,349.178,0.638,0.447,ok,video,1.0,False,False,False,,,,
P15,AGEM KIRI,3,NAIK,C3,sentral,kiri,348.732,349.178,0.638,0.447,ok,video,1.0,False,False,False,,,,
P15,AGEM KIRI,3,NAIK,P3,parietal,kiri,348.732,349.178,0.638,0.447,ok,video,1.0,False,False,False,,,,
P15,AGEM KIRI,3,NAIK,O1,oksipital,kiri,348.732,349.178,0.638,0.447,ok,video,0.0,True,False,False,-9.293696856594828,-18.29179170015061,-14.209758766296863,-7.902352285502971
P15,AGEM KIRI,3,NAIK,F7,frontotemporal,kiri,348.732,349.178,0.638,0.447,ok,video,0.0,True,False,False,0.5319665410277246,-0.1613164935928495,-4.884620670410715,1.6463850368356887
P15,AGEM KIRI,3,NAIK,T3,temporal,kiri,348.732,349.178,0.638,0.447,ok,video,0.0,True,False,False,-4.658563015263603,-2.8886652976876057,-6.068357860462589,-7.036787112101152
P15,AGEM KIRI,3,NAIK,T5,temporo-posterior,kiri,348.732,349.178,0.638,0.447,ok,video,1.0,False,False,False,,,,
P15,AGEM KIRI,3,NAIK,Fp2,frontopolar,kanan,348.732,349.178,0.638,0.447,ok,video,0.0,True,False,False,4.781833273536485,7.545290035797798,1.5306206351922604,4.780889688981958
P15,AGEM KIRI,3,NAIK,F4,frontal,kanan,348.732,349.178,0.638,0.447,ok,video,0.0,True,False,False,10.39894096978501,7.078337434575818,5.883077117366575,9.665576554495395
P15,AGEM KIRI,3,NAIK,C4,sentral,kanan,348.732,349.178,0.638,0.447,ok,video,0.0,True,False,False,2.426594144800198,3.0948424675482364,4.762784999347446,3.543100595695435
P15,AGEM KIRI,3,NAIK,P4,parietal,kanan,348.732,349.178,0.638,0.447,ok,video,0.0,True,False,False,1.2157587043356841,1.6604937753892735,1.9559828131161368,-0.3196407466745512
P15,AGEM KIRI,3,NAIK,O2,oksipital,kanan,348.732,349.178,0.638,0.447,ok,video,0.0,True,False,False,6.523215604574048,-1.4500526040810158,3.8855764722773216,5.629696370073049
P15,AGEM KIRI,3,NAIK,F8,frontotemporal,kanan,348.732,349.178,0.638,0.447,ok,video,0.0,True,False,False,10.813131835479382,4.180489470942714,2.924090578515141,6.709365155773725
P15,AGEM KIRI,3,NAIK,T4,temporal,kanan,348.732,349.178,0.638,0.447,ok,video,0.0,True,False,False,2.363858275685061,1.1536857399574174,4.470383333770638,5.539687102587145
P15,AGEM KIRI,3,NAIK,T6,temporo-posterior,kanan,348.732,349.178,0.638,0.447,ok,video,0.0,True,False,False,9.008493551411803,7.923509170622836,8.137607246268079,9.11757724047353
P15,AGEM KIRI,3,POST,Fp1,frontopolar,kiri,349.774,351.274,1.5,1.5,ok,video,0.0,True,False,False,18.995145601634434,15.428798073865998,9.85447325589029,14.658408748947785
P15,AGEM KIRI,3,POST,F3,frontal,kiri,349.774,351.274,1.5,1.5,ok,video,0.0,True,False,False,17.181745667657275,19.54073023210269,13.47532643316569,14.189193503153199
P15,AGEM KIRI,3,POST,C3,sentral,kiri,349.774,351.274,1.5,1.5,ok,video,0.0,True,False,False,22.49320653042841,22.30159038792721,14.284574831439745,17.63682851792458
P15,AGEM KIRI,3,POST,P3,parietal,kiri,349.774,351.274,1.5,1.5,ok,video,0.0,True,False,False,19.63233534566727,20.24966146671136,13.57564886457412,15.012185623801038
P15,AGEM KIRI,3,POST,O1,oksipital,kiri,349.774,351.274,1.5,1.5,ok,video,0.0,True,False,False,1.8311812341905096,0.3527161402071357,-5.128191947338536,-0.5719056612631164
P15,AGEM KIRI,3,POST,F7,frontotemporal,kiri,349.774,351.274,1.5,1.5,ok,video,0.0,True,False,False,24.871976977919996,21.389199478034584,12.889229158582623,19.72650446155992
P15,AGEM KIRI,3,POST,T3,temporal,kiri,349.774,351.274,1.5,1.5,ok,video,0.0,True,False,False,23.509689901507702,21.154098699782402,15.732943799813064,16.496389416316934
P15,AGEM KIRI,3,POST,T5,temporo-posterior,kiri,349.774,351.274,1.5,1.5,ok,video,0.0,True,False,False,18.73809146387465,21.792555780838672,12.500294338373173,15.67288500174595
P15,AGEM KIRI,3,POST,Fp2,frontopolar,kanan,349.774,351.274,1.5,1.5,ok,video,0.0,True,False,False,15.015474572421411,15.180733507142364,16.41748728242607,14.23832253943496
P15,AGEM KIRI,3,POST,F4,frontal,kanan,349.774,351.274,1.5,1.5,ok,video,0.0,True,False,False,18.70829187121914,16.936361347002215,17.195845635005256,16.366721331774052
P15,AGEM KIRI,3,POST,C4,sentral,kanan,349.774,351.274,1.5,1.5,ok,video,0.0,True,False,False,14.695222317375425,16.45968298611108,13.424726782057398,13.25110902355663
P15,AGEM KIRI,3,POST,P4,parietal,kanan,349.774,351.274,1.5,1.5,ok,video,0.0,True,False,False,11.89994821967894,15.21891720039893,11.877105065398666,9.559267230232628
P15,AGEM KIRI,3,POST,O2,oksipital,kanan,349.774,351.274,1.5,1.5,ok,video,0.0,True,False,False,13.260197279878746,12.377082447280706,11.290584566387636,11.888456326160629
P15,AGEM KIRI,3,POST,F8,frontotemporal,kanan,349.774,351.274,1.5,1.5,ok,video,0.0,True,False,False,13.139567547416313,18.17934183884583,13.474839307951555,13.481916876004497
P15,AGEM KIRI,3,POST,T4,temporal,kanan,349.774,351.274,1.5,1.5,ok,video,0.0,True,False,False,13.732766466884506,14.963009261694019,13.528425858023432,12.94697887121
P15,AGEM KIRI,3,POST,T6,temporo-posterior,kanan,349.774,351.274,1.5,1.5,ok,video,0.0,True,False,False,15.101110649867493,16.247582880715562,12.778064838216185,13.844376661651147
P15,AGEM KIRI,4,PRA,Fp1,frontopolar,kiri,358.443,360.443,2.0,2.0,ok,video,0.0,True,False,False,15.965113347031199,11.827546157784838,8.138965586077454,14.096266384763133
P15,AGEM KIRI,4,PRA,F3,frontal,kiri,358.443,360.443,2.0,2.0,ok,video,0.405,True,True,False,20.020876723434228,16.566446812250653,14.815912012263546,17.30938627818049
P15,AGEM KIRI,4,PRA,C3,sentral,kiri,358.443,360.443,2.0,2.0,ok,video,0.205,True,True,False,22.05403391210067,19.358628972474893,17.037207657157982,18.6488535491259
P15,AGEM KIRI,4,PRA,P3,parietal,kiri,358.443,360.443,2.0,2.0,ok,video,0.305,True,True,False,22.546630383135227,19.256322075896094,16.61848512641643,18.83379181236284
P15,AGEM KIRI,4,PRA,O1,oksipital,kiri,358.443,360.443,2.0,2.0,ok,video,0.0,True,False,False,-1.89917689062489,-3.747384722575653,-5.869220581801056,-2.757864868341766
P15,AGEM KIRI,4,PRA,F7,frontotemporal,kiri,358.443,360.443,2.0,2.0,ok,video,0.0,True,False,False,18.87876998349662,20.25045601328015,14.976240657439156,16.4376605402801
P15,AGEM KIRI,4,PRA,T3,temporal,kiri,358.443,360.443,2.0,2.0,ok,video,0.005,True,False,False,20.08478779014811,19.726082797651586,16.466272659653335,16.347963656608886
P15,AGEM KIRI,4,PRA,T5,temporo-posterior,kiri,358.443,360.443,2.0,2.0,ok,video,0.105,True,True,False,22.485926048127798,20.768699791628503,16.463088259657262,17.73574152349644
P15,AGEM KIRI,4,PRA,Fp2,frontopolar,kanan,358.443,360.443,2.0,2.0,ok,video,0.0,True,False,False,12.103563848539011,14.61366828517479,9.233139310777165,11.713487175551343
P15,AGEM KIRI,4,PRA,F4,frontal,kanan,358.443,360.443,2.0,2.0,ok,video,0.0,True,False,False,11.674485172209472,11.736495134681565,9.610593198463373,10.63356731127488
P15,AGEM KIRI,4,PRA,C4,sentral,kanan,358.443,360.443,2.0,2.0,ok,video,0.0,True,False,False,9.045696250859876,10.114135741013481,6.53449294019692,7.635096512462738
P15,AGEM KIRI,4,PRA,P4,parietal,kanan,358.443,360.443,2.0,2.0,ok,video,0.0,True,False,False,4.046783654534352,9.401279812870367,5.945409820772461,5.162849287854414
P15,AGEM KIRI,4,PRA,O2,oksipital,kanan,358.443,360.443,2.0,2.0,ok,video,0.005,True,False,False,9.058878209017905,8.22169498430739,7.9707107249333475,7.910419268249811
P15,AGEM KIRI,4,PRA,F8,frontotemporal,kanan,358.443,360.443,2.0,2.0,ok,video,0.0,True,False,False,8.962076564388724,7.719643108378882,6.104946412974545,9.361908422589757
P15,AGEM KIRI,4,PRA,T4,temporal,kanan,358.443,360.443,2.0,2.0,ok,video,0.0,True,False,False,8.846310232577473,8.914562087607138,6.640614313827857,7.893216424080869
P15,AGEM KIRI,4,PRA,T6,temporo-posterior,kanan,358.443,360.443,2.0,2.0,ok,video,0.0,True,False,False,13.600770315073603,8.576156033379,9.395245218294082,11.51211701324975
P15,AGEM KIRI,4,TURUN,Fp1,frontopolar,kiri,360.661,361.68,1.455,1.019,ok,video,0.0,True,False,False,9.642732370887465,4.301176446078884,1.9423207367089503,7.8858704436724665
P15,AGEM KIRI,4,TURUN,F3,frontal,kiri,360.661,361.68,1.455,1.019,ok,video,0.0,True,False,False,15.93840471097576,18.501709841435186,14.289867377746305,14.486263238257614
P15,AGEM KIRI,4,TURUN,C3,sentral,kiri,360.661,361.68,1.455,1.019,ok,video,0.0,True,False,False,14.393864924867295,10.498503639448252,9.148785274644862,10.887049597147819
P15,AGEM KIRI,4,TURUN,P3,parietal,kiri,360.661,361.68,1.455,1.019,ok,video,0.0,True,False,False,16.080765279075255,9.403389025075654,10.81808514709838,11.892964474274912
P15,AGEM KIRI,4,TURUN,O1,oksipital,kiri,360.661,361.68,1.455,1.019,ok,video,0.0,True,False,False,-4.77125027476049,-5.369943049184787,-5.8647139388007865,-3.2244954493288063
P15,AGEM KIRI,4,TURUN,F7,frontotemporal,kiri,360.661,361.68,1.455,1.019,ok,video,0.0,True,False,False,14.81241812154077,11.250555640451978,8.612021683520432,12.165294738745843
P15,AGEM KIRI,4,TURUN,T3,temporal,kiri,360.661,361.68,1.455,1.019,ok,video,0.0,True,False,False,14.947060283430712,11.263736156625633,7.616791862423401,11.206020800589389
P15,AGEM KIRI,4,TURUN,T5,temporo-posterior,kiri,360.661,361.68,1.455,1.019,ok,video,0.0,True,False,False,13.734397235545938,11.651940324753664,8.594768793293003,11.655512737040834
P15,AGEM KIRI,4,TURUN,Fp2,frontopolar,kanan,360.661,361.68,1.455,1.019,ok,video,0.0,True,False,False,5.4747064507746614,12.203828756140695,10.049059334849648,8.248191891679205
P15,AGEM KIRI,4,TURUN,F4,frontal,kanan,360.661,361.68,1.455,1.019,ok,video,0.0,True,False,False,4.8105079617897815,10.175920696515494,13.082794593989995,9.925695892581771
P15,AGEM KIRI,4,TURUN,C4,sentral,kanan,360.661,361.68,1.455,1.019,ok,video,0.0,True,False,False,0.9081534947450649,6.246576318730764,6.706216507761518,8.5140006835936
P15,AGEM KIRI,4,TURUN,P4,parietal,kanan,360.661,361.68,1.455,1.019,ok,video,0.0,True,False,False,7.138111838377689,9.71889932576197,11.198138098692716,7.548335507297466
P15,AGEM KIRI,4,TURUN,O2,oksipital,kanan,360.661,361.68,1.455,1.019,ok,video,0.0,True,False,False,10.295947543714348,15.29963195299208,14.833325494440551,11.40655943910447
P15,AGEM KIRI,4,TURUN,F8,frontotemporal,kanan,360.661,361.68,1.455,1.019,ok,video,0.0,True,False,False,6.279865864086098,7.727236093890092,8.331302804552777,8.15969845166316
P15,AGEM KIRI,4,TURUN,T4,temporal,kanan,360.661,361.68,1.455,1.019,ok,video,0.0,True,False,False,9.984522142779497,12.610702831044186,11.152910145262005,10.106309615802012
P15,AGEM KIRI,4,TURUN,T6,temporo-posterior,kanan,360.661,361.68,1.455,1.019,ok,video,0.0,True,False,False,10.511560343426254,11.867053906548342,12.393160785057542,12.811273608041766
P15,AGEM KIRI,4,TAHAN,Fp1,frontopolar,kiri,362.148,364.453,2.805,2.305,ok,video,0.866,False,False,False,,,,
P15,AGEM KIRI,4,TAHAN,F3,frontal,kiri,362.148,364.453,2.805,2.305,ok,video,0.0,True,False,False,4.315306925900099,5.700626801967957,2.8330579465376005,4.2537736308422325
P15,AGEM KIRI,4,TAHAN,C3,sentral,kiri,362.148,364.453,2.805,2.305,ok,video,0.26,True,True,False,3.013688191399858,5.953339021471276,1.977249547900385,4.049143688886424
P15,AGEM KIRI,4,TAHAN,P3,parietal,kiri,362.148,364.453,2.805,2.305,ok,video,0.346,True,True,False,2.971918013407638,5.1873210127013,3.90544096009015,5.953222209359772
P15,AGEM KIRI,4,TAHAN,O1,oksipital,kiri,362.148,364.453,2.805,2.305,ok,video,0.0,True,False,False,-0.7110486695513814,-0.15046113787119353,-1.810526587282066,1.6643762295685747
P15,AGEM KIRI,4,TAHAN,F7,frontotemporal,kiri,362.148,364.453,2.805,2.305,ok,video,0.779,False,False,False,,,,
P15,AGEM KIRI,4,TAHAN,T3,temporal,kiri,362.148,364.453,2.805,2.305,ok,video,0.519,False,False,False,,,,
P15,AGEM KIRI,4,TAHAN,T5,temporo-posterior,kiri,362.148,364.453,2.805,2.305,ok,video,0.433,True,True,False,-0.8059030529005291,2.3865092311503098,2.9477822162146445,4.685383467857264
P15,AGEM KIRI,4,TAHAN,Fp2,frontopolar,kanan,362.148,364.453,2.805,2.305,ok,video,0.606,False,False,False,,,,
P15,AGEM KIRI,4,TAHAN,F4,frontal,kanan,362.148,364.453,2.805,2.305,ok,video,0.0,True,False,False,1.8781843381564585,-0.1953596151192727,-1.4853424001417324,5.455831335571439
P15,AGEM KIRI,4,TAHAN,C4,sentral,kanan,362.148,364.453,2.805,2.305,ok,video,0.0,True,False,False,-3.3158813806253633,-2.9710735838673195,-0.9182690660508293,-3.9895886834247065
P15,AGEM KIRI,4,TAHAN,P4,parietal,kanan,362.148,364.453,2.805,2.305,ok,video,0.087,True,False,False,-0.659597641302561,0.4996420512249067,0.40675301705686806,0.4665630968442258
P15,AGEM KIRI,4,TAHAN,O2,oksipital,kanan,362.148,364.453,2.805,2.305,ok,video,0.26,True,True,False,4.572713032350684,0.15001749906942052,1.5970908473786665,8.371557914437965
P15,AGEM KIRI,4,TAHAN,F8,frontotemporal,kanan,362.148,364.453,2.805,2.305,ok,video,0.0,True,False,False,-4.73976925693573,-0.5528304541430877,-2.2172617566138726,-1.821096702345919
P15,AGEM KIRI,4,TAHAN,T4,temporal,kanan,362.148,364.453,2.805,2.305,ok,video,0.0,True,False,False,2.36569213553652,0.1341175625788047,1.3715922440863295,5.3188972025784835
P15,AGEM KIRI,4,TAHAN,T6,temporo-posterior,kanan,362.148,364.453,2.805,2.305,ok,video,0.0,True,False,False,-0.9290780715639286,-3.972114323593569,-2.4482885736280835,0.2786761654856562
P15,AGEM KIRI,4,NAIK,Fp1,frontopolar,kiri,364.866,365.625,1.085,0.76,ok,video,0.776,False,False,False,,,,
P15,AGEM KIRI,4,NAIK,F3,frontal,kiri,364.866,365.625,1.085,0.76,ok,video,1.0,False,False,False,,,,
P15,AGEM KIRI,4,NAIK,C3,sentral,kiri,364.866,365.625,1.085,0.76,ok,video,1.0,False,False,False,,,,
P15,AGEM KIRI,4,NAIK,P3,parietal,kiri,364.866,365.625,1.085,0.76,ok,video,1.0,False,False,False,,,,
P15,AGEM KIRI,4,NAIK,O1,oksipital,kiri,364.866,365.625,1.085,0.76,ok,video,0.487,False,False,False,,,,
P15,AGEM KIRI,4,NAIK,F7,frontotemporal,kiri,364.866,365.625,1.085,0.76,ok,video,1.0,False,False,False,,,,
P15,AGEM KIRI,4,NAIK,T3,temporal,kiri,364.866,365.625,1.085,0.76,ok,video,1.0,False,False,False,,,,
P15,AGEM KIRI,4,NAIK,T5,temporo-posterior,kiri,364.866,365.625,1.085,0.76,ok,video,1.0,False,False,False,,,,
P15,AGEM KIRI,4,NAIK,Fp2,frontopolar,kanan,364.866,365.625,1.085,0.76,ok,video,0.0,True,False,False,10.649583619964318,8.256007273980607,5.356991052353788,12.20574263488637
P15,AGEM KIRI,4,NAIK,F4,frontal,kanan,364.866,365.625,1.085,0.76,ok,video,0.0,True,False,False,3.372108373482547,5.044899655861325,3.6779916157093524,7.220815289407987
P15,AGEM KIRI,4,NAIK,C4,sentral,kanan,364.866,365.625,1.085,0.76,ok,video,0.0,True,False,False,3.354186925627687,0.8713560669779206,2.8078008877252714,4.117765976660266
P15,AGEM KIRI,4,NAIK,P4,parietal,kanan,364.866,365.625,1.085,0.76,ok,video,0.513,False,False,False,,,,
P15,AGEM KIRI,4,NAIK,O2,oksipital,kanan,364.866,365.625,1.085,0.76,ok,video,0.0,True,False,False,8.133497804735917,4.931765286437567,3.836151082924662,7.649403048407656
P15,AGEM KIRI,4,NAIK,F8,frontotemporal,kanan,364.866,365.625,1.085,0.76,ok,video,0.0,True,False,False,7.830232315956437,10.73320176312427,5.615896099121144,6.373166916216981
P15,AGEM KIRI,4,NAIK,T4,temporal,kanan,364.866,365.625,1.085,0.76,ok,video,0.0,True,False,False,7.450119201610349,5.068944313301024,3.35096618035535,8.228033995006307
P15,AGEM KIRI,4,NAIK,T6,temporo-posterior,kanan,364.866,365.625,1.085,0.76,ok,video,0.0,True,False,False,12.90055648556708,12.84680102713336,4.835009894252227,9.84609088384991
P15,AGEM KIRI,4,POST,Fp1,frontopolar,kiri,366.288,367.788,1.5,1.5,ok,video,0.0,True,False,False,8.80841249392337,9.982317815807306,6.961395191807696,9.46451828247433
P15,AGEM KIRI,4,POST,F3,frontal,kiri,366.288,367.788,1.5,1.5,ok,video,0.0,True,False,False,8.325609739585786,11.910900219795217,11.639995554648415,7.549287795119113
P15,AGEM KIRI,4,POST,C3,sentral,kiri,366.288,367.788,1.5,1.5,ok,video,0.0,True,False,False,11.995832666138227,14.150709196636907,12.316307859987717,10.453252972625396
P15,AGEM KIRI,4,POST,P3,parietal,kiri,366.288,367.788,1.5,1.5,ok,video,0.0,True,False,False,10.05285608176101,11.781833844550505,10.662528786217685,6.984934773681065
P15,AGEM KIRI,4,POST,O1,oksipital,kiri,366.288,367.788,1.5,1.5,ok,video,0.0,True,False,False,-2.9814362778415777,-2.56005474022729,-5.159502022264732,-2.372580180026599
P15,AGEM KIRI,4,POST,F7,frontotemporal,kiri,366.288,367.788,1.5,1.5,ok,video,0.0,True,False,False,15.131762490131788,18.179003731128503,9.854350535471067,13.632243683323672
P15,AGEM KIRI,4,POST,T3,temporal,kiri,366.288,367.788,1.5,1.5,ok,video,0.0,True,False,False,10.971363381043293,13.271985638117265,9.667492257275157,10.248576578094987
P15,AGEM KIRI,4,POST,T5,temporo-posterior,kiri,366.288,367.788,1.5,1.5,ok,video,0.0,True,False,False,14.328819079926422,16.786153417421712,10.808678483247977,11.140134528489735
P15,AGEM KIRI,4,POST,Fp2,frontopolar,kanan,366.288,367.788,1.5,1.5,ok,video,0.0,True,False,False,14.947210948841551,12.602681908169998,8.82140641782173,12.730886752194337
P15,AGEM KIRI,4,POST,F4,frontal,kanan,366.288,367.788,1.5,1.5,ok,video,0.0,True,False,False,14.611743675385888,11.453473106609732,12.881469827407507,14.225043942157463
P15,AGEM KIRI,4,POST,C4,sentral,kanan,366.288,367.788,1.5,1.5,ok,video,0.0,True,False,False,14.4938642457628,12.708599051360334,13.680464997775545,13.45410428687589
P15,AGEM KIRI,4,POST,P4,parietal,kanan,366.288,367.788,1.5,1.5,ok,video,0.0,True,False,False,7.010979029120314,8.925293634804586,6.657838274780936,5.1973817668942885
P15,AGEM KIRI,4,POST,O2,oksipital,kanan,366.288,367.788,1.5,1.5,ok,video,0.0,True,False,False,11.617468025186874,12.562287123926751,9.963878296769835,9.935727726113761
P15,AGEM KIRI,4,POST,F8,frontotemporal,kanan,366.288,367.788,1.5,1.5,ok,video,0.0,True,False,False,13.385432230670638,10.474212713722288,8.186008020903486,14.214529408743829
P15,AGEM KIRI,4,POST,T4,temporal,kanan,366.288,367.788,1.5,1.5,ok,video,0.0,True,False,False,11.770157242617557,11.693732167231268,8.328235760039995,9.472208410099341
P15,AGEM KIRI,4,POST,T6,temporo-posterior,kanan,366.288,367.788,1.5,1.5,ok,video,0.0,True,False,False,11.788577046372957,11.289214696760375,14.79054367708051,10.419349336629182
