participant_id,pool,phase,n_seg,is_simulated,level,unit,offset_change,exponent_change,theta_periodic_db,mu_periodic_db,beta_periodic_db,hemisphere,area,n_valid,few_segments,r2,global_offset_db,theta_relative_db,mu_relative_db,beta_relative_db,artifact_prone,noise_floor_db
P19,SEMUA,PRA,12,False,belahan,kiri,5.416083958195788,0.2734654666251878,0.655137741383619,0.8226572697146073,0.20889142152827297,,,,,,,,,,,1.082627922485889
P19,SEMUA,PRA,12,False,belahan,kanan,5.795651450956125,0.33302364472016155,0.7433273527781579,1.2419058016212976,0.5717914660267438,,,,,,,,,,,1.082627922485889
P19,SEMUA,PRA,12,False,kanal,Fp1,4.676026806345462,0.42735018923723045,1.2143115722028397,0.37670595904514537,0.7558129813734717,kiri,frontopolar,11.0,False,0.9870410402686414,5.416083958195788,0.5591738308192207,-0.4459513106694619,0.5469215598451987,,1.082627922485889
P19,SEMUA,PRA,12,False,kanal,F3,4.835445402258884,0.19099468038122258,1.3821501237291431,1.3253945402818998,0.14158220240574937,kiri,frontal,8.0,False,0.9774022856546619,5.416083958195788,0.7270123823455241,0.5027372705672926,-0.0673092191225236,,1.082627922485889
P19,SEMUA,PRA,12,False,kanal,C3,4.892448262742995,0.20017196067100862,1.1963253479989926,1.1610545266349457,0.18048401167686273,kiri,sentral,6.0,False,0.9642278721200572,5.416083958195788,0.5411876066153736,0.3383972569203384,-0.028407409851410242,,1.082627922485889
P19,SEMUA,PRA,12,False,kanal,P3,5.939719653648581,0.42684565638439276,-0.603158243772166,-0.31092861612542677,1.1241369340420446,kiri,parietal,7.0,False,0.9657348176317189,5.416083958195788,-1.258295985155785,-1.133585885840034,0.9152455125137716,,1.082627922485889
P19,SEMUA,PRA,12,False,kanal,O1,6.473467762702711,0.4988160561105397,0.28150002596778023,0.23627170274930664,-0.18716717517502857,kiri,oksipital,10.0,False,0.9875671427072057,5.416083958195788,-0.3736377154158388,-0.5863855669653006,-0.39605859670330157,,1.082627922485889
P19,SEMUA,PRA,12,False,kanal,F7,5.9911937039337175,0.34675897257936694,1.0287754567994578,1.0491279750042595,0.23729883137968322,kiri,frontotemporal,8.0,False,0.971441297685629,5.416083958195788,0.3736377154158388,0.22647070528965219,0.028407409851410242,,1.082627922485889
P19,SEMUA,PRA,12,False,kanal,T3,7.642493168962844,0.1625200219682652,0.2756008549789807,3.412842868285238,1.0540006971688598,kiri,temporal,6.0,False,0.9911466007096857,5.416083958195788,-0.37953688640463834,2.5901855985706304,0.8451092756405868,,1.082627922485889
P19,SEMUA,PRA,12,False,kanal,T5,2.2355071330667897,0.06005695125575938,-0.9181411829898822,0.5961865644249551,-0.10543067166631936,kiri,temporo-posterior,6.0,False,0.9843261882754578,5.416083958195788,-1.5732789243735013,-0.22647070528965219,-0.31432209319459237,,1.082627922485889
P19,SEMUA,PRA,12,False,kanal,Fp2,4.692673696502901,0.44413305266824243,0.92941115177272,0.057371962522496656,0.6053734752712583,kanan,frontopolar,11.0,False,0.9825014455188856,5.795651450956125,0.18608379899456218,-1.184533839098801,0.03358200924451449,,1.082627922485889
P19,SEMUA,PRA,12,False,kanal,F4,6.217985303638521,0.4908264194383014,1.210079679714728,1.0205255037299903,0.23090673057865285,kanan,frontal,10.0,False,0.986925919272732,5.795651450956125,0.4667523269365701,-0.2213802978913073,-0.34088473544809095,,1.082627922485889
P19,SEMUA,PRA,12,False,kanal,C4,4.279660468899529,0.05081882259476167,1.1133121651190003,1.2827932051604294,0.19125032703650446,kanan,sentral,10.0,False,0.9929822215108164,5.795651450956125,0.36998481234084246,0.040887403539131784,-0.38054113899023934,,1.082627922485889
P19,SEMUA,PRA,12,False,kanal,P4,7.4494703342379225,0.36291309437777275,1.1690858692202517,1.6352252482411536,0.7025739883438915,kanan,parietal,7.0,False,0.9938037398699566,5.795651450956125,0.42575851644209384,0.39331944661985596,0.1307825223171477,,1.082627922485889
P19,SEMUA,PRA,12,False,kanal,O2,3.936184703622615,0.23184820039439202,0.5572435537835957,2.26007976407922,0.6373734927381736,kanan,oksipital,8.0,False,0.9860320537240711,5.795651450956125,-0.18608379899456218,1.0181739624579225,0.06558202671142976,,1.082627922485889
P19,SEMUA,PRA,12,False,kanal,F8,5.373317598273729,0.30313419506255035,0.2769062245720799,1.2010183980821658,0.5382094567822293,kanan,frontotemporal,10.0,False,0.9944056699564112,5.795651450956125,-0.46642112820607795,-0.040887403539131784,-0.03358200924451449,,1.082627922485889
P19,SEMUA,PRA,12,False,kanal,T4,6.930424081579453,0.12657191510825827,-0.057617811188412915,4.098009188588812,1.1574731326339123,kanan,temporal,8.0,False,0.9917926254243008,5.795651450956125,-0.8009451639665708,2.856103386967515,0.5856816666071685,,1.082627922485889
P19,SEMUA,PRA,12,False,kanal,T6,6.2673326685647694,0.4639501288423551,0.2423749846663198,0.12866792838524477,0.01358335831779911,kanan,temporo-posterior,10.0,False,0.9902309547515517,5.795651450956125,-0.5009523681118381,-1.1132378732360528,-0.5582081077089447,,1.082627922485889
P19,SEMUA,PRA,12,False,area,frontopolar,4.636388104692962,0.43698283529243065,1.064573382303301,0.1756817368777015,0.6609004164208594,,frontopolar,11.0,False,0.9859514614679804,,,,,True,1.082627922485889
P19,SEMUA,PRA,12,False,area,frontal,5.797167923284341,0.37733562086492056,1.0967699361455967,0.9169075215760989,0.14562147136242587,,frontal,10.0,False,0.9904373763938739,,,,,False,1.082627922485889
P19,SEMUA,PRA,12,False,area,frontotemporal,5.752158687945823,0.36011840832652076,0.5868962751522183,1.0711858766481788,0.2193530369027289,,frontotemporal,11.0,False,0.9910425818379623,,,,,True,1.082627922485889
P19,SEMUA,PRA,12,False,area,sentral,6.8035645940242375,0.14382987298356964,1.1024788389613016,1.4731731933081424,0.12206730901139651,,sentral,10.0,False,0.993706973746398,,,,,False,1.082627922485889
P19,SEMUA,PRA,12,False,area,temporal,6.554612001542765,0.10087263740811281,0.0259030005902261,3.450192356282057,0.803942748154773,,temporal,8.0,False,0.9935823858827975,,,,,True,1.082627922485889
P19,SEMUA,PRA,12,False,area,parietal,7.5158144436962,0.4430554205949726,0.5998701766930742,1.0108111855415143,0.7277960074977554,,parietal,8.0,False,0.9974131380982304,,,,,False,1.082627922485889
P19,SEMUA,PRA,12,False,area,temporo-posterior,4.844409311458719,0.2703511518580286,0.05011471649523258,0.536952105909331,0.1257179213469546,,temporo-posterior,10.0,False,0.9898679445808057,,,,,False,1.082627922485889
P19,SEMUA,PRA,12,False,area,oksipital,5.935461418100452,0.43402966147700395,0.6436847671641499,0.7714812565227489,0.2405657495368626,,oksipital,10.0,False,0.9873760002110874,,,,,False,1.082627922485889
P19,SEMUA,TURUN,12,False,belahan,kiri,11.636490610985675,0.7262060557430975,-0.046071922831266154,-0.2518555289854677,0.18981000400950465,,,,,,,,,,,1.082627922485889
P19,SEMUA,TURUN,12,False,belahan,kanan,8.051789462591298,0.3449408015382278,0.5720388427572323,0.27381022746599504,0.00851553890978346,,,,,,,,,,,1.082627922485889
P19,SEMUA,TURUN,12,False,kanal,Fp1,13.552346486586586,1.0082938134605528,-0.9106011391181412,-1.4060312061592257,-0.3525319036833582,kiri,frontopolar,11.0,False,0.9686690751834148,11.636490610985675,-0.8645292162868751,-1.154175677173758,-0.5423419076928628,,1.082627922485889
P19,SEMUA,TURUN,12,False,kanal,F3,13.401517991079523,0.7706379754576249,-0.16423709255748487,-0.2625599653656274,0.09147080445179478,kiri,frontal,11.0,False,0.9847292102207992,11.636490610985675,-0.11816516972621871,-0.010704436380159721,-0.09833919955770987,,1.082627922485889
P19,SEMUA,TURUN,12,False,kanal,C3,7.246234416183,0.26631938159107427,2.70751172974929,1.022486694000524,0.45020683939786416,kiri,sentral,10.0,False,0.9900335513161572,11.636490610985675,2.753583652580556,1.2743422229859918,0.2603968353883595,,1.082627922485889
P19,SEMUA,TURUN,12,False,kanal,P3,9.871463230891827,0.6817741360285701,2.3283705964355272,-0.3279613970678721,1.066702576263932,kiri,parietal,8.0,False,0.9927363129260663,11.636490610985675,2.3744425192667933,-0.07610586808240438,0.8768925722544273,,1.082627922485889
P19,SEMUA,TURUN,12,False,kanal,O1,15.52807455729041,1.1377751698071241,-1.1861107346426125,-0.8714618815083615,-0.1606615225041177,kiri,oksipital,11.0,False,0.9843345102683012,11.636490610985675,-1.1400388118113463,-0.6196063525228938,-0.35047152651362234,,1.082627922485889
P19,SEMUA,TURUN,12,False,kanal,F7,14.98638988012658,0.905267586665929,-0.06158515920903718,0.3540852586201342,0.21530945988320793,kiri,frontotemporal,11.0,False,0.9882084823714522,11.636490610985675,-0.015513236377771022,0.6059407876056019,0.02549945587370328,,1.082627922485889
P19,SEMUA,TURUN,12,False,kanal,T3,7.240147727296609,0.09340054048600432,-0.030558686453495132,0.3091505233012952,0.8086047291768264,kiri,temporal,9.0,False,0.9837657357970936,11.636490610985675,0.015513236377771022,0.5610060522867629,0.6187947251673217,,1.082627922485889
P19,SEMUA,TURUN,12,False,kanal,T5,1.0946362426911804,0.10719043145869156,0.38822278733575855,-0.24115109260530798,0.16431054813580137,kiri,temporo-posterior,10.0,False,0.9933154202213114,11.636490610985675,0.4342947101670247,0.010704436380159721,-0.02549945587370328,,1.082627922485889
P19,SEMUA,TURUN,12,False,kanal,Fp2,15.078501744800121,1.2009203247298923,-1.4931628259422465,-1.9474535591413487,-0.061220813739159,kanan,frontopolar,11.0,False,0.9668951750351891,8.051789462591298,-2.065201668699479,-2.2212637866073437,-0.06973635264894246,,1.082627922485889
P19,SEMUA,TURUN,12,False,kanal,F4,12.521893490248928,0.9016313533521418,0.10552405143509358,-0.07414092102380687,-0.6089657821981769,kanan,frontal,11.0,False,0.9827240735443841,8.051789462591298,-0.4665147913221387,-0.3479511484898019,-0.6174813211079604,,1.082627922485889
P19,SEMUA,TURUN,12,False,kanal,C4,1.6327471556481399,-0.04060543509394776,0.5509491784311027,0.11856730450223685,0.1675545523643457,kanan,sentral,12.0,False,0.9953251359278867,8.051789462591298,-0.021089664326129576,-0.1552429229637582,0.15903901345456223,,1.082627922485889
P19,SEMUA,TURUN,12,False,kanal,P4,7.71401338481764,0.2610628121627647,0.593128507083362,1.817315992249887,0.3577000393521713,kanan,parietal,11.0,False,0.9936897470889127,8.051789462591298,0.021089664326129687,1.543505764783892,0.34918450044238786,,1.082627922485889
P19,SEMUA,TURUN,12,False,kanal,O2,8.389565540364956,0.4288187909136909,1.249300879209162,1.2453328297428832,-0.09787841323647595,kanan,oksipital,11.0,False,0.9959994912186128,8.051789462591298,0.6772620364519297,0.9715226022768881,-0.10639395214625941,,1.082627922485889
P19,SEMUA,TURUN,12,False,kanal,F8,5.2475874457549665,0.1813367655303295,1.6066202702908594,0.4290531504297532,0.07825189155872592,kanan,frontotemporal,11.0,False,0.991194426532582,8.051789462591298,1.0345814275336271,0.1552429229637582,0.06973635264894246,,1.082627922485889
P19,SEMUA,TURUN,12,False,kanal,T4,7.106006103460047,0.2212430605528115,0.7691031459171332,1.9351211807982698,0.6418536953537959,kanan,temporal,11.0,False,0.9948771989854361,8.051789462591298,0.19706430315990098,1.6613109533322747,0.6333381564440124,,1.082627922485889
P19,SEMUA,TURUN,12,False,kanal,T6,12.948955379788707,0.9238459949701943,0.453156899984834,-0.8590581131176767,-0.4330848148225376,kanan,temporo-posterior,11.0,False,0.9894919459889836,8.051789462591298,-0.11888194277239827,-1.1328683405836717,-0.44160035373232104,,1.082627922485889
P19,SEMUA,TURUN,12,False,area,frontopolar,14.274530750749598,1.1212373239257056,-1.1152715005116147,-1.661717314007785,-0.11367747509191839,,frontopolar,11.0,False,0.9673737653745125,,,,,True,1.082627922485889
P19,SEMUA,TURUN,12,False,area,frontal,12.952393721836515,0.8559884986376458,0.01772866351252511,-0.20335955325667454,-0.371881289627319,,frontal,11.0,False,0.9848467464711961,,,,,False,1.082627922485889
P19,SEMUA,TURUN,12,False,area,frontotemporal,11.794490823184049,0.6809140865992187,0.35565026080388307,0.6022099751629586,0.3689115993780482,,frontotemporal,11.0,False,0.9969762994747317,,,,,True,1.082627922485889
P19,SEMUA,TURUN,12,False,area,sentral,3.077716886324737,0.009682247010220912,0.5926569816269839,0.08075884459534644,0.15863918566675228,,sentral,12.0,False,0.9959959416707688,,,,,False,1.082627922485889
P19,SEMUA,TURUN,12,False,area,temporal,6.651065364481383,0.12027546857259974,0.40220333768813343,0.922148166558201,0.5418841337053464,,temporal,11.0,False,0.9953696977887286,,,,,True,1.082627922485889
P19,SEMUA,TURUN,12,False,area,parietal,9.22783031068731,0.42911430409404905,1.0115202003368062,1.3092514658785686,0.6155294095340165,,parietal,11.0,False,0.9971320099058935,,,,,False,1.082627922485889
P19,SEMUA,TURUN,12,False,area,temporo-posterior,10.261650213070993,0.7070781643291202,0.36510051329260884,-0.5258790823189785,-0.3572686763617815,,temporo-posterior,11.0,False,0.9915175233132083,,,,,False,1.082627922485889
P19,SEMUA,TURUN,12,False,area,oksipital,13.86237355404068,0.9734055734347921,-0.6220883286833295,-0.3699676072565028,-0.12551976193974224,,oksipital,11.0,False,0.9892055766358642,,,,,False,1.082627922485889
P19,SEMUA,TAHAN,11,False,belahan,kiri,10.89054040198915,0.8345687299159515,-1.042844997988965,-1.3926477630241583,0.45108440761399177,,,,,,,,,,,1.082627922485889
P19,SEMUA,TAHAN,11,False,belahan,kanan,5.6232431828087925,0.3080874114871742,-0.09489370023926108,-0.5783836849343817,0.18406729223740925,,,,,,,,,,,1.082627922485889
P19,SEMUA,TAHAN,11,False,kanal,Fp1,11.108709985699214,0.9396291294289059,-1.4904059161865073,-1.5366525242102318,0.1099135616851028,kiri,frontopolar,11.0,False,0.9508770731814422,10.89054040198915,-0.4475609181975424,-0.14400476118607353,-0.34117084592888897,,1.082627922485889
P19,SEMUA,TAHAN,11,False,kanal,F3,7.536301379777832,0.5108295362458997,0.7930684762166545,-0.9552795746530323,0.3146973171139934,kiri,frontal,10.0,False,0.9905472924384008,10.89054040198915,1.8359134742056193,0.437368188371126,-0.13638709049999836,,1.082627922485889
P19,SEMUA,TAHAN,11,False,kanal,C3,10.886778797900696,0.8347530786204163,-1.029465767757281,-0.4561209329391265,1.5791547849532797,kiri,sentral,7.0,False,0.9352817156501179,10.89054040198915,0.01337923023168397,0.9365268300850318,1.128070377339288,,1.082627922485889
P19,SEMUA,TAHAN,11,False,kanal,P3,10.894302006077602,0.8343843812114868,-1.4381617358597385,-1.5257766828337491,1.8623879293284915,kiri,parietal,5.0,True,0.9068349718152134,10.89054040198915,-0.3953167378707736,-0.13312891980959085,1.4113035217144998,,1.082627922485889
P19,SEMUA,TAHAN,11,False,kanal,O1,10.919221247301373,0.8404017014852798,-0.6628628953606314,-1.8439157940175592,-0.02415570137559131,kiri,oksipital,11.0,False,0.9920523780617234,10.89054040198915,0.37998210262833354,-0.45126803099340096,-0.4752401089895831,,1.082627922485889
P19,SEMUA,TAHAN,11,False,kanal,F7,13.176505354501849,0.9325826942385484,0.008824985832867616,-1.2595188432145674,0.1659146256262234,kiri,frontotemporal,11.0,False,0.9920769227440972,10.89054040198915,1.0516699838218324,0.13312891980959085,-0.2851697819877684,,1.082627922485889
P19,SEMUA,TAHAN,11,False,kanal,T3,9.309268096070532,0.36696464830848985,-1.056224228220649,-0.1574547829701547,0.6760762851041946,kiri,temporal,8.0,False,0.989241731874195,10.89054040198915,-0.013379230231684192,1.2351929800540036,0.22499187749020283,,1.082627922485889
P19,SEMUA,TAHAN,11,False,kanal,T5,4.456619593540147,0.5582264808932442,-2.9855920169367125,-2.1660313098158697,0.5874714981139901,kiri,temporo-posterior,8.0,False,0.932296349282508,10.89054040198915,-1.9427470189477476,-0.7733835467917114,0.13638709049999836,,1.082627922485889
P19,SEMUA,TAHAN,11,False,kanal,Fp2,11.828096264905923,1.0672072329814544,-1.4789333236281705,-2.1263198115616637,-0.27585623241485646,kanan,frontopolar,11.0,False,0.9698459594722469,5.6232431828087925,-1.3840396233889094,-1.547936126627282,-0.4599235246522657,,1.082627922485889
P19,SEMUA,TAHAN,11,False,kanal,F4,9.86069570693428,0.9327046781415091,0.30861082163205766,-1.2395923860051834,0.021345145479991112,kanan,frontal,10.0,False,0.9922511476932199,5.6232431828087925,0.40350452187131874,-0.6612087010708017,-0.16272214675741814,,1.082627922485889
P19,SEMUA,TAHAN,11,False,kanal,C4,0.2739875991106331,0.16440251852875898,0.40907108602868447,-0.3015633742370416,0.8494982866371139,kanan,sentral,7.0,False,0.991397289989418,5.6232431828087925,0.5039647862679455,0.27682031069734014,0.6654309943997047,,1.082627922485889
P19,SEMUA,TAHAN,11,False,kanal,P4,2.7608662748352373,0.14823161363582726,0.6836892035875619,-0.2333962856486005,0.4042578486238484,kanan,parietal,9.0,False,0.9704331371883376,5.6232431828087925,0.778582903826823,0.34498739928578126,0.22019055638643914,,1.082627922485889
P19,SEMUA,TAHAN,11,False,kanal,O2,7.569797948804727,0.42921780185547065,-0.5207775292185269,-0.41078332516598426,-0.20642601409206396,kanan,oksipital,10.0,False,0.9674718400048065,5.6232431828087925,-0.42588382897926585,0.1676003597683975,-0.3904933063294732,,1.082627922485889
P19,SEMUA,TAHAN,11,False,kanal,F8,2.625082508773332,0.15863687897677958,-0.5392705157483507,-0.9278635750501647,0.3467894389948274,kanan,frontotemporal,8.0,False,0.96625454629611,5.6232431828087925,-0.44437681550908964,-0.34947989011578295,0.16272214675741814,,1.082627922485889
P19,SEMUA,TAHAN,11,False,kanal,T4,5.090599169552917,0.1869570211188778,-0.40656091518700144,1.7298451408873188,1.2229445295636416,kanan,temporal,10.0,False,0.9896849245549812,5.6232431828087925,-0.31166721494774036,2.3082288258217005,1.0388772373262323,,1.082627922485889
P19,SEMUA,TAHAN,11,False,kanal,T6,6.155887196064668,0.4922300475745367,0.21677351470847928,-0.7459840447027792,-0.32582361214005295,kanan,temporo-posterior,10.0,False,0.9939353196413747,5.6232431828087925,0.31166721494774036,-0.1676003597683975,-0.5098909043774622,,1.082627922485889
P19,SEMUA,TAHAN,11,False,area,frontopolar,11.530652839154264,1.0219829259095667,-1.4441838071999964,-1.9454301534859502,-0.18890437597813836,,frontopolar,11.0,False,0.9616990868043718,,,,,True,1.082627922485889
P19,SEMUA,TAHAN,11,False,area,frontal,8.182631959411353,0.7021346450669084,0.8025142651779693,-1.058743561622169,0.05648192267894259,,frontal,10.0,False,0.9936112076720072,,,,,False,1.082627922485889
P19,SEMUA,TAHAN,11,False,area,frontotemporal,9.83876648138466,0.6149294826484397,0.13353703356405233,-0.8484993154948999,0.29244719812537645,,frontotemporal,11.0,False,0.9918268330703096,,,,,True,1.082627922485889
P19,SEMUA,TAHAN,11,False,area,sentral,1.5143992054710438,0.17003502271386317,-0.31700647605535204,-0.8201534469538698,0.47079278867683805,,sentral,8.0,False,0.988787447852132,,,,,False,1.082627922485889
P19,SEMUA,TAHAN,11,False,area,temporal,6.864929176752781,0.25345412313866333,-0.7089954855868486,0.5424409114753148,0.7247507253989582,,temporal,10.0,False,0.9924505852554494,,,,,True,1.082627922485889
P19,SEMUA,TAHAN,11,False,area,parietal,6.982558753666737,0.4437610947945221,-0.0861792151348778,-0.7635232543723023,0.5436060232720148,,parietal,9.0,False,0.9632383419385991,,,,,False,1.082627922485889
P19,SEMUA,TAHAN,11,False,area,temporo-posterior,6.201098684292496,0.4443196035099308,-0.5068430908202587,-0.7927865009916637,-0.13648461306320858,,temporo-posterior,10.0,False,0.9824369770307325,,,,,False,1.082627922485889
P19,SEMUA,TAHAN,11,False,area,oksipital,9.980485748818673,0.7317962910671211,-0.6115241136923583,-1.170404119034227,-0.006035275750062574,,oksipital,11.0,False,0.9914870251139926,,,,,False,1.082627922485889
P19,SEMUA,NAIK,7,False,belahan,kiri,5.534002131563163,0.33903360984584885,2.115153327230748,0.6586775308440002,0.0336547805025873,,,,,,,,,,,1.082627922485889
P19,SEMUA,NAIK,7,False,belahan,kanan,7.280155872080698,0.4375207697497231,1.1800188801081504,-0.25612899026944524,0.3683503256793714,,,,,,,,,,,1.082627922485889
P19,SEMUA,NAIK,7,False,kanal,Fp1,5.2258704917646455,0.43260798609640694,2.2113145318225422,-0.41881405449950115,0.009990157406173372,kiri,frontopolar,6.0,False,0.9783978841933165,5.534002131563163,0.09616120459179411,-1.0774915853435014,-0.023664623096413928,,1.082627922485889
P19,SEMUA,NAIK,7,False,kanal,F3,6.607900478485313,0.5233212609828668,2.126325952182633,1.1126113990935074,-0.011274822575365051,kiri,frontal,6.0,False,0.990275361414082,5.534002131563163,0.01117262495188509,0.4539338682495072,-0.04492960307795235,,1.082627922485889
P19,SEMUA,NAIK,7,False,kanal,C3,2.7166641978512445,0.099288717782964,2.103980702278863,1.4596280496577558,1.1939162670709653,kiri,sentral,3.0,True,0.9814240112851461,5.534002131563163,-0.01117262495188509,0.8009505188137557,1.160261486568378,,1.082627922485889
P19,SEMUA,NAIK,7,False,kanal,P3,3.4455759298123922,0.24545923359529076,2.261753561545336,0.9570600805864142,1.2041928059306795,kiri,parietal,2.0,True,0.9771078733941015,5.534002131563163,0.14660023431458802,0.29838254974241407,1.1705380254280922,,1.082627922485889
P19,SEMUA,NAIK,7,False,kanal,O1,7.86343519325581,0.5179406588169213,0.37980531972378273,-0.7980374268947643,-0.29052453499605946,kiri,oksipital,6.0,False,0.9765364265168944,5.534002131563163,-1.7353480075069654,-1.4567149577387646,-0.32417931549864676,,1.082627922485889
P19,SEMUA,NAIK,7,False,kanal,F7,8.236127265526278,0.6189871815853174,3.6203703421080284,2.032981495613104,-0.16885884356801723,kiri,frontotemporal,6.0,False,0.9836148192709715,5.534002131563163,1.5052170148772803,1.3743039647691035,-0.20251362407060453,,1.082627922485889
P19,SEMUA,NAIK,7,False,kanal,T3,5.842133771361681,-0.0072137701915862,0.4748813044863398,-0.7460132331921414,0.24987933670308027,kiri,temporal,4.0,True,0.966480556347552,5.534002131563163,-1.6402720227444083,-1.4046907640361415,0.21622455620049297,,1.082627922485889
P19,SEMUA,NAIK,7,False,kanal,T5,-3.3420358918106317,-0.2299799319280702,1.2252816247736886,0.3602949811015861,0.05731940359900123,kiri,temporo-posterior,4.0,True,0.990203759466622,5.534002131563163,-0.8898717024570595,-0.29838254974241407,0.023664623096413928,,1.082627922485889
P19,SEMUA,NAIK,7,False,kanal,Fp2,7.441087189494297,0.5679910781429774,0.9078542032057074,-0.886568020101052,0.3634521863797384,kanan,frontopolar,6.0,False,0.9658116221631093,7.280155872080698,-0.27216467690244295,-0.6304390298316067,-0.004898139299633009,,1.082627922485889
P19,SEMUA,NAIK,7,False,kanal,F4,9.41207888065464,0.718086471066798,0.1696262061743331,-1.0101057141400553,0.5566826709910625,kanan,frontal,6.0,False,0.9659760344192406,7.280155872080698,-1.0103926739338172,-0.7539767238706101,0.18833234531169107,,1.082627922485889
P19,SEMUA,NAIK,7,False,kanal,C4,8.041135675426005,0.3838436317263909,2.351968200915824,1.8748016428747056,0.37324846497900444,kanan,sentral,4.0,True,0.9918005780768286,7.280155872080698,1.1719493208076734,2.1309306331441507,0.004898139299633009,,1.082627922485889
P19,SEMUA,NAIK,7,False,kanal,P4,6.903009767037084,0.2115430319941094,3.071618545004617,2.022217531509158,0.2219939677455367,kanan,parietal,4.0,True,0.99013843689441,7.280155872080698,1.8915996648964666,2.2783465217786034,-0.14635635793383472,,1.082627922485889
P19,SEMUA,NAIK,7,False,kanal,O2,8.415456140291312,0.4911979077730553,1.4521835570105934,0.3328137380197309,0.2032602467062301,kanan,oksipital,6.0,False,0.9900932126591987,7.280155872080698,0.27216467690244306,0.5889427282891762,-0.16509007897314132,,1.082627922485889
P19,SEMUA,NAIK,7,False,kanal,F8,6.137799517909343,0.23206654609494515,1.7114472690409595,2.51925435268118,0.22605032910210754,kanan,frontotemporal,5.0,True,0.993904038934859,7.280155872080698,0.5314283889328091,2.775383342950625,-0.1422999965772639,,1.082627922485889
P19,SEMUA,NAIK,7,False,kanal,T4,6.431015283862941,0.1415511148239128,-0.15016717573314298,-1.8831784570885501,1.8844632954106217,kanan,temporal,4.0,True,0.9406237782256616,7.280155872080698,-1.3301860558412932,-1.627049466819105,1.5161129697312503,,1.082627922485889
P19,SEMUA,NAIK,7,False,kanal,T6,7.119224554667099,0.503544331768508,-0.19909893905879938,-0.8450717185586214,1.1148024883088645,kanan,temporo-posterior,6.0,False,0.9774789665356061,7.280155872080698,-1.3791178191669498,-0.5889427282891762,0.7464521626294931,,1.082627922485889
P19,SEMUA,NAIK,7,False,area,frontopolar,6.523201170780716,0.5031193112617388,1.3602039168256432,-0.6962171846618874,0.24943123839238046,,frontopolar,6.0,False,0.9716726020972378,,,,,True,1.082627922485889
P19,SEMUA,NAIK,7,False,area,frontal,9.311754718984538,0.6811258331776344,0.3628600079447408,-0.814437210597514,0.014836235247037921,,frontal,6.0,False,0.9878713739939692,,,,,False,1.082627922485889
P19,SEMUA,NAIK,7,False,area,frontotemporal,7.634333958471132,0.4400791139008413,2.3390200672946686,2.470871205838623,-0.23688296994985997,,frontotemporal,6.0,False,0.9937855049283046,,,,,True,1.082627922485889
P19,SEMUA,NAIK,7,False,area,sentral,8.45993951413849,0.36559683912074803,2.242611272934549,1.5789360000276522,0.2958582654596177,,sentral,5.0,True,0.9925910628914657,,,,,False,1.082627922485889
P19,SEMUA,NAIK,7,False,area,temporal,7.053111375429232,0.11477585932886303,-0.25599957987139543,-1.2459077611811247,0.8719816966867677,,temporal,4.0,True,0.979088357180363,,,,,True,1.082627922485889
P19,SEMUA,NAIK,7,False,area,parietal,5.323610809931459,0.1288512733617162,4.258773732168741,2.444469653776917,0.3531652647464928,,parietal,4.0,True,0.9864991933544213,,,,,False,1.082627922485889
P19,SEMUA,NAIK,7,False,area,temporo-posterior,5.338742190921302,0.28909430845926676,0.11355326071485261,-0.23959134643329927,1.3530706526935772,,temporo-posterior,6.0,False,0.9628981877110198,,,,,False,1.082627922485889
P19,SEMUA,NAIK,7,False,area,oksipital,7.999348377937501,0.5160176835725608,0.7396277612400654,-0.5041781406127419,-0.1278764372382739,,oksipital,6.0,False,0.9877167890240953,,,,,False,1.082627922485889
P19,SEMUA,POST,9,False,belahan,kiri,5.150664193024042,0.3743920840259428,0.2094835184383212,-0.3296888714038593,0.4993814380341728,,,,,,,,,,,1.082627922485889
P19,SEMUA,POST,9,False,belahan,kanan,6.875182741043567,0.3223823360639394,0.9525849921526516,0.36235782815917017,0.6359178207260169,,,,,,,,,,,1.082627922485889
P19,SEMUA,POST,9,False,kanal,Fp1,5.256096026838534,0.42386791275750624,0.5008740066120654,-0.7176938183555901,0.7324505087691286,kiri,frontopolar,8.0,False,0.9887135474811816,5.150664193024042,0.2913904881737442,-0.3880049469517308,0.23306907073495586,,1.082627922485889
P19,SEMUA,POST,9,False,kanal,F3,5.04523235920955,0.39450577996983016,1.1237616548711444,0.23252666989638815,-0.040965540467188255,kiri,frontal,8.0,False,0.991824040057336,5.150664193024042,0.9142781364328232,0.5622155413002474,-0.540346978501361,,1.082627922485889
P19,SEMUA,POST,9,False,kanal,C3,2.952958045254398,0.14266885643683347,0.5552062758487214,-0.25672148988483423,1.2877446189337927,kiri,sentral,4.0,True,0.9629160119276551,5.150664193024042,0.3457227574104002,0.07296738151902504,0.7883631808996199,,1.082627922485889
P19,SEMUA,POST,9,False,kanal,P3,5.958667050808003,0.3542783880820555,-0.081906969735423,0.25365002828392313,1.8074270833452437,kiri,parietal,4.0,True,0.9376156073339393,5.150664193024042,-0.2913904881737442,0.5833388996877824,1.308045645311071,,1.082627922485889
P19,SEMUA,POST,9,False,kanal,O1,7.934827702411674,0.5742485264642769,-0.12686425046481875,0.08219205292541698,0.1898669484401132,kiri,oksipital,8.0,False,0.9874091150389416,5.150664193024042,-0.33634776890313994,0.41188092432927625,-0.3095144895940596,,1.082627922485889
P19,SEMUA,POST,9,False,kanal,F7,6.205625967081673,0.4246191523686289,1.1740617082727234,-0.4026562529228843,0.08819996117106099,kiri,frontotemporal,8.0,False,0.9921002537354026,5.150664193024042,0.9645781898344021,-0.07296738151902504,-0.4111814768631118,,1.082627922485889
P19,SEMUA,POST,9,False,kanal,T3,3.792355838272975,0.0311652843097463,-0.6279425272632283,-0.9307017974198077,0.5188830901852497,kiri,temporal,5.0,True,0.9877906075366824,5.150664193024042,-0.8374260457015494,-0.6010129260159485,0.01950165215107691,,1.082627922485889
P19,SEMUA,POST,9,False,kanal,T5,-1.8666325884082795,0.050676698980494095,-1.1510816106905462,-1.0819644854989212,0.4798797858830959,kiri,temporo-posterior,5.0,True,0.9851327557161107,5.150664193024042,-1.3605651291288674,-0.7522756140950619,-0.01950165215107691,,1.082627922485889
P19,SEMUA,POST,9,False,kanal,Fp2,6.877577170965125,0.4894929304462502,-0.28878321355959247,-0.9370921424923417,0.9983202852624788,kanan,frontopolar,8.0,False,0.9793239465355343,6.875182741043567,-1.2413682057122442,-1.299449970651512,0.36240246453646197,,1.082627922485889
P19,SEMUA,POST,9,False,kanal,F4,7.819592962233429,0.5603025799089458,2.0669120257338607,-1.0247585863858366,0.9263877059726008,kanan,frontal,8.0,False,0.9844629060164244,6.875182741043567,1.1143270335812092,-1.3871164145450068,0.2904698852465839,,1.082627922485889
P19,SEMUA,POST,9,False,kanal,C4,6.872788311122008,0.3046237188020018,2.233588541693358,1.8487932803807587,1.0117827726029542,kanan,sentral,6.0,False,0.9946927500964735,6.875182741043567,1.2810035495407064,1.4864354522215886,0.37586495187693736,,1.082627922485889
P19,SEMUA,POST,9,False,kanal,P4,7.829583610912778,0.31091232685593106,1.5454446752546502,1.7635967019980132,0.5083127241809295,kanan,parietal,6.0,False,0.9939340153665135,6.875182741043567,0.5928596831019987,1.401238873838843,-0.12760509654508734,,1.082627922485889
P19,SEMUA,POST,9,False,kanal,O2,6.264878315609366,0.30590032141442536,0.009120336096885562,0.0014156724142173616,0.5215481686192838,kanan,oksipital,6.0,False,0.9737109272976413,6.875182741043567,-0.943464656055766,-0.3609421557449528,-0.11436965210673311,,1.082627922485889
P19,SEMUA,POST,9,False,kanal,F8,7.9117566686271275,0.4409438591863759,1.052424695378487,0.723299983904123,0.4375623860229849,kanan,frontotemporal,6.0,False,0.993141493636228,6.875182741043567,0.09983970322583546,0.3609421557449528,-0.19835543470303196,,1.082627922485889
P19,SEMUA,POST,9,False,kanal,T4,5.712951693265509,0.2518648424633616,0.8527452889268161,1.4133710939593476,0.75028747283275,kanan,temporal,7.0,False,0.9948348088809781,6.875182741043567,-0.09983970322583546,1.0510132658001774,0.11436965210673311,,1.082627922485889
P19,SEMUA,POST,9,False,kanal,T6,5.838249068765322,0.33385234527194774,0.021471039040538153,-1.3640693071827457,0.023135607812824865,kanan,temporo-posterior,8.0,False,0.9863278280602024,6.875182741043567,-0.9311139531121134,-1.7264271353419158,-0.612782212913192,,1.082627922485889
P19,SEMUA,POST,9,False,area,frontopolar,6.100780094294372,0.4456887029956579,0.04011684340566035,-0.7770965798077163,0.969627255618831,,frontopolar,8.0,False,0.9806632803617397,,,,,True,1.082627922485889
P19,SEMUA,POST,9,False,area,frontal,6.58826724838422,0.45208564846997024,1.7154913343097151,-0.8096324469464253,0.3744970641815225,,frontal,8.0,False,0.9911018547788777,,,,,False,1.082627922485889
P19,SEMUA,POST,9,False,area,frontotemporal,6.088672843061964,0.32449523243615097,1.317250115057604,-0.17475507976742044,0.015005584726141885,,frontotemporal,9.0,False,0.995250422940319,,,,,True,1.082627922485889
P19,SEMUA,POST,9,False,area,sentral,6.92371754657934,0.2508948340687729,1.7583199086135315,1.2356031004537287,0.49323065577737324,,sentral,6.0,False,0.9951950887589605,,,,,False,1.082627922485889
P19,SEMUA,POST,9,False,area,temporal,3.6585222833623163,0.04732231455606639,0.2752068409021602,-0.06624369835116717,0.19507553536022731,,temporal,7.0,False,0.9965109263246231,,,,,True,1.082627922485889
P19,SEMUA,POST,9,False,area,parietal,6.036799443624609,0.20487956715520905,1.400668468020988,1.2352940786925128,0.49779385665024434,,parietal,6.0,False,0.9925937902886358,,,,,False,1.082627922485889
P19,SEMUA,POST,9,False,area,temporo-posterior,3.75595582254973,0.10723379740468619,-0.07523792647926963,-0.6574299690464609,0.41046983712173835,,temporo-posterior,9.0,False,0.9748089420745202,,,,,False,1.082627922485889
P19,SEMUA,POST,9,False,area,oksipital,7.184467813918822,0.45500989204592146,-0.020320874322593552,0.29596069306741324,0.31147915147542116,,oksipital,8.0,False,0.9903994314777775,,,,,False,1.082627922485889
P19,AGEM KANAN,PRA,4,False,belahan,kiri,7.959228205015503,0.4193831710818555,1.450673999726566,0.9448974426611949,0.29244913925909855,,,,,,,,,,,1.082627922485889
P19,AGEM KANAN,PRA,4,False,belahan,kanan,6.699314196997435,0.20086544453061284,1.0888364765973626,1.6165528696705815,0.7116106256298274,,,,,,,,,,,1.082627922485889
P19,AGEM KANAN,PRA,4,False,kanal,Fp1,6.905784775569295,0.42104793634166127,1.7953371362758186,0.28769489285457883,1.0837625031225369,kiri,frontopolar,4.0,False,0.9751536123473057,7.959228205015503,0.3446631365492525,-0.6572025498066161,0.7913133638634383,,1.082627922485889
P19,AGEM KANAN,PRA,4,False,kanal,F3,6.316465201806302,0.14532401129790706,1.9963093594688117,1.8985932133277879,0.10099033913267885,kiri,frontal,3.0,False,0.9613309629795845,7.959228205015503,0.5456353597422456,0.953695770666593,-0.1914588001264197,,1.082627922485889
P19,AGEM KANAN,PRA,4,False,kanal,C3,,,,,,kiri,sentral,1.0,True,,7.959228205015503,,,,,1.082627922485889
P19,AGEM KANAN,PRA,4,False,kanal,P3,,,,,,kiri,parietal,1.0,True,,7.959228205015503,,,,,1.082627922485889
P19,AGEM KANAN,PRA,4,False,kanal,O1,9.01267163446171,0.5811009071768174,0.8986445527732417,0.686538027525931,0.18810874891363527,kiri,oksipital,4.0,False,0.9776519428665823,7.959228205015503,-0.5520294469533243,-0.25835941513526395,-0.10434039034546327,,1.082627922485889
P19,AGEM KANAN,PRA,4,False,kanal,F7,9.019899254676574,0.4177184058220498,1.1060108631773136,1.2032568577964589,0.3967895296045618,kiri,frontotemporal,3.0,False,0.9443594285250285,7.959228205015503,-0.3446631365492525,0.25835941513526395,0.10434039034546327,,1.082627922485889
P19,AGEM KANAN,PRA,4,False,kanal,T3,,,,,,kiri,temporal,1.0,True,,7.959228205015503,,,,,1.082627922485889
P19,AGEM KANAN,PRA,4,False,kanal,T5,,,,,,kiri,temporo-posterior,1.0,True,,7.959228205015503,,,,,1.082627922485889
P19,AGEM KANAN,PRA,4,False,kanal,Fp2,7.363612519089408,0.534468782171364,1.4395104680338329,0.6885267394094834,1.0816971291112807,kanan,frontopolar,4.0,False,0.9659016481780014,6.699314196997435,0.35067399143647027,-0.9280261302610981,0.37008650348145333,,1.082627922485889
P19,AGEM KANAN,PRA,4,False,kanal,F4,8.066098041250832,0.542695123187394,1.4735988308543913,1.8237010308616473,0.9554691510872447,kanan,frontal,4.0,False,0.9557706355294098,6.699314196997435,0.38476235425702865,0.20714816119106572,0.24385852545741737,,1.082627922485889
P19,AGEM KANAN,PRA,4,False,kanal,C4,3.5005220532676873,-0.04797204281242795,1.9954015123140585,-0.6185881310274763,0.46775210017240987,kanan,sentral,3.0,False,0.9803152282033533,6.699314196997435,0.9065650357166959,-2.235141000698058,-0.24385852545741749,,1.082627922485889
P19,AGEM KANAN,PRA,4,False,kanal,P4,7.333668332216021,0.215874152017826,2.3023776354419536,2.9519376465419156,1.0216590756079913,kanan,parietal,2.0,True,0.989169122665688,6.699314196997435,1.213541158844591,1.335384776871334,0.31004844997816394,,1.082627922485889
P19,AGEM KANAN,PRA,4,False,kanal,O2,4.510317833293627,0.18585673704339967,0.6120403437126332,3.2936033323938836,1.0927836096879187,kanan,oksipital,2.0,True,0.9551773614030696,6.699314196997435,-0.47679613288472944,1.677050462723302,0.3811729840580913,,1.082627922485889
P19,AGEM KANAN,PRA,4,False,kanal,F8,5.142095993513379,0.13149104523887467,0.6455580132107336,1.4094047084795158,0.45458922442065464,kanan,frontotemporal,3.0,False,0.9755862380021484,6.699314196997435,-0.443278463386629,-0.20714816119106572,-0.2570214012091727,,1.082627922485889
P19,AGEM KANAN,PRA,4,False,kanal,T4,7.486485960108652,0.12040040284540332,0.3679830790805749,2.7641625062601323,-0.13267496981805502,kanan,temporal,3.0,False,0.9531764220595443,6.699314196997435,-0.7208533975167877,1.1476096365895507,-0.8442855954478824,,1.082627922485889
P19,AGEM KANAN,PRA,4,False,kanal,T6,6.064960061778848,0.41727825394752105,0.7381624851608926,0.7901846598476592,-0.011331157428744465,kanan,temporo-posterior,4.0,False,0.9697530359375648,6.699314196997435,-0.35067399143647005,-0.8263682098229224,-0.7229417830585718,,1.082627922485889
P19,AGEM KANAN,PRA,4,False,area,frontopolar,7.351718497063068,0.5099813233494709,1.543257437851624,0.534432558412496,1.0594728226663133,,frontopolar,4.0,False,0.9636590166373388,,,,,True,1.082627922485889
P19,AGEM KANAN,PRA,4,False,area,frontal,7.417210203871434,0.3763104116881,1.4719003997567328,1.4063308473179235,0.3430465635781398,,frontal,4.0,False,0.975405459788997,,,,,False,1.082627922485889
P19,AGEM KANAN,PRA,4,False,area,frontotemporal,6.705164424483073,0.26268132250757636,0.829100601799343,1.3830408144152786,0.20024974212111502,,frontotemporal,4.0,False,0.9831722556244781,,,,,True,1.082627922485889
P19,AGEM KANAN,PRA,4,False,area,sentral,6.387380850576513,0.04995958572701209,1.8216967607012364,-0.6763857375207301,0.31712975666044785,,sentral,3.0,False,0.9771272768473536,,,,,False,1.082627922485889
P19,AGEM KANAN,PRA,4,False,area,temporal,7.653053071201029,0.18721499425275034,-0.14952605723823065,2.3161550790055325,0.1512721016249982,,temporal,3.0,False,0.9875752320678657,,,,,True,1.082627922485889
P19,AGEM KANAN,PRA,4,False,area,parietal,9.601442156637773,0.48370988409075744,1.8806440356873027,2.4887921047964197,1.2290999936095286,,parietal,2.0,True,0.9880758233966704,,,,,False,1.082627922485889
P19,AGEM KANAN,PRA,4,False,area,temporo-posterior,5.447542629558917,0.2327382766275512,0.45205327121516703,1.0363341043602503,0.1955422647450602,,temporo-posterior,4.0,False,0.9666172513454717,,,,,False,1.082627922485889
P19,AGEM KANAN,PRA,4,False,area,oksipital,8.238335282328102,0.4876963006119489,1.0882446929465202,1.0097370388131512,0.4747261064201085,,oksipital,4.0,False,0.9829115147256697,,,,,False,1.082627922485889
P19,AGEM KANAN,TURUN,4,False,belahan,kiri,9.809644118190452,0.5326677472880986,1.0744072067179953,0.23298993749784846,0.8078520166251192,,,,,,,,,,,1.082627922485889
P19,AGEM KANAN,TURUN,4,False,belahan,kanan,10.996635182384832,0.5172299917378106,0.7747250287194016,1.2572787240576504,0.22928375282483027,,,,,,,,,,,1.082627922485889
P19,AGEM KANAN,TURUN,4,False,kanal,Fp1,15.046268349489786,0.9996056477769693,-1.4230861626912605,-0.7972423978338603,-0.0436530694278916,kiri,frontopolar,4.0,False,0.9446088100695231,9.809644118190452,-2.4974933694092556,-1.0302323353317089,-0.8515050860530108,,1.082627922485889
P19,AGEM KANAN,TURUN,4,False,kanal,F3,10.815034823552224,0.390147700546152,1.8899360457575516,0.021520091407163378,-0.6277014562646708,kiri,frontal,4.0,False,0.933548784022641,9.809644118190452,0.8155288390395563,-0.2114698460906851,-1.43555347288979,,1.082627922485889
P19,AGEM KANAN,TURUN,4,False,kanal,C3,8.28357290695024,0.4042584032681662,0.9068862747739598,2.0731262173175855,1.1839703527368395,kiri,sentral,4.0,False,0.9910996434621332,9.809644118190452,-0.1675209319440355,1.840136279819737,0.3761183361117203,,1.082627922485889
P19,AGEM KANAN,TURUN,4,False,kanal,P3,8.804253412828679,0.661077091308031,1.2419281386620307,0.8212103929842687,1.102386314439368,kiri,parietal,2.0,True,0.9606364531016787,9.809644118190452,0.1675209319440354,0.5882204554864202,0.2945342978142488,,1.082627922485889
P19,AGEM KANAN,TURUN,4,False,kanal,O1,19.560206576095375,1.3851934313818324,-1.63906575038225,-0.6126116152449144,0.5677871552690226,kiri,oksipital,4.0,False,0.9484640257054675,9.809644118190452,-2.7134729571002456,-0.8456015527427628,-0.24006486135609661,,1.082627922485889
P19,AGEM KANAN,TURUN,4,False,kanal,F7,18.47554726503705,1.0592783530170902,-0.11817825407859972,-0.9191450772928924,0.1610212216650635,kiri,frontotemporal,4.0,False,0.9793946927088986,9.809644118190452,-1.1925854607965949,-1.152135014790741,-0.6468307949600557,,1.082627922485889
P19,AGEM KANAN,TURUN,4,False,kanal,T3,4.877186338833589,-0.20168006843621056,2.201368562653955,0.44445978358853355,1.4268241294055457,kiri,temporal,3.0,False,0.9765583516444655,9.809644118190452,1.1269613559359597,0.2114698460906851,0.6189721127804265,,1.082627922485889
P19,AGEM KANAN,TURUN,4,False,kanal,T5,-4.0115529169587205,-0.28743242653918855,3.0346572840478814,1.4945978163228149,1.0479168779812158,kiri,temporo-posterior,4.0,False,0.9763951213422631,9.809644118190452,1.960250077329886,1.2616078788249663,0.24006486135609661,,1.082627922485889
P19,AGEM KANAN,TURUN,4,False,kanal,Fp2,15.908233145156686,1.0965989284635502,-1.6015498609585688,-1.7827825080769464,-0.8433837263260133,kanan,frontopolar,4.0,False,0.9202570294355248,10.996635182384832,-2.3762748896779704,-3.0400612321345966,-1.0726674791508435,,1.082627922485889
P19,AGEM KANAN,TURUN,4,False,kanal,F4,12.23651336424171,0.7453666930916809,1.804584533862229,1.359436844057757,-0.6824396061629567,kanan,frontal,4.0,False,0.9517681509300883,10.996635182384832,1.0298595051428274,0.10215812000010671,-0.911723358987787,,1.082627922485889
P19,AGEM KANAN,TURUN,4,False,kanal,C4,2.657294530305286,-0.06856663471229973,0.30051196599037044,1.1551206040575437,0.6263133670676146,kanan,sentral,4.0,False,0.9909896155257404,10.996635182384832,-0.4742130627290312,-0.10215812000010671,0.3970296142427844,,1.082627922485889
P19,AGEM KANAN,TURUN,4,False,kanal,P4,11.04183131577399,0.369788126882453,0.8871146409676184,2.1815196124619627,0.5814988068940905,kanan,parietal,4.0,False,0.9878023376180536,10.996635182384832,0.11238961224821675,0.9242408884043123,0.35221505406926024,,1.082627922485889
P19,AGEM KANAN,TURUN,4,False,kanal,O2,10.951439048995674,0.6053810756183449,1.191876480068546,2.1175344040167197,0.17571575392189454,kanan,oksipital,4.0,False,0.9889447313326492,10.996635182384832,0.41715145134914433,0.8602556799590693,-0.05356799890293573,,1.082627922485889
P19,AGEM KANAN,TURUN,4,False,kanal,F8,8.650445774554818,0.4290789078572763,1.5163569057583393,0.15813295673376304,0.282851751727766,kanan,frontotemporal,4.0,False,0.9815911180203266,10.996635182384832,0.7416318770389376,-1.0991457673238874,0.05356799890293573,,1.082627922485889
P19,AGEM KANAN,TURUN,4,False,kanal,T4,9.110417962358362,0.3079289535704657,0.6623354164711848,3.0019114323922373,1.4715842138980857,kanan,temporal,4.0,False,0.9773513862548943,10.996635182384832,-0.11238961224821686,1.744632708334587,1.2423004610732553,,1.082627922485889
P19,AGEM KANAN,TURUN,4,False,kanal,T6,18.17819513847794,1.238105655521581,0.5686357539224607,-0.18591055454919392,0.12730752144837498,kanan,temporo-posterior,4.0,False,0.9918616056234653,10.996635182384832,-0.20608927479694095,-1.4431892786068443,-0.10197623137645528,,1.082627922485889
P19,AGEM KANAN,TURUN,4,False,area,frontopolar,14.837560328005175,0.995328972222146,-1.2713769654735483,-1.399353621543821,-0.7617482668729457,,frontopolar,4.0,False,0.921992635465505,,,,,True,1.082627922485889
P19,AGEM KANAN,TURUN,4,False,area,frontal,16.26579451836573,0.9439842657331019,-0.15728599870253157,-0.3405751644148838,-0.821933223745665,,frontal,4.0,False,0.9519701024528108,,,,,False,1.082627922485889
P19,AGEM KANAN,TURUN,4,False,area,frontotemporal,14.78202378817096,0.7971906167911336,0.23540200185579563,-0.5590531453415153,0.1018538906117229,,frontotemporal,4.0,False,0.9863609405851395,,,,,True,1.082627922485889
P19,AGEM KANAN,TURUN,4,False,area,sentral,3.151719552116319,-0.053582310832789304,0.24813495070901248,1.1371721145181684,0.3657704319170991,,sentral,4.0,False,0.9933178323492393,,,,,False,1.082627922485889
P19,AGEM KANAN,TURUN,4,False,area,temporal,7.37311570765452,0.07622133564045575,0.876926622115113,1.170859531291402,0.988062284880797,,temporal,4.0,False,0.9887005800234837,,,,,True,1.082627922485889
P19,AGEM KANAN,TURUN,4,False,area,parietal,10.87367061505659,0.4312890973426262,1.429793717094171,2.287028309520559,0.9218673574473224,,parietal,4.0,False,0.9904270942582936,,,,,False,1.082627922485889
P19,AGEM KANAN,TURUN,4,False,area,temporo-posterior,14.625112557672146,0.9835974410726771,0.7462389008633624,0.3237799973336317,0.26924547376163455,,temporo-posterior,4.0,False,0.9929957878165764,,,,,False,1.082627922485889
P19,AGEM KANAN,TURUN,4,False,area,oksipital,17.630341688152434,1.1965522211849544,-1.115782163193391,-0.12153949864909519,0.34686822435874287,,oksipital,4.0,False,0.9620889019793982,,,,,False,1.082627922485889
P19,AGEM KANAN,TAHAN,3,False,belahan,kiri,8.189233302543137,0.5991630126703027,1.59371915750662,-0.5271891688903403,0.7577740907722164,,,,,,,,,,,1.082627922485889
P19,AGEM KANAN,TAHAN,3,False,belahan,kanan,5.706408710110022,0.2578891993525124,0.682120330738266,0.19113733471638872,0.3911380562840414,,,,,,,,,,,1.082627922485889
P19,AGEM KANAN,TAHAN,3,False,kanal,Fp1,8.394118472177787,0.7930496937211264,1.4076288469000713,-0.4406417908866107,0.12799577141449114,kiri,frontopolar,3.0,False,0.9925550048266729,8.189233302543137,-0.1860903106065488,0.08654737800372958,-0.6297783193577252,,1.082627922485889
P19,AGEM KANAN,TAHAN,3,False,kanal,F3,9.887475571366721,0.622515083087164,2.0682037366134436,-1.072311084779694,0.6833723506910253,kiri,frontal,3.0,False,0.9764893800142815,8.189233302543137,0.4744845791068235,-0.5451219158893537,-0.07440174008119105,,1.082627922485889
P19,AGEM KANAN,TAHAN,3,False,kanal,C3,1.4448002135848483,0.03978590687478589,1.1558518009947094,-0.883156667027936,0.934713959610386,kiri,sentral,2.0,True,0.9690723340434558,8.189233302543137,-0.43786735651191067,-0.35596749813759576,0.1769398688381696,,1.082627922485889
P19,AGEM KANAN,TAHAN,3,False,kanal,P3,,,,,,kiri,parietal,1.0,True,,8.189233302543137,,,,,1.082627922485889
P19,AGEM KANAN,TAHAN,3,False,kanal,O1,8.189233302543137,0.5991630126703027,2.7108857938766167,-2.04485106413491,1.0272392061910343,kiri,oksipital,3.0,False,0.9649496165391152,8.189233302543137,1.1171666363699966,-1.5176618952445695,0.2694651154188179,,1.082627922485889
P19,AGEM KANAN,TAHAN,3,False,kanal,F7,14.836342839394405,0.9422423535572566,1.59371915750662,-0.5271891688903403,0.7577740907722164,kiri,frontotemporal,3.0,False,0.9858907103778686,8.189233302543137,0.0,0.0,0.0,,1.082627922485889
P19,AGEM KANAN,TAHAN,3,False,kanal,T3,6.278184863904215,0.06898460170281462,1.9601325432725274,-0.056726157122582554,-0.030169922605200405,kiri,temporal,3.0,False,0.9809429966402018,8.189233302543137,0.3664133857659073,0.47046301176775773,-0.7879440133774167,,1.082627922485889
P19,AGEM KANAN,TAHAN,3,False,kanal,T5,-5.740316445508277,-0.1055057979852001,0.42610881919359433,2.118195926565958,1.561807232617715,kiri,temporo-posterior,2.0,True,0.9293617097156963,8.189233302543137,-1.1676103383130259,2.645385095456298,0.8040331418454987,,1.082627922485889
P19,AGEM KANAN,TAHAN,3,False,kanal,Fp2,11.12409743030669,1.022104230733777,0.8264692697931336,-1.6366115488295256,0.33501820278247374,kanan,frontopolar,3.0,False,0.9824836318279383,5.706408710110022,0.14434893905486768,-1.8277488835459144,-0.056119853501567674,,1.082627922485889
P19,AGEM KANAN,TAHAN,3,False,kanal,F4,10.513378142513481,0.9853735855916572,2.0828199173236763,0.06353693539442595,1.300076410548511,kanan,frontal,3.0,False,0.9893315801933263,5.706408710110022,1.4006995865854104,-0.12760039932196277,0.9089383542644696,,1.082627922485889
P19,AGEM KANAN,TAHAN,3,False,kanal,C4,-4.242584646031702,-0.2660121590417699,1.3686775693458046,1.9000398466042343,1.6603796239787298,kanan,sentral,2.0,True,0.9654057522060624,5.706408710110022,0.6865572386075387,1.7089025118878456,1.2692415676946884,,1.082627922485889
P19,AGEM KANAN,TAHAN,3,False,kanal,P4,0.31795213133992206,-0.10418468149252647,2.7681020620845382,1.8556131722295781,0.27746616465752527,kanan,parietal,3.0,False,0.9460452332619845,5.706408710110022,2.0859817313462723,1.6644758375131894,-0.11367189162651614,,1.082627922485889
P19,AGEM KANAN,TAHAN,3,False,kanal,O2,5.222864175280719,0.1969422110171093,0.0910208659556766,0.20617005694298918,0.3574494998608049,kanan,oksipital,3.0,False,0.9074987641956652,5.706408710110022,-0.5910994647825893,0.015032722226600459,-0.03368855642323654,,1.082627922485889
P19,AGEM KANAN,TAHAN,3,False,kanal,F8,5.135822599348444,0.3161929413710298,0.10566797409931605,0.17610461248978826,1.7304282485188107,kanan,frontotemporal,2.0,True,0.9852670146556365,5.706408710110022,-0.5764523566389499,-0.015032722226600459,1.3392901922347693,,1.082627922485889
P19,AGEM KANAN,TAHAN,3,False,kanal,T4,6.189953244939325,0.19958545733399502,0.46189586789442627,0.7526959290589481,0.4233283532974463,kanan,temporal,3.0,False,0.9865275405949516,5.706408710110022,-0.22022446284383967,0.5615585943425594,0.03219029701340487,,1.082627922485889
P19,AGEM KANAN,TAHAN,3,False,kanal,T6,6.324225366804754,0.5161882188297995,0.5377713916833982,-1.0149255955583358,0.3589477592706365,kanan,temporo-posterior,3.0,False,0.9831537801535741,5.706408710110022,-0.1443489390548678,-1.2060629302747246,-0.03219029701340492,,1.082627922485889
P19,AGEM KANAN,TAHAN,3,False,area,frontopolar,9.48928427090356,0.8796236744140952,1.2560125865537168,-1.209847822622704,0.14700008520948682,,frontopolar,3.0,False,0.9844984954057656,,,,,True,1.082627922485889
P19,AGEM KANAN,TAHAN,3,False,area,frontal,10.164290065566917,0.7715673874280067,1.7562740484864436,-0.9660389663385498,0.3033588122780996,,frontal,3.0,False,0.99180623778896,,,,,False,1.082627922485889
P19,AGEM KANAN,TAHAN,3,False,area,frontotemporal,11.001861741397626,0.5822890911579359,1.740353642931415,-0.07755198198655355,1.0180820472837144,,frontotemporal,3.0,False,0.978282426700903,,,,,True,1.082627922485889
P19,AGEM KANAN,TAHAN,3,False,area,sentral,-3.5494706794345774,-0.2820917106179861,0.9927972090812137,1.0267422886614463,1.0905527020023738,,sentral,2.0,True,0.9802614832631612,,,,,False,1.082627922485889
P19,AGEM KANAN,TAHAN,3,False,area,temporal,5.959142707054511,0.0798130595155393,1.385282662833343,0.1935788485446488,-0.08252145766501295,,temporal,3.0,False,0.9865127620847508,,,,,True,1.082627922485889
P19,AGEM KANAN,TAHAN,3,False,area,parietal,0.9376350843183374,-0.05437265048637663,3.54893930883042,1.98657985824531,0.3839806538178139,,parietal,3.0,False,0.9537522795094168,,,,,False,1.082627922485889
P19,AGEM KANAN,TAHAN,3,False,area,temporo-posterior,4.621833289549251,0.29534039917563115,0.42874871482677324,-0.12475463825037325,0.6477282588929743,,temporo-posterior,3.0,False,0.9790099310121925,,,,,False,1.082627922485889
P19,AGEM KANAN,TAHAN,3,False,area,oksipital,8.555044879336187,0.593226053045825,1.8056047318959378,-1.4912016900586593,0.9691509491565664,,oksipital,3.0,False,0.9771321524363166,,,,,False,1.082627922485889
P19,AGEM KANAN,NAIK,4,False,belahan,kiri,5.867732372781319,0.4354468406177454,1.5348325644161902,0.4816697992139858,0.5935735300753473,,,,,,,,,,,1.082627922485889
P19,AGEM KANAN,NAIK,4,False,belahan,kanan,7.887488590347932,0.44459540170427536,2.0266964311852727,0.05426884949880706,0.4131856843097754,,,,,,,,,,,1.082627922485889
P19,AGEM KANAN,NAIK,4,False,kanal,Fp1,6.749210665936225,0.6498774264390281,2.0710547794106997,-0.3805972804296345,0.4341110433776849,kiri,frontopolar,4.0,False,0.9805438546151404,5.867732372781319,0.5362222149945095,-0.8622670796436203,-0.1594624866976624,,1.082627922485889
P19,AGEM KANAN,NAIK,4,False,kanal,F3,5.867732372781319,0.4354468406177454,1.1737227790801086,0.637328544013021,-0.041068567716951665,kiri,frontal,4.0,False,0.98315094245815,5.867732372781319,-0.3611097853360816,0.1556587447990352,-0.634642097792299,,1.082627922485889
P19,AGEM KANAN,NAIK,4,False,kanal,C3,2.3624723810110737,0.048494909891283466,1.7345696728088749,0.5115788419973981,0.9037929021323488,kiri,sentral,2.0,True,0.9654240587902719,5.867732372781319,0.19973710839268466,0.029909042783412332,0.31021937205700145,,1.082627922485889
P19,AGEM KANAN,NAIK,4,False,kanal,P3,,,,,,kiri,parietal,1.0,True,,5.867732372781319,,,,,1.082627922485889
P19,AGEM KANAN,NAIK,4,False,kanal,O1,7.755650451276836,0.6374787791010055,0.07327903917652256,-0.27506480700128666,0.6427097732673639,kiri,oksipital,4.0,False,0.9341343876088135,5.867732372781319,-1.4615535252396676,-0.7567346062152724,0.04913624319201659,,1.082627922485889
P19,AGEM KANAN,NAIK,4,False,kanal,F7,7.026020267747981,0.5582365361777926,4.281129914780066,2.698616305390863,-0.39448758582029697,kiri,frontotemporal,4.0,False,0.9854938667191022,5.867732372781319,2.746297350363876,2.2169465061768774,-0.9880611158956443,,1.082627922485889
P19,AGEM KANAN,NAIK,4,False,kanal,T3,2.8596658480510158,-0.02983348786857065,1.5348325644161902,-0.08522165394771108,0.8913579257282427,kiri,temporal,3.0,False,0.9622086321625883,5.867732372781319,0.0,-0.5668914531616969,0.2977843956528954,,1.082627922485889
P19,AGEM KANAN,NAIK,4,False,kanal,T5,-1.761142098957862,0.014461240235107642,1.0930098920250964,0.4816697992139858,0.5935735300753473,kiri,temporo-posterior,3.0,False,0.9872131101949917,5.867732372781319,-0.44182267239109385,0.0,0.0,,1.082627922485889
P19,AGEM KANAN,NAIK,4,False,kanal,Fp2,7.74667516376762,0.6320673147401533,0.08253676834590606,-1.5469622603490696,-0.24820416298196202,kanan,frontopolar,4.0,False,0.921675110142044,7.887488590347932,-1.9441596628393665,-1.6012311098478766,-0.6613898472917374,,1.082627922485889
P19,AGEM KANAN,NAIK,4,False,kanal,F4,8.185250735497725,0.6442706751948153,1.6412098204924985,-0.9677507652098059,0.12019114856145074,kanan,frontal,4.0,False,0.9818799143198574,7.887488590347932,-0.3854866106927741,-1.022019614708613,-0.2929945357483247,,1.082627922485889
P19,AGEM KANAN,NAIK,4,False,kanal,C4,9.906535258969171,0.40714184008206544,1.9287811073101624,1.5280889738442016,0.45293681024031174,kanan,sentral,2.0,True,0.9881830798053558,7.887488590347932,-0.09791532387511026,1.4738201243453946,0.03975112593053631,,1.082627922485889
P19,AGEM KANAN,NAIK,4,False,kanal,P4,6.257936297714025,0.16677049590233772,3.935429747200061,2.5359848341143185,0.34018158103173035,kanan,parietal,3.0,False,0.9923718976153986,7.887488590347932,1.9087333160147884,2.4817159846155112,-0.07300410327804507,,1.082627922485889
P19,AGEM KANAN,NAIK,4,False,kanal,O2,8.440432739207097,0.4820489633264853,2.1246117550603834,0.007741309915186179,0.4627457567817628,kanan,oksipital,4.0,False,0.9849159260328288,7.887488590347932,0.0979153238751107,-0.04652753958362088,0.04956007247198735,,1.082627922485889
P19,AGEM KANAN,NAIK,4,False,kanal,F8,6.66764134182452,0.2619296182969675,2.280342955401758,2.0378862744818775,0.3734345583792391,kanan,frontotemporal,3.0,False,0.9828574671650022,7.887488590347932,0.25364652421648515,1.9836174249830705,-0.03975112593053631,,1.082627922485889
P19,AGEM KANAN,NAIK,4,False,kanal,T4,-6.705647410954853,-0.7412565681313963,3.0998565899657344,0.10079638908242794,1.4461855878662375,kanan,temporal,3.0,False,0.96292916114609,7.887488590347932,1.0731601587804618,0.04652753958362088,1.032999903556462,,1.082627922485889
P19,AGEM KANAN,NAIK,4,False,kanal,T6,8.028302016928244,0.5561008883850689,-0.1478417307276142,-1.772848583630668,0.7877556460286672,kanan,temporo-posterior,4.0,False,0.9908874714789315,7.887488590347932,-2.1745381619128867,-1.827117433129475,0.3745699617188918,,1.082627922485889
P19,AGEM KANAN,NAIK,4,False,area,frontopolar,7.189706433670828,0.595024442619276,0.6461113575054062,-1.3549371690342622,-0.30017385083207726,,frontopolar,4.0,False,0.9329345981744014,,,,,True,1.082627922485889
P19,AGEM KANAN,NAIK,4,False,area,frontal,8.097417286372924,0.6065886734892127,1.1506922415404253,-0.7291796115601503,-0.1317135700930897,,frontal,4.0,False,0.9905908967228378,,,,,False,1.082627922485889
P19,AGEM KANAN,NAIK,4,False,area,frontotemporal,7.253158762992044,0.42862736729337914,2.92311401765408,2.963841890493699,-0.05705165551660096,,frontotemporal,4.0,False,0.9889329750916567,,,,,True,1.082627922485889
P19,AGEM KANAN,NAIK,4,False,area,sentral,9.583981257655125,0.38423594171589404,1.9804224650356594,1.3035420408134741,0.28556930988586715,,sentral,3.0,False,0.9913446932193033,,,,,False,1.082627922485889
P19,AGEM KANAN,NAIK,4,False,area,temporal,-0.5497115303681497,-0.32660353510400797,1.7236508985855425,-0.3669391198455134,0.874351809755539,,temporal,3.0,False,0.9714918408460029,,,,,True,1.082627922485889
P19,AGEM KANAN,NAIK,4,False,area,parietal,5.690010752072183,0.11720849266174738,4.493623757315034,2.4644055364883197,0.2596286422139625,,parietal,3.0,False,0.9824774386593573,,,,,False,1.082627922485889
P19,AGEM KANAN,NAIK,4,False,area,temporo-posterior,5.645866470940419,0.32054614462845543,0.14892327281092077,-1.3458660991869973,0.8777570344776555,,temporo-posterior,4.0,False,0.9892713309105636,,,,,False,1.082627922485889
P19,AGEM KANAN,NAIK,4,False,area,oksipital,7.230224882185446,0.52148715535988,1.0602334075715585,-0.30101934499604877,0.2988526704344401,,oksipital,4.0,False,0.9573313444366586,,,,,False,1.082627922485889
P19,AGEM KANAN,POST,4,False,belahan,kiri,4.521810584513165,0.4082803033683359,-0.45925841327028316,0.0017326744626469104,1.1800020309244614,,,,,,,,,,,1.082627922485889
P19,AGEM KANAN,POST,4,False,belahan,kanan,5.109509259067661,0.3254432300337731,0.6893926480209698,0.7959952907330703,0.5835524807713116,,,,,,,,,,,1.082627922485889
P19,AGEM KANAN,POST,4,False,kanal,Fp1,4.52761049276338,0.3984482396300377,-0.28097428208159136,-0.36537266188797535,1.6363716047469674,kiri,frontopolar,4.0,False,0.9723679770330197,4.521810584513165,0.1782841311886918,-0.36710533635062226,0.456369573822506,,1.082627922485889
P19,AGEM KANAN,POST,4,False,kanal,F3,4.516010676262951,0.418112367106634,0.48645541102433854,1.2507732986067062,0.6023113990979317,kiri,frontal,4.0,False,0.9733560856017937,4.521810584513165,0.9457138242946217,1.2490406241440593,-0.5776906318265297,,1.082627922485889
P19,AGEM KANAN,POST,4,False,kanal,C3,,,,,,kiri,sentral,1.0,True,,4.521810584513165,,,,,1.082627922485889
P19,AGEM KANAN,POST,4,False,kanal,P3,,,,,,kiri,parietal,1.0,True,,4.521810584513165,,,,,1.082627922485889
P19,AGEM KANAN,POST,4,False,kanal,O1,6.730604388772406,0.5298690057470132,-0.7141231247070079,0.36883801081326917,0.9229404455467356,kiri,oksipital,4.0,False,0.9823513904038967,4.521810584513165,-0.25486471143672473,0.36710533635062226,-0.25706158537772583,,1.082627922485889
P19,AGEM KANAN,POST,4,False,kanal,F7,4.694475185381535,0.4543447578119153,0.2987233129515382,0.667651156072246,0.6441362141679692,kiri,frontotemporal,4.0,False,0.9848219131637548,4.521810584513165,0.7579817262218214,0.6659184816095991,-0.5358658167564923,,1.082627922485889
P19,AGEM KANAN,POST,4,False,kanal,T3,2.055239600761844,0.021503085436751057,-0.637542544458975,-1.6794292596797737,1.4370636163021873,kiri,temporal,2.0,True,0.9607653352628928,4.521810584513165,-0.1782841311886918,-1.6811619341424207,0.25706158537772583,,1.082627922485889
P19,AGEM KANAN,POST,4,False,kanal,T5,-3.162847035918162,0.03763189454439919,-1.7372544998366921,-1.9507398498160498,1.5010683144202488,kiri,temporo-posterior,2.0,True,0.9590421813277539,4.521810584513165,-1.277996086566409,-1.9524725242786967,0.32106628349578736,,1.082627922485889
P19,AGEM KANAN,POST,4,False,kanal,Fp2,5.254122947081612,0.34153694472797225,-0.6507531806128886,-0.25283685325219096,1.6473305363500106,kanan,frontopolar,4.0,False,0.9568754135497777,5.109509259067661,-1.3401458286338583,-1.0488321439852613,1.063778055578699,,1.082627922485889
P19,AGEM KANAN,POST,4,False,kanal,F4,6.690125400531642,0.4993522961293264,0.883897470427783,-0.7137687843102465,1.567103402568681,kanan,frontal,4.0,False,0.9723047030400237,5.109509259067661,0.19450482240681322,-1.5097640750433168,0.9835509217973694,,1.082627922485889
P19,AGEM KANAN,POST,4,False,kanal,C4,9.494007496124105,0.4480858053668557,0.5277927737158744,0.5985331506389642,0.21895476562525718,kanan,sentral,2.0,True,0.9915375852837137,5.109509259067661,-0.16159987430509537,-0.19746214009410612,-0.36459771514605444,,1.082627922485889
P19,AGEM KANAN,POST,4,False,kanal,P4,10.524076582838546,0.6171431774671425,0.1236897983500973,0.9934574308271764,1.116003761132746,kanan,parietal,2.0,True,0.9824103292491689,5.109509259067661,-0.5657028496708725,0.19746214009410612,0.5324512803614344,,1.082627922485889
P19,AGEM KANAN,POST,4,False,kanal,O2,2.224368667799979,-0.09205602707005212,0.850992522326065,1.0432586038930203,0.492263632629548,kanan,oksipital,2.0,True,0.9688829918170662,5.109509259067661,0.16159987430509526,0.24726331315994998,-0.09128884814176363,,1.082627922485889
P19,AGEM KANAN,POST,4,False,kanal,F8,4.9648955710537095,0.309349515339574,1.4150233461187915,1.4824092814762442,0.22612600108957248,kanan,frontotemporal,2.0,True,0.9864717474609196,5.109509259067661,0.7256306980978218,0.6864139907431739,-0.35742647968173913,,1.082627922485889
P19,AGEM KANAN,POST,4,False,kanal,T4,4.614804313616958,0.21836185875549452,-0.3057992074802651,1.2016861169654613,0.4568935513282642,kanan,temporal,3.0,False,0.9644977963635732,5.109509259067661,-0.9951918555012349,0.40569082623239106,-0.1266589294430474,,1.082627922485889
P19,AGEM KANAN,POST,4,False,kanal,T6,2.211614335336499,0.08402691622010616,0.8908736792044947,-0.793583378041474,0.6748413289130752,kanan,temporo-posterior,4.0,False,0.9591297975971338,5.109509259067661,0.2014810311835249,-1.5895786687745443,0.09128884814176363,,1.082627922485889
P19,AGEM KANAN,POST,4,False,area,frontopolar,4.7857467642947995,0.3328138854707706,-0.4742179373327504,-0.1951798072576656,1.680005499467078,,frontopolar,4.0,False,0.9618064331375321,,,,,True,1.082627922485889
P19,AGEM KANAN,POST,4,False,area,frontal,6.27683768554914,0.47479520807693043,0.4908743915431252,-0.29351669005660064,1.270549631274703,,frontal,4.0,False,0.984529019780704,,,,,False,1.082627922485889
P19,AGEM KANAN,POST,4,False,area,frontotemporal,3.0351063826393485,0.2022325534136269,1.0853880271775802,0.9152815135418915,0.32068908696610443,,frontotemporal,4.0,False,0.9752086734398353,,,,,True,1.082627922485889
P19,AGEM KANAN,POST,4,False,area,sentral,9.58568289682156,0.37248808061701544,0.38399936019959946,0.34965787536974746,-0.04628092692542496,,sentral,2.0,True,0.9906220218796974,,,,,False,1.082627922485889
P19,AGEM KANAN,POST,4,False,area,temporal,3.7961045800352125,0.19763502718917403,-0.18105812486491846,-0.012054006684044438,0.9329313838763358,,temporal,3.0,False,0.9845595065999243,,,,,True,1.082627922485889
P19,AGEM KANAN,POST,4,False,area,parietal,8.985228863127602,0.5139585737288039,-0.08400912169384489,0.9059180594352443,0.9226401709824412,,parietal,2.0,True,0.9757059151181217,,,,,False,1.082627922485889
P19,AGEM KANAN,POST,4,False,area,temporo-posterior,0.7453512555256268,-0.12792835696049254,0.5144316874459154,-0.3342678538885102,1.0501914999677058,,temporo-posterior,4.0,False,0.9474527876711313,,,,,False,1.082627922485889
P19,AGEM KANAN,POST,4,False,area,oksipital,5.907932511988427,0.3697205842371113,-0.24814162970417608,0.8905893843429569,1.035066017962617,,oksipital,4.0,False,0.9832221443658278,,,,,False,1.082627922485889
P19,AGEM KIRI,PRA,4,False,belahan,kiri,1.0158738715528841,-0.020540444946560155,1.2495601171025899,1.0702962754188574,0.9185405007729696,,,,,,,,,,,1.082627922485889
P19,AGEM KIRI,PRA,4,False,belahan,kanan,4.51956112017081,0.39198048072755515,1.0729562351121351,1.221756439400356,0.48778125418048834,,,,,,,,,,,1.082627922485889
P19,AGEM KIRI,PRA,4,False,kanal,Fp1,1.7659391980942516,0.4485779213249439,0.8288469757605188,0.6199502914994861,0.9862222999926955,kiri,frontopolar,4.0,False,0.980844765418517,1.0158738715528841,-0.42071314134207105,-0.4503459839193713,0.06768179921972595,,1.082627922485889
P19,AGEM KIRI,PRA,4,False,kanal,F3,4.057534671495567,0.4012173245720987,1.4140338048121426,1.6476097044943567,1.448993319576045,kiri,frontal,2.0,True,0.9486926521464021,1.0158738715528841,0.16447368770955273,0.5773134290754993,0.5304528188030754,,1.082627922485889
P19,AGEM KIRI,PRA,4,False,kanal,C3,0.26580854501151663,-0.02340262371466717,2.690276030475199,1.4820181113475541,1.4571120633417034,kiri,sentral,2.0,True,0.9447302156525093,1.0158738715528841,1.4407159133726093,0.4117218359286967,0.5385715625687338,,1.082627922485889
P19,AGEM KIRI,PRA,4,False,kanal,P3,-1.584830030367904,-0.1776698267174015,0.8592812176537246,0.09291208672980655,1.03332587343305,kiri,parietal,2.0,True,0.9495834448176279,1.0158738715528841,-0.3902788994488653,-0.9773841886890509,0.11478537266008038,,1.082627922485889
P19,AGEM KIRI,PRA,4,False,kanal,O1,2.471668663875107,0.35077446084721386,0.006617437226673628,0.5381810912974352,0.30183871043914,kiri,oksipital,3.0,False,0.9490680680758844,1.0158738715528841,-1.2429426798759162,-0.5321151841214222,-0.6167017903338295,,1.082627922485889
P19,AGEM KIRI,PRA,4,False,kanal,F7,-0.2814578727711634,-0.01767826617845314,3.0500197625542214,2.0223457528163076,0.6814135266637944,kiri,frontotemporal,2.0,True,0.9576645008654209,1.0158738715528841,1.8004596454516315,0.9520494773974502,-0.23712697410917516,,1.082627922485889
P19,AGEM KIRI,PRA,4,False,kanal,T3,4.2421109556475685,-0.027810035156453417,3.6759489665526015,2.2605541357133365,0.8508587015532436,kiri,temporal,2.0,True,0.978923830303038,1.0158738715528841,2.426388849450012,1.190257860294479,-0.06768179921972595,,1.082627922485889
P19,AGEM KIRI,PRA,4,False,kanal,T5,-6.9711520397411775,-0.27105688424461216,1.0850864293930371,0.6585744394901609,0.31095492503798305,kiri,temporo-posterior,2.0,True,0.9824554611832454,1.0158738715528841,-0.16447368770955273,-0.4117218359286965,-0.6075855757349865,,1.082627922485889
P19,AGEM KIRI,PRA,4,False,kanal,Fp2,3.8661631409506327,0.4547560172268509,0.17925597335596177,-0.3899272594990446,0.6895265079006565,kanan,frontopolar,4.0,False,0.9762721306808213,4.51956112017081,-0.8937002617561733,-1.6116836988994006,0.20174525372016816,,1.082627922485889
P19,AGEM KIRI,PRA,4,False,kanal,F4,5.554866848744638,0.5507455337365863,2.1535813687079477,1.3660133847166098,0.24655760576752528,kanan,frontal,3.0,False,0.9800078927001146,4.51956112017081,1.0806251335958126,0.14425694531625388,-0.24122364841296307,,1.082627922485889
P19,AGEM KIRI,PRA,4,False,kanal,C4,3.833367184093042,0.10278569137190452,0.6299281209396551,-0.40049879867097715,0.46734699400308677,kanan,sentral,3.0,False,0.972900856220974,4.51956112017081,-0.44302811417248,-1.622255238071333,-0.020434260177401575,,1.082627922485889
P19,AGEM KIRI,PRA,4,False,kanal,P4,13.167465669882311,0.9306204208170124,0.8709145777055299,1.8630677015522354,1.4599680117448608,kanan,parietal,2.0,True,0.9756700398343024,4.51956112017081,-0.20204165740660518,0.6413112621518795,0.9721867575643725,,1.082627922485889
P19,AGEM KIRI,PRA,4,False,kanal,O2,4.384978849846192,0.31751791035612653,0.7275057799638446,1.077499494084102,0.3894914789435975,kanan,oksipital,3.0,False,0.9866405520107931,4.51956112017081,-0.34545045514829054,-0.14425694531625388,-0.09828977523689086,,1.082627922485889
P19,AGEM KIRI,PRA,4,False,kanal,F8,4.3361778847200725,0.28502080229480353,1.4855914622939015,1.5371663384962067,0.6281857610647685,kanan,frontotemporal,3.0,False,0.985049200470415,4.51956112017081,0.4126352271817664,0.3154098990958507,0.1404045068842802,,1.082627922485889
P19,AGEM KIRI,PRA,4,False,kanal,T4,4.6541433904954275,0.3292049442282594,2.3524066603367744,2.176644507699465,0.5082155143578899,kanan,temporal,2.0,True,0.9484025054906268,4.51956112017081,1.2794504252246393,0.9548880682991092,0.020434260177401575,,1.082627922485889
P19,AGEM KIRI,PRA,4,False,kanal,T6,7.028006375222418,0.5671164777838789,1.2749978925187402,0.08031201811178024,0.36596042447654975,kanan,temporo-posterior,3.0,False,0.9793475192374526,4.51956112017081,0.20204165740660507,-1.1414444212885757,-0.1218208297039386,,1.082627922485889
P19,AGEM KIRI,PRA,4,False,area,frontopolar,2.9261400521411574,0.4106728395622795,0.390267183145952,-0.13503127885683242,0.6887272258499781,,frontopolar,4.0,False,0.9775366718332477,,,,,True,1.082627922485889
P19,AGEM KIRI,PRA,4,False,area,frontal,5.344576744804499,0.47000284622137545,1.3067806770686607,0.969608183672225,0.4417746509115753,,frontal,3.0,False,0.9834980626362041,,,,,False,1.082627922485889
P19,AGEM KIRI,PRA,4,False,area,frontotemporal,6.077868874154774,0.4941253280088229,1.2526595820924395,0.9194567422277165,0.6031928661432556,,frontotemporal,3.0,False,0.9887547386754051,,,,,True,1.082627922485889
P19,AGEM KIRI,PRA,4,False,area,sentral,4.0962245425937525,0.09744300418417007,0.664608865852806,-0.5182467574138854,0.33385714373363107,,sentral,3.0,False,0.9779861944094164,,,,,False,1.082627922485889
P19,AGEM KIRI,PRA,4,False,area,temporal,4.22462758775653,0.06253504442411373,3.144443113462515,2.2091825010906825,0.6408785701598345,,temporal,2.0,True,0.9848651652138873,,,,,True,1.082627922485889
P19,AGEM KIRI,PRA,4,False,area,parietal,7.119964974271575,0.4028427845682845,1.6171263926611978,1.0823341940248843,0.42130632885782093,,parietal,2.0,True,0.9703050775348314,,,,,False,1.082627922485889
P19,AGEM KIRI,PRA,4,False,area,temporo-posterior,4.005685879776905,0.25693091710620375,0.987239894255596,0.3481441501840621,0.2939943932589726,,temporo-posterior,3.0,False,0.9816803293708944,,,,,False,1.082627922485889
P19,AGEM KIRI,PRA,4,False,area,oksipital,2.55293334133205,0.28074324551354424,0.2830454591945991,0.4475609754770602,-0.080147419747566,,oksipital,3.0,False,0.966202979366184,,,,,False,1.082627922485889
P19,AGEM KIRI,TURUN,4,False,belahan,kiri,6.025899077393635,0.45360698704045055,1.4410835750192352,1.3345535854266637,0.7403891616571283,,,,,,,,,,,1.082627922485889
P19,AGEM KIRI,TURUN,4,False,belahan,kanan,3.8463980740582357,0.26176427095241683,1.2933691993927146,1.0544250698502378,0.7701969282662391,,,,,,,,,,,1.082627922485889
P19,AGEM KIRI,TURUN,4,False,kanal,Fp1,4.32060475310913,0.4094553749427241,1.43423327326951,0.894785374735191,0.6738686261573854,kiri,frontopolar,3.0,False,0.9842709468407363,6.025899077393635,-0.006850301749725229,-0.43976821069147265,-0.0665205354997429,,1.082627922485889
P19,AGEM KIRI,TURUN,4,False,kanal,F3,7.802082140623277,0.6297512199825097,0.07832774662367648,0.8313016252151693,1.6548270709418573,kiri,frontal,3.0,False,0.9319400070159446,6.025899077393635,-1.3627558283955588,-0.5032519602114944,0.914437909284729,,1.082627922485889
P19,AGEM KIRI,TURUN,4,False,kanal,C3,4.644329751935345,0.352653104158984,3.8390639996523186,1.7743217961181366,1.5064196564946797,kiri,sentral,2.0,True,0.9692433253916022,6.025899077393635,2.3979804246330834,0.43976821069147287,0.7660304948375514,,1.082627922485889
P19,AGEM KIRI,TURUN,4,False,kanal,P3,6.691582438353038,0.6735839330949309,2.086262043801575,2.053994990087883,2.2611821343092853,kiri,parietal,2.0,True,0.9499003408561232,6.025899077393635,0.6451784687823396,0.7194414046612194,1.520792972652157,,1.082627922485889
P19,AGEM KIRI,TURUN,4,False,kanal,O1,7.9857003334952665,0.6138297121863727,1.8497524532716834,0.5727540630810064,-0.20227366491850018,kiri,oksipital,3.0,False,0.979377215615059,6.025899077393635,0.40866887825244813,-0.7617995223456573,-0.9426628265756285,,1.082627922485889
P19,AGEM KIRI,TURUN,4,False,kanal,F7,9.364267961972153,0.497758599138177,1.4479338767689602,3.0240690966794523,0.7715415012364217,kiri,frontotemporal,3.0,False,0.9763803267113381,6.025899077393635,0.006850301749725007,1.6895155112527886,0.03115233957929342,,1.082627922485889
P19,AGEM KIRI,TURUN,4,False,kanal,T3,5.360215716434233,0.04715831411497695,-0.016981979135692882,2.3262425485424645,0.6897121871570173,kiri,temporal,2.0,True,0.8799774830222991,6.025899077393635,-1.4580655541549281,0.9916889631158008,-0.050676974500110994,,1.082627922485889
P19,AGEM KIRI,TURUN,4,False,kanal,T5,-6.640264408873065,-0.42977851330646977,1.1705071244028038,0.49984236392389225,0.7092368220778349,kiri,temporo-posterior,2.0,True,0.9573329699385493,6.025899077393635,-0.27057645061643143,-0.8347112215027714,-0.03115233957929342,,1.082627922485889
P19,AGEM KIRI,TURUN,4,False,kanal,Fp2,3.566815835089713,0.3258404121275439,0.08128365401813054,1.162758594957956,0.86743172485843,kanan,frontopolar,3.0,False,0.9558509668228795,3.8463980740582357,-1.212085545374584,0.10833352510771821,0.09723479659219092,,1.082627922485889
P19,AGEM KIRI,TURUN,4,False,kanal,F4,4.672895208347249,0.4725859271462616,1.072213486159751,0.9460915447425196,1.2467285258939897,kanan,frontal,3.0,False,0.972781433149786,3.8463980740582357,-0.22115571323296357,-0.10833352510771821,0.47653159762775066,,1.082627922485889
P19,AGEM KIRI,TURUN,4,False,kanal,C4,-0.6033159076658805,-0.08095072681119575,0.930200286241441,1.2264449538282811,1.245121517500374,kanan,sentral,4.0,False,0.9875431627024136,3.8463980740582357,-0.36316891315127353,0.17201988397804335,0.47492458923413494,,1.082627922485889
P19,AGEM KIRI,TURUN,4,False,kanal,P4,3.131773778428311,0.041253751396652216,0.6618962171727744,2.0253735098985945,0.460264904395716,kanan,parietal,3.0,False,0.9773962508495209,3.8463980740582357,-0.6314729822199402,0.9709484400483568,-0.3099320238705231,,1.082627922485889
P19,AGEM KIRI,TURUN,4,False,kanal,O2,3.9893720240729635,0.26076119257345054,3.3477591378192884,2.5802046616682914,0.6729621316740482,kanan,oksipital,3.0,False,0.9615292802036792,3.8463980740582357,2.054389938426574,1.5257795918180537,-0.09723479659219092,,1.082627922485889
P19,AGEM KIRI,TURUN,4,False,kanal,F8,3.703424124043508,0.14698004031105483,2.1601193665907723,0.41311839666735795,0.2826916684092815,kanan,frontotemporal,3.0,False,0.9569693426433967,3.8463980740582357,0.8667501671980578,-0.6413066731828798,-0.4875052598569576,,1.082627922485889
P19,AGEM KIRI,TURUN,4,False,kanal,T4,6.378513365784613,0.2627673493313831,1.8994348188932926,-0.47127610143313614,1.1190118732218166,kanan,temporal,3.0,False,0.9768937812271042,3.8463980740582357,0.606065619500578,-1.525701171283374,0.3488149449555775,,1.082627922485889
P19,AGEM KIRI,TURUN,4,False,kanal,T6,7.048416224240853,0.5954164048172559,1.514524912625678,-0.8642202484578685,0.36813194354035605,kanan,temporo-posterior,3.0,False,0.9718025020642941,3.8463980740582357,0.22115571323296335,-1.9186453183081063,-0.40206498472588303,,1.082627922485889
P19,AGEM KIRI,TURUN,4,False,area,frontopolar,3.7961138379957333,0.34558858830641526,0.5663717130752915,1.052604582961687,0.7949121039535685,,frontopolar,3.0,False,0.974769867239394,,,,,True,1.082627922485889
P19,AGEM KIRI,TURUN,4,False,area,frontal,5.286927514661706,0.4422810242241977,0.6681750787667318,0.5605189716562631,0.9241195114975963,,frontal,3.0,False,0.988065682838191,,,,,False,1.082627922485889
P19,AGEM KIRI,TURUN,4,False,area,frontotemporal,6.723461969931648,0.29464756635279543,1.5318715414176367,2.6123001545603834,0.3890152200108493,,frontotemporal,3.0,False,0.9684931087906056,,,,,True,1.082627922485889
P19,AGEM KIRI,TURUN,4,False,area,sentral,3.3946859705054706,0.13983215439833385,0.2577597630872208,0.7450756168059232,1.2350662732816615,,sentral,4.0,False,0.9841618399660359,,,,,False,1.082627922485889
P19,AGEM KIRI,TURUN,4,False,area,temporal,6.030900874398796,0.1503582265951824,0.5398324695881035,0.4600414646919826,0.34059171424679974,,temporal,3.0,False,0.9849981622676748,,,,,True,1.082627922485889
P19,AGEM KIRI,TURUN,4,False,area,parietal,3.1443493048629136,0.1100114480380272,1.355170917246276,1.7962232989162987,0.6510614336626294,,parietal,3.0,False,0.9829177587288548,,,,,False,1.082627922485889
P19,AGEM KIRI,TURUN,4,False,area,temporo-posterior,4.447753793388884,0.3158822638940755,1.1317762831995775,-0.1573118741734607,0.39454050617743874,,temporo-posterior,3.0,False,0.9749609234406924,,,,,False,1.082627922485889
P19,AGEM KIRI,TURUN,4,False,area,oksipital,6.521088127942257,0.4661037330090111,2.240950122117591,0.9451147299708071,-0.22845062131911875,,oksipital,3.0,False,0.9787751615563552,,,,,False,1.082627922485889
P19,AGEM KIRI,TAHAN,4,False,belahan,kiri,7.431148279358261,0.6234321231245618,-1.3231154744502098,-0.9254455302263811,0.07997973123131413,,,,,,,,,,,1.082627922485889
P19,AGEM KIRI,TAHAN,4,False,belahan,kanan,5.9861989889808385,0.5732126930541814,-0.19300131473305976,-0.6864764525041321,0.33821076467894284,,,,,,,,,,,1.082627922485889
P19,AGEM KIRI,TAHAN,4,False,kanal,Fp1,7.076197995353091,0.4590208267125946,-2.313201925906937,-0.8412197587373553,-0.7248811755120927,kiri,frontopolar,4.0,False,0.8493562927864693,7.431148279358261,-0.9900864514567274,0.08422577148902577,-0.8048609067434069,,1.082627922485889
P19,AGEM KIRI,TAHAN,4,False,kanal,F3,7.780679387373681,0.7669899876849633,-0.09084922976885124,1.317999668477416,0.20751101363117386,kiri,frontal,3.0,False,0.9845123816995184,7.431148279358261,1.2322662446813586,2.243445198703797,0.12753128239985972,,1.082627922485889
P19,AGEM KIRI,TAHAN,4,False,kanal,C3,9.896284778045867,0.7578491885916028,-2.0608797734782143,1.7396106501403283,0.8899796779741631,kiri,sentral,2.0,True,0.8698406682885113,7.431148279358261,-0.7377642990280044,2.6650561803667094,0.8099999467428489,,1.082627922485889
P19,AGEM KIRI,TAHAN,4,False,kanal,P3,7.081617171342842,0.342362939628688,-1.6298616917043303,-3.3305383331211553,0.7692765054844003,kiri,parietal,2.0,True,0.7658836037150126,7.431148279358261,-0.30674621725412043,-2.4050928028947745,0.6892967742530862,,1.082627922485889
P19,AGEM KIRI,TAHAN,4,False,kanal,O1,10.22774148075591,0.9325793961350732,-1.0163692571960892,-0.2783133179309165,-0.04755155116854559,kiri,oksipital,4.0,False,0.9704965577627886,7.431148279358261,0.30674621725412066,0.6471322122954646,-0.12753128239985972,,1.082627922485889
P19,AGEM KIRI,TAHAN,4,False,kanal,F7,12.31651131996935,0.9349939588694092,-0.7530598868796583,-1.0096713017154069,-0.0648795744992876,kiri,frontotemporal,4.0,False,0.9602917088843719,7.431148279358261,0.5700555875705515,-0.08422577148902577,-0.14485930573060174,,1.082627922485889
P19,AGEM KIRI,TAHAN,4,False,kanal,T3,6.505674275432909,0.48901505765752074,-0.7769749983382346,-3.059163757884108,1.4313156273028889,kiri,temporal,2.0,True,0.8627277339616429,7.431148279358261,0.5461404761119752,-2.1337182276577273,1.3513358960715747,,1.082627922485889
P19,AGEM KIRI,TAHAN,4,False,kanal,T5,2.7756299818206003,0.3311097764731836,-3.286114297698382,-3.061619631017563,-0.3421685298546606,kiri,temporo-posterior,2.0,True,0.871124773108992,7.431148279358261,-1.962998823248172,-2.136174100791182,-0.42214826108597475,,1.082627922485889
P19,AGEM KIRI,TAHAN,4,False,kanal,Fp2,7.690294498171156,0.7089296624806009,-1.2352322106516649,-0.6142419541025212,-0.8125954792505039,kanan,frontopolar,4.0,False,0.9071353510847939,5.9861989889808385,-1.042230895918605,0.07223449840161089,-1.1508062439294466,,1.082627922485889
P19,AGEM KIRI,TAHAN,4,False,kanal,F4,7.71511726693965,0.8404895134371089,0.3625901230695716,-1.0691653457976384,-0.10653310944851391,kanan,frontal,3.0,False,0.9493556029936339,5.9861989889808385,0.5555914378026314,-0.3826888932935063,-0.44474387412745675,,1.082627922485889
P19,AGEM KIRI,TAHAN,4,False,kanal,C4,4.649915537905969,0.4374957236277619,0.8496740498447725,-0.8943182755626347,0.5238207444937326,kanan,sentral,2.0,True,0.9792232582735577,5.9861989889808385,1.0426753645778322,-0.20784182305850252,0.18560997981478977,,1.082627922485889
P19,AGEM KIRI,TAHAN,4,False,kanal,P4,2.720560673346583,0.28164844238230136,-0.37019759289458165,-1.0081836980806127,0.24854348653236835,kanan,parietal,2.0,True,0.9531775335997148,5.9861989889808385,-0.1771962781615219,-0.32170724557648056,-0.08966727814657449,,1.082627922485889
P19,AGEM KIRI,TAHAN,4,False,kanal,O2,9.465433198935955,0.7475061000105081,-0.015805036571537867,-0.2947011184874815,0.42787804282551734,kanan,oksipital,3.0,False,0.9659192044745336,5.9861989889808385,0.1771962781615219,0.39177533401665066,0.08966727814657449,,1.082627922485889
P19,AGEM KIRI,TAHAN,4,False,kanal,F8,0.589635993341858,0.31394250560960235,-1.2693981693871619,-0.758710950905743,1.2943756142927134,kanan,frontotemporal,2.0,True,0.8690269128990968,5.9861989889808385,-1.076396854654102,-0.07223449840161089,0.9561648496137706,,1.082627922485889
P19,AGEM KIRI,TAHAN,4,False,kanal,T4,1.4128504672834907,0.17629061308433291,-0.4163140763971013,0.046246973915173184,0.9040406032952377,kanan,temporal,3.0,False,0.9722843657020791,5.9861989889808385,-0.22331276166404151,0.7327234264193053,0.5658298386162949,,1.082627922485889
P19,AGEM KIRI,TAHAN,4,False,kanal,T6,7.322482440055708,0.7093356080585465,1.245291347039077,0.5395679863933633,-0.36296378314604305,kanan,temporo-posterior,3.0,False,0.9943930944957486,5.9861989889808385,1.4382926617721368,1.2260444388974956,-0.7011745478249859,,1.082627922485889
P19,AGEM KIRI,TAHAN,4,False,area,frontopolar,8.38467689094579,0.6855048439651467,-2.0470892786597026,-1.0237579537264456,-0.9358169416625345,,frontopolar,4.0,False,0.8899769965818478,,,,,True,1.082627922485889
P19,AGEM KIRI,TAHAN,4,False,area,frontal,8.58094302222743,0.8972987364966178,-0.0095292099358385,-0.079300941117467,0.2809603373911912,,frontal,3.0,False,0.9879683578282398,,,,,False,1.082627922485889
P19,AGEM KIRI,TAHAN,4,False,area,frontotemporal,10.034416126018655,0.7135207871474127,-0.5620004615667878,-0.46090480977256476,0.4952014005689048,,frontotemporal,4.0,False,0.983026189833569,,,,,True,1.082627922485889
P19,AGEM KIRI,TAHAN,4,False,area,sentral,5.182748347036963,0.4169795710838584,0.14602255120015284,-0.5962959386895523,0.2013604325966052,,sentral,2.0,True,0.9830155423492621,,,,,False,1.082627922485889
P19,AGEM KIRI,TAHAN,4,False,area,temporal,4.060093797599855,0.28134903951815193,-0.9407150127743485,-1.7494001447155172,0.5785349532022332,,temporal,3.0,False,0.9538741719413157,,,,,True,1.082627922485889
P19,AGEM KIRI,TAHAN,4,False,area,parietal,3.9940710007434674,0.20589136527552188,-1.1071322961057932,-2.2979962129058853,0.42444789674702665,,parietal,2.0,True,0.8641452188341423,,,,,False,1.082627922485889
P19,AGEM KIRI,TAHAN,4,False,area,temporo-posterior,8.363277930782402,0.683054148417289,-0.18649898009743815,-0.22472794024354004,-0.23181930211522928,,temporo-posterior,3.0,False,0.9881814975034312,,,,,False,1.082627922485889
P19,AGEM KIRI,TAHAN,4,False,area,oksipital,9.798862699661619,0.8492554368306865,-0.8580598073339757,0.4444872242433009,0.20990148748856274,,oksipital,4.0,False,0.96779704703603,,,,,False,1.082627922485889
P19,NGEED,PRA,4,False,belahan,kiri,2.3296948108212128,0.29805001737977843,-0.0696764647581069,1.837414831501089,0.5807130467843147,,,,,,,,,,,1.082627922485889
P19,NGEED,PRA,4,False,belahan,kanan,1.811895481157137,0.20765950285413104,-0.2428974996833519,1.5187626190229135,0.9766869976734236,,,,,,,,,,,1.082627922485889
P19,NGEED,PRA,4,False,kanal,Fp1,2.1098368807568875,0.4426778727882561,0.19831564281053482,1.6941479861744675,0.24398443970935135,kiri,frontopolar,3.0,False,0.970491774762048,2.3296948108212128,0.2679921075686417,-0.14326684532662148,-0.3367286070749633,,1.082627922485889
P19,NGEED,PRA,4,False,kanal,F3,2.837860963002619,0.2513271348631898,0.6321148987975594,0.8770054210621927,0.6098112846846523,kiri,frontal,3.0,False,0.9351649896227646,2.3296948108212128,0.7017913635556663,-0.9604094104388963,0.02909823790033761,,1.082627922485889
P19,NGEED,PRA,4,False,kanal,C3,0.40420790662724926,0.027348296708615605,1.8175965229172326,2.901641452724423,0.7155562576984356,kiri,sentral,3.0,False,0.98141044048204,2.3296948108212128,1.8872729876753396,1.064226621223334,0.13484321091412088,,1.082627922485889
P19,NGEED,PRA,4,False,kanal,P3,3.9608411868161397,0.3753263416631547,-0.646105514384529,0.19675103166048857,1.54025667437645,kiri,parietal,4.0,False,0.9325028025287302,2.3296948108212128,-0.5764290496264222,-1.6406637998406004,0.9595436275921354,,1.082627922485889
P19,NGEED,PRA,4,False,kanal,O1,3.61006888353932,0.5146746650464136,-0.4833399378964648,0.46452254044867125,0.2339660906624803,kiri,oksipital,3.0,False,0.9469063898372847,2.3296948108212128,-0.4136634731383579,-1.3728922910524177,-0.34674695612183437,,1.082627922485889
P19,NGEED,PRA,4,False,kanal,F7,1.2794530964146489,0.34477289989636706,0.6381043783936174,1.9806816768277105,0.5516148088839772,kiri,frontotemporal,3.0,False,0.9614214337814189,2.3296948108212128,0.7077808431517243,0.14326684532662148,-0.029098237900337498,,1.082627922485889
P19,NGEED,PRA,4,False,kanal,T3,2.549552740885538,-0.11825322785805814,-0.33766857232674863,5.283716531526378,1.8093489118463513,kiri,temporal,3.0,False,0.9748863660258648,2.3296948108212128,-0.2679921075686417,3.4463017000252885,1.2286358650620366,,1.082627922485889
P19,NGEED,PRA,4,False,kanal,T5,1.479425353860485,0.1911195602574618,-0.3773610998366922,2.3496062676079137,0.42865602240358425,kiri,temporo-posterior,3.0,False,0.9922643226826313,2.3296948108212128,-0.3076846350785853,0.5121914361068247,-0.15205702438073043,,1.082627922485889
P19,NGEED,PRA,4,False,kanal,Fp2,0.05764385406158112,0.4153324300430069,0.3407673532244321,-0.17343056683437386,0.34122629374965263,kanan,frontopolar,3.0,False,0.963822483483616,1.811895481157137,0.5836648529077839,-1.6921931858572874,-0.635460703923771,,1.082627922485889
P19,NGEED,PRA,4,False,kanal,F4,0.5963355787377012,0.3002719459669674,-0.28705675740490155,-0.3178368928791069,-0.10570099625970997,kanan,frontal,3.0,False,0.9245610579763633,1.811895481157137,-0.04415925772154966,-1.8365995119020204,-1.0823879939331336,,1.082627922485889
P19,NGEED,PRA,4,False,kanal,C4,4.441452029804253,0.19403757019197387,1.973801253696132,4.323503288224755,1.148978192092703,kanan,sentral,4.0,False,0.9687766509998841,1.811895481157137,2.2166987533794837,2.8047406692018413,0.17229119441927931,,1.082627922485889
P19,NGEED,PRA,4,False,kanal,P4,-2.5747417170056224,-0.18402423536092138,-0.8879127493991013,1.4884799061684444,1.5492562156351963,kanan,parietal,3.0,False,0.9628487446608043,1.811895481157137,-0.6450152497157493,-0.03028271285446915,0.5725692179617727,,1.082627922485889
P19,NGEED,PRA,4,False,kanal,O2,2.651035312764243,0.21396912793451084,0.704854129702655,2.7869725188668664,0.9459949877261109,kanan,oksipital,3.0,False,0.9748518939742504,1.811895481157137,0.9477516293860069,1.2682098998439528,-0.030692009947312693,,1.082627922485889
P19,NGEED,PRA,4,False,kanal,F8,2.1650684545058283,0.24014902361751633,-0.19873824196180223,1.5490453318773825,1.0073790076207363,kanan,frontotemporal,4.0,False,0.9826159794903027,1.811895481157137,0.04415925772154966,0.03028271285446893,0.030692009947312693,,1.082627922485889
P19,NGEED,PRA,4,False,kanal,T4,6.158730140933535,0.0498363088546252,-0.4305148916223428,6.017336799269647,2.4971504557537405,kanan,temporal,3.0,False,0.9753985156367553,1.811895481157137,-0.1876173919389909,4.498574180246734,1.520463458080317,,1.082627922485889
P19,NGEED,PRA,4,False,kanal,T6,1.4587225078084458,0.20134987777375124,-1.154017387655351,0.8767447004081736,0.5503706019736008,kanan,temporo-posterior,3.0,False,0.9166278114188728,1.811895481157137,-0.911119887971999,-0.6420179186147399,-0.4263163956998228,,1.082627922485889
P19,NGEED,PRA,4,False,area,frontopolar,0.46772754431172103,0.37473761469327804,0.27483976244130737,0.3344599631596372,-0.11030739380755328,,frontopolar,3.0,False,0.9540952087027241,,,,,True,1.082627922485889
P19,NGEED,PRA,4,False,area,frontal,1.808761750630481,0.2900982870276252,0.13702999464494492,0.023989107103856266,0.05087528085850068,,frontal,3.0,False,0.9701773203161339,,,,,False,1.082627922485889
P19,NGEED,PRA,4,False,area,frontotemporal,2.7160270381938787,0.4325848337711593,-0.12421110921234435,1.4795962604406236,0.6646620145529639,,frontotemporal,4.0,False,0.9768716478914737,,,,,True,1.082627922485889
P19,NGEED,PRA,4,False,area,sentral,7.988385594740542,0.3814338929287797,2.1798894499785106,4.706475948863307,1.665967048734041,,sentral,4.0,False,0.9802232377172884,,,,,False,1.082627922485889
P19,NGEED,PRA,4,False,area,temporal,4.509473799757117,-0.03591948175686044,-0.4649072976063051,5.472356262277152,2.052075711882199,,temporal,3.0,False,0.9711953070871203,,,,,True,1.082627922485889
P19,NGEED,PRA,4,False,area,parietal,1.3899567717531625,0.16379591946048877,-1.1172648865618888,0.5780012933818826,1.522317289360727,,parietal,4.0,False,0.9463045278942466,,,,,False,1.082627922485889
P19,NGEED,PRA,4,False,area,temporo-posterior,1.0791243356137556,0.16382448177200648,-0.7340395403204414,1.2023763082533931,0.46223960822824317,,temporo-posterior,3.0,False,0.9527907624046525,,,,,False,1.082627922485889
P19,NGEED,PRA,4,False,area,oksipital,3.1362444148809345,0.4198883558288019,0.0032736323867071926,1.2389773150008079,0.47397393390840814,,oksipital,3.0,False,0.961504214571455,,,,,False,1.082627922485889
P19,NGEED,TURUN,4,False,belahan,kiri,8.127466881525887,0.5344791232821279,1.329047377406905,0.5849149677872667,0.6106212439858828,,,,,,,,,,,1.082627922485889
P19,NGEED,TURUN,4,False,belahan,kanan,5.142111585591337,0.29098250111039237,1.3783005493275111,0.40625859144126375,0.8262045791262864,,,,,,,,,,,1.082627922485889
P19,NGEED,TURUN,4,False,kanal,Fp1,11.159628073367259,1.1980122056918123,2.013146035590566,-0.39010100027797723,0.7303600484717505,kiri,frontopolar,4.0,False,0.9878468111279175,8.127466881525887,0.684098658183661,-0.9750159680652439,0.11973880448586771,,1.082627922485889
P19,NGEED,TURUN,4,False,kanal,F3,6.965047432112648,0.3705650943668246,1.3758883616339883,1.8484519141923066,-0.25044931605684345,kiri,frontal,4.0,False,0.9727792179917446,8.127466881525887,0.04684098422708338,1.2635369464050399,-0.8610705600427262,,1.082627922485889
P19,NGEED,TURUN,4,False,kanal,C3,10.247540864036047,0.5001416183218337,2.9436942791623375,0.4344126339319456,1.1448155550574077,kiri,sentral,4.0,False,0.9860269293893034,8.127466881525887,1.6146469017554326,-0.15050233385532108,0.5341943110715249,,1.082627922485889
P19,NGEED,TURUN,4,False,kanal,P3,11.053632852466123,0.7700092394233815,3.317963679927713,-0.7362136345514108,1.660104429730136,kiri,parietal,4.0,False,0.9792690605809194,8.127466881525887,1.988916302520808,-1.3211286023386775,1.0494831857442533,,1.082627922485889
P19,NGEED,TURUN,4,False,kanal,O1,8.593442957760914,0.8436501914743244,0.7598957505964438,0.46560409466181696,0.30145991374589687,kiri,oksipital,4.0,False,0.9860395632830691,8.127466881525887,-0.5691516268104612,-0.11931087312544975,-0.30916133023998593,,1.082627922485889
P19,NGEED,TURUN,4,False,kanal,F7,7.3956073815807315,0.5688166282424221,1.2822063931798215,1.8203836505254474,0.4908824395000151,kiri,frontotemporal,4.0,False,0.9742558778364936,8.127466881525887,-0.04684098422708338,1.2354686827381807,-0.11973880448586771,,1.082627922485889
P19,NGEED,TURUN,4,False,kanal,T3,7.66149080529086,0.3130941561556795,-0.6642492383882886,0.827317718748968,0.80526114584128,kiri,temporal,4.0,False,0.9794495775975756,8.127466881525887,-1.9932966157951935,0.24240275096170127,0.19463990185539715,,1.082627922485889
P19,NGEED,TURUN,4,False,kanal,T5,-1.1561836367912264,0.007145099548524048,0.25891873791165254,0.7042258409127164,-1.0911720107046952,kiri,temporo-posterior,4.0,False,0.9497605412314845,8.127466881525887,-1.0701286394952523,0.11931087312544975,-1.7017932546905779,,1.082627922485889
P19,NGEED,TURUN,4,False,kanal,Fp2,12.595989691293873,1.4317760074218193,1.9033286594693672,-2.2955521526313505,0.9607796580579173,kanan,frontopolar,4.0,False,0.9902529246292061,5.142111585591337,0.5250281101418561,-2.7018107440726142,0.1345750789316309,,1.082627922485889
P19,NGEED,TURUN,4,False,kanal,F4,7.362733405579654,0.7832216137914831,1.4933339399358188,0.32087883486615976,-0.034639890719485034,kanan,frontal,4.0,False,0.9915943753253583,5.142111585591337,0.11503339060830764,-0.085379756575104,-0.8608444698457715,,1.082627922485889
P19,NGEED,TURUN,4,False,kanal,C4,-1.4258371077495866,0.055209727082469406,4.173767349333053,0.1711174550893828,1.3714411247577043,kanan,sentral,4.0,False,0.9894914409669198,5.142111585591337,2.795466800005542,-0.23514113635188094,0.5452365456314179,,1.082627922485889
P19,NGEED,TURUN,4,False,kanal,P4,1.955558660512807,0.07756075626522296,1.0698504422807198,2.3442462362994996,1.0826973476651047,kanan,parietal,4.0,False,0.9785122187229964,5.142111585591337,-0.3084501070467913,1.9379876448582358,0.2564927685388183,,1.082627922485889
P19,NGEED,TURUN,4,False,kanal,O2,7.571259792218427,0.41735350313650166,1.1456962926997933,0.49163834801636774,0.4195616418407784,kanan,oksipital,4.0,False,0.9921443123296283,5.142111585591337,-0.23260425662771778,0.085379756575104,-0.40664293728550804,,1.082627922485889
P19,NGEED,TURUN,4,False,kanal,F8,0.8105264558891179,-0.07941840051338223,2.500620437269803,2.0736787076235097,0.9358947329698466,kanan,frontotemporal,4.0,False,0.9874451855930527,5.142111585591337,1.122319887942292,1.667420116182246,0.10969015384356018,,1.082627922485889
P19,NGEED,TURUN,4,False,kanal,T4,3.7912585814793758,0.16461149908428307,1.2632671587192035,3.298822894103636,0.7165144252827262,kanan,temporal,4.0,False,0.9787617667250991,5.142111585591337,-0.11503339060830764,2.892564302662372,-0.10969015384356018,,1.082627922485889
P19,NGEED,TURUN,4,False,kanal,T6,6.492964589703298,0.6963578841907465,0.001239637905736668,-0.49453410625689376,0.48259209378816825,kanan,temporo-posterior,4.0,False,0.979518629604517,5.142111585591337,-1.3770609114217744,-0.9007926976981575,-0.34361248533811817,,1.082627922485889
P19,NGEED,TURUN,4,False,area,frontopolar,12.125429895424041,1.3532972901168137,1.9548684548526798,-1.6551301478080016,0.812143496051084,,frontopolar,4.0,False,0.9921250992798685,,,,,True,1.082627922485889
P19,NGEED,TURUN,4,False,area,frontal,7.413901015871659,0.6337729764316384,1.519171080465429,1.1916107245190304,0.018685125103321543,,frontal,4.0,False,0.9908410732334048,,,,,False,1.082627922485889
P19,NGEED,TURUN,4,False,area,frontotemporal,6.106220058668129,0.40866906358375843,1.4871283716549426,1.6058384077849435,0.5089716253534363,,frontotemporal,4.0,False,0.9895833787491445,,,,,True,1.082627922485889
P19,NGEED,TURUN,4,False,area,sentral,1.9946138094165917,0.1117144015227427,2.914650235049874,-0.4758265788881215,0.8924907012921749,,sentral,4.0,False,0.9951913247546409,,,,,False,1.082627922485889
P19,NGEED,TURUN,4,False,area,temporal,6.155812596565468,0.24339191216446254,0.0039661028966708756,1.6891930892041467,0.6549034497085946,,temporal,4.0,False,0.9869175754759517,,,,,True,1.082627922485889
P19,NGEED,TURUN,4,False,area,parietal,6.627534575166152,0.3692444413274447,1.7772234649327192,0.23414727994472928,0.6442639633038573,,parietal,4.0,False,0.997137748854931,,,,,False,1.082627922485889
P19,NGEED,TURUN,4,False,area,temporo-posterior,6.783216837077767,0.7439076328341838,-0.17767329609450655,-0.19860382635463925,0.833790185442578,,temporo-posterior,4.0,False,0.966217202597858,,,,,False,1.082627922485889
P19,NGEED,TURUN,4,False,area,oksipital,8.324180808532525,0.6943728801218726,0.6712159937890599,0.1484239527557918,0.03427074965247667,,oksipital,4.0,False,0.9886369119292692,,,,,False,1.082627922485889
P19,NGEED,TAHAN,4,False,belahan,kiri,9.052238265624062,0.7344857156325837,-1.315234449863777,-1.3612642926222176,1.1336414779335762,,,,,,,,,,,1.082627922485889
P19,NGEED,TAHAN,4,False,belahan,kanan,3.9092766150245524,0.17720674981364104,0.059422652038700896,-0.8555525361887498,0.2828477772809204,,,,,,,,,,,1.082627922485889
P19,NGEED,TAHAN,4,False,kanal,Fp1,13.489885869555515,1.3165054525969366,-1.5490308641767359,-2.6496418694996415,1.0316773414786378,kiri,frontopolar,4.0,False,0.929493508372949,9.052238265624062,-0.23379641431295894,-1.288377576877424,-0.1019641364549384,,1.082627922485889
P19,NGEED,TAHAN,4,False,kanal,F3,7.006082876888499,0.5188562056922548,-0.5714796987070386,-1.9041891734566296,1.2356056143885144,kiri,frontal,4.0,False,0.9476828575894877,9.052238265624062,0.7437547511567383,-0.542924880834412,0.10196413645493818,,1.082627922485889
P19,NGEED,TAHAN,4,False,kanal,C3,14.698067954990016,1.255715205229006,-0.7529021545580938,-1.1550751038863656,3.1186246134082403,kiri,sentral,3.0,False,0.9301715486288548,9.052238265624062,0.5623322953056831,0.206189188735852,1.984983135474664,,1.082627922485889
P19,NGEED,TAHAN,4,False,kanal,P3,14.875385467486566,1.2217418077837672,-2.0781059012933962,-0.3782801846182682,1.2862830650968493,kiri,parietal,2.0,True,0.8859626263775584,9.052238265624062,-0.7628714514296193,0.9829841080039494,0.15264158716327314,,1.082627922485889
P19,NGEED,TAHAN,4,False,kanal,O1,8.668481105894415,0.6693664434090292,-1.081438035550818,-1.298778352130709,-0.028299570007275454,kiri,oksipital,4.0,False,0.9555774227107066,9.052238265624062,0.23379641431295894,0.062485940491508574,-1.1619410479408516,,1.082627922485889
P19,NGEED,TAHAN,4,False,kanal,F7,9.43599542535371,0.7847820421617677,-0.8909401571640652,-1.4237502331137262,0.20498930931101866,kiri,frontotemporal,4.0,False,0.9578272814867519,9.052238265624062,0.42429429269971175,-0.062485940491508574,-0.9286521686225575,,1.082627922485889
P19,NGEED,TAHAN,4,False,kanal,T3,8.45148800110266,0.3397223022098732,-2.170523364728665,1.8755719162432076,1.8746024121378877,kiri,temporal,3.0,False,0.9683536323642088,9.052238265624062,-0.8552889148648879,3.2368362088654252,0.7409609342043115,,1.082627922485889
P19,NGEED,TAHAN,4,False,kanal,T5,5.536452116198205,0.6841893891033997,-2.9469689091676283,-2.560250545927851,0.7136640208593252,kiri,temporo-posterior,4.0,False,0.9072820544170536,9.052238265624062,-1.6317344593038514,-1.1989862533056332,-0.41997745707425094,,1.082627922485889
P19,NGEED,TAHAN,4,False,kanal,Fp2,11.769002623315771,1.1588462612060608,-2.113760866251448,-2.933436777777261,0.2536325835361499,kanan,frontopolar,4.0,False,0.8909986356288827,3.9092766150245524,-2.173183518290149,-2.0778842415885115,-0.029215193744770496,,1.082627922485889
P19,NGEED,TAHAN,4,False,kanal,F4,9.414718725725116,1.0082407372079778,0.010367992287056427,-1.1668079640078526,0.6096045715695827,kanan,frontal,4.0,False,0.968358553262537,3.9092766150245524,-0.04905465975164447,-0.31125542781910276,0.3267567942886623,,1.082627922485889
P19,NGEED,TAHAN,4,False,kanal,C4,-4.016989224197594,0.05587326877993082,0.10847731179034537,-0.9001632651693074,0.3120629710256909,kanan,sentral,3.0,False,0.961053480365637,3.9092766150245524,0.04905465975164447,-0.044610728980557623,0.029215193744770496,,1.082627922485889
P19,NGEED,TAHAN,4,False,kanal,P4,2.069385967125058,0.12225286013116787,0.45411254155105996,-1.9359572551679336,0.7128789144084902,kanan,parietal,4.0,False,0.9328149083504886,3.9092766150245524,0.39468988951235906,-1.0804047189791839,0.43003113712756974,,1.082627922485889
P19,NGEED,TAHAN,4,False,kanal,O2,7.704373606573995,0.46775176755509706,-0.6425070615839085,-0.05963920242582477,-0.37906235820905265,kanan,oksipital,4.0,False,0.9244173630429376,3.9092766150245524,-0.7019297136226094,0.7959133337629251,-0.661910135489973,,1.082627922485889
P19,NGEED,TAHAN,4,False,kanal,F8,0.622207001903206,0.002098700656731456,0.16624812049390258,-0.8109418072081922,-0.4323417010073564,kanan,frontotemporal,4.0,False,0.9245998395820904,3.9092766150245524,0.10682546845520169,0.044610728980557623,-0.7151894782882768,,1.082627922485889
P19,NGEED,TAHAN,4,False,kanal,T4,5.631455427877071,0.19969086312011353,-0.9537201552512908,3.0604895479914713,2.0054030265927527,kanan,temporal,4.0,False,0.970638884689906,3.9092766150245524,-1.0131428072899917,3.916042084180221,1.7225552493118323,,1.082627922485889
P19,NGEED,TAHAN,4,False,kanal,T6,2.1870978021720333,0.15472263650716855,0.6508476235080235,-0.32034275194416395,-0.38414739481298776,kanan,temporo-posterior,4.0,False,0.9765649792900091,3.9092766150245524,0.5914249714693226,0.5352097842445859,-0.6669951720939082,,1.082627922485889
P19,NGEED,TAHAN,4,False,area,frontopolar,13.150642943565124,1.3065208798044035,-1.9850581995183902,-2.686700973277307,0.9440070965788125,,frontopolar,4.0,False,0.9261604766742114,,,,,True,1.082627922485889
P19,NGEED,TAHAN,4,False,area,frontal,8.374999130234919,0.787203034384333,-0.32024311757853086,-1.7053691663841204,0.745016190831913,,frontal,4.0,False,0.9637038100486517,,,,,False,1.082627922485889
P19,NGEED,TAHAN,4,False,area,frontotemporal,6.5354796129413515,0.5424765926632118,-0.6730843659640084,-0.9894247464631865,0.2567082221305682,,frontotemporal,4.0,False,0.9791058704240705,,,,,True,1.082627922485889
P19,NGEED,TAHAN,4,False,area,sentral,1.365915357035199,0.3424642372871931,-0.5235789681025949,-1.0477649587461488,1.2882733777763598,,sentral,4.0,False,0.9728432283606818,,,,,False,1.082627922485889
P19,NGEED,TAHAN,4,False,area,temporal,6.493203210032355,0.2363557757263255,-1.4544270502789582,2.1364178424559332,1.6557694980188993,,temporal,4.0,False,0.9737849272619211,,,,,True,1.082627922485889
P19,NGEED,TAHAN,4,False,area,parietal,7.544366447259236,0.5959048443442503,-0.026931887750343275,-1.1821166729378052,1.4476154256234837,,parietal,4.0,False,0.9521436770313916,,,,,False,1.082627922485889
P19,NGEED,TAHAN,4,False,area,temporo-posterior,5.480258024080605,0.44198852753893436,-0.9946958444232796,-1.1545230484902556,-0.05805696689471995,,temporo-posterior,4.0,False,0.9641957353440217,,,,,False,1.082627922485889
P19,NGEED,TAHAN,4,False,area,oksipital,8.34402342935531,0.6211757646156789,-0.8512359963881455,-0.9058395170089386,-0.02396376830258795,,oksipital,4.0,False,0.9550938658133836,,,,,False,1.082627922485889
P19,NGEED,NAIK,2,False,belahan,kiri,8.165043024206206,0.7387655523998234,4.063826288406457,1.7604760138654643,0.9894891015416295,,,,,,,,,,,1.082627922485889
P19,NGEED,NAIK,2,False,belahan,kanan,5.417659833461855,0.5453344385475385,2.0658027303439055,1.5941848955653528,2.227440824459339,,,,,,,,,,,1.082627922485889
P19,NGEED,NAIK,2,False,kanal,Fp1,3.961530712923185,0.5372403719145487,4.638917609335024,2.414839430776511,2.971391622808823,kiri,frontopolar,2.0,True,0.7912082403308889,8.165043024206206,0.5750913209285677,0.6543634169110468,1.9819025212671932,,1.082627922485889
P19,NGEED,NAIK,2,False,kanal,F3,7.2150346074508676,0.7603616168679102,4.816280408133965,2.828540401480289,1.0819940282580243,kiri,frontal,2.0,True,0.9699630339484264,8.165043024206206,0.7524541197275081,1.0680643876148246,0.09250492671639476,,1.082627922485889
P19,NGEED,NAIK,2,False,kanal,C3,,,,,,kiri,sentral,1.0,True,,8.165043024206206,,,,,1.082627922485889
P19,NGEED,NAIK,2,False,kanal,P3,,,,,,kiri,parietal,1.0,True,,8.165043024206206,,,,,1.082627922485889
P19,NGEED,NAIK,2,False,kanal,O1,13.138547496149272,0.9905716553429567,0.4001625953225607,-0.12691759449190476,0.8608718972551874,kiri,oksipital,2.0,True,0.8905787160746663,8.165043024206206,-3.6636636930838957,-1.887393608357369,-0.12861720428644208,,1.082627922485889
P19,NGEED,NAIK,2,False,kanal,F7,9.115051440961544,0.7171694879317367,3.488734967477888,1.1061125969544174,0.8969841748252347,kiri,frontotemporal,2.0,True,0.9652824290969718,8.165043024206206,-0.5750913209285686,-0.6543634169110468,-0.09250492671639476,,1.082627922485889
P19,NGEED,NAIK,2,False,kanal,T3,,,,,,kiri,temporal,1.0,True,,8.165043024206206,,,,,1.082627922485889
P19,NGEED,NAIK,2,False,kanal,T5,,,,,,kiri,temporo-posterior,1.0,True,,8.165043024206206,,,,,1.082627922485889
P19,NGEED,NAIK,2,False,kanal,Fp2,9.176541210947256,0.8204168739919281,2.496131290520229,0.8563328904534875,2.417578539385155,kanan,frontopolar,2.0,True,0.7470324341179163,5.417659833461855,0.43032856017632337,-0.7378520051118653,0.19013771492581588,,1.082627922485889
P19,NGEED,NAIK,2,False,kanal,F4,6.3944452218801615,0.6147695356882228,-0.005518935027755689,1.3036243539061654,2.151309951129077,kanan,frontal,2.0,True,0.8284359650965654,5.417659833461855,-2.071321665371661,-0.29056054165918743,-0.07613087333026192,,1.082627922485889
P19,NGEED,NAIK,2,False,kanal,C4,,,,,,kanan,sentral,1.0,True,,5.417659833461855,,,,,1.082627922485889
P19,NGEED,NAIK,2,False,kanal,P4,,,,,,kanan,parietal,1.0,True,,5.417659833461855,,,,,1.082627922485889
P19,NGEED,NAIK,2,False,kanal,O2,1.173398750460727,0.2968141270814486,3.9652028123116976,5.851655177399752,3.004880112027081,kanan,oksipital,2.0,True,0.8535344251169377,5.417659833461855,1.899400081967792,4.257470281834399,0.7774392875677418,,1.082627922485889
P19,NGEED,NAIK,2,False,kanal,F8,2.4047986016671175,0.04022227840920567,2.0658027303439055,4.623074778599927,0.533854463404384,kanan,frontotemporal,2.0,True,0.9246956132177326,5.417659833461855,0.0,3.028889883034574,-1.693586361054955,,1.082627922485889
P19,NGEED,NAIK,2,False,kanal,T4,,,,,,kanan,temporal,1.0,True,,5.417659833461855,,,,,1.082627922485889
P19,NGEED,NAIK,2,False,kanal,T6,5.417659833461855,0.5453344385475385,0.20837082035999044,1.5941848955653528,2.227440824459339,kanan,temporo-posterior,2.0,True,0.8773898954456866,5.417659833461855,-1.857431909983915,0.0,0.0,,1.082627922485889
P19,NGEED,NAIK,2,False,area,frontopolar,8.317924693499876,0.7747885804082703,2.715995881061989,1.0948980667633061,2.480446110213145,,frontopolar,2.0,True,0.7602492648071453,,,,,True,1.082627922485889
P19,NGEED,NAIK,2,False,area,frontal,9.030933320696072,0.728259587589297,0.6460048034155902,0.564223255634348,0.828414580188409,,frontal,2.0,True,0.9045842101280818,,,,,False,1.082627922485889
P19,NGEED,NAIK,2,False,area,frontotemporal,7.174084174716683,0.46537453372104043,2.243072789591738,2.300104437552125,0.38521317804535804,,frontotemporal,2.0,True,0.9785649797602518,,,,,True,1.082627922485889
P19,NGEED,NAIK,2,False,area,sentral,,,,,,,sentral,1.0,True,,,,,,False,1.082627922485889
P19,NGEED,NAIK,2,False,area,temporal,,,,,,,temporal,1.0,True,,,,,,True,1.082627922485889
P19,NGEED,NAIK,2,False,area,parietal,,,,,,,parietal,1.0,True,,,,,,False,1.082627922485889
P19,NGEED,NAIK,2,False,area,temporo-posterior,6.236438639419383,0.5040064470654291,0.5184221723744403,2.2513248218298476,3.025161953170645,,temporo-posterior,2.0,True,0.9004538285021996,,,,,False,1.082627922485889
P19,NGEED,NAIK,2,False,area,oksipital,11.424525216467174,0.8796647970093948,0.7379599702457601,0.7012809348623619,1.0870379302710507,,oksipital,2.0,True,0.8871310168319966,,,,,False,1.082627922485889
P19,NGEED,POST,4,False,belahan,kiri,4.023504368210968,0.2807747442616748,1.6361635829370662,0.15603455044685222,0.44425674607786086,,,,,,,,,,,1.082627922485889
P19,NGEED,POST,4,False,belahan,kanan,7.045734568088971,0.43153403114050426,1.3712776028694056,0.2624321293353047,0.5412880635158317,,,,,,,,,,,1.082627922485889
P19,NGEED,POST,4,False,kanal,Fp1,4.298050044690164,0.3775313959061004,2.0944856256788125,-0.26340680031785135,0.33095888620951763,kiri,frontopolar,4.0,False,0.9762728539551959,4.023504368210968,0.45832204274174626,-0.41944135076470357,-0.11329785986834323,,1.082627922485889
P19,NGEED,POST,4,False,kanal,F3,6.028456933836189,0.4746604287730618,1.712896802400957,-0.23872791143459215,-0.046981867145644673,kiri,frontal,4.0,False,0.991495427944975,4.023504368210968,0.07673321946389078,-0.39476246188144437,-0.49123861322350554,,1.082627922485889
P19,NGEED,POST,4,False,kanal,C3,0.7172469927074872,0.009823163674145485,2.225445427451484,0.9522232352877973,2.1145548578468025,kiri,sentral,2.0,True,0.9559284761144587,4.023504368210968,0.5892818445144179,0.7961886848409451,1.6702981117689417,,1.082627922485889
P19,NGEED,POST,4,False,kanal,P3,3.5542726882924427,0.18401809261724922,1.5594303634731754,0.53333061979481,1.6752876639107406,kiri,parietal,2.0,True,0.8846659637856206,4.023504368210968,-0.07673321946389078,0.3772960693479578,1.2310309178328798,,1.082627922485889
P19,NGEED,POST,4,False,kanal,O1,9.153884046958737,0.664347521996431,0.35326382840793424,0.052944745604951216,-0.15181933523974012,kiri,oksipital,4.0,False,0.9807001355709836,4.023504368210968,-1.282899754529132,-0.103089804841901,-0.5960760813176009,,1.082627922485889
P19,NGEED,POST,4,False,kanal,F7,7.093757872951137,0.44590904959187294,1.970201201224685,-0.6523590946994444,0.3835399500877288,kiri,frontotemporal,4.0,False,0.976711752305447,4.023504368210968,0.3340376182876188,-0.8083936451462966,-0.06071679599013208,,1.082627922485889
P19,NGEED,POST,4,False,kanal,T3,3.7489586917317723,-0.09994710127282169,0.5803471926770405,0.2591243552887532,0.5049735420679929,kiri,temporal,2.0,True,0.9741030113456421,4.023504368210968,-1.0558163902600257,0.103089804841901,0.06071679599013208,,1.082627922485889
P19,NGEED,POST,4,False,kanal,T5,-6.161488563150876,-0.2421815855183258,0.9409738893684719,0.7175897857531486,0.7066070222245207,kiri,temporo-posterior,2.0,True,0.9856148984721197,4.023504368210968,-0.6951896935685943,0.5615552353062964,0.2623502761466598,,1.082627922485889
P19,NGEED,POST,4,False,kanal,Fp2,7.99097819350181,0.6341904671253548,0.3803632518839972,-1.528974233857673,0.3011027762857361,kanan,frontopolar,4.0,False,0.9825454561256689,7.045734568088971,-0.9909143509854084,-1.7914063631929777,-0.24018528723009558,,1.082627922485889
P19,NGEED,POST,4,False,kanal,F4,10.322619280240922,0.7457055860447777,2.22705078925862,-1.6099972516841916,0.3221691023471397,kanan,frontal,4.0,False,0.9740001315020227,7.045734568088971,0.8557731863892144,-1.8724293810194963,-0.219118961168692,,1.082627922485889
P19,NGEED,POST,4,False,kanal,C4,0.9531139138862272,-0.008129112988951803,6.0290760892959465,4.774081976103405,2.1338912317693075,kanan,sentral,3.0,False,0.9784356264256271,7.045734568088971,4.657798486426541,4.5116498467681,1.5926031682534758,,1.082627922485889
P19,NGEED,POST,4,False,kanal,P4,6.688888095883442,0.19471217733930657,3.155372460528464,3.2619394358699174,1.1835002329301738,kanan,parietal,3.0,False,0.9946433612199588,7.045734568088971,1.7840948576590585,2.9995073065346127,0.6422121694143421,,1.082627922485889
P19,NGEED,POST,4,False,kanal,O2,7.324849869493853,0.44305950699814867,-0.04258822638071813,-0.32783837878684974,0.435544066872231,kanan,oksipital,4.0,False,0.96003157414427,7.045734568088971,-1.4138658292501236,-0.5902705081221544,-0.10574399664360068,,1.082627922485889
P19,NGEED,POST,4,False,kanal,F8,9.627558277333115,0.5575082012787587,0.9957609436229209,0.8527026374574591,0.6470320601594324,kanan,frontotemporal,3.0,False,0.989111972435702,7.045734568088971,-0.3755166592464847,0.5902705081221544,0.10574399664360068,,1.082627922485889
P19,NGEED,POST,4,False,kanal,T4,6.743352633635645,0.27317526271119474,1.7467942621158903,1.9945292351370045,1.0484347440491757,kanan,temporal,3.0,False,0.9844163490362501,7.045734568088971,0.3755166592464847,1.7320971058016998,0.507146680533344,,1.082627922485889
P19,NGEED,POST,4,False,kanal,T6,6.7666192666840885,0.42000855528285985,0.3541739053210996,-1.023922771521197,-0.2956143982308903,kanan,temporo-posterior,4.0,False,0.9842395143490017,7.045734568088971,-1.0171036975483059,-1.2863549008565016,-0.836902461746722,,1.082627922485889
P19,NGEED,POST,4,False,area,frontopolar,6.84456710560071,0.5519268334945852,0.8777597392010139,-1.1646886800388785,0.30295144849021804,,frontopolar,4.0,False,0.983246415020787,,,,,True,1.082627922485889
P19,NGEED,POST,4,False,area,frontal,7.465530782498426,0.5311801768680744,2.6459592157577334,-0.9557314528800096,0.11633129450717827,,frontal,4.0,False,0.9889115376289643,,,,,False,1.082627922485889
P19,NGEED,POST,4,False,area,frontotemporal,7.9349168129651275,0.40501241202608496,1.4447888578046966,-0.48084077842537676,0.21182566254673796,,frontotemporal,4.0,False,0.9778570183396674,,,,,True,1.082627922485889
P19,NGEED,POST,4,False,area,sentral,0.999919013880799,-0.0857373954778562,5.083455529064738,3.573898088361272,1.4203682514751317,,sentral,3.0,False,0.9814364432064931,,,,,False,1.082627922485889
P19,NGEED,POST,4,False,area,temporal,4.5850825413549,0.011187949076816972,0.7398347455713516,0.2978372570425676,0.2082032322633492,,temporal,3.0,False,0.9953415533923065,,,,,True,1.082627922485889
P19,NGEED,POST,4,False,area,parietal,4.299424349307117,0.032436656331269464,3.0451726434395257,2.2500545588639254,0.6161642320005173,,parietal,3.0,False,0.9919692043032807,,,,,False,1.082627922485889
P19,NGEED,POST,4,False,area,temporo-posterior,4.274894183599422,0.11739420624521224,0.619958642791768,-0.08806919481561781,0.01713387969019642,,temporo-posterior,4.0,False,0.9762915294152,,,,,False,1.082627922485889
P19,NGEED,POST,4,False,area,oksipital,8.26719552110277,0.5771751979912011,0.4773950738213989,0.11399079625905228,-0.021622977223658912,,oksipital,4.0,False,0.9863683502446146,,,,,False,1.082627922485889
