participant_id,task,rep,phase,channel,area,hemisphere,t0_video,t1_video,dur_phase_sec,win_sec,compliance,phase_source,flat_frac,valid,salvaged,is_simulated,theta_db,mu_db,beta_db,broad_db
P31,NGEED,2,PRA,Fp1,frontopolar,kiri,13.537,15.537,2.0,2.0,incomplete,video,0.0,True,False,False,1.011301889975254,2.5071172381250904,2.042619892974429,2.300748628718871
P31,NGEED,2,PRA,F3,frontal,kiri,13.537,15.537,2.0,2.0,incomplete,video,0.0,True,False,False,8.164867232429359,5.196385992682259,4.59673449185275,6.2874670022222645
P31,NGEED,2,PRA,C3,sentral,kiri,13.537,15.537,2.0,2.0,incomplete,video,0.0,True,False,False,1.4007112281262124,3.784774775084518,3.9898928651549745,3.1036723861583866
P31,NGEED,2,PRA,P3,parietal,kiri,13.537,15.537,2.0,2.0,incomplete,video,0.0,True,False,False,2.32852242206879,5.956931444158123,4.543466127578043,4.456742547710736
P31,NGEED,2,PRA,O1,oksipital,kiri,13.537,15.537,2.0,2.0,incomplete,video,0.0,True,False,False,2.5091088631999696,5.5342558240610344,5.9064755583650665,5.516471399563706
P31,NGEED,2,PRA,F7,frontotemporal,kiri,13.537,15.537,2.0,2.0,incomplete,video,0.0,True,False,False,-2.0158503369495406,4.418776817927032,4.280601722223182,3.1079519794874173
P31,NGEED,2,PRA,T3,temporal,kiri,13.537,15.537,2.0,2.0,incomplete,video,0.0,True,False,False,2.42847218731702,5.01563708829482,4.70848532032997,4.841713037022686
P31,NGEED,2,PRA,T5,temporo-posterior,kiri,13.537,15.537,2.0,2.0,incomplete,video,0.0,True,False,False,9.638244537004201,4.430799216538087,4.892771887597309,8.356595445071264
P31,NGEED,2,PRA,Fp2,frontopolar,kanan,13.537,15.537,2.0,2.0,incomplete,video,0.0,True,False,False,3.6134260229633988,1.1694390888200452,0.020134640629342115,2.9010983476045276
P31,NGEED,2,PRA,F4,frontal,kanan,13.537,15.537,2.0,2.0,incomplete,video,0.0,True,False,False,1.1068593075197093,3.9431966580254674,3.1911640776646912,3.192308728586262
P31,NGEED,2,PRA,C4,sentral,kanan,13.537,15.537,2.0,2.0,incomplete,video,0.0,True,False,False,1.3050185063282562,3.26945610219731,2.622287447514875,2.547520532302457
P31,NGEED,2,PRA,P4,parietal,kanan,13.537,15.537,2.0,2.0,incomplete,video,0.0,True,False,False,4.152471823085346,2.1191754670545464,-1.5140296381506388,2.0347136018941683
P31,NGEED,2,PRA,O2,oksipital,kanan,13.537,15.537,2.0,2.0,incomplete,video,0.0,True,False,False,3.437576823810911,4.418740288994819,3.7334019668063263,3.782537701698633
P31,NGEED,2,PRA,F8,frontotemporal,kanan,13.537,15.537,2.0,2.0,incomplete,video,0.0,True,False,False,-1.242868801738581,4.353351929365438,3.3931946594531404,3.1077077833550035
P31,NGEED,2,PRA,T4,temporal,kanan,13.537,15.537,2.0,2.0,incomplete,video,0.0,True,False,False,0.011687510589823091,2.071089605927984,-0.23044001410125503,0.418130519869198
P31,NGEED,2,PRA,T6,temporo-posterior,kanan,13.537,15.537,2.0,2.0,incomplete,video,0.0,True,False,False,0.03782089373260433,0.7347886760034967,1.0268975588413234,-0.509602025968352
P31,AGEM KANAN,1,PRA,Fp1,frontopolar,kiri,36.797,38.797,2.0,2.0,ok,video,0.0,True,False,False,0.6711843853210233,0.7633051367491426,1.0856519821488675,1.1452036430107562
P31,AGEM KANAN,1,PRA,F3,frontal,kiri,36.797,38.797,2.0,2.0,ok,video,0.0,True,False,False,-8.654025238215514,-7.93062470169637,-8.274302027807295,-8.256765611121509
P31,AGEM KANAN,1,PRA,C3,sentral,kiri,36.797,38.797,2.0,2.0,ok,video,0.0,True,False,False,-3.1053321997687426,-3.709339282390605,-4.72142922533579,-3.7572443834324254
P31,AGEM KANAN,1,PRA,P3,parietal,kiri,36.797,38.797,2.0,2.0,ok,video,0.0,True,False,False,-10.607036736878218,-9.95794010519278,-12.313577032715155,-11.316393686340685
P31,AGEM KANAN,1,PRA,O1,oksipital,kiri,36.797,38.797,2.0,2.0,ok,video,0.0,True,False,False,-3.2028446568079367,-6.2881174477496415,-5.0819718240386536,-4.728493269766066
P31,AGEM KANAN,1,PRA,F7,frontotemporal,kiri,36.797,38.797,2.0,2.0,ok,video,0.0,True,False,False,2.7598694752041624,3.1614616281937025,2.697306565507244,2.966325954892465
P31,AGEM KANAN,1,PRA,T3,temporal,kiri,36.797,38.797,2.0,2.0,ok,video,0.0,True,False,False,-2.4208561276045515,-6.7938338260058195,-5.385510217241393,-4.692274234547611
P31,AGEM KANAN,1,PRA,T5,temporo-posterior,kiri,36.797,38.797,2.0,2.0,ok,video,0.0,True,False,False,3.0534485040048303,0.5378210697164754,-1.0112437280732642,1.2355002153781633
P31,AGEM KANAN,1,PRA,Fp2,frontopolar,kanan,36.797,38.797,2.0,2.0,ok,video,0.0,True,False,False,10.837412487515348,5.681697773388201,6.19969753422631,9.427041604549128
P31,AGEM KANAN,1,PRA,F4,frontal,kanan,36.797,38.797,2.0,2.0,ok,video,0.0,True,False,False,1.4951576622131597,-1.6579359402920701,-2.1821054907545445,0.8897361167572306
P31,AGEM KANAN,1,PRA,C4,sentral,kanan,36.797,38.797,2.0,2.0,ok,video,0.0,True,False,False,7.051021809574557,-0.47692979789767165,-0.2824228929049575,5.7128593586271705
P31,AGEM KANAN,1,PRA,P4,parietal,kanan,36.797,38.797,2.0,2.0,ok,video,0.0,True,False,False,8.884332350534216,3.66151824456864,5.471240436927218,8.140345998758814
P31,AGEM KANAN,1,PRA,O2,oksipital,kanan,36.797,38.797,2.0,2.0,ok,video,0.0,True,False,False,2.843977281255132,-1.2795932073486043,0.16256032149027178,2.0600208385159355
P31,AGEM KANAN,1,PRA,F8,frontotemporal,kanan,36.797,38.797,2.0,2.0,ok,video,0.0,True,False,False,7.089596046284207,0.06093659498328918,-0.0336706589694451,5.577542036035389
P31,AGEM KANAN,1,PRA,T4,temporal,kanan,36.797,38.797,2.0,2.0,ok,video,0.0,True,False,False,11.529741369069079,7.573921439404298,7.51955858655759,10.985405457054366
P31,AGEM KANAN,1,PRA,T6,temporo-posterior,kanan,36.797,38.797,2.0,2.0,ok,video,0.0,True,False,False,9.424005238525972,3.601432159225162,3.297364496383878,9.205202087592458
P31,AGEM KANAN,1,TURUN,Fp1,frontopolar,kiri,40.311,42.019,2.208,1.708,ok,video,0.0,True,False,False,8.035711635023869,5.334223728955557,2.532888546759846,6.708037514482399
P31,AGEM KANAN,1,TURUN,F3,frontal,kiri,40.311,42.019,2.208,1.708,ok,video,0.0,True,False,False,2.6843689399389845,-0.8572665760033544,-2.2002886444866014,1.0241498728643634
P31,AGEM KANAN,1,TURUN,C3,sentral,kiri,40.311,42.019,2.208,1.708,ok,video,0.0,True,False,False,10.288721431225039,4.036249058770455,4.97362351838677,7.728570544854321
P31,AGEM KANAN,1,TURUN,P3,parietal,kiri,40.311,42.019,2.208,1.708,ok,video,0.0,True,False,False,15.008458334787779,6.655324970703937,4.174499638158849,12.349174910589053
P31,AGEM KANAN,1,TURUN,O1,oksipital,kiri,40.311,42.019,2.208,1.708,ok,video,0.0,True,False,False,7.911203113907455,4.460644077334493,3.292990592025504,7.992227223413465
P31,AGEM KANAN,1,TURUN,F7,frontotemporal,kiri,40.311,42.019,2.208,1.708,ok,video,0.0,True,False,False,13.756062045816996,13.442185469194815,11.602557974486668,12.947348629120263
P31,AGEM KANAN,1,TURUN,T3,temporal,kiri,40.311,42.019,2.208,1.708,ok,video,0.0,True,False,False,9.841094101566384,5.70065263830897,7.475679332933311,7.624518023328655
P31,AGEM KANAN,1,TURUN,T5,temporo-posterior,kiri,40.311,42.019,2.208,1.708,ok,video,0.0,True,False,False,16.170702492997375,13.66365572181422,8.154062137545083,14.411049513163803
P31,AGEM KANAN,1,TURUN,Fp2,frontopolar,kanan,40.311,42.019,2.208,1.708,ok,video,0.0,True,False,False,21.979565681662816,19.773446754251772,19.896304389490677,20.98374268984595
P31,AGEM KANAN,1,TURUN,F4,frontal,kanan,40.311,42.019,2.208,1.708,ok,video,0.0,True,False,False,17.63427106525853,9.171688796729217,7.950119952284904,14.171323256515336
P31,AGEM KANAN,1,TURUN,C4,sentral,kanan,40.311,42.019,2.208,1.708,ok,video,0.0,True,False,False,17.331158438462275,11.364297129789932,13.42351158977932,15.281437642016805
P31,AGEM KANAN,1,TURUN,P4,parietal,kanan,40.311,42.019,2.208,1.708,ok,video,0.0,True,False,False,20.59873284556192,19.413589738872588,19.26919722592386,19.299730662367516
P31,AGEM KANAN,1,TURUN,O2,oksipital,kanan,40.311,42.019,2.208,1.708,ok,video,0.0,True,False,False,20.22751164209311,14.914913677470981,13.909645792878923,18.048438351144593
P31,AGEM KANAN,1,TURUN,F8,frontotemporal,kanan,40.311,42.019,2.208,1.708,ok,video,0.0,True,False,False,18.01249645823934,13.874061835689865,12.341077894998389,15.594243530030255
P31,AGEM KANAN,1,TURUN,T4,temporal,kanan,40.311,42.019,2.208,1.708,ok,video,0.0,True,False,False,22.951917231030116,23.691065433184473,19.583044041285145,21.652260359502502
P31,AGEM KANAN,1,TURUN,T6,temporo-posterior,kanan,40.311,42.019,2.208,1.708,ok,video,0.0,True,False,False,21.85658578619376,20.2472906778305,18.76121888728366,21.737740039246066
P31,AGEM KANAN,1,TAHAN,Fp1,frontopolar,kiri,42.519,44.019,2.0,1.5,ok,video,0.0,True,False,False,5.087948435893839,-0.09537409727645851,0.7034488622242243,4.010976220149075
P31,AGEM KANAN,1,TAHAN,F3,frontal,kiri,42.519,44.019,2.0,1.5,ok,video,0.0,True,False,False,-2.859546193868013,-6.088814950975074,-3.419074479323857,-2.082333155053689
P31,AGEM KANAN,1,TAHAN,C3,sentral,kiri,42.519,44.019,2.0,1.5,ok,video,0.0,True,False,False,0.9178768555253107,-2.2953424618613916,0.23652132783377056,1.7327920974164854
P31,AGEM KANAN,1,TAHAN,P3,parietal,kiri,42.519,44.019,2.0,1.5,ok,video,0.0,True,False,False,-2.4281943070335394,-7.102040501671048,-3.2717050557289795,-2.3474417472187845
P31,AGEM KANAN,1,TAHAN,O1,oksipital,kiri,42.519,44.019,2.0,1.5,ok,video,0.0,True,False,False,2.9764442261670965,-0.13028075057343358,-3.8478338202513775,3.2483649503306538
P31,AGEM KANAN,1,TAHAN,F7,frontotemporal,kiri,42.519,44.019,2.0,1.5,ok,video,0.0,True,False,False,6.1287034178418125,1.2910045582431415,4.105952467435188,5.522507494423767
P31,AGEM KANAN,1,TAHAN,T3,temporal,kiri,42.519,44.019,2.0,1.5,ok,video,0.0,True,False,False,0.1934655616039933,-5.814428306001567,-2.642373090066343,-1.408206591088927
P31,AGEM KANAN,1,TAHAN,T5,temporo-posterior,kiri,42.519,44.019,2.0,1.5,ok,video,0.0,True,False,False,12.313424380898564,10.661763126629406,7.6601935963890995,13.96274298268331
P31,AGEM KANAN,1,TAHAN,Fp2,frontopolar,kanan,42.519,44.019,2.0,1.5,ok,video,0.0,True,False,False,23.32057927897152,19.543536642385895,14.72273124894954,22.554347072008905
P31,AGEM KANAN,1,TAHAN,F4,frontal,kanan,42.519,44.019,2.0,1.5,ok,video,0.0,True,False,False,16.342360611437044,10.222235456892587,5.887777916027755,12.257909877733013
P31,AGEM KANAN,1,TAHAN,C4,sentral,kanan,42.519,44.019,2.0,1.5,ok,video,0.0,True,False,False,16.198444345327296,9.714687277519673,6.829555823488828,14.923874119130552
P31,AGEM KANAN,1,TAHAN,P4,parietal,kanan,42.519,44.019,2.0,1.5,ok,video,0.0,True,False,False,19.430463770782147,15.280000696366322,13.094924281869226,17.607497865669274
P31,AGEM KANAN,1,TAHAN,O2,oksipital,kanan,42.519,44.019,2.0,1.5,ok,video,0.0,True,False,False,19.26175101214149,13.967949747857926,8.698682534891333,17.817672333308668
P31,AGEM KANAN,1,TAHAN,F8,frontotemporal,kanan,42.519,44.019,2.0,1.5,ok,video,0.0,True,False,False,16.53315849111241,10.567596226235743,5.7014682989833965,14.74821123224958
P31,AGEM KANAN,1,TAHAN,T4,temporal,kanan,42.519,44.019,2.0,1.5,ok,video,0.0,True,False,False,23.975708832130877,23.09675610546773,17.881599058399228,22.249657023713784
P31,AGEM KANAN,1,TAHAN,T6,temporo-posterior,kanan,42.519,44.019,2.0,1.5,ok,video,0.0,True,False,False,20.89251223299678,18.554174898164604,13.057882983358311,19.071335085604492
P31,AGEM KANAN,1,NAIK,Fp1,frontopolar,kiri,44.519,46.421,2.402,1.902,ok,video,0.0,True,False,False,2.2202724483090783,2.76266387561207,3.9757557709977043,4.159443203919032
P31,AGEM KANAN,1,NAIK,F3,frontal,kiri,44.519,46.421,2.402,1.902,ok,video,0.0,True,False,False,4.76952182653298,1.2248473374131947,-2.352864531763096,2.252456986402386
P31,AGEM KANAN,1,NAIK,C3,sentral,kiri,44.519,46.421,2.402,1.902,ok,video,0.0,True,False,False,2.0565688959370227,1.00339494116324,-0.32465227539179864,0.8172713930141597
P31,AGEM KANAN,1,NAIK,P3,parietal,kiri,44.519,46.421,2.402,1.902,ok,video,0.0,True,False,False,2.7281763011279416,3.6317969692798115,0.14248552017234317,4.984192644308518
P31,AGEM KANAN,1,NAIK,O1,oksipital,kiri,44.519,46.421,2.402,1.902,ok,video,0.0,True,False,False,1.5706137770648638,-2.681005485033374,-1.1494517839264589,0.4222773722971098
P31,AGEM KANAN,1,NAIK,F7,frontotemporal,kiri,44.519,46.421,2.402,1.902,ok,video,0.0,True,False,False,4.278537134197858,6.082916524794857,9.196921021407892,8.195569279121116
P31,AGEM KANAN,1,NAIK,T3,temporal,kiri,44.519,46.421,2.402,1.902,ok,video,0.0,True,False,False,-0.29095286219390104,-2.7724289728688625,-3.433692002517688,-2.1556691344269368
P31,AGEM KANAN,1,NAIK,T5,temporo-posterior,kiri,44.519,46.421,2.402,1.902,ok,video,0.0,True,False,False,12.137935327005362,7.173463628973533,6.537811711490633,10.39373853641527
P31,AGEM KANAN,1,NAIK,Fp2,frontopolar,kanan,44.519,46.421,2.402,1.902,ok,video,0.0,True,False,False,17.912868859302993,18.857870687229628,19.018131948765955,18.23456912628043
P31,AGEM KANAN,1,NAIK,F4,frontal,kanan,44.519,46.421,2.402,1.902,ok,video,0.0,True,False,False,9.22414483919038,13.1415121662756,8.873286048933682,11.486028474830235
P31,AGEM KANAN,1,NAIK,C4,sentral,kanan,44.519,46.421,2.402,1.902,ok,video,0.0,True,False,False,9.8117996112232,9.267297863248515,11.751186623421187,10.376699148282519
P31,AGEM KANAN,1,NAIK,P4,parietal,kanan,44.519,46.421,2.402,1.902,ok,video,0.0,True,False,False,15.76453790650055,17.75081607450838,15.21211385737955,15.234528284002195
P31,AGEM KANAN,1,NAIK,O2,oksipital,kanan,44.519,46.421,2.402,1.902,ok,video,0.0,True,False,False,13.618568490332091,13.889177416007886,10.6542280097369,14.117716720640065
P31,AGEM KANAN,1,NAIK,F8,frontotemporal,kanan,44.519,46.421,2.402,1.902,ok,video,0.0,True,False,False,7.70218670433097,10.783478946524674,8.015396266348151,9.29117994166564
P31,AGEM KANAN,1,NAIK,T4,temporal,kanan,44.519,46.421,2.402,1.902,ok,video,0.0,True,False,False,18.300391144863546,20.70166015297701,18.086940436334356,18.536515796814673
P31,AGEM KANAN,1,NAIK,T6,temporo-posterior,kanan,44.519,46.421,2.402,1.902,ok,video,0.0,True,False,False,17.743433130509693,18.838663870221886,14.794671513202339,17.460573134823438
P31,AGEM KANAN,1,POST,Fp1,frontopolar,kiri,47.171,48.671,1.5,1.5,ok,video,0.0,True,False,False,9.088992935842757,6.057716602646899,5.710314714410842,8.684425031454843
P31,AGEM KANAN,1,POST,F3,frontal,kiri,47.171,48.671,1.5,1.5,ok,video,0.0,True,False,False,8.552712936039661,2.6583294518581724,3.5978454487208396,5.95818884129541
P31,AGEM KANAN,1,POST,C3,sentral,kiri,47.171,48.671,1.5,1.5,ok,video,0.0,True,False,False,13.875061631340426,10.717668513524114,7.780220594530277,11.646155881444955
P31,AGEM KANAN,1,POST,P3,parietal,kiri,47.171,48.671,1.5,1.5,ok,video,0.0,True,False,False,13.358346393199415,8.38011004613449,5.584559737890501,10.521370713949647
P31,AGEM KANAN,1,POST,O1,oksipital,kiri,47.171,48.671,1.5,1.5,ok,video,0.0,True,False,False,12.997386792233385,7.72947951447982,5.6989239043632836,10.463452838534934
P31,AGEM KANAN,1,POST,F7,frontotemporal,kiri,47.171,48.671,1.5,1.5,ok,video,0.0,True,False,False,12.782252360325892,10.271870214563304,11.34605589639639,11.576175904401069
P31,AGEM KANAN,1,POST,T3,temporal,kiri,47.171,48.671,1.5,1.5,ok,video,0.0,True,False,False,15.008678780503175,7.108606252403671,4.268805543548474,14.99112667750044
P31,AGEM KANAN,1,POST,T5,temporo-posterior,kiri,47.171,48.671,1.5,1.5,ok,video,0.0,True,False,False,14.08606919674931,10.035640370269878,11.231771421782966,13.709677968254454
P31,AGEM KANAN,1,POST,Fp2,frontopolar,kanan,47.171,48.671,1.5,1.5,ok,video,0.0,True,False,False,21.256937422579544,20.914845620306785,21.619905870010275,21.94071595192324
P31,AGEM KANAN,1,POST,F4,frontal,kanan,47.171,48.671,1.5,1.5,ok,video,0.0,True,False,False,16.164438653583524,11.76593796777745,13.474429176682637,14.971873299236144
P31,AGEM KANAN,1,POST,C4,sentral,kanan,47.171,48.671,1.5,1.5,ok,video,0.0,True,False,False,15.506090399909297,13.177001670390517,14.87397569358654,15.731196876340064
P31,AGEM KANAN,1,POST,P4,parietal,kanan,47.171,48.671,1.5,1.5,ok,video,0.0,True,False,False,25.435305486701445,20.292723502486908,20.7258476966864,23.428090965902967
P31,AGEM KANAN,1,POST,O2,oksipital,kanan,47.171,48.671,1.5,1.5,ok,video,0.0,True,False,False,20.75736676365359,14.188713518240721,15.270485659954257,19.848685588489314
P31,AGEM KANAN,1,POST,F8,frontotemporal,kanan,47.171,48.671,1.5,1.5,ok,video,0.0,True,False,False,18.068122071755226,11.953540314063538,13.857875922045803,15.971957585007786
P31,AGEM KANAN,1,POST,T4,temporal,kanan,47.171,48.671,1.5,1.5,ok,video,0.0,True,False,False,23.563983235020423,25.130336312276366,24.29330636996355,23.383893693356352
P31,AGEM KANAN,1,POST,T6,temporo-posterior,kanan,47.171,48.671,1.5,1.5,ok,video,0.0,True,False,False,24.555034624817687,20.78085279622627,20.292535262130095,22.633606380692857
P31,AGEM KANAN,2,PRA,Fp1,frontopolar,kiri,45.199,47.199,2.0,2.0,late,video,0.0,True,False,False,2.949784068678614,5.445903923322966,6.424730828305577,7.732612606600476
P31,AGEM KANAN,2,PRA,F3,frontal,kiri,45.199,47.199,2.0,2.0,late,video,0.0,True,False,False,8.777376884445545,2.3370949795487874,0.12389605408413118,5.8657518096102805
P31,AGEM KANAN,2,PRA,C3,sentral,kiri,45.199,47.199,2.0,2.0,late,video,0.0,True,False,False,7.205437673416579,3.965795516298332,3.573266595957218,7.588931641542857
P31,AGEM KANAN,2,PRA,P3,parietal,kiri,45.199,47.199,2.0,2.0,late,video,0.0,True,False,False,13.25976261524507,9.183722378104967,6.267759501165436,12.340294819953382
P31,AGEM KANAN,2,PRA,O1,oksipital,kiri,45.199,47.199,2.0,2.0,late,video,0.0,True,False,False,7.038201359076091,1.1969594511834885,0.693689966610286,5.258125665626729
P31,AGEM KANAN,2,PRA,F7,frontotemporal,kiri,45.199,47.199,2.0,2.0,late,video,0.0,True,False,False,9.363494841715891,9.785671300778564,11.16244415749831,11.223664552234233
P31,AGEM KANAN,2,PRA,T3,temporal,kiri,45.199,47.199,2.0,2.0,late,video,0.0,True,False,False,7.808635175420818,2.5332124796415236,-0.03946579840328468,6.659691912096541
P31,AGEM KANAN,2,PRA,T5,temporo-posterior,kiri,45.199,47.199,2.0,2.0,late,video,0.0,True,False,False,14.116598933589888,10.928691837755043,8.278623687295095,12.325577068340884
P31,AGEM KANAN,2,PRA,Fp2,frontopolar,kanan,45.199,47.199,2.0,2.0,late,video,0.0,True,False,False,17.676571057159986,23.69200495429353,22.026685995822167,20.79555473038233
P31,AGEM KANAN,2,PRA,F4,frontal,kanan,45.199,47.199,2.0,2.0,late,video,0.0,True,False,False,15.619226285287795,17.361222624058204,12.757104367186248,16.574163778118034
P31,AGEM KANAN,2,PRA,C4,sentral,kanan,45.199,47.199,2.0,2.0,late,video,0.0,True,False,False,13.944603017184974,15.614230702487916,14.103520260153918,14.357048789410563
P31,AGEM KANAN,2,PRA,P4,parietal,kanan,45.199,47.199,2.0,2.0,late,video,0.0,True,False,False,24.385216623163537,19.102042592107296,21.557769892017234,25.33569317815485
P31,AGEM KANAN,2,PRA,O2,oksipital,kanan,45.199,47.199,2.0,2.0,late,video,0.0,True,False,False,17.493510716743405,17.8327312110225,15.056417108975996,17.58390221004471
P31,AGEM KANAN,2,PRA,F8,frontotemporal,kanan,45.199,47.199,2.0,2.0,late,video,0.0,True,False,False,14.198625294892835,15.284949016979624,13.480654790715729,14.213349012366734
P31,AGEM KANAN,2,PRA,T4,temporal,kanan,45.199,47.199,2.0,2.0,late,video,0.0,True,False,False,22.64451162822165,24.29937253292594,22.804405524661956,24.33611635012237
P31,AGEM KANAN,2,PRA,T6,temporo-posterior,kanan,45.199,47.199,2.0,2.0,late,video,0.0,True,False,False,20.199833863997256,21.013344622500945,17.1522221618444,19.665857517881587
P31,AGEM KANAN,2,TURUN,Fp1,frontopolar,kiri,56.582,57.146,0.806,0.564,late,video,0.0,True,False,False,5.077623691089411,8.102300025797383,2.436775338135419,5.701509821743024
P31,AGEM KANAN,2,TURUN,F3,frontal,kiri,56.582,57.146,0.806,0.564,late,video,0.0,True,False,False,-7.594834464870544,-0.20703116348002126,-3.192138054852542,-2.8083819857891434
P31,AGEM KANAN,2,TURUN,C3,sentral,kiri,56.582,57.146,0.806,0.564,late,video,0.0,True,False,False,5.004004359972914,1.5837200703576784,-2.79671045840184,4.202332483758326
P31,AGEM KANAN,2,TURUN,P3,parietal,kiri,56.582,57.146,0.806,0.564,late,video,0.0,True,False,False,-11.01710811847709,-9.084241178234869,-9.726249974177748,-8.109771590978685
P31,AGEM KANAN,2,TURUN,O1,oksipital,kiri,56.582,57.146,0.806,0.564,late,video,0.0,True,False,False,8.798872109808173,2.966723406979227,-2.8543459289166435,5.2114850361422285
P31,AGEM KANAN,2,TURUN,F7,frontotemporal,kiri,56.582,57.146,0.806,0.564,late,video,0.0,True,False,False,10.406557507505397,11.207503672282687,6.5447099203053725,10.178463861298766
P31,AGEM KANAN,2,TURUN,T3,temporal,kiri,56.582,57.146,0.806,0.564,late,video,0.0,True,False,False,4.217689051923358,-0.7390907858872495,-3.649488378220063,0.3864099896932842
P31,AGEM KANAN,2,TURUN,T5,temporo-posterior,kiri,56.582,57.146,0.806,0.564,late,video,0.0,True,False,False,18.711701671038657,13.208886108905798,6.822081745255964,14.869810387793493
P31,AGEM KANAN,2,TURUN,Fp2,frontopolar,kanan,56.582,57.146,0.806,0.564,late,video,0.0,True,False,False,27.168074705080517,25.03494104597995,22.06952149126423,24.597098501155497
P31,AGEM KANAN,2,TURUN,F4,frontal,kanan,56.582,57.146,0.806,0.564,late,video,0.0,True,False,False,20.684717854620914,11.059853834733392,6.279213659628017,17.80291492525219
P31,AGEM KANAN,2,TURUN,C4,sentral,kanan,56.582,57.146,0.806,0.564,late,video,0.0,True,False,False,21.467247258499555,13.659545853641845,11.36981353306835,17.51473679790532
P31,AGEM KANAN,2,TURUN,P4,parietal,kanan,56.582,57.146,0.806,0.564,late,video,0.0,True,False,False,28.043451267582128,28.228461529169415,19.161607592451425,25.184117540034983
P31,AGEM KANAN,2,TURUN,O2,oksipital,kanan,56.582,57.146,0.806,0.564,late,video,0.0,True,False,False,25.072303111250985,14.833907428843471,11.516778593165593,20.429669393385385
P31,AGEM KANAN,2,TURUN,F8,frontotemporal,kanan,56.582,57.146,0.806,0.564,late,video,0.0,True,False,False,19.402010321750993,13.702370146075793,10.683426192946019,15.179663407382996
P31,AGEM KANAN,2,TURUN,T4,temporal,kanan,56.582,57.146,0.806,0.564,late,video,0.0,True,False,False,28.21755539525126,31.709741392939133,27.191297940725956,28.869278031311094
P31,AGEM KANAN,2,TURUN,T6,temporo-posterior,kanan,56.582,57.146,0.806,0.564,late,video,0.0,True,False,False,24.91110117215881,22.870622901747602,16.91460665514949,22.210856655977874
P31,AGEM KANAN,2,TAHAN,Fp1,frontopolar,kiri,57.457,58.341,1.264,0.885,late,video,0.0,True,False,False,5.105337902500896,4.007590553845333,9.1872529038139,7.799918208512075
P31,AGEM KANAN,2,TAHAN,F3,frontal,kiri,57.457,58.341,1.264,0.885,late,video,0.0,True,False,False,5.908072227622604,2.4886677005041236,1.0675974452012085,5.193477763614041
P31,AGEM KANAN,2,TAHAN,C3,sentral,kiri,57.457,58.341,1.264,0.885,late,video,0.0,True,False,False,7.930684995932086,1.3405460261401139,-0.5907082052358845,8.526240239901092
P31,AGEM KANAN,2,TAHAN,P3,parietal,kiri,57.457,58.341,1.264,0.885,late,video,0.0,True,False,False,4.404716975044639,-1.2784782011587126,-1.7413495625738449,5.3107874454324495
P31,AGEM KANAN,2,TAHAN,O1,oksipital,kiri,57.457,58.341,1.264,0.885,late,video,0.0,True,False,False,3.742846058357891,1.0756175409087163,5.623988838368135,7.28516971094291
P31,AGEM KANAN,2,TAHAN,F7,frontotemporal,kiri,57.457,58.341,1.264,0.885,late,video,0.0,True,False,False,6.390870580689025,5.218809530709432,11.846536442691903,10.626834909895045
P31,AGEM KANAN,2,TAHAN,T3,temporal,kiri,57.457,58.341,1.264,0.885,late,video,0.0,True,False,False,4.394550208235529,-2.658989199828973,2.4487499199121316,3.8081345447179302
P31,AGEM KANAN,2,TAHAN,T5,temporo-posterior,kiri,57.457,58.341,1.264,0.885,late,video,0.0,True,False,False,14.999932473467094,9.711174868359766,7.630241888641393,15.424202805564242
P31,AGEM KANAN,2,TAHAN,Fp2,frontopolar,kanan,57.457,58.341,1.264,0.885,late,video,0.0,True,False,False,22.618699273842676,22.522091865205773,20.45298620072659,21.681027832785762
P31,AGEM KANAN,2,TAHAN,F4,frontal,kanan,57.457,58.341,1.264,0.885,late,video,0.0,True,False,False,14.95633937913604,14.17885280425558,12.669051290068634,14.062343967996249
P31,AGEM KANAN,2,TAHAN,C4,sentral,kanan,57.457,58.341,1.264,0.885,late,video,0.0,True,False,False,13.995096574566965,12.101876098589983,13.384909610530126,14.354646533267747
P31,AGEM KANAN,2,TAHAN,P4,parietal,kanan,57.457,58.341,1.264,0.885,late,video,0.0,True,False,False,19.529589876457813,22.049642900228505,20.835417826743587,20.078668760129716
P31,AGEM KANAN,2,TAHAN,O2,oksipital,kanan,57.457,58.341,1.264,0.885,late,video,0.0,True,False,False,18.768416021654946,17.27122867052984,13.150665789332816,17.789779307880988
P31,AGEM KANAN,2,TAHAN,F8,frontotemporal,kanan,57.457,58.341,1.264,0.885,late,video,0.0,True,False,False,16.72968140379814,14.244054852583574,13.326894458582554,15.428660865707208
P31,AGEM KANAN,2,TAHAN,T4,temporal,kanan,57.457,58.341,1.264,0.885,late,video,0.0,True,False,False,29.064837504758216,27.07687153601051,23.237913035531005,26.89800080656737
P31,AGEM KANAN,2,TAHAN,T6,temporo-posterior,kanan,57.457,58.341,1.264,0.885,late,video,0.0,True,False,False,19.655891748963207,17.35725277976912,19.807970765668976,22.462904729394868
P31,AGEM KANAN,2,NAIK,Fp1,frontopolar,kiri,58.781,62.488,4.207,3.707,late,video,0.0,True,False,False,8.630334616428517,10.527026080629376,4.56253650919674,9.093150664589146
P31,AGEM KANAN,2,NAIK,F3,frontal,kiri,58.781,62.488,4.207,3.707,late,video,0.0,True,False,False,6.691147858854144,3.7503006125358382,3.073665695949977,5.767367437307875
P31,AGEM KANAN,2,NAIK,C3,sentral,kiri,58.781,62.488,4.207,3.707,late,video,0.0,True,False,False,6.261559151979771,4.047168622662138,4.625236402121423,5.0267939430996975
P31,AGEM KANAN,2,NAIK,P3,parietal,kiri,58.781,62.488,4.207,3.707,late,video,0.0,True,False,False,9.169832297474226,6.493496383313904,3.1488032593269715,7.4268093466178335
P31,AGEM KANAN,2,NAIK,O1,oksipital,kiri,58.781,62.488,4.207,3.707,late,video,0.0,True,False,False,8.285527573549352,5.279372865233185,3.1042163309065103,8.220141444671235
P31,AGEM KANAN,2,NAIK,F7,frontotemporal,kiri,58.781,62.488,4.207,3.707,late,video,0.0,True,False,False,10.675642954417661,13.627139025722709,8.831491207904275,12.525475165783924
P31,AGEM KANAN,2,NAIK,T3,temporal,kiri,58.781,62.488,4.207,3.707,late,video,0.0,True,False,False,6.539354140866379,3.89104408709154,3.4414319659753474,4.175018045957145
P31,AGEM KANAN,2,NAIK,T5,temporo-posterior,kiri,58.781,62.488,4.207,3.707,late,video,0.0,True,False,False,12.150577749980744,8.16223333034721,6.9245002556477715,10.914298411331075
P31,AGEM KANAN,2,NAIK,Fp2,frontopolar,kanan,58.781,62.488,4.207,3.707,late,video,0.0,True,False,False,19.461860442242777,22.864699414126925,16.08717108437384,20.14339478084548
P31,AGEM KANAN,2,NAIK,F4,frontal,kanan,58.781,62.488,4.207,3.707,late,video,0.0,True,False,False,11.527144618790523,12.664114959487375,9.254956702392942,12.889076245387649
P31,AGEM KANAN,2,NAIK,C4,sentral,kanan,58.781,62.488,4.207,3.707,late,video,0.0,True,False,False,13.893078593526134,12.338628644234745,8.361868303424995,13.478020367769389
P31,AGEM KANAN,2,NAIK,P4,parietal,kanan,58.781,62.488,4.207,3.707,late,video,0.0,True,False,False,16.488960273678828,19.374352277428393,16.521295480887005,18.02892015089376
P31,AGEM KANAN,2,NAIK,O2,oksipital,kanan,58.781,62.488,4.207,3.707,late,video,0.0,True,False,False,17.46971974927057,15.650306755980761,12.598268821769267,16.828013062725848
P31,AGEM KANAN,2,NAIK,F8,frontotemporal,kanan,58.781,62.488,4.207,3.707,late,video,0.0,True,False,False,15.878262455346515,12.734695649275636,11.995412495532289,15.095561434187822
P31,AGEM KANAN,2,NAIK,T4,temporal,kanan,58.781,62.488,4.207,3.707,late,video,0.0,True,False,False,21.68440702330569,22.461081407133936,17.97819795318124,21.48154074940103
P31,AGEM KANAN,2,NAIK,T6,temporo-posterior,kanan,58.781,62.488,4.207,3.707,late,video,0.0,True,False,False,18.398378900128073,21.26962727630447,18.573061492596487,19.495333085328422
P31,AGEM KANAN,2,POST,Fp1,frontopolar,kiri,63.238,64.738,1.5,1.5,late,video,0.0,True,False,False,7.770980051238805,4.041728222295745,4.443415720870213,7.391455321152158
P31,AGEM KANAN,2,POST,F3,frontal,kiri,63.238,64.738,1.5,1.5,late,video,0.72,False,False,False,,,,
P31,AGEM KANAN,2,POST,C3,sentral,kiri,63.238,64.738,1.5,1.5,late,video,0.72,False,False,False,,,,
P31,AGEM KANAN,2,POST,P3,parietal,kiri,63.238,64.738,1.5,1.5,late,video,0.72,False,False,False,,,,
P31,AGEM KANAN,2,POST,O1,oksipital,kiri,63.238,64.738,1.5,1.5,late,video,0.0,True,False,False,8.055087110899542,0.16882355434754004,1.7526904085016568,7.1762185657469
P31,AGEM KANAN,2,POST,F7,frontotemporal,kiri,63.238,64.738,1.5,1.5,late,video,0.0,True,False,False,6.860345959229569,6.957193237064477,7.298133917622849,11.988620114107853
P31,AGEM KANAN,2,POST,T3,temporal,kiri,63.238,64.738,1.5,1.5,late,video,0.4,False,False,False,,,,
P31,AGEM KANAN,2,POST,T5,temporo-posterior,kiri,63.238,64.738,1.5,1.5,late,video,0.0,True,False,False,7.341790726082028,6.657215622236432,8.049536836683615,9.654775641377846
P31,AGEM KANAN,2,POST,Fp2,frontopolar,kanan,63.238,64.738,1.5,1.5,late,video,0.0,True,False,False,20.87550072163525,16.655073259990523,16.83756104536478,19.45730685315201
P31,AGEM KANAN,2,POST,F4,frontal,kanan,63.238,64.738,1.5,1.5,late,video,0.0,True,False,False,11.591589397709178,6.4524553155466045,7.618664505181588,8.541614074568145
P31,AGEM KANAN,2,POST,C4,sentral,kanan,63.238,64.738,1.5,1.5,late,video,0.0,True,False,False,12.890094723617295,5.736869379520819,8.421373628980415,10.867217657963913
P31,AGEM KANAN,2,POST,P4,parietal,kanan,63.238,64.738,1.5,1.5,late,video,0.0,True,False,False,26.265169635691052,19.55371523349605,19.404290186189982,24.851255715691224
P31,AGEM KANAN,2,POST,O2,oksipital,kanan,63.238,64.738,1.5,1.5,late,video,0.0,True,False,False,18.033412483919488,13.92441981714197,13.048820542324961,16.224342073126397
P31,AGEM KANAN,2,POST,F8,frontotemporal,kanan,63.238,64.738,1.5,1.5,late,video,0.0,True,False,False,17.898362044590982,13.467558235081022,13.97462753750349,18.15959507740576
P31,AGEM KANAN,2,POST,T4,temporal,kanan,63.238,64.738,1.5,1.5,late,video,0.0,True,False,False,24.4515881403072,22.997370129522036,20.348491960583583,22.972646073749058
P31,AGEM KANAN,2,POST,T6,temporo-posterior,kanan,63.238,64.738,1.5,1.5,late,video,0.0,True,False,False,19.05542243866048,20.11897269252254,19.23329676782668,19.22058535254249
P31,AGEM KIRI,1,PRA,Fp1,frontopolar,kiri,61.266,63.266,2.0,2.0,incomplete,video,0.0,True,False,False,10.670887504137415,13.155307888079932,7.281393846999883,11.320431155514534
P31,AGEM KIRI,1,PRA,F3,frontal,kiri,61.266,63.266,2.0,2.0,incomplete,video,0.0,True,False,False,9.033390875652032,5.280792343237579,1.1850450209827095,7.089060833930702
P31,AGEM KIRI,1,PRA,C3,sentral,kiri,61.266,63.266,2.0,2.0,incomplete,video,0.0,True,False,False,7.726402211968281,5.603912341924083,4.075972017389702,6.892655471105719
P31,AGEM KIRI,1,PRA,P3,parietal,kiri,61.266,63.266,2.0,2.0,incomplete,video,0.0,True,False,False,11.35516663442559,8.399969700808754,2.5943745994970264,9.49843659554205
P31,AGEM KIRI,1,PRA,O1,oksipital,kiri,61.266,63.266,2.0,2.0,incomplete,video,0.0,True,False,False,13.865716580070334,7.458083040344306,4.776819316277688,12.099175060296233
P31,AGEM KIRI,1,PRA,F7,frontotemporal,kiri,61.266,63.266,2.0,2.0,incomplete,video,0.0,True,False,False,12.67448783494661,16.021126351097333,11.580768159069375,14.825342701746472
P31,AGEM KIRI,1,PRA,T3,temporal,kiri,61.266,63.266,2.0,2.0,incomplete,video,0.0,True,False,False,8.425378483374729,5.2405662427094875,2.5900846496384453,6.950597275137724
P31,AGEM KIRI,1,PRA,T5,temporo-posterior,kiri,61.266,63.266,2.0,2.0,incomplete,video,0.0,True,False,False,15.169568806329355,12.505482008784856,7.687480118200682,14.581134613765556
P31,AGEM KIRI,1,PRA,Fp2,frontopolar,kanan,61.266,63.266,2.0,2.0,incomplete,video,0.0,True,False,False,22.987826964277463,25.43744420797625,20.18663690866106,21.960687847094388
P31,AGEM KIRI,1,PRA,F4,frontal,kanan,61.266,63.266,2.0,2.0,incomplete,video,0.0,True,False,False,13.169478960463067,15.281721285232297,11.770283516139198,14.79649175719765
P31,AGEM KIRI,1,PRA,C4,sentral,kanan,61.266,63.266,2.0,2.0,incomplete,video,0.0,True,False,False,16.830152861021283,15.149684492909344,11.822253511185256,14.590471724841741
P31,AGEM KIRI,1,PRA,P4,parietal,kanan,61.266,63.266,2.0,2.0,incomplete,video,0.0,True,False,False,20.45750384509759,22.973390475803,21.527614198270037,21.14610141180392
P31,AGEM KIRI,1,PRA,O2,oksipital,kanan,61.266,63.266,2.0,2.0,incomplete,video,0.0,True,False,False,20.570149839343447,17.91153323065927,16.48819351400333,20.560465469235698
P31,AGEM KIRI,1,PRA,F8,frontotemporal,kanan,61.266,63.266,2.0,2.0,incomplete,video,0.0,True,False,False,17.61811717768032,12.610207991754706,15.166216449109246,15.760878102478522
P31,AGEM KIRI,1,PRA,T4,temporal,kanan,61.266,63.266,2.0,2.0,incomplete,video,0.0,True,False,False,24.69597222161854,23.411102184130673,22.079085019888243,22.888833326966516
P31,AGEM KIRI,1,PRA,T6,temporo-posterior,kanan,61.266,63.266,2.0,2.0,incomplete,video,0.0,True,False,False,25.189002604847644,24.9430207472043,23.32844364610019,24.655277702905746
P31,AGEM KIRI,1,TAHAN,Fp1,frontopolar,kiri,72.986,74.347,1.861,1.361,incomplete,video,0.0,True,False,False,10.122394721952698,3.620634364753194,3.7318812734881917,6.6851364379254505
P31,AGEM KIRI,1,TAHAN,F3,frontal,kiri,72.986,74.347,1.861,1.361,incomplete,video,0.507,False,False,False,,,,
P31,AGEM KIRI,1,TAHAN,C3,sentral,kiri,72.986,74.347,1.861,1.361,incomplete,video,0.493,True,True,False,-0.16008273549394048,-2.414840690591703,-9.958536218137372,-2.9839231239526818
P31,AGEM KIRI,1,TAHAN,P3,parietal,kiri,72.986,74.347,1.861,1.361,incomplete,video,1.0,False,False,False,,,,
P31,AGEM KIRI,1,TAHAN,O1,oksipital,kiri,72.986,74.347,1.861,1.361,incomplete,video,0.0,True,False,False,4.27337917667635,-2.068570828982679,-0.7424114390716099,4.513520092664457
P31,AGEM KIRI,1,TAHAN,F7,frontotemporal,kiri,72.986,74.347,1.861,1.361,incomplete,video,0.0,True,False,False,12.512102155718622,5.417023753395174,6.679387906479523,11.127473032666295
P31,AGEM KIRI,1,TAHAN,T3,temporal,kiri,72.986,74.347,1.861,1.361,incomplete,video,0.654,False,False,False,,,,
P31,AGEM KIRI,1,TAHAN,T5,temporo-posterior,kiri,72.986,74.347,1.861,1.361,incomplete,video,0.0,True,False,False,10.468220076213388,5.822411029364371,4.242122887980372,10.083369645585869
P31,AGEM KIRI,1,TAHAN,Fp2,frontopolar,kanan,72.986,74.347,1.861,1.361,incomplete,video,0.0,True,False,False,26.821509488452858,22.35230812394959,18.163653429529337,22.839298057712565
P31,AGEM KIRI,1,TAHAN,F4,frontal,kanan,72.986,74.347,1.861,1.361,incomplete,video,0.0,True,False,False,16.025294515496363,7.573582249890965,6.744093265179927,11.739234080248316
P31,AGEM KIRI,1,TAHAN,C4,sentral,kanan,72.986,74.347,1.861,1.361,incomplete,video,0.0,True,False,False,17.720637769225377,9.144095800896658,9.049762860006066,13.419268707082892
P31,AGEM KIRI,1,TAHAN,P4,parietal,kanan,72.986,74.347,1.861,1.361,incomplete,video,0.0,True,False,False,24.017698040723623,19.73477218904211,15.501741904338594,21.8726573764624
P31,AGEM KIRI,1,TAHAN,O2,oksipital,kanan,72.986,74.347,1.861,1.361,incomplete,video,0.0,True,False,False,20.449304765877915,13.584785115167119,11.393188001845996,17.478564844173473
P31,AGEM KIRI,1,TAHAN,F8,frontotemporal,kanan,72.986,74.347,1.861,1.361,incomplete,video,0.0,True,False,False,17.2737328284201,15.010803339443946,9.245375940764088,15.214224121020088
P31,AGEM KIRI,1,TAHAN,T4,temporal,kanan,72.986,74.347,1.861,1.361,incomplete,video,0.0,True,False,False,32.15923506298886,27.127923660905974,21.451846319747556,28.435896661121642
P31,AGEM KIRI,1,TAHAN,T6,temporo-posterior,kanan,72.986,74.347,1.861,1.361,incomplete,video,0.0,True,False,False,23.80528415583693,19.709976466272934,17.210526952387852,23.082714826573184
P31,AGEM KIRI,2,PRA,Fp1,frontopolar,kiri,81.193,83.193,2.0,2.0,ok,video,0.0,True,False,False,10.473192672264975,3.6975420503841647,2.775115045673374,7.15477557759143
P31,AGEM KIRI,2,PRA,F3,frontal,kiri,81.193,83.193,2.0,2.0,ok,video,0.0,True,False,False,-0.852281744430794,-4.9466156144802405,-4.15551454252217,-3.0116688613441625
P31,AGEM KIRI,2,PRA,C3,sentral,kiri,81.193,83.193,2.0,2.0,ok,video,0.0,True,False,False,4.833961692136224,0.029941415926156623,-0.6580137157923254,3.6260745714394815
P31,AGEM KIRI,2,PRA,P3,parietal,kiri,81.193,83.193,2.0,2.0,ok,video,0.0,True,False,False,0.5862112445257956,-3.7620539917599984,-2.7989620437757274,-1.788801961835432
P31,AGEM KIRI,2,PRA,O1,oksipital,kiri,81.193,83.193,2.0,2.0,ok,video,0.0,True,False,False,11.906622152730009,7.407848175478094,2.8229200834698034,8.511423458476614
P31,AGEM KIRI,2,PRA,F7,frontotemporal,kiri,81.193,83.193,2.0,2.0,ok,video,0.0,True,False,False,12.821369445891904,8.00536344318363,6.6262602502987455,10.44765051850598
P31,AGEM KIRI,2,PRA,T3,temporal,kiri,81.193,83.193,2.0,2.0,ok,video,0.0,True,False,False,6.945424608993903,1.7133215071314005,0.20888596807454007,4.3572160024699045
P31,AGEM KIRI,2,PRA,T5,temporo-posterior,kiri,81.193,83.193,2.0,2.0,ok,video,0.0,True,False,False,9.355173173470615,7.210680574309844,4.948984049590912,8.032958727821097
P31,AGEM KIRI,2,PRA,Fp2,frontopolar,kanan,81.193,83.193,2.0,2.0,ok,video,0.0,True,False,False,22.974258665565397,18.431036890624632,17.331973755727024,19.862032922869883
P31,AGEM KIRI,2,PRA,F4,frontal,kanan,81.193,83.193,2.0,2.0,ok,video,0.0,True,False,False,12.94192943986964,5.478992255722478,6.6699721444206865,9.886782406224462
P31,AGEM KIRI,2,PRA,C4,sentral,kanan,81.193,83.193,2.0,2.0,ok,video,0.0,True,False,False,14.03436841717086,7.369971414656092,9.762203018272853,11.553008665935906
P31,AGEM KIRI,2,PRA,P4,parietal,kanan,81.193,83.193,2.0,2.0,ok,video,0.0,True,False,False,20.709169067456422,18.81806078646467,16.94768351040741,19.42857295022616
P31,AGEM KIRI,2,PRA,O2,oksipital,kanan,81.193,83.193,2.0,2.0,ok,video,0.0,True,False,False,21.952553014542676,16.447265673303296,12.880639288999685,17.601928960027227
P31,AGEM KIRI,2,PRA,F8,frontotemporal,kanan,81.193,83.193,2.0,2.0,ok,video,0.0,True,False,False,21.38683317865057,12.182834137945747,9.872106700610917,17.584313491467405
P31,AGEM KIRI,2,PRA,T4,temporal,kanan,81.193,83.193,2.0,2.0,ok,video,0.0,True,False,False,22.039722466406936,21.38939874938553,20.54409705522117,21.09486766769771
P31,AGEM KIRI,2,PRA,T6,temporo-posterior,kanan,81.193,83.193,2.0,2.0,ok,video,0.0,True,False,False,26.150169217227898,24.370183983706767,19.1287596783472,23.465307914143086
P31,AGEM KIRI,2,TURUN,Fp1,frontopolar,kiri,87.626,88.093,0.667,0.467,ok,video,0.0,True,False,False,5.432407422609547,0.18421323042648297,5.02275531357607,4.199581945754964
P31,AGEM KIRI,2,TURUN,F3,frontal,kiri,87.626,88.093,0.667,0.467,ok,video,0.0,True,False,False,0.8423919836876195,1.2635647970538741,-3.7714000456185346,0.8870328516339576
P31,AGEM KIRI,2,TURUN,C3,sentral,kiri,87.626,88.093,0.667,0.467,ok,video,0.0,True,False,False,11.08121243925888,8.174824245304247,1.620134534819993,7.709941353074413
P31,AGEM KIRI,2,TURUN,P3,parietal,kiri,87.626,88.093,0.667,0.467,ok,video,0.0,True,False,False,0.7013034116214136,-1.2266722849176013,-3.734781276683396,-1.4220759307459687
P31,AGEM KIRI,2,TURUN,O1,oksipital,kiri,87.626,88.093,0.667,0.467,ok,video,0.0,True,False,False,5.444713530652081,-4.273152984381781,-0.31875773473020175,1.2710700641140207
P31,AGEM KIRI,2,TURUN,F7,frontotemporal,kiri,87.626,88.093,0.667,0.467,ok,video,0.0,True,False,False,4.989845681290895,2.7744504442314586,8.035565432513568,5.896884662934461
P31,AGEM KIRI,2,TURUN,T3,temporal,kiri,87.626,88.093,0.667,0.467,ok,video,0.0,True,False,False,6.7182937269415675,2.255719306627359,-2.083163214546783,3.470815308758773
P31,AGEM KIRI,2,TURUN,T5,temporo-posterior,kiri,87.626,88.093,0.667,0.467,ok,video,0.0,True,False,False,14.864161979554172,6.071667361703266,2.2826819847615845,11.474240982491573
P31,AGEM KIRI,2,TURUN,Fp2,frontopolar,kanan,87.626,88.093,0.667,0.467,ok,video,0.0,True,False,False,22.411878726052297,17.28010345870925,19.081897291190757,19.11904632515871
P31,AGEM KIRI,2,TURUN,F4,frontal,kanan,87.626,88.093,0.667,0.467,ok,video,0.0,True,False,False,14.240424985202452,14.634267569897052,7.833370493563425,12.66855908380144
P31,AGEM KIRI,2,TURUN,C4,sentral,kanan,87.626,88.093,0.667,0.467,ok,video,0.0,True,False,False,16.991943638906648,14.910546608344738,11.716777095408194,14.10135937148798
P31,AGEM KIRI,2,TURUN,P4,parietal,kanan,87.626,88.093,0.667,0.467,ok,video,0.0,True,False,False,18.929449858475188,8.620649657236182,17.056101430945475,15.816347997930315
P31,AGEM KIRI,2,TURUN,O2,oksipital,kanan,87.626,88.093,0.667,0.467,ok,video,0.0,True,False,False,17.083100892562793,9.784721363024968,12.947943364178744,13.810802803152253
P31,AGEM KIRI,2,TURUN,F8,frontotemporal,kanan,87.626,88.093,0.667,0.467,ok,video,0.0,True,False,False,13.427141463487231,9.727899512814297,12.962897192034912,11.734238172713574
P31,AGEM KIRI,2,TURUN,T4,temporal,kanan,87.626,88.093,0.667,0.467,ok,video,0.0,True,False,False,20.760299932457727,24.502090746394,18.995231725676188,21.368797475097384
P31,AGEM KIRI,2,TURUN,T6,temporo-posterior,kanan,87.626,88.093,0.667,0.467,ok,video,0.0,True,False,False,23.656369950661485,23.6065648376742,19.15191600374596,22.71711592847365
P31,AGEM KIRI,2,TAHAN,Fp1,frontopolar,kiri,88.364,89.161,1.139,0.797,ok,video,0.0,True,False,False,-0.7518886930825524,-3.7299064742952304,-0.3373176427055604,-1.2988727265838271
P31,AGEM KIRI,2,TAHAN,F3,frontal,kiri,88.364,89.161,1.139,0.797,ok,video,0.0,True,False,False,-3.9559813206814596,-3.4806678121917862,-3.0637065099573135,-3.269265593308262
P31,AGEM KIRI,2,TAHAN,C3,sentral,kiri,88.364,89.161,1.139,0.797,ok,video,0.0,True,False,False,4.344051804247432,-1.007050612776542,-0.016783184493839087,1.8094140369709208
P31,AGEM KIRI,2,TAHAN,P3,parietal,kiri,88.364,89.161,1.139,0.797,ok,video,0.0,True,False,False,-1.9639622686037335,-1.3417527258449624,-1.383452308712652,-1.7101983014736284
P31,AGEM KIRI,2,TAHAN,O1,oksipital,kiri,88.364,89.161,1.139,0.797,ok,video,0.0,True,False,False,-2.1031199768975632,-5.4553455939463475,-3.440061495642315,-2.854159054339238
P31,AGEM KIRI,2,TAHAN,F7,frontotemporal,kiri,88.364,89.161,1.139,0.797,ok,video,0.0,True,False,False,-4.507033658757891,-2.930237451919819,-0.49800466822463463,-2.0968369589128137
P31,AGEM KIRI,2,TAHAN,T3,temporal,kiri,88.364,89.161,1.139,0.797,ok,video,0.0,True,False,False,1.3616990899034676,-0.1904362625252638,0.6527806056128433,0.5671036531716815
P31,AGEM KIRI,2,TAHAN,T5,temporo-posterior,kiri,88.364,89.161,1.139,0.797,ok,video,0.0,True,False,False,5.296013193165788,-1.3958060706341762,1.9295128646660942,2.032311054355681
P31,AGEM KIRI,2,TAHAN,Fp2,frontopolar,kanan,88.364,89.161,1.139,0.797,ok,video,0.0,True,False,False,19.33542616690406,20.393851871679203,18.980794561501117,17.824506192156694
P31,AGEM KIRI,2,TAHAN,F4,frontal,kanan,88.364,89.161,1.139,0.797,ok,video,0.0,True,False,False,11.509438134903483,8.787785403493285,7.5421051282687905,8.990473385132148
P31,AGEM KIRI,2,TAHAN,C4,sentral,kanan,88.364,89.161,1.139,0.797,ok,video,0.0,True,False,False,12.037578970477092,10.253657497152233,9.493553496699828,9.820704671602428
P31,AGEM KIRI,2,TAHAN,P4,parietal,kanan,88.364,89.161,1.139,0.797,ok,video,0.0,True,False,False,16.418576552209323,17.167214156558998,16.385970057124005,14.529448877534762
P31,AGEM KIRI,2,TAHAN,O2,oksipital,kanan,88.364,89.161,1.139,0.797,ok,video,0.0,True,False,False,14.911029874771952,12.4919675607261,13.444602480342915,12.798185457636134
P31,AGEM KIRI,2,TAHAN,F8,frontotemporal,kanan,88.364,89.161,1.139,0.797,ok,video,0.0,True,False,False,13.042754080969381,12.561490578700948,9.72568168869864,10.849954006829108
P31,AGEM KIRI,2,TAHAN,T4,temporal,kanan,88.364,89.161,1.139,0.797,ok,video,0.0,True,False,False,20.015742007222677,21.69443343810126,20.879475734858087,19.120226691989185
P31,AGEM KIRI,2,TAHAN,T6,temporo-posterior,kanan,88.364,89.161,1.139,0.797,ok,video,0.0,True,False,False,16.748708773968858,15.731908721297586,17.529503714198576,15.40039049624075
P31,AGEM KIRI,2,NAIK,Fp1,frontopolar,kiri,89.582,93.956,4.874,4.374,ok,video,0.0,True,False,False,3.72548525092731,0.5837655697214004,0.5945665066156067,3.007331099945233
P31,AGEM KIRI,2,NAIK,F3,frontal,kiri,89.582,93.956,4.874,4.374,ok,video,0.229,True,True,False,2.642470528617409,-0.799684642410881,-0.46278391551585685,1.8456634326863082
P31,AGEM KIRI,2,NAIK,C3,sentral,kiri,89.582,93.956,4.874,4.374,ok,video,0.092,True,False,False,3.0607747255386535,-0.5626514770479751,-0.30007126907966963,3.9722933150150936
P31,AGEM KIRI,2,NAIK,P3,parietal,kiri,89.582,93.956,4.874,4.374,ok,video,0.229,True,True,False,4.1729452015061135,0.6467018187932894,0.3312853779174887,2.4476950600074083
P31,AGEM KIRI,2,NAIK,O1,oksipital,kiri,89.582,93.956,4.874,4.374,ok,video,0.0,True,False,False,5.148554515937917,0.397494164073791,1.2568162231892224,5.806561537432174
P31,AGEM KIRI,2,NAIK,F7,frontotemporal,kiri,89.582,93.956,4.874,4.374,ok,video,0.0,True,False,False,7.723160892615603,5.088161627235582,3.4392234594047153,7.244119771394139
P31,AGEM KIRI,2,NAIK,T3,temporal,kiri,89.582,93.956,4.874,4.374,ok,video,0.0,True,False,False,4.641632205927323,-0.8169332835741479,0.3452471585955834,2.9909549012534526
P31,AGEM KIRI,2,NAIK,T5,temporo-posterior,kiri,89.582,93.956,4.874,4.374,ok,video,0.0,True,False,False,7.414671043754485,2.4215587176024123,2.6773913509597165,7.42438475486491
P31,AGEM KIRI,2,NAIK,Fp2,frontopolar,kanan,89.582,93.956,4.874,4.374,ok,video,0.0,True,False,False,14.535378666782133,12.917157263318181,11.474687650631477,13.919264495197979
P31,AGEM KIRI,2,NAIK,F4,frontal,kanan,89.582,93.956,4.874,4.374,ok,video,0.092,True,False,False,9.951259376499536,1.8085654297198062,3.2687952698976055,8.121872626872523
P31,AGEM KIRI,2,NAIK,C4,sentral,kanan,89.582,93.956,4.874,4.374,ok,video,0.0,True,False,False,10.485158257768049,2.8836792938164635,3.901117496459481,8.948981821436107
P31,AGEM KIRI,2,NAIK,P4,parietal,kanan,89.582,93.956,4.874,4.374,ok,video,0.0,True,False,False,18.052847227024266,12.048170518941774,10.59119603463797,16.21606339074647
P31,AGEM KIRI,2,NAIK,O2,oksipital,kanan,89.582,93.956,4.874,4.374,ok,video,0.0,True,False,False,13.463722776289739,7.52306649733816,6.6982886579367324,12.62762600151267
P31,AGEM KIRI,2,NAIK,F8,frontotemporal,kanan,89.582,93.956,4.874,4.374,ok,video,0.0,True,False,False,14.132331353084183,9.092171248859856,7.64271912889247,10.76239530500947
P31,AGEM KIRI,2,NAIK,T4,temporal,kanan,89.582,93.956,4.874,4.374,ok,video,0.0,True,False,False,17.077644178120295,17.28672881318054,13.787427961726717,16.542332697612625
P31,AGEM KIRI,2,NAIK,T6,temporo-posterior,kanan,89.582,93.956,4.874,4.374,ok,video,0.0,True,False,False,12.782677961940387,13.195113234959187,9.0143162304771,12.405831532341256
P31,AGEM KIRI,2,POST,Fp1,frontopolar,kiri,94.706,96.206,1.5,1.5,ok,video,0.0,True,False,False,8.153085972067746,2.5319080618556384,4.0187660916956816,7.651505067392968
P31,AGEM KIRI,2,POST,F3,frontal,kiri,94.706,96.206,1.5,1.5,ok,video,0.0,True,False,False,2.184833661112684,-5.7232259216144925,-3.9712032716796166,-1.9101146977183703
P31,AGEM KIRI,2,POST,C3,sentral,kiri,94.706,96.206,1.5,1.5,ok,video,0.0,True,False,False,14.418557873831642,6.815242759921329,2.5641120725105644,10.61264463991887
P31,AGEM KIRI,2,POST,P3,parietal,kiri,94.706,96.206,1.5,1.5,ok,video,0.0,True,False,False,-11.810620556789136,-10.547298866913536,-11.132482695286097,-10.959254916805829
P31,AGEM KIRI,2,POST,O1,oksipital,kiri,94.706,96.206,1.5,1.5,ok,video,0.0,True,False,False,12.362093427254173,4.742358075193778,-0.4269665049866731,9.352973479340044
P31,AGEM KIRI,2,POST,F7,frontotemporal,kiri,94.706,96.206,1.5,1.5,ok,video,0.0,True,False,False,13.892566219629032,6.074988222246471,7.466346826370046,11.659968644796876
P31,AGEM KIRI,2,POST,T3,temporal,kiri,94.706,96.206,1.5,1.5,ok,video,0.0,True,False,False,7.780728423783707,0.8458604583561531,-0.2487072329672273,3.4840269166953703
P31,AGEM KIRI,2,POST,T5,temporo-posterior,kiri,94.706,96.206,1.5,1.5,ok,video,0.0,True,False,False,14.153758794055424,7.687053619122391,4.881239426735156,13.446409224031576
P31,AGEM KIRI,2,POST,Fp2,frontopolar,kanan,94.706,96.206,1.5,1.5,ok,video,0.0,True,False,False,21.18380978233468,18.902479453580398,14.68448864665336,19.86322370029887
P31,AGEM KIRI,2,POST,F4,frontal,kanan,94.706,96.206,1.5,1.5,ok,video,0.0,True,False,False,5.44820804363961,5.0301479569687295,7.658495508781268,6.954676123062384
P31,AGEM KIRI,2,POST,C4,sentral,kanan,94.706,96.206,1.5,1.5,ok,video,0.0,True,False,False,14.014229361632701,8.801283306263791,7.1300282611935195,14.203905414876367
P31,AGEM KIRI,2,POST,P4,parietal,kanan,94.706,96.206,1.5,1.5,ok,video,0.0,True,False,False,17.83983542188104,19.104660614233026,15.438614943541701,22.00558951963938
P31,AGEM KIRI,2,POST,O2,oksipital,kanan,94.706,96.206,1.5,1.5,ok,video,0.0,True,False,False,22.206419984132605,12.316537159811606,9.819481707423328,18.093131535176585
P31,AGEM KIRI,2,POST,F8,frontotemporal,kanan,94.706,96.206,1.5,1.5,ok,video,0.0,True,False,False,18.402605247398313,11.12403683359885,8.20608963184095,15.216748588857499
P31,AGEM KIRI,2,POST,T4,temporal,kanan,94.706,96.206,1.5,1.5,ok,video,0.0,True,False,False,17.793618551103755,20.693321992930112,19.68355506619564,19.28006005501525
P31,AGEM KIRI,2,POST,T6,temporo-posterior,kanan,94.706,96.206,1.5,1.5,ok,video,0.0,True,False,False,19.432850987135858,18.62265826027639,15.923419976409072,18.551919558809015
P31,NGEED,3,PRA,Fp1,frontopolar,kiri,277.865,279.865,2.0,2.0,ok,video,0.0,True,False,False,-0.9160477940418943,-5.8987609857303305,-3.993914688165784,-3.476255125187791
P31,NGEED,3,PRA,F3,frontal,kiri,277.865,279.865,2.0,2.0,ok,video,1.0,False,False,False,,,,
P31,NGEED,3,PRA,C3,sentral,kiri,277.865,279.865,2.0,2.0,ok,video,0.0,True,False,False,5.107961902069771,-1.6863884070053956,-1.5996993668567896,3.295801163656499
P31,NGEED,3,PRA,P3,parietal,kiri,277.865,279.865,2.0,2.0,ok,video,1.0,False,False,False,,,,
P31,NGEED,3,PRA,O1,oksipital,kiri,277.865,279.865,2.0,2.0,ok,video,0.0,True,False,False,-4.753781418056803,-10.899147741472603,-5.730152022149536,-5.233249422889006
P31,NGEED,3,PRA,F7,frontotemporal,kiri,277.865,279.865,2.0,2.0,ok,video,0.0,True,False,False,1.0828673897742291,-3.505458236802834,-3.129656319829831,-1.5662438160534933
P31,NGEED,3,PRA,T3,temporal,kiri,277.865,279.865,2.0,2.0,ok,video,0.0,True,False,False,-5.059664042528738,-9.170436001185298,-7.832432677414474,-6.358611941369677
P31,NGEED,3,PRA,T5,temporo-posterior,kiri,277.865,279.865,2.0,2.0,ok,video,0.395,True,True,False,-6.268442558310031,-9.040650178030006,-4.660901327924989,-4.821477579935458
P31,NGEED,3,PRA,Fp2,frontopolar,kanan,277.865,279.865,2.0,2.0,ok,video,0.0,True,False,False,1.0702432826794208,-0.14611698814436025,0.30023236247351903,0.01802656745810438
P31,NGEED,3,PRA,F4,frontal,kanan,277.865,279.865,2.0,2.0,ok,video,0.0,True,False,False,1.4927271884366462,-3.2793953061575287,-0.8009436525258735,0.6079343744604309
P31,NGEED,3,PRA,C4,sentral,kanan,277.865,279.865,2.0,2.0,ok,video,0.0,True,False,False,1.14572172875652,-1.2406046035502385,0.38080174680704815,0.5653795589468658
P31,NGEED,3,PRA,P4,parietal,kanan,277.865,279.865,2.0,2.0,ok,video,0.0,True,False,False,4.954958217137289,-0.16709605221382517,0.3147291113642865,3.5698282704232156
P31,NGEED,3,PRA,O2,oksipital,kanan,277.865,279.865,2.0,2.0,ok,video,0.0,True,False,False,-4.7164984676665185,-5.62012410430367,-5.357119597037947,-5.541406471327706
P31,NGEED,3,PRA,F8,frontotemporal,kanan,277.865,279.865,2.0,2.0,ok,video,0.795,False,False,False,,,,
P31,NGEED,3,PRA,T4,temporal,kanan,277.865,279.865,2.0,2.0,ok,video,0.0,True,False,False,9.843479899053541,-0.9178530187672749,-0.4256919395816787,7.5396453972288455
P31,NGEED,3,PRA,T6,temporo-posterior,kanan,277.865,279.865,2.0,2.0,ok,video,0.0,True,False,False,4.209251010984701,0.13862339542890112,1.2493149234732996,1.517405558557936
P31,NGEED,3,TURUN,Fp1,frontopolar,kiri,280.817,281.566,1.069,0.748,ok,video,0.0,True,False,False,5.050908938660225,3.16974209055887,1.5735602351173128,4.719013910848112
P31,NGEED,3,TURUN,F3,frontal,kiri,280.817,281.566,1.069,0.748,ok,video,1.0,False,False,False,,,,
P31,NGEED,3,TURUN,C3,sentral,kiri,280.817,281.566,1.069,0.748,ok,video,0.0,True,False,False,10.682757723725633,8.483878574888603,2.6902097787653396,8.180165466504306
P31,NGEED,3,TURUN,P3,parietal,kiri,280.817,281.566,1.069,0.748,ok,video,1.0,False,False,False,,,,
P31,NGEED,3,TURUN,O1,oksipital,kiri,280.817,281.566,1.069,0.748,ok,video,0.0,True,False,False,-7.2018664858504025,0.2902873678365694,-1.6156242386085395,-0.8694346410906775
P31,NGEED,3,TURUN,F7,frontotemporal,kiri,280.817,281.566,1.069,0.748,ok,video,0.0,True,False,False,3.236097121050115,6.076123721114239,2.4345056410441295,5.315996069865378
P31,NGEED,3,TURUN,T3,temporal,kiri,280.817,281.566,1.069,0.748,ok,video,0.0,True,False,False,-0.8763445091223652,-5.797900585855352,-5.5325434713494275,-0.6714404395458402
P31,NGEED,3,TURUN,T5,temporo-posterior,kiri,280.817,281.566,1.069,0.748,ok,video,0.0,True,False,False,0.5573780164665045,0.656035151128453,0.11348050277084809,1.2667856383767457
P31,NGEED,3,TURUN,Fp2,frontopolar,kanan,280.817,281.566,1.069,0.748,ok,video,0.0,True,False,False,23.233705471047568,18.912670573524565,12.12731637732778,19.108347607549387
P31,NGEED,3,TURUN,F4,frontal,kanan,280.817,281.566,1.069,0.748,ok,video,0.0,True,False,False,12.426959662781819,9.209812979123118,5.788960155223329,10.88485625110571
P31,NGEED,3,TURUN,C4,sentral,kanan,280.817,281.566,1.069,0.748,ok,video,0.0,True,False,False,16.043016288048364,10.73302614401804,6.2819051472469845,11.856217743478958
P31,NGEED,3,TURUN,P4,parietal,kanan,280.817,281.566,1.069,0.748,ok,video,0.0,True,False,False,20.187986654982673,16.83173379949725,11.016800970798332,16.676531528748527
P31,NGEED,3,TURUN,O2,oksipital,kanan,280.817,281.566,1.069,0.748,ok,video,0.0,True,False,False,16.056815407448195,10.261638291498212,4.096572845535455,11.93841117669788
P31,NGEED,3,TURUN,F8,frontotemporal,kanan,280.817,281.566,1.069,0.748,ok,video,0.0,True,False,False,13.39998644723002,6.960915116705372,2.0969851181338797,9.606737836068056
P31,NGEED,3,TURUN,T4,temporal,kanan,280.817,281.566,1.069,0.748,ok,video,0.0,True,False,False,24.94076428388177,22.344044228879486,16.988516463049404,22.20822288365508
P31,NGEED,3,TURUN,T6,temporo-posterior,kanan,280.817,281.566,1.069,0.748,ok,video,0.0,True,False,False,14.223788070991134,12.502244966615692,10.022390373134812,11.772940300736206
P31,NGEED,3,TAHAN,Fp1,frontopolar,kiri,281.976,284.086,2.61,2.11,ok,video,0.0,True,False,False,-1.2283956770476046,-4.449677979445038,-2.079631318898059,-2.044928475916727
P31,NGEED,3,TAHAN,F3,frontal,kiri,281.976,284.086,2.61,2.11,ok,video,0.038,True,False,False,-5.746850258605999,-4.375699013740398,-6.446020880261635,-5.128687270628063
P31,NGEED,3,TAHAN,C3,sentral,kiri,281.976,284.086,2.61,2.11,ok,video,0.0,True,False,False,3.6536173573000816,0.3879007288619043,-1.853207831869799,2.379641640653464
P31,NGEED,3,TAHAN,P3,parietal,kiri,281.976,284.086,2.61,2.11,ok,video,0.796,False,False,False,,,,
P31,NGEED,3,TAHAN,O1,oksipital,kiri,281.976,284.086,2.61,2.11,ok,video,0.0,True,False,False,-3.0815563788748186,-3.068438882845946,-2.771389174280543,-2.8917414212302255
P31,NGEED,3,TAHAN,F7,frontotemporal,kiri,281.976,284.086,2.61,2.11,ok,video,0.0,True,False,False,-0.342372434424135,-3.8331364136148665,-0.5144563184362845,-0.4450817997403327
P31,NGEED,3,TAHAN,T3,temporal,kiri,281.976,284.086,2.61,2.11,ok,video,0.0,True,False,False,5.968304862512227,3.6413099090061856,0.6506000508245577,5.29106018608978
P31,NGEED,3,TAHAN,T5,temporo-posterior,kiri,281.976,284.086,2.61,2.11,ok,video,0.0,True,False,False,-0.9749898595744604,-1.0284724092567679,-0.22484904037139586,-0.14889967158095274
P31,NGEED,3,TAHAN,Fp2,frontopolar,kanan,281.976,284.086,2.61,2.11,ok,video,0.0,True,False,False,13.029595517388277,10.211641375918898,9.088145209332296,10.735723538218014
P31,NGEED,3,TAHAN,F4,frontal,kanan,281.976,284.086,2.61,2.11,ok,video,0.0,True,False,False,8.347795079047295,4.370006636514159,2.691335918049006,5.81410679180555
P31,NGEED,3,TAHAN,C4,sentral,kanan,281.976,284.086,2.61,2.11,ok,video,0.0,True,False,False,11.4148079869546,4.626864788474705,5.463791608081134,8.318070618291408
P31,NGEED,3,TAHAN,P4,parietal,kanan,281.976,284.086,2.61,2.11,ok,video,0.0,True,False,False,9.729920541231976,5.660301734013675,5.56353173303787,8.037770522397466
P31,NGEED,3,TAHAN,O2,oksipital,kanan,281.976,284.086,2.61,2.11,ok,video,0.0,True,False,False,7.438204100189356,4.788983831200095,3.4787704982689647,5.193248696977822
P31,NGEED,3,TAHAN,F8,frontotemporal,kanan,281.976,284.086,2.61,2.11,ok,video,0.0,True,False,False,6.246546047193441,5.67045218707721,4.725977301725248,5.61834444867975
P31,NGEED,3,TAHAN,T4,temporal,kanan,281.976,284.086,2.61,2.11,ok,video,0.0,True,False,False,17.767807453976644,15.826967524314195,11.95558582025809,16.353801830198545
P31,NGEED,3,TAHAN,T6,temporo-posterior,kanan,281.976,284.086,2.61,2.11,ok,video,0.0,True,False,False,14.378912867028774,7.3417783690919265,8.146752239574344,13.258421656307096
P31,NGEED,3,NAIK,Fp1,frontopolar,kiri,284.444,284.951,0.723,0.506,ok,video,0.0,True,False,False,5.5098158585402395,0.08496957199831101,2.9301058432766567,4.892497178345884
P31,NGEED,3,NAIK,F3,frontal,kiri,284.444,284.951,0.723,0.506,ok,video,0.0,True,False,False,0.5576234901023369,-0.5211506705138156,0.41827852596055237,1.5217049012094392
P31,NGEED,3,NAIK,C3,sentral,kiri,284.444,284.951,0.723,0.506,ok,video,0.0,True,False,False,6.782741471892852,-2.746882581010315,3.1554604440018323,4.3556062735146455
P31,NGEED,3,NAIK,P3,parietal,kiri,284.444,284.951,0.723,0.506,ok,video,0.0,True,False,False,2.7479491703888534,0.19277009827369085,1.9472988365738715,3.7208771370318594
P31,NGEED,3,NAIK,O1,oksipital,kiri,284.444,284.951,0.723,0.506,ok,video,0.0,True,False,False,0.20036414350003895,0.2370717078592932,-3.336937323054059,1.0922992797984676
P31,NGEED,3,NAIK,F7,frontotemporal,kiri,284.444,284.951,0.723,0.506,ok,video,0.0,True,False,False,7.896344907493194,3.5356295609845176,5.053580726755133,7.507701131517557
P31,NGEED,3,NAIK,T3,temporal,kiri,284.444,284.951,0.723,0.506,ok,video,0.0,True,False,False,6.665812155662543,1.0618096632191047,5.9592890847848565,5.3211195863463985
P31,NGEED,3,NAIK,T5,temporo-posterior,kiri,284.444,284.951,0.723,0.506,ok,video,0.0,True,False,False,2.076215703234279,4.934175810603701,1.6084309569011914,4.144742763344468
P31,NGEED,3,NAIK,Fp2,frontopolar,kanan,284.444,284.951,0.723,0.506,ok,video,0.0,True,False,False,18.727139253507058,15.710372401011632,16.584350808584986,20.260478116918133
P31,NGEED,3,NAIK,F4,frontal,kanan,284.444,284.951,0.723,0.506,ok,video,0.0,True,False,False,19.15910626765364,12.286103612292191,6.2052831435425055,15.596615767835381
P31,NGEED,3,NAIK,C4,sentral,kanan,284.444,284.951,0.723,0.506,ok,video,0.0,True,False,False,14.655313420481264,9.824456343748686,9.680439083462044,11.668687573026169
P31,NGEED,3,NAIK,P4,parietal,kanan,284.444,284.951,0.723,0.506,ok,video,0.0,True,False,False,16.591911593433466,10.353180543042313,15.880446592547209,18.048330466685215
P31,NGEED,3,NAIK,O2,oksipital,kanan,284.444,284.951,0.723,0.506,ok,video,0.0,True,False,False,14.040929961414978,9.234376410316958,6.954638777866986,13.68202508671872
P31,NGEED,3,NAIK,F8,frontotemporal,kanan,284.444,284.951,0.723,0.506,ok,video,0.0,True,False,False,14.493045684038684,4.0136177289838955,9.104436065790612,16.522476051602574
P31,NGEED,3,NAIK,T4,temporal,kanan,284.444,284.951,0.723,0.506,ok,video,0.0,True,False,False,25.712912596709472,25.850698926492488,18.538538085167655,22.711369173971722
P31,NGEED,3,NAIK,T6,temporo-posterior,kanan,284.444,284.951,0.723,0.506,ok,video,0.0,True,False,False,18.232745762057917,14.91662597907333,10.382935396558494,17.42943251395059
P31,NGEED,3,POST,Fp1,frontopolar,kiri,285.559,287.059,1.5,1.5,ok,video,0.0,True,False,False,1.4926381360827783,0.03905871040903364,-0.7459335088077594,1.4014469311848785
P31,NGEED,3,POST,F3,frontal,kiri,285.559,287.059,1.5,1.5,ok,video,0.0,True,False,False,4.644819099634859,3.1266088750858785,1.958125935082876,5.49420834723896
P31,NGEED,3,POST,C3,sentral,kiri,285.559,287.059,1.5,1.5,ok,video,0.0,True,False,False,12.35721019816604,8.694179453352088,4.653605572081052,11.759281282877922
P31,NGEED,3,POST,P3,parietal,kiri,285.559,287.059,1.5,1.5,ok,video,0.0,True,False,False,2.176166807230576,1.5142592100339556,1.1207418016453587,3.388534867497537
P31,NGEED,3,POST,O1,oksipital,kiri,285.559,287.059,1.5,1.5,ok,video,0.0,True,False,False,3.5436089864446814,-5.577821224170023,-3.5749538859096575,2.6901243000664294
P31,NGEED,3,POST,F7,frontotemporal,kiri,285.559,287.059,1.5,1.5,ok,video,0.0,True,False,False,4.623480294145068,3.247242954300802,2.0036040352909197,4.653312248739045
P31,NGEED,3,POST,T3,temporal,kiri,285.559,287.059,1.5,1.5,ok,video,0.0,True,False,False,6.739201188241786,5.564195757471293,2.4948504671449925,5.996054093818138
P31,NGEED,3,POST,T5,temporo-posterior,kiri,285.559,287.059,1.5,1.5,ok,video,0.0,True,False,False,6.45824592003785,0.31871440210384705,1.6964506046558796,6.1053510923475685
P31,NGEED,3,POST,Fp2,frontopolar,kanan,285.559,287.059,1.5,1.5,ok,video,0.0,True,False,False,18.159298100782767,14.92594037594062,11.437988595463594,17.05531252380371
P31,NGEED,3,POST,F4,frontal,kanan,285.559,287.059,1.5,1.5,ok,video,0.0,True,False,False,10.220980371106386,6.066021479587516,4.341976925234999,8.489746077908727
P31,NGEED,3,POST,C4,sentral,kanan,285.559,287.059,1.5,1.5,ok,video,0.0,True,False,False,13.160538300676343,6.886302480088482,6.1289390255266945,10.902277826492472
P31,NGEED,3,POST,P4,parietal,kanan,285.559,287.059,1.5,1.5,ok,video,0.0,True,False,False,20.866105192726252,14.067396718709453,12.220263693387881,17.92158440586455
P31,NGEED,3,POST,O2,oksipital,kanan,285.559,287.059,1.5,1.5,ok,video,0.0,True,False,False,17.842147583880884,10.992609500502954,5.205727495632313,15.263144317674321
P31,NGEED,3,POST,F8,frontotemporal,kanan,285.559,287.059,1.5,1.5,ok,video,0.0,True,False,False,13.306420088747792,7.854101011685913,5.33874297529999,11.374336535752441
P31,NGEED,3,POST,T4,temporal,kanan,285.559,287.059,1.5,1.5,ok,video,0.0,True,False,False,20.110117376101485,19.57509910678071,15.852590594175464,20.049776279534623
P31,NGEED,3,POST,T6,temporo-posterior,kanan,285.559,287.059,1.5,1.5,ok,video,0.0,True,False,False,16.895561307917447,14.584947495902242,9.41611548480411,14.789848291730816
P31,NGEED,4,PRA,Fp1,frontopolar,kiri,288.669,290.669,2.0,2.0,ok,video,0.0,True,False,False,0.2802422547921921,-4.162899036682948,-2.997729598221028,-1.8117898210104926
P31,NGEED,4,PRA,F3,frontal,kiri,288.669,290.669,2.0,2.0,ok,video,0.0,True,False,False,-0.9955335618128345,-4.848441986736269,-3.9940693829499487,-1.6539554276294304
P31,NGEED,4,PRA,C3,sentral,kiri,288.669,290.669,2.0,2.0,ok,video,0.0,True,False,False,6.511138279437791,2.7940868859546093,2.304030406536228,6.27191916138576
P31,NGEED,4,PRA,P3,parietal,kiri,288.669,290.669,2.0,2.0,ok,video,0.0,True,False,False,-1.0898284791802233,-3.7843342654599397,-3.697850085183319,-1.6880136228799145
P31,NGEED,4,PRA,O1,oksipital,kiri,288.669,290.669,2.0,2.0,ok,video,0.0,True,False,False,-4.260567989393898,-8.63198552969321,-5.246055987823436,-5.937594679393701
P31,NGEED,4,PRA,F7,frontotemporal,kiri,288.669,290.669,2.0,2.0,ok,video,0.0,True,False,False,1.1068210021638123,-2.4248478226071057,-0.09687605642108466,0.11610983940450836
P31,NGEED,4,PRA,T3,temporal,kiri,288.669,290.669,2.0,2.0,ok,video,0.0,True,False,False,1.3086687321222357,-2.776575900976269,-2.78817790794038,-0.4075989810939191
P31,NGEED,4,PRA,T5,temporo-posterior,kiri,288.669,290.669,2.0,2.0,ok,video,0.0,True,False,False,-1.3040032416810732,-5.166340040827322,-1.8016486972579386,-1.722203170687635
P31,NGEED,4,PRA,Fp2,frontopolar,kanan,288.669,290.669,2.0,2.0,ok,video,0.0,True,False,False,14.90304636111168,10.937561400700915,9.279048148128052,14.829824709875599
P31,NGEED,4,PRA,F4,frontal,kanan,288.669,290.669,2.0,2.0,ok,video,0.0,True,False,False,8.59796073487123,1.9001496030586686,2.8007541409317405,7.638062372290939
P31,NGEED,4,PRA,C4,sentral,kanan,288.669,290.669,2.0,2.0,ok,video,0.0,True,False,False,10.596441837495213,3.3721355451918527,3.7687736602561728,9.859074724724096
P31,NGEED,4,PRA,P4,parietal,kanan,288.669,290.669,2.0,2.0,ok,video,0.0,True,False,False,15.76812016415608,10.53697097334399,7.505584120499783,14.046277534090422
P31,NGEED,4,PRA,O2,oksipital,kanan,288.669,290.669,2.0,2.0,ok,video,0.0,True,False,False,5.8828831275336135,2.1838560871255552,2.020303215645029,6.4585890055814055
P31,NGEED,4,PRA,F8,frontotemporal,kanan,288.669,290.669,2.0,2.0,ok,video,0.0,True,False,False,8.683867893156432,4.782247184934349,3.132089046278619,7.319972177476743
P31,NGEED,4,PRA,T4,temporal,kanan,288.669,290.669,2.0,2.0,ok,video,0.0,True,False,False,20.86539434224437,15.027466423507978,15.38459137991163,20.100677177382135
P31,NGEED,4,PRA,T6,temporo-posterior,kanan,288.669,290.669,2.0,2.0,ok,video,0.0,True,False,False,15.011891343094312,7.2478950446180335,6.784967292542454,11.94759766703206
P31,NGEED,4,TURUN,Fp1,frontopolar,kiri,295.487,296.516,1.471,1.03,ok,video,0.0,True,False,False,5.595209215044402,3.3925238706921874,0.17382207112635584,3.5928835094921325
P31,NGEED,4,TURUN,F3,frontal,kiri,295.487,296.516,1.471,1.03,ok,video,1.0,False,False,False,,,,
P31,NGEED,4,TURUN,C3,sentral,kiri,295.487,296.516,1.471,1.03,ok,video,0.0,True,False,False,9.958536932195603,0.5134922408253964,1.9513891396374312,5.974938692906534
P31,NGEED,4,TURUN,P3,parietal,kiri,295.487,296.516,1.471,1.03,ok,video,1.0,False,False,False,,,,
P31,NGEED,4,TURUN,O1,oksipital,kiri,295.487,296.516,1.471,1.03,ok,video,0.0,True,False,False,2.973495022018362,-2.2972027018399928,-3.557158769611739,1.967343496787322
P31,NGEED,4,TURUN,F7,frontotemporal,kiri,295.487,296.516,1.471,1.03,ok,video,0.0,True,False,False,8.681886296440638,6.78894924482152,3.2307945685194746,7.316862550504659
P31,NGEED,4,TURUN,T3,temporal,kiri,295.487,296.516,1.471,1.03,ok,video,0.748,False,False,False,,,,
P31,NGEED,4,TURUN,T5,temporo-posterior,kiri,295.487,296.516,1.471,1.03,ok,video,0.0,True,False,False,1.7268851756917591,-1.6619817364066378,-1.2067815566294051,1.9383463764965114
P31,NGEED,4,TURUN,Fp2,frontopolar,kanan,295.487,296.516,1.471,1.03,ok,video,0.0,True,False,False,23.19400745932491,18.222229232524263,15.373887398958132,20.897129538706356
P31,NGEED,4,TURUN,F4,frontal,kanan,295.487,296.516,1.471,1.03,ok,video,0.0,True,False,False,12.17324289843409,7.546784496176574,9.54593639241386,10.040700354625109
P31,NGEED,4,TURUN,C4,sentral,kanan,295.487,296.516,1.471,1.03,ok,video,0.0,True,False,False,16.28872826260819,9.4398315592002,8.483047136799858,13.614401044242747
P31,NGEED,4,TURUN,P4,parietal,kanan,295.487,296.516,1.471,1.03,ok,video,0.0,True,False,False,23.165678745357127,14.72920549905389,14.16079671307834,20.122255350452285
P31,NGEED,4,TURUN,O2,oksipital,kanan,295.487,296.516,1.471,1.03,ok,video,0.0,True,False,False,13.406669897481361,9.580115612930282,6.208666651013456,11.856660365757637
P31,NGEED,4,TURUN,F8,frontotemporal,kanan,295.487,296.516,1.471,1.03,ok,video,0.0,True,False,False,10.693771994855041,5.879867154491237,6.777731954294911,10.428531075947348
P31,NGEED,4,TURUN,T4,temporal,kanan,295.487,296.516,1.471,1.03,ok,video,0.0,True,False,False,24.023602906500663,19.798310166248694,20.48663898905342,22.508284152216813
P31,NGEED,4,TURUN,T6,temporo-posterior,kanan,295.487,296.516,1.471,1.03,ok,video,0.0,True,False,False,18.26817165849679,13.427097938004877,13.524391750471523,14.753861421644078
P31,NGEED,4,TAHAN,Fp1,frontopolar,kiri,296.987,300.084,3.597,3.097,ok,video,0.0,True,False,False,1.5906938519261153,2.703328979984448,2.1443129867848185,4.494350101139588
P31,NGEED,4,TAHAN,F3,frontal,kiri,296.987,300.084,3.597,3.097,ok,video,0.784,False,False,False,,,,
P31,NGEED,4,TAHAN,C3,sentral,kiri,296.987,300.084,3.597,3.097,ok,video,0.0,True,False,False,2.878703754687617,-2.4154499145357633,-0.6929460055348002,2.1628152585442884
P31,NGEED,4,TAHAN,P3,parietal,kiri,296.987,300.084,3.597,3.097,ok,video,1.0,False,False,False,,,,
P31,NGEED,4,TAHAN,O1,oksipital,kiri,296.987,300.084,3.597,3.097,ok,video,0.0,True,False,False,-0.12242759463282482,-3.630297897080439,-3.8890977344657607,-1.9577131526111593
P31,NGEED,4,TAHAN,F7,frontotemporal,kiri,296.987,300.084,3.597,3.097,ok,video,0.0,True,False,False,5.160180846768178,4.5880272472046535,4.101751755667355,6.194171949522222
P31,NGEED,4,TAHAN,T3,temporal,kiri,296.987,300.084,3.597,3.097,ok,video,0.203,True,True,False,-1.3703129111662058,-3.9413731468078232,-1.1759981719140242,-1.4438434988197422
P31,NGEED,4,TAHAN,T5,temporo-posterior,kiri,296.987,300.084,3.597,3.097,ok,video,0.203,True,True,False,0.2493833374940344,-3.5554306436378624,-3.795087770010042,-1.4477643245182996
P31,NGEED,4,TAHAN,Fp2,frontopolar,kanan,296.987,300.084,3.597,3.097,ok,video,0.0,True,False,False,22.21736270254019,17.92455107304083,15.181582225561755,20.376692213397394
P31,NGEED,4,TAHAN,F4,frontal,kanan,296.987,300.084,3.597,3.097,ok,video,0.0,True,False,False,11.973888497337747,7.086546036101428,8.604279364015657,11.530507248217127
P31,NGEED,4,TAHAN,C4,sentral,kanan,296.987,300.084,3.597,3.097,ok,video,0.0,True,False,False,14.83685100323273,8.41010060433959,8.944574459265244,12.203510055196666
P31,NGEED,4,TAHAN,P4,parietal,kanan,296.987,300.084,3.597,3.097,ok,video,0.0,True,False,False,19.099270970363094,15.823267012893211,14.071801761146656,17.382678476311128
P31,NGEED,4,TAHAN,O2,oksipital,kanan,296.987,300.084,3.597,3.097,ok,video,0.0,True,False,False,17.3106488927062,9.441629961098048,9.243364900781554,15.842614769950526
P31,NGEED,4,TAHAN,F8,frontotemporal,kanan,296.987,300.084,3.597,3.097,ok,video,0.0,True,False,False,14.799186997364117,10.085592474783219,9.939719286269824,14.151378403460754
P31,NGEED,4,TAHAN,T4,temporal,kanan,296.987,300.084,3.597,3.097,ok,video,0.0,True,False,False,22.744272836248015,20.587751899624163,18.565642531853367,22.14472361014577
P31,NGEED,4,TAHAN,T6,temporo-posterior,kanan,296.987,300.084,3.597,3.097,ok,video,0.0,True,False,False,21.228745796195298,18.692698560202842,15.959428025083554,19.65132417248373
P31,NGEED,4,NAIK,Fp1,frontopolar,kiri,300.495,301.243,1.07,0.749,ok,video,0.0,True,False,False,2.370067341386001,-4.023916460930312,-2.2480223210173307,-0.5548775690685162
P31,NGEED,4,NAIK,F3,frontal,kiri,300.495,301.243,1.07,0.749,ok,video,1.0,False,False,False,,,,
P31,NGEED,4,NAIK,C3,sentral,kiri,300.495,301.243,1.07,0.749,ok,video,0.0,True,False,False,-2.2975251321083903,-0.12638393899878508,-3.8014881377651584,-0.746749839532221
P31,NGEED,4,NAIK,P3,parietal,kiri,300.495,301.243,1.07,0.749,ok,video,1.0,False,False,False,,,,
P31,NGEED,4,NAIK,O1,oksipital,kiri,300.495,301.243,1.07,0.749,ok,video,0.787,False,False,False,,,,
P31,NGEED,4,NAIK,F7,frontotemporal,kiri,300.495,301.243,1.07,0.749,ok,video,0.0,True,False,False,4.360941963019798,1.0425829927234318,1.2872668780752328,2.1864522560506465
P31,NGEED,4,NAIK,T3,temporal,kiri,300.495,301.243,1.07,0.749,ok,video,0.747,False,False,False,,,,
P31,NGEED,4,NAIK,T5,temporo-posterior,kiri,300.495,301.243,1.07,0.749,ok,video,1.0,False,False,False,,,,
P31,NGEED,4,NAIK,Fp2,frontopolar,kanan,300.495,301.243,1.07,0.749,ok,video,0.0,True,False,False,15.59825959750027,11.369800467764268,8.104906964489903,13.729082463212364
P31,NGEED,4,NAIK,F4,frontal,kanan,300.495,301.243,1.07,0.749,ok,video,0.0,True,False,False,3.292471796506046,1.0350154177459352,0.6576346690859403,1.9737577567418931
P31,NGEED,4,NAIK,C4,sentral,kanan,300.495,301.243,1.07,0.749,ok,video,0.0,True,False,False,9.1646168643722,4.919515123457344,4.9429253592397515,7.609602304714713
P31,NGEED,4,NAIK,P4,parietal,kanan,300.495,301.243,1.07,0.749,ok,video,0.0,True,False,False,14.638320850594205,7.314761353097712,9.76385144566375,12.564575639464806
P31,NGEED,4,NAIK,O2,oksipital,kanan,300.495,301.243,1.07,0.749,ok,video,0.0,True,False,False,9.503267820795013,1.0990324163299547,4.406080568671911,6.485979523884982
P31,NGEED,4,NAIK,F8,frontotemporal,kanan,300.495,301.243,1.07,0.749,ok,video,0.0,True,False,False,6.913664521284879,4.302190853569698,1.8847791235343436,4.882284673268941
P31,NGEED,4,NAIK,T4,temporal,kanan,300.495,301.243,1.07,0.749,ok,video,0.0,True,False,False,19.038567651553606,14.150216080252786,16.687546404463415,18.629099524978994
P31,NGEED,4,NAIK,T6,temporo-posterior,kanan,300.495,301.243,1.07,0.749,ok,video,0.0,True,False,False,11.011593479834787,10.35749367416554,13.646455290448358,14.356206806779578
P31,NGEED,4,POST,Fp1,frontopolar,kiri,301.904,303.404,1.5,1.5,ok,video,0.233,True,True,False,2.335482651988574,3.6388149751912238,5.0734234715013145,4.294014412347799
P31,NGEED,4,POST,F3,frontal,kiri,301.904,303.404,1.5,1.5,ok,video,1.0,False,False,False,,,,
P31,NGEED,4,POST,C3,sentral,kiri,301.904,303.404,1.5,1.5,ok,video,0.0,True,False,False,5.895341536352358,3.0925565296735265,1.805349853116855,5.893309917614253
P31,NGEED,4,POST,P3,parietal,kiri,301.904,303.404,1.5,1.5,ok,video,1.0,False,False,False,,,,
P31,NGEED,4,POST,O1,oksipital,kiri,301.904,303.404,1.5,1.5,ok,video,1.0,False,False,False,,,,
P31,NGEED,4,POST,F7,frontotemporal,kiri,301.904,303.404,1.5,1.5,ok,video,0.0,True,False,False,5.443719086999252,8.07853893579718,6.26062131502124,7.244492698605072
P31,NGEED,4,POST,T3,temporal,kiri,301.904,303.404,1.5,1.5,ok,video,1.0,False,False,False,,,,
P31,NGEED,4,POST,T5,temporo-posterior,kiri,301.904,303.404,1.5,1.5,ok,video,1.0,False,False,False,,,,
P31,NGEED,4,POST,Fp2,frontopolar,kanan,301.904,303.404,1.5,1.5,ok,video,0.0,True,False,False,20.00168450197921,14.49983784509287,16.657786813760115,16.49049010503038
P31,NGEED,4,POST,F4,frontal,kanan,301.904,303.404,1.5,1.5,ok,video,0.1,True,False,False,12.524486191193922,5.71869458002978,5.0474266085147015,9.907665583340304
P31,NGEED,4,POST,C4,sentral,kanan,301.904,303.404,1.5,1.5,ok,video,0.0,True,False,False,16.087315187956165,7.380632689484507,9.819604741328948,11.652792906555845
P31,NGEED,4,POST,P4,parietal,kanan,301.904,303.404,1.5,1.5,ok,video,0.0,True,False,False,23.386824798664563,15.497490676399089,20.030360882981626,19.765589486339657
P31,NGEED,4,POST,O2,oksipital,kanan,301.904,303.404,1.5,1.5,ok,video,0.0,True,False,False,9.516952066623649,8.076264044744313,9.557983737062091,11.36161713306534
P31,NGEED,4,POST,F8,frontotemporal,kanan,301.904,303.404,1.5,1.5,ok,video,0.0,True,False,False,13.193007844527337,5.629995273664136,10.029552564118159,10.028065890396128
P31,NGEED,4,POST,T4,temporal,kanan,301.904,303.404,1.5,1.5,ok,video,0.0,True,False,False,23.284838482496916,17.72623221491052,21.613772365613908,21.14905775750712
P31,NGEED,4,POST,T6,temporo-posterior,kanan,301.904,303.404,1.5,1.5,ok,video,0.0,True,False,False,19.749467722148772,16.761763557068676,18.155513281658024,19.406330231081032
P31,AGEM KANAN,3,PRA,Fp1,frontopolar,kiri,309.735,311.735,2.0,2.0,ok,video,0.56,False,False,False,,,,
P31,AGEM KANAN,3,PRA,F3,frontal,kiri,309.735,311.735,2.0,2.0,ok,video,0.0,True,False,False,0.17972618907748128,-2.379376585253201,-1.2531407031788895,-0.08737538562036917
P31,AGEM KANAN,3,PRA,C3,sentral,kiri,309.735,311.735,2.0,2.0,ok,video,0.0,True,False,False,4.814767447644503,1.305014511925549,1.4150042847175186,4.360719577302213
P31,AGEM KANAN,3,PRA,P3,parietal,kiri,309.735,311.735,2.0,2.0,ok,video,0.0,True,False,False,0.43374345538277126,-0.8761084377298722,-0.9373970814035388,0.545658848088646
P31,AGEM KANAN,3,PRA,O1,oksipital,kiri,309.735,311.735,2.0,2.0,ok,video,0.06,True,False,False,-9.235180097419292,-11.030086931788414,-10.05803379140233,-9.235406290633588
P31,AGEM KANAN,3,PRA,F7,frontotemporal,kiri,309.735,311.735,2.0,2.0,ok,video,0.66,False,False,False,,,,
P31,AGEM KANAN,3,PRA,T3,temporal,kiri,309.735,311.735,2.0,2.0,ok,video,0.0,True,False,False,3.7010168208871406,-3.031896138283397,-0.9212035265479486,1.2039955825235396
P31,AGEM KANAN,3,PRA,T5,temporo-posterior,kiri,309.735,311.735,2.0,2.0,ok,video,0.0,True,False,False,-3.792442284752312,-5.76401917336911,-4.830130410075618,-4.114030773070358
P31,AGEM KANAN,3,PRA,Fp2,frontopolar,kanan,309.735,311.735,2.0,2.0,ok,video,0.66,False,False,False,,,,
P31,AGEM KANAN,3,PRA,F4,frontal,kanan,309.735,311.735,2.0,2.0,ok,video,0.0,True,False,False,3.546038478199698,8.58840064541123,0.30923109687117645,6.366276073217264
P31,AGEM KANAN,3,PRA,C4,sentral,kanan,309.735,311.735,2.0,2.0,ok,video,0.0,True,False,False,7.177821077627662,10.99972158934461,3.8198488101054515,9.167690817989985
P31,AGEM KANAN,3,PRA,P4,parietal,kanan,309.735,311.735,2.0,2.0,ok,video,0.76,False,False,False,,,,
P31,AGEM KANAN,3,PRA,O2,oksipital,kanan,309.735,311.735,2.0,2.0,ok,video,0.56,False,False,False,,,,
P31,AGEM KANAN,3,PRA,F8,frontotemporal,kanan,309.735,311.735,2.0,2.0,ok,video,0.0,True,False,False,7.990889920786522,5.580204641563746,-0.45123747633858713,5.000111205888409
P31,AGEM KANAN,3,PRA,T4,temporal,kanan,309.735,311.735,2.0,2.0,ok,video,0.0,True,False,False,16.171511346461592,20.9696929716202,11.19663024537132,16.183406517471315
P31,AGEM KANAN,3,PRA,T6,temporo-posterior,kanan,309.735,311.735,2.0,2.0,ok,video,0.0,True,False,False,11.64879160264676,12.753203876716064,7.765862515406347,10.916775971390347
P31,AGEM KANAN,3,TURUN,Fp1,frontopolar,kiri,313.129,313.731,0.86,0.602,ok,video,0.0,True,False,False,11.193729722384841,0.8350192337132185,3.7960165442118665,8.344337737270521
P31,AGEM KANAN,3,TURUN,F3,frontal,kiri,313.129,313.731,0.86,0.602,ok,video,0.0,True,False,False,10.738500533069555,5.936642731067394,4.568917830032511,10.699491485685407
P31,AGEM KANAN,3,TURUN,C3,sentral,kiri,313.129,313.731,0.86,0.602,ok,video,0.0,True,False,False,11.37470763648344,3.9989508482830836,6.561789606466029,8.663764585653418
P31,AGEM KANAN,3,TURUN,P3,parietal,kiri,313.129,313.731,0.86,0.602,ok,video,0.0,True,False,False,15.48960224829835,4.73156855026177,4.21725087745326,14.905411745135137
P31,AGEM KANAN,3,TURUN,O1,oksipital,kiri,313.129,313.731,0.86,0.602,ok,video,0.0,True,False,False,11.60459155871262,4.0545506295258065,4.228945055532563,7.848585570273684
P31,AGEM KANAN,3,TURUN,F7,frontotemporal,kiri,313.129,313.731,0.86,0.602,ok,video,0.0,True,False,False,17.80673359042096,10.787255179326795,9.033792194102443,16.069950571037253
P31,AGEM KANAN,3,TURUN,T3,temporal,kiri,313.129,313.731,0.86,0.602,ok,video,0.0,True,False,False,20.44243601749423,10.208324701766525,13.128226816861094,19.02524409191617
P31,AGEM KANAN,3,TURUN,T5,temporo-posterior,kiri,313.129,313.731,0.86,0.602,ok,video,0.0,True,False,False,9.5393890169366,2.780875996801573,11.624083060560828,8.808157217283515
P31,AGEM KANAN,3,TURUN,Fp2,frontopolar,kanan,313.129,313.731,0.86,0.602,ok,video,0.0,True,False,False,23.958566760533767,26.463419670932296,21.146413911185174,22.719544307685414
P31,AGEM KANAN,3,TURUN,F4,frontal,kanan,313.129,313.731,0.86,0.602,ok,video,0.0,True,False,False,16.037968347456996,14.707061210139226,10.79854878781553,14.903819674635876
P31,AGEM KANAN,3,TURUN,C4,sentral,kanan,313.129,313.731,0.86,0.602,ok,video,0.0,True,False,False,13.716917978649036,15.270808745371326,12.265141853667426,15.565791031147022
P31,AGEM KANAN,3,TURUN,P4,parietal,kanan,313.129,313.731,0.86,0.602,ok,video,0.0,True,False,False,21.137352967561675,24.092627660898245,18.10820508912861,20.81850868452031
P31,AGEM KANAN,3,TURUN,O2,oksipital,kanan,313.129,313.731,0.86,0.602,ok,video,0.0,True,False,False,21.192276781482928,20.449055161219956,15.619349973863809,18.751769102248605
P31,AGEM KANAN,3,TURUN,F8,frontotemporal,kanan,313.129,313.731,0.86,0.602,ok,video,0.0,True,False,False,14.965608748343868,13.961469941345527,15.44420543282435,15.152589725294817
P31,AGEM KANAN,3,TURUN,T4,temporal,kanan,313.129,313.731,0.86,0.602,ok,video,0.0,True,False,False,30.699326371533928,31.894282329384513,23.764479981664973,27.949965060398444
P31,AGEM KANAN,3,TURUN,T6,temporo-posterior,kanan,313.129,313.731,0.86,0.602,ok,video,0.0,True,False,False,17.663065566127642,15.778076542153542,16.542508057762298,17.248751062730268
P31,AGEM KANAN,3,TAHAN,Fp1,frontopolar,kiri,314.11,316.012,2.402,1.902,ok,video,0.0,True,False,False,-1.0942362182561638,-3.5730750449789284,-2.9875501461764458,-2.1322887613710115
P31,AGEM KANAN,3,TAHAN,F3,frontal,kiri,314.11,316.012,2.402,1.902,ok,video,0.716,False,False,False,,,,
P31,AGEM KANAN,3,TAHAN,C3,sentral,kiri,314.11,316.012,2.402,1.902,ok,video,0.0,True,False,False,-5.515545705421378,-8.252699055596594,-6.230965802740499,-6.919084483846618
P31,AGEM KANAN,3,TAHAN,P3,parietal,kiri,314.11,316.012,2.402,1.902,ok,video,1.0,False,False,False,,,,
P31,AGEM KANAN,3,TAHAN,O1,oksipital,kiri,314.11,316.012,2.402,1.902,ok,video,0.295,True,True,False,-6.22494270747336,-5.287492215938986,-6.181891756085559,-4.07670999999862
P31,AGEM KANAN,3,TAHAN,F7,frontotemporal,kiri,314.11,316.012,2.402,1.902,ok,video,0.0,True,False,False,2.7681082032561335,1.0600077942415354,0.6397647001760873,2.365637055631595
P31,AGEM KANAN,3,TAHAN,T3,temporal,kiri,314.11,316.012,2.402,1.902,ok,video,0.211,True,True,False,-0.5243766221330262,-5.19272704777844,-0.8368927775564359,-0.5112532553137399
P31,AGEM KANAN,3,TAHAN,T5,temporo-posterior,kiri,314.11,316.012,2.402,1.902,ok,video,0.611,False,False,False,,,,
P31,AGEM KANAN,3,TAHAN,Fp2,frontopolar,kanan,314.11,316.012,2.402,1.902,ok,video,0.0,True,False,False,12.173098032954925,4.4810965190743985,6.055912119043555,10.358184970485226
P31,AGEM KANAN,3,TAHAN,F4,frontal,kanan,314.11,316.012,2.402,1.902,ok,video,0.821,False,False,False,,,,
P31,AGEM KANAN,3,TAHAN,C4,sentral,kanan,314.11,316.012,2.402,1.902,ok,video,0.211,False,False,False,,,,
P31,AGEM KANAN,3,TAHAN,P4,parietal,kanan,314.11,316.012,2.402,1.902,ok,video,0.0,True,False,False,10.758936398925002,1.9053605792707593,4.921470343850213,8.917652890597449
P31,AGEM KANAN,3,TAHAN,O2,oksipital,kanan,314.11,316.012,2.402,1.902,ok,video,0.0,True,False,False,7.4061260622495375,-2.278279580828052,0.26592108836936745,4.182128049508297
P31,AGEM KANAN,3,TAHAN,F8,frontotemporal,kanan,314.11,316.012,2.402,1.902,ok,video,0.0,True,False,False,6.804924968995017,-2.482721701247904,-0.13856712577586805,3.529365870464183
P31,AGEM KANAN,3,TAHAN,T4,temporal,kanan,314.11,316.012,2.402,1.902,ok,video,0.0,True,False,False,15.468909327105045,9.467845344150671,10.69792510679967,12.717004954368914
P31,AGEM KANAN,3,TAHAN,T6,temporo-posterior,kanan,314.11,316.012,2.402,1.902,ok,video,0.0,True,False,False,5.640167413704241,-1.5324786890169584,1.2888748418614107,7.2060914984676
P31,AGEM KANAN,3,NAIK,Fp1,frontopolar,kiri,316.373,316.889,0.738,0.517,ok,video,0.0,True,False,False,-4.256311591547696,-9.576923173675915,-7.124314304435686,-4.842507026204089
P31,AGEM KANAN,3,NAIK,F3,frontal,kiri,316.373,316.889,0.738,0.517,ok,video,1.0,False,False,False,,,,
P31,AGEM KANAN,3,NAIK,C3,sentral,kiri,316.373,316.889,0.738,0.517,ok,video,0.0,True,False,False,4.317745045510225,-1.557431716588649,1.5061334816931975,3.6263996523892317
P31,AGEM KANAN,3,NAIK,P3,parietal,kiri,316.373,316.889,0.738,0.517,ok,video,1.0,False,False,False,,,,
P31,AGEM KANAN,3,NAIK,O1,oksipital,kiri,316.373,316.889,0.738,0.517,ok,video,1.0,False,False,False,,,,
P31,AGEM KANAN,3,NAIK,F7,frontotemporal,kiri,316.373,316.889,0.738,0.517,ok,video,0.059,True,False,False,-4.673561236901314,-6.285020975620171,-2.26238702374971,0.5500128060343457
P31,AGEM KANAN,3,NAIK,T3,temporal,kiri,316.373,316.889,0.738,0.517,ok,video,1.0,False,False,False,,,,
P31,AGEM KANAN,3,NAIK,T5,temporo-posterior,kiri,316.373,316.889,0.738,0.517,ok,video,1.0,False,False,False,,,,
P31,AGEM KANAN,3,NAIK,Fp2,frontopolar,kanan,316.373,316.889,0.738,0.517,ok,video,1.0,False,False,False,,,,
P31,AGEM KANAN,3,NAIK,F4,frontal,kanan,316.373,316.889,0.738,0.517,ok,video,1.0,False,False,False,,,,
P31,AGEM KANAN,3,NAIK,C4,sentral,kanan,316.373,316.889,0.738,0.517,ok,video,0.0,True,False,False,-3.819080869126399,-2.827314211333128,-1.3271980703415096,-0.5848115953820141
P31,AGEM KANAN,3,NAIK,P4,parietal,kanan,316.373,316.889,0.738,0.517,ok,video,0.0,True,False,False,5.132366194248267,2.158630240567806,1.641709850780785,4.358063439328127
P31,AGEM KANAN,3,NAIK,O2,oksipital,kanan,316.373,316.889,0.738,0.517,ok,video,0.0,True,False,False,3.4052398977138836,-0.8802559896583624,-3.044480453627626,0.793940893301194
P31,AGEM KANAN,3,NAIK,F8,frontotemporal,kanan,316.373,316.889,0.738,0.517,ok,video,1.0,False,False,False,,,,
P31,AGEM KANAN,3,NAIK,T4,temporal,kanan,316.373,316.889,0.738,0.517,ok,video,0.0,True,False,False,4.6542168707670655,8.36504494583222,6.363368632996256,5.194243518083933
P31,AGEM KANAN,3,NAIK,T6,temporo-posterior,kanan,316.373,316.889,0.738,0.517,ok,video,0.0,True,False,False,11.482818822245292,8.529670246351294,4.181616096796162,8.144984050678676
P31,AGEM KANAN,3,POST,Fp1,frontopolar,kiri,317.5,319.0,1.5,1.5,ok,video,1.0,False,False,False,,,,
P31,AGEM KANAN,3,POST,F3,frontal,kiri,317.5,319.0,1.5,1.5,ok,video,0.333,True,True,False,-6.622160140519455,-9.885106457292174,-11.750092484228563,-8.883720739958974
P31,AGEM KANAN,3,POST,C3,sentral,kiri,317.5,319.0,1.5,1.5,ok,video,0.0,True,False,False,13.321535251627932,8.456929293869951,3.5824229231144713,14.234183312908257
P31,AGEM KANAN,3,POST,P3,parietal,kiri,317.5,319.0,1.5,1.5,ok,video,0.367,True,True,False,-6.131128287625334,-11.953034160237586,-6.753662108413614,-7.384924222802148
P31,AGEM KANAN,3,POST,O1,oksipital,kiri,317.5,319.0,1.5,1.5,ok,video,1.0,False,False,False,,,,
P31,AGEM KANAN,3,POST,F7,frontotemporal,kiri,317.5,319.0,1.5,1.5,ok,video,1.0,False,False,False,,,,
P31,AGEM KANAN,3,POST,T3,temporal,kiri,317.5,319.0,1.5,1.5,ok,video,0.0,True,False,False,-6.300893762326211,-8.029502674472074,-7.33442305182783,-6.944014712365572
P31,AGEM KANAN,3,POST,T5,temporo-posterior,kiri,317.5,319.0,1.5,1.5,ok,video,1.0,False,False,False,,,,
P31,AGEM KANAN,3,POST,Fp2,frontopolar,kanan,317.5,319.0,1.5,1.5,ok,video,0.0,True,False,False,19.315778580711257,17.82629024923603,15.465696249681375,18.1419701543953
P31,AGEM KANAN,3,POST,F4,frontal,kanan,317.5,319.0,1.5,1.5,ok,video,0.0,True,False,False,8.654987409852026,6.650885073880776,3.1180490294026377,9.929699317174489
P31,AGEM KANAN,3,POST,C4,sentral,kanan,317.5,319.0,1.5,1.5,ok,video,0.0,True,False,False,14.123912129688755,11.09192243730422,8.028257632073146,14.477841472679117
P31,AGEM KANAN,3,POST,P4,parietal,kanan,317.5,319.0,1.5,1.5,ok,video,0.0,True,False,False,13.648187918031766,12.308731609738281,12.965189399134346,12.383988904734373
P31,AGEM KANAN,3,POST,O2,oksipital,kanan,317.5,319.0,1.5,1.5,ok,video,0.467,True,True,False,12.226013121881774,15.153957401069786,13.435865361600715,13.02037224376014
P31,AGEM KANAN,3,POST,F8,frontotemporal,kanan,317.5,319.0,1.5,1.5,ok,video,0.233,True,True,False,8.667174078604589,4.783656615676378,6.639793035903285,6.126757527895954
P31,AGEM KANAN,3,POST,T4,temporal,kanan,317.5,319.0,1.5,1.5,ok,video,0.0,True,False,False,21.794415775447312,19.867704326574152,17.683894446808832,21.049976104663184
P31,AGEM KANAN,3,POST,T6,temporo-posterior,kanan,317.5,319.0,1.5,1.5,ok,video,0.0,True,False,False,19.087153465985118,19.158703074343435,17.131785332808533,19.072543671952385
P31,AGEM KANAN,4,PRA,Fp1,frontopolar,kiri,319.998,321.998,2.0,2.0,ok,video,1.0,False,False,False,,,,
P31,AGEM KANAN,4,PRA,F3,frontal,kiri,319.998,321.998,2.0,2.0,ok,video,0.0,True,False,False,3.3125502209841713,-1.2653452928547146,-2.283566101179659,1.5892241981972717
P31,AGEM KANAN,4,PRA,C3,sentral,kiri,319.998,321.998,2.0,2.0,ok,video,0.0,True,False,False,10.429143055506483,3.9733241066256717,1.884680036816384,7.254101141813344
P31,AGEM KANAN,4,PRA,P3,parietal,kiri,319.998,321.998,2.0,2.0,ok,video,0.0,True,False,False,2.778384969729938,-1.521902177329256,-2.1647707308559276,2.040083841957877
P31,AGEM KANAN,4,PRA,O1,oksipital,kiri,319.998,321.998,2.0,2.0,ok,video,0.63,False,False,False,,,,
P31,AGEM KANAN,4,PRA,F7,frontotemporal,kiri,319.998,321.998,2.0,2.0,ok,video,1.0,False,False,False,,,,
P31,AGEM KANAN,4,PRA,T3,temporal,kiri,319.998,321.998,2.0,2.0,ok,video,0.0,True,False,False,4.0059974964620295,-1.6711503952370528,-0.8823161127213908,1.9051646913889435
P31,AGEM KANAN,4,PRA,T5,temporo-posterior,kiri,319.998,321.998,2.0,2.0,ok,video,0.13,True,True,False,-3.6860266003526263,-5.257629404745124,-6.635912791754187,-3.226218573618784
P31,AGEM KANAN,4,PRA,Fp2,frontopolar,kanan,319.998,321.998,2.0,2.0,ok,video,1.0,False,False,False,,,,
P31,AGEM KANAN,4,PRA,F4,frontal,kanan,319.998,321.998,2.0,2.0,ok,video,0.33,True,True,False,6.852197364919739,0.9205298205356236,3.2117966805724443,8.107698480022925
P31,AGEM KANAN,4,PRA,C4,sentral,kanan,319.998,321.998,2.0,2.0,ok,video,0.0,True,False,False,8.066818923888178,4.120525842189522,5.4947688603538545,9.676717099944597
P31,AGEM KANAN,4,PRA,P4,parietal,kanan,319.998,321.998,2.0,2.0,ok,video,1.0,False,False,False,,,,
P31,AGEM KANAN,4,PRA,O2,oksipital,kanan,319.998,321.998,2.0,2.0,ok,video,1.0,False,False,False,,,,
P31,AGEM KANAN,4,PRA,F8,frontotemporal,kanan,319.998,321.998,2.0,2.0,ok,video,0.3,True,True,False,2.247938468561621,-0.9859760148599328,0.42314113756994587,3.412042574722605
P31,AGEM KANAN,4,PRA,T4,temporal,kanan,319.998,321.998,2.0,2.0,ok,video,0.0,True,False,False,14.42359263075744,11.862555733883841,12.451187258674675,15.11964015203952
P31,AGEM KANAN,4,PRA,T6,temporo-posterior,kanan,319.998,321.998,2.0,2.0,ok,video,0.0,True,False,False,12.149134861448658,9.809173834661848,11.298215801894749,12.545941226492719
P31,AGEM KANAN,4,TURUN,Fp1,frontopolar,kiri,328.58,329.816,1.736,1.236,ok,video,1.0,False,False,False,,,,
P31,AGEM KANAN,4,TURUN,F3,frontal,kiri,328.58,329.816,1.736,1.236,ok,video,0.545,False,False,False,,,,
P31,AGEM KANAN,4,TURUN,C3,sentral,kiri,328.58,329.816,1.736,1.236,ok,video,0.0,True,False,False,15.126126422231398,6.011703327651841,14.81073759179462,15.417416294971133
P31,AGEM KANAN,4,TURUN,P3,parietal,kiri,328.58,329.816,1.736,1.236,ok,video,0.22,True,True,False,14.656144710635576,1.990308816231206,8.262402106215674,13.19761390527388
P31,AGEM KANAN,4,TURUN,O1,oksipital,kiri,328.58,329.816,1.736,1.236,ok,video,1.0,False,False,False,,,,
P31,AGEM KANAN,4,TURUN,F7,frontotemporal,kiri,328.58,329.816,1.736,1.236,ok,video,0.0,True,False,False,5.099251830970687,3.7246445837795825,4.61075016640164,4.7310293688354506
P31,AGEM KANAN,4,TURUN,T3,temporal,kiri,328.58,329.816,1.736,1.236,ok,video,0.0,True,False,False,7.650926602382867,10.334941574947155,11.62206383058102,11.245488997068101
P31,AGEM KANAN,4,TURUN,T5,temporo-posterior,kiri,328.58,329.816,1.736,1.236,ok,video,0.382,True,True,False,17.113709548769652,13.340919380004497,11.910016452515507,14.239574513615302
P31,AGEM KANAN,4,TURUN,Fp2,frontopolar,kanan,328.58,329.816,1.736,1.236,ok,video,0.0,True,False,False,20.86759067015237,22.146530317523883,21.092042374891495,23.13011934456637
P31,AGEM KANAN,4,TURUN,F4,frontal,kanan,328.58,329.816,1.736,1.236,ok,video,0.0,True,False,False,15.975929981454584,10.325645259932077,9.287547335586535,13.7270700409276
P31,AGEM KANAN,4,TURUN,C4,sentral,kanan,328.58,329.816,1.736,1.236,ok,video,0.0,True,False,False,17.877216306225165,14.504129975119092,14.57999443688789,17.466191175943173
P31,AGEM KANAN,4,TURUN,P4,parietal,kanan,328.58,329.816,1.736,1.236,ok,video,0.0,True,False,False,17.300389607243424,19.02162561735704,17.886435549447945,19.976374340572
P31,AGEM KANAN,4,TURUN,O2,oksipital,kanan,328.58,329.816,1.736,1.236,ok,video,0.455,False,False,False,,,,
P31,AGEM KANAN,4,TURUN,F8,frontotemporal,kanan,328.58,329.816,1.736,1.236,ok,video,0.0,True,False,False,12.61795519480728,12.468781302557922,11.903912325795307,14.192291168465552
P31,AGEM KANAN,4,TURUN,T4,temporal,kanan,328.58,329.816,1.736,1.236,ok,video,0.0,True,False,False,20.638661875497966,22.741230420631478,22.093239343358146,22.411124768748703
P31,AGEM KANAN,4,TURUN,T6,temporo-posterior,kanan,328.58,329.816,1.736,1.236,ok,video,0.0,True,False,False,19.984007248124023,15.476900913217975,17.501957841837225,18.877188260929945
P31,AGEM KANAN,4,TAHAN,Fp1,frontopolar,kiri,330.266,331.199,1.333,0.933,ok,video,1.0,False,False,False,,,,
P31,AGEM KANAN,4,TAHAN,F3,frontal,kiri,330.266,331.199,1.333,0.933,ok,video,0.0,True,False,False,-1.9380110632520875,-5.911276269887029,-1.6971689392931495,0.44292782008104226
P31,AGEM KANAN,4,TAHAN,C3,sentral,kiri,330.266,331.199,1.333,0.933,ok,video,0.0,True,False,False,8.038877295553785,5.623507480847248,7.185784523431238,6.742772633890823
P31,AGEM KANAN,4,TAHAN,P3,parietal,kiri,330.266,331.199,1.333,0.933,ok,video,0.0,True,False,False,6.80259673060554,2.3048825732145417,2.089661973503521,6.065850062739937
P31,AGEM KANAN,4,TAHAN,O1,oksipital,kiri,330.266,331.199,1.333,0.933,ok,video,1.0,False,False,False,,,,
P31,AGEM KANAN,4,TAHAN,F7,frontotemporal,kiri,330.266,331.199,1.333,0.933,ok,video,1.0,False,False,False,,,,
P31,AGEM KANAN,4,TAHAN,T3,temporal,kiri,330.266,331.199,1.333,0.933,ok,video,0.0,True,False,False,7.2911246058496815,5.081405019678261,9.048188978214057,7.543537241754706
P31,AGEM KANAN,4,TAHAN,T5,temporo-posterior,kiri,330.266,331.199,1.333,0.933,ok,video,1.0,False,False,False,,,,
P31,AGEM KANAN,4,TAHAN,Fp2,frontopolar,kanan,330.266,331.199,1.333,0.933,ok,video,0.419,True,True,False,15.714123503926135,12.612124671928708,11.657389028954551,12.366948156542168
P31,AGEM KANAN,4,TAHAN,F4,frontal,kanan,330.266,331.199,1.333,0.933,ok,video,0.0,True,False,False,13.199387667127361,7.293078850452321,4.91145160166861,11.670490446328373
P31,AGEM KANAN,4,TAHAN,C4,sentral,kanan,330.266,331.199,1.333,0.933,ok,video,0.0,True,False,False,14.542491563501208,8.87197806581554,4.906374233864746,11.538583989960628
P31,AGEM KANAN,4,TAHAN,P4,parietal,kanan,330.266,331.199,1.333,0.933,ok,video,1.0,False,False,False,,,,
P31,AGEM KANAN,4,TAHAN,O2,oksipital,kanan,330.266,331.199,1.333,0.933,ok,video,1.0,False,False,False,,,,
P31,AGEM KANAN,4,TAHAN,F8,frontotemporal,kanan,330.266,331.199,1.333,0.933,ok,video,0.0,True,False,False,1.5118715276535113,-1.8880550136168992,-3.0242924274429477,-1.444058354138967
P31,AGEM KANAN,4,TAHAN,T4,temporal,kanan,330.266,331.199,1.333,0.933,ok,video,0.0,True,False,False,12.929781188070777,13.401430287603336,10.572646762170148,12.072036408811652
P31,AGEM KANAN,4,TAHAN,T6,temporo-posterior,kanan,330.266,331.199,1.333,0.933,ok,video,0.0,True,False,False,16.290067483371352,14.092434027357179,11.13275566514319,15.189035990539285
P31,AGEM KANAN,4,NAIK,Fp1,frontopolar,kiri,331.649,335.343,4.194,3.694,ok,video,0.381,True,True,False,4.733907024771991,5.1264299060196095,2.9035105479949443,5.813209726150774
P31,AGEM KANAN,4,NAIK,F3,frontal,kiri,331.649,335.343,4.194,3.694,ok,video,0.0,True,False,False,4.264647338947512,4.326209540519834,3.1506110789480317,5.325861833475194
P31,AGEM KANAN,4,NAIK,C3,sentral,kiri,331.649,335.343,4.194,3.694,ok,video,0.216,True,True,False,2.031591245632793,-1.49719162952157,-3.067851624632212,0.9054543039694742
P31,AGEM KANAN,4,NAIK,P3,parietal,kiri,331.649,335.343,4.194,3.694,ok,video,0.0,True,False,False,3.5404177422216314,3.995519995689996,2.1677203303480503,3.506325891244682
P31,AGEM KANAN,4,NAIK,O1,oksipital,kiri,331.649,335.343,4.194,3.694,ok,video,0.165,True,True,False,-2.0365791360769876,-2.9766872956856893,-2.7610291094801553,-0.857293782294235
P31,AGEM KANAN,4,NAIK,F7,frontotemporal,kiri,331.649,335.343,4.194,3.694,ok,video,0.435,True,True,False,7.442323198657348,8.620385156065456,5.558860174978573,8.790013019836564
P31,AGEM KANAN,4,NAIK,T3,temporal,kiri,331.649,335.343,4.194,3.694,ok,video,0.0,True,False,False,5.680571901941711,5.797297590091265,3.7667809073151517,5.4680820917047654
P31,AGEM KANAN,4,NAIK,T5,temporo-posterior,kiri,331.649,335.343,4.194,3.694,ok,video,0.0,True,False,False,-0.8277770333882764,-0.07251207471070487,0.7310870317620264,1.0192340310720667
P31,AGEM KANAN,4,NAIK,Fp2,frontopolar,kanan,331.649,335.343,4.194,3.694,ok,video,0.0,True,False,False,21.266105739298286,19.426296638308962,19.19499165155516,21.272092237303045
P31,AGEM KANAN,4,NAIK,F4,frontal,kanan,331.649,335.343,4.194,3.694,ok,video,0.0,True,False,False,15.886969324526802,12.075693568807718,11.322513336858375,14.28845694511243
P31,AGEM KANAN,4,NAIK,C4,sentral,kanan,331.649,335.343,4.194,3.694,ok,video,0.0,True,False,False,14.273163312348757,10.852112794193424,12.194841491467397,13.605790918575956
P31,AGEM KANAN,4,NAIK,P4,parietal,kanan,331.649,335.343,4.194,3.694,ok,video,0.057,True,False,False,17.78591697954439,17.28005013705578,17.79805209515358,17.956321013646757
P31,AGEM KANAN,4,NAIK,O2,oksipital,kanan,331.649,335.343,4.194,3.694,ok,video,0.057,True,False,False,16.261488222987143,12.297099920947883,12.391228870172668,15.197655336577593
P31,AGEM KANAN,4,NAIK,F8,frontotemporal,kanan,331.649,335.343,4.194,3.694,ok,video,0.0,True,False,False,16.5578236025651,11.18891920271092,10.341151315528517,14.289883658045397
P31,AGEM KANAN,4,NAIK,T4,temporal,kanan,331.649,335.343,4.194,3.694,ok,video,0.0,True,False,False,23.697030022639233,22.537076304179354,20.974387102597543,23.424345265008274
P31,AGEM KANAN,4,NAIK,T6,temporo-posterior,kanan,331.649,335.343,4.194,3.694,ok,video,0.0,True,False,False,16.638809656360635,16.396607751550654,19.861364840137455,17.655518842949174
P31,AGEM KANAN,4,POST,Fp1,frontopolar,kiri,336.093,337.593,1.5,1.5,ok,video,0.0,True,False,False,4.732793100309561,-1.5374603143334262,4.820799863501875,5.318259554032373
P31,AGEM KANAN,4,POST,F3,frontal,kiri,336.093,337.593,1.5,1.5,ok,video,0.267,True,True,False,-2.475937246398928,-5.311905692914603,-0.24738855418684835,-0.5241178508920719
P31,AGEM KANAN,4,POST,C3,sentral,kiri,336.093,337.593,1.5,1.5,ok,video,0.0,True,False,False,11.438472919332558,4.442989511840448,5.765138481283309,8.871247761138171
P31,AGEM KANAN,4,POST,P3,parietal,kiri,336.093,337.593,1.5,1.5,ok,video,0.667,False,False,False,,,,
P31,AGEM KANAN,4,POST,O1,oksipital,kiri,336.093,337.593,1.5,1.5,ok,video,0.4,True,True,False,1.0561436213267896,-3.0132210910740724,-0.7406691877899334,2.668280146858514
P31,AGEM KANAN,4,POST,F7,frontotemporal,kiri,336.093,337.593,1.5,1.5,ok,video,0.0,True,False,False,7.4685314069188,5.1632443441296765,9.781035558810029,8.902038472077365
P31,AGEM KANAN,4,POST,T3,temporal,kiri,336.093,337.593,1.5,1.5,ok,video,0.0,True,False,False,11.998745754331075,4.748247239043703,2.986236981897683,7.40399219473418
P31,AGEM KANAN,4,POST,T5,temporo-posterior,kiri,336.093,337.593,1.5,1.5,ok,video,0.267,True,True,False,1.5594630739680788,-3.3051200114438473,1.7290668066167747,4.039694055627976
P31,AGEM KANAN,4,POST,Fp2,frontopolar,kanan,336.093,337.593,1.5,1.5,ok,video,0.0,True,False,False,20.99245621498743,17.414041700545383,21.516277533604868,20.38275333469964
P31,AGEM KANAN,4,POST,F4,frontal,kanan,336.093,337.593,1.5,1.5,ok,video,0.0,True,False,False,12.94820074724624,8.160019062927429,9.020002869959544,10.599445827845187
P31,AGEM KANAN,4,POST,C4,sentral,kanan,336.093,337.593,1.5,1.5,ok,video,0.0,True,False,False,15.557304679959124,9.219920752329053,12.114280393724396,13.237127422502375
P31,AGEM KANAN,4,POST,P4,parietal,kanan,336.093,337.593,1.5,1.5,ok,video,0.0,True,False,False,19.22653696700315,18.373213189705737,21.5226265884816,20.082051041276955
P31,AGEM KANAN,4,POST,O2,oksipital,kanan,336.093,337.593,1.5,1.5,ok,video,0.0,True,False,False,15.165075760387428,11.793969226340987,15.134992090745119,14.500482680424081
P31,AGEM KANAN,4,POST,F8,frontotemporal,kanan,336.093,337.593,1.5,1.5,ok,video,0.0,True,False,False,16.733880271763134,10.99434303294069,13.456566795987197,13.639021689775717
P31,AGEM KANAN,4,POST,T4,temporal,kanan,336.093,337.593,1.5,1.5,ok,video,0.0,True,False,False,21.266231067956227,17.749163769661653,22.79267242382485,21.83110693263391
P31,AGEM KANAN,4,POST,T6,temporo-posterior,kanan,336.093,337.593,1.5,1.5,ok,video,0.0,True,False,False,19.05421266970199,16.46822473494177,19.994672415639833,18.436532336596184
P31,AGEM KIRI,3,PRA,Fp1,frontopolar,kiri,334.398,336.398,2.0,2.0,late,video,0.0,True,False,False,9.42542327964038,8.499251209589175,6.447884009401562,8.695235189542245
P31,AGEM KIRI,3,PRA,F3,frontal,kiri,334.398,336.398,2.0,2.0,late,video,0.0,True,False,False,10.35401427025566,6.47520384433826,5.552806273239867,8.471796359135574
P31,AGEM KIRI,3,PRA,C3,sentral,kiri,334.398,336.398,2.0,2.0,late,video,0.13,True,True,False,15.985734370485513,11.09614237935821,10.54425100024855,15.345710489010067
P31,AGEM KIRI,3,PRA,P3,parietal,kiri,334.398,336.398,2.0,2.0,late,video,0.0,True,False,False,4.970160773572811,1.7418669204596426,1.2402580464168622,4.669761883680923
P31,AGEM KIRI,3,PRA,O1,oksipital,kiri,334.398,336.398,2.0,2.0,late,video,0.0,True,False,False,12.095538037857466,4.822391130234422,2.932431237066048,8.020752310151856
P31,AGEM KIRI,3,PRA,F7,frontotemporal,kiri,334.398,336.398,2.0,2.0,late,video,0.0,True,False,False,11.770589655071987,12.379446194435015,11.858835387944605,13.606241567572958
P31,AGEM KIRI,3,PRA,T3,temporal,kiri,334.398,336.398,2.0,2.0,late,video,0.0,True,False,False,14.8766410916419,10.55176965174525,6.1020957461831244,11.411799360639527
P31,AGEM KIRI,3,PRA,T5,temporo-posterior,kiri,334.398,336.398,2.0,2.0,late,video,0.0,True,False,False,8.56980153149119,6.85735375631646,4.45394387900069,7.029486768224977
P31,AGEM KIRI,3,PRA,Fp2,frontopolar,kanan,334.398,336.398,2.0,2.0,late,video,0.0,True,False,False,28.630988577893444,23.24265262128391,22.488499525905812,24.734689284854664
P31,AGEM KIRI,3,PRA,F4,frontal,kanan,334.398,336.398,2.0,2.0,late,video,0.0,True,False,False,19.847529825995416,12.832814658413763,15.263893616003681,16.55594848330179
P31,AGEM KIRI,3,PRA,C4,sentral,kanan,334.398,336.398,2.0,2.0,late,video,0.0,True,False,False,20.57263734342437,12.924445152089604,14.153949554498954,16.597784641635904
P31,AGEM KIRI,3,PRA,P4,parietal,kanan,334.398,336.398,2.0,2.0,late,video,0.0,True,False,False,26.08755907456674,24.964436476499444,23.25547684754755,23.936516581716248
P31,AGEM KIRI,3,PRA,O2,oksipital,kanan,334.398,336.398,2.0,2.0,late,video,0.0,True,False,False,22.337076163907216,17.121757500820255,15.793063782200914,19.182800388956768
P31,AGEM KIRI,3,PRA,F8,frontotemporal,kanan,334.398,336.398,2.0,2.0,late,video,0.0,True,False,False,22.36201003656175,17.326391775710313,17.31057686930186,19.553385332591752
P31,AGEM KIRI,3,PRA,T4,temporal,kanan,334.398,336.398,2.0,2.0,late,video,0.0,True,False,False,29.67539001480243,25.902312988635718,23.83722807410449,26.47696907760839
P31,AGEM KIRI,3,PRA,T6,temporo-posterior,kanan,334.398,336.398,2.0,2.0,late,video,0.0,True,False,False,26.868666352323437,21.11683551812424,21.713152058683853,24.13457685718598
P31,AGEM KIRI,3,TURUN,Fp1,frontopolar,kiri,345.909,346.745,1.194,0.836,late,video,0.0,True,False,False,10.472610148128066,3.8977095562436688,4.077815343670139,9.183203949806547
P31,AGEM KIRI,3,TURUN,F3,frontal,kiri,345.909,346.745,1.194,0.836,late,video,0.417,False,False,False,,,,
P31,AGEM KIRI,3,TURUN,C3,sentral,kiri,345.909,346.745,1.194,0.836,late,video,0.179,True,True,False,2.523508973026896,-7.5177079346738545,-11.187855130411622,-2.3878541027668874
P31,AGEM KIRI,3,TURUN,P3,parietal,kiri,345.909,346.745,1.194,0.836,late,video,0.345,True,True,False,0.5454918229343555,0.8567214594108279,2.495203807028499,1.355605085722562
P31,AGEM KIRI,3,TURUN,O1,oksipital,kiri,345.909,346.745,1.194,0.836,late,video,0.0,True,False,False,6.416465417684201,-1.4777077212502618,0.808234226313651,5.361250774696288
P31,AGEM KIRI,3,TURUN,F7,frontotemporal,kiri,345.909,346.745,1.194,0.836,late,video,0.0,True,False,False,12.165454647647955,5.747746367607636,6.504631583984697,10.162192135348462
P31,AGEM KIRI,3,TURUN,T3,temporal,kiri,345.909,346.745,1.194,0.836,late,video,0.0,True,False,False,11.528728118043489,3.2373139050234236,1.3381566941208973,8.791738042058249
P31,AGEM KIRI,3,TURUN,T5,temporo-posterior,kiri,345.909,346.745,1.194,0.836,late,video,0.0,True,False,False,9.581292423367795,2.3129426344240436,-0.2129847199010726,8.950153000627509
P31,AGEM KIRI,3,TURUN,Fp2,frontopolar,kanan,345.909,346.745,1.194,0.836,late,video,0.0,True,False,False,21.688685229981377,20.578126823989095,17.691528054959935,20.718510421018916
P31,AGEM KIRI,3,TURUN,F4,frontal,kanan,345.909,346.745,1.194,0.836,late,video,0.0,True,False,False,9.96531464191574,4.243480262017915,7.243147696163319,11.984550413515954
P31,AGEM KIRI,3,TURUN,C4,sentral,kanan,345.909,346.745,1.194,0.836,late,video,0.0,True,False,False,15.004983077146676,6.355140486183046,8.001792303358673,14.451070203815569
P31,AGEM KIRI,3,TURUN,P4,parietal,kanan,345.909,346.745,1.194,0.836,late,video,0.0,True,False,False,22.327765324662757,16.55541496394644,15.786024512603866,19.420131433107528
P31,AGEM KIRI,3,TURUN,O2,oksipital,kanan,345.909,346.745,1.194,0.836,late,video,0.0,True,False,False,14.31673822525416,12.235546092679538,10.218055454559298,15.145648996049115
P31,AGEM KIRI,3,TURUN,F8,frontotemporal,kanan,345.909,346.745,1.194,0.836,late,video,0.0,True,False,False,12.926923367885806,13.497973315580658,12.825597367503324,14.58664840818789
P31,AGEM KIRI,3,TURUN,T4,temporal,kanan,345.909,346.745,1.194,0.836,late,video,0.0,True,False,False,23.63606534848789,23.732768528148068,21.599860913074817,23.06163073301708
P31,AGEM KIRI,3,TURUN,T6,temporo-posterior,kanan,345.909,346.745,1.194,0.836,late,video,0.0,True,False,False,17.859728070419372,13.0778248525003,14.75023170721952,14.477259286694814
P31,AGEM KIRI,3,TAHAN,Fp1,frontopolar,kiri,347.174,348.882,2.208,1.708,late,video,0.251,True,True,False,7.277225245369532,0.8855969401959456,-0.4384271457644253,4.512924418952039
P31,AGEM KIRI,3,TAHAN,F3,frontal,kiri,347.174,348.882,2.208,1.708,late,video,1.0,False,False,False,,,,
P31,AGEM KIRI,3,TAHAN,C3,sentral,kiri,347.174,348.882,2.208,1.708,late,video,0.0,True,False,False,-1.372260754527705,-3.0004684559938255,-1.2590730718305636,-1.1970148991662555
P31,AGEM KIRI,3,TAHAN,P3,parietal,kiri,347.174,348.882,2.208,1.708,late,video,0.865,False,False,False,,,,
P31,AGEM KIRI,3,TAHAN,O1,oksipital,kiri,347.174,348.882,2.208,1.708,late,video,0.602,False,False,False,,,,
P31,AGEM KIRI,3,TAHAN,F7,frontotemporal,kiri,347.174,348.882,2.208,1.708,late,video,0.251,True,True,False,8.568518045619136,2.490861615235165,1.711160861586258,6.475506881973796
P31,AGEM KIRI,3,TAHAN,T3,temporal,kiri,347.174,348.882,2.208,1.708,late,video,0.982,False,False,False,,,,
P31,AGEM KIRI,3,TAHAN,T5,temporo-posterior,kiri,347.174,348.882,2.208,1.708,late,video,0.719,False,False,False,,,,
P31,AGEM KIRI,3,TAHAN,Fp2,frontopolar,kanan,347.174,348.882,2.208,1.708,late,video,0.0,True,False,False,14.71754862945144,8.431131652140657,8.725581048125544,10.551080685723946
P31,AGEM KIRI,3,TAHAN,F4,frontal,kanan,347.174,348.882,2.208,1.708,late,video,0.234,True,True,False,6.684406546762986,-0.05950566734732732,2.300282522504496,6.83421966851737
P31,AGEM KIRI,3,TAHAN,C4,sentral,kanan,347.174,348.882,2.208,1.708,late,video,0.0,True,False,False,9.188784278106546,1.5864795212368534,1.8048246909659191,5.999108197871045
P31,AGEM KIRI,3,TAHAN,P4,parietal,kanan,347.174,348.882,2.208,1.708,late,video,0.0,True,False,False,12.030127022678137,6.7151146248745945,7.003619441904803,9.714609739475971
P31,AGEM KIRI,3,TAHAN,O2,oksipital,kanan,347.174,348.882,2.208,1.708,late,video,0.234,True,True,False,5.91219476622577,4.343150424913681,3.038496993509618,5.617423149124043
P31,AGEM KIRI,3,TAHAN,F8,frontotemporal,kanan,347.174,348.882,2.208,1.708,late,video,0.0,True,False,False,5.394570249928705,1.8042172301214734,1.1825851433587964,3.650320900449074
P31,AGEM KIRI,3,TAHAN,T4,temporal,kanan,347.174,348.882,2.208,1.708,late,video,0.0,True,False,False,15.768710477475189,13.312410814647297,12.859778966051426,14.71409813589187
P31,AGEM KIRI,3,TAHAN,T6,temporo-posterior,kanan,347.174,348.882,2.208,1.708,late,video,0.0,True,False,False,12.532996355650631,14.110719184324537,11.79551245744765,13.635887249683282
P31,AGEM KIRI,3,NAIK,Fp1,frontopolar,kiri,349.382,351.285,2.403,1.903,late,video,1.0,False,False,False,,,,
P31,AGEM KIRI,3,NAIK,F3,frontal,kiri,349.382,351.285,2.403,1.903,late,video,0.353,True,True,False,0.18525712342674083,-2.0910293760555447,-4.330061036909079,-1.7084843083576686
P31,AGEM KIRI,3,NAIK,C3,sentral,kiri,349.382,351.285,2.403,1.903,late,video,0.0,True,False,False,6.945239871879398,6.063760110741196,2.985087223861836,5.727946895943624
P31,AGEM KIRI,3,NAIK,P3,parietal,kiri,349.382,351.285,2.403,1.903,late,video,0.0,True,False,False,-0.7021074055897181,0.9228031276155235,-2.4081156021088077,1.0868328985357785
P31,AGEM KIRI,3,NAIK,O1,oksipital,kiri,349.382,351.285,2.403,1.903,late,video,1.0,False,False,False,,,,
P31,AGEM KIRI,3,NAIK,F7,frontotemporal,kiri,349.382,351.285,2.403,1.903,late,video,1.0,False,False,False,,,,
P31,AGEM KIRI,3,NAIK,T3,temporal,kiri,349.382,351.285,2.403,1.903,late,video,0.0,True,False,False,2.0593432187399543,3.903248177043711,-2.1246436405815246,1.7845812502705698
P31,AGEM KIRI,3,NAIK,T5,temporo-posterior,kiri,349.382,351.285,2.403,1.903,late,video,1.0,False,False,False,,,,
P31,AGEM KIRI,3,NAIK,Fp2,frontopolar,kanan,349.382,351.285,2.403,1.903,late,video,0.0,True,False,False,20.820021389151865,25.02112441868858,17.677622216232365,20.844700085752446
P31,AGEM KIRI,3,NAIK,F4,frontal,kanan,349.382,351.285,2.403,1.903,late,video,0.0,True,False,False,12.815321774206012,8.702610101674306,9.056615471992796,13.143188260598507
P31,AGEM KIRI,3,NAIK,C4,sentral,kanan,349.382,351.285,2.403,1.903,late,video,0.0,True,False,False,17.91678433335821,18.32175574257363,13.191758476064688,17.36238836560083
P31,AGEM KIRI,3,NAIK,P4,parietal,kanan,349.382,351.285,2.403,1.903,late,video,0.0,True,False,False,16.428446344516964,19.878392576108148,14.715067739605672,16.009122860585336
P31,AGEM KIRI,3,NAIK,O2,oksipital,kanan,349.382,351.285,2.403,1.903,late,video,0.0,True,False,False,14.269085292137621,14.180911911311743,10.3527934427031,12.474277147800603
P31,AGEM KIRI,3,NAIK,F8,frontotemporal,kanan,349.382,351.285,2.403,1.903,late,video,0.0,True,False,False,12.392191192944068,10.82308196770105,11.800421818373966,11.336525017084632
P31,AGEM KIRI,3,NAIK,T4,temporal,kanan,349.382,351.285,2.403,1.903,late,video,0.0,True,False,False,19.926763160621597,23.345357039854054,20.682634589647986,21.555963312300367
P31,AGEM KIRI,3,NAIK,T6,temporo-posterior,kanan,349.382,351.285,2.403,1.903,late,video,0.0,True,False,False,21.660007341885226,23.003109145089283,20.48058424960537,20.90330121959965
P31,AGEM KIRI,3,POST,Fp1,frontopolar,kiri,352.035,353.535,1.5,1.5,late,video,1.0,False,False,False,,,,
P31,AGEM KIRI,3,POST,F3,frontal,kiri,352.035,353.535,1.5,1.5,late,video,0.0,True,False,False,3.9915850324204314,-2.458179969113001,-4.2293192847471985,1.5950298947841723
P31,AGEM KIRI,3,POST,C3,sentral,kiri,352.035,353.535,1.5,1.5,late,video,0.0,True,False,False,3.741834476775498,2.5739675926919965,2.0713544680929417,5.687242631771156
P31,AGEM KIRI,3,POST,P3,parietal,kiri,352.035,353.535,1.5,1.5,late,video,0.0,True,False,False,4.7450029273400425,-1.6307649065321037,-3.492820190558625,0.8904001937754735
P31,AGEM KIRI,3,POST,O1,oksipital,kiri,352.035,353.535,1.5,1.5,late,video,0.68,False,False,False,,,,
P31,AGEM KIRI,3,POST,F7,frontotemporal,kiri,352.035,353.535,1.5,1.5,late,video,1.0,False,False,False,,,,
P31,AGEM KIRI,3,POST,T3,temporal,kiri,352.035,353.535,1.5,1.5,late,video,0.0,True,False,False,8.056681928519758,0.1704617459511475,-0.5965393797634775,5.612699398887003
P31,AGEM KIRI,3,POST,T5,temporo-posterior,kiri,352.035,353.535,1.5,1.5,late,video,0.547,False,False,False,,,,
P31,AGEM KIRI,3,POST,Fp2,frontopolar,kanan,352.035,353.535,1.5,1.5,late,video,0.4,True,True,False,17.942589140371933,21.658968013818253,21.62429392137081,19.39014010205187
P31,AGEM KIRI,3,POST,F4,frontal,kanan,352.035,353.535,1.5,1.5,late,video,0.0,True,False,False,13.05411550022609,5.106138199195829,7.914003934781583,10.966711812825373
P31,AGEM KIRI,3,POST,C4,sentral,kanan,352.035,353.535,1.5,1.5,late,video,0.0,True,False,False,12.77552427559715,11.808752733218412,13.457304698786519,14.068442980320619
P31,AGEM KIRI,3,POST,P4,parietal,kanan,352.035,353.535,1.5,1.5,late,video,0.0,True,False,False,16.88418811908437,18.058537806463015,21.5323694305214,19.27232074685199
P31,AGEM KIRI,3,POST,O2,oksipital,kanan,352.035,353.535,1.5,1.5,late,video,0.4,True,True,False,9.290711478762073,10.253391016012937,11.362809270421643,11.239381143178175
P31,AGEM KIRI,3,POST,F8,frontotemporal,kanan,352.035,353.535,1.5,1.5,late,video,0.0,True,False,False,12.51692852869693,10.729742165010244,11.92876006617865,12.868993873301442
P31,AGEM KIRI,3,POST,T4,temporal,kanan,352.035,353.535,1.5,1.5,late,video,0.0,True,False,False,20.43424085625081,21.28532520932328,21.854046110986676,21.50912383121533
P31,AGEM KIRI,3,POST,T6,temporo-posterior,kanan,352.035,353.535,1.5,1.5,late,video,0.0,True,False,False,17.848930411198708,20.261707904226917,19.695411874139758,20.80975550127207
P31,AGEM KIRI,4,PRA,Fp1,frontopolar,kiri,358.464,360.464,2.0,2.0,ok,video,0.0,True,False,False,5.500332454880063,1.3086410159192923,1.7460527001492423,3.9878945701953796
P31,AGEM KIRI,4,PRA,F3,frontal,kiri,358.464,360.464,2.0,2.0,ok,video,1.0,False,False,False,,,,
P31,AGEM KIRI,4,PRA,C3,sentral,kiri,358.464,360.464,2.0,2.0,ok,video,0.0,True,False,False,14.340434244854666,7.7423764315438355,1.7264556295994176,10.219599426594414
P31,AGEM KIRI,4,PRA,P3,parietal,kiri,358.464,360.464,2.0,2.0,ok,video,1.0,False,False,False,,,,
P31,AGEM KIRI,4,PRA,O1,oksipital,kiri,358.464,360.464,2.0,2.0,ok,video,0.205,True,True,False,-3.889808930038285,-5.905558126943653,-4.201994261637992,-4.476444089734457
P31,AGEM KIRI,4,PRA,F7,frontotemporal,kiri,358.464,360.464,2.0,2.0,ok,video,0.0,True,False,False,9.958129290953543,5.591776970008201,4.858378423384213,8.076814303974253
P31,AGEM KIRI,4,PRA,T3,temporal,kiri,358.464,360.464,2.0,2.0,ok,video,0.695,False,False,False,,,,
P31,AGEM KIRI,4,PRA,T5,temporo-posterior,kiri,358.464,360.464,2.0,2.0,ok,video,0.405,True,True,False,-3.5989184344931715,-6.4133741312830885,-2.4287497922364842,-2.4424475482742736
P31,AGEM KIRI,4,PRA,Fp2,frontopolar,kanan,358.464,360.464,2.0,2.0,ok,video,0.0,True,False,False,16.334144961676085,17.914922460206633,15.65968009503743,19.66592240669257
P31,AGEM KIRI,4,PRA,F4,frontal,kanan,358.464,360.464,2.0,2.0,ok,video,0.0,True,False,False,5.930154408640078,3.2055836900008856,6.844475280898312,6.502642015867259
P31,AGEM KIRI,4,PRA,C4,sentral,kanan,358.464,360.464,2.0,2.0,ok,video,0.0,True,False,False,9.219468263349299,6.25980437225455,7.82242570482553,10.850256515226121
P31,AGEM KIRI,4,PRA,P4,parietal,kanan,358.464,360.464,2.0,2.0,ok,video,0.0,True,False,False,14.730726039887408,17.87647495429824,15.813913153979044,18.39285953867595
P31,AGEM KIRI,4,PRA,O2,oksipital,kanan,358.464,360.464,2.0,2.0,ok,video,0.0,True,False,False,12.887285614756887,9.620138846958763,9.425346619156127,12.93004799326538
P31,AGEM KIRI,4,PRA,F8,frontotemporal,kanan,358.464,360.464,2.0,2.0,ok,video,0.0,True,False,False,12.219788482806209,10.106523320483852,9.617982028828482,11.765788695232459
P31,AGEM KIRI,4,PRA,T4,temporal,kanan,358.464,360.464,2.0,2.0,ok,video,0.0,True,False,False,18.20295428895399,19.970662426660187,19.264026646594726,21.389377158152744
P31,AGEM KIRI,4,PRA,T6,temporo-posterior,kanan,358.464,360.464,2.0,2.0,ok,video,0.0,True,False,False,17.56339207271727,15.057509356839148,15.571773960008947,17.26038044791355
P31,AGEM KIRI,4,TURUN,Fp1,frontopolar,kiri,360.535,360.865,0.472,0.33,ok,video,0.636,False,False,False,,,,
P31,AGEM KIRI,4,TURUN,F3,frontal,kiri,360.535,360.865,0.472,0.33,ok,video,1.0,False,False,False,,,,
P31,AGEM KIRI,4,TURUN,C3,sentral,kiri,360.535,360.865,0.472,0.33,ok,video,0.0,True,False,False,4.822994395453957,3.888691668563151,3.632263127404439,4.739053112931671
P31,AGEM KIRI,4,TURUN,P3,parietal,kiri,360.535,360.865,0.472,0.33,ok,video,1.0,False,False,False,,,,
P31,AGEM KIRI,4,TURUN,O1,oksipital,kiri,360.535,360.865,0.472,0.33,ok,video,1.0,False,False,False,,,,
P31,AGEM KIRI,4,TURUN,F7,frontotemporal,kiri,360.535,360.865,0.472,0.33,ok,video,0.636,False,False,False,,,,
P31,AGEM KIRI,4,TURUN,T3,temporal,kiri,360.535,360.865,0.472,0.33,ok,video,0.0,True,False,False,3.060986509323783,-0.15897057867268316,-5.771163801666276,-0.48620987797043824
P31,AGEM KIRI,4,TURUN,T5,temporo-posterior,kiri,360.535,360.865,0.472,0.33,ok,video,1.0,False,False,False,,,,
P31,AGEM KIRI,4,TURUN,Fp2,frontopolar,kanan,360.535,360.865,0.472,0.33,ok,video,0.0,True,False,False,17.375018055182192,17.345240337314245,12.414827098851173,16.164451955370733
P31,AGEM KIRI,4,TURUN,F4,frontal,kanan,360.535,360.865,0.472,0.33,ok,video,0.0,True,False,False,2.7836533913561183,2.2292117322031686,0.07904205118146734,1.0409878690813485
P31,AGEM KIRI,4,TURUN,C4,sentral,kanan,360.535,360.865,0.472,0.33,ok,video,0.0,True,False,False,14.070999796409986,8.77269042253613,7.237801201422936,12.29236993538104
P31,AGEM KIRI,4,TURUN,P4,parietal,kanan,360.535,360.865,0.472,0.33,ok,video,0.0,True,False,False,11.904189577247067,12.044863238247089,6.9446320916956665,9.975321346798196
P31,AGEM KIRI,4,TURUN,O2,oksipital,kanan,360.535,360.865,0.472,0.33,ok,video,0.0,True,False,False,9.011368585254171,7.090115182214582,5.2215024486832355,6.402715810193701
P31,AGEM KIRI,4,TURUN,F8,frontotemporal,kanan,360.535,360.865,0.472,0.33,ok,video,0.0,True,False,False,9.520356036188865,8.326890404430976,4.335850620663006,7.267034624289167
P31,AGEM KIRI,4,TURUN,T4,temporal,kanan,360.535,360.865,0.472,0.33,ok,video,0.0,True,False,False,19.062877373501962,22.979982993554895,16.581122078870866,19.751875493344325
P31,AGEM KIRI,4,TURUN,T6,temporo-posterior,kanan,360.535,360.865,0.472,0.33,ok,video,0.0,True,False,False,16.98874691394198,16.36960584145548,15.215457180306615,16.782566401453874
P31,AGEM KIRI,4,TAHAN,Fp1,frontopolar,kiri,361.186,363.019,2.333,1.833,ok,video,1.0,False,False,False,,,,
P31,AGEM KIRI,4,TAHAN,F3,frontal,kiri,361.186,363.019,2.333,1.833,ok,video,0.366,True,True,False,-12.046288856616346,-11.203840329548758,-7.712242341892452,-9.20662301827905
P31,AGEM KIRI,4,TAHAN,C3,sentral,kiri,361.186,363.019,2.333,1.833,ok,video,0.0,True,False,False,1.1238426900558132,-1.554576668071423,-3.050390527243131,-0.012485933669196925
P31,AGEM KIRI,4,TAHAN,P3,parietal,kiri,361.186,363.019,2.333,1.833,ok,video,0.0,True,False,False,-6.043775333989107,-7.907191727123216,-6.285081639942156,-6.477802917523224
P31,AGEM KIRI,4,TAHAN,O1,oksipital,kiri,361.186,363.019,2.333,1.833,ok,video,1.0,False,False,False,,,,
P31,AGEM KIRI,4,TAHAN,F7,frontotemporal,kiri,361.186,363.019,2.333,1.833,ok,video,1.0,False,False,False,,,,
P31,AGEM KIRI,4,TAHAN,T3,temporal,kiri,361.186,363.019,2.333,1.833,ok,video,0.0,True,False,False,1.5802777973953965,-8.067604440608623,-4.815816347760951,-1.157335143850581
P31,AGEM KIRI,4,TAHAN,T5,temporo-posterior,kiri,361.186,363.019,2.333,1.833,ok,video,1.0,False,False,False,,,,
P31,AGEM KIRI,4,TAHAN,Fp2,frontopolar,kanan,361.186,363.019,2.333,1.833,ok,video,0.415,True,True,False,19.533842243028733,18.11477491473508,15.415907595224581,18.586792529391897
P31,AGEM KIRI,4,TAHAN,F4,frontal,kanan,361.186,363.019,2.333,1.833,ok,video,0.415,True,True,False,6.174175108994909,8.033984290682536,1.5689237171207182,7.508187969113607
P31,AGEM KIRI,4,TAHAN,C4,sentral,kanan,361.186,363.019,2.333,1.833,ok,video,0.0,True,False,False,15.02694537708225,7.571276740971818,8.09635738760569,12.924843737581867
P31,AGEM KIRI,4,TAHAN,P4,parietal,kanan,361.186,363.019,2.333,1.833,ok,video,0.415,True,True,False,13.317816013896788,16.439361355451553,11.98044731134517,12.816961975489832
P31,AGEM KIRI,4,TAHAN,O2,oksipital,kanan,361.186,363.019,2.333,1.833,ok,video,0.743,False,False,False,,,,
P31,AGEM KIRI,4,TAHAN,F8,frontotemporal,kanan,361.186,363.019,2.333,1.833,ok,video,0.415,True,True,False,1.8908528995918346,4.467361029877289,0.7724897433314801,4.121311196576009
P31,AGEM KIRI,4,TAHAN,T4,temporal,kanan,361.186,363.019,2.333,1.833,ok,video,0.0,True,False,False,13.873961083651722,14.78533628384989,12.647608563667522,14.162398278200396
P31,AGEM KIRI,4,TAHAN,T6,temporo-posterior,kanan,361.186,363.019,2.333,1.833,ok,video,0.0,True,False,False,16.255545313229916,17.72995678730375,14.83714864674667,16.69607659848433
P31,AGEM KIRI,4,NAIK,Fp1,frontopolar,kiri,363.519,367.616,4.597,4.097,ok,video,1.0,False,False,False,,,,
P31,AGEM KIRI,4,NAIK,F3,frontal,kiri,363.519,367.616,4.597,4.097,ok,video,0.0,True,False,False,1.9013534745494383,0.09552116142776512,-0.01371986061931807,1.546397432339397
P31,AGEM KIRI,4,NAIK,C3,sentral,kiri,363.519,367.616,4.597,4.097,ok,video,0.098,True,False,False,4.824316839770223,-2.735918326597851,0.09983442797379993,1.6198317355434995
P31,AGEM KIRI,4,NAIK,P3,parietal,kiri,363.519,367.616,4.597,4.097,ok,video,0.0,True,False,False,3.26989481852792,1.6919275887836989,0.9544291396805065,2.4408146038830942
P31,AGEM KIRI,4,NAIK,O1,oksipital,kiri,363.519,367.616,4.597,4.097,ok,video,0.815,False,False,False,,,,
P31,AGEM KIRI,4,NAIK,F7,frontotemporal,kiri,363.519,367.616,4.597,4.097,ok,video,1.0,False,False,False,,,,
P31,AGEM KIRI,4,NAIK,T3,temporal,kiri,363.519,367.616,4.597,4.097,ok,video,0.0,True,False,False,10.961460728627245,3.200065946909188,1.9333883479571696,8.57267581361831
P31,AGEM KIRI,4,NAIK,T5,temporo-posterior,kiri,363.519,367.616,4.597,4.097,ok,video,0.815,False,False,False,,,,
P31,AGEM KIRI,4,NAIK,Fp2,frontopolar,kanan,363.519,367.616,4.597,4.097,ok,video,0.424,False,False,False,,,,
P31,AGEM KIRI,4,NAIK,F4,frontal,kanan,363.519,367.616,4.597,4.097,ok,video,0.083,True,False,False,13.991637703997775,9.591167415469247,8.034463684013534,12.777038319825003
P31,AGEM KIRI,4,NAIK,C4,sentral,kanan,363.519,367.616,4.597,4.097,ok,video,0.0,True,False,False,15.848739950387213,11.725808781240318,12.625621198388021,14.519893923661712
P31,AGEM KIRI,4,NAIK,P4,parietal,kanan,363.519,367.616,4.597,4.097,ok,video,0.571,False,False,False,,,,
P31,AGEM KIRI,4,NAIK,O2,oksipital,kanan,363.519,367.616,4.597,4.097,ok,video,0.571,False,False,False,,,,
P31,AGEM KIRI,4,NAIK,F8,frontotemporal,kanan,363.519,367.616,4.597,4.097,ok,video,0.18,True,True,False,13.09380605615737,7.611480855388976,10.588463082306045,10.282883379973285
P31,AGEM KIRI,4,NAIK,T4,temporal,kanan,363.519,367.616,4.597,4.097,ok,video,0.098,True,False,False,16.436416988840506,17.560349766142675,17.7442545437499,17.84106355254539
P31,AGEM KIRI,4,NAIK,T6,temporo-posterior,kanan,363.519,367.616,4.597,4.097,ok,video,0.0,True,False,False,15.73343836144739,13.644741661716488,14.038566476416221,14.852404121037328
P31,AGEM KIRI,4,POST,Fp1,frontopolar,kiri,368.366,369.866,1.5,1.5,ok,video,0.0,True,False,False,2.2044923392606712,-0.2221664358221176,4.659941422408494,4.894204790908802
P31,AGEM KIRI,4,POST,F3,frontal,kiri,368.366,369.866,1.5,1.5,ok,video,0.0,True,False,False,10.831257603473567,4.615110382732013,2.3298729056647325,10.334436853514546
P31,AGEM KIRI,4,POST,C3,sentral,kiri,368.366,369.866,1.5,1.5,ok,video,0.0,True,False,False,16.376901978593967,7.218106426926997,5.177314653343242,12.310011375129037
P31,AGEM KIRI,4,POST,P3,parietal,kiri,368.366,369.866,1.5,1.5,ok,video,0.0,True,False,False,16.865259532261657,10.78602417507021,4.9693307479981215,13.208027630191676
P31,AGEM KIRI,4,POST,O1,oksipital,kiri,368.366,369.866,1.5,1.5,ok,video,0.0,True,False,False,2.048621223212905,-6.231633808122229,-3.4188855260414677,-0.3174085816560108
P31,AGEM KIRI,4,POST,F7,frontotemporal,kiri,368.366,369.866,1.5,1.5,ok,video,0.0,True,False,False,2.5472514526101193,2.6046554646482996,6.5048536516559174,7.413842053954113
P31,AGEM KIRI,4,POST,T3,temporal,kiri,368.366,369.866,1.5,1.5,ok,video,0.0,True,False,False,14.767741095805093,4.607759272985245,6.961977601183328,12.310886328781208
P31,AGEM KIRI,4,POST,T5,temporo-posterior,kiri,368.366,369.866,1.5,1.5,ok,video,0.0,True,False,False,9.855979563800535,1.3002150296038444,0.38500435756871454,6.3798544775964245
P31,AGEM KIRI,4,POST,Fp2,frontopolar,kanan,368.366,369.866,1.5,1.5,ok,video,0.0,True,False,False,26.2910602055109,17.99631190880317,17.904254713727287,24.76067653450421
P31,AGEM KIRI,4,POST,F4,frontal,kanan,368.366,369.866,1.5,1.5,ok,video,0.0,True,False,False,17.85274751576793,9.585580888248149,11.879432376735299,15.09953637391478
P31,AGEM KIRI,4,POST,C4,sentral,kanan,368.366,369.866,1.5,1.5,ok,video,0.0,True,False,False,20.018656604761546,10.522255710558753,11.557076645928166,19.94748072209041
P31,AGEM KIRI,4,POST,P4,parietal,kanan,368.366,369.866,1.5,1.5,ok,video,0.0,True,False,False,22.51933019813552,16.653963808555446,18.267910696068746,19.34517028147973
P31,AGEM KIRI,4,POST,O2,oksipital,kanan,368.366,369.866,1.5,1.5,ok,video,0.0,True,False,False,20.21026986283508,9.828674490180642,11.041995003953641,16.374105874376905
P31,AGEM KIRI,4,POST,F8,frontotemporal,kanan,368.366,369.866,1.5,1.5,ok,video,0.0,True,False,False,20.04220271465254,10.795003615488007,13.102573611794224,15.834785532038033
P31,AGEM KIRI,4,POST,T4,temporal,kanan,368.366,369.866,1.5,1.5,ok,video,0.0,True,False,False,27.934087776242627,21.796649823276613,20.37937458313412,26.01919550076492
P31,AGEM KIRI,4,POST,T6,temporo-posterior,kanan,368.366,369.866,1.5,1.5,ok,video,0.0,True,False,False,27.480711438172115,18.046627649626558,19.851206918812316,23.78419379736093
