participant_id,pool,phase,n_seg,is_simulated,level,unit,offset_change,exponent_change,theta_periodic_db,mu_periodic_db,beta_periodic_db,hemisphere,area,n_valid,few_segments,r2,global_offset_db,theta_relative_db,mu_relative_db,beta_relative_db,artifact_prone,noise_floor_db
P32,SEMUA,PRA,12,False,belahan,kiri,10.351719625088975,0.4070336653235668,1.1791238469325755,-0.5233073140766611,0.012251099799913706,,,,,,,,,,,1.5778229030264774
P32,SEMUA,PRA,12,False,belahan,kanan,15.298412505450067,0.34502320543543585,1.036919592944723,-0.6286840391651871,-0.7312312387287558,,,,,,,,,,,1.5778229030264774
P32,SEMUA,PRA,12,False,kanal,Fp1,9.466652095221107,-0.020780264249758984,1.6253147930787137,0.4105806383696149,0.12233825531602416,kiri,frontopolar,10.0,False,0.9652998159845733,10.351719625088975,0.4461909461461382,0.933887952446276,0.11008715551611045,,1.5778229030264774
P32,SEMUA,PRA,12,False,kanal,F3,10.536708108927627,0.3835914646921754,0.6093669241376637,-1.0225903843280912,-0.42303566159197314,kiri,frontal,9.0,False,0.9912981468884086,10.351719625088975,-0.5697569227949119,-0.49928307025143015,-0.4352867613918868,,1.5778229030264774
P32,SEMUA,PRA,12,False,kanal,C3,10.166731141250324,0.44848811519356246,1.7588701552906916,-0.1643778624758383,-0.026568208943530403,kiri,sentral,9.0,False,0.9672386499838188,10.351719625088975,0.579746308358116,0.3589294516008228,-0.03881930874344411,,1.5778229030264774
P32,SEMUA,PRA,12,False,kanal,P3,8.804994553887248,0.41225801078644797,1.7962557375804393,-0.5871364198934899,-0.16804315215274068,kiri,parietal,10.0,False,0.9829733080910112,10.351719625088975,0.6171318906478638,-0.06382910581682877,-0.1802942519526544,,1.5778229030264774
P32,SEMUA,PRA,12,False,kanal,O1,11.591043883596342,0.6029891065419086,0.9956081068417544,-0.6138398217917973,0.051070408543357815,kiri,oksipital,11.0,False,0.9792411938301132,10.351719625088975,-0.18351574009082117,-0.09053250771513621,0.03881930874344411,,1.5778229030264774
P32,SEMUA,PRA,12,False,kanal,F7,12.533878265376167,0.4018093198606856,1.1343503822645902,-0.8599751194402678,0.2792853181011332,kiri,frontotemporal,9.0,False,0.9693244879714841,10.351719625088975,-0.044773464667985374,-0.33666780536360674,0.26703421830121954,,1.5778229030264774
P32,SEMUA,PRA,12,False,kanal,T3,9.28828056152485,0.4294870241466915,0.2633615310041848,0.5816864205502719,0.3173995276420851,kiri,temporal,9.0,False,0.9828732372817406,10.351719625088975,-0.9157623159283907,1.104993734626933,0.30514842784217144,,1.5778229030264774
P32,SEMUA,PRA,12,False,kanal,T5,11.086526023159962,0.30952844471860197,1.223897311600561,-0.4594782082598323,-0.389968728859777,kiri,temporo-posterior,11.0,False,0.9818700845721264,10.351719625088975,0.044773464667985374,0.06382910581682877,-0.40221982865969075,,1.5778229030264774
P32,SEMUA,PRA,12,False,kanal,Fp2,14.701896506887195,0.7286708478492143,1.1930359075132473,-2.0535452243119923,-0.3910220072265276,kanan,frontopolar,10.0,False,0.9843746118710577,15.298412505450067,0.15611631456852426,-1.4248611851468052,0.34020923150222826,,1.5778229030264774
P32,SEMUA,PRA,12,False,kanal,F4,15.894928504012938,0.3149129163096782,-0.4452138846577808,-1.556235032490756,-1.0315196649688043,kanan,frontal,12.0,False,0.9915156851623087,15.298412505450067,-1.482133477602504,-0.9275509933255688,-0.3002884262400485,,1.5778229030264774
P32,SEMUA,PRA,12,False,kanal,C4,17.960663769876298,0.4624993543107445,0.0008737331292796302,-0.6138603337886988,-0.5750777089646539,kanan,sentral,9.0,False,0.9885493546809132,15.298412505450067,-1.0360458598154434,0.01482370537648836,0.1561535297641019,,1.5778229030264774
P32,SEMUA,PRA,12,False,kanal,P4,16.325036417257515,0.5690841297625067,1.2570214289303756,-1.0488718058524578,-0.8204508935753573,kanan,parietal,9.0,False,0.9850148254738795,15.298412505450067,0.22010183598565258,-0.42018776668727065,-0.08921965484660144,,1.5778229030264774
P32,SEMUA,PRA,12,False,kanal,O2,16.037199713622172,0.3372058327920666,0.1535317874977843,0.4843340938599532,-1.3105889241046413,kanan,oksipital,9.0,False,0.9943784359880482,15.298412505450067,-0.8833878054469387,1.1130181330251403,-0.5793576853758855,,1.5778229030264774
P32,SEMUA,PRA,12,False,kanal,F8,13.082057985741244,0.23482364270132727,0.8808032783761988,-0.6435077445416755,0.04230843541248808,kanan,frontotemporal,12.0,False,0.9900493016273783,15.298412505450067,-0.15611631456852426,-0.01482370537648836,0.7735396741412439,,1.5778229030264774
P32,SEMUA,PRA,12,False,kanal,T4,14.351986928654966,0.21908306383952447,1.9285795892447548,0.199132428135937,-0.6903332657364935,kanan,temporal,9.0,False,0.9892726207941471,15.298412505450067,0.8916599963000318,0.8278164673011241,0.04089797299226239,,1.5778229030264774
P32,SEMUA,PRA,12,False,kanal,T6,13.785161681421592,0.3528405780788051,1.9569066222578186,-0.028466309227650477,-0.7721292117210181,kanan,temporo-posterior,9.0,False,0.9923365124159192,15.298412505450067,0.9199870293130956,0.6002177299375366,-0.04089797299226228,,1.5778229030264774
P32,SEMUA,PRA,12,False,area,frontopolar,14.248048712316084,0.6664433590454704,1.2351856994278665,-1.8651230386336226,-0.38704377268995027,,frontopolar,10.0,False,0.9877942752188935,,,,,True,1.5778229030264774
P32,SEMUA,PRA,12,False,area,frontal,15.769155937790181,0.5564764938412314,-0.0017878758610906376,-1.422387851721651,-0.3388281828355243,,frontal,12.0,False,0.9951069432458021,,,,,False,1.5778229030264774
P32,SEMUA,PRA,12,False,area,frontotemporal,13.221131941156756,0.3120221320387415,1.1080192103838549,-0.6660048139033092,-0.03155259783147479,,frontotemporal,12.0,False,0.9925591309360232,,,,,True,1.5778229030264774
P32,SEMUA,PRA,12,False,area,sentral,15.77205584327504,0.5675133086349773,0.9663448181347012,-0.3729380595642655,-0.22302210557110025,,sentral,10.0,False,0.9954586791985525,,,,,False,1.5778229030264774
P32,SEMUA,PRA,12,False,area,temporal,14.72804847056672,0.5836802409133846,0.8570651393649098,0.030742130003238444,-0.027198413078094563,,temporal,10.0,False,0.9938998098443548,,,,,True,1.5778229030264774
P32,SEMUA,PRA,12,False,area,parietal,13.600728329250096,0.5516723563714385,1.2984432119851863,-0.8105598638204463,-0.37479564299027884,,parietal,10.0,False,0.991265142215795,,,,,False,1.5778229030264774
P32,SEMUA,PRA,12,False,area,temporo-posterior,12.62815970311815,0.3648585256154704,1.5746982562776046,-0.2846235477360999,-0.5939477087911365,,temporo-posterior,11.0,False,0.9937706211727422,,,,,False,1.5778229030264774
P32,SEMUA,PRA,12,False,area,oksipital,14.437284594513464,0.6361980407818284,0.5105229179017501,0.0029824594118141867,-0.0766563686852818,,oksipital,12.0,False,0.9955545723617004,,,,,False,1.5778229030264774
P32,SEMUA,TURUN,12,False,belahan,kiri,15.455188445744106,0.4568745428173556,1.0295849365292584,-0.18700158742217776,0.5465237945088657,,,,,,,,,,,1.5778229030264774
P32,SEMUA,TURUN,12,False,belahan,kanan,17.696444854285176,0.2053399969010874,1.050441982062969,0.23928519235694212,-0.2537263427661036,,,,,,,,,,,1.5778229030264774
P32,SEMUA,TURUN,12,False,kanal,Fp1,18.145858377907025,0.3754757156292794,0.1783343323472536,0.07780501442279997,0.8352811062940014,kiri,frontopolar,12.0,False,0.9821692063710014,15.455188445744106,-0.8512506041820048,0.26480660184497773,0.28875731178513575,,1.5778229030264774
P32,SEMUA,TURUN,12,False,kanal,F3,14.866097537992346,0.5229300005657642,1.2179691290278711,-1.9626392668179813,0.030168904520743722,kiri,frontal,12.0,False,0.9785728187488285,15.455188445744106,0.1883841924986127,-1.7756376793958035,-0.516354889988122,,1.5778229030264774
P32,SEMUA,TURUN,12,False,kanal,C3,15.562456948355319,0.5410900174786613,2.4267341933248314,-0.08865155515049272,-0.031122602115904785,kiri,sentral,12.0,False,0.9879335671572483,15.455188445744106,1.397149256795573,0.09835003227168504,-0.5776463966247705,,1.5778229030264774
P32,SEMUA,TURUN,12,False,kanal,P3,14.33755343070888,0.390819085068947,0.8935616541182823,0.2583739015366615,1.0562884241072672,kiri,parietal,12.0,False,0.9859432712193862,15.455188445744106,-0.13602328241097617,0.44537548895883927,0.5097646295984015,,1.5778229030264774
P32,SEMUA,TURUN,12,False,kanal,O1,17.9208395032273,0.7317129835583336,-0.1731787792501538,-0.6230324502412676,0.7890718570857937,kiri,oksipital,12.0,False,0.9744322993741545,15.455188445744106,-1.2027637157794122,-0.43603086281908987,0.24254806257692807,,1.5778229030264774
P32,SEMUA,TURUN,12,False,kanal,F7,15.347919943132894,0.32423711277162504,2.186163431985047,-2.2381835062393964,0.18441914957456507,kiri,frontotemporal,11.0,False,0.9671777908295294,15.455188445744106,1.1565784954557885,-2.0511819188172185,-0.3621046449343006,,1.5778229030264774
P32,SEMUA,TURUN,12,False,kanal,T3,12.450927988968068,0.34123703324042887,0.5573056805545218,0.6023105059664333,0.8231127393147437,kiri,temporal,12.0,False,0.959206339843174,15.455188445744106,-0.47227925597473663,0.7893120933886111,0.27658894480587803,,1.5778229030264774
P32,SEMUA,TURUN,12,False,kanal,T5,17.953605766130224,0.5311940900456302,1.1656082189402346,-0.2853516196938628,0.3039757319319377,kiri,temporo-posterior,12.0,False,0.9876038538990135,15.455188445744106,0.13602328241097617,-0.09835003227168504,-0.24254806257692796,,1.5778229030264774
P32,SEMUA,TURUN,12,False,kanal,Fp2,18.111019229449752,0.6891931566366893,1.591891094336721,0.1355975236712652,0.9397238195162296,kanan,frontopolar,11.0,False,0.9811993822708457,17.696444854285176,0.5414491122737521,-0.10368766868567691,1.1934501622823332,,1.5778229030264774
P32,SEMUA,TURUN,12,False,kanal,F4,17.315873305198487,0.19882543200339242,0.7223919629876957,0.043041484249018325,-0.5100845838902639,kanan,frontal,11.0,False,0.9870676914779901,17.696444854285176,-0.3280500190752732,-0.1962437081079238,-0.2563582411241603,,1.5778229030264774
P32,SEMUA,TURUN,12,False,kanal,C4,19.146024967418434,0.21185456179878237,1.0130814266755273,0.1983175583040735,-0.2525108988529152,kanan,sentral,11.0,False,0.9782392528743363,17.696444854285176,-0.03736055538744165,-0.04096763405286863,0.0012154439131883965,,1.5778229030264774
P32,SEMUA,TURUN,12,False,kanal,P4,20.909951318593833,0.5536809163745569,1.0878025374504103,-0.19126271890231772,-0.20152078434663556,kanan,parietal,11.0,False,0.992912978963705,17.696444854285176,0.03736055538744143,-0.43054791125925984,0.05220555841946806,,1.5778229030264774
P32,SEMUA,TURUN,12,False,kanal,O2,18.077016403371864,0.07851305858909163,0.19643450866581202,0.28025282640981075,-0.9559087749543678,kanan,oksipital,10.0,False,0.9819163299404026,17.696444854285176,-0.8540074733971569,0.04096763405286863,-0.7021824321882641,,1.5778229030264774
P32,SEMUA,TURUN,12,False,kanal,F8,14.63097436317355,0.12820153422058467,0.8820884466805312,1.1017757907065042,-0.254941786679292,kanan,frontotemporal,12.0,False,0.9696119171572404,17.696444854285176,-0.1683535353824377,0.8624905983495621,-0.0012154439131883965,,1.5778229030264774
P32,SEMUA,TURUN,12,False,kanal,T4,15.556948492072294,-0.05537638949135282,1.700803971427363,1.28953169652207,-0.6408178335098819,kanan,temporal,11.0,False,0.9709284010999435,17.696444854285176,0.6503619893643942,1.0502465041651279,-0.38709149074377824,,1.5778229030264774
P32,SEMUA,TURUN,12,False,kanal,T6,16.340159840703272,0.22827977015064715,2.6639488166703353,1.575869693581617,-0.2240693434474601,kanan,temporo-posterior,11.0,False,0.9890790094106179,17.696444854285176,1.6135068346073664,1.3365845012246749,0.029656999318643518,,1.5778229030264774
P32,SEMUA,TURUN,12,False,area,frontopolar,17.812711509316017,0.6426461309079139,1.2672695385996413,-0.19089729281325596,0.5542879247503603,,frontopolar,12.0,False,0.9730101760035006,,,,,True,1.5778229030264774
P32,SEMUA,TURUN,12,False,area,frontal,16.816285339612918,0.42769360297681414,0.9363079361371279,-0.49489011217698575,0.07692319075984067,,frontal,12.0,False,0.9914236702144934,,,,,False,1.5778229030264774
P32,SEMUA,TURUN,12,False,area,frontotemporal,15.1290711351335,0.21600693653976277,1.2796544210924676,0.3278047828392836,-0.2614862172196035,,frontotemporal,12.0,False,0.9833293637303232,,,,,True,1.5778229030264774
P32,SEMUA,TURUN,12,False,area,sentral,17.809392777023106,0.42833225915650175,1.7320786083420392,0.33597686001382554,0.280065534517544,,sentral,12.0,False,0.9884905899709251,,,,,False,1.5778229030264774
P32,SEMUA,TURUN,12,False,area,temporal,15.48864882315327,0.3102954597549321,0.8365942911119983,0.9623646485685988,0.23772192804410597,,temporal,12.0,False,0.9858967785689438,,,,,True,1.5778229030264774
P32,SEMUA,TURUN,12,False,area,parietal,18.465745790626265,0.5235676812652308,0.8548210405818057,-0.10852930232387026,0.327080705744469,,parietal,12.0,False,0.9954452565397357,,,,,False,1.5778229030264774
P32,SEMUA,TURUN,12,False,area,temporo-posterior,17.01922470861389,0.35889564646342076,1.9323226809803262,0.7320393899651756,-0.04144116458396074,,temporo-posterior,12.0,False,0.993885978117235,,,,,False,1.5778229030264774
P32,SEMUA,TURUN,12,False,area,oksipital,18.50301462558985,0.5249172326893272,0.26917181703387416,-0.0323123949053592,0.4166948530601545,,oksipital,12.0,False,0.9935468597915625,,,,,False,1.5778229030264774
P32,SEMUA,TAHAN,11,False,belahan,kiri,4.496465535875313,0.2167924881437574,0.3318134900228478,0.3768779636379893,0.5513638970345461,,,,,,,,,,,1.5778229030264774
P32,SEMUA,TAHAN,11,False,belahan,kanan,12.4926630246247,0.1789088631944894,0.7121810307159469,1.73923279677015,-0.43215482778738357,,,,,,,,,,,1.5778229030264774
P32,SEMUA,TAHAN,11,False,kanal,Fp1,9.862405679671262,0.2262191000176068,0.17037269637060926,0.437342928901046,1.1951811958449245,kiri,frontopolar,11.0,False,0.9864180637554286,4.496465535875313,-0.16144079365223857,0.06046496526305667,0.6438172988103784,,1.5778229030264774
P32,SEMUA,TAHAN,11,False,kanal,F3,1.1547272829353545,-0.010509304585936574,-0.9975036014605188,0.421515025151721,0.38027801300129205,kiri,frontal,9.0,False,0.9535111674637257,4.496465535875313,-1.3293170914833665,0.0446370615137317,-0.1710858840332541,,1.5778229030264774
P32,SEMUA,TAHAN,11,False,kanal,C3,4.663592873037722,0.207365876269908,1.1185931421583188,0.4694397182967953,0.8211487160324756,kiri,sentral,7.0,False,0.9512872117408286,4.496465535875313,0.7867796521354711,0.092561754658806,0.2697848189979295,,1.5778229030264774
P32,SEMUA,TAHAN,11,False,kanal,P3,4.47857998179645,0.2564975434818446,0.8086194296643545,0.16599414641466925,0.5162377992428311,kiri,parietal,6.0,False,0.8845558571339348,4.496465535875313,0.4768059396415067,-0.21088381722332006,-0.03512609779171505,,1.5778229030264774
P32,SEMUA,TAHAN,11,False,kanal,O1,1.973766527738917,0.08994254006281976,-1.3346949591169355,-0.9967835053289948,0.5864899948262612,kiri,oksipital,10.0,False,0.9189719915853819,4.496465535875313,-1.6665084491397832,-1.3736614689669842,0.03512609779171505,,1.5778229030264774
P32,SEMUA,TAHAN,11,False,kanal,F7,1.7980165342078678,-0.142123633629627,2.9006643994673915,0.3322409021242576,-0.5545266064827394,kiri,frontotemporal,11.0,False,0.9802091269154395,4.496465535875313,2.5688509094445435,-0.0446370615137317,-1.1058905035172857,,1.5778229030264774
P32,SEMUA,TAHAN,11,False,kanal,T3,4.514351089954175,0.2615279035411322,-0.11498304686831273,0.5148432007745951,1.03804912671699,kiri,temporal,9.0,False,0.9570035876518628,4.496465535875313,-0.44679653689116056,0.1379652371366058,0.4866852296824439,,1.5778229030264774
P32,SEMUA,TAHAN,11,False,kanal,T5,8.84144479116491,0.3702776954841238,0.4932542836750864,-0.9781964511854406,-0.25414801120220476,kiri,temporo-posterior,11.0,False,0.9729781536046422,4.496465535875313,0.16144079365223857,-1.35507441482343,-0.8055119082367509,,1.5778229030264774
P32,SEMUA,TAHAN,11,False,kanal,Fp2,11.388527866168431,0.4192294268480561,0.9030636357230798,1.1320406921693138,0.22664641244648975,kanan,frontopolar,10.0,False,0.9772133773624254,12.4926630246247,0.19088260500713294,-0.6071921046008362,0.6588012402338733,,1.5778229030264774
P32,SEMUA,TAHAN,11,False,kanal,F4,12.706263420883708,0.15887523700039163,0.23922796006915992,1.3323710756944926,-0.5838075026515397,kanan,frontal,10.0,False,0.9718592016338522,12.4926630246247,-0.47295307064678693,-0.4068617210756573,-0.15165267486415612,,1.5778229030264774
P32,SEMUA,TAHAN,11,False,kanal,C4,11.902258254434486,0.16546021342152195,0.6816061122979,1.6858736294597154,-0.13105631058273692,kanan,sentral,10.0,False,0.9710584789158623,12.4926630246247,-0.030574918418046826,-0.05335916731043455,0.30109851720464664,,1.5778229030264774
P32,SEMUA,TAHAN,11,False,kanal,P4,13.894816999991981,0.4691882635843845,0.7427559491339936,1.7925919640805845,-0.40658142736573866,kanan,parietal,10.0,False,0.9775248669023192,12.4926630246247,0.030574918418046715,0.05335916731043455,0.02557340042164491,,1.5778229030264774
P32,SEMUA,TAHAN,11,False,kanal,O2,12.279062628365693,0.0533017845995063,0.24292708695935916,1.8886003010548356,-0.9278817778924005,kanan,oksipital,8.0,False,0.9709091834725839,12.4926630246247,-0.4692539437565877,0.1493675042846856,-0.4957269501050169,,1.5778229030264774
P32,SEMUA,TAHAN,11,False,kanal,F8,12.722742480005877,0.19235751296745685,0.5992914982077957,0.5697623053621954,-0.507148781634185,kanan,frontotemporal,11.0,False,0.9885254613035646,12.4926630246247,-0.11288953250815115,-1.1694704914079546,-0.07499395384680141,,1.5778229030264774
P32,SEMUA,TAHAN,11,False,kanal,T4,11.938014373639668,0.1465906364409708,1.3890991705630036,2.03604678861708,-0.13920806926496376,kanan,temporal,9.0,False,0.993728339642132,12.4926630246247,0.6769181398470567,0.2968139918469299,0.2929467585224198,,1.5778229030264774
P32,SEMUA,TAHAN,11,False,kanal,T6,13.97624438083075,0.47280414651656,1.7697757417888176,2.4871583913528443,-0.4577282282090285,kanan,temporo-posterior,10.0,False,0.9792962859517818,12.4926630246247,1.0575947110728707,0.7479255945826944,-0.02557340042164491,,1.5778229030264774
P32,SEMUA,TAHAN,11,False,area,frontopolar,10.92530347600271,0.4157212369844927,0.9318244491269467,1.157237989489702,0.35832292410996125,,frontopolar,11.0,False,0.9789562266654599,,,,,True,1.5778229030264774
P32,SEMUA,TAHAN,11,False,area,frontal,11.018336530112471,0.3148660349606258,0.26442132206081437,1.636308330713835,0.01994157288641696,,frontal,11.0,False,0.9707733706180159,,,,,False,1.5778229030264774
P32,SEMUA,TAHAN,11,False,area,frontotemporal,12.24523288126322,0.30445320489574446,0.7445660147676292,0.6736178315976833,-0.3370082030601256,,frontotemporal,11.0,False,0.9898868715109204,,,,,True,1.5778229030264774
P32,SEMUA,TAHAN,11,False,area,sentral,11.873890345547416,0.4112513294594986,0.4945861670579893,2.118628737067429,0.6062270901952871,,sentral,11.0,False,0.9693462888152713,,,,,False,1.5778229030264774
P32,SEMUA,TAHAN,11,False,area,temporal,14.020092518105713,0.6656041358498344,-0.710240239082936,1.5403169919703026,0.7326345623710887,,temporal,11.0,False,0.9721145831186276,,,,,True,1.5778229030264774
P32,SEMUA,TAHAN,11,False,area,parietal,12.896644388783791,0.5275227235844404,0.7728559858894724,1.8767603945987097,0.05025900454634502,,parietal,11.0,False,0.9816131701506389,,,,,False,1.5778229030264774
P32,SEMUA,TAHAN,11,False,area,temporo-posterior,12.852514152092958,0.5195630238508855,1.3933795809719074,1.6309731499506683,-0.1591565100911051,,temporo-posterior,11.0,False,0.9837354364726054,,,,,False,1.5778229030264774
P32,SEMUA,TAHAN,11,False,area,oksipital,9.567293592194751,0.2555303198679144,-0.5383699032863964,0.22778848523379924,-0.7302013742017325,,oksipital,11.0,False,0.9348015661557046,,,,,False,1.5778229030264774
P32,SEMUA,NAIK,12,False,belahan,kiri,4.1336273516619855,0.1397823515073039,0.05593848589832473,-1.0103648106926741,0.4461331607979879,,,,,,,,,,,1.5778229030264774
P32,SEMUA,NAIK,12,False,belahan,kanan,12.745313647790397,0.3422593070889349,0.1078690894730075,0.34854106263909057,-0.10158092465947399,,,,,,,,,,,1.5778229030264774
P32,SEMUA,NAIK,12,False,kanal,Fp1,6.788587175959847,0.1344179455420249,0.11129855758042762,-0.6637722268790887,0.8058290149267634,kiri,frontopolar,12.0,False,0.9912213996134339,4.1336273516619855,0.055360071682102885,0.3465925838135855,0.35969585412877547,,1.5778229030264774
P32,SEMUA,NAIK,12,False,kanal,F3,-0.22098793992893917,-0.03963624269934307,-0.0712897966299203,-0.925161931035523,0.49824283880765174,kiri,frontal,8.0,False,0.9796656928994616,4.1336273516619855,-0.12722828252824503,0.08520287965715112,0.05210967800966382,,1.5778229030264774
P32,SEMUA,NAIK,12,False,kanal,C3,2.77833962626746,0.14514675747258288,0.8435467011321768,-0.3835439663435807,1.2242531203954496,kiri,sentral,5.0,True,0.9446983139974678,4.1336273516619855,0.787608215233852,0.6268208443490935,0.7781199595974617,,1.5778229030264774
P32,SEMUA,NAIK,12,False,kanal,P3,-0.08792627567826372,-0.05744747032954567,-1.5092564167310363,-0.7324672929262515,-0.029927691617063656,kiri,parietal,4.0,True,0.8935594550626137,4.1336273516619855,-1.565194902629361,0.2778975177664227,-0.4760608524150516,,1.5778229030264774
P32,SEMUA,NAIK,12,False,kanal,O1,5.488915077056511,0.46024848468087254,-1.1542135589809273,-1.0955676903498253,-0.010011169110129114,kiri,oksipital,8.0,False,0.9521569958750541,4.1336273516619855,-1.210152044879252,-0.08520287965715112,-0.45614432990811704,,1.5778229030264774
P32,SEMUA,NAIK,12,False,kanal,F7,5.71903950338568,0.231958365168782,0.38971079163605205,-1.354729821444598,1.7735089510550366,kiri,frontotemporal,12.0,False,0.9306270737497422,4.1336273516619855,0.3337723057377273,-0.34436501075192383,1.3273757902570487,,1.5778229030264774
P32,SEMUA,NAIK,12,False,kanal,T3,0.16465903035184937,-0.04450323299609105,0.0005784142162218453,-1.2401650753600544,0.2586417510473773,kiri,temporal,7.0,False,0.9746425780990202,4.1336273516619855,-0.055360071682102885,-0.22980026466738024,-0.18749140975061063,,1.5778229030264774
P32,SEMUA,NAIK,12,False,kanal,T5,6.835319944042816,0.33740435947532665,0.27240761794329604,-1.322439533846746,0.3940234827883241,kiri,temporo-posterior,12.0,False,0.9881220632819777,4.1336273516619855,0.2164691320449713,-0.3120747231540719,-0.05210967800966382,,1.5778229030264774
P32,SEMUA,NAIK,12,False,kanal,Fp2,13.204268962169223,0.6979669754626818,0.10610714554257605,-1.4723515323138026,-0.014466623365188003,kanan,frontopolar,12.0,False,0.9871938427028282,12.745313647790397,-0.0017619439304314422,-1.8208925949528931,0.08711430129428599,,1.5778229030264774
P32,SEMUA,NAIK,12,False,kanal,F4,12.28635833341157,0.25212539164116365,0.10855997747988233,0.19307931629723107,-0.6214113862826027,kanan,frontal,12.0,False,0.987344359250019,12.745313647790397,0.0006908880068748346,-0.1554617463418595,-0.5198304616231287,,1.5778229030264774
P32,SEMUA,NAIK,12,False,kanal,C4,13.523086038412877,0.3479877905486224,0.10717820146613266,0.2939362853644685,0.14586705367514385,kanan,sentral,11.0,False,0.9839185310606903,12.745313647790397,-0.0006908880068748346,-0.054604777274622096,0.24744797833461785,,1.5778229030264774
P32,SEMUA,NAIK,12,False,kanal,P4,14.410253959147468,0.6313586842406196,-0.012146857136796085,-0.18266884184139132,0.0453858638201996,kanan,parietal,12.0,False,0.9871449959083707,12.745313647790397,-0.12001594660980358,-0.5312099044804819,0.1469667884796736,,1.5778229030264774
P32,SEMUA,NAIK,12,False,kanal,O2,13.320055134217803,0.33653082362924747,-0.12819594325451378,0.7163262146520175,-0.06709421496506884,kanan,oksipital,11.0,False,0.9801873369134714,12.745313647790397,-0.23606503272752127,0.36778515201292694,0.03448670969440515,,1.5778229030264774
P32,SEMUA,NAIK,12,False,kanal,F8,10.72647887587405,0.17709175121675202,0.620644401996282,0.40314583991371267,-0.8386724720768876,kanan,frontotemporal,11.0,False,0.9908180596926971,12.745313647790397,0.5127753125232746,0.054604777274622096,-0.7370915474174136,,1.5778229030264774
P32,SEMUA,NAIK,12,False,kanal,T4,12.212108469499448,0.19177767147120273,0.8520302902980487,0.9537313314649176,-0.4991544196009292,kanan,temporal,11.0,False,0.9926314994697872,12.745313647790397,0.7441612008250411,0.605190268825827,-0.3975734949414552,,1.5778229030264774
P32,SEMUA,NAIK,12,False,kanal,T6,11.368023235134721,0.36505655620831656,1.991205360138399,1.7191417789878756,-0.13606763435387914,kanan,temporo-posterior,12.0,False,0.9859435922685886,12.745313647790397,1.8833362706653916,1.370600716348785,-0.03448670969440515,,1.5778229030264774
P32,SEMUA,NAIK,12,False,area,frontopolar,12.802697921101306,0.6572685012437989,0.08053819642261373,-1.4776666983315625,-0.054625368757309944,,frontopolar,12.0,False,0.9875234093089053,,,,,True,1.5778229030264774
P32,SEMUA,NAIK,12,False,area,frontal,12.66881501580594,0.5374737985702902,0.3824656667491638,-0.03194968038315116,0.3056794875933251,,frontal,12.0,False,0.9890204611075027,,,,,False,1.5778229030264774
P32,SEMUA,NAIK,12,False,area,frontotemporal,9.825721369026752,0.24304535961437823,0.5506237555485205,0.16647267206278826,-0.2996965104863806,,frontotemporal,12.0,False,0.9876507845212769,,,,,True,1.5778229030264774
P32,SEMUA,NAIK,12,False,area,sentral,12.98851614541006,0.5178334188034499,0.4755489499411869,0.6905732988770481,0.8435955577326337,,sentral,12.0,False,0.9878907701446211,,,,,False,1.5778229030264774
P32,SEMUA,NAIK,12,False,area,temporal,12.980850768019863,0.5669878917108648,0.11672217661637285,0.9893832012541974,0.3403169088154958,,temporal,12.0,False,0.9924250267190667,,,,,True,1.5778229030264774
P32,SEMUA,NAIK,12,False,area,parietal,12.653742065959236,0.608103163982689,-0.19733236558014067,0.5086618010643815,0.8365173453034737,,parietal,12.0,False,0.9886037288586673,,,,,False,1.5778229030264774
P32,SEMUA,NAIK,12,False,area,temporo-posterior,10.170741985822332,0.3664508710861041,1.5708651822000297,0.862739611148966,-0.0521146975996335,,temporo-posterior,12.0,False,0.9846089478511428,,,,,False,1.5778229030264774
P32,SEMUA,NAIK,12,False,area,oksipital,11.102672740581347,0.5989791956554991,-0.19798667117876978,0.16691965392694064,0.7396784821802173,,oksipital,12.0,False,0.9894985108818736,,,,,False,1.5778229030264774
P32,SEMUA,POST,12,False,belahan,kiri,15.74732547763568,0.45062751825006264,1.6539862016626834,-0.11102545310586676,-0.24212318235102379,,,,,,,,,,,1.5778229030264774
P32,SEMUA,POST,12,False,belahan,kanan,21.242715342486775,0.48802418705767836,0.4469145398084684,-0.7413615554422162,-0.7603892317790979,,,,,,,,,,,1.5778229030264774
P32,SEMUA,POST,12,False,kanal,Fp1,15.767216663452203,0.07986631838922986,1.4356345630874783,0.0484595921880282,-0.2890591856013882,kiri,frontopolar,12.0,False,0.976126036191982,15.74732547763568,-0.21835163857520512,0.15948504529389496,-0.04693600325036443,,1.5778229030264774
P32,SEMUA,POST,12,False,kanal,F3,15.607019641281802,0.3516880361701684,1.859523429890432,-1.3813772578631465,0.5374979328339543,kiri,frontal,12.0,False,0.9860155564477916,15.74732547763568,0.20553722822774856,-1.2703518047572797,0.7796211151849781,,1.5778229030264774
P32,SEMUA,POST,12,False,kanal,C3,16.406932520372422,0.5156025820443819,1.4484489734349348,-0.05600204316318802,-0.32049999876443874,kiri,sentral,11.0,False,0.9861481939359323,15.74732547763568,-0.20553722822774856,0.055023409942678736,-0.07837681641341496,,1.5778229030264774
P32,SEMUA,POST,12,False,kanal,P3,15.727434291819158,0.5340994206977636,3.056256966287275,0.8072647830747792,-0.16419425298727963,kiri,parietal,11.0,False,0.9866022990040119,15.74732547763568,1.4022707646245915,0.918290236180646,0.07792892936374415,,1.5778229030264774
P32,SEMUA,POST,12,False,kanal,O1,18.028365426566637,0.6726677866588993,0.4526457432100195,-0.586425609248038,-0.1548766467622107,kiri,oksipital,11.0,False,0.9952126895960842,15.74732547763568,-1.201340458452664,-0.47540015614217124,0.0872465355888131,,1.5778229030264774
P32,SEMUA,POST,12,False,kanal,F7,14.379228912574192,0.12390106008248414,3.632682340323577,-0.0873554259624596,-0.4298922173910392,kiri,frontotemporal,12.0,False,0.9876241923587528,15.74732547763568,1.9786961386608934,0.023670027143407157,-0.18776903504001544,,1.5778229030264774
P32,SEMUA,POST,12,False,kanal,T3,15.61793960181604,0.48233874465317883,1.1033207851773252,-0.1346954802492739,-0.19518717910065936,kiri,temporal,12.0,False,0.9881480461652494,15.74732547763568,-0.5506654164853582,-0.023670027143407157,0.04693600325036443,,1.5778229030264774
P32,SEMUA,POST,12,False,kanal,T5,17.97828217381626,0.41891629184694645,2.3517621584614488,-0.4336885726814774,-0.5447363534629415,kiri,temporo-posterior,12.0,False,0.9926279129330511,15.74732547763568,0.6977759567987654,-0.32266311957561067,-0.30261317111191766,,1.5778229030264774
P32,SEMUA,POST,12,False,kanal,Fp2,20.850823817034765,0.9798511281154059,-0.19769786007712897,-1.413281414242305,-0.5242798499896805,kanan,frontopolar,12.0,False,0.9922882039398746,21.242715342486775,-0.6446123998855974,-0.6719198588000888,0.23610938178941743,,1.5778229030264774
P32,SEMUA,POST,12,False,kanal,F4,20.863464214122388,0.4670547680831012,-0.18957313564363643,-0.9135821347383191,-1.4529841159224604,kanan,frontal,12.0,False,0.9933552431147092,21.242715342486775,-0.6364876754521048,-0.1722205792961029,-0.6925948841433625,,1.5778229030264774
P32,SEMUA,POST,12,False,kanal,C4,22.316679203037978,0.48755750063166015,-0.05275414858670335,-0.7594469930119185,-1.3013335524655953,kanan,sentral,12.0,False,0.9862501780078307,21.242715342486775,-0.49966868839517176,-0.01808543756970238,-0.5409443206864974,,1.5778229030264774
P32,SEMUA,POST,12,False,kanal,P4,22.885979726113128,0.8194741794118505,0.546196009145174,-0.7258418641875157,-0.8240870024959619,kanan,parietal,12.0,False,0.9958490134918946,21.242715342486775,0.09928146933670556,0.01551969125470043,-0.063697770716864,,1.5778229030264774
P32,SEMUA,POST,12,False,kanal,O2,21.210484403196475,0.4683895134209213,0.34763307047176284,0.011183418330809047,-1.1633081883212246,kanan,oksipital,12.0,False,0.993842326958867,21.242715342486775,-0.09928146933670556,0.7525449737730252,-0.4029189565421267,,1.5778229030264774
P32,SEMUA,POST,12,False,kanal,F8,16.815709597456795,0.2576379421698589,1.4573990113870194,-0.7568812466969166,-0.5617321672400136,kanan,frontotemporal,12.0,False,0.9958989725300059,21.242715342486775,1.010484471578551,-0.01551969125470043,0.19865706453908427,,1.5778229030264774
P32,SEMUA,POST,12,False,kanal,T4,21.378167864330237,0.4884908734836966,1.0173457274800808,0.8116922966737472,0.12225892839875674,kanan,temporal,12.0,False,0.9940275662191772,21.242715342486775,0.5704311876716124,1.5530538521159634,0.8826481601778546,,1.5778229030264774
P32,SEMUA,POST,12,False,kanal,T6,21.274946281777076,0.6333349911882566,1.2299904554692014,0.2656508260285575,-0.696691461062234,kanan,temporo-posterior,12.0,False,0.9938879665574788,21.242715342486775,0.783075915660733,1.0070123814707737,0.06369777071686389,,1.5778229030264774
P32,SEMUA,POST,12,False,area,frontopolar,20.517109220837526,0.8967763250833116,-0.1798422979876635,-1.4905209622425746,-0.6627571907271981,,frontopolar,12.0,False,0.9919713505067794,,,,,True,1.5778229030264774
P32,SEMUA,POST,12,False,area,frontal,19.696797999545097,0.5558199958744046,0.5877083626176421,-1.0558538820161463,-0.09970857639856456,,frontal,12.0,False,0.9967596495004482,,,,,False,1.5778229030264774
P32,SEMUA,POST,12,False,area,frontotemporal,16.481338814489078,0.253209289172291,2.0146634945700237,-0.6056899782124763,-0.5619630566911791,,frontotemporal,12.0,False,0.9936911637695343,,,,,True,1.5778229030264774
P32,SEMUA,POST,12,False,area,sentral,21.42696137429862,0.6920794000268338,0.24141361602050382,-0.5410468461619824,-0.5069418564036923,,sentral,12.0,False,0.9943325225846918,,,,,False,1.5778229030264774
P32,SEMUA,POST,12,False,area,temporal,21.13569876703002,0.7358833874733421,0.20898483191214567,0.026327667242768804,0.11295392202297205,,temporal,12.0,False,0.9960791365303833,,,,,True,1.5778229030264774
P32,SEMUA,POST,12,False,area,parietal,20.473557037242976,0.7418519141571365,1.008010399779521,-0.4749241420412287,-0.7167191057531223,,parietal,12.0,False,0.9954327458003113,,,,,False,1.5778229030264774
P32,SEMUA,POST,12,False,area,temporo-posterior,19.920305981273593,0.536035462145726,1.61632969227684,-0.11244798170655157,-0.7369420072275902,,temporo-posterior,12.0,False,0.9962255604972071,,,,,False,1.5778229030264774
P32,SEMUA,POST,12,False,area,oksipital,20.579283548009947,0.716421200506342,0.31713972598888085,-0.4331107300179857,-0.3739304905025359,,oksipital,12.0,False,0.9978665660319835,,,,,False,1.5778229030264774
P32,AGEM KANAN,PRA,4,False,belahan,kiri,13.166756400633481,0.45655895002436164,1.4806647320550401,-0.503928343403151,0.24300270845927663,,,,,,,,,,,1.5778229030264774
P32,AGEM KANAN,PRA,4,False,belahan,kanan,18.479075684575616,0.5772650612068799,0.5231407498198765,-0.938212362300624,-0.28780306053737564,,,,,,,,,,,1.5778229030264774
P32,AGEM KANAN,PRA,4,False,kanal,Fp1,9.986977870846204,-0.19519021323636432,2.5154755002700653,0.4001320823992458,-0.02817245591170614,kiri,frontopolar,3.0,False,0.9511385228914432,13.166756400633481,1.0348107682150252,0.9040604258023968,-0.27117516437098277,,1.5778229030264774
P32,AGEM KANAN,PRA,4,False,kanal,F3,16.08890717540079,0.7571336139965483,0.11827721628227261,0.04856818687437192,0.8417255840823429,kiri,frontal,2.0,True,0.9667432531119956,13.166756400633481,-1.3623875157727676,0.5524965302775229,0.5987228756230663,,1.5778229030264774
P32,AGEM KANAN,PRA,4,False,kanal,C3,13.821280268568103,0.5688889808632467,3.0872242787714015,0.08220848471818831,1.412807837066301,kiri,sentral,2.0,True,0.8966791359061927,13.166756400633481,1.6065595467163614,0.5861368281213393,1.1698051286070243,,1.5778229030264774
P32,AGEM KANAN,PRA,4,False,kanal,P3,12.510039408204172,0.5320472649183423,1.5034593617445957,-0.8639946215490464,0.23029168571143477,kiri,parietal,3.0,False,0.9729013824713282,13.166756400633481,0.02279462968955559,-0.3600662781458954,-0.01271102274784186,,1.5778229030264774
P32,AGEM KANAN,PRA,4,False,kanal,O1,10.246511083920737,0.4249708905775049,2.556428789406073,-1.0011787629690243,0.2557137312071185,kiri,oksipital,4.0,False,0.9480239171549882,13.166756400633481,1.0757640573510328,-0.49725041956587335,0.01271102274784186,,1.5778229030264774
P32,AGEM KANAN,PRA,4,False,kanal,F7,15.165270428552141,0.46185934398497586,1.2668336208925695,-0.5799117362546005,0.8966196949479428,kiri,frontotemporal,3.0,False,0.948542636786231,13.166756400633481,-0.21383111116247067,-0.0759833928514495,0.6536169864886662,,1.5778229030264774
P32,AGEM KANAN,PRA,4,False,kanal,T3,13.694767489322665,0.45125855606374743,-0.11393480764802288,-0.446515413734478,-0.016448624431174674,kiri,temporal,2.0,True,0.9567583003692106,13.166756400633481,-1.594599539703063,0.05741292966867295,-0.2594513328904513,,1.5778229030264774
P32,AGEM KANAN,PRA,4,False,kanal,T5,12.638745311944298,0.2719940616569305,1.4578701023654843,-0.5613412730718239,-0.27561147951789666,kiri,temporo-posterior,4.0,False,0.9420841620289917,13.166756400633481,-0.022794629689555812,-0.05741292966867295,-0.5186141879771733,,1.5778229030264774
P32,AGEM KANAN,PRA,4,False,kanal,Fp2,18.633820859246406,0.882431927535231,1.5376706293524163,-1.7431276710083,0.2132333818316543,kanan,frontopolar,3.0,False,0.9825373489793323,18.479075684575616,1.0145298795325397,-0.8049153087076759,0.5010364423690299,,1.5778229030264774
P32,AGEM KANAN,PRA,4,False,kanal,F4,17.342283855035305,0.2912607638532785,-0.9948057830670382,-1.5455350872941045,-0.5594551256661608,kanan,frontal,4.0,False,0.9685255632189088,18.479075684575616,-1.5179465328869146,-0.6073227249934805,-0.2716520651287852,,1.5778229030264774
P32,AGEM KANAN,PRA,4,False,kanal,C4,22.555185098880898,0.6735106616880289,-0.39351953520261773,-0.9446534847289874,-0.21293822526522166,kanan,sentral,3.0,False,0.9862632303239529,18.479075684575616,-0.9166602850224942,-0.006441122428363366,0.07486483527215398,,1.5778229030264774
P32,AGEM KANAN,PRA,4,False,kanal,P4,23.361582820750648,0.9825428338136855,0.6447060263624488,-0.9317712398722606,-0.2552973419786644,kanan,parietal,3.0,False,0.9851886905355877,18.479075684575616,0.12156527654257232,0.006441122428363366,0.03250571855871126,,1.5778229030264774
P32,AGEM KANAN,PRA,4,False,kanal,O2,21.01603006816955,0.590531610737645,0.40157547327730414,0.3893764769619805,-1.0360033033066394,kanan,oksipital,3.0,False,0.9847151871446542,18.479075684575616,-0.12156527654257232,1.3275888392626045,-0.7482002427692638,,1.5778229030264774
P32,AGEM KANAN,PRA,4,False,kanal,F8,15.230649409211331,0.29616600261183623,0.15527143782662178,-1.355225668074056,0.29929422394176974,kanan,frontotemporal,4.0,False,0.9906735319703306,18.479075684575616,-0.3678693119932547,-0.417013305773432,0.5870972844791453,,1.5778229030264774
P32,AGEM KANAN,PRA,4,False,kanal,T4,18.324330509904826,0.37711470424478843,1.797379729140271,0.7367628180162833,-0.7244350963397761,kanan,temporal,3.0,False,0.9886126356327686,18.479075684575616,1.2742389793203945,1.6749751803169073,-0.43663203580240045,,1.5778229030264774
P32,AGEM KANAN,PRA,4,False,kanal,T6,18.211585487857533,0.5639985116761148,1.8465406649332454,0.18029541010310313,-0.3203087790960869,kanan,temporo-posterior,3.0,False,0.9842098633472915,18.479075684575616,1.3233999151133689,1.1185077724037271,-0.03250571855871126,,1.5778229030264774
P32,AGEM KANAN,PRA,4,False,area,frontopolar,17.063284541739534,0.6501311438856103,1.4014701878079416,-2.189041250442019,-0.8513215955877489,,frontopolar,3.0,False,0.9730004877580024,,,,,True,1.5778229030264774
P32,AGEM KANAN,PRA,4,False,area,frontal,17.918508533194853,0.5856806119277083,-0.47976270266022414,-1.4713432281420422,-0.02942671293091914,,frontal,4.0,False,0.9849905277480904,,,,,False,1.5778229030264774
P32,AGEM KANAN,PRA,4,False,area,frontotemporal,14.557112773851735,0.27630483182237,0.40276214513816355,-1.4199406081487211,-0.0726977327875662,,frontotemporal,4.0,False,0.9927349294059236,,,,,True,1.5778229030264774
P32,AGEM KANAN,PRA,4,False,area,sentral,21.500739874223747,0.7568719560881167,-0.02141795451009898,-1.4748028845887133,-0.5873752730710347,,sentral,3.0,False,0.9794076704363367,,,,,False,1.5778229030264774
P32,AGEM KANAN,PRA,4,False,area,temporal,18.945346126279617,0.6744577395837428,0.5186991718487455,-0.1972903329068867,-0.2929802718363753,,temporal,3.0,False,0.9910530012039075,,,,,True,1.5778229030264774
P32,AGEM KANAN,PRA,4,False,area,parietal,19.17210932304262,0.8084929312482114,1.0690491555578951,-0.7504672277026212,0.005328214449137336,,parietal,3.0,False,0.988772504701215,,,,,False,1.5778229030264774
P32,AGEM KANAN,PRA,4,False,area,temporo-posterior,15.09485164809648,0.40583318898164267,1.662523100080674,-0.33760734751224586,-0.5690541694559113,,temporo-posterior,4.0,False,0.9878797601907839,,,,,False,1.5778229030264774
P32,AGEM KANAN,PRA,4,False,area,oksipital,18.96168404316571,0.8562134079411536,0.3567057330436696,-0.6222477561243833,0.01975758639103864,,oksipital,4.0,False,0.9795817795944672,,,,,False,1.5778229030264774
P32,AGEM KANAN,TURUN,4,False,belahan,kiri,17.714181701932475,0.4241171498730404,-0.0707641509984977,-0.2321289729497411,0.6772791580951638,,,,,,,,,,,1.5778229030264774
P32,AGEM KANAN,TURUN,4,False,belahan,kanan,19.418284539326425,0.23065544783913128,1.6357464772702826,0.2565389030972005,-0.0899547046706739,,,,,,,,,,,1.5778229030264774
P32,AGEM KANAN,TURUN,4,False,kanal,Fp1,20.031128299400798,0.3343065576900086,-0.7300432868369988,-0.8644196399899782,0.7059143254647876,kiri,frontopolar,4.0,False,0.9692550886131092,17.714181701932475,-0.6592791358385011,-0.6322906670402371,0.028635167369623793,,1.5778229030264774
P32,AGEM KANAN,TURUN,4,False,kanal,F3,13.961258005849473,0.32849949947282897,1.9782890597412677,-0.67083983652621,-0.5324686248982399,kiri,frontal,4.0,False,0.973149056146633,17.714181701932475,2.0490532107397654,-0.43871086357646893,-1.2097477829934036,,1.5778229030264774
P32,AGEM KANAN,TURUN,4,False,kanal,C3,15.747900245998466,0.39892357008179613,2.1168825975844143,0.5507735169179755,0.29432013337124363,kiri,sentral,4.0,False,0.9616658885432087,17.714181701932475,2.187646748582912,0.7829024898677166,-0.3829590247239202,,1.5778229030264774
P32,AGEM KANAN,TURUN,4,False,kanal,P3,17.64951033768063,0.6681406739247304,0.11264114254555979,0.8711231686259944,0.6271406758173093,kiri,parietal,4.0,False,0.9539320240354264,17.714181701932475,0.1834052935440575,1.1032521415757355,-0.05013848227785456,,1.5778229030264774
P32,AGEM KANAN,TURUN,4,False,kanal,O1,19.13709374610005,0.73174330909367,-1.0549277472553964,-0.07184236097362717,0.9258083556455019,kiri,oksipital,4.0,False,0.9463246021771479,17.714181701932475,-0.9841635962568986,0.16028661197611394,0.2485291975503381,,1.5778229030264774
P32,AGEM KANAN,TURUN,4,False,kanal,F7,16.260471259816995,0.31580871888071993,-1.4232905398115419,-1.8076077003844073,0.6799385205877491,kiri,frontotemporal,4.0,False,0.884944245940857,17.714181701932475,-1.352526388813044,-1.5754787274346662,0.002659362492585249,,1.5778229030264774
P32,AGEM KANAN,TURUN,4,False,kanal,T3,17.77885306618432,0.7588246086637402,0.46565641827831517,1.3617426903557108,1.9720589766205463,kiri,temporal,4.0,False,0.92639280500349,17.714181701932475,0.5364205692768129,1.593871663305452,1.2947798185253825,,1.5778229030264774
P32,AGEM KANAN,TURUN,4,False,kanal,T5,18.694505139827093,0.44931072966428465,-0.2541694445425552,-0.39241558492585504,0.6746197956025787,kiri,temporo-posterior,4.0,False,0.9445909687013798,17.714181701932475,-0.1834052935440575,-0.16028661197611394,-0.002659362492585138,,1.5778229030264774
P32,AGEM KANAN,TURUN,4,False,kanal,Fp2,20.56779374160387,0.8731213520841616,1.6294922059045707,-0.04065389925638918,1.0811518201238919,kanan,frontopolar,4.0,False,0.9690573701728363,19.418284539326425,-0.006254271365711883,-0.2971928023535897,1.1711065247945658,,1.5778229030264774
P32,AGEM KANAN,TURUN,4,False,kanal,F4,20.133996403635834,0.4162200293965874,0.8238825003288669,0.5537317054507902,-0.516143266428241,kanan,frontal,4.0,False,0.9827480688496422,19.418284539326425,-0.8118639769414157,0.2971928023535897,-0.42618856175756714,,1.5778229030264774
P32,AGEM KANAN,TURUN,4,False,kanal,C4,19.51347269633171,0.1747986015776548,1.6420007486359944,-0.7709688572747098,-0.16573818869621926,kanan,sentral,4.0,False,0.9526228646859646,19.418284539326425,0.006254271365711883,-1.0275077603719103,-0.07578348402554536,,1.5778229030264774
P32,AGEM KANAN,TURUN,4,False,kanal,P4,20.726431561901038,0.5048301413416711,2.3292180419375392,-0.07876426076545195,-0.3221671934974255,kanan,parietal,4.0,False,0.9815774300739445,19.418284539326425,0.6934715646672567,-0.33530316386265246,-0.2322124888267516,,1.5778229030264774
P32,AGEM KANAN,TURUN,4,False,kanal,O2,19.32309638232114,0.23325287759300695,0.32717624226412834,-0.4623693282059662,-0.585511885468708,kanan,oksipital,4.0,False,0.9673176932848471,19.418284539326425,-1.308570235006154,-0.7189082313031667,-0.4955571807980341,,1.5778229030264774
P32,AGEM KANAN,TURUN,4,False,kanal,F8,17.337244433977453,0.2280580180852556,0.4238797982755982,2.574118683404294,0.4752685347481964,kanan,frontotemporal,4.0,False,0.9534176961401657,19.418284539326425,-1.2118666789946844,2.3175797803070934,0.5652232394188703,,1.5778229030264774
P32,AGEM KANAN,TURUN,4,False,kanal,T4,18.05903559267145,0.18303840609563937,2.5870922074671903,0.649120313798464,-0.014171220645128546,kanan,temporal,4.0,False,0.9738827449469,19.418284539326425,0.9513457301969077,0.3925814107012635,0.07578348402554536,,1.5778229030264774
P32,AGEM KANAN,TURUN,4,False,kanal,T6,15.736875608044556,0.15631852250143785,3.1806550906046254,1.376204627128942,-0.013708195248423038,kanan,temporo-posterior,4.0,False,0.9825331875267386,19.418284539326425,1.5449086133343428,1.1196657240317416,0.07624650942225086,,1.5778229030264774
P32,AGEM KANAN,TURUN,4,False,area,frontopolar,20.137342984013102,0.7710724497960317,1.3824172434378523,-0.36844834285383765,0.7405691253025759,,frontopolar,4.0,False,0.9741168143594652,,,,,True,1.5778229030264774
P32,AGEM KANAN,TURUN,4,False,area,frontal,18.99349457258515,0.5287906914368976,1.109856688522652,0.04932034796498996,-0.22951333349359992,,frontal,4.0,False,0.9886368442568092,,,,,False,1.5778229030264774
P32,AGEM KANAN,TURUN,4,False,area,frontotemporal,17.056265365977026,0.2266716681844103,-0.1316496666008593,1.4965900562379693,0.11177674880359811,,frontotemporal,4.0,False,0.9800944963028418,,,,,True,1.5778229030264774
P32,AGEM KANAN,TURUN,4,False,area,sentral,18.16363914481603,0.33009331753592885,2.074354945187048,-0.22106792645954032,0.3381293467908475,,sentral,4.0,False,0.9832134358731545,,,,,False,1.5778229030264774
P32,AGEM KANAN,TURUN,4,False,area,temporal,18.237190100026424,0.5155839182109512,1.6439770753779992,0.8036247524004292,0.9715947901665546,,temporal,4.0,False,0.9865942695338664,,,,,True,1.5778229030264774
P32,AGEM KANAN,TURUN,4,False,area,parietal,19.72514185519769,0.5724635952146957,1.4719597220267833,0.030431419091351497,0.09014892189222001,,parietal,4.0,False,0.9918405837249177,,,,,False,1.5778229030264774
P32,AGEM KANAN,TURUN,4,False,area,temporo-posterior,17.235748393218714,0.2606263256230581,1.5819339343322247,0.24275551110810278,-0.0450539409312154,,temporo-posterior,4.0,False,0.9916651980494011,,,,,False,1.5778229030264774
P32,AGEM KANAN,TURUN,4,False,area,oksipital,18.81092383994683,0.505976155564412,0.2734863240237895,-0.13733767425422716,0.5645114905899608,,oksipital,4.0,False,0.9848804691620915,,,,,False,1.5778229030264774
P32,AGEM KANAN,TAHAN,3,False,belahan,kiri,5.1831100708991436,0.4758481328609059,1.291078870743061,1.2095893679002228,0.672992685821242,,,,,,,,,,,1.5778229030264774
P32,AGEM KANAN,TAHAN,3,False,belahan,kanan,10.025431824260693,-0.09674645201527599,0.7419118132023397,1.6248675911808277,0.47393069660557197,,,,,,,,,,,1.5778229030264774
P32,AGEM KANAN,TAHAN,3,False,kanal,Fp1,15.365670299849612,0.6563823621427145,0.6543465478466198,1.361468074605614,0.6564808992737464,kiri,frontopolar,3.0,False,0.9906107896682783,5.1831100708991436,-0.6367323228964411,0.15187870670539128,-0.016511786547495633,,1.5778229030264774
P32,AGEM KANAN,TAHAN,3,False,kanal,F3,3.6131494701418205,0.050613114339762566,-0.9862725505105296,-0.022900427468656837,0.5919965209690233,kiri,frontal,3.0,False,0.9465784491506889,5.1831100708991436,-2.2773514212535906,-1.2324897953688796,-0.08099616485221872,,1.5778229030264774
P32,AGEM KANAN,TAHAN,3,False,kanal,C3,4.538157588538873,0.6070186387403886,4.007306401548633,1.8912922592181602,0.722789401066177,kiri,sentral,3.0,False,0.985817292917826,5.1831100708991436,2.7162275308055723,0.6817028913179375,0.0497967152449349,,1.5778229030264774
P32,AGEM KANAN,TAHAN,3,False,kanal,P3,5.828062553259414,0.6140204412356753,2.2904337410582056,1.7562204330317246,0.6895044723687378,kiri,parietal,2.0,True,0.9704927613463491,5.1831100708991436,0.9993548703151447,0.5466310651315018,0.016511786547495744,,1.5778229030264774
P32,AGEM KANAN,TAHAN,3,False,kanal,O1,4.256258453139452,0.43068831272849994,-2.2107548732023847,-0.3297390005094578,1.0788939250902518,kiri,oksipital,3.0,False,0.8745887303623511,5.1831100708991436,-3.5018337439454457,-1.5393283684096806,0.4059012392690098,,1.5778229030264774
P32,AGEM KANAN,TAHAN,3,False,kanal,F7,2.3965239045101754,0.0619825448844471,1.774300406510326,1.0577106611948315,0.6290381444946209,kiri,frontotemporal,3.0,False,0.9806461047243619,5.1831100708991436,0.4832215357672651,-0.15187870670539128,-0.04395454132662113,,1.5778229030264774
P32,AGEM KANAN,TAHAN,3,False,kanal,T3,7.243541279877327,0.5210079529933118,0.8576184941760963,0.817547974956859,0.8205820715582375,kiri,temporal,3.0,False,0.9780370465920457,5.1831100708991436,-0.4334603765669647,-0.3920413929433637,0.14758938573699543,,1.5778229030264774
P32,AGEM KANAN,TAHAN,3,False,kanal,T5,5.925426082433127,0.23558088806530542,1.7245392473100258,1.9666973121315072,0.27145669548493545,kiri,temporo-posterior,3.0,False,0.9891090201206671,5.1831100708991436,0.4334603765669649,0.7571079442312845,-0.4015359903363066,,1.5778229030264774
P32,AGEM KANAN,TAHAN,3,False,kanal,Fp2,12.327197867058878,0.4673038654932635,0.6337748140565019,0.3350254939868469,0.6401164982614258,kanan,frontopolar,3.0,False,0.9814712440273835,10.025431824260693,-0.10813699914583774,-1.2898420971939808,0.16618580165585384,,1.5778229030264774
P32,AGEM KANAN,TAHAN,3,False,kanal,F4,10.889773882960974,-0.0944377641236207,0.9152036494569654,1.7427877808079124,-0.4147479266655547,kanan,frontal,3.0,False,0.9817548919375259,10.025431824260693,0.17329183625462574,0.11792018962708473,-0.8886786232711267,,1.5778229030264774
P32,AGEM KANAN,TAHAN,3,False,kanal,C4,4.413012390488554,-0.4661948547371151,2.24712559619033,0.5594977998812127,0.3873544874103043,kanan,sentral,3.0,False,0.9794991641869523,10.025431824260693,1.5052137829879904,-1.065369791299615,-0.08657620919526765,,1.5778229030264774
P32,AGEM KANAN,TAHAN,3,False,kanal,P4,8.668226322378018,0.06910074396021626,0.6050585889367338,2.4948040895624595,0.5605069058008396,kanan,parietal,3.0,False,0.9654152339066153,10.025431824260693,-0.13685322426560587,0.8699364983816318,0.08657620919526765,,1.5778229030264774
P32,AGEM KANAN,TAHAN,3,False,kanal,O2,10.081569527732825,-0.09905513990693127,-0.14244427590576814,2.0892212868814943,-0.28398908495991826,kanan,oksipital,2.0,True,0.9846949227670472,10.025431824260693,-0.8843560891081078,0.46435369570066665,-0.7579197815654902,,1.5778229030264774
P32,AGEM KANAN,TAHAN,3,False,kanal,F8,9.969294120788561,-0.18368353488912548,0.8500488123481775,-0.17435343424159866,-0.2822845036846604,kanan,frontotemporal,3.0,False,0.9856677936310958,10.025431824260693,0.10813699914583785,-1.7992210254224263,-0.7562152002902324,,1.5778229030264774
P32,AGEM KANAN,TAHAN,3,False,kanal,T4,6.365746120521827,-0.20467736157012228,0.612798538911582,1.506947401553743,1.0396915237214284,kanan,temporal,3.0,False,0.9369543469785456,10.025431824260693,-0.1291132742907577,-0.11792018962708473,0.5657608271158564,,1.5778229030264774
P32,AGEM KANAN,TAHAN,3,False,kanal,T6,11.599215998525793,0.3349809836810618,2.7278526200590107,3.711392126373001,1.5090968952678703,kanan,temporo-posterior,3.0,False,0.9755300627314173,10.025431824260693,1.985940806856671,2.086524535192173,1.0351661986622984,,1.5778229030264774
P32,AGEM KANAN,TAHAN,3,False,area,frontopolar,12.517406828408731,0.47547801421816116,0.6339430676619651,0.3426602452000145,0.5929976695967543,,frontopolar,3.0,False,0.9834392623995262,,,,,True,1.5778229030264774
P32,AGEM KANAN,TAHAN,3,False,area,frontal,9.888006610586785,0.12893317103555257,0.8320212899677898,1.5386035119657109,0.36734987123572194,,frontal,3.0,False,0.9836620770646094,,,,,False,1.5778229030264774
P32,AGEM KANAN,TAHAN,3,False,area,frontotemporal,9.643224053169483,-0.024401493784766748,1.0075127670477169,0.18946173695025337,0.016955729948858966,,frontotemporal,3.0,False,0.9858916060826973,,,,,True,1.5778229030264774
P32,AGEM KANAN,TAHAN,3,False,area,sentral,4.5658035956940495,-0.09181022457141919,2.438578356126019,0.6958782512482045,0.9204658042262517,,sentral,3.0,False,0.9832425518853113,,,,,False,1.5778229030264774
P32,AGEM KANAN,TAHAN,3,False,area,temporal,7.857284530747556,0.2567393935316826,0.30158590594612733,1.085710966422917,1.2239668695262718,,temporal,3.0,False,0.9774116881647114,,,,,True,1.5778229030264774
P32,AGEM KANAN,TAHAN,3,False,area,parietal,8.287652746945525,0.1985783055850905,0.44816553334566356,2.5237377377603774,1.197330316913193,,parietal,3.0,False,0.9769596561176005,,,,,False,1.5778229030264774
P32,AGEM KANAN,TAHAN,3,False,area,temporo-posterior,10.467270322076757,0.3454120306990076,2.336343316187606,3.0195493287679844,1.2225038857706365,,temporo-posterior,3.0,False,0.9764544082595203,,,,,False,1.5778229030264774
P32,AGEM KANAN,TAHAN,3,False,area,oksipital,9.260218494366526,0.3891192468106317,-1.091409626404436,1.0890052153861922,0.8138061836507692,,oksipital,3.0,False,0.9591731734197041,,,,,False,1.5778229030264774
P32,AGEM KANAN,NAIK,4,False,belahan,kiri,4.040973903120971,0.17800313285901326,0.0073783465988536134,-0.7075642097234933,0.6216406780554884,,,,,,,,,,,1.5778229030264774
P32,AGEM KANAN,NAIK,4,False,belahan,kanan,11.161125657951416,0.2967669981419553,-0.5687389785386959,-1.1900547441757883,-0.20787393544328903,,,,,,,,,,,1.5778229030264774
P32,AGEM KANAN,NAIK,4,False,kanal,Fp1,8.133260526579527,0.17800313285901326,0.6043069252706418,-0.23224547587938504,0.9272266671404762,kiri,frontopolar,4.0,False,0.9850326889597529,4.040973903120971,0.5969285786717882,0.4753187338441083,0.3055859890849878,,1.5778229030264774
P32,AGEM KANAN,NAIK,4,False,kanal,F3,-2.109852492269418,-0.19383081685029135,-0.04470346186052576,-1.8489067313519283,0.48314251776710504,kiri,frontal,4.0,False,0.9546016306982795,4.040973903120971,-0.052081808459379375,-1.141342521628435,-0.13849816028838335,,1.5778229030264774
P32,AGEM KANAN,NAIK,4,False,kanal,C3,1.4861405971312323,0.05604466080000425,-0.3789715204017985,0.06310404646763512,0.7596923051241998,kiri,sentral,2.0,True,0.9430147244463194,4.040973903120971,-0.3863498670006521,0.7706682561911284,0.13805162706871144,,1.5778229030264774
P32,AGEM KANAN,NAIK,4,False,kanal,P3,,,,,,kiri,parietal,1.0,True,,4.040973903120971,,,,,1.5778229030264774
P32,AGEM KANAN,NAIK,4,False,kanal,O1,8.014920709574803,0.36086501657727377,-1.4932926791808905,-0.7075642097234933,0.6216406780554884,kiri,oksipital,2.0,True,0.9094290111221763,4.040973903120971,-1.5006710257797442,0.0,0.0,,1.5778229030264774
P32,AGEM KANAN,NAIK,4,False,kanal,F7,4.040973903120971,0.09043562633667501,1.8646192502803038,-1.6057649702596102,1.4432212083828166,kiri,frontotemporal,4.0,False,0.9344154980354734,4.040973903120971,1.8572409036814501,-0.8982007605361169,0.8215805303273283,,1.5778229030264774
P32,AGEM KANAN,NAIK,4,False,kanal,T3,1.4429692377849435,0.2639481783671367,0.9477074651395341,0.6474038142208052,0.5945279560303578,kiri,temporal,3.0,False,0.9747122548177063,4.040973903120971,0.9403291185406805,1.3549680239442985,-0.027112722025130598,,1.5778229030264774
P32,AGEM KANAN,NAIK,4,False,kanal,T5,10.225616970591147,0.5793676418256388,0.0073783465988536134,-1.1461801046865152,0.36457379458158223,kiri,temporo-posterior,4.0,False,0.9837211999779701,4.040973903120971,0.0,-0.4386158949630219,-0.25706688347390616,,1.5778229030264774
P32,AGEM KANAN,NAIK,4,False,kanal,Fp2,12.023677514515036,0.6642205338384388,-0.3052649351149789,-1.576639764149538,-0.045894473438779615,kanan,frontopolar,4.0,False,0.9819065771541867,11.161125657951416,0.26347404342371705,-0.3865850199737497,0.1619794620045094,,1.5778229030264774
P32,AGEM KANAN,NAIK,4,False,kanal,F4,10.06365282150054,0.11172133472516865,-0.8510015898267226,0.4959178901164454,-0.9073521026939715,kanan,frontal,4.0,False,0.9788954397649506,11.161125657951416,-0.28226261128802665,1.6859726342922337,-0.6994781672506825,,1.5778229030264774
P32,AGEM KANAN,NAIK,4,False,kanal,C4,10.878526784408429,0.22816970353196853,-0.9713237200762137,-1.550739961506494,0.002187840061960822,kanan,sentral,4.0,False,0.9424269582059808,11.161125657951416,-0.4025847415375178,-0.3606852173307058,0.21006177550524985,,1.5778229030264774
P32,AGEM KANAN,NAIK,4,False,kanal,P4,12.772977999372344,0.5784469280350728,-1.3702849243143485,-1.200340179872502,0.05957111479368993,kanan,parietal,4.0,False,0.9530577781080972,11.161125657951416,-0.8015459457756525,-0.010285435696713696,0.26744505023697895,,1.5778229030264774
P32,AGEM KANAN,NAIK,4,False,kanal,O2,9.396583162692636,0.30800278530801917,-0.832213021962413,-0.702404722129935,-0.32938592132802613,kanan,oksipital,4.0,False,0.9929874564844118,11.161125657951416,-0.26347404342371705,0.4876500220458533,-0.1215119858847371,,1.5778229030264774
P32,AGEM KANAN,NAIK,4,False,kanal,F8,7.403197365480764,0.12979161265614492,1.1694532780180267,-1.3012749839844115,-0.08636194955855192,kanan,frontotemporal,4.0,False,0.9885940652069003,11.161125657951416,1.7381922565567227,-0.11122023980862328,0.1215119858847371,,1.5778229030264774
P32,AGEM KANAN,NAIK,4,False,kanal,T4,13.0624889202142,0.2855312109758914,0.7652277243225242,-1.1797693084790746,-0.7202494978147821,kanan,temporal,4.0,False,0.9667041292491619,11.161125657951416,1.33396670286122,0.010285435696713696,-0.5123755623714931,,1.5778229030264774
P32,AGEM KANAN,NAIK,4,False,kanal,T6,11.443724531494404,0.3632529865791876,1.8826377649920119,-0.10959257980972614,-0.8255629448540618,kanan,temporo-posterior,4.0,False,0.9909678497746687,11.161125657951416,2.451376743530708,1.0804621643660621,-0.6176890094107728,,1.5778229030264774
P32,AGEM KANAN,NAIK,4,False,area,frontopolar,11.858413691988915,0.6400706419654489,-0.27480900342572945,-1.5299122578965099,0.014132547886475333,,frontopolar,4.0,False,0.982643620206382,,,,,True,1.5778229030264774
P32,AGEM KANAN,NAIK,4,False,area,frontal,8.348626686109007,0.24126707039469086,-0.7988734332307995,-0.06866425790633279,-0.3004764028166057,,frontal,4.0,False,0.9787812206781445,,,,,False,1.5778229030264774
P32,AGEM KANAN,NAIK,4,False,area,frontotemporal,6.830392854478966,0.1579960510669789,1.3448597636136383,-1.3190939060956683,0.3688085452917702,,frontotemporal,4.0,False,0.9904019076729891,,,,,True,1.5778229030264774
P32,AGEM KANAN,NAIK,4,False,area,sentral,8.369959429874001,0.2492136078756606,-0.9058373497597261,-1.2280903836854589,0.37884361825233004,,sentral,4.0,False,0.9216325552553212,,,,,False,1.5778229030264774
P32,AGEM KANAN,NAIK,4,False,area,temporal,13.178718557257689,0.6636902990136837,-0.037062138911683196,-1.0560665925470323,-0.3011845664829366,,temporal,4.0,False,0.9764292708426067,,,,,True,1.5778229030264774
P32,AGEM KANAN,NAIK,4,False,area,parietal,10.338271909495461,0.46565620800857954,-1.231151284313503,-0.5326122793217691,0.18409202713364559,,parietal,4.0,False,0.9500317215995198,,,,,False,1.5778229030264774
P32,AGEM KANAN,NAIK,4,False,area,temporo-posterior,10.772267711824433,0.423555186923819,1.611241693153428,-0.36751875728410344,-0.3203584550665268,,temporo-posterior,4.0,False,0.9943358140214227,,,,,False,1.5778229030264774
P32,AGEM KANAN,NAIK,4,False,area,oksipital,8.331227914677491,0.4421935585864969,-1.1233846910798106,-0.9011769797908009,0.528503865449652,,oksipital,4.0,False,0.9802813208132802,,,,,False,1.5778229030264774
P32,AGEM KANAN,POST,4,False,belahan,kiri,18.15702337575893,0.5441014770722529,1.330068035312647,1.080146785177035,0.1664689699829479,,,,,,,,,,,1.5778229030264774
P32,AGEM KANAN,POST,4,False,belahan,kanan,22.80472687345697,0.5691736792819277,-0.5203147833200736,-1.1108882410230845,-0.23361165431653885,,,,,,,,,,,1.5778229030264774
P32,AGEM KANAN,POST,4,False,kanal,Fp1,16.836692638172785,0.049007627616008076,1.351142865434019,0.9695373437142836,-0.1422520781974887,kiri,frontopolar,4.0,False,0.9764001711951839,18.15702337575893,0.0210748301213719,-0.11060944146275142,-0.3087210481804366,,1.5778229030264774
P32,AGEM KANAN,POST,4,False,kanal,F3,17.45121286016522,0.38048871010589824,1.1301372078534593,-0.5428936513960769,0.6187976717086713,kiri,frontal,4.0,False,0.9873136139141147,18.15702337575893,-0.19993082745918778,-1.623040436573112,0.45232870172572337,,1.5778229030264774
P32,AGEM KANAN,POST,4,False,kanal,C3,18.59506623663902,0.6408092466180635,1.3122689892079487,1.277407140087015,0.19265089733527752,kiri,sentral,4.0,False,0.9847356157877379,18.15702337575893,-0.0177990461046984,0.19726035490998006,0.026181927352329604,,1.5778229030264774
P32,AGEM KANAN,POST,4,False,kanal,P3,19.050269196902455,0.7415293299938528,2.7546782280932414,1.2277770128228895,0.1402870426306183,kiri,parietal,4.0,False,0.986845529504057,18.15702337575893,1.4246101927805943,0.14763022764585454,-0.026181927352329604,,1.5778229030264774
P32,AGEM KANAN,POST,4,False,kanal,O1,18.68347416919019,0.6792256618725172,0.30708789845176,1.3519567688291465,0.6857655107668252,kiri,oksipital,4.0,False,0.9880559055598819,18.15702337575893,-1.022980136860887,0.2718099836521115,0.5192965407838773,,1.5778229030264774
P32,AGEM KANAN,POST,4,False,kanal,F7,15.510813714425545,0.12817885836058762,2.7480512063504507,0.6896831355664848,-0.013569544041824422,kiri,frontotemporal,4.0,False,0.9639755423242486,18.15702337575893,1.4179831710378037,-0.39046364961055025,-0.18003851402477233,,1.5778229030264774
P32,AGEM KANAN,POST,4,False,kanal,T3,17.718980514878837,0.5980703488333721,1.3478670814173455,1.1907562266397864,0.3923593660606519,kiri,temporal,4.0,False,0.9857672039260942,18.15702337575893,0.0177990461046984,0.11060944146275142,0.225890396077704,,1.5778229030264774
P32,AGEM KANAN,POST,4,False,kanal,T5,19.85659468354538,0.4901326053111337,0.8399953255376752,0.3418274859299286,-0.02306622867482455,kiri,temporo-posterior,4.0,False,0.9891971482572905,18.15702337575893,-0.49007270977497186,-0.7383192992471064,-0.18953519865777246,,1.5778229030264774
P32,AGEM KANAN,POST,4,False,kanal,Fp2,23.60240986310889,1.1563907600550367,-0.5944461641091575,-1.329817979377557,0.4370991378969269,kanan,frontopolar,4.0,False,0.985440323552169,22.80472687345697,-0.07413138078908388,-0.2189297383544726,0.6707107922134657,,1.5778229030264774
P32,AGEM KANAN,POST,4,False,kanal,F4,21.501261007257952,0.471323523366149,-1.191231320543657,-0.9512918080978094,-0.5867142433853165,kanan,frontal,4.0,False,0.9846586685952953,22.80472687345697,-0.6709165372235835,0.15959643292527503,-0.3531025890687777,,1.5778229030264774
P32,AGEM KANAN,POST,4,False,kanal,C4,23.249642195994028,0.5328459262564238,-0.5188483175465464,-1.760667290740522,-0.04106259408937074,kanan,sentral,4.0,False,0.982755305516952,22.80472687345697,0.0014664657735272701,-0.6497790497174376,0.1925490602271681,,1.5778229030264774
P32,AGEM KANAN,POST,4,False,kanal,P4,24.963618203642618,0.9014058039591146,-0.5217812490936008,-1.667830067281567,-0.3097828615923748,kanan,parietal,4.0,False,0.9850280587865468,22.80472687345697,-0.0014664657735271591,-0.5569418262584824,-0.07617120727583593,,1.5778229030264774
P32,AGEM KANAN,POST,4,False,kanal,O2,23.43735857703213,0.6055014323074317,-0.5723816023418243,-1.221747463948919,-0.49294014798762986,kanan,oksipital,4.0,False,0.9907877522781043,22.80472687345697,-0.0520668190217507,-0.1108592229258345,-0.259328493671091,,1.5778229030264774
P32,AGEM KANAN,POST,4,False,kanal,F8,17.685205401635805,0.2814470720578428,1.2626975209642233,-1.00002901809725,-0.15744044704070292,kanan,frontotemporal,4.0,False,0.9882401993808154,22.80472687345697,1.783012304284297,0.1108592229258345,0.07617120727583593,,1.5778229030264774
P32,AGEM KANAN,POST,4,False,kanal,T4,21.625829263966168,0.36415346233701174,0.6214239165312557,-0.48003299279037526,-0.451779576429973,kanan,temporal,4.0,False,0.9845298748319623,22.80472687345697,1.1417386998513295,0.6308552482327092,-0.21816792211343417,,1.5778229030264774
P32,AGEM KANAN,POST,4,False,kanal,T6,22.359811550919915,0.6155883465991332,-0.05182458155698233,-0.9140113886821277,-0.056108356325448305,kanan,temporo-posterior,4.0,False,0.9861846095916476,22.80472687345697,0.4684902017630913,0.19687685234095675,0.17750329799109055,,1.5778229030264774
P32,AGEM KANAN,POST,4,False,area,frontopolar,23.063807308061442,1.037754949813226,-0.6091017355945028,-1.3428140391375676,0.11336434874933787,,frontopolar,4.0,False,0.9877547517490116,,,,,True,1.5778229030264774
P32,AGEM KANAN,POST,4,False,area,frontal,20.896826950490848,0.5700223544565111,-0.17729158935347933,-0.7812068464270547,0.37552540060171813,,frontal,4.0,False,0.989710292955759,,,,,False,1.5778229030264774
P32,AGEM KANAN,POST,4,False,area,frontotemporal,17.91222193315295,0.3189134937043616,1.476205306089421,-0.3981912882587473,0.07941086182911228,,frontotemporal,4.0,False,0.9907665830305178,,,,,True,1.5778229030264774
P32,AGEM KANAN,POST,4,False,area,sentral,22.606689131293706,0.7074721752746558,-0.22306532158588244,-0.8702995918959133,0.03748269180209762,,sentral,4.0,False,0.9853544772893463,,,,,False,1.5778229030264774
P32,AGEM KANAN,POST,4,False,area,temporal,21.562419022161066,0.6832190312425908,0.45232565212838916,0.12699099985143114,0.24360323643882265,,temporal,4.0,False,0.9897581453677323,,,,,True,1.5778229030264774
P32,AGEM KANAN,POST,4,False,area,parietal,23.025495692514824,0.8645417460964506,0.3957630594468675,-0.7425470757115806,-0.21301020633796852,,parietal,4.0,False,0.9942759380596762,,,,,False,1.5778229030264774
P32,AGEM KANAN,POST,4,False,area,temporo-posterior,21.90817387979135,0.5863641227484708,-0.07033468193572867,-0.701663130807916,-0.2513164814739438,,temporo-posterior,4.0,False,0.9861641056335618,,,,,False,1.5778229030264774
P32,AGEM KANAN,POST,4,False,area,oksipital,22.797414203794098,0.8044668455528674,-0.7171437085479437,-0.4946949785971535,0.050201494086864806,,oksipital,4.0,False,0.9873429286018567,,,,,False,1.5778229030264774
P32,AGEM KIRI,PRA,4,False,belahan,kiri,7.42766260932898,0.1962550814539601,1.8972401593946158,1.3281403158987086,0.36281275515312683,,,,,,,,,,,1.5778229030264774
P32,AGEM KIRI,PRA,4,False,belahan,kanan,10.83303590566053,0.03208307989785408,3.1598487891694007,0.26129864583453677,-0.6364751664320276,,,,,,,,,,,1.5778229030264774
P32,AGEM KIRI,PRA,4,False,kanal,Fp1,9.523426836372238,0.1464753402484602,0.7044151155194839,1.5020098164210336,1.1959637913527694,kiri,frontopolar,4.0,False,0.9094909216044439,7.42766260932898,-1.192825043875132,0.17386950052232497,0.8331510361996426,,1.5778229030264774
P32,AGEM KIRI,PRA,4,False,kanal,F3,5.863685246789693,0.005306465938290872,2.8633065157511295,-0.42368024239667923,-0.24264505292626581,kiri,frontal,4.0,False,0.9524091584431623,7.42766260932898,0.9660663563565137,-1.7518205582953879,-0.6054578080793926,,1.5778229030264774
P32,AGEM KIRI,PRA,4,False,kanal,C3,4.090355588071915,0.13989196760808875,3.6045713652146523,2.4326523936827895,0.32750118746756673,kiri,sentral,4.0,False,0.974223438322299,7.42766260932898,1.7073312058200365,1.104512077784081,-0.0353115676855601,,1.5778229030264774
P32,AGEM KIRI,PRA,4,False,kanal,P3,4.644258719381298,0.19876268963234245,3.09099579546159,0.15736650104251515,-0.018525109026150455,kiri,parietal,4.0,False,0.9595903278868974,7.42766260932898,1.193755636066974,-1.1707738148561935,-0.3813378641792773,,1.5778229030264774
P32,AGEM KIRI,PRA,4,False,kanal,O1,7.139269805466,0.30805177399545913,1.9811356110524634,1.4754809554535955,0.20986420417920348,kiri,oksipital,4.0,False,0.9873383657008783,7.42766260932898,0.08389545165784762,0.14734063955488685,-0.15294855097392335,,1.5778229030264774
P32,AGEM KIRI,PRA,4,False,kanal,F7,13.413263033862151,0.5932739617103213,1.1150664348246138,0.22061073801908204,1.6702403618700217,kiri,frontotemporal,3.0,False,0.9640006955849895,7.42766260932898,-0.782173724570002,-1.1075295778796266,1.3074276067168948,,1.5778229030264774
P32,AGEM KIRI,PRA,4,False,kanal,T3,7.71605541319196,0.5611762696778075,0.8226362056260543,3.1321244900970946,1.87839924920114,kiri,temporal,4.0,False,0.96371565075426,7.42766260932898,-1.0746039537685614,1.803984174198386,1.5155864940480133,,1.5778229030264774
P32,AGEM KIRI,PRA,4,False,kanal,T5,7.8843791510537855,0.19374747327557773,1.8133447077367681,1.1807996763438218,0.39812432283868693,kiri,temporo-posterior,4.0,False,0.9743032622520559,7.42766260932898,-0.08389545165784762,-0.14734063955488685,0.0353115676855601,,1.5778229030264774
P32,AGEM KIRI,PRA,4,False,kanal,Fp2,8.872221423500847,0.39263102839278585,3.542483304977124,-2.7863717240705927,0.05768055861679877,kanan,frontopolar,4.0,False,0.9341098263036409,10.83303590566053,0.3826345158077231,-3.0476703699051297,0.6941557250488264,,1.5778229030264774
P32,AGEM KIRI,PRA,4,False,kanal,F4,14.003856746898677,0.1373104768069624,1.69145610644218,-0.4471259354437427,-0.9761633839521445,kanan,frontal,4.0,False,0.9733549092724917,10.83303590566053,-1.4683926827272207,-0.7084245812782795,-0.3396882175201169,,1.5778229030264774
P32,AGEM KIRI,PRA,4,False,kanal,C4,15.809161657115673,0.23426649353860962,0.6510499291010075,-0.01955480648666086,-0.7223242010722244,kanan,sentral,3.0,False,0.9661509566540887,10.83303590566053,-2.508798860068393,-0.2808534523211976,-0.08584903464019678,,1.5778229030264774
P32,AGEM KIRI,PRA,4,False,kanal,P4,5.286200435705091,-0.3129518190677708,4.463856332108872,0.46748355818573817,-0.6304290893874772,kanan,parietal,3.0,False,0.9511019995668103,10.83303590566053,1.304007542939471,0.2061849123512014,0.006046077044550402,,1.5778229030264774
P32,AGEM KIRI,PRA,4,False,kanal,O2,10.973031641622114,-0.07314431701125423,1.109781754749048,2.1913938675270117,-0.6457950425484336,kanan,oksipital,3.0,False,0.9794503165695927,10.83303590566053,-2.0500670344203527,1.930095221692475,-0.009319876116405945,,1.5778229030264774
P32,AGEM KIRI,PRA,4,False,kanal,F8,12.25767531663589,0.14513932893831916,2.9881088645127707,0.5834588088279173,0.6129813052805184,kanan,frontotemporal,4.0,False,0.9802117449909996,10.83303590566053,-0.17173992465663002,0.32216016299338057,1.249456471712546,,1.5778229030264774
P32,AGEM KIRI,PRA,4,False,kanal,T4,10.693040169698946,-0.12726033771085787,3.3315887138260307,0.05511373348333537,-0.33455650411616156,kanan,temporal,3.0,False,0.9683227561404472,10.83303590566053,0.17173992465663002,-0.2061849123512014,0.30191866231586606,,1.5778229030264774
P32,AGEM KIRI,PRA,4,False,kanal,T6,8.696869166416818,-0.09629985951979081,3.544315950992762,0.703076803257801,-0.6425212434765781,kanan,temporo-posterior,3.0,False,0.9806375340555903,10.83303590566053,0.38446716182336127,0.4417781574232642,-0.006046077044550513,,1.5778229030264774
P32,AGEM KIRI,PRA,4,False,area,frontopolar,9.62746318533145,0.4166127330822045,2.946801262504623,-2.436016576886177,-0.00839751614905948,,frontopolar,4.0,False,0.9529095334907189,,,,,True,1.5778229030264774
P32,AGEM KIRI,PRA,4,False,area,frontal,13.497513952763192,0.3284510318580369,1.6198583573896057,-0.8055675444121819,-0.4989968835429528,,frontal,4.0,False,0.9843735264112995,,,,,False,1.5778229030264774
P32,AGEM KIRI,PRA,4,False,area,frontotemporal,13.183127115737314,0.30958520416889,3.034198479162601,0.7136867167521279,0.6706068414711823,,frontotemporal,4.0,False,0.9841361373189352,,,,,True,1.5778229030264774
P32,AGEM KIRI,PRA,4,False,area,sentral,11.980644214299943,0.33697173185396956,1.674220902183533,0.7205826698037225,-0.05392022552192488,,sentral,4.0,False,0.9854416812834621,,,,,False,1.5778229030264774
P32,AGEM KIRI,PRA,4,False,area,temporal,11.605755248258447,0.4211734705420478,1.8410519182133767,0.7304985354763103,0.5683931241976795,,temporal,4.0,False,0.9792110408669642,,,,,True,1.5778229030264774
P32,AGEM KIRI,PRA,4,False,area,parietal,4.253496457636231,-0.11709254965402838,4.053103253696648,0.6468136664320245,-0.01441088047804473,,parietal,4.0,False,0.9667472788785316,,,,,False,1.5778229030264774
P32,AGEM KIRI,PRA,4,False,area,temporo-posterior,7.552616750449211,-0.02403772104056512,3.0039242918233473,0.7330825451658538,-0.48005988913790837,,temporo-posterior,4.0,False,0.9847894696855918,,,,,False,1.5778229030264774
P32,AGEM KIRI,PRA,4,False,area,oksipital,10.396557280727144,0.28778424449656437,1.195268020989712,1.4427950548188138,0.034563063210708345,,oksipital,4.0,False,0.985391996339491,,,,,False,1.5778229030264774
P32,AGEM KIRI,TURUN,4,False,belahan,kiri,18.582459470490704,0.7285602391564793,1.4410713791466003,0.03421451397808206,1.3929730041417714,,,,,,,,,,,1.5778229030264774
P32,AGEM KIRI,TURUN,4,False,belahan,kanan,14.43320710667389,0.21500528003495667,2.4527669450661174,1.7182914655505777,0.15088283926553347,,,,,,,,,,,1.5778229030264774
P32,AGEM KIRI,TURUN,4,False,kanal,Fp1,23.48989883620537,0.8186908923428258,-0.5031675388389223,0.5273809170882702,1.3607375460265962,kiri,frontopolar,4.0,False,0.8848608202860252,18.582459470490704,-1.9442389179855226,0.4931664031101881,-0.03223545811517514,,1.5778229030264774
P32,AGEM KIRI,TURUN,4,False,kanal,F3,20.386396175799348,1.0060624746692388,1.2046278345374013,-2.669768881611078,2.457946661530359,kiri,frontal,4.0,False,0.9521284669967583,18.582459470490704,-0.23644354460919903,-2.7039833955891597,1.0649736573885877,,1.5778229030264774
P32,AGEM KIRI,TURUN,4,False,kanal,C3,18.09433343077444,0.7574153513774033,2.889164960324056,-0.8372854342309748,0.42758813156635,kiri,sentral,4.0,False,0.9838294999885665,18.582459470490704,1.4480935811774556,-0.8714999482090569,-0.9653848725754214,,1.5778229030264774
P32,AGEM KIRI,TURUN,4,False,kanal,P3,14.584447546130342,0.2221838352989811,1.6775149237557996,0.05064996732757665,1.5982169912002722,kiri,parietal,4.0,False,0.979870328328609,18.582459470490704,0.23644354460919925,0.01643545334949459,0.20524398705850078,,1.5778229030264774
P32,AGEM KIRI,TURUN,4,False,kanal,O1,19.070585510206968,0.8073490543868742,1.1608276403886642,0.017779060628587473,2.0315396713461067,kiri,oksipital,4.0,False,0.9766784868574475,18.582459470490704,-0.2802437387579362,-0.01643545334949459,0.6385666672043353,,1.5778229030264774
P32,AGEM KIRI,TURUN,4,False,kanal,F7,16.223061075737817,0.4857092960171192,5.394890200922678,-1.2712558408985775,1.4252084622569465,kiri,frontotemporal,4.0,False,0.9695846783326192,18.582459470490704,3.9538188217760775,-1.3054703548766595,0.03223545811517514,,1.5778229030264774
P32,AGEM KIRI,TURUN,4,False,kanal,T3,10.91338209300833,0.13298399459140797,1.1697306967903964,0.8177204337383834,1.1329279764231361,kiri,temporal,4.0,False,0.9332691506060556,18.582459470490704,-0.2713406823562039,0.7835059197603014,-0.26004502771863525,,1.5778229030264774
P32,AGEM KIRI,TURUN,4,False,kanal,T5,19.84549072526336,0.6997051269355552,3.07943392265362,0.607026713062258,0.6375325830653783,kiri,temporo-posterior,4.0,False,0.975869144165839,18.582459470490704,1.6383625435070197,0.5728121990841759,-0.7554404210763931,,1.5778229030264774
P32,AGEM KIRI,TURUN,4,False,kanal,Fp2,14.391411555894216,0.35130829305744093,2.254303401496474,0.5116524317766764,0.5420989016036892,kanan,frontopolar,4.0,False,0.9657306609246881,14.43320710667389,-0.19846354356964335,-1.2066390337739012,0.39121606233815576,,1.5778229030264774
P32,AGEM KIRI,TURUN,4,False,kanal,F4,12.50679137953307,-0.19653273691111584,1.9667049577206015,0.7454395400239235,-0.30106878023209394,kanan,frontal,4.0,False,0.9526727392539859,14.43320710667389,-0.48606198734551587,-0.9728519255266541,-0.4519516194976274,,1.5778229030264774
P32,AGEM KIRI,TURUN,4,False,kanal,C4,18.152772128294465,0.20150489666085902,1.9309614679105114,2.330448722740738,0.08661183833816377,kanan,sentral,4.0,False,0.9317449302011839,14.43320710667389,-0.521805477155606,0.6121572571901603,-0.0642710009273697,,1.5778229030264774
P32,AGEM KIRI,TURUN,4,False,kanal,P4,18.055485667932068,0.3357323916186725,1.371778267067731,1.1061342083604173,0.21515384019290318,kanan,parietal,4.0,False,0.949302507582356,14.43320710667389,-1.0809886779983864,-0.6121572571901603,0.0642710009273697,,1.5778229030264774
P32,AGEM KIRI,TURUN,4,False,kanal,O2,13.0440640928242,-0.32464039320909555,3.2528289637586068,2.8368927939091186,-0.641132205392511,kanan,oksipital,3.0,False,0.9475304573193168,14.43320710667389,0.8000620186924894,1.118601328358541,-0.7920150446580445,,1.5778229030264774
P32,AGEM KIRI,TURUN,4,False,kanal,F8,14.475002657453565,0.38768719822973874,3.5905884257893805,0.820670094321494,0.5735957223428596,kanan,frontotemporal,4.0,False,0.9762962252663312,14.43320710667389,1.1378214807232632,-0.8976213712290837,0.42271288307732613,,1.5778229030264774
P32,AGEM KIRI,TURUN,4,False,kanal,T4,10.676336263819081,-0.32571818832266963,2.6512304886357603,4.5708189933028756,0.5550254289572893,kanan,temporal,4.0,False,0.949357707950025,14.43320710667389,0.1984635435696429,2.852527527752298,0.40414258969175587,,1.5778229030264774
P32,AGEM KIRI,TURUN,4,False,kanal,T6,16.059381717086964,0.22850566340905432,3.0265700496548282,2.435289730205513,-0.3286458873287037,kanan,temporo-posterior,4.0,False,0.9680521543631961,14.43320710667389,0.5738031045887109,0.7169982646549353,-0.4795287265942372,,1.5778229030264774
P32,AGEM KIRI,TURUN,4,False,area,frontopolar,15.18968126283157,0.3853644342114073,1.9892193630083532,0.3807282055115895,0.4647836446506599,,frontopolar,4.0,False,0.96873727298712,,,,,True,1.5778229030264774
P32,AGEM KIRI,TURUN,4,False,area,frontal,14.603820688420768,0.15173455414784298,1.649128031235358,-0.8302905634941409,-0.028478040978670016,,frontal,4.0,False,0.9671643566747006,,,,,False,1.5778229030264774
P32,AGEM KIRI,TURUN,4,False,area,frontotemporal,13.12289300375069,0.1764450182802655,4.938950963299074,-0.2339124017010219,-0.09828734435228981,,frontotemporal,4.0,False,0.9740024831919167,,,,,True,1.5778229030264774
P32,AGEM KIRI,TURUN,4,False,area,sentral,18.519438150875366,0.4880341845168563,2.2057347215041423,1.407100430067644,0.40275252866288236,,sentral,4.0,False,0.9832445700487586,,,,,False,1.5778229030264774
P32,AGEM KIRI,TURUN,4,False,area,temporal,11.006723168747271,-0.10457639301930377,1.475106952974754,2.5654495267203856,0.2452692600335572,,temporal,4.0,False,0.9439936726607969,,,,,True,1.5778229030264774
P32,AGEM KIRI,TURUN,4,False,area,parietal,17.15535363195373,0.30823717373831316,1.0127445313537942,0.2766249661788467,0.5718401084995078,,parietal,4.0,False,0.9868415662131588,,,,,False,1.5778229030264774
P32,AGEM KIRI,TURUN,4,False,area,temporo-posterior,17.40588451754192,0.3740275554595025,2.919125359084611,1.507970958816386,-0.18880983497957604,,temporo-posterior,4.0,False,0.9872973882860878,,,,,False,1.5778229030264774
P32,AGEM KIRI,TURUN,4,False,area,oksipital,18.382179213155688,0.41978243949458216,1.287211872050238,0.36712247564001643,0.19439890235580792,,oksipital,4.0,False,0.9709470239148049,,,,,False,1.5778229030264774
P32,AGEM KIRI,TAHAN,4,False,belahan,kiri,3.925615379312557,-0.021153024903269424,0.36713380403543605,0.460965771707345,0.6440097513416022,,,,,,,,,,,1.5778229030264774
P32,AGEM KIRI,TAHAN,4,False,belahan,kanan,15.057757684083892,0.5364645190546891,1.4034296527655168,1.1007055020646972,-0.09088462228685346,,,,,,,,,,,1.5778229030264774
P32,AGEM KIRI,TAHAN,4,False,kanal,Fp1,8.078598528288708,-0.02691546233098241,0.3422837768625314,0.5629512224656779,1.9542392549091776,kiri,frontopolar,4.0,False,0.9509508643276628,3.925615379312557,-0.024850027172904632,0.10198545075833287,1.3102295035675753,,1.5778229030264774
P32,AGEM KIRI,TAHAN,4,False,kanal,F3,-0.5795818510897348,-0.11394730837250155,-0.7720604064751341,1.4566201838931887,0.5239727439686263,kiri,frontal,4.0,False,0.9158356610560698,3.925615379312557,-1.1391942105105701,0.9956544121858437,-0.12003700737297596,,1.5778229030264774
P32,AGEM KIRI,TAHAN,4,False,kanal,C3,4.277971361459947,-0.015390587475556439,0.3919838312083407,0.7492891819145582,1.1141911683720576,kiri,sentral,3.0,False,0.9258583063777432,3.925615379312557,0.024850027172904632,0.2883234102072132,0.47018141703045535,,1.5778229030264774
P32,AGEM KIRI,TAHAN,4,False,kanal,P3,3.8402619601864174,0.07933977792143598,0.5102712530884657,0.03555614640386917,0.7080717877764,kiri,parietal,3.0,False,0.7788641287410949,3.925615379312557,0.1431374490530296,-0.4254096253034758,0.0640620364347978,,1.5778229030264774
P32,AGEM KIRI,TAHAN,4,False,kanal,O1,1.2162110347695432,-0.13790114884651417,-0.6906204345557154,-0.7912842377103719,0.5799477149068044,kiri,oksipital,4.0,False,0.9012644599984287,3.925615379312557,-1.0577542385911514,-1.252250009417717,-0.0640620364347978,,1.5778229030264774
P32,AGEM KIRI,TAHAN,4,False,kanal,F7,4.010968798438697,-0.1946860337630716,3.6348980628737664,0.3589803209490121,-0.627243701599101,kiri,frontotemporal,4.0,False,0.9738257806895032,3.925615379312557,3.2677642588383304,-0.10198545075833287,-1.2712534529407034,,1.5778229030264774
P32,AGEM KIRI,TAHAN,4,False,kanal,T3,2.217193323185839,-0.009821073940175284,-0.1922791829616599,1.0290964426979117,1.4777429291353894,kiri,temporal,4.0,False,0.9110222408310477,3.925615379312557,-0.559412986997096,0.5681306709905667,0.8337331777937872,,1.5778229030264774
P32,AGEM KIRI,TAHAN,4,False,kanal,T5,9.734717405440414,0.26457545422618356,1.480412984184523,-1.7671855627466377,0.08338949491302383,kiri,temporo-posterior,4.0,False,0.9701832273474938,3.925615379312557,1.113279180149087,-2.2281513344539827,-0.5606202564285784,,1.5778229030264774
P32,AGEM KIRI,TAHAN,4,False,kanal,Fp2,13.106567806171867,0.5644665547215473,1.2231825250728439,1.326271422136462,0.882447266216573,kanan,frontopolar,4.0,False,0.9633887748299803,15.057757684083892,-0.18024712769267293,0.2255659200717648,0.9733318885034264,,1.5778229030264774
P32,AGEM KIRI,TAHAN,4,False,kanal,F4,13.300646919434385,0.2723313374673684,1.0999269598109347,0.5723998207461056,-0.20814532001196073,kanan,frontal,4.0,False,0.9767005606579667,15.057757684083892,-0.3035026929545821,-0.5283056813185916,-0.11726069772510728,,1.5778229030264774
P32,AGEM KIRI,TAHAN,4,False,kanal,C4,13.67047090342193,0.3780478493555208,1.5836767804581897,1.3428362794179796,0.011005020203606275,kanan,sentral,4.0,False,0.9299542652309891,15.057757684083892,0.18024712769267293,0.24213077735328237,0.10188964249045973,,1.5778229030264774
P32,AGEM KIRI,TAHAN,4,False,kanal,P4,17.257826079783953,0.7841584289142542,1.603838976873964,1.839343367316292,0.569024052485114,kanan,parietal,4.0,False,0.9720652219786444,15.057757684083892,0.20040932410844725,0.7386378652515948,0.6599086747719675,,1.5778229030264774
P32,AGEM KIRI,TAHAN,4,False,kanal,O2,14.605555464731161,0.13678297376673743,0.5055453148598604,-0.05210483607499272,-0.9164712317948686,kanan,oksipital,3.0,False,0.9329461532170233,15.057757684083892,-0.8978843379056564,-1.15281033813969,-0.8255866095080151,,1.5778229030264774
P32,AGEM KIRI,TAHAN,4,False,kanal,F8,17.799234076431482,0.6344775873658199,1.071920788796027,0.8751395819929324,0.4146972904385424,kanan,frontotemporal,4.0,False,0.9821861227792182,15.057757684083892,-0.33150886396948986,-0.2255659200717648,0.5055819127253959,,1.5778229030264774
P32,AGEM KIRI,TAHAN,4,False,kanal,T4,16.641813153695473,0.5084624833878308,2.131575472714921,0.7318380658858792,-0.21925051425887165,kanan,temporal,3.0,False,0.966948578061879,15.057757684083892,0.7281458199494044,-0.368867436178818,-0.1283658919720182,,1.5778229030264774
P32,AGEM KIRI,TAHAN,4,False,kanal,T6,15.509959903436624,0.7052913768076978,3.204069354155388,2.4223639410826006,-0.1927742647773132,kanan,temporo-posterior,4.0,False,0.9631240655993989,15.057757684083892,1.8006397013898714,1.3216584390179034,-0.10188964249045973,,1.5778229030264774
P32,AGEM KIRI,TAHAN,4,False,area,frontopolar,12.946833716577686,0.5360134190599044,1.1518543884517873,1.217926365734883,0.9132135310009462,,frontopolar,4.0,False,0.964823802311855,,,,,True,1.5778229030264774
P32,AGEM KIRI,TAHAN,4,False,area,frontal,11.27123982047003,0.40930768599905676,1.2883548318630096,0.6901796058710818,0.5240021263903927,,frontal,4.0,False,0.9761885186747099,,,,,False,1.5778229030264774
P32,AGEM KIRI,TAHAN,4,False,area,frontotemporal,16.695520165417257,0.6017332811887337,0.8862479726855432,0.40399153746851635,-0.1198676524181963,,frontotemporal,4.0,False,0.9820758918920797,,,,,True,1.5778229030264774
P32,AGEM KIRI,TAHAN,4,False,area,sentral,12.777928346529379,0.4434796764071731,1.3700824928307003,1.5411701089179495,1.043403296290372,,sentral,4.0,False,0.971255549946024,,,,,False,1.5778229030264774
P32,AGEM KIRI,TAHAN,4,False,area,temporal,13.101915857803775,0.5398408021919572,0.9119576878721614,0.22975398699722582,0.647394657402606,,temporal,4.0,False,0.9695181079488678,,,,,True,1.5778229030264774
P32,AGEM KIRI,TAHAN,4,False,area,parietal,16.755227155350703,0.8453274282542547,1.361620249207357,1.5535810602345124,1.047825123232053,,parietal,4.0,False,0.976746914530629,,,,,False,1.5778229030264774
P32,AGEM KIRI,TAHAN,4,False,area,temporo-posterior,14.45373316087796,0.6070088481146025,2.3770468105076645,0.7510585631507647,-0.2128833991882425,,temporo-posterior,4.0,False,0.9739869899705124,,,,,False,1.5778229030264774
P32,AGEM KIRI,TAHAN,4,False,area,oksipital,8.674551555053135,0.09871892566659923,1.3576536205974155,-0.20267982955197095,-0.03379619966367775,,oksipital,4.0,False,0.9473339277204281,,,,,False,1.5778229030264774
P32,AGEM KIRI,NAIK,4,False,belahan,kiri,-1.0558049967300391,-0.050272526757342395,0.8044119945549152,-0.4388335561471133,0.8592539235834185,,,,,,,,,,,1.5778229030264774
P32,AGEM KIRI,NAIK,4,False,belahan,kanan,15.005935222354914,0.3321639143816224,1.101836090564607,0.8957613593295701,0.2874996582106326,,,,,,,,,,,1.5778229030264774
P32,AGEM KIRI,NAIK,4,False,kanal,Fp1,6.283026606899057,0.020892825928398695,0.5042728689494402,-0.7814327756733066,1.0078424188678694,kiri,frontopolar,4.0,False,0.9434940886020686,-1.0558049967300391,-0.30013912560547495,-0.3425992195261933,0.14858849528445095,,1.5778229030264774
P32,AGEM KIRI,NAIK,4,False,kanal,F3,-0.9227067692041189,-0.12143787944308349,1.1752664121719336,0.936974282196072,0.7106654282989674,kiri,frontal,3.0,False,0.9794683677393379,-1.0558049967300391,0.37085441761701843,1.3758078383431853,-0.14858849528445106,,1.5778229030264774
P32,AGEM KIRI,NAIK,4,False,kanal,C3,-2.339861297069014,-0.33332261530436147,4.432455631144263,0.5468162557706178,1.3153193058754322,kiri,sentral,2.0,True,0.6581602477103399,-1.0558049967300391,3.628043636589348,0.985649811917731,0.45606538229201377,,1.5778229030264774
P32,AGEM KIRI,NAIK,4,False,kanal,P3,-8.21828738767939,-0.5897207275625982,0.4284222604181537,-0.09623433662091996,0.3565714238777349,kiri,parietal,2.0,True,0.6918984252930156,-1.0558049967300391,-0.3759897341367615,0.3425992195261933,-0.5026824997056836,,1.5778229030264774
P32,AGEM KIRI,NAIK,4,False,kanal,O1,-3.3839323141075965,0.12892380237509937,1.4798720824257217,1.041240809280624,0.4408718218105898,kiri,oksipital,3.0,False,0.9780250058050575,-1.0558049967300391,0.6754600878708065,1.4800743654277373,-0.41838210177282864,,1.5778229030264774
P32,AGEM KIRI,NAIK,4,False,kanal,F7,5.644318594968041,0.2525171719998893,0.013777302262576452,-1.7803134329469463,2.3453700400716557,kiri,frontotemporal,4.0,False,0.8949478897550976,-1.0558049967300391,-0.7906346922923387,-1.341479876799833,1.4861161164882373,,1.5778229030264774
P32,AGEM KIRI,NAIK,4,False,kanal,T3,-1.1889032242559594,-0.37948602489127015,1.1045511201603901,-1.1881643023473858,0.5859977079086756,kiri,temporal,2.0,True,0.9224647915645002,-1.0558049967300391,0.30013912560547495,-0.7493307462002725,-0.2732562156747429,,1.5778229030264774
P32,AGEM KIRI,NAIK,4,False,kanal,T5,7.799440892907228,0.4027511112370634,-0.010527008389661918,-1.1329154797943324,1.484488664938639,kiri,temporo-posterior,4.0,False,0.9650748842431465,-1.0558049967300391,-0.8149390029445771,-0.6940819236472191,0.6252347413552206,,1.5778229030264774
P32,AGEM KIRI,NAIK,4,False,kanal,Fp2,16.081272960864567,0.8289123343452562,1.0193214743025552,-0.8308733780198834,0.4474928692699396,kanan,frontopolar,4.0,False,0.9812312282559774,15.005935222354914,-0.08251461626205181,-1.7266347373494535,0.15999321105930697,,1.5778229030264774
P32,AGEM KIRI,NAIK,4,False,kanal,F4,14.849024150210433,0.3153586495109384,1.1049675811965547,0.1921799632409078,-0.23226928471849306,kanan,frontal,4.0,False,0.9785314118513609,15.005935222354914,0.003131490631947731,-0.7035813960886623,-0.5197689429291257,,1.5778229030264774
P32,AGEM KIRI,NAIK,4,False,kanal,C4,15.162846294499396,0.3402147406870015,1.5801670301304616,1.131714871012373,0.397515366167843,kanan,sentral,4.0,False,0.975180476857713,15.005935222354914,0.4783309395658546,0.23595351168280287,0.11001570795721038,,1.5778229030264774
P32,AGEM KIRI,NAIK,4,False,kanal,P4,17.84121690985696,0.7361547258673169,0.8348355587860584,0.44381726450839043,0.4818341881241395,kanan,parietal,4.0,False,0.9720020875606075,15.005935222354914,-0.26700053177854854,-0.4519440948211797,0.19433452991350686,,1.5778229030264774
P32,AGEM KIRI,NAIK,4,False,kanal,O2,15.45969211262019,0.30588414529834407,0.17131869119008714,1.1150697552151607,0.17748395025342223,kanan,oksipital,4.0,False,0.9687928716634125,15.005935222354914,-0.9305173993745198,0.2193083958855906,-0.11001570795721038,,1.5778229030264774
P32,AGEM KIRI,NAIK,4,False,kanal,F8,13.877599126822894,0.3241130880762433,1.0987045999326595,0.6764529634439795,-0.6662814242027701,kanan,frontotemporal,4.0,False,0.9907129545559409,15.005935222354914,-0.003131490631947509,-0.2193083958855906,-0.9537810824134028,,1.5778229030264774
P32,AGEM KIRI,NAIK,4,False,kanal,T4,12.877270817690523,0.14627075064575168,1.3276850869162167,1.9484924892778808,-0.07595052859915508,kanan,temporal,4.0,False,0.9915201195828023,15.005935222354914,0.2258489963516097,1.0527311299483106,-0.3634501868097877,,1.5778229030264774
P32,AGEM KIRI,NAIK,4,False,kanal,T6,14.363926586290447,0.4896841529861251,2.4905419144938805,2.794888773238739,0.5476763057728404,kanan,temporo-posterior,4.0,False,0.9755122560136884,15.005935222354914,1.3887058239292736,1.899127413909169,0.2601766475622078,,1.5778229030264774
P32,AGEM KIRI,NAIK,4,False,area,frontopolar,15.59417809202845,0.780366303510148,0.9584177231104729,-0.8738764047881049,0.39253754703862986,,frontopolar,4.0,False,0.9815504725671093,,,,,True,1.5778229030264774
P32,AGEM KIRI,NAIK,4,False,area,frontal,15.130174424895657,0.5882635210215978,1.4722721077999985,-0.18777530888308425,0.5209873504741604,,frontal,4.0,False,0.9840211885470921,,,,,False,1.5778229030264774
P32,AGEM KIRI,NAIK,4,False,area,frontotemporal,12.879299850838272,0.3653950230348717,1.020405839025662,0.44251360642610216,-0.37304708041279944,,frontotemporal,4.0,False,0.9917188571252348,,,,,True,1.5778229030264774
P32,AGEM KIRI,NAIK,4,False,area,sentral,15.906484770429202,0.5460212678256127,1.5940704976512643,1.1343679759435141,0.9066981797311482,,sentral,4.0,False,0.9785409190797384,,,,,False,1.5778229030264774
P32,AGEM KIRI,NAIK,4,False,area,temporal,15.17147584974282,0.566195905445624,0.4531021546712921,1.5079752731946532,0.6899867122738291,,temporal,4.0,False,0.9914719317487185,,,,,True,1.5778229030264774
P32,AGEM KIRI,NAIK,4,False,area,parietal,15.561997460484235,0.6785343488047273,0.7378846281641049,1.137506481756129,1.2428536941300634,,parietal,4.0,False,0.9667281331794481,,,,,False,1.5778229030264774
P32,AGEM KIRI,NAIK,4,False,area,temporo-posterior,13.146944271604688,0.5082767698053716,1.9393212196438636,1.8765206508143293,0.700833338276955,,temporo-posterior,4.0,False,0.9637114546738886,,,,,False,1.5778229030264774
P32,AGEM KIRI,NAIK,4,False,area,oksipital,13.350795922850601,0.6383226151171302,0.38888438174477624,0.9470468224034296,1.2610659229300563,,oksipital,4.0,False,0.9708584239098047,,,,,False,1.5778229030264774
P32,AGEM KIRI,POST,4,False,belahan,kiri,16.531419820397822,0.353278886860232,2.821979567047488,-0.6407632452241621,0.07473391250307021,,,,,,,,,,,1.5778229030264774
P32,AGEM KIRI,POST,4,False,belahan,kanan,22.690565542077287,0.6376729724794574,1.6236779367943455,0.5877399270007384,-0.8977102794816643,,,,,,,,,,,1.5778229030264774
P32,AGEM KIRI,POST,4,False,kanal,Fp1,17.277589233915464,0.10248226277803507,2.0189973171475497,-0.7091483258286155,-0.18379996821508138,kiri,frontopolar,4.0,False,0.9385899409498454,16.531419820397822,-0.8029822498999382,-0.06838508060445347,-0.2585338807181516,,1.5778229030264774
P32,AGEM KIRI,POST,4,False,kanal,F3,16.389688466842998,0.29434999690776387,2.7355267983630718,-2.1095288486833628,0.634824767713483,kiri,frontal,4.0,False,0.9716644919491199,16.531419820397822,-0.08645276868441609,-1.4687656034592007,0.5600908552104127,,1.5778229030264774
P32,AGEM KIRI,POST,4,False,kanal,C3,14.985039096830434,0.33642653532218225,2.4844539646297417,-0.5723781646197086,0.07418829712055541,kiri,sentral,4.0,False,0.9793458114493054,16.531419820397822,-0.3375256024177462,0.06838508060445347,-0.0005456153825147969,,1.5778229030264774
P32,AGEM KIRI,POST,4,False,kanal,P3,15.2505610396369,0.37013123839828177,3.179024224058029,0.309323870802102,-0.4496000462098785,kiri,parietal,4.0,False,0.9718878376138121,16.531419820397822,0.3570446570105412,0.9500871160262641,-0.5243339587129487,,1.5778229030264774
P32,AGEM KIRI,POST,4,False,kanal,O1,17.106255071622854,0.6643754282537397,2.9084323357319044,-1.0231894393361438,1.1101472746642922,kiri,oksipital,4.0,False,0.9802184675736433,16.531419820397822,0.08645276868441654,-0.38242619411198175,1.035413362161222,,1.5778229030264774
P32,AGEM KIRI,POST,4,False,kanal,F7,15.547907899949635,0.18413820685995552,5.280960900636015,0.28781139769086117,0.07527952788558501,kiri,frontotemporal,4.0,False,0.9846964180234472,16.531419820397822,2.458981333588527,0.9285746429150232,0.0005456153825147969,,1.5778229030264774
P32,AGEM KIRI,POST,4,False,kanal,T3,16.673151173952647,0.4386609878318235,1.3857515031112413,-0.7880805013941128,0.01763973290172427,kiri,temporal,4.0,False,0.9821087055853728,16.531419820397822,-1.4362280639362466,-0.14731725616995073,-0.05709417960134594,,1.5778229030264774
P32,AGEM KIRI,POST,4,False,kanal,T5,19.17031201943697,0.48006656982578266,4.380876540207624,-0.16047253334023814,0.157186046675014,kiri,temporo-posterior,4.0,False,0.9622498254784863,16.531419820397822,1.5588969731601363,0.4802907118839239,0.0824521341719438,,1.5778229030264774
P32,AGEM KIRI,POST,4,False,kanal,Fp2,21.65742244171001,1.032002149867814,1.2389229918134053,-0.6237506171746299,-1.110190246876814,kanan,frontopolar,4.0,False,0.9688171068145346,22.690565542077287,-0.3847549449809402,-1.2114905441753683,-0.21247996739514963,,1.5778229030264774
P32,AGEM KIRI,POST,4,False,kanal,F4,22.504245619926238,0.610433455893785,1.5375049475889053,0.25376225722603873,-1.0160219046567662,kanan,frontal,4.0,False,0.9890972699204498,22.690565542077287,-0.08617298920544014,-0.33397766977469967,-0.11831162517510196,,1.5778229030264774
P32,AGEM KIRI,POST,4,False,kanal,C4,24.61602326780323,0.6387075754489053,1.2021216105869292,0.9217175967754381,-0.8863909176886404,kanan,sentral,4.0,False,0.9814934071962326,22.690565542077287,-0.42155632620741623,0.33397766977469967,0.011319361793023841,,1.5778229030264774
P32,AGEM KIRI,POST,4,False,kanal,P4,25.499259640393753,0.9766245183305184,1.566376012751141,0.14067891570154556,-0.76093828351497,kanan,parietal,4.0,False,0.9938729448858096,22.690565542077287,-0.057301924043204444,-0.44706101129919285,0.13677199596669432,,1.5778229030264774
P32,AGEM KIRI,POST,4,False,kanal,O2,22.876885464228337,0.5685202650143852,1.787796359978013,1.908725529850459,-0.5202316199144732,kanan,oksipital,4.0,False,0.9894834039652332,22.690565542077287,0.16411842318366743,1.3209856028497207,0.37747865956719107,,1.5778229030264774
P32,AGEM KIRI,POST,4,False,kanal,F8,18.54554538551998,0.37016729294733985,1.7987831113340946,-0.6788475383621937,-0.9090296412746881,kanan,frontotemporal,4.0,False,0.992201972073493,22.690565542077287,0.17510517453974916,-1.266587465362932,-0.011319361793023841,,1.5778229030264774
P32,AGEM KIRI,POST,4,False,kanal,T4,23.781984754219536,0.6545015696472842,1.68097986083755,1.8921616446022642,0.763263850742181,kanan,temporal,4.0,False,0.9897700600646477,22.690565542077287,0.057301924043204444,1.3044217176015258,1.6609741302238452,,1.5778229030264774
P32,AGEM KIRI,POST,4,False,kanal,T6,21.941117681800847,0.6366383695100095,3.3485531182442267,1.7944756210104078,-0.9634542304995624,kanan,temporo-posterior,4.0,False,0.981875297962541,22.690565542077287,1.7248751814498813,1.2067356940096694,-0.0657439510178981,,1.5778229030264774
P32,AGEM KIRI,POST,4,False,area,frontopolar,20.80003395207644,0.8838356576554784,1.3000986514174928,-0.883835372571462,-1.215546835486316,,frontopolar,4.0,False,0.9707267987529826,,,,,True,1.5778229030264774
P32,AGEM KIRI,POST,4,False,area,frontal,20.654304737554085,0.5439247609961675,1.7533282768976703,-0.9666544347747008,-0.13348269430889903,,frontal,4.0,False,0.991025939917229,,,,,False,1.5778229030264774
P32,AGEM KIRI,POST,4,False,area,frontotemporal,17.882297195052914,0.3347462328003641,2.9168492815874423,-0.4207058367219245,-0.5374456647097667,,frontotemporal,4.0,False,0.9952917890900449,,,,,True,1.5778229030264774
P32,AGEM KIRI,POST,4,False,area,sentral,22.327516614138162,0.6639821421724719,1.2379059219857358,0.1439047796854358,-0.6628812654436009,,sentral,4.0,False,0.9904025522616278,,,,,False,1.5778229030264774
P32,AGEM KIRI,POST,4,False,area,temporal,22.13752146511945,0.7222495729129972,0.8833955010364447,0.4008480705210804,0.3313006327638226,,temporal,4.0,False,0.9949744372627165,,,,,True,1.5778229030264774
P32,AGEM KIRI,POST,4,False,area,parietal,22.631226951178938,0.8651096802438527,1.7941389282262643,0.24023752120284803,-0.2312434548135206,,parietal,4.0,False,0.9944362611085356,,,,,False,1.5778229030264774
P32,AGEM KIRI,POST,4,False,area,temporo-posterior,20.724322638994416,0.5266391405551818,3.51674643495683,0.7141422960669108,-0.8820738132898428,,temporo-posterior,4.0,False,0.9889209399534182,,,,,False,1.5778229030264774
P32,AGEM KIRI,POST,4,False,area,oksipital,21.150113877776747,0.683135736003134,1.6965223258938145,0.11113835620334189,-0.2243944128507847,,oksipital,4.0,False,0.995848790141288,,,,,False,1.5778229030264774
P32,NGEED,PRA,4,False,belahan,kiri,7.67048706349928,0.4540567653096538,2.283108954789882,0.8282719569246186,0.2606563507867057,,,,,,,,,,,1.5778229030264774
P32,NGEED,PRA,4,False,belahan,kanan,6.468871171101558,0.27618171091139043,0.5498754171339417,0.5822595734381417,-0.5319578461747261,,,,,,,,,,,1.5778229030264774
P32,NGEED,PRA,4,False,kanal,Fp1,8.46618265574466,0.32390543173878816,2.2874300788963544,1.3944850494548873,0.6265758456000906,kiri,frontopolar,3.0,False,0.9556767627656578,7.67048706349928,0.0043211241064722294,0.5662130925302686,0.3659194948133849,,1.5778229030264774
P32,NGEED,PRA,4,False,kanal,F3,7.765509192004977,0.6695598747342681,1.1522498273263113,0.5865519527691667,0.8671079843943598,kiri,frontal,3.0,False,0.967769372748098,7.67048706349928,-1.1308591274635709,-0.24172000415545192,0.6064516336076541,,1.5778229030264774
P32,NGEED,PRA,4,False,kanal,C3,5.168778366320623,0.39023419361337064,2.2787878306834095,0.7979048446831416,0.21095501765926938,kiri,sentral,3.0,False,0.9472090534705496,7.67048706349928,-0.0043211241064726735,-0.030367112241477034,-0.0497013331274363,,1.5778229030264774
P32,NGEED,PRA,4,False,kanal,P3,3.313564910333774,0.29063867054461645,3.3932009030366026,1.670788697285618,0.12302964724593224,kiri,parietal,3.0,False,0.9290517731304986,7.67048706349928,1.1100919482467204,0.8425167403609994,-0.13762670354077344,,1.5778229030264774
P32,NGEED,PRA,4,False,kanal,O1,8.263438431461203,0.5625413774533794,1.9471871257013156,0.8586390691660957,0.310357683914142,kiri,oksipital,3.0,False,0.9292754105816087,7.67048706349928,-0.3359218290885666,0.030367112241477034,0.0497013331274363,,1.5778229030264774
P32,NGEED,PRA,4,False,kanal,F7,7.950546181563524,0.6848366528611016,3.910551566789457,0.5137960763717455,0.6083966473209723,kiri,frontotemporal,3.0,False,0.9716159574267367,7.67048706349928,1.6274426119995749,-0.3144758805528731,0.34774029653426664,,1.5778229030264774
P32,NGEED,PRA,4,False,kanal,T3,3.8673479288546773,0.30324791473623947,0.8381474591350724,0.34814872420691634,-0.05006289800037067,kiri,temporal,3.0,False,0.9222036255006717,7.67048706349928,-1.4449614956548098,-0.4801232327177023,-0.31071924878707635,,1.5778229030264774
P32,NGEED,PRA,4,False,kanal,T5,7.575464934993583,0.5178793370059369,3.5804081581158544,0.9386732388342369,0.06872356011109504,kiri,temporo-posterior,3.0,False,0.9392767364914322,7.67048706349928,1.2972992033259723,0.11040128190961829,-0.19193279067561064,,1.5778229030264774
P32,NGEED,PRA,4,False,kanal,Fp2,6.161583612624781,0.47418663408583606,0.7590993391812956,2.4002380459111414,0.7393387091820989,kanan,frontopolar,3.0,False,0.9552896410046909,6.468871171101558,0.20922392204735385,1.8179784724729997,1.271296555356825,,1.5778229030264774
P32,NGEED,PRA,4,False,kanal,F4,7.558300720535826,0.3124858089873874,1.562613906337046,0.05090850557067128,-1.3948191374314591,kanan,frontal,4.0,False,0.9753145489099956,6.468871171101558,1.0127384892031044,-0.5313510678674704,-0.862861291256733,,1.5778229030264774
P32,NGEED,PRA,4,False,kanal,C4,2.2457843490178675,-0.04261330751023573,0.340651495086588,1.552871289681657,-0.304429888618442,kanan,sentral,3.0,False,0.9726953945560504,6.468871171101558,-0.20922392204735374,0.9706117162435153,0.22752795755628408,,1.5778229030264774
P32,NGEED,PRA,4,False,kanal,P4,7.399741758911283,0.6261345886378302,-0.5991364872508187,-0.9284993156555825,-0.5115173577663641,kanan,parietal,3.0,False,0.9708007229843635,6.468871171101558,-1.1490119043847604,-1.5107588890937242,0.02044048840836199,,1.5778229030264774
P32,NGEED,PRA,4,False,kanal,O2,2.365783913816948,0.11172043148089772,-1.304258408251084,0.28405596272362743,-0.6794271480299141,kanan,oksipital,3.0,False,0.9474671668736014,6.468871171101558,-1.8541338253850257,-0.2982036107145143,-0.14746930185518803,,1.5778229030264774
P32,NGEED,PRA,4,False,kanal,F8,6.776158729578334,0.23987761283539344,-1.1359687472944113,0.8600199998472013,0.3133646018380891,kanan,frontotemporal,4.0,False,0.9457684531040434,6.468871171101558,-1.685844164428353,0.2777604264090596,0.8453224480128152,,1.5778229030264774
P32,NGEED,PRA,4,False,kanal,T4,-0.40562953866295004,-0.029626700607372713,2.3541934412251337,0.33514635983026597,-0.5634437474217023,kanan,temporal,3.0,False,0.9783501716911094,6.468871171101558,1.804318024091192,-0.24711321360787575,-0.031485901246976256,,1.5778229030264774
P32,NGEED,PRA,4,False,kanal,T6,7.525486439095872,0.6846292195473533,1.6212724977216038,0.8293727870460175,-0.5523983345830882,kanan,temporo-posterior,3.0,False,0.9834749069323651,6.468871171101558,1.071397080587662,0.24711321360787575,-0.0204404884083621,,1.5778229030264774
P32,NGEED,PRA,4,False,area,frontopolar,7.248741805334205,0.5275976898629346,0.7512427187552928,2.014896020229319,0.6376567625635199,,frontopolar,3.0,False,0.9603033116179032,,,,,True,1.5778229030264774
P32,NGEED,PRA,4,False,area,frontal,8.473985923216347,0.5433090395701958,1.7456953690979589,0.5395893447231503,-0.18078420244519433,,frontal,4.0,False,0.9854834501105455,,,,,False,1.5778229030264774
P32,NGEED,PRA,4,False,area,frontotemporal,8.345367383585227,0.43356641277479757,-0.2757599141803274,0.5449366481028579,0.5285175654691916,,frontotemporal,4.0,False,0.9734853348225985,,,,,True,1.5778229030264774
P32,NGEED,PRA,4,False,area,sentral,5.235830288969048,0.30030585797937603,1.1892288666443278,0.7850751594978962,-0.016379423804972815,,sentral,3.0,False,0.9810209782983754,,,,,False,1.5778229030264774
P32,NGEED,PRA,4,False,area,temporal,2.848229099956015,0.22489472416185508,1.181994364345359,0.34940455174271623,-0.1554713773457499,,temporal,3.0,False,0.95203023715992,,,,,True,1.5778229030264774
P32,NGEED,PRA,4,False,area,parietal,6.943696073172433,0.5679168091026809,0.899048620686399,0.07336406586889854,-0.21089496531295637,,parietal,3.0,False,0.9713772762115367,,,,,False,1.5778229030264774
P32,NGEED,PRA,4,False,area,temporo-posterior,11.295263683215289,0.9235876659460003,1.337698338644796,0.4495867406902132,0.39366163567989754,,temporo-posterior,3.0,False,0.9700023573977822,,,,,False,1.5778229030264774
P32,NGEED,PRA,4,False,area,oksipital,6.418004406216134,0.40885765156402964,1.2720182157735531,0.050809423884814464,-0.17190487928390913,,oksipital,4.0,False,0.9632571746633508,,,,,False,1.5778229030264774
P32,NGEED,TURUN,4,False,belahan,kiri,7.130863866661567,0.4661930907080659,1.5912208119753435,0.419706043858165,0.04147451267488539,,,,,,,,,,,1.5778229030264774
P32,NGEED,TURUN,4,False,belahan,kanan,19.08607637077134,0.5920179268098964,0.9642386952029616,1.0168160653261578,1.6707464400412975,,,,,,,,,,,1.5778229030264774
P32,NGEED,TURUN,4,False,kanal,Fp1,5.373316280771164,-0.13182587048260697,0.512396508379675,1.403948967511496,-0.09228629268901611,kiri,frontopolar,4.0,False,0.9477018519939775,7.130863866661567,-1.0788243035956686,0.984242923653331,-0.1337608053639015,,1.5778229030264774
P32,NGEED,TURUN,4,False,kanal,F3,4.853942539230083,0.3539978834261328,-0.6744269750651832,-0.5944652751115611,-0.10386303365449923,kiri,frontal,4.0,False,0.9635653945737446,7.130863866661567,-2.2656477870405265,-1.0141713189697261,-0.14533754632938461,,1.5778229030264774
P32,NGEED,TURUN,4,False,kanal,C3,12.001604726871186,1.0879978815691724,5.377214744410949,4.656088406032626,1.9902791029842466,kiri,sentral,4.0,False,0.9795986170028929,7.130863866661567,3.7859939324356056,4.236382362174461,1.9488045903093612,,1.5778229030264774
P32,NGEED,TURUN,4,False,kanal,P3,5.549703641856375,0.47116696874184694,2.5345009590088856,2.2444465393057835,0.09415046927444859,kiri,parietal,4.0,False,0.9813051842008315,7.130863866661567,0.9432801470335421,1.8247404954476185,0.0526759565995632,,1.5778229030264774
P32,NGEED,TURUN,4,False,kanal,O1,10.502937533617967,0.7869642615067878,2.165773707387826,-0.6218952050231787,0.32745410492886473,kiri,oksipital,4.0,False,0.9615497814941196,7.130863866661567,0.5745528954124823,-1.0416012488813438,0.28597959225397934,,1.5778229030264774
P32,NGEED,TURUN,4,False,kanal,F7,8.277329069399755,0.33327205977744634,3.4623708953304666,0.13976973265309756,-0.18207987440584006,kiri,frontotemporal,3.0,False,0.9517313279185621,7.130863866661567,1.8711500833551231,-0.27993631120506746,-0.22355438708072545,,1.5778229030264774
P32,NGEED,TURUN,4,False,kanal,T3,5.984398663923379,0.4612192126742849,0.13835523825967255,0.6996423550632325,0.5567172370334434,kiri,temporal,4.0,False,0.9446135306426414,7.130863866661567,-1.452865573715671,0.27993631120506746,0.515242724358558,,1.5778229030264774
P32,NGEED,TURUN,4,False,kanal,T5,10.97481776185586,0.49157793189660137,1.0166679165628612,-0.12908211414346749,-0.011201443924677812,kiri,temporo-posterior,4.0,False,0.9865057962139681,7.130863866661567,-0.5745528954124823,-0.5487881580016325,-0.0526759565995632,,1.5778229030264774
P32,NGEED,TURUN,4,False,kanal,Fp2,17.883872576914563,0.8758780465189704,0.6671032181480835,1.195225171154818,1.5190928229131722,kanan,frontopolar,3.0,False,0.983272935302277,19.08607637077134,-0.2971354770548781,0.17840910582866032,-0.1516536171281253,,1.5778229030264774
P32,NGEED,TURUN,4,False,kanal,F4,17.959168773041938,0.5698471660753603,0.922796817099642,-0.4002005770794117,2.0804137681435084,kanan,frontal,3.0,False,0.98628890147748,19.08607637077134,-0.04144187810331956,-1.4170166424055695,0.40966732810221096,,1.5778229030264774
P32,NGEED,TURUN,4,False,kanal,C4,19.16022025561724,0.5145209293986357,-0.33034594813196594,0.8384069594974974,1.5365919104293408,kanan,sentral,3.0,False,0.9695755474429253,19.08607637077134,-1.2945846433349275,-0.17840910582866032,-0.13415452961195662,,1.5778229030264774
P32,NGEED,TURUN,4,False,kanal,P4,21.318772086670705,1.0503049236829949,1.276567229264744,1.918767155615242,2.531624752212651,kanan,parietal,3.0,False,0.9873793227502291,19.08607637077134,0.3123285340617825,0.9019510902890842,0.8608783121713537,,1.5778229030264774
P32,NGEED,TURUN,4,False,kanal,O2,19.011932485925442,0.457268142933019,-0.40956088070980445,2.228657555708499,1.1972088539016763,kanan,oksipital,3.0,False,0.9483318223638407,19.08607637077134,-1.373799575912766,1.2118414903823411,-0.47353758613962116,,1.5778229030264774
P32,NGEED,TURUN,4,False,kanal,F8,6.814089939644724,-0.32502424640085437,1.0056805733062812,-0.2820864978423061,0.1857861131987677,kanan,frontotemporal,4.0,False,0.9830624382107794,19.08607637077134,0.041441878103319674,-1.2989025631684639,-1.4849603268425298,,1.5778229030264774
P32,NGEED,TURUN,4,False,kanal,T4,19.97358139379324,0.6141886875444325,1.1217364991747107,0.7424193035208311,2.5801796744296337,kanan,temporal,3.0,False,0.9830076661922262,19.08607637077134,0.15749780397174917,-0.2743967618053267,0.9094332343883362,,1.5778229030264774
P32,NGEED,TURUN,4,False,kanal,T6,20.117092314998963,0.7621902838124912,1.6356609914665747,1.3856368933722454,1.8049009696532539,kanan,temporo-posterior,3.0,False,0.9741857044586363,19.08607637077134,0.6714222962636132,0.3688208280460876,0.1341545296119564,,1.5778229030264774
P32,NGEED,TURUN,4,False,area,frontopolar,16.032806841005147,0.8178159343588536,0.6639122209404813,1.1908655596983744,1.4387005407135383,,frontopolar,4.0,False,0.984197967075331,,,,,True,1.5778229030264774
P32,NGEED,TURUN,4,False,area,frontal,15.385227074504037,0.7585992757614237,0.817766284449431,-0.36122245689741206,2.4485582378641544,,frontal,4.0,False,0.9892075919889332,,,,,False,1.5778229030264774
P32,NGEED,TURUN,4,False,area,frontotemporal,7.963477495804561,-0.07727496355762109,1.2800071668804647,-0.10399391091848642,0.3512428311792828,,frontotemporal,4.0,False,0.9847273166978069,,,,,True,1.5778229030264774
P32,NGEED,TURUN,4,False,area,sentral,17.54526871358992,0.8174600804122756,0.3736888502750946,1.0563968401645214,1.8368209320380746,,sentral,4.0,False,0.9638925068302011,,,,,False,1.5778229030264774
P32,NGEED,TURUN,4,False,area,temporal,17.75003449955244,0.9198309847046722,0.1137356794794675,0.391178448819657,2.5274708003564617,,temporal,4.0,False,0.9865975485701342,,,,,True,1.5778229030264774
P32,NGEED,TURUN,4,False,area,parietal,17.10994371568963,1.009879243924855,1.145044735036087,1.9977258025291658,2.6372886960885356,,parietal,4.0,False,0.9873485204388223,,,,,False,1.5778229030264774
P32,NGEED,TURUN,4,False,area,temporo-posterior,17.548971264768866,0.7523723694358104,1.2121304974444869,0.7574529910485501,1.4422615820291171,,temporo-posterior,4.0,False,0.9777584063459152,,,,,False,1.5778229030264774
P32,NGEED,TURUN,4,False,area,oksipital,16.431453833663276,0.7460648727565815,-0.0299070340952301,1.3179809016120605,1.5875585916575141,,oksipital,4.0,False,0.9683458663176161,,,,,False,1.5778229030264774
P32,NGEED,TAHAN,4,False,belahan,kiri,0.5261856742406188,0.32918325248407954,-0.34154493911566525,-0.1787194133306742,0.5716670479481658,,,,,,,,,,,1.5778229030264774
P32,NGEED,TAHAN,4,False,belahan,kanan,9.850633488140286,0.2624390761700707,0.7134035605887334,5.708065429574376,0.5380162766211883,,,,,,,,,,,1.5778229030264774
P32,NGEED,TAHAN,4,False,kanal,Fp1,0.36886122195555515,-0.17444157419636985,-0.18691448264489374,0.4869846666161344,0.5343096160078286,kiri,frontopolar,4.0,False,0.9173479436722055,0.5261856742406188,0.1546304564707715,0.6657040799468086,-0.03735743194033725,,1.5778229030264774
P32,NGEED,TAHAN,4,False,kanal,F3,-1.8288800335400524,0.26555264475139806,-0.5763451388032892,-1.1809846303888185,0.758479918764639,kiri,frontal,2.0,True,0.9385701941894473,0.5261856742406188,-0.23480019968762394,-1.0022652170581443,0.18681287081647324,,1.5778229030264774
P32,NGEED,TAHAN,4,False,kanal,C3,,,,,,kiri,sentral,1.0,True,,0.5261856742406188,,,,,1.5778229030264774
P32,NGEED,TAHAN,4,False,kanal,P3,,,,,,kiri,parietal,1.0,True,,0.5261856742406188,,,,,1.5778229030264774
P32,NGEED,TAHAN,4,False,kanal,O1,2.162690104912542,0.4778185533080883,-0.8571528125241867,-1.3477690184354105,1.2480601750925047,kiri,oksipital,3.0,False,0.960118322270675,0.5261856742406188,-0.5156078734085214,-1.1690496051047363,0.6763931271443389,,1.5778229030264774
P32,NGEED,TAHAN,4,False,kanal,F7,-2.8430214862263625,0.1681635049053447,0.5292253046021828,0.6146391616047153,0.609024479888503,kiri,frontotemporal,4.0,False,0.9533879785442512,0.5261856742406188,0.870770243717848,0.7933585749353895,0.03735743194033714,,1.5778229030264774
P32,NGEED,TAHAN,4,False,kanal,T3,0.6835101265256824,0.392813860216761,0.2354570797885991,-0.8444234932774828,0.2390120946735449,kiri,temporal,2.0,True,0.8514142082889327,0.5261856742406188,0.5770020189042644,-0.6657040799468086,-0.3326549532746209,,1.5778229030264774
P32,NGEED,TAHAN,4,False,kanal,T5,3.2509960222380982,0.48611424874977693,-0.49617539558643675,1.8403790509410327,0.13334885600510937,kiri,temporo-posterior,4.0,False,0.9706440635294642,0.5261856742406188,-0.1546304564707715,2.019098464271707,-0.43831819194305643,,1.5778229030264774
P32,NGEED,TAHAN,4,False,kanal,Fp2,5.017481957262454,0.12739129244091196,1.2824296386450733,3.843451141507683,-0.21545542788012884,kanan,frontopolar,3.0,False,0.9410407454777123,9.850633488140286,0.5690260780563399,-1.8646142880666927,-0.7534717045013172,,1.5778229030264774
P32,NGEED,TAHAN,4,False,kanal,F4,7.737463036564378,0.04922453080269973,0.2841281676601143,5.097264414962754,0.14497689071068898,kanan,frontal,3.0,False,0.9841925662935227,9.850633488140286,-0.42927539292861916,-0.6108010146116216,-0.39303938591049936,,1.5778229030264774
P32,NGEED,TAHAN,4,False,kanal,C4,9.685700231788388,0.20908889821556365,0.5326925369424695,6.255169916084275,1.2931216414558158,kanan,sentral,3.0,False,0.9660856771494405,9.850633488140286,-0.1807110236462639,0.5471044865098991,0.7551053648346274,,1.5778229030264774
P32,NGEED,TAHAN,4,False,kanal,P4,10.015566744492183,0.4772932038333284,0.8605259029040918,5.653214497544509,0.1636828947061495,kanan,parietal,3.0,False,0.9761861304905479,9.850633488140286,0.14712234231535837,-0.054850932029866684,-0.37433338191503884,,1.5778229030264774
P32,NGEED,TAHAN,4,False,kanal,O2,10.953237122228188,0.28598676011740953,-0.5568342716262242,6.073416730645477,0.3874369311840242,kanan,oksipital,3.0,False,0.9701011844639288,9.850633488140286,-1.2702378322149577,0.3653513010711018,-0.1505793454371641,,1.5778229030264774
P32,NGEED,TAHAN,4,False,kanal,F8,6.577655590857816,0.2388913922227318,1.1726321091702718,4.434382378905585,0.9259460387290597,kanan,frontotemporal,4.0,False,0.9690376709045345,9.850633488140286,0.4592285485815384,-1.2736830506687902,0.38792976210787133,,1.5778229030264774
P32,NGEED,TAHAN,4,False,kanal,T4,11.392305293190802,0.30313330284489437,0.8919876755312434,5.762916361604242,1.1916483282500097,kanan,temporal,3.0,False,0.9758197459363406,9.850633488140286,0.17858411494250992,0.054850932029866684,0.6536320516288213,,1.5778229030264774
P32,NGEED,TAHAN,4,False,kanal,T6,10.958690616038318,0.4734480951960338,0.5662812182733751,5.911459442191918,0.6885956220583525,kanan,temporo-posterior,3.0,False,0.9887156978086312,9.850633488140286,-0.14712234231535837,0.20339401261754286,0.1505793454371641,,1.5778229030264774
P32,NGEED,TAHAN,4,False,area,frontopolar,3.7197721415024887,0.11756956809275021,1.1574907544496844,3.7056765871536683,-0.2007669315277113,,frontopolar,4.0,False,0.944159980111732,,,,,True,1.5778229030264774
P32,NGEED,TAHAN,4,False,area,frontal,8.136349443299189,0.3111425492987705,0.3918420041909182,5.084482036626338,1.0611154816461459,,frontal,4.0,False,0.9854930762318113,,,,,False,1.5778229030264774
P32,NGEED,TAHAN,4,False,area,frontotemporal,5.344109407964943,0.27533821975163697,1.269336273807899,4.279299162909329,0.6820163184670924,,frontotemporal,4.0,False,0.9635913859736772,,,,,True,1.5778229030264774
P32,NGEED,TAHAN,4,False,area,sentral,10.028099430451775,0.4718202614734379,0.6667057506927621,6.039323353845402,1.8852522668412917,,sentral,4.0,False,0.9690169197312615,,,,,False,1.5778229030264774
P32,NGEED,TAHAN,4,False,area,temporal,12.356222708035311,0.6945695904423248,-0.018704008790131343,5.215458239059705,1.6423796158265267,,temporal,4.0,False,0.9814124872224542,,,,,True,1.5778229030264774
P32,NGEED,TAHAN,4,False,area,parietal,9.009830175450638,0.5141634361275766,0.7806552233963943,5.529993783371273,0.6964400806022523,,parietal,4.0,False,0.9783308575443337,,,,,False,1.5778229030264774
P32,NGEED,TAHAN,4,False,area,temporo-posterior,8.733551714800306,0.5323064309080383,0.2697467603713266,5.107431098528783,0.7731791539854601,,temporo-posterior,4.0,False,0.9905741480813985,,,,,False,1.5778229030264774
P32,NGEED,TAHAN,4,False,area,oksipital,8.02897682395529,0.5107146448237188,-0.49285944365671963,4.471330055023984,1.004422481417779,,oksipital,4.0,False,0.9794588308593819,,,,,False,1.5778229030264774
P32,NGEED,NAIK,4,False,belahan,kiri,2.3040864135556802,0.3866627606675843,1.4978762400933547,0.835178220031787,1.2252463985267998,,,,,,,,,,,1.5778229030264774
P32,NGEED,NAIK,4,False,belahan,kanan,4.4398998752347865,0.11804305946492288,0.7889003490949005,3.567025505586021,0.8703890396244779,,,,,,,,,,,1.5778229030264774
P32,NGEED,NAIK,4,False,kanal,Fp1,-0.46003316422331864,-0.05004612196842295,1.4978762400933547,0.835178220031787,1.2252463985267998,kiri,frontopolar,4.0,False,0.9454933188397507,2.3040864135556802,0.0,0.0,0.0,,1.5778229030264774
P32,NGEED,NAIK,4,False,kanal,F3,,,,,,kiri,frontal,1.0,True,,2.3040864135556802,,,,,1.5778229030264774
P32,NGEED,NAIK,4,False,kanal,C3,,,,,,kiri,sentral,1.0,True,,2.3040864135556802,,,,,1.5778229030264774
P32,NGEED,NAIK,4,False,kanal,P3,,,,,,kiri,parietal,1.0,True,,2.3040864135556802,,,,,1.5778229030264774
P32,NGEED,NAIK,4,False,kanal,O1,2.593313962117172,0.6994672295017521,3.1803289842066245,1.2019468406365474,0.8191525230921843,kiri,oksipital,3.0,False,0.8606573133791657,2.3040864135556802,1.6824527441132697,0.36676862060476045,-0.4060938754346155,,1.5778229030264774
P32,NGEED,NAIK,4,False,kanal,F7,2.3040864135556802,0.11364633883501174,2.1292986300158105,1.6008215931324559,2.5815808779614624,kiri,frontotemporal,4.0,False,0.9012873150469721,2.3040864135556802,0.6314223899224558,0.7656433731006689,1.3563344794346626,,1.5778229030264774
P32,NGEED,NAIK,4,False,kanal,T3,-0.9022783105774792,0.3866627606675843,-1.3338654127641854,-0.8537391921970858,1.7564948027169587,kiri,temporal,2.0,True,0.8184380854303974,2.3040864135556802,-2.83174165285754,-1.6889174122288728,0.5312484041901588,,1.5778229030264774
P32,NGEED,NAIK,4,False,kanal,T5,5.044365916336325,0.44005263346426005,0.5947318517469563,-1.224712846396034,0.5469233353887301,kiri,temporo-posterior,4.0,False,0.848078609439551,2.3040864135556802,-0.9031443883463984,-2.059891066427821,-0.6783230631380698,,1.5778229030264774
P32,NGEED,NAIK,4,False,kanal,Fp2,1.9822293751898812,-0.03542331240322727,0.2208702161942061,-1.3361720507250947,-0.5089803047808003,kanan,frontopolar,4.0,False,0.7990629252460245,4.4398998752347865,-0.5680301329006944,-4.903197556311116,-1.3793693444052781,,1.5778229030264774
P32,NGEED,NAIK,4,False,kanal,F4,4.841416612247336,0.12235829886705551,1.011723899505899,3.1693183357398143,0.8818373929163235,kanan,frontal,4.0,False,0.9112112773432305,4.4398998752347865,0.22282355041099855,-0.3977071698462069,0.01144835329184557,,1.5778229030264774
P32,NGEED,NAIK,4,False,kanal,C4,0.5285411377082809,-0.19383413149604212,0.27539752206694856,5.460812159458441,2.3811588711137164,kanan,sentral,3.0,False,0.8727721029890912,4.4398998752347865,-0.5135028270279519,1.8937866538724197,1.5107698314892386,,1.5778229030264774
P32,NGEED,NAIK,4,False,kanal,P4,4.038383138222237,0.2835384723833314,-0.12064137515227558,1.7237062293387213,0.8476151691944451,kanan,parietal,4.0,False,0.7826888434206816,4.4398998752347865,-0.909541724247176,-1.8433192762472999,-0.02277387043003276,,1.5778229030264774
P32,NGEED,NAIK,4,False,kanal,O2,11.722432756863597,0.4852884388680698,0.8637113025660094,2.0355005208792254,0.5793843436850783,kanan,oksipital,3.0,False,0.9804418801628414,4.4398998752347865,0.07481095347110889,-1.5315249847067958,-0.2910046959393996,,1.5778229030264774
P32,NGEED,NAIK,4,False,kanal,F8,6.616383241200651,0.11372782006279025,0.7140893956237915,3.9647326754322276,1.0602268737132827,kanan,frontotemporal,3.0,False,0.9769467675528033,4.4398998752347865,-0.074810953471109,0.39770716984620647,0.18983783408880484,,1.5778229030264774
P32,NGEED,NAIK,4,False,kanal,T4,8.118795560330994,0.41686171252090665,1.7404061037950176,5.572727639261432,2.695853964693266,kanan,temporal,3.0,False,0.9394489569809216,4.4398998752347865,0.9515057547001171,2.0057021336754106,1.8254649250687884,,1.5778229030264774
P32,NGEED,NAIK,4,False,kanal,T6,-3.540395988151076,-0.41219258594579633,1.8873373157800937,4.396196452413157,0.8589406863326323,kanan,temporo-posterior,4.0,False,0.9355355798724085,4.4398998752347865,1.0984369666851932,0.8291709468271362,-0.01144835329184557,,1.5778229030264774
P32,NGEED,NAIK,4,False,area,frontopolar,1.936652680879817,0.022281334210413117,0.6557501951762684,-0.6970324020861489,0.29363399269554646,,frontopolar,4.0,False,0.8402829670183927,,,,,True,1.5778229030264774
P32,NGEED,NAIK,4,False,area,frontal,6.541960167644746,0.40695897760987343,0.9864060394967283,3.1686185366952486,1.7814692622680177,,frontal,4.0,False,0.9080157440265775,,,,,False,1.5778229030264774
P32,NGEED,NAIK,4,False,area,frontotemporal,4.300000736307048,-0.013503560244180646,0.41337426859616333,2.638586035760646,0.5359263069617939,,frontotemporal,4.0,False,0.9710332622264605,,,,,True,1.5778229030264774
P32,NGEED,NAIK,4,False,area,sentral,1.6833025038212384,0.052640233149934046,0.00010761950112236907,4.419399108063306,1.9949086608543496,,sentral,4.0,False,0.874437333897859,,,,,False,1.5778229030264774
P32,NGEED,NAIK,4,False,area,temporal,8.181634918951332,0.6864286300965055,0.4759756251676206,4.673285167223838,2.913712925130584,,temporal,4.0,False,0.9474455955849079,,,,,True,1.5778229030264774
P32,NGEED,NAIK,4,False,area,parietal,4.658104541203905,0.4190657832509317,-0.22907952638944518,2.1495478426378436,2.102094238175499,,parietal,4.0,False,0.8959701408777037,,,,,False,1.5778229030264774
P32,NGEED,NAIK,4,False,area,temporo-posterior,0.46211542303120723,-0.08683885839506678,0.9825374590381852,1.9349075679975543,0.36193249084758905,,temporo-posterior,4.0,False,0.9546192994755067,,,,,False,1.5778229030264774
P32,NGEED,NAIK,4,False,area,oksipital,8.526834655720961,0.653171136565361,0.6882276274647231,0.7164313484540723,0.5319598141006251,,oksipital,4.0,False,0.9904959766831106,,,,,False,1.5778229030264774
P32,NGEED,POST,4,False,belahan,kiri,5.093612477114025,0.3580108630583224,1.0412114454485115,0.666244720332015,0.2979484594739156,,,,,,,,,,,1.5778229030264774
P32,NGEED,POST,4,False,belahan,kanan,12.270484589116688,0.23242721327055882,0.6582845382304661,1.023134198180791,0.28688228666636906,,,,,,,,,,,1.5778229030264774
P32,NGEED,POST,4,False,kanal,Fp1,3.947887157252133,-0.148916973206614,0.9851342472537515,1.2804761440222108,-0.4308099000930171,kiri,frontopolar,4.0,False,0.9509719999768221,5.093612477114025,-0.05607719819475998,0.6142314236901958,-0.7287583595669327,,1.5778229030264774
P32,NGEED,POST,4,False,kanal,F3,3.3708615521553753,0.43816038765667,0.36461221776692254,0.35894689914384514,1.0271328579416021,kiri,frontal,4.0,False,0.9643703537412065,5.093612477114025,-0.676599227681589,-0.30729782118816984,0.7291843984676866,,1.5778229030264774
P32,NGEED,POST,4,False,kanal,C3,6.0670737886196235,0.48280638860491454,2.6003842565766915,0.5926992852717472,-0.08807315395401033,kiri,sentral,3.0,False,0.9772209056914672,5.093612477114025,1.55917281112818,-0.07354543506026778,-0.3860216134279259,,1.5778229030264774
P32,NGEED,POST,4,False,kanal,P3,4.120151165608426,0.3021821414181123,1.4369794241902807,1.0043661483267297,-0.1736506579318498,kiri,parietal,3.0,False,0.9814247605594452,5.093612477114025,0.39576797874176917,0.3381214279947147,-0.4715991174057654,,1.5778229030264774
P32,NGEED,POST,4,False,kanal,O1,8.885944645960365,0.6536893684678247,0.619908437814457,1.2942961559994295,1.0897115514963343,kiri,oksipital,3.0,False,0.9596564331496972,5.093612477114025,-0.4213030076340545,0.6280514356674145,0.7917630920224187,,1.5778229030264774
P32,NGEED,POST,4,False,kanal,F7,6.5160139435979545,0.07478822938166951,3.5982894187435868,-0.08805867090941,0.4229496550673377,kiri,frontotemporal,4.0,False,0.9684093692599642,5.093612477114025,2.5570779732950752,-0.754303391241425,0.12500119559342215,,1.5778229030264774
P32,NGEED,POST,4,False,kanal,T3,1.6853069168933246,0.22271887254006129,1.0972886436432716,0.331310125643673,0.17294726388049342,kiri,temporal,4.0,False,0.9679390527682521,5.093612477114025,0.05607719819476009,-0.33493459468834197,-0.12500119559342215,,1.5778229030264774
P32,NGEED,POST,4,False,kanal,T5,9.356888838223107,0.41383958469853255,0.8977637870598271,0.7397901553922828,0.45225906355160517,kiri,temporo-posterior,4.0,False,0.9788492381805914,5.093612477114025,-0.14344765838868445,0.07354543506026778,0.1543106040776896,,1.5778229030264774
P32,NGEED,POST,4,False,kanal,Fp2,6.815278451595887,0.15912607928911315,0.09180492201683765,-0.2807428316022489,0.2515509690926059,kanan,frontopolar,4.0,False,0.9549838110341166,12.270484589116688,-0.5664796162136284,-1.30387702978304,-0.03533131757376318,,1.5778229030264774
P32,NGEED,POST,4,False,kanal,F4,13.193590054087295,0.21696174645505328,0.7823559727827817,0.2296146459573638,-0.35153399272765884,kanan,frontal,4.0,False,0.9892798109988813,12.270484589116688,0.12407143455231562,-0.7935195522234273,-0.6384162793940279,,1.5778229030264774
P32,NGEED,POST,4,False,kanal,C4,13.9826798461633,0.3903598984271903,0.5342131036781506,1.6212787720956787,0.6838535739838578,kanan,sentral,4.0,False,0.9782454659669113,12.270484589116688,-0.12407143455231551,0.5981445739148876,0.39697128731748876,,1.5778229030264774
P32,NGEED,POST,4,False,kanal,P4,10.187040701747314,0.23252269814379778,-0.43859806678246904,1.2155337849404053,-0.05687462961955414,kanan,parietal,4.0,False,0.9558716377903229,12.270484589116688,-1.0968826050129352,0.19239958675961422,-0.3437569162859232,,1.5778229030264774
P32,NGEED,POST,4,False,kanal,O2,14.191993764116305,0.40961651744677163,-0.27380362680731907,0.8129111581223083,-0.08230064162900663,kanan,oksipital,4.0,False,0.9828103726058327,12.270484589116688,-0.9320881650377851,-0.2102230400584828,-0.3691829282953757,,1.5778229030264774
P32,NGEED,POST,4,False,kanal,F8,11.34737912414608,0.022570869560103457,2.4635167824316317,0.8307346114211769,0.32221360424013223,kanan,frontotemporal,4.0,False,0.9841554302164979,12.270484589116688,1.8052322442011657,-0.19239958675961422,0.03533131757376318,,1.5778229030264774
P32,NGEED,POST,4,False,kanal,T4,13.87174756609052,0.31231865194535335,1.049731958993541,2.518395330758176,0.5562065494252266,kanan,temporal,4.0,False,0.9850789935557066,12.270484589116688,0.3914474207630749,1.4952611325773848,0.26932426275885757,,1.5778229030264774
P32,NGEED,POST,4,False,kanal,T6,9.151626097720808,0.23233172839731986,0.8730407224097814,3.244145769831624,0.5676492362164796,kanan,temporo-posterior,4.0,False,0.9743159576751106,12.270484589116688,0.2147561841793153,2.2210115716508327,0.2807669495501105,,1.5778229030264774
P32,NGEED,POST,4,False,area,frontopolar,7.137750809801943,0.17855213888827293,0.017178235692582033,-0.3127005621002543,0.22051264442042595,,frontopolar,4.0,False,0.9666696042378611,,,,,True,1.5778229030264774
P32,NGEED,POST,4,False,area,frontal,12.009389426925182,0.45495993258051004,0.8715514674426056,0.18481396228975422,0.4092586680277057,,frontal,4.0,False,0.9779588201406424,,,,,False,1.5778229030264774
P32,NGEED,POST,4,False,area,frontotemporal,11.227942090371464,0.12655271121017675,2.4391388799675484,0.6481210823491868,0.31360247465164437,,frontotemporal,4.0,False,0.9863390648531561,,,,,True,1.5778229030264774
P32,NGEED,POST,4,False,area,sentral,13.356314492906577,0.6608136309411861,0.6339108874903349,1.4550328681638969,1.1202732806253302,,sentral,4.0,False,0.9890504928708457,,,,,False,1.5778229030264774
P32,NGEED,POST,4,False,area,temporal,13.203792678229256,0.6722899467998025,0.19312451053849544,1.9015586956836237,0.9650087282616787,,temporal,4.0,False,0.9914951630200628,,,,,True,1.5778229030264774
P32,NGEED,POST,4,False,area,parietal,8.832087696013105,0.3368291123379894,-0.3244006846630476,1.152603242525069,0.3500933309321038,,parietal,4.0,False,0.9785539534905036,,,,,False,1.5778229030264774
P32,NGEED,POST,4,False,area,temporo-posterior,9.39419310025189,0.3025509786628944,0.7251658162426317,2.309405106226365,0.492297227433769,,temporo-posterior,4.0,False,0.9862637510179015,,,,,False,1.5778229030264774
P32,NGEED,POST,4,False,area,oksipital,12.373040743363646,0.6156100960221909,-0.06405438451942858,0.5417387747257072,0.35111359463861314,,oksipital,4.0,False,0.9896214894020615,,,,,False,1.5778229030264774
