participant_id,pool,phase,n_seg,is_simulated,level,unit,offset_change,exponent_change,theta_periodic_db,mu_periodic_db,beta_periodic_db,hemisphere,area,n_valid,few_segments,r2,global_offset_db,theta_relative_db,mu_relative_db,beta_relative_db,artifact_prone,noise_floor_db
P33,SEMUA,PRA,12,False,belahan,kiri,12.948833917983436,0.7994366889037021,1.5479528975778756,4.053290557901997,-1.4852388638778593,,,,,,,,,,,3.666917799107163
P33,SEMUA,PRA,12,False,belahan,kanan,9.168139066046972,0.571980454653587,0.7995212525265046,2.497433042995524,-0.41597713379090406,,,,,,,,,,,3.666917799107163
P33,SEMUA,PRA,12,False,kanal,Fp1,11.772852500693787,0.4778168424986762,0.15436291492763043,2.719559796648265,-1.0461580062499545,kiri,frontopolar,11.0,False,0.9901708164218863,12.948833917983436,-1.3935899826502451,-1.3337307612537321,0.43908085762790483,,3.666917799107163
P33,SEMUA,PRA,12,False,kanal,F3,13.033198078074875,0.4523959139983955,5.082112070246968,5.754592803375941,-4.217321536170549,kiri,frontal,5.0,True,0.9882952529122496,12.948833917983436,3.534159172669092,1.7013022454739435,-2.7320826722926896,,3.666917799107163
P33,SEMUA,PRA,12,False,kanal,C3,12.864469757891996,0.8574463695362187,4.0300437971226435,5.067806717889499,-1.0432843014806825,kiri,sentral,5.0,True,0.9821049373325133,12.948833917983436,2.482090899544768,1.0145161599875019,0.4419545623971768,,3.666917799107163
P33,SEMUA,PRA,12,False,kanal,P3,3.792315056739696,0.40949241479107124,2.431378188618794,3.0387743979144948,2.0453939122184415,kiri,parietal,4.0,True,0.9672851085571081,12.948833917983436,0.8834252910409184,-1.0145161599875023,3.5306327760963008,,3.666917799107163
P33,SEMUA,PRA,12,False,kanal,O1,8.182800858525447,0.8113929842566912,1.1354081386414494,2.8832263235879676,0.5526573768920771,kiri,oksipital,5.0,True,0.9927400818962846,12.948833917983436,-0.41254475893642617,-1.1700642343140295,2.0378962407699364,,3.666917799107163
P33,SEMUA,PRA,12,False,kanal,F7,16.671989840871724,0.7874803935507131,0.19349841432175163,5.488724803005038,-2.7754030322240837,kiri,frontotemporal,5.0,True,0.9875802800859804,12.948833917983436,-1.354454483256124,1.4354342451030409,-1.2901641683462244,,3.666917799107163
P33,SEMUA,PRA,12,False,kanal,T3,14.595009529748367,0.9982304187941011,1.4820540367841228,5.332539487388225,-1.924319721505764,kiri,temporal,5.0,True,0.9861926481966841,12.948833917983436,-0.06589886079375273,1.2792489294862275,-0.4390808576279046,,3.666917799107163
P33,SEMUA,PRA,12,False,kanal,T5,14.477596009250767,1.1454403389184822,1.613851758371628,3.0327760505585575,-2.1601700972552758,kiri,temporo-posterior,5.0,True,0.9889299208842842,12.948833917983436,0.06589886079375251,-1.0205145073434396,-0.6749312333774165,,3.666917799107163
P33,SEMUA,PRA,12,False,kanal,Fp2,6.213193107844127,0.2179190203381114,0.7597737298028008,1.374671655078549,0.260382884810733,kanan,frontopolar,11.0,False,0.9864438183440397,9.168139066046972,-0.039747522723703854,-1.122761387916975,0.6763600186016371,,3.666917799107163
P33,SEMUA,PRA,12,False,kanal,F4,8.250557115864915,0.5095986638519203,0.7592302777602644,2.4167585018716693,-0.3087839824415586,kanan,frontal,7.0,False,0.9935551466325444,9.168139066046972,-0.04029097476624022,-0.08067454112385475,0.10719315134934548,,3.666917799107163
P33,SEMUA,PRA,12,False,kanal,C4,10.993641696896255,0.672534309754889,0.06974576062780125,1.6499752519993849,-0.300381193501593,kanan,sentral,4.0,True,0.9873985129676304,9.168139066046972,-0.7297754918987034,-0.8474577909961392,0.11559594028931108,,3.666917799107163
P33,SEMUA,PRA,12,False,kanal,P4,15.29478974399687,1.1089864743349334,0.826766958691098,3.632708403702273,-0.5231702851402495,kanan,parietal,5.0,True,0.9889577077165995,9.168139066046972,0.02724570616459332,1.135275360706749,-0.10719315134934548,,3.666917799107163
P33,SEMUA,PRA,12,False,kanal,O2,10.038479358663153,0.6075832714386771,0.7722755463619113,4.919973314503137,-3.297284027894554,kanan,oksipital,6.0,False,0.9837955233076771,9.168139066046972,-0.02724570616459332,2.422540271507613,-2.88130689410365,,3.666917799107163
P33,SEMUA,PRA,12,False,kanal,F8,7.146928348036198,0.15841261549276076,2.3385811730308665,1.5924531389285068,0.16821999335703075,kanan,frontotemporal,6.0,False,0.985517594146607,9.168139066046972,1.539059920504362,-0.9049799040670172,0.5841971271479348,,3.666917799107163
P33,SEMUA,PRA,12,False,kanal,T4,8.297798773430792,0.7936620657213729,2.7412989673811845,6.452420949697112,-1.1154704886871518,kanan,temporal,6.0,False,0.9867015663323089,9.168139066046972,1.94177771485468,3.954987906701588,-0.6994933548962478,,3.666917799107163
P33,SEMUA,PRA,12,False,kanal,T6,11.242909908060518,0.536377637868497,4.021573415440768,2.578107584119379,-2.289981371579797,kanan,temporo-posterior,6.0,False,0.986845879594194,9.168139066046972,3.2220521629142636,0.08067454112385475,-1.8740042377888932,,3.666917799107163
P33,SEMUA,PRA,12,False,area,frontopolar,8.730389927304074,0.3547218868814159,0.813929730172177,2.2389510749804913,-0.05838741867183184,,frontopolar,11.0,False,0.9903307351744091,,,,,True,3.666917799107163
P33,SEMUA,PRA,12,False,area,frontal,10.181042406149409,0.5030653995482586,2.2366140528289424,3.0535363009674947,-1.4374866028690467,,frontal,7.0,False,0.9908634160169392,,,,,False,3.666917799107163
P33,SEMUA,PRA,12,False,area,frontotemporal,12.037642687534728,0.46663584292101823,1.6717226939867664,3.3493528100445955,-0.9209642155423332,,frontotemporal,6.0,False,0.9899123281704145,,,,,True,3.666917799107163
P33,SEMUA,PRA,12,False,area,sentral,12.745535872512434,0.7990111021768904,1.7834443052483215,3.0022730863691676,-0.7768208867404429,,sentral,5.0,True,0.9909194320945476,,,,,False,3.666917799107163
P33,SEMUA,PRA,12,False,area,temporal,12.838331822228419,0.9806742198551435,1.1567644681860916,5.030766267123221,-2.0380181568421154,,temporal,6.0,False,0.9938988625529999,,,,,True,3.666917799107163
P33,SEMUA,PRA,12,False,area,parietal,9.228969692638273,0.6499328523447934,2.722828560191294,3.261134857022022,0.17683930157708327,,parietal,5.0,True,0.9877672549655544,,,,,False,3.666917799107163
P33,SEMUA,PRA,12,False,area,temporo-posterior,14.122172773017766,0.8807614154120293,3.593921228003214,2.898169862281912,-2.4489900297360725,,temporo-posterior,6.0,False,0.9877616070536108,,,,,False,3.666917799107163
P33,SEMUA,PRA,12,False,area,oksipital,9.241859308354549,0.7550681799543733,1.1623398125044337,3.767475598716215,-1.2154437422159508,,oksipital,6.0,False,0.993434674641597,,,,,False,3.666917799107163
P33,SEMUA,TURUN,11,False,belahan,kiri,16.816566248484804,1.185355785133574,1.8388553185905467,3.0967107431528413,-1.3115654137529478,,,,,,,,,,,3.666917799107163
P33,SEMUA,TURUN,11,False,belahan,kanan,9.83262089350048,0.8094327412940584,0.627463834986707,1.8760945654236842,-0.26863331469472107,,,,,,,,,,,3.666917799107163
P33,SEMUA,TURUN,11,False,kanal,Fp1,16.86138263687146,0.4865188908565392,-0.5160891961960752,0.9258943213203992,0.030984980071717905,kiri,frontopolar,6.0,False,0.95627883531286,16.816566248484804,-2.354944514786622,-2.170816421832442,1.3425503938246657,,3.666917799107163
P33,SEMUA,TURUN,11,False,kanal,F3,16.89456233083194,0.324275842220336,1.9598374657724769,4.315548289582452,-4.050162447457915,kiri,frontal,6.0,False,0.9847617540448903,16.816566248484804,0.12098214718193012,1.2188375464296106,-2.7385970337049677,,3.666917799107163
P33,SEMUA,TURUN,11,False,kanal,C3,21.21797148939939,1.7601594499102613,1.8744259202455775,2.911622322084889,-1.3317768091507987,kiri,sentral,5.0,True,0.9945514025137319,16.816566248484804,0.03557060165503079,-0.18508842106795242,-0.020211395397850884,,3.666917799107163
P33,SEMUA,TURUN,11,False,kanal,P3,16.17187779014659,1.4135448604728764,0.8301464456638351,1.3567513034345193,1.5589195114154537,kiri,parietal,5.0,True,0.9704515450522205,16.816566248484804,-1.0087088729267117,-1.739959439718322,2.8704849251684017,,3.666917799107163
P33,SEMUA,TURUN,11,False,kanal,O1,16.667892178615183,1.0930770180721898,3.197907530018888,1.7033970334771324,0.28035678731832037,kiri,oksipital,6.0,False,0.983092821459981,16.816566248484804,1.3590522114283414,-1.393313709675709,1.5919222010712681,,3.666917799107163
P33,SEMUA,TURUN,11,False,kanal,F7,16.07615976890048,0.7165703086671915,0.3744720172341015,5.835703060724263,-1.3385902448602205,kiri,frontotemporal,7.0,False,0.982756191651291,16.816566248484804,-1.4643833013564453,2.7389923175714213,-0.027024831107272718,,3.666917799107163
P33,SEMUA,TURUN,11,False,kanal,T3,21.29066232905854,1.487487616296177,3.364776102004231,3.2817991642207933,-1.2913540183550967,kiri,temporal,7.0,False,0.9886367863132633,16.816566248484804,1.525920783413684,0.18508842106795198,0.020211395397851106,,3.666917799107163
P33,SEMUA,TURUN,11,False,kanal,T5,16.771749860098147,1.2776345521949584,1.803284716935516,3.6319326028190084,-1.3644038809177865,kiri,temporo-posterior,7.0,False,0.9861507610411913,16.816566248484804,-0.03557060165503079,0.5352218596661671,-0.052838467164838754,,3.666917799107163
P33,SEMUA,TURUN,11,False,kanal,Fp2,9.641377578593968,0.4883666049287112,0.4908483119730589,-0.23921040836311036,1.0794681807874857,kanan,frontopolar,8.0,False,0.9744645898814657,9.83262089350048,-0.1366155230136481,-2.1153049737867944,1.3481014954822068,,3.666917799107163
P33,SEMUA,TURUN,11,False,kanal,F4,6.566621159058229,0.5072462394667039,-0.3526744124697534,1.0625915076671784,-0.28003464257342614,kanan,frontal,8.0,False,0.9589328402438819,9.83262089350048,-0.9801382474564604,-0.8135030577565059,-0.01140132787870507,,3.666917799107163
P33,SEMUA,TURUN,11,False,kanal,C4,10.02386420840699,0.8225370601566135,0.8339965126230853,1.8240201924586446,0.40080457202858466,kanan,sentral,6.0,False,0.9707023220644567,9.83262089350048,0.20653267763637828,-0.052074372965039695,0.6694378867233057,,3.666917799107163
P33,SEMUA,TURUN,11,False,kanal,P4,12.398234454267918,1.016587159615717,-1.260399972347142,1.5785551610449917,-0.257231986816016,kanan,parietal,7.0,False,0.9682385120485225,9.83262089350048,-1.887863807333849,-0.29753940437869253,0.01140132787870507,,3.666917799107163
P33,SEMUA,TURUN,11,False,kanal,O2,19.50609441901225,1.273946955045129,0.7640793580003552,3.6231629833962096,-3.130840555948968,kanan,oksipital,7.0,False,0.9928693953538406,9.83262089350048,0.1366155230136482,1.7470684179725253,-2.8622072412542465,,3.666917799107163
P33,SEMUA,TURUN,11,False,kanal,F8,5.36636068723368,0.490856598486048,2.431739455981654,1.928168938388724,0.22967704654436716,kanan,frontotemporal,8.0,False,0.9812996939000423,9.83262089350048,1.804275620994947,0.052074372965039695,0.49831036123908823,,3.666917799107163
P33,SEMUA,TURUN,11,False,kanal,T4,9.329748010870027,0.7963284224315033,0.4773211005237743,3.207963165098041,-2.0734279843267927,kanan,temporal,7.0,False,0.991331618415807,9.83262089350048,-0.1501427344629327,1.3318685996743567,-1.8047946696320716,,3.666917799107163
P33,SEMUA,TURUN,11,False,kanal,T6,15.934433806630686,1.062260945712035,0.8181297010271094,2.1982611473684566,-1.7323391213792065,kanan,temporo-posterior,8.0,False,0.9877185208646675,9.83262089350048,0.19066586604040237,0.3221665819447723,-1.4637058066844855,,3.666917799107163
P33,SEMUA,TURUN,11,False,area,frontopolar,12.210310644555825,0.43162104996141304,0.3286222637173053,0.5152965819745523,0.7271020794170445,,frontopolar,8.0,False,0.9647357761258649,,,,,True,3.666917799107163
P33,SEMUA,TURUN,11,False,area,frontal,10.326441393548237,0.44428121686379574,1.145205681220709,2.135234109391854,-0.5956845496439096,,frontal,8.0,False,0.9953968992695319,,,,,False,3.666917799107163
P33,SEMUA,TURUN,11,False,area,frontotemporal,12.115920452846119,0.6511583119881639,0.9072590250430429,3.4271211585052463,-0.3112911850948894,,frontotemporal,8.0,False,0.9860096175535128,,,,,True,3.666917799107163
P33,SEMUA,TURUN,11,False,area,sentral,14.349841436346722,1.187448147260927,1.0373496384662158,1.8838253026843796,-0.4463755229271693,,sentral,6.0,False,0.9908430145465537,,,,,False,3.666917799107163
P33,SEMUA,TURUN,11,False,area,temporal,17.63784964743425,1.2691323321270462,2.645708285087259,2.704620474092754,-1.911992077107862,,temporal,7.0,False,0.9910034984694013,,,,,True,3.666917799107163
P33,SEMUA,TURUN,11,False,area,parietal,11.116223286114248,0.8913151820587566,-0.16586362775738706,1.1020030665516893,-0.18764385716989396,,parietal,8.0,False,0.9735974461103937,,,,,False,3.666917799107163
P33,SEMUA,TURUN,11,False,area,temporo-posterior,16.645372293052702,1.2341848190182358,1.259662273101859,3.1710808773245645,-1.5460991418949992,,temporo-posterior,8.0,False,0.9929977647503944,,,,,False,3.666917799107163
P33,SEMUA,TURUN,11,False,area,oksipital,15.783985432121483,1.0256459639434627,2.3326692665578572,2.3436506756597666,-1.4233603584248706,,oksipital,9.0,False,0.9941008577055924,,,,,False,3.666917799107163
P33,SEMUA,TAHAN,10,False,belahan,kiri,7.031461293718273,0.8975765958421631,-1.4410073767070637,1.432409998584621,-1.1164658820823066,,,,,,,,,,,3.666917799107163
P33,SEMUA,TAHAN,10,False,belahan,kanan,2.7296169004991313,0.7028726621624756,-0.5248697369823785,1.3399561742468862,-0.8998928859227955,,,,,,,,,,,3.666917799107163
P33,SEMUA,TAHAN,10,False,kanal,Fp1,6.238877839213799,0.5223736087659028,-1.4856968607099588,2.442114654124326,-0.6680489519343675,kiri,frontopolar,9.0,False,0.9971762878790559,7.031461293718273,-0.044689484002895075,1.009704655539705,0.44841693014793904,,3.666917799107163
P33,SEMUA,TAHAN,10,False,kanal,F3,9.103022260132995,1.0151521687310652,-2.0415894602642375,1.62420886964287,-5.197735603353507,kiri,frontal,8.0,False,0.9284906350150074,7.031461293718273,-0.6005820835571738,0.191798871058249,-4.081269721271201,,3.666917799107163
P33,SEMUA,TAHAN,10,False,kanal,C3,7.443953775018386,0.8569700076176372,-1.4439119711108257,1.2345556225975636,-0.747436243588713,kiri,sentral,8.0,False,0.8307765682524367,7.031461293718273,-0.0029045944037620064,-0.19785437598705746,0.3690296384935936,,3.666917799107163
P33,SEMUA,TAHAN,10,False,kanal,P3,3.337661219286339,0.30001328206616007,-1.2032793315351462,-0.8111406613431278,0.23646064458232324,kiri,parietal,8.0,False,0.7665719839680701,7.031461293718273,0.23772804517191748,-2.243550659927749,1.3529265266646298,,3.666917799107163
P33,SEMUA,TAHAN,10,False,kanal,O1,5.89349879371423,0.6453809510755304,-0.620458778170141,1.0932669363392469,0.2819485570877567,kiri,oksipital,8.0,False,0.9280191013537251,7.031461293718273,0.8205485985369227,-0.33914306224537416,1.3984144391700633,,3.666917799107163
P33,SEMUA,TAHAN,10,False,kanal,F7,7.2906142646949945,0.9529583910223429,-1.4762621249242758,5.961409482961121,-2.341584144480163,kiri,frontotemporal,9.0,False,0.9892303222057541,7.031461293718273,-0.035254748217212084,4.5289994843765,-1.2251182623978565,,3.666917799107163
P33,SEMUA,TAHAN,10,False,kanal,T3,13.246362796526661,1.4200413505277605,-0.02097439860924033,1.957493948484034,-1.4854955205759002,kiri,temporal,8.0,False,0.9881081738006647,7.031461293718273,1.4200329780978234,0.5250839498994129,-0.3690296384935936,,3.666917799107163
P33,SEMUA,TAHAN,10,False,kanal,T5,6.7723083227415515,0.938183184066689,-1.438102782303302,1.240611127526372,-2.729588364157302,kiri,temporo-posterior,8.0,False,0.911098217561495,7.031461293718273,0.0029045944037617843,-0.191798871058249,-1.6131224820749956,,3.666917799107163
P33,SEMUA,TAHAN,10,False,kanal,Fp2,2.5571718323684394,0.022085092609196666,0.6955845301385323,2.2029392419787834,-0.22032134429516637,kanan,frontopolar,7.0,False,0.9878994747818804,2.7296169004991313,1.2204542671209109,0.8629830677318973,0.6795715416276291,,3.666917799107163
P33,SEMUA,TAHAN,10,False,kanal,F4,-0.944191087876554,0.11553585501135011,-0.5235702293484784,0.38797701610435587,0.7185499019612349,kanan,frontal,8.0,False,0.9096699098103276,2.7296169004991313,0.0012995076339000766,-0.9519791581425303,1.6184427878840304,,3.666917799107163
P33,SEMUA,TAHAN,10,False,kanal,C4,2.5361569744522754,0.772893058833557,-2.287441806018788,-0.30366472110083964,-0.8638693223939248,kanan,sentral,8.0,False,0.942049707693213,2.7296169004991313,-1.7625720690364095,-1.6436208953477258,0.036023563528870706,,3.666917799107163
P33,SEMUA,TAHAN,10,False,kanal,P4,7.3500581871317685,0.8009867339693751,-4.449970634908032,0.16782227523394644,-1.6084793486826154,kanan,parietal,9.0,False,0.8536946306821838,2.7296169004991313,-3.925100897925654,-1.1721338990129397,-0.70858646275982,,3.666917799107163
P33,SEMUA,TAHAN,10,False,kanal,O2,12.359981212415455,1.062800899975169,-0.5261692446162787,2.1726197203129747,-3.800250302132348,kanan,oksipital,9.0,False,0.9648769466048445,2.7296169004991313,-0.0012995076339001876,0.8326635460660885,-2.9003574162095527,,3.666917799107163
P33,SEMUA,TAHAN,10,False,kanal,F8,1.445544803529181,0.0853249721001641,0.7592824607969956,2.2543381042639585,-0.38576773070581516,kanan,frontotemporal,10.0,False,0.9917798951329801,2.7296169004991313,1.284152197779374,0.9143819300170724,0.5141251552169803,,3.666917799107163
P33,SEMUA,TAHAN,10,False,kanal,T4,2.9020619686298232,0.6328522654913942,-2.2352080009436133,1.5257194878335691,-2.7353984737671606,kanan,temporal,9.0,False,0.9116324718399016,2.7296169004991313,-1.7103382639612348,0.18576331358668297,-1.8355055878443651,,3.666917799107163
P33,SEMUA,TAHAN,10,False,kanal,T6,5.529587550154027,0.8057432476962627,1.924121654773064,1.1541928606602032,-0.9359164494516663,kanan,temporo-posterior,9.0,False,0.9920378974141653,2.7296169004991313,2.4489913917554427,-0.18576331358668297,-0.03602356352887082,,3.666917799107163
P33,SEMUA,TAHAN,10,False,area,frontopolar,4.054343725238311,0.26458309252903933,-0.4436061527149332,2.114667762543234,-0.4146358468477203,,frontopolar,9.0,False,0.9920122798522718,,,,,True,3.666917799107163
P33,SEMUA,TAHAN,10,False,area,frontal,2.9457754149750457,0.457168160882069,-1.5018628855322897,0.24144000000584054,-0.002773975441253018,,frontal,8.0,False,0.8951582001502735,,,,,False,3.666917799107163
P33,SEMUA,TAHAN,10,False,area,frontotemporal,3.7731036510254725,0.40975266148849143,-0.3202630570432713,3.4108757934344984,-1.470991506015386,,frontotemporal,10.0,False,0.9936471122636862,,,,,True,3.666917799107163
P33,SEMUA,TAHAN,10,False,area,sentral,3.860912488811124,0.711175919911663,-1.9937453346531786,0.23252483305306781,-0.4214367141573927,,sentral,8.0,False,0.8980603631781725,,,,,False,3.666917799107163
P33,SEMUA,TAHAN,10,False,area,temporal,8.635418003818423,1.086694402013233,-0.5727503887648161,1.556191100280448,-2.0669281744582886,,temporal,9.0,False,0.9798214910624965,,,,,True,3.666917799107163
P33,SEMUA,TAHAN,10,False,area,parietal,1.9316511245704575,0.2613307993122569,-1.9817987041619063,0.22239880629803688,-1.077411163741016,,parietal,9.0,False,0.8149155530662288,,,,,False,3.666917799107163
P33,SEMUA,TAHAN,10,False,area,temporo-posterior,8.581639220995342,1.099192534571639,-0.10253645332300998,1.0283244731843297,-1.2365924609739174,,temporo-posterior,9.0,False,0.9674678143452824,,,,,False,3.666917799107163
P33,SEMUA,TAHAN,10,False,area,oksipital,10.882261621935506,1.029182915759709,-0.18447469055893295,1.3572706496396618,-1.1198108208743716,,oksipital,9.0,False,0.967699254437832,,,,,False,3.666917799107163
P33,SEMUA,NAIK,8,False,belahan,kiri,6.452891853984507,0.8335693487500156,-0.11819992156436887,0.4088140487729841,-1.0740007676021557,,,,,,,,,,,3.666917799107163
P33,SEMUA,NAIK,8,False,belahan,kanan,5.428298566291005,0.601794312162097,1.3883055612368893,2.901760190079134,0.6509819530624805,,,,,,,,,,,3.666917799107163
P33,SEMUA,NAIK,8,False,kanal,Fp1,2.6817826969624363,0.3837060134225252,-1.9565748443882347,0.4587455182109186,0.8246698739897742,kiri,frontopolar,7.0,False,0.9554882691829004,6.452891853984507,-1.8383749228238657,0.04993146943793447,1.8986706415919299,,3.666917799107163
P33,SEMUA,NAIK,8,False,kanal,F3,8.285649650319087,1.0261133158073097,-1.2346694600013182,0.23988150028470634,-4.314682826253609,kiri,frontal,5.0,True,0.9242009133977925,6.452891853984507,-1.1164695384369492,-0.16893254848827777,-3.240682058651453,,3.666917799107163
P33,SEMUA,NAIK,8,False,kanal,C3,8.285327314416094,1.0596021441387444,-0.09316161547917079,-0.2157161638048759,-0.5251378046384114,kiri,sentral,5.0,True,0.8957598893849609,6.452891853984507,0.02503830608519808,-0.62453021257786,0.5488629629637443,,3.666917799107163
P33,SEMUA,NAIK,8,False,kanal,P3,7.160962332154362,0.8427580778406214,0.2839908489099785,-1.3696489045598086,1.3760363072970558,kiri,parietal,5.0,True,0.9239410166320856,6.452891853984507,0.40219077047434737,-1.7784629533327927,2.4500370748992113,,3.666917799107163
P33,SEMUA,NAIK,8,False,kanal,O1,6.071287563197252,0.7620553215553592,0.09721216873019456,0.35888257933504963,0.09420568046902256,kiri,oksipital,5.0,True,0.9723057929302079,6.452891853984507,0.21541209029456343,-0.04993146943793447,1.1682064480711782,,3.666917799107163
P33,SEMUA,NAIK,8,False,kanal,F7,5.044150816210696,0.7938009119199745,0.19226115859883486,7.0634802166133195,-2.267379830636748,kiri,frontotemporal,6.0,False,0.9957125302375509,6.452891853984507,0.31046108016320373,6.654666167840335,-1.1933790630345922,,3.666917799107163
P33,SEMUA,NAIK,8,False,kanal,T3,5.745430336039163,0.8243806196594099,-0.14323822764956695,4.062850084402545,-1.6228637305659,kiri,temporal,4.0,True,0.9746647931949092,6.452891853984507,-0.02503830608519808,3.6540360356295603,-0.5488629629637443,,3.666917799107163
P33,SEMUA,NAIK,8,False,kanal,T5,6.834496144771762,1.0352491785537075,-0.3322424911506183,2.6716797590814703,-1.628739473554211,kiri,temporo-posterior,4.0,True,0.9221258621206988,6.452891853984507,-0.21404256958624945,2.2628657103084864,-0.5547387059520552,,3.666917799107163
P33,SEMUA,NAIK,8,False,kanal,Fp2,-2.8317718072784785,-0.19549567917502841,0.40728447710944526,0.29420958183426826,1.003159496806317,kanan,frontopolar,7.0,False,0.9898324732140052,5.428298566291005,-0.981021084127444,-2.607550608244866,0.3521775437438366,,3.666917799107163
P33,SEMUA,NAIK,8,False,kanal,F4,4.907729935469483,0.5757548729600732,1.387248650227898,1.299119491702312,0.9974544513852397,kanan,frontal,8.0,False,0.990474153291337,5.428298566291005,-0.0010569110089913014,-1.6026406983768222,0.34647249832275917,,3.666917799107163
P33,SEMUA,NAIK,8,False,kanal,C4,5.948867197112527,1.0446342062784972,0.5783670659719975,4.263493452797205,1.089537419033406,kanan,sentral,5.0,True,0.9867836523007891,5.428298566291005,-0.8099384952648918,1.3617332627180705,0.43855546597092543,,3.666917799107163
P33,SEMUA,NAIK,8,False,kanal,P4,12.978364107007192,1.0632783727093331,1.988185873013095,1.474230536631231,0.949291419476805,kanan,parietal,6.0,False,0.9684603558442959,5.428298566291005,0.5998803117762057,-1.4275296534479032,0.29830946641432443,,3.666917799107163
P33,SEMUA,NAIK,8,False,kanal,O2,8.511549516530877,0.6278337513641208,1.580337893286724,6.701361155394649,-2.8217837146327494,kanan,oksipital,6.0,False,0.9890255584891007,5.428298566291005,0.19203233204983472,3.7996009653155145,-3.4727656676952297,,3.666917799107163
P33,SEMUA,NAIK,8,False,kanal,F8,-0.7681638388865935,0.06793607493205323,0.9193902662500225,2.4895978037205015,0.3526724866481561,kanan,frontotemporal,8.0,False,0.9863185103670689,5.428298566291005,-0.4689152949868668,-0.41216238635863256,-0.29830946641432443,,3.666917799107163
P33,SEMUA,NAIK,8,False,kanal,T4,0.7436568594504038,0.2111056586911182,1.8836213657650591,3.4234841552007604,-2.832010659040505,kanan,temporal,5.0,True,0.9649872500528327,5.428298566291005,0.4953158045281698,0.5217239651216263,-3.4829926121029855,,3.666917799107163
P33,SEMUA,NAIK,8,False,kanal,T6,6.49311625298045,0.8583977946200214,1.3893624722458808,3.3139225764377667,-1.2911200917212633,kanan,temporo-posterior,7.0,False,0.9947782159638803,5.428298566291005,0.0010569110089915235,0.41216238635863256,-1.9421020447837438,,3.666917799107163
P33,SEMUA,NAIK,8,False,area,frontopolar,-0.11886858122088029,0.07329295797822288,-0.6520572432953881,0.24161329258496078,0.9260953468190672,,frontopolar,7.0,False,0.9737580050631722,,,,,True,3.666917799107163
P33,SEMUA,NAIK,8,False,area,frontal,8.026073350905953,0.743241465471234,0.4913328479895074,1.174862237950793,0.3508443450102319,,frontal,8.0,False,0.9737292397365391,,,,,False,3.666917799107163
P33,SEMUA,NAIK,8,False,area,frontotemporal,2.0528839464662667,0.33745655904214145,-0.06471308428972644,3.447194819933548,-1.157413163249462,,frontotemporal,8.0,False,0.9913600559706878,,,,,True,3.666917799107163
P33,SEMUA,NAIK,8,False,area,sentral,6.994210607583284,0.9933297918821371,-0.31387291507165405,2.192876192209655,-0.024423644535847666,,sentral,5.0,True,0.977866940418084,,,,,False,3.666917799107163
P33,SEMUA,NAIK,8,False,area,temporal,2.4983742127516777,0.29376519813438096,-0.05662068166683909,3.23725203262801,-2.7990400279465684,,temporal,5.0,True,0.9621839857848138,,,,,True,3.666917799107163
P33,SEMUA,NAIK,8,False,area,parietal,9.66303679293182,0.8161776308254993,3.7297617579581557,1.2929429864618962,1.3771098666431727,,parietal,7.0,False,0.9878566459488786,,,,,False,3.666917799107163
P33,SEMUA,NAIK,8,False,area,temporo-posterior,7.540588719342651,1.0157743422860692,0.7498324024958396,2.8697302274553524,-1.9983125800904449,,temporo-posterior,7.0,False,0.9924694070749542,,,,,False,3.666917799107163
P33,SEMUA,NAIK,8,False,area,oksipital,8.173571082949998,0.6641082057547267,1.5533179683562897,4.84548920763406,-1.3120352927243293,,oksipital,7.0,False,0.9939512917129932,,,,,False,3.666917799107163
P33,SEMUA,POST,10,False,belahan,kiri,14.074666305942191,0.6565673254173087,3.510277226331227,6.524930785492073,-1.6665408769878096,,,,,,,,,,,3.666917799107163
P33,SEMUA,POST,10,False,belahan,kanan,14.438600135317236,0.5336409301189995,2.9831687332958907,1.991570196058099,-0.8458268584609794,,,,,,,,,,,3.666917799107163
P33,SEMUA,POST,10,False,kanal,Fp1,13.114203826913183,0.2623339210448006,4.007726139901044,3.699095363322731,-1.4178429428040351,kiri,frontopolar,10.0,False,0.9718536926375577,14.074666305942191,0.49744891356981746,-2.825835422169342,0.2486979341837745,,3.666917799107163
P33,SEMUA,POST,10,False,kanal,F3,19.455917814869267,0.6064041066835428,3.3912194586072584,7.137398461056664,-4.15465579854307,kiri,frontal,7.0,False,0.982773157128287,14.074666305942191,-0.11905776772396859,0.6124676755645915,-2.48811492155526,,3.666917799107163
P33,SEMUA,POST,10,False,kanal,C3,18.455139113521476,1.012110500345667,4.043088429489432,6.357393458070561,-1.0694388882053523,kiri,sentral,7.0,False,0.9866084017621434,14.074666305942191,0.5328112031582046,-0.1675373274215115,0.5971019887824573,,3.666917799107163
P33,SEMUA,POST,10,False,kanal,P3,13.605454224003445,0.7066557181108122,4.869364943960883,4.184253717761272,0.5707406584882677,kiri,parietal,7.0,False,0.9819520765708455,14.074666305942191,1.3590877176296559,-2.340677067730801,2.237281535476077,,3.666917799107163
P33,SEMUA,POST,10,False,kanal,O1,9.253038867427293,0.2916834546481104,3.629334994055195,3.337212745399453,-0.8294801356649886,kiri,oksipital,7.0,False,0.9936664218779984,14.074666305942191,0.11905776772396814,-3.1877180400926197,0.837060741322821,,3.666917799107163
P33,SEMUA,POST,10,False,kanal,F7,14.543878387880937,0.6064789327238052,1.323697145503766,8.502457561620579,-2.170646929728539,kiri,frontotemporal,9.0,False,0.988838699564971,14.074666305942191,-2.186580080827461,1.9775267761285065,-0.5041060527407295,,3.666917799107163
P33,SEMUA,POST,10,False,kanal,T3,15.020172597525061,0.8102089193914108,1.7129806966625656,6.692468112913584,-1.9152388111715841,kiri,temporal,7.0,False,0.9893047703133148,14.074666305942191,-1.7972965296686614,0.1675373274215115,-0.2486979341837745,,3.666917799107163
P33,SEMUA,POST,10,False,kanal,T5,13.251989134840741,0.9245018332129196,3.2910125513932695,6.86609700675443,-1.9813045532110187,kiri,temporo-posterior,9.0,False,0.9922474816196997,14.074666305942191,-0.21926467493795743,0.3411662212623572,-0.3147636762232091,,3.666917799107163
P33,SEMUA,POST,10,False,kanal,Fp2,13.33885682578785,0.22348013145812318,6.561671997502876,2.0904456762340984,-0.24953299961929093,kanan,frontopolar,10.0,False,0.971260513789834,14.438600135317236,3.5785032642069856,0.09887548017599945,0.5962938588416884,,3.666917799107163
P33,SEMUA,POST,10,False,kanal,F4,16.154563756517803,0.5421648883002912,5.1630224295155545,1.7217067163351318,-0.40692601021522257,kanan,frontal,7.0,False,0.9782980211208198,14.438600135317236,2.1798536962196637,-0.2698634797229671,0.4389008482457568,,3.666917799107163
P33,SEMUA,POST,10,False,kanal,C4,13.815740423584252,0.5251169719377078,2.338146578143474,1.8926947158820995,0.5815642334187323,kanan,sentral,7.0,False,0.9851337716445403,14.438600135317236,-0.6450221551524167,-0.09887548017599945,1.4273910918797117,,3.666917799107163
P33,SEMUA,POST,10,False,kanal,P4,15.06145984705022,0.6542763128890291,0.1287782965104174,1.779068908694343,-1.2847277067067362,kanan,parietal,9.0,False,0.9812700439204743,14.438600135317236,-2.854390436785473,-0.21250128736375595,-0.4389008482457568,,3.666917799107163
P33,SEMUA,POST,10,False,kanal,O2,12.100941969993137,0.42600778093044456,1.7450484901528895,5.599507131022131,-3.4179392711115533,kanan,oksipital,8.0,False,0.9963753640690652,14.438600135317236,-1.2381202431430012,3.607936934964032,-2.572112412650574,,3.666917799107163
P33,SEMUA,POST,10,False,kanal,F8,15.843905996435893,0.4505662945589137,6.635423976829513,2.8128095829005013,0.02966295805326613,kanan,frontotemporal,7.0,False,0.9781686525588852,14.438600135317236,3.652255243533622,0.8212393868424024,0.8754898165142455,,3.666917799107163
P33,SEMUA,POST,10,False,kanal,T4,10.09205043475798,0.5863087211419147,2.5154192439971172,3.2272249252066545,-1.836248329852405,kanan,temporal,10.0,False,0.9697962108858769,14.438600135317236,-0.46774948929877347,1.2356547291485556,-0.9904214713914257,,3.666917799107163
P33,SEMUA,POST,10,False,kanal,T6,19.30237396464156,0.7324997668353928,3.450918222594664,1.8898977967011867,-1.8175977688243918,kanan,temporo-posterior,7.0,False,0.9940250458480738,14.438600135317236,0.46774948929877347,-0.10167239935691219,-0.9717709103634125,,3.666917799107163
P33,SEMUA,POST,10,False,area,frontopolar,13.177672135608965,0.234462421383262,5.736202488043768,2.7883005583681215,-0.7184584078445538,,frontopolar,10.0,False,0.962580803979617,,,,,True,3.666917799107163
P33,SEMUA,POST,10,False,area,frontal,17.190946616954236,0.6116557321273224,4.85071867040536,3.2461778866544035,-0.889311784834141,,frontal,7.0,False,0.9908547644677095,,,,,False,3.666917799107163
P33,SEMUA,POST,10,False,area,frontotemporal,13.564192315151622,0.38950430827797833,5.391835946484898,4.968858836686644,-1.6871962639673166,,frontotemporal,9.0,False,0.987920890186649,,,,,True,3.666917799107163
P33,SEMUA,POST,10,False,area,sentral,15.483625725493894,0.6733111821872733,2.7090024406159183,3.4124093404021942,-0.5032697289708608,,sentral,7.0,False,0.9788713733963276,,,,,False,3.666917799107163
P33,SEMUA,POST,10,False,area,temporal,12.80377622072509,0.7541945762044298,1.5916087609322915,4.988029692401776,-2.054044847494589,,temporal,10.0,False,0.9885464221033873,,,,,True,3.666917799107163
P33,SEMUA,POST,10,False,area,parietal,10.668444243317992,0.3914083832788915,3.23022291313462,3.22685032196826,-0.7270956484490083,,parietal,9.0,False,0.9910168232388858,,,,,False,3.666917799107163
P33,SEMUA,POST,10,False,area,temporo-posterior,17.985160742784373,0.9925462475238858,3.3445336894452993,3.7184363146628674,-1.9631928697848198,,temporo-posterior,9.0,False,0.9938910451429485,,,,,False,3.666917799107163
P33,SEMUA,POST,10,False,area,oksipital,10.968255600580463,0.4178748820052258,2.5276225047661116,4.095568355841165,-2.0187388429778337,,oksipital,8.0,False,0.9985331887544613,,,,,False,3.666917799107163
P33,AGEM KANAN,PRA,4,False,belahan,kiri,11.116509542417674,0.5663947692859718,1.912381717173267,4.1128308219157015,-0.8253527698586186,,,,,,,,,,,3.666917799107163
P33,AGEM KANAN,PRA,4,False,belahan,kanan,10.498813696701959,0.6364202670241899,1.9572465259226866,3.0186553804224694,0.09064556634799015,,,,,,,,,,,3.666917799107163
P33,AGEM KANAN,PRA,4,False,kanal,Fp1,8.365552512428977,0.18092690239780462,1.7487547386859803,4.322935100762065,-0.6455941255152107,kiri,frontopolar,4.0,False,0.9532657770720107,11.116509542417674,-0.1636269784872868,0.21010427884636318,0.17975864434340794,,3.666917799107163
P33,AGEM KANAN,PRA,4,False,kanal,F3,12.286310290045279,0.3451563648216196,3.9200025462420443,4.871364084522192,-4.962505158861367,kiri,frontal,2.0,True,0.9498585847928153,11.116509542417674,2.0076208290687774,0.7585332626064902,-4.137152389002749,,3.666917799107163
P33,AGEM KANAN,PRA,4,False,kanal,C3,9.540454676872969,0.6731297644191139,3.5157529126101883,5.719642378398242,0.17182393149196118,kiri,sentral,2.0,True,0.9632377865407065,11.116509542417674,1.6033711954369212,1.6068115564825405,0.9971767013505798,,3.666917799107163
P33,AGEM KANAN,PRA,4,False,kanal,P3,3.2298061122863047,0.27872510116925264,3.315609620584033,3.3474240444551224,2.2739707806265868,kiri,parietal,2.0,True,0.9069759259400432,11.116509542417674,1.4032279034107658,-0.7654067774605791,3.0993235504852055,,3.666917799107163
P33,AGEM KANAN,PRA,4,False,kanal,O1,10.001965957988496,0.8501071270098393,0.6590035975639075,3.366310007737822,0.9704574433943987,kiri,oksipital,2.0,True,0.9703706667613128,11.116509542417674,-1.2533781196093596,-0.7465208141778796,1.7958102132530174,,3.666917799107163
P33,AGEM KANAN,PRA,4,False,kanal,F7,12.231053126846852,0.45965977415282966,2.076008695660554,7.992916114101258,-2.168639123787707,kiri,frontotemporal,2.0,True,0.9305497022016549,11.116509542417674,0.1636269784872868,3.880085292185557,-1.3432863539290882,,3.666917799107163
P33,AGEM KANAN,PRA,4,False,kanal,T3,16.17686772806549,1.0968726321964168,1.4710598359233191,3.9027265430693383,-1.0051114142020265,kiri,temporal,2.0,True,0.983985584114851,11.116509542417674,-0.441321881249948,-0.21010427884636318,-0.17975864434340794,,3.666917799107163
P33,AGEM KANAN,PRA,4,False,kanal,T5,17.17090484519064,1.2647578221460771,1.3644325164126658,3.4634819870950184,-1.4489695770995425,kiri,temporo-posterior,2.0,True,0.9740358515705635,11.116509542417674,-0.5479492007606013,-0.6493488348206831,-0.6236168072409239,,3.666917799107163
P33,AGEM KANAN,PRA,4,False,kanal,Fp2,6.7721557579821265,0.07412672139398091,1.6616801285363798,1.0915517773267727,0.43422136029486613,kanan,frontopolar,4.0,False,0.979887324269865,10.498813696701959,-0.29556639738630675,-1.9271036030956967,0.343575793946876,,3.666917799107163
P33,AGEM KANAN,PRA,4,False,kanal,F4,11.551901947197223,0.7465777469024852,1.6709181038963297,3.449226896782066,0.4544472212098154,kanan,frontal,3.0,False,0.9883800066165583,10.498813696701959,-0.2863284220263569,0.43057151635959645,0.36380165486182525,,3.666917799107163
P33,AGEM KANAN,PRA,4,False,kanal,C4,13.017220539132332,0.7223021323795402,-0.43947514105259544,1.7840026086128384,0.13103472542944772,kanan,sentral,2.0,True,0.9741584605592395,10.498813696701959,-2.396721666975282,-1.234652771809631,0.04038915908145757,,3.666917799107163
P33,AGEM KANAN,PRA,4,False,kanal,P4,16.356420460593593,1.1921697993213987,2.563983179549915,6.305830142979136,0.05025640726653258,kanan,parietal,2.0,True,0.9787701663229328,10.498813696701959,0.6067366536272283,3.287174762556667,-0.04038915908145757,,3.666917799107163
P33,AGEM KANAN,PRA,4,False,kanal,O2,8.613953430121,0.269429053500158,0.8256836844866516,5.903295886775114,-2.6251429850520056,kanan,oksipital,2.0,True,0.9657555196705127,10.498813696701959,-1.1315628414360348,2.8846405063526444,-2.7157885513999958,,3.666917799107163
P33,AGEM KANAN,PRA,4,False,kanal,F8,9.445725446206694,0.15427395774243302,2.504535465881201,1.3502487130962462,0.28075751801195725,kanan,frontotemporal,3.0,False,0.9822104905653142,10.498813696701959,0.5472889399585144,-1.6684066673262232,0.1901119516639671,,3.666917799107163
P33,AGEM KANAN,PRA,4,False,kanal,T4,8.918227817876314,0.8192195811160203,2.2435749479490434,8.517527018555459,-0.2266405289959894,kanan,temporal,2.0,True,0.9861651209931005,10.498813696701959,0.2863284220263569,5.498871638132989,-0.31728609534397956,,3.666917799107163
P33,AGEM KANAN,PRA,4,False,kanal,T6,13.316069237738581,0.5505384016688395,4.547524326592684,2.588083864062873,-2.06593479050709,kanan,temporo-posterior,3.0,False,0.9772876888315064,10.498813696701959,2.5902778006699974,-0.43057151635959645,-2.15658035685508,,3.666917799107163
P33,AGEM KANAN,PRA,4,False,area,frontopolar,7.096817257580291,0.10259837227761293,1.9474140516534146,2.766929043127635,0.1495124550380703,,frontopolar,4.0,False,0.9742835427067513,,,,,True,3.666917799107163
P33,AGEM KANAN,PRA,4,False,area,frontal,11.179119655367245,0.5294389756793707,2.99092916928735,4.229914772694451,-1.0426722770813621,,frontal,3.0,False,0.9852843011579846,,,,,False,3.666917799107163
P33,AGEM KANAN,PRA,4,False,area,frontotemporal,10.952198977451019,0.2514732575629608,2.5424719548598027,3.80252520615833,-0.8632118257478925,,frontotemporal,3.0,False,0.976859803407899,,,,,True,3.666917799107163
P33,AGEM KANAN,PRA,4,False,area,sentral,14.260652185304934,0.8801549058576732,-0.057568039009056604,2.6888556986305177,-0.22347627009732451,,sentral,2.0,True,0.9796698056189992,,,,,False,3.666917799107163
P33,AGEM KANAN,PRA,4,False,area,temporal,14.759586438492818,1.0783989033827468,1.2176520314710486,5.362918950295306,-0.954334151388458,,temporal,2.0,True,0.9885324872591634,,,,,True,3.666917799107163
P33,AGEM KANAN,PRA,4,False,area,parietal,9.13682449404017,0.6481931752591752,4.4621670802988564,5.643363392164337,0.6962310261425348,,parietal,2.0,True,0.9803024647207902,,,,,False,3.666917799107163
P33,AGEM KANAN,PRA,4,False,area,temporo-posterior,16.274019333310896,0.8899174941125376,3.8961891091367016,2.8760843693236815,-2.40973329920087,,temporo-posterior,3.0,False,0.9812977795810298,,,,,False,3.666917799107163
P33,AGEM KANAN,PRA,4,False,area,oksipital,9.326806130838492,0.5357141775876939,0.9717856050879341,4.328695668277635,-0.8945768095734947,,oksipital,2.0,True,0.9830047669939974,,,,,False,3.666917799107163
P33,AGEM KANAN,TURUN,4,False,belahan,kiri,16.190473819304234,1.21583330105705,1.2765893802774215,3.925319707597682,-0.879152068945337,,,,,,,,,,,3.666917799107163
P33,AGEM KANAN,TURUN,4,False,belahan,kanan,7.014523589503346,0.7686629104368482,-0.19517853512436373,2.8530651205260824,0.03708973418968042,,,,,,,,,,,3.666917799107163
P33,AGEM KANAN,TURUN,4,False,kanal,Fp1,14.28958049857215,0.6127517016265973,0.7272321944548596,6.255160579385607,-0.5311667000431337,kiri,frontopolar,2.0,True,0.972851303365154,16.190473819304234,-0.5493571858225619,2.3298408717879253,0.34798536890220333,,3.666917799107163
P33,AGEM KANAN,TURUN,4,False,kanal,F3,21.01509502675728,1.4057507635572533,1.57908734874928,4.6191258381731926,-4.542267501775162,kiri,frontal,4.0,False,0.9862637620287432,16.190473819304234,0.3024979684718585,0.6938061305755108,-3.6631154328298248,,3.666917799107163
P33,AGEM KANAN,TURUN,4,False,kanal,C3,24.266397544422944,2.1453573402945767,2.248069775294759,2.2619792378808876,-0.32527258102256695,kiri,sentral,3.0,False,0.9813735542984632,16.190473819304234,0.9714803950173376,-1.6633404697167942,0.5538794879227701,,3.666917799107163
P33,AGEM KANAN,TURUN,4,False,kanal,P3,17.885144070581447,1.525903870344723,0.9740914118055631,1.001911318508073,1.8621479250625568,kiri,parietal,3.0,False,0.9154760781410005,16.190473819304234,-0.3024979684718584,-2.9234083890896088,2.741299994007894,,3.666917799107163
P33,AGEM KANAN,TURUN,4,False,kanal,O1,10.154695624149646,0.9888911033076659,3.272423809800697,3.2315135770221715,1.1688473440758447,kiri,oksipital,3.0,False,0.9695624197304293,16.190473819304234,1.9958344295232755,-0.6938061305755103,2.0479994130211816,,3.666917799107163
P33,AGEM KANAN,TURUN,4,False,kanal,F7,15.703988510445882,0.8615141737389049,0.7392557330117362,8.125492341822063,-1.6534307272598616,kiri,frontotemporal,3.0,False,0.9795724511737852,16.190473819304234,-0.5373336472656853,4.200172634224382,-0.7742786583145246,,3.666917799107163
P33,AGEM KANAN,TURUN,4,False,kanal,T3,16.180896599558615,1.1409226520361644,4.340893923674167,5.302031577220285,-1.2271374378475404,kiri,temporal,3.0,False,0.9687804761350117,16.190473819304234,3.0643045433967453,1.3767118696226035,-0.34798536890220333,,3.666917799107163
P33,AGEM KANAN,TURUN,4,False,kanal,T5,16.200051039049853,1.2907439500779352,0.9080137272731963,2.9958392965682608,-2.5357327442844513,kiri,temporo-posterior,3.0,False,0.9773790576213248,16.190473819304234,-0.36857565300422523,-0.929480411029421,-1.6565806753391144,,3.666917799107163
P33,AGEM KANAN,TURUN,4,False,kanal,Fp2,6.816321508274662,0.41628328474459897,1.9296165377431413,4.549463678790108,0.2589775153720736,kanan,frontopolar,2.0,True,0.9558440743998305,7.014523589503346,2.124795072867505,1.6963985582640255,0.22188778118239316,,3.666917799107163
P33,AGEM KANAN,TURUN,4,False,kanal,F4,1.3478486011929078,0.14149317900077718,-0.6797867049379652,2.7781179451232996,0.07902083499237289,kanan,frontal,4.0,False,0.9098407586706384,7.014523589503346,-0.4846081698136015,-0.07494717540278284,0.04193110080269247,,3.666917799107163
P33,AGEM KANAN,TURUN,4,False,kanal,C4,3.1128763106757944,0.6867163371413652,-1.691577604990952,0.6487237771138845,0.23754267096398318,kanan,sentral,3.0,False,0.9039430967512193,7.014523589503346,-1.4963990698665883,-2.2043413434121977,0.20045293677430276,,3.666917799107163
P33,AGEM KANAN,TURUN,4,False,kanal,P4,7.212725670732031,0.8757802994198441,-1.2150245684273553,1.8867069507828034,0.901412281638382,kanan,parietal,3.0,False,0.9368421843914875,7.014523589503346,-1.0198460333029915,-0.966358169743279,0.8643225474487016,,3.666917799107163
P33,AGEM KANAN,TURUN,4,False,kanal,O2,10.217201495439262,0.8506094837323313,-1.6796519917212769,1.2022267675771623,-3.4383751901621142,kanan,oksipital,3.0,False,0.8767573779001706,7.014523589503346,-1.484473456596913,-1.6508383529489201,-3.4754649243517948,,3.666917799107163
P33,AGEM KANAN,TURUN,4,False,kanal,F8,3.7134697075907823,0.5056729173246322,1.051605368251154,4.175387828597641,-0.004841366613012044,kanan,frontotemporal,4.0,False,0.9650359262397893,7.014523589503346,1.2467839033755177,1.3223227080715585,-0.04193110080269247,,3.666917799107163
P33,AGEM KANAN,TURUN,4,False,kanal,T4,9.833814750650482,1.2346922385213805,1.190065761096844,5.799789218523545,-0.5066072106887471,kanan,temporal,3.0,False,0.9567525162017947,7.014523589503346,1.3852442962212077,2.9467240979974623,-0.5436969448784276,,3.666917799107163
P33,AGEM KANAN,TURUN,4,False,kanal,T6,16.761731488613812,1.3820683020244355,0.28942963468923777,2.9280122959288652,-0.3374716028748126,kanan,temporo-posterior,4.0,False,0.972655915803174,7.014523589503346,0.4846081698136015,0.07494717540278284,-0.374561337064493,,3.666917799107163
P33,AGEM KANAN,TURUN,4,False,area,frontopolar,10.222186913277014,0.47204946363696587,1.6569279706477267,5.630185143998335,0.046603642132688194,,frontopolar,2.0,True,0.9722519453846258,,,,,True,3.666917799107163
P33,AGEM KANAN,TURUN,4,False,area,frontal,11.50479128345021,0.8795236034221714,0.15284810444182395,2.1861962304225893,-0.7189234780881626,,frontal,4.0,False,0.9887057998636446,,,,,False,3.666917799107163
P33,AGEM KANAN,TURUN,4,False,area,frontotemporal,10.966358404340781,0.7489393539252336,0.8058160878157689,5.482874263028036,-0.7417213323146286,,frontotemporal,4.0,False,0.9912966311239598,,,,,True,3.666917799107163
P33,AGEM KANAN,TURUN,4,False,area,sentral,16.575277102312953,1.6174743347799951,0.7456664884435671,0.7166736180968432,-0.07361006788334645,,sentral,3.0,False,0.9858484899881822,,,,,False,3.666917799107163
P33,AGEM KANAN,TURUN,4,False,area,temporal,13.581964619026934,1.0836063356855243,3.7109037898867094,4.914927990897307,-1.6171869318291041,,temporal,3.0,False,0.9661177832394426,,,,,True,3.666917799107163
P33,AGEM KANAN,TURUN,4,False,area,parietal,12.01270885548459,1.1012344265474678,-0.2329605753454167,1.0186862136730905,0.5708015059582201,,parietal,4.0,False,0.949568229812512,,,,,False,3.666917799107163
P33,AGEM KANAN,TURUN,4,False,area,temporo-posterior,15.807634919203956,1.3197577443533302,0.6113050747484565,3.130665906238097,-1.8341011887189533,,temporo-posterior,4.0,False,0.9888638539102688,,,,,False,3.666917799107163
P33,AGEM KANAN,TURUN,4,False,area,oksipital,12.805948325128178,1.1067211919872353,-0.39943946570783107,1.479911126530172,-0.7293377771273777,,oksipital,4.0,False,0.9576949107374474,,,,,False,3.666917799107163
P33,AGEM KANAN,TAHAN,4,False,belahan,kiri,8.191134406046942,1.0817992816176636,-1.4868504262699056,3.112993202862184,-0.7247702847287776,,,,,,,,,,,3.666917799107163
P33,AGEM KANAN,TAHAN,4,False,belahan,kanan,5.25414151986595,0.6539151690331322,-1.080802810885864,1.7218169305525666,-0.175712343501929,,,,,,,,,,,3.666917799107163
P33,AGEM KANAN,TAHAN,4,False,kanal,Fp1,8.394416181728445,0.9246155928933752,-1.1797958558483992,3.775306232995167,0.05357311029689504,kiri,frontopolar,4.0,False,0.9914775325658208,8.191134406046942,0.3070545704215064,0.6623130301329834,0.7783433950256726,,3.666917799107163
P33,AGEM KANAN,TAHAN,4,False,kanal,F3,9.351968566938957,1.1056733659017541,-1.89798392355768,3.0759466753911084,-3.512169304108896,kiri,frontal,3.0,False,0.9152793866708339,8.191134406046942,-0.4111334972877745,-0.0370465274710754,-2.7873990193801186,,3.666917799107163
P33,AGEM KANAN,TAHAN,4,False,kanal,C3,8.625959793437517,1.114287222948151,-1.4486192465833188,2.261875791383282,-0.4069973633616555,kiri,sentral,3.0,False,0.8435099891978206,8.191134406046942,0.03823117968658685,-0.851117411478902,0.3177729213671221,,3.666917799107163
P33,AGEM KANAN,TAHAN,4,False,kanal,P3,5.651475007501112,0.5070738527973675,-1.9914570039879331,-0.22070996747392568,0.1998924533783184,kiri,parietal,3.0,False,0.7698103213388551,8.191134406046942,-0.5046065777180275,-3.3337031703361095,0.924662738107096,,3.666917799107163
P33,AGEM KANAN,TAHAN,4,False,kanal,O1,5.89170514460551,0.6347814998827062,-1.3245860534107146,0.7540824981268113,0.3190509907242176,kiri,oksipital,3.0,False,0.8921049168076107,8.191134406046942,0.16226437285919104,-2.3589107047353726,1.0438212754529952,,3.666917799107163
P33,AGEM KANAN,TAHAN,4,False,kanal,F7,6.710126751324573,1.0579251973335728,-1.8634021320343686,7.199198464584897,-1.7890821101225376,kiri,frontotemporal,3.0,False,0.9655028419384475,8.191134406046942,-0.37655170576446295,4.0862052617227125,-1.06431182539376,,3.666917799107163
P33,AGEM KANAN,TAHAN,4,False,kanal,T3,15.547966683557426,1.5895324414648524,1.515563417208296,3.553124164929285,-1.4717810040121824,kiri,temporal,3.0,False,0.9904971871832178,8.191134406046942,3.0024138434782017,0.440130962067101,-0.7470107192834048,,3.666917799107163
P33,AGEM KANAN,TAHAN,4,False,kanal,T5,7.987852630365438,1.3233781404129703,-1.5250816059564927,3.1500397303332592,-1.0425432060958997,kiri,temporo-posterior,3.0,False,0.9027213232810789,8.191134406046942,-0.03823117968658707,0.0370465274710754,-0.3177729213671221,,3.666917799107163
P33,AGEM KANAN,TAHAN,4,False,kanal,Fp2,7.5268996998212785,0.538172053638128,2.344046002427946,5.443401933509875,0.4989435546268294,kanan,frontopolar,2.0,True,0.9497020604525993,5.25414151986595,3.42484881331381,3.7215850029573088,0.6746558981287584,,3.666917799107163
P33,AGEM KANAN,TAHAN,4,False,kanal,F4,0.7564677468530832,0.3501124544826093,-0.35484340512068613,0.4872725949816177,0.2117641520678244,kanan,frontal,3.0,False,0.9221553045437016,5.25414151986595,0.7259594057651779,-1.234544335570949,0.3874764955697534,,3.666917799107163
P33,AGEM KANAN,TAHAN,4,False,kanal,C4,2.6794191035389545,1.013358053185207,-3.487194868449241,-0.05801834857814936,0.4661497520069038,kanan,sentral,3.0,False,0.9089947359452804,5.25414151986595,-2.406392057563377,-1.779835279130716,0.6418620955088328,,3.666917799107163
P33,AGEM KANAN,TAHAN,4,False,kanal,P4,10.34893829874925,1.179061948413647,-3.8699819038595153,1.3411868338640365,-0.5631888390716824,kanan,parietal,3.0,False,0.9065049461582295,5.25414151986595,-2.7891790929736513,-0.3806300966885301,-0.3874764955697534,,3.666917799107163
P33,AGEM KANAN,TAHAN,4,False,kanal,O2,3.6180449619876924,0.5683599837552726,2.2659375186877995,3.2453826127123304,-2.3401436924002903,kanan,oksipital,3.0,False,0.9763523168835705,5.25414151986595,3.3467403295736635,1.5235656821597638,-2.1644313488983613,,3.666917799107163
P33,AGEM KANAN,TAHAN,4,False,kanal,F8,5.590378662089705,0.5728793732486428,2.211961108639844,4.695711837730924,0.5531605859453999,kanan,frontotemporal,4.0,False,0.9771797637902516,5.25414151986595,3.292763919525708,2.9738949071783574,0.7288729294473288,,3.666917799107163
P33,AGEM KANAN,TAHAN,4,False,kanal,T4,5.069727705272761,0.7349509648176216,-2.085497687077585,1.0949662006706808,-0.9880464181141253,kanan,temporal,3.0,False,0.899129163838378,5.25414151986595,-1.0046948761917212,-0.6268507298818857,-0.8123340746121963,,3.666917799107163
P33,AGEM KANAN,TAHAN,4,False,kanal,T6,5.438555334459139,1.0690115931999715,-1.8067622166510422,2.1024470272410967,-1.740876105626474,kanan,temporo-posterior,3.0,False,0.927858981450682,5.25414151986595,-0.7259594057651781,0.3806300966885301,-1.565163762124545,,3.666917799107163
P33,AGEM KANAN,TAHAN,4,False,area,frontopolar,8.452584117761305,0.8826164893532304,0.2680222541892924,4.570145870865594,0.8468490598284549,,frontopolar,4.0,False,0.9864680874106471,,,,,True,3.666917799107163
P33,AGEM KANAN,TAHAN,4,False,area,frontal,3.8659639461128563,0.5440631981124961,-1.7490745458656578,-0.08050643464526952,-1.3325260048389214,,frontal,3.0,False,0.896686985439216,,,,,False,3.666917799107163
P33,AGEM KANAN,TAHAN,4,False,area,frontotemporal,7.253731155719905,0.8152586016229058,0.3660523586788095,5.064879646913056,-0.8109783365777186,,frontotemporal,4.0,False,0.9897756304063919,,,,,True,3.666917799107163
P33,AGEM KANAN,TAHAN,4,False,area,sentral,4.9261345990045555,0.8859859580397125,-3.2984244097130895,-0.023822118126918257,-1.0592785810005099,,sentral,3.0,False,0.868564372827985,,,,,False,3.666917799107163
P33,AGEM KANAN,TAHAN,4,False,area,temporal,11.320931550450545,1.1800773774195399,0.19477044668301413,1.7950678067842416,-1.7325926632911226,,temporal,3.0,False,0.9831109668716385,,,,,True,3.666917799107163
P33,AGEM KANAN,TAHAN,4,False,area,parietal,5.036970248020182,0.6289374211436791,-1.6983396827292239,1.411831303497416,0.06388056854463287,,parietal,3.0,False,0.8669004274040524,,,,,False,3.666917799107163
P33,AGEM KANAN,TAHAN,4,False,area,temporo-posterior,6.996131464161252,1.2451091115352395,-1.5085034389724847,2.954974526408904,-1.0045728903724682,,temporo-posterior,3.0,False,0.9166257253904141,,,,,False,3.666917799107163
P33,AGEM KANAN,TAHAN,4,False,area,oksipital,7.853297054527417,0.8398318079841758,-0.4732735938365762,1.1544661665899079,-0.802794221524296,,oksipital,3.0,False,0.9434641605125216,,,,,False,3.666917799107163
P33,AGEM KANAN,NAIK,2,False,belahan,kiri,-4.259949689065543,0.23288519909744743,-0.1102830990270216,0.622975925928354,-0.35440729290590345,,,,,,,,,,,3.666917799107163
P33,AGEM KANAN,NAIK,2,False,belahan,kanan,-2.55887707802448,0.5467036135174526,1.0108724208501951,1.460893735311947,0.49977866459400555,,,,,,,,,,,3.666917799107163
P33,AGEM KANAN,NAIK,2,False,kanal,Fp1,-4.259949689065543,0.23288519909744743,-0.1102830990270216,0.622975925928354,-0.35440729290590345,kiri,frontopolar,2.0,True,0.9668966943277361,-4.259949689065543,0.0,0.0,0.0,,3.666917799107163
P33,AGEM KANAN,NAIK,2,False,kanal,F3,,,,,,kiri,frontal,1.0,True,,-4.259949689065543,,,,,3.666917799107163
P33,AGEM KANAN,NAIK,2,False,kanal,C3,,,,,,kiri,sentral,1.0,True,,-4.259949689065543,,,,,3.666917799107163
P33,AGEM KANAN,NAIK,2,False,kanal,P3,,,,,,kiri,parietal,1.0,True,,-4.259949689065543,,,,,3.666917799107163
P33,AGEM KANAN,NAIK,2,False,kanal,O1,,,,,,kiri,oksipital,1.0,True,,-4.259949689065543,,,,,3.666917799107163
P33,AGEM KANAN,NAIK,2,False,kanal,F7,,,,,,kiri,frontotemporal,1.0,True,,-4.259949689065543,,,,,3.666917799107163
P33,AGEM KANAN,NAIK,2,False,kanal,T3,,,,,,kiri,temporal,1.0,True,,-4.259949689065543,,,,,3.666917799107163
P33,AGEM KANAN,NAIK,2,False,kanal,T5,,,,,,kiri,temporo-posterior,1.0,True,,-4.259949689065543,,,,,3.666917799107163
P33,AGEM KANAN,NAIK,2,False,kanal,Fp2,-6.9908004162981925,-0.16565448110325276,1.0108724208501951,1.0650212913728725,0.49977866459400555,kanan,frontopolar,2.0,True,0.9818608452993303,-2.55887707802448,0.0,-0.3958724439390746,0.0,,3.666917799107163
P33,AGEM KANAN,NAIK,2,False,kanal,F4,2.727028026446888,0.5467036135174526,-0.836883913371279,1.9451314839042158,2.1462038424271443,kanan,frontal,2.0,True,0.9118188171805393,-2.55887707802448,-1.847756334221474,0.48423774859226865,1.6464251778331387,,3.666917799107163
P33,AGEM KANAN,NAIK,2,False,kanal,C4,,,,,,kanan,sentral,1.0,True,,-2.55887707802448,,,,,3.666917799107163
P33,AGEM KANAN,NAIK,2,False,kanal,P4,,,,,,kanan,parietal,1.0,True,,-2.55887707802448,,,,,3.666917799107163
P33,AGEM KANAN,NAIK,2,False,kanal,O2,,,,,,kanan,oksipital,1.0,True,,-2.55887707802448,,,,,3.666917799107163
P33,AGEM KANAN,NAIK,2,False,kanal,F8,-2.55887707802448,0.5819812018468402,1.0615533006401368,1.460893735311947,-0.09774248336394453,kanan,frontotemporal,2.0,True,0.9288137876981345,-2.55887707802448,0.050680879789941624,0.0,-0.5975211479579501,,3.666917799107163
P33,AGEM KANAN,NAIK,2,False,kanal,T4,,,,,,kanan,temporal,1.0,True,,-2.55887707802448,,,,,3.666917799107163
P33,AGEM KANAN,NAIK,2,False,kanal,T6,,,,,,kanan,temporo-posterior,1.0,True,,-2.55887707802448,,,,,3.666917799107163
P33,AGEM KANAN,NAIK,2,False,area,frontopolar,-6.092035712806641,-0.09248022174307269,0.1239868334836941,0.42150228571140236,-0.6475549952831454,,frontopolar,2.0,True,0.963132973221815,,,,,True,3.666917799107163
P33,AGEM KANAN,NAIK,2,False,area,frontal,5.23304649102834,0.6430266605129848,-0.6159617949276947,2.3252970529604142,1.8542378979706249,,frontal,2.0,True,0.9095879473924634,,,,,False,3.666917799107163
P33,AGEM KANAN,NAIK,2,False,area,frontotemporal,-1.6857685793984345,0.6106283554434051,1.2153747065516411,2.3498645947003483,-1.0354150811964313,,frontotemporal,2.0,True,0.9492428019172887,,,,,True,3.666917799107163
P33,AGEM KANAN,NAIK,2,False,area,sentral,,,,,,,sentral,1.0,True,,,,,,False,3.666917799107163
P33,AGEM KANAN,NAIK,2,False,area,temporal,,,,,,,temporal,1.0,True,,,,,,True,3.666917799107163
P33,AGEM KANAN,NAIK,2,False,area,parietal,,,,,,,parietal,1.0,True,,,,,,False,3.666917799107163
P33,AGEM KANAN,NAIK,2,False,area,temporo-posterior,,,,,,,temporo-posterior,1.0,True,,,,,,False,3.666917799107163
P33,AGEM KANAN,NAIK,2,False,area,oksipital,,,,,,,oksipital,1.0,True,,,,,,False,3.666917799107163
P33,AGEM KANAN,POST,4,False,belahan,kiri,9.163088746250317,0.5588685224314369,3.049950585400129,3.6574793831628702,-0.9475505155350622,,,,,,,,,,,3.666917799107163
P33,AGEM KANAN,POST,4,False,belahan,kanan,15.249108595509853,0.7767573056550361,3.639419290502544,3.0720603886608324,0.1708524833604801,,,,,,,,,,,3.666917799107163
P33,AGEM KANAN,POST,4,False,kanal,Fp1,12.191615859104147,0.4417688897073295,5.197439980529688,2.9934042590568746,-0.8572622325288193,kiri,frontopolar,4.0,False,0.9640775070499039,9.163088746250317,2.1474893951295586,-0.6640751241059957,0.09028828300624292,,3.666917799107163
P33,AGEM KANAN,POST,4,False,kanal,F3,9.52444752277571,0.5024395851270964,3.586869446993549,5.221790789848118,-4.197026866246477,kiri,frontal,2.0,True,0.9814828892208111,9.163088746250317,0.5369188615934197,1.5643114066852477,-3.249476350711415,,3.666917799107163
P33,AGEM KANAN,POST,4,False,kanal,C3,6.9014502111778455,0.5552671710355568,2.7580117291512583,4.321554507268866,-1.0378387985413051,kiri,sentral,2.0,True,0.9811325391052211,9.163088746250317,-0.29193885624887095,0.6640751241059957,-0.09028828300624292,,3.666917799107163
P33,AGEM KANAN,POST,4,False,kanal,P3,7.454863882068942,0.5296688969634393,3.630333481987965,0.3621863725397976,0.9915711488706074,kiri,parietal,2.0,True,0.9804658571723287,9.163088746250317,0.5803828965878357,-3.2952930106230727,1.9391216644056697,,3.666917799107163
P33,AGEM KANAN,POST,4,False,kanal,O1,9.244445156397596,0.7260617220970711,1.9289877894401875,1.8395685347715913,0.12916223311764163,kiri,oksipital,2.0,True,0.97632592984254,9.163088746250317,-1.1209627959599417,-1.817910848391279,1.076712748652704,,3.666917799107163
P33,AGEM KANAN,POST,4,False,kanal,F7,9.081732336103038,0.5624698738273171,0.23435259625351867,7.7098291016593645,-2.530336080108516,kiri,frontotemporal,3.0,False,0.9769121658111464,9.163088746250317,-2.8155979891466103,4.052349718496494,-1.5827855645734537,,3.666917799107163
P33,AGEM KANAN,POST,4,False,kanal,T3,10.784584994413848,0.6746676938554124,1.8242433553079567,4.792112362917971,0.03362172120623175,kiri,temporal,2.0,True,0.963003892172385,9.163088746250317,-1.2257072300921725,1.1346329797551005,0.981172236741294,,3.666917799107163
P33,AGEM KANAN,POST,4,False,kanal,T5,8.539414272452298,0.9791308833077463,3.3418894416490006,2.477680254994648,-1.5011050643680992,kiri,temporo-posterior,3.0,False,0.9846422671470094,9.163088746250317,0.2919388562488714,-1.1797991281682223,-0.553554548833037,,3.666917799107163
P33,AGEM KANAN,POST,4,False,kanal,Fp2,15.380068732216088,0.5892572089192836,6.411041548328814,2.1205557246689337,0.5955791315759361,kanan,frontopolar,4.0,False,0.9548832286482338,15.249108595509853,2.7716222578262704,-0.9515046639918987,0.424726648215456,,3.666917799107163
P33,AGEM KANAN,POST,4,False,kanal,F4,22.581678553023146,1.2099935204523773,4.952788329676581,2.99727363282447,0.6446600038513126,kanan,frontal,2.0,True,0.981266249066321,15.249108595509853,1.3133690391740371,-0.0747867558363624,0.4738075204908325,,3.666917799107163
P33,AGEM KANAN,POST,4,False,kanal,C4,12.344463498594102,0.5705303046683823,3.1067646516151544,1.617479506855919,1.6401592061667996,kanan,sentral,2.0,True,0.9804438250023612,15.249108595509853,-0.5326546388873896,-1.4545808818049135,1.4693067228063195,,3.666917799107163
P33,AGEM KANAN,POST,4,False,kanal,P4,15.02535013681479,0.7610403250423071,2.1779619117862667,1.4613539211597142,-0.5977100318898656,kanan,parietal,3.0,False,0.9687532886423207,15.249108595509853,-1.4614573787162772,-1.6107064675011182,-0.7685625152503457,,3.666917799107163
P33,AGEM KANAN,POST,4,False,kanal,O2,15.118148458803617,0.9055374790560979,0.7049030008983781,3.4839442088548385,-1.768934794061515,kanan,oksipital,2.0,True,0.9848283125259917,15.249108595509853,-2.934516289604166,0.41188382019400605,-1.939787277421995,,3.666917799107163
P33,AGEM KANAN,POST,4,False,kanal,F8,15.742418853127937,0.4723522155509807,8.144780233354778,3.8800568342370227,0.5808285261493018,kanan,frontotemporal,2.0,True,0.9618940123721399,15.249108595509853,4.505360942852234,0.8079964455761903,0.4099760427888217,,3.666917799107163
P33,AGEM KANAN,POST,4,False,kanal,T4,10.036403974061443,0.7924742862677652,4.172073929389933,5.360925517464192,-1.7300198522255608,kanan,temporal,4.0,False,0.9895503455608211,15.249108595509853,0.5326546388873892,2.28886512880336,-1.9008723355860409,,3.666917799107163
P33,AGEM KANAN,POST,4,False,kanal,T6,23.521915003822244,1.1091500120317193,1.6826899589254662,3.146847144497195,-0.23912355942834163,kanan,temporo-posterior,2.0,True,0.9663664295371328,15.249108595509853,-1.9567293315770777,0.0747867558363624,-0.4099760427888217,,3.666917799107163
P33,AGEM KANAN,POST,4,False,area,frontopolar,14.369350530422068,0.5609463987174323,6.0808428009570505,2.6517794437661983,0.2278012409022947,,frontopolar,4.0,False,0.9615308731701518,,,,,True,3.666917799107163
P33,AGEM KANAN,POST,4,False,area,frontal,21.79239646116671,1.1882345665576899,4.973272972774655,3.3409345975303957,-0.17558832473350772,,frontal,2.0,True,0.9816270018723402,,,,,False,3.666917799107163
P33,AGEM KANAN,POST,4,False,area,frontotemporal,12.96449495156591,0.5302795220104128,7.065241409133188,5.346172961374215,-0.807815237064633,,frontotemporal,3.0,False,0.9746316424149064,,,,,True,3.666917799107163
P33,AGEM KANAN,POST,4,False,area,sentral,11.669987245996147,0.6379041320466745,3.3343104111763564,2.361790290594848,0.8625095989473128,,sentral,2.0,True,0.984935177324092,,,,,False,3.666917799107163
P33,AGEM KANAN,POST,4,False,area,temporal,9.504859264125741,0.6663853839811769,2.4730637489733955,4.082233622187808,-1.9976585802567992,,temporal,4.0,False,0.9908119779913137,,,,,True,3.666917799107163
P33,AGEM KANAN,POST,4,False,area,parietal,9.032300267272788,0.4016287484654497,4.035717781248815,1.259219522834314,-0.41667261417895496,,parietal,3.0,False,0.9736411954979802,,,,,False,3.666917799107163
P33,AGEM KANAN,POST,4,False,area,temporo-posterior,17.382972252205768,1.0857635114278166,3.006038107200791,4.014579399560159,-0.8751279770093552,,temporo-posterior,3.0,False,0.979294079497034,,,,,False,3.666917799107163
P33,AGEM KANAN,POST,4,False,area,oksipital,12.918538751925745,0.8449496525331881,1.113652815005897,1.958511476468947,-0.9382385231059471,,oksipital,2.0,True,0.9865821741425477,,,,,False,3.666917799107163
P33,AGEM KIRI,PRA,4,False,belahan,kiri,8.204499063102038,0.7853146063037276,2.227237237950349,5.361168303752551,-1.133506332107027,,,,,,,,,,,3.666917799107163
P33,AGEM KIRI,PRA,4,False,belahan,kanan,5.029384724277456,0.5159680039577604,2.927533415856812,3.050060049718409,-0.5415487434433949,,,,,,,,,,,3.666917799107163
P33,AGEM KIRI,PRA,4,False,kanal,Fp1,4.664177449928317,0.2308328543812166,3.1388769273133814,2.9491727721325436,-0.6810473599002349,kiri,frontopolar,3.0,False,0.9733155210835306,8.204499063102038,0.9116396893630325,-2.4119955316200077,0.452458972206792,,3.666917799107163
P33,AGEM KIRI,PRA,4,False,kanal,F3,12.494069415059101,1.0377812716722912,2.906075603393831,6.718939042441656,-3.4812831982238586,kiri,frontal,2.0,True,0.9822158698714007,8.204499063102038,0.678838365443482,1.357770738689105,-2.3477768661168317,,3.666917799107163
P33,AGEM KIRI,PRA,4,False,kanal,C3,9.273100060824547,0.9389643150035014,1.9003253958767485,5.769510731933674,0.04306923879755509,kiri,sentral,2.0,True,0.9753893601762196,8.204499063102038,-0.32691184207360036,0.40834242818112276,1.176575570904582,,3.666917799107163
P33,AGEM KIRI,PRA,4,False,kanal,P3,1.6381982814184752,0.4114519574411093,2.2421276937274017,3.740793614745283,1.7378669867810967,kiri,parietal,2.0,True,0.9771240388622315,8.204499063102038,0.014890455777052836,-1.620374689007268,2.8713733188881236,,3.666917799107163
P33,AGEM KIRI,PRA,4,False,kanal,O1,3.9510978305531737,0.6575442727526097,0.5974103066993541,1.9519839888190607,0.983952216292816,kiri,oksipital,2.0,True,0.960982736968799,8.204499063102038,-1.6298269312509948,-3.4091843149334906,2.117458548399843,,3.666917799107163
P33,AGEM KIRI,PRA,4,False,kanal,F7,10.426562679154493,0.7317026718983037,2.3050734834743,5.366868608017439,-2.091766037205394,kiri,frontotemporal,2.0,True,0.9764451339081694,8.204499063102038,0.07783624552395096,0.00570030426488799,-0.9582597050983672,,3.666917799107163
P33,AGEM KIRI,PRA,4,False,kanal,T3,10.729407831985974,0.8389265407091515,0.6850309782772407,5.586430142939387,-2.217795974810696,kiri,temporal,2.0,True,0.9760450599642434,8.204499063102038,-1.542206259673108,0.2252618391868353,-1.084289642703669,,3.666917799107163
P33,AGEM KIRI,PRA,4,False,kanal,T5,7.1358980653795285,0.8828434853438683,2.2123467821732965,5.355467999487663,-1.5859653043138189,kiri,temporo-posterior,2.0,True,0.974287122580813,8.204499063102038,-0.014890455777052392,-0.00570030426488799,-0.452458972206792,,3.666917799107163
P33,AGEM KIRI,PRA,4,False,kanal,Fp2,0.5530124272161245,0.1774805415096441,3.1455156045025654,4.759771383660649,1.483887499903937,kanan,frontopolar,3.0,False,0.9676361882311483,5.029384724277456,0.21798218864575336,1.7097113339422396,2.025436243347332,,3.666917799107163
P33,AGEM KIRI,PRA,4,False,kanal,F4,5.679717688496034,0.40788154269262655,0.2173500501297282,3.4238759817997995,0.881579584543708,kanan,frontal,2.0,True,0.9312511582309798,5.029384724277456,-2.710183365727084,0.3738159320813903,1.423128327987103,,3.666917799107163
P33,AGEM KIRI,PRA,4,False,kanal,C4,4.911358745539253,0.4586755813564185,2.7437537261671183,2.645494859623166,-0.4834992450881235,kanan,sentral,2.0,True,0.9866272130054824,5.029384724277456,-0.18377968968969371,-0.40456519009524294,0.0580494983552714,,3.666917799107163
P33,AGEM KIRI,PRA,4,False,kanal,P4,12.854925690680762,1.2387808146491324,-0.3698920695971426,1.0153022260825635,-0.5995982417986663,kanan,parietal,2.0,True,0.9774457858413784,5.029384724277456,-3.297425485453955,-2.0347578236358457,-0.0580494983552714,,3.666917799107163
P33,AGEM KIRI,PRA,4,False,kanal,O2,5.605379312782517,0.8400523613521578,3.699222254508836,2.676244117637019,-2.3518822914072994,kanan,oksipital,2.0,True,0.969368797400385,5.029384724277456,0.771688838652024,-0.3738159320813903,-1.8103335479639044,,3.666917799107163
P33,AGEM KIRI,PRA,4,False,kanal,F8,1.5359146867066684,0.40045839144228634,3.1113131055465058,4.457498905544552,0.9540607987249314,kanan,frontotemporal,2.0,True,0.9781388295416343,5.029384724277456,0.18377968968969371,1.4074388558261433,1.4956095421683262,,3.666917799107163
P33,AGEM KIRI,PRA,4,False,kanal,T4,2.7890812825087536,0.5732604265591024,4.7606304225064555,4.866179617885066,-1.942935643244705,kanan,temporal,2.0,True,0.9877244806216502,5.029384724277456,1.8330970066496435,1.8161195681666564,-1.40138689980131,,3.666917799107163
P33,AGEM KIRI,PRA,4,False,kanal,T6,5.147410703015659,0.9395022755192675,1.2331636393948775,1.0354276084619096,-0.7540350576801,kanan,temporo-posterior,2.0,True,0.9720303300900931,5.029384724277456,-1.6943697764619345,-2.0146324412564995,-0.21248631423670516,,3.666917799107163
P33,AGEM KIRI,PRA,4,False,area,frontopolar,3.147030451983042,0.27507330104055927,3.3767233353319863,3.988113012428191,0.803737704573373,,frontopolar,3.0,False,0.9794491302990076,,,,,True,3.666917799107163
P33,AGEM KIRI,PRA,4,False,area,frontal,8.153326538453598,0.621626411511959,0.6222605284230537,3.6737097058870214,0.08957582843971146,,frontal,2.0,True,0.9753139315662813,,,,,False,3.666917799107163
P33,AGEM KIRI,PRA,4,False,area,frontotemporal,6.640287746457481,0.5763651125962559,2.9216440128618846,3.950956295781974,-0.8895353582444041,,frontotemporal,2.0,True,0.9814071377591492,,,,,True,3.666917799107163
P33,AGEM KIRI,PRA,4,False,area,sentral,6.505343383411926,0.6398941542813172,2.4960784709406068,3.830717252442777,-0.31340632002779634,,sentral,2.0,True,0.9900787445535947,,,,,False,3.666917799107163
P33,AGEM KIRI,PRA,4,False,area,temporal,9.072711588795919,0.8193562028903636,1.4827905276991482,4.879345032258609,-2.483099634101295,,temporal,2.0,True,0.9825296282247965,,,,,True,3.666917799107163
P33,AGEM KIRI,PRA,4,False,area,parietal,5.649138715026531,0.6508995076123438,1.6585384543087884,2.3110801147798905,-0.25612432030776944,,parietal,2.0,True,0.9846287240402357,,,,,False,3.666917799107163
P33,AGEM KIRI,PRA,4,False,area,temporo-posterior,6.322507746485961,0.8902566944304633,1.8720823960667414,4.439166675995171,-1.1215526209298952,,temporo-posterior,2.0,True,0.9820235104784822,,,,,False,3.666917799107163
P33,AGEM KIRI,PRA,4,False,area,oksipital,4.172662975199998,0.6681533983857295,2.6483232332129236,2.087549108190565,-0.8781878581338127,,oksipital,2.0,True,0.9829536272500383,,,,,False,3.666917799107163
P33,AGEM KIRI,TURUN,3,False,belahan,kiri,14.206751758533315,1.078211820377227,2.2123379908534155,6.887657199696777,-0.416545454079857,,,,,,,,,,,3.666917799107163
P33,AGEM KIRI,TURUN,3,False,belahan,kanan,10.591701255304777,0.722188787440734,0.8055954184374042,1.8320342523437936,0.8663432000531817,,,,,,,,,,,3.666917799107163
P33,AGEM KIRI,TURUN,3,False,kanal,Fp1,16.92571866136906,1.0263355556333,-0.7634166884446976,4.146627050403817,1.043052128561557,kiri,frontopolar,2.0,True,0.9652378865642627,14.206751758533315,-2.975754679298113,-2.7410301492929605,1.459597582641414,,3.666917799107163
P33,AGEM KIRI,TURUN,3,False,kanal,F3,,,,,,kiri,frontal,1.0,True,,14.206751758533315,,,,,3.666917799107163
P33,AGEM KIRI,TURUN,3,False,kanal,C3,,,,,,kiri,sentral,1.0,True,,14.206751758533315,,,,,3.666917799107163
P33,AGEM KIRI,TURUN,3,False,kanal,P3,,,,,,kiri,parietal,1.0,True,,14.206751758533315,,,,,3.666917799107163
P33,AGEM KIRI,TURUN,3,False,kanal,O1,,,,,,kiri,oksipital,1.0,True,,14.206751758533315,,,,,3.666917799107163
P33,AGEM KIRI,TURUN,3,False,kanal,F7,15.25359134750309,1.130088085121154,2.2323989753868547,9.628219887859363,0.06715346118535193,kiri,frontotemporal,2.0,True,0.9507197155953008,14.206751758533315,0.020060984533439186,2.7405626881625853,0.4836989152652089,,3.666917799107163
P33,AGEM KIRI,TURUN,3,False,kanal,T3,8.187023030488476,0.7186988642629166,6.745108343558636,8.587664041538448,-0.9002443693450659,kiri,temporal,2.0,True,0.952522306048119,14.206751758533315,4.532770352705221,1.7000068418416703,-0.4836989152652089,,3.666917799107163
P33,AGEM KIRI,TURUN,3,False,kanal,T5,13.15991216956354,1.1605623616550835,2.1922770063199764,5.187650357855108,-1.8097909579760492,kiri,temporo-posterior,2.0,True,0.93121008370069,14.206751758533315,-0.020060984533439186,-1.7000068418416694,-1.3932455038961922,,3.666917799107163
P33,AGEM KIRI,TURUN,3,False,kanal,Fp2,10.217896902561371,0.722188787440734,0.17705729178308927,0.15357750815770377,1.316331463931741,kanan,frontopolar,3.0,False,0.9807122263403184,10.591701255304777,-0.628538126654315,-1.6784567441860898,0.4499882638785593,,3.666917799107163
P33,AGEM KIRI,TURUN,3,False,kanal,F4,6.901644875240336,0.6508745024853213,2.8857749693230104,1.5310327253969773,0.8663432000531817,kanan,frontal,2.0,True,0.9749979859869694,10.591701255304777,2.0801795508856062,-0.30100152694681626,0.0,,3.666917799107163
P33,AGEM KIRI,TURUN,3,False,kanal,C4,,,,,,kanan,sentral,1.0,True,,10.591701255304777,,,,,3.666917799107163
P33,AGEM KIRI,TURUN,3,False,kanal,P4,18.21405263405428,1.49629149676408,-2.230065623933229,1.8320342523437936,0.9947719051330681,kanan,parietal,2.0,True,0.8749153757140291,10.591701255304777,-3.035661042370633,0.0,0.12842870507988646,,3.666917799107163
P33,AGEM KIRI,TURUN,3,False,kanal,O2,10.591701255304777,0.4197606997017085,4.104139222919047,6.24330974741758,-3.065618647061898,kanan,oksipital,2.0,True,0.9656178569713207,10.591701255304777,3.2985438044816426,4.411275495073786,-3.9319618471150797,,3.666917799107163
P33,AGEM KIRI,TURUN,3,False,kanal,F8,6.575826624417239,0.5128781962469906,4.572651495001234,1.4567837585090566,1.5553278070698529,kanan,frontotemporal,2.0,True,0.9657154934824516,10.591701255304777,3.76705607656383,-0.37525049383473696,0.6889846070166712,,3.666917799107163
P33,AGEM KIRI,TURUN,3,False,kanal,T4,12.486284032972904,0.8841006813575916,0.6297471180240166,3.1407268225988925,-1.2060234933608147,kanan,temporal,2.0,True,0.9649135143218015,10.591701255304777,-0.17584830041338761,1.3086925702550989,-2.072366693413996,,3.666917799107163
P33,AGEM KIRI,TURUN,3,False,kanal,T6,23.030090315927474,1.5581926417000571,0.8055954184374042,3.262567809812028,-0.6970033733200491,kanan,temporo-posterior,2.0,True,0.9406424858803478,10.591701255304777,0.0,1.4305335574682343,-1.5633465733732308,,3.666917799107163
P33,AGEM KIRI,TURUN,3,False,area,frontopolar,12.772358956814408,0.8746716327556281,-0.3718003426465927,2.128713197568768,1.3149682464991552,,frontopolar,3.0,False,0.9819428878252585,,,,,True,3.666917799107163
P33,AGEM KIRI,TURUN,3,False,area,frontal,9.99565624981281,0.8457525911661559,1.608214708934557,2.716590628474161,0.5891865588432648,,frontal,2.0,True,0.9812223125324598,,,,,False,3.666917799107163
P33,AGEM KIRI,TURUN,3,False,area,frontotemporal,13.483745951164195,0.9818345822013774,2.317838632013344,5.000208974533043,0.670422535083254,,frontotemporal,2.0,True,0.9769887801012294,,,,,True,3.666917799107163
P33,AGEM KIRI,TURUN,3,False,area,sentral,,,,,,,sentral,1.0,True,,,,,,False,3.666917799107163
P33,AGEM KIRI,TURUN,3,False,area,temporal,10.744320907738917,0.7313058567146848,3.0215343853673633,4.86474045519037,-1.8992027433847651,,temporal,2.0,True,0.9744073628575743,,,,,True,3.666917799107163
P33,AGEM KIRI,TURUN,3,False,area,parietal,12.757217929640063,1.114672418197768,-0.21987517596364858,2.4385480324838187,1.3532565817214723,,parietal,2.0,True,0.915433638895259,,,,,False,3.666917799107163
P33,AGEM KIRI,TURUN,3,False,area,temporo-posterior,19.671452274848157,1.4664743057165204,1.3626674162668366,4.130538896572563,-1.3550593382223708,,temporo-posterior,2.0,True,0.9803863701093144,,,,,False,3.666917799107163
P33,AGEM KIRI,TURUN,3,False,area,oksipital,10.178934885420787,0.49410089111749067,4.20015969899659,4.341492509471086,-1.445303564644549,,oksipital,2.0,True,0.9696248042553774,,,,,False,3.666917799107163
P33,AGEM KIRI,TAHAN,2,False,belahan,kiri,2.045989457680843,0.18894678409546917,0.6646725042046896,6.755724751410412,-1.3195146363212684,,,,,,,,,,,3.666917799107163
P33,AGEM KIRI,TAHAN,2,False,belahan,kanan,1.5820915200235621,0.5264197591223976,0.7403383415528524,2.171262720791879,-0.24664596385112014,,,,,,,,,,,3.666917799107163
P33,AGEM KIRI,TAHAN,2,False,kanal,Fp1,4.758299778188508,0.17243836748268393,-0.04881855121950629,3.817232513005671,-0.7184799893771077,kiri,frontopolar,2.0,True,0.9931518190396268,2.045989457680843,-0.7134910554241959,-2.938492238404741,0.6010346469441608,,3.666917799107163
P33,AGEM KIRI,TAHAN,2,False,kanal,F3,,,,,,kiri,frontal,1.0,True,,2.045989457680843,,,,,3.666917799107163
P33,AGEM KIRI,TAHAN,2,False,kanal,C3,,,,,,kiri,sentral,1.0,True,,2.045989457680843,,,,,3.666917799107163
P33,AGEM KIRI,TAHAN,2,False,kanal,P3,,,,,,kiri,parietal,1.0,True,,2.045989457680843,,,,,3.666917799107163
P33,AGEM KIRI,TAHAN,2,False,kanal,O1,,,,,,kiri,oksipital,1.0,True,,2.045989457680843,,,,,3.666917799107163
P33,AGEM KIRI,TAHAN,2,False,kanal,F7,-0.6663208628268222,0.2054552007082544,1.3781635596288855,9.694216989815153,-1.9205492832654294,kiri,frontotemporal,2.0,True,0.9870383263452143,2.045989457680843,0.7134910554241959,2.9384922384047414,-0.601034646944161,,3.666917799107163
P33,AGEM KIRI,TAHAN,2,False,kanal,T3,,,,,,kiri,temporal,1.0,True,,2.045989457680843,,,,,3.666917799107163
P33,AGEM KIRI,TAHAN,2,False,kanal,T5,,,,,,kiri,temporo-posterior,1.0,True,,2.045989457680843,,,,,3.666917799107163
P33,AGEM KIRI,TAHAN,2,False,kanal,Fp2,1.3738571083080657,-0.2697479672075074,0.5360419055224003,1.1559815340480872,0.012317112999024049,kanan,frontopolar,2.0,True,0.9732470285911964,1.5820915200235621,-0.2042964360304521,-1.0152811867437919,0.2589630768501442,,3.666917799107163
P33,AGEM KIRI,TAHAN,2,False,kanal,F4,,,,,,kanan,frontal,1.0,True,,1.5820915200235621,,,,,3.666917799107163
P33,AGEM KIRI,TAHAN,2,False,kanal,C4,,,,,,kanan,sentral,1.0,True,,1.5820915200235621,,,,,3.666917799107163
P33,AGEM KIRI,TAHAN,2,False,kanal,P4,1.7903259317390585,0.41262766176206667,-3.0205360498186975,2.899024283231275,-0.13719428693848146,kanan,parietal,2.0,True,0.8934573028584586,1.5820915200235621,-3.7608743913715497,0.727761562439396,0.10945167691263868,,3.666917799107163
P33,AGEM KIRI,TAHAN,2,False,kanal,O2,10.835216497417946,0.8932400156669378,-0.413413382315464,2.464022980368614,-3.8489394255874356,kanan,oksipital,2.0,True,0.9272180026105595,1.5820915200235621,-1.1537517238683164,0.2927602595767347,-3.6022934617363154,,3.666917799107163
P33,AGEM KIRI,TAHAN,2,False,kanal,F8,-3.186635229018435,-0.5908223601022986,1.9544614497733188,1.8785024612151444,-0.3560976407637588,kanan,frontotemporal,2.0,True,0.9909389545308427,1.5820915200235621,1.2141231082204664,-0.2927602595767347,-0.10945167691263868,,3.666917799107163
P33,AGEM KIRI,TAHAN,2,False,kanal,T4,-1.5279894018137625,0.8479168144887417,0.9446347775833044,6.0570337853769,-0.024413166829564847,kanan,temporal,2.0,True,0.9554989729497267,1.5820915200235621,0.204296436030452,3.885771064585021,0.2222327970215553,,3.666917799107163
P33,AGEM KIRI,TAHAN,2,False,kanal,T6,8.995693652791921,0.6402118564827286,2.628462920851243,-0.6314881471763027,-2.488752710520444,kanan,temporo-posterior,2.0,True,0.8743895315420493,1.5820915200235621,1.8881245792983907,-2.802750867968182,-2.242106746669324,,3.666917799107163
P33,AGEM KIRI,TAHAN,2,False,area,frontopolar,1.181254258914862,-0.20889431088216437,0.9698559193115935,2.6854566930949417,-0.15111230098356732,,frontopolar,2.0,True,0.9895352513412761,,,,,True,3.666917799107163
P33,AGEM KIRI,TAHAN,2,False,area,frontal,,,,,,,frontal,1.0,True,,,,,,False,3.666917799107163
P33,AGEM KIRI,TAHAN,2,False,area,frontotemporal,-2.691037901233095,-0.3844053405979049,1.5980683995594374,4.614782978059546,-1.46790380078148,,frontotemporal,2.0,True,0.995360039576075,,,,,True,3.666917799107163
P33,AGEM KIRI,TAHAN,2,False,area,sentral,,,,,,,sentral,1.0,True,,,,,,False,3.666917799107163
P33,AGEM KIRI,TAHAN,2,False,area,temporal,-1.167742472354405,0.7486082345904927,1.5427060902218175,5.617332501220245,-0.3509195558140008,,temporal,2.0,True,0.9324415057234666,,,,,True,3.666917799107163
P33,AGEM KIRI,TAHAN,2,False,area,parietal,-5.97207556261036,-0.17669456055288457,-0.3296067815418089,3.3840139071935305,0.9017759042510587,,parietal,2.0,True,0.8372368119174936,,,,,False,3.666917799107163
P33,AGEM KIRI,TAHAN,2,False,area,temporo-posterior,6.968797683013875,0.643646561782582,2.296007592230119,-0.34437113314181955,-2.5403440323569817,,temporo-posterior,2.0,True,0.872104362677853,,,,,False,3.666917799107163
P33,AGEM KIRI,TAHAN,2,False,area,oksipital,9.548386760265537,0.8453519086751986,0.24797370932848994,0.6200575335075653,-2.017711799376365,,oksipital,2.0,True,0.9146786093352144,,,,,False,3.666917799107163
P33,AGEM KIRI,NAIK,3,False,belahan,kiri,4.160481954813108,0.5193978497010422,-1.2558947914831053,5.311206358058476,-0.6447107349720029,,,,,,,,,,,3.666917799107163
P33,AGEM KIRI,NAIK,3,False,belahan,kanan,5.615660201795361,0.36536695961172416,1.0276415223325237,1.8327091552071848,0.42016164355730473,,,,,,,,,,,3.666917799107163
P33,AGEM KIRI,NAIK,3,False,kanal,Fp1,1.9071818979812747,0.19754416903902783,-0.25069181461768464,2.519591608344638,0.27048380652285187,kiri,frontopolar,2.0,True,0.9897648108497281,4.160481954813108,1.0052029768654207,-2.7916147497138377,0.9151945414948548,,3.666917799107163
P33,AGEM KIRI,NAIK,3,False,kanal,F3,,,,,,kiri,frontal,1.0,True,,4.160481954813108,,,,,3.666917799107163
P33,AGEM KIRI,NAIK,3,False,kanal,C3,,,,,,kiri,sentral,1.0,True,,4.160481954813108,,,,,3.666917799107163
P33,AGEM KIRI,NAIK,3,False,kanal,P3,,,,,,kiri,parietal,1.0,True,,4.160481954813108,,,,,3.666917799107163
P33,AGEM KIRI,NAIK,3,False,kanal,O1,,,,,,kiri,oksipital,1.0,True,,4.160481954813108,,,,,3.666917799107163
P33,AGEM KIRI,NAIK,3,False,kanal,F7,6.41378201164494,0.8412515303630566,-2.261097768348526,8.102821107772314,-1.5599052764668577,kiri,frontotemporal,2.0,True,0.9250040307429528,4.160481954813108,-1.0052029768654207,2.7916147497138386,-0.9151945414948548,,3.666917799107163
P33,AGEM KIRI,NAIK,3,False,kanal,T3,,,,,,kiri,temporal,0.0,True,,4.160481954813108,,,,,3.666917799107163
P33,AGEM KIRI,NAIK,3,False,kanal,T5,,,,,,kiri,temporo-posterior,0.0,True,,4.160481954813108,,,,,3.666917799107163
P33,AGEM KIRI,NAIK,3,False,kanal,Fp2,-1.336141071669097,-0.20822100446002656,-0.46520615993381365,0.19853118478244625,0.7507836676860572,kanan,frontopolar,2.0,True,0.9535277201872117,5.615660201795361,-1.4928476822663375,-1.6341779704247386,0.33062202412875247,,3.666917799107163
P33,AGEM KIRI,NAIK,3,False,kanal,F4,5.709340112442916,0.560289246604146,0.7011702624567268,0.8647229161765813,0.08953961942855226,kanan,frontal,3.0,False,0.9870419081055665,5.615660201795361,-0.32647125987579695,-0.9679862390306035,-0.33062202412875247,,3.666917799107163
P33,AGEM KIRI,NAIK,3,False,kanal,C4,,,,,,kanan,sentral,1.0,True,,5.615660201795361,,,,,3.666917799107163
P33,AGEM KIRI,NAIK,3,False,kanal,P4,12.160254644719156,1.034325292682186,6.433683179894333,4.303313286139414,3.2570286442774528,kanan,parietal,2.0,True,0.9289210925096706,5.615660201795361,5.406041657561809,2.470604130932229,2.836867000720148,,3.666917799107163
P33,AGEM KIRI,NAIK,3,False,kanal,O2,5.655797006173437,0.1704446726193023,3.9677247214280715,9.229716032184822,-2.209419579609605,kanan,oksipital,2.0,True,0.9797960065735101,5.615660201795361,2.9400831990955476,7.3970068769776365,-2.62958122316691,,3.666917799107163
P33,AGEM KIRI,NAIK,3,False,kanal,F8,-2.9264969086363877,-0.1821512170815942,-1.2283660723482752,0.7220916395917287,1.0698817725079404,kanan,frontotemporal,3.0,False,0.910786595863306,5.615660201795361,-2.256007594680799,-1.110617515615456,0.6497201289506356,,3.666917799107163
P33,AGEM KIRI,NAIK,3,False,kanal,T4,,,,,,kanan,temporal,1.0,True,,5.615660201795361,,,,,3.666917799107163
P33,AGEM KIRI,NAIK,3,False,kanal,T6,5.575523397417285,0.7625481167235457,1.3541127822083205,2.8006953942377883,-1.7709788333496335,kanan,temporo-posterior,3.0,False,0.9784545040992406,5.615660201795361,0.32647125987579684,0.9679862390306035,-2.1911404769069383,,3.666917799107163
P33,AGEM KIRI,NAIK,3,False,area,frontopolar,-1.5888379253756284,-0.1698112959735758,0.30715039162584556,1.4277870572652125,0.5982750727829721,,frontopolar,2.0,True,0.9880553321827293,,,,,True,3.666917799107163
P33,AGEM KIRI,NAIK,3,False,area,frontal,8.356397176986995,0.6586597860900039,0.7563781585161444,1.2329183394716932,-0.22195695322282627,,frontal,3.0,False,0.9810511041807589,,,,,False,3.666917799107163
P33,AGEM KIRI,NAIK,3,False,area,frontotemporal,0.17887862812799682,0.06828103422916731,-1.8369980145079527,3.0866994780173718,-0.7376577435254612,,frontotemporal,3.0,False,0.9287049641258717,,,,,True,3.666917799107163
P33,AGEM KIRI,NAIK,3,False,area,sentral,,,,,,,sentral,1.0,True,,,,,,False,3.666917799107163
P33,AGEM KIRI,NAIK,3,False,area,temporal,,,,,,,temporal,1.0,True,,,,,,True,3.666917799107163
P33,AGEM KIRI,NAIK,3,False,area,parietal,11.996947741306585,0.9611421514299736,5.503025697957654,2.8205358660434943,2.669203434330076,,parietal,3.0,False,0.9705267349205234,,,,,False,3.666917799107163
P33,AGEM KIRI,NAIK,3,False,area,temporo-posterior,6.859863330681073,1.0204523098875642,1.6448616532068359,3.4688589542179264,-1.9969807066596934,,temporo-posterior,3.0,False,0.9784545040992406,,,,,False,3.666917799107163
P33,AGEM KIRI,NAIK,3,False,area,oksipital,8.934181358559506,0.5696780076258636,2.50967981892825,6.3986723333735025,-0.8655935716937899,,oksipital,3.0,False,0.9909825147005022,,,,,False,3.666917799107163
P33,AGEM KIRI,POST,3,False,belahan,kiri,17.376053440723,0.7162407688443557,3.9742656018829505,7.0954108038653025,-1.0692660251709358,,,,,,,,,,,3.666917799107163
P33,AGEM KIRI,POST,3,False,belahan,kanan,15.329619559303758,0.3633254220419285,3.9935427726084733,2.5413126443805196,-0.8353351984224944,,,,,,,,,,,3.666917799107163
P33,AGEM KIRI,POST,3,False,kanal,Fp1,16.238367247548467,0.25472009150124775,4.152754312267682,4.571662196439138,-0.8309232412895171,kiri,frontopolar,3.0,False,0.9817814525166476,17.376053440723,0.17848871038473124,-2.523748607426165,0.23834278388141872,,3.666917799107163
P33,AGEM KIRI,POST,3,False,kanal,F3,22.99928795559738,0.6273258147364822,3.4858243004004605,7.3468458228546005,-4.00426247816061,kiri,frontal,3.0,False,0.9803726185473622,17.376053440723,-0.48844130148249,0.251435018989298,-2.9349964529896746,,3.666917799107163
P33,AGEM KIRI,POST,3,False,kanal,C3,22.07374644036561,1.0743993306527684,4.354637133913875,6.8439757848760046,-0.8063545918538544,kiri,sentral,3.0,False,0.9885564455205847,17.376053440723,0.38037153203092444,-0.251435018989298,0.26291143331708144,,3.666917799107163
P33,AGEM KIRI,POST,3,False,kanal,P3,17.093805872210147,0.8051557229522293,5.39509830464169,5.10956401743391,0.9038528922188376,kiri,parietal,3.0,False,0.9832806140280408,17.376053440723,1.420832702758739,-1.9858467864313925,1.9731189173897734,,3.666917799107163
P33,AGEM KIRI,POST,3,False,kanal,O1,11.027850078553065,0.20150236098199703,4.3215177522498385,3.9250976790365706,-0.8121629792031941,kiri,oksipital,3.0,False,0.9889757529637256,17.376053440723,0.34725215036688795,-3.170313124828732,0.2571030459677417,,3.666917799107163
P33,AGEM KIRI,POST,3,False,kanal,F7,17.630593344936138,0.5110426772879657,1.8177725779978227,8.728342769814734,-2.3598982101706563,kiri,frontotemporal,3.0,False,0.9890322454109446,17.376053440723,-2.156493023885128,1.6329319659494317,-1.2906321849997204,,3.666917799107163
P33,AGEM KIRI,POST,3,False,kanal,T3,18.449260208969385,0.9908414262575942,2.387925920638894,8.168684437852846,-1.3076088090523543,kiri,temporal,3.0,False,0.988571049507706,17.376053440723,-1.5863396812440564,1.0732736339875437,-0.2383427838814185,,3.666917799107163
P33,AGEM KIRI,POST,3,False,kanal,T5,17.12151353650986,0.9441186317828012,3.7957768914982197,7.694375041428142,-1.7418238336433227,kiri,temporo-posterior,3.0,False,0.9856756935327137,17.376053440723,-0.1784887103847308,0.5989642375628392,-0.6725578084723869,,3.666917799107163
P33,AGEM KIRI,POST,3,False,kanal,Fp2,15.152939019165835,0.12351164016626259,7.005439006170153,2.671531344112422,0.06144996205417108,kanan,frontopolar,3.0,False,0.977026690726694,15.329619559303758,3.01189623356168,0.13021869973190237,0.8967851604766655,,3.666917799107163
P33,AGEM KIRI,POST,3,False,kanal,F4,14.457791633016633,0.2606770295648213,5.651803194145731,2.2249597337001124,-0.18582580728057163,kanan,frontal,3.0,False,0.9731572461215459,15.329619559303758,1.6582604215372574,-0.3163529106804073,0.6495093911419227,,3.666917799107163
P33,AGEM KIRI,POST,3,False,kanal,C4,16.78747191863642,0.5901831958267647,1.9574916094035184,1.4907445416438292,0.31378369322938293,kanan,sentral,3.0,False,0.98932671047789,15.329619559303758,-2.036051163204955,-1.0505681027366904,1.1491188916518773,,3.666917799107163
P33,AGEM KIRI,POST,3,False,kanal,P4,17.36438431607888,0.6179123333970981,-0.48873157053660243,2.4110939446486173,-1.1628111953050038,kanan,parietal,3.0,False,0.9407105178205825,15.329619559303758,-4.482274343145075,-0.13021869973190237,-0.3274759968825094,,3.666917799107163
P33,AGEM KIRI,POST,3,False,kanal,O2,12.997189259414682,0.33084189374794293,3.302953488405529,7.2651757699131725,-3.0693029315001894,kanan,oksipital,3.0,False,0.9925269050602145,15.329619559303758,-0.6905892842029444,4.723863125532652,-2.2339677330776953,,3.666917799107163
P33,AGEM KIRI,POST,3,False,kanal,F8,15.506300099441681,0.27605106802171164,6.919468610279965,2.675462384452992,-0.507859201539985,kanan,frontotemporal,3.0,False,0.9695303218674852,15.329619559303758,2.925925837671492,0.1341497400724725,0.3274759968825094,,3.666917799107163
P33,AGEM KIRI,POST,3,False,kanal,T4,10.939866475115522,0.3958089503359141,2.7727107096540875,2.9039904727509556,-1.4031721060961801,kanan,temporal,3.0,False,0.9450445493182691,15.329619559303758,-1.2208320629543858,0.36267782837043594,-0.5678369076736858,,3.666917799107163
P33,AGEM KIRI,POST,3,False,kanal,T6,20.798735895594618,0.7893107619310977,4.684132056811418,1.9962193857478052,-1.3110175544144451,kanan,temporo-posterior,3.0,False,0.9603076604095065,15.329619559303758,0.6905892842029444,-0.5450932586327144,-0.47568235599195074,,3.666917799107163
P33,AGEM KIRI,POST,3,False,area,frontopolar,15.526833653330215,0.20518458203272227,6.279302000332976,3.8183081412463946,0.1323402349662518,,frontopolar,3.0,False,0.9853409865763358,,,,,True,3.666917799107163
P33,AGEM KIRI,POST,3,False,area,frontal,17.33128151790863,0.42856054328217863,4.879317218307634,3.7746945522934197,-0.8207356968430435,,frontal,3.0,False,0.9916221607912986,,,,,False,3.666917799107163
P33,AGEM KIRI,POST,3,False,area,frontotemporal,16.78643400502922,0.43602813471264,5.28619659682933,5.481727873068566,-1.14519624593239,,frontotemporal,3.0,False,0.9903430425044742,,,,,True,3.666917799107163
P33,AGEM KIRI,POST,3,False,area,sentral,19.3767219173264,0.824666100618124,2.6649193070117065,3.8662446238437678,-0.02958282759259001,,sentral,3.0,False,0.9894444946728099,,,,,False,3.666917799107163
P33,AGEM KIRI,POST,3,False,area,temporal,16.691347585974995,0.8147773441642028,1.7858945995533426,5.8715754861314196,-1.614607225359198,,temporal,3.0,False,0.9811081533217801,,,,,True,3.666917799107163
P33,AGEM KIRI,POST,3,False,area,parietal,14.078853205672281,0.40594702538495997,3.1473722171393073,3.932911508635383,-0.7210922909711222,,parietal,3.0,False,0.9803803375031345,,,,,False,3.666917799107163
P33,AGEM KIRI,POST,3,False,area,temporo-posterior,20.84932761401153,1.0431246585305938,4.432811243792154,4.723842269805863,-1.2098701624502617,,temporo-posterior,3.0,False,0.9888338369204254,,,,,False,3.666917799107163
P33,AGEM KIRI,POST,3,False,area,oksipital,11.962684262040362,0.26591958369154134,3.829293474545911,5.248097550883013,-1.9435963835518493,,oksipital,3.0,False,0.9955118938152769,,,,,False,3.666917799107163
P33,NGEED,PRA,4,False,belahan,kiri,13.731542563664604,0.6861971578507433,0.2778903545840592,2.6707149100819993,-0.091513909599239,,,,,,,,,,,3.666917799107163
P33,NGEED,PRA,4,False,belahan,kanan,6.173606109788473,0.6281357027629487,1.4530128462435261,3.977769135034137,0.268538872631239,,,,,,,,,,,3.666917799107163
P33,NGEED,PRA,4,False,kanal,Fp1,13.731542563664604,0.6861971578507433,0.2778903545840592,2.6707149100819993,-0.091513909599239,kiri,frontopolar,4.0,False,0.9800108753046616,13.731542563664604,0.0,0.0,0.0,,3.666917799107163
P33,NGEED,PRA,4,False,kanal,F3,,,,,,kiri,frontal,1.0,True,,13.731542563664604,,,,,3.666917799107163
P33,NGEED,PRA,4,False,kanal,C3,,,,,,kiri,sentral,1.0,True,,13.731542563664604,,,,,3.666917799107163
P33,NGEED,PRA,4,False,kanal,P3,,,,,,kiri,parietal,0.0,True,,13.731542563664604,,,,,3.666917799107163
P33,NGEED,PRA,4,False,kanal,O1,,,,,,kiri,oksipital,1.0,True,,13.731542563664604,,,,,3.666917799107163
P33,NGEED,PRA,4,False,kanal,F7,,,,,,kiri,frontotemporal,1.0,True,,13.731542563664604,,,,,3.666917799107163
P33,NGEED,PRA,4,False,kanal,T3,,,,,,kiri,temporal,1.0,True,,13.731542563664604,,,,,3.666917799107163
P33,NGEED,PRA,4,False,kanal,T5,,,,,,kiri,temporo-posterior,1.0,True,,13.731542563664604,,,,,3.666917799107163
P33,NGEED,PRA,4,False,kanal,Fp2,4.762345388743576,0.4143917455717969,0.611255556592667,2.3483809383591674,1.1306528195957162,kanan,frontopolar,4.0,False,0.9500008706458345,6.173606109788473,-0.8417572896508592,-1.6293881966749697,0.8621139469644772,,3.666917799107163
P33,NGEED,PRA,4,False,kanal,F4,1.1481536146745768,0.25467641316922607,-0.3550942409740959,0.42866002084044297,0.725657526652141,kanan,frontal,2.0,True,0.9619051712330744,6.173606109788473,-1.8081070872176221,-3.549109114193694,0.457118654020902,,3.666917799107163
P33,NGEED,PRA,4,False,kanal,C4,,,,,,kanan,sentral,0.0,True,,6.173606109788473,,,,,3.666917799107163
P33,NGEED,PRA,4,False,kanal,P4,,,,,,kanan,parietal,1.0,True,,6.173606109788473,,,,,3.666917799107163
P33,NGEED,PRA,4,False,kanal,O2,7.58486683083337,0.8418796599541005,5.04652050032368,9.111669921974048,-2.7715166056796656,kanan,oksipital,2.0,True,0.9432581093602215,6.173606109788473,3.5935076540801543,5.133900786939911,-3.0400554783109044,,3.666917799107163
P33,NGEED,PRA,4,False,kanal,F8,,,,,,kanan,frontotemporal,1.0,True,,6.173606109788473,,,,,3.666917799107163
P33,NGEED,PRA,4,False,kanal,T4,10.34151571712168,0.995503397705382,2.2947701358943853,5.607157331709106,-0.18857978138966303,kanan,temporal,2.0,True,0.9058740874525606,6.173606109788473,0.8417572896508592,1.6293881966749693,-0.457118654020902,,3.666917799107163
P33,NGEED,PRA,4,False,kanal,T6,,,,,,kanan,temporo-posterior,1.0,True,,6.173606109788473,,,,,3.666917799107163
P33,NGEED,PRA,4,False,area,frontopolar,9.588667207228553,0.5792147098203468,1.0595154755994516,2.6435668971489137,0.865983770353035,,frontopolar,4.0,False,0.9776945280024816,,,,,True,3.666917799107163
P33,NGEED,PRA,4,False,area,frontal,8.515368079824434,0.5320294652994704,3.711639383056262,2.5974119588584754,-0.08607432760699307,,frontal,2.0,True,0.981796610951055,,,,,False,3.666917799107163
P33,NGEED,PRA,4,False,area,frontotemporal,,,,,,,frontotemporal,1.0,True,,,,,,True,3.666917799107163
P33,NGEED,PRA,4,False,area,sentral,,,,,,,sentral,1.0,True,,,,,,False,3.666917799107163
P33,NGEED,PRA,4,False,area,temporal,13.891057451796506,1.1574812701014348,1.553092196471077,5.894269679779917,-1.7518847973924092,,temporal,2.0,True,0.9831245422430019,,,,,True,3.666917799107163
P33,NGEED,PRA,4,False,area,parietal,,,,,,,parietal,1.0,True,,,,,,False,3.666917799107163
P33,NGEED,PRA,4,False,area,temporo-posterior,,,,,,,temporo-posterior,1.0,True,,,,,,False,3.666917799107163
P33,NGEED,PRA,4,False,area,oksipital,5.716064231654563,0.8387281039211554,5.343264709111286,7.035320852839083,-1.163545965850235,,oksipital,2.0,True,0.9743601428749527,,,,,False,3.666917799107163
P33,NGEED,TURUN,4,False,belahan,kiri,16.42933058936488,0.8779480920497904,3.513872045897548,2.2599289321323597,0.45742698072806354,,,,,,,,,,,3.666917799107163
P33,NGEED,TURUN,4,False,belahan,kanan,7.881200933850321,0.7630899563328437,2.0032143934511746,2.5286445831994326,0.6927134741467716,,,,,,,,,,,3.666917799107163
P33,NGEED,TURUN,4,False,kanal,Fp1,12.135519240325827,-0.05628379179798526,2.933130034692077,-0.6627979489408284,1.1321606785436635,kiri,frontopolar,2.0,True,0.8757623064520285,16.42933058936488,-0.5807420112054711,-2.922726881073188,0.6747336978156,,3.666917799107163
P33,NGEED,TURUN,4,False,kanal,F3,,,,,,kiri,frontal,1.0,True,,16.42933058936488,,,,,3.666917799107163
P33,NGEED,TURUN,4,False,kanal,C3,,,,,,kiri,sentral,1.0,True,,16.42933058936488,,,,,3.666917799107163
P33,NGEED,TURUN,4,False,kanal,P3,,,,,,kiri,parietal,1.0,True,,16.42933058936488,,,,,3.666917799107163
P33,NGEED,TURUN,4,False,kanal,O1,20.5080291290233,1.143283737902779,3.717733926792342,1.7440766274931199,0.45742698072806354,kiri,oksipital,2.0,True,0.970485625122135,16.42933058936488,0.20386188089479385,-0.5158523046392398,0.0,,3.666917799107163
P33,NGEED,TURUN,4,False,kanal,F7,16.42933058936488,0.6133219811265753,0.7804681265406588,4.091060710424224,-0.12099703271303186,kiri,frontotemporal,2.0,True,0.8776815861102826,16.42933058936488,-2.7334039193568893,1.8311317782918644,-0.5784240134410954,,3.666917799107163
P33,NGEED,TURUN,4,False,kanal,T3,26.33719676915578,2.031185116063959,5.361778417941405,2.2599289321323597,1.4885170109912584,kiri,temporal,2.0,True,0.9779897278980231,16.42933058936488,1.847906372043857,0.0,1.031090030263195,,3.666917799107163
P33,NGEED,TURUN,4,False,kanal,T5,14.339778843163572,0.8779480920497904,3.513872045897548,3.5978681737468077,-1.5478221148133526,kiri,temporo-posterior,2.0,True,0.9309583973529058,16.42933058936488,0.0,1.337939241614448,-2.005249095541416,,3.666917799107163
P33,NGEED,TURUN,4,False,kanal,Fp2,2.6411655962927014,-0.09594946690402884,3.980932840979595,-1.4720868355375343,2.1514171160141102,kanan,frontopolar,3.0,False,0.8529486420782877,7.881200933850321,1.9777184475284204,-4.000731418736967,1.4587036418673387,,3.666917799107163
P33,NGEED,TURUN,4,False,kanal,F4,10.049383603265085,0.9278943421109445,-0.09154096166223369,1.387534207251182,0.9066852032877757,kanan,frontal,2.0,True,0.9221324215985837,7.881200933850321,-2.094755355113408,-1.1411103759482506,0.21397172914100404,,3.666917799107163
P33,NGEED,TURUN,4,False,kanal,C4,14.258092658150687,1.0199450153274223,2.045007168398993,2.0487389806961787,1.6149859713904136,kanan,sentral,2.0,True,0.9289699768968216,7.881200933850321,0.04179277494781841,-0.479905602503254,0.9222724972436419,,3.666917799107163
P33,NGEED,TURUN,4,False,kanal,P4,9.674870535932957,0.8611198589166659,1.2548873240016796,4.156989593142326,0.4787417450057676,kanan,parietal,2.0,True,0.9171415845599654,7.881200933850321,-0.748327069449495,1.628345009942893,-0.21397172914100404,,3.666917799107163
P33,NGEED,TURUN,4,False,kanal,O2,23.23244750417861,1.6307063067204932,1.9614216185033557,5.127521190681958,-2.3109384363237986,kanan,oksipital,2.0,True,0.9882859336198658,7.881200933850321,-0.041792774947818856,2.5988766074825254,-3.00365191047057,,3.666917799107163
P33,NGEED,TURUN,4,False,kanal,F8,-0.11894104969204733,0.3492981717682291,5.497312176743843,3.008550185702686,1.857324977893803,kanan,frontotemporal,2.0,True,0.8522745633057986,7.881200933850321,3.494097783292668,0.47990560250325354,1.1646115037470315,,3.666917799107163
P33,NGEED,TURUN,4,False,kanal,T4,4.650471741559031,0.6650600537490217,1.5531175046048122,3.983211538521868,-1.1210483945785734,kanan,temporal,2.0,True,0.9190577939219395,7.881200933850321,-0.45009688884636234,1.4545669553224352,-1.813761868725345,,3.666917799107163
P33,NGEED,TURUN,4,False,kanal,T6,6.087531331767686,0.49561826131332176,3.2213993913867647,1.4379047071101052,-1.0155193194450862,kanan,temporo-posterior,2.0,True,0.9516195058834632,7.881200933850321,1.21818499793559,-1.0907398760893274,-1.7082327935918578,,3.666917799107163
P33,NGEED,TURUN,4,False,area,frontopolar,6.613957241122883,-0.1107623310337078,3.78456636488754,-0.8582834060532307,1.9031670462234618,,frontopolar,3.0,False,0.8874999284434028,,,,,True,3.666917799107163
P33,NGEED,TURUN,4,False,area,frontal,9.82345312931021,0.0801466119613845,2.8172898975067033,3.0809972535945906,-0.29952834418338936,,frontal,2.0,True,0.9884505950792438,,,,,False,3.666917799107163
P33,NGEED,TURUN,4,False,area,frontotemporal,8.999242131458516,0.2476884646873292,2.5851248006907763,2.4662506519758463,0.6446861938149557,,frontotemporal,2.0,True,0.9289309086068017,,,,,True,3.666917799107163
P33,NGEED,TURUN,4,False,area,sentral,13.549642272766036,1.0160105932276104,2.642156621466272,2.2401919727003916,0.38243491359332027,,sentral,2.0,True,0.9593512461013389,,,,,False,3.666917799107163
P33,NGEED,TURUN,4,False,area,temporal,22.240990378139813,1.7648443497419408,4.3659267762303955,1.6742234196647279,0.2948749218435407,,temporal,2.0,True,0.9859934814062675,,,,,True,3.666917799107163
P33,NGEED,TURUN,4,False,area,parietal,5.103616608084124,0.5560159453928692,3.4132955900386195,4.574427564207985,1.262356977325234,,parietal,2.0,True,0.9453565666472943,,,,,False,3.666917799107163
P33,NGEED,TURUN,4,False,area,temporo-posterior,11.905943388072473,0.7327983175103403,3.4289324744707548,2.766257139162249,-1.5004571253796128,,temporo-posterior,2.0,True,0.9572968237545622,,,,,False,3.666917799107163
P33,NGEED,TURUN,4,False,area,oksipital,18.994833008061732,1.1445447325072942,2.5827582658595483,2.1877733677417757,-1.6280962966226868,,oksipital,3.0,False,0.9912544457938627,,,,,False,3.666917799107163
P33,NGEED,TAHAN,4,False,belahan,kiri,8.060287621599084,1.0783167305644215,-0.7826210122018894,2.077602176886519,-0.2577881723722665,,,,,,,,,,,3.666917799107163
P33,NGEED,TAHAN,4,False,belahan,kanan,2.0694849062965552,0.7789462440909852,-1.201611626151792,1.2077621875002262,-0.42520059446361586,,,,,,,,,,,3.666917799107163
P33,NGEED,TAHAN,4,False,kanal,Fp1,3.997563988581348,0.47097992878145045,-1.9153124060532636,-0.7982177519307445,-0.1183776393547491,kiri,frontopolar,3.0,False,0.938285285381388,8.060287621599084,-1.132691393851374,-2.8758199288172634,0.13941053301751738,,3.666917799107163
P33,NGEED,TAHAN,4,False,kanal,F3,10.918217491554273,1.3170036511509875,-1.2772029070168114,1.9709791732054456,-4.23113397332121,kiri,frontal,4.0,False,0.9442476909777039,8.060287621599084,-0.494581894814922,-0.10662300368107336,-3.9733458009489437,,3.666917799107163
P33,NGEED,TAHAN,4,False,kanal,C3,8.25208435658626,1.0457162972225365,-0.0025369513959587753,2.74589169149277,1.574084138992502,kiri,sentral,4.0,False,0.8410218383419928,8.060287621599084,0.7800840608059306,0.6682895146062511,1.8318723113647684,,3.666917799107163
P33,NGEED,TAHAN,4,False,kanal,P3,4.088532115053461,0.3731651396198914,-0.7258974133837723,-0.7538090150130117,0.9500134031975314,kiri,parietal,4.0,False,0.787061570064918,8.060287621599084,0.05672359881811706,-2.8314111918995306,1.207801575569798,,3.666917799107163
P33,NGEED,TAHAN,4,False,kanal,O1,6.082117036898254,0.7374088674584285,0.6535619898896405,2.3771885297113626,1.1157194156453736,kiri,oksipital,4.0,False,0.9414595009135857,8.060287621599084,1.4361830020915298,0.2995863528248437,1.37350758801764,,3.666917799107163
P33,NGEED,TAHAN,4,False,kanal,F7,8.86112654788377,1.146483373216313,-1.255272798178129,2.633264792331151,-2.3363443578413374,kiri,frontotemporal,4.0,False,0.9820543425610316,8.060287621599084,-0.4726517859762397,0.555662615444632,-2.078556185469071,,3.666917799107163
P33,NGEED,TAHAN,4,False,kanal,T3,10.611972161816787,1.3354809051875525,-0.8393446110200065,0.8611856747321496,-0.39719870538978386,kiri,temporal,4.0,False,0.9525018489728628,8.060287621599084,-0.05672359881811706,-1.2164165021543694,-0.13941053301751738,,3.666917799107163
P33,NGEED,TAHAN,4,False,kanal,T5,7.868490886611909,1.1109171639063062,-0.25630851194358506,2.1842251805675925,-1.3931713202954958,kiri,temporo-posterior,4.0,False,0.9425144268835888,8.060287621599084,0.5263125002583043,0.10662300368107358,-1.1353831479232293,,3.666917799107163
P33,NGEED,TAHAN,4,False,kanal,Fp2,-0.9884290151754627,0.1536088712575605,-0.8495058246912507,-0.6191277093057952,1.3203982186505372,kanan,frontopolar,3.0,False,0.9582308081891316,2.0694849062965552,0.35210580146054127,-1.8268898968060214,1.745598813114153,,3.666917799107163
P33,NGEED,TAHAN,4,False,kanal,F4,-4.189089773618754,-0.1881777334443202,-1.8025487433947176,0.24489008684321956,-0.06635162717726384,kanan,frontal,4.0,False,0.7303932192968235,2.0694849062965552,-0.6009371172429256,-0.9628721006570067,0.358848967286352,,3.666917799107163
P33,NGEED,TAHAN,4,False,kanal,C4,1.8893997975027546,0.7708887804254978,-0.8613175291129904,1.2179076295147864,0.4023473481904749,kanan,sentral,4.0,False,0.9600907099704281,2.0694849062965552,0.34029409703880154,0.010145442014560135,0.8275479426540908,,3.666917799107163
P33,NGEED,TAHAN,4,False,kanal,P4,7.233187447306019,0.8845890140469878,-3.8804555969851657,-0.41779736921801924,-0.7840495617499679,kanan,parietal,4.0,False,0.8439618259730625,2.0694849062965552,-2.6788439708333738,-1.6255595567182455,-0.358848967286352,,3.666917799107163
P33,NGEED,TAHAN,4,False,kanal,O2,16.467321424893264,1.4813353664544373,-0.6616557168439929,3.1431339351657095,-2.527379528017193,kanan,oksipital,4.0,False,0.9748915298714209,2.0694849062965552,0.539955909307799,1.9353717476654833,-2.102178933553577,,3.666917799107163
P33,NGEED,TAHAN,4,False,kanal,F8,-2.6620640368437307,0.23799811497732248,-1.482156275675151,1.2168590877992282,0.5137811999135002,kanan,frontotemporal,4.0,False,0.9419726422032134,2.0694849062965552,-0.280544649523359,0.009096900299002009,0.9389817943771162,,3.666917799107163
P33,NGEED,TAHAN,4,False,kanal,T4,2.249570015090356,0.7870037077564727,-0.921066976628433,3.747265799007085,-2.1541213994469546,kanan,temporal,4.0,False,0.9266741392482416,2.0694849062965552,0.280544649523359,2.5395036115068588,-1.7289208049833387,,3.666917799107163
P33,NGEED,TAHAN,4,False,kanal,T6,4.006309419331551,0.8434384176591174,-1.6227442022545755,1.1986652872012244,-1.3395134219192255,kanan,temporo-posterior,4.0,False,0.9291349685252567,2.0694849062965552,-0.42113257610278354,-0.009096900299001787,-0.9143128274556096,,3.666917799107163
P33,NGEED,TAHAN,4,False,area,frontopolar,1.307327411125243,0.32583271258136604,-1.102146145335023,-0.5469381109238118,1.0161393407996506,,frontopolar,3.0,False,0.9587763265420095,,,,,True,3.666917799107163
P33,NGEED,TAHAN,4,False,area,frontal,1.2105283161139155,0.3413744990069969,-2.1357757349590334,0.3791473307678743,0.07899143508254847,,frontal,4.0,False,0.8345434861927439,,,,,False,3.666917799107163
P33,NGEED,TAHAN,4,False,area,frontotemporal,4.088455035121768,0.7641674882278213,-1.3264039552376576,1.1091114798753279,-1.0001912502216017,,frontotemporal,4.0,False,0.9785699191573751,,,,,True,3.666917799107163
P33,NGEED,TAHAN,4,False,area,sentral,3.688744249263742,0.6475366786170256,-1.480404899684404,0.5803726862690701,-0.14731812235095987,,sentral,4.0,False,0.8822022824977447,,,,,False,3.666917799107163
P33,NGEED,TAHAN,4,False,area,temporal,7.451806613873785,1.0963817609252255,-1.0427797978067637,1.647599502525601,-1.5922043052699903,,temporal,4.0,False,0.9615124086008878,,,,,True,3.666917799107163
P33,NGEED,TAHAN,4,False,area,parietal,1.4228995649035028,0.20857754753385804,-1.372444820611921,-0.3804963402764492,-1.0881643347622676,,parietal,4.0,False,0.7908965204946554,,,,,False,3.666917799107163
P33,NGEED,TAHAN,4,False,area,temporo-posterior,6.3546080413369594,1.0074247983528526,-0.7231436244744955,1.8235100581517354,-1.2863227865970202,,temporo-posterior,4.0,False,0.9416898433734315,,,,,False,3.666917799107163
P33,NGEED,TAHAN,4,False,area,oksipital,13.065314438723355,1.256075259210272,-0.3017247317578078,2.0605601757447247,-0.4699616103842228,,oksipital,4.0,False,0.9612044967809891,,,,,False,3.666917799107163
P33,NGEED,NAIK,3,False,belahan,kiri,3.0900534111433515,0.5886668280071609,-0.3706686230268378,0.3058152943851745,-1.3148141936667124,,,,,,,,,,,3.666917799107163
P33,NGEED,NAIK,3,False,belahan,kanan,5.49041989655575,0.9512330642555584,2.4155768130134665,3.3692053974085865,0.8011074427423411,,,,,,,,,,,3.666917799107163
P33,NGEED,NAIK,3,False,kanal,Fp1,0.9925437270620634,0.29298504228660827,-1.6907644267744182,-0.5327214631076036,2.0087160125559516,kiri,frontopolar,3.0,False,0.9054366834142205,3.0900534111433515,-1.3200958037475803,-0.8385367574927781,3.3235302062226637,,3.666917799107163
P33,NGEED,NAIK,3,False,kanal,F3,3.4668796871926943,0.5883958724371765,-1.0959341616962797,1.1443520518779526,-5.012304088618177,kiri,frontal,3.0,False,0.8758699680650297,3.0900534111433515,-0.7252655386694419,0.8385367574927781,-3.697489894951465,,3.666917799107163
P33,NGEED,NAIK,3,False,kanal,C3,-0.5963910989535819,0.38140121570239005,-2.3921605483251467,-0.6811556034703445,-1.3932821343657944,kiri,sentral,3.0,False,0.5990711011286762,3.0900534111433515,-2.021491925298309,-0.9869708978555191,-0.07846794069908203,,3.666917799107163
P33,NGEED,NAIK,3,False,kanal,P3,3.244030522628954,0.6611189143525378,-0.07157039551338196,-2.1159965487190817,2.073992127571149,kiri,parietal,3.0,False,0.824223769335722,3.0900534111433515,0.2990982275134558,-2.421811843104256,3.388806321237861,,3.666917799107163
P33,NGEED,NAIK,3,False,kanal,O1,2.4597300881343926,0.5496978999493707,0.4692305732621832,-1.879181428184379,0.08295398053940017,kiri,oksipital,3.0,False,0.8606324507493679,3.0900534111433515,0.839899196289021,-2.1849967225695535,1.3977681742061125,,3.666917799107163
P33,NGEED,NAIK,3,False,kanal,F7,3.7296381884961747,0.664866217472259,1.6179944812185716,6.182125066848006,-3.051132436444147,kiri,frontotemporal,3.0,False,0.9891356112201452,3.0900534111433515,1.9886631042454095,5.8763097724628315,-1.7363182427774346,,3.666917799107163
P33,NGEED,NAIK,3,False,kanal,T3,2.936076299657749,0.5889377835771452,-0.45344121116944525,4.192473733990147,-1.2363462529676303,kiri,temporal,3.0,False,0.9652791095351257,3.0900534111433515,-0.08277258814260746,3.886658439604972,0.07846794069908203,,3.666917799107163
P33,NGEED,NAIK,3,False,kanal,T5,6.597281419644908,0.9566252027539621,-0.2878960348842303,3.156382002517206,-2.242264262199094,kiri,temporo-posterior,3.0,False,0.928753599760422,3.0900534111433515,0.08277258814260746,2.8505667081320314,-0.9274500685323817,,3.666917799107163
P33,NGEED,NAIK,3,False,kanal,Fp2,-1.0102490983302843,-0.0332499428571309,0.6302127750374115,0.2752972909647773,1.8324292458339118,kanan,frontopolar,3.0,False,0.9445204297293525,5.49041989655575,-1.7853640379760551,-3.093908106443809,1.0313218030915707,,3.666917799107163
P33,NGEED,NAIK,3,False,kanal,F4,-0.07050914677805764,0.196299366742422,4.599161222946305,2.400365039524355,0.9300280433928199,kanan,frontal,3.0,False,0.9706174133651759,5.49041989655575,2.183584409932838,-0.9688403578842313,0.12892060065047872,,3.666917799107163
P33,NGEED,NAIK,3,False,kanal,C4,4.372400676243082,0.92375535713883,2.0722737214516336,6.4158194742090675,1.9022502488802127,kanan,sentral,3.0,False,0.9782773308501,5.49041989655575,-0.3433030915618329,3.046614076800481,1.1011428061378714,,3.666917799107163
P33,NGEED,NAIK,3,False,kanal,P4,11.75198034750019,1.1265303492720706,-1.8243009536875059,1.162284663844868,0.8569146148179163,kanan,parietal,3.0,False,0.9826671140411355,5.49041989655575,-4.239877766700973,-2.2069207335637184,0.05580717207557517,,3.666917799107163
P33,NGEED,NAIK,3,False,kanal,O2,9.025922398497201,0.9906647720176143,-0.16462814152076355,2.6032685135511677,-3.7879421781161726,kanan,oksipital,3.0,False,0.9498594605693657,5.49041989655575,-2.58020495453423,-0.7659368838574188,-4.589049620858514,,3.666917799107163
P33,NGEED,NAIK,3,False,kanal,F8,-3.384124243900949,-0.10774246162710721,4.845022178731232,5.708144822901978,0.745300270666766,kanan,frontotemporal,3.0,False,0.9729676818755127,5.49041989655575,2.4294453657177653,2.338939425493392,-0.05580717207557517,,3.666917799107163
P33,NGEED,NAIK,3,False,kanal,T4,7.873039989505763,1.1104850377721156,3.0956946525507076,4.135142281266005,-1.9419933110314835,kanan,temporal,3.0,False,0.9857424945771268,5.49041989655575,0.6801178395372411,0.7659368838574188,-2.743100753773825,,3.666917799107163
P33,NGEED,NAIK,3,False,kanal,T6,6.608439116868418,0.9787107713722869,2.7588799045752994,5.80454425743253,0.35831971303387267,kanan,temporo-posterior,3.0,False,0.984709504797902,5.49041989655575,0.3433030915618329,2.435338860023944,-0.44278772970846847,,3.666917799107163
P33,NGEED,NAIK,3,False,area,frontopolar,0.029021066198282597,0.12064195423771351,0.0903572417166687,0.18736942982561855,1.9924491080213054,,frontopolar,3.0,False,0.9609347546664669,,,,,True,3.666917799107163
P33,NGEED,NAIK,3,False,area,frontal,3.883956535746755,0.5957093399859512,3.281374203332397,2.334756333977347,0.9102827100213395,,frontal,3.0,False,0.9832390782137296,,,,,False,3.666917799107163
P33,NGEED,NAIK,3,False,area,frontotemporal,1.0145473970095935,0.3208265840894049,3.060452166296969,5.588513845059669,-0.8116819630290197,,frontotemporal,3.0,False,0.984935587824633,,,,,True,3.666917799107163
P33,NGEED,NAIK,3,False,area,sentral,3.543739029611487,0.7056734958373954,0.472439677751999,3.9948489466569654,-0.13161257764461154,,sentral,3.0,False,0.9662480237772176,,,,,False,3.666917799107163
P33,NGEED,NAIK,3,False,area,temporal,6.350761131245193,0.8792407788535233,1.3736058324951124,3.641881303988156,-1.7813757148027152,,temporal,3.0,False,0.9934277422307509,,,,,True,3.666917799107163
P33,NGEED,NAIK,3,False,area,parietal,5.242167867467941,0.6530660125082848,0.1595527318343276,0.4934389449545944,0.8596380702418389,,parietal,3.0,False,0.9613609554278738,,,,,False,3.666917799107163
P33,NGEED,NAIK,3,False,area,temporo-posterior,7.989484582467689,1.052939381751984,0.8803954235914667,3.943932452258606,-1.1651543772022963,,temporo-posterior,3.0,False,0.9806372382488797,,,,,False,3.666917799107163
P33,NGEED,NAIK,3,False,area,oksipital,6.499673779685011,0.8768753910192304,0.4911890945494084,0.7551622328155854,-1.167343944718074,,oksipital,3.0,False,0.9519273996485941,,,,,False,3.666917799107163
P33,NGEED,POST,3,False,belahan,kiri,2.0416871228953895,0.5297002752914379,0.3670556615805941,1.819732834259613,-1.0478316660350528,,,,,,,,,,,3.666917799107163
P33,NGEED,POST,3,False,belahan,kanan,4.099237519664197,0.4137796941855624,0.3817383501446353,3.1127570386579886,0.2939648647078877,,,,,,,,,,,3.666917799107163
P33,NGEED,POST,3,False,kanal,Fp1,5.184528641957812,0.5267312873446273,-1.0161334302191651,2.9555873283593197,-0.5432118027513353,kiri,frontopolar,3.0,False,0.976034924589442,2.0416871228953895,-1.3831890917997591,1.1358544940997066,0.5046198632837176,,3.666917799107163
P33,NGEED,POST,3,False,kanal,F3,1.7615269828001132,0.3828823706134403,0.5864723771897565,0.7992122294714665,-4.102482896622458,kiri,frontal,2.0,True,0.946299058979503,2.0416871228953895,0.21941671560916243,-1.0205206047881465,-3.0546512305874054,,3.666917799107163
P33,NGEED,POST,3,False,kanal,C3,2.3218472629906657,0.5638937488476115,1.323101726157046,0.39402562891023907,-0.313153629397561,kiri,sentral,2.0,True,0.9103304942233152,2.0416871228953895,0.9560460645764518,-1.425707205349374,0.7346780366374919,,3.666917799107163
P33,NGEED,POST,3,False,kanal,P3,-3.385261951338297,-0.03650577818327194,1.1719827595269976,-0.06613151205470635,1.5879548051021992,kiri,parietal,2.0,True,0.8880992150524428,2.0416871228953895,0.8049270979464035,-1.8858643463143194,2.6357864711372523,,3.666917799107163
P33,NGEED,POST,3,False,kanal,O1,-1.730850945459828,0.16763749635886005,0.7120917228202822,0.008323906740698828,0.5733170144344271,kiri,oksipital,2.0,True,0.9513670616776321,2.0416871228953895,0.3450360612396881,-1.8114089275189142,1.62114868046948,,3.666917799107163
P33,NGEED,POST,3,False,kanal,F7,3.882328848934314,0.785723443080766,-1.2012309868468307,5.609943970642837,-1.5524515293187702,kiri,frontotemporal,3.0,False,0.9758615942432929,2.0416871228953895,-1.5682866484274247,3.7902111363832236,-0.5046198632837173,,3.666917799107163
P33,NGEED,POST,3,False,kanal,T3,8.806394128747407,0.9418597807344229,0.14763894597143168,2.8402534390477596,-2.372478509464824,kiri,temporal,2.0,True,0.9308322311699608,2.0416871228953895,-0.21941671560916243,1.0205206047881465,-1.3246468434297713,,3.666917799107163
P33,NGEED,POST,3,False,kanal,T5,0.2600980246190119,0.5326692632382486,-1.174590642110417,3.2431298749137745,-1.9797805746851966,kiri,temporo-posterior,3.0,False,0.852755351911658,2.0416871228953895,-1.541646303691011,1.4233970406541614,-0.9319489086501438,,3.666917799107163
P33,NGEED,POST,3,False,kanal,Fp2,2.364577756244209,0.23617558602886257,0.01833652596104296,2.316117158422784,0.48927517538778365,kanan,frontopolar,3.0,False,0.9831848633942919,4.099237519664197,-0.36340182418359235,-0.7966398802352046,0.19531031067989596,,3.666917799107163
P33,NGEED,POST,3,False,kanal,F4,-4.2458851136708375,-0.2624460442465939,1.0553685497747596,1.1383282333677203,0.09865455402799173,kanan,frontal,2.0,True,0.8788972926796397,4.099237519664197,0.6736301996301243,-1.9744288052902683,-0.19531031067989596,,3.666917799107163
P33,NGEED,POST,3,False,kanal,C4,5.025310014154549,0.42634702443372174,4.1100530075641135,5.881546236382276,0.7485203860407774,kanan,sentral,2.0,True,0.9875479555597901,4.099237519664197,3.728314657419478,2.768789197724287,0.45455552133288973,,3.666917799107163
P33,NGEED,POST,3,False,kanal,P4,9.022260818272844,1.1593340236527694,-1.4672617162813328,1.6162170353810354,0.7653190662460125,kanan,parietal,3.0,False,0.9731538161246152,4.099237519664197,-1.849000066425968,-1.4965400032769531,0.47135420153812485,,3.666917799107163
P33,NGEED,POST,3,False,kanal,O2,2.2932253852957487,0.27650912304351305,0.03586550636399899,3.72510277336184,-0.7099755641978933,kanan,oksipital,3.0,False,0.763612048658454,4.099237519664197,-0.3458728437806363,0.6123457347038515,-1.003940428905781,,3.666917799107163
P33,NGEED,POST,3,False,kanal,F8,4.10706603979952,0.401212363937403,0.7276111939252716,3.689978654473046,1.505981215373807,kanan,frontotemporal,2.0,True,0.9850592775717392,4.099237519664197,0.3458728437806363,0.5772216158150574,1.2120163506659194,,3.666917799107163
P33,NGEED,POST,3,False,kanal,T4,5.248178894631465,0.9549330359917974,-0.041383654753139876,2.535535422842931,-1.1570308717145392,kanan,temporal,3.0,False,0.9866023237312563,4.099237519664197,-0.4231220048977752,-0.5772216158150574,-1.4509957364224269,,3.666917799107163
P33,NGEED,POST,3,False,kanal,T6,4.091408999528873,0.8754074646958814,1.173806729720741,4.109824095025479,-1.1188144623621175,kanan,temporo-posterior,2.0,True,0.9666827920911637,4.099237519664197,0.7920683795761058,0.9970670563674902,-1.412779327070005,,3.666917799107163
P33,NGEED,POST,3,False,area,frontopolar,3.3928585247637173,0.3580628232653076,-0.21435495559216033,2.7258192908426184,0.274782303631517,,frontopolar,3.0,False,0.9857378022690323,,,,,True,3.666917799107163
P33,NGEED,POST,3,False,area,frontal,-0.9847723270494484,0.021535516559153978,0.06330842318532925,0.6897410249782163,-0.6882006807895175,,frontal,2.0,True,0.9108205819243311,,,,,False,3.666917799107163
P33,NGEED,POST,3,False,area,frontotemporal,4.092001581117373,0.6353356410011988,-0.25144843342981615,4.314787600167377,0.1567320722701564,,frontotemporal,3.0,False,0.989288382027544,,,,,True,3.666917799107163
P33,NGEED,POST,3,False,area,sentral,4.901614093908101,0.4827237805112403,3.65290335261822,5.2861332212230066,-0.2119530829306573,,sentral,2.0,True,0.986853354160423,,,,,False,3.666917799107163
P33,NGEED,POST,3,False,area,temporal,6.792992814862991,0.9827933979467116,-0.15521381296790593,2.6047654962362254,-1.6748083318888294,,temporal,3.0,False,0.9778738548452731,,,,,True,3.666917799107163
P33,NGEED,POST,3,False,area,parietal,0.5604718296712932,0.3603744747186106,0.5486934291076373,1.0445144896744645,0.2566386162441687,,parietal,3.0,False,0.9208166384009303,,,,,False,3.666917799107163
P33,NGEED,POST,3,False,area,temporo-posterior,2.0614236121953837,0.6834787673343596,-0.619056238237002,3.057111229484181,-1.7816802597445003,,temporo-posterior,3.0,False,0.9140397411162777,,,,,False,3.666917799107163
P33,NGEED,POST,3,False,area,oksipital,1.5468274163810136,0.3497792982130339,0.043661694371320614,1.7472171835615375,0.037371092615979595,,oksipital,3.0,False,0.8377994416138067,,,,,False,3.666917799107163
