participant_id,task,rep,phase,channel,area,hemisphere,t0_video,t1_video,dur_phase_sec,win_sec,compliance,phase_source,flat_frac,valid,salvaged,is_simulated,theta_db,mu_db,beta_db,broad_db
P35,NGEED,1,PRA,Fp1,frontopolar,kiri,0.296,2.296,2.0,2.0,ok,video,0.0,True,False,False,2.4427435847561796,1.9639173362083397,0.6249651953540898,0.7792471636307283
P35,NGEED,1,PRA,F3,frontal,kiri,0.296,2.296,2.0,2.0,ok,video,0.0,True,False,False,2.9394319467403633,2.6127294474031117,0.6246907308145424,1.1652958691797366
P35,NGEED,1,PRA,C3,sentral,kiri,0.296,2.296,2.0,2.0,ok,video,0.0,True,False,False,2.7880610432913002,2.1268037720529307,-0.23118929028272817,0.894482234618863
P35,NGEED,1,PRA,P3,parietal,kiri,0.296,2.296,2.0,2.0,ok,video,0.0,True,False,False,2.7155968963397754,3.8986252956007377,0.5127143849791267,1.6853267022927838
P35,NGEED,1,PRA,O1,oksipital,kiri,0.296,2.296,2.0,2.0,ok,video,0.0,True,False,False,-0.3227484785396797,1.8439344138129456,0.6057853089326031,0.24109906725056618
P35,NGEED,1,PRA,F7,frontotemporal,kiri,0.296,2.296,2.0,2.0,ok,video,0.0,True,False,False,2.7160056477931462,2.8978390823570237,1.487500135480822,1.522908169395187
P35,NGEED,1,PRA,T3,temporal,kiri,0.296,2.296,2.0,2.0,ok,video,0.0,True,False,False,2.1287880913677455,3.0762605633319424,0.029776496102179806,0.9480912769673608
P35,NGEED,1,PRA,T5,temporo-posterior,kiri,0.296,2.296,2.0,2.0,ok,video,0.0,True,False,False,-1.2578863307314734,0.7408932534558517,-2.129045875184822,-1.2255000751622056
P35,NGEED,1,PRA,Fp2,frontopolar,kanan,0.296,2.296,2.0,2.0,ok,video,0.0,True,False,False,1.206503157248335,2.416576970045682,1.2903284228079102,-0.12072309590337227
P35,NGEED,1,PRA,F4,frontal,kanan,0.296,2.296,2.0,2.0,ok,video,0.0,True,False,False,0.6032768142315206,2.523216820560485,0.3517490546859037,0.7779641602226022
P35,NGEED,1,PRA,C4,sentral,kanan,0.296,2.296,2.0,2.0,ok,video,0.0,True,False,False,1.430697819588488,2.365192874439309,0.8496062012468286,1.0923980757865834
P35,NGEED,1,PRA,P4,parietal,kanan,0.296,2.296,2.0,2.0,ok,video,0.0,True,False,False,1.5787359499755595,1.9012036957378768,0.026893646989186948,0.4748743703263969
P35,NGEED,1,PRA,O2,oksipital,kanan,0.296,2.296,2.0,2.0,ok,video,0.0,True,False,False,2.3037859402832623,1.9521589310700662,0.6526441024574474,0.8837180596255507
P35,NGEED,1,PRA,F8,frontotemporal,kanan,0.296,2.296,2.0,2.0,ok,video,0.0,True,False,False,2.5869540611718023,2.4893297675861774,0.7277235168582123,1.075822829890015
P35,NGEED,1,PRA,T4,temporal,kanan,0.296,2.296,2.0,2.0,ok,video,0.0,True,False,False,2.441913715409875,1.6464851936490277,-0.9404076169228368,0.12045516167714965
P35,NGEED,1,PRA,T6,temporo-posterior,kanan,0.296,2.296,2.0,2.0,ok,video,0.0,True,False,False,2.7480334662873886,2.970316435801749,1.4542243192553848,1.4456041584586856
P35,NGEED,1,TURUN,Fp1,frontopolar,kiri,6.996,7.414,0.598,0.419,ok,video,0.0,True,False,False,-0.37748763479220315,3.531827109663645,3.2047136795397435,1.3975023801199242
P35,NGEED,1,TURUN,F3,frontal,kiri,6.996,7.414,0.598,0.419,ok,video,0.0,True,False,False,-2.5079514696609237,0.8676371060542394,0.6227764980358756,-1.15512798519444
P35,NGEED,1,TURUN,C3,sentral,kiri,6.996,7.414,0.598,0.419,ok,video,0.0,True,False,False,-3.06965031397025,1.9543128285280957,2.6889913500381226,0.6144210243729162
P35,NGEED,1,TURUN,P3,parietal,kiri,6.996,7.414,0.598,0.419,ok,video,0.0,True,False,False,-2.354147123611071,-3.0294580396621598,-5.328449586895491,-4.377374590252838
P35,NGEED,1,TURUN,O1,oksipital,kiri,6.996,7.414,0.598,0.419,ok,video,0.0,True,False,False,-7.334288576388079,-7.7070386161843345,-0.4730020012677443,-2.8078119161266066
P35,NGEED,1,TURUN,F7,frontotemporal,kiri,6.996,7.414,0.598,0.419,ok,video,0.0,True,False,False,-1.2295408765102493,2.384095750325706,1.9101160975754752,0.3929909217093197
P35,NGEED,1,TURUN,T3,temporal,kiri,6.996,7.414,0.598,0.419,ok,video,0.0,True,False,False,-5.480480089070149,-4.74882258878155,-1.8979283322474672,-3.8304729860573588
P35,NGEED,1,TURUN,T5,temporo-posterior,kiri,6.996,7.414,0.598,0.419,ok,video,0.0,True,False,False,-1.1193803862239946,-2.468152735747875,2.225421963291282,0.36196677298068636
P35,NGEED,1,TURUN,Fp2,frontopolar,kanan,6.996,7.414,0.598,0.419,ok,video,0.0,True,False,False,-3.0257219551088426,-2.1642256536093782,-0.006230156083937288,-3.1237176406486853
P35,NGEED,1,TURUN,F4,frontal,kanan,6.996,7.414,0.598,0.419,ok,video,0.0,True,False,False,1.3846333671472308,3.875983808092826,2.725030904793588,2.212290046014445
P35,NGEED,1,TURUN,C4,sentral,kanan,6.996,7.414,0.598,0.419,ok,video,0.0,True,False,False,-1.6140565072715631,3.8678398676959063,2.3455689514849354,1.3292032025467364
P35,NGEED,1,TURUN,P4,parietal,kanan,6.996,7.414,0.598,0.419,ok,video,0.0,True,False,False,-1.3229432485443056,3.606582711259506,1.8203621304605448,0.7730633975614012
P35,NGEED,1,TURUN,O2,oksipital,kanan,6.996,7.414,0.598,0.419,ok,video,0.0,True,False,False,1.232604727313614,1.3187377234282494,1.5008762948417491,0.5977506170670992
P35,NGEED,1,TURUN,F8,frontotemporal,kanan,6.996,7.414,0.598,0.419,ok,video,0.0,True,False,False,-0.8522904129345505,3.5488816737485607,2.084102280954369,0.8203037611822381
P35,NGEED,1,TURUN,T4,temporal,kanan,6.996,7.414,0.598,0.419,ok,video,0.0,True,False,False,-2.6771173188439406,2.273045080515608,2.0823095964100844,-0.017100206307212318
P35,NGEED,1,TURUN,T6,temporo-posterior,kanan,6.996,7.414,0.598,0.419,ok,video,0.0,True,False,False,2.81253582105208,4.807114013653802,3.3867898093916615,2.492124984860304
P35,NGEED,1,TAHAN,Fp1,frontopolar,kiri,7.754,11.114,3.86,3.36,ok,video,0.0,True,False,False,0.34461660998911015,-0.7882171832655089,1.1096719432575988,0.31888875605209677
P35,NGEED,1,TAHAN,F3,frontal,kiri,7.754,11.114,3.86,3.36,ok,video,0.0,True,False,False,0.5287956522132191,-1.1886165241664983,0.4097620883561106,-0.5052821311518372
P35,NGEED,1,TAHAN,C3,sentral,kiri,7.754,11.114,3.86,3.36,ok,video,0.0,True,False,False,1.2455328851396033,-1.7028243055937224,-0.10865374060112032,-0.16422127331979652
P35,NGEED,1,TAHAN,P3,parietal,kiri,7.754,11.114,3.86,3.36,ok,video,0.0,True,False,False,1.4353044013053307,-0.9263244262847863,-1.7888032162145429,-0.5411265303445063
P35,NGEED,1,TAHAN,O1,oksipital,kiri,7.754,11.114,3.86,3.36,ok,video,0.0,True,False,False,3.6052395426622823,-1.005404137752869,-0.59185925047721,1.9856716834097412
P35,NGEED,1,TAHAN,F7,frontotemporal,kiri,7.754,11.114,3.86,3.36,ok,video,0.0,True,False,False,0.828746444277705,-0.18114672012116273,0.8637559298060893,0.9722696184646225
P35,NGEED,1,TAHAN,T3,temporal,kiri,7.754,11.114,3.86,3.36,ok,video,0.0,True,False,False,0.9270191531266505,-1.3949908775823445,-1.441891691584285,-0.9753054064999489
P35,NGEED,1,TAHAN,T5,temporo-posterior,kiri,7.754,11.114,3.86,3.36,ok,video,0.0,True,False,False,0.29613296101451425,0.2548490998391344,-1.2975183704493105,-0.6318219699315826
P35,NGEED,1,TAHAN,Fp2,frontopolar,kanan,7.754,11.114,3.86,3.36,ok,video,0.0,True,False,False,-0.47388524808553,-2.7958997347386365,-0.44750288662768867,-2.436594631657023
P35,NGEED,1,TAHAN,F4,frontal,kanan,7.754,11.114,3.86,3.36,ok,video,0.0,True,False,False,2.436267046937246,0.03195151491092929,0.5422147182939341,0.808125389881269
P35,NGEED,1,TAHAN,C4,sentral,kanan,7.754,11.114,3.86,3.36,ok,video,0.0,True,False,False,1.6145865929199488,-0.22935324637958132,1.0057905725095466,0.785581546448185
P35,NGEED,1,TAHAN,P4,parietal,kanan,7.754,11.114,3.86,3.36,ok,video,0.0,True,False,False,1.2379997951137014,-0.80441146854686,0.6331288541658324,0.10950658485810294
P35,NGEED,1,TAHAN,O2,oksipital,kanan,7.754,11.114,3.86,3.36,ok,video,0.0,True,False,False,1.0339355003942359,-0.8490795214592666,0.3493069627803891,0.03443765999363535
P35,NGEED,1,TAHAN,F8,frontotemporal,kanan,7.754,11.114,3.86,3.36,ok,video,0.0,True,False,False,1.408174882354139,-0.8890448040695631,0.8367163383207696,0.3025579266670988
P35,NGEED,1,TAHAN,T4,temporal,kanan,7.754,11.114,3.86,3.36,ok,video,0.0,True,False,False,0.6237506680234688,-2.2861454677921387,-0.35812128334626436,-0.9532212832933666
P35,NGEED,1,TAHAN,T6,temporo-posterior,kanan,7.754,11.114,3.86,3.36,ok,video,0.0,True,False,False,1.6814952327324022,-1.165973645336166,0.42747769474846464,-0.02401457425260034
P35,NGEED,1,NAIK,Fp1,frontopolar,kiri,11.435,11.766,0.473,0.331,ok,video,0.0,True,False,False,-1.081791491716416,-2.1114885417761258,2.3617036366032558,-0.21202752738777164
P35,NGEED,1,NAIK,F3,frontal,kiri,11.435,11.766,0.473,0.331,ok,video,0.0,True,False,False,-0.9311720022453898,-3.9960729333706126,1.7799336728299053,-0.7416001552667595
P35,NGEED,1,NAIK,C3,sentral,kiri,11.435,11.766,0.473,0.331,ok,video,0.0,True,False,False,-0.9895867911395939,-5.229110353872912,2.2018908393642462,-0.26569668621427667
P35,NGEED,1,NAIK,P3,parietal,kiri,11.435,11.766,0.473,0.331,ok,video,0.0,True,False,False,-1.4731525340823666,-5.573772588543676,-2.1296747988216858,-2.5585976549035365
P35,NGEED,1,NAIK,O1,oksipital,kiri,11.435,11.766,0.473,0.331,ok,video,0.0,True,False,False,0.9436821580574986,-0.0037966958861872513,-0.07401848967010949,0.7972644913676419
P35,NGEED,1,NAIK,F7,frontotemporal,kiri,11.435,11.766,0.473,0.331,ok,video,0.0,True,False,False,-1.5620917761158069,-4.521964647621324,1.1694003263352428,-1.2996635277921555
P35,NGEED,1,NAIK,T3,temporal,kiri,11.435,11.766,0.473,0.331,ok,video,0.0,True,False,False,-1.8566661148681902,-8.398436728065164,0.18584388462635815,-2.141478199064295
P35,NGEED,1,NAIK,T5,temporo-posterior,kiri,11.435,11.766,0.473,0.331,ok,video,0.0,True,False,False,-2.7456408894632887,-0.03610084641115918,-0.32422648376902785,-1.2327602292624427
P35,NGEED,1,NAIK,Fp2,frontopolar,kanan,11.435,11.766,0.473,0.331,ok,video,0.0,True,False,False,-1.0211390506225655,-1.077264904977671,3.0499245286143584,-0.9541217517275875
P35,NGEED,1,NAIK,F4,frontal,kanan,11.435,11.766,0.473,0.331,ok,video,0.0,True,False,False,-0.9450961132807691,0.8935457006046335,2.98632976327632,0.9384178688748719
P35,NGEED,1,NAIK,C4,sentral,kanan,11.435,11.766,0.473,0.331,ok,video,0.0,True,False,False,-1.7969233943459955,-2.93204731390988,2.423723651859227,-0.09463023655045788
P35,NGEED,1,NAIK,P4,parietal,kanan,11.435,11.766,0.473,0.331,ok,video,0.0,True,False,False,-2.221638900866459,-2.6131697008179984,2.422891437731721,-0.4527090236777198
P35,NGEED,1,NAIK,O2,oksipital,kanan,11.435,11.766,0.473,0.331,ok,video,0.0,True,False,False,-0.3963076402437764,-4.0700192894987985,2.333875528920867,-0.2262714352149615
P35,NGEED,1,NAIK,F8,frontotemporal,kanan,11.435,11.766,0.473,0.331,ok,video,0.0,True,False,False,-1.0979480696390382,-3.053223489177796,2.7094262449024455,-0.13767902648418584
P35,NGEED,1,NAIK,T4,temporal,kanan,11.435,11.766,0.473,0.331,ok,video,0.0,True,False,False,-1.1202427933491492,-4.6019840847235045,1.9648735123090404,-0.6860928479703574
P35,NGEED,1,NAIK,T6,temporo-posterior,kanan,11.435,11.766,0.473,0.331,ok,video,0.0,True,False,False,0.15826061922824408,-3.2964755339512557,2.5476695473385895,-0.1097542671651297
P35,NGEED,1,POST,Fp1,frontopolar,kiri,12.337,13.837,1.5,1.5,ok,video,0.0,True,False,False,3.624644235298028,0.397345573795846,2.713356414057511,2.032212850471055
P35,NGEED,1,POST,F3,frontal,kiri,12.337,13.837,1.5,1.5,ok,video,0.0,True,False,False,3.211408128705024,0.026488438863609076,1.985116478821098,1.5745025484806163
P35,NGEED,1,POST,C3,sentral,kiri,12.337,13.837,1.5,1.5,ok,video,0.0,True,False,False,4.140524557305881,0.9752457584930667,3.1094994641608977,2.8085311695319817
P35,NGEED,1,POST,P3,parietal,kiri,12.337,13.837,1.5,1.5,ok,video,0.0,True,False,False,-0.49585614715739723,-4.905710557905486,-2.920285602395303,-2.4998286145805295
P35,NGEED,1,POST,O1,oksipital,kiri,12.337,13.837,1.5,1.5,ok,video,0.0,True,False,False,-0.5541170328934228,-2.0685933527548315,1.0046434426214113,0.2389799779627424
P35,NGEED,1,POST,F7,frontotemporal,kiri,12.337,13.837,1.5,1.5,ok,video,0.0,True,False,False,3.2796651695809445,-0.6327721889743856,1.7155857203243698,1.3118166813333616
P35,NGEED,1,POST,T3,temporal,kiri,12.337,13.837,1.5,1.5,ok,video,0.0,True,False,False,1.1888277413611092,-3.523133956579528,-0.07246246577040694,-0.6796766371021548
P35,NGEED,1,POST,T5,temporo-posterior,kiri,12.337,13.837,1.5,1.5,ok,video,0.0,True,False,False,-1.144493635591914,-1.0386745366699657,-1.9889603146002983,-1.5478259164773434
P35,NGEED,1,POST,Fp2,frontopolar,kanan,12.337,13.837,1.5,1.5,ok,video,0.0,True,False,False,-0.41478664640229823,-3.923460523655571,1.36973199879829,-1.853143198717195
P35,NGEED,1,POST,F4,frontal,kanan,12.337,13.837,1.5,1.5,ok,video,0.0,True,False,False,0.7102303390433491,-1.2586712248318506,1.119086178858776,0.056368606753537165
P35,NGEED,1,POST,C4,sentral,kanan,12.337,13.837,1.5,1.5,ok,video,0.0,True,False,False,3.068662471521435,-0.27799998945678794,1.821906544684012,1.6616552476818143
P35,NGEED,1,POST,P4,parietal,kanan,12.337,13.837,1.5,1.5,ok,video,0.0,True,False,False,2.937332489067387,-0.23614353258573573,2.024913481866328,1.4555191238815723
P35,NGEED,1,POST,O2,oksipital,kanan,12.337,13.837,1.5,1.5,ok,video,0.0,True,False,False,2.915343044503963,-0.2901231780618687,2.52849527014585,1.6335042410351903
P35,NGEED,1,POST,F8,frontotemporal,kanan,12.337,13.837,1.5,1.5,ok,video,0.0,True,False,False,3.4214198922493964,-0.0038045223633318415,2.3815980536543364,1.8261522638025909
P35,NGEED,1,POST,T4,temporal,kanan,12.337,13.837,1.5,1.5,ok,video,0.0,True,False,False,3.3123178362910792,0.4070478670768338,2.771399118790555,1.8529190635891482
P35,NGEED,1,POST,T6,temporo-posterior,kanan,12.337,13.837,1.5,1.5,ok,video,0.0,True,False,False,3.3873178797104018,0.07214987559527941,3.505846159548522,1.9786267586581943
P35,NGEED,2,PRA,Fp1,frontopolar,kiri,13.697,15.697,2.0,2.0,ok,video,0.0,True,False,False,4.643290410817372,4.003493445125173,5.07673690742358,3.8897936718759922
P35,NGEED,2,PRA,F3,frontal,kiri,13.697,15.697,2.0,2.0,ok,video,0.0,True,False,False,3.8428857699114687,3.191729802102145,4.309901443362627,3.29213772556178
P35,NGEED,2,PRA,C3,sentral,kiri,13.697,15.697,2.0,2.0,ok,video,0.0,True,False,False,4.176836142219955,3.8297819776014705,4.709479049373449,3.6971919176364096
P35,NGEED,2,PRA,P3,parietal,kiri,13.697,15.697,2.0,2.0,ok,video,0.0,True,False,False,-2.8672917693662257,-5.816727853177305,-2.6315666197992442,-3.8603430058655377
P35,NGEED,2,PRA,O1,oksipital,kiri,13.697,15.697,2.0,2.0,ok,video,0.0,True,False,False,-0.2082409839388788,-0.7618347709313902,0.4332361883835638,-0.5722382242308228
P35,NGEED,2,PRA,F7,frontotemporal,kiri,13.697,15.697,2.0,2.0,ok,video,0.0,True,False,False,2.77745996780056,2.6033654096789505,3.8328582103643427,2.5081979224368425
P35,NGEED,2,PRA,T3,temporal,kiri,13.697,15.697,2.0,2.0,ok,video,0.0,True,False,False,0.863425998548955,-0.3153213934669665,1.0794369593511988,0.2527398608596343
P35,NGEED,2,PRA,T5,temporo-posterior,kiri,13.697,15.697,2.0,2.0,ok,video,0.0,True,False,False,0.9529638049037814,2.451167497523514,1.3922972462760157,1.0820980159892315
P35,NGEED,2,PRA,Fp2,frontopolar,kanan,13.697,15.697,2.0,2.0,ok,video,0.0,True,False,False,-0.2410921990886834,-1.660625415587809,1.3525514112183075,-1.1217504519014305
P35,NGEED,2,PRA,F4,frontal,kanan,13.697,15.697,2.0,2.0,ok,video,0.0,True,False,False,1.9693566222118193,1.6038348249500984,1.570924823759654,1.2700033948236538
P35,NGEED,2,PRA,C4,sentral,kanan,13.697,15.697,2.0,2.0,ok,video,0.0,True,False,False,3.828937006054332,3.4781779389529603,4.2046375243773255,3.4028301460657104
P35,NGEED,2,PRA,P4,parietal,kanan,13.697,15.697,2.0,2.0,ok,video,0.0,True,False,False,3.648803508665779,3.5238442936612415,4.069283754993471,3.079194355818217
P35,NGEED,2,PRA,O2,oksipital,kanan,13.697,15.697,2.0,2.0,ok,video,0.0,True,False,False,4.059041584038148,3.650263832530783,3.939948835289915,3.254723672942511
P35,NGEED,2,PRA,F8,frontotemporal,kanan,13.697,15.697,2.0,2.0,ok,video,0.0,True,False,False,4.057401460795347,3.365961424457872,4.105970196771352,3.1803133062119997
P35,NGEED,2,PRA,T4,temporal,kanan,13.697,15.697,2.0,2.0,ok,video,0.0,True,False,False,4.116696455413106,3.420439405691404,4.365852429123791,3.192100044982169
P35,NGEED,2,PRA,T6,temporo-posterior,kanan,13.697,15.697,2.0,2.0,ok,video,0.0,True,False,False,4.783165986068504,4.534712049522,4.9325375777615115,3.891213703990516
P35,NGEED,2,TURUN,Fp1,frontopolar,kiri,22.613,24.112,1.999,1.499,ok,video,0.0,True,False,False,0.7623186511266908,0.7518775634070209,0.08602169302112728,0.20755742673419775
P35,NGEED,2,TURUN,F3,frontal,kiri,22.613,24.112,1.999,1.499,ok,video,0.0,True,False,False,1.019291395088615,0.27367770693263793,-0.21876632853374645,-0.0001829042401269021
P35,NGEED,2,TURUN,C3,sentral,kiri,22.613,24.112,1.999,1.499,ok,video,0.0,True,False,False,1.4541448525499234,0.500903964278173,0.8628729559775437,0.9943862916085777
P35,NGEED,2,TURUN,P3,parietal,kiri,22.613,24.112,1.999,1.499,ok,video,0.0,True,False,False,-3.2378139214030455,-2.954260353894451,-2.8835594454345745,-3.4014892244657062
P35,NGEED,2,TURUN,O1,oksipital,kiri,22.613,24.112,1.999,1.499,ok,video,0.0,True,False,False,-0.824540888228583,2.4730612014315057,1.7872823563899658,0.5294896901711752
P35,NGEED,2,TURUN,F7,frontotemporal,kiri,22.613,24.112,1.999,1.499,ok,video,0.0,True,False,False,0.715592517828398,-0.4468699235842877,-1.0148921411152578,-0.6072778256792262
P35,NGEED,2,TURUN,T3,temporal,kiri,22.613,24.112,1.999,1.499,ok,video,0.0,True,False,False,-1.9992367035897232,-3.0989716782616625,-2.7610938987173164,-2.9605953972480634
P35,NGEED,2,TURUN,T5,temporo-posterior,kiri,22.613,24.112,1.999,1.499,ok,video,0.0,True,False,False,-4.806196954377615,-3.4733468700188617,-3.8132927417219733,-4.364048582031202
P35,NGEED,2,TURUN,Fp2,frontopolar,kanan,22.613,24.112,1.999,1.499,ok,video,0.0,True,False,False,-3.9207488238591814,-2.724637418316327,-2.2377016024503433,-4.367516388921409
P35,NGEED,2,TURUN,F4,frontal,kanan,22.613,24.112,1.999,1.499,ok,video,0.0,True,False,False,-0.3704425288966533,-0.11779349727263622,-0.40025892385977,-0.4138705335158974
P35,NGEED,2,TURUN,C4,sentral,kanan,22.613,24.112,1.999,1.499,ok,video,0.0,True,False,False,0.593336669810121,0.24888485645752212,0.5888944226538726,0.6114942956227907
P35,NGEED,2,TURUN,P4,parietal,kanan,22.613,24.112,1.999,1.499,ok,video,0.0,True,False,False,0.5245354072767512,0.4034616014074075,0.384942626451398,0.23745454343844585
P35,NGEED,2,TURUN,O2,oksipital,kanan,22.613,24.112,1.999,1.499,ok,video,0.0,True,False,False,-0.043478162774846396,-0.8995017323486039,-0.4537062128085161,-0.5002150683443816
P35,NGEED,2,TURUN,F8,frontotemporal,kanan,22.613,24.112,1.999,1.499,ok,video,0.0,True,False,False,0.5574140700753745,0.4286414784404968,0.38049097801973986,0.15772020150170363
P35,NGEED,2,TURUN,T4,temporal,kanan,22.613,24.112,1.999,1.499,ok,video,0.0,True,False,False,0.06492589599056231,0.3059208096174473,1.3120685518852255,0.44358065104918865
P35,NGEED,2,TURUN,T6,temporo-posterior,kanan,22.613,24.112,1.999,1.499,ok,video,0.0,True,False,False,0.509621951750951,-0.8314984493485369,0.24079803470264594,-0.15951281952376206
P35,NGEED,2,TAHAN,Fp1,frontopolar,kiri,24.543,25.39,1.209,0.846,ok,video,0.0,True,False,False,2.5867023643593967,3.320877119442166,1.6479741493750524,3.1984134315599277
P35,NGEED,2,TAHAN,F3,frontal,kiri,24.543,25.39,1.209,0.846,ok,video,0.0,True,False,False,1.261310588370442,2.670464084108474,1.2135835569391915,1.5474207372415236
P35,NGEED,2,TAHAN,C3,sentral,kiri,24.543,25.39,1.209,0.846,ok,video,0.0,True,False,False,1.7618770809000353,4.168790374153211,2.539969016974254,2.7351822880199634
P35,NGEED,2,TAHAN,P3,parietal,kiri,24.543,25.39,1.209,0.846,ok,video,0.0,True,False,False,-12.529339484675816,-7.450092073215078,-8.863201400164016,-9.567745958466158
P35,NGEED,2,TAHAN,O1,oksipital,kiri,24.543,25.39,1.209,0.846,ok,video,0.0,True,False,False,1.1713681821675195,1.1562666048608463,-0.8717613872830583,-0.2767125693193151
P35,NGEED,2,TAHAN,F7,frontotemporal,kiri,24.543,25.39,1.209,0.846,ok,video,0.0,True,False,False,1.019060652024855,2.1423394315280646,0.6454062199906403,1.7341569585709067
P35,NGEED,2,TAHAN,T3,temporal,kiri,24.543,25.39,1.209,0.846,ok,video,0.0,True,False,False,-2.456500023513513,0.2744931375928914,-0.7937398976359304,-1.196978044858632
P35,NGEED,2,TAHAN,T5,temporo-posterior,kiri,24.543,25.39,1.209,0.846,ok,video,0.0,True,False,False,2.7821085136522115,3.465671208585526,1.6723011621392416,2.0954585470575964
P35,NGEED,2,TAHAN,Fp2,frontopolar,kanan,24.543,25.39,1.209,0.846,ok,video,0.0,True,False,False,-0.7558261289913375,-0.5257510132968513,-2.091551544238037,-2.2621573227109906
P35,NGEED,2,TAHAN,F4,frontal,kanan,24.543,25.39,1.209,0.846,ok,video,0.0,True,False,False,0.1544373064516975,-2.179519407162907,-2.2007986944584736,-0.13460687479059175
P35,NGEED,2,TAHAN,C4,sentral,kanan,24.543,25.39,1.209,0.846,ok,video,0.0,True,False,False,2.5211633192036444,1.6104964907645254,1.6889106554845341,2.917424036125567
P35,NGEED,2,TAHAN,P4,parietal,kanan,24.543,25.39,1.209,0.846,ok,video,0.0,True,False,False,2.124151508408019,1.2966733120904337,0.9516642330112504,2.3972139039747375
P35,NGEED,2,TAHAN,O2,oksipital,kanan,24.543,25.39,1.209,0.846,ok,video,0.0,True,False,False,1.849359722959548,3.490206053216788,1.451645948945636,3.723925678417743
P35,NGEED,2,TAHAN,F8,frontotemporal,kanan,24.543,25.39,1.209,0.846,ok,video,0.0,True,False,False,1.800128210392451,2.0513130847975845,0.9355026987888948,2.172848761749286
P35,NGEED,2,TAHAN,T4,temporal,kanan,24.543,25.39,1.209,0.846,ok,video,0.0,True,False,False,2.275854365136567,4.359779142032686,2.079192449404985,2.9666818233412116
P35,NGEED,2,TAHAN,T6,temporo-posterior,kanan,24.543,25.39,1.209,0.846,ok,video,0.0,True,False,False,2.210154442468074,4.381347870801541,1.862120537983074,2.877408684199942
P35,NGEED,2,NAIK,Fp1,frontopolar,kiri,25.821,27.862,2.541,2.041,ok,video,0.0,True,False,False,3.7606101684576245,3.6452645348517763,4.76307978671867,3.2393904445304287
P35,NGEED,2,NAIK,F3,frontal,kiri,25.821,27.862,2.541,2.041,ok,video,0.0,True,False,False,2.033010207315982,1.1144475745319866,3.590723866474079,1.9028745691792253
P35,NGEED,2,NAIK,C3,sentral,kiri,25.821,27.862,2.541,2.041,ok,video,0.0,True,False,False,2.055836682043136,1.7655167982445192,3.663068211453613,2.1250215845546023
P35,NGEED,2,NAIK,P3,parietal,kiri,25.821,27.862,2.541,2.041,ok,video,0.0,True,False,False,-5.066064263348398,-2.8946343958127976,-0.853721088293149,-3.1087356012154572
P35,NGEED,2,NAIK,O1,oksipital,kiri,25.821,27.862,2.541,2.041,ok,video,0.0,True,False,False,-4.31575618814805,-3.0731087308622804,-1.2094193523768482,-3.2319406249213714
P35,NGEED,2,NAIK,F7,frontotemporal,kiri,25.821,27.862,2.541,2.041,ok,video,0.0,True,False,False,3.3491894239776343,2.993254759026158,4.013479598362601,2.6643044978581756
P35,NGEED,2,NAIK,T3,temporal,kiri,25.821,27.862,2.541,2.041,ok,video,0.0,True,False,False,-3.2480736682383196,-1.0566497124393521,1.2228604437363515,-1.0745515738671116
P35,NGEED,2,NAIK,T5,temporo-posterior,kiri,25.821,27.862,2.541,2.041,ok,video,0.0,True,False,False,3.9276341957066734,2.1695436262430974,2.7868438962643864,2.8549072395244366
P35,NGEED,2,NAIK,Fp2,frontopolar,kanan,25.821,27.862,2.541,2.041,ok,video,0.0,True,False,False,0.4591049170002961,0.9290764502225528,1.8130207213415517,-0.7196325443926384
P35,NGEED,2,NAIK,F4,frontal,kanan,25.821,27.862,2.541,2.041,ok,video,0.0,True,False,False,1.9184776077124681,2.3393591482374845,3.1425273157319644,1.989456307006435
P35,NGEED,2,NAIK,C4,sentral,kanan,25.821,27.862,2.541,2.041,ok,video,0.0,True,False,False,1.5793965869091338,2.1266664653154095,3.3824933148825735,1.9806588027563095
P35,NGEED,2,NAIK,P4,parietal,kanan,25.821,27.862,2.541,2.041,ok,video,0.0,True,False,False,1.5336407788854203,2.1480814335030516,3.1011026629812832,1.5418454549450828
P35,NGEED,2,NAIK,O2,oksipital,kanan,25.821,27.862,2.541,2.041,ok,video,0.0,True,False,False,0.02972004197729916,1.1556190839364362,3.110694558423969,1.0283949727841986
P35,NGEED,2,NAIK,F8,frontotemporal,kanan,25.821,27.862,2.541,2.041,ok,video,0.0,True,False,False,1.260471902479651,2.266328686894852,3.4437452276861293,1.630090522515843
P35,NGEED,2,NAIK,T4,temporal,kanan,25.821,27.862,2.541,2.041,ok,video,0.0,True,False,False,1.2070466981888828,1.808928182044724,3.083019264363365,1.2338952373977747
P35,NGEED,2,NAIK,T6,temporo-posterior,kanan,25.821,27.862,2.541,2.041,ok,video,0.0,True,False,False,1.9251598955557157,2.2689648265148747,4.363805875141065,2.348761707175896
P35,NGEED,2,POST,Fp1,frontopolar,kiri,28.612,30.112,1.5,1.5,ok,video,0.0,True,False,False,4.017734638195137,2.7505757691458967,1.346631983932081,1.8127172197610122
P35,NGEED,2,POST,F3,frontal,kiri,28.612,30.112,1.5,1.5,ok,video,0.0,True,False,False,4.34518836186988,1.815656081810026,0.760886892820821,1.7781885270100304
P35,NGEED,2,POST,C3,sentral,kiri,28.612,30.112,1.5,1.5,ok,video,0.0,True,False,False,5.088999235491514,1.8240566671579614,1.001423226796632,2.35417118867295
P35,NGEED,2,POST,P3,parietal,kiri,28.612,30.112,1.5,1.5,ok,video,0.0,True,False,False,4.941134990585212,0.22593589786594492,-0.7876417448208741,1.5745946637246604
P35,NGEED,2,POST,O1,oksipital,kiri,28.612,30.112,1.5,1.5,ok,video,0.0,True,False,False,2.386121513514368,-2.8895789433204477,-2.738414997711992,-0.7653234950744832
P35,NGEED,2,POST,F7,frontotemporal,kiri,28.612,30.112,1.5,1.5,ok,video,0.0,True,False,False,4.751793503935765,2.4511544279486586,0.5932564856316418,1.991381468369127
P35,NGEED,2,POST,T3,temporal,kiri,28.612,30.112,1.5,1.5,ok,video,0.0,True,False,False,4.461066320189232,0.20627516290841896,-0.6477414596683033,1.2836787294613643
P35,NGEED,2,POST,T5,temporo-posterior,kiri,28.612,30.112,1.5,1.5,ok,video,0.0,True,False,False,0.03984362366552574,0.989377555268895,2.2493766652766354,1.2327634892045012
P35,NGEED,2,POST,Fp2,frontopolar,kanan,28.612,30.112,1.5,1.5,ok,video,0.0,True,False,False,1.7541895610014961,0.6405929489984956,-0.13067396734319914,-0.8787421862899052
P35,NGEED,2,POST,F4,frontal,kanan,28.612,30.112,1.5,1.5,ok,video,0.0,True,False,False,4.454878372153885,1.9258483905372685,0.8856479145794793,1.9867404967742957
P35,NGEED,2,POST,C4,sentral,kanan,28.612,30.112,1.5,1.5,ok,video,0.0,True,False,False,4.392562193819273,2.3970749559493854,0.5272478952074664,2.0356777877757892
P35,NGEED,2,POST,P4,parietal,kanan,28.612,30.112,1.5,1.5,ok,video,0.0,True,False,False,4.22187634244478,1.4794810841944752,0.0780246907995803,1.5246127826430964
P35,NGEED,2,POST,O2,oksipital,kanan,28.612,30.112,1.5,1.5,ok,video,0.0,True,False,False,4.3518877231149204,2.1072827704793653,0.4818491069479478,1.6643568942673852
P35,NGEED,2,POST,F8,frontotemporal,kanan,28.612,30.112,1.5,1.5,ok,video,0.0,True,False,False,4.71531479942535,2.047364432567676,0.759833324208735,1.888948201407132
P35,NGEED,2,POST,T4,temporal,kanan,28.612,30.112,1.5,1.5,ok,video,0.0,True,False,False,3.940091471181475,0.9827585903872915,0.482661483476285,1.1273181099143699
P35,NGEED,2,POST,T6,temporo-posterior,kanan,28.612,30.112,1.5,1.5,ok,video,0.0,True,False,False,4.968636650105964,2.206645611688913,1.083779762694732,2.0270971892904868
P35,AGEM KANAN,1,PRA,Fp1,frontopolar,kiri,30.5,32.5,2.0,2.0,ok,video,0.0,True,False,False,2.0443173128432193,2.0182124957099603,0.6616826898349544,0.9509538779143156
P35,AGEM KANAN,1,PRA,F3,frontal,kiri,30.5,32.5,2.0,2.0,ok,video,0.0,True,False,False,2.476063780665129,3.1897707189725892,1.3333222706533618,1.6849202776667767
P35,AGEM KANAN,1,PRA,C3,sentral,kiri,30.5,32.5,2.0,2.0,ok,video,0.0,True,False,False,2.449738247082834,1.3166076931447606,0.2262626567917465,0.907086613714057
P35,AGEM KANAN,1,PRA,P3,parietal,kiri,30.5,32.5,2.0,2.0,ok,video,0.0,True,False,False,2.716817332330251,1.5344460095177297,1.18338287984351,1.1906409762285577
P35,AGEM KANAN,1,PRA,O1,oksipital,kiri,30.5,32.5,2.0,2.0,ok,video,0.0,True,False,False,0.7367644736059802,1.1705066239024404,0.9511417094867127,0.5030253780382097
P35,AGEM KANAN,1,PRA,F7,frontotemporal,kiri,30.5,32.5,2.0,2.0,ok,video,0.0,True,False,False,2.6129842121442124,2.4763783162984296,1.5203420621619514,1.6579950247624993
P35,AGEM KANAN,1,PRA,T3,temporal,kiri,30.5,32.5,2.0,2.0,ok,video,0.0,True,False,False,2.588918945829377,0.8646754676886133,0.6506398979874035,0.9464532642925363
P35,AGEM KANAN,1,PRA,T5,temporo-posterior,kiri,30.5,32.5,2.0,2.0,ok,video,0.0,True,False,False,-3.738587623730851,-3.523580599236876,-2.270093366296429,-3.279446876340881
P35,AGEM KANAN,1,PRA,Fp2,frontopolar,kanan,30.5,32.5,2.0,2.0,ok,video,0.0,True,False,False,-1.6121423298260353,-0.7000184803446565,0.16757790537655382,-2.3231423367357813
P35,AGEM KANAN,1,PRA,F4,frontal,kanan,30.5,32.5,2.0,2.0,ok,video,0.0,True,False,False,-0.03795598168971992,0.17147066225005858,-0.10597901508456786,-0.5083177277247302
P35,AGEM KANAN,1,PRA,C4,sentral,kanan,30.5,32.5,2.0,2.0,ok,video,0.0,True,False,False,1.7322029545577422,1.2055655053817134,0.5046111980464616,0.8275961063859683
P35,AGEM KANAN,1,PRA,P4,parietal,kanan,30.5,32.5,2.0,2.0,ok,video,0.0,True,False,False,1.43885549794107,0.5014981015648701,-0.13966016708257456,0.06644814115735187
P35,AGEM KANAN,1,PRA,O2,oksipital,kanan,30.5,32.5,2.0,2.0,ok,video,0.0,True,False,False,2.2377262209110924,1.115956785486894,0.4922323405267015,0.7706074883380438
P35,AGEM KANAN,1,PRA,F8,frontotemporal,kanan,30.5,32.5,2.0,2.0,ok,video,0.0,True,False,False,2.1811086702625317,1.3083166790902752,0.697830988090935,0.7940098200080712
P35,AGEM KANAN,1,PRA,T4,temporal,kanan,30.5,32.5,2.0,2.0,ok,video,0.0,True,False,False,2.1618958568856215,0.2128715473515186,-0.425265053191648,0.08585680610568858
P35,AGEM KANAN,1,PRA,T6,temporo-posterior,kanan,30.5,32.5,2.0,2.0,ok,video,0.0,True,False,False,2.759818716506821,0.9006910689031074,1.545886540899442,1.1461851046999882
P35,AGEM KANAN,1,TURUN,Fp1,frontopolar,kiri,39.495,40.379,1.262,0.883,ok,video,0.0,True,False,False,0.7916250883946319,1.1536365606835304,2.9757841126175,1.716441919229375
P35,AGEM KANAN,1,TURUN,F3,frontal,kiri,39.495,40.379,1.262,0.883,ok,video,0.0,True,False,False,2.063869248234816,-1.6283174678246652,2.577290007843125,1.0307324654325498
P35,AGEM KANAN,1,TURUN,C3,sentral,kiri,39.495,40.379,1.262,0.883,ok,video,0.0,True,False,False,1.8873064917041873,-2.8435761516581834,2.5405495362336694,1.1387769214255314
P35,AGEM KANAN,1,TURUN,P3,parietal,kiri,39.495,40.379,1.262,0.883,ok,video,0.0,True,False,False,-18.7633928647766,-13.422290093704504,-14.121004398691486,-15.275221914180726
P35,AGEM KANAN,1,TURUN,O1,oksipital,kiri,39.495,40.379,1.262,0.883,ok,video,0.0,True,False,False,-1.9138773612199316,-0.20885224027457383,-2.3958140468155236,-0.09378385537621625
P35,AGEM KANAN,1,TURUN,F7,frontotemporal,kiri,39.495,40.379,1.262,0.883,ok,video,0.0,True,False,False,0.7285761207198647,0.9825975626711667,2.3322400062723148,0.8962492477767086
P35,AGEM KANAN,1,TURUN,T3,temporal,kiri,39.495,40.379,1.262,0.883,ok,video,0.0,True,False,False,-7.826778855750305,-7.5121666682295825,-6.879879945426687,-7.4503287536782885
P35,AGEM KANAN,1,TURUN,T5,temporo-posterior,kiri,39.495,40.379,1.262,0.883,ok,video,0.0,True,False,False,3.1899358549019894,4.514761909512394,0.7344069108393647,3.169635813387238
P35,AGEM KANAN,1,TURUN,Fp2,frontopolar,kanan,39.495,40.379,1.262,0.883,ok,video,0.0,True,False,False,-2.0363411201018806,-0.674529410157092,-4.5484523753990125,-2.802992650667324
P35,AGEM KANAN,1,TURUN,F4,frontal,kanan,39.495,40.379,1.262,0.883,ok,video,0.0,True,False,False,0.9189293108945549,2.5096450467230795,1.4450729644788218,1.9164858871502872
P35,AGEM KANAN,1,TURUN,C4,sentral,kanan,39.495,40.379,1.262,0.883,ok,video,0.0,True,False,False,1.439506860676083,-1.0167362463859817,2.5203578794483192,1.1210461789556092
P35,AGEM KANAN,1,TURUN,P4,parietal,kanan,39.495,40.379,1.262,0.883,ok,video,0.0,True,False,False,1.803355088234099,-0.7491661079924299,1.907158463711852,2.135121338760584
P35,AGEM KANAN,1,TURUN,O2,oksipital,kanan,39.495,40.379,1.262,0.883,ok,video,0.0,True,False,False,-3.798904271956573,-5.367327005083599,-0.1977264118036004,0.0010773875406044908
P35,AGEM KANAN,1,TURUN,F8,frontotemporal,kanan,39.495,40.379,1.262,0.883,ok,video,0.0,True,False,False,0.6139399599627282,-0.5097016327216011,1.9905080713358743,0.801992810333509
P35,AGEM KANAN,1,TURUN,T4,temporal,kanan,39.495,40.379,1.262,0.883,ok,video,0.0,True,False,False,-0.022713850754250586,-3.8241485539033206,1.4249496875633056,-0.5648615300242881
P35,AGEM KANAN,1,TURUN,T6,temporo-posterior,kanan,39.495,40.379,1.262,0.883,ok,video,0.0,True,False,False,0.10299155073370514,-2.400243417949774,0.9735655528814391,-0.4230292477662658
P35,AGEM KANAN,1,TAHAN,Fp1,frontopolar,kiri,40.818,42.984,2.666,2.166,ok,video,0.0,True,False,False,4.645297101295718,2.9726903868997994,5.04946684597504,3.6254049295151916
P35,AGEM KANAN,1,TAHAN,F3,frontal,kiri,40.818,42.984,2.666,2.166,ok,video,0.0,True,False,False,1.7266208659977025,1.8273524803486936,3.9410973658066624,2.7521213135517115
P35,AGEM KANAN,1,TAHAN,C3,sentral,kiri,40.818,42.984,2.666,2.166,ok,video,0.0,True,False,False,3.899695561757511,1.1212014902892662,4.238594477526753,3.1714019021022466
P35,AGEM KANAN,1,TAHAN,P3,parietal,kiri,40.818,42.984,2.666,2.166,ok,video,0.0,True,False,False,-4.963751874684306,-3.6138108071401263,-3.0444929227089794,-4.33313851433773
P35,AGEM KANAN,1,TAHAN,O1,oksipital,kiri,40.818,42.984,2.666,2.166,ok,video,0.0,True,False,False,-3.407727355390257,-1.7049239719388964,-3.1014757206983212,-3.109222944506037
P35,AGEM KANAN,1,TAHAN,F7,frontotemporal,kiri,40.818,42.984,2.666,2.166,ok,video,0.0,True,False,False,2.962630325445616,2.3536565338716073,3.8726093134579713,2.464195632010316
P35,AGEM KANAN,1,TAHAN,T3,temporal,kiri,40.818,42.984,2.666,2.166,ok,video,0.0,True,False,False,-3.346103282707361,-0.6374483008428768,0.14375014214638782,-1.4272858974004592
P35,AGEM KANAN,1,TAHAN,T5,temporo-posterior,kiri,40.818,42.984,2.666,2.166,ok,video,0.0,True,False,False,2.9564909723568604,3.6082758551212706,3.28168339900202,2.848959671367446
P35,AGEM KANAN,1,TAHAN,Fp2,frontopolar,kanan,40.818,42.984,2.666,2.166,ok,video,0.0,True,False,False,1.7295869295878816,3.0590135220068504,1.9132916146096655,1.0261128244510758
P35,AGEM KANAN,1,TAHAN,F4,frontal,kanan,40.818,42.984,2.666,2.166,ok,video,0.0,True,False,False,3.5421381701314942,2.3182914427688246,3.713157798581367,2.8746890393593105
P35,AGEM KANAN,1,TAHAN,C4,sentral,kanan,40.818,42.984,2.666,2.166,ok,video,0.0,True,False,False,4.0863904927491745,2.1667068854209575,4.5682415532570175,3.3550394371229117
P35,AGEM KANAN,1,TAHAN,P4,parietal,kanan,40.818,42.984,2.666,2.166,ok,video,0.0,True,False,False,4.412733479517129,1.7327502763832072,4.462881277413707,3.338762327863833
P35,AGEM KANAN,1,TAHAN,O2,oksipital,kanan,40.818,42.984,2.666,2.166,ok,video,0.0,True,False,False,2.1914098641250774,0.6585920020038216,4.330651269353343,2.5229174342039613
P35,AGEM KANAN,1,TAHAN,F8,frontotemporal,kanan,40.818,42.984,2.666,2.166,ok,video,0.0,True,False,False,3.7750013821068933,2.0693399714276595,4.083879396523088,2.8037608097021476
P35,AGEM KANAN,1,TAHAN,T4,temporal,kanan,40.818,42.984,2.666,2.166,ok,video,0.0,True,False,False,3.1829953424088586,1.9018802669343557,3.4717518975306163,2.294968640775963
P35,AGEM KANAN,1,TAHAN,T6,temporo-posterior,kanan,40.818,42.984,2.666,2.166,ok,video,0.0,True,False,False,3.7145098555095544,2.9352216957215447,4.397522658392585,3.666620447299408
P35,AGEM KANAN,1,NAIK,Fp1,frontopolar,kiri,43.355,43.919,0.806,0.564,ok,video,0.0,True,False,False,-3.059383209948521,4.16589965538801,1.4897750084969523,0.357539681942761
P35,AGEM KANAN,1,NAIK,F3,frontal,kiri,43.355,43.919,0.806,0.564,ok,video,0.0,True,False,False,-2.4251490388115116,5.167229574511545,2.1002671592159174,1.1080469698679067
P35,AGEM KANAN,1,NAIK,C3,sentral,kiri,43.355,43.919,0.806,0.564,ok,video,0.0,True,False,False,-3.935228525055372,4.257204389662505,1.4401893469385953,0.6258037071765798
P35,AGEM KANAN,1,NAIK,P3,parietal,kiri,43.355,43.919,0.806,0.564,ok,video,0.0,True,False,False,1.2238238787592195,2.5149544415938223,0.5774242791104207,0.820225279237988
P35,AGEM KANAN,1,NAIK,O1,oksipital,kiri,43.355,43.919,0.806,0.564,ok,video,0.0,True,False,False,-2.161031883893088,-0.006717228314670365,-0.4209627525904125,-1.4420693288767232
P35,AGEM KANAN,1,NAIK,F7,frontotemporal,kiri,43.355,43.919,0.806,0.564,ok,video,0.0,True,False,False,-2.4294084900382202,5.0982687700227345,1.828982964364755,1.1107219872261922
P35,AGEM KANAN,1,NAIK,T3,temporal,kiri,43.355,43.919,0.806,0.564,ok,video,0.0,True,False,False,-4.606930513124809,2.4839409453187287,1.8702821829677418,0.02196742139570773
P35,AGEM KANAN,1,NAIK,T5,temporo-posterior,kiri,43.355,43.919,0.806,0.564,ok,video,0.0,True,False,False,2.4512113716452433,-1.281269486553441,1.8435000418924403,1.5250776275663256
P35,AGEM KANAN,1,NAIK,Fp2,frontopolar,kanan,43.355,43.919,0.806,0.564,ok,video,0.0,True,False,False,-7.757669280637312,0.05970181165699984,-0.4081970517234552,-3.220798663175337
P35,AGEM KANAN,1,NAIK,F4,frontal,kanan,43.355,43.919,0.806,0.564,ok,video,0.0,True,False,False,-3.189459000855077,2.8584802322279472,1.5989931272315658,0.6785241397969841
P35,AGEM KANAN,1,NAIK,C4,sentral,kanan,43.355,43.919,0.806,0.564,ok,video,0.0,True,False,False,-6.137751915953533,2.394395311581178,1.443708335648438,-0.03702418007326003
P35,AGEM KANAN,1,NAIK,P4,parietal,kanan,43.355,43.919,0.806,0.564,ok,video,0.0,True,False,False,-6.006924867840244,2.9713008950614466,0.9478459464841862,-0.4574236377214902
P35,AGEM KANAN,1,NAIK,O2,oksipital,kanan,43.355,43.919,0.806,0.564,ok,video,0.0,True,False,False,-7.243859603373497,1.9372883064111122,1.262249033998149,-0.2839014402641169
P35,AGEM KANAN,1,NAIK,F8,frontotemporal,kanan,43.355,43.919,0.806,0.564,ok,video,0.0,True,False,False,-6.907424671650993,2.8570455524449585,1.6601599875613076,-0.2747791348846036
P35,AGEM KANAN,1,NAIK,T4,temporal,kanan,43.355,43.919,0.806,0.564,ok,video,0.0,True,False,False,-6.555290607150312,3.2451969826561324,0.9283828759642603,-0.6447887155300194
P35,AGEM KANAN,1,NAIK,T6,temporo-posterior,kanan,43.355,43.919,0.806,0.564,ok,video,0.0,True,False,False,-2.5983789321710518,1.9257859087584208,2.1555002565687538,0.8247046670710674
P35,AGEM KANAN,1,POST,Fp1,frontopolar,kiri,44.54,46.04,1.5,1.5,ok,video,0.0,True,False,False,3.7246822231395953,3.397286285877705,0.004825730013589435,3.0411172854644875
P35,AGEM KANAN,1,POST,F3,frontal,kiri,44.54,46.04,1.5,1.5,ok,video,0.0,True,False,False,4.138372782949894,4.151423863921046,0.7985903555936886,3.4153917632693265
P35,AGEM KANAN,1,POST,C3,sentral,kiri,44.54,46.04,1.5,1.5,ok,video,0.0,True,False,False,4.641864919243609,3.913036009196773,0.6331026800712749,3.2018469539608603
P35,AGEM KANAN,1,POST,P3,parietal,kiri,44.54,46.04,1.5,1.5,ok,video,0.0,True,False,False,6.4035615331028595,4.5053523256125985,1.3863124383765957,4.257873783801806
P35,AGEM KANAN,1,POST,O1,oksipital,kiri,44.54,46.04,1.5,1.5,ok,video,0.0,True,False,False,5.478556400757711,0.725504689265783,0.5835800231571042,3.134388144605147
P35,AGEM KANAN,1,POST,F7,frontotemporal,kiri,44.54,46.04,1.5,1.5,ok,video,0.0,True,False,False,4.854603322516773,4.579546928447861,0.6058623893208761,4.016851559268311
P35,AGEM KANAN,1,POST,T3,temporal,kiri,44.54,46.04,1.5,1.5,ok,video,0.0,True,False,False,4.59388415067496,4.295945512171194,0.5437141133562235,3.402648472035388
P35,AGEM KANAN,1,POST,T5,temporo-posterior,kiri,44.54,46.04,1.5,1.5,ok,video,0.0,True,False,False,2.9335108269293,-2.5226665096034395,1.2003514123075192,1.0219662497213164
P35,AGEM KANAN,1,POST,Fp2,frontopolar,kanan,44.54,46.04,1.5,1.5,ok,video,0.0,True,False,False,3.313303389143087,1.63414352156407,-0.3539196836572067,1.6771246412328722
P35,AGEM KANAN,1,POST,F4,frontal,kanan,44.54,46.04,1.5,1.5,ok,video,0.0,True,False,False,6.9355417959410275,3.03990412783336,1.0829783011077474,4.474265146774307
P35,AGEM KANAN,1,POST,C4,sentral,kanan,44.54,46.04,1.5,1.5,ok,video,0.0,True,False,False,4.716013980662531,3.7452939341508937,0.4590591455388946,3.349600436418811
P35,AGEM KANAN,1,POST,P4,parietal,kanan,44.54,46.04,1.5,1.5,ok,video,0.0,True,False,False,4.514088987174311,3.4427263312923913,-0.004697254542087137,2.7834780860946395
P35,AGEM KANAN,1,POST,O2,oksipital,kanan,44.54,46.04,1.5,1.5,ok,video,0.0,True,False,False,3.933585239191956,3.8845036514149527,-0.2714184702188547,3.3949593813203336
P35,AGEM KANAN,1,POST,F8,frontotemporal,kanan,44.54,46.04,1.5,1.5,ok,video,0.0,True,False,False,4.340472508225531,3.704570916722325,-0.03802562485285321,3.1656220655839036
P35,AGEM KANAN,1,POST,T4,temporal,kanan,44.54,46.04,1.5,1.5,ok,video,0.0,True,False,False,4.341052369701167,2.764045211918045,-0.3083818083524612,2.505770922288505
P35,AGEM KANAN,1,POST,T6,temporo-posterior,kanan,44.54,46.04,1.5,1.5,ok,video,0.0,True,False,False,6.001584049394815,4.51703373764289,1.256935226795651,3.8180011684100847
P35,AGEM KANAN,2,PRA,Fp1,frontopolar,kiri,52.635,54.635,2.0,2.0,ok,video,0.0,True,False,False,3.5131097772182684,0.3179409616409181,3.0531501112943076,1.8979425742483045
P35,AGEM KANAN,2,PRA,F3,frontal,kiri,52.635,54.635,2.0,2.0,ok,video,0.0,True,False,False,3.1115785974816177,0.6837976823244034,2.7192622919221208,1.7230811304319857
P35,AGEM KANAN,2,PRA,C3,sentral,kiri,52.635,54.635,2.0,2.0,ok,video,0.0,True,False,False,3.867955943096476,1.3060406077653468,3.39715279856199,2.617614392928637
P35,AGEM KANAN,2,PRA,P3,parietal,kiri,52.635,54.635,2.0,2.0,ok,video,0.0,True,False,False,-2.901472680875635,-5.475754088066811,-4.646320891411808,-4.656950350781361
P35,AGEM KANAN,2,PRA,O1,oksipital,kiri,52.635,54.635,2.0,2.0,ok,video,0.0,True,False,False,1.2152569964766329,-0.8768393127189746,1.5867923413299714,1.4287811754938176
P35,AGEM KANAN,2,PRA,F7,frontotemporal,kiri,52.635,54.635,2.0,2.0,ok,video,0.0,True,False,False,2.444480152572524,-0.23924155541538283,2.5944732805987485,1.4785017015217505
P35,AGEM KANAN,2,PRA,T3,temporal,kiri,52.635,54.635,2.0,2.0,ok,video,0.0,True,False,False,-0.4055314998340904,-3.4425491437878897,-1.6157609197683236,-2.3268133450852915
P35,AGEM KANAN,2,PRA,T5,temporo-posterior,kiri,52.635,54.635,2.0,2.0,ok,video,0.0,True,False,False,0.4747716575418579,-0.8631124004588173,1.0037991617203161,0.26105029204698127
P35,AGEM KANAN,2,PRA,Fp2,frontopolar,kanan,52.635,54.635,2.0,2.0,ok,video,0.0,True,False,False,5.78413286852583,2.442485472896152,2.305603562700121,2.451422094568578
P35,AGEM KANAN,2,PRA,F4,frontal,kanan,52.635,54.635,2.0,2.0,ok,video,0.0,True,False,False,2.9149731831887706,1.1341350912360753,1.913814479324465,1.5746768775586801
P35,AGEM KANAN,2,PRA,C4,sentral,kanan,52.635,54.635,2.0,2.0,ok,video,0.0,True,False,False,3.5157397147987837,0.2340935176427692,3.018583705892098,2.0328114655062777
P35,AGEM KANAN,2,PRA,P4,parietal,kanan,52.635,54.635,2.0,2.0,ok,video,0.0,True,False,False,3.385824110499776,0.591216172508048,3.0553280939763425,1.9421476178169357
P35,AGEM KANAN,2,PRA,O2,oksipital,kanan,52.635,54.635,2.0,2.0,ok,video,0.0,True,False,False,5.644480274763957,1.4607451180289672,2.049246515012367,2.899757540318248
P35,AGEM KANAN,2,PRA,F8,frontotemporal,kanan,52.635,54.635,2.0,2.0,ok,video,0.0,True,False,False,3.0257856427196472,0.1765568703110887,2.40495298477839,1.2818301894092983
P35,AGEM KANAN,2,PRA,T4,temporal,kanan,52.635,54.635,2.0,2.0,ok,video,0.0,True,False,False,3.6179154893916063,-0.14947114390204064,2.7619395147792076,1.530174289477678
P35,AGEM KANAN,2,PRA,T6,temporo-posterior,kanan,52.635,54.635,2.0,2.0,ok,video,0.0,True,False,False,4.1688232477097245,-0.5280094293358353,1.906605260819699,1.2933614677222849
P35,AGEM KANAN,2,TURUN,Fp1,frontopolar,kiri,54.885,56.253,1.868,1.368,ok,video,0.0,True,False,False,2.8876666808363183,4.652986838632842,3.1196525570466775,3.2423529635203323
P35,AGEM KANAN,2,TURUN,F3,frontal,kiri,54.885,56.253,1.868,1.368,ok,video,0.0,True,False,False,1.9556134364976359,2.9088699750512106,2.088314358487345,1.8315700894987827
P35,AGEM KANAN,2,TURUN,C3,sentral,kiri,54.885,56.253,1.868,1.368,ok,video,0.0,True,False,False,2.557481825011706,2.9124096498413863,2.3547936983322444,2.64145247362012
P35,AGEM KANAN,2,TURUN,P3,parietal,kiri,54.885,56.253,1.868,1.368,ok,video,0.0,True,False,False,-8.082405683026781,-8.010572129277822,-8.209094190907837,-8.621486670083218
P35,AGEM KANAN,2,TURUN,O1,oksipital,kiri,54.885,56.253,1.868,1.368,ok,video,0.0,True,False,False,-0.5906625281739579,0.6354208745969743,-0.07439271538056857,-0.003223759418965244
P35,AGEM KANAN,2,TURUN,F7,frontotemporal,kiri,54.885,56.253,1.868,1.368,ok,video,0.0,True,False,False,2.74800288718081,4.005593654757078,2.4115686455988836,3.113367500878198
P35,AGEM KANAN,2,TURUN,T3,temporal,kiri,54.885,56.253,1.868,1.368,ok,video,0.0,True,False,False,-4.573438610744994,-2.3411738499803363,-1.911166660286323,-2.903417541072116
P35,AGEM KANAN,2,TURUN,T5,temporo-posterior,kiri,54.885,56.253,1.868,1.368,ok,video,0.0,True,False,False,1.502032606988415,-0.7639869426366346,0.9204313746399784,0.663094071784279
P35,AGEM KANAN,2,TURUN,Fp2,frontopolar,kanan,54.885,56.253,1.868,1.368,ok,video,0.0,True,False,False,-0.08347329839930495,0.27266256176347525,-0.036722969837263975,-1.3131549065920929
P35,AGEM KANAN,2,TURUN,F4,frontal,kanan,54.885,56.253,1.868,1.368,ok,video,0.0,True,False,False,2.194640448541442,3.9604150800811553,1.5072797045224497,2.2215868412220203
P35,AGEM KANAN,2,TURUN,C4,sentral,kanan,54.885,56.253,1.868,1.368,ok,video,0.0,True,False,False,3.0793429601613767,4.1347892920501295,2.457593367736564,2.7783584816825098
P35,AGEM KANAN,2,TURUN,P4,parietal,kanan,54.885,56.253,1.868,1.368,ok,video,0.0,True,False,False,3.047353899628469,4.059648222445595,2.483006980022566,2.81647364811937
P35,AGEM KANAN,2,TURUN,O2,oksipital,kanan,54.885,56.253,1.868,1.368,ok,video,0.0,True,False,False,0.036780773204299066,2.2185704659933805,0.8449823479664538,0.8068584918887538
P35,AGEM KANAN,2,TURUN,F8,frontotemporal,kanan,54.885,56.253,1.868,1.368,ok,video,0.0,True,False,False,2.4300787541853808,3.424789721390617,2.2895092523027927,1.9626523843145236
P35,AGEM KANAN,2,TURUN,T4,temporal,kanan,54.885,56.253,1.868,1.368,ok,video,0.0,True,False,False,1.865067311815416,2.897816860921594,1.9385820462065126,1.618730294881317
P35,AGEM KANAN,2,TURUN,T6,temporo-posterior,kanan,54.885,56.253,1.868,1.368,ok,video,0.0,True,False,False,2.47813416696485,2.815609485965055,2.0397699330577304,1.7796602949549438
P35,AGEM KANAN,2,TAHAN,Fp1,frontopolar,kiri,56.753,58.586,2.333,1.833,ok,video,0.0,True,False,False,3.1381983096603676,3.9599263269579055,4.5748762202942,3.2487180720822195
P35,AGEM KANAN,2,TAHAN,F3,frontal,kiri,56.753,58.586,2.333,1.833,ok,video,0.0,True,False,False,2.7626714811352358,4.154383331802357,3.5170460499245735,2.952337388553161
P35,AGEM KANAN,2,TAHAN,C3,sentral,kiri,56.753,58.586,2.333,1.833,ok,video,0.0,True,False,False,1.8414646040916764,3.3512689856565387,4.080092757276297,2.826712109794549
P35,AGEM KANAN,2,TAHAN,P3,parietal,kiri,56.753,58.586,2.333,1.833,ok,video,0.0,True,False,False,-4.700768244626978,-5.334450230500501,-6.567521469848842,-6.141214738126067
P35,AGEM KANAN,2,TAHAN,O1,oksipital,kiri,56.753,58.586,2.333,1.833,ok,video,0.0,True,False,False,-3.0208050744843398,-0.8401345750171565,-2.573188272859973,-2.8945028447121004
P35,AGEM KANAN,2,TAHAN,F7,frontotemporal,kiri,56.753,58.586,2.333,1.833,ok,video,0.0,True,False,False,1.852436207446992,3.237325941065926,4.022222857477978,2.620431012889476
P35,AGEM KANAN,2,TAHAN,T3,temporal,kiri,56.753,58.586,2.333,1.833,ok,video,0.0,True,False,False,-5.166477779299662,1.5383811561994136,-0.37635669274045114,-1.3885965484861558
P35,AGEM KANAN,2,TAHAN,T5,temporo-posterior,kiri,56.753,58.586,2.333,1.833,ok,video,0.0,True,False,False,2.9335075258182854,2.186749669130421,3.010398157276498,2.8877781759636747
P35,AGEM KANAN,2,TAHAN,Fp2,frontopolar,kanan,56.753,58.586,2.333,1.833,ok,video,0.0,True,False,False,1.7856197254477522,1.9586029147872352,0.5877401640514499,2.5696522177337684
P35,AGEM KANAN,2,TAHAN,F4,frontal,kanan,56.753,58.586,2.333,1.833,ok,video,0.0,True,False,False,3.160458868258921,2.9925323280423513,2.3528066279052346,2.4189072994867686
P35,AGEM KANAN,2,TAHAN,C4,sentral,kanan,56.753,58.586,2.333,1.833,ok,video,0.0,True,False,False,1.7198067647230744,3.474297033748776,4.382647824420403,2.973962016414383
P35,AGEM KANAN,2,TAHAN,P4,parietal,kanan,56.753,58.586,2.333,1.833,ok,video,0.0,True,False,False,1.990322169192197,3.532551513012365,4.154995886639647,2.577388601012892
P35,AGEM KANAN,2,TAHAN,O2,oksipital,kanan,56.753,58.586,2.333,1.833,ok,video,0.0,True,False,False,0.5210126920966829,2.2870455758545347,2.7359196295399038,1.3468970777580438
P35,AGEM KANAN,2,TAHAN,F8,frontotemporal,kanan,56.753,58.586,2.333,1.833,ok,video,0.0,True,False,False,1.9509436309175427,3.435759415475289,3.802746592682624,2.3893616061729333
P35,AGEM KANAN,2,TAHAN,T4,temporal,kanan,56.753,58.586,2.333,1.833,ok,video,0.0,True,False,False,0.08771993879599904,3.598516430663622,3.694174719686849,1.885385254452828
P35,AGEM KANAN,2,TAHAN,T6,temporo-posterior,kanan,56.753,58.586,2.333,1.833,ok,video,0.0,True,False,False,0.9409246271049412,4.437467377117926,3.966317668169655,2.3868054511627363
P35,AGEM KANAN,2,NAIK,Fp1,frontopolar,kiri,59.015,59.851,1.194,0.836,ok,video,0.0,True,False,False,3.904050878706883,1.6183238460899076,2.758555277451265,2.1830599483210023
P35,AGEM KANAN,2,NAIK,F3,frontal,kiri,59.015,59.851,1.194,0.836,ok,video,0.0,True,False,False,4.423755289033835,0.4620033383506552,3.4742047744516356,2.8978638287593057
P35,AGEM KANAN,2,NAIK,C3,sentral,kiri,59.015,59.851,1.194,0.836,ok,video,0.0,True,False,False,5.025253490015444,1.6898888634848035,4.0621818504883365,3.6451908144096095
P35,AGEM KANAN,2,NAIK,P3,parietal,kiri,59.015,59.851,1.194,0.836,ok,video,0.0,True,False,False,0.5398653837612386,-1.7966599512702963,-0.5656672711155686,-1.0975795236146624
P35,AGEM KANAN,2,NAIK,O1,oksipital,kiri,59.015,59.851,1.194,0.836,ok,video,0.0,True,False,False,-1.179521019559722,-2.9823424841747403,-0.7092613865374986,-2.05247798486738
P35,AGEM KANAN,2,NAIK,F7,frontotemporal,kiri,59.015,59.851,1.194,0.836,ok,video,0.0,True,False,False,3.3639833102610766,1.0135439699473423,2.147122714136394,1.6019316556214562
P35,AGEM KANAN,2,NAIK,T3,temporal,kiri,59.015,59.851,1.194,0.836,ok,video,0.0,True,False,False,1.4564377538724997,-1.034419255479456,0.33155302531260844,-0.24951894787202633
P35,AGEM KANAN,2,NAIK,T5,temporo-posterior,kiri,59.015,59.851,1.194,0.836,ok,video,0.0,True,False,False,-2.34627897192102,4.831626471010367,3.9051084314740194,3.438943375732883
P35,AGEM KANAN,2,NAIK,Fp2,frontopolar,kanan,59.015,59.851,1.194,0.836,ok,video,0.0,True,False,False,3.5565240880564915,6.1287341624033616,-0.6876976989700481,3.4481555953819694
P35,AGEM KANAN,2,NAIK,F4,frontal,kanan,59.015,59.851,1.194,0.836,ok,video,0.0,True,False,False,-0.49959565076252943,-1.226929410108312,-1.5284218859936551,-0.5222993265549327
P35,AGEM KANAN,2,NAIK,C4,sentral,kanan,59.015,59.851,1.194,0.836,ok,video,0.0,True,False,False,3.550773489515592,1.2977679279134904,-0.040878652847951,1.5623480522198747
P35,AGEM KANAN,2,NAIK,P4,parietal,kanan,59.015,59.851,1.194,0.836,ok,video,0.0,True,False,False,3.678719701886145,0.9827012868319045,-0.008707029123186771,1.630666438658281
P35,AGEM KANAN,2,NAIK,O2,oksipital,kanan,59.015,59.851,1.194,0.836,ok,video,0.0,True,False,False,2.9548266708452076,2.3745751135002635,1.9494016248440609,1.8475170236318945
P35,AGEM KANAN,2,NAIK,F8,frontotemporal,kanan,59.015,59.851,1.194,0.836,ok,video,0.0,True,False,False,2.920526432899301,0.08067312634430124,0.58356496891696,0.681319726052088
P35,AGEM KANAN,2,NAIK,T4,temporal,kanan,59.015,59.851,1.194,0.836,ok,video,0.0,True,False,False,4.429722750830386,1.2895717972507015,2.593465653884742,2.2620623138899347
P35,AGEM KANAN,2,NAIK,T6,temporo-posterior,kanan,59.015,59.851,1.194,0.836,ok,video,0.0,True,False,False,4.93038611212377,2.4298942285545166,2.624370134148112,2.2093105880391875
P35,AGEM KANAN,2,POST,Fp1,frontopolar,kiri,60.53,62.03,1.5,1.5,ok,video,0.0,True,False,False,3.551232439668013,3.128423142628435,1.8481858035852596,3.282389166318076
P35,AGEM KANAN,2,POST,F3,frontal,kiri,60.53,62.03,1.5,1.5,ok,video,0.0,True,False,False,2.073722251451983,1.524520891344622,1.6339807471908898,2.096627992408102
P35,AGEM KANAN,2,POST,C3,sentral,kiri,60.53,62.03,1.5,1.5,ok,video,0.0,True,False,False,2.0499314797745427,1.5238464285593167,1.738853102532481,2.5629823078981104
P35,AGEM KANAN,2,POST,P3,parietal,kiri,60.53,62.03,1.5,1.5,ok,video,0.0,True,False,False,-2.7014067434621083,-2.9132925459174466,-2.2960516087216156,-1.708809797136027
P35,AGEM KANAN,2,POST,O1,oksipital,kiri,60.53,62.03,1.5,1.5,ok,video,0.0,True,False,False,-1.71292584613132,-3.9104579248748017,-2.5892677707495544,-1.3735831104100953
P35,AGEM KANAN,2,POST,F7,frontotemporal,kiri,60.53,62.03,1.5,1.5,ok,video,0.0,True,False,False,4.577500387631829,4.12910879105582,0.8572604330744653,3.305922127834407
P35,AGEM KANAN,2,POST,T3,temporal,kiri,60.53,62.03,1.5,1.5,ok,video,0.0,True,False,False,-0.6143487145663329,1.4629457915750521,-0.863656891728354,0.3841791055527324
P35,AGEM KANAN,2,POST,T5,temporo-posterior,kiri,60.53,62.03,1.5,1.5,ok,video,0.0,True,False,False,0.6631057846819743,3.459702868860866,3.377569860270988,2.5322165479271916
P35,AGEM KANAN,2,POST,Fp2,frontopolar,kanan,60.53,62.03,1.5,1.5,ok,video,0.0,True,False,False,-1.5173566671758891,-1.12719373490863,-1.453412990435755,-1.5821505965784368
P35,AGEM KANAN,2,POST,F4,frontal,kanan,60.53,62.03,1.5,1.5,ok,video,0.0,True,False,False,1.8105336226178679,-0.5000465074678431,-0.7578681994741707,1.022867145949661
P35,AGEM KANAN,2,POST,C4,sentral,kanan,60.53,62.03,1.5,1.5,ok,video,0.0,True,False,False,2.4112343010955044,-1.1591102413739094,0.8533338325506961,1.8615453087397782
P35,AGEM KANAN,2,POST,P4,parietal,kanan,60.53,62.03,1.5,1.5,ok,video,0.0,True,False,False,2.152309401576737,-1.5590961155041683,1.0366065979014607,1.3198220940824967
P35,AGEM KANAN,2,POST,O2,oksipital,kanan,60.53,62.03,1.5,1.5,ok,video,0.0,True,False,False,1.9940187185015787,2.373469292941266,1.7220478850666616,3.256366562484409
P35,AGEM KANAN,2,POST,F8,frontotemporal,kanan,60.53,62.03,1.5,1.5,ok,video,0.0,True,False,False,2.3631848699862417,0.3889051670732826,1.5793114889442776,2.2864324324367686
P35,AGEM KANAN,2,POST,T4,temporal,kanan,60.53,62.03,1.5,1.5,ok,video,0.0,True,False,False,1.8415714382542845,1.0197074110436475,1.5190253123737136,2.361717074665819
P35,AGEM KANAN,2,POST,T6,temporo-posterior,kanan,60.53,62.03,1.5,1.5,ok,video,0.0,True,False,False,4.2638493971354166,3.5509031945964935,3.292856908084868,5.2530887648609905
P35,AGEM KIRI,1,PRA,Fp1,frontopolar,kiri,68.431,70.431,2.0,2.0,ok,video,0.0,True,False,False,3.852440537706343,0.007670629392958261,1.4316065221025056,1.7771349155800849
P35,AGEM KIRI,1,PRA,F3,frontal,kiri,68.431,70.431,2.0,2.0,ok,video,0.0,True,False,False,4.690656482173019,0.1092105536084702,2.842305622761259,2.561276003993008
P35,AGEM KIRI,1,PRA,C3,sentral,kiri,68.431,70.431,2.0,2.0,ok,video,0.0,True,False,False,4.194748888250615,0.8932338280962284,2.615329805038229,2.5399245713066634
P35,AGEM KIRI,1,PRA,P3,parietal,kiri,68.431,70.431,2.0,2.0,ok,video,0.0,True,False,False,-2.9219148381158604,-0.8677616776703587,0.3920455104328049,-1.2857567910474863
P35,AGEM KIRI,1,PRA,O1,oksipital,kiri,68.431,70.431,2.0,2.0,ok,video,0.0,True,False,False,3.710255109703539,-0.1729818152494076,1.7621581753543225,2.690389557671786
P35,AGEM KIRI,1,PRA,F7,frontotemporal,kiri,68.431,70.431,2.0,2.0,ok,video,0.0,True,False,False,3.1924477095980563,0.4327658335991984,1.5945831918870184,2.1627067139661023
P35,AGEM KIRI,1,PRA,T3,temporal,kiri,68.431,70.431,2.0,2.0,ok,video,0.0,True,False,False,1.686543443882286,1.4746257352476277,1.5995102874432163,1.5860254338995219
P35,AGEM KIRI,1,PRA,T5,temporo-posterior,kiri,68.431,70.431,2.0,2.0,ok,video,0.0,True,False,False,4.670616567481012,1.982399811726964,1.9520995909503327,2.6712795578414017
P35,AGEM KIRI,1,PRA,Fp2,frontopolar,kanan,68.431,70.431,2.0,2.0,ok,video,0.0,True,False,False,-0.3724507628797369,-1.2982305446212585,-0.8518544632438498,-1.2505108774680558
P35,AGEM KIRI,1,PRA,F4,frontal,kanan,68.431,70.431,2.0,2.0,ok,video,0.0,True,False,False,4.181795297647334,1.2511198314486336,0.8933319607357397,2.1868358614112964
P35,AGEM KIRI,1,PRA,C4,sentral,kanan,68.431,70.431,2.0,2.0,ok,video,0.0,True,False,False,3.968020386207634,-0.020456515011311183,1.9933535496572858,2.7826331354259324
P35,AGEM KIRI,1,PRA,P4,parietal,kanan,68.431,70.431,2.0,2.0,ok,video,0.0,True,False,False,3.9326819198966447,0.8512556405977847,2.008675274444002,1.904842568440202
P35,AGEM KIRI,1,PRA,O2,oksipital,kanan,68.431,70.431,2.0,2.0,ok,video,0.0,True,False,False,2.707923033636966,1.5150296733342685,1.487887340252147,2.0721317575512828
P35,AGEM KIRI,1,PRA,F8,frontotemporal,kanan,68.431,70.431,2.0,2.0,ok,video,0.0,True,False,False,3.091447900376103,1.0734576830038023,1.6530258062674932,1.6025982580665996
P35,AGEM KIRI,1,PRA,T4,temporal,kanan,68.431,70.431,2.0,2.0,ok,video,0.0,True,False,False,2.9698340430066636,0.636740921464316,1.667544358425296,1.3513960316112446
P35,AGEM KIRI,1,PRA,T6,temporo-posterior,kanan,68.431,70.431,2.0,2.0,ok,video,0.0,True,False,False,4.717092619977059,2.78146785245945,2.8522198586267855,2.788883594732326
P35,AGEM KIRI,1,TURUN,Fp1,frontopolar,kiri,70.562,71.175,0.875,0.613,ok,video,0.0,True,False,False,-1.8347563859860543,1.151677705160985,1.8698912897967475,0.1740445603794072
P35,AGEM KIRI,1,TURUN,F3,frontal,kiri,70.562,71.175,0.875,0.613,ok,video,0.0,True,False,False,2.3344598868862647,4.230619473984099,1.1982277457087847,1.5600114185969503
P35,AGEM KIRI,1,TURUN,C3,sentral,kiri,70.562,71.175,0.875,0.613,ok,video,0.0,True,False,False,2.917376642797649,4.190669288622274,1.0455509008542734,1.7920664981038499
P35,AGEM KIRI,1,TURUN,P3,parietal,kiri,70.562,71.175,0.875,0.613,ok,video,0.0,True,False,False,-2.6626924936962197,0.31607944400020926,-2.4552135094805507,-2.1424972052271585
P35,AGEM KIRI,1,TURUN,O1,oksipital,kiri,70.562,71.175,0.875,0.613,ok,video,0.0,True,False,False,-0.8249217120517258,-0.827450500723593,-0.6543421493301658,-0.7842097120105613
P35,AGEM KIRI,1,TURUN,F7,frontotemporal,kiri,70.562,71.175,0.875,0.613,ok,video,0.0,True,False,False,1.6698524887489583,3.56936013911276,0.17394743242923738,1.0692084547965521
P35,AGEM KIRI,1,TURUN,T3,temporal,kiri,70.562,71.175,0.875,0.613,ok,video,0.0,True,False,False,-0.21660085142737984,4.011374995005326,-1.4825288010534337,0.12220017005584083
P35,AGEM KIRI,1,TURUN,T5,temporo-posterior,kiri,70.562,71.175,0.875,0.613,ok,video,0.0,True,False,False,2.5165112768586297,2.934230806344459,2.2523425975931772,3.1034600918005637
P35,AGEM KIRI,1,TURUN,Fp2,frontopolar,kanan,70.562,71.175,0.875,0.613,ok,video,0.0,True,False,False,8.603612722994306,6.724648979167924,5.719304844600238,5.401438876464425
P35,AGEM KIRI,1,TURUN,F4,frontal,kanan,70.562,71.175,0.875,0.613,ok,video,0.0,True,False,False,6.393038380500997,5.83375248928769,3.676772127072976,4.942687050943626
P35,AGEM KIRI,1,TURUN,C4,sentral,kanan,70.562,71.175,0.875,0.613,ok,video,0.0,True,False,False,5.431309692177663,3.995974304121667,-0.1457765233341668,3.238441135139354
P35,AGEM KIRI,1,TURUN,P4,parietal,kanan,70.562,71.175,0.875,0.613,ok,video,0.0,True,False,False,4.1054444328089374,5.122706364036738,2.07087445080888,3.395115836312023
P35,AGEM KIRI,1,TURUN,O2,oksipital,kanan,70.562,71.175,0.875,0.613,ok,video,0.0,True,False,False,9.474241884479476,8.757916006192843,9.78307499211309,8.620308242890857
P35,AGEM KIRI,1,TURUN,F8,frontotemporal,kanan,70.562,71.175,0.875,0.613,ok,video,0.0,True,False,False,2.8755030643393766,4.713432975476955,0.42664920263894857,2.4660260289437304
P35,AGEM KIRI,1,TURUN,T4,temporal,kanan,70.562,71.175,0.875,0.613,ok,video,0.0,True,False,False,2.292789683258441,3.7494834064685065,-0.6544659157041188,1.1427075791780652
P35,AGEM KIRI,1,TURUN,T6,temporo-posterior,kanan,70.562,71.175,0.875,0.613,ok,video,0.0,True,False,False,4.374209416746993,6.7743319774642,3.4927898159529924,3.583997625968152
P35,AGEM KIRI,1,TAHAN,Fp1,frontopolar,kiri,71.556,73.987,2.931,2.431,ok,video,0.0,True,False,False,4.543176235506813,1.3046883555483575,2.396317588717796,2.304536358653472
P35,AGEM KIRI,1,TAHAN,F3,frontal,kiri,71.556,73.987,2.931,2.431,ok,video,0.0,True,False,False,5.087978715585976,1.2051133681424915,2.379107690019559,2.3917025579677187
P35,AGEM KIRI,1,TAHAN,C3,sentral,kiri,71.556,73.987,2.931,2.431,ok,video,0.0,True,False,False,4.765907204000172,1.376822985874,2.6766518200982006,2.6909306987726893
P35,AGEM KIRI,1,TAHAN,P3,parietal,kiri,71.556,73.987,2.931,2.431,ok,video,0.0,True,False,False,-2.2241521460366798,-3.1655435259047167,-3.9156917631552552,-3.637925817305959
P35,AGEM KIRI,1,TAHAN,O1,oksipital,kiri,71.556,73.987,2.931,2.431,ok,video,0.0,True,False,False,1.027185082941088,0.8972771067696215,-0.7956054239069204,-0.03873742302310745
P35,AGEM KIRI,1,TAHAN,F7,frontotemporal,kiri,71.556,73.987,2.931,2.431,ok,video,0.0,True,False,False,4.91870545503312,1.30055322985843,2.464730528793794,2.5480566464755015
P35,AGEM KIRI,1,TAHAN,T3,temporal,kiri,71.556,73.987,2.931,2.431,ok,video,0.0,True,False,False,1.3916670781221043,-0.6588566763272752,-0.4210320237314278,-0.5727600049450672
P35,AGEM KIRI,1,TAHAN,T5,temporo-posterior,kiri,71.556,73.987,2.931,2.431,ok,video,0.0,True,False,False,1.745971088290105,-0.42590235961002065,0.42890394247849173,0.6210296725943607
P35,AGEM KIRI,1,TAHAN,Fp2,frontopolar,kanan,71.556,73.987,2.931,2.431,ok,video,0.0,True,False,False,-1.5596839914268017,-1.7318252680621313,-1.2962270563093305,-1.5874613966021798
P35,AGEM KIRI,1,TAHAN,F4,frontal,kanan,71.556,73.987,2.931,2.431,ok,video,0.0,True,False,False,6.281536375592438,2.2520127783641257,2.4971353771196796,3.564135681447496
P35,AGEM KIRI,1,TAHAN,C4,sentral,kanan,71.556,73.987,2.931,2.431,ok,video,0.0,True,False,False,5.018466437491206,1.4860939817601277,2.9610072910418737,2.973189803322569
P35,AGEM KIRI,1,TAHAN,P4,parietal,kanan,71.556,73.987,2.931,2.431,ok,video,0.0,True,False,False,4.731593016093491,1.2814226677018254,2.795039093618932,2.548882304446508
P35,AGEM KIRI,1,TAHAN,O2,oksipital,kanan,71.556,73.987,2.931,2.431,ok,video,0.0,True,False,False,3.2321444649797684,1.3372845819328987,1.6602354781412068,1.766960419908763
P35,AGEM KIRI,1,TAHAN,F8,frontotemporal,kanan,71.556,73.987,2.931,2.431,ok,video,0.0,True,False,False,3.9869192938017264,0.7952660167089931,2.1017428587203852,1.804799926605341
P35,AGEM KIRI,1,TAHAN,T4,temporal,kanan,71.556,73.987,2.931,2.431,ok,video,0.0,True,False,False,3.7629814717625862,0.3977885977243645,1.9455600899856975,1.504247660197585
P35,AGEM KIRI,1,TAHAN,T6,temporo-posterior,kanan,71.556,73.987,2.931,2.431,ok,video,0.0,True,False,False,4.757376970786893,2.672229823879107,3.350274541229023,3.1018813320551644
P35,AGEM KIRI,1,NAIK,Fp1,frontopolar,kiri,74.487,76.057,2.07,1.57,ok,video,0.0,True,False,False,-1.935549813695161,1.0443832957792694,1.2345369726514939,-0.43372973248155233
P35,AGEM KIRI,1,NAIK,F3,frontal,kiri,74.487,76.057,2.07,1.57,ok,video,0.0,True,False,False,-1.1811204732067893,2.3057105095702397,2.337471860354867,0.5681862586145456
P35,AGEM KIRI,1,NAIK,C3,sentral,kiri,74.487,76.057,2.07,1.57,ok,video,0.0,True,False,False,-0.289208707979995,2.910314017553695,2.4812264414636687,1.3314023210333374
P35,AGEM KIRI,1,NAIK,P3,parietal,kiri,74.487,76.057,2.07,1.57,ok,video,0.0,True,False,False,-2.4797101988455807,-0.798432232327464,-0.7055569005614366,-1.703924548225718
P35,AGEM KIRI,1,NAIK,O1,oksipital,kiri,74.487,76.057,2.07,1.57,ok,video,0.0,True,False,False,4.616793925637509,2.369745137290977,1.4740683585742502,3.4766180946838077
P35,AGEM KIRI,1,NAIK,F7,frontotemporal,kiri,74.487,76.057,2.07,1.57,ok,video,0.0,True,False,False,-1.2668513595943551,1.2939829029135552,1.3780633935233482,0.11404043139118869
P35,AGEM KIRI,1,NAIK,T3,temporal,kiri,74.487,76.057,2.07,1.57,ok,video,0.0,True,False,False,-1.130566416968783,1.679165757805336,1.1209015898242782,-0.011360607334474082
P35,AGEM KIRI,1,NAIK,T5,temporo-posterior,kiri,74.487,76.057,2.07,1.57,ok,video,0.0,True,False,False,-2.0100692145588788,-3.1816519847261233,-3.5495021913604425,-3.4131534836556874
P35,AGEM KIRI,1,NAIK,Fp2,frontopolar,kanan,74.487,76.057,2.07,1.57,ok,video,0.0,True,False,False,1.9902879877780748,0.7044227930645519,-0.16971961605699448,0.1843109778274723
P35,AGEM KIRI,1,NAIK,F4,frontal,kanan,74.487,76.057,2.07,1.57,ok,video,0.0,True,False,False,-0.9911589655404285,-1.0188690967625078,-0.5026597687161818,-1.176781407010509
P35,AGEM KIRI,1,NAIK,C4,sentral,kanan,74.487,76.057,2.07,1.57,ok,video,0.0,True,False,False,-0.46779986099095083,1.6672822443281632,1.582918407893203,0.4782231670527466
P35,AGEM KIRI,1,NAIK,P4,parietal,kanan,74.487,76.057,2.07,1.57,ok,video,0.0,True,False,False,-0.4352859215342093,1.4525509368413978,1.4766402181036682,0.3049913611651931
P35,AGEM KIRI,1,NAIK,O2,oksipital,kanan,74.487,76.057,2.07,1.57,ok,video,0.0,True,False,False,-2.1783069410413063,0.5845138863769108,1.0340135701424522,-0.49804737976820945
P35,AGEM KIRI,1,NAIK,F8,frontotemporal,kanan,74.487,76.057,2.07,1.57,ok,video,0.0,True,False,False,-1.4899920360689407,1.5147282836428602,1.6724887375388349,0.025816142194798886
P35,AGEM KIRI,1,NAIK,T4,temporal,kanan,74.487,76.057,2.07,1.57,ok,video,0.0,True,False,False,-1.0884024167970878,1.7980192007446334,1.8492024550380606,0.21064975437452205
P35,AGEM KIRI,1,NAIK,T6,temporo-posterior,kanan,74.487,76.057,2.07,1.57,ok,video,0.0,True,False,False,0.4244092414228291,1.7839087954921453,2.3592794775686095,0.8540272621130356
P35,AGEM KIRI,1,POST,Fp1,frontopolar,kiri,76.807,78.307,1.5,1.5,ok,video,0.0,True,False,False,-1.4649041085450207,0.617586430059557,-0.6131189285067151,-1.2197272675537434
P35,AGEM KIRI,1,POST,F3,frontal,kiri,76.807,78.307,1.5,1.5,ok,video,0.0,True,False,False,0.6582922556637598,3.6240393151826495,0.3725377642884382,0.6341599211014426
P35,AGEM KIRI,1,POST,C3,sentral,kiri,76.807,78.307,1.5,1.5,ok,video,0.0,True,False,False,0.7915558146277633,4.6233409600219275,1.6706916637876645,1.6309102154189432
P35,AGEM KIRI,1,POST,P3,parietal,kiri,76.807,78.307,1.5,1.5,ok,video,0.0,True,False,False,-1.38872998790454,0.5111076344340688,-2.912486530201626,-2.2117377486638254
P35,AGEM KIRI,1,POST,O1,oksipital,kiri,76.807,78.307,1.5,1.5,ok,video,0.0,True,False,False,-0.5695245053370428,1.8237767880718962,-1.6063358437095872,-0.37456490258058395
P35,AGEM KIRI,1,POST,F7,frontotemporal,kiri,76.807,78.307,1.5,1.5,ok,video,0.0,True,False,False,1.2854552787843474,2.5164843293448484,1.157882746281203,0.8093432189556964
P35,AGEM KIRI,1,POST,T3,temporal,kiri,76.807,78.307,1.5,1.5,ok,video,0.0,True,False,False,-0.898547283396411,1.2834444763233606,-1.498807878291828,-1.2061437391691285
P35,AGEM KIRI,1,POST,T5,temporo-posterior,kiri,76.807,78.307,1.5,1.5,ok,video,0.0,True,False,False,-1.684925049574126,-2.4048678401585306,-2.6269782768822694,-2.3894047165236856
P35,AGEM KIRI,1,POST,Fp2,frontopolar,kanan,76.807,78.307,1.5,1.5,ok,video,0.0,True,False,False,2.3974211486693093,2.9371894430088332,4.194490773296408,2.0584480896495734
P35,AGEM KIRI,1,POST,F4,frontal,kanan,76.807,78.307,1.5,1.5,ok,video,0.0,True,False,False,0.28324410161973645,0.45386147891490225,0.24179395981462903,-0.18133139948361077
P35,AGEM KIRI,1,POST,C4,sentral,kanan,76.807,78.307,1.5,1.5,ok,video,0.0,True,False,False,1.1125251808512076,3.0395732860989852,1.3046126854091753,1.055386408377565
P35,AGEM KIRI,1,POST,P4,parietal,kanan,76.807,78.307,1.5,1.5,ok,video,0.0,True,False,False,0.42225501175380487,2.915921367750144,1.1524842915887987,1.0082188377527501
P35,AGEM KIRI,1,POST,O2,oksipital,kanan,76.807,78.307,1.5,1.5,ok,video,0.0,True,False,False,-0.4620178459413893,2.708460854746505,0.17581605928829092,0.17663073573178423
P35,AGEM KIRI,1,POST,F8,frontotemporal,kanan,76.807,78.307,1.5,1.5,ok,video,0.0,True,False,False,-0.059510264897973286,2.7459614308755107,1.1123613691144953,0.2882965695973425
P35,AGEM KIRI,1,POST,T4,temporal,kanan,76.807,78.307,1.5,1.5,ok,video,0.0,True,False,False,-5.970349215076659,-5.662362792692097,-8.469731736274575,-6.3132448209034635
P35,AGEM KIRI,1,POST,T6,temporo-posterior,kanan,76.807,78.307,1.5,1.5,ok,video,0.0,True,False,False,1.6008975525777345,2.736230445744731,1.0382143215351363,0.9543912866112549
P35,AGEM KIRI,2,PRA,Fp1,frontopolar,kiri,83.901,85.901,2.0,2.0,ok,video,0.0,True,False,False,-1.4067062280756915,-3.867184633148039,-3.977864722406032,-3.1160124989928804
P35,AGEM KIRI,2,PRA,F3,frontal,kiri,83.901,85.901,2.0,2.0,ok,video,0.0,True,False,False,-0.7610220855090972,-1.5098656218882667,-2.140424912598668,-2.0570539969062622
P35,AGEM KIRI,2,PRA,C3,sentral,kiri,83.901,85.901,2.0,2.0,ok,video,0.0,True,False,False,-1.1925582599543958,-2.0033800376951376,-2.496599407710736,-2.2646616482429494
P35,AGEM KIRI,2,PRA,P3,parietal,kiri,83.901,85.901,2.0,2.0,ok,video,0.0,True,False,False,-0.3855345579677021,0.08304382342286942,-0.5672743879609854,-0.9228614967628559
P35,AGEM KIRI,2,PRA,O1,oksipital,kiri,83.901,85.901,2.0,2.0,ok,video,0.0,True,False,False,4.1106895661369265,1.0937804679348702,2.1084646224215504,2.926812065705448
P35,AGEM KIRI,2,PRA,F7,frontotemporal,kiri,83.901,85.901,2.0,2.0,ok,video,0.0,True,False,False,-0.18143557060776772,-1.9828858644115073,-2.7310453158253125,-1.9807176761235752
P35,AGEM KIRI,2,PRA,T3,temporal,kiri,83.901,85.901,2.0,2.0,ok,video,0.0,True,False,False,-0.8898673219523943,-2.213663543034045,-2.3825266711474313,-2.364008805193137
P35,AGEM KIRI,2,PRA,T5,temporo-posterior,kiri,83.901,85.901,2.0,2.0,ok,video,0.0,True,False,False,-3.3061637728650233,-2.7619875663565594,-3.3377581766952744,-3.2061249463947803
P35,AGEM KIRI,2,PRA,Fp2,frontopolar,kanan,83.901,85.901,2.0,2.0,ok,video,0.0,True,False,False,3.0549209948311358,2.634750889708073,4.450527745157409,1.9691227868063308
P35,AGEM KIRI,2,PRA,F4,frontal,kanan,83.901,85.901,2.0,2.0,ok,video,0.0,True,False,False,-0.18344902494158788,-0.7827603052725962,-1.3696434124014303,-1.2391340704933
P35,AGEM KIRI,2,PRA,C4,sentral,kanan,83.901,85.901,2.0,2.0,ok,video,0.0,True,False,False,-0.26695077784807353,-2.1159224208389134,-2.422111544991271,-1.9977858505182695
P35,AGEM KIRI,2,PRA,P4,parietal,kanan,83.901,85.901,2.0,2.0,ok,video,0.0,True,False,False,-1.1273710312635714,-2.768483757501926,-2.6517749426158375,-2.3942390554673523
P35,AGEM KIRI,2,PRA,O2,oksipital,kanan,83.901,85.901,2.0,2.0,ok,video,0.0,True,False,False,-0.17437541573004722,-3.101898875376314,-1.0602386927348242,0.0912439555644724
P35,AGEM KIRI,2,PRA,F8,frontotemporal,kanan,83.901,85.901,2.0,2.0,ok,video,0.0,True,False,False,-0.25744919102678665,-2.3427556430200838,-2.2928606391646795,-2.3889958319031734
P35,AGEM KIRI,2,PRA,T4,temporal,kanan,83.901,85.901,2.0,2.0,ok,video,0.0,True,False,False,-0.7975704578276535,-2.8396716972567617,-3.0332186730557495,-2.5356441747071194
P35,AGEM KIRI,2,PRA,T6,temporo-posterior,kanan,83.901,85.901,2.0,2.0,ok,video,0.0,True,False,False,-0.660973318911843,-1.4355780313792437,-1.266567834961947,-1.7873265424516518
P35,AGEM KIRI,2,TURUN,Fp1,frontopolar,kiri,86.151,87.387,1.736,1.236,ok,video,0.0,True,False,False,-0.9499360241140735,-2.867005804276637,-0.9208855373553959,-1.4811727474115912
P35,AGEM KIRI,2,TURUN,F3,frontal,kiri,86.151,87.387,1.736,1.236,ok,video,0.0,True,False,False,0.6237078184581435,-3.4595233788468533,-1.1534480840439798,-0.5790582530256643
P35,AGEM KIRI,2,TURUN,C3,sentral,kiri,86.151,87.387,1.736,1.236,ok,video,0.0,True,False,False,-0.7845724646497416,-2.7200363416968045,-0.9213816486661592,-1.471946865529496
P35,AGEM KIRI,2,TURUN,P3,parietal,kiri,86.151,87.387,1.736,1.236,ok,video,0.0,True,False,False,1.1696695978562275,2.280659788767494,1.5703826929134515,1.9846547468565703
P35,AGEM KIRI,2,TURUN,O1,oksipital,kiri,86.151,87.387,1.736,1.236,ok,video,0.0,True,False,False,2.7008632780019965,1.5625505313231756,2.416785978537547,2.0543847372427706
P35,AGEM KIRI,2,TURUN,F7,frontotemporal,kiri,86.151,87.387,1.736,1.236,ok,video,0.0,True,False,False,0.8473048586522012,-1.5000063943941768,0.9244688083668535,0.44246716988453016
P35,AGEM KIRI,2,TURUN,T3,temporal,kiri,86.151,87.387,1.736,1.236,ok,video,0.0,True,False,False,0.8272010906352207,-0.24791640692534145,-0.11647897821023889,0.14893481923912333
P35,AGEM KIRI,2,TURUN,T5,temporo-posterior,kiri,86.151,87.387,1.736,1.236,ok,video,0.0,True,False,False,-7.308442072878812,-6.406126332042636,-4.105712119239605,-5.014593642598015
P35,AGEM KIRI,2,TURUN,Fp2,frontopolar,kanan,86.151,87.387,1.736,1.236,ok,video,0.0,True,False,False,1.6376374727850518,2.083088177005166,4.372323173246905,1.1368661072919792
P35,AGEM KIRI,2,TURUN,F4,frontal,kanan,86.151,87.387,1.736,1.236,ok,video,0.0,True,False,False,1.342792585414763,-2.42692100497041,-0.4892197769119022,-0.11563519103559017
P35,AGEM KIRI,2,TURUN,C4,sentral,kanan,86.151,87.387,1.736,1.236,ok,video,0.0,True,False,False,0.777348149915106,-1.1758808356979529,0.17642864660355428,0.22034790737753696
P35,AGEM KIRI,2,TURUN,P4,parietal,kanan,86.151,87.387,1.736,1.236,ok,video,0.0,True,False,False,0.7863235920461307,-1.7868089953695687,-0.14396969073623467,-0.14359452194135258
P35,AGEM KIRI,2,TURUN,O2,oksipital,kanan,86.151,87.387,1.736,1.236,ok,video,0.0,True,False,False,-0.223389149716958,-0.9937281981141908,0.3335367434993799,0.7084823022450166
P35,AGEM KIRI,2,TURUN,F8,frontotemporal,kanan,86.151,87.387,1.736,1.236,ok,video,0.0,True,False,False,0.36674183285506246,-0.8948302112520992,-0.1321316795496621,-0.13960618731844932
P35,AGEM KIRI,2,TURUN,T4,temporal,kanan,86.151,87.387,1.736,1.236,ok,video,0.0,True,False,False,-0.6331164365220872,0.026274442164229583,-1.3694333945034707,-1.0347715032246612
P35,AGEM KIRI,2,TURUN,T6,temporo-posterior,kanan,86.151,87.387,1.736,1.236,ok,video,0.0,True,False,False,1.1339714299421217,0.9309827637582728,0.4295205946707128,0.3000688179820088
P35,AGEM KIRI,2,TAHAN,Fp1,frontopolar,kiri,87.787,88.487,1.0,0.7,ok,video,0.0,True,False,False,3.4671555599693065,4.088878112579664,-0.956025667206184,1.3408371055516568
P35,AGEM KIRI,2,TAHAN,F3,frontal,kiri,87.787,88.487,1.0,0.7,ok,video,0.0,True,False,False,2.241569893900234,3.9064016028280832,-0.9132631128896342,0.9977851547203826
P35,AGEM KIRI,2,TAHAN,C3,sentral,kiri,87.787,88.487,1.0,0.7,ok,video,0.0,True,False,False,3.116592734433077,3.895592480366794,-0.4842820441268074,1.7184697965800595
P35,AGEM KIRI,2,TAHAN,P3,parietal,kiri,87.787,88.487,1.0,0.7,ok,video,0.0,True,False,False,3.4001022196166772,4.530757664003204,-0.6873681146155874,2.3170872840464867
P35,AGEM KIRI,2,TAHAN,O1,oksipital,kiri,87.787,88.487,1.0,0.7,ok,video,0.0,True,False,False,-0.6286909957494373,5.189073969341187,0.13862951215430286,0.8570269347363393
P35,AGEM KIRI,2,TAHAN,F7,frontotemporal,kiri,87.787,88.487,1.0,0.7,ok,video,0.0,True,False,False,4.186073550588965,5.1703946580025715,0.20282449916516754,2.256402086149059
P35,AGEM KIRI,2,TAHAN,T3,temporal,kiri,87.787,88.487,1.0,0.7,ok,video,0.0,True,False,False,3.3383432727473803,4.3192323569148385,-0.11356114170586551,1.9617878559159507
P35,AGEM KIRI,2,TAHAN,T5,temporo-posterior,kiri,87.787,88.487,1.0,0.7,ok,video,0.0,True,False,False,0.0808971376217329,2.2599099833705623,-3.058530305998648,-0.8419883701464528
P35,AGEM KIRI,2,TAHAN,Fp2,frontopolar,kanan,87.787,88.487,1.0,0.7,ok,video,0.0,True,False,False,1.3078729676852845,0.9841169738263247,4.148647988598398,0.6185530066946612
P35,AGEM KIRI,2,TAHAN,F4,frontal,kanan,87.787,88.487,1.0,0.7,ok,video,0.0,True,False,False,5.118602277275926,5.2533070954764085,0.3849771767586567,3.133397635337708
P35,AGEM KIRI,2,TAHAN,C4,sentral,kanan,87.787,88.487,1.0,0.7,ok,video,0.0,True,False,False,4.002682318139136,4.971579751510362,0.0567720495101085,2.6359456168592317
P35,AGEM KIRI,2,TAHAN,P4,parietal,kanan,87.787,88.487,1.0,0.7,ok,video,0.0,True,False,False,4.250281267658558,4.785214196084176,0.005486525890695759,2.242945138819863
P35,AGEM KIRI,2,TAHAN,O2,oksipital,kanan,87.787,88.487,1.0,0.7,ok,video,0.0,True,False,False,4.048753214420628,3.7303716465176677,0.26977070250164914,2.268697274257079
P35,AGEM KIRI,2,TAHAN,F8,frontotemporal,kanan,87.787,88.487,1.0,0.7,ok,video,0.0,True,False,False,4.366490707975267,4.804380065462844,-0.3184995560076729,2.2164779168021056
P35,AGEM KIRI,2,TAHAN,T4,temporal,kanan,87.787,88.487,1.0,0.7,ok,video,0.0,True,False,False,2.6684794291073217,3.5268867030114492,-1.491686595772297,1.2926179722818674
P35,AGEM KIRI,2,TAHAN,T6,temporo-posterior,kanan,87.787,88.487,1.0,0.7,ok,video,0.0,True,False,False,5.038408179755152,4.740928247893535,0.48877012063096714,2.7396360354101077
P35,AGEM KIRI,2,NAIK,Fp1,frontopolar,kiri,88.887,91.443,3.056,2.556,ok,video,0.0,True,False,False,0.9344355359805263,0.04634810507780429,1.0823678295320036,0.3820682200755563
P35,AGEM KIRI,2,NAIK,F3,frontal,kiri,88.887,91.443,3.056,2.556,ok,video,0.0,True,False,False,3.5013968296310836,2.4879116248931723,2.6514731858148934,2.4751760756800607
P35,AGEM KIRI,2,NAIK,C3,sentral,kiri,88.887,91.443,3.056,2.556,ok,video,0.0,True,False,False,2.4770321631342256,2.01473610248415,2.3035244542193354,1.776843310989662
P35,AGEM KIRI,2,NAIK,P3,parietal,kiri,88.887,91.443,3.056,2.556,ok,video,0.0,True,False,False,3.4182971564569016,2.841523977856376,0.6334603637565834,1.569218890658469
P35,AGEM KIRI,2,NAIK,O1,oksipital,kiri,88.887,91.443,3.056,2.556,ok,video,0.0,True,False,False,7.125896505180627,5.1112324104101745,3.1134850744851903,5.537198341471722
P35,AGEM KIRI,2,NAIK,F7,frontotemporal,kiri,88.887,91.443,3.056,2.556,ok,video,0.0,True,False,False,1.4758829571718763,1.4793061538659842,2.6820033330112096,1.5495144191316328
P35,AGEM KIRI,2,NAIK,T3,temporal,kiri,88.887,91.443,3.056,2.556,ok,video,0.0,True,False,False,2.098331529429224,2.026482503610609,1.979361128033709,1.5742199716472882
P35,AGEM KIRI,2,NAIK,T5,temporo-posterior,kiri,88.887,91.443,3.056,2.556,ok,video,0.0,True,False,False,-2.26507632716903,-2.2101541970123506,-0.11757707809456619,-1.2037407764100756
P35,AGEM KIRI,2,NAIK,Fp2,frontopolar,kanan,88.887,91.443,3.056,2.556,ok,video,0.0,True,False,False,-1.0213553858535889,1.525412294085207,3.6771904271309026,0.8069779711601583
P35,AGEM KIRI,2,NAIK,F4,frontal,kanan,88.887,91.443,3.056,2.556,ok,video,0.0,True,False,False,2.5901950814422605,1.7878846900593004,3.427114640287659,2.379179514264031
P35,AGEM KIRI,2,NAIK,C4,sentral,kanan,88.887,91.443,3.056,2.556,ok,video,0.0,True,False,False,1.791442890476013,2.5720521211535825,2.659727788012596,1.8606997474390852
P35,AGEM KIRI,2,NAIK,P4,parietal,kanan,88.887,91.443,3.056,2.556,ok,video,0.0,True,False,False,1.152683106802158,1.5579685386543574,2.2966725055756854,1.2725350851074069
P35,AGEM KIRI,2,NAIK,O2,oksipital,kanan,88.887,91.443,3.056,2.556,ok,video,0.0,True,False,False,1.0225505280762235,0.8275415006712379,1.1119710320238134,0.9683307214686323
P35,AGEM KIRI,2,NAIK,F8,frontotemporal,kanan,88.887,91.443,3.056,2.556,ok,video,0.0,True,False,False,1.039130677652949,1.1811283260610494,1.7182784316346371,0.6178232041832885
P35,AGEM KIRI,2,NAIK,T4,temporal,kanan,88.887,91.443,3.056,2.556,ok,video,0.0,True,False,False,4.514838848104304,1.4947857596027845,0.8381783113083188,2.7541027983262367
P35,AGEM KIRI,2,NAIK,T6,temporo-posterior,kanan,88.887,91.443,3.056,2.556,ok,video,0.0,True,False,False,1.8087417932610634,1.0958064411340516,1.4027427391470333,0.8701358479707793
P35,AGEM KIRI,2,POST,Fp1,frontopolar,kiri,92.193,93.693,1.5,1.5,ok,video,0.0,True,False,False,-0.1233525858085045,-0.8164199053168986,-1.655403660070533,-0.0729257815843738
P35,AGEM KIRI,2,POST,F3,frontal,kiri,92.193,93.693,1.5,1.5,ok,video,0.0,True,False,False,3.5492078952011497,0.7220870386510967,0.8565786826707082,4.542765498214912
P35,AGEM KIRI,2,POST,C3,sentral,kiri,92.193,93.693,1.5,1.5,ok,video,0.0,True,False,False,0.6758490275918945,0.6262904843076242,-0.05599300946429153,0.6072405129002902
P35,AGEM KIRI,2,POST,P3,parietal,kiri,92.193,93.693,1.5,1.5,ok,video,0.0,True,False,False,1.387988536703709,-0.5871293068921588,0.3020263529563145,1.531455126661065
P35,AGEM KIRI,2,POST,O1,oksipital,kiri,92.193,93.693,1.5,1.5,ok,video,0.0,True,False,False,0.9440901901063654,1.9535483100768545,0.9040926163585752,1.8905633522105987
P35,AGEM KIRI,2,POST,F7,frontotemporal,kiri,92.193,93.693,1.5,1.5,ok,video,0.0,True,False,False,1.8917735664290305,-0.3895061126315227,0.266814476834476,0.8165467719796027
P35,AGEM KIRI,2,POST,T3,temporal,kiri,92.193,93.693,1.5,1.5,ok,video,0.0,True,False,False,0.6390943918916392,0.15753660965777527,-0.13427464102282727,0.1633970683201369
P35,AGEM KIRI,2,POST,T5,temporo-posterior,kiri,92.193,93.693,1.5,1.5,ok,video,0.0,True,False,False,5.2847806273093525,1.5326054446492208,0.023433345769721114,2.250983107102684
P35,AGEM KIRI,2,POST,Fp2,frontopolar,kanan,92.193,93.693,1.5,1.5,ok,video,0.0,True,False,False,3.5017088840767627,1.2181093451178313,3.663578577515622,1.8146081431455912
P35,AGEM KIRI,2,POST,F4,frontal,kanan,92.193,93.693,1.5,1.5,ok,video,0.0,True,False,False,2.8029296767033856,-0.14173710610067758,1.1135567399380228,1.980203681330103
P35,AGEM KIRI,2,POST,C4,sentral,kanan,92.193,93.693,1.5,1.5,ok,video,0.0,True,False,False,1.1156231177806504,0.6600682907882245,-0.256924280668386,1.2702233494791528
P35,AGEM KIRI,2,POST,P4,parietal,kanan,92.193,93.693,1.5,1.5,ok,video,0.0,True,False,False,1.1485010784543377,0.34015387982349665,-0.8249752839263813,1.4012771307421445
P35,AGEM KIRI,2,POST,O2,oksipital,kanan,92.193,93.693,1.5,1.5,ok,video,0.0,True,False,False,0.3010521578010099,-0.13342631619453016,-0.9135353829924249,0.4554379236666293
P35,AGEM KIRI,2,POST,F8,frontotemporal,kanan,92.193,93.693,1.5,1.5,ok,video,0.0,True,False,False,0.7949552930794539,0.4735917605845046,-0.7366786042640037,0.9953010219124323
P35,AGEM KIRI,2,POST,T4,temporal,kanan,92.193,93.693,1.5,1.5,ok,video,0.0,True,False,False,-0.5337554705759118,1.032847041606658,-0.7189969525954538,0.9339520688015597
P35,AGEM KIRI,2,POST,T6,temporo-posterior,kanan,92.193,93.693,1.5,1.5,ok,video,0.0,True,False,False,0.672914231845283,-0.5729922968310035,-0.2767155046396894,1.142610702319196
P35,NGEED,3,PRA,Fp1,frontopolar,kiri,275.428,277.428,2.0,2.0,ok,video,1.0,False,False,False,,,,
P35,NGEED,3,PRA,F3,frontal,kiri,275.428,277.428,2.0,2.0,ok,video,1.0,False,False,False,,,,
P35,NGEED,3,PRA,C3,sentral,kiri,275.428,277.428,2.0,2.0,ok,video,1.0,False,False,False,,,,
P35,NGEED,3,PRA,P3,parietal,kiri,275.428,277.428,2.0,2.0,ok,video,0.685,False,False,False,,,,
P35,NGEED,3,PRA,O1,oksipital,kiri,275.428,277.428,2.0,2.0,ok,video,0.0,True,False,False,-1.3301954791469939,-0.5665512207459926,1.0000768569831102,-0.27360779798805623
P35,NGEED,3,PRA,F7,frontotemporal,kiri,275.428,277.428,2.0,2.0,ok,video,1.0,False,False,False,,,,
P35,NGEED,3,PRA,T3,temporal,kiri,275.428,277.428,2.0,2.0,ok,video,1.0,False,False,False,,,,
P35,NGEED,3,PRA,T5,temporo-posterior,kiri,275.428,277.428,2.0,2.0,ok,video,0.8,False,False,False,,,,
P35,NGEED,3,PRA,Fp2,frontopolar,kanan,275.428,277.428,2.0,2.0,ok,video,1.0,False,False,False,,,,
P35,NGEED,3,PRA,F4,frontal,kanan,275.428,277.428,2.0,2.0,ok,video,1.0,False,False,False,,,,
P35,NGEED,3,PRA,C4,sentral,kanan,275.428,277.428,2.0,2.0,ok,video,1.0,False,False,False,,,,
P35,NGEED,3,PRA,P4,parietal,kanan,275.428,277.428,2.0,2.0,ok,video,1.0,False,False,False,,,,
P35,NGEED,3,PRA,O2,oksipital,kanan,275.428,277.428,2.0,2.0,ok,video,1.0,False,False,False,,,,
P35,NGEED,3,PRA,F8,frontotemporal,kanan,275.428,277.428,2.0,2.0,ok,video,1.0,False,False,False,,,,
P35,NGEED,3,PRA,T4,temporal,kanan,275.428,277.428,2.0,2.0,ok,video,1.0,False,False,False,,,,
P35,NGEED,3,PRA,T6,temporo-posterior,kanan,275.428,277.428,2.0,2.0,ok,video,1.0,False,False,False,,,,
P35,NGEED,3,TURUN,Fp1,frontopolar,kiri,279.991,280.74,1.069,0.748,ok,video,1.0,False,False,False,,,,
P35,NGEED,3,TURUN,F3,frontal,kiri,279.991,280.74,1.069,0.748,ok,video,1.0,False,False,False,,,,
P35,NGEED,3,TURUN,C3,sentral,kiri,279.991,280.74,1.069,0.748,ok,video,1.0,False,False,False,,,,
P35,NGEED,3,TURUN,P3,parietal,kiri,279.991,280.74,1.069,0.748,ok,video,1.0,False,False,False,,,,
P35,NGEED,3,TURUN,O1,oksipital,kiri,279.991,280.74,1.069,0.748,ok,video,0.0,True,False,False,-3.5449110586116284,-7.178747716215227,-0.46097549244584,-2.852466175258673
P35,NGEED,3,TURUN,F7,frontotemporal,kiri,279.991,280.74,1.069,0.748,ok,video,1.0,False,False,False,,,,
P35,NGEED,3,TURUN,T3,temporal,kiri,279.991,280.74,1.069,0.748,ok,video,1.0,False,False,False,,,,
P35,NGEED,3,TURUN,T5,temporo-posterior,kiri,279.991,280.74,1.069,0.748,ok,video,0.0,True,False,False,-7.131218101945866,-6.898484443208051,-9.737842479317603,-8.267966766534851
P35,NGEED,3,TURUN,Fp2,frontopolar,kanan,279.991,280.74,1.069,0.748,ok,video,1.0,False,False,False,,,,
P35,NGEED,3,TURUN,F4,frontal,kanan,279.991,280.74,1.069,0.748,ok,video,1.0,False,False,False,,,,
P35,NGEED,3,TURUN,C4,sentral,kanan,279.991,280.74,1.069,0.748,ok,video,1.0,False,False,False,,,,
P35,NGEED,3,TURUN,P4,parietal,kanan,279.991,280.74,1.069,0.748,ok,video,1.0,False,False,False,,,,
P35,NGEED,3,TURUN,O2,oksipital,kanan,279.991,280.74,1.069,0.748,ok,video,1.0,False,False,False,,,,
P35,NGEED,3,TURUN,F8,frontotemporal,kanan,279.991,280.74,1.069,0.748,ok,video,1.0,False,False,False,,,,
P35,NGEED,3,TURUN,T4,temporal,kanan,279.991,280.74,1.069,0.748,ok,video,1.0,False,False,False,,,,
P35,NGEED,3,TURUN,T6,temporo-posterior,kanan,279.991,280.74,1.069,0.748,ok,video,1.0,False,False,False,,,,
P35,NGEED,3,TAHAN,Fp1,frontopolar,kiri,281.05,281.75,1.0,0.7,ok,video,1.0,False,False,False,,,,
P35,NGEED,3,TAHAN,F3,frontal,kiri,281.05,281.75,1.0,0.7,ok,video,1.0,False,False,False,,,,
P35,NGEED,3,TAHAN,C3,sentral,kiri,281.05,281.75,1.0,0.7,ok,video,1.0,False,False,False,,,,
P35,NGEED,3,TAHAN,P3,parietal,kiri,281.05,281.75,1.0,0.7,ok,video,1.0,False,False,False,,,,
P35,NGEED,3,TAHAN,O1,oksipital,kiri,281.05,281.75,1.0,0.7,ok,video,0.0,True,False,False,0.5999013276266609,-3.162313656297613,-2.4861942368183385,-2.041817636302664
P35,NGEED,3,TAHAN,F7,frontotemporal,kiri,281.05,281.75,1.0,0.7,ok,video,1.0,False,False,False,,,,
P35,NGEED,3,TAHAN,T3,temporal,kiri,281.05,281.75,1.0,0.7,ok,video,1.0,False,False,False,,,,
P35,NGEED,3,TAHAN,T5,temporo-posterior,kiri,281.05,281.75,1.0,0.7,ok,video,0.0,True,False,False,-10.04365433258561,-4.96694713390675,-7.197626868728648,-6.053683182368559
P35,NGEED,3,TAHAN,Fp2,frontopolar,kanan,281.05,281.75,1.0,0.7,ok,video,1.0,False,False,False,,,,
P35,NGEED,3,TAHAN,F4,frontal,kanan,281.05,281.75,1.0,0.7,ok,video,1.0,False,False,False,,,,
P35,NGEED,3,TAHAN,C4,sentral,kanan,281.05,281.75,1.0,0.7,ok,video,1.0,False,False,False,,,,
P35,NGEED,3,TAHAN,P4,parietal,kanan,281.05,281.75,1.0,0.7,ok,video,1.0,False,False,False,,,,
P35,NGEED,3,TAHAN,O2,oksipital,kanan,281.05,281.75,1.0,0.7,ok,video,1.0,False,False,False,,,,
P35,NGEED,3,TAHAN,F8,frontotemporal,kanan,281.05,281.75,1.0,0.7,ok,video,1.0,False,False,False,,,,
P35,NGEED,3,TAHAN,T4,temporal,kanan,281.05,281.75,1.0,0.7,ok,video,1.0,False,False,False,,,,
P35,NGEED,3,TAHAN,T6,temporo-posterior,kanan,281.05,281.75,1.0,0.7,ok,video,1.0,False,False,False,,,,
P35,NGEED,3,NAIK,Fp1,frontopolar,kiri,282.15,284.719,3.069,2.569,ok,video,1.0,False,False,False,,,,
P35,NGEED,3,NAIK,F3,frontal,kiri,282.15,284.719,3.069,2.569,ok,video,1.0,False,False,False,,,,
P35,NGEED,3,NAIK,C3,sentral,kiri,282.15,284.719,3.069,2.569,ok,video,1.0,False,False,False,,,,
P35,NGEED,3,NAIK,P3,parietal,kiri,282.15,284.719,3.069,2.569,ok,video,1.0,False,False,False,,,,
P35,NGEED,3,NAIK,O1,oksipital,kiri,282.15,284.719,3.069,2.569,ok,video,0.0,True,False,False,-7.303499994044671,-6.600915441789084,-5.756247670294702,-5.732242755741066
P35,NGEED,3,NAIK,F7,frontotemporal,kiri,282.15,284.719,3.069,2.569,ok,video,1.0,False,False,False,,,,
P35,NGEED,3,NAIK,T3,temporal,kiri,282.15,284.719,3.069,2.569,ok,video,1.0,False,False,False,,,,
P35,NGEED,3,NAIK,T5,temporo-posterior,kiri,282.15,284.719,3.069,2.569,ok,video,0.0,True,False,False,-7.375069697154174,-6.506284468350376,-4.18520573064751,-4.7760592887945315
P35,NGEED,3,NAIK,Fp2,frontopolar,kanan,282.15,284.719,3.069,2.569,ok,video,1.0,False,False,False,,,,
P35,NGEED,3,NAIK,F4,frontal,kanan,282.15,284.719,3.069,2.569,ok,video,1.0,False,False,False,,,,
P35,NGEED,3,NAIK,C4,sentral,kanan,282.15,284.719,3.069,2.569,ok,video,1.0,False,False,False,,,,
P35,NGEED,3,NAIK,P4,parietal,kanan,282.15,284.719,3.069,2.569,ok,video,1.0,False,False,False,,,,
P35,NGEED,3,NAIK,O2,oksipital,kanan,282.15,284.719,3.069,2.569,ok,video,1.0,False,False,False,,,,
P35,NGEED,3,NAIK,F8,frontotemporal,kanan,282.15,284.719,3.069,2.569,ok,video,1.0,False,False,False,,,,
P35,NGEED,3,NAIK,T4,temporal,kanan,282.15,284.719,3.069,2.569,ok,video,1.0,False,False,False,,,,
P35,NGEED,3,NAIK,T6,temporo-posterior,kanan,282.15,284.719,3.069,2.569,ok,video,1.0,False,False,False,,,,
P35,NGEED,3,POST,Fp1,frontopolar,kiri,285.469,286.969,1.5,1.5,ok,video,1.0,False,False,False,,,,
P35,NGEED,3,POST,F3,frontal,kiri,285.469,286.969,1.5,1.5,ok,video,1.0,False,False,False,,,,
P35,NGEED,3,POST,C3,sentral,kiri,285.469,286.969,1.5,1.5,ok,video,1.0,False,False,False,,,,
P35,NGEED,3,POST,P3,parietal,kiri,285.469,286.969,1.5,1.5,ok,video,1.0,False,False,False,,,,
P35,NGEED,3,POST,O1,oksipital,kiri,285.469,286.969,1.5,1.5,ok,video,0.0,True,False,False,-10.8725277522291,-9.553096645774836,-8.519404447068311,-9.161194836693262
P35,NGEED,3,POST,F7,frontotemporal,kiri,285.469,286.969,1.5,1.5,ok,video,1.0,False,False,False,,,,
P35,NGEED,3,POST,T3,temporal,kiri,285.469,286.969,1.5,1.5,ok,video,1.0,False,False,False,,,,
P35,NGEED,3,POST,T5,temporo-posterior,kiri,285.469,286.969,1.5,1.5,ok,video,0.0,True,False,False,-6.946486461968643,-7.087883598108537,-5.78665049832906,-5.809433553432612
P35,NGEED,3,POST,Fp2,frontopolar,kanan,285.469,286.969,1.5,1.5,ok,video,1.0,False,False,False,,,,
P35,NGEED,3,POST,F4,frontal,kanan,285.469,286.969,1.5,1.5,ok,video,1.0,False,False,False,,,,
P35,NGEED,3,POST,C4,sentral,kanan,285.469,286.969,1.5,1.5,ok,video,1.0,False,False,False,,,,
P35,NGEED,3,POST,P4,parietal,kanan,285.469,286.969,1.5,1.5,ok,video,1.0,False,False,False,,,,
P35,NGEED,3,POST,O2,oksipital,kanan,285.469,286.969,1.5,1.5,ok,video,1.0,False,False,False,,,,
P35,NGEED,3,POST,F8,frontotemporal,kanan,285.469,286.969,1.5,1.5,ok,video,1.0,False,False,False,,,,
P35,NGEED,3,POST,T4,temporal,kanan,285.469,286.969,1.5,1.5,ok,video,1.0,False,False,False,,,,
P35,NGEED,3,POST,T6,temporo-posterior,kanan,285.469,286.969,1.5,1.5,ok,video,1.0,False,False,False,,,,
P35,NGEED,4,PRA,Fp1,frontopolar,kiri,286.635,288.635,2.0,2.0,ok,video,1.0,False,False,False,,,,
P35,NGEED,4,PRA,F3,frontal,kiri,286.635,288.635,2.0,2.0,ok,video,1.0,False,False,False,,,,
P35,NGEED,4,PRA,C3,sentral,kiri,286.635,288.635,2.0,2.0,ok,video,1.0,False,False,False,,,,
P35,NGEED,4,PRA,P3,parietal,kiri,286.635,288.635,2.0,2.0,ok,video,1.0,False,False,False,,,,
P35,NGEED,4,PRA,O1,oksipital,kiri,286.635,288.635,2.0,2.0,ok,video,0.0,True,False,False,-10.160997017282945,-10.381330398206746,-7.322383896896831,-9.136060392771078
P35,NGEED,4,PRA,F7,frontotemporal,kiri,286.635,288.635,2.0,2.0,ok,video,1.0,False,False,False,,,,
P35,NGEED,4,PRA,T3,temporal,kiri,286.635,288.635,2.0,2.0,ok,video,1.0,False,False,False,,,,
P35,NGEED,4,PRA,T5,temporo-posterior,kiri,286.635,288.635,2.0,2.0,ok,video,0.0,True,False,False,-5.984645089986614,-8.87158617284225,-5.934706138792759,-6.230872474374827
P35,NGEED,4,PRA,Fp2,frontopolar,kanan,286.635,288.635,2.0,2.0,ok,video,1.0,False,False,False,,,,
P35,NGEED,4,PRA,F4,frontal,kanan,286.635,288.635,2.0,2.0,ok,video,1.0,False,False,False,,,,
P35,NGEED,4,PRA,C4,sentral,kanan,286.635,288.635,2.0,2.0,ok,video,1.0,False,False,False,,,,
P35,NGEED,4,PRA,P4,parietal,kanan,286.635,288.635,2.0,2.0,ok,video,1.0,False,False,False,,,,
P35,NGEED,4,PRA,O2,oksipital,kanan,286.635,288.635,2.0,2.0,ok,video,1.0,False,False,False,,,,
P35,NGEED,4,PRA,F8,frontotemporal,kanan,286.635,288.635,2.0,2.0,ok,video,1.0,False,False,False,,,,
P35,NGEED,4,PRA,T4,temporal,kanan,286.635,288.635,2.0,2.0,ok,video,1.0,False,False,False,,,,
P35,NGEED,4,PRA,T6,temporo-posterior,kanan,286.635,288.635,2.0,2.0,ok,video,1.0,False,False,False,,,,
P35,NGEED,4,TURUN,Fp1,frontopolar,kiri,295.551,297.245,2.194,1.694,ok,video,1.0,False,False,False,,,,
P35,NGEED,4,TURUN,F3,frontal,kiri,295.551,297.245,2.194,1.694,ok,video,1.0,False,False,False,,,,
P35,NGEED,4,TURUN,C3,sentral,kiri,295.551,297.245,2.194,1.694,ok,video,1.0,False,False,False,,,,
P35,NGEED,4,TURUN,P3,parietal,kiri,295.551,297.245,2.194,1.694,ok,video,1.0,False,False,False,,,,
P35,NGEED,4,TURUN,O1,oksipital,kiri,295.551,297.245,2.194,1.694,ok,video,0.0,True,False,False,-2.540589731716267,-3.9971869292129867,-2.076591892323755,-2.494909710440318
P35,NGEED,4,TURUN,F7,frontotemporal,kiri,295.551,297.245,2.194,1.694,ok,video,1.0,False,False,False,,,,
P35,NGEED,4,TURUN,T3,temporal,kiri,295.551,297.245,2.194,1.694,ok,video,1.0,False,False,False,,,,
P35,NGEED,4,TURUN,T5,temporo-posterior,kiri,295.551,297.245,2.194,1.694,ok,video,0.941,False,False,False,,,,
P35,NGEED,4,TURUN,Fp2,frontopolar,kanan,295.551,297.245,2.194,1.694,ok,video,1.0,False,False,False,,,,
P35,NGEED,4,TURUN,F4,frontal,kanan,295.551,297.245,2.194,1.694,ok,video,1.0,False,False,False,,,,
P35,NGEED,4,TURUN,C4,sentral,kanan,295.551,297.245,2.194,1.694,ok,video,1.0,False,False,False,,,,
P35,NGEED,4,TURUN,P4,parietal,kanan,295.551,297.245,2.194,1.694,ok,video,1.0,False,False,False,,,,
P35,NGEED,4,TURUN,O2,oksipital,kanan,295.551,297.245,2.194,1.694,ok,video,1.0,False,False,False,,,,
P35,NGEED,4,TURUN,F8,frontotemporal,kanan,295.551,297.245,2.194,1.694,ok,video,1.0,False,False,False,,,,
P35,NGEED,4,TURUN,T4,temporal,kanan,295.551,297.245,2.194,1.694,ok,video,1.0,False,False,False,,,,
P35,NGEED,4,TURUN,T6,temporo-posterior,kanan,295.551,297.245,2.194,1.694,ok,video,0.882,False,False,False,,,,
P35,NGEED,4,TAHAN,Fp1,frontopolar,kiri,297.745,299.911,2.666,2.166,ok,video,0.949,False,False,False,,,,
P35,NGEED,4,TAHAN,F3,frontal,kiri,297.745,299.911,2.666,2.166,ok,video,1.0,False,False,False,,,,
P35,NGEED,4,TAHAN,C3,sentral,kiri,297.745,299.911,2.666,2.166,ok,video,1.0,False,False,False,,,,
P35,NGEED,4,TAHAN,P3,parietal,kiri,297.745,299.911,2.666,2.166,ok,video,1.0,False,False,False,,,,
P35,NGEED,4,TAHAN,O1,oksipital,kiri,297.745,299.911,2.666,2.166,ok,video,0.0,True,False,False,-6.082214349748529,-5.2789306937187845,-3.556708011898966,-4.585964203569436
P35,NGEED,4,TAHAN,F7,frontotemporal,kiri,297.745,299.911,2.666,2.166,ok,video,1.0,False,False,False,,,,
P35,NGEED,4,TAHAN,T3,temporal,kiri,297.745,299.911,2.666,2.166,ok,video,1.0,False,False,False,,,,
P35,NGEED,4,TAHAN,T5,temporo-posterior,kiri,297.745,299.911,2.666,2.166,ok,video,0.512,False,False,False,,,,
P35,NGEED,4,TAHAN,Fp2,frontopolar,kanan,297.745,299.911,2.666,2.166,ok,video,1.0,False,False,False,,,,
P35,NGEED,4,TAHAN,F4,frontal,kanan,297.745,299.911,2.666,2.166,ok,video,1.0,False,False,False,,,,
P35,NGEED,4,TAHAN,C4,sentral,kanan,297.745,299.911,2.666,2.166,ok,video,1.0,False,False,False,,,,
P35,NGEED,4,TAHAN,P4,parietal,kanan,297.745,299.911,2.666,2.166,ok,video,1.0,False,False,False,,,,
P35,NGEED,4,TAHAN,O2,oksipital,kanan,297.745,299.911,2.666,2.166,ok,video,1.0,False,False,False,,,,
P35,NGEED,4,TAHAN,F8,frontotemporal,kanan,297.745,299.911,2.666,2.166,ok,video,1.0,False,False,False,,,,
P35,NGEED,4,TAHAN,T4,temporal,kanan,297.745,299.911,2.666,2.166,ok,video,1.0,False,False,False,,,,
P35,NGEED,4,TAHAN,T6,temporo-posterior,kanan,297.745,299.911,2.666,2.166,ok,video,1.0,False,False,False,,,,
P35,NGEED,4,NAIK,Fp1,frontopolar,kiri,300.232,300.562,0.472,0.33,ok,video,1.0,False,False,False,,,,
P35,NGEED,4,NAIK,F3,frontal,kiri,300.232,300.562,0.472,0.33,ok,video,1.0,False,False,False,,,,
P35,NGEED,4,NAIK,C3,sentral,kiri,300.232,300.562,0.472,0.33,ok,video,1.0,False,False,False,,,,
P35,NGEED,4,NAIK,P3,parietal,kiri,300.232,300.562,0.472,0.33,ok,video,1.0,False,False,False,,,,
P35,NGEED,4,NAIK,O1,oksipital,kiri,300.232,300.562,0.472,0.33,ok,video,0.0,True,False,False,-4.169392332013196,-4.565912768016421,-7.680197999837375,-5.399567409947419
P35,NGEED,4,NAIK,F7,frontotemporal,kiri,300.232,300.562,0.472,0.33,ok,video,1.0,False,False,False,,,,
P35,NGEED,4,NAIK,T3,temporal,kiri,300.232,300.562,0.472,0.33,ok,video,1.0,False,False,False,,,,
P35,NGEED,4,NAIK,T5,temporo-posterior,kiri,300.232,300.562,0.472,0.33,ok,video,1.0,False,False,False,,,,
P35,NGEED,4,NAIK,Fp2,frontopolar,kanan,300.232,300.562,0.472,0.33,ok,video,1.0,False,False,False,,,,
P35,NGEED,4,NAIK,F4,frontal,kanan,300.232,300.562,0.472,0.33,ok,video,1.0,False,False,False,,,,
P35,NGEED,4,NAIK,C4,sentral,kanan,300.232,300.562,0.472,0.33,ok,video,1.0,False,False,False,,,,
P35,NGEED,4,NAIK,P4,parietal,kanan,300.232,300.562,0.472,0.33,ok,video,1.0,False,False,False,,,,
P35,NGEED,4,NAIK,O2,oksipital,kanan,300.232,300.562,0.472,0.33,ok,video,1.0,False,False,False,,,,
P35,NGEED,4,NAIK,F8,frontotemporal,kanan,300.232,300.562,0.472,0.33,ok,video,1.0,False,False,False,,,,
P35,NGEED,4,NAIK,T4,temporal,kanan,300.232,300.562,0.472,0.33,ok,video,1.0,False,False,False,,,,
P35,NGEED,4,NAIK,T6,temporo-posterior,kanan,300.232,300.562,0.472,0.33,ok,video,1.0,False,False,False,,,,
P35,NGEED,4,POST,Fp1,frontopolar,kiri,301.133,302.633,1.5,1.5,ok,video,1.0,False,False,False,,,,
P35,NGEED,4,POST,F3,frontal,kiri,301.133,302.633,1.5,1.5,ok,video,1.0,False,False,False,,,,
P35,NGEED,4,POST,C3,sentral,kiri,301.133,302.633,1.5,1.5,ok,video,1.0,False,False,False,,,,
P35,NGEED,4,POST,P3,parietal,kiri,301.133,302.633,1.5,1.5,ok,video,1.0,False,False,False,,,,
P35,NGEED,4,POST,O1,oksipital,kiri,301.133,302.633,1.5,1.5,ok,video,0.0,True,False,False,-7.300611322651093,-5.527150274322498,-6.552232081010555,-7.201689054000784
P35,NGEED,4,POST,F7,frontotemporal,kiri,301.133,302.633,1.5,1.5,ok,video,1.0,False,False,False,,,,
P35,NGEED,4,POST,T3,temporal,kiri,301.133,302.633,1.5,1.5,ok,video,1.0,False,False,False,,,,
P35,NGEED,4,POST,T5,temporo-posterior,kiri,301.133,302.633,1.5,1.5,ok,video,0.653,False,False,False,,,,
P35,NGEED,4,POST,Fp2,frontopolar,kanan,301.133,302.633,1.5,1.5,ok,video,1.0,False,False,False,,,,
P35,NGEED,4,POST,F4,frontal,kanan,301.133,302.633,1.5,1.5,ok,video,1.0,False,False,False,,,,
P35,NGEED,4,POST,C4,sentral,kanan,301.133,302.633,1.5,1.5,ok,video,1.0,False,False,False,,,,
P35,NGEED,4,POST,P4,parietal,kanan,301.133,302.633,1.5,1.5,ok,video,1.0,False,False,False,,,,
P35,NGEED,4,POST,O2,oksipital,kanan,301.133,302.633,1.5,1.5,ok,video,1.0,False,False,False,,,,
P35,NGEED,4,POST,F8,frontotemporal,kanan,301.133,302.633,1.5,1.5,ok,video,1.0,False,False,False,,,,
P35,NGEED,4,POST,T4,temporal,kanan,301.133,302.633,1.5,1.5,ok,video,1.0,False,False,False,,,,
P35,NGEED,4,POST,T6,temporo-posterior,kanan,301.133,302.633,1.5,1.5,ok,video,1.0,False,False,False,,,,
P35,AGEM KANAN,3,PRA,Fp1,frontopolar,kiri,309.771,311.771,2.0,2.0,ok,video,0.14,True,True,False,-2.3542383887739398,-4.66175772811475,-8.07797540828011,-4.698617972817946
P35,AGEM KANAN,3,PRA,F3,frontal,kiri,309.771,311.771,2.0,2.0,ok,video,0.0,True,False,False,-7.4927887130286095,-7.533574489981909,-10.01755943802128,-8.70594277926783
P35,AGEM KANAN,3,PRA,C3,sentral,kiri,309.771,311.771,2.0,2.0,ok,video,0.24,True,True,False,-5.9623740771805736,-6.5778005008230345,-8.598998400760848,-7.113916207539376
P35,AGEM KANAN,3,PRA,P3,parietal,kiri,309.771,311.771,2.0,2.0,ok,video,0.0,True,False,False,-0.9654793040794871,0.7080892525605762,-0.6302171103443435,-0.20611255434462095
P35,AGEM KANAN,3,PRA,O1,oksipital,kiri,309.771,311.771,2.0,2.0,ok,video,0.0,True,False,False,0.8653597586723762,2.606891371248892,1.7376663715744733,3.152420002689027
P35,AGEM KANAN,3,PRA,F7,frontotemporal,kiri,309.771,311.771,2.0,2.0,ok,video,0.0,True,False,False,-5.84661709413135,-6.615787411522792,-9.698021091980355,-7.254384037918342
P35,AGEM KANAN,3,PRA,T3,temporal,kiri,309.771,311.771,2.0,2.0,ok,video,0.0,True,False,False,-3.289856174942713,-2.925710697577159,-4.066856599181076,-3.2050349150871753
P35,AGEM KANAN,3,PRA,T5,temporo-posterior,kiri,309.771,311.771,2.0,2.0,ok,video,0.16,True,True,False,-9.253405192331343,-11.591282252417376,-9.804426877915667,-9.964599597803115
P35,AGEM KANAN,3,PRA,Fp2,frontopolar,kanan,309.771,311.771,2.0,2.0,ok,video,0.0,True,False,False,-2.0679528442036172,-2.888730610187203,-3.5573026180323737,-2.9002541856867943
P35,AGEM KANAN,3,PRA,F4,frontal,kanan,309.771,311.771,2.0,2.0,ok,video,0.74,False,False,False,,,,
P35,AGEM KANAN,3,PRA,C4,sentral,kanan,309.771,311.771,2.0,2.0,ok,video,0.34,True,True,False,-7.34313339439959,-8.40197019920259,-9.439119250506884,-8.57549963441743
P35,AGEM KANAN,3,PRA,P4,parietal,kanan,309.771,311.771,2.0,2.0,ok,video,0.24,True,True,False,-5.6072418279826195,-6.256161188755492,-8.605210274796214,-6.7879263128857765
P35,AGEM KANAN,3,PRA,O2,oksipital,kanan,309.771,311.771,2.0,2.0,ok,video,0.0,True,False,False,-3.885852059799781,-2.6553517561183995,-7.263228976308728,-4.14801364406728
P35,AGEM KANAN,3,PRA,F8,frontotemporal,kanan,309.771,311.771,2.0,2.0,ok,video,0.0,True,False,False,-4.128080410914151,-5.28244331255371,-8.62506083693059,-5.659897321240138
P35,AGEM KANAN,3,PRA,T4,temporal,kanan,309.771,311.771,2.0,2.0,ok,video,0.0,True,False,False,-1.6617582853275863,-3.5304033749509536,-6.456348481349686,-3.1109395833101345
P35,AGEM KANAN,3,PRA,T6,temporo-posterior,kanan,309.771,311.771,2.0,2.0,ok,video,0.0,True,False,False,4.614929755745948,2.4618893530175967,-0.17699702543914952,4.36211991537504
P35,AGEM KANAN,3,TURUN,Fp1,frontopolar,kiri,312.021,314.117,2.596,2.096,ok,video,0.0,True,False,False,-3.883967066120931,-3.056788972776875,-2.234467342377421,-2.4272708596461285
P35,AGEM KANAN,3,TURUN,F3,frontal,kiri,312.021,314.117,2.596,2.096,ok,video,0.0,True,False,False,-4.584717777528269,-2.3314225726249944,-1.3765915850232524,-2.481970739509407
P35,AGEM KANAN,3,TURUN,C3,sentral,kiri,312.021,314.117,2.596,2.096,ok,video,0.0,True,False,False,-2.5991550984290157,-1.298340033074993,-0.12623900018547474,-0.9482113993121857
P35,AGEM KANAN,3,TURUN,P3,parietal,kiri,312.021,314.117,2.596,2.096,ok,video,0.0,True,False,False,1.1517370529149602,2.6393385515261585,3.4513118311109956,3.1044883283330904
P35,AGEM KANAN,3,TURUN,O1,oksipital,kiri,312.021,314.117,2.596,2.096,ok,video,0.0,True,False,False,3.58310561627502,4.078350386395954,3.5732823559521734,3.871510841433384
P35,AGEM KANAN,3,TURUN,F7,frontotemporal,kiri,312.021,314.117,2.596,2.096,ok,video,0.0,True,False,False,-4.198773230833027,-2.179940004630474,-1.5134101179048365,-1.9700380838747797
P35,AGEM KANAN,3,TURUN,T3,temporal,kiri,312.021,314.117,2.596,2.096,ok,video,0.0,True,False,False,-0.30503397397666987,1.1773888784409863,2.106062622413937,1.3321095594938441
P35,AGEM KANAN,3,TURUN,T5,temporo-posterior,kiri,312.021,314.117,2.596,2.096,ok,video,0.383,False,False,False,,,,
P35,AGEM KANAN,3,TURUN,Fp2,frontopolar,kanan,312.021,314.117,2.596,2.096,ok,video,0.0,True,False,False,-3.351862109545568,-5.373694684243048,-5.656395887544608,-2.3586836530363726
P35,AGEM KANAN,3,TURUN,F4,frontal,kanan,312.021,314.117,2.596,2.096,ok,video,0.0,True,False,False,-1.8390189405669375,-2.203121802439,-5.2822024174080795,-3.1879100327579124
P35,AGEM KANAN,3,TURUN,C4,sentral,kanan,312.021,314.117,2.596,2.096,ok,video,0.0,True,False,False,-4.2665533143886805,-2.4585279226637837,-1.5957125933890346,-2.248098654560202
P35,AGEM KANAN,3,TURUN,P4,parietal,kanan,312.021,314.117,2.596,2.096,ok,video,0.0,True,False,False,-3.4915423419728384,-1.3896086203045286,-0.8551768001576399,-1.6956514147695856
P35,AGEM KANAN,3,TURUN,O2,oksipital,kanan,312.021,314.117,2.596,2.096,ok,video,0.0,True,False,False,-3.1625016239424184,-0.947268914843697,-0.6816890844352805,-1.2846062874829727
P35,AGEM KANAN,3,TURUN,F8,frontotemporal,kanan,312.021,314.117,2.596,2.096,ok,video,0.0,True,False,False,-3.830060301567819,-1.8976683651690678,-1.2836577553575808,-1.6355459086637794
P35,AGEM KANAN,3,TURUN,T4,temporal,kanan,312.021,314.117,2.596,2.096,ok,video,0.0,True,False,False,-1.5623467642062892,-0.6524309690311298,-0.06795385220842576,-0.22063035214932825
P35,AGEM KANAN,3,TURUN,T6,temporo-posterior,kanan,312.021,314.117,2.596,2.096,ok,video,0.0,True,False,False,2.207581964662509,0.7876501878005584,0.8054291530855409,0.9427339555397154
P35,AGEM KANAN,3,TAHAN,Fp1,frontopolar,kiri,314.617,316.52,2.403,1.903,ok,video,0.0,True,False,False,-1.9101597842472984,-0.5586818253744212,0.6649976111154459,0.5052879097122691
P35,AGEM KANAN,3,TAHAN,F3,frontal,kiri,314.617,316.52,2.403,1.903,ok,video,0.0,True,False,False,2.01675418308362,2.8824404876980125,3.403224095348712,2.5930303401288413
P35,AGEM KANAN,3,TAHAN,C3,sentral,kiri,314.617,316.52,2.403,1.903,ok,video,0.0,True,False,False,0.41508487907136526,0.7293008519304962,2.3070243985187844,1.642396450767997
P35,AGEM KANAN,3,TAHAN,P3,parietal,kiri,314.617,316.52,2.403,1.903,ok,video,0.0,True,False,False,1.9553772634854738,3.117450280413543,4.970688222837548,3.596336256912906
P35,AGEM KANAN,3,TAHAN,O1,oksipital,kiri,314.617,316.52,2.403,1.903,ok,video,0.0,True,False,False,2.882579093551584,3.7674845369085332,4.357009522951671,3.1340144076202634
P35,AGEM KANAN,3,TAHAN,F7,frontotemporal,kiri,314.617,316.52,2.403,1.903,ok,video,0.0,True,False,False,-0.2472380393962723,0.18500027660543594,1.2967753058333713,0.8944023858485934
P35,AGEM KANAN,3,TAHAN,T3,temporal,kiri,314.617,316.52,2.403,1.903,ok,video,0.0,True,False,False,0.9092157609756697,2.10283373730325,4.173019946287674,2.995510128537127
P35,AGEM KANAN,3,TAHAN,T5,temporo-posterior,kiri,314.617,316.52,2.403,1.903,ok,video,0.0,True,False,False,-2.7563978743481528,-3.4463004246193734,-3.759091729783705,-3.7264676378137374
P35,AGEM KANAN,3,TAHAN,Fp2,frontopolar,kanan,314.617,316.52,2.403,1.903,ok,video,0.0,True,False,False,-0.6963379188102934,-4.0746596454208905,-0.28145903599008193,0.7114117510842988
P35,AGEM KANAN,3,TAHAN,F4,frontal,kanan,314.617,316.52,2.403,1.903,ok,video,0.0,True,False,False,2.371552474043476,-0.7478793020421008,0.41052987271512364,0.845270105001724
P35,AGEM KANAN,3,TAHAN,C4,sentral,kanan,314.617,316.52,2.403,1.903,ok,video,0.0,True,False,False,0.4040178996471866,0.17920285146252724,1.650516517070919,1.0731114182191561
P35,AGEM KANAN,3,TAHAN,P4,parietal,kanan,314.617,316.52,2.403,1.903,ok,video,0.0,True,False,False,-0.8550812227161728,0.6080626802074676,2.105906648791432,1.2518279522643851
P35,AGEM KANAN,3,TAHAN,O2,oksipital,kanan,314.617,316.52,2.403,1.903,ok,video,0.0,True,False,False,-1.792430022781808,1.7802157078882388,3.3270209320007176,2.068077144175028
P35,AGEM KANAN,3,TAHAN,F8,frontotemporal,kanan,314.617,316.52,2.403,1.903,ok,video,0.0,True,False,False,-2.2260680508047557,0.5268493012799809,1.6123425756286949,1.2301903838930812
P35,AGEM KANAN,3,TAHAN,T4,temporal,kanan,314.617,316.52,2.403,1.903,ok,video,0.0,True,False,False,-1.4045930854502373,0.8110892256302193,2.401894537538091,1.8847597451623699
P35,AGEM KANAN,3,TAHAN,T6,temporo-posterior,kanan,314.617,316.52,2.403,1.903,ok,video,0.0,True,False,False,2.7269439441017767,4.0048973442123454,4.215206279003741,3.826534661645887
P35,AGEM KANAN,3,NAIK,Fp1,frontopolar,kiri,316.849,317.218,0.527,0.369,ok,video,0.0,True,False,False,-4.499711203108475,2.428431028857567,4.47181384821274,1.972652051322477
P35,AGEM KANAN,3,NAIK,F3,frontal,kiri,316.849,317.218,0.527,0.369,ok,video,0.0,True,False,False,-4.288907060963766,0.5927629217752184,5.320649471446977,2.419731072445231
P35,AGEM KANAN,3,NAIK,C3,sentral,kiri,316.849,317.218,0.527,0.369,ok,video,0.0,True,False,False,-2.5998730066232056,2.1436658772185098,6.144477032230448,3.845446715051459
P35,AGEM KANAN,3,NAIK,P3,parietal,kiri,316.849,317.218,0.527,0.369,ok,video,0.0,True,False,False,0.09978735474979317,0.36391546050278123,2.208546749161119,1.8652644557715377
P35,AGEM KANAN,3,NAIK,O1,oksipital,kiri,316.849,317.218,0.527,0.369,ok,video,0.0,True,False,False,-4.992902006376497,-2.872027362625179,2.1213620649610654,-0.477216328918459
P35,AGEM KANAN,3,NAIK,F7,frontotemporal,kiri,316.849,317.218,0.527,0.369,ok,video,0.0,True,False,False,-2.2158810918013003,2.5162439559249705,5.045555596555822,2.676139715190253
P35,AGEM KANAN,3,NAIK,T3,temporal,kiri,316.849,317.218,0.527,0.369,ok,video,0.0,True,False,False,3.6599371256761657,1.2985959886004323,4.542417499637438,4.599012411955492
P35,AGEM KANAN,3,NAIK,T5,temporo-posterior,kiri,316.849,317.218,0.527,0.369,ok,video,0.0,True,False,False,-0.512740336516984,-2.6213574822779826,-3.84410511480009,-1.4369092744271938
P35,AGEM KANAN,3,NAIK,Fp2,frontopolar,kanan,316.849,317.218,0.527,0.369,ok,video,0.0,True,False,False,1.2159303074023313,-3.5117137614629073,1.025621644292567,0.46141064986741753
P35,AGEM KANAN,3,NAIK,F4,frontal,kanan,316.849,317.218,0.527,0.369,ok,video,0.0,True,False,False,-1.5947845439847939,0.9789759806421543,-2.1284992141571735,-0.49596922647438646
P35,AGEM KANAN,3,NAIK,C4,sentral,kanan,316.849,317.218,0.527,0.369,ok,video,0.0,True,False,False,-2.592023894389982,2.8910490627109198,4.39468387331361,2.450233063522937
P35,AGEM KANAN,3,NAIK,P4,parietal,kanan,316.849,317.218,0.527,0.369,ok,video,0.0,True,False,False,-3.770270781169465,2.627598620135629,5.69940661821731,3.2004703386137194
P35,AGEM KANAN,3,NAIK,O2,oksipital,kanan,316.849,317.218,0.527,0.369,ok,video,0.0,True,False,False,-3.4661186480668675,1.458097913208988,4.530393797068218,2.0936232071953143
P35,AGEM KANAN,3,NAIK,F8,frontotemporal,kanan,316.849,317.218,0.527,0.369,ok,video,0.0,True,False,False,-2.6172596759580458,2.5400701853036978,4.128527646334604,2.449078560230788
P35,AGEM KANAN,3,NAIK,T4,temporal,kanan,316.849,317.218,0.527,0.369,ok,video,0.0,True,False,False,-2.825075040693932,1.4633784676437216,4.591573286470194,2.317776288027943
P35,AGEM KANAN,3,NAIK,T6,temporo-posterior,kanan,316.849,317.218,0.527,0.369,ok,video,0.0,True,False,False,-1.5639818745121161,0.12885580705408017,3.833181045866315,1.2849644982930286
P35,AGEM KANAN,3,POST,Fp1,frontopolar,kiri,317.797,319.297,1.5,1.5,ok,video,0.0,True,False,False,0.1596527466458184,-0.3057499555190226,2.2084230978627772,2.58580934289035
P35,AGEM KANAN,3,POST,F3,frontal,kiri,317.797,319.297,1.5,1.5,ok,video,0.0,True,False,False,-0.3013018735535553,-0.771070479640457,2.7515976546016603,2.1618787291073147
P35,AGEM KANAN,3,POST,C3,sentral,kiri,317.797,319.297,1.5,1.5,ok,video,0.0,True,False,False,0.9678033293735808,-1.2778549608575602,3.2782477896005773,2.978546173722414
P35,AGEM KANAN,3,POST,P3,parietal,kiri,317.797,319.297,1.5,1.5,ok,video,0.0,True,False,False,-2.0582072997245646,-2.1253352481140837,-1.790749110432408,-1.1729828198960242
P35,AGEM KANAN,3,POST,O1,oksipital,kiri,317.797,319.297,1.5,1.5,ok,video,0.0,True,False,False,-3.2863536346322952,-3.285815556071867,-3.0350179972834965,-2.2655819467976244
P35,AGEM KANAN,3,POST,F7,frontotemporal,kiri,317.797,319.297,1.5,1.5,ok,video,0.0,True,False,False,-0.521280054618046,-0.6463027645337363,1.8134434311415433,2.2583750806149183
P35,AGEM KANAN,3,POST,T3,temporal,kiri,317.797,319.297,1.5,1.5,ok,video,0.0,True,False,False,0.008372114914976692,1.4313427794036002,1.5700391074158233,1.9867070710345303
P35,AGEM KANAN,3,POST,T5,temporo-posterior,kiri,317.797,319.297,1.5,1.5,ok,video,0.0,True,False,False,-0.118233034468048,-0.7671658692772994,3.2990068024078596,1.7031779216739764
P35,AGEM KANAN,3,POST,Fp2,frontopolar,kanan,317.797,319.297,1.5,1.5,ok,video,0.427,True,True,False,-15.372266679260491,-9.612877826810564,-10.36756665173893,-12.749231467284055
P35,AGEM KANAN,3,POST,F4,frontal,kanan,317.797,319.297,1.5,1.5,ok,video,0.0,True,False,False,0.6872391393339399,0.06011420939703527,3.4885850880472056,1.9344670847722796
P35,AGEM KANAN,3,POST,C4,sentral,kanan,317.797,319.297,1.5,1.5,ok,video,0.0,True,False,False,0.4915112043431762,-3.0786573816589744,2.3746628896373068,1.602691085009333
P35,AGEM KANAN,3,POST,P4,parietal,kanan,317.797,319.297,1.5,1.5,ok,video,0.0,True,False,False,0.5602534408506301,-1.0747654762289756,2.607571808935049,2.253510325138201
P35,AGEM KANAN,3,POST,O2,oksipital,kanan,317.797,319.297,1.5,1.5,ok,video,0.0,True,False,False,0.5307685956447656,0.053957545811265106,1.93477861470922,2.203740460109806
P35,AGEM KANAN,3,POST,F8,frontotemporal,kanan,317.797,319.297,1.5,1.5,ok,video,0.0,True,False,False,-0.5579855304135606,-1.0641197249056802,1.5711236055680047,1.9331472670309324
P35,AGEM KANAN,3,POST,T4,temporal,kanan,317.797,319.297,1.5,1.5,ok,video,0.0,True,False,False,-0.0018745901304200174,1.0158003141768859,1.7145806097030416,2.3970720664103595
P35,AGEM KANAN,3,POST,T6,temporo-posterior,kanan,317.797,319.297,1.5,1.5,ok,video,0.0,True,False,False,2.120257477476841,-1.3982324603947802,1.5739090709879626,2.2318332677570325
P35,AGEM KANAN,4,PRA,Fp1,frontopolar,kiri,324.893,326.893,2.0,2.0,ok,video,1.0,False,False,False,,,,
P35,AGEM KANAN,4,PRA,F3,frontal,kiri,324.893,326.893,2.0,2.0,ok,video,0.32,False,False,False,,,,
P35,AGEM KANAN,4,PRA,C3,sentral,kiri,324.893,326.893,2.0,2.0,ok,video,0.0,True,False,False,-12.442399157404573,-10.639070826783747,-10.998316183243567,-11.019283335230547
P35,AGEM KANAN,4,PRA,P3,parietal,kiri,324.893,326.893,2.0,2.0,ok,video,1.0,False,False,False,,,,
P35,AGEM KANAN,4,PRA,O1,oksipital,kiri,324.893,326.893,2.0,2.0,ok,video,0.0,True,False,False,-4.013968825019845,-4.942256022017901,-3.935950696032503,-4.631931508160022
P35,AGEM KANAN,4,PRA,F7,frontotemporal,kiri,324.893,326.893,2.0,2.0,ok,video,0.82,False,False,False,,,,
P35,AGEM KANAN,4,PRA,T3,temporal,kiri,324.893,326.893,2.0,2.0,ok,video,1.0,False,False,False,,,,
P35,AGEM KANAN,4,PRA,T5,temporo-posterior,kiri,324.893,326.893,2.0,2.0,ok,video,0.0,True,False,False,0.3047609927193946,0.28448749030523146,-0.6283146252523366,-0.275884041511258
P35,AGEM KANAN,4,PRA,Fp2,frontopolar,kanan,324.893,326.893,2.0,2.0,ok,video,1.0,False,False,False,,,,
P35,AGEM KANAN,4,PRA,F4,frontal,kanan,324.893,326.893,2.0,2.0,ok,video,0.0,True,False,False,-0.2727524743193044,0.08454268864514347,-2.513619868253059,-0.031757148743988495
P35,AGEM KANAN,4,PRA,C4,sentral,kanan,324.893,326.893,2.0,2.0,ok,video,0.0,True,False,False,-7.047182918939026,-6.483475910440177,-4.667081359160186,-5.365750514368106
P35,AGEM KANAN,4,PRA,P4,parietal,kanan,324.893,326.893,2.0,2.0,ok,video,0.0,True,False,False,-9.672006527844196,-8.517026498968452,-7.636390185190955,-8.171558659041018
P35,AGEM KANAN,4,PRA,O2,oksipital,kanan,324.893,326.893,2.0,2.0,ok,video,0.2,True,True,False,-13.41429146168327,-10.222952333598457,-12.708349469676314,-12.546140426201834
P35,AGEM KANAN,4,PRA,F8,frontotemporal,kanan,324.893,326.893,2.0,2.0,ok,video,0.32,False,False,False,,,,
P35,AGEM KANAN,4,PRA,T4,temporal,kanan,324.893,326.893,2.0,2.0,ok,video,0.82,False,False,False,,,,
P35,AGEM KANAN,4,PRA,T6,temporo-posterior,kanan,324.893,326.893,2.0,2.0,ok,video,0.4,False,False,False,,,,
P35,AGEM KANAN,4,TURUN,Fp1,frontopolar,kiri,327.664,328.733,1.527,1.069,ok,video,0.813,False,False,False,,,,
P35,AGEM KANAN,4,TURUN,F3,frontal,kiri,327.664,328.733,1.527,1.069,ok,video,1.0,False,False,False,,,,
P35,AGEM KANAN,4,TURUN,C3,sentral,kiri,327.664,328.733,1.527,1.069,ok,video,0.636,False,False,False,,,,
P35,AGEM KANAN,4,TURUN,P3,parietal,kiri,327.664,328.733,1.527,1.069,ok,video,1.0,False,False,False,,,,
P35,AGEM KANAN,4,TURUN,O1,oksipital,kiri,327.664,328.733,1.527,1.069,ok,video,0.0,True,False,False,-2.6032265017189147,-5.847566753413595,-1.1203595754712445,-2.864753588115306
P35,AGEM KANAN,4,TURUN,F7,frontotemporal,kiri,327.664,328.733,1.527,1.069,ok,video,1.0,False,False,False,,,,
P35,AGEM KANAN,4,TURUN,T3,temporal,kiri,327.664,328.733,1.527,1.069,ok,video,1.0,False,False,False,,,,
P35,AGEM KANAN,4,TURUN,T5,temporo-posterior,kiri,327.664,328.733,1.527,1.069,ok,video,0.0,True,False,False,5.054431859744675,2.125106484822659,4.099563484467957,3.8571217131977207
P35,AGEM KANAN,4,TURUN,Fp2,frontopolar,kanan,327.664,328.733,1.527,1.069,ok,video,1.0,False,False,False,,,,
P35,AGEM KANAN,4,TURUN,F4,frontal,kanan,327.664,328.733,1.527,1.069,ok,video,0.0,True,False,False,-7.000576575325134,-10.87490741376039,-6.764394436615408,-4.29635276257563
P35,AGEM KANAN,4,TURUN,C4,sentral,kanan,327.664,328.733,1.527,1.069,ok,video,0.262,True,True,False,-20.324406902489923,-19.30942004134945,-17.598902135860925,-18.917719751889067
P35,AGEM KANAN,4,TURUN,P4,parietal,kanan,327.664,328.733,1.527,1.069,ok,video,0.262,True,True,False,-20.270881731588627,-18.80513027360887,-17.955105268340667,-19.2730124882156
P35,AGEM KANAN,4,TURUN,O2,oksipital,kanan,327.664,328.733,1.527,1.069,ok,video,1.0,False,False,False,,,,
P35,AGEM KANAN,4,TURUN,F8,frontotemporal,kanan,327.664,328.733,1.527,1.069,ok,video,1.0,False,False,False,,,,
P35,AGEM KANAN,4,TURUN,T4,temporal,kanan,327.664,328.733,1.527,1.069,ok,video,1.0,False,False,False,,,,
P35,AGEM KANAN,4,TURUN,T6,temporo-posterior,kanan,327.664,328.733,1.527,1.069,ok,video,1.0,False,False,False,,,,
P35,AGEM KANAN,4,TAHAN,Fp1,frontopolar,kiri,329.212,331.781,3.069,2.569,ok,video,1.0,False,False,False,,,,
P35,AGEM KANAN,4,TAHAN,F3,frontal,kiri,329.212,331.781,3.069,2.569,ok,video,1.0,False,False,False,,,,
P35,AGEM KANAN,4,TAHAN,C3,sentral,kiri,329.212,331.781,3.069,2.569,ok,video,1.0,False,False,False,,,,
P35,AGEM KANAN,4,TAHAN,P3,parietal,kiri,329.212,331.781,3.069,2.569,ok,video,1.0,False,False,False,,,,
P35,AGEM KANAN,4,TAHAN,O1,oksipital,kiri,329.212,331.781,3.069,2.569,ok,video,0.051,True,False,False,-4.281354312447554,-4.603289526121735,-3.0710755657672273,-3.6850152340876505
P35,AGEM KANAN,4,TAHAN,F7,frontotemporal,kiri,329.212,331.781,3.069,2.569,ok,video,1.0,False,False,False,,,,
P35,AGEM KANAN,4,TAHAN,T3,temporal,kiri,329.212,331.781,3.069,2.569,ok,video,1.0,False,False,False,,,,
P35,AGEM KANAN,4,TAHAN,T5,temporo-posterior,kiri,329.212,331.781,3.069,2.569,ok,video,0.0,True,False,False,5.030331731926438,3.6023307553810326,1.9754049228510198,3.0278781482622037
P35,AGEM KANAN,4,TAHAN,Fp2,frontopolar,kanan,329.212,331.781,3.069,2.569,ok,video,1.0,False,False,False,,,,
P35,AGEM KANAN,4,TAHAN,F4,frontal,kanan,329.212,331.781,3.069,2.569,ok,video,0.0,True,False,False,-3.7678590797157554,-0.9113674874950242,-5.1489552459105035,-2.730898006641681
P35,AGEM KANAN,4,TAHAN,C4,sentral,kanan,329.212,331.781,3.069,2.569,ok,video,0.949,False,False,False,,,,
P35,AGEM KANAN,4,TAHAN,P4,parietal,kanan,329.212,331.781,3.069,2.569,ok,video,1.0,False,False,False,,,,
P35,AGEM KANAN,4,TAHAN,O2,oksipital,kanan,329.212,331.781,3.069,2.569,ok,video,1.0,False,False,False,,,,
P35,AGEM KANAN,4,TAHAN,F8,frontotemporal,kanan,329.212,331.781,3.069,2.569,ok,video,1.0,False,False,False,,,,
P35,AGEM KANAN,4,TAHAN,T4,temporal,kanan,329.212,331.781,3.069,2.569,ok,video,1.0,False,False,False,,,,
P35,AGEM KANAN,4,TAHAN,T6,temporo-posterior,kanan,329.212,331.781,3.069,2.569,ok,video,1.0,False,False,False,,,,
P35,AGEM KANAN,4,NAIK,Fp1,frontopolar,kiri,332.181,332.881,1.0,0.7,ok,video,1.0,False,False,False,,,,
P35,AGEM KANAN,4,NAIK,F3,frontal,kiri,332.181,332.881,1.0,0.7,ok,video,1.0,False,False,False,,,,
P35,AGEM KANAN,4,NAIK,C3,sentral,kiri,332.181,332.881,1.0,0.7,ok,video,1.0,False,False,False,,,,
P35,AGEM KANAN,4,NAIK,P3,parietal,kiri,332.181,332.881,1.0,0.7,ok,video,1.0,False,False,False,,,,
P35,AGEM KANAN,4,NAIK,O1,oksipital,kiri,332.181,332.881,1.0,0.7,ok,video,0.571,False,False,False,,,,
P35,AGEM KANAN,4,NAIK,F7,frontotemporal,kiri,332.181,332.881,1.0,0.7,ok,video,1.0,False,False,False,,,,
P35,AGEM KANAN,4,NAIK,T3,temporal,kiri,332.181,332.881,1.0,0.7,ok,video,1.0,False,False,False,,,,
P35,AGEM KANAN,4,NAIK,T5,temporo-posterior,kiri,332.181,332.881,1.0,0.7,ok,video,0.0,True,False,False,-2.987461493016628,-0.8369824991548569,-2.041436702591138,-1.6795189017741023
P35,AGEM KANAN,4,NAIK,Fp2,frontopolar,kanan,332.181,332.881,1.0,0.7,ok,video,1.0,False,False,False,,,,
P35,AGEM KANAN,4,NAIK,F4,frontal,kanan,332.181,332.881,1.0,0.7,ok,video,0.0,True,False,False,-6.6667054878517575,-4.870593884924062,-3.1451210055350565,-3.1816184617700287
P35,AGEM KANAN,4,NAIK,C4,sentral,kanan,332.181,332.881,1.0,0.7,ok,video,0.386,False,False,False,,,,
P35,AGEM KANAN,4,NAIK,P4,parietal,kanan,332.181,332.881,1.0,0.7,ok,video,0.714,False,False,False,,,,
P35,AGEM KANAN,4,NAIK,O2,oksipital,kanan,332.181,332.881,1.0,0.7,ok,video,1.0,False,False,False,,,,
P35,AGEM KANAN,4,NAIK,F8,frontotemporal,kanan,332.181,332.881,1.0,0.7,ok,video,1.0,False,False,False,,,,
P35,AGEM KANAN,4,NAIK,T4,temporal,kanan,332.181,332.881,1.0,0.7,ok,video,1.0,False,False,False,,,,
P35,AGEM KANAN,4,NAIK,T6,temporo-posterior,kanan,332.181,332.881,1.0,0.7,ok,video,1.0,False,False,False,,,,
P35,AGEM KANAN,4,POST,Fp1,frontopolar,kiri,333.531,335.031,1.5,1.5,ok,video,1.0,False,False,False,,,,
P35,AGEM KANAN,4,POST,F3,frontal,kiri,333.531,335.031,1.5,1.5,ok,video,1.0,False,False,False,,,,
P35,AGEM KANAN,4,POST,C3,sentral,kiri,333.531,335.031,1.5,1.5,ok,video,1.0,False,False,False,,,,
P35,AGEM KANAN,4,POST,P3,parietal,kiri,333.531,335.031,1.5,1.5,ok,video,1.0,False,False,False,,,,
P35,AGEM KANAN,4,POST,O1,oksipital,kiri,333.531,335.031,1.5,1.5,ok,video,0.533,False,False,False,,,,
P35,AGEM KANAN,4,POST,F7,frontotemporal,kiri,333.531,335.031,1.5,1.5,ok,video,1.0,False,False,False,,,,
P35,AGEM KANAN,4,POST,T3,temporal,kiri,333.531,335.031,1.5,1.5,ok,video,1.0,False,False,False,,,,
P35,AGEM KANAN,4,POST,T5,temporo-posterior,kiri,333.531,335.031,1.5,1.5,ok,video,0.0,True,False,False,0.3922109604087325,-2.033883212682955,1.227702692515031,0.42848178053213104
P35,AGEM KANAN,4,POST,Fp2,frontopolar,kanan,333.531,335.031,1.5,1.5,ok,video,1.0,False,False,False,,,,
P35,AGEM KANAN,4,POST,F4,frontal,kanan,333.531,335.031,1.5,1.5,ok,video,0.0,True,False,False,-3.097024429418603,-3.864934828206831,-1.853436681447885,-1.7757645691213888
P35,AGEM KANAN,4,POST,C4,sentral,kanan,333.531,335.031,1.5,1.5,ok,video,1.0,False,False,False,,,,
P35,AGEM KANAN,4,POST,P4,parietal,kanan,333.531,335.031,1.5,1.5,ok,video,1.0,False,False,False,,,,
P35,AGEM KANAN,4,POST,O2,oksipital,kanan,333.531,335.031,1.5,1.5,ok,video,1.0,False,False,False,,,,
P35,AGEM KANAN,4,POST,F8,frontotemporal,kanan,333.531,335.031,1.5,1.5,ok,video,1.0,False,False,False,,,,
P35,AGEM KANAN,4,POST,T4,temporal,kanan,333.531,335.031,1.5,1.5,ok,video,1.0,False,False,False,,,,
P35,AGEM KANAN,4,POST,T6,temporo-posterior,kanan,333.531,335.031,1.5,1.5,ok,video,1.0,False,False,False,,,,
P35,AGEM KIRI,3,PRA,Fp1,frontopolar,kiri,335.766,337.766,2.0,2.0,ok,video,1.0,False,False,False,,,,
P35,AGEM KIRI,3,PRA,F3,frontal,kiri,335.766,337.766,2.0,2.0,ok,video,1.0,False,False,False,,,,
P35,AGEM KIRI,3,PRA,C3,sentral,kiri,335.766,337.766,2.0,2.0,ok,video,1.0,False,False,False,,,,
P35,AGEM KIRI,3,PRA,P3,parietal,kiri,335.766,337.766,2.0,2.0,ok,video,1.0,False,False,False,,,,
P35,AGEM KIRI,3,PRA,O1,oksipital,kiri,335.766,337.766,2.0,2.0,ok,video,0.2,True,True,False,-11.113186472922639,-8.801930887282747,-7.786030105413062,-9.515357236047137
P35,AGEM KIRI,3,PRA,F7,frontotemporal,kiri,335.766,337.766,2.0,2.0,ok,video,1.0,False,False,False,,,,
P35,AGEM KIRI,3,PRA,T3,temporal,kiri,335.766,337.766,2.0,2.0,ok,video,1.0,False,False,False,,,,
P35,AGEM KIRI,3,PRA,T5,temporo-posterior,kiri,335.766,337.766,2.0,2.0,ok,video,0.0,True,False,False,-0.07420051037214392,1.40589187364413,-0.6007494970015799,-0.3005427669645151
P35,AGEM KIRI,3,PRA,Fp2,frontopolar,kanan,335.766,337.766,2.0,2.0,ok,video,1.0,False,False,False,,,,
P35,AGEM KIRI,3,PRA,F4,frontal,kanan,335.766,337.766,2.0,2.0,ok,video,0.0,True,False,False,-6.964095975392407,-3.4877235559931563,-4.053207446022398,-2.9776610993599704
P35,AGEM KIRI,3,PRA,C4,sentral,kanan,335.766,337.766,2.0,2.0,ok,video,1.0,False,False,False,,,,
P35,AGEM KIRI,3,PRA,P4,parietal,kanan,335.766,337.766,2.0,2.0,ok,video,1.0,False,False,False,,,,
P35,AGEM KIRI,3,PRA,O2,oksipital,kanan,335.766,337.766,2.0,2.0,ok,video,1.0,False,False,False,,,,
P35,AGEM KIRI,3,PRA,F8,frontotemporal,kanan,335.766,337.766,2.0,2.0,ok,video,1.0,False,False,False,,,,
P35,AGEM KIRI,3,PRA,T4,temporal,kanan,335.766,337.766,2.0,2.0,ok,video,1.0,False,False,False,,,,
P35,AGEM KIRI,3,PRA,T6,temporo-posterior,kanan,335.766,337.766,2.0,2.0,ok,video,1.0,False,False,False,,,,
P35,AGEM KIRI,3,TURUN,Fp1,frontopolar,kiri,343.877,345.848,2.471,1.971,ok,video,0.695,False,False,False,,,,
P35,AGEM KIRI,3,TURUN,F3,frontal,kiri,343.877,345.848,2.471,1.971,ok,video,0.203,False,False,False,,,,
P35,AGEM KIRI,3,TURUN,C3,sentral,kiri,343.877,345.848,2.471,1.971,ok,video,0.0,True,False,False,-12.54275806953051,-8.40103164684631,-7.9899489604767595,-8.804678878201472
P35,AGEM KIRI,3,TURUN,P3,parietal,kiri,343.877,345.848,2.471,1.971,ok,video,1.0,False,False,False,,,,
P35,AGEM KIRI,3,TURUN,O1,oksipital,kiri,343.877,345.848,2.471,1.971,ok,video,0.0,True,False,False,-6.667815768126694,-2.089570966834291,-2.0511423914071756,-3.7465899796848383
P35,AGEM KIRI,3,TURUN,F7,frontotemporal,kiri,343.877,345.848,2.471,1.971,ok,video,0.091,True,False,False,-13.427009713367049,-9.48404232261893,-9.464218432367822,-10.838971735131132
P35,AGEM KIRI,3,TURUN,T3,temporal,kiri,343.877,345.848,2.471,1.971,ok,video,0.797,False,False,False,,,,
P35,AGEM KIRI,3,TURUN,T5,temporo-posterior,kiri,343.877,345.848,2.471,1.971,ok,video,0.0,True,False,False,0.946584529252334,1.512019000940171,3.3538059246774807,2.785271425530027
P35,AGEM KIRI,3,TURUN,Fp2,frontopolar,kanan,343.877,345.848,2.471,1.971,ok,video,1.0,False,False,False,,,,
P35,AGEM KIRI,3,TURUN,F4,frontal,kanan,343.877,345.848,2.471,1.971,ok,video,0.0,True,False,False,-8.125065904857394,-1.07377097704223,-1.7938755973351697,-1.8038865022836639
P35,AGEM KIRI,3,TURUN,C4,sentral,kanan,343.877,345.848,2.471,1.971,ok,video,0.0,True,False,False,-9.215982104781787,-6.798998712649539,-8.540287352828464,-7.326427130566923
P35,AGEM KIRI,3,TURUN,P4,parietal,kanan,343.877,345.848,2.471,1.971,ok,video,0.0,True,False,False,-9.041027636432489,-6.45295205496582,-7.579327369376465,-7.336577643186992
P35,AGEM KIRI,3,TURUN,O2,oksipital,kanan,343.877,345.848,2.471,1.971,ok,video,0.0,True,False,False,-8.951021220257982,-6.146668300906299,-5.356733232855312,-6.7265784440584255
P35,AGEM KIRI,3,TURUN,F8,frontotemporal,kanan,343.877,345.848,2.471,1.971,ok,video,0.391,True,True,False,-11.818511985945772,-12.863881950795694,-9.429207100554741,-10.52078130277545
P35,AGEM KIRI,3,TURUN,T4,temporal,kanan,343.877,345.848,2.471,1.971,ok,video,0.492,True,True,False,-11.649200130254215,-14.150659654897566,-9.863367431349094,-11.22511215987689
P35,AGEM KIRI,3,TURUN,T6,temporo-posterior,kanan,343.877,345.848,2.471,1.971,ok,video,0.203,True,True,False,-11.655717815266417,-10.200441807620837,-7.875080700326894,-9.707642713243029
P35,AGEM KIRI,3,TAHAN,Fp1,frontopolar,kiri,346.348,347.918,2.07,1.57,ok,video,0.0,True,False,False,-3.454284257399422,-2.4295625664439946,-2.4700127735714936,-2.825158789866947
P35,AGEM KIRI,3,TAHAN,F3,frontal,kiri,346.348,347.918,2.07,1.57,ok,video,0.0,True,False,False,-5.029137700804682,-3.434882707170278,-2.961096349708342,-3.8049876799365165
P35,AGEM KIRI,3,TAHAN,C3,sentral,kiri,346.348,347.918,2.07,1.57,ok,video,0.0,True,False,False,-3.2523678234181688,-2.2953885476460414,-2.225428378164917,-2.275310582012551
P35,AGEM KIRI,3,TAHAN,P3,parietal,kiri,346.348,347.918,2.07,1.57,ok,video,0.962,False,False,False,,,,
P35,AGEM KIRI,3,TAHAN,O1,oksipital,kiri,346.348,347.918,2.07,1.57,ok,video,0.0,True,False,False,-3.5132448029409282,-0.7291381073879286,-0.0607873258800673,-1.6566740876936592
P35,AGEM KIRI,3,TAHAN,F7,frontotemporal,kiri,346.348,347.918,2.07,1.57,ok,video,0.0,True,False,False,-5.377436646459838,-4.787385576594303,-4.982488138956825,-5.099599925404455
P35,AGEM KIRI,3,TAHAN,T3,temporal,kiri,346.348,347.918,2.07,1.57,ok,video,0.197,True,True,False,-11.809535412859347,-11.585750767887514,-8.856746964426108,-10.716930536649691
P35,AGEM KIRI,3,TAHAN,T5,temporo-posterior,kiri,346.348,347.918,2.07,1.57,ok,video,0.0,True,False,False,0.4963330940305042,1.0817114966509038,1.397385227364424,2.0272423552060204
P35,AGEM KIRI,3,TAHAN,Fp2,frontopolar,kanan,346.348,347.918,2.07,1.57,ok,video,1.0,False,False,False,,,,
P35,AGEM KIRI,3,TAHAN,F4,frontal,kanan,346.348,347.918,2.07,1.57,ok,video,0.0,True,False,False,-2.2319911398591756,0.31297459959122875,-0.7526662666908379,0.00822727425020986
P35,AGEM KIRI,3,TAHAN,C4,sentral,kanan,346.348,347.918,2.07,1.57,ok,video,0.0,True,False,False,-2.9290512864009983,-2.2055005821982547,0.1638535981432625,-0.6330686219532282
P35,AGEM KIRI,3,TAHAN,P4,parietal,kanan,346.348,347.918,2.07,1.57,ok,video,0.0,True,False,False,-1.9966362358169931,-1.5849337257830527,-0.07087306375201763,-0.9521028127946565
P35,AGEM KIRI,3,TAHAN,O2,oksipital,kanan,346.348,347.918,2.07,1.57,ok,video,0.0,True,False,False,-2.4575224220454928,-1.0400574091938068,-0.6392000615862763,-1.8297581857710483
P35,AGEM KIRI,3,TAHAN,F8,frontotemporal,kanan,346.348,347.918,2.07,1.57,ok,video,0.0,True,False,False,-4.338144571146493,-4.228050511673196,-4.08121324602579,-3.8898046985119272
P35,AGEM KIRI,3,TAHAN,T4,temporal,kanan,346.348,347.918,2.07,1.57,ok,video,0.0,True,False,False,-5.97329790565346,-5.203944229588593,-5.4353227251230365,-5.815640302927438
P35,AGEM KIRI,3,TAHAN,T6,temporo-posterior,kanan,346.348,347.918,2.07,1.57,ok,video,0.0,True,False,False,-2.1053611619540256,-2.4218638557101535,-0.4992599069720356,-2.1408256330022795
P35,AGEM KIRI,3,NAIK,Fp1,frontopolar,kiri,348.268,348.735,0.667,0.467,ok,video,0.0,True,False,False,0.1973465648008883,2.1385962138927255,-0.2104100306441694,1.3723714464041592
P35,AGEM KIRI,3,NAIK,F3,frontal,kiri,348.268,348.735,0.667,0.467,ok,video,0.0,True,False,False,-5.288824348361906,0.048782809655385506,-0.177564698665865,-0.827608367353271
P35,AGEM KIRI,3,NAIK,C3,sentral,kiri,348.268,348.735,0.667,0.467,ok,video,0.0,True,False,False,-4.995036236283365,1.4960652742154465,0.3538309648319782,0.811190609793826
P35,AGEM KIRI,3,NAIK,P3,parietal,kiri,348.268,348.735,0.667,0.467,ok,video,0.17,False,False,False,,,,
P35,AGEM KIRI,3,NAIK,O1,oksipital,kiri,348.268,348.735,0.667,0.467,ok,video,0.0,True,False,False,2.0746010304165523,-4.11583920608345,-0.8224671136145254,0.03970549508390775
P35,AGEM KIRI,3,NAIK,F7,frontotemporal,kiri,348.268,348.735,0.667,0.467,ok,video,0.0,True,False,False,-0.8067600192694258,-0.6587976684951329,-1.5243769515014307,-0.39778183868030936
P35,AGEM KIRI,3,NAIK,T3,temporal,kiri,348.268,348.735,0.667,0.467,ok,video,0.0,True,False,False,0.09750730660667273,-9.453038424447499,-5.238885863143565,-1.6765851285015216
P35,AGEM KIRI,3,NAIK,T5,temporo-posterior,kiri,348.268,348.735,0.667,0.467,ok,video,0.0,True,False,False,-4.80856585407059,-1.0716651002668982,3.3140522758970263,1.9167076338457747
P35,AGEM KIRI,3,NAIK,Fp2,frontopolar,kanan,348.268,348.735,0.667,0.467,ok,video,1.0,False,False,False,,,,
P35,AGEM KIRI,3,NAIK,F4,frontal,kanan,348.268,348.735,0.667,0.467,ok,video,0.0,True,False,False,-1.2614005180921097,0.37049049353373675,3.416055046375984,2.424518769332799
P35,AGEM KIRI,3,NAIK,C4,sentral,kanan,348.268,348.735,0.667,0.467,ok,video,0.0,True,False,False,-2.9320196169057553,0.18183225159414462,0.07385474953894544,-0.21213036169861965
P35,AGEM KIRI,3,NAIK,P4,parietal,kanan,348.268,348.735,0.667,0.467,ok,video,0.0,True,False,False,-3.6805403416574407,0.413084062615205,-0.5769647287252191,-0.0464909311142776
P35,AGEM KIRI,3,NAIK,O2,oksipital,kanan,348.268,348.735,0.667,0.467,ok,video,0.0,True,False,False,0.024297187540071263,-0.6248584334576677,-1.6605598629602056,1.0915455023685041
P35,AGEM KIRI,3,NAIK,F8,frontotemporal,kanan,348.268,348.735,0.667,0.467,ok,video,0.0,True,False,False,-2.1044893414523713,-0.30009410531527436,-1.1899344460762649,0.29211969899596824
P35,AGEM KIRI,3,NAIK,T4,temporal,kanan,348.268,348.735,0.667,0.467,ok,video,0.0,True,False,False,-0.9483514195722407,-2.1250294961565928,-1.7417808391677596,0.035337786106467206
P35,AGEM KIRI,3,NAIK,T6,temporo-posterior,kanan,348.268,348.735,0.667,0.467,ok,video,0.0,True,False,False,0.13706620679950987,-2.969779743351033,-0.28779537778830644,1.0533887269484268
P35,AGEM KIRI,3,POST,Fp1,frontopolar,kiri,349.335,350.835,1.5,1.5,ok,video,0.0,True,False,False,2.1093467829840336,4.08785112540572,1.036167995210743,3.37574023975624
P35,AGEM KIRI,3,POST,F3,frontal,kiri,349.335,350.835,1.5,1.5,ok,video,0.0,True,False,False,0.009671382041695153,3.357896923033344,-0.09820837949349936,1.320170378781171
P35,AGEM KIRI,3,POST,C3,sentral,kiri,349.335,350.835,1.5,1.5,ok,video,0.0,True,False,False,1.1967712335585645,3.480802915021627,0.3972340702308301,2.0721648367083105
P35,AGEM KIRI,3,POST,P3,parietal,kiri,349.335,350.835,1.5,1.5,ok,video,0.0,True,False,False,-6.503757962891836,-3.30925406490762,-6.396998454444294,-5.534228908065842
P35,AGEM KIRI,3,POST,O1,oksipital,kiri,349.335,350.835,1.5,1.5,ok,video,0.0,True,False,False,-2.8196406938828815,0.7390117712822928,-2.6728969425329723,-0.9898536582963615
P35,AGEM KIRI,3,POST,F7,frontotemporal,kiri,349.335,350.835,1.5,1.5,ok,video,0.0,True,False,False,0.09410745964188294,2.3194639985044816,-0.6142924997556491,1.9737884755297372
P35,AGEM KIRI,3,POST,T3,temporal,kiri,349.335,350.835,1.5,1.5,ok,video,0.0,True,False,False,-2.9400952374159672,0.4824372817621665,-2.315979746293401,-0.8090685623116372
P35,AGEM KIRI,3,POST,T5,temporo-posterior,kiri,349.335,350.835,1.5,1.5,ok,video,0.0,True,False,False,3.42718328697665,2.950970503509062,0.7639765270290191,3.113513631079151
P35,AGEM KIRI,3,POST,Fp2,frontopolar,kanan,349.335,350.835,1.5,1.5,ok,video,0.08,True,False,False,-10.6411078121455,-14.19789705814382,-13.37648195723247,-11.864350025397396
P35,AGEM KIRI,3,POST,F4,frontal,kanan,349.335,350.835,1.5,1.5,ok,video,0.0,True,False,False,-0.04086237668891357,1.8530838367597866,-1.6449049871038426,0.3766774203884822
P35,AGEM KIRI,3,POST,C4,sentral,kanan,349.335,350.835,1.5,1.5,ok,video,0.0,True,False,False,-1.9375179134315914,1.0536466551395876,0.4033742135125422,0.8035498748872243
P35,AGEM KIRI,3,POST,P4,parietal,kanan,349.335,350.835,1.5,1.5,ok,video,0.0,True,False,False,0.07205020622370739,2.631670862966999,0.0955593100913461,1.2408333532683358
P35,AGEM KIRI,3,POST,O2,oksipital,kanan,349.335,350.835,1.5,1.5,ok,video,0.0,True,False,False,1.0656143816073893,3.150671187501878,-0.395509964494412,1.8008474432171653
P35,AGEM KIRI,3,POST,F8,frontotemporal,kanan,349.335,350.835,1.5,1.5,ok,video,0.0,True,False,False,0.4377448847613934,2.2180503156904905,-0.5249060254972058,1.8070191902982131
P35,AGEM KIRI,3,POST,T4,temporal,kanan,349.335,350.835,1.5,1.5,ok,video,0.0,True,False,False,0.2480665347184825,3.250882065084795,-0.07386284428031331,1.6641712961011592
P35,AGEM KIRI,3,POST,T6,temporo-posterior,kanan,349.335,350.835,1.5,1.5,ok,video,0.0,True,False,False,0.3313069308711363,2.0185615993991917,-0.4373874302178038,1.8261598537200214
P35,AGEM KIRI,4,PRA,Fp1,frontopolar,kiri,351.431,353.431,2.0,2.0,ok,video,0.0,True,False,False,2.0002077461975105,0.3813729412462443,-0.5088164060491209,2.8214466077174123
P35,AGEM KIRI,4,PRA,F3,frontal,kiri,351.431,353.431,2.0,2.0,ok,video,0.0,True,False,False,1.0102165429899799,-0.2931455565483745,-0.4181854467174446,1.0951839256950535
P35,AGEM KIRI,4,PRA,C3,sentral,kiri,351.431,353.431,2.0,2.0,ok,video,0.0,True,False,False,2.658583730420233,0.8509555443520398,-0.9476160642724594,2.4401597314719012
P35,AGEM KIRI,4,PRA,P3,parietal,kiri,351.431,353.431,2.0,2.0,ok,video,0.0,True,False,False,0.7111589274847105,2.140221963352701,1.1141659358238343,1.5489456173042697
P35,AGEM KIRI,4,PRA,O1,oksipital,kiri,351.431,353.431,2.0,2.0,ok,video,0.0,True,False,False,3.939770754511656,3.2360693363469366,2.514765815234263,3.895587065854663
P35,AGEM KIRI,4,PRA,F7,frontotemporal,kiri,351.431,353.431,2.0,2.0,ok,video,0.0,True,False,False,1.6530377896316821,0.3747018155374562,-0.805733782743129,2.0581289717192277
P35,AGEM KIRI,4,PRA,T3,temporal,kiri,351.431,353.431,2.0,2.0,ok,video,0.0,True,False,False,1.997093190102163,1.8978285607314547,1.0090467058951447,2.201221269477074
P35,AGEM KIRI,4,PRA,T5,temporo-posterior,kiri,351.431,353.431,2.0,2.0,ok,video,0.0,True,False,False,0.34174812656011966,-0.5091296343098008,-0.4274231994644673,0.5829356374518824
P35,AGEM KIRI,4,PRA,Fp2,frontopolar,kanan,351.431,353.431,2.0,2.0,ok,video,0.0,True,False,False,-5.881254229521154,-5.0498284173606365,-5.351011477704475,-1.9481185279801423
P35,AGEM KIRI,4,PRA,F4,frontal,kanan,351.431,353.431,2.0,2.0,ok,video,0.0,True,False,False,-3.7865816645058317,-2.3645081870527385,-0.6298029471726814,-2.079742248284969
P35,AGEM KIRI,4,PRA,C4,sentral,kanan,351.431,353.431,2.0,2.0,ok,video,0.0,True,False,False,2.105678342392224,-1.1525281178721016,-0.37843397070621876,1.120727721499108
P35,AGEM KIRI,4,PRA,P4,parietal,kanan,351.431,353.431,2.0,2.0,ok,video,0.0,True,False,False,2.372691319882719,-0.0935063696092655,-1.604506622012245,1.9033146872708713
P35,AGEM KIRI,4,PRA,O2,oksipital,kanan,351.431,353.431,2.0,2.0,ok,video,0.0,True,False,False,1.1677966815602616,-0.9394591413764672,-0.5801698310556738,1.6370100491735187
P35,AGEM KIRI,4,PRA,F8,frontotemporal,kanan,351.431,353.431,2.0,2.0,ok,video,0.0,True,False,False,1.2847420541498593,-0.7802971794162303,-1.3583275837467923,1.8670697773463374
P35,AGEM KIRI,4,PRA,T4,temporal,kanan,351.431,353.431,2.0,2.0,ok,video,0.0,True,False,False,1.8081506224223887,0.1750537362555562,-0.22014349731778182,2.8298622626049763
P35,AGEM KIRI,4,PRA,T6,temporo-posterior,kanan,351.431,353.431,2.0,2.0,ok,video,0.0,True,False,False,1.8446651011808868,-1.7388465186051754,-0.8617354990823038,2.2472798837283037
P35,AGEM KIRI,4,TURUN,Fp1,frontopolar,kiri,359.58,360.279,0.999,0.699,ok,video,0.029,True,False,False,-9.607194971001388,-7.435780696594708,-8.013501607788552,-9.058665395272136
P35,AGEM KIRI,4,TURUN,F3,frontal,kiri,359.58,360.279,0.999,0.699,ok,video,0.029,True,False,False,-12.009092555988065,-12.618189439836932,-9.773329940387981,-11.122243705497784
P35,AGEM KIRI,4,TURUN,C3,sentral,kiri,359.58,360.279,0.999,0.699,ok,video,0.029,True,False,False,-5.669200419009275,-11.173824244248515,-6.2016383852591375,-6.744070834885278
P35,AGEM KIRI,4,TURUN,P3,parietal,kiri,359.58,360.279,0.999,0.699,ok,video,0.0,True,False,False,0.16384854193542253,-2.0410688505231676,-4.081572432464046,-2.580827050149182
P35,AGEM KIRI,4,TURUN,O1,oksipital,kiri,359.58,360.279,0.999,0.699,ok,video,0.0,True,False,False,3.4616126927826656,1.0118064405716751,0.3433973046161185,1.9589169383450695
P35,AGEM KIRI,4,TURUN,F7,frontotemporal,kiri,359.58,360.279,0.999,0.699,ok,video,0.029,True,False,False,-9.774166587250644,-13.296062561993292,-8.791459116133474,-9.706485544265963
P35,AGEM KIRI,4,TURUN,T3,temporal,kiri,359.58,360.279,0.999,0.699,ok,video,0.0,True,False,False,-3.3199046788954902,-5.970488727051276,-8.090122475292855,-5.648451552120726
P35,AGEM KIRI,4,TURUN,T5,temporo-posterior,kiri,359.58,360.279,0.999,0.699,ok,video,1.0,False,False,False,,,,
P35,AGEM KIRI,4,TURUN,Fp2,frontopolar,kanan,359.58,360.279,0.999,0.699,ok,video,0.0,True,False,False,-8.103779831854872,-4.530995402414728,-2.9865089882233704,-5.754471162672068
P35,AGEM KIRI,4,TURUN,F4,frontal,kanan,359.58,360.279,0.999,0.699,ok,video,1.0,False,False,False,,,,
P35,AGEM KIRI,4,TURUN,C4,sentral,kanan,359.58,360.279,0.999,0.699,ok,video,0.029,True,False,False,-9.424730067415865,-11.046617049733968,-10.121271935908968,-10.312751136750023
P35,AGEM KIRI,4,TURUN,P4,parietal,kanan,359.58,360.279,0.999,0.699,ok,video,0.029,True,False,False,-11.463536787590435,-13.427007546221635,-11.078765361328799,-12.152498434575183
P35,AGEM KIRI,4,TURUN,O2,oksipital,kanan,359.58,360.279,0.999,0.699,ok,video,0.029,True,False,False,-10.236371481751402,-12.68782238542839,-10.959822780001108,-11.728291700468603
P35,AGEM KIRI,4,TURUN,F8,frontotemporal,kanan,359.58,360.279,0.999,0.699,ok,video,0.029,True,False,False,-6.56113358211741,-8.258673748343064,-8.852292850684897,-8.443937462470132
P35,AGEM KIRI,4,TURUN,T4,temporal,kanan,359.58,360.279,0.999,0.699,ok,video,0.0,True,False,False,-3.5599770064848144,-5.523163910313084,-6.693082860990799,-6.00642205282675
P35,AGEM KIRI,4,TURUN,T6,temporo-posterior,kanan,359.58,360.279,0.999,0.699,ok,video,0.029,True,False,False,-10.800450612999526,-15.983890925465104,-9.15723911753432,-11.83748838144485
P35,AGEM KIRI,4,TAHAN,Fp1,frontopolar,kiri,360.679,363.776,3.597,3.097,ok,video,1.0,False,False,False,,,,
P35,AGEM KIRI,4,TAHAN,F3,frontal,kiri,360.679,363.776,3.597,3.097,ok,video,0.897,False,False,False,,,,
P35,AGEM KIRI,4,TAHAN,C3,sentral,kiri,360.679,363.776,3.597,3.097,ok,video,0.897,False,False,False,,,,
P35,AGEM KIRI,4,TAHAN,P3,parietal,kiri,360.679,363.776,3.597,3.097,ok,video,0.684,False,False,False,,,,
P35,AGEM KIRI,4,TAHAN,O1,oksipital,kiri,360.679,363.776,3.597,3.097,ok,video,0.0,True,False,False,-1.6640827481111913,-6.4425330369173,-3.4542197980036775,-3.624610417463593
P35,AGEM KIRI,4,TAHAN,F7,frontotemporal,kiri,360.679,363.776,3.597,3.097,ok,video,0.897,False,False,False,,,,
P35,AGEM KIRI,4,TAHAN,T3,temporal,kiri,360.679,363.776,3.597,3.097,ok,video,0.935,False,False,False,,,,
P35,AGEM KIRI,4,TAHAN,T5,temporo-posterior,kiri,360.679,363.776,3.597,3.097,ok,video,0.51,False,False,False,,,,
P35,AGEM KIRI,4,TAHAN,Fp2,frontopolar,kanan,360.679,363.776,3.597,3.097,ok,video,0.942,False,False,False,,,,
P35,AGEM KIRI,4,TAHAN,F4,frontal,kanan,360.679,363.776,3.597,3.097,ok,video,0.703,False,False,False,,,,
P35,AGEM KIRI,4,TAHAN,C4,sentral,kanan,360.679,363.776,3.597,3.097,ok,video,0.832,False,False,False,,,,
P35,AGEM KIRI,4,TAHAN,P4,parietal,kanan,360.679,363.776,3.597,3.097,ok,video,0.832,False,False,False,,,,
P35,AGEM KIRI,4,TAHAN,O2,oksipital,kanan,360.679,363.776,3.597,3.097,ok,video,0.897,False,False,False,,,,
P35,AGEM KIRI,4,TAHAN,F8,frontotemporal,kanan,360.679,363.776,3.597,3.097,ok,video,1.0,False,False,False,,,,
P35,AGEM KIRI,4,TAHAN,T4,temporal,kanan,360.679,363.776,3.597,3.097,ok,video,0.897,False,False,False,,,,
P35,AGEM KIRI,4,TAHAN,T6,temporo-posterior,kanan,360.679,363.776,3.597,3.097,ok,video,0.832,False,False,False,,,,
P35,AGEM KIRI,4,NAIK,Fp1,frontopolar,kiri,364.126,364.594,0.668,0.468,ok,video,0.0,True,False,False,-5.16809058119577,-5.188621855655793,-3.5534350733887905,-5.119299202746284
P35,AGEM KIRI,4,NAIK,F3,frontal,kiri,364.126,364.594,0.668,0.468,ok,video,0.0,True,False,False,-3.4576152992029634,-3.8273248269541504,-4.7966314673351285,-4.382523095792987
P35,AGEM KIRI,4,NAIK,C3,sentral,kiri,364.126,364.594,0.668,0.468,ok,video,0.0,True,False,False,-2.928832025026722,-4.327144591530818,-4.023728765386586,-4.172238752535609
P35,AGEM KIRI,4,NAIK,P3,parietal,kiri,364.126,364.594,0.668,0.468,ok,video,1.0,False,False,False,,,,
P35,AGEM KIRI,4,NAIK,O1,oksipital,kiri,364.126,364.594,0.668,0.468,ok,video,0.0,True,False,False,-2.7688833652863245,-3.4729469218370568,-0.5976152378580188,-2.5999140120572015
P35,AGEM KIRI,4,NAIK,F7,frontotemporal,kiri,364.126,364.594,0.668,0.468,ok,video,0.0,True,False,False,-5.355133692757999,-5.960058131172225,-6.2544354280978744,-5.963229651630485
P35,AGEM KIRI,4,NAIK,T3,temporal,kiri,364.126,364.594,0.668,0.468,ok,video,0.0,True,False,False,-12.887563926416213,-15.84110481724953,-10.49694324612787,-12.352681261283244
P35,AGEM KIRI,4,NAIK,T5,temporo-posterior,kiri,364.126,364.594,0.668,0.468,ok,video,0.0,True,False,False,3.8687267246449792,3.3549319171334844,2.0893269207217173,3.346633809720011
P35,AGEM KIRI,4,NAIK,Fp2,frontopolar,kanan,364.126,364.594,0.668,0.468,ok,video,1.0,False,False,False,,,,
P35,AGEM KIRI,4,NAIK,F4,frontal,kanan,364.126,364.594,0.668,0.468,ok,video,0.0,True,False,False,-3.8320788719899923,0.8694495428712727,2.6031659759591967,1.4743994857109328
P35,AGEM KIRI,4,NAIK,C4,sentral,kanan,364.126,364.594,0.668,0.468,ok,video,0.0,True,False,False,-2.734846761405393,-1.6437626242888186,-4.159853974674512,-3.5690493480435457
P35,AGEM KIRI,4,NAIK,P4,parietal,kanan,364.126,364.594,0.668,0.468,ok,video,0.0,True,False,False,-2.199979775402703,-1.3659479511565493,-3.172168379803068,-3.142333786582867
P35,AGEM KIRI,4,NAIK,O2,oksipital,kanan,364.126,364.594,0.668,0.468,ok,video,0.0,True,False,False,-5.467157196397821,-4.208129693144407,-2.1659824963706136,-4.385996750025608
P35,AGEM KIRI,4,NAIK,F8,frontotemporal,kanan,364.126,364.594,0.668,0.468,ok,video,0.0,True,False,False,-7.823316444402753,-8.686344749076149,-4.383447509369152,-7.030781337252652
P35,AGEM KIRI,4,NAIK,T4,temporal,kanan,364.126,364.594,0.668,0.468,ok,video,0.0,True,False,False,-9.862713525618219,-8.524068351918007,-5.6030891382616765,-8.249593661369587
P35,AGEM KIRI,4,NAIK,T6,temporo-posterior,kanan,364.126,364.594,0.668,0.468,ok,video,0.0,True,False,False,-8.029826592354738,-9.6731759677414,-3.809516743847805,-7.041487145238129
P35,AGEM KIRI,4,POST,Fp1,frontopolar,kiri,365.194,366.694,1.5,1.5,ok,video,0.0,True,False,False,2.8951080972202092,-1.2260388457494784,1.692965740075973,3.4880466847228533
P35,AGEM KIRI,4,POST,F3,frontal,kiri,365.194,366.694,1.5,1.5,ok,video,0.0,True,False,False,1.5080356536172985,-1.026883135939471,0.8479893947638217,1.532560451026157
P35,AGEM KIRI,4,POST,C3,sentral,kiri,365.194,366.694,1.5,1.5,ok,video,0.0,True,False,False,1.690525442383077,-1.2993288193789994,1.2518053806821001,1.9825994508682072
P35,AGEM KIRI,4,POST,P3,parietal,kiri,365.194,366.694,1.5,1.5,ok,video,0.0,True,False,False,-4.198075241519184,-1.4153735951919657,-2.248029865902506,-2.28101484490724
P35,AGEM KIRI,4,POST,O1,oksipital,kiri,365.194,366.694,1.5,1.5,ok,video,0.0,True,False,False,-1.657403115531146,0.23646537233735643,1.6270391432629872,0.3780823590796629
P35,AGEM KIRI,4,POST,F7,frontotemporal,kiri,365.194,366.694,1.5,1.5,ok,video,0.0,True,False,False,1.811504554847616,-1.5055303316449198,1.0446113993030934,2.8042052943870104
P35,AGEM KIRI,4,POST,T3,temporal,kiri,365.194,366.694,1.5,1.5,ok,video,0.0,True,False,False,-2.1718045277983222,1.9801712251277692,1.935903760336707,1.2760625777128638
P35,AGEM KIRI,4,POST,T5,temporo-posterior,kiri,365.194,366.694,1.5,1.5,ok,video,0.0,True,False,False,1.9530033139885319,2.8383108987824883,1.7589571761392477,2.0446343619326584
P35,AGEM KIRI,4,POST,Fp2,frontopolar,kanan,365.194,366.694,1.5,1.5,ok,video,0.307,True,True,False,-8.844555579513624,-10.464412036263443,-8.053984530654393,-7.662063506897731
P35,AGEM KIRI,4,POST,F4,frontal,kanan,365.194,366.694,1.5,1.5,ok,video,0.0,True,False,False,-1.7975289512323798,-0.3024649741583971,0.3414035897563181,-0.8881407796215122
P35,AGEM KIRI,4,POST,C4,sentral,kanan,365.194,366.694,1.5,1.5,ok,video,0.0,True,False,False,-0.2717970195434418,-0.6462927736608464,1.7410759760741001,1.3584755848338617
P35,AGEM KIRI,4,POST,P4,parietal,kanan,365.194,366.694,1.5,1.5,ok,video,0.0,True,False,False,1.6971761695344796,-3.5634084809597866,1.3716282413839593,1.759274387420433
P35,AGEM KIRI,4,POST,O2,oksipital,kanan,365.194,366.694,1.5,1.5,ok,video,0.0,True,False,False,0.18315261023895602,0.28951965735829077,1.3045851625922786,2.2526230822484763
P35,AGEM KIRI,4,POST,F8,frontotemporal,kanan,365.194,366.694,1.5,1.5,ok,video,0.0,True,False,False,0.0667471253089289,-1.9840264143582473,0.5967824084343789,1.854078598266078
P35,AGEM KIRI,4,POST,T4,temporal,kanan,365.194,366.694,1.5,1.5,ok,video,0.0,True,False,False,-0.2217706062676683,-1.3224386211674855,1.522780488460711,1.524383483442179
P35,AGEM KIRI,4,POST,T6,temporo-posterior,kanan,365.194,366.694,1.5,1.5,ok,video,0.0,True,False,False,-2.566199646597582,-1.4245564964568906,0.34947968074723335,1.7307185687245266
