participant_id,task,rep,phase,channel,area,hemisphere,t0_video,t1_video,dur_phase_sec,win_sec,compliance,phase_source,flat_frac,valid,salvaged,is_simulated,theta_db,mu_db,beta_db,broad_db
P38,NGEED,1,PRA,Fp1,frontopolar,kiri,0.012,2.012,2.0,2.0,short_hold,video,0.0,True,False,False,1.8454811534658546,3.925758190697888,0.7256592116350866,-0.6028564607803801
P38,NGEED,1,PRA,F3,frontal,kiri,0.012,2.012,2.0,2.0,short_hold,video,0.0,True,False,False,0.5106868076324531,1.515218625344918,-3.054900569934844,-3.229483171952584
P38,NGEED,1,PRA,C3,sentral,kiri,0.012,2.012,2.0,2.0,short_hold,video,0.0,True,False,False,0.7020526233970088,1.0536910016689305,-0.5795908622773354,-2.400337816596455
P38,NGEED,1,PRA,P3,parietal,kiri,0.012,2.012,2.0,2.0,short_hold,video,0.0,True,False,False,-3.0612656108147576,-2.8499876140309652,-1.048836144708794,-5.705201234123859
P38,NGEED,1,PRA,O1,oksipital,kiri,0.012,2.012,2.0,2.0,short_hold,video,0.0,True,False,False,0.5249856860092876,6.755304084884553,5.7924691788345335,1.2490826869420246
P38,NGEED,1,PRA,F7,frontotemporal,kiri,0.012,2.012,2.0,2.0,short_hold,video,0.0,True,False,False,-1.4823470451622143,1.5898153059085267,-0.7339901953689179,-2.6898811025403795
P38,NGEED,1,PRA,T3,temporal,kiri,0.012,2.012,2.0,2.0,short_hold,video,0.0,True,False,False,1.242951303762439,6.6526467142825645,4.6779518916095455,1.3743455951770578
P38,NGEED,1,PRA,T5,temporo-posterior,kiri,0.012,2.012,2.0,2.0,short_hold,video,0.0,True,False,False,-0.7768966157420252,0.7163188154677229,0.33998155884974324,-3.144126850234496
P38,NGEED,1,PRA,Fp2,frontopolar,kanan,0.012,2.012,2.0,2.0,short_hold,video,0.0,True,False,False,3.375060045830754,4.72726626604743,2.691947194934162,-0.7373432605011772
P38,NGEED,1,PRA,F4,frontal,kanan,0.012,2.012,2.0,2.0,short_hold,video,0.0,True,False,False,3.0370303603079662,4.717687148945185,1.3166674383990618,2.269378801743379
P38,NGEED,1,PRA,C4,sentral,kanan,0.012,2.012,2.0,2.0,short_hold,video,1.0,False,False,False,,,,
P38,NGEED,1,PRA,P4,parietal,kanan,0.012,2.012,2.0,2.0,short_hold,video,0.0,True,False,False,3.0740705367205763,6.666013096997883,4.105008172057449,3.976476849192043
P38,NGEED,1,PRA,O2,oksipital,kanan,0.012,2.012,2.0,2.0,short_hold,video,0.0,True,False,False,0.21190249319171883,2.5908536516438723,-0.5472910162921565,-3.9118787229456586
P38,NGEED,1,PRA,F8,frontotemporal,kanan,0.012,2.012,2.0,2.0,short_hold,video,0.42,True,True,False,-14.805472115986623,-10.710583861934822,-9.150041896983534,-11.280487555728438
P38,NGEED,1,PRA,T4,temporal,kanan,0.012,2.012,2.0,2.0,short_hold,video,0.0,True,False,False,-3.5114563624386896,0.058715851905329686,0.02472175925284148,-6.041350247878565
P38,NGEED,1,PRA,T6,temporo-posterior,kanan,0.012,2.012,2.0,2.0,short_hold,video,1.0,False,False,False,,,,
P38,NGEED,1,TURUN,Fp1,frontopolar,kiri,8.914,9.43,0.736,0.515,short_hold,video,0.0,True,False,False,18.28794138248798,9.206921801904425,6.73285549102863,13.790885617601958
P38,NGEED,1,TURUN,F3,frontal,kiri,8.914,9.43,0.736,0.515,short_hold,video,0.0,True,False,False,15.090460197198688,7.076822653451416,7.042177425161995,11.23219470962584
P38,NGEED,1,TURUN,C3,sentral,kiri,8.914,9.43,0.736,0.515,short_hold,video,0.0,True,False,False,16.860700193297475,4.59543776347612,6.239574663025614,13.186612318658625
P38,NGEED,1,TURUN,P3,parietal,kiri,8.914,9.43,0.736,0.515,short_hold,video,0.0,True,False,False,15.350898522073251,8.604094119542033,5.0413100209663355,11.434933630281549
P38,NGEED,1,TURUN,O1,oksipital,kiri,8.914,9.43,0.736,0.515,short_hold,video,0.0,True,False,False,19.30546008390929,5.603726160362282,7.685805055403051,14.707045520317301
P38,NGEED,1,TURUN,F7,frontotemporal,kiri,8.914,9.43,0.736,0.515,short_hold,video,0.0,True,False,False,19.78119195645271,10.917582078660441,8.97652980807284,15.823672787314656
P38,NGEED,1,TURUN,T3,temporal,kiri,8.914,9.43,0.736,0.515,short_hold,video,0.0,True,False,False,20.27772330990392,4.235594378860387,6.940728106557792,15.482989338736513
P38,NGEED,1,TURUN,T5,temporo-posterior,kiri,8.914,9.43,0.736,0.515,short_hold,video,0.0,True,False,False,15.22405340334437,6.099003429013646,6.704380268041177,11.063625459443408
P38,NGEED,1,TURUN,Fp2,frontopolar,kanan,8.914,9.43,0.736,0.515,short_hold,video,0.0,True,False,False,13.192268524747696,7.005776816129142,4.501773037621081,9.472377755704326
P38,NGEED,1,TURUN,F4,frontal,kanan,8.914,9.43,0.736,0.515,short_hold,video,0.0,True,False,False,4.6907521174217415,7.64828993231059,8.122621266809581,5.907643861672515
P38,NGEED,1,TURUN,C4,sentral,kanan,8.914,9.43,0.736,0.515,short_hold,video,0.0,True,False,False,-5.167720940695403,-8.574113185351528,-7.469451748928385,-5.909158787611769
P38,NGEED,1,TURUN,P4,parietal,kanan,8.914,9.43,0.736,0.515,short_hold,video,0.0,True,False,False,10.005811749336313,4.957571481211691,2.891320994065943,9.681446279417067
P38,NGEED,1,TURUN,O2,oksipital,kanan,8.914,9.43,0.736,0.515,short_hold,video,0.0,True,False,False,13.533811400899651,14.370979207387059,8.368634353151396,10.700340963162589
P38,NGEED,1,TURUN,F8,frontotemporal,kanan,8.914,9.43,0.736,0.515,short_hold,video,0.0,True,False,False,8.715624537290793,6.6966038877984175,6.217016600680726,8.557918267635579
P38,NGEED,1,TURUN,T4,temporal,kanan,8.914,9.43,0.736,0.515,short_hold,video,0.0,True,False,False,13.229758532666317,14.369376157156204,11.748253824561907,12.8089858777089
P38,NGEED,1,TURUN,T6,temporo-posterior,kanan,8.914,9.43,0.736,0.515,short_hold,video,0.0,True,False,False,-0.7540016437276051,-1.890847220417978,-0.6505578019081497,0.5086372224401821
P38,NGEED,1,TAHAN,Fp1,frontopolar,kiri,9.63,10.047,0.597,0.418,short_hold,video,0.0,True,False,False,12.302742964672639,4.948049047242524,7.878150381506753,7.0726616034039225
P38,NGEED,1,TAHAN,F3,frontal,kiri,9.63,10.047,0.597,0.418,short_hold,video,0.0,True,False,False,-0.8204920391814454,-5.1120362694780255,6.213903498115229,-1.2457094467079948
P38,NGEED,1,TAHAN,C3,sentral,kiri,9.63,10.047,0.597,0.418,short_hold,video,0.0,True,False,False,3.814648582242249,4.56827085625924,5.046880796046359,2.6303622940780826
P38,NGEED,1,TAHAN,P3,parietal,kiri,9.63,10.047,0.597,0.418,short_hold,video,0.0,True,False,False,-2.6258614052245868,-4.621023756270638,1.7669867810794173,-4.5964000549592505
P38,NGEED,1,TAHAN,O1,oksipital,kiri,9.63,10.047,0.597,0.418,short_hold,video,0.0,True,False,False,10.800161691882018,6.698930825628711,4.98150094948258,7.571645523225435
P38,NGEED,1,TAHAN,F7,frontotemporal,kiri,9.63,10.047,0.597,0.418,short_hold,video,0.0,True,False,False,12.35956712198064,6.5755423695336255,8.375252857695607,8.67048236253973
P38,NGEED,1,TAHAN,T3,temporal,kiri,9.63,10.047,0.597,0.418,short_hold,video,0.0,True,False,False,10.079779044436648,6.667943690828974,5.864671041979555,7.3486009359891575
P38,NGEED,1,TAHAN,T5,temporo-posterior,kiri,9.63,10.047,0.597,0.418,short_hold,video,0.0,True,False,False,6.684409653986833,3.496808514461801,5.449283906160417,4.9032614603111
P38,NGEED,1,TAHAN,Fp2,frontopolar,kanan,9.63,10.047,0.597,0.418,short_hold,video,0.0,True,False,False,10.45379834026739,5.07321744787415,2.9981005838559334,3.839330825652848
P38,NGEED,1,TAHAN,F4,frontal,kanan,9.63,10.047,0.597,0.418,short_hold,video,0.0,True,False,False,8.472950238672556,8.147137531315746,5.711005693092371,8.538633463787612
P38,NGEED,1,TAHAN,C4,sentral,kanan,9.63,10.047,0.597,0.418,short_hold,video,0.0,True,False,False,0.8772149384441761,-0.46600886309689216,-1.8449047620522023,0.22863145700833343
P38,NGEED,1,TAHAN,P4,parietal,kanan,9.63,10.047,0.597,0.418,short_hold,video,0.0,True,False,False,8.199501164336294,6.590818037027294,3.189377458185099,6.743135199322644
P38,NGEED,1,TAHAN,O2,oksipital,kanan,9.63,10.047,0.597,0.418,short_hold,video,0.0,True,False,False,14.081627518035496,11.194871230162917,6.017697405224521,5.404274300792451
P38,NGEED,1,TAHAN,F8,frontotemporal,kanan,9.63,10.047,0.597,0.418,short_hold,video,0.0,True,False,False,6.221170731642175,6.314925622800693,0.8164089033309061,5.215614106574286
P38,NGEED,1,TAHAN,T4,temporal,kanan,9.63,10.047,0.597,0.418,short_hold,video,0.0,True,False,False,14.621773570684624,12.897345204229715,7.928200328099983,9.06550171812421
P38,NGEED,1,TAHAN,T6,temporo-posterior,kanan,9.63,10.047,0.597,0.418,short_hold,video,0.0,True,False,False,9.226141112088147,3.679435010655851,3.688586625961591,8.443422370491042
P38,NGEED,1,NAIK,Fp1,frontopolar,kiri,10.387,11.818,1.931,1.431,short_hold,video,0.0,True,False,False,3.218173803157292,4.316829457455402,-2.4113407321621914,1.938347872780188
P38,NGEED,1,NAIK,F3,frontal,kiri,10.387,11.818,1.931,1.431,short_hold,video,0.951,False,False,False,,,,
P38,NGEED,1,NAIK,C3,sentral,kiri,10.387,11.818,1.931,1.431,short_hold,video,0.28,False,False,False,,,,
P38,NGEED,1,NAIK,P3,parietal,kiri,10.387,11.818,1.931,1.431,short_hold,video,0.951,False,False,False,,,,
P38,NGEED,1,NAIK,O1,oksipital,kiri,10.387,11.818,1.931,1.431,short_hold,video,0.0,True,False,False,-0.22941915544388536,-0.8270228698133835,-2.335836278982576,0.39440242903138056
P38,NGEED,1,NAIK,F7,frontotemporal,kiri,10.387,11.818,1.931,1.431,short_hold,video,0.0,True,False,False,3.369953896015268,5.433072476462893,-1.0431694909750213,2.826267089892127
P38,NGEED,1,NAIK,T3,temporal,kiri,10.387,11.818,1.931,1.431,short_hold,video,0.0,True,False,False,0.7298636827320948,-1.0657701996589886,-0.4196864808642786,-0.8819126805877175
P38,NGEED,1,NAIK,T5,temporo-posterior,kiri,10.387,11.818,1.931,1.431,short_hold,video,0.0,True,False,False,-9.886228573907651,-7.6561305227524095,-9.879440906099788,-10.829659703162399
P38,NGEED,1,NAIK,Fp2,frontopolar,kanan,10.387,11.818,1.931,1.431,short_hold,video,0.0,True,False,False,5.03953725440185,0.791359570759905,-2.167810047706894,1.6913316944948988
P38,NGEED,1,NAIK,F4,frontal,kanan,10.387,11.818,1.931,1.431,short_hold,video,0.0,True,False,False,12.265549240733176,14.747120338414131,11.383347261135139,15.058068136890817
P38,NGEED,1,NAIK,C4,sentral,kanan,10.387,11.818,1.931,1.431,short_hold,video,0.0,True,False,False,5.689083093926925,3.082802238943728,-2.255978845900721,5.976944691298595
P38,NGEED,1,NAIK,P4,parietal,kanan,10.387,11.818,1.931,1.431,short_hold,video,0.0,True,False,False,7.211870967690661,1.1609141780656067,-2.6341452278266146,7.629583884950684
P38,NGEED,1,NAIK,O2,oksipital,kanan,10.387,11.818,1.931,1.431,short_hold,video,0.0,True,False,False,5.137096847427653,1.9330646899222295,-3.0396185087911753,2.338132858496664
P38,NGEED,1,NAIK,F8,frontotemporal,kanan,10.387,11.818,1.931,1.431,short_hold,video,0.0,True,False,False,5.256362670642744,3.9378205019983668,-1.4072623811771585,6.433902875693157
P38,NGEED,1,NAIK,T4,temporal,kanan,10.387,11.818,1.931,1.431,short_hold,video,0.0,True,False,False,9.615556615096388,8.012044473499778,4.517866033290254,10.04534211290229
P38,NGEED,1,NAIK,T6,temporo-posterior,kanan,10.387,11.818,1.931,1.431,short_hold,video,0.0,True,False,False,10.932792762939425,5.437523103714636,0.2059160982380952,9.271907697050217
P38,NGEED,1,POST,Fp1,frontopolar,kiri,12.568,14.068,1.5,1.5,short_hold,video,0.0,True,False,False,4.4612101374491715,4.407923308994793,5.5074729972890815,2.6027378485611763
P38,NGEED,1,POST,F3,frontal,kiri,12.568,14.068,1.5,1.5,short_hold,video,0.46,True,True,False,-5.635332701716198,-1.2694728534498658,0.40030747155087454,-6.805794410417196
P38,NGEED,1,POST,C3,sentral,kiri,12.568,14.068,1.5,1.5,short_hold,video,0.0,True,False,False,-6.220720724596646,-3.9432014916529354,-3.4196418296575892,-7.259352315348174
P38,NGEED,1,POST,P3,parietal,kiri,12.568,14.068,1.5,1.5,short_hold,video,0.727,False,False,False,,,,
P38,NGEED,1,POST,O1,oksipital,kiri,12.568,14.068,1.5,1.5,short_hold,video,0.727,False,False,False,,,,
P38,NGEED,1,POST,F7,frontotemporal,kiri,12.568,14.068,1.5,1.5,short_hold,video,0.0,True,False,False,5.781099016566806,4.146883508696337,4.366144002420512,3.1933101276448426
P38,NGEED,1,POST,T3,temporal,kiri,12.568,14.068,1.5,1.5,short_hold,video,0.46,True,True,False,-13.387129974154128,-10.410140828874884,-7.932307471396591,-13.035334159877557
P38,NGEED,1,POST,T5,temporo-posterior,kiri,12.568,14.068,1.5,1.5,short_hold,video,0.0,True,False,False,0.0982272067815444,0.26310744582204393,-0.2950846410071435,-1.6386923451258646
P38,NGEED,1,POST,Fp2,frontopolar,kanan,12.568,14.068,1.5,1.5,short_hold,video,0.0,True,False,False,13.046469759753776,4.725097476943603,0.24284332168947032,4.441356218462925
P38,NGEED,1,POST,F4,frontal,kanan,12.568,14.068,1.5,1.5,short_hold,video,0.0,True,False,False,19.888255457109917,14.420231505184457,10.655970266274569,17.185853893982888
P38,NGEED,1,POST,C4,sentral,kanan,12.568,14.068,1.5,1.5,short_hold,video,0.0,True,False,False,10.990171468379422,3.6042823403500677,2.4763027985019157,7.3034453213306385
P38,NGEED,1,POST,P4,parietal,kanan,12.568,14.068,1.5,1.5,short_hold,video,0.0,True,False,False,17.969575060408072,8.83673733665093,6.555913405563388,13.725166962893987
P38,NGEED,1,POST,O2,oksipital,kanan,12.568,14.068,1.5,1.5,short_hold,video,0.0,True,False,False,14.467533984686192,7.820252517329685,4.66000363724871,7.246199818399319
P38,NGEED,1,POST,F8,frontotemporal,kanan,12.568,14.068,1.5,1.5,short_hold,video,0.0,True,False,False,10.744819317190718,4.673607293332822,2.6553334040037555,7.737784682851391
P38,NGEED,1,POST,T4,temporal,kanan,12.568,14.068,1.5,1.5,short_hold,video,0.0,True,False,False,21.312397007377434,15.542434361467784,10.642554008687373,14.176507634443588
P38,NGEED,1,POST,T6,temporo-posterior,kanan,12.568,14.068,1.5,1.5,short_hold,video,0.0,True,False,False,16.842249485288054,9.280454110164928,5.9285811897996545,12.546917812833698
P38,NGEED,2,PRA,Fp1,frontopolar,kiri,13.872,15.872,2.0,2.0,ok,video,0.0,True,False,False,12.081886812078203,10.487116146439508,10.046867059631683,11.753770594641331
P38,NGEED,2,PRA,F3,frontal,kiri,13.872,15.872,2.0,2.0,ok,video,0.0,True,False,False,12.256303586248848,12.601250924665827,14.020545145369326,12.835600760277995
P38,NGEED,2,PRA,C3,sentral,kiri,13.872,15.872,2.0,2.0,ok,video,0.0,True,False,False,11.973500792621593,11.29888696984493,12.734464870139291,12.561531874028027
P38,NGEED,2,PRA,P3,parietal,kiri,13.872,15.872,2.0,2.0,ok,video,0.0,True,False,False,12.827457868946325,11.905558092772374,12.960430772953636,12.820130072393482
P38,NGEED,2,PRA,O1,oksipital,kiri,13.872,15.872,2.0,2.0,ok,video,0.09,True,False,False,11.391583122373738,10.58438018990358,11.402269806716099,10.961699081770867
P38,NGEED,2,PRA,F7,frontotemporal,kiri,13.872,15.872,2.0,2.0,ok,video,0.0,True,False,False,10.43218562354648,10.82960784450432,10.912466901595167,11.66387887845336
P38,NGEED,2,PRA,T3,temporal,kiri,13.872,15.872,2.0,2.0,ok,video,0.0,True,False,False,10.93017115671735,9.729981737109679,10.03432784387806,11.01222528336643
P38,NGEED,2,PRA,T5,temporo-posterior,kiri,13.872,15.872,2.0,2.0,ok,video,0.0,True,False,False,11.754798603419843,11.426592739986898,11.439566669050379,12.50656301047939
P38,NGEED,2,PRA,Fp2,frontopolar,kanan,13.872,15.872,2.0,2.0,ok,video,0.0,True,False,False,9.329119948530057,7.661147974061485,2.243492969640265,2.2544123746426656
P38,NGEED,2,PRA,F4,frontal,kanan,13.872,15.872,2.0,2.0,ok,video,0.0,True,False,False,15.253869261774806,14.854866468835244,12.315153093838727,13.285352130635182
P38,NGEED,2,PRA,C4,sentral,kanan,13.872,15.872,2.0,2.0,ok,video,0.0,True,False,False,4.903233964352644,5.0840441715770766,1.240462864644126,3.0218319567731875
P38,NGEED,2,PRA,P4,parietal,kanan,13.872,15.872,2.0,2.0,ok,video,0.0,True,False,False,12.607976737595283,9.669254240599567,6.631342363325196,9.008819821470176
P38,NGEED,2,PRA,O2,oksipital,kanan,13.872,15.872,2.0,2.0,ok,video,0.0,True,False,False,12.111964483839671,9.547068983678216,7.301677421081283,5.1920902857473905
P38,NGEED,2,PRA,F8,frontotemporal,kanan,13.872,15.872,2.0,2.0,ok,video,0.0,True,False,False,6.738142341275761,5.662306227709067,1.8827833097533784,4.1553521237784565
P38,NGEED,2,PRA,T4,temporal,kanan,13.872,15.872,2.0,2.0,ok,video,0.0,True,False,False,16.663890128705525,16.252033189833647,11.544963745564878,9.980837876605712
P38,NGEED,2,PRA,T6,temporo-posterior,kanan,13.872,15.872,2.0,2.0,ok,video,0.0,True,False,False,11.05249926783912,9.380169821477661,5.018719672994781,8.400209150373115
P38,NGEED,2,TURUN,Fp1,frontopolar,kiri,22.926,25.218,2.792,2.292,ok,video,0.0,True,False,False,11.255444485465723,13.223191914863282,11.544990564191632,8.933251142775532
P38,NGEED,2,TURUN,F3,frontal,kiri,22.926,25.218,2.792,2.292,ok,video,0.0,True,False,False,8.487443802644194,14.775975527887049,12.408002957198406,7.045980889979138
P38,NGEED,2,TURUN,C3,sentral,kiri,22.926,25.218,2.792,2.292,ok,video,0.0,True,False,False,7.980611757090877,13.27413630752978,10.324839074333312,6.2879235972007805
P38,NGEED,2,TURUN,P3,parietal,kiri,22.926,25.218,2.792,2.292,ok,video,0.0,True,False,False,7.374869579586829,12.749179420431794,8.81813478725163,5.1490823604916045
P38,NGEED,2,TURUN,O1,oksipital,kiri,22.926,25.218,2.792,2.292,ok,video,0.0,True,False,False,6.971356356204794,10.531701608816906,7.9714430578534845,5.533202744650687
P38,NGEED,2,TURUN,F7,frontotemporal,kiri,22.926,25.218,2.792,2.292,ok,video,0.0,True,False,False,9.341859555705916,13.752349152204136,11.136122600601439,8.06866011746046
P38,NGEED,2,TURUN,T3,temporal,kiri,22.926,25.218,2.792,2.292,ok,video,0.0,True,False,False,5.379684986571398,9.592697938582564,7.328297284185666,4.478949203737226
P38,NGEED,2,TURUN,T5,temporo-posterior,kiri,22.926,25.218,2.792,2.292,ok,video,0.0,True,False,False,8.58597005057296,13.204164654042902,9.732225782422134,7.267221285188597
P38,NGEED,2,TURUN,Fp2,frontopolar,kanan,22.926,25.218,2.792,2.292,ok,video,0.0,True,False,False,5.8808938887492275,1.9964197033725455,1.950491081471089,0.810979683371766
P38,NGEED,2,TURUN,F4,frontal,kanan,22.926,25.218,2.792,2.292,ok,video,0.245,True,True,False,5.468775025892434,6.110983782840837,8.285864294177639,8.608096863686825
P38,NGEED,2,TURUN,C4,sentral,kanan,22.926,25.218,2.792,2.292,ok,video,0.07,True,False,False,-0.19318486840847626,-0.5139080798230253,-0.019101427523143144,0.7964088607538784
P38,NGEED,2,TURUN,P4,parietal,kanan,22.926,25.218,2.792,2.292,ok,video,0.0,True,False,False,9.793954704718747,6.935873539325275,5.995442161019515,10.255282027484633
P38,NGEED,2,TURUN,O2,oksipital,kanan,22.926,25.218,2.792,2.292,ok,video,0.0,True,False,False,10.312666767286771,4.833449090685846,5.2687871827322965,6.303278048515352
P38,NGEED,2,TURUN,F8,frontotemporal,kanan,22.926,25.218,2.792,2.292,ok,video,0.0,True,False,False,0.7288108749343714,0.6283879892078197,1.9611159781251324,2.0211786225627435
P38,NGEED,2,TURUN,T4,temporal,kanan,22.926,25.218,2.792,2.292,ok,video,0.0,True,False,False,11.449781904519483,8.689419804737188,8.196873370926834,8.887573801605697
P38,NGEED,2,TURUN,T6,temporo-posterior,kanan,22.926,25.218,2.792,2.292,ok,video,0.0,True,False,False,8.940605951680308,6.082369221816979,4.663587085066538,9.845198464125858
P38,NGEED,2,TAHAN,Fp1,frontopolar,kiri,25.689,26.719,1.472,1.03,ok,video,0.0,True,False,False,3.0118065516381876,-0.5554751937807438,0.9175640214184462,1.2883674860417642
P38,NGEED,2,TAHAN,F3,frontal,kiri,25.689,26.719,1.472,1.03,ok,video,0.0,True,False,False,0.6206613928662534,3.9717682392409728,1.773548216390875,0.3079815341620886
P38,NGEED,2,TAHAN,C3,sentral,kiri,25.689,26.719,1.472,1.03,ok,video,0.0,True,False,False,0.6981148230565921,2.217843181493876,1.5377551222525128,-1.6051041647573463
P38,NGEED,2,TAHAN,P3,parietal,kiri,25.689,26.719,1.472,1.03,ok,video,0.0,True,False,False,-2.169524253388932,2.9399172310341797,-0.5721247625628543,-3.1983791265422177
P38,NGEED,2,TAHAN,O1,oksipital,kiri,25.689,26.719,1.472,1.03,ok,video,0.0,True,False,False,4.047179030551362,3.4413129335157002,6.903311996670233,2.896561437148634
P38,NGEED,2,TAHAN,F7,frontotemporal,kiri,25.689,26.719,1.472,1.03,ok,video,0.0,True,False,False,2.629242705006021,1.3920803752988071,2.7569111190061406,0.8177674030227422
P38,NGEED,2,TAHAN,T3,temporal,kiri,25.689,26.719,1.472,1.03,ok,video,0.0,True,False,False,6.034661280157913,1.9134404569863648,6.129685089715224,3.2517654269097385
P38,NGEED,2,TAHAN,T5,temporo-posterior,kiri,25.689,26.719,1.472,1.03,ok,video,0.0,True,False,False,0.23308394751293093,4.4017051321871214,0.6489976215082933,0.10290405431588567
P38,NGEED,2,TAHAN,Fp2,frontopolar,kanan,25.689,26.719,1.472,1.03,ok,video,0.0,True,False,False,1.9813338313918223,-1.9334155779836841,-0.3128568261234257,-3.214635004112832
P38,NGEED,2,TAHAN,F4,frontal,kanan,25.689,26.719,1.472,1.03,ok,video,1.0,False,False,False,,,,
P38,NGEED,2,TAHAN,C4,sentral,kanan,25.689,26.719,1.472,1.03,ok,video,1.0,False,False,False,,,,
P38,NGEED,2,TAHAN,P4,parietal,kanan,25.689,26.719,1.472,1.03,ok,video,0.0,True,False,False,11.639049570131451,5.887078496148785,4.245013758994926,11.315967881979127
P38,NGEED,2,TAHAN,O2,oksipital,kanan,25.689,26.719,1.472,1.03,ok,video,0.0,True,False,False,12.023531578353825,8.74371726776608,5.594903671592494,7.714314633534542
P38,NGEED,2,TAHAN,F8,frontotemporal,kanan,25.689,26.719,1.472,1.03,ok,video,1.0,False,False,False,,,,
P38,NGEED,2,TAHAN,T4,temporal,kanan,25.689,26.719,1.472,1.03,ok,video,0.0,True,False,False,14.472845460732849,15.062744583638604,8.767645058354589,10.617362204601129
P38,NGEED,2,TAHAN,T6,temporo-posterior,kanan,25.689,26.719,1.472,1.03,ok,video,0.0,True,False,False,0.18175935824837453,-2.493966352023005,-6.486456507498044,-1.8048787236516333
P38,NGEED,2,POST,Fp1,frontopolar,kiri,27.773,29.273,1.5,1.5,ok,video,0.0,True,False,False,15.48506573044569,15.90381372908261,10.106424374616676,11.688276322665558
P38,NGEED,2,POST,F3,frontal,kiri,27.773,29.273,1.5,1.5,ok,video,0.0,True,False,False,14.381471824350953,18.080792154414716,12.66518674313803,10.8127485965793
P38,NGEED,2,POST,C3,sentral,kiri,27.773,29.273,1.5,1.5,ok,video,0.0,True,False,False,15.291173432364609,17.875077735228977,11.38936023559829,11.454885447222765
P38,NGEED,2,POST,P3,parietal,kiri,27.773,29.273,1.5,1.5,ok,video,0.28,True,True,False,15.7008716406378,19.046389479776295,12.593186287302075,11.932456605830296
P38,NGEED,2,POST,O1,oksipital,kiri,27.773,29.273,1.5,1.5,ok,video,0.0,True,False,False,16.36144475349834,17.993170007712568,11.813622989092643,12.52921331745916
P38,NGEED,2,POST,F7,frontotemporal,kiri,27.773,29.273,1.5,1.5,ok,video,0.0,True,False,False,14.434862500101168,16.738396603974298,11.630755322550037,11.80817946936208
P38,NGEED,2,POST,T3,temporal,kiri,27.773,29.273,1.5,1.5,ok,video,0.0,True,False,False,16.877430718186943,18.220750802875084,11.922592884145189,13.284448971202064
P38,NGEED,2,POST,T5,temporo-posterior,kiri,27.773,29.273,1.5,1.5,ok,video,0.0,True,False,False,13.828263799612067,15.912697893687852,9.85284017579778,10.102762567837814
P38,NGEED,2,POST,Fp2,frontopolar,kanan,27.773,29.273,1.5,1.5,ok,video,0.0,True,False,False,12.608936312407785,6.098118145988806,4.7622699058024125,4.863848774751826
P38,NGEED,2,POST,F4,frontal,kanan,27.773,29.273,1.5,1.5,ok,video,0.0,True,False,False,11.903285086829388,10.259502850233595,4.521630280161926,10.976815305995693
P38,NGEED,2,POST,C4,sentral,kanan,27.773,29.273,1.5,1.5,ok,video,0.0,True,False,False,3.9511477815564504,5.563366018983793,2.5790287338715707,4.004271992170249
P38,NGEED,2,POST,P4,parietal,kanan,27.773,29.273,1.5,1.5,ok,video,0.0,True,False,False,7.103883834071031,6.3127040899090865,2.6849868226783045,6.336850478524134
P38,NGEED,2,POST,O2,oksipital,kanan,27.773,29.273,1.5,1.5,ok,video,0.28,True,True,False,8.097003926684025,5.14031728360704,3.862507668797157,2.2666431351353964
P38,NGEED,2,POST,F8,frontotemporal,kanan,27.773,29.273,1.5,1.5,ok,video,0.0,True,False,False,9.040645863947198,9.43233927687475,5.875736745665574,8.353626340326905
P38,NGEED,2,POST,T4,temporal,kanan,27.773,29.273,1.5,1.5,ok,video,0.0,True,False,False,13.710612697597917,9.380594672278068,5.262933207029722,8.916184165973505
P38,NGEED,2,POST,T6,temporo-posterior,kanan,27.773,29.273,1.5,1.5,ok,video,0.0,True,False,False,3.870869297739983,5.1526756737277815,2.0717737035953903,4.389037419482303
P38,AGEM KANAN,1,PRA,Fp1,frontopolar,kiri,29.203,31.203,2.0,2.0,incomplete,video,0.0,True,False,False,17.445108042535395,15.974815768304008,14.227307932288877,16.01940746608789
P38,AGEM KANAN,1,PRA,F3,frontal,kiri,29.203,31.203,2.0,2.0,incomplete,video,0.0,True,False,False,15.276359589557991,15.776293592427706,16.705746055600237,15.279987212218746
P38,AGEM KANAN,1,PRA,C3,sentral,kiri,29.203,31.203,2.0,2.0,incomplete,video,0.0,True,False,False,14.998515419529468,15.698307734469807,14.79607538649924,14.914453209774855
P38,AGEM KANAN,1,PRA,P3,parietal,kiri,29.203,31.203,2.0,2.0,incomplete,video,0.225,True,True,False,16.28539127728422,16.045901434801692,16.56273059867128,15.847044068423443
P38,AGEM KANAN,1,PRA,O1,oksipital,kiri,29.203,31.203,2.0,2.0,incomplete,video,0.0,True,False,False,12.258333712205307,10.573021610402538,11.73605606781966,11.994934061315774
P38,AGEM KANAN,1,PRA,F7,frontotemporal,kiri,29.203,31.203,2.0,2.0,incomplete,video,0.0,True,False,False,16.22540345517273,15.297270423160644,13.857617125793034,15.936354394858846
P38,AGEM KANAN,1,PRA,T3,temporal,kiri,29.203,31.203,2.0,2.0,incomplete,video,0.0,True,False,False,12.59082688468532,10.022573323803282,11.345712270368836,12.644920902994773
P38,AGEM KANAN,1,PRA,T5,temporo-posterior,kiri,29.203,31.203,2.0,2.0,incomplete,video,0.0,True,False,False,14.921073010432302,14.793883425564747,13.394974103186925,14.927564715484323
P38,AGEM KANAN,1,PRA,Fp2,frontopolar,kanan,29.203,31.203,2.0,2.0,incomplete,video,0.0,True,False,False,8.25094680412382,6.549725509178231,7.215485852663015,5.004957037822326
P38,AGEM KANAN,1,PRA,F4,frontal,kanan,29.203,31.203,2.0,2.0,incomplete,video,0.0,True,False,False,17.194270619685096,16.718196040772792,16.56937412677667,16.702109807192272
P38,AGEM KANAN,1,PRA,C4,sentral,kanan,29.203,31.203,2.0,2.0,incomplete,video,0.0,True,False,False,10.181636834110222,4.958922066390095,5.689805664908178,7.536121977840519
P38,AGEM KANAN,1,PRA,P4,parietal,kanan,29.203,31.203,2.0,2.0,incomplete,video,0.0,True,False,False,15.566588983921587,8.832958486116109,9.471514039929914,11.643140988614363
P38,AGEM KANAN,1,PRA,O2,oksipital,kanan,29.203,31.203,2.0,2.0,incomplete,video,0.325,True,True,False,6.043129819856798,7.52510131281316,7.503275112183978,2.039613436267935
P38,AGEM KANAN,1,PRA,F8,frontotemporal,kanan,29.203,31.203,2.0,2.0,incomplete,video,0.0,True,False,False,10.281034781566113,4.458950524270065,6.4706067598777,7.691939687457911
P38,AGEM KANAN,1,PRA,T4,temporal,kanan,29.203,31.203,2.0,2.0,incomplete,video,0.0,True,False,False,12.796765773349605,9.094636680268355,10.628901659743988,8.342061202912895
P38,AGEM KANAN,1,PRA,T6,temporo-posterior,kanan,29.203,31.203,2.0,2.0,incomplete,video,0.0,True,False,False,14.505293199477432,9.58399034803968,6.255565083517059,13.521657874347483
P38,AGEM KANAN,2,PRA,Fp1,frontopolar,kiri,45.201,47.201,2.0,2.0,ok,video,0.0,True,False,False,16.505597393079555,16.710596776774754,12.863084009215495,14.170698397880955
P38,AGEM KANAN,2,PRA,F3,frontal,kiri,45.201,47.201,2.0,2.0,ok,video,0.0,True,False,False,18.247904662906393,20.636026450552748,14.04179727146024,15.168807499766121
P38,AGEM KANAN,2,PRA,C3,sentral,kiri,45.201,47.201,2.0,2.0,ok,video,0.0,True,False,False,17.99724742565685,19.367739314396317,12.15050329963531,14.79035284181218
P38,AGEM KANAN,2,PRA,P3,parietal,kiri,45.201,47.201,2.0,2.0,ok,video,0.0,True,False,False,18.756292591603128,20.246451786016834,12.44985363018364,15.286098996078287
P38,AGEM KANAN,2,PRA,O1,oksipital,kiri,45.201,47.201,2.0,2.0,ok,video,0.0,True,False,False,17.6502116319761,17.25067963844337,10.391159861688237,14.11783286970224
P38,AGEM KANAN,2,PRA,F7,frontotemporal,kiri,45.201,47.201,2.0,2.0,ok,video,0.0,True,False,False,13.544885468021967,16.670443815810163,12.62849373378755,13.47401502204061
P38,AGEM KANAN,2,PRA,T3,temporal,kiri,45.201,47.201,2.0,2.0,ok,video,0.0,True,False,False,17.675591007613,16.698873143409227,9.069092288268635,13.724504581403519
P38,AGEM KANAN,2,PRA,T5,temporo-posterior,kiri,45.201,47.201,2.0,2.0,ok,video,0.0,True,False,False,17.627466345272346,18.71759833151822,11.451944770557375,14.572747444541939
P38,AGEM KANAN,2,PRA,Fp2,frontopolar,kanan,45.201,47.201,2.0,2.0,ok,video,0.0,True,False,False,13.679274457458185,9.631080263910683,5.9540206257098305,5.5833465872122225
P38,AGEM KANAN,2,PRA,F4,frontal,kanan,45.201,47.201,2.0,2.0,ok,video,0.0,True,False,False,7.377833786069598,8.00114493615046,9.046082938599437,7.628489610473672
P38,AGEM KANAN,2,PRA,C4,sentral,kanan,45.201,47.201,2.0,2.0,ok,video,0.0,True,False,False,1.447253700926666,0.14784382528613804,-2.0790247079673954,-0.8216649789561075
P38,AGEM KANAN,2,PRA,P4,parietal,kanan,45.201,47.201,2.0,2.0,ok,video,0.0,True,False,False,11.686531807836932,11.091326054846174,7.2289441035197655,9.066424283521279
P38,AGEM KANAN,2,PRA,O2,oksipital,kanan,45.201,47.201,2.0,2.0,ok,video,0.0,True,False,False,16.094999980466675,14.909361201420758,11.028296533298715,9.241056516255895
P38,AGEM KANAN,2,PRA,F8,frontotemporal,kanan,45.201,47.201,2.0,2.0,ok,video,0.0,True,False,False,4.943380805296307,2.8549857655269193,0.8894091727687794,2.2444975523959414
P38,AGEM KANAN,2,PRA,T4,temporal,kanan,45.201,47.201,2.0,2.0,ok,video,0.0,True,False,False,19.702837867359314,16.715867145330918,14.512387192633842,13.297574971229267
P38,AGEM KANAN,2,PRA,T6,temporo-posterior,kanan,45.201,47.201,2.0,2.0,ok,video,0.0,True,False,False,8.428580108081587,9.237631878088333,3.368791243002086,7.354536159242084
P38,AGEM KANAN,2,TURUN,Fp1,frontopolar,kiri,55.519,58.157,3.138,2.638,ok,video,0.0,True,False,False,11.564387695158992,10.235083208190023,7.515857436990281,8.84661997627061
P38,AGEM KANAN,2,TURUN,F3,frontal,kiri,55.519,58.157,3.138,2.638,ok,video,0.0,True,False,False,7.550168298733595,7.939751872985468,8.333354764524046,4.85820713222272
P38,AGEM KANAN,2,TURUN,C3,sentral,kiri,55.519,58.157,3.138,2.638,ok,video,0.0,True,False,False,8.063935208170108,8.681591313000801,7.563503722442277,5.257472446416962
P38,AGEM KANAN,2,TURUN,P3,parietal,kiri,55.519,58.157,3.138,2.638,ok,video,0.0,True,False,False,4.915263440694588,5.462890311927545,6.069440205522415,2.672425276280009
P38,AGEM KANAN,2,TURUN,O1,oksipital,kiri,55.519,58.157,3.138,2.638,ok,video,0.0,True,False,False,9.803128729732528,10.257319442255199,8.999470300244738,7.55264376715261
P38,AGEM KANAN,2,TURUN,F7,frontotemporal,kiri,55.519,58.157,3.138,2.638,ok,video,0.0,True,False,False,11.112602204576575,9.735673793818297,8.454559339502794,9.000101886336125
P38,AGEM KANAN,2,TURUN,T3,temporal,kiri,55.519,58.157,3.138,2.638,ok,video,0.0,True,False,False,10.36063521476946,11.117002547091968,9.503567916121796,8.142049434788401
P38,AGEM KANAN,2,TURUN,T5,temporo-posterior,kiri,55.519,58.157,3.138,2.638,ok,video,0.0,True,False,False,8.172499655289336,6.19065140767653,7.723082488564046,5.3068874042624685
P38,AGEM KANAN,2,TURUN,Fp2,frontopolar,kanan,55.519,58.157,3.138,2.638,ok,video,0.0,True,False,False,11.448580896706034,8.890378462761461,6.588943481156868,6.410326907510186
P38,AGEM KANAN,2,TURUN,F4,frontal,kanan,55.519,58.157,3.138,2.638,ok,video,0.871,False,False,False,,,,
P38,AGEM KANAN,2,TURUN,C4,sentral,kanan,55.519,58.157,3.138,2.638,ok,video,0.795,False,False,False,,,,
P38,AGEM KANAN,2,TURUN,P4,parietal,kanan,55.519,58.157,3.138,2.638,ok,video,0.0,True,False,False,3.4566940400504755,-1.6219152330869555,-0.730343877114759,0.8360157208312415
P38,AGEM KANAN,2,TURUN,O2,oksipital,kanan,55.519,58.157,3.138,2.638,ok,video,0.0,True,False,False,10.457198240240807,9.619854164137166,9.866050155699856,8.899842783940237
P38,AGEM KANAN,2,TURUN,F8,frontotemporal,kanan,55.519,58.157,3.138,2.638,ok,video,0.795,False,False,False,,,,
P38,AGEM KANAN,2,TURUN,T4,temporal,kanan,55.519,58.157,3.138,2.638,ok,video,0.0,True,False,False,17.313540485663054,10.139847117956908,8.668963798794458,12.566583653103727
P38,AGEM KANAN,2,TURUN,T6,temporo-posterior,kanan,55.519,58.157,3.138,2.638,ok,video,0.72,False,False,False,,,,
P38,AGEM KANAN,2,TAHAN,Fp1,frontopolar,kiri,58.647,59.765,1.598,1.119,ok,video,0.0,True,False,False,6.948286723941813,7.211630486870664,6.317277974544062,4.820890711945438
P38,AGEM KANAN,2,TAHAN,F3,frontal,kiri,58.647,59.765,1.598,1.119,ok,video,0.0,True,False,False,-1.371513551838433,7.192673182650047,5.366867378549983,-0.6390938922567599
P38,AGEM KANAN,2,TAHAN,C3,sentral,kiri,58.647,59.765,1.598,1.119,ok,video,0.0,True,False,False,2.1070920794225216,10.451940036466233,4.9521292985591145,2.3690761750224496
P38,AGEM KANAN,2,TAHAN,P3,parietal,kiri,58.647,59.765,1.598,1.119,ok,video,0.098,True,False,False,-3.176717178734034,1.6034205475880583,0.04305791840731388,-4.886286224019464
P38,AGEM KANAN,2,TAHAN,O1,oksipital,kiri,58.647,59.765,1.598,1.119,ok,video,0.0,True,False,False,7.299223474696014,11.16254509775386,8.373917118438172,5.349397520336744
P38,AGEM KANAN,2,TAHAN,F7,frontotemporal,kiri,58.647,59.765,1.598,1.119,ok,video,0.0,True,False,False,5.682330843343728,10.749966356629994,7.173504094402844,4.956069260496996
P38,AGEM KANAN,2,TAHAN,T3,temporal,kiri,58.647,59.765,1.598,1.119,ok,video,0.0,True,False,False,9.260613159542714,11.98576622973761,9.754295875533415,7.49310175874518
P38,AGEM KANAN,2,TAHAN,T5,temporo-posterior,kiri,58.647,59.765,1.598,1.119,ok,video,0.0,True,False,False,2.3518111056624704,9.139149219195712,3.4874687068951857,2.6293210664647475
P38,AGEM KANAN,2,TAHAN,Fp2,frontopolar,kanan,58.647,59.765,1.598,1.119,ok,video,0.0,True,False,False,9.842502257314166,3.721899643465523,3.6899570093192224,3.593134645072194
P38,AGEM KANAN,2,TAHAN,F4,frontal,kanan,58.647,59.765,1.598,1.119,ok,video,0.902,False,False,False,,,,
P38,AGEM KANAN,2,TAHAN,C4,sentral,kanan,58.647,59.765,1.598,1.119,ok,video,0.009,True,False,False,-4.380222771922,-8.00436834370258,-4.151472958947853,-4.933990555798829
P38,AGEM KANAN,2,TAHAN,P4,parietal,kanan,58.647,59.765,1.598,1.119,ok,video,0.0,True,False,False,1.7701043991162635,-2.751724745038704,-1.0531423924403036,-0.5716857896497629
P38,AGEM KANAN,2,TAHAN,O2,oksipital,kanan,58.647,59.765,1.598,1.119,ok,video,0.0,True,False,False,8.721122233512055,0.2945874505469277,0.6989766380320681,6.171463051160906
P38,AGEM KANAN,2,TAHAN,F8,frontotemporal,kanan,58.647,59.765,1.598,1.119,ok,video,0.0,True,False,False,3.2426848220686466,0.009832518374754073,-0.1265205487541543,1.871680906833685
P38,AGEM KANAN,2,TAHAN,T4,temporal,kanan,58.647,59.765,1.598,1.119,ok,video,0.0,True,False,False,1.7983189805395554,4.7945318388125955,3.663885474789634,0.2299245831469463
P38,AGEM KANAN,2,TAHAN,T6,temporo-posterior,kanan,58.647,59.765,1.598,1.119,ok,video,0.366,True,True,False,2.8849880644345696,-0.18403722510323206,-0.6054073914675158,1.5379845341472382
P38,AGEM KANAN,2,NAIK,Fp1,frontopolar,kiri,60.084,60.453,0.527,0.369,ok,video,0.0,True,False,False,0.990991977169223,3.2596786165731046,2.210826502290331,1.601127301239842
P38,AGEM KANAN,2,NAIK,F3,frontal,kiri,60.084,60.453,0.527,0.369,ok,video,1.0,False,False,False,,,,
P38,AGEM KANAN,2,NAIK,C3,sentral,kiri,60.084,60.453,0.527,0.369,ok,video,0.0,True,False,False,-6.702291901605555,-2.382145314326287,-7.7088926427934155,-9.520427178715526
P38,AGEM KANAN,2,NAIK,P3,parietal,kiri,60.084,60.453,0.527,0.369,ok,video,1.0,False,False,False,,,,
P38,AGEM KANAN,2,NAIK,O1,oksipital,kiri,60.084,60.453,0.527,0.369,ok,video,0.0,True,False,False,-6.304858449795137,2.224703401826371,0.1615414985831194,-3.6938366440275985
P38,AGEM KANAN,2,NAIK,F7,frontotemporal,kiri,60.084,60.453,0.527,0.369,ok,video,0.0,True,False,False,-0.03199003687633706,6.373863293695468,4.422368575366448,2.3355308020956898
P38,AGEM KANAN,2,NAIK,T3,temporal,kiri,60.084,60.453,0.527,0.369,ok,video,0.0,True,False,False,-1.2881401906158594,6.9818989859396545,5.113041326757674,1.4907906518535974
P38,AGEM KANAN,2,NAIK,T5,temporo-posterior,kiri,60.084,60.453,0.527,0.369,ok,video,0.0,True,False,False,-1.91362104572935,-0.4702646480016419,-2.9355539902939327,-5.09347354324278
P38,AGEM KANAN,2,NAIK,Fp2,frontopolar,kanan,60.084,60.453,0.527,0.369,ok,video,0.0,True,False,False,1.6915657850817638,-2.754790228332336,-0.885174211173382,-2.865868721829134
P38,AGEM KANAN,2,NAIK,F4,frontal,kanan,60.084,60.453,0.527,0.369,ok,video,0.0,True,False,False,-1.4996734140196821,1.5948900071433414,2.6305279623767994,1.1285193854280422
P38,AGEM KANAN,2,NAIK,C4,sentral,kanan,60.084,60.453,0.527,0.369,ok,video,0.0,True,False,False,3.360952453704691,-2.0531073549656718,2.60905190797153,2.1903148410684956
P38,AGEM KANAN,2,NAIK,P4,parietal,kanan,60.084,60.453,0.527,0.369,ok,video,0.0,True,False,False,1.172414952527351,-3.346510158552995,0.6329307209345529,-1.1149001410099117
P38,AGEM KANAN,2,NAIK,O2,oksipital,kanan,60.084,60.453,0.527,0.369,ok,video,0.0,True,False,False,3.87521284456702,-2.2310455951824295,-2.654252673208095,-2.4591453083137083
P38,AGEM KANAN,2,NAIK,F8,frontotemporal,kanan,60.084,60.453,0.527,0.369,ok,video,0.0,True,False,False,2.49675677918966,2.023540471443031,1.6895578140909855,1.4300374515172756
P38,AGEM KANAN,2,NAIK,T4,temporal,kanan,60.084,60.453,0.527,0.369,ok,video,0.0,True,False,False,8.050051355172002,7.625690009540342,5.200128641353508,1.737288266511193
P38,AGEM KANAN,2,NAIK,T6,temporo-posterior,kanan,60.084,60.453,0.527,0.369,ok,video,0.0,True,False,False,2.7281889131660755,-0.6447017236555013,-0.17874568736829843,0.06649784986702656
P38,AGEM KANAN,2,POST,Fp1,frontopolar,kiri,61.032,62.532,1.5,1.5,ok,video,0.0,True,False,False,14.433124514507867,16.07710282059438,12.356996604481228,13.294955900254216
P38,AGEM KANAN,2,POST,F3,frontal,kiri,61.032,62.532,1.5,1.5,ok,video,0.0,True,False,False,13.104040493873939,17.86281894686976,17.114946917288293,14.123217044682395
P38,AGEM KANAN,2,POST,C3,sentral,kiri,61.032,62.532,1.5,1.5,ok,video,0.0,True,False,False,12.203202270461858,16.688425651835836,15.57251097939934,13.484004195851547
P38,AGEM KANAN,2,POST,P3,parietal,kiri,61.032,62.532,1.5,1.5,ok,video,0.28,True,True,False,15.206525440302435,19.678595091548722,19.577953759754458,16.005862587589398
P38,AGEM KANAN,2,POST,O1,oksipital,kiri,61.032,62.532,1.5,1.5,ok,video,0.0,True,False,False,13.115716627496802,13.477953544866008,14.951218981007209,12.45336338936039
P38,AGEM KANAN,2,POST,F7,frontotemporal,kiri,61.032,62.532,1.5,1.5,ok,video,0.0,True,False,False,10.359167130780612,13.845883310012223,12.57173506959321,11.893188881304269
P38,AGEM KANAN,2,POST,T3,temporal,kiri,61.032,62.532,1.5,1.5,ok,video,0.0,True,False,False,13.078768797089808,12.874442207129345,13.888823611882977,12.746117495533777
P38,AGEM KANAN,2,POST,T5,temporo-posterior,kiri,61.032,62.532,1.5,1.5,ok,video,0.0,True,False,False,12.047016575726154,16.176093957590258,14.826611621636694,13.202087150902408
P38,AGEM KANAN,2,POST,Fp2,frontopolar,kanan,61.032,62.532,1.5,1.5,ok,video,0.0,True,False,False,14.414293727367486,10.53320872381613,8.22488238266751,7.161350396601424
P38,AGEM KANAN,2,POST,F4,frontal,kanan,61.032,62.532,1.5,1.5,ok,video,0.0,True,False,False,18.62855324049978,14.396280434951695,12.511743447531217,19.961524205419863
P38,AGEM KANAN,2,POST,C4,sentral,kanan,61.032,62.532,1.5,1.5,ok,video,0.0,True,False,False,11.09259739833238,6.0532678639770765,3.8763042047744563,7.873441744025779
P38,AGEM KANAN,2,POST,P4,parietal,kanan,61.032,62.532,1.5,1.5,ok,video,0.0,True,False,False,16.545488291220675,9.353615883067466,6.917366493876013,11.402907827799766
P38,AGEM KANAN,2,POST,O2,oksipital,kanan,61.032,62.532,1.5,1.5,ok,video,0.413,True,True,False,14.72800941756072,12.578696847343238,9.067974226612687,7.152402332829396
P38,AGEM KANAN,2,POST,F8,frontotemporal,kanan,61.032,62.532,1.5,1.5,ok,video,0.0,True,False,False,16.229262832467768,9.40409173175123,5.232094743398104,11.632512026238011
P38,AGEM KANAN,2,POST,T4,temporal,kanan,61.032,62.532,1.5,1.5,ok,video,0.0,True,False,False,17.205041277588265,14.205894818873297,12.241062439441453,10.972450216858917
P38,AGEM KANAN,2,POST,T6,temporo-posterior,kanan,61.032,62.532,1.5,1.5,ok,video,0.0,True,False,False,15.295057205292675,10.486953307030486,8.253268051026165,11.859047757345252
P38,AGEM KIRI,1,PRA,Fp1,frontopolar,kiri,61.268,63.268,2.0,2.0,short_hold,video,0.0,True,False,False,17.813122365115916,16.132943037112394,15.315471702583384,15.85422085744657
P38,AGEM KIRI,1,PRA,F3,frontal,kiri,61.268,63.268,2.0,2.0,short_hold,video,0.0,True,False,False,16.884446306997134,19.097060363957027,19.2353568966111,15.87899573019055
P38,AGEM KIRI,1,PRA,C3,sentral,kiri,61.268,63.268,2.0,2.0,short_hold,video,0.0,True,False,False,16.470506405378913,17.866386882755457,17.38894518214925,15.357120218947678
P38,AGEM KIRI,1,PRA,P3,parietal,kiri,61.268,63.268,2.0,2.0,short_hold,video,0.095,True,False,False,17.045045576530498,19.139821293276604,18.9023657841487,15.735126890387079
P38,AGEM KIRI,1,PRA,O1,oksipital,kiri,61.268,63.268,2.0,2.0,short_hold,video,0.0,True,False,False,14.274993861835839,13.776247662941191,15.06888856544132,12.754571098259326
P38,AGEM KIRI,1,PRA,F7,frontotemporal,kiri,61.268,63.268,2.0,2.0,short_hold,video,0.0,True,False,False,15.805639339924753,14.507087251105208,15.477910215929377,14.898470840845626
P38,AGEM KIRI,1,PRA,T3,temporal,kiri,61.268,63.268,2.0,2.0,short_hold,video,0.0,True,False,False,14.367460159192262,13.30931314460275,13.967742530344566,13.148543486988263
P38,AGEM KIRI,1,PRA,T5,temporo-posterior,kiri,61.268,63.268,2.0,2.0,short_hold,video,0.0,True,False,False,17.076940057853236,17.080729727114306,16.38268997835516,15.450121863382144
P38,AGEM KIRI,1,PRA,Fp2,frontopolar,kanan,61.268,63.268,2.0,2.0,short_hold,video,0.0,True,False,False,13.765481092465578,10.452275116675295,7.407191028831093,7.275320121557083
P38,AGEM KIRI,1,PRA,F4,frontal,kanan,61.268,63.268,2.0,2.0,short_hold,video,0.0,True,False,False,17.865139360115737,12.310529356152994,11.836471702845131,19.34296721266908
P38,AGEM KIRI,1,PRA,C4,sentral,kanan,61.268,63.268,2.0,2.0,short_hold,video,0.0,True,False,False,10.34375133145457,5.673477110839698,3.3237187647218462,7.400949002807149
P38,AGEM KIRI,1,PRA,P4,parietal,kanan,61.268,63.268,2.0,2.0,short_hold,video,0.0,True,False,False,15.576768007402993,8.793576357373848,6.329366919623482,10.578525544407718
P38,AGEM KIRI,1,PRA,O2,oksipital,kanan,61.268,63.268,2.0,2.0,short_hold,video,0.195,True,True,False,12.322717869442002,9.306783476966451,6.819021430907963,6.567911975883689
P38,AGEM KIRI,1,PRA,F8,frontotemporal,kanan,61.268,63.268,2.0,2.0,short_hold,video,0.0,True,False,False,15.42877189611525,8.545198098893039,5.045061414257965,10.942737865527171
P38,AGEM KIRI,1,PRA,T4,temporal,kanan,61.268,63.268,2.0,2.0,short_hold,video,0.0,True,False,False,18.050022445235683,13.840661523425716,12.110709768714187,11.730643394369551
P38,AGEM KIRI,1,PRA,T6,temporo-posterior,kanan,61.268,63.268,2.0,2.0,short_hold,video,0.0,True,False,False,14.49081266588301,9.830715846701413,7.861596997482792,11.355640076116977
P38,AGEM KIRI,1,TURUN,Fp1,frontopolar,kiri,71.733,72.675,1.346,0.942,short_hold,video,0.0,True,False,False,17.111856039580857,15.50278149134935,13.037978308409453,17.343051678513575
P38,AGEM KIRI,1,TURUN,F3,frontal,kiri,71.733,72.675,1.346,0.942,short_hold,video,0.0,True,False,False,10.276295657369168,10.65838136548279,11.16683396609966,7.515825990439101
P38,AGEM KIRI,1,TURUN,C3,sentral,kiri,71.733,72.675,1.346,0.942,short_hold,video,0.0,True,False,False,10.846009899570355,8.821179942238615,9.860230987837056,8.021616643764098
P38,AGEM KIRI,1,TURUN,P3,parietal,kiri,71.733,72.675,1.346,0.942,short_hold,video,0.0,True,False,False,9.722626141398763,7.197052560278216,8.254771118852645,7.352412037120722
P38,AGEM KIRI,1,TURUN,O1,oksipital,kiri,71.733,72.675,1.346,0.942,short_hold,video,0.0,True,False,False,7.627357111152513,3.295094764009445,5.083378825168687,4.973820862113335
P38,AGEM KIRI,1,TURUN,F7,frontotemporal,kiri,71.733,72.675,1.346,0.942,short_hold,video,0.0,True,False,False,16.115793156195757,15.97799363513452,13.292958314828994,18.358976676882904
P38,AGEM KIRI,1,TURUN,T3,temporal,kiri,71.733,72.675,1.346,0.942,short_hold,video,0.0,True,False,False,6.731327273790569,3.1739392148948404,5.240315763523178,4.001010866817541
P38,AGEM KIRI,1,TURUN,T5,temporo-posterior,kiri,71.733,72.675,1.346,0.942,short_hold,video,0.0,True,False,False,9.895990950549866,8.883576709272273,9.616687157179236,7.481563531824499
P38,AGEM KIRI,1,TURUN,Fp2,frontopolar,kanan,71.733,72.675,1.346,0.942,short_hold,video,0.0,True,False,False,11.459885732018236,6.458251290895376,6.318677716036245,4.113662727805345
P38,AGEM KIRI,1,TURUN,F4,frontal,kanan,71.733,72.675,1.346,0.942,short_hold,video,0.0,True,False,False,17.79097201314706,15.251171273819839,14.364419254610421,15.679081620810017
P38,AGEM KIRI,1,TURUN,C4,sentral,kanan,71.733,72.675,1.346,0.942,short_hold,video,0.0,True,False,False,10.366264858883063,7.7277480446080205,6.011166144086822,8.168441399391188
P38,AGEM KIRI,1,TURUN,P4,parietal,kanan,71.733,72.675,1.346,0.942,short_hold,video,0.0,True,False,False,15.822841342786337,10.17859455735054,10.558883433934128,12.518716268931826
P38,AGEM KIRI,1,TURUN,O2,oksipital,kanan,71.733,72.675,1.346,0.942,short_hold,video,0.0,True,False,False,13.444707243813042,10.426163291893324,11.488361360938509,9.549664837041021
P38,AGEM KIRI,1,TURUN,F8,frontotemporal,kanan,71.733,72.675,1.346,0.942,short_hold,video,0.0,True,False,False,14.9224759605206,9.424407956691844,6.68976260415447,11.301874714818808
P38,AGEM KIRI,1,TURUN,T4,temporal,kanan,71.733,72.675,1.346,0.942,short_hold,video,0.0,True,False,False,16.840645050562372,16.467304500376862,14.990333063848226,11.79728059762897
P38,AGEM KIRI,1,TURUN,T6,temporo-posterior,kanan,71.733,72.675,1.346,0.942,short_hold,video,0.0,True,False,False,19.536050018098532,11.105952603446685,9.584280230422692,15.076892735368403
P38,AGEM KIRI,1,NAIK,Fp1,frontopolar,kiri,73.391,78.487,5.596,5.096,short_hold,video,0.0,True,False,False,14.39171921815408,12.326835552110897,11.907911866080692,12.758302608897743
P38,AGEM KIRI,1,NAIK,F3,frontal,kiri,73.391,78.487,5.596,5.096,short_hold,video,0.393,False,False,False,,,,
P38,AGEM KIRI,1,NAIK,C3,sentral,kiri,73.391,78.487,5.596,5.096,short_hold,video,0.393,False,False,False,,,,
P38,AGEM KIRI,1,NAIK,P3,parietal,kiri,73.391,78.487,5.596,5.096,short_hold,video,0.432,False,False,False,,,,
P38,AGEM KIRI,1,NAIK,O1,oksipital,kiri,73.391,78.487,5.596,5.096,short_hold,video,0.314,True,True,False,4.879119866078277,1.7377749501905804,5.311448828314848,3.7541363747773175
P38,AGEM KIRI,1,NAIK,F7,frontotemporal,kiri,73.391,78.487,5.596,5.096,short_hold,video,0.0,True,False,False,13.973472195839655,13.429022184823932,13.6150840878013,13.259786785778665
P38,AGEM KIRI,1,NAIK,T3,temporal,kiri,73.391,78.487,5.596,5.096,short_hold,video,0.275,True,True,False,5.599800082570738,3.1758009639231837,5.467493703406966,5.365426620537885
P38,AGEM KIRI,1,NAIK,T5,temporo-posterior,kiri,73.391,78.487,5.596,5.096,short_hold,video,0.393,False,False,False,,,,
P38,AGEM KIRI,1,NAIK,Fp2,frontopolar,kanan,73.391,78.487,5.596,5.096,short_hold,video,0.511,False,False,False,,,,
P38,AGEM KIRI,1,NAIK,F4,frontal,kanan,73.391,78.487,5.596,5.096,short_hold,video,0.0,True,False,False,16.84096988419535,14.109656624921957,12.538204883058171,17.539406466647712
P38,AGEM KIRI,1,NAIK,C4,sentral,kanan,73.391,78.487,5.596,5.096,short_hold,video,0.0,True,False,False,6.935729242238381,4.197104086114038,3.1492680332290455,5.611036892228906
P38,AGEM KIRI,1,NAIK,P4,parietal,kanan,73.391,78.487,5.596,5.096,short_hold,video,0.354,False,False,False,,,,
P38,AGEM KIRI,1,NAIK,O2,oksipital,kanan,73.391,78.487,5.596,5.096,short_hold,video,0.472,False,False,False,,,,
P38,AGEM KIRI,1,NAIK,F8,frontotemporal,kanan,73.391,78.487,5.596,5.096,short_hold,video,0.0,True,False,False,7.986917042266313,5.294957105711482,4.387399271384815,7.2156525798746145
P38,AGEM KIRI,1,NAIK,T4,temporal,kanan,73.391,78.487,5.596,5.096,short_hold,video,0.432,False,False,False,,,,
P38,AGEM KIRI,1,NAIK,T6,temporo-posterior,kanan,73.391,78.487,5.596,5.096,short_hold,video,0.393,False,False,False,,,,
P38,AGEM KIRI,1,POST,Fp1,frontopolar,kiri,79.237,80.737,1.5,1.5,short_hold,video,0.0,True,False,False,6.646195840597848,4.03597807084882,2.2792303831647125,3.3767193649707323
P38,AGEM KIRI,1,POST,F3,frontal,kiri,79.237,80.737,1.5,1.5,short_hold,video,0.0,True,False,False,-1.5777241412585,0.004182626007867896,-1.8877307762594775,-3.5507114408209297
P38,AGEM KIRI,1,POST,C3,sentral,kiri,79.237,80.737,1.5,1.5,short_hold,video,0.533,False,False,False,,,,
P38,AGEM KIRI,1,POST,P3,parietal,kiri,79.237,80.737,1.5,1.5,short_hold,video,0.0,True,False,False,-4.0446313979664374,-1.5847551261998518,-3.4063957417578195,-5.999105297633903
P38,AGEM KIRI,1,POST,O1,oksipital,kiri,79.237,80.737,1.5,1.5,short_hold,video,0.987,False,False,False,,,,
P38,AGEM KIRI,1,POST,F7,frontotemporal,kiri,79.237,80.737,1.5,1.5,short_hold,video,0.0,True,False,False,3.2701717566987156,-0.9142057567720663,-0.8590251393275778,1.1072647538378462
P38,AGEM KIRI,1,POST,T3,temporal,kiri,79.237,80.737,1.5,1.5,short_hold,video,0.987,False,False,False,,,,
P38,AGEM KIRI,1,POST,T5,temporo-posterior,kiri,79.237,80.737,1.5,1.5,short_hold,video,0.0,True,False,False,2.262093223907769,2.2107808711301224,-0.4153456066179899,-1.189422909225346
P38,AGEM KIRI,1,POST,Fp2,frontopolar,kanan,79.237,80.737,1.5,1.5,short_hold,video,0.0,True,False,False,4.333573735819613,4.02721005569758,0.08266814255014054,-0.7689090355134098
P38,AGEM KIRI,1,POST,F4,frontal,kanan,79.237,80.737,1.5,1.5,short_hold,video,0.0,True,False,False,17.123057440558842,11.279707660298651,12.642538976772048,16.15025233154642
P38,AGEM KIRI,1,POST,C4,sentral,kanan,79.237,80.737,1.5,1.5,short_hold,video,0.267,True,True,False,7.7672509688550235,0.02739382689816594,-1.1047718519902396,4.1390036249078115
P38,AGEM KIRI,1,POST,P4,parietal,kanan,79.237,80.737,1.5,1.5,short_hold,video,0.0,True,False,False,11.443769957415807,5.319535467004204,4.633622238053533,8.161305867043467
P38,AGEM KIRI,1,POST,O2,oksipital,kanan,79.237,80.737,1.5,1.5,short_hold,video,0.0,True,False,False,2.746382006698294,3.579676231473428,1.4792472880199377,3.4861260072617632
P38,AGEM KIRI,1,POST,F8,frontotemporal,kanan,79.237,80.737,1.5,1.5,short_hold,video,0.587,False,False,False,,,,
P38,AGEM KIRI,1,POST,T4,temporal,kanan,79.237,80.737,1.5,1.5,short_hold,video,0.533,False,False,False,,,,
P38,AGEM KIRI,1,POST,T6,temporo-posterior,kanan,79.237,80.737,1.5,1.5,short_hold,video,0.0,True,False,False,11.366892994786081,4.834034607509565,3.650848066257918,10.440225165016052
P38,AGEM KIRI,2,PRA,Fp1,frontopolar,kiri,84.875,86.875,2.0,2.0,ok,video,0.0,True,False,False,17.507302390653287,16.313561184087927,14.470165278376552,13.992550040377019
P38,AGEM KIRI,2,PRA,F3,frontal,kiri,84.875,86.875,2.0,2.0,ok,video,0.0,True,False,False,15.982147088605437,18.291931159121887,15.632958556851563,12.985896443065112
P38,AGEM KIRI,2,PRA,C3,sentral,kiri,84.875,86.875,2.0,2.0,ok,video,0.0,True,False,False,16.255358569403867,17.27994325054746,14.900993070368955,13.413157445961524
P38,AGEM KIRI,2,PRA,P3,parietal,kiri,84.875,86.875,2.0,2.0,ok,video,0.0,True,False,False,15.348749621035793,16.50410053871257,13.810809055021402,12.070912330171254
P38,AGEM KIRI,2,PRA,O1,oksipital,kiri,84.875,86.875,2.0,2.0,ok,video,0.0,True,False,False,14.141823504784433,14.28965036530644,12.609772478999815,11.35291412187508
P38,AGEM KIRI,2,PRA,F7,frontotemporal,kiri,84.875,86.875,2.0,2.0,ok,video,0.0,True,False,False,17.297510771795082,17.2876332642392,15.652297288579867,15.009691365377776
P38,AGEM KIRI,2,PRA,T3,temporal,kiri,84.875,86.875,2.0,2.0,ok,video,0.0,True,False,False,14.201401688265143,14.220173062532762,12.89138966083982,11.75259888632053
P38,AGEM KIRI,2,PRA,T5,temporo-posterior,kiri,84.875,86.875,2.0,2.0,ok,video,0.0,True,False,False,15.345886840901848,15.515671630647805,13.298470762082374,12.293537063807577
P38,AGEM KIRI,2,PRA,Fp2,frontopolar,kanan,84.875,86.875,2.0,2.0,ok,video,0.0,True,False,False,12.49896217563954,7.658334681742687,2.465849977801227,5.827658306680991
P38,AGEM KIRI,2,PRA,F4,frontal,kanan,84.875,86.875,2.0,2.0,ok,video,0.0,True,False,False,23.034247859976492,21.654005671238114,20.839914534327153,21.501660972672305
P38,AGEM KIRI,2,PRA,C4,sentral,kanan,84.875,86.875,2.0,2.0,ok,video,0.0,True,False,False,13.293722963869179,8.457002654567681,8.273064137240986,10.279830192780299
P38,AGEM KIRI,2,PRA,P4,parietal,kanan,84.875,86.875,2.0,2.0,ok,video,0.0,True,False,False,10.212132820867541,5.7558168826780225,6.881730563815111,7.071167732542158
P38,AGEM KIRI,2,PRA,O2,oksipital,kanan,84.875,86.875,2.0,2.0,ok,video,0.01,True,False,False,11.969631160969527,6.149258807951298,6.91312809719464,4.419966405639009
P38,AGEM KIRI,2,PRA,F8,frontotemporal,kanan,84.875,86.875,2.0,2.0,ok,video,0.0,True,False,False,13.260069357589593,9.305533818290563,8.078229761722309,10.317086999593535
P38,AGEM KIRI,2,PRA,T4,temporal,kanan,84.875,86.875,2.0,2.0,ok,video,0.0,True,False,False,18.05157221195617,15.422284121311534,14.900280985583148,12.510504882664662
P38,AGEM KIRI,2,PRA,T6,temporo-posterior,kanan,84.875,86.875,2.0,2.0,ok,video,0.0,True,False,False,14.777289635391657,12.117631154730578,9.999442311960522,12.044617273069605
P38,AGEM KIRI,2,TURUN,Fp1,frontopolar,kiri,87.025,87.725,1.0,0.7,ok,video,0.0,True,False,False,17.055624634714725,15.159944297060651,12.005936087799984,16.223786303239734
P38,AGEM KIRI,2,TURUN,F3,frontal,kiri,87.025,87.725,1.0,0.7,ok,video,0.0,True,False,False,5.981188942802888,7.892749820828669,6.324483918185628,2.657857939430553
P38,AGEM KIRI,2,TURUN,C3,sentral,kiri,87.025,87.725,1.0,0.7,ok,video,0.0,True,False,False,6.767592478395542,6.9836694399374935,6.3441115347195804,3.084135248852391
P38,AGEM KIRI,2,TURUN,P3,parietal,kiri,87.025,87.725,1.0,0.7,ok,video,0.1,True,False,False,1.4959428385746776,6.358762501240783,4.146565007798987,-0.5758412395482964
P38,AGEM KIRI,2,TURUN,O1,oksipital,kiri,87.025,87.725,1.0,0.7,ok,video,0.0,True,False,False,5.945733179121753,5.006578294215988,5.296081368600962,2.058002408281766
P38,AGEM KIRI,2,TURUN,F7,frontotemporal,kiri,87.025,87.725,1.0,0.7,ok,video,0.0,True,False,False,17.16744827853646,16.38425487888426,13.792017488023973,17.09370927153727
P38,AGEM KIRI,2,TURUN,T3,temporal,kiri,87.025,87.725,1.0,0.7,ok,video,0.0,True,False,False,6.664313013233993,4.817302323974584,5.283685535960977,3.233838425535165
P38,AGEM KIRI,2,TURUN,T5,temporo-posterior,kiri,87.025,87.725,1.0,0.7,ok,video,0.0,True,False,False,2.336728357501322,5.943210254432163,3.3613771965110537,0.24688983781589968
P38,AGEM KIRI,2,TURUN,Fp2,frontopolar,kanan,87.025,87.725,1.0,0.7,ok,video,0.0,True,False,False,-6.006596688881967,-5.952719430824292,-7.434030503876784,-10.404264188357033
P38,AGEM KIRI,2,TURUN,F4,frontal,kanan,87.025,87.725,1.0,0.7,ok,video,0.0,True,False,False,17.281534071936864,13.111723947287519,12.893961236369169,18.397463406713698
P38,AGEM KIRI,2,TURUN,C4,sentral,kanan,87.025,87.725,1.0,0.7,ok,video,0.0,True,False,False,11.54799758636868,3.3514195316386832,5.782454031404697,9.581229371672809
P38,AGEM KIRI,2,TURUN,P4,parietal,kanan,87.025,87.725,1.0,0.7,ok,video,0.957,False,False,False,,,,
P38,AGEM KIRI,2,TURUN,O2,oksipital,kanan,87.025,87.725,1.0,0.7,ok,video,1.0,False,False,False,,,,
P38,AGEM KIRI,2,TURUN,F8,frontotemporal,kanan,87.025,87.725,1.0,0.7,ok,video,0.0,True,False,False,12.476258983124659,6.069499471739064,6.3524275132684345,10.987110500765333
P38,AGEM KIRI,2,TURUN,T4,temporal,kanan,87.025,87.725,1.0,0.7,ok,video,0.1,True,False,False,0.6394326479057639,3.4399082883871905,0.8260022426409677,-2.770175596088052
P38,AGEM KIRI,2,TURUN,T6,temporo-posterior,kanan,87.025,87.725,1.0,0.7,ok,video,0.386,False,False,False,,,,
P38,AGEM KIRI,2,TAHAN,Fp1,frontopolar,kiri,88.125,90.68,3.055,2.555,ok,video,0.0,True,False,False,8.20963974251152,7.7713524560003755,6.1428658720762,7.42303579345559
P38,AGEM KIRI,2,TAHAN,F3,frontal,kiri,88.125,90.68,3.055,2.555,ok,video,1.0,False,False,False,,,,
P38,AGEM KIRI,2,TAHAN,C3,sentral,kiri,88.125,90.68,3.055,2.555,ok,video,0.871,False,False,False,,,,
P38,AGEM KIRI,2,TAHAN,P3,parietal,kiri,88.125,90.68,3.055,2.555,ok,video,1.0,False,False,False,,,,
P38,AGEM KIRI,2,TAHAN,O1,oksipital,kiri,88.125,90.68,3.055,2.555,ok,video,0.871,False,False,False,,,,
P38,AGEM KIRI,2,TAHAN,F7,frontotemporal,kiri,88.125,90.68,3.055,2.555,ok,video,0.0,True,False,False,7.737824897431942,9.07149468216382,7.265356175598335,8.184256164561624
P38,AGEM KIRI,2,TAHAN,T3,temporal,kiri,88.125,90.68,3.055,2.555,ok,video,0.715,False,False,False,,,,
P38,AGEM KIRI,2,TAHAN,T5,temporo-posterior,kiri,88.125,90.68,3.055,2.555,ok,video,1.0,False,False,False,,,,
P38,AGEM KIRI,2,TAHAN,Fp2,frontopolar,kanan,88.125,90.68,3.055,2.555,ok,video,1.0,False,False,False,,,,
P38,AGEM KIRI,2,TAHAN,F4,frontal,kanan,88.125,90.68,3.055,2.555,ok,video,0.156,True,True,False,0.5987640372656493,-1.63982877927997,-3.302676389871264,2.466262101298547
P38,AGEM KIRI,2,TAHAN,C4,sentral,kanan,88.125,90.68,3.055,2.555,ok,video,0.0,True,False,False,2.3140429267941514,0.5245722517666564,-1.1315986603678034,1.7802950446606438
P38,AGEM KIRI,2,TAHAN,P4,parietal,kanan,88.125,90.68,3.055,2.555,ok,video,0.754,False,False,False,,,,
P38,AGEM KIRI,2,TAHAN,O2,oksipital,kanan,88.125,90.68,3.055,2.555,ok,video,1.0,False,False,False,,,,
P38,AGEM KIRI,2,TAHAN,F8,frontotemporal,kanan,88.125,90.68,3.055,2.555,ok,video,0.0,True,False,False,3.375128858703654,1.2109748854697244,-0.8418684890477977,3.1310026003620273
P38,AGEM KIRI,2,TAHAN,T4,temporal,kanan,88.125,90.68,3.055,2.555,ok,video,1.0,False,False,False,,,,
P38,AGEM KIRI,2,TAHAN,T6,temporo-posterior,kanan,88.125,90.68,3.055,2.555,ok,video,0.441,False,False,False,,,,
P38,AGEM KIRI,2,NAIK,Fp1,frontopolar,kiri,91.072,91.732,0.944,0.661,ok,video,0.576,False,False,False,,,,
P38,AGEM KIRI,2,NAIK,F3,frontal,kiri,91.072,91.732,0.944,0.661,ok,video,1.0,False,False,False,,,,
P38,AGEM KIRI,2,NAIK,C3,sentral,kiri,91.072,91.732,0.944,0.661,ok,video,1.0,False,False,False,,,,
P38,AGEM KIRI,2,NAIK,P3,parietal,kiri,91.072,91.732,0.944,0.661,ok,video,1.0,False,False,False,,,,
P38,AGEM KIRI,2,NAIK,O1,oksipital,kiri,91.072,91.732,0.944,0.661,ok,video,1.0,False,False,False,,,,
P38,AGEM KIRI,2,NAIK,F7,frontotemporal,kiri,91.072,91.732,0.944,0.661,ok,video,0.0,True,False,False,9.70077307475519,6.6150298121438915,3.7434391691140867,5.926968121725302
P38,AGEM KIRI,2,NAIK,T3,temporal,kiri,91.072,91.732,0.944,0.661,ok,video,1.0,False,False,False,,,,
P38,AGEM KIRI,2,NAIK,T5,temporo-posterior,kiri,91.072,91.732,0.944,0.661,ok,video,1.0,False,False,False,,,,
P38,AGEM KIRI,2,NAIK,Fp2,frontopolar,kanan,91.072,91.732,0.944,0.661,ok,video,1.0,False,False,False,,,,
P38,AGEM KIRI,2,NAIK,F4,frontal,kanan,91.072,91.732,0.944,0.661,ok,video,0.0,True,False,False,10.72823781174365,10.153268806620765,8.99664797159124,11.292420727330253
P38,AGEM KIRI,2,NAIK,C4,sentral,kanan,91.072,91.732,0.944,0.661,ok,video,0.0,True,False,False,2.6681345489527715,-2.383681132403222,-1.875400527878142,1.4404639283257659
P38,AGEM KIRI,2,NAIK,P4,parietal,kanan,91.072,91.732,0.944,0.661,ok,video,0.0,True,False,False,8.732418388665888,1.4856504384360463,0.8323301010675372,6.903214889036299
P38,AGEM KIRI,2,NAIK,O2,oksipital,kanan,91.072,91.732,0.944,0.661,ok,video,1.0,False,False,False,,,,
P38,AGEM KIRI,2,NAIK,F8,frontotemporal,kanan,91.072,91.732,0.944,0.661,ok,video,0.0,True,False,False,4.081496698614664,-3.0724341851803736,-4.523993801000273,2.175651028990494
P38,AGEM KIRI,2,NAIK,T4,temporal,kanan,91.072,91.732,0.944,0.661,ok,video,1.0,False,False,False,,,,
P38,AGEM KIRI,2,NAIK,T6,temporo-posterior,kanan,91.072,91.732,0.944,0.661,ok,video,0.0,True,False,False,11.617313993507938,5.20975117429251,1.4130160828154388,9.606234930129688
P38,AGEM KIRI,2,POST,Fp1,frontopolar,kiri,92.374,93.874,1.5,1.5,ok,video,0.0,True,False,False,17.606957173831717,15.313091590182243,16.0785614056154,15.468867257237605
P38,AGEM KIRI,2,POST,F3,frontal,kiri,92.374,93.874,1.5,1.5,ok,video,0.053,True,False,False,17.51568949103096,14.456708938885711,17.01945568436129,14.463568727261336
P38,AGEM KIRI,2,POST,C3,sentral,kiri,92.374,93.874,1.5,1.5,ok,video,0.053,True,False,False,16.5472092959899,13.665240974105771,16.093330225724557,13.54195754066486
P38,AGEM KIRI,2,POST,P3,parietal,kiri,92.374,93.874,1.5,1.5,ok,video,0.053,True,False,False,17.341263180926035,14.116064518163967,16.296064273944964,13.800315473880218
P38,AGEM KIRI,2,POST,O1,oksipital,kiri,92.374,93.874,1.5,1.5,ok,video,0.053,True,False,False,14.391776755570312,12.911044826687107,11.792529526542282,10.464219206305962
P38,AGEM KIRI,2,POST,F7,frontotemporal,kiri,92.374,93.874,1.5,1.5,ok,video,0.0,True,False,False,15.849421986986755,14.432210264701023,15.76898475707442,14.650726761957216
P38,AGEM KIRI,2,POST,T3,temporal,kiri,92.374,93.874,1.5,1.5,ok,video,0.187,True,True,False,15.217850369211675,13.683498846351451,14.18354131633268,11.965371227530827
P38,AGEM KIRI,2,POST,T5,temporo-posterior,kiri,92.374,93.874,1.5,1.5,ok,video,0.0,True,False,False,16.89358628726584,14.828041189187761,15.999075683759216,14.825109575396262
P38,AGEM KIRI,2,POST,Fp2,frontopolar,kanan,92.374,93.874,1.5,1.5,ok,video,0.453,True,True,False,0.7731566931256708,-0.24263034176489384,-3.08411650262855,-5.230036842362107
P38,AGEM KIRI,2,POST,F4,frontal,kanan,92.374,93.874,1.5,1.5,ok,video,0.0,True,False,False,19.43717937940843,20.073043353915242,17.206410570912563,18.73536324282344
P38,AGEM KIRI,2,POST,C4,sentral,kanan,92.374,93.874,1.5,1.5,ok,video,0.0,True,False,False,-4.023996791419034,-3.904854638419799,-7.96906721083446,-5.557016400546662
P38,AGEM KIRI,2,POST,P4,parietal,kanan,92.374,93.874,1.5,1.5,ok,video,0.0,True,False,False,11.942757165791814,9.143761686964421,8.171873006928621,9.304489279147191
P38,AGEM KIRI,2,POST,O2,oksipital,kanan,92.374,93.874,1.5,1.5,ok,video,0.053,True,False,False,8.499435756048548,9.344394886504254,8.329068736508312,3.086648467024773
P38,AGEM KIRI,2,POST,F8,frontotemporal,kanan,92.374,93.874,1.5,1.5,ok,video,0.533,False,False,False,,,,
P38,AGEM KIRI,2,POST,T4,temporal,kanan,92.374,93.874,1.5,1.5,ok,video,0.6,False,False,False,,,,
P38,AGEM KIRI,2,POST,T6,temporo-posterior,kanan,92.374,93.874,1.5,1.5,ok,video,0.0,True,False,False,10.865754657450072,11.802537038987989,9.019342511574543,12.314956171961654
P38,NGEED,3,PRA,Fp1,frontopolar,kiri,270.369,272.369,2.0,2.0,incomplete,video,0.845,False,False,False,,,,
P38,NGEED,3,PRA,F3,frontal,kiri,270.369,272.369,2.0,2.0,incomplete,video,0.645,False,False,False,,,,
P38,NGEED,3,PRA,C3,sentral,kiri,270.369,272.369,2.0,2.0,incomplete,video,1.0,False,False,False,,,,
P38,NGEED,3,PRA,P3,parietal,kiri,270.369,272.369,2.0,2.0,incomplete,video,0.845,False,False,False,,,,
P38,NGEED,3,PRA,O1,oksipital,kiri,270.369,272.369,2.0,2.0,incomplete,video,1.0,False,False,False,,,,
P38,NGEED,3,PRA,F7,frontotemporal,kiri,270.369,272.369,2.0,2.0,incomplete,video,0.655,False,False,False,,,,
P38,NGEED,3,PRA,T3,temporal,kiri,270.369,272.369,2.0,2.0,incomplete,video,1.0,False,False,False,,,,
P38,NGEED,3,PRA,T5,temporo-posterior,kiri,270.369,272.369,2.0,2.0,incomplete,video,0.445,True,True,False,-8.256168941828257,-11.073967725905469,-5.620192225959229,-7.730064392461848
P38,NGEED,3,PRA,Fp2,frontopolar,kanan,270.369,272.369,2.0,2.0,incomplete,video,0.945,False,False,False,,,,
P38,NGEED,3,PRA,F4,frontal,kanan,270.369,272.369,2.0,2.0,incomplete,video,0.0,True,False,False,-1.1873330559221316,1.2989699561617485,0.5535617510122037,-0.8645468920381951
P38,NGEED,3,PRA,C4,sentral,kanan,270.369,272.369,2.0,2.0,incomplete,video,0.0,True,False,False,-2.791385293373942,-3.128054716077088,-4.878426865289406,-2.370258192610141
P38,NGEED,3,PRA,P4,parietal,kanan,270.369,272.369,2.0,2.0,incomplete,video,0.0,True,False,False,-0.14171685896127428,-0.40868790830688795,0.3381953184518949,0.9027030808959928
P38,NGEED,3,PRA,O2,oksipital,kanan,270.369,272.369,2.0,2.0,incomplete,video,0.545,False,False,False,,,,
P38,NGEED,3,PRA,F8,frontotemporal,kanan,270.369,272.369,2.0,2.0,incomplete,video,0.755,False,False,False,,,,
P38,NGEED,3,PRA,T4,temporal,kanan,270.369,272.369,2.0,2.0,incomplete,video,0.945,False,False,False,,,,
P38,NGEED,3,PRA,T6,temporo-posterior,kanan,270.369,272.369,2.0,2.0,incomplete,video,0.0,True,False,False,-0.13199636778637114,1.3742808761089016,-0.3418773716636956,0.9834632952298463
P38,NGEED,4,PRA,Fp1,frontopolar,kiri,295.503,297.503,2.0,2.0,short_hold,video,0.0,True,False,False,18.133903128277204,16.217802639991586,10.205397020484302,13.80488839861004
P38,NGEED,4,PRA,F3,frontal,kiri,295.503,297.503,2.0,2.0,short_hold,video,0.0,True,False,False,19.586288759955224,18.49165575990302,16.620198989732728,16.708425261302107
P38,NGEED,4,PRA,C3,sentral,kiri,295.503,297.503,2.0,2.0,short_hold,video,0.0,True,False,False,19.32628673180428,17.139973237091837,14.75890035687511,16.40688444038055
P38,NGEED,4,PRA,P3,parietal,kiri,295.503,297.503,2.0,2.0,short_hold,video,0.0,True,False,False,19.75544679015907,18.089038226172022,15.399954942443458,16.651267664467703
P38,NGEED,4,PRA,O1,oksipital,kiri,295.503,297.503,2.0,2.0,short_hold,video,0.0,True,False,False,19.533510136782624,16.797341823793563,14.27524747837419,16.32915584804939
P38,NGEED,4,PRA,F7,frontotemporal,kiri,295.503,297.503,2.0,2.0,short_hold,video,0.0,True,False,False,17.51993018699229,16.57642169960069,11.88088635585914,15.001457428816359
P38,NGEED,4,PRA,T3,temporal,kiri,295.503,297.503,2.0,2.0,short_hold,video,0.0,True,False,False,19.010906479554997,15.658911035520045,13.750171138494181,16.212984610375653
P38,NGEED,4,PRA,T5,temporo-posterior,kiri,295.503,297.503,2.0,2.0,short_hold,video,0.0,True,False,False,18.844173883515538,15.993627820896794,13.727465968301729,15.799785040163876
P38,NGEED,4,PRA,Fp2,frontopolar,kanan,295.503,297.503,2.0,2.0,short_hold,video,0.0,True,False,False,15.508578971248774,10.832020059409757,5.1692072786583765,10.24172814569496
P38,NGEED,4,PRA,F4,frontal,kanan,295.503,297.503,2.0,2.0,short_hold,video,0.275,True,True,False,20.179143774889287,19.321384374259434,17.047317970904135,20.265844014137137
P38,NGEED,4,PRA,C4,sentral,kanan,295.503,297.503,2.0,2.0,short_hold,video,0.475,True,True,False,12.516689239189532,11.128467189817115,7.77849167787236,10.951789881939998
P38,NGEED,4,PRA,P4,parietal,kanan,295.503,297.503,2.0,2.0,short_hold,video,0.0,True,False,False,16.647369537756905,10.045550702902222,8.056433179266214,15.18263756858017
P38,NGEED,4,PRA,O2,oksipital,kanan,295.503,297.503,2.0,2.0,short_hold,video,0.0,True,False,False,19.46427834835987,15.881409797198131,14.114395931511563,15.777563218611164
P38,NGEED,4,PRA,F8,frontotemporal,kanan,295.503,297.503,2.0,2.0,short_hold,video,0.475,True,True,False,17.53694212218621,12.34912602698239,6.138620489192537,14.11445439632724
P38,NGEED,4,PRA,T4,temporal,kanan,295.503,297.503,2.0,2.0,short_hold,video,0.0,True,False,False,20.455615900547578,19.58523409748949,17.3459535256669,17.739692708598625
P38,NGEED,4,PRA,T6,temporo-posterior,kanan,295.503,297.503,2.0,2.0,short_hold,video,0.275,True,True,False,18.42760848748154,15.158547989589753,12.11121305123347,16.938519320163167
P38,NGEED,4,TURUN,Fp1,frontopolar,kiri,297.653,298.353,1.0,0.7,short_hold,video,0.0,True,False,False,9.66333620871935,4.800553149138896,6.28816000122351,5.455801409315235
P38,NGEED,4,TURUN,F3,frontal,kiri,297.653,298.353,1.0,0.7,short_hold,video,0.0,True,False,False,6.979885096245141,12.039354399061622,9.101726230919382,6.293980846332321
P38,NGEED,4,TURUN,C3,sentral,kiri,297.653,298.353,1.0,0.7,short_hold,video,0.0,True,False,False,7.908609530084604,10.634398938430273,7.356269462426624,7.302745322894076
P38,NGEED,4,TURUN,P3,parietal,kiri,297.653,298.353,1.0,0.7,short_hold,video,0.0,True,False,False,7.849001375481571,9.171797222355863,7.331055934673586,7.924973799443649
P38,NGEED,4,TURUN,O1,oksipital,kiri,297.653,298.353,1.0,0.7,short_hold,video,0.0,True,False,False,11.440769822456538,10.36309286197152,6.946534688232568,7.451059387496898
P38,NGEED,4,TURUN,F7,frontotemporal,kiri,297.653,298.353,1.0,0.7,short_hold,video,0.0,True,False,False,9.276911764295114,7.493546863611872,6.772155891838629,6.480799646555482
P38,NGEED,4,TURUN,T3,temporal,kiri,297.653,298.353,1.0,0.7,short_hold,video,0.0,True,False,False,9.231489762858544,10.737117500233236,6.603253345562187,7.023249512193342
P38,NGEED,4,TURUN,T5,temporo-posterior,kiri,297.653,298.353,1.0,0.7,short_hold,video,0.0,True,False,False,7.893968435146569,9.119355767867635,7.299499249473271,7.517114562668894
P38,NGEED,4,TURUN,Fp2,frontopolar,kanan,297.653,298.353,1.0,0.7,short_hold,video,0.0,True,False,False,-1.8636073397308728,-4.282023960972346,-3.7558603997796354,-5.373325962403239
P38,NGEED,4,TURUN,F4,frontal,kanan,297.653,298.353,1.0,0.7,short_hold,video,0.143,True,True,False,2.8357056148282105,8.61848870493844,13.741334054172707,8.86551690852992
P38,NGEED,4,TURUN,C4,sentral,kanan,297.653,298.353,1.0,0.7,short_hold,video,0.429,False,False,False,,,,
P38,NGEED,4,TURUN,P4,parietal,kanan,297.653,298.353,1.0,0.7,short_hold,video,0.0,True,False,False,11.23557688488928,5.583618529642134,3.0648940512626908,13.529777858027572
P38,NGEED,4,TURUN,O2,oksipital,kanan,297.653,298.353,1.0,0.7,short_hold,video,0.0,True,False,False,16.197668560538666,11.995072955904469,15.007065491836915,12.151780099853852
P38,NGEED,4,TURUN,F8,frontotemporal,kanan,297.653,298.353,1.0,0.7,short_hold,video,0.429,False,False,False,,,,
P38,NGEED,4,TURUN,T4,temporal,kanan,297.653,298.353,1.0,0.7,short_hold,video,0.0,True,False,False,17.616947182358935,12.209947699775377,11.625411436132921,14.253533091590413
P38,NGEED,4,TURUN,T6,temporo-posterior,kanan,297.653,298.353,1.0,0.7,short_hold,video,0.0,True,False,False,8.037376163020863,3.641318458182379,1.331220222193359,9.585168344012963
P38,NGEED,4,TAHAN,Fp1,frontopolar,kiri,298.582,298.952,0.528,0.37,short_hold,video,0.0,True,False,False,11.71091543920965,12.76837847246615,5.767469140687432,8.84633414705872
P38,NGEED,4,TAHAN,F3,frontal,kiri,298.582,298.952,0.528,0.37,short_hold,video,0.0,True,False,False,8.624833657751218,15.433634096330657,9.65523733787822,7.224302771768702
P38,NGEED,4,TAHAN,C3,sentral,kiri,298.582,298.952,0.528,0.37,short_hold,video,0.0,True,False,False,7.415228249242475,14.43996719260398,8.552572841334431,6.577510084413113
P38,NGEED,4,TAHAN,P3,parietal,kiri,298.582,298.952,0.528,0.37,short_hold,video,0.0,True,False,False,9.59116735507105,14.124321937610574,8.786746198750677,7.869976917068115
P38,NGEED,4,TAHAN,O1,oksipital,kiri,298.582,298.952,0.528,0.37,short_hold,video,0.0,True,False,False,11.146401296012279,14.33139984372404,7.989106604490765,8.360103549474204
P38,NGEED,4,TAHAN,F7,frontotemporal,kiri,298.582,298.952,0.528,0.37,short_hold,video,0.0,True,False,False,11.520912002484025,14.506804021952835,7.702438248728889,9.642063387748905
P38,NGEED,4,TAHAN,T3,temporal,kiri,298.582,298.952,0.528,0.37,short_hold,video,0.0,True,False,False,11.22848929722332,11.96505651973759,7.073963685507543,8.069481608396611
P38,NGEED,4,TAHAN,T5,temporo-posterior,kiri,298.582,298.952,0.528,0.37,short_hold,video,0.0,True,False,False,9.01387890383446,13.343530714046754,8.325991594405323,7.014288921176394
P38,NGEED,4,TAHAN,Fp2,frontopolar,kanan,298.582,298.952,0.528,0.37,short_hold,video,1.0,False,False,False,,,,
P38,NGEED,4,TAHAN,F4,frontal,kanan,298.582,298.952,0.528,0.37,short_hold,video,1.0,False,False,False,,,,
P38,NGEED,4,TAHAN,C4,sentral,kanan,298.582,298.952,0.528,0.37,short_hold,video,1.0,False,False,False,,,,
P38,NGEED,4,TAHAN,P4,parietal,kanan,298.582,298.952,0.528,0.37,short_hold,video,0.0,True,False,False,13.497368031353115,2.2682970010048535,-6.4057317825314115,8.290203177114272
P38,NGEED,4,TAHAN,O2,oksipital,kanan,298.582,298.952,0.528,0.37,short_hold,video,0.0,True,False,False,14.71587391251316,10.111605087151268,5.1926673534220456,7.410153335559222
P38,NGEED,4,TAHAN,F8,frontotemporal,kanan,298.582,298.952,0.528,0.37,short_hold,video,1.0,False,False,False,,,,
P38,NGEED,4,TAHAN,T4,temporal,kanan,298.582,298.952,0.528,0.37,short_hold,video,0.0,True,False,False,25.04938438216096,15.394701373883997,9.155763950447973,17.751094875901472
P38,NGEED,4,TAHAN,T6,temporo-posterior,kanan,298.582,298.952,0.528,0.37,short_hold,video,0.0,True,False,False,-1.4832729655374415,-2.7038191387699655,-3.36241668852324,-1.5379376096440112
P38,NGEED,4,NAIK,Fp1,frontopolar,kiri,299.281,301.711,2.93,2.43,short_hold,video,0.412,False,False,False,,,,
P38,NGEED,4,NAIK,F3,frontal,kiri,299.281,301.711,2.93,2.43,short_hold,video,0.0,True,False,False,3.5978138515914324,5.718583680160165,1.9025030912313845,1.5438572766866905
P38,NGEED,4,NAIK,C3,sentral,kiri,299.281,301.711,2.93,2.43,short_hold,video,0.0,True,False,False,1.1344027465510393,6.573462670980206,1.4149382304655447,0.5368677778086095
P38,NGEED,4,NAIK,P3,parietal,kiri,299.281,301.711,2.93,2.43,short_hold,video,0.0,True,False,False,1.8589068681147793,6.743887429642946,1.930351389276744,1.3022801291035577
P38,NGEED,4,NAIK,O1,oksipital,kiri,299.281,301.711,2.93,2.43,short_hold,video,0.0,True,False,False,4.980021468954419,7.509120097106045,2.785738432712236,3.5451892196014825
P38,NGEED,4,NAIK,F7,frontotemporal,kiri,299.281,301.711,2.93,2.43,short_hold,video,0.0,True,False,False,2.5364202562868883,5.153775242524819,-0.5202187061636288,3.423026867535363
P38,NGEED,4,NAIK,T3,temporal,kiri,299.281,301.711,2.93,2.43,short_hold,video,0.0,True,False,False,5.362280712138393,6.233567027288235,0.9104938535533407,3.524588364947025
P38,NGEED,4,NAIK,T5,temporo-posterior,kiri,299.281,301.711,2.93,2.43,short_hold,video,0.0,True,False,False,2.7747930564934364,6.305727828437174,0.7242262780488424,3.259324593920404
P38,NGEED,4,NAIK,Fp2,frontopolar,kanan,299.281,301.711,2.93,2.43,short_hold,video,0.728,False,False,False,,,,
P38,NGEED,4,NAIK,F4,frontal,kanan,299.281,301.711,2.93,2.43,short_hold,video,1.0,False,False,False,,,,
P38,NGEED,4,NAIK,C4,sentral,kanan,299.281,301.711,2.93,2.43,short_hold,video,1.0,False,False,False,,,,
P38,NGEED,4,NAIK,P4,parietal,kanan,299.281,301.711,2.93,2.43,short_hold,video,0.0,True,False,False,2.9922347811700867,-1.6924964657521642,-1.9545512492824102,3.9135205701522686
P38,NGEED,4,NAIK,O2,oksipital,kanan,299.281,301.711,2.93,2.43,short_hold,video,0.0,True,False,False,10.510807659415697,11.988691246873834,9.446708818749222,6.155807038009925
P38,NGEED,4,NAIK,F8,frontotemporal,kanan,299.281,301.711,2.93,2.43,short_hold,video,1.0,False,False,False,,,,
P38,NGEED,4,NAIK,T4,temporal,kanan,299.281,301.711,2.93,2.43,short_hold,video,0.0,True,False,False,7.856280562275494,6.543188498608181,3.57139435644336,4.100149045388449
P38,NGEED,4,NAIK,T6,temporo-posterior,kanan,299.281,301.711,2.93,2.43,short_hold,video,0.765,False,False,False,,,,
P38,NGEED,4,POST,Fp1,frontopolar,kiri,302.461,303.961,1.5,1.5,short_hold,video,0.0,True,False,False,14.570476855574292,13.152791069089172,11.281496551172278,14.217947037402254
P38,NGEED,4,POST,F3,frontal,kiri,302.461,303.961,1.5,1.5,short_hold,video,0.0,True,False,False,13.761753865467035,15.522496539892678,17.803405251266568,17.107751691799724
P38,NGEED,4,POST,C3,sentral,kiri,302.461,303.961,1.5,1.5,short_hold,video,0.0,True,False,False,13.370773762076837,14.683305731954732,16.424819304585213,16.72421926623027
P38,NGEED,4,POST,P3,parietal,kiri,302.461,303.961,1.5,1.5,short_hold,video,0.0,True,False,False,14.90262437045763,16.176915635853234,17.22250542102475,17.316182569409932
P38,NGEED,4,POST,O1,oksipital,kiri,302.461,303.961,1.5,1.5,short_hold,video,0.0,True,False,False,14.412540948480036,14.160836473999264,15.395515940880586,17.020364088547588
P38,NGEED,4,POST,F7,frontotemporal,kiri,302.461,303.961,1.5,1.5,short_hold,video,0.0,True,False,False,12.610507082303222,12.255847186109907,11.928638172192628,15.308768180321543
P38,NGEED,4,POST,T3,temporal,kiri,302.461,303.961,1.5,1.5,short_hold,video,0.0,True,False,False,14.727318345478587,14.04963748893778,14.103086634576528,17.30146876945526
P38,NGEED,4,POST,T5,temporo-posterior,kiri,302.461,303.961,1.5,1.5,short_hold,video,0.0,True,False,False,13.220938531988253,13.982375729532034,15.193758842329999,16.32823380957491
P38,NGEED,4,POST,Fp2,frontopolar,kanan,302.461,303.961,1.5,1.5,short_hold,video,0.0,True,False,False,15.25177945266558,10.365548268969235,13.41483453126662,10.036743632364097
P38,NGEED,4,POST,F4,frontal,kanan,302.461,303.961,1.5,1.5,short_hold,video,0.267,False,False,False,,,,
P38,NGEED,4,POST,C4,sentral,kanan,302.461,303.961,1.5,1.5,short_hold,video,0.4,False,False,False,,,,
P38,NGEED,4,POST,P4,parietal,kanan,302.461,303.961,1.5,1.5,short_hold,video,0.0,True,False,False,15.628114940260563,9.657053129177957,11.087487000509867,12.7456132323778
P38,NGEED,4,POST,O2,oksipital,kanan,302.461,303.961,1.5,1.5,short_hold,video,0.0,True,False,False,19.892234915551384,15.431942367346906,14.696337775425494,12.45742617552009
P38,NGEED,4,POST,F8,frontotemporal,kanan,302.461,303.961,1.5,1.5,short_hold,video,0.0,True,False,False,11.594226068890038,5.318566180159493,8.584879722452587,8.943187508369206
P38,NGEED,4,POST,T4,temporal,kanan,302.461,303.961,1.5,1.5,short_hold,video,0.0,True,False,False,22.596622724677317,18.559021317910663,19.412277503470385,16.145014679337294
P38,NGEED,4,POST,T6,temporo-posterior,kanan,302.461,303.961,1.5,1.5,short_hold,video,0.0,True,False,False,11.31937293596511,9.877868561806896,9.933248833176837,10.30032977659019
P38,AGEM KANAN,3,PRA,Fp1,frontopolar,kiri,312.362,314.362,2.0,2.0,late,video,0.0,True,False,False,16.54718722219006,13.500194341853305,14.902119983799945,14.9039347067879
P38,AGEM KANAN,3,PRA,F3,frontal,kiri,312.362,314.362,2.0,2.0,late,video,0.0,True,False,False,14.676497689994235,17.342721868842894,18.14962272309282,13.580483503541867
P38,AGEM KANAN,3,PRA,C3,sentral,kiri,312.362,314.362,2.0,2.0,late,video,0.0,True,False,False,14.655667699333762,16.65422350969942,16.786547804531182,13.516273106051507
P38,AGEM KANAN,3,PRA,P3,parietal,kiri,312.362,314.362,2.0,2.0,late,video,0.0,True,False,False,14.67714620935294,16.46869361824826,17.149946844453574,13.244279903284749
P38,AGEM KANAN,3,PRA,O1,oksipital,kiri,312.362,314.362,2.0,2.0,late,video,0.0,True,False,False,16.418360932719217,15.692641218355018,16.315781266747692,14.531609660601667
P38,AGEM KANAN,3,PRA,F7,frontotemporal,kiri,312.362,314.362,2.0,2.0,late,video,0.0,True,False,False,14.01986750498913,15.410285266780566,15.455831904642992,13.51050535095382
P38,AGEM KANAN,3,PRA,T3,temporal,kiri,312.362,314.362,2.0,2.0,late,video,0.0,True,False,False,16.097195087213883,15.676575923049636,15.831743444460301,14.628006738126192
P38,AGEM KANAN,3,PRA,T5,temporo-posterior,kiri,312.362,314.362,2.0,2.0,late,video,0.0,True,False,False,13.88915880237797,15.095458027254377,15.56231649734137,12.604948707128017
P38,AGEM KANAN,3,PRA,Fp2,frontopolar,kanan,312.362,314.362,2.0,2.0,late,video,0.0,True,False,False,18.316545298943346,10.903324376424564,11.156675678053418,13.115322294589713
P38,AGEM KANAN,3,PRA,F4,frontal,kanan,312.362,314.362,2.0,2.0,late,video,0.3,True,True,False,16.26424372626271,19.210446214512256,19.77706819220977,20.351721572600916
P38,AGEM KANAN,3,PRA,C4,sentral,kanan,312.362,314.362,2.0,2.0,late,video,0.3,True,True,False,8.337160368059571,9.19434264430108,6.74479064485859,10.442773768467955
P38,AGEM KANAN,3,PRA,P4,parietal,kanan,312.362,314.362,2.0,2.0,late,video,0.0,True,False,False,13.355034213420407,11.1938718147446,9.573533661242088,12.670057629730117
P38,AGEM KANAN,3,PRA,O2,oksipital,kanan,312.362,314.362,2.0,2.0,late,video,0.0,True,False,False,17.906554648187004,15.143687930520748,14.877960449085958,14.838765818760024
P38,AGEM KANAN,3,PRA,F8,frontotemporal,kanan,312.362,314.362,2.0,2.0,late,video,0.145,True,True,False,11.430606404189469,10.747702474276949,6.160938195894847,12.593272674954072
P38,AGEM KANAN,3,PRA,T4,temporal,kanan,312.362,314.362,2.0,2.0,late,video,0.0,True,False,False,20.028671592518656,20.210703060551012,19.081860989496157,17.626847921443392
P38,AGEM KANAN,3,PRA,T6,temporo-posterior,kanan,312.362,314.362,2.0,2.0,late,video,0.2,True,True,False,12.405176375705576,13.062058480669553,10.567422381831527,13.097646071260229
P38,AGEM KANAN,3,TURUN,Fp1,frontopolar,kiri,314.512,315.211,0.999,0.699,late,video,0.0,True,False,False,21.05375985449748,19.290976156144236,15.168726724625625,16.78327163888941
P38,AGEM KANAN,3,TURUN,F3,frontal,kiri,314.512,315.211,0.999,0.699,late,video,0.0,True,False,False,22.656001615655804,22.78092362576934,19.602137204385443,18.770811109848577
P38,AGEM KANAN,3,TURUN,C3,sentral,kiri,314.512,315.211,0.999,0.699,late,video,0.0,True,False,False,22.33947043854036,22.028106185504015,18.53014398701709,18.52005500185424
P38,AGEM KANAN,3,TURUN,P3,parietal,kiri,314.512,315.211,0.999,0.699,late,video,0.0,True,False,False,23.133548005605206,22.70343905858264,18.84631251605176,19.01761115785358
P38,AGEM KANAN,3,TURUN,O1,oksipital,kiri,314.512,315.211,0.999,0.699,late,video,0.0,True,False,False,23.866582112283645,21.65603430485081,18.324505917308535,19.80750927299846
P38,AGEM KANAN,3,TURUN,F7,frontotemporal,kiri,314.512,315.211,0.999,0.699,late,video,0.0,True,False,False,21.92773057487856,20.880215131866027,17.717818299096137,18.26343181952715
P38,AGEM KANAN,3,TURUN,T3,temporal,kiri,314.512,315.211,0.999,0.699,late,video,0.0,True,False,False,23.878378755690548,21.21891662520994,18.666460608224,19.737649593109236
P38,AGEM KANAN,3,TURUN,T5,temporo-posterior,kiri,314.512,315.211,0.999,0.699,late,video,0.0,True,False,False,22.47979438609252,20.690239568628368,17.419000638521318,18.495394884675342
P38,AGEM KANAN,3,TURUN,Fp2,frontopolar,kanan,314.512,315.211,0.999,0.699,late,video,0.0,True,False,False,2.8931686271493433,5.600383864360317,-0.14036807633112147,1.1985166243017744
P38,AGEM KANAN,3,TURUN,F4,frontal,kanan,314.512,315.211,0.999,0.699,late,video,1.0,False,False,False,,,,
P38,AGEM KANAN,3,TURUN,C4,sentral,kanan,314.512,315.211,0.999,0.699,late,video,1.0,False,False,False,,,,
P38,AGEM KANAN,3,TURUN,P4,parietal,kanan,314.512,315.211,0.999,0.699,late,video,0.0,True,False,False,-1.4977880059585935,-2.8771077991089875,-3.910646259439165,-3.5728967586249
P38,AGEM KANAN,3,TURUN,O2,oksipital,kanan,314.512,315.211,0.999,0.699,late,video,0.0,True,False,False,13.940661355245268,9.932796445172471,7.240738652848805,10.582438495538348
P38,AGEM KANAN,3,TURUN,F8,frontotemporal,kanan,314.512,315.211,0.999,0.699,late,video,0.0,True,False,False,-16.41086595564124,-9.116698346285816,-10.44423167372937,-11.600562194044063
P38,AGEM KANAN,3,TURUN,T4,temporal,kanan,314.512,315.211,0.999,0.699,late,video,0.0,True,False,False,9.046156817391662,14.347644289003924,8.242403482902361,5.695723621865724
P38,AGEM KANAN,3,TURUN,T6,temporo-posterior,kanan,314.512,315.211,0.999,0.699,late,video,1.0,False,False,False,,,,
P38,AGEM KANAN,3,TAHAN,Fp1,frontopolar,kiri,315.611,317.854,2.743,2.243,late,video,0.0,True,False,False,7.864253486156713,4.6325665349645,3.219142723942962,4.261558719829864
P38,AGEM KANAN,3,TAHAN,F3,frontal,kiri,315.611,317.854,2.743,2.243,late,video,0.0,True,False,False,4.747062739300802,6.829395023953268,5.057551802687204,3.4921873792528366
P38,AGEM KANAN,3,TAHAN,C3,sentral,kiri,315.611,317.854,2.743,2.243,late,video,0.0,True,False,False,6.083594215454362,7.436726915904181,5.4303199501875135,4.044584662697098
P38,AGEM KANAN,3,TAHAN,P3,parietal,kiri,315.611,317.854,2.743,2.243,late,video,0.0,True,False,False,4.752541798172118,6.01797162145548,3.99200476947782,2.46898393322725
P38,AGEM KANAN,3,TAHAN,O1,oksipital,kiri,315.611,317.854,2.743,2.243,late,video,0.0,True,False,False,9.285536589624193,7.7415109973857845,7.93441625623479,6.7670600430514085
P38,AGEM KANAN,3,TAHAN,F7,frontotemporal,kiri,315.611,317.854,2.743,2.243,late,video,0.0,True,False,False,8.352188005479896,7.559792181146467,6.631509311381066,6.118659620353213
P38,AGEM KANAN,3,TAHAN,T3,temporal,kiri,315.611,317.854,2.743,2.243,late,video,0.0,True,False,False,9.532878027149792,8.462418412390267,8.68564016070529,7.349995051861537
P38,AGEM KANAN,3,TAHAN,T5,temporo-posterior,kiri,315.611,317.854,2.743,2.243,late,video,0.0,True,False,False,6.375447771968155,7.475525140723054,5.182428214809811,5.454459424824705
P38,AGEM KANAN,3,TAHAN,Fp2,frontopolar,kanan,315.611,317.854,2.743,2.243,late,video,0.0,True,False,False,3.3196485433775216,1.9968571802545938,-1.354054091400812,-2.3350309576856425
P38,AGEM KANAN,3,TAHAN,F4,frontal,kanan,315.611,317.854,2.743,2.243,late,video,1.0,False,False,False,,,,
P38,AGEM KANAN,3,TAHAN,C4,sentral,kanan,315.611,317.854,2.743,2.243,late,video,1.0,False,False,False,,,,
P38,AGEM KANAN,3,TAHAN,P4,parietal,kanan,315.611,317.854,2.743,2.243,late,video,0.0,True,False,False,-1.971321385445325,-5.475351236018096,-5.405211531631835,-4.13283328834919
P38,AGEM KANAN,3,TAHAN,O2,oksipital,kanan,315.611,317.854,2.743,2.243,late,video,0.0,True,False,False,8.522679174443404,4.888912767048232,3.5112537670585553,7.983406278684718
P38,AGEM KANAN,3,TAHAN,F8,frontotemporal,kanan,315.611,317.854,2.743,2.243,late,video,0.982,False,False,False,,,,
P38,AGEM KANAN,3,TAHAN,T4,temporal,kanan,315.611,317.854,2.743,2.243,late,video,0.0,True,False,False,8.019477347402677,4.9101512179810385,4.15077622370152,4.390349375465139
P38,AGEM KANAN,3,TAHAN,T6,temporo-posterior,kanan,315.611,317.854,2.743,2.243,late,video,1.0,False,False,False,,,,
P38,AGEM KANAN,3,NAIK,Fp1,frontopolar,kiri,318.233,318.836,0.861,0.603,late,video,0.0,True,False,False,7.312161651609429,7.0158686515118625,2.261934031462662,5.295006310360705
P38,AGEM KANAN,3,NAIK,F3,frontal,kiri,318.233,318.836,0.861,0.603,late,video,0.0,True,False,False,1.0069435563147096,4.0611964306501385,1.5774564879572992,-0.6259144743464873
P38,AGEM KANAN,3,NAIK,C3,sentral,kiri,318.233,318.836,0.861,0.603,late,video,0.0,True,False,False,1.5688968511051797,0.4626615577522486,1.6667075302710757,-0.34188780330881485
P38,AGEM KANAN,3,NAIK,P3,parietal,kiri,318.233,318.836,0.861,0.603,late,video,0.0,True,False,False,-1.0899409657749644,2.3062855031237532,2.0786711004836675,-1.6530730179584516
P38,AGEM KANAN,3,NAIK,O1,oksipital,kiri,318.233,318.836,0.861,0.603,late,video,0.0,True,False,False,3.861968822153699,1.7797092291177243,3.202072855436331,1.0767806478457658
P38,AGEM KANAN,3,NAIK,F7,frontotemporal,kiri,318.233,318.836,0.861,0.603,late,video,0.0,True,False,False,8.666938045546566,7.745472657496432,3.639698178267526,7.4249498153495495
P38,AGEM KANAN,3,NAIK,T3,temporal,kiri,318.233,318.836,0.861,0.603,late,video,0.0,True,False,False,6.9748113826779985,2.4157104937997396,2.3759165520433427,3.7843808617717762
P38,AGEM KANAN,3,NAIK,T5,temporo-posterior,kiri,318.233,318.836,0.861,0.603,late,video,0.0,True,False,False,3.2717226315827332,3.5593944911022,3.3368685327109198,1.532228671821386
P38,AGEM KANAN,3,NAIK,Fp2,frontopolar,kanan,318.233,318.836,0.861,0.603,late,video,0.0,True,False,False,2.694291161510243,1.050617705097114,0.06221875207884864,-3.165704426199749
P38,AGEM KANAN,3,NAIK,F4,frontal,kanan,318.233,318.836,0.861,0.603,late,video,0.7,False,False,False,,,,
P38,AGEM KANAN,3,NAIK,C4,sentral,kanan,318.233,318.836,0.861,0.603,late,video,0.7,False,False,False,,,,
P38,AGEM KANAN,3,NAIK,P4,parietal,kanan,318.233,318.836,0.861,0.603,late,video,0.0,True,False,False,4.386081522988913,-2.8894237667879636,-6.075885429833079,0.19061370941222933
P38,AGEM KANAN,3,NAIK,O2,oksipital,kanan,318.233,318.836,0.861,0.603,late,video,0.0,True,False,False,13.821704591312383,5.256992962810756,1.7214613114529307,8.837011372969087
P38,AGEM KANAN,3,NAIK,F8,frontotemporal,kanan,318.233,318.836,0.861,0.603,late,video,0.367,False,False,False,,,,
P38,AGEM KANAN,3,NAIK,T4,temporal,kanan,318.233,318.836,0.861,0.603,late,video,0.0,True,False,False,8.488831091627397,3.6093739103918416,5.5287753599057226,3.9048414057400365
P38,AGEM KANAN,3,NAIK,T6,temporo-posterior,kanan,318.233,318.836,0.861,0.603,late,video,0.7,False,False,False,,,,
P38,AGEM KANAN,3,POST,Fp1,frontopolar,kiri,319.465,320.965,1.5,1.5,late,video,0.0,True,False,False,20.06271656496387,14.282051690375535,13.083844881665474,15.580856068215631
P38,AGEM KANAN,3,POST,F3,frontal,kiri,319.465,320.965,1.5,1.5,late,video,0.0,True,False,False,22.096822319665335,19.080846207271755,16.928213609364413,17.8786087585892
P38,AGEM KANAN,3,POST,C3,sentral,kiri,319.465,320.965,1.5,1.5,late,video,0.0,True,False,False,21.895739278209483,18.33936854527561,15.595474549862857,17.50735231483378
P38,AGEM KANAN,3,POST,P3,parietal,kiri,319.465,320.965,1.5,1.5,late,video,0.0,True,False,False,22.68375330870068,18.97809859129201,16.45175088755839,18.06733597392781
P38,AGEM KANAN,3,POST,O1,oksipital,kiri,319.465,320.965,1.5,1.5,late,video,0.0,True,False,False,22.098686548836092,16.581389678944927,15.551977191953142,17.277412666884352
P38,AGEM KANAN,3,POST,F7,frontotemporal,kiri,319.465,320.965,1.5,1.5,late,video,0.0,True,False,False,19.172209872147363,15.69978872028084,14.198632853357651,15.803639568105176
P38,AGEM KANAN,3,POST,T3,temporal,kiri,319.465,320.965,1.5,1.5,late,video,0.0,True,False,False,21.42183435271125,15.999935370976214,15.006058563718469,16.84337856862445
P38,AGEM KANAN,3,POST,T5,temporo-posterior,kiri,319.465,320.965,1.5,1.5,late,video,0.0,True,False,False,21.564073549225675,16.65209339050457,14.87817203170546,17.347889845532258
P38,AGEM KANAN,3,POST,Fp2,frontopolar,kanan,319.465,320.965,1.5,1.5,late,video,0.0,True,False,False,10.772085612246272,4.5567265078260135,3.933583721930521,4.156860253197362
P38,AGEM KANAN,3,POST,F4,frontal,kanan,319.465,320.965,1.5,1.5,late,video,0.0,True,False,False,12.132666668219318,4.512244835424447,5.857945936166466,10.387674570866757
P38,AGEM KANAN,3,POST,C4,sentral,kanan,319.465,320.965,1.5,1.5,late,video,0.473,True,True,False,4.817917999817823,-1.8947312432460066,-4.679875018994455,1.7364816573137212
P38,AGEM KANAN,3,POST,P4,parietal,kanan,319.465,320.965,1.5,1.5,late,video,0.0,True,False,False,9.744430214907855,5.68531425162303,5.676745050328279,10.131023033086073
P38,AGEM KANAN,3,POST,O2,oksipital,kanan,319.465,320.965,1.5,1.5,late,video,0.0,True,False,False,15.053215174163995,10.770934195197334,11.346607862786545,9.112679182001791
P38,AGEM KANAN,3,POST,F8,frontotemporal,kanan,319.465,320.965,1.5,1.5,late,video,0.0,True,False,False,-6.243689964096767,-4.481050642026382,-7.683733789294095,-5.021648322183552
P38,AGEM KANAN,3,POST,T4,temporal,kanan,319.465,320.965,1.5,1.5,late,video,0.0,True,False,False,18.220504010493578,12.011262715943673,14.457234957370588,13.225687630278507
P38,AGEM KANAN,3,POST,T6,temporo-posterior,kanan,319.465,320.965,1.5,1.5,late,video,0.0,True,False,False,-2.1391286214900127,-4.6398907345535605,-2.652443823525342,-1.691913597819756
P38,AGEM KANAN,4,PRA,Fp1,frontopolar,kiri,326.436,328.436,2.0,2.0,ok,video,0.0,True,False,False,15.874506363609903,15.100367322060581,13.756188724084833,15.28941835606674
P38,AGEM KANAN,4,PRA,F3,frontal,kiri,326.436,328.436,2.0,2.0,ok,video,0.0,True,False,False,12.375410098850466,19.700884751121755,15.697422418796016,15.40125973801472
P38,AGEM KANAN,4,PRA,C3,sentral,kiri,326.436,328.436,2.0,2.0,ok,video,0.0,True,False,False,12.024217575692788,17.92008181638304,13.911696045057482,14.771600065584828
P38,AGEM KANAN,4,PRA,P3,parietal,kiri,326.436,328.436,2.0,2.0,ok,video,0.0,True,False,False,12.350069548995961,19.495089039778527,13.880749425549148,15.06922330337133
P38,AGEM KANAN,4,PRA,O1,oksipital,kiri,326.436,328.436,2.0,2.0,ok,video,0.0,True,False,False,12.458232621035222,16.01159068692723,9.557699019356647,13.105333743639761
P38,AGEM KANAN,4,PRA,F7,frontotemporal,kiri,326.436,328.436,2.0,2.0,ok,video,0.0,True,False,False,13.864950674552183,15.42700897954457,14.177350883614984,14.318200729986295
P38,AGEM KANAN,4,PRA,T3,temporal,kiri,326.436,328.436,2.0,2.0,ok,video,0.0,True,False,False,11.630533492550832,16.16057457878068,9.60278136730323,13.210805243153064
P38,AGEM KANAN,4,PRA,T5,temporo-posterior,kiri,326.436,328.436,2.0,2.0,ok,video,0.0,True,False,False,12.685320772325525,16.864435952544316,12.807655173639105,14.953347821391318
P38,AGEM KANAN,4,PRA,Fp2,frontopolar,kanan,326.436,328.436,2.0,2.0,ok,video,0.0,True,False,False,14.746464660166929,6.3312738939081115,9.451670796264025,8.707333526636827
P38,AGEM KANAN,4,PRA,F4,frontal,kanan,326.436,328.436,2.0,2.0,ok,video,0.0,True,False,False,18.057557968089984,16.706660156418796,22.060722611200806,20.115368968242514
P38,AGEM KANAN,4,PRA,C4,sentral,kanan,326.436,328.436,2.0,2.0,ok,video,0.0,True,False,False,8.18965289174973,9.861801840090799,12.613659786534157,11.454661199001347
P38,AGEM KANAN,4,PRA,P4,parietal,kanan,326.436,328.436,2.0,2.0,ok,video,0.0,True,False,False,8.448613556381158,11.901865191971748,16.106825373046746,13.636877171671777
P38,AGEM KANAN,4,PRA,O2,oksipital,kanan,326.436,328.436,2.0,2.0,ok,video,0.0,True,False,False,11.090247903341897,11.92548623583152,18.55938083124197,11.784470138507942
P38,AGEM KANAN,4,PRA,F8,frontotemporal,kanan,326.436,328.436,2.0,2.0,ok,video,0.0,True,False,False,10.235074367234112,11.547382903629256,13.005705631486006,12.506078797947659
P38,AGEM KANAN,4,PRA,T4,temporal,kanan,326.436,328.436,2.0,2.0,ok,video,0.0,True,False,False,17.779741138748427,16.577473302828807,21.192911746290676,15.545862886299226
P38,AGEM KANAN,4,PRA,T6,temporo-posterior,kanan,326.436,328.436,2.0,2.0,ok,video,0.0,True,False,False,10.692597482406494,14.747809384111807,16.89245988873475,15.815227958509048
P38,AGEM KANAN,4,TURUN,Fp1,frontopolar,kiri,328.686,331.116,2.93,2.43,ok,video,0.0,True,False,False,12.612642550463413,12.324766032313466,10.740976067130571,12.018916242155619
P38,AGEM KANAN,4,TURUN,F3,frontal,kiri,328.686,331.116,2.93,2.43,ok,video,0.0,True,False,False,3.2292561619786255,6.4648300805420575,4.6847120854750735,3.4229641008856824
P38,AGEM KANAN,4,TURUN,C3,sentral,kiri,328.686,331.116,2.93,2.43,ok,video,0.0,True,False,False,2.8450334268318827,5.566653570047883,2.3589883568543186,2.90245349863018
P38,AGEM KANAN,4,TURUN,P3,parietal,kiri,328.686,331.116,2.93,2.43,ok,video,0.025,True,False,False,0.9747791689994969,4.774200391923046,0.8547964868275848,1.1669049494347377
P38,AGEM KANAN,4,TURUN,O1,oksipital,kiri,328.686,331.116,2.93,2.43,ok,video,0.025,True,False,False,0.09055543264521049,1.36250411616599,0.42996637310864827,0.3388827622959134
P38,AGEM KANAN,4,TURUN,F7,frontotemporal,kiri,328.686,331.116,2.93,2.43,ok,video,0.0,True,False,False,12.014612476450843,12.368975168770003,10.693046349467686,12.313477089430549
P38,AGEM KANAN,4,TURUN,T3,temporal,kiri,328.686,331.116,2.93,2.43,ok,video,0.0,True,False,False,1.3663375328100287,1.406008738092691,1.9998643771607512,1.1169808497016085
P38,AGEM KANAN,4,TURUN,T5,temporo-posterior,kiri,328.686,331.116,2.93,2.43,ok,video,0.0,True,False,False,6.483976572185341,8.682834450703016,5.162092452586624,7.00933059980634
P38,AGEM KANAN,4,TURUN,Fp2,frontopolar,kanan,328.686,331.116,2.93,2.43,ok,video,0.0,True,False,False,3.381161793779331,1.3368905434520677,-1.3385456174090429,-1.2544869812417758
P38,AGEM KANAN,4,TURUN,F4,frontal,kanan,328.686,331.116,2.93,2.43,ok,video,0.0,True,False,False,14.79472899136557,18.882165536021322,13.736913031627964,15.769090476150517
P38,AGEM KANAN,4,TURUN,C4,sentral,kanan,328.686,331.116,2.93,2.43,ok,video,0.0,True,False,False,3.469994286887868,2.997914388287519,2.4146784333300957,3.6151056270800375
P38,AGEM KANAN,4,TURUN,P4,parietal,kanan,328.686,331.116,2.93,2.43,ok,video,0.0,True,False,False,7.83128128866225,6.081699596375703,5.275448629307416,9.45850109954052
P38,AGEM KANAN,4,TURUN,O2,oksipital,kanan,328.686,331.116,2.93,2.43,ok,video,0.025,True,False,False,5.604292238995576,0.7853220525144877,-0.516097030672853,6.8962426275657975
P38,AGEM KANAN,4,TURUN,F8,frontotemporal,kanan,328.686,331.116,2.93,2.43,ok,video,0.0,True,False,False,8.452418907407399,6.403174779176581,4.330576917707393,6.4989422035351865
P38,AGEM KANAN,4,TURUN,T4,temporal,kanan,328.686,331.116,2.93,2.43,ok,video,0.0,True,False,False,6.609786780489131,7.924021414000389,6.2425612505984205,5.452423048063945
P38,AGEM KANAN,4,TURUN,T6,temporo-posterior,kanan,328.686,331.116,2.93,2.43,ok,video,0.0,True,False,False,6.208004180630642,5.315786650643457,4.338192549873046,6.888604797524344
P38,AGEM KANAN,4,TAHAN,Fp1,frontopolar,kiri,331.616,332.852,1.736,1.236,ok,video,0.0,True,False,False,2.8357878215461128,8.077904688743462,3.7495237848974945,2.840452597602642
P38,AGEM KANAN,4,TAHAN,F3,frontal,kiri,331.616,332.852,1.736,1.236,ok,video,1.0,False,False,False,,,,
P38,AGEM KANAN,4,TAHAN,C3,sentral,kiri,331.616,332.852,1.736,1.236,ok,video,1.0,False,False,False,,,,
P38,AGEM KANAN,4,TAHAN,P3,parietal,kiri,331.616,332.852,1.736,1.236,ok,video,1.0,False,False,False,,,,
P38,AGEM KANAN,4,TAHAN,O1,oksipital,kiri,331.616,332.852,1.736,1.236,ok,video,1.0,False,False,False,,,,
P38,AGEM KANAN,4,TAHAN,F7,frontotemporal,kiri,331.616,332.852,1.736,1.236,ok,video,0.0,True,False,False,1.638229460025542,6.5297378490893045,2.1106223377326074,2.7860880226906133
P38,AGEM KANAN,4,TAHAN,T3,temporal,kiri,331.616,332.852,1.736,1.236,ok,video,0.0,True,False,False,-3.5804795713525976,-0.546757636474684,-4.444762795677704,-5.277103898595534
P38,AGEM KANAN,4,TAHAN,T5,temporo-posterior,kiri,331.616,332.852,1.736,1.236,ok,video,0.323,True,True,False,-12.166087321331073,-8.905147180950546,-6.693482740157869,-11.62442703432082
P38,AGEM KANAN,4,TAHAN,Fp2,frontopolar,kanan,331.616,332.852,1.736,1.236,ok,video,0.0,True,False,False,-1.6683821189378136,-0.042335492580132694,-3.340546196832193,-6.025368820643468
P38,AGEM KANAN,4,TAHAN,F4,frontal,kanan,331.616,332.852,1.736,1.236,ok,video,0.0,True,False,False,1.6002896092215586,-0.45827903277008986,0.0773109271376562,1.4313050333162103
P38,AGEM KANAN,4,TAHAN,C4,sentral,kanan,331.616,332.852,1.736,1.236,ok,video,0.0,True,False,False,-0.1259711558570089,2.497915262532885,2.358937161536705,1.1032420882782112
P38,AGEM KANAN,4,TAHAN,P4,parietal,kanan,331.616,332.852,1.736,1.236,ok,video,0.0,True,False,False,0.6858407775614381,1.092043868787588,2.064359827673016,1.2027548244928106
P38,AGEM KANAN,4,TAHAN,O2,oksipital,kanan,331.616,332.852,1.736,1.236,ok,video,0.677,False,False,False,,,,
P38,AGEM KANAN,4,TAHAN,F8,frontotemporal,kanan,331.616,332.852,1.736,1.236,ok,video,0.0,True,False,False,3.9915963653659716,4.841877777851174,2.851318121123281,3.5449143930927036
P38,AGEM KANAN,4,TAHAN,T4,temporal,kanan,331.616,332.852,1.736,1.236,ok,video,0.806,False,False,False,,,,
P38,AGEM KANAN,4,TAHAN,T6,temporo-posterior,kanan,331.616,332.852,1.736,1.236,ok,video,0.0,True,False,False,2.603126508831224,4.186508728252694,2.865999610579223,2.5160508153615453
P38,AGEM KANAN,4,NAIK,Fp1,frontopolar,kiri,333.342,334.459,1.597,1.118,ok,video,0.0,True,False,False,3.39655033498817,5.981567134803353,3.846467885110105,3.685532663381906
P38,AGEM KANAN,4,NAIK,F3,frontal,kiri,333.342,334.459,1.597,1.118,ok,video,1.0,False,False,False,,,,
P38,AGEM KANAN,4,NAIK,C3,sentral,kiri,333.342,334.459,1.597,1.118,ok,video,0.64,False,False,False,,,,
P38,AGEM KANAN,4,NAIK,P3,parietal,kiri,333.342,334.459,1.597,1.118,ok,video,1.0,False,False,False,,,,
P38,AGEM KANAN,4,NAIK,O1,oksipital,kiri,333.342,334.459,1.597,1.118,ok,video,0.099,True,False,False,-9.460914874486498,-7.724149496006508,-3.028702685767122,-9.006193384806757
P38,AGEM KANAN,4,NAIK,F7,frontotemporal,kiri,333.342,334.459,1.597,1.118,ok,video,0.0,True,False,False,2.840681633863987,4.571603464222111,2.8931628857770377,4.590913698631432
P38,AGEM KANAN,4,NAIK,T3,temporal,kiri,333.342,334.459,1.597,1.118,ok,video,0.0,True,False,False,0.08845646143382169,2.1479741538213943,3.822929479769158,-0.17297302588976748
P38,AGEM KANAN,4,NAIK,T5,temporo-posterior,kiri,333.342,334.459,1.597,1.118,ok,video,0.0,True,False,False,-5.371621268593575,-4.072480263094192,-1.5759989521567803,-6.847141708229994
P38,AGEM KANAN,4,NAIK,Fp2,frontopolar,kanan,333.342,334.459,1.597,1.118,ok,video,0.0,True,False,False,1.5111999380521652,-1.1148069302994372,-0.2712767776087084,-3.332254441610555
P38,AGEM KANAN,4,NAIK,F4,frontal,kanan,333.342,334.459,1.597,1.118,ok,video,0.0,True,False,False,10.41203675768983,11.410269365539737,8.264561146044752,9.33644760855486
P38,AGEM KANAN,4,NAIK,C4,sentral,kanan,333.342,334.459,1.597,1.118,ok,video,0.0,True,False,False,3.248550671656183,3.8986427020134613,1.689224494679877,2.4059618400392253
P38,AGEM KANAN,4,NAIK,P4,parietal,kanan,333.342,334.459,1.597,1.118,ok,video,0.0,True,False,False,-2.2656832559402282,-5.0936876965087805,-1.9867471810683455,-2.9296000805422224
P38,AGEM KANAN,4,NAIK,O2,oksipital,kanan,333.342,334.459,1.597,1.118,ok,video,0.64,False,False,False,,,,
P38,AGEM KANAN,4,NAIK,F8,frontotemporal,kanan,333.342,334.459,1.597,1.118,ok,video,0.0,True,False,False,5.004059634012904,4.543047412455834,3.0675393830278317,3.727442176525109
P38,AGEM KANAN,4,NAIK,T4,temporal,kanan,333.342,334.459,1.597,1.118,ok,video,0.279,True,True,False,-4.042032444572197,-0.731481594602382,-2.695029403590775,-7.631078221422914
P38,AGEM KANAN,4,NAIK,T6,temporo-posterior,kanan,333.342,334.459,1.597,1.118,ok,video,0.0,True,False,False,2.2686985743918093,1.0180897713322317,0.53328198818582,1.4470109867012297
P38,AGEM KANAN,4,POST,Fp1,frontopolar,kiri,335.199,336.699,1.5,1.5,ok,video,0.0,True,False,False,15.981942157300146,12.47385279066459,12.221696064594735,13.778072267074862
P38,AGEM KANAN,4,POST,F3,frontal,kiri,335.199,336.699,1.5,1.5,ok,video,0.0,True,False,False,17.298411909115075,17.663673244702146,16.14205122086723,15.251758870050953
P38,AGEM KANAN,4,POST,C3,sentral,kiri,335.199,336.699,1.5,1.5,ok,video,0.0,True,False,False,18.360479276450626,17.283892644164602,15.40952628067734,15.6530311219326
P38,AGEM KANAN,4,POST,P3,parietal,kiri,335.199,336.699,1.5,1.5,ok,video,0.0,True,False,False,17.944204869765457,17.414106793592502,15.47751017640735,15.447994019121964
P38,AGEM KANAN,4,POST,O1,oksipital,kiri,335.199,336.699,1.5,1.5,ok,video,0.0,True,False,False,19.552016420562204,16.649072579639448,15.062471147874,15.896185032186608
P38,AGEM KANAN,4,POST,F7,frontotemporal,kiri,335.199,336.699,1.5,1.5,ok,video,0.0,True,False,False,16.12140933816702,14.759389135207112,13.976089983505396,14.91753256200974
P38,AGEM KANAN,4,POST,T3,temporal,kiri,335.199,336.699,1.5,1.5,ok,video,0.0,True,False,False,19.80242254441434,16.085970801476716,15.318116353106852,16.58951145653023
P38,AGEM KANAN,4,POST,T5,temporo-posterior,kiri,335.199,336.699,1.5,1.5,ok,video,0.0,True,False,False,17.367395776594158,15.461785957263363,13.898307184262997,15.268356688762566
P38,AGEM KANAN,4,POST,Fp2,frontopolar,kanan,335.199,336.699,1.5,1.5,ok,video,0.0,True,False,False,12.604162314534676,6.049407613713264,6.836681061616861,5.548877918914936
P38,AGEM KANAN,4,POST,F4,frontal,kanan,335.199,336.699,1.5,1.5,ok,video,0.0,True,False,False,8.266444660507329,8.928100449621706,8.412455675011003,9.306759278149926
P38,AGEM KANAN,4,POST,C4,sentral,kanan,335.199,336.699,1.5,1.5,ok,video,0.16,True,True,False,3.8929761970881955,0.8607435426657766,-1.3843647293036128,2.4496463484348503
P38,AGEM KANAN,4,POST,P4,parietal,kanan,335.199,336.699,1.5,1.5,ok,video,0.0,True,False,False,6.828282458473357,2.746877318544538,0.0222481556982288,4.115348393474612
P38,AGEM KANAN,4,POST,O2,oksipital,kanan,335.199,336.699,1.5,1.5,ok,video,0.0,True,False,False,11.696150783828742,8.949370930486474,7.157880266509089,9.47048786003598
P38,AGEM KANAN,4,POST,F8,frontotemporal,kanan,335.199,336.699,1.5,1.5,ok,video,0.0,True,False,False,9.204918828076167,5.543636455732091,4.9207667303806595,6.435711659164554
P38,AGEM KANAN,4,POST,T4,temporal,kanan,335.199,336.699,1.5,1.5,ok,video,0.0,True,False,False,15.018292778899244,15.599904915480636,13.38775220771565,10.412930010916675
P38,AGEM KANAN,4,POST,T6,temporo-posterior,kanan,335.199,336.699,1.5,1.5,ok,video,0.293,True,True,False,8.047559625364993,3.1866772719703604,2.004668848834072,5.499722739460353
P38,AGEM KIRI,3,PRA,Fp1,frontopolar,kiri,343.433,345.433,2.0,2.0,late,video,0.0,True,False,False,19.10484548614553,17.344822410972345,17.113925616660847,15.708106810534296
P38,AGEM KIRI,3,PRA,F3,frontal,kiri,343.433,345.433,2.0,2.0,late,video,0.0,True,False,False,15.356352805988578,16.105511659035614,14.85838111591822,12.369195213387815
P38,AGEM KIRI,3,PRA,C3,sentral,kiri,343.433,345.433,2.0,2.0,late,video,0.0,True,False,False,15.452113252015195,14.192275044341024,14.733886324752142,12.251617831635642
P38,AGEM KIRI,3,PRA,P3,parietal,kiri,343.433,345.433,2.0,2.0,late,video,0.0,True,False,False,13.974083280982647,12.236859215096295,13.207020993715602,10.987777009079991
P38,AGEM KIRI,3,PRA,O1,oksipital,kiri,343.433,345.433,2.0,2.0,late,video,0.0,True,False,False,12.643053074214627,10.522401983706668,12.103753804530129,10.345373654103525
P38,AGEM KIRI,3,PRA,F7,frontotemporal,kiri,343.433,345.433,2.0,2.0,late,video,0.0,True,False,False,18.234445058818203,18.43175200477484,18.27860553093025,15.907857773346471
P38,AGEM KIRI,3,PRA,T3,temporal,kiri,343.433,345.433,2.0,2.0,late,video,0.0,True,False,False,12.814659908500566,10.89403861425551,11.647033261165085,10.039070537676675
P38,AGEM KIRI,3,PRA,T5,temporo-posterior,kiri,343.433,345.433,2.0,2.0,late,video,0.0,True,False,False,14.305628836553119,13.108969250501563,13.466588655981624,11.33468312273503
P38,AGEM KIRI,3,PRA,Fp2,frontopolar,kanan,343.433,345.433,2.0,2.0,late,video,0.0,True,False,False,14.075090832830313,10.428513908193032,10.844167309795075,8.477291103815066
P38,AGEM KIRI,3,PRA,F4,frontal,kanan,343.433,345.433,2.0,2.0,late,video,0.0,True,False,False,16.171219655965732,16.169108670364583,18.49801050507075,17.208245528795743
P38,AGEM KIRI,3,PRA,C4,sentral,kanan,343.433,345.433,2.0,2.0,late,video,0.21,True,True,False,10.618764662400629,5.041177842236564,4.237735175496411,8.052611581625275
P38,AGEM KIRI,3,PRA,P4,parietal,kanan,343.433,345.433,2.0,2.0,late,video,0.0,True,False,False,17.771108523329527,13.022973454007843,12.81554214942193,15.39778186762917
P38,AGEM KIRI,3,PRA,O2,oksipital,kanan,343.433,345.433,2.0,2.0,late,video,0.0,True,False,False,19.272676203466887,17.294395915189035,16.1282653178783,14.153630049274739
P38,AGEM KIRI,3,PRA,F8,frontotemporal,kanan,343.433,345.433,2.0,2.0,late,video,0.0,True,False,False,11.16596945746921,9.283907346197779,6.383379347837977,9.224446179881667
P38,AGEM KIRI,3,PRA,T4,temporal,kanan,343.433,345.433,2.0,2.0,late,video,0.0,True,False,False,21.767358319179287,22.124963578670943,20.394455401608,18.038168954127705
P38,AGEM KIRI,3,PRA,T6,temporo-posterior,kanan,343.433,345.433,2.0,2.0,late,video,0.0,True,False,False,16.285620738862942,11.621079945923984,11.256945144118681,14.81793181804936
P38,AGEM KIRI,3,TURUN,Fp1,frontopolar,kiri,345.683,347.919,2.736,2.236,late,video,0.0,True,False,False,17.237148997876687,18.451033225722636,13.563073822810122,14.739836461025263
P38,AGEM KIRI,3,TURUN,F3,frontal,kiri,345.683,347.919,2.736,2.236,late,video,0.0,True,False,False,14.597515049674968,19.720695883520413,15.659317359928679,13.330995836494406
P38,AGEM KIRI,3,TURUN,C3,sentral,kiri,345.683,347.919,2.736,2.236,late,video,0.0,True,False,False,15.490199432050304,17.81812639494337,13.498968873513384,13.119148219999843
P38,AGEM KIRI,3,TURUN,P3,parietal,kiri,345.683,347.919,2.736,2.236,late,video,0.0,True,False,False,14.904344356756297,18.113320461685646,13.781209172738222,12.57730304026488
P38,AGEM KIRI,3,TURUN,O1,oksipital,kiri,345.683,347.919,2.736,2.236,late,video,0.0,True,False,False,14.016551239807278,16.391047420448043,12.417550437618353,12.477031073547991
P38,AGEM KIRI,3,TURUN,F7,frontotemporal,kiri,345.683,347.919,2.736,2.236,late,video,0.0,True,False,False,16.796719569787662,19.73353483630314,14.670380315874809,15.16781602819406
P38,AGEM KIRI,3,TURUN,T3,temporal,kiri,345.683,347.919,2.736,2.236,late,video,0.0,True,False,False,13.962127774542246,16.31378676247314,11.377259763578792,12.219055894807607
P38,AGEM KIRI,3,TURUN,T5,temporo-posterior,kiri,345.683,347.919,2.736,2.236,late,video,0.0,True,False,False,15.43747900435958,18.049445425573406,13.732776332402779,13.43093653470217
P38,AGEM KIRI,3,TURUN,Fp2,frontopolar,kanan,345.683,347.919,2.736,2.236,late,video,0.0,True,False,False,9.212787475028094,3.707032900207679,2.3915410952488045,2.865330971429689
P38,AGEM KIRI,3,TURUN,F4,frontal,kanan,345.683,347.919,2.736,2.236,late,video,0.0,True,False,False,8.612826434264168,7.2252051668309285,8.767976450483044,8.972516401207479
P38,AGEM KIRI,3,TURUN,C4,sentral,kanan,345.683,347.919,2.736,2.236,late,video,0.0,True,False,False,1.7978485189933622,0.33880863514577797,-0.9637879412033783,0.5526458949728408
P38,AGEM KIRI,3,TURUN,P4,parietal,kanan,345.683,347.919,2.736,2.236,late,video,0.0,True,False,False,12.26904657557927,8.239162608786781,5.5467874327155045,10.82695709064307
P38,AGEM KIRI,3,TURUN,O2,oksipital,kanan,345.683,347.919,2.736,2.236,late,video,0.0,True,False,False,13.686914549622372,11.699456631161205,8.258008146392935,9.243022467099458
P38,AGEM KIRI,3,TURUN,F8,frontotemporal,kanan,345.683,347.919,2.736,2.236,late,video,0.0,True,False,False,7.093963583617125,2.9817101543675903,1.2994549434967233,5.299063150053989
P38,AGEM KIRI,3,TURUN,T4,temporal,kanan,345.683,347.919,2.736,2.236,late,video,0.0,True,False,False,16.570901065594718,15.24128898183055,11.091304328608977,11.025614285556514
P38,AGEM KIRI,3,TURUN,T6,temporo-posterior,kanan,345.683,347.919,2.736,2.236,late,video,0.0,True,False,False,12.487505830222094,6.474764268285817,4.15483928366946,10.567731536999737
P38,AGEM KIRI,3,TAHAN,Fp1,frontopolar,kiri,348.419,349.711,1.792,1.292,late,video,0.0,True,False,False,13.750979998026544,9.889183379931058,6.648408618497559,12.516601743717494
P38,AGEM KIRI,3,TAHAN,F3,frontal,kiri,348.419,349.711,1.792,1.292,late,video,0.0,True,False,False,-2.979761297890896,-2.0187455444215487,-6.297781529500185,-2.3235533762152514
P38,AGEM KIRI,3,TAHAN,C3,sentral,kiri,348.419,349.711,1.792,1.292,late,video,0.0,True,False,False,-4.554360051821181,-2.90267583988242,-2.8396979945634193,-1.9544130228868255
P38,AGEM KIRI,3,TAHAN,P3,parietal,kiri,348.419,349.711,1.792,1.292,late,video,0.0,True,False,False,-2.454066132689359,-1.454862260114787,-0.4654734253581623,-2.9055314635851275
P38,AGEM KIRI,3,TAHAN,O1,oksipital,kiri,348.419,349.711,1.792,1.292,late,video,0.0,True,False,False,-2.7472464708953623,1.4613591534970425,-0.9269502537642715,0.033587624903503865
P38,AGEM KIRI,3,TAHAN,F7,frontotemporal,kiri,348.419,349.711,1.792,1.292,late,video,0.0,True,False,False,14.384749592156815,11.01167637555415,6.881725755788949,13.604702569261669
P38,AGEM KIRI,3,TAHAN,T3,temporal,kiri,348.419,349.711,1.792,1.292,late,video,0.0,True,False,False,0.684498168499303,2.57658262029074,-0.5171188236171389,1.4311938850849977
P38,AGEM KIRI,3,TAHAN,T5,temporo-posterior,kiri,348.419,349.711,1.792,1.292,late,video,0.0,True,False,False,1.565849398539548,-4.009703608545831,-3.0573319263501055,-0.49035153004806986
P38,AGEM KIRI,3,TAHAN,Fp2,frontopolar,kanan,348.419,349.711,1.792,1.292,late,video,0.0,True,False,False,4.679821860211611,-0.8473140110383888,-0.06480323892210293,-1.7571958943192705
P38,AGEM KIRI,3,TAHAN,F4,frontal,kanan,348.419,349.711,1.792,1.292,late,video,0.0,True,False,False,-5.634455719271013,-6.579481339193279,-6.286432630073261,-1.0612504578569961
P38,AGEM KIRI,3,TAHAN,C4,sentral,kanan,348.419,349.711,1.792,1.292,late,video,0.0,True,False,False,-4.651319853603795,-8.813412692032408,-9.577616417643224,-6.968059570572738
P38,AGEM KIRI,3,TAHAN,P4,parietal,kanan,348.419,349.711,1.792,1.292,late,video,0.0,True,False,False,4.8480281787499315,-3.640701046640693,-1.6191422289697464,6.30730073099528
P38,AGEM KIRI,3,TAHAN,O2,oksipital,kanan,348.419,349.711,1.792,1.292,late,video,0.0,True,False,False,8.27205306349488,0.6749821644686804,2.8019630797990054,4.2085118725207025
P38,AGEM KIRI,3,TAHAN,F8,frontotemporal,kanan,348.419,349.711,1.792,1.292,late,video,0.0,True,False,False,-1.114890633661993,-7.7203387179366345,-5.976867523337624,-0.8547530808557902
P38,AGEM KIRI,3,TAHAN,T4,temporal,kanan,348.419,349.711,1.792,1.292,late,video,0.0,True,False,False,7.947515463082215,3.648142711731996,4.0664606578218,2.551321897977356
P38,AGEM KIRI,3,TAHAN,T6,temporo-posterior,kanan,348.419,349.711,1.792,1.292,late,video,0.0,True,False,False,4.666495379175746,-3.5113889503724813,-3.148110610702915,6.812713001858537
P38,AGEM KIRI,3,NAIK,Fp1,frontopolar,kiri,350.042,350.421,0.541,0.379,late,video,0.0,True,False,False,22.425777270223676,18.355923649804776,13.683797408810246,17.343477054611817
P38,AGEM KIRI,3,NAIK,F3,frontal,kiri,350.042,350.421,0.541,0.379,late,video,0.0,True,False,False,18.904868582283115,15.300088478964781,15.05563120051876,15.232017101105388
P38,AGEM KIRI,3,NAIK,C3,sentral,kiri,350.042,350.421,0.541,0.379,late,video,0.0,True,False,False,18.60775020137232,14.59693676471965,12.127221873110301,14.752152615283357
P38,AGEM KIRI,3,NAIK,P3,parietal,kiri,350.042,350.421,0.541,0.379,late,video,0.0,True,False,False,19.23204936614532,14.798210964228502,9.624139907458812,14.443147424078468
P38,AGEM KIRI,3,NAIK,O1,oksipital,kiri,350.042,350.421,0.541,0.379,late,video,0.0,True,False,False,18.822113023192856,11.81470888736305,11.040165359558962,13.873005840106217
P38,AGEM KIRI,3,NAIK,F7,frontotemporal,kiri,350.042,350.421,0.541,0.379,late,video,0.0,True,False,False,21.187949114515973,19.46573192578639,15.013551166178416,17.09942513437739
P38,AGEM KIRI,3,NAIK,T3,temporal,kiri,350.042,350.421,0.541,0.379,late,video,0.0,True,False,False,17.585331435225726,10.500725215292018,10.389989519569781,12.8638297808434
P38,AGEM KIRI,3,NAIK,T5,temporo-posterior,kiri,350.042,350.421,0.541,0.379,late,video,0.0,True,False,False,17.488677796249547,13.957264249240172,6.411770498014491,12.280227519582056
P38,AGEM KIRI,3,NAIK,Fp2,frontopolar,kanan,350.042,350.421,0.541,0.379,late,video,0.0,True,False,False,7.2214477889525455,10.910820204854716,5.595108987967379,5.2670164061949585
P38,AGEM KIRI,3,NAIK,F4,frontal,kanan,350.042,350.421,0.541,0.379,late,video,0.0,True,False,False,10.299207138471093,11.37957046857473,8.724298258281038,9.31501921204461
P38,AGEM KIRI,3,NAIK,C4,sentral,kanan,350.042,350.421,0.541,0.379,late,video,0.0,True,False,False,-1.52154345018603,-4.310557277957361,-1.9889679386536727,-2.9242252905637045
P38,AGEM KIRI,3,NAIK,P4,parietal,kanan,350.042,350.421,0.541,0.379,late,video,0.0,True,False,False,17.246088280459684,8.870340519397946,9.942599225987323,12.015127290985355
P38,AGEM KIRI,3,NAIK,O2,oksipital,kanan,350.042,350.421,0.541,0.379,late,video,0.0,True,False,False,18.42323495605322,12.561081629355108,11.539601781978522,8.95404863220022
P38,AGEM KIRI,3,NAIK,F8,frontotemporal,kanan,350.042,350.421,0.541,0.379,late,video,0.0,True,False,False,7.81356259953251,1.9780569621456472,2.2353936312757625,3.6950893604794572
P38,AGEM KIRI,3,NAIK,T4,temporal,kanan,350.042,350.421,0.541,0.379,late,video,0.0,True,False,False,18.90810906324581,15.871346828504727,12.051137854984258,11.694769628430102
P38,AGEM KIRI,3,NAIK,T6,temporo-posterior,kanan,350.042,350.421,0.541,0.379,late,video,0.0,True,False,False,12.673645886200323,6.867946719370039,7.050540583910671,8.524512841072621
P38,AGEM KIRI,3,POST,Fp1,frontopolar,kiri,351.002,352.502,1.5,1.5,late,video,0.0,True,False,False,16.371335051630815,16.78456102609012,15.106035155897413,14.124037775097136
P38,AGEM KIRI,3,POST,F3,frontal,kiri,351.002,352.502,1.5,1.5,late,video,0.0,True,False,False,19.744698019032803,19.983318050599358,20.124680761353062,16.708554705334304
P38,AGEM KIRI,3,POST,C3,sentral,kiri,351.002,352.502,1.5,1.5,late,video,0.0,True,False,False,17.347344808064065,19.038751405387565,18.418569960398926,15.392784078696259
P38,AGEM KIRI,3,POST,P3,parietal,kiri,351.002,352.502,1.5,1.5,late,video,0.0,True,False,False,18.727255883634548,19.235002468431354,18.795714691743967,15.858478678327394
P38,AGEM KIRI,3,POST,O1,oksipital,kiri,351.002,352.502,1.5,1.5,late,video,0.0,True,False,False,17.627941170321733,17.186654585547675,16.624908447361953,15.191148231643048
P38,AGEM KIRI,3,POST,F7,frontotemporal,kiri,351.002,352.502,1.5,1.5,late,video,0.0,True,False,False,15.59491312848489,17.515978139894667,16.00349251823428,14.384937598212787
P38,AGEM KIRI,3,POST,T3,temporal,kiri,351.002,352.502,1.5,1.5,late,video,0.0,True,False,False,17.414213611547602,16.766884378722,15.792097895806876,15.200045900650192
P38,AGEM KIRI,3,POST,T5,temporo-posterior,kiri,351.002,352.502,1.5,1.5,late,video,0.0,True,False,False,17.84849052585556,18.2286319886455,17.61100389069506,15.669753665523814
P38,AGEM KIRI,3,POST,Fp2,frontopolar,kanan,351.002,352.502,1.5,1.5,late,video,0.0,True,False,False,4.573821353839648,2.6876106886994577,1.057577532672564,2.79630846611796
P38,AGEM KIRI,3,POST,F4,frontal,kanan,351.002,352.502,1.5,1.5,late,video,0.167,True,True,False,6.945645433408494,2.221459881847931,3.7556033388468855,6.151073749486873
P38,AGEM KIRI,3,POST,C4,sentral,kanan,351.002,352.502,1.5,1.5,late,video,0.433,True,True,False,-4.0852263885174445,-6.242634791661484,-8.8614377888149,-6.482066577160719
P38,AGEM KIRI,3,POST,P4,parietal,kanan,351.002,352.502,1.5,1.5,late,video,0.0,True,False,False,6.219116292171268,1.1145937745069823,-0.7011831264324542,7.7140717482628745
P38,AGEM KIRI,3,POST,O2,oksipital,kanan,351.002,352.502,1.5,1.5,late,video,0.0,True,False,False,11.205340335028154,7.630286201395286,7.654190965549301,6.219186613237376
P38,AGEM KIRI,3,POST,F8,frontotemporal,kanan,351.002,352.502,1.5,1.5,late,video,0.433,True,True,False,1.727807579847095,-4.3840995985107085,-6.462682417370186,-1.670275838504086
P38,AGEM KIRI,3,POST,T4,temporal,kanan,351.002,352.502,1.5,1.5,late,video,0.0,True,False,False,13.517336014712413,11.645668448288411,7.777653416949683,10.853034792734569
P38,AGEM KIRI,3,POST,T6,temporo-posterior,kanan,351.002,352.502,1.5,1.5,late,video,0.567,False,False,False,,,,
P38,AGEM KIRI,4,PRA,Fp1,frontopolar,kiri,356.098,358.098,2.0,2.0,ok,video,0.0,True,False,False,9.794613609558418,6.352599854225414,3.310054679080256,7.042430418807115
P38,AGEM KIRI,4,PRA,F3,frontal,kiri,356.098,358.098,2.0,2.0,ok,video,0.0,True,False,False,9.822657211578573,8.274166038328453,6.05001122221719,7.14585890807064
P38,AGEM KIRI,4,PRA,C3,sentral,kiri,356.098,358.098,2.0,2.0,ok,video,0.0,True,False,False,10.823090365113615,8.917614135895754,5.528263221412114,8.071287530002117
P38,AGEM KIRI,4,PRA,P3,parietal,kiri,356.098,358.098,2.0,2.0,ok,video,0.0,True,False,False,8.123470078231193,5.684724050750745,4.59890863023589,4.660168335545585
P38,AGEM KIRI,4,PRA,O1,oksipital,kiri,356.098,358.098,2.0,2.0,ok,video,0.0,True,False,False,11.457587270345392,9.456950655209464,6.440014588047955,8.618005007475332
P38,AGEM KIRI,4,PRA,F7,frontotemporal,kiri,356.098,358.098,2.0,2.0,ok,video,0.0,True,False,False,10.666855709324807,8.633124344540494,5.294994130359889,8.702081964813438
P38,AGEM KIRI,4,PRA,T3,temporal,kiri,356.098,358.098,2.0,2.0,ok,video,0.0,True,False,False,12.27886784925834,10.162870394250309,7.6052589214634025,9.908013484804531
P38,AGEM KIRI,4,PRA,T5,temporo-posterior,kiri,356.098,358.098,2.0,2.0,ok,video,0.0,True,False,False,9.432577773734153,7.172320192021633,5.008223647323707,6.544719140685416
P38,AGEM KIRI,4,PRA,Fp2,frontopolar,kanan,356.098,358.098,2.0,2.0,ok,video,0.0,True,False,False,5.260992258850578,2.92377621798353,2.279637083621491,-0.8622138811389384
P38,AGEM KIRI,4,PRA,F4,frontal,kanan,356.098,358.098,2.0,2.0,ok,video,0.68,False,False,False,,,,
P38,AGEM KIRI,4,PRA,C4,sentral,kanan,356.098,358.098,2.0,2.0,ok,video,0.2,True,True,False,-1.5923372708807442,-6.5074801363606944,-5.825934882776792,-4.950288922359064
P38,AGEM KIRI,4,PRA,P4,parietal,kanan,356.098,358.098,2.0,2.0,ok,video,0.0,True,False,False,-2.9142430746077466,-7.400634236402627,-3.7568289138901854,-4.706413681577217
P38,AGEM KIRI,4,PRA,O2,oksipital,kanan,356.098,358.098,2.0,2.0,ok,video,0.0,True,False,False,6.047013102225403,5.228308812621172,4.549560132574854,0.6373331642839126
P38,AGEM KIRI,4,PRA,F8,frontotemporal,kanan,356.098,358.098,2.0,2.0,ok,video,0.0,True,False,False,0.28985645814693584,-2.8194121841402904,-2.560396007308725,-2.086438786441054
P38,AGEM KIRI,4,PRA,T4,temporal,kanan,356.098,358.098,2.0,2.0,ok,video,0.0,True,False,False,3.205750679033237,3.8446499982291087,3.002929338262888,-1.7311299409558032
P38,AGEM KIRI,4,PRA,T6,temporo-posterior,kanan,356.098,358.098,2.0,2.0,ok,video,0.68,False,False,False,,,,
P38,AGEM KIRI,4,TURUN,Fp1,frontopolar,kiri,360.522,361.271,1.069,0.748,ok,video,0.0,True,False,False,18.17794197761212,21.02269748268532,18.959781790898912,16.854314239830273
P38,AGEM KIRI,4,TURUN,F3,frontal,kiri,360.522,361.271,1.069,0.748,ok,video,0.0,True,False,False,17.440126670294617,22.199982225076816,17.165394268540645,15.642149349788912
P38,AGEM KIRI,4,TURUN,C3,sentral,kiri,360.522,361.271,1.069,0.748,ok,video,0.0,True,False,False,16.44091304436305,20.356355523525067,15.785060654770568,14.662463473248721
P38,AGEM KIRI,4,TURUN,P3,parietal,kiri,360.522,361.271,1.069,0.748,ok,video,0.0,True,False,False,17.1924754264588,21.1226452661125,15.438256759017598,15.250328749732084
P38,AGEM KIRI,4,TURUN,O1,oksipital,kiri,360.522,361.271,1.069,0.748,ok,video,0.0,True,False,False,15.156753359302364,17.364571026719116,11.961614589712553,13.61986065846392
P38,AGEM KIRI,4,TURUN,F7,frontotemporal,kiri,360.522,361.271,1.069,0.748,ok,video,0.0,True,False,False,17.75262195016601,21.661133072657808,20.24749551086306,17.38991865932789
P38,AGEM KIRI,4,TURUN,T3,temporal,kiri,360.522,361.271,1.069,0.748,ok,video,0.0,True,False,False,15.92653606531325,16.54079461106856,13.06457105638792,13.63880692335837
P38,AGEM KIRI,4,TURUN,T5,temporo-posterior,kiri,360.522,361.271,1.069,0.748,ok,video,0.0,True,False,False,17.106414730890272,20.115718377924498,15.127102491385557,14.969497246807961
P38,AGEM KIRI,4,TURUN,Fp2,frontopolar,kanan,360.522,361.271,1.069,0.748,ok,video,0.0,True,False,False,12.103472898490132,10.336010587690971,6.50036238232887,4.9967929542517275
P38,AGEM KIRI,4,TURUN,F4,frontal,kanan,360.522,361.271,1.069,0.748,ok,video,0.0,True,False,False,17.066950621232,16.91016434064287,19.903778467335552,16.294465079973122
P38,AGEM KIRI,4,TURUN,C4,sentral,kanan,360.522,361.271,1.069,0.748,ok,video,0.0,True,False,False,13.068268017833255,6.152954008024835,9.031621857372969,10.073021694763764
P38,AGEM KIRI,4,TURUN,P4,parietal,kanan,360.522,361.271,1.069,0.748,ok,video,0.0,True,False,False,15.248476102668686,10.154542832605575,10.639513739096067,10.787220203776151
P38,AGEM KIRI,4,TURUN,O2,oksipital,kanan,360.522,361.271,1.069,0.748,ok,video,0.0,True,False,False,13.753576550382562,7.771353140769044,5.971727384752253,7.811104683995268
P38,AGEM KIRI,4,TURUN,F8,frontotemporal,kanan,360.522,361.271,1.069,0.748,ok,video,0.0,True,False,False,11.42042071056511,8.545303494885871,11.05575279816173,10.466867724675993
P38,AGEM KIRI,4,TURUN,T4,temporal,kanan,360.522,361.271,1.069,0.748,ok,video,0.0,True,False,False,23.486044205290895,19.26715468249612,19.143751662223515,16.15834115203804
P38,AGEM KIRI,4,TURUN,T6,temporo-posterior,kanan,360.522,361.271,1.069,0.748,ok,video,0.0,True,False,False,18.154905583707855,14.219590994940983,13.575091186554808,15.023400505881064
P38,AGEM KIRI,4,TAHAN,Fp1,frontopolar,kiri,361.681,362.986,1.805,1.305,ok,video,0.0,True,False,False,17.45965464925829,11.569954598428726,13.036493488297541,13.459880120753347
P38,AGEM KIRI,4,TAHAN,F3,frontal,kiri,361.681,362.986,1.805,1.305,ok,video,0.0,True,False,False,5.832000363944324,9.701103257895149,9.850585943553213,4.566528952865564
P38,AGEM KIRI,4,TAHAN,C3,sentral,kiri,361.681,362.986,1.805,1.305,ok,video,0.0,True,False,False,4.899994131492399,2.6947659517635074,4.838029345756638,3.2758141356580026
P38,AGEM KIRI,4,TAHAN,P3,parietal,kiri,361.681,362.986,1.805,1.305,ok,video,0.0,True,False,False,1.8054787222571775,1.7567962589502741,3.0684835624902753,-0.20239018748588578
P38,AGEM KIRI,4,TAHAN,O1,oksipital,kiri,361.681,362.986,1.805,1.305,ok,video,0.0,True,False,False,2.6025783406656515,0.2376737861937812,1.6309140856373077,-0.09072436852408927
P38,AGEM KIRI,4,TAHAN,F7,frontotemporal,kiri,361.681,362.986,1.805,1.305,ok,video,0.0,True,False,False,17.579722305065978,13.203961930545194,14.107865455179976,14.364649234706583
P38,AGEM KIRI,4,TAHAN,T3,temporal,kiri,361.681,362.986,1.805,1.305,ok,video,0.0,True,False,False,3.0123554989668335,2.3238448109391783,0.4690051850402597,1.1122813296437748
P38,AGEM KIRI,4,TAHAN,T5,temporo-posterior,kiri,361.681,362.986,1.805,1.305,ok,video,0.0,True,False,False,10.997230154816478,6.071662374277135,7.514612790181559,7.906420376621661
P38,AGEM KIRI,4,TAHAN,Fp2,frontopolar,kanan,361.681,362.986,1.805,1.305,ok,video,0.0,True,False,False,-4.856454877917585,0.8244275887394323,-3.6763525969647546,-6.169335464128249
P38,AGEM KIRI,4,TAHAN,F4,frontal,kanan,361.681,362.986,1.805,1.305,ok,video,0.0,True,False,False,1.5930526082761531,4.8343640843831786,6.7814116002335645,4.916918959939306
P38,AGEM KIRI,4,TAHAN,C4,sentral,kanan,361.681,362.986,1.805,1.305,ok,video,0.0,True,False,False,1.9432556031554142,1.2161283761477506,1.809998366837899,2.6009222035263626
P38,AGEM KIRI,4,TAHAN,P4,parietal,kanan,361.681,362.986,1.805,1.305,ok,video,0.0,True,False,False,8.076742286213328,5.060410838549348,5.197883322737493,6.920751231145061
P38,AGEM KIRI,4,TAHAN,O2,oksipital,kanan,361.681,362.986,1.805,1.305,ok,video,0.0,True,False,False,6.265248861792681,2.5090940331906424,2.9220090755199735,5.118621500514401
P38,AGEM KIRI,4,TAHAN,F8,frontotemporal,kanan,361.681,362.986,1.805,1.305,ok,video,0.0,True,False,False,3.277414660386839,2.746480401407382,3.1926319905751193,3.7610625620089095
P38,AGEM KIRI,4,TAHAN,T4,temporal,kanan,361.681,362.986,1.805,1.305,ok,video,0.0,True,False,False,10.869280301436532,10.569806782979882,11.05417056865728,7.107083709116665
P38,AGEM KIRI,4,TAHAN,T6,temporo-posterior,kanan,361.681,362.986,1.805,1.305,ok,video,0.0,True,False,False,5.6291610207558875,2.8319282277295734,6.126772773974633,6.719391854460312
P38,AGEM KIRI,4,NAIK,Fp1,frontopolar,kiri,363.486,364.986,2.0,1.5,ok,video,0.0,True,False,False,16.642427521961565,17.115059918024205,19.747136871876474,15.468157124614386
P38,AGEM KIRI,4,NAIK,F3,frontal,kiri,363.486,364.986,2.0,1.5,ok,video,0.0,True,False,False,11.895433041411707,18.42013996295764,19.38391219637724,12.541058425052743
P38,AGEM KIRI,4,NAIK,C3,sentral,kiri,363.486,364.986,2.0,1.5,ok,video,0.0,True,False,False,12.008492161554855,17.21079137562628,17.40238470869845,12.03353550192481
P38,AGEM KIRI,4,NAIK,P3,parietal,kiri,363.486,364.986,2.0,1.5,ok,video,0.0,True,False,False,11.336299488128802,17.38234640507175,17.153004471488124,11.302714266997114
P38,AGEM KIRI,4,NAIK,O1,oksipital,kiri,363.486,364.986,2.0,1.5,ok,video,0.0,True,False,False,9.76859425830419,14.709261385260259,14.889274093301864,10.368534093569266
P38,AGEM KIRI,4,NAIK,F7,frontotemporal,kiri,363.486,364.986,2.0,1.5,ok,video,0.0,True,False,False,15.796661975844657,17.656462544971266,20.569196822301244,15.651148813831114
P38,AGEM KIRI,4,NAIK,T3,temporal,kiri,363.486,364.986,2.0,1.5,ok,video,0.0,True,False,False,10.999415041740136,13.8463171963114,13.37666301770279,10.365423246310005
P38,AGEM KIRI,4,NAIK,T5,temporo-posterior,kiri,363.486,364.986,2.0,1.5,ok,video,0.0,True,False,False,13.019697053547553,17.623552637716042,17.847092232143098,13.207082306477865
P38,AGEM KIRI,4,NAIK,Fp2,frontopolar,kanan,363.486,364.986,2.0,1.5,ok,video,0.0,True,False,False,2.680910642296748,2.863883855064678,2.2013535614179567,0.2299566717719621
P38,AGEM KIRI,4,NAIK,F4,frontal,kanan,363.486,364.986,2.0,1.5,ok,video,0.0,True,False,False,6.389001321665102,5.311859739612647,0.9945520180227732,5.754975954064442
P38,AGEM KIRI,4,NAIK,C4,sentral,kanan,363.486,364.986,2.0,1.5,ok,video,0.0,True,False,False,-0.5644282111216441,3.7967194029402904,0.9754263505953809,1.29416756915111
P38,AGEM KIRI,4,NAIK,P4,parietal,kanan,363.486,364.986,2.0,1.5,ok,video,0.0,True,False,False,6.938976294016161,7.106780301714469,4.789058497791427,5.648360464922391
P38,AGEM KIRI,4,NAIK,O2,oksipital,kanan,363.486,364.986,2.0,1.5,ok,video,0.0,True,False,False,11.11351813881572,5.988016214428008,7.719760966875349,5.775578321569888
P38,AGEM KIRI,4,NAIK,F8,frontotemporal,kanan,363.486,364.986,2.0,1.5,ok,video,0.0,True,False,False,4.880367494824597,5.451853342208636,2.672801479020034,3.697044425563405
P38,AGEM KIRI,4,NAIK,T4,temporal,kanan,363.486,364.986,2.0,1.5,ok,video,0.0,True,False,False,9.27537794625323,9.455567443154084,10.297755374684982,6.24060309227259
P38,AGEM KIRI,4,NAIK,T6,temporo-posterior,kanan,363.486,364.986,2.0,1.5,ok,video,0.0,True,False,False,5.347456033869047,6.581506825833607,4.2361813057399935,6.721147016608171
P38,AGEM KIRI,4,POST,Fp1,frontopolar,kiri,365.736,367.236,1.5,1.5,ok,video,0.0,True,False,False,18.452044268601092,19.066952889666982,17.009986884548642,15.784393540632863
P38,AGEM KIRI,4,POST,F3,frontal,kiri,365.736,367.236,1.5,1.5,ok,video,0.0,True,False,False,21.060933551403522,20.052085598543023,20.804460672657775,17.296706490598265
P38,AGEM KIRI,4,POST,C3,sentral,kiri,365.736,367.236,1.5,1.5,ok,video,0.0,True,False,False,20.64724683932262,19.0123598527515,19.11719405214683,16.946313221990586
P38,AGEM KIRI,4,POST,P3,parietal,kiri,365.736,367.236,1.5,1.5,ok,video,0.0,True,False,False,22.055826678290664,19.623690293304335,20.103481602609435,17.410944356248777
P38,AGEM KIRI,4,POST,O1,oksipital,kiri,365.736,367.236,1.5,1.5,ok,video,0.0,True,False,False,21.26785881755275,17.752992801262916,18.822415723518297,17.068222801574926
P38,AGEM KIRI,4,POST,F7,frontotemporal,kiri,365.736,367.236,1.5,1.5,ok,video,0.0,True,False,False,18.4341478302536,19.2994628903518,17.674187709014447,15.961805223284607
P38,AGEM KIRI,4,POST,T3,temporal,kiri,365.736,367.236,1.5,1.5,ok,video,0.0,True,False,False,20.802506572288642,17.8541861081963,18.1828559585108,17.194268237550464
P38,AGEM KIRI,4,POST,T5,temporo-posterior,kiri,365.736,367.236,1.5,1.5,ok,video,0.0,True,False,False,20.795520331233746,18.502199352558765,17.956969199794656,16.955943058684994
P38,AGEM KIRI,4,POST,Fp2,frontopolar,kanan,365.736,367.236,1.5,1.5,ok,video,0.0,True,False,False,18.374442441218434,15.023899059473102,14.6581867605329,15.290846601954822
P38,AGEM KIRI,4,POST,F4,frontal,kanan,365.736,367.236,1.5,1.5,ok,video,0.0,True,False,False,17.098852794459983,17.097428963190307,19.469100398288237,19.51416665235333
P38,AGEM KIRI,4,POST,C4,sentral,kanan,365.736,367.236,1.5,1.5,ok,video,0.0,True,False,False,9.969499247500345,6.437249959622058,9.553025675370073,10.673926244577235
P38,AGEM KIRI,4,POST,P4,parietal,kanan,365.736,367.236,1.5,1.5,ok,video,0.0,True,False,False,16.55336474438067,11.051022949944088,15.269731885531868,18.016224439357607
P38,AGEM KIRI,4,POST,O2,oksipital,kanan,365.736,367.236,1.5,1.5,ok,video,0.0,True,False,False,20.181548847248195,18.47583518368439,19.870670788389678,17.514689714339795
P38,AGEM KIRI,4,POST,F8,frontotemporal,kanan,365.736,367.236,1.5,1.5,ok,video,0.0,True,False,False,15.227819812448494,10.93434239770896,12.692853979652941,14.276474731363827
P38,AGEM KIRI,4,POST,T4,temporal,kanan,365.736,367.236,1.5,1.5,ok,video,0.0,True,False,False,22.649658595145624,24.695576886623478,23.097905185297456,21.93833658115777
P38,AGEM KIRI,4,POST,T6,temporo-posterior,kanan,365.736,367.236,1.5,1.5,ok,video,0.0,True,False,False,18.457601255043596,17.451793842503488,16.136219710922255,19.780162233984463
