participant_id,sumber,gerakan,rep,fase,kanal,belahan,datar_frac,ptp_uv,clipping,layak_ketat,delta_db,emg_db
P08,timestamp_manual,Ngeed,1,Gerak,Fp1,kiri (A1),0.476,188.2,False,False,-5.888,-0.683
P08,timestamp_manual,Ngeed,1,Gerak,F3,kiri (A1),0.0,161.0,False,False,1.975,3.054
P08,timestamp_manual,Ngeed,1,Gerak,C3,kiri (A1),0.0,147.9,False,True,3.493,2.139
P08,timestamp_manual,Ngeed,1,Gerak,P3,kiri (A1),0.0,117.3,False,True,2.444,2.47
P08,timestamp_manual,Ngeed,1,Gerak,O1,kiri (A1),0.0,213.8,False,False,-0.368,1.817
P08,timestamp_manual,Ngeed,1,Gerak,F7,kiri (A1),0.0,179.8,False,False,2.049,2.083
P08,timestamp_manual,Ngeed,1,Gerak,T3,kiri (A1),0.0,197.2,False,False,0.797,1.52
P08,timestamp_manual,Ngeed,1,Gerak,T5,kiri (A1),0.35,57.7,False,False,4.053,3.509
P08,timestamp_manual,Ngeed,1,Gerak,Fp2,kanan (A2),0.0,285.4,False,False,11.68,4.131
P08,timestamp_manual,Ngeed,1,Gerak,F4,kanan (A2),0.22,255.9,False,False,14.883,6.637
P08,timestamp_manual,Ngeed,1,Gerak,C4,kanan (A2),0.524,167.2,False,False,7.035,0.052
P08,timestamp_manual,Ngeed,1,Gerak,P4,kanan (A2),0.524,168.6,False,False,8.988,1.601
P08,timestamp_manual,Ngeed,1,Gerak,O2,kanan (A2),0.307,200.3,False,False,11.662,7.818
P08,timestamp_manual,Ngeed,1,Gerak,F8,kanan (A2),0.0,269.3,False,False,12.379,2.702
P08,timestamp_manual,Ngeed,1,Gerak,T4,kanan (A2),0.0,283.6,False,False,13.351,3.691
P08,timestamp_manual,Ngeed,1,Gerak,T6,kanan (A2),0.22,280.9,False,False,10.799,0.292
P08,timestamp_manual,Ngeed,1,Tahan,Fp1,kiri (A1),0.166,177.3,False,False,3.161,0.828
P08,timestamp_manual,Ngeed,1,Tahan,F3,kiri (A1),0.468,88.5,False,False,-12.767,-10.482
P08,timestamp_manual,Ngeed,1,Tahan,C3,kiri (A1),0.515,92.6,False,False,-12.775,-7.282
P08,timestamp_manual,Ngeed,1,Tahan,P3,kiri (A1),0.656,84.3,False,False,-12.416,-7.492
P08,timestamp_manual,Ngeed,1,Tahan,O1,kiri (A1),0.187,127.5,False,False,-5.559,-4.02
P08,timestamp_manual,Ngeed,1,Tahan,F7,kiri (A1),0.328,92.1,False,False,-4.848,-6.092
P08,timestamp_manual,Ngeed,1,Tahan,T3,kiri (A1),0.375,104.2,False,False,-5.808,-6.279
P08,timestamp_manual,Ngeed,1,Tahan,T5,kiri (A1),0.506,35.2,False,False,0.67,-3.171
P08,timestamp_manual,Ngeed,1,Tahan,Fp2,kanan (A2),0.0,240.5,False,False,5.915,3.412
P08,timestamp_manual,Ngeed,1,Tahan,F4,kanan (A2),0.506,53.7,False,False,-0.841,-0.495
P08,timestamp_manual,Ngeed,1,Tahan,C4,kanan (A2),0.319,58.8,False,False,-5.113,-3.875
P08,timestamp_manual,Ngeed,1,Tahan,P4,kanan (A2),0.365,42.8,False,False,0.545,-3.072
P08,timestamp_manual,Ngeed,1,Tahan,O2,kanan (A2),0.412,144.1,False,False,8.876,6.239
P08,timestamp_manual,Ngeed,1,Tahan,F8,kanan (A2),0.225,58.4,False,False,3.024,-1.427
P08,timestamp_manual,Ngeed,1,Tahan,T4,kanan (A2),0.0,40.8,False,True,1.823,-0.138
P08,timestamp_manual,Ngeed,1,Tahan,T6,kanan (A2),0.459,33.8,False,False,0.638,-9.532
P08,timestamp_manual,Ngeed,1,Naik,Fp1,kiri (A1),0.0,345.0,False,False,2.983,8.163
P08,timestamp_manual,Ngeed,1,Naik,F3,kiri (A1),0.0,123.7,False,True,-1.951,1.611
P08,timestamp_manual,Ngeed,1,Naik,C3,kiri (A1),0.0,104.2,False,True,-6.84,-2.531
P08,timestamp_manual,Ngeed,1,Naik,P3,kiri (A1),0.189,79.8,False,False,-6.807,-2.4
P08,timestamp_manual,Ngeed,1,Naik,O1,kiri (A1),0.0,187.5,False,False,-1.344,2.019
P08,timestamp_manual,Ngeed,1,Naik,F7,kiri (A1),0.0,192.8,False,False,-1.282,3.438
P08,timestamp_manual,Ngeed,1,Naik,T3,kiri (A1),0.0,205.4,False,False,-1.521,3.025
P08,timestamp_manual,Ngeed,1,Naik,T5,kiri (A1),0.856,14.4,False,False,-34.457,-55.533
P08,timestamp_manual,Ngeed,1,Naik,Fp2,kanan (A2),0.0,174.3,False,False,-0.711,3.636
P08,timestamp_manual,Ngeed,1,Naik,F4,kanan (A2),0.744,25.0,False,False,-22.156,-44.881
P08,timestamp_manual,Ngeed,1,Naik,C4,kanan (A2),1.0,0.5,False,False,-52.016,-86.542
P08,timestamp_manual,Ngeed,1,Naik,P4,kanan (A2),1.0,0.2,False,False,-63.422,-82.726
P08,timestamp_manual,Ngeed,1,Naik,O2,kanan (A2),0.856,29.9,False,False,-34.106,-42.412
P08,timestamp_manual,Ngeed,1,Naik,F8,kanan (A2),0.522,46.3,False,False,-10.944,-4.0
P08,timestamp_manual,Ngeed,1,Naik,T4,kanan (A2),0.0,64.0,False,True,0.283,1.576
P08,timestamp_manual,Ngeed,1,Naik,T6,kanan (A2),0.744,22.7,False,False,-38.676,-50.773
P08,timestamp_manual,Ngeed,1,Berdiri,Fp1,kiri (A1),0.24,186.6,False,False,-1.654,-0.018
P08,timestamp_manual,Ngeed,1,Berdiri,F3,kiri (A1),0.24,182.7,False,False,2.245,-0.124
P08,timestamp_manual,Ngeed,1,Berdiri,C3,kiri (A1),0.293,201.1,False,False,2.817,0.984
P08,timestamp_manual,Ngeed,1,Berdiri,P3,kiri (A1),0.4,156.8,False,False,3.119,1.023
P08,timestamp_manual,Ngeed,1,Berdiri,O1,kiri (A1),0.08,202.0,False,False,0.302,-2.141
P08,timestamp_manual,Ngeed,1,Berdiri,F7,kiri (A1),0.027,202.4,False,False,3.244,0.361
P08,timestamp_manual,Ngeed,1,Berdiri,T3,kiri (A1),0.027,193.2,False,False,1.531,0.202
P08,timestamp_manual,Ngeed,1,Berdiri,T5,kiri (A1),0.307,67.8,False,False,3.948,3.373
P08,timestamp_manual,Ngeed,1,Berdiri,Fp2,kanan (A2),0.0,248.1,False,False,8.988,3.455
P08,timestamp_manual,Ngeed,1,Berdiri,F4,kanan (A2),0.253,78.2,False,False,7.978,3.45
P08,timestamp_manual,Ngeed,1,Berdiri,C4,kanan (A2),0.227,80.9,False,False,3.983,0.25
P08,timestamp_manual,Ngeed,1,Berdiri,P4,kanan (A2),0.307,49.0,False,False,3.04,0.892
P08,timestamp_manual,Ngeed,1,Berdiri,O2,kanan (A2),0.253,89.4,False,False,7.263,3.998
P08,timestamp_manual,Ngeed,1,Berdiri,F8,kanan (A2),0.0,112.6,False,True,7.775,4.236
P08,timestamp_manual,Ngeed,1,Berdiri,T4,kanan (A2),0.0,98.4,False,True,6.709,2.873
P08,timestamp_manual,Ngeed,1,Berdiri,T6,kanan (A2),0.227,52.2,False,False,3.453,-4.385
P08,timestamp_manual,Ngeed,2,Gerak,Fp1,kiri (A1),0.0,135.2,False,True,1.161,0.729
P08,timestamp_manual,Ngeed,2,Gerak,F3,kiri (A1),0.0,180.1,False,False,4.885,3.024
P08,timestamp_manual,Ngeed,2,Gerak,C3,kiri (A1),0.015,135.0,False,True,2.09,1.626
P08,timestamp_manual,Ngeed,2,Gerak,P3,kiri (A1),0.167,116.1,False,False,3.646,0.847
P08,timestamp_manual,Ngeed,2,Gerak,O1,kiri (A1),0.0,233.5,False,False,5.453,0.886
P08,timestamp_manual,Ngeed,2,Gerak,F7,kiri (A1),0.0,200.4,False,False,3.817,2.194
P08,timestamp_manual,Ngeed,2,Gerak,T3,kiri (A1),0.0,203.8,False,False,3.728,2.366
P08,timestamp_manual,Ngeed,2,Gerak,T5,kiri (A1),0.776,28.1,False,False,-12.324,-9.39
P08,timestamp_manual,Ngeed,2,Gerak,Fp2,kanan (A2),0.0,128.5,False,True,5.581,0.8
P08,timestamp_manual,Ngeed,2,Gerak,F4,kanan (A2),0.624,48.8,False,False,-3.414,-1.802
P08,timestamp_manual,Ngeed,2,Gerak,C4,kanan (A2),1.0,0.3,False,False,-51.847,-76.838
P08,timestamp_manual,Ngeed,2,Gerak,P4,kanan (A2),1.0,0.1,False,False,-58.223,-77.766
P08,timestamp_manual,Ngeed,2,Gerak,O2,kanan (A2),0.624,60.4,False,False,-10.161,-15.647
P08,timestamp_manual,Ngeed,2,Gerak,F8,kanan (A2),0.0,56.9,False,True,1.495,-1.153
P08,timestamp_manual,Ngeed,2,Gerak,T4,kanan (A2),0.0,89.0,False,True,7.395,0.498
P08,timestamp_manual,Ngeed,2,Gerak,T6,kanan (A2),0.7,44.9,False,False,-9.769,-10.305
P08,timestamp_manual,Ngeed,2,Tahan,Fp1,kiri (A1),0.128,212.6,False,False,-2.621,1.995
P08,timestamp_manual,Ngeed,2,Tahan,F3,kiri (A1),0.224,210.7,False,False,1.998,3.589
P08,timestamp_manual,Ngeed,2,Tahan,C3,kiri (A1),0.277,216.8,False,False,3.856,3.358
P08,timestamp_manual,Ngeed,2,Tahan,P3,kiri (A1),0.309,167.0,False,False,3.401,3.018
P08,timestamp_manual,Ngeed,2,Tahan,O1,kiri (A1),0.032,179.3,False,False,-2.429,-0.126
P08,timestamp_manual,Ngeed,2,Tahan,F7,kiri (A1),0.032,231.2,False,False,1.328,3.523
P08,timestamp_manual,Ngeed,2,Tahan,T3,kiri (A1),0.032,218.8,False,False,-0.134,2.265
P08,timestamp_manual,Ngeed,2,Tahan,T5,kiri (A1),0.213,88.7,False,False,7.061,5.866
P08,timestamp_manual,Ngeed,2,Tahan,Fp2,kanan (A2),0.0,177.3,False,False,8.903,5.257
P08,timestamp_manual,Ngeed,2,Tahan,F4,kanan (A2),0.181,56.0,False,False,5.843,4.388
P08,timestamp_manual,Ngeed,2,Tahan,C4,kanan (A2),0.199,73.8,False,False,0.392,3.439
P08,timestamp_manual,Ngeed,2,Tahan,P4,kanan (A2),0.263,60.4,False,False,3.59,3.102
P08,timestamp_manual,Ngeed,2,Tahan,O2,kanan (A2),0.149,81.7,False,False,6.145,6.149
P08,timestamp_manual,Ngeed,2,Tahan,F8,kanan (A2),0.021,137.5,False,True,4.806,5.941
P08,timestamp_manual,Ngeed,2,Tahan,T4,kanan (A2),0.0,123.7,False,True,6.566,6.184
P08,timestamp_manual,Ngeed,2,Tahan,T6,kanan (A2),0.149,56.2,False,False,2.66,-3.839
P08,timestamp_manual,Ngeed,2,Naik,Fp1,kiri (A1),0.0,293.4,False,False,4.319,8.788
P08,timestamp_manual,Ngeed,2,Naik,F3,kiri (A1),0.167,179.5,False,False,1.456,4.805
P08,timestamp_manual,Ngeed,2,Naik,C3,kiri (A1),0.258,137.4,False,False,-4.693,-0.15
P08,timestamp_manual,Ngeed,2,Naik,P3,kiri (A1),0.439,112.0,False,False,-7.473,-4.847
P08,timestamp_manual,Ngeed,2,Naik,O1,kiri (A1),0.0,287.8,False,False,3.478,5.855
P08,timestamp_manual,Ngeed,2,Naik,F7,kiri (A1),0.0,227.1,False,False,2.503,6.365
P08,timestamp_manual,Ngeed,2,Naik,T3,kiri (A1),0.0,259.0,False,False,2.279,6.027
P08,timestamp_manual,Ngeed,2,Naik,T5,kiri (A1),1.0,0.2,False,False,-50.885,-77.91
P08,timestamp_manual,Ngeed,2,Naik,Fp2,kanan (A2),0.0,151.2,False,False,4.182,4.628
P08,timestamp_manual,Ngeed,2,Naik,F4,kanan (A2),0.891,2.8,False,False,-50.617,-48.021
P08,timestamp_manual,Ngeed,2,Naik,C4,kanan (A2),0.923,1.5,False,False,-38.411,-58.392
P08,timestamp_manual,Ngeed,2,Naik,P4,kanan (A2),1.0,0.4,False,False,-46.032,-77.374
P08,timestamp_manual,Ngeed,2,Naik,O2,kanan (A2),0.891,11.5,False,False,-26.786,-35.816
P08,timestamp_manual,Ngeed,2,Naik,F8,kanan (A2),0.543,29.4,False,False,-18.249,-13.954
P08,timestamp_manual,Ngeed,2,Naik,T4,kanan (A2),0.0,66.0,False,True,-0.921,5.82
P08,timestamp_manual,Ngeed,2,Naik,T6,kanan (A2),0.982,1.0,False,False,-47.034,-78.002
P08,timestamp_manual,Ngeed,2,Berdiri,Fp1,kiri (A1),0.286,180.0,False,False,-1.557,1.628
P08,timestamp_manual,Ngeed,2,Berdiri,F3,kiri (A1),0.143,250.9,False,False,3.411,3.855
P08,timestamp_manual,Ngeed,2,Berdiri,C3,kiri (A1),0.22,200.4,False,False,3.033,4.628
P08,timestamp_manual,Ngeed,2,Berdiri,P3,kiri (A1),0.249,159.2,False,False,3.183,4.631
P08,timestamp_manual,Ngeed,2,Berdiri,O1,kiri (A1),0.0,403.1,False,False,3.066,0.667
P08,timestamp_manual,Ngeed,2,Berdiri,F7,kiri (A1),0.0,274.7,False,False,3.307,4.005
P08,timestamp_manual,Ngeed,2,Berdiri,T3,kiri (A1),0.0,268.3,False,False,2.449,3.485
P08,timestamp_manual,Ngeed,2,Berdiri,T5,kiri (A1),0.229,62.1,False,False,4.858,2.813
P08,timestamp_manual,Ngeed,2,Berdiri,Fp2,kanan (A2),0.0,151.2,False,False,4.404,4.201
P08,timestamp_manual,Ngeed,2,Berdiri,F4,kanan (A2),0.143,39.7,False,False,2.824,2.181
P08,timestamp_manual,Ngeed,2,Berdiri,C4,kanan (A2),0.286,50.5,False,False,-0.358,-0.207
P08,timestamp_manual,Ngeed,2,Berdiri,P4,kanan (A2),0.314,47.9,False,False,1.488,-0.419
P08,timestamp_manual,Ngeed,2,Berdiri,O2,kanan (A2),0.171,41.1,False,False,4.455,1.992
P08,timestamp_manual,Ngeed,2,Berdiri,F8,kanan (A2),0.009,83.2,False,True,5.333,5.301
P08,timestamp_manual,Ngeed,2,Berdiri,T4,kanan (A2),0.0,81.1,False,True,2.921,3.501
P08,timestamp_manual,Ngeed,2,Berdiri,T6,kanan (A2),0.171,48.5,False,False,3.66,-5.333
P08,timestamp_manual,Agem Kanan,1,Gerak,Fp1,kiri (A1),0.0,340.9,False,False,9.874,7.738
P08,timestamp_manual,Agem Kanan,1,Gerak,F3,kiri (A1),0.0,241.3,False,False,7.425,5.5
P08,timestamp_manual,Agem Kanan,1,Gerak,C3,kiri (A1),0.252,182.9,False,False,3.883,1.311
P08,timestamp_manual,Agem Kanan,1,Gerak,P3,kiri (A1),0.318,130.0,False,False,1.502,-0.521
P08,timestamp_manual,Agem Kanan,1,Gerak,O1,kiri (A1),0.0,440.3,False,False,11.877,5.988
P08,timestamp_manual,Agem Kanan,1,Gerak,F7,kiri (A1),0.0,286.8,False,False,7.648,7.093
P08,timestamp_manual,Agem Kanan,1,Gerak,T3,kiri (A1),0.0,339.6,False,False,8.497,7.25
P08,timestamp_manual,Agem Kanan,1,Gerak,T5,kiri (A1),0.914,3.2,False,False,-32.697,-46.763
P08,timestamp_manual,Agem Kanan,1,Gerak,Fp2,kanan (A2),0.0,366.1,False,False,16.294,7.803
P08,timestamp_manual,Agem Kanan,1,Gerak,F4,kanan (A2),0.517,165.0,False,False,9.943,7.001
P08,timestamp_manual,Agem Kanan,1,Gerak,C4,kanan (A2),0.815,18.2,False,False,-24.517,-17.817
P08,timestamp_manual,Agem Kanan,1,Gerak,P4,kanan (A2),0.881,5.9,False,False,-30.265,-25.738
P08,timestamp_manual,Agem Kanan,1,Gerak,O2,kanan (A2),0.318,188.8,False,False,12.433,13.751
P08,timestamp_manual,Agem Kanan,1,Gerak,F8,kanan (A2),0.0,173.3,False,False,15.552,7.981
P08,timestamp_manual,Agem Kanan,1,Gerak,T4,kanan (A2),0.0,403.7,False,False,24.717,12.0
P08,timestamp_manual,Agem Kanan,1,Gerak,T6,kanan (A2),0.384,322.1,False,False,12.536,8.245
P08,timestamp_manual,Agem Kanan,1,Tahan,Fp1,kiri (A1),0.035,268.7,False,False,-0.643,4.097
P08,timestamp_manual,Agem Kanan,1,Tahan,F3,kiri (A1),0.285,318.9,False,False,3.713,5.263
P08,timestamp_manual,Agem Kanan,1,Tahan,C3,kiri (A1),0.179,302.6,False,False,4.451,5.007
P08,timestamp_manual,Agem Kanan,1,Tahan,P3,kiri (A1),0.25,223.8,False,False,4.735,5.111
P08,timestamp_manual,Agem Kanan,1,Tahan,O1,kiri (A1),0.035,274.6,False,False,1.362,2.407
P08,timestamp_manual,Agem Kanan,1,Tahan,F7,kiri (A1),0.0,307.3,False,False,2.424,4.941
P08,timestamp_manual,Agem Kanan,1,Tahan,T3,kiri (A1),0.035,303.0,False,False,0.519,4.073
P08,timestamp_manual,Agem Kanan,1,Tahan,T5,kiri (A1),0.186,106.6,False,False,8.139,7.367
P08,timestamp_manual,Agem Kanan,1,Tahan,Fp2,kanan (A2),0.0,803.6,False,False,25.195,16.887
P08,timestamp_manual,Agem Kanan,1,Tahan,F4,kanan (A2),0.0,503.8,False,False,19.787,21.514
P08,timestamp_manual,Agem Kanan,1,Tahan,C4,kanan (A2),0.186,585.0,False,False,11.872,15.802
P08,timestamp_manual,Agem Kanan,1,Tahan,P4,kanan (A2),0.186,598.3,False,False,15.266,19.004
P08,timestamp_manual,Agem Kanan,1,Tahan,O2,kanan (A2),0.002,580.7,False,False,19.182,23.409
P08,timestamp_manual,Agem Kanan,1,Tahan,F8,kanan (A2),0.0,612.0,False,False,18.198,16.701
P08,timestamp_manual,Agem Kanan,1,Tahan,T4,kanan (A2),0.0,635.9,False,False,19.024,19.156
P08,timestamp_manual,Agem Kanan,1,Tahan,T6,kanan (A2),0.0,616.7,False,False,22.022,17.985
P08,timestamp_manual,Agem Kanan,1,Naik,Fp1,kiri (A1),0.0,448.0,False,False,3.149,10.298
P08,timestamp_manual,Agem Kanan,1,Naik,F3,kiri (A1),0.385,368.6,False,False,-2.665,-1.314
P08,timestamp_manual,Agem Kanan,1,Naik,C3,kiri (A1),0.472,284.1,False,False,-7.189,-7.707
P08,timestamp_manual,Agem Kanan,1,Naik,P3,kiri (A1),0.558,244.2,False,False,-7.861,-13.509
P08,timestamp_manual,Agem Kanan,1,Naik,O1,kiri (A1),0.0,538.5,False,False,-0.338,6.115
P08,timestamp_manual,Agem Kanan,1,Naik,F7,kiri (A1),0.0,427.5,False,False,1.616,5.82
P08,timestamp_manual,Agem Kanan,1,Naik,T3,kiri (A1),0.0,499.9,False,False,0.043,5.274
P08,timestamp_manual,Agem Kanan,1,Naik,T5,kiri (A1),0.732,79.0,False,False,-18.936,-19.179
P08,timestamp_manual,Agem Kanan,1,Naik,Fp2,kanan (A2),0.0,473.6,False,False,13.239,14.569
P08,timestamp_manual,Agem Kanan,1,Naik,F4,kanan (A2),0.346,127.5,False,False,-1.21,11.849
P08,timestamp_manual,Agem Kanan,1,Naik,C4,kanan (A2),0.693,53.3,False,False,-17.22,-2.311
P08,timestamp_manual,Agem Kanan,1,Naik,P4,kanan (A2),0.606,70.2,False,False,-11.075,3.04
P08,timestamp_manual,Agem Kanan,1,Naik,O2,kanan (A2),0.433,180.7,False,False,-3.203,11.755
P08,timestamp_manual,Agem Kanan,1,Naik,F8,kanan (A2),0.0,442.3,False,False,6.359,13.178
P08,timestamp_manual,Agem Kanan,1,Naik,T4,kanan (A2),0.0,624.5,False,False,13.775,17.486
P08,timestamp_manual,Agem Kanan,1,Naik,T6,kanan (A2),0.173,622.3,False,False,14.018,6.638
P08,timestamp_manual,Agem Kanan,1,Berdiri,Fp1,kiri (A1),0.255,448.0,False,False,2.924,0.486
P08,timestamp_manual,Agem Kanan,1,Berdiri,F3,kiri (A1),0.312,418.0,False,False,8.281,5.525
P08,timestamp_manual,Agem Kanan,1,Berdiri,C3,kiri (A1),0.28,330.3,False,False,6.645,5.272
P08,timestamp_manual,Agem Kanan,1,Berdiri,P3,kiri (A1),0.309,263.6,False,False,7.738,4.92
P08,timestamp_manual,Agem Kanan,1,Berdiri,O1,kiri (A1),0.255,612.0,False,False,8.059,2.901
P08,timestamp_manual,Agem Kanan,1,Berdiri,F7,kiri (A1),0.198,515.2,False,False,9.936,5.172
P08,timestamp_manual,Agem Kanan,1,Berdiri,T3,kiri (A1),0.255,555.6,False,False,8.554,4.291
P08,timestamp_manual,Agem Kanan,1,Berdiri,T5,kiri (A1),0.167,79.0,False,False,5.246,5.151
P08,timestamp_manual,Agem Kanan,1,Berdiri,Fp2,kanan (A2),0.0,562.3,False,False,19.059,7.68
P08,timestamp_manual,Agem Kanan,1,Berdiri,F4,kanan (A2),0.139,408.6,False,False,17.485,15.517
P08,timestamp_manual,Agem Kanan,1,Berdiri,C4,kanan (A2),0.178,91.9,False,False,3.487,0.62
P08,timestamp_manual,Agem Kanan,1,Berdiri,P4,kanan (A2),0.207,128.7,False,False,7.663,2.027
P08,timestamp_manual,Agem Kanan,1,Berdiri,O2,kanan (A2),0.11,444.3,False,False,20.021,13.058
P08,timestamp_manual,Agem Kanan,1,Berdiri,F8,kanan (A2),0.0,442.3,False,False,13.465,7.477
P08,timestamp_manual,Agem Kanan,1,Berdiri,T4,kanan (A2),0.0,624.5,False,False,19.41,7.984
P08,timestamp_manual,Agem Kanan,1,Berdiri,T6,kanan (A2),0.11,622.3,False,False,10.691,3.776
P08,timestamp_manual,Agem Kanan,2,Gerak,Fp1,kiri (A1),0.0,287.5,False,False,10.582,6.146
P08,timestamp_manual,Agem Kanan,2,Gerak,F3,kiri (A1),0.077,249.5,False,False,10.826,1.854
P08,timestamp_manual,Agem Kanan,2,Gerak,C3,kiri (A1),0.231,131.3,False,False,4.876,-2.032
P08,timestamp_manual,Agem Kanan,2,Gerak,P3,kiri (A1),0.277,91.4,False,False,-1.054,-1.717
P08,timestamp_manual,Agem Kanan,2,Gerak,O1,kiri (A1),0.0,356.0,False,False,12.846,4.683
P08,timestamp_manual,Agem Kanan,2,Gerak,F7,kiri (A1),0.0,262.8,False,False,11.42,6.201
P08,timestamp_manual,Agem Kanan,2,Gerak,T3,kiri (A1),0.0,490.1,False,False,13.221,4.069
P08,timestamp_manual,Agem Kanan,2,Gerak,T5,kiri (A1),0.969,11.3,False,False,-48.031,-47.566
P08,timestamp_manual,Agem Kanan,2,Gerak,Fp2,kanan (A2),0.0,767.5,False,False,22.314,13.276
P08,timestamp_manual,Agem Kanan,2,Gerak,F4,kanan (A2),0.354,649.6,False,False,28.01,27.08
P08,timestamp_manual,Agem Kanan,2,Gerak,C4,kanan (A2),0.385,562.9,False,False,10.222,15.713
P08,timestamp_manual,Agem Kanan,2,Gerak,P4,kanan (A2),0.431,594.3,False,False,13.562,17.493
P08,timestamp_manual,Agem Kanan,2,Gerak,O2,kanan (A2),0.431,621.8,False,False,17.327,22.254
P08,timestamp_manual,Agem Kanan,2,Gerak,F8,kanan (A2),0.0,656.6,False,False,20.886,18.23
P08,timestamp_manual,Agem Kanan,2,Gerak,T4,kanan (A2),0.0,613.8,False,False,26.538,22.864
P08,timestamp_manual,Agem Kanan,2,Gerak,T6,kanan (A2),0.277,662.1,False,False,25.851,17.727
P08,timestamp_manual,Agem Kanan,2,Tahan,Fp1,kiri (A1),0.252,211.8,False,False,4.459,-2.581
P08,timestamp_manual,Agem Kanan,2,Tahan,F3,kiri (A1),0.272,134.2,False,False,-2.388,0.598
P08,timestamp_manual,Agem Kanan,2,Tahan,C3,kiri (A1),0.209,136.7,False,False,-0.791,1.769
P08,timestamp_manual,Agem Kanan,2,Tahan,P3,kiri (A1),0.209,100.2,False,False,-0.197,2.24
P08,timestamp_manual,Agem Kanan,2,Tahan,O1,kiri (A1),0.283,182.6,False,False,-4.306,-1.535
P08,timestamp_manual,Agem Kanan,2,Tahan,F7,kiri (A1),0.335,152.6,False,False,-3.356,-0.422
P08,timestamp_manual,Agem Kanan,2,Tahan,T3,kiri (A1),0.335,351.9,False,False,-2.168,-0.241
P08,timestamp_manual,Agem Kanan,2,Tahan,T5,kiri (A1),0.066,70.8,False,True,7.531,3.4
P08,timestamp_manual,Agem Kanan,2,Tahan,Fp2,kanan (A2),0.0,610.1,False,False,15.033,12.367
P08,timestamp_manual,Agem Kanan,2,Tahan,F4,kanan (A2),0.02,447.7,False,False,15.767,18.572
P08,timestamp_manual,Agem Kanan,2,Tahan,C4,kanan (A2),0.094,152.3,False,False,2.943,2.529
P08,timestamp_manual,Agem Kanan,2,Tahan,P4,kanan (A2),0.031,165.0,False,False,5.46,6.929
P08,timestamp_manual,Agem Kanan,2,Tahan,O2,kanan (A2),0.0,223.0,False,False,9.604,12.048
P08,timestamp_manual,Agem Kanan,2,Tahan,F8,kanan (A2),0.0,579.1,False,False,11.329,6.964
P08,timestamp_manual,Agem Kanan,2,Tahan,T4,kanan (A2),0.0,537.3,False,False,17.944,9.267
P08,timestamp_manual,Agem Kanan,2,Tahan,T6,kanan (A2),0.0,293.3,False,False,13.65,4.835
P08,timestamp_manual,Agem Kanan,2,Naik,Fp1,kiri (A1),0.0,223.2,False,False,-1.085,2.142
P08,timestamp_manual,Agem Kanan,2,Naik,F3,kiri (A1),0.626,77.5,False,False,-22.368,-43.965
P08,timestamp_manual,Agem Kanan,2,Naik,C3,kiri (A1),0.733,86.3,False,False,-37.428,-47.127
P08,timestamp_manual,Agem Kanan,2,Naik,P3,kiri (A1),0.84,33.3,False,False,-50.064,-56.865
P08,timestamp_manual,Agem Kanan,2,Naik,O1,kiri (A1),0.107,272.6,False,False,-8.721,-10.688
P08,timestamp_manual,Agem Kanan,2,Naik,F7,kiri (A1),0.305,159.1,False,False,-11.723,-14.915
P08,timestamp_manual,Agem Kanan,2,Naik,T3,kiri (A1),0.412,180.6,False,False,-12.216,-23.221
P08,timestamp_manual,Agem Kanan,2,Naik,T5,kiri (A1),0.321,337.1,False,False,-12.41,-19.478
P08,timestamp_manual,Agem Kanan,2,Naik,Fp2,kanan (A2),0.0,375.6,False,False,5.123,1.824
P08,timestamp_manual,Agem Kanan,2,Naik,F4,kanan (A2),0.321,158.0,False,False,-2.563,1.947
P08,timestamp_manual,Agem Kanan,2,Naik,C4,kanan (A2),0.107,70.9,False,False,-4.402,-6.079
P08,timestamp_manual,Agem Kanan,2,Naik,P4,kanan (A2),0.107,80.7,False,False,-4.295,-5.302
P08,timestamp_manual,Agem Kanan,2,Naik,O2,kanan (A2),0.214,201.3,False,False,-2.893,-1.688
P08,timestamp_manual,Agem Kanan,2,Naik,F8,kanan (A2),0.0,579.1,False,False,19.731,5.745
P08,timestamp_manual,Agem Kanan,2,Naik,T4,kanan (A2),0.0,333.7,False,False,7.786,4.307
P08,timestamp_manual,Agem Kanan,2,Naik,T6,kanan (A2),0.0,497.5,False,False,9.868,-2.362
P08,timestamp_manual,Agem Kanan,2,Berdiri,Fp1,kiri (A1),0.447,319.3,False,False,8.903,-1.734
P08,timestamp_manual,Agem Kanan,2,Berdiri,F3,kiri (A1),0.106,279.8,False,False,9.952,1.042
P08,timestamp_manual,Agem Kanan,2,Berdiri,C3,kiri (A1),0.001,206.7,False,False,6.6,1.112
P08,timestamp_manual,Agem Kanan,2,Berdiri,P3,kiri (A1),0.028,169.8,False,False,5.332,0.682
P08,timestamp_manual,Agem Kanan,2,Berdiri,O1,kiri (A1),0.185,560.7,False,False,12.702,1.889
P08,timestamp_manual,Agem Kanan,2,Berdiri,F7,kiri (A1),0.105,377.6,False,False,11.262,0.863
P08,timestamp_manual,Agem Kanan,2,Berdiri,T3,kiri (A1),0.185,412.4,False,False,11.262,0.722
P08,timestamp_manual,Agem Kanan,2,Berdiri,T5,kiri (A1),0.184,337.6,False,False,10.103,19.41
P08,timestamp_manual,Agem Kanan,2,Berdiri,Fp2,kanan (A2),0.0,376.0,False,False,15.72,3.397
P08,timestamp_manual,Agem Kanan,2,Berdiri,F4,kanan (A2),0.0,158.7,False,False,10.065,6.651
P08,timestamp_manual,Agem Kanan,2,Berdiri,C4,kanan (A2),0.342,75.9,False,False,-0.075,-2.864
P08,timestamp_manual,Agem Kanan,2,Berdiri,P4,kanan (A2),0.368,74.6,False,False,2.824,-2.204
P08,timestamp_manual,Agem Kanan,2,Berdiri,O2,kanan (A2),0.0,201.3,False,False,10.698,12.341
P08,timestamp_manual,Agem Kanan,2,Berdiri,F8,kanan (A2),0.0,267.3,False,False,11.953,3.392
P08,timestamp_manual,Agem Kanan,2,Berdiri,T4,kanan (A2),0.0,416.7,False,False,18.575,10.134
P08,timestamp_manual,Agem Kanan,2,Berdiri,T6,kanan (A2),0.0,497.5,False,False,9.758,6.584
P08,timestamp_manual,Agem Kiri,1,Gerak,Fp1,kiri (A1),0.0,374.9,False,False,13.307,3.1
P08,timestamp_manual,Agem Kiri,1,Gerak,F3,kiri (A1),0.617,89.3,False,False,0.189,-5.765
P08,timestamp_manual,Agem Kiri,1,Gerak,C3,kiri (A1),0.524,80.4,False,False,-2.646,-8.805
P08,timestamp_manual,Agem Kiri,1,Gerak,P3,kiri (A1),0.588,55.9,False,False,-8.279,-7.984
P08,timestamp_manual,Agem Kiri,1,Gerak,O1,kiri (A1),0.22,194.9,False,False,1.493,-0.665
P08,timestamp_manual,Agem Kiri,1,Gerak,F7,kiri (A1),0.22,232.9,False,False,3.843,-0.078
P08,timestamp_manual,Agem Kiri,1,Gerak,T3,kiri (A1),0.412,225.6,False,False,4.907,-3.696
P08,timestamp_manual,Agem Kiri,1,Gerak,T5,kiri (A1),0.204,185.3,False,False,10.393,7.485
P08,timestamp_manual,Agem Kiri,1,Gerak,Fp2,kanan (A2),0.0,414.0,False,False,16.867,3.741
P08,timestamp_manual,Agem Kiri,1,Gerak,F4,kanan (A2),0.064,131.5,False,True,12.148,5.596
P08,timestamp_manual,Agem Kiri,1,Gerak,C4,kanan (A2),0.0,118.0,False,True,10.811,-0.838
P08,timestamp_manual,Agem Kiri,1,Gerak,P4,kanan (A2),0.077,110.0,False,True,12.684,1.12
P08,timestamp_manual,Agem Kiri,1,Gerak,O2,kanan (A2),0.0,245.1,False,False,18.972,12.228
P08,timestamp_manual,Agem Kiri,1,Gerak,F8,kanan (A2),0.0,210.8,False,False,15.728,3.592
P08,timestamp_manual,Agem Kiri,1,Gerak,T4,kanan (A2),0.0,384.4,False,False,21.068,8.473
P08,timestamp_manual,Agem Kiri,1,Gerak,T6,kanan (A2),0.0,350.7,False,False,20.721,6.253
P08,timestamp_manual,Agem Kiri,1,Tahan,Fp1,kiri (A1),0.0,300.4,False,False,4.709,3.992
P08,timestamp_manual,Agem Kiri,1,Tahan,F3,kiri (A1),0.263,242.3,False,False,1.717,1.413
P08,timestamp_manual,Agem Kiri,1,Tahan,C3,kiri (A1),0.299,139.2,False,False,-6.035,-1.483
P08,timestamp_manual,Agem Kiri,1,Tahan,P3,kiri (A1),0.478,97.9,False,False,-5.048,-2.077
P08,timestamp_manual,Agem Kiri,1,Tahan,O1,kiri (A1),0.0,181.7,False,False,0.299,1.509
P08,timestamp_manual,Agem Kiri,1,Tahan,F7,kiri (A1),0.0,150.8,False,False,-0.585,1.679
P08,timestamp_manual,Agem Kiri,1,Tahan,T3,kiri (A1),0.047,142.4,False,True,-1.595,0.825
P08,timestamp_manual,Agem Kiri,1,Tahan,T5,kiri (A1),0.838,53.8,False,False,-9.149,-9.023
P08,timestamp_manual,Agem Kiri,1,Tahan,Fp2,kanan (A2),0.0,643.5,False,False,15.468,5.767
P08,timestamp_manual,Agem Kiri,1,Tahan,F4,kanan (A2),0.612,73.1,False,False,1.669,6.404
P08,timestamp_manual,Agem Kiri,1,Tahan,C4,kanan (A2),0.827,23.7,False,False,-19.666,-17.43
P08,timestamp_manual,Agem Kiri,1,Tahan,P4,kanan (A2),0.953,14.1,False,False,-21.031,-27.345
P08,timestamp_manual,Agem Kiri,1,Tahan,O2,kanan (A2),0.54,376.8,False,False,11.694,10.679
P08,timestamp_manual,Agem Kiri,1,Tahan,F8,kanan (A2),0.396,118.4,False,False,7.358,-3.221
P08,timestamp_manual,Agem Kiri,1,Tahan,T4,kanan (A2),0.0,332.3,False,False,16.753,7.382
P08,timestamp_manual,Agem Kiri,1,Tahan,T6,kanan (A2),0.612,121.0,False,False,1.887,-8.553
P08,timestamp_manual,Agem Kiri,1,Naik,Fp1,kiri (A1),0.0,497.0,False,False,13.217,1.031
P08,timestamp_manual,Agem Kiri,1,Naik,F3,kiri (A1),0.0,453.3,False,False,12.066,4.124
P08,timestamp_manual,Agem Kiri,1,Naik,C3,kiri (A1),0.0,452.3,False,False,14.285,2.56
P08,timestamp_manual,Agem Kiri,1,Naik,P3,kiri (A1),0.0,447.5,False,False,15.228,3.06
P08,timestamp_manual,Agem Kiri,1,Naik,O1,kiri (A1),0.0,535.8,False,False,9.688,1.774
P08,timestamp_manual,Agem Kiri,1,Naik,F7,kiri (A1),0.0,472.9,False,False,11.594,2.471
P08,timestamp_manual,Agem Kiri,1,Naik,T3,kiri (A1),0.0,445.0,False,False,9.781,2.816
P08,timestamp_manual,Agem Kiri,1,Naik,T5,kiri (A1),0.0,220.0,False,False,12.781,11.107
P08,timestamp_manual,Agem Kiri,1,Naik,Fp2,kanan (A2),0.0,528.4,False,False,15.034,4.92
P08,timestamp_manual,Agem Kiri,1,Naik,F4,kanan (A2),0.0,459.4,False,False,15.549,13.517
P08,timestamp_manual,Agem Kiri,1,Naik,C4,kanan (A2),0.253,254.4,False,False,11.497,-0.859
P08,timestamp_manual,Agem Kiri,1,Naik,P4,kanan (A2),0.338,231.7,False,False,13.361,10.555
P08,timestamp_manual,Agem Kiri,1,Naik,O2,kanan (A2),0.0,270.1,False,False,15.574,15.928
P08,timestamp_manual,Agem Kiri,1,Naik,F8,kanan (A2),0.0,401.5,False,False,17.008,10.606
P08,timestamp_manual,Agem Kiri,1,Naik,T4,kanan (A2),0.0,487.8,False,False,25.177,14.486
P08,timestamp_manual,Agem Kiri,1,Naik,T6,kanan (A2),0.0,427.5,False,False,23.604,9.476
P08,timestamp_manual,Agem Kiri,1,Berdiri,Fp1,kiri (A1),0.031,360.2,False,False,5.683,0.381
P08,timestamp_manual,Agem Kiri,1,Berdiri,F3,kiri (A1),0.508,390.8,False,False,9.686,-2.751
P08,timestamp_manual,Agem Kiri,1,Berdiri,C3,kiri (A1),0.256,410.7,False,False,11.434,-1.823
P08,timestamp_manual,Agem Kiri,1,Berdiri,P3,kiri (A1),0.256,409.3,False,False,11.72,-1.326
P08,timestamp_manual,Agem Kiri,1,Berdiri,O1,kiri (A1),0.22,444.2,False,False,7.652,-3.285
P08,timestamp_manual,Agem Kiri,1,Berdiri,F7,kiri (A1),0.252,400.3,False,False,7.88,-1.691
P08,timestamp_manual,Agem Kiri,1,Berdiri,T3,kiri (A1),0.189,377.0,False,False,6.155,-3.699
P08,timestamp_manual,Agem Kiri,1,Berdiri,T5,kiri (A1),0.005,204.5,False,False,11.712,4.684
P08,timestamp_manual,Agem Kiri,1,Berdiri,Fp2,kanan (A2),0.0,418.5,False,False,13.978,3.737
P08,timestamp_manual,Agem Kiri,1,Berdiri,F4,kanan (A2),0.005,327.3,False,False,16.337,6.544
P08,timestamp_manual,Agem Kiri,1,Berdiri,C4,kanan (A2),0.0,254.4,False,False,10.755,2.81
P08,timestamp_manual,Agem Kiri,1,Berdiri,P4,kanan (A2),0.0,224.0,False,False,11.52,3.506
P08,timestamp_manual,Agem Kiri,1,Berdiri,O2,kanan (A2),0.0,227.6,False,False,16.126,7.967
P08,timestamp_manual,Agem Kiri,1,Berdiri,F8,kanan (A2),0.0,308.4,False,False,15.032,7.714
P08,timestamp_manual,Agem Kiri,1,Berdiri,T4,kanan (A2),0.0,325.8,False,False,16.825,8.783
P08,timestamp_manual,Agem Kiri,1,Berdiri,T6,kanan (A2),0.0,401.5,False,False,13.548,2.773
P08,timestamp_manual,Agem Kiri,2,Gerak,Fp1,kiri (A1),0.0,409.1,False,False,13.809,5.016
P08,timestamp_manual,Agem Kiri,2,Gerak,F3,kiri (A1),0.323,148.5,False,False,1.639,-4.079
P08,timestamp_manual,Agem Kiri,2,Gerak,C3,kiri (A1),0.549,82.8,False,False,-2.609,-8.646
P08,timestamp_manual,Agem Kiri,2,Gerak,P3,kiri (A1),0.624,49.5,False,False,-7.243,-12.112
P08,timestamp_manual,Agem Kiri,2,Gerak,O1,kiri (A1),0.0,346.6,False,False,10.045,1.549
P08,timestamp_manual,Agem Kiri,2,Gerak,F7,kiri (A1),0.026,292.0,False,False,6.63,1.467
P08,timestamp_manual,Agem Kiri,2,Gerak,T3,kiri (A1),0.0,305.5,False,False,8.586,1.539
P08,timestamp_manual,Agem Kiri,2,Gerak,T5,kiri (A1),0.222,452.7,False,False,18.232,14.541
P08,timestamp_manual,Agem Kiri,2,Gerak,Fp2,kanan (A2),0.0,486.9,False,False,17.621,10.793
P08,timestamp_manual,Agem Kiri,2,Gerak,F4,kanan (A2),0.15,65.6,False,False,1.113,6.532
P08,timestamp_manual,Agem Kiri,2,Gerak,C4,kanan (A2),0.0,85.7,False,True,7.158,2.153
P08,timestamp_manual,Agem Kiri,2,Gerak,P4,kanan (A2),0.0,63.5,False,True,5.267,1.381
P08,timestamp_manual,Agem Kiri,2,Gerak,O2,kanan (A2),0.0,73.3,False,True,6.476,9.397
P08,timestamp_manual,Agem Kiri,2,Gerak,F8,kanan (A2),0.0,189.8,False,False,12.673,6.976
P08,timestamp_manual,Agem Kiri,2,Gerak,T4,kanan (A2),0.0,370.4,False,False,13.378,15.054
P08,timestamp_manual,Agem Kiri,2,Gerak,T6,kanan (A2),0.0,137.3,False,True,9.318,2.932
P08,timestamp_manual,Agem Kiri,2,Tahan,Fp1,kiri (A1),0.0,318.0,False,False,8.383,6.359
P08,timestamp_manual,Agem Kiri,2,Tahan,F3,kiri (A1),0.157,191.0,False,False,-0.674,-1.931
P08,timestamp_manual,Agem Kiri,2,Tahan,C3,kiri (A1),0.521,111.1,False,False,-8.44,-8.809
P08,timestamp_manual,Agem Kiri,2,Tahan,P3,kiri (A1),0.71,46.2,False,False,-17.801,-14.985
P08,timestamp_manual,Agem Kiri,2,Tahan,O1,kiri (A1),0.0,267.0,False,False,6.103,4.303
P08,timestamp_manual,Agem Kiri,2,Tahan,F7,kiri (A1),0.0,235.0,False,False,4.468,3.623
P08,timestamp_manual,Agem Kiri,2,Tahan,T3,kiri (A1),0.0,235.2,False,False,3.011,2.571
P08,timestamp_manual,Agem Kiri,2,Tahan,T5,kiri (A1),0.951,56.1,False,False,-25.849,-31.074
P08,timestamp_manual,Agem Kiri,2,Tahan,Fp2,kanan (A2),0.0,436.3,False,False,12.317,8.604
P08,timestamp_manual,Agem Kiri,2,Tahan,F4,kanan (A2),0.605,194.3,False,False,3.275,11.673
P08,timestamp_manual,Agem Kiri,2,Tahan,C4,kanan (A2),0.762,83.7,False,False,-12.746,-4.042
P08,timestamp_manual,Agem Kiri,2,Tahan,P4,kanan (A2),0.731,81.6,False,False,-10.268,-3.009
P08,timestamp_manual,Agem Kiri,2,Tahan,O2,kanan (A2),0.573,141.3,False,False,-0.246,8.317
P08,timestamp_manual,Agem Kiri,2,Tahan,F8,kanan (A2),0.227,300.4,False,False,4.48,9.793
P08,timestamp_manual,Agem Kiri,2,Tahan,T4,kanan (A2),0.0,591.0,False,False,19.706,17.715
P08,timestamp_manual,Agem Kiri,2,Tahan,T6,kanan (A2),0.668,85.5,False,False,-4.912,-3.385
P08,timestamp_manual,Agem Kiri,2,Naik,Fp1,kiri (A1),0.0,340.9,False,False,7.673,5.644
P08,timestamp_manual,Agem Kiri,2,Naik,F3,kiri (A1),0.0,273.0,False,False,7.034,5.541
P08,timestamp_manual,Agem Kiri,2,Naik,C3,kiri (A1),0.0,222.5,False,False,2.12,2.348
P08,timestamp_manual,Agem Kiri,2,Naik,P3,kiri (A1),0.0,169.0,False,False,3.221,-0.83
P08,timestamp_manual,Agem Kiri,2,Naik,O1,kiri (A1),0.0,438.6,False,False,7.813,4.188
P08,timestamp_manual,Agem Kiri,2,Naik,F7,kiri (A1),0.0,390.4,False,False,6.759,4.034
P08,timestamp_manual,Agem Kiri,2,Naik,T3,kiri (A1),0.0,354.2,False,False,6.398,4.96
P08,timestamp_manual,Agem Kiri,2,Naik,T5,kiri (A1),0.772,16.0,False,False,-17.874,-11.62
P08,timestamp_manual,Agem Kiri,2,Naik,Fp2,kanan (A2),0.0,364.2,False,False,12.128,7.703
P08,timestamp_manual,Agem Kiri,2,Naik,F4,kanan (A2),0.493,204.3,False,False,8.962,7.822
P08,timestamp_manual,Agem Kiri,2,Naik,C4,kanan (A2),0.772,35.2,False,False,-20.876,-15.367
P08,timestamp_manual,Agem Kiri,2,Naik,P4,kanan (A2),0.586,64.9,False,False,-11.072,-7.732
P08,timestamp_manual,Agem Kiri,2,Naik,O2,kanan (A2),0.493,217.4,False,False,4.414,6.362
P08,timestamp_manual,Agem Kiri,2,Naik,F8,kanan (A2),0.372,425.9,False,False,18.897,10.639
P08,timestamp_manual,Agem Kiri,2,Naik,T4,kanan (A2),0.0,750.7,False,False,21.562,16.367
P08,timestamp_manual,Agem Kiri,2,Naik,T6,kanan (A2),0.4,229.4,False,False,13.029,0.545
P08,timestamp_manual,Agem Kiri,2,Berdiri,Fp1,kiri (A1),0.047,421.8,False,False,10.237,0.551
P08,timestamp_manual,Agem Kiri,2,Berdiri,F3,kiri (A1),0.0,468.3,False,False,14.437,5.861
P08,timestamp_manual,Agem Kiri,2,Berdiri,C3,kiri (A1),0.0,367.4,False,False,13.055,5.965
P08,timestamp_manual,Agem Kiri,2,Berdiri,P3,kiri (A1),0.0,300.9,False,False,12.836,5.731
P08,timestamp_manual,Agem Kiri,2,Berdiri,O1,kiri (A1),0.0,686.8,False,False,14.361,3.685
P08,timestamp_manual,Agem Kiri,2,Berdiri,F7,kiri (A1),0.0,574.2,False,False,15.062,5.85
P08,timestamp_manual,Agem Kiri,2,Berdiri,T3,kiri (A1),0.0,558.5,False,False,14.17,4.798
P08,timestamp_manual,Agem Kiri,2,Berdiri,T5,kiri (A1),0.048,47.6,False,True,2.839,2.728
P08,timestamp_manual,Agem Kiri,2,Berdiri,Fp2,kanan (A2),0.0,426.4,False,False,16.115,6.348
P08,timestamp_manual,Agem Kiri,2,Berdiri,F4,kanan (A2),0.0,204.3,False,False,14.38,11.271
P08,timestamp_manual,Agem Kiri,2,Berdiri,C4,kanan (A2),0.741,117.8,False,False,-6.567,0.029
P08,timestamp_manual,Agem Kiri,2,Berdiri,P4,kanan (A2),0.74,70.6,False,False,-2.049,-5.399
P08,timestamp_manual,Agem Kiri,2,Berdiri,O2,kanan (A2),0.0,297.6,False,False,14.254,12.559
P08,timestamp_manual,Agem Kiri,2,Berdiri,F8,kanan (A2),0.0,265.6,False,False,13.149,6.942
P08,timestamp_manual,Agem Kiri,2,Berdiri,T4,kanan (A2),0.0,544.8,False,False,20.428,12.186
P08,timestamp_manual,Agem Kiri,2,Berdiri,T6,kanan (A2),0.0,240.1,False,False,14.526,5.703
P08,timestamp_manual,Ngeed,3,Gerak,Fp1,kiri (A1),0.0,210.0,False,False,11.276,-2.212
P08,timestamp_manual,Ngeed,3,Gerak,F3,kiri (A1),0.0,151.9,False,False,8.679,-5.277
P08,timestamp_manual,Ngeed,3,Gerak,C3,kiri (A1),0.124,126.5,False,False,7.433,-7.265
P08,timestamp_manual,Ngeed,3,Gerak,P3,kiri (A1),0.161,112.9,False,False,8.29,-5.631
P08,timestamp_manual,Ngeed,3,Gerak,O1,kiri (A1),0.0,272.8,False,False,13.598,-2.887
P08,timestamp_manual,Ngeed,3,Gerak,F7,kiri (A1),0.0,173.0,False,False,10.231,-5.306
P08,timestamp_manual,Ngeed,3,Gerak,T3,kiri (A1),0.0,205.1,False,False,11.656,-3.139
P08,timestamp_manual,Ngeed,3,Gerak,T5,kiri (A1),0.907,5.1,False,False,-34.792,-45.297
P08,timestamp_manual,Ngeed,3,Gerak,Fp2,kanan (A2),0.0,139.6,False,True,12.503,1.111
P08,timestamp_manual,Ngeed,3,Gerak,F4,kanan (A2),0.0,93.8,False,True,12.679,6.019
P08,timestamp_manual,Ngeed,3,Gerak,C4,kanan (A2),0.0,82.6,False,True,9.246,-0.299
P08,timestamp_manual,Ngeed,3,Gerak,P4,kanan (A2),0.0,44.4,False,True,6.9,-0.859
P08,timestamp_manual,Ngeed,3,Gerak,O2,kanan (A2),0.0,55.8,False,True,5.252,4.037
P08,timestamp_manual,Ngeed,3,Gerak,F8,kanan (A2),0.0,116.6,False,True,11.453,1.907
P08,timestamp_manual,Ngeed,3,Gerak,T4,kanan (A2),0.0,131.8,False,True,13.651,3.995
P08,timestamp_manual,Ngeed,3,Gerak,T6,kanan (A2),0.286,45.6,False,False,-0.437,-6.385
P08,timestamp_manual,Ngeed,3,Tahan,Fp1,kiri (A1),0.571,70.7,False,False,-9.333,-13.068
P08,timestamp_manual,Ngeed,3,Tahan,F3,kiri (A1),0.605,120.9,False,False,-9.464,-11.841
P08,timestamp_manual,Ngeed,3,Tahan,C3,kiri (A1),0.336,138.4,False,False,-1.826,-4.961
P08,timestamp_manual,Ngeed,3,Tahan,P3,kiri (A1),0.504,115.9,False,False,-1.844,-6.292
P08,timestamp_manual,Ngeed,3,Tahan,O1,kiri (A1),0.034,134.9,False,True,-3.389,-5.515
P08,timestamp_manual,Ngeed,3,Tahan,F7,kiri (A1),0.605,118.4,False,False,-11.226,-12.684
P08,timestamp_manual,Ngeed,3,Tahan,T3,kiri (A1),0.336,101.2,False,False,-8.881,-8.467
P08,timestamp_manual,Ngeed,3,Tahan,T5,kiri (A1),0.276,42.9,False,False,-2.963,1.753
P08,timestamp_manual,Ngeed,3,Tahan,Fp2,kanan (A2),0.0,257.2,False,False,9.434,3.47
P08,timestamp_manual,Ngeed,3,Tahan,F4,kanan (A2),0.303,111.0,False,False,1.184,2.864
P08,timestamp_manual,Ngeed,3,Tahan,C4,kanan (A2),0.0,69.5,False,True,4.063,3.482
P08,timestamp_manual,Ngeed,3,Tahan,P4,kanan (A2),0.0,57.2,False,True,3.956,3.135
P08,timestamp_manual,Ngeed,3,Tahan,O2,kanan (A2),0.0,105.8,False,True,9.54,7.293
P08,timestamp_manual,Ngeed,3,Tahan,F8,kanan (A2),0.0,108.7,False,True,7.528,3.765
P08,timestamp_manual,Ngeed,3,Tahan,T4,kanan (A2),0.0,203.8,False,False,8.198,5.989
P08,timestamp_manual,Ngeed,3,Tahan,T6,kanan (A2),0.269,35.2,False,False,-3.358,-4.164
P08,timestamp_manual,Ngeed,3,Naik,Fp1,kiri (A1),0.0,125.9,False,True,0.698,-1.289
P08,timestamp_manual,Ngeed,3,Naik,F3,kiri (A1),0.0,140.4,False,True,6.428,-0.371
P08,timestamp_manual,Ngeed,3,Naik,C3,kiri (A1),0.0,150.8,False,False,7.945,0.591
P08,timestamp_manual,Ngeed,3,Naik,P3,kiri (A1),0.0,127.4,False,True,8.39,0.967
P08,timestamp_manual,Ngeed,3,Naik,O1,kiri (A1),0.0,177.1,False,False,6.464,-2.077
P08,timestamp_manual,Ngeed,3,Naik,F7,kiri (A1),0.0,152.6,False,False,5.849,-1.286
P08,timestamp_manual,Ngeed,3,Naik,T3,kiri (A1),0.0,160.7,False,False,6.48,-2.571
P08,timestamp_manual,Ngeed,3,Naik,T5,kiri (A1),0.0,34.4,False,True,2.049,-0.874
P08,timestamp_manual,Ngeed,3,Naik,Fp2,kanan (A2),0.0,115.6,False,True,3.999,3.965
P08,timestamp_manual,Ngeed,3,Naik,F4,kanan (A2),0.0,61.5,False,True,-1.657,2.03
P08,timestamp_manual,Ngeed,3,Naik,C4,kanan (A2),0.0,81.0,False,True,7.287,2.559
P08,timestamp_manual,Ngeed,3,Naik,P4,kanan (A2),0.0,48.3,False,True,4.279,2.968
P08,timestamp_manual,Ngeed,3,Naik,O2,kanan (A2),0.0,92.3,False,True,3.485,4.407
P08,timestamp_manual,Ngeed,3,Naik,F8,kanan (A2),0.0,69.7,False,True,7.986,0.913
P08,timestamp_manual,Ngeed,3,Naik,T4,kanan (A2),0.0,88.2,False,True,4.949,0.107
P08,timestamp_manual,Ngeed,3,Naik,T6,kanan (A2),0.0,50.9,False,True,2.793,-4.24
P08,timestamp_manual,Ngeed,3,Berdiri,Fp1,kiri (A1),0.026,279.9,False,False,6.619,2.398
P08,timestamp_manual,Ngeed,3,Berdiri,F3,kiri (A1),0.205,298.1,False,False,7.497,0.726
P08,timestamp_manual,Ngeed,3,Berdiri,C3,kiri (A1),0.231,252.8,False,False,7.309,0.056
P08,timestamp_manual,Ngeed,3,Berdiri,P3,kiri (A1),0.282,262.3,False,False,9.022,0.075
P08,timestamp_manual,Ngeed,3,Berdiri,O1,kiri (A1),0.0,465.0,False,False,9.812,2.732
P08,timestamp_manual,Ngeed,3,Berdiri,F7,kiri (A1),0.154,356.5,False,False,8.587,1.188
P08,timestamp_manual,Ngeed,3,Berdiri,T3,kiri (A1),0.0,337.4,False,False,7.987,3.15
P08,timestamp_manual,Ngeed,3,Berdiri,T5,kiri (A1),0.436,78.5,False,False,1.415,-2.612
P08,timestamp_manual,Ngeed,3,Berdiri,Fp2,kanan (A2),0.0,236.4,False,False,10.856,-0.266
P08,timestamp_manual,Ngeed,3,Berdiri,F4,kanan (A2),0.0,122.8,False,True,9.951,4.672
P08,timestamp_manual,Ngeed,3,Berdiri,C4,kanan (A2),0.0,249.6,False,False,12.481,1.839
P08,timestamp_manual,Ngeed,3,Berdiri,P4,kanan (A2),0.0,157.0,False,False,10.447,2.07
P08,timestamp_manual,Ngeed,3,Berdiri,O2,kanan (A2),0.128,204.0,False,False,15.231,5.675
P08,timestamp_manual,Ngeed,3,Berdiri,F8,kanan (A2),0.0,146.6,False,True,8.347,2.433
P08,timestamp_manual,Ngeed,3,Berdiri,T4,kanan (A2),0.0,215.8,False,False,11.552,3.499
P08,timestamp_manual,Ngeed,3,Berdiri,T6,kanan (A2),0.411,162.1,False,False,12.661,-3.727
P08,timestamp_manual,Ngeed,4,Gerak,Fp1,kiri (A1),0.272,209.0,False,False,7.427,-1.428
P08,timestamp_manual,Ngeed,4,Gerak,F3,kiri (A1),0.298,150.6,False,False,2.694,-1.787
P08,timestamp_manual,Ngeed,4,Gerak,C3,kiri (A1),0.114,146.2,False,False,2.304,-0.816
P08,timestamp_manual,Ngeed,4,Gerak,P3,kiri (A1),0.202,121.5,False,False,2.419,-0.783
P08,timestamp_manual,Ngeed,4,Gerak,O1,kiri (A1),0.0,349.1,False,False,10.736,2.926
P08,timestamp_manual,Ngeed,4,Gerak,F7,kiri (A1),0.386,177.3,False,False,6.038,-3.283
P08,timestamp_manual,Ngeed,4,Gerak,T3,kiri (A1),0.009,211.5,False,False,6.143,-1.098
P08,timestamp_manual,Ngeed,4,Gerak,T5,kiri (A1),0.026,63.5,False,True,5.918,2.966
P08,timestamp_manual,Ngeed,4,Gerak,Fp2,kanan (A2),0.0,125.6,False,True,9.845,1.838
P08,timestamp_manual,Ngeed,4,Gerak,F4,kanan (A2),0.0,90.2,False,True,0.337,0.372
P08,timestamp_manual,Ngeed,4,Gerak,C4,kanan (A2),0.0,171.0,False,False,15.649,6.169
P08,timestamp_manual,Ngeed,4,Gerak,P4,kanan (A2),0.0,117.9,False,True,11.761,6.457
P08,timestamp_manual,Ngeed,4,Gerak,O2,kanan (A2),0.0,198.7,False,False,19.094,7.675
P08,timestamp_manual,Ngeed,4,Gerak,F8,kanan (A2),0.0,117.9,False,True,9.995,3.987
P08,timestamp_manual,Ngeed,4,Gerak,T4,kanan (A2),0.0,140.9,False,True,11.169,5.447
P08,timestamp_manual,Ngeed,4,Gerak,T6,kanan (A2),0.026,122.4,False,True,12.682,0.439
P08,timestamp_manual,Ngeed,4,Tahan,Fp1,kiri (A1),0.307,121.3,False,False,-4.838,-3.327
P08,timestamp_manual,Ngeed,4,Tahan,F3,kiri (A1),0.123,142.4,False,False,-2.447,-0.485
P08,timestamp_manual,Ngeed,4,Tahan,C3,kiri (A1),0.0,153.4,False,False,-0.464,0.673
P08,timestamp_manual,Ngeed,4,Tahan,P3,kiri (A1),0.0,129.5,False,True,-0.383,1.32
P08,timestamp_manual,Ngeed,4,Tahan,O1,kiri (A1),0.0,205.6,False,False,-1.803,-0.4
P08,timestamp_manual,Ngeed,4,Tahan,F7,kiri (A1),0.184,143.2,False,False,-3.678,-0.881
P08,timestamp_manual,Ngeed,4,Tahan,T3,kiri (A1),0.123,163.4,False,False,-2.323,-0.192
P08,timestamp_manual,Ngeed,4,Tahan,T5,kiri (A1),0.0,58.7,False,True,-4.175,1.834
P08,timestamp_manual,Ngeed,4,Tahan,Fp2,kanan (A2),0.0,140.5,False,True,1.238,1.646
P08,timestamp_manual,Ngeed,4,Tahan,F4,kanan (A2),0.0,90.2,False,True,4.115,5.129
P08,timestamp_manual,Ngeed,4,Tahan,C4,kanan (A2),0.0,132.9,False,True,4.266,5.5
P08,timestamp_manual,Ngeed,4,Tahan,P4,kanan (A2),0.0,120.5,False,True,4.66,6.024
P08,timestamp_manual,Ngeed,4,Tahan,O2,kanan (A2),0.0,128.3,False,True,6.445,7.718
P08,timestamp_manual,Ngeed,4,Tahan,F8,kanan (A2),0.0,125.9,False,True,3.908,4.053
P08,timestamp_manual,Ngeed,4,Tahan,T4,kanan (A2),0.0,189.5,False,False,3.594,7.995
P08,timestamp_manual,Ngeed,4,Tahan,T6,kanan (A2),0.0,103.6,False,True,3.539,-0.026
P08,timestamp_manual,Ngeed,4,Naik,Fp1,kiri (A1),0.0,143.6,False,True,-3.523,-1.106
P08,timestamp_manual,Ngeed,4,Naik,F3,kiri (A1),0.0,189.4,False,False,-3.201,-0.194
P08,timestamp_manual,Ngeed,4,Naik,C3,kiri (A1),0.0,163.3,False,False,-1.825,0.883
P08,timestamp_manual,Ngeed,4,Naik,P3,kiri (A1),0.0,156.5,False,False,-0.665,2.399
P08,timestamp_manual,Ngeed,4,Naik,O1,kiri (A1),0.0,273.5,False,False,-1.032,1.528
P08,timestamp_manual,Ngeed,4,Naik,F7,kiri (A1),0.0,167.7,False,False,-3.854,-0.061
P08,timestamp_manual,Ngeed,4,Naik,T3,kiri (A1),0.0,224.2,False,False,-2.293,1.56
P08,timestamp_manual,Ngeed,4,Naik,T5,kiri (A1),0.0,27.7,False,True,-6.681,1.134
P08,timestamp_manual,Ngeed,4,Naik,Fp2,kanan (A2),0.0,122.6,False,True,-1.137,0.57
P08,timestamp_manual,Ngeed,4,Naik,F4,kanan (A2),0.0,114.7,False,True,-2.303,2.477
P08,timestamp_manual,Ngeed,4,Naik,C4,kanan (A2),0.0,107.6,False,True,2.494,3.347
P08,timestamp_manual,Ngeed,4,Naik,P4,kanan (A2),0.0,63.6,False,True,-4.075,2.265
P08,timestamp_manual,Ngeed,4,Naik,O2,kanan (A2),0.0,78.7,False,True,6.998,0.98
P08,timestamp_manual,Ngeed,4,Naik,F8,kanan (A2),0.0,126.1,False,True,-1.518,0.977
P08,timestamp_manual,Ngeed,4,Naik,T4,kanan (A2),0.0,127.2,False,True,1.65,-0.388
P08,timestamp_manual,Ngeed,4,Naik,T6,kanan (A2),0.0,58.7,False,True,2.349,-2.853
P08,timestamp_manual,Ngeed,4,Berdiri,Fp1,kiri (A1),0.084,329.0,False,False,7.813,2.068
P08,timestamp_manual,Ngeed,4,Berdiri,F3,kiri (A1),0.415,316.2,False,False,7.542,1.512
P08,timestamp_manual,Ngeed,4,Berdiri,C3,kiri (A1),0.393,272.6,False,False,6.464,0.85
P08,timestamp_manual,Ngeed,4,Berdiri,P3,kiri (A1),0.499,259.6,False,False,8.245,1.469
P08,timestamp_manual,Ngeed,4,Berdiri,O1,kiri (A1),0.056,454.5,False,False,10.213,2.147
P08,timestamp_manual,Ngeed,4,Berdiri,F7,kiri (A1),0.331,327.4,False,False,7.74,1.581
P08,timestamp_manual,Ngeed,4,Berdiri,T3,kiri (A1),0.112,395.2,False,False,8.458,2.79
P08,timestamp_manual,Ngeed,4,Berdiri,T5,kiri (A1),0.589,54.7,False,False,-0.269,-2.963
P08,timestamp_manual,Ngeed,4,Berdiri,Fp2,kanan (A2),0.0,185.7,False,False,9.712,1.695
P08,timestamp_manual,Ngeed,4,Berdiri,F4,kanan (A2),0.0,140.0,False,True,9.168,6.602
P08,timestamp_manual,Ngeed,4,Berdiri,C4,kanan (A2),0.0,150.1,False,False,9.296,3.739
P08,timestamp_manual,Ngeed,4,Berdiri,P4,kanan (A2),0.0,98.1,False,True,7.749,3.689
P08,timestamp_manual,Ngeed,4,Berdiri,O2,kanan (A2),0.196,136.7,False,False,11.331,4.658
P08,timestamp_manual,Ngeed,4,Berdiri,F8,kanan (A2),0.0,150.7,False,False,9.272,3.792
P08,timestamp_manual,Ngeed,4,Berdiri,T4,kanan (A2),0.0,204.3,False,False,8.634,6.11
P08,timestamp_manual,Ngeed,4,Berdiri,T6,kanan (A2),0.421,91.5,False,False,5.632,-4.937
P08,timestamp_manual,Agem Kanan,3,Gerak,Fp1,kiri (A1),0.102,484.4,False,False,13.615,2.152
P08,timestamp_manual,Agem Kanan,3,Gerak,F3,kiri (A1),0.162,349.8,False,False,11.775,-3.716
P08,timestamp_manual,Agem Kanan,3,Gerak,C3,kiri (A1),0.0,332.9,False,False,12.035,-0.447
P08,timestamp_manual,Agem Kanan,3,Gerak,P3,kiri (A1),0.162,279.9,False,False,13.296,-0.241
P08,timestamp_manual,Agem Kanan,3,Gerak,O1,kiri (A1),0.0,571.3,False,False,15.393,1.702
P08,timestamp_manual,Agem Kanan,3,Gerak,F7,kiri (A1),0.162,403.7,False,False,12.847,1.706
P08,timestamp_manual,Agem Kanan,3,Gerak,T3,kiri (A1),0.102,446.5,False,False,12.148,0.546
P08,timestamp_manual,Agem Kanan,3,Gerak,T5,kiri (A1),0.0,400.7,False,False,16.794,12.416
P08,timestamp_manual,Agem Kanan,3,Gerak,Fp2,kanan (A2),0.0,655.7,False,False,25.566,6.482
P08,timestamp_manual,Agem Kanan,3,Gerak,F4,kanan (A2),0.0,354.4,False,False,22.637,12.986
P08,timestamp_manual,Agem Kanan,3,Gerak,C4,kanan (A2),0.0,345.5,False,False,21.848,5.997
P08,timestamp_manual,Agem Kanan,3,Gerak,P4,kanan (A2),0.0,364.6,False,False,23.378,8.651
P08,timestamp_manual,Agem Kanan,3,Gerak,O2,kanan (A2),0.0,418.9,False,False,27.639,16.129
P08,timestamp_manual,Agem Kanan,3,Gerak,F8,kanan (A2),0.0,625.8,False,False,24.054,10.051
P08,timestamp_manual,Agem Kanan,3,Gerak,T4,kanan (A2),0.0,546.5,False,False,25.626,9.287
P08,timestamp_manual,Agem Kanan,3,Gerak,T6,kanan (A2),0.0,634.1,False,False,29.076,15.98
P08,timestamp_manual,Agem Kanan,3,Tahan,Fp1,kiri (A1),0.036,54.3,False,True,-8.919,-11.544
P08,timestamp_manual,Agem Kanan,3,Tahan,F3,kiri (A1),0.0,75.1,False,True,-5.534,-4.342
P08,timestamp_manual,Agem Kanan,3,Tahan,C3,kiri (A1),0.0,160.2,False,False,1.13,-3.247
P08,timestamp_manual,Agem Kanan,3,Tahan,P3,kiri (A1),0.0,191.6,False,False,2.741,-2.734
P08,timestamp_manual,Agem Kanan,3,Tahan,O1,kiri (A1),0.0,101.4,False,True,-2.93,-4.549
P08,timestamp_manual,Agem Kanan,3,Tahan,F7,kiri (A1),0.0,227.8,False,False,-1.336,-4.459
P08,timestamp_manual,Agem Kanan,3,Tahan,T3,kiri (A1),0.0,169.5,False,False,-2.363,-4.851
P08,timestamp_manual,Agem Kanan,3,Tahan,T5,kiri (A1),0.0,353.1,False,False,11.639,5.028
P08,timestamp_manual,Agem Kanan,3,Tahan,Fp2,kanan (A2),0.0,306.3,False,False,10.512,6.363
P08,timestamp_manual,Agem Kanan,3,Tahan,F4,kanan (A2),0.0,360.8,False,False,16.685,17.11
P08,timestamp_manual,Agem Kanan,3,Tahan,C4,kanan (A2),0.0,306.1,False,False,9.123,6.153
P08,timestamp_manual,Agem Kanan,3,Tahan,P4,kanan (A2),0.0,331.4,False,False,14.106,9.246
P08,timestamp_manual,Agem Kanan,3,Tahan,O2,kanan (A2),0.0,281.9,False,False,12.0,15.815
P08,timestamp_manual,Agem Kanan,3,Tahan,F8,kanan (A2),0.0,400.1,False,False,16.094,7.856
P08,timestamp_manual,Agem Kanan,3,Tahan,T4,kanan (A2),0.0,420.3,False,False,9.766,10.232
P08,timestamp_manual,Agem Kanan,3,Tahan,T6,kanan (A2),0.0,408.3,False,False,21.534,3.479
P08,timestamp_manual,Agem Kanan,3,Naik,Fp1,kiri (A1),0.0,559.2,False,False,14.984,7.794
P08,timestamp_manual,Agem Kanan,3,Naik,F3,kiri (A1),0.0,543.8,False,False,15.775,9.974
P08,timestamp_manual,Agem Kanan,3,Naik,C3,kiri (A1),0.0,561.3,False,False,15.88,13.115
P08,timestamp_manual,Agem Kanan,3,Naik,P3,kiri (A1),0.0,569.4,False,False,17.501,13.832
P08,timestamp_manual,Agem Kanan,3,Naik,O1,kiri (A1),0.0,585.8,False,False,14.764,5.471
P08,timestamp_manual,Agem Kanan,3,Naik,F7,kiri (A1),0.0,712.9,False,False,15.926,10.244
P08,timestamp_manual,Agem Kanan,3,Naik,T3,kiri (A1),0.0,558.8,False,False,14.674,8.891
P08,timestamp_manual,Agem Kanan,3,Naik,T5,kiri (A1),0.0,611.1,False,False,19.714,24.622
P08,timestamp_manual,Agem Kanan,3,Naik,Fp2,kanan (A2),0.0,648.0,False,False,23.754,15.91
P08,timestamp_manual,Agem Kanan,3,Naik,F4,kanan (A2),0.0,535.8,False,False,27.365,21.919
P08,timestamp_manual,Agem Kanan,3,Naik,C4,kanan (A2),0.0,484.0,False,False,18.253,16.903
P08,timestamp_manual,Agem Kanan,3,Naik,P4,kanan (A2),0.0,486.4,False,False,21.1,20.115
P08,timestamp_manual,Agem Kanan,3,Naik,O2,kanan (A2),0.0,649.1,False,False,24.598,24.615
P08,timestamp_manual,Agem Kanan,3,Naik,F8,kanan (A2),0.0,672.7,False,False,26.784,16.051
P08,timestamp_manual,Agem Kanan,3,Naik,T4,kanan (A2),0.0,676.4,False,False,26.677,23.604
P08,timestamp_manual,Agem Kanan,3,Naik,T6,kanan (A2),0.0,633.4,False,False,22.81,20.103
P08,timestamp_manual,Agem Kanan,3,Berdiri,Fp1,kiri (A1),0.52,366.2,False,False,1.038,-9.204
P08,timestamp_manual,Agem Kanan,3,Berdiri,F3,kiri (A1),0.795,275.6,False,False,-3.334,-20.859
P08,timestamp_manual,Agem Kanan,3,Berdiri,C3,kiri (A1),0.428,215.7,False,False,-2.891,-13.746
P08,timestamp_manual,Agem Kanan,3,Berdiri,P3,kiri (A1),0.581,201.4,False,False,-2.761,-17.057
P08,timestamp_manual,Agem Kanan,3,Berdiri,O1,kiri (A1),0.153,485.5,False,False,2.124,-7.779
P08,timestamp_manual,Agem Kanan,3,Berdiri,F7,kiri (A1),0.734,285.1,False,False,-3.399,-19.128
P08,timestamp_manual,Agem Kanan,3,Berdiri,T3,kiri (A1),0.489,343.9,False,False,-0.096,-9.003
P08,timestamp_manual,Agem Kanan,3,Berdiri,T5,kiri (A1),0.245,35.0,False,False,-5.781,-2.927
P08,timestamp_manual,Agem Kanan,3,Berdiri,Fp2,kanan (A2),0.0,407.8,False,False,8.115,1.736
P08,timestamp_manual,Agem Kanan,3,Berdiri,F4,kanan (A2),0.0,283.3,False,False,13.409,9.78
P08,timestamp_manual,Agem Kanan,3,Berdiri,C4,kanan (A2),0.0,183.9,False,False,5.032,3.901
P08,timestamp_manual,Agem Kanan,3,Berdiri,P4,kanan (A2),0.0,206.8,False,False,6.422,3.843
P08,timestamp_manual,Agem Kanan,3,Berdiri,O2,kanan (A2),0.0,162.8,False,False,10.617,8.321
P08,timestamp_manual,Agem Kanan,3,Berdiri,F8,kanan (A2),0.0,323.8,False,False,13.544,4.681
P08,timestamp_manual,Agem Kanan,3,Berdiri,T4,kanan (A2),0.0,521.2,False,False,18.962,8.198
P08,timestamp_manual,Agem Kanan,3,Berdiri,T6,kanan (A2),0.0,184.1,False,False,8.335,-0.444
P08,timestamp_manual,Agem Kanan,4,Gerak,Fp1,kiri (A1),0.029,333.1,False,False,11.351,-0.285
P08,timestamp_manual,Agem Kanan,4,Gerak,F3,kiri (A1),0.029,271.7,False,False,11.839,2.299
P08,timestamp_manual,Agem Kanan,4,Gerak,C3,kiri (A1),0.0,275.9,False,False,13.613,0.696
P08,timestamp_manual,Agem Kanan,4,Gerak,P3,kiri (A1),0.0,245.4,False,False,12.612,0.073
P08,timestamp_manual,Agem Kanan,4,Gerak,O1,kiri (A1),0.029,427.5,False,False,12.264,2.356
P08,timestamp_manual,Agem Kanan,4,Gerak,F7,kiri (A1),0.029,481.2,False,False,15.046,2.171
P08,timestamp_manual,Agem Kanan,4,Gerak,T3,kiri (A1),0.029,299.5,False,False,11.222,-0.711
P08,timestamp_manual,Agem Kanan,4,Gerak,T5,kiri (A1),0.0,253.1,False,False,16.543,11.931
P08,timestamp_manual,Agem Kanan,4,Gerak,Fp2,kanan (A2),0.0,766.2,False,False,27.153,13.064
P08,timestamp_manual,Agem Kanan,4,Gerak,F4,kanan (A2),0.0,652.9,False,False,30.036,21.582
P08,timestamp_manual,Agem Kanan,4,Gerak,C4,kanan (A2),0.0,497.0,False,False,22.922,10.753
P08,timestamp_manual,Agem Kanan,4,Gerak,P4,kanan (A2),0.0,538.1,False,False,25.932,14.119
P08,timestamp_manual,Agem Kanan,4,Gerak,O2,kanan (A2),0.0,540.7,False,False,29.456,20.964
P08,timestamp_manual,Agem Kanan,4,Gerak,F8,kanan (A2),0.0,650.4,False,False,27.703,11.982
P08,timestamp_manual,Agem Kanan,4,Gerak,T4,kanan (A2),0.0,661.0,False,False,28.099,17.628
P08,timestamp_manual,Agem Kanan,4,Gerak,T6,kanan (A2),0.0,653.6,False,False,25.431,13.591
P08,timestamp_manual,Agem Kanan,4,Tahan,Fp1,kiri (A1),0.0,125.7,False,True,-2.604,-1.135
P08,timestamp_manual,Agem Kanan,4,Tahan,F3,kiri (A1),0.0,256.6,False,False,3.201,4.571
P08,timestamp_manual,Agem Kanan,4,Tahan,C3,kiri (A1),0.0,198.2,False,False,4.399,3.881
P08,timestamp_manual,Agem Kanan,4,Tahan,P3,kiri (A1),0.023,170.5,False,False,4.526,3.933
P08,timestamp_manual,Agem Kanan,4,Tahan,O1,kiri (A1),0.0,337.3,False,False,4.71,5.439
P08,timestamp_manual,Agem Kanan,4,Tahan,F7,kiri (A1),0.0,203.7,False,False,2.384,3.898
P08,timestamp_manual,Agem Kanan,4,Tahan,T3,kiri (A1),0.0,272.8,False,False,4.816,5.318
P08,timestamp_manual,Agem Kanan,4,Tahan,T5,kiri (A1),0.222,67.6,False,False,2.534,0.992
P08,timestamp_manual,Agem Kanan,4,Tahan,Fp2,kanan (A2),0.0,387.3,False,False,13.053,6.924
P08,timestamp_manual,Agem Kanan,4,Tahan,F4,kanan (A2),0.0,416.4,False,False,14.541,19.13
P08,timestamp_manual,Agem Kanan,4,Tahan,C4,kanan (A2),0.089,240.2,False,False,8.294,8.682
P08,timestamp_manual,Agem Kanan,4,Tahan,P4,kanan (A2),0.0,234.1,False,False,11.205,10.589
P08,timestamp_manual,Agem Kanan,4,Tahan,O2,kanan (A2),0.0,193.4,False,False,14.111,15.44
P08,timestamp_manual,Agem Kanan,4,Tahan,F8,kanan (A2),0.0,606.8,False,False,22.21,8.992
P08,timestamp_manual,Agem Kanan,4,Tahan,T4,kanan (A2),0.0,645.7,False,False,16.161,13.826
P08,timestamp_manual,Agem Kanan,4,Tahan,T6,kanan (A2),0.0,320.9,False,False,14.453,6.823
P08,timestamp_manual,Agem Kanan,4,Naik,Fp1,kiri (A1),0.0,449.1,False,False,12.158,9.553
P08,timestamp_manual,Agem Kanan,4,Naik,F3,kiri (A1),0.0,285.1,False,False,8.925,7.818
P08,timestamp_manual,Agem Kanan,4,Naik,C3,kiri (A1),0.0,275.9,False,False,8.696,8.407
P08,timestamp_manual,Agem Kanan,4,Naik,P3,kiri (A1),0.093,214.8,False,False,8.239,9.503
P08,timestamp_manual,Agem Kanan,4,Naik,O1,kiri (A1),0.0,632.1,False,False,14.443,9.566
P08,timestamp_manual,Agem Kanan,4,Naik,F7,kiri (A1),0.0,386.5,False,False,10.244,8.871
P08,timestamp_manual,Agem Kanan,4,Naik,T3,kiri (A1),0.0,441.2,False,False,10.865,9.48
P08,timestamp_manual,Agem Kanan,4,Naik,T5,kiri (A1),0.352,433.2,False,False,17.195,22.068
P08,timestamp_manual,Agem Kanan,4,Naik,Fp2,kanan (A2),0.0,519.2,False,False,16.299,17.49
P08,timestamp_manual,Agem Kanan,4,Naik,F4,kanan (A2),0.0,373.3,False,False,17.113,18.481
P08,timestamp_manual,Agem Kanan,4,Naik,C4,kanan (A2),0.352,344.2,False,False,12.507,7.749
P08,timestamp_manual,Agem Kanan,4,Naik,P4,kanan (A2),0.0,354.1,False,False,15.371,11.632
P08,timestamp_manual,Agem Kanan,4,Naik,O2,kanan (A2),0.0,316.2,False,False,14.886,16.37
P08,timestamp_manual,Agem Kanan,4,Naik,F8,kanan (A2),0.0,482.7,False,False,17.538,12.638
P08,timestamp_manual,Agem Kanan,4,Naik,T4,kanan (A2),0.0,632.5,False,False,26.343,19.256
P08,timestamp_manual,Agem Kanan,4,Naik,T6,kanan (A2),0.0,662.3,False,False,26.831,19.874
P08,timestamp_manual,Agem Kanan,4,Berdiri,Fp1,kiri (A1),0.09,449.1,False,False,6.945,-4.439
P08,timestamp_manual,Agem Kanan,4,Berdiri,F3,kiri (A1),0.18,285.1,False,False,3.227,-4.653
P08,timestamp_manual,Agem Kanan,4,Berdiri,C3,kiri (A1),0.0,232.2,False,False,3.847,-2.925
P08,timestamp_manual,Agem Kanan,4,Berdiri,P3,kiri (A1),0.06,197.2,False,False,3.77,-3.951
P08,timestamp_manual,Agem Kanan,4,Berdiri,O1,kiri (A1),0.0,632.1,False,False,9.987,-2.998
P08,timestamp_manual,Agem Kanan,4,Berdiri,F7,kiri (A1),0.03,386.5,False,False,5.424,-3.398
P08,timestamp_manual,Agem Kanan,4,Berdiri,T3,kiri (A1),0.15,441.2,False,False,6.644,-4.817
P08,timestamp_manual,Agem Kanan,4,Berdiri,T5,kiri (A1),0.03,113.6,False,True,4.362,2.664
P08,timestamp_manual,Agem Kanan,4,Berdiri,Fp2,kanan (A2),0.0,523.6,False,False,16.522,4.255
P08,timestamp_manual,Agem Kanan,4,Berdiri,F4,kanan (A2),0.0,279.2,False,False,14.487,8.353
P08,timestamp_manual,Agem Kanan,4,Berdiri,C4,kanan (A2),0.0,344.2,False,False,14.678,5.062
P08,timestamp_manual,Agem Kanan,4,Berdiri,P4,kanan (A2),0.0,289.1,False,False,14.43,6.09
P08,timestamp_manual,Agem Kanan,4,Berdiri,O2,kanan (A2),0.0,326.1,False,False,16.607,13.056
P08,timestamp_manual,Agem Kanan,4,Berdiri,F8,kanan (A2),0.0,428.3,False,False,16.934,5.772
P08,timestamp_manual,Agem Kanan,4,Berdiri,T4,kanan (A2),0.0,513.1,False,False,22.211,9.77
P08,timestamp_manual,Agem Kanan,4,Berdiri,T6,kanan (A2),0.0,349.2,False,False,14.465,5.959
P08,timestamp_manual,Agem Kiri,3,Gerak,Fp1,kiri (A1),0.0,378.7,False,False,11.43,-0.178
P08,timestamp_manual,Agem Kiri,3,Gerak,F3,kiri (A1),0.0,341.2,False,False,11.566,1.128
P08,timestamp_manual,Agem Kiri,3,Gerak,C3,kiri (A1),0.0,414.1,False,False,14.0,3.557
P08,timestamp_manual,Agem Kiri,3,Gerak,P3,kiri (A1),0.0,405.5,False,False,14.769,3.624
P08,timestamp_manual,Agem Kiri,3,Gerak,O1,kiri (A1),0.0,442.3,False,False,13.642,0.188
P08,timestamp_manual,Agem Kiri,3,Gerak,F7,kiri (A1),0.0,564.8,False,False,16.838,3.438
P08,timestamp_manual,Agem Kiri,3,Gerak,T3,kiri (A1),0.0,375.7,False,False,12.337,0.118
P08,timestamp_manual,Agem Kiri,3,Gerak,T5,kiri (A1),0.0,494.6,False,False,21.92,10.629
P08,timestamp_manual,Agem Kiri,3,Gerak,Fp2,kanan (A2),0.0,523.9,False,False,17.672,9.529
P08,timestamp_manual,Agem Kiri,3,Gerak,F4,kanan (A2),0.0,525.0,False,False,26.354,14.226
P08,timestamp_manual,Agem Kiri,3,Gerak,C4,kanan (A2),0.0,372.4,False,False,20.105,6.565
P08,timestamp_manual,Agem Kiri,3,Gerak,P4,kanan (A2),0.0,321.2,False,False,20.24,10.796
P08,timestamp_manual,Agem Kiri,3,Gerak,O2,kanan (A2),0.0,462.2,False,False,21.575,22.854
P08,timestamp_manual,Agem Kiri,3,Gerak,F8,kanan (A2),0.0,497.3,False,False,22.795,11.887
P08,timestamp_manual,Agem Kiri,3,Gerak,T4,kanan (A2),0.0,488.8,False,False,24.304,13.825
P08,timestamp_manual,Agem Kiri,3,Gerak,T6,kanan (A2),0.0,525.6,False,False,25.014,10.183
P08,timestamp_manual,Agem Kiri,3,Tahan,Fp1,kiri (A1),0.195,192.6,False,False,-1.05,-0.272
P08,timestamp_manual,Agem Kiri,3,Tahan,F3,kiri (A1),0.352,159.1,False,False,-0.626,-1.209
P08,timestamp_manual,Agem Kiri,3,Tahan,C3,kiri (A1),0.32,147.3,False,False,-1.444,-2.44
P08,timestamp_manual,Agem Kiri,3,Tahan,P3,kiri (A1),0.45,108.9,False,False,0.099,-2.24
P08,timestamp_manual,Agem Kiri,3,Tahan,O1,kiri (A1),0.032,306.2,False,False,4.398,1.266
P08,timestamp_manual,Agem Kiri,3,Tahan,F7,kiri (A1),0.097,212.4,False,False,0.831,-0.137
P08,timestamp_manual,Agem Kiri,3,Tahan,T3,kiri (A1),0.032,241.4,False,False,0.519,1.186
P08,timestamp_manual,Agem Kiri,3,Tahan,T5,kiri (A1),0.422,65.3,False,False,-1.38,-1.295
P08,timestamp_manual,Agem Kiri,3,Tahan,Fp2,kanan (A2),0.0,470.9,False,False,12.224,5.624
P08,timestamp_manual,Agem Kiri,3,Tahan,F4,kanan (A2),0.552,393.0,False,False,21.387,11.872
P08,timestamp_manual,Agem Kiri,3,Tahan,C4,kanan (A2),0.39,264.1,False,False,12.085,4.282
P08,timestamp_manual,Agem Kiri,3,Tahan,P4,kanan (A2),0.26,298.5,False,False,16.113,6.164
P08,timestamp_manual,Agem Kiri,3,Tahan,O2,kanan (A2),0.195,312.5,False,False,16.464,10.152
P08,timestamp_manual,Agem Kiri,3,Tahan,F8,kanan (A2),0.0,385.0,False,False,18.438,7.312
P08,timestamp_manual,Agem Kiri,3,Tahan,T4,kanan (A2),0.0,443.3,False,False,19.171,10.224
P08,timestamp_manual,Agem Kiri,3,Tahan,T6,kanan (A2),0.26,306.4,False,False,17.029,4.59
P08,timestamp_manual,Agem Kiri,3,Naik,Fp1,kiri (A1),0.139,410.4,False,False,0.763,5.756
P08,timestamp_manual,Agem Kiri,3,Naik,F3,kiri (A1),0.252,318.3,False,False,3.503,4.962
P08,timestamp_manual,Agem Kiri,3,Naik,C3,kiri (A1),0.084,294.7,False,False,-0.699,3.122
P08,timestamp_manual,Agem Kiri,3,Naik,P3,kiri (A1),0.084,251.0,False,False,2.762,4.176
P08,timestamp_manual,Agem Kiri,3,Naik,O1,kiri (A1),0.0,396.6,False,False,2.948,3.592
P08,timestamp_manual,Agem Kiri,3,Naik,F7,kiri (A1),0.0,351.9,False,False,-0.951,5.25
P08,timestamp_manual,Agem Kiri,3,Naik,T3,kiri (A1),0.0,350.0,False,False,-0.424,4.237
P08,timestamp_manual,Agem Kiri,3,Naik,T5,kiri (A1),0.0,188.5,False,False,15.964,9.885
P08,timestamp_manual,Agem Kiri,3,Naik,Fp2,kanan (A2),0.0,524.7,False,False,18.524,11.773
P08,timestamp_manual,Agem Kiri,3,Naik,F4,kanan (A2),0.139,277.1,False,False,18.048,13.122
P08,timestamp_manual,Agem Kiri,3,Naik,C4,kanan (A2),0.0,436.8,False,False,16.434,12.072
P08,timestamp_manual,Agem Kiri,3,Naik,P4,kanan (A2),0.0,368.6,False,False,17.196,14.293
P08,timestamp_manual,Agem Kiri,3,Naik,O2,kanan (A2),0.0,377.1,False,False,24.044,18.255
P08,timestamp_manual,Agem Kiri,3,Naik,F8,kanan (A2),0.0,493.2,False,False,20.877,13.704
P08,timestamp_manual,Agem Kiri,3,Naik,T4,kanan (A2),0.0,545.5,False,False,24.869,17.887
P08,timestamp_manual,Agem Kiri,3,Naik,T6,kanan (A2),0.0,404.7,False,False,20.367,11.957
P08,timestamp_manual,Agem Kiri,3,Berdiri,Fp1,kiri (A1),0.0,410.4,False,False,7.098,5.765
P08,timestamp_manual,Agem Kiri,3,Berdiri,F3,kiri (A1),0.0,290.9,False,False,7.61,7.682
P08,timestamp_manual,Agem Kiri,3,Berdiri,C3,kiri (A1),0.0,294.7,False,False,8.832,8.272
P08,timestamp_manual,Agem Kiri,3,Berdiri,P3,kiri (A1),0.0,251.0,False,False,9.308,8.451
P08,timestamp_manual,Agem Kiri,3,Berdiri,O1,kiri (A1),0.0,396.6,False,False,8.479,6.074
P08,timestamp_manual,Agem Kiri,3,Berdiri,F7,kiri (A1),0.0,351.9,False,False,7.691,7.494
P08,timestamp_manual,Agem Kiri,3,Berdiri,T3,kiri (A1),0.0,350.0,False,False,7.08,6.855
P08,timestamp_manual,Agem Kiri,3,Berdiri,T5,kiri (A1),0.0,131.5,False,True,6.801,6.505
P08,timestamp_manual,Agem Kiri,3,Berdiri,Fp2,kanan (A2),0.0,484.5,False,False,15.658,5.578
P08,timestamp_manual,Agem Kiri,3,Berdiri,F4,kanan (A2),0.0,208.0,False,False,17.079,7.073
P08,timestamp_manual,Agem Kiri,3,Berdiri,C4,kanan (A2),0.0,428.9,False,False,14.744,8.528
P08,timestamp_manual,Agem Kiri,3,Berdiri,P4,kanan (A2),0.0,256.8,False,False,13.125,6.594
P08,timestamp_manual,Agem Kiri,3,Berdiri,O2,kanan (A2),0.0,340.9,False,False,17.373,10.119
P08,timestamp_manual,Agem Kiri,3,Berdiri,F8,kanan (A2),0.0,252.3,False,False,14.787,7.311
P08,timestamp_manual,Agem Kiri,3,Berdiri,T4,kanan (A2),0.0,292.2,False,False,15.046,5.795
P08,timestamp_manual,Agem Kiri,3,Berdiri,T6,kanan (A2),0.0,330.3,False,False,15.205,1.448
P08,timestamp_manual,Agem Kiri,4,Gerak,Fp1,kiri (A1),0.0,454.8,False,False,16.331,7.12
P08,timestamp_manual,Agem Kiri,4,Gerak,F3,kiri (A1),0.0,495.2,False,False,16.629,7.29
P08,timestamp_manual,Agem Kiri,4,Gerak,C3,kiri (A1),0.0,490.2,False,False,16.78,7.951
P08,timestamp_manual,Agem Kiri,4,Gerak,P3,kiri (A1),0.0,459.5,False,False,18.141,8.08
P08,timestamp_manual,Agem Kiri,4,Gerak,O1,kiri (A1),0.0,533.6,False,False,17.234,7.847
P08,timestamp_manual,Agem Kiri,4,Gerak,F7,kiri (A1),0.0,706.8,False,False,17.896,10.772
P08,timestamp_manual,Agem Kiri,4,Gerak,T3,kiri (A1),0.0,472.5,False,False,16.464,7.185
P08,timestamp_manual,Agem Kiri,4,Gerak,T5,kiri (A1),0.05,660.2,False,False,26.61,19.87
P08,timestamp_manual,Agem Kiri,4,Gerak,Fp2,kanan (A2),0.0,581.4,False,False,19.832,11.156
P08,timestamp_manual,Agem Kiri,4,Gerak,F4,kanan (A2),0.0,355.2,False,False,20.913,21.378
P08,timestamp_manual,Agem Kiri,4,Gerak,C4,kanan (A2),0.0,303.5,False,False,14.636,15.348
P08,timestamp_manual,Agem Kiri,4,Gerak,P4,kanan (A2),0.0,267.5,False,False,13.38,17.189
P08,timestamp_manual,Agem Kiri,4,Gerak,O2,kanan (A2),0.0,318.2,False,False,20.746,19.198
P08,timestamp_manual,Agem Kiri,4,Gerak,F8,kanan (A2),0.0,504.6,False,False,19.158,16.269
P08,timestamp_manual,Agem Kiri,4,Gerak,T4,kanan (A2),0.0,581.5,False,False,21.244,16.011
P08,timestamp_manual,Agem Kiri,4,Gerak,T6,kanan (A2),0.0,410.7,False,False,22.397,15.005
P08,timestamp_manual,Agem Kiri,4,Tahan,Fp1,kiri (A1),0.494,239.3,False,False,-0.856,-2.76
P08,timestamp_manual,Agem Kiri,4,Tahan,F3,kiri (A1),0.578,126.9,False,False,-6.186,-8.717
P08,timestamp_manual,Agem Kiri,4,Tahan,C3,kiri (A1),0.161,119.0,False,False,-7.103,-5.687
P08,timestamp_manual,Agem Kiri,4,Tahan,P3,kiri (A1),0.321,62.4,False,False,-9.374,-9.463
P08,timestamp_manual,Agem Kiri,4,Tahan,O1,kiri (A1),0.0,363.1,False,False,2.03,1.045
P08,timestamp_manual,Agem Kiri,4,Tahan,F7,kiri (A1),0.193,202.7,False,False,-3.143,-2.108
P08,timestamp_manual,Agem Kiri,4,Tahan,T3,kiri (A1),0.064,246.5,False,False,0.369,0.431
P08,timestamp_manual,Agem Kiri,4,Tahan,T5,kiri (A1),0.385,74.2,False,False,-0.389,4.778
P08,timestamp_manual,Agem Kiri,4,Tahan,Fp2,kanan (A2),0.0,314.5,False,False,9.548,5.36
P08,timestamp_manual,Agem Kiri,4,Tahan,F4,kanan (A2),0.353,120.4,False,False,5.827,7.695
P08,timestamp_manual,Agem Kiri,4,Tahan,C4,kanan (A2),0.032,113.1,False,True,-0.902,3.202
P08,timestamp_manual,Agem Kiri,4,Tahan,P4,kanan (A2),0.032,127.6,False,True,3.064,6.665
P08,timestamp_manual,Agem Kiri,4,Tahan,O2,kanan (A2),0.0,167.0,False,False,8.471,10.4
P08,timestamp_manual,Agem Kiri,4,Tahan,F8,kanan (A2),0.0,368.7,False,False,13.774,8.224
P08,timestamp_manual,Agem Kiri,4,Tahan,T4,kanan (A2),0.0,447.2,False,False,15.878,11.77
P08,timestamp_manual,Agem Kiri,4,Tahan,T6,kanan (A2),0.032,122.3,False,True,3.375,2.699
P08,timestamp_manual,Agem Kiri,4,Naik,Fp1,kiri (A1),0.332,412.9,False,False,3.146,-4.607
P08,timestamp_manual,Agem Kiri,4,Naik,F3,kiri (A1),0.251,380.8,False,False,5.046,-3.236
P08,timestamp_manual,Agem Kiri,4,Naik,C3,kiri (A1),0.0,267.3,False,False,3.968,1.101
P08,timestamp_manual,Agem Kiri,4,Naik,P3,kiri (A1),0.0,281.2,False,False,6.166,1.095
P08,timestamp_manual,Agem Kiri,4,Naik,O1,kiri (A1),0.081,608.6,False,False,6.604,-1.987
P08,timestamp_manual,Agem Kiri,4,Naik,F7,kiri (A1),0.0,404.5,False,False,5.161,-4.223
P08,timestamp_manual,Agem Kiri,4,Naik,T3,kiri (A1),0.008,424.8,False,False,3.984,-3.685
P08,timestamp_manual,Agem Kiri,4,Naik,T5,kiri (A1),0.0,241.8,False,False,13.907,9.544
P08,timestamp_manual,Agem Kiri,4,Naik,Fp2,kanan (A2),0.0,583.8,False,False,22.133,10.034
P08,timestamp_manual,Agem Kiri,4,Naik,F4,kanan (A2),0.0,358.3,False,False,20.664,14.165
P08,timestamp_manual,Agem Kiri,4,Naik,C4,kanan (A2),0.0,430.2,False,False,15.341,8.312
P08,timestamp_manual,Agem Kiri,4,Naik,P4,kanan (A2),0.0,331.2,False,False,15.538,11.148
P08,timestamp_manual,Agem Kiri,4,Naik,O2,kanan (A2),0.0,457.0,False,False,22.769,17.202
P08,timestamp_manual,Agem Kiri,4,Naik,F8,kanan (A2),0.0,466.8,False,False,17.051,16.274
P08,timestamp_manual,Agem Kiri,4,Naik,T4,kanan (A2),0.0,558.7,False,False,25.294,17.618
P08,timestamp_manual,Agem Kiri,4,Naik,T6,kanan (A2),0.0,469.8,False,False,18.326,9.649
P08,timestamp_manual,Agem Kiri,4,Berdiri,Fp1,kiri (A1),0.0,345.2,False,False,7.583,6.493
P08,timestamp_manual,Agem Kiri,4,Berdiri,F3,kiri (A1),0.0,305.9,False,False,8.566,8.491
P08,timestamp_manual,Agem Kiri,4,Berdiri,C3,kiri (A1),0.0,261.3,False,False,9.117,8.688
P08,timestamp_manual,Agem Kiri,4,Berdiri,P3,kiri (A1),0.0,229.1,False,False,9.72,8.93
P08,timestamp_manual,Agem Kiri,4,Berdiri,O1,kiri (A1),0.0,463.1,False,False,8.879,7.871
P08,timestamp_manual,Agem Kiri,4,Berdiri,F7,kiri (A1),0.0,321.6,False,False,8.913,8.049
P08,timestamp_manual,Agem Kiri,4,Berdiri,T3,kiri (A1),0.0,355.7,False,False,8.237,8.542
P08,timestamp_manual,Agem Kiri,4,Berdiri,T5,kiri (A1),0.029,150.1,False,False,4.923,4.424
P08,timestamp_manual,Agem Kiri,4,Berdiri,Fp2,kanan (A2),0.0,410.9,False,False,13.595,5.783
P08,timestamp_manual,Agem Kiri,4,Berdiri,F4,kanan (A2),0.0,247.5,False,False,15.376,9.281
P08,timestamp_manual,Agem Kiri,4,Berdiri,C4,kanan (A2),0.0,309.5,False,False,11.814,7.234
P08,timestamp_manual,Agem Kiri,4,Berdiri,P4,kanan (A2),0.0,215.2,False,False,9.626,7.123
P08,timestamp_manual,Agem Kiri,4,Berdiri,O2,kanan (A2),0.0,457.0,False,False,18.141,9.735
P08,timestamp_manual,Agem Kiri,4,Berdiri,F8,kanan (A2),0.0,247.6,False,False,13.885,7.134
P08,timestamp_manual,Agem Kiri,4,Berdiri,T4,kanan (A2),0.0,227.2,False,False,11.087,6.744
P08,timestamp_manual,Agem Kiri,4,Berdiri,T6,kanan (A2),0.006,418.9,False,False,15.145,2.16
P08,timestamp_manual,-,0,Tutup Mata,Fp1,kiri (A1),0.376,196.8,False,,-6.14,-1.388
P08,timestamp_manual,-,0,Tutup Mata,F3,kiri (A1),0.418,183.8,False,,-0.67,-1.528
P08,timestamp_manual,-,0,Tutup Mata,C3,kiri (A1),0.348,176.7,False,,0.252,0.141
P08,timestamp_manual,-,0,Tutup Mata,P3,kiri (A1),0.387,136.8,False,,0.486,0.183
P08,timestamp_manual,-,0,Tutup Mata,O1,kiri (A1),0.279,192.9,False,,-4.125,-2.994
P08,timestamp_manual,-,0,Tutup Mata,F7,kiri (A1),0.125,211.0,False,,-0.999,-0.562
P08,timestamp_manual,-,0,Tutup Mata,T3,kiri (A1),0.251,201.0,False,,-2.607,-1.639
P08,timestamp_manual,-,0,Tutup Mata,T5,kiri (A1),0.206,63.0,False,,4.847,2.316
P08,timestamp_manual,-,0,Tutup Mata,Fp2,kanan (A2),0.0,86.9,False,,-0.435,0.783
P08,timestamp_manual,-,0,Tutup Mata,F4,kanan (A2),0.234,25.6,False,,-0.559,0.448
P08,timestamp_manual,-,0,Tutup Mata,C4,kanan (A2),0.22,44.4,False,,-0.534,-2.568
P08,timestamp_manual,-,0,Tutup Mata,P4,kanan (A2),0.22,40.8,False,,2.124,-1.669
P08,timestamp_manual,-,0,Tutup Mata,O2,kanan (A2),0.178,35.2,False,,5.224,0.346
P08,timestamp_manual,-,0,Tutup Mata,F8,kanan (A2),0.136,53.0,False,,-0.245,-1.623
P08,timestamp_manual,-,0,Tutup Mata,T4,kanan (A2),0.0,48.3,False,,-1.344,-0.189
P08,timestamp_manual,-,0,Tutup Mata,T6,kanan (A2),0.22,44.2,False,,2.382,-4.227
P08,timestamp_manual,-,0,Istirahat,Fp1,kiri (A1),0.189,261.4,False,,0.0,0.0
P08,timestamp_manual,-,0,Istirahat,F3,kiri (A1),0.34,260.8,False,,0.0,0.0
P08,timestamp_manual,-,0,Istirahat,C3,kiri (A1),0.246,247.8,False,,0.0,0.0
P08,timestamp_manual,-,0,Istirahat,P3,kiri (A1),0.336,208.1,False,,0.0,0.0
P08,timestamp_manual,-,0,Istirahat,O1,kiri (A1),0.096,297.8,False,,0.0,0.0
P08,timestamp_manual,-,0,Istirahat,F7,kiri (A1),0.169,291.2,False,,0.0,0.0
P08,timestamp_manual,-,0,Istirahat,T3,kiri (A1),0.161,310.5,False,,0.0,0.0
P08,timestamp_manual,-,0,Istirahat,T5,kiri (A1),0.389,108.6,False,,0.0,0.0
P08,timestamp_manual,-,0,Istirahat,Fp2,kanan (A2),0.0,140.2,False,,0.0,0.0
P08,timestamp_manual,-,0,Istirahat,F4,kanan (A2),0.281,58.7,False,,0.0,0.0
P08,timestamp_manual,-,0,Istirahat,C4,kanan (A2),0.226,127.1,False,,0.0,0.0
P08,timestamp_manual,-,0,Istirahat,P4,kanan (A2),0.242,94.9,False,,0.0,0.0
P08,timestamp_manual,-,0,Istirahat,O2,kanan (A2),0.266,87.8,False,,0.0,0.0
P08,timestamp_manual,-,0,Istirahat,F8,kanan (A2),0.08,93.8,False,,0.0,0.0
P08,timestamp_manual,-,0,Istirahat,T4,kanan (A2),0.0,81.9,False,,0.0,0.0
P08,timestamp_manual,-,0,Istirahat,T6,kanan (A2),0.296,98.8,False,,0.0,0.0
P08,repo_video,Ngeed,1,Gerak,Fp1,kiri (A1),0.867,5.2,False,False,-30.966,-33.999
P08,repo_video,Ngeed,1,Gerak,F3,kiri (A1),0.0,134.7,False,True,5.445,0.957
P08,repo_video,Ngeed,1,Gerak,C3,kiri (A1),0.0,135.0,False,True,6.982,2.829
P08,repo_video,Ngeed,1,Gerak,P3,kiri (A1),0.0,108.6,False,True,5.996,3.464
P08,repo_video,Ngeed,1,Gerak,O1,kiri (A1),0.0,121.1,False,True,1.414,-0.809
P08,repo_video,Ngeed,1,Gerak,F7,kiri (A1),0.0,158.0,False,False,5.062,1.432
P08,repo_video,Ngeed,1,Gerak,T3,kiri (A1),0.0,135.4,False,True,4.195,-1.242
P08,repo_video,Ngeed,1,Gerak,T5,kiri (A1),0.0,57.7,False,True,7.726,5.45
P08,repo_video,Ngeed,1,Gerak,Fp2,kanan (A2),0.0,285.4,False,False,16.835,6.462
P08,repo_video,Ngeed,1,Gerak,F4,kanan (A2),0.0,255.9,False,False,19.337,9.683
P08,repo_video,Ngeed,1,Gerak,C4,kanan (A2),0.0,167.2,False,False,12.913,4.529
P08,repo_video,Ngeed,1,Gerak,P4,kanan (A2),0.0,168.6,False,False,14.973,6.136
P08,repo_video,Ngeed,1,Gerak,O2,kanan (A2),0.0,200.3,False,False,17.134,13.659
P08,repo_video,Ngeed,1,Gerak,F8,kanan (A2),0.0,269.3,False,False,17.582,4.517
P08,repo_video,Ngeed,1,Gerak,T4,kanan (A2),0.0,283.6,False,False,19.188,7.298
P08,repo_video,Ngeed,1,Gerak,T6,kanan (A2),0.0,280.9,False,False,16.423,6.435
P08,repo_video,Ngeed,1,Tahan,Fp1,kiri (A1),0.0,345.0,False,False,3.96,1.227
P08,repo_video,Ngeed,1,Tahan,F3,kiri (A1),0.451,123.4,False,False,-7.742,-7.008
P08,repo_video,Ngeed,1,Tahan,C3,kiri (A1),0.497,87.2,False,False,-18.504,-12.266
P08,repo_video,Ngeed,1,Tahan,P3,kiri (A1),0.632,68.8,False,False,-20.245,-18.892
P08,repo_video,Ngeed,1,Tahan,O1,kiri (A1),0.181,187.5,False,False,-2.824,-3.228
P08,repo_video,Ngeed,1,Tahan,F7,kiri (A1),0.316,171.6,False,False,-2.659,-4.442
P08,repo_video,Ngeed,1,Tahan,T3,kiri (A1),0.361,178.8,False,False,-3.095,-4.306
P08,repo_video,Ngeed,1,Tahan,T5,kiri (A1),0.684,32.6,False,False,-2.373,-7.675
P08,repo_video,Ngeed,1,Tahan,Fp2,kanan (A2),0.0,270.0,False,False,4.839,2.215
P08,repo_video,Ngeed,1,Tahan,F4,kanan (A2),0.677,23.8,False,False,-4.456,-6.313
P08,repo_video,Ngeed,1,Tahan,C4,kanan (A2),0.503,36.6,False,False,-7.259,-7.98
P08,repo_video,Ngeed,1,Tahan,P4,kanan (A2),0.549,42.8,False,False,-1.771,-7.183
P08,repo_video,Ngeed,1,Tahan,O2,kanan (A2),0.594,144.1,False,False,7.627,4.471
P08,repo_video,Ngeed,1,Tahan,F8,kanan (A2),0.316,46.8,False,False,1.756,-4.276
P08,repo_video,Ngeed,1,Tahan,T4,kanan (A2),0.0,51.1,False,True,-0.069,-1.784
P08,repo_video,Ngeed,1,Tahan,T6,kanan (A2),0.632,22.0,False,False,-4.778,-14.785
P08,repo_video,Ngeed,1,Naik,Fp1,kiri (A1),0.0,71.4,False,True,-2.274,-10.862
P08,repo_video,Ngeed,1,Naik,F3,kiri (A1),0.0,125.4,False,True,6.865,0.015
P08,repo_video,Ngeed,1,Naik,C3,kiri (A1),0.0,106.6,False,True,8.635,1.745
P08,repo_video,Ngeed,1,Naik,P3,kiri (A1),0.0,93.6,False,True,9.287,2.322
P08,repo_video,Ngeed,1,Naik,O1,kiri (A1),0.0,131.8,False,True,7.344,-0.667
P08,repo_video,Ngeed,1,Naik,F7,kiri (A1),0.0,138.3,False,True,8.546,0.58
P08,repo_video,Ngeed,1,Naik,T3,kiri (A1),0.0,170.4,False,False,7.506,-0.15
P08,repo_video,Ngeed,1,Naik,T5,kiri (A1),0.0,32.6,False,True,1.772,3.47
P08,repo_video,Ngeed,1,Naik,Fp2,kanan (A2),0.0,217.7,False,False,9.738,-0.099
P08,repo_video,Ngeed,1,Naik,F4,kanan (A2),0.0,78.2,False,True,13.882,7.773
P08,repo_video,Ngeed,1,Naik,C4,kanan (A2),0.622,1.5,False,False,-27.029,-33.411
P08,repo_video,Ngeed,1,Naik,P4,kanan (A2),1.0,0.3,False,False,-41.181,-55.152
P08,repo_video,Ngeed,1,Naik,O2,kanan (A2),0.0,47.3,False,True,5.095,6.062
P08,repo_video,Ngeed,1,Naik,F8,kanan (A2),0.0,71.5,False,True,10.908,1.328
P08,repo_video,Ngeed,1,Naik,T4,kanan (A2),0.0,94.3,False,True,15.951,-0.547
P08,repo_video,Ngeed,1,Naik,T6,kanan (A2),0.0,42.1,False,True,4.604,-2.895
P08,repo_video,Ngeed,2,Gerak,Fp1,kiri (A1),0.0,76.7,False,True,-8.011,-2.378
P08,repo_video,Ngeed,2,Gerak,F3,kiri (A1),0.0,170.4,False,False,2.181,2.198
P08,repo_video,Ngeed,2,Gerak,C3,kiri (A1),0.0,149.8,False,True,-3.647,1.002
P08,repo_video,Ngeed,2,Gerak,P3,kiri (A1),0.0,116.7,False,True,-2.043,0.914
P08,repo_video,Ngeed,2,Gerak,O1,kiri (A1),0.0,152.1,False,False,-0.212,0.627
P08,repo_video,Ngeed,2,Gerak,F7,kiri (A1),0.0,177.8,False,False,-1.64,1.705
P08,repo_video,Ngeed,2,Gerak,T3,kiri (A1),0.0,180.9,False,False,-0.617,1.044
P08,repo_video,Ngeed,2,Gerak,T5,kiri (A1),0.0,65.5,False,True,4.527,3.727
P08,repo_video,Ngeed,2,Gerak,Fp2,kanan (A2),0.0,177.3,False,False,16.877,1.914
P08,repo_video,Ngeed,2,Gerak,F4,kanan (A2),0.0,51.2,False,True,10.092,4.984
P08,repo_video,Ngeed,2,Gerak,C4,kanan (A2),0.699,28.8,False,False,-23.279,-30.583
P08,repo_video,Ngeed,2,Gerak,P4,kanan (A2),0.699,39.6,False,False,-28.257,-29.061
P08,repo_video,Ngeed,2,Gerak,O2,kanan (A2),0.0,81.7,False,True,0.973,6.674
P08,repo_video,Ngeed,2,Gerak,F8,kanan (A2),0.0,125.1,False,True,7.666,0.941
P08,repo_video,Ngeed,2,Gerak,T4,kanan (A2),0.0,85.6,False,True,10.909,2.636
P08,repo_video,Ngeed,2,Gerak,T6,kanan (A2),0.0,53.2,False,True,2.076,-3.971
P08,repo_video,Ngeed,2,Tahan,Fp1,kiri (A1),0.153,293.4,False,False,0.243,4.734
P08,repo_video,Ngeed,2,Tahan,F3,kiri (A1),0.268,142.5,False,False,-2.071,-1.105
P08,repo_video,Ngeed,2,Tahan,C3,kiri (A1),0.344,153.7,False,False,0.689,0.683
P08,repo_video,Ngeed,2,Tahan,P3,kiri (A1),0.459,126.9,False,False,0.385,0.52
P08,repo_video,Ngeed,2,Tahan,O1,kiri (A1),0.038,287.8,False,False,-5.398,-2.229
P08,repo_video,Ngeed,2,Tahan,F7,kiri (A1),0.038,221.1,False,False,-2.648,0.045
P08,repo_video,Ngeed,2,Tahan,T3,kiri (A1),0.038,252.3,False,False,-4.729,-1.225
P08,repo_video,Ngeed,2,Tahan,T5,kiri (A1),0.402,57.7,False,False,4.649,4.348
P08,repo_video,Ngeed,2,Tahan,Fp2,kanan (A2),0.0,105.0,False,True,3.925,5.349
P08,repo_video,Ngeed,2,Tahan,F4,kanan (A2),0.363,56.0,False,False,-0.444,3.004
P08,repo_video,Ngeed,2,Tahan,C4,kanan (A2),0.21,70.9,False,False,0.249,2.426
P08,repo_video,Ngeed,2,Tahan,P4,kanan (A2),0.287,60.3,False,False,2.259,2.59
P08,repo_video,Ngeed,2,Tahan,O2,kanan (A2),0.325,54.9,False,False,3.914,3.96
P08,repo_video,Ngeed,2,Tahan,F8,kanan (A2),0.172,100.7,False,False,1.322,5.404
P08,repo_video,Ngeed,2,Tahan,T4,kanan (A2),0.0,110.6,False,True,3.487,6.084
P08,repo_video,Ngeed,2,Tahan,T6,kanan (A2),0.325,53.9,False,False,0.348,-5.176
P08,repo_video,Ngeed,2,Naik,Fp1,kiri (A1),0.0,157.0,False,False,6.791,3.529
P08,repo_video,Ngeed,2,Naik,F3,kiri (A1),0.0,179.5,False,False,7.346,9.014
P08,repo_video,Ngeed,2,Naik,C3,kiri (A1),0.0,137.4,False,True,4.973,9.043
P08,repo_video,Ngeed,2,Naik,P3,kiri (A1),0.0,112.0,False,True,5.995,9.55
P08,repo_video,Ngeed,2,Naik,O1,kiri (A1),0.0,184.3,False,False,7.597,4.018
P08,repo_video,Ngeed,2,Naik,F7,kiri (A1),0.0,192.1,False,False,6.278,8.456
P08,repo_video,Ngeed,2,Naik,T3,kiri (A1),0.0,214.8,False,False,7.479,7.797
P08,repo_video,Ngeed,2,Naik,T5,kiri (A1),1.0,0.1,False,False,-43.567,-76.25
P08,repo_video,Ngeed,2,Naik,Fp2,kanan (A2),0.0,151.2,False,False,11.557,10.374
P08,repo_video,Ngeed,2,Naik,F4,kanan (A2),0.477,10.7,False,False,-15.147,-12.018
P08,repo_video,Ngeed,2,Naik,C4,kanan (A2),1.0,0.0,False,False,-71.638,-97.057
P08,repo_video,Ngeed,2,Naik,P4,kanan (A2),1.0,0.0,False,False,-63.046,-86.801
P08,repo_video,Ngeed,2,Naik,O2,kanan (A2),0.477,12.1,False,False,-6.765,0.466
P08,repo_video,Ngeed,2,Naik,F8,kanan (A2),0.169,22.2,False,False,-5.184,1.61
P08,repo_video,Ngeed,2,Naik,T4,kanan (A2),0.0,61.1,False,True,4.32,4.079
P08,repo_video,Ngeed,2,Naik,T6,kanan (A2),0.785,7.7,False,False,-26.641,-27.278
P08,repo_video,Agem Kanan,1,Gerak,Fp1,kiri (A1),0.0,220.4,False,False,5.007,5.943
P08,repo_video,Agem Kanan,1,Gerak,F3,kiri (A1),0.0,237.0,False,False,7.869,8.983
P08,repo_video,Agem Kanan,1,Gerak,C3,kiri (A1),0.0,245.6,False,False,8.848,7.988
P08,repo_video,Agem Kanan,1,Gerak,P3,kiri (A1),0.0,192.0,False,False,8.171,8.145
P08,repo_video,Agem Kanan,1,Gerak,O1,kiri (A1),0.0,302.1,False,False,7.412,6.796
P08,repo_video,Agem Kanan,1,Gerak,F7,kiri (A1),0.0,259.2,False,False,6.787,8.301
P08,repo_video,Agem Kanan,1,Gerak,T3,kiri (A1),0.0,259.3,False,False,4.402,7.997
P08,repo_video,Agem Kanan,1,Gerak,T5,kiri (A1),0.393,73.6,False,False,6.332,3.357
P08,repo_video,Agem Kanan,1,Gerak,Fp2,kanan (A2),0.0,612.9,False,False,25.453,11.658
P08,repo_video,Agem Kanan,1,Gerak,F4,kanan (A2),0.0,160.0,False,False,18.739,10.22
P08,repo_video,Agem Kanan,1,Gerak,C4,kanan (A2),0.8,9.9,False,False,-29.215,-36.227
P08,repo_video,Agem Kanan,1,Gerak,P4,kanan (A2),0.8,11.3,False,False,-26.939,-35.696
P08,repo_video,Agem Kanan,1,Gerak,O2,kanan (A2),0.0,108.7,False,True,15.865,13.07
P08,repo_video,Agem Kanan,1,Gerak,F8,kanan (A2),0.0,190.8,False,False,15.87,8.501
P08,repo_video,Agem Kanan,1,Gerak,T4,kanan (A2),0.0,372.6,False,False,20.937,11.885
P08,repo_video,Agem Kanan,1,Gerak,T6,kanan (A2),0.0,578.3,False,False,19.401,15.811
P08,repo_video,Agem Kanan,1,Tahan,Fp1,kiri (A1),0.042,268.7,False,False,-2.107,5.374
P08,repo_video,Agem Kanan,1,Tahan,F3,kiri (A1),0.42,308.7,False,False,-1.39,-0.101
P08,repo_video,Agem Kanan,1,Tahan,C3,kiri (A1),0.336,283.0,False,False,0.752,0.728
P08,repo_video,Agem Kanan,1,Tahan,P3,kiri (A1),0.456,217.1,False,False,1.59,0.69
P08,repo_video,Agem Kanan,1,Tahan,O1,kiri (A1),0.042,218.5,False,False,-7.02,-2.474
P08,repo_video,Agem Kanan,1,Tahan,F7,kiri (A1),0.0,298.7,False,False,-1.917,0.989
P08,repo_video,Agem Kanan,1,Tahan,T3,kiri (A1),0.042,268.8,False,False,-3.625,-0.785
P08,repo_video,Agem Kanan,1,Tahan,T5,kiri (A1),0.33,106.6,False,False,4.904,5.639
P08,repo_video,Agem Kanan,1,Tahan,Fp2,kanan (A2),0.0,768.3,False,False,21.428,16.989
P08,repo_video,Agem Kanan,1,Tahan,F4,kanan (A2),0.12,503.8,False,False,16.047,20.168
P08,repo_video,Agem Kanan,1,Tahan,C4,kanan (A2),0.162,585.0,False,False,9.093,15.437
P08,repo_video,Agem Kanan,1,Tahan,P4,kanan (A2),0.162,598.3,False,False,12.943,18.752
P08,repo_video,Agem Kanan,1,Tahan,O2,kanan (A2),0.162,580.7,False,False,16.08,23.094
P08,repo_video,Agem Kanan,1,Tahan,F8,kanan (A2),0.0,612.0,False,False,14.869,17.143
P08,repo_video,Agem Kanan,1,Tahan,T4,kanan (A2),0.0,635.9,False,False,15.456,19.875
P08,repo_video,Agem Kanan,1,Tahan,T6,kanan (A2),0.084,588.2,False,False,18.787,16.2
P08,repo_video,Agem Kanan,1,Naik,Fp1,kiri (A1),0.0,448.0,False,False,5.305,6.299
P08,repo_video,Agem Kanan,1,Naik,F3,kiri (A1),0.0,368.6,False,False,10.553,7.906
P08,repo_video,Agem Kanan,1,Naik,C3,kiri (A1),0.0,284.1,False,False,7.644,3.463
P08,repo_video,Agem Kanan,1,Naik,P3,kiri (A1),0.0,244.2,False,False,8.333,4.899
P08,repo_video,Agem Kanan,1,Naik,O1,kiri (A1),0.0,538.5,False,False,-1.204,11.553
P08,repo_video,Agem Kanan,1,Naik,F7,kiri (A1),0.0,427.5,False,False,9.579,8.607
P08,repo_video,Agem Kanan,1,Naik,T3,kiri (A1),0.0,499.9,False,False,11.669,9.162
P08,repo_video,Agem Kanan,1,Naik,T5,kiri (A1),0.135,79.0,False,False,-6.461,3.926
P08,repo_video,Agem Kanan,1,Naik,Fp2,kanan (A2),0.0,400.8,False,False,13.372,7.468
P08,repo_video,Agem Kanan,1,Naik,F4,kanan (A2),0.0,72.9,False,True,12.896,16.162
P08,repo_video,Agem Kanan,1,Naik,C4,kanan (A2),0.615,2.4,False,False,-28.703,-17.853
P08,repo_video,Agem Kanan,1,Naik,P4,kanan (A2),0.519,38.6,False,False,-5.793,5.765
P08,repo_video,Agem Kanan,1,Naik,O2,kanan (A2),0.0,94.2,False,True,2.87,15.803
P08,repo_video,Agem Kanan,1,Naik,F8,kanan (A2),0.0,442.3,False,False,12.641,14.457
P08,repo_video,Agem Kanan,1,Naik,T4,kanan (A2),0.0,624.5,False,False,18.759,19.657
P08,repo_video,Agem Kanan,1,Naik,T6,kanan (A2),0.0,622.3,False,False,22.692,25.816
P08,repo_video,Agem Kanan,2,Gerak,Fp1,kiri (A1),0.0,211.8,False,False,11.521,3.04
P08,repo_video,Agem Kanan,2,Gerak,F3,kiri (A1),0.0,125.4,False,True,4.59,2.578
P08,repo_video,Agem Kanan,2,Gerak,C3,kiri (A1),0.0,125.1,False,True,5.134,0.645
P08,repo_video,Agem Kanan,2,Gerak,P3,kiri (A1),0.0,96.0,False,True,3.898,1.627
P08,repo_video,Agem Kanan,2,Gerak,O1,kiri (A1),0.0,213.5,False,False,3.606,1.469
P08,repo_video,Agem Kanan,2,Gerak,F7,kiri (A1),0.0,175.3,False,False,0.904,2.09
P08,repo_video,Agem Kanan,2,Gerak,T3,kiri (A1),0.0,351.9,False,False,5.055,2.111
P08,repo_video,Agem Kanan,2,Gerak,T5,kiri (A1),0.439,18.6,False,False,-12.025,-2.313
P08,repo_video,Agem Kanan,2,Gerak,Fp2,kanan (A2),0.0,610.1,False,False,18.362,17.624
P08,repo_video,Agem Kanan,2,Gerak,F4,kanan (A2),0.0,447.7,False,False,24.139,21.27
P08,repo_video,Agem Kanan,2,Gerak,C4,kanan (A2),0.0,139.4,False,True,1.331,9.335
P08,repo_video,Agem Kanan,2,Gerak,P4,kanan (A2),0.0,143.3,False,True,6.02,10.533
P08,repo_video,Agem Kanan,2,Gerak,O2,kanan (A2),0.0,223.0,False,False,14.318,16.737
P08,repo_video,Agem Kanan,2,Gerak,F8,kanan (A2),0.0,362.0,False,False,16.935,12.209
P08,repo_video,Agem Kanan,2,Gerak,T4,kanan (A2),0.0,537.3,False,False,28.481,15.468
P08,repo_video,Agem Kanan,2,Gerak,T6,kanan (A2),0.0,293.3,False,False,22.295,8.825
P08,repo_video,Agem Kanan,2,Tahan,Fp1,kiri (A1),0.284,137.6,False,False,-4.34,-3.091
P08,repo_video,Agem Kanan,2,Tahan,F3,kiri (A1),0.426,124.2,False,False,-6.781,-2.17
P08,repo_video,Agem Kanan,2,Tahan,C3,kiri (A1),0.362,113.9,False,False,-3.443,0.904
P08,repo_video,Agem Kanan,2,Tahan,P3,kiri (A1),0.362,100.2,False,False,-1.523,1.312
P08,repo_video,Agem Kanan,2,Tahan,O1,kiri (A1),0.32,146.3,False,False,-9.005,-5.682
P08,repo_video,Agem Kanan,2,Tahan,F7,kiri (A1),0.391,103.0,False,False,-6.94,-2.946
P08,repo_video,Agem Kanan,2,Tahan,T3,kiri (A1),0.426,118.0,False,False,-8.344,-4.426
P08,repo_video,Agem Kanan,2,Tahan,T5,kiri (A1),0.107,70.8,False,False,7.681,3.287
P08,repo_video,Agem Kanan,2,Tahan,Fp2,kanan (A2),0.0,414.5,False,False,4.258,5.262
P08,repo_video,Agem Kanan,2,Tahan,F4,kanan (A2),0.107,292.6,False,False,7.7,12.977
P08,repo_video,Agem Kanan,2,Tahan,C4,kanan (A2),0.069,62.6,False,True,3.362,1.115
P08,repo_video,Agem Kanan,2,Tahan,P4,kanan (A2),0.036,95.9,False,True,5.547,5.703
P08,repo_video,Agem Kanan,2,Tahan,O2,kanan (A2),0.071,77.1,False,True,6.37,5.791
P08,repo_video,Agem Kanan,2,Tahan,F8,kanan (A2),0.0,579.1,False,False,20.997,7.512
P08,repo_video,Agem Kanan,2,Tahan,T4,kanan (A2),0.0,137.6,False,True,6.843,3.161
P08,repo_video,Agem Kanan,2,Tahan,T6,kanan (A2),0.0,144.7,False,True,9.816,-0.032
P08,repo_video,Agem Kanan,2,Naik,Fp1,kiri (A1),0.0,288.1,False,False,12.323,8.758
P08,repo_video,Agem Kanan,2,Naik,F3,kiri (A1),0.0,122.7,False,True,2.192,3.154
P08,repo_video,Agem Kanan,2,Naik,C3,kiri (A1),0.0,86.3,False,True,-5.062,3.061
P08,repo_video,Agem Kanan,2,Naik,P3,kiri (A1),0.0,33.3,False,True,-11.467,-2.671
P08,repo_video,Agem Kanan,2,Naik,O1,kiri (A1),0.0,341.2,False,False,16.456,8.68
P08,repo_video,Agem Kanan,2,Naik,F7,kiri (A1),0.0,253.1,False,False,6.963,3.979
P08,repo_video,Agem Kanan,2,Naik,T3,kiri (A1),0.0,249.6,False,False,6.289,8.163
P08,repo_video,Agem Kanan,2,Naik,T5,kiri (A1),0.0,337.6,False,False,21.554,32.805
P08,repo_video,Agem Kanan,2,Naik,Fp2,kanan (A2),0.0,376.0,False,False,25.669,9.188
P08,repo_video,Agem Kanan,2,Naik,F4,kanan (A2),0.0,121.3,False,True,16.676,15.654
P08,repo_video,Agem Kanan,2,Naik,C4,kanan (A2),0.0,58.9,False,True,8.894,-2.245
P08,repo_video,Agem Kanan,2,Naik,P4,kanan (A2),0.0,68.0,False,True,10.677,-0.523
P08,repo_video,Agem Kanan,2,Naik,O2,kanan (A2),0.0,201.3,False,False,18.997,23.887
P08,repo_video,Agem Kanan,2,Naik,F8,kanan (A2),0.0,204.6,False,False,20.609,10.141
P08,repo_video,Agem Kanan,2,Naik,T4,kanan (A2),0.0,402.5,False,False,27.294,17.445
P08,repo_video,Agem Kanan,2,Naik,T6,kanan (A2),0.0,497.5,False,False,18.84,16.588
P08,repo_video,Agem Kiri,1,Gerak,Fp1,kiri (A1),0.0,271.7,False,False,8.688,4.022
P08,repo_video,Agem Kiri,1,Gerak,F3,kiri (A1),0.619,44.4,False,False,-26.237,-16.761
P08,repo_video,Agem Kiri,1,Gerak,C3,kiri (A1),0.703,19.2,False,False,-35.956,-31.507
P08,repo_video,Agem Kiri,1,Gerak,P3,kiri (A1),1.0,0.1,False,False,-65.902,-84.945
P08,repo_video,Agem Kiri,1,Gerak,O1,kiri (A1),0.0,147.0,False,True,2.726,1.0
P08,repo_video,Agem Kiri,1,Gerak,F7,kiri (A1),0.0,113.2,False,True,-1.822,-0.734
P08,repo_video,Agem Kiri,1,Gerak,T3,kiri (A1),0.11,104.9,False,False,-6.861,-2.847
P08,repo_video,Agem Kiri,1,Gerak,T5,kiri (A1),1.0,0.4,False,False,-41.377,-71.195
P08,repo_video,Agem Kiri,1,Gerak,Fp2,kanan (A2),0.0,457.2,False,False,18.968,7.378
P08,repo_video,Agem Kiri,1,Gerak,F4,kanan (A2),0.72,73.1,False,False,3.975,10.88
P08,repo_video,Agem Kiri,1,Gerak,C4,kanan (A2),0.636,23.7,False,False,-14.441,-12.202
P08,repo_video,Agem Kiri,1,Gerak,P4,kanan (A2),0.89,14.1,False,False,-15.863,-22.117
P08,repo_video,Agem Kiri,1,Gerak,O2,kanan (A2),0.72,17.5,False,False,-9.925,-6.595
P08,repo_video,Agem Kiri,1,Gerak,F8,kanan (A2),0.042,118.4,False,True,12.276,0.541
P08,repo_video,Agem Kiri,1,Gerak,T4,kanan (A2),0.0,332.3,False,False,21.688,11.294
P08,repo_video,Agem Kiri,1,Gerak,T6,kanan (A2),0.636,49.0,False,False,-5.595,-12.959
P08,repo_video,Agem Kiri,1,Naik,Fp1,kiri (A1),0.0,211.0,False,False,-1.87,2.205
P08,repo_video,Agem Kiri,1,Naik,F3,kiri (A1),0.0,242.3,False,False,4.545,3.694
P08,repo_video,Agem Kiri,1,Naik,C3,kiri (A1),0.0,199.7,False,False,-1.793,2.201
P08,repo_video,Agem Kiri,1,Naik,P3,kiri (A1),0.0,179.4,False,False,-0.739,2.063
P08,repo_video,Agem Kiri,1,Naik,O1,kiri (A1),0.0,193.7,False,False,-2.149,0.973
P08,repo_video,Agem Kiri,1,Naik,F7,kiri (A1),0.0,194.6,False,False,-0.44,2.374
P08,repo_video,Agem Kiri,1,Naik,T3,kiri (A1),0.0,204.4,False,False,-1.728,1.653
P08,repo_video,Agem Kiri,1,Naik,T5,kiri (A1),0.449,153.7,False,False,2.735,-0.66
P08,repo_video,Agem Kiri,1,Naik,Fp2,kanan (A2),0.0,510.8,False,False,12.882,5.569
P08,repo_video,Agem Kiri,1,Naik,F4,kanan (A2),0.286,208.3,False,False,6.583,3.417
P08,repo_video,Agem Kiri,1,Naik,C4,kanan (A2),0.719,112.7,False,False,-11.341,-21.977
P08,repo_video,Agem Kiri,1,Naik,P4,kanan (A2),0.773,129.6,False,False,-14.972,-16.85
P08,repo_video,Agem Kiri,1,Naik,O2,kanan (A2),0.178,376.8,False,False,14.639,13.12
P08,repo_video,Agem Kiri,1,Naik,F8,kanan (A2),0.395,261.2,False,False,1.422,-2.293
P08,repo_video,Agem Kiri,1,Naik,T4,kanan (A2),0.0,390.3,False,False,7.985,6.106
P08,repo_video,Agem Kiri,1,Naik,T6,kanan (A2),0.341,295.6,False,False,10.622,-1.347
P08,repo_video,Agem Kiri,2,Gerak,Fp1,kiri (A1),0.0,255.9,False,False,9.778,7.137
P08,repo_video,Agem Kiri,2,Gerak,F3,kiri (A1),0.267,33.7,False,False,-27.247,-21.198
P08,repo_video,Agem Kiri,2,Gerak,C3,kiri (A1),1.0,0.3,False,False,-58.892,-68.307
P08,repo_video,Agem Kiri,2,Gerak,P3,kiri (A1),1.0,0.1,False,False,-60.85,-87.735
P08,repo_video,Agem Kiri,2,Gerak,O1,kiri (A1),0.0,194.7,False,False,1.307,2.972
P08,repo_video,Agem Kiri,2,Gerak,F7,kiri (A1),0.0,122.0,False,True,-2.091,0.323
P08,repo_video,Agem Kiri,2,Gerak,T3,kiri (A1),0.0,98.8,False,True,-4.082,-1.801
P08,repo_video,Agem Kiri,2,Gerak,T5,kiri (A1),0.873,3.1,False,False,-23.064,-27.624
P08,repo_video,Agem Kiri,2,Gerak,Fp2,kanan (A2),0.0,299.6,False,False,16.16,5.845
P08,repo_video,Agem Kiri,2,Gerak,F4,kanan (A2),0.0,115.4,False,True,4.607,13.378
P08,repo_video,Agem Kiri,2,Gerak,C4,kanan (A2),0.267,54.7,False,False,-7.597,0.82
P08,repo_video,Agem Kiri,2,Gerak,P4,kanan (A2),0.267,46.3,False,False,-5.231,1.327
P08,repo_video,Agem Kiri,2,Gerak,O2,kanan (A2),0.0,96.0,False,True,2.566,12.107
P08,repo_video,Agem Kiri,2,Gerak,F8,kanan (A2),0.0,120.1,False,True,8.825,5.681
P08,repo_video,Agem Kiri,2,Gerak,T4,kanan (A2),0.0,545.2,False,False,24.11,19.17
P08,repo_video,Agem Kiri,2,Gerak,T6,kanan (A2),0.133,85.5,False,False,-1.135,-2.053
P08,repo_video,Agem Kiri,2,Tahan,Fp1,kiri (A1),0.0,306.0,False,False,9.028,6.38
P08,repo_video,Agem Kiri,2,Tahan,F3,kiri (A1),0.039,195.4,False,False,4.303,1.456
P08,repo_video,Agem Kiri,2,Tahan,C3,kiri (A1),0.243,111.7,False,False,-2.508,-4.609
P08,repo_video,Agem Kiri,2,Tahan,P3,kiri (A1),0.489,51.0,False,False,-10.332,-10.323
P08,repo_video,Agem Kiri,2,Tahan,O1,kiri (A1),0.0,276.2,False,False,7.699,5.147
P08,repo_video,Agem Kiri,2,Tahan,F7,kiri (A1),0.0,242.3,False,False,7.355,4.972
P08,repo_video,Agem Kiri,2,Tahan,T3,kiri (A1),0.0,247.0,False,False,6.207,4.281
P08,repo_video,Agem Kiri,2,Tahan,T5,kiri (A1),1.0,0.1,False,False,-70.544,-87.05
P08,repo_video,Agem Kiri,2,Tahan,Fp2,kanan (A2),0.0,264.7,False,False,8.854,7.831
P08,repo_video,Agem Kiri,2,Tahan,F4,kanan (A2),0.9,25.2,False,False,-26.087,-24.662
P08,repo_video,Agem Kiri,2,Tahan,C4,kanan (A2),1.0,0.5,False,False,-61.206,-67.193
P08,repo_video,Agem Kiri,2,Tahan,P4,kanan (A2),0.939,2.6,False,False,-38.09,-28.39
P08,repo_video,Agem Kiri,2,Tahan,O2,kanan (A2),0.857,60.0,False,False,-5.694,0.305
P08,repo_video,Agem Kiri,2,Tahan,F8,kanan (A2),0.368,218.6,False,False,-0.521,7.784
P08,repo_video,Agem Kiri,2,Tahan,T4,kanan (A2),0.0,447.9,False,False,13.138,15.234
P08,repo_video,Agem Kiri,2,Tahan,T6,kanan (A2),0.857,32.8,False,False,-14.486,-8.001
P08,repo_video,Agem Kiri,2,Naik,Fp1,kiri (A1),0.0,331.0,False,False,6.819,4.336
P08,repo_video,Agem Kiri,2,Naik,F3,kiri (A1),0.0,273.0,False,False,8.663,7.128
P08,repo_video,Agem Kiri,2,Naik,C3,kiri (A1),0.0,222.5,False,False,4.123,6.148
P08,repo_video,Agem Kiri,2,Naik,P3,kiri (A1),0.0,169.0,False,False,2.54,6.207
P08,repo_video,Agem Kiri,2,Naik,O1,kiri (A1),0.0,438.6,False,False,13.422,6.995
P08,repo_video,Agem Kiri,2,Naik,F7,kiri (A1),0.0,390.4,False,False,9.568,6.139
P08,repo_video,Agem Kiri,2,Naik,T3,kiri (A1),0.0,354.2,False,False,9.329,7.595
P08,repo_video,Agem Kiri,2,Naik,T5,kiri (A1),0.197,16.0,False,False,-1.869,4.653
P08,repo_video,Agem Kiri,2,Naik,Fp2,kanan (A2),0.0,361.1,False,False,21.435,11.16
P08,repo_video,Agem Kiri,2,Naik,F4,kanan (A2),0.0,204.3,False,False,18.086,9.656
P08,repo_video,Agem Kiri,2,Naik,C4,kanan (A2),0.197,35.2,False,False,-11.67,-2.407
P08,repo_video,Agem Kiri,2,Naik,P4,kanan (A2),0.0,64.9,False,True,7.441,0.587
P08,repo_video,Agem Kiri,2,Naik,O2,kanan (A2),0.0,217.4,False,False,20.216,14.082
P08,repo_video,Agem Kiri,2,Naik,F8,kanan (A2),0.0,425.9,False,False,16.616,16.368
P08,repo_video,Agem Kiri,2,Naik,T4,kanan (A2),0.0,750.7,False,False,33.665,23.658
P08,repo_video,Agem Kiri,2,Naik,T6,kanan (A2),0.0,229.4,False,False,21.65,11.561
P08,repo_video,Ngeed,3,Gerak,Fp1,kiri (A1),0.0,70.3,False,True,0.577,-5.339
P08,repo_video,Ngeed,3,Gerak,F3,kiri (A1),0.354,15.3,False,False,-20.923,-11.485
P08,repo_video,Ngeed,3,Gerak,C3,kiri (A1),0.556,11.0,False,False,-25.391,-13.591
P08,repo_video,Ngeed,3,Gerak,P3,kiri (A1),0.758,4.6,False,False,-30.249,-20.506
P08,repo_video,Ngeed,3,Gerak,O1,kiri (A1),0.0,102.5,False,True,4.484,0.512
P08,repo_video,Ngeed,3,Gerak,F7,kiri (A1),0.354,24.6,False,False,-15.908,-9.747
P08,repo_video,Ngeed,3,Gerak,T3,kiri (A1),0.0,69.6,False,True,-1.005,-0.745
P08,repo_video,Ngeed,3,Gerak,T5,kiri (A1),1.0,0.1,False,False,-48.683,-81.942
P08,repo_video,Ngeed,3,Gerak,Fp2,kanan (A2),0.0,243.8,False,False,15.781,7.471
P08,repo_video,Ngeed,3,Gerak,F4,kanan (A2),0.0,111.0,False,True,9.75,10.541
P08,repo_video,Ngeed,3,Gerak,C4,kanan (A2),0.0,28.2,False,True,-3.672,0.154
P08,repo_video,Ngeed,3,Gerak,P4,kanan (A2),0.0,27.2,False,True,-4.769,-2.889
P08,repo_video,Ngeed,3,Gerak,O2,kanan (A2),0.0,100.5,False,True,8.131,13.738
P08,repo_video,Ngeed,3,Gerak,F8,kanan (A2),0.0,108.7,False,True,12.119,8.532
P08,repo_video,Ngeed,3,Gerak,T4,kanan (A2),0.0,123.2,False,True,9.838,10.965
P08,repo_video,Ngeed,3,Gerak,T6,kanan (A2),0.96,1.4,False,False,-40.629,-49.994
P08,repo_video,Ngeed,3,Tahan,Fp1,kiri (A1),0.648,104.0,False,False,-10.817,-10.268
P08,repo_video,Ngeed,3,Tahan,F3,kiri (A1),0.533,140.4,False,False,-1.417,-5.646
P08,repo_video,Ngeed,3,Tahan,C3,kiri (A1),0.228,150.8,False,False,2.264,-1.981
P08,repo_video,Ngeed,3,Tahan,P3,kiri (A1),0.342,127.4,False,False,2.437,-2.34
P08,repo_video,Ngeed,3,Tahan,O1,kiri (A1),0.038,177.1,False,False,-1.114,-5.393
P08,repo_video,Ngeed,3,Tahan,F7,kiri (A1),0.533,152.6,False,False,-2.237,-6.689
P08,repo_video,Ngeed,3,Tahan,T3,kiri (A1),0.38,160.7,False,False,-2.548,-7.752
P08,repo_video,Ngeed,3,Tahan,T5,kiri (A1),0.036,42.9,False,True,-0.866,2.957
P08,repo_video,Ngeed,3,Tahan,Fp2,kanan (A2),0.0,75.0,False,True,4.209,2.472
P08,repo_video,Ngeed,3,Tahan,F4,kanan (A2),0.342,20.8,False,False,-5.981,0.39
P08,repo_video,Ngeed,3,Tahan,C4,kanan (A2),0.0,69.5,False,True,5.36,4.373
P08,repo_video,Ngeed,3,Tahan,P4,kanan (A2),0.0,57.2,False,True,4.19,4.231
P08,repo_video,Ngeed,3,Tahan,O2,kanan (A2),0.0,52.4,False,True,5.404,3.597
P08,repo_video,Ngeed,3,Tahan,F8,kanan (A2),0.0,67.0,False,True,6.304,3.059
P08,repo_video,Ngeed,3,Tahan,T4,kanan (A2),0.0,54.8,False,True,2.858,2.397
P08,repo_video,Ngeed,3,Tahan,T6,kanan (A2),0.036,40.2,False,True,-2.367,-3.077
P08,repo_video,Ngeed,3,Naik,Fp1,kiri (A1),0.0,216.3,False,False,10.826,-0.365
P08,repo_video,Ngeed,3,Naik,F3,kiri (A1),0.0,199.4,False,False,13.336,-0.494
P08,repo_video,Ngeed,3,Naik,C3,kiri (A1),0.0,182.9,False,False,13.423,-0.662
P08,repo_video,Ngeed,3,Naik,P3,kiri (A1),0.0,183.5,False,False,15.114,-0.463
P08,repo_video,Ngeed,3,Naik,O1,kiri (A1),0.0,316.1,False,False,15.889,-0.701
P08,repo_video,Ngeed,3,Naik,F7,kiri (A1),0.0,239.0,False,False,14.386,1.293
P08,repo_video,Ngeed,3,Naik,T3,kiri (A1),0.0,233.7,False,False,13.74,1.017
P08,repo_video,Ngeed,3,Naik,T5,kiri (A1),0.0,60.6,False,True,8.277,-0.24
P08,repo_video,Ngeed,3,Naik,Fp2,kanan (A2),0.0,209.4,False,False,18.114,5.493
P08,repo_video,Ngeed,3,Naik,F4,kanan (A2),0.0,108.1,False,True,7.853,9.854
P08,repo_video,Ngeed,3,Naik,C4,kanan (A2),0.0,199.4,False,False,17.695,5.005
P08,repo_video,Ngeed,3,Naik,P4,kanan (A2),0.0,126.0,False,True,15.724,7.657
P08,repo_video,Ngeed,3,Naik,O2,kanan (A2),0.0,168.7,False,False,22.779,7.662
P08,repo_video,Ngeed,3,Naik,F8,kanan (A2),0.0,100.8,False,True,8.636,5.731
P08,repo_video,Ngeed,3,Naik,T4,kanan (A2),0.0,214.0,False,False,17.901,8.441
P08,repo_video,Ngeed,3,Naik,T6,kanan (A2),0.0,113.7,False,True,18.244,2.398
P08,repo_video,Ngeed,4,Gerak,Fp1,kiri (A1),0.629,21.7,False,False,-17.621,-33.894
P08,repo_video,Ngeed,4,Gerak,F3,kiri (A1),0.404,25.0,False,False,-18.287,-28.455
P08,repo_video,Ngeed,4,Gerak,C3,kiri (A1),0.0,51.6,False,True,-7.241,-8.931
P08,repo_video,Ngeed,4,Gerak,P3,kiri (A1),0.0,33.4,False,True,-11.886,-12.236
P08,repo_video,Ngeed,4,Gerak,O1,kiri (A1),0.0,81.7,False,True,-6.745,-10.852
P08,repo_video,Ngeed,4,Gerak,F7,kiri (A1),0.629,25.2,False,False,-17.541,-33.61
P08,repo_video,Ngeed,4,Gerak,T3,kiri (A1),0.18,54.9,False,False,-11.005,-15.966
P08,repo_video,Ngeed,4,Gerak,T5,kiri (A1),0.0,53.6,False,True,4.602,7.029
P08,repo_video,Ngeed,4,Gerak,Fp2,kanan (A2),0.0,124.1,False,True,3.925,4.542
P08,repo_video,Ngeed,4,Gerak,F4,kanan (A2),0.0,90.2,False,True,11.027,11.008
P08,repo_video,Ngeed,4,Gerak,C4,kanan (A2),0.0,117.5,False,True,9.043,10.314
P08,repo_video,Ngeed,4,Gerak,P4,kanan (A2),0.0,120.5,False,True,13.1,11.669
P08,repo_video,Ngeed,4,Gerak,O2,kanan (A2),0.0,128.3,False,True,16.168,13.431
P08,repo_video,Ngeed,4,Gerak,F8,kanan (A2),0.0,116.7,False,True,10.685,9.046
P08,repo_video,Ngeed,4,Gerak,T4,kanan (A2),0.0,140.9,False,True,10.365,12.216
P08,repo_video,Ngeed,4,Gerak,T6,kanan (A2),0.0,103.6,False,True,12.448,4.453
P08,repo_video,Ngeed,4,Tahan,Fp1,kiri (A1),0.161,121.3,False,False,-4.158,-2.483
P08,repo_video,Ngeed,4,Tahan,F3,kiri (A1),0.032,142.4,False,True,-2.175,0.01
P08,repo_video,Ngeed,4,Tahan,C3,kiri (A1),0.0,153.4,False,False,-0.301,0.738
P08,repo_video,Ngeed,4,Tahan,P3,kiri (A1),0.0,129.5,False,True,-0.08,1.665
P08,repo_video,Ngeed,4,Tahan,O1,kiri (A1),0.0,205.6,False,False,-1.619,0.098
P08,repo_video,Ngeed,4,Tahan,F7,kiri (A1),0.065,143.2,False,True,-3.302,-0.387
P08,repo_video,Ngeed,4,Tahan,T3,kiri (A1),0.065,163.4,False,False,-1.932,0.453
P08,repo_video,Ngeed,4,Tahan,T5,kiri (A1),0.0,40.6,False,True,-5.431,0.446
P08,repo_video,Ngeed,4,Tahan,Fp2,kanan (A2),0.0,92.6,False,True,-0.716,0.969
P08,repo_video,Ngeed,4,Tahan,F4,kanan (A2),0.0,37.4,False,True,-0.511,1.958
P08,repo_video,Ngeed,4,Tahan,C4,kanan (A2),0.0,84.9,False,True,1.248,3.462
P08,repo_video,Ngeed,4,Tahan,P4,kanan (A2),0.0,52.3,False,True,-0.743,2.907
P08,repo_video,Ngeed,4,Tahan,O2,kanan (A2),0.0,55.5,False,True,2.821,2.216
P08,repo_video,Ngeed,4,Tahan,F8,kanan (A2),0.0,66.6,False,True,-0.498,1.987
P08,repo_video,Ngeed,4,Tahan,T4,kanan (A2),0.0,45.8,False,True,-0.921,1.32
P08,repo_video,Ngeed,4,Tahan,T6,kanan (A2),0.0,63.5,False,True,-0.199,-2.499
P08,repo_video,Ngeed,4,Naik,Fp1,kiri (A1),0.0,265.0,False,False,9.396,3.827
P08,repo_video,Ngeed,4,Naik,F3,kiri (A1),0.0,304.1,False,False,11.292,9.106
P08,repo_video,Ngeed,4,Naik,C3,kiri (A1),0.0,258.1,False,False,10.303,8.689
P08,repo_video,Ngeed,4,Naik,P3,kiri (A1),0.0,251.9,False,False,12.398,9.437
P08,repo_video,Ngeed,4,Naik,O1,kiri (A1),0.0,454.5,False,False,15.234,9.414
P08,repo_video,Ngeed,4,Naik,F7,kiri (A1),0.0,320.2,False,False,10.897,8.167
P08,repo_video,Ngeed,4,Naik,T3,kiri (A1),0.0,378.7,False,False,11.55,8.545
P08,repo_video,Ngeed,4,Naik,T5,kiri (A1),0.0,49.4,False,True,4.106,5.891
P08,repo_video,Ngeed,4,Naik,Fp2,kanan (A2),0.0,185.7,False,False,17.456,8.658
P08,repo_video,Ngeed,4,Naik,F4,kanan (A2),0.0,140.0,False,True,18.97,17.231
P08,repo_video,Ngeed,4,Naik,C4,kanan (A2),0.0,150.1,False,False,15.865,11.887
P08,repo_video,Ngeed,4,Naik,P4,kanan (A2),0.0,98.1,False,True,15.184,12.932
P08,repo_video,Ngeed,4,Naik,O2,kanan (A2),0.0,125.2,False,True,13.749,11.561
P08,repo_video,Ngeed,4,Naik,F8,kanan (A2),0.0,150.7,False,False,17.48,12.142
P08,repo_video,Ngeed,4,Naik,T4,kanan (A2),0.0,168.1,False,False,16.627,17.491
P08,repo_video,Ngeed,4,Naik,T6,kanan (A2),0.0,87.1,False,True,7.04,4.35
P08,repo_video,Agem Kanan,3,Gerak,Fp1,kiri (A1),0.0,212.5,False,False,0.043,4.811
P08,repo_video,Agem Kanan,3,Gerak,F3,kiri (A1),0.0,131.8,False,True,2.889,-0.399
P08,repo_video,Agem Kanan,3,Gerak,C3,kiri (A1),0.0,179.5,False,False,11.221,0.44
P08,repo_video,Agem Kanan,3,Gerak,P3,kiri (A1),0.0,242.5,False,False,13.938,3.536
P08,repo_video,Agem Kanan,3,Gerak,O1,kiri (A1),0.0,363.8,False,False,5.694,1.674
P08,repo_video,Agem Kanan,3,Gerak,F7,kiri (A1),0.0,290.9,False,False,9.582,6.145
P08,repo_video,Agem Kanan,3,Gerak,T3,kiri (A1),0.0,293.6,False,False,5.864,4.187
P08,repo_video,Agem Kanan,3,Gerak,T5,kiri (A1),0.0,400.7,False,False,22.505,17.657
P08,repo_video,Agem Kanan,3,Gerak,Fp2,kanan (A2),0.0,655.7,False,False,28.437,11.739
P08,repo_video,Agem Kanan,3,Gerak,F4,kanan (A2),0.0,298.6,False,False,25.968,16.258
P08,repo_video,Agem Kanan,3,Gerak,C4,kanan (A2),0.0,292.4,False,False,18.659,10.046
P08,repo_video,Agem Kanan,3,Gerak,P4,kanan (A2),0.0,331.4,False,False,22.281,12.177
P08,repo_video,Agem Kanan,3,Gerak,O2,kanan (A2),0.0,390.0,False,False,21.966,21.447
P08,repo_video,Agem Kanan,3,Gerak,F8,kanan (A2),0.0,519.3,False,False,20.582,13.085
P08,repo_video,Agem Kanan,3,Gerak,T4,kanan (A2),0.0,436.0,False,False,21.325,14.739
P08,repo_video,Agem Kanan,3,Gerak,T6,kanan (A2),0.0,634.1,False,False,26.897,9.325
P08,repo_video,Agem Kanan,3,Tahan,Fp1,kiri (A1),0.0,41.0,False,True,-8.4,-10.676
P08,repo_video,Agem Kanan,3,Tahan,F3,kiri (A1),0.0,66.2,False,True,-5.975,-4.379
P08,repo_video,Agem Kanan,3,Tahan,C3,kiri (A1),0.0,63.1,False,True,-3.26,-3.947
P08,repo_video,Agem Kanan,3,Tahan,P3,kiri (A1),0.0,56.2,False,True,-2.19,-3.356
P08,repo_video,Agem Kanan,3,Tahan,O1,kiri (A1),0.0,101.6,False,True,-2.73,-4.398
P08,repo_video,Agem Kanan,3,Tahan,F7,kiri (A1),0.0,64.6,False,True,-4.973,-5.308
P08,repo_video,Agem Kanan,3,Tahan,T3,kiri (A1),0.0,77.8,False,True,-4.081,-4.607
P08,repo_video,Agem Kanan,3,Tahan,T5,kiri (A1),0.0,50.3,False,True,-0.763,1.705
P08,repo_video,Agem Kanan,3,Tahan,Fp2,kanan (A2),0.0,306.3,False,False,8.999,5.22
P08,repo_video,Agem Kanan,3,Tahan,F4,kanan (A2),0.0,262.5,False,False,13.533,16.498
P08,repo_video,Agem Kanan,3,Tahan,C4,kanan (A2),0.0,175.9,False,False,1.925,2.867
P08,repo_video,Agem Kanan,3,Tahan,P4,kanan (A2),0.0,183.2,False,False,9.904,6.971
P08,repo_video,Agem Kanan,3,Tahan,O2,kanan (A2),0.0,143.6,False,True,8.556,11.314
P08,repo_video,Agem Kanan,3,Tahan,F8,kanan (A2),0.0,269.3,False,False,13.793,6.368
P08,repo_video,Agem Kanan,3,Tahan,T4,kanan (A2),0.0,232.7,False,False,7.977,7.809
P08,repo_video,Agem Kanan,3,Tahan,T6,kanan (A2),0.0,291.2,False,False,17.301,1.409
P08,repo_video,Agem Kanan,3,Naik,Fp1,kiri (A1),0.0,425.0,False,False,7.932,12.102
P08,repo_video,Agem Kanan,3,Naik,F3,kiri (A1),0.0,415.6,False,False,-0.082,13.873
P08,repo_video,Agem Kanan,3,Naik,C3,kiri (A1),0.0,454.7,False,False,6.017,16.335
P08,repo_video,Agem Kanan,3,Naik,P3,kiri (A1),0.0,490.7,False,False,2.529,18.149
P08,repo_video,Agem Kanan,3,Naik,O1,kiri (A1),0.0,487.9,False,False,3.251,5.079
P08,repo_video,Agem Kanan,3,Naik,F7,kiri (A1),0.0,712.9,False,False,13.265,15.346
P08,repo_video,Agem Kanan,3,Naik,T3,kiri (A1),0.0,542.4,False,False,-1.664,11.983
P08,repo_video,Agem Kanan,3,Naik,T5,kiri (A1),0.0,611.1,False,False,20.764,28.161
P08,repo_video,Agem Kanan,3,Naik,Fp2,kanan (A2),0.0,648.0,False,False,29.972,20.454
P08,repo_video,Agem Kanan,3,Naik,F4,kanan (A2),0.0,535.8,False,False,31.696,28.187
P08,repo_video,Agem Kanan,3,Naik,C4,kanan (A2),0.0,410.1,False,False,22.469,23.237
P08,repo_video,Agem Kanan,3,Naik,P4,kanan (A2),0.0,464.9,False,False,25.439,26.884
P08,repo_video,Agem Kanan,3,Naik,O2,kanan (A2),0.0,649.1,False,False,26.322,27.953
P08,repo_video,Agem Kanan,3,Naik,F8,kanan (A2),0.0,531.1,False,False,18.216,19.959
P08,repo_video,Agem Kanan,3,Naik,T4,kanan (A2),0.0,634.3,False,False,27.873,25.888
P08,repo_video,Agem Kanan,3,Naik,T6,kanan (A2),0.0,633.4,False,False,17.18,24.314
P08,repo_video,Agem Kanan,4,Gerak,Fp1,kiri (A1),0.0,191.9,False,False,6.571,5.121
P08,repo_video,Agem Kanan,4,Gerak,F3,kiri (A1),0.0,186.7,False,False,8.881,4.922
P08,repo_video,Agem Kanan,4,Gerak,C3,kiri (A1),0.0,226.0,False,False,12.193,6.523
P08,repo_video,Agem Kanan,4,Gerak,P3,kiri (A1),0.0,148.4,False,True,8.421,4.234
P08,repo_video,Agem Kanan,4,Gerak,O1,kiri (A1),0.0,278.4,False,False,-8.832,4.88
P08,repo_video,Agem Kanan,4,Gerak,F7,kiri (A1),0.0,481.2,False,False,16.77,7.852
P08,repo_video,Agem Kanan,4,Gerak,T3,kiri (A1),0.0,206.1,False,False,8.163,4.455
P08,repo_video,Agem Kanan,4,Gerak,T5,kiri (A1),0.0,253.1,False,False,15.914,14.85
P08,repo_video,Agem Kanan,4,Gerak,Fp2,kanan (A2),0.0,766.2,False,False,28.825,19.784
P08,repo_video,Agem Kanan,4,Gerak,F4,kanan (A2),0.0,652.9,False,False,32.45,24.831
P08,repo_video,Agem Kanan,4,Gerak,C4,kanan (A2),0.0,497.0,False,False,21.929,13.028
P08,repo_video,Agem Kanan,4,Gerak,P4,kanan (A2),0.0,521.4,False,False,23.536,15.208
P08,repo_video,Agem Kanan,4,Gerak,O2,kanan (A2),0.0,524.5,False,False,29.758,27.366
P08,repo_video,Agem Kanan,4,Gerak,F8,kanan (A2),0.0,472.3,False,False,21.328,14.712
P08,repo_video,Agem Kanan,4,Gerak,T4,kanan (A2),0.0,447.3,False,False,23.203,16.121
P08,repo_video,Agem Kanan,4,Gerak,T6,kanan (A2),0.0,544.4,False,False,16.63,7.952
P08,repo_video,Agem Kanan,4,Tahan,Fp1,kiri (A1),0.0,120.6,False,True,-2.796,-0.536
P08,repo_video,Agem Kanan,4,Tahan,F3,kiri (A1),0.0,213.8,False,False,2.51,4.841
P08,repo_video,Agem Kanan,4,Tahan,C3,kiri (A1),0.0,198.2,False,False,4.32,4.297
P08,repo_video,Agem Kanan,4,Tahan,P3,kiri (A1),0.035,170.5,False,False,4.947,4.226
P08,repo_video,Agem Kanan,4,Tahan,O1,kiri (A1),0.0,337.3,False,False,5.26,5.975
P08,repo_video,Agem Kanan,4,Tahan,F7,kiri (A1),0.0,203.7,False,False,2.457,4.352
P08,repo_video,Agem Kanan,4,Tahan,T3,kiri (A1),0.0,272.8,False,False,5.253,5.894
P08,repo_video,Agem Kanan,4,Tahan,T5,kiri (A1),0.281,58.6,False,False,1.154,0.488
P08,repo_video,Agem Kanan,4,Tahan,Fp2,kanan (A2),0.0,387.3,False,False,11.304,5.427
P08,repo_video,Agem Kanan,4,Tahan,F4,kanan (A2),0.0,416.4,False,False,11.381,16.94
P08,repo_video,Agem Kanan,4,Tahan,C4,kanan (A2),0.14,240.2,False,False,3.422,8.891
P08,repo_video,Agem Kanan,4,Tahan,P4,kanan (A2),0.0,234.1,False,False,7.148,10.383
P08,repo_video,Agem Kanan,4,Tahan,O2,kanan (A2),0.0,193.4,False,False,9.189,14.803
P08,repo_video,Agem Kanan,4,Tahan,F8,kanan (A2),0.0,606.8,False,False,22.7,7.93
P08,repo_video,Agem Kanan,4,Tahan,T4,kanan (A2),0.0,645.7,False,False,14.921,13.597
P08,repo_video,Agem Kanan,4,Tahan,T6,kanan (A2),0.0,320.9,False,False,15.025,7.334
P08,repo_video,Agem Kanan,4,Naik,Fp1,kiri (A1),0.0,429.2,False,False,18.751,10.881
P08,repo_video,Agem Kanan,4,Naik,F3,kiri (A1),0.0,283.4,False,False,16.328,8.7
P08,repo_video,Agem Kanan,4,Naik,C3,kiri (A1),0.0,275.9,False,False,15.442,9.374
P08,repo_video,Agem Kanan,4,Naik,P3,kiri (A1),0.0,214.8,False,False,15.33,10.767
P08,repo_video,Agem Kanan,4,Naik,O1,kiri (A1),0.0,608.9,False,False,20.863,10.329
P08,repo_video,Agem Kanan,4,Naik,F7,kiri (A1),0.0,362.0,False,False,16.984,10.23
P08,repo_video,Agem Kanan,4,Naik,T3,kiri (A1),0.0,406.4,False,False,17.749,9.397
P08,repo_video,Agem Kanan,4,Naik,T5,kiri (A1),0.0,433.2,False,False,19.503,20.994
P08,repo_video,Agem Kanan,4,Naik,Fp2,kanan (A2),0.0,519.2,False,False,23.902,15.654
P08,repo_video,Agem Kanan,4,Naik,F4,kanan (A2),0.0,373.3,False,False,25.177,16.184
P08,repo_video,Agem Kanan,4,Naik,C4,kanan (A2),0.0,344.2,False,False,19.824,8.257
P08,repo_video,Agem Kanan,4,Naik,P4,kanan (A2),0.0,354.1,False,False,20.911,11.895
P08,repo_video,Agem Kanan,4,Naik,O2,kanan (A2),0.0,316.2,False,False,20.27,20.878
P08,repo_video,Agem Kanan,4,Naik,F8,kanan (A2),0.0,482.7,False,False,20.291,11.398
P08,repo_video,Agem Kanan,4,Naik,T4,kanan (A2),0.0,632.5,False,False,29.493,22.417
P08,repo_video,Agem Kanan,4,Naik,T6,kanan (A2),0.0,662.3,False,False,27.15,24.664
P08,repo_video,Agem Kiri,3,Gerak,Fp1,kiri (A1),0.0,156.1,False,False,3.409,-1.551
P08,repo_video,Agem Kiri,3,Gerak,F3,kiri (A1),0.0,142.4,False,True,3.158,0.118
P08,repo_video,Agem Kiri,3,Gerak,C3,kiri (A1),0.0,156.4,False,False,4.075,-0.244
P08,repo_video,Agem Kiri,3,Gerak,P3,kiri (A1),0.0,113.0,False,True,3.082,-1.24
P08,repo_video,Agem Kiri,3,Gerak,O1,kiri (A1),0.0,227.4,False,False,7.944,0.181
P08,repo_video,Agem Kiri,3,Gerak,F7,kiri (A1),0.0,164.7,False,False,2.311,-1.926
P08,repo_video,Agem Kiri,3,Gerak,T3,kiri (A1),0.0,181.9,False,False,-2.185,-2.191
P08,repo_video,Agem Kiri,3,Gerak,T5,kiri (A1),0.0,65.3,False,True,7.902,4.937
P08,repo_video,Agem Kiri,3,Gerak,Fp2,kanan (A2),0.0,501.2,False,False,15.798,10.177
P08,repo_video,Agem Kiri,3,Gerak,F4,kanan (A2),0.0,500.1,False,False,19.656,16.15
P08,repo_video,Agem Kiri,3,Gerak,C4,kanan (A2),0.0,260.2,False,False,15.582,1.65
P08,repo_video,Agem Kiri,3,Gerak,P4,kanan (A2),0.0,284.9,False,False,16.596,5.225
P08,repo_video,Agem Kiri,3,Gerak,O2,kanan (A2),0.0,312.5,False,False,21.32,15.449
P08,repo_video,Agem Kiri,3,Gerak,F8,kanan (A2),0.0,424.5,False,False,20.352,11.154
P08,repo_video,Agem Kiri,3,Gerak,T4,kanan (A2),0.0,404.5,False,False,19.48,18.026
P08,repo_video,Agem Kiri,3,Gerak,T6,kanan (A2),0.0,318.8,False,False,17.313,3.209
P08,repo_video,Agem Kiri,3,Tahan,Fp1,kiri (A1),0.221,181.3,False,False,-3.506,-0.031
P08,repo_video,Agem Kiri,3,Tahan,F3,kiri (A1),0.442,152.9,False,False,-6.595,-2.077
P08,repo_video,Agem Kiri,3,Tahan,C3,kiri (A1),0.368,117.2,False,False,-6.886,-3.959
P08,repo_video,Agem Kiri,3,Tahan,P3,kiri (A1),0.516,102.8,False,False,-6.737,-4.04
P08,repo_video,Agem Kiri,3,Tahan,O1,kiri (A1),0.037,306.2,False,False,0.972,2.115
P08,repo_video,Agem Kiri,3,Tahan,F7,kiri (A1),0.11,190.1,False,False,-3.16,-0.048
P08,repo_video,Agem Kiri,3,Tahan,T3,kiri (A1),0.037,241.4,False,False,-1.29,1.605
P08,repo_video,Agem Kiri,3,Tahan,T5,kiri (A1),0.479,58.2,False,False,-7.297,-2.119
P08,repo_video,Agem Kiri,3,Tahan,Fp2,kanan (A2),0.0,161.5,False,False,4.582,1.907
P08,repo_video,Agem Kiri,3,Tahan,F4,kanan (A2),0.626,43.3,False,False,-1.45,-3.408
P08,repo_video,Agem Kiri,3,Tahan,C4,kanan (A2),0.442,63.2,False,False,-8.53,-2.286
P08,repo_video,Agem Kiri,3,Tahan,P4,kanan (A2),0.295,60.9,False,False,-0.389,-0.743
P08,repo_video,Agem Kiri,3,Tahan,O2,kanan (A2),0.221,42.9,False,False,0.651,0.359
P08,repo_video,Agem Kiri,3,Tahan,F8,kanan (A2),0.0,105.0,False,True,7.254,3.454
P08,repo_video,Agem Kiri,3,Tahan,T4,kanan (A2),0.0,198.8,False,False,12.36,4.36
P08,repo_video,Agem Kiri,3,Tahan,T6,kanan (A2),0.295,116.1,False,False,1.319,-1.235
P08,repo_video,Agem Kiri,3,Naik,Fp1,kiri (A1),0.0,133.6,False,True,3.261,8.941
P08,repo_video,Agem Kiri,3,Naik,F3,kiri (A1),0.0,217.8,False,False,6.747,5.124
P08,repo_video,Agem Kiri,3,Naik,C3,kiri (A1),0.0,113.9,False,True,-0.496,3.748
P08,repo_video,Agem Kiri,3,Naik,P3,kiri (A1),0.0,122.6,False,True,4.872,5.928
P08,repo_video,Agem Kiri,3,Naik,O1,kiri (A1),0.0,278.5,False,False,5.797,5.979
P08,repo_video,Agem Kiri,3,Naik,F7,kiri (A1),0.0,158.3,False,False,-0.488,7.045
P08,repo_video,Agem Kiri,3,Naik,T3,kiri (A1),0.0,166.9,False,False,1.609,4.102
P08,repo_video,Agem Kiri,3,Naik,T5,kiri (A1),0.0,186.9,False,False,21.332,9.4
P08,repo_video,Agem Kiri,3,Naik,Fp2,kanan (A2),0.0,378.5,False,False,22.264,13.281
P08,repo_video,Agem Kiri,3,Naik,F4,kanan (A2),0.0,202.6,False,False,17.062,19.097
P08,repo_video,Agem Kiri,3,Naik,C4,kanan (A2),0.0,369.7,False,False,19.64,18.346
P08,repo_video,Agem Kiri,3,Naik,P4,kanan (A2),0.0,336.0,False,False,18.504,19.874
P08,repo_video,Agem Kiri,3,Naik,O2,kanan (A2),0.0,377.1,False,False,26.573,24.255
P08,repo_video,Agem Kiri,3,Naik,F8,kanan (A2),0.0,479.7,False,False,26.058,19.499
P08,repo_video,Agem Kiri,3,Naik,T4,kanan (A2),0.0,545.5,False,False,28.342,24.028
P08,repo_video,Agem Kiri,3,Naik,T6,kanan (A2),0.0,395.4,False,False,23.495,12.065
P08,repo_video,Agem Kiri,4,Gerak,Fp1,kiri (A1),0.0,186.6,False,False,1.755,8.48
P08,repo_video,Agem Kiri,4,Gerak,F3,kiri (A1),0.0,139.3,False,True,3.117,3.758
P08,repo_video,Agem Kiri,4,Gerak,C3,kiri (A1),0.0,107.9,False,True,1.545,3.994
P08,repo_video,Agem Kiri,4,Gerak,P3,kiri (A1),0.0,56.3,False,True,-0.53,-3.688
P08,repo_video,Agem Kiri,4,Gerak,O1,kiri (A1),0.0,363.1,False,False,9.696,9.997
P08,repo_video,Agem Kiri,4,Gerak,F7,kiri (A1),0.0,186.1,False,False,3.538,8.127
P08,repo_video,Agem Kiri,4,Gerak,T3,kiri (A1),0.0,246.5,False,False,4.462,8.701
P08,repo_video,Agem Kiri,4,Gerak,T5,kiri (A1),0.538,32.3,False,False,-11.551,-15.957
P08,repo_video,Agem Kiri,4,Gerak,Fp2,kanan (A2),0.0,268.4,False,False,17.962,7.322
P08,repo_video,Agem Kiri,4,Gerak,F4,kanan (A2),0.0,125.1,False,True,9.295,8.017
P08,repo_video,Agem Kiri,4,Gerak,C4,kanan (A2),0.0,78.6,False,True,2.559,8.145
P08,repo_video,Agem Kiri,4,Gerak,P4,kanan (A2),0.077,95.3,False,True,-0.837,-3.268
P08,repo_video,Agem Kiri,4,Gerak,O2,kanan (A2),0.0,166.8,False,False,20.971,16.921
P08,repo_video,Agem Kiri,4,Gerak,F8,kanan (A2),0.0,240.9,False,False,17.059,12.613
P08,repo_video,Agem Kiri,4,Gerak,T4,kanan (A2),0.0,375.8,False,False,21.593,11.747
P08,repo_video,Agem Kiri,4,Gerak,T6,kanan (A2),0.0,115.1,False,True,8.08,2.798
P08,repo_video,Agem Kiri,4,Tahan,Fp1,kiri (A1),0.649,66.9,False,False,-16.687,-9.007
P08,repo_video,Agem Kiri,4,Tahan,F3,kiri (A1),0.725,32.6,False,False,-25.562,-19.537
P08,repo_video,Agem Kiri,4,Tahan,C3,kiri (A1),0.191,64.5,False,False,-10.771,-4.61
P08,repo_video,Agem Kiri,4,Tahan,P3,kiri (A1),0.382,44.8,False,False,-14.326,-7.901
P08,repo_video,Agem Kiri,4,Tahan,O1,kiri (A1),0.038,146.0,False,True,-8.921,-1.173
P08,repo_video,Agem Kiri,4,Tahan,F7,kiri (A1),0.229,101.2,False,False,-16.134,-9.609
P08,repo_video,Agem Kiri,4,Tahan,T3,kiri (A1),0.076,97.4,False,True,-10.349,-4.023
P08,repo_video,Agem Kiri,4,Tahan,T5,kiri (A1),0.229,74.2,False,False,0.976,7.105
P08,repo_video,Agem Kiri,4,Tahan,Fp2,kanan (A2),0.0,302.5,False,False,5.418,3.916
P08,repo_video,Agem Kiri,4,Tahan,F4,kanan (A2),0.42,107.9,False,False,1.634,3.941
P08,repo_video,Agem Kiri,4,Tahan,C4,kanan (A2),0.0,97.6,False,True,-0.185,2.662
P08,repo_video,Agem Kiri,4,Tahan,P4,kanan (A2),0.0,127.6,False,True,2.816,5.762
P08,repo_video,Agem Kiri,4,Tahan,O2,kanan (A2),0.0,167.0,False,False,7.389,8.371
P08,repo_video,Agem Kiri,4,Tahan,F8,kanan (A2),0.0,300.5,False,False,10.346,7.046
P08,repo_video,Agem Kiri,4,Tahan,T4,kanan (A2),0.0,391.5,False,False,13.921,10.663
P08,repo_video,Agem Kiri,4,Tahan,T6,kanan (A2),0.038,120.5,False,True,2.559,2.335
P08,repo_video,Agem Kiri,4,Naik,Fp1,kiri (A1),0.0,310.8,False,False,15.116,1.283
P08,repo_video,Agem Kiri,4,Naik,F3,kiri (A1),0.0,328.9,False,False,16.689,2.023
P08,repo_video,Agem Kiri,4,Naik,C3,kiri (A1),0.0,221.1,False,False,13.958,3.414
P08,repo_video,Agem Kiri,4,Naik,P3,kiri (A1),0.0,233.2,False,False,16.073,4.146
P08,repo_video,Agem Kiri,4,Naik,O1,kiri (A1),0.0,608.6,False,False,18.412,0.008
P08,repo_video,Agem Kiri,4,Naik,F7,kiri (A1),0.0,398.2,False,False,16.965,-3.874
P08,repo_video,Agem Kiri,4,Naik,T3,kiri (A1),0.0,373.9,False,False,15.862,1.873
P08,repo_video,Agem Kiri,4,Naik,T5,kiri (A1),0.0,241.8,False,False,19.276,9.908
P08,repo_video,Agem Kiri,4,Naik,Fp2,kanan (A2),0.0,583.8,False,False,26.292,16.475
P08,repo_video,Agem Kiri,4,Naik,F4,kanan (A2),0.0,358.3,False,False,24.5,20.161
P08,repo_video,Agem Kiri,4,Naik,C4,kanan (A2),0.0,430.2,False,False,25.467,12.662
P08,repo_video,Agem Kiri,4,Naik,P4,kanan (A2),0.0,331.2,False,False,24.344,17.532
P08,repo_video,Agem Kiri,4,Naik,O2,kanan (A2),0.0,398.3,False,False,26.247,22.921
P08,repo_video,Agem Kiri,4,Naik,F8,kanan (A2),0.0,466.8,False,False,25.487,17.2
P08,repo_video,Agem Kiri,4,Naik,T4,kanan (A2),0.0,558.7,False,False,31.64,19.766
P08,repo_video,Agem Kiri,4,Naik,T6,kanan (A2),0.0,402.2,False,False,27.125,7.063
P08,repo_video,-,0,Istirahat,Fp1,kiri (A1),0.189,261.4,False,,0.0,0.0
P08,repo_video,-,0,Istirahat,F3,kiri (A1),0.34,260.8,False,,0.0,0.0
P08,repo_video,-,0,Istirahat,C3,kiri (A1),0.246,247.8,False,,0.0,0.0
P08,repo_video,-,0,Istirahat,P3,kiri (A1),0.336,208.1,False,,0.0,0.0
P08,repo_video,-,0,Istirahat,O1,kiri (A1),0.096,297.8,False,,0.0,0.0
P08,repo_video,-,0,Istirahat,F7,kiri (A1),0.169,291.2,False,,0.0,0.0
P08,repo_video,-,0,Istirahat,T3,kiri (A1),0.161,310.5,False,,0.0,0.0
P08,repo_video,-,0,Istirahat,T5,kiri (A1),0.389,108.6,False,,0.0,0.0
P08,repo_video,-,0,Istirahat,Fp2,kanan (A2),0.0,140.2,False,,0.0,0.0
P08,repo_video,-,0,Istirahat,F4,kanan (A2),0.281,58.7,False,,0.0,0.0
P08,repo_video,-,0,Istirahat,C4,kanan (A2),0.226,127.1,False,,0.0,0.0
P08,repo_video,-,0,Istirahat,P4,kanan (A2),0.242,94.9,False,,0.0,0.0
P08,repo_video,-,0,Istirahat,O2,kanan (A2),0.266,87.8,False,,0.0,0.0
P08,repo_video,-,0,Istirahat,F8,kanan (A2),0.08,93.8,False,,0.0,0.0
P08,repo_video,-,0,Istirahat,T4,kanan (A2),0.0,81.9,False,,0.0,0.0
P08,repo_video,-,0,Istirahat,T6,kanan (A2),0.296,98.8,False,,0.0,0.0
P09,timestamp_manual,Ngeed,1,Gerak,Fp1,kiri (A1),0.0,184.3,False,False,-1.747,-2.211
P09,timestamp_manual,Ngeed,1,Gerak,F3,kiri (A1),0.0,161.1,False,False,7.608,2.95
P09,timestamp_manual,Ngeed,1,Gerak,C3,kiri (A1),0.0,139.5,False,True,7.163,3.449
P09,timestamp_manual,Ngeed,1,Gerak,P3,kiri (A1),0.054,83.2,False,True,-9.778,-6.824
P09,timestamp_manual,Ngeed,1,Gerak,O1,kiri (A1),0.432,97.6,False,False,-18.256,-12.707
P09,timestamp_manual,Ngeed,1,Gerak,F7,kiri (A1),0.0,215.8,False,False,4.704,4.461
P09,timestamp_manual,Ngeed,1,Gerak,T3,kiri (A1),0.69,70.4,False,False,-25.222,-14.971
P09,timestamp_manual,Ngeed,1,Gerak,T5,kiri (A1),0.0,181.0,False,False,6.871,4.258
P09,timestamp_manual,Ngeed,1,Gerak,Fp2,kanan (A2),0.0,366.5,False,False,3.131,1.524
P09,timestamp_manual,Ngeed,1,Gerak,F4,kanan (A2),0.0,278.6,False,False,3.747,0.213
P09,timestamp_manual,Ngeed,1,Gerak,C4,kanan (A2),0.054,188.9,False,False,1.004,-3.435
P09,timestamp_manual,Ngeed,1,Gerak,P4,kanan (A2),0.0,281.2,False,False,9.251,4.766
P09,timestamp_manual,Ngeed,1,Gerak,O2,kanan (A2),0.0,305.8,False,False,9.679,4.505
P09,timestamp_manual,Ngeed,1,Gerak,F8,kanan (A2),0.054,393.9,False,False,-5.561,-0.604
P09,timestamp_manual,Ngeed,1,Gerak,T4,kanan (A2),0.0,293.4,False,False,3.41,1.251
P09,timestamp_manual,Ngeed,1,Gerak,T6,kanan (A2),0.0,577.0,False,False,5.987,4.328
P09,timestamp_manual,Ngeed,1,Tahan,Fp1,kiri (A1),0.0,153.1,False,False,-5.384,-1.949
P09,timestamp_manual,Ngeed,1,Tahan,F3,kiri (A1),0.0,114.5,False,True,4.747,2.64
P09,timestamp_manual,Ngeed,1,Tahan,C3,kiri (A1),0.0,88.3,False,True,4.877,2.352
P09,timestamp_manual,Ngeed,1,Tahan,P3,kiri (A1),0.33,51.9,False,False,-19.057,-11.809
P09,timestamp_manual,Ngeed,1,Tahan,O1,kiri (A1),0.787,78.2,False,False,-33.445,-24.109
P09,timestamp_manual,Ngeed,1,Tahan,F7,kiri (A1),0.0,143.8,False,True,-1.921,0.132
P09,timestamp_manual,Ngeed,1,Tahan,T3,kiri (A1),0.838,52.6,False,False,-33.297,-22.786
P09,timestamp_manual,Ngeed,1,Tahan,T5,kiri (A1),0.0,93.4,False,True,0.878,-0.512
P09,timestamp_manual,Ngeed,1,Tahan,Fp2,kanan (A2),0.0,146.7,False,True,-8.68,2.969
P09,timestamp_manual,Ngeed,1,Tahan,F4,kanan (A2),0.0,85.4,False,True,-7.748,0.856
P09,timestamp_manual,Ngeed,1,Tahan,C4,kanan (A2),0.736,53.1,False,False,-28.341,-14.699
P09,timestamp_manual,Ngeed,1,Tahan,P4,kanan (A2),0.0,76.2,False,True,-1.932,4.408
P09,timestamp_manual,Ngeed,1,Tahan,O2,kanan (A2),0.0,71.9,False,True,-4.737,1.801
P09,timestamp_manual,Ngeed,1,Tahan,F8,kanan (A2),0.381,267.5,False,False,-15.858,-6.852
P09,timestamp_manual,Ngeed,1,Tahan,T4,kanan (A2),0.051,50.7,False,True,-15.787,-6.199
P09,timestamp_manual,Ngeed,1,Tahan,T6,kanan (A2),0.0,193.2,False,False,-12.182,-5.495
P09,timestamp_manual,Ngeed,1,Naik,Fp1,kiri (A1),0.0,80.4,False,True,-4.44,-2.557
P09,timestamp_manual,Ngeed,1,Naik,F3,kiri (A1),0.0,90.4,False,True,4.891,1.497
P09,timestamp_manual,Ngeed,1,Naik,C3,kiri (A1),0.0,83.3,False,True,5.967,-0.29
P09,timestamp_manual,Ngeed,1,Naik,P3,kiri (A1),0.664,11.2,False,False,-25.71,-16.489
P09,timestamp_manual,Ngeed,1,Naik,O1,kiri (A1),1.0,0.1,False,False,-79.29,-107.057
P09,timestamp_manual,Ngeed,1,Naik,F7,kiri (A1),0.0,82.2,False,True,-8.788,-4.214
P09,timestamp_manual,Ngeed,1,Naik,T3,kiri (A1),1.0,0.0,False,False,-100.919,-127.413
P09,timestamp_manual,Ngeed,1,Naik,T5,kiri (A1),0.0,50.2,False,True,-0.877,-2.886
P09,timestamp_manual,Ngeed,1,Naik,Fp2,kanan (A2),0.0,124.4,False,True,-16.876,1.267
P09,timestamp_manual,Ngeed,1,Naik,F4,kanan (A2),0.0,66.4,False,True,-9.583,-1.054
P09,timestamp_manual,Ngeed,1,Naik,C4,kanan (A2),0.84,12.3,False,False,-50.864,-69.37
P09,timestamp_manual,Ngeed,1,Naik,P4,kanan (A2),0.0,87.5,False,True,-0.728,2.649
P09,timestamp_manual,Ngeed,1,Naik,O2,kanan (A2),0.0,79.8,False,True,-3.718,-0.047
P09,timestamp_manual,Ngeed,1,Naik,F8,kanan (A2),0.504,134.7,False,False,-34.274,-19.297
P09,timestamp_manual,Ngeed,1,Naik,T4,kanan (A2),0.084,54.0,False,True,-24.591,-12.124
P09,timestamp_manual,Ngeed,1,Naik,T6,kanan (A2),0.0,111.8,False,True,-16.051,-6.076
P09,timestamp_manual,Ngeed,1,Berdiri,Fp1,kiri (A1),0.0,119.8,False,True,-3.853,-0.693
P09,timestamp_manual,Ngeed,1,Berdiri,F3,kiri (A1),0.0,129.9,False,True,6.064,1.715
P09,timestamp_manual,Ngeed,1,Berdiri,C3,kiri (A1),0.0,123.3,False,True,6.941,1.215
P09,timestamp_manual,Ngeed,1,Berdiri,P3,kiri (A1),0.175,98.8,False,False,-4.171,-6.623
P09,timestamp_manual,Ngeed,1,Berdiri,O1,kiri (A1),0.455,62.7,False,False,-16.009,-13.009
P09,timestamp_manual,Ngeed,1,Berdiri,F7,kiri (A1),0.0,201.8,False,False,4.155,1.411
P09,timestamp_manual,Ngeed,1,Berdiri,T3,kiri (A1),0.806,50.9,False,False,-30.784,-21.949
P09,timestamp_manual,Ngeed,1,Berdiri,T5,kiri (A1),0.0,131.6,False,True,4.38,0.64
P09,timestamp_manual,Ngeed,1,Berdiri,Fp2,kanan (A2),0.0,366.7,False,False,2.283,1.51
P09,timestamp_manual,Ngeed,1,Berdiri,F4,kanan (A2),0.0,238.0,False,False,1.334,-0.695
P09,timestamp_manual,Ngeed,1,Berdiri,C4,kanan (A2),0.018,120.6,False,True,-6.332,-6.572
P09,timestamp_manual,Ngeed,1,Berdiri,P4,kanan (A2),0.0,193.3,False,False,5.33,2.414
P09,timestamp_manual,Ngeed,1,Berdiri,O2,kanan (A2),0.0,182.1,False,False,4.963,1.127
P09,timestamp_manual,Ngeed,1,Berdiri,F8,kanan (A2),0.0,665.6,False,False,-1.453,-3.037
P09,timestamp_manual,Ngeed,1,Berdiri,T4,kanan (A2),0.0,282.0,False,False,1.636,1.141
P09,timestamp_manual,Ngeed,1,Berdiri,T6,kanan (A2),0.0,517.9,False,False,-2.623,-0.424
P09,timestamp_manual,Ngeed,2,Gerak,Fp1,kiri (A1),0.0,163.8,False,False,1.801,-2.102
P09,timestamp_manual,Ngeed,2,Gerak,F3,kiri (A1),0.0,126.2,False,True,6.466,0.287
P09,timestamp_manual,Ngeed,2,Gerak,C3,kiri (A1),0.0,117.9,False,True,7.74,1.425
P09,timestamp_manual,Ngeed,2,Gerak,P3,kiri (A1),0.0,90.6,False,True,0.049,-5.015
P09,timestamp_manual,Ngeed,2,Gerak,O1,kiri (A1),0.054,67.0,False,True,-7.722,-8.627
P09,timestamp_manual,Ngeed,2,Gerak,F7,kiri (A1),0.0,219.2,False,False,4.77,1.84
P09,timestamp_manual,Ngeed,2,Gerak,T3,kiri (A1),0.47,48.5,False,False,-18.839,-14.396
P09,timestamp_manual,Ngeed,2,Gerak,T5,kiri (A1),0.0,120.0,False,True,2.871,1.576
P09,timestamp_manual,Ngeed,2,Gerak,Fp2,kanan (A2),0.0,299.8,False,False,-0.281,2.725
P09,timestamp_manual,Ngeed,2,Gerak,F4,kanan (A2),0.0,157.4,False,False,-1.271,-0.257
P09,timestamp_manual,Ngeed,2,Gerak,C4,kanan (A2),0.0,111.4,False,True,-2.45,-1.859
P09,timestamp_manual,Ngeed,2,Gerak,P4,kanan (A2),0.0,195.8,False,False,4.78,5.069
P09,timestamp_manual,Ngeed,2,Gerak,O2,kanan (A2),0.0,203.9,False,False,5.007,3.096
P09,timestamp_manual,Ngeed,2,Gerak,F8,kanan (A2),0.0,920.1,False,False,4.231,3.674
P09,timestamp_manual,Ngeed,2,Gerak,T4,kanan (A2),0.0,369.5,False,False,3.872,3.612
P09,timestamp_manual,Ngeed,2,Gerak,T6,kanan (A2),0.0,633.7,False,False,4.763,3.849
P09,timestamp_manual,Ngeed,2,Tahan,Fp1,kiri (A1),0.092,81.1,False,True,-5.996,-3.1
P09,timestamp_manual,Ngeed,2,Tahan,F3,kiri (A1),0.179,101.8,False,False,3.024,-0.952
P09,timestamp_manual,Ngeed,2,Tahan,C3,kiri (A1),0.267,89.9,False,False,4.552,-1.125
P09,timestamp_manual,Ngeed,2,Tahan,P3,kiri (A1),0.748,22.7,False,False,-16.361,-16.053
P09,timestamp_manual,Ngeed,2,Tahan,O1,kiri (A1),0.88,16.5,False,False,-24.96,-22.841
P09,timestamp_manual,Ngeed,2,Tahan,F7,kiri (A1),0.0,155.1,False,False,0.394,-1.86
P09,timestamp_manual,Ngeed,2,Tahan,T3,kiri (A1),0.967,5.9,False,False,-58.3,-60.492
P09,timestamp_manual,Ngeed,2,Tahan,T5,kiri (A1),0.0,92.9,False,True,0.985,-0.304
P09,timestamp_manual,Ngeed,2,Tahan,Fp2,kanan (A2),0.0,204.8,False,False,-6.81,1.567
P09,timestamp_manual,Ngeed,2,Tahan,F4,kanan (A2),0.442,145.2,False,False,-6.886,-1.219
P09,timestamp_manual,Ngeed,2,Tahan,C4,kanan (A2),0.792,62.1,False,False,-21.632,-17.295
P09,timestamp_manual,Ngeed,2,Tahan,P4,kanan (A2),0.354,134.6,False,False,-1.418,1.155
P09,timestamp_manual,Ngeed,2,Tahan,O2,kanan (A2),0.442,169.6,False,False,-2.394,0.159
P09,timestamp_manual,Ngeed,2,Tahan,F8,kanan (A2),0.398,109.0,False,False,-16.461,-12.042
P09,timestamp_manual,Ngeed,2,Tahan,T4,kanan (A2),0.573,142.6,False,False,-8.824,-7.367
P09,timestamp_manual,Ngeed,2,Tahan,T6,kanan (A2),0.398,123.6,False,False,-11.877,-5.695
P09,timestamp_manual,Ngeed,2,Naik,Fp1,kiri (A1),0.816,8.7,False,False,-33.7,-26.918
P09,timestamp_manual,Ngeed,2,Naik,F3,kiri (A1),0.877,7.2,False,False,-45.375,-36.513
P09,timestamp_manual,Ngeed,2,Naik,C3,kiri (A1),1.0,0.0,False,False,-70.974,-90.182
P09,timestamp_manual,Ngeed,2,Naik,P3,kiri (A1),1.0,0.0,False,False,-303.508,-295.882
P09,timestamp_manual,Ngeed,2,Naik,O1,kiri (A1),1.0,0.0,False,False,-305.843,-298.658
P09,timestamp_manual,Ngeed,2,Naik,F7,kiri (A1),0.0,162.8,False,False,1.212,-2.044
P09,timestamp_manual,Ngeed,2,Naik,T3,kiri (A1),1.0,0.0,False,False,-304.231,-298.296
P09,timestamp_manual,Ngeed,2,Naik,T5,kiri (A1),0.73,14.9,False,False,-28.468,-18.868
P09,timestamp_manual,Ngeed,2,Naik,Fp2,kanan (A2),0.245,269.5,False,False,-4.739,-6.18
P09,timestamp_manual,Ngeed,2,Naik,F4,kanan (A2),0.699,55.7,False,False,-14.027,-10.891
P09,timestamp_manual,Ngeed,2,Naik,C4,kanan (A2),0.939,8.8,False,False,-42.009,-27.478
P09,timestamp_manual,Ngeed,2,Naik,P4,kanan (A2),0.638,75.7,False,False,-6.974,-5.421
P09,timestamp_manual,Ngeed,2,Naik,O2,kanan (A2),0.638,77.0,False,False,-7.303,-10.199
P09,timestamp_manual,Ngeed,2,Naik,F8,kanan (A2),0.515,366.0,False,False,-1.864,-0.197
P09,timestamp_manual,Ngeed,2,Naik,T4,kanan (A2),0.638,58.3,False,False,-15.42,-13.172
P09,timestamp_manual,Ngeed,2,Naik,T6,kanan (A2),0.577,282.4,False,False,-3.973,-1.618
P09,timestamp_manual,Ngeed,2,Berdiri,Fp1,kiri (A1),0.687,37.8,False,False,-22.879,-15.674
P09,timestamp_manual,Ngeed,2,Berdiri,F3,kiri (A1),0.95,7.2,False,False,-49.602,-41.224
P09,timestamp_manual,Ngeed,2,Berdiri,C3,kiri (A1),1.0,0.1,False,False,-136.719,-131.398
P09,timestamp_manual,Ngeed,2,Berdiri,P3,kiri (A1),1.0,0.0,False,False,-124.319,-131.781
P09,timestamp_manual,Ngeed,2,Berdiri,O1,kiri (A1),1.0,0.0,False,False,-132.881,-130.391
P09,timestamp_manual,Ngeed,2,Berdiri,F7,kiri (A1),0.0,297.6,False,False,7.713,1.703
P09,timestamp_manual,Ngeed,2,Berdiri,T3,kiri (A1),1.0,0.0,False,False,-129.629,-132.353
P09,timestamp_manual,Ngeed,2,Berdiri,T5,kiri (A1),1.0,0.1,False,False,-145.984,-128.959
P09,timestamp_manual,Ngeed,2,Berdiri,Fp2,kanan (A2),0.0,356.3,False,False,1.148,1.512
P09,timestamp_manual,Ngeed,2,Berdiri,F4,kanan (A2),0.636,66.1,False,False,-18.152,-10.238
P09,timestamp_manual,Ngeed,2,Berdiri,C4,kanan (A2),0.981,0.7,False,False,-64.227,-64.822
P09,timestamp_manual,Ngeed,2,Berdiri,P4,kanan (A2),0.511,64.4,False,False,-9.689,-7.312
P09,timestamp_manual,Ngeed,2,Berdiri,O2,kanan (A2),0.47,55.0,False,False,-10.411,-9.828
P09,timestamp_manual,Ngeed,2,Berdiri,F8,kanan (A2),0.031,790.3,False,False,0.858,3.787
P09,timestamp_manual,Ngeed,2,Berdiri,T4,kanan (A2),0.417,97.0,False,False,-16.217,-8.909
P09,timestamp_manual,Ngeed,2,Berdiri,T6,kanan (A2),0.448,198.3,False,False,-11.534,-4.269
P09,timestamp_manual,Agem Kanan,1,Gerak,Fp1,kiri (A1),0.128,548.3,False,False,9.264,2.676
P09,timestamp_manual,Agem Kanan,1,Gerak,F3,kiri (A1),0.477,391.7,False,False,10.825,8.304
P09,timestamp_manual,Agem Kanan,1,Gerak,C3,kiri (A1),0.477,493.1,False,False,14.821,13.153
P09,timestamp_manual,Agem Kanan,1,Gerak,P3,kiri (A1),0.477,542.0,False,False,11.763,9.603
P09,timestamp_manual,Agem Kanan,1,Gerak,O1,kiri (A1),0.477,593.1,False,False,9.052,10.376
P09,timestamp_manual,Agem Kanan,1,Gerak,F7,kiri (A1),0.0,527.6,False,False,10.103,9.195
P09,timestamp_manual,Agem Kanan,1,Gerak,T3,kiri (A1),0.477,587.7,False,False,7.998,7.42
P09,timestamp_manual,Agem Kanan,1,Gerak,T5,kiri (A1),0.477,548.4,False,False,9.458,14.409
P09,timestamp_manual,Agem Kanan,1,Gerak,Fp2,kanan (A2),0.0,544.8,False,False,5.274,6.73
P09,timestamp_manual,Agem Kanan,1,Gerak,F4,kanan (A2),0.477,488.2,False,False,2.171,7.035
P09,timestamp_manual,Agem Kanan,1,Gerak,C4,kanan (A2),0.477,545.2,False,False,5.308,6.12
P09,timestamp_manual,Agem Kanan,1,Gerak,P4,kanan (A2),0.477,467.7,False,False,1.836,9.567
P09,timestamp_manual,Agem Kanan,1,Gerak,O2,kanan (A2),0.419,444.6,False,False,3.46,9.308
P09,timestamp_manual,Agem Kanan,1,Gerak,F8,kanan (A2),0.0,855.0,False,False,1.888,5.006
P09,timestamp_manual,Agem Kanan,1,Gerak,T4,kanan (A2),0.349,436.4,False,False,-2.61,4.275
P09,timestamp_manual,Agem Kanan,1,Gerak,T6,kanan (A2),0.36,727.1,False,False,3.987,8.799
P09,timestamp_manual,Agem Kanan,1,Tahan,Fp1,kiri (A1),0.0,398.4,False,False,8.516,1.468
P09,timestamp_manual,Agem Kanan,1,Tahan,F3,kiri (A1),0.0,277.8,False,False,11.648,4.714
P09,timestamp_manual,Agem Kanan,1,Tahan,C3,kiri (A1),0.0,206.7,False,False,11.391,4.317
P09,timestamp_manual,Agem Kanan,1,Tahan,P3,kiri (A1),0.0,327.7,False,False,10.107,3.8
P09,timestamp_manual,Agem Kanan,1,Tahan,O1,kiri (A1),0.0,433.8,False,False,8.068,3.794
P09,timestamp_manual,Agem Kanan,1,Tahan,F7,kiri (A1),0.0,610.9,False,False,16.141,11.108
P09,timestamp_manual,Agem Kanan,1,Tahan,T3,kiri (A1),0.0,432.7,False,False,10.069,2.313
P09,timestamp_manual,Agem Kanan,1,Tahan,T5,kiri (A1),0.0,492.8,False,False,8.971,10.042
P09,timestamp_manual,Agem Kanan,1,Tahan,Fp2,kanan (A2),0.0,777.2,False,False,11.629,10.708
P09,timestamp_manual,Agem Kanan,1,Tahan,F4,kanan (A2),0.0,694.6,False,False,13.923,12.083
P09,timestamp_manual,Agem Kanan,1,Tahan,C4,kanan (A2),0.0,716.2,False,False,16.527,8.721
P09,timestamp_manual,Agem Kanan,1,Tahan,P4,kanan (A2),0.0,642.4,False,False,17.38,16.273
P09,timestamp_manual,Agem Kanan,1,Tahan,O2,kanan (A2),0.0,680.7,False,False,17.376,14.54
P09,timestamp_manual,Agem Kanan,1,Tahan,F8,kanan (A2),0.0,836.2,False,False,6.851,6.716
P09,timestamp_manual,Agem Kanan,1,Tahan,T4,kanan (A2),0.0,711.6,False,False,13.27,11.464
P09,timestamp_manual,Agem Kanan,1,Tahan,T6,kanan (A2),0.0,692.6,False,False,10.896,8.856
P09,timestamp_manual,Agem Kanan,1,Naik,Fp1,kiri (A1),0.0,442.0,False,False,1.199,1.944
P09,timestamp_manual,Agem Kanan,1,Naik,F3,kiri (A1),0.0,389.9,False,False,2.929,2.447
P09,timestamp_manual,Agem Kanan,1,Naik,C3,kiri (A1),0.0,350.8,False,False,3.207,2.449
P09,timestamp_manual,Agem Kanan,1,Naik,P3,kiri (A1),0.0,414.7,False,False,3.504,1.437
P09,timestamp_manual,Agem Kanan,1,Naik,O1,kiri (A1),0.0,470.9,False,False,3.792,2.251
P09,timestamp_manual,Agem Kanan,1,Naik,F7,kiri (A1),0.0,499.7,False,False,7.963,6.507
P09,timestamp_manual,Agem Kanan,1,Naik,T3,kiri (A1),0.0,450.5,False,False,1.791,0.83
P09,timestamp_manual,Agem Kanan,1,Naik,T5,kiri (A1),0.0,445.1,False,False,3.147,3.619
P09,timestamp_manual,Agem Kanan,1,Naik,Fp2,kanan (A2),0.0,849.4,False,False,12.985,10.986
P09,timestamp_manual,Agem Kanan,1,Naik,F4,kanan (A2),0.0,767.0,False,False,15.738,12.951
P09,timestamp_manual,Agem Kanan,1,Naik,C4,kanan (A2),0.0,778.3,False,False,18.376,9.534
P09,timestamp_manual,Agem Kanan,1,Naik,P4,kanan (A2),0.0,674.8,False,False,19.09,15.354
P09,timestamp_manual,Agem Kanan,1,Naik,O2,kanan (A2),0.0,697.1,False,False,18.962,13.526
P09,timestamp_manual,Agem Kanan,1,Naik,F8,kanan (A2),0.0,759.7,False,False,8.156,6.344
P09,timestamp_manual,Agem Kanan,1,Naik,T4,kanan (A2),0.0,760.2,False,False,15.498,12.058
P09,timestamp_manual,Agem Kanan,1,Naik,T6,kanan (A2),0.0,743.6,False,False,11.827,7.946
P09,timestamp_manual,Agem Kanan,1,Berdiri,Fp1,kiri (A1),0.0,467.0,False,False,7.62,2.318
P09,timestamp_manual,Agem Kanan,1,Berdiri,F3,kiri (A1),0.0,448.9,False,False,11.526,5.577
P09,timestamp_manual,Agem Kanan,1,Berdiri,C3,kiri (A1),0.0,471.0,False,False,12.175,8.199
P09,timestamp_manual,Agem Kanan,1,Berdiri,P3,kiri (A1),0.0,498.9,False,False,10.446,4.912
P09,timestamp_manual,Agem Kanan,1,Berdiri,O1,kiri (A1),0.0,539.7,False,False,8.422,4.903
P09,timestamp_manual,Agem Kanan,1,Berdiri,F7,kiri (A1),0.0,370.6,False,False,6.984,7.013
P09,timestamp_manual,Agem Kanan,1,Berdiri,T3,kiri (A1),0.0,498.9,False,False,9.211,2.966
P09,timestamp_manual,Agem Kanan,1,Berdiri,T5,kiri (A1),0.0,459.8,False,False,7.897,10.634
P09,timestamp_manual,Agem Kanan,1,Berdiri,Fp2,kanan (A2),0.0,637.5,False,False,3.484,4.71
P09,timestamp_manual,Agem Kanan,1,Berdiri,F4,kanan (A2),0.0,549.0,False,False,5.663,4.991
P09,timestamp_manual,Agem Kanan,1,Berdiri,C4,kanan (A2),0.0,601.5,False,False,8.96,4.238
P09,timestamp_manual,Agem Kanan,1,Berdiri,P4,kanan (A2),0.0,528.6,False,False,8.736,8.354
P09,timestamp_manual,Agem Kanan,1,Berdiri,O2,kanan (A2),0.0,479.3,False,False,6.158,5.457
P09,timestamp_manual,Agem Kanan,1,Berdiri,F8,kanan (A2),0.0,765.3,False,False,3.849,5.958
P09,timestamp_manual,Agem Kanan,1,Berdiri,T4,kanan (A2),0.0,656.6,False,False,6.644,5.726
P09,timestamp_manual,Agem Kanan,1,Berdiri,T6,kanan (A2),0.0,692.3,False,False,5.606,7.502
P09,timestamp_manual,Agem Kanan,2,Gerak,Fp1,kiri (A1),0.0,394.5,False,False,9.224,2.056
P09,timestamp_manual,Agem Kanan,2,Gerak,F3,kiri (A1),0.0,425.2,False,False,13.884,6.983
P09,timestamp_manual,Agem Kanan,2,Gerak,C3,kiri (A1),0.0,449.9,False,False,14.862,10.435
P09,timestamp_manual,Agem Kanan,2,Gerak,P3,kiri (A1),0.0,464.3,False,False,12.886,6.081
P09,timestamp_manual,Agem Kanan,2,Gerak,O1,kiri (A1),0.0,488.4,False,False,12.514,3.778
P09,timestamp_manual,Agem Kanan,2,Gerak,F7,kiri (A1),0.0,612.5,False,False,8.999,9.789
P09,timestamp_manual,Agem Kanan,2,Gerak,T3,kiri (A1),0.0,402.3,False,False,8.821,1.844
P09,timestamp_manual,Agem Kanan,2,Gerak,T5,kiri (A1),0.0,439.4,False,False,11.135,10.416
P09,timestamp_manual,Agem Kanan,2,Gerak,Fp2,kanan (A2),0.0,704.1,False,False,5.983,8.113
P09,timestamp_manual,Agem Kanan,2,Gerak,F4,kanan (A2),0.0,636.2,False,False,8.476,8.756
P09,timestamp_manual,Agem Kanan,2,Gerak,C4,kanan (A2),0.0,524.6,False,False,10.468,3.521
P09,timestamp_manual,Agem Kanan,2,Gerak,P4,kanan (A2),0.0,536.4,False,False,11.953,9.908
P09,timestamp_manual,Agem Kanan,2,Gerak,O2,kanan (A2),0.0,532.9,False,False,10.165,6.999
P09,timestamp_manual,Agem Kanan,2,Gerak,F8,kanan (A2),0.0,637.0,False,False,3.699,0.459
P09,timestamp_manual,Agem Kanan,2,Gerak,T4,kanan (A2),0.0,657.3,False,False,7.932,4.927
P09,timestamp_manual,Agem Kanan,2,Gerak,T6,kanan (A2),0.0,668.8,False,False,3.281,5.416
P09,timestamp_manual,Agem Kanan,2,Tahan,Fp1,kiri (A1),0.0,284.4,False,False,5.367,2.941
P09,timestamp_manual,Agem Kanan,2,Tahan,F3,kiri (A1),0.0,231.9,False,False,8.494,4.762
P09,timestamp_manual,Agem Kanan,2,Tahan,C3,kiri (A1),0.0,194.3,False,False,8.633,4.33
P09,timestamp_manual,Agem Kanan,2,Tahan,P3,kiri (A1),0.0,209.0,False,False,6.752,2.829
P09,timestamp_manual,Agem Kanan,2,Tahan,O1,kiri (A1),0.0,238.2,False,False,5.289,1.956
P09,timestamp_manual,Agem Kanan,2,Tahan,F7,kiri (A1),0.0,636.9,False,False,13.212,12.073
P09,timestamp_manual,Agem Kanan,2,Tahan,T3,kiri (A1),0.0,292.2,False,False,6.072,2.168
P09,timestamp_manual,Agem Kanan,2,Tahan,T5,kiri (A1),0.0,134.3,False,True,2.963,2.179
P09,timestamp_manual,Agem Kanan,2,Tahan,Fp2,kanan (A2),0.0,589.1,False,False,8.53,7.064
P09,timestamp_manual,Agem Kanan,2,Tahan,F4,kanan (A2),0.0,698.5,False,False,12.155,9.925
P09,timestamp_manual,Agem Kanan,2,Tahan,C4,kanan (A2),0.0,388.6,False,False,8.605,1.529
P09,timestamp_manual,Agem Kanan,2,Tahan,P4,kanan (A2),0.0,440.2,False,False,10.692,8.333
P09,timestamp_manual,Agem Kanan,2,Tahan,O2,kanan (A2),0.0,460.7,False,False,10.984,6.872
P09,timestamp_manual,Agem Kanan,2,Tahan,F8,kanan (A2),0.0,622.6,False,False,2.327,5.017
P09,timestamp_manual,Agem Kanan,2,Tahan,T4,kanan (A2),0.0,608.0,False,False,9.265,5.136
P09,timestamp_manual,Agem Kanan,2,Tahan,T6,kanan (A2),0.0,590.6,False,False,2.695,3.336
P09,timestamp_manual,Agem Kanan,2,Naik,Fp1,kiri (A1),0.0,416.3,False,False,8.892,1.401
P09,timestamp_manual,Agem Kanan,2,Naik,F3,kiri (A1),0.0,370.7,False,False,11.235,4.83
P09,timestamp_manual,Agem Kanan,2,Naik,C3,kiri (A1),0.0,379.1,False,False,11.911,7.997
P09,timestamp_manual,Agem Kanan,2,Naik,P3,kiri (A1),0.0,413.5,False,False,9.291,3.439
P09,timestamp_manual,Agem Kanan,2,Naik,O1,kiri (A1),0.0,439.7,False,False,8.16,3.284
P09,timestamp_manual,Agem Kanan,2,Naik,F7,kiri (A1),0.0,661.4,False,False,13.355,13.686
P09,timestamp_manual,Agem Kanan,2,Naik,T3,kiri (A1),0.0,447.9,False,False,10.241,1.861
P09,timestamp_manual,Agem Kanan,2,Naik,T5,kiri (A1),0.0,315.4,False,False,5.556,7.796
P09,timestamp_manual,Agem Kanan,2,Naik,Fp2,kanan (A2),0.0,757.9,False,False,11.678,14.297
P09,timestamp_manual,Agem Kanan,2,Naik,F4,kanan (A2),0.0,667.1,False,False,13.233,11.631
P09,timestamp_manual,Agem Kanan,2,Naik,C4,kanan (A2),0.0,627.9,False,False,13.414,8.391
P09,timestamp_manual,Agem Kanan,2,Naik,P4,kanan (A2),0.0,645.8,False,False,15.548,14.724
P09,timestamp_manual,Agem Kanan,2,Naik,O2,kanan (A2),0.0,625.4,False,False,14.532,11.66
P09,timestamp_manual,Agem Kanan,2,Naik,F8,kanan (A2),0.0,685.5,False,False,4.042,4.387
P09,timestamp_manual,Agem Kanan,2,Naik,T4,kanan (A2),0.0,695.5,False,False,8.39,12.32
P09,timestamp_manual,Agem Kanan,2,Naik,T6,kanan (A2),0.0,656.4,False,False,8.492,5.723
P09,timestamp_manual,Agem Kanan,2,Berdiri,Fp1,kiri (A1),0.0,416.3,False,False,6.065,2.512
P09,timestamp_manual,Agem Kanan,2,Berdiri,F3,kiri (A1),0.144,370.7,False,False,5.716,1.063
P09,timestamp_manual,Agem Kanan,2,Berdiri,C3,kiri (A1),0.144,379.1,False,False,7.048,4.174
P09,timestamp_manual,Agem Kanan,2,Berdiri,P3,kiri (A1),0.0,413.5,False,False,5.512,2.275
P09,timestamp_manual,Agem Kanan,2,Berdiri,O1,kiri (A1),0.0,389.3,False,False,10.475,1.784
P09,timestamp_manual,Agem Kanan,2,Berdiri,F7,kiri (A1),0.0,474.8,False,False,10.75,8.053
P09,timestamp_manual,Agem Kanan,2,Berdiri,T3,kiri (A1),0.0,440.7,False,False,6.234,3.635
P09,timestamp_manual,Agem Kanan,2,Berdiri,T5,kiri (A1),0.0,315.4,False,False,9.982,5.649
P09,timestamp_manual,Agem Kanan,2,Berdiri,Fp2,kanan (A2),0.0,789.6,False,False,10.98,4.642
P09,timestamp_manual,Agem Kanan,2,Berdiri,F4,kanan (A2),0.0,735.1,False,False,11.372,6.78
P09,timestamp_manual,Agem Kanan,2,Berdiri,C4,kanan (A2),0.0,638.3,False,False,12.671,1.748
P09,timestamp_manual,Agem Kanan,2,Berdiri,P4,kanan (A2),0.032,675.9,False,False,14.765,8.568
P09,timestamp_manual,Agem Kanan,2,Berdiri,O2,kanan (A2),0.0,693.7,False,False,14.584,7.157
P09,timestamp_manual,Agem Kanan,2,Berdiri,F8,kanan (A2),0.0,897.9,False,False,7.016,6.334
P09,timestamp_manual,Agem Kanan,2,Berdiri,T4,kanan (A2),0.0,633.4,False,False,9.923,4.213
P09,timestamp_manual,Agem Kanan,2,Berdiri,T6,kanan (A2),0.0,746.3,False,False,8.458,7.248
P09,timestamp_manual,Agem Kiri,1,Gerak,Fp1,kiri (A1),0.0,516.3,False,False,11.888,3.193
P09,timestamp_manual,Agem Kiri,1,Gerak,F3,kiri (A1),0.279,469.0,False,False,12.04,9.348
P09,timestamp_manual,Agem Kiri,1,Gerak,C3,kiri (A1),0.275,541.7,False,False,14.588,11.615
P09,timestamp_manual,Agem Kiri,1,Gerak,P3,kiri (A1),0.0,556.5,False,False,12.816,7.626
P09,timestamp_manual,Agem Kiri,1,Gerak,O1,kiri (A1),0.0,580.2,False,False,11.885,6.143
P09,timestamp_manual,Agem Kiri,1,Gerak,F7,kiri (A1),0.0,721.9,False,False,11.925,7.894
P09,timestamp_manual,Agem Kiri,1,Gerak,T3,kiri (A1),0.0,715.2,False,False,9.372,8.906
P09,timestamp_manual,Agem Kiri,1,Gerak,T5,kiri (A1),0.0,611.6,False,False,11.028,12.41
P09,timestamp_manual,Agem Kiri,1,Gerak,Fp2,kanan (A2),0.0,691.7,False,False,5.914,9.222
P09,timestamp_manual,Agem Kiri,1,Gerak,F4,kanan (A2),0.0,365.8,False,False,2.038,7.632
P09,timestamp_manual,Agem Kiri,1,Gerak,C4,kanan (A2),0.0,403.6,False,False,5.967,8.113
P09,timestamp_manual,Agem Kiri,1,Gerak,P4,kanan (A2),0.0,236.7,False,False,2.849,11.612
P09,timestamp_manual,Agem Kiri,1,Gerak,O2,kanan (A2),0.0,322.1,False,False,3.988,8.073
P09,timestamp_manual,Agem Kiri,1,Gerak,F8,kanan (A2),0.0,649.6,False,False,2.527,5.845
P09,timestamp_manual,Agem Kiri,1,Gerak,T4,kanan (A2),0.0,618.1,False,False,6.39,6.468
P09,timestamp_manual,Agem Kiri,1,Gerak,T6,kanan (A2),0.0,429.2,False,False,2.83,6.518
P09,timestamp_manual,Agem Kiri,1,Tahan,Fp1,kiri (A1),0.0,709.5,False,False,11.769,7.824
P09,timestamp_manual,Agem Kiri,1,Tahan,F3,kiri (A1),0.0,629.5,False,False,15.634,13.231
P09,timestamp_manual,Agem Kiri,1,Tahan,C3,kiri (A1),0.0,675.5,False,False,17.962,16.045
P09,timestamp_manual,Agem Kiri,1,Tahan,P3,kiri (A1),0.0,693.2,False,False,15.199,11.752
P09,timestamp_manual,Agem Kiri,1,Tahan,O1,kiri (A1),0.0,706.6,False,False,13.046,10.147
P09,timestamp_manual,Agem Kiri,1,Tahan,F7,kiri (A1),0.0,824.1,False,False,13.802,16.284
P09,timestamp_manual,Agem Kiri,1,Tahan,T3,kiri (A1),0.0,742.3,False,False,17.568,11.03
P09,timestamp_manual,Agem Kiri,1,Tahan,T5,kiri (A1),0.0,648.6,False,False,15.624,17.734
P09,timestamp_manual,Agem Kiri,1,Tahan,Fp2,kanan (A2),0.0,536.2,False,False,2.169,2.106
P09,timestamp_manual,Agem Kiri,1,Tahan,F4,kanan (A2),0.0,294.8,False,False,-0.279,0.943
P09,timestamp_manual,Agem Kiri,1,Tahan,C4,kanan (A2),0.0,310.2,False,False,2.965,0.603
P09,timestamp_manual,Agem Kiri,1,Tahan,P4,kanan (A2),0.0,194.0,False,False,0.314,4.017
P09,timestamp_manual,Agem Kiri,1,Tahan,O2,kanan (A2),0.0,464.9,False,False,6.398,6.822
P09,timestamp_manual,Agem Kiri,1,Tahan,F8,kanan (A2),0.0,337.3,False,False,-4.06,3.69
P09,timestamp_manual,Agem Kiri,1,Tahan,T4,kanan (A2),0.0,504.3,False,False,2.103,8.71
P09,timestamp_manual,Agem Kiri,1,Tahan,T6,kanan (A2),0.0,523.9,False,False,1.9,7.756
P09,timestamp_manual,Agem Kiri,1,Naik,Fp1,kiri (A1),0.0,660.7,False,False,15.357,9.91
P09,timestamp_manual,Agem Kiri,1,Naik,F3,kiri (A1),0.0,653.8,False,False,17.939,16.35
P09,timestamp_manual,Agem Kiri,1,Naik,C3,kiri (A1),0.0,652.4,False,False,19.944,19.518
P09,timestamp_manual,Agem Kiri,1,Naik,P3,kiri (A1),0.0,647.7,False,False,17.201,14.874
P09,timestamp_manual,Agem Kiri,1,Naik,O1,kiri (A1),0.0,648.7,False,False,14.192,13.039
P09,timestamp_manual,Agem Kiri,1,Naik,F7,kiri (A1),0.0,652.8,False,False,13.44,17.543
P09,timestamp_manual,Agem Kiri,1,Naik,T3,kiri (A1),0.0,629.1,False,False,18.255,11.602
P09,timestamp_manual,Agem Kiri,1,Naik,T5,kiri (A1),0.0,630.0,False,False,15.74,20.905
P09,timestamp_manual,Agem Kiri,1,Naik,Fp2,kanan (A2),0.0,486.4,False,False,2.896,2.593
P09,timestamp_manual,Agem Kiri,1,Naik,F4,kanan (A2),0.0,480.8,False,False,1.605,0.837
P09,timestamp_manual,Agem Kiri,1,Naik,C4,kanan (A2),0.0,511.5,False,False,7.234,1.32
P09,timestamp_manual,Agem Kiri,1,Naik,P4,kanan (A2),0.0,337.8,False,False,6.072,5.273
P09,timestamp_manual,Agem Kiri,1,Naik,O2,kanan (A2),0.0,465.6,False,False,9.151,10.243
P09,timestamp_manual,Agem Kiri,1,Naik,F8,kanan (A2),0.0,778.2,False,False,-0.481,2.408
P09,timestamp_manual,Agem Kiri,1,Naik,T4,kanan (A2),0.0,491.8,False,False,4.357,7.566
P09,timestamp_manual,Agem Kiri,1,Naik,T6,kanan (A2),0.0,685.7,False,False,-0.873,-0.297
P09,timestamp_manual,Agem Kiri,1,Berdiri,Fp1,kiri (A1),0.0,653.1,False,False,11.859,2.253
P09,timestamp_manual,Agem Kiri,1,Berdiri,F3,kiri (A1),0.0,547.2,False,False,14.354,5.56
P09,timestamp_manual,Agem Kiri,1,Berdiri,C3,kiri (A1),0.0,596.5,False,False,16.355,6.983
P09,timestamp_manual,Agem Kiri,1,Berdiri,P3,kiri (A1),0.0,619.4,False,False,13.199,3.861
P09,timestamp_manual,Agem Kiri,1,Berdiri,O1,kiri (A1),0.0,546.6,False,False,11.759,3.675
P09,timestamp_manual,Agem Kiri,1,Berdiri,F7,kiri (A1),0.0,663.6,False,False,11.99,7.25
P09,timestamp_manual,Agem Kiri,1,Berdiri,T3,kiri (A1),0.0,594.0,False,False,11.087,2.424
P09,timestamp_manual,Agem Kiri,1,Berdiri,T5,kiri (A1),0.0,510.0,False,False,13.053,6.737
P09,timestamp_manual,Agem Kiri,1,Berdiri,Fp2,kanan (A2),0.0,619.9,False,False,8.047,5.211
P09,timestamp_manual,Agem Kiri,1,Berdiri,F4,kanan (A2),0.0,617.3,False,False,7.302,9.663
P09,timestamp_manual,Agem Kiri,1,Berdiri,C4,kanan (A2),0.0,457.4,False,False,10.486,2.659
P09,timestamp_manual,Agem Kiri,1,Berdiri,P4,kanan (A2),0.0,455.6,False,False,11.981,7.376
P09,timestamp_manual,Agem Kiri,1,Berdiri,O2,kanan (A2),0.0,487.6,False,False,11.929,6.552
P09,timestamp_manual,Agem Kiri,1,Berdiri,F8,kanan (A2),0.0,872.6,False,False,7.119,7.817
P09,timestamp_manual,Agem Kiri,1,Berdiri,T4,kanan (A2),0.0,634.6,False,False,9.842,6.61
P09,timestamp_manual,Agem Kiri,1,Berdiri,T6,kanan (A2),0.0,923.8,False,False,10.448,9.73
P09,timestamp_manual,Agem Kiri,2,Gerak,Fp1,kiri (A1),0.0,683.5,False,False,13.448,6.914
P09,timestamp_manual,Agem Kiri,2,Gerak,F3,kiri (A1),0.0,650.4,False,False,14.659,12.812
P09,timestamp_manual,Agem Kiri,2,Gerak,C3,kiri (A1),0.0,631.9,False,False,16.899,15.608
P09,timestamp_manual,Agem Kiri,2,Gerak,P3,kiri (A1),0.0,670.5,False,False,15.016,11.484
P09,timestamp_manual,Agem Kiri,2,Gerak,O1,kiri (A1),0.0,672.6,False,False,13.113,9.863
P09,timestamp_manual,Agem Kiri,2,Gerak,F7,kiri (A1),0.0,759.8,False,False,15.86,17.304
P09,timestamp_manual,Agem Kiri,2,Gerak,T3,kiri (A1),0.0,682.3,False,False,16.996,9.448
P09,timestamp_manual,Agem Kiri,2,Gerak,T5,kiri (A1),0.0,674.7,False,False,14.663,18.105
P09,timestamp_manual,Agem Kiri,2,Gerak,Fp2,kanan (A2),0.0,582.4,False,False,4.333,6.217
P09,timestamp_manual,Agem Kiri,2,Gerak,F4,kanan (A2),0.0,497.9,False,False,2.343,7.331
P09,timestamp_manual,Agem Kiri,2,Gerak,C4,kanan (A2),0.0,526.9,False,False,5.544,3.471
P09,timestamp_manual,Agem Kiri,2,Gerak,P4,kanan (A2),0.046,405.7,False,False,3.515,9.307
P09,timestamp_manual,Agem Kiri,2,Gerak,O2,kanan (A2),0.0,325.6,False,False,3.991,6.545
P09,timestamp_manual,Agem Kiri,2,Gerak,F8,kanan (A2),0.0,710.9,False,False,3.18,4.06
P09,timestamp_manual,Agem Kiri,2,Gerak,T4,kanan (A2),0.0,454.1,False,False,5.06,7.151
P09,timestamp_manual,Agem Kiri,2,Gerak,T6,kanan (A2),0.0,437.0,False,False,4.921,6.611
P09,timestamp_manual,Agem Kiri,2,Tahan,Fp1,kiri (A1),0.0,636.0,False,False,7.022,6.555
P09,timestamp_manual,Agem Kiri,2,Tahan,F3,kiri (A1),0.0,585.8,False,False,9.981,12.483
P09,timestamp_manual,Agem Kiri,2,Tahan,C3,kiri (A1),0.0,581.7,False,False,11.435,15.74
P09,timestamp_manual,Agem Kiri,2,Tahan,P3,kiri (A1),0.0,604.7,False,False,9.44,11.143
P09,timestamp_manual,Agem Kiri,2,Tahan,O1,kiri (A1),0.0,597.7,False,False,6.698,8.714
P09,timestamp_manual,Agem Kiri,2,Tahan,F7,kiri (A1),0.0,782.0,False,False,10.95,11.832
P09,timestamp_manual,Agem Kiri,2,Tahan,T3,kiri (A1),0.0,647.2,False,False,11.551,9.742
P09,timestamp_manual,Agem Kiri,2,Tahan,T5,kiri (A1),0.0,603.4,False,False,9.915,15.589
P09,timestamp_manual,Agem Kiri,2,Tahan,Fp2,kanan (A2),0.0,234.1,False,False,-1.275,-0.243
P09,timestamp_manual,Agem Kiri,2,Tahan,F4,kanan (A2),0.0,114.8,False,True,-4.522,-0.164
P09,timestamp_manual,Agem Kiri,2,Tahan,C4,kanan (A2),0.0,126.3,False,True,-0.894,0.975
P09,timestamp_manual,Agem Kiri,2,Tahan,P4,kanan (A2),0.045,103.7,False,True,-2.329,1.466
P09,timestamp_manual,Agem Kiri,2,Tahan,O2,kanan (A2),0.0,206.3,False,False,0.156,6.03
P09,timestamp_manual,Agem Kiri,2,Tahan,F8,kanan (A2),0.0,373.8,False,False,-2.331,-1.048
P09,timestamp_manual,Agem Kiri,2,Tahan,T4,kanan (A2),0.0,152.1,False,False,-3.074,-0.619
P09,timestamp_manual,Agem Kiri,2,Tahan,T6,kanan (A2),0.0,286.6,False,False,2.007,2.376
P09,timestamp_manual,Agem Kiri,2,Naik,Fp1,kiri (A1),0.0,608.5,False,False,12.575,8.493
P09,timestamp_manual,Agem Kiri,2,Naik,F3,kiri (A1),0.0,588.3,False,False,16.068,14.606
P09,timestamp_manual,Agem Kiri,2,Naik,C3,kiri (A1),0.0,569.9,False,False,17.714,18.285
P09,timestamp_manual,Agem Kiri,2,Naik,P3,kiri (A1),0.0,571.4,False,False,14.422,12.852
P09,timestamp_manual,Agem Kiri,2,Naik,O1,kiri (A1),0.0,563.7,False,False,12.101,10.573
P09,timestamp_manual,Agem Kiri,2,Naik,F7,kiri (A1),0.0,572.9,False,False,13.496,15.371
P09,timestamp_manual,Agem Kiri,2,Naik,T3,kiri (A1),0.0,599.3,False,False,15.215,8.708
P09,timestamp_manual,Agem Kiri,2,Naik,T5,kiri (A1),0.0,577.3,False,False,13.849,19.834
P09,timestamp_manual,Agem Kiri,2,Naik,Fp2,kanan (A2),0.0,376.7,False,False,0.938,3.959
P09,timestamp_manual,Agem Kiri,2,Naik,F4,kanan (A2),0.0,375.5,False,False,3.979,3.245
P09,timestamp_manual,Agem Kiri,2,Naik,C4,kanan (A2),0.0,239.5,False,False,1.751,-0.114
P09,timestamp_manual,Agem Kiri,2,Naik,P4,kanan (A2),0.0,199.7,False,False,3.81,4.671
P09,timestamp_manual,Agem Kiri,2,Naik,O2,kanan (A2),0.0,342.1,False,False,6.777,5.849
P09,timestamp_manual,Agem Kiri,2,Naik,F8,kanan (A2),0.0,595.2,False,False,-4.608,0.219
P09,timestamp_manual,Agem Kiri,2,Naik,T4,kanan (A2),0.0,247.0,False,False,0.432,0.498
P09,timestamp_manual,Agem Kiri,2,Naik,T6,kanan (A2),0.0,408.1,False,False,-0.322,1.478
P09,timestamp_manual,Agem Kiri,2,Berdiri,Fp1,kiri (A1),0.0,313.2,False,False,8.14,0.78
P09,timestamp_manual,Agem Kiri,2,Berdiri,F3,kiri (A1),0.0,205.9,False,False,7.787,1.993
P09,timestamp_manual,Agem Kiri,2,Berdiri,C3,kiri (A1),0.0,211.7,False,False,9.287,2.262
P09,timestamp_manual,Agem Kiri,2,Berdiri,P3,kiri (A1),0.0,259.7,False,False,6.022,2.129
P09,timestamp_manual,Agem Kiri,2,Berdiri,O1,kiri (A1),0.0,390.1,False,False,9.11,1.703
P09,timestamp_manual,Agem Kiri,2,Berdiri,F7,kiri (A1),0.0,325.5,False,False,7.703,3.893
P09,timestamp_manual,Agem Kiri,2,Berdiri,T3,kiri (A1),0.0,295.8,False,False,8.366,1.201
P09,timestamp_manual,Agem Kiri,2,Berdiri,T5,kiri (A1),0.0,275.7,False,False,7.351,2.646
P09,timestamp_manual,Agem Kiri,2,Berdiri,Fp2,kanan (A2),0.0,649.0,False,False,9.599,5.936
P09,timestamp_manual,Agem Kiri,2,Berdiri,F4,kanan (A2),0.0,510.6,False,False,6.611,8.047
P09,timestamp_manual,Agem Kiri,2,Berdiri,C4,kanan (A2),0.0,365.2,False,False,8.151,2.552
P09,timestamp_manual,Agem Kiri,2,Berdiri,P4,kanan (A2),0.0,397.8,False,False,8.57,6.871
P09,timestamp_manual,Agem Kiri,2,Berdiri,O2,kanan (A2),0.0,379.2,False,False,9.651,6.0
P09,timestamp_manual,Agem Kiri,2,Berdiri,F8,kanan (A2),0.0,814.7,False,False,4.699,4.226
P09,timestamp_manual,Agem Kiri,2,Berdiri,T4,kanan (A2),0.0,686.3,False,False,8.061,9.361
P09,timestamp_manual,Agem Kiri,2,Berdiri,T6,kanan (A2),0.0,672.0,False,False,5.384,7.47
P09,timestamp_manual,Ngeed,3,Gerak,Fp1,kiri (A1),0.279,89.9,False,False,-11.657,-5.944
P09,timestamp_manual,Ngeed,3,Gerak,F3,kiri (A1),1.0,2.9,False,False,-42.629,-81.121
P09,timestamp_manual,Ngeed,3,Gerak,C3,kiri (A1),1.0,0.7,False,False,-45.847,-82.74
P09,timestamp_manual,Ngeed,3,Gerak,P3,kiri (A1),0.874,6.1,False,False,-48.663,-56.25
P09,timestamp_manual,Ngeed,3,Gerak,O1,kiri (A1),0.799,21.5,False,False,-33.545,-53.217
P09,timestamp_manual,Ngeed,3,Gerak,F7,kiri (A1),0.0,286.9,False,False,6.923,6.646
P09,timestamp_manual,Ngeed,3,Gerak,T3,kiri (A1),0.651,40.1,False,False,-18.324,-14.995
P09,timestamp_manual,Ngeed,3,Gerak,T5,kiri (A1),1.0,0.3,False,False,-56.228,-83.079
P09,timestamp_manual,Ngeed,3,Gerak,Fp2,kanan (A2),0.0,316.8,False,False,3.839,3.566
P09,timestamp_manual,Ngeed,3,Gerak,F4,kanan (A2),0.074,107.4,False,True,-4.881,-5.505
P09,timestamp_manual,Ngeed,3,Gerak,C4,kanan (A2),0.502,37.7,False,False,-12.458,-10.319
P09,timestamp_manual,Ngeed,3,Gerak,P4,kanan (A2),0.074,84.0,False,True,-0.717,-4.615
P09,timestamp_manual,Ngeed,3,Gerak,O2,kanan (A2),0.074,79.7,False,True,-2.075,-0.895
P09,timestamp_manual,Ngeed,3,Gerak,F8,kanan (A2),0.279,64.6,False,False,-18.639,-10.779
P09,timestamp_manual,Ngeed,3,Gerak,T4,kanan (A2),0.074,244.5,False,False,-1.575,2.661
P09,timestamp_manual,Ngeed,3,Gerak,T6,kanan (A2),0.279,446.2,False,False,0.366,7.0
P09,timestamp_manual,Ngeed,3,Tahan,Fp1,kiri (A1),0.0,118.2,False,True,-3.753,-0.405
P09,timestamp_manual,Ngeed,3,Tahan,F3,kiri (A1),0.121,89.3,False,False,2.914,-0.024
P09,timestamp_manual,Ngeed,3,Tahan,C3,kiri (A1),0.121,76.5,False,False,4.464,-0.898
P09,timestamp_manual,Ngeed,3,Tahan,P3,kiri (A1),0.035,86.8,False,True,-0.598,-2.305
P09,timestamp_manual,Ngeed,3,Tahan,O1,kiri (A1),0.0,91.1,False,True,-3.017,-3.797
P09,timestamp_manual,Ngeed,3,Tahan,F7,kiri (A1),0.0,158.0,False,False,-0.814,0.188
P09,timestamp_manual,Ngeed,3,Tahan,T3,kiri (A1),0.0,94.3,False,True,-5.214,-2.321
P09,timestamp_manual,Ngeed,3,Tahan,T5,kiri (A1),0.207,61.1,False,False,-1.287,-2.126
P09,timestamp_manual,Ngeed,3,Tahan,Fp2,kanan (A2),0.0,211.2,False,False,-7.218,2.563
P09,timestamp_manual,Ngeed,3,Tahan,F4,kanan (A2),0.0,147.9,False,True,-3.254,1.599
P09,timestamp_manual,Ngeed,3,Tahan,C4,kanan (A2),0.0,83.7,False,True,-10.533,-3.259
P09,timestamp_manual,Ngeed,3,Tahan,P4,kanan (A2),0.043,83.1,False,True,-3.349,1.705
P09,timestamp_manual,Ngeed,3,Tahan,O2,kanan (A2),0.0,72.0,False,True,-4.299,0.318
P09,timestamp_manual,Ngeed,3,Tahan,F8,kanan (A2),0.0,592.7,False,False,1.542,2.528
P09,timestamp_manual,Ngeed,3,Tahan,T4,kanan (A2),0.0,212.0,False,False,-3.286,2.674
P09,timestamp_manual,Ngeed,3,Tahan,T6,kanan (A2),0.0,604.1,False,False,8.494,7.341
P09,timestamp_manual,Ngeed,3,Naik,Fp1,kiri (A1),0.119,104.9,False,False,-10.113,-2.911
P09,timestamp_manual,Ngeed,3,Naik,F3,kiri (A1),0.457,89.3,False,False,-0.647,-0.097
P09,timestamp_manual,Ngeed,3,Naik,C3,kiri (A1),0.516,74.1,False,False,-0.841,-0.948
P09,timestamp_manual,Ngeed,3,Naik,P3,kiri (A1),0.694,85.3,False,False,-7.625,-9.08
P09,timestamp_manual,Ngeed,3,Naik,O1,kiri (A1),0.813,52.5,False,False,-21.204,-13.979
P09,timestamp_manual,Ngeed,3,Naik,F7,kiri (A1),0.0,198.7,False,False,-2.495,-1.931
P09,timestamp_manual,Ngeed,3,Naik,T3,kiri (A1),0.754,53.6,False,False,-21.441,-15.053
P09,timestamp_manual,Ngeed,3,Naik,T5,kiri (A1),0.398,50.6,False,False,-5.538,-2.914
P09,timestamp_manual,Ngeed,3,Naik,Fp2,kanan (A2),0.0,170.5,False,False,-12.105,1.22
P09,timestamp_manual,Ngeed,3,Naik,F4,kanan (A2),0.338,75.9,False,False,-14.042,-3.26
P09,timestamp_manual,Ngeed,3,Naik,C4,kanan (A2),0.813,59.5,False,False,-21.934,-11.197
P09,timestamp_manual,Ngeed,3,Naik,P4,kanan (A2),0.415,83.1,False,False,-6.256,0.575
P09,timestamp_manual,Ngeed,3,Naik,O2,kanan (A2),0.475,61.2,False,False,-9.392,-3.447
P09,timestamp_manual,Ngeed,3,Naik,F8,kanan (A2),0.0,759.3,False,False,0.79,4.133
P09,timestamp_manual,Ngeed,3,Naik,T4,kanan (A2),0.534,126.5,False,False,-16.578,-10.749
P09,timestamp_manual,Ngeed,3,Naik,T6,kanan (A2),0.0,684.0,False,False,8.927,8.277
P09,timestamp_manual,Ngeed,3,Berdiri,Fp1,kiri (A1),0.0,178.0,False,False,-2.532,0.806
P09,timestamp_manual,Ngeed,3,Berdiri,F3,kiri (A1),0.364,106.4,False,False,-1.444,1.062
P09,timestamp_manual,Ngeed,3,Berdiri,C3,kiri (A1),0.421,75.5,False,False,-1.082,0.634
P09,timestamp_manual,Ngeed,3,Berdiri,P3,kiri (A1),0.336,120.1,False,False,-4.873,-0.362
P09,timestamp_manual,Ngeed,3,Berdiri,O1,kiri (A1),0.307,115.5,False,False,-6.655,-2.473
P09,timestamp_manual,Ngeed,3,Berdiri,F7,kiri (A1),0.0,222.8,False,False,3.655,4.561
P09,timestamp_manual,Ngeed,3,Berdiri,T3,kiri (A1),0.193,156.3,False,False,-6.007,-0.98
P09,timestamp_manual,Ngeed,3,Berdiri,T5,kiri (A1),0.421,77.4,False,False,-3.502,-0.213
P09,timestamp_manual,Ngeed,3,Berdiri,Fp2,kanan (A2),0.0,318.2,False,False,1.136,3.685
P09,timestamp_manual,Ngeed,3,Berdiri,F4,kanan (A2),0.284,161.2,False,False,-5.822,-1.176
P09,timestamp_manual,Ngeed,3,Berdiri,C4,kanan (A2),0.307,183.7,False,False,-4.338,-1.098
P09,timestamp_manual,Ngeed,3,Berdiri,P4,kanan (A2),0.284,216.6,False,False,1.345,-0.068
P09,timestamp_manual,Ngeed,3,Berdiri,O2,kanan (A2),0.171,175.8,False,False,-0.974,-2.192
P09,timestamp_manual,Ngeed,3,Berdiri,F8,kanan (A2),0.0,859.6,False,False,3.042,4.592
P09,timestamp_manual,Ngeed,3,Berdiri,T4,kanan (A2),0.057,194.8,False,False,-5.26,-0.036
P09,timestamp_manual,Ngeed,3,Berdiri,T6,kanan (A2),0.028,593.2,False,False,1.678,5.203
P09,timestamp_manual,Ngeed,4,Gerak,Fp1,kiri (A1),0.071,104.7,False,True,-10.205,-0.083
P09,timestamp_manual,Ngeed,4,Gerak,F3,kiri (A1),0.238,90.9,False,False,1.802,4.019
P09,timestamp_manual,Ngeed,4,Gerak,C3,kiri (A1),0.321,80.6,False,False,2.473,4.367
P09,timestamp_manual,Ngeed,4,Gerak,P3,kiri (A1),0.571,75.7,False,False,-8.8,-2.127
P09,timestamp_manual,Ngeed,4,Gerak,O1,kiri (A1),0.571,87.0,False,False,-9.998,-6.59
P09,timestamp_manual,Ngeed,4,Gerak,F7,kiri (A1),0.0,249.1,False,False,6.719,8.169
P09,timestamp_manual,Ngeed,4,Gerak,T3,kiri (A1),0.738,63.3,False,False,-27.54,-22.498
P09,timestamp_manual,Ngeed,4,Gerak,T5,kiri (A1),0.0,90.0,False,True,1.891,5.402
P09,timestamp_manual,Ngeed,4,Gerak,Fp2,kanan (A2),0.0,258.1,False,False,3.418,3.956
P09,timestamp_manual,Ngeed,4,Gerak,F4,kanan (A2),0.0,148.2,False,True,-2.59,0.708
P09,timestamp_manual,Ngeed,4,Gerak,C4,kanan (A2),0.417,98.1,False,False,-8.795,-3.755
P09,timestamp_manual,Ngeed,4,Gerak,P4,kanan (A2),0.0,208.1,False,False,6.918,4.524
P09,timestamp_manual,Ngeed,4,Gerak,O2,kanan (A2),0.0,179.9,False,False,4.256,4.545
P09,timestamp_manual,Ngeed,4,Gerak,F8,kanan (A2),0.0,656.2,False,False,7.014,6.279
P09,timestamp_manual,Ngeed,4,Gerak,T4,kanan (A2),0.0,183.6,False,False,-2.555,2.776
P09,timestamp_manual,Ngeed,4,Gerak,T6,kanan (A2),0.0,607.4,False,False,5.238,9.314
P09,timestamp_manual,Ngeed,4,Tahan,Fp1,kiri (A1),0.137,103.0,False,False,-5.4,-0.39
P09,timestamp_manual,Ngeed,4,Tahan,F3,kiri (A1),0.603,75.5,False,False,-3.002,-5.019
P09,timestamp_manual,Ngeed,4,Tahan,C3,kiri (A1),0.706,54.9,False,False,-5.456,-9.131
P09,timestamp_manual,Ngeed,4,Tahan,P3,kiri (A1),0.569,65.7,False,False,-7.799,-7.342
P09,timestamp_manual,Ngeed,4,Tahan,O1,kiri (A1),0.501,59.5,False,False,-11.825,-6.984
P09,timestamp_manual,Ngeed,4,Tahan,F7,kiri (A1),0.0,244.1,False,False,2.17,3.618
P09,timestamp_manual,Ngeed,4,Tahan,T3,kiri (A1),0.398,78.9,False,False,-8.73,-4.003
P09,timestamp_manual,Ngeed,4,Tahan,T5,kiri (A1),0.581,44.5,False,False,-10.907,-10.146
P09,timestamp_manual,Ngeed,4,Tahan,Fp2,kanan (A2),0.0,199.5,False,False,-5.747,4.779
P09,timestamp_manual,Ngeed,4,Tahan,F4,kanan (A2),0.376,132.5,False,False,-5.607,-2.913
P09,timestamp_manual,Ngeed,4,Tahan,C4,kanan (A2),0.342,70.9,False,False,-10.147,-4.379
P09,timestamp_manual,Ngeed,4,Tahan,P4,kanan (A2),0.513,122.5,False,False,-3.277,-2.62
P09,timestamp_manual,Ngeed,4,Tahan,O2,kanan (A2),0.342,134.4,False,False,-2.758,-1.49
P09,timestamp_manual,Ngeed,4,Tahan,F8,kanan (A2),0.068,466.8,False,False,-4.898,3.767
P09,timestamp_manual,Ngeed,4,Tahan,T4,kanan (A2),0.444,116.6,False,False,-10.006,-6.536
P09,timestamp_manual,Ngeed,4,Tahan,T6,kanan (A2),0.0,561.4,False,False,2.813,4.73
P09,timestamp_manual,Ngeed,4,Naik,Fp1,kiri (A1),0.0,119.1,False,True,-5.867,2.882
P09,timestamp_manual,Ngeed,4,Naik,F3,kiri (A1),0.0,86.6,False,True,3.001,3.499
P09,timestamp_manual,Ngeed,4,Naik,C3,kiri (A1),0.0,64.3,False,True,4.47,2.373
P09,timestamp_manual,Ngeed,4,Naik,P3,kiri (A1),0.0,89.3,False,True,-0.272,0.802
P09,timestamp_manual,Ngeed,4,Naik,O1,kiri (A1),0.0,83.6,False,True,-6.321,-0.804
P09,timestamp_manual,Ngeed,4,Naik,F7,kiri (A1),0.0,106.2,False,True,-0.546,-1.456
P09,timestamp_manual,Ngeed,4,Naik,T3,kiri (A1),0.0,95.9,False,True,-5.691,1.115
P09,timestamp_manual,Ngeed,4,Naik,T5,kiri (A1),0.0,63.1,False,True,-1.187,-1.407
P09,timestamp_manual,Ngeed,4,Naik,Fp2,kanan (A2),0.0,183.8,False,False,-14.569,4.993
P09,timestamp_manual,Ngeed,4,Naik,F4,kanan (A2),0.0,177.8,False,False,-9.37,3.748
P09,timestamp_manual,Ngeed,4,Naik,C4,kanan (A2),0.0,75.7,False,True,-11.085,-0.113
P09,timestamp_manual,Ngeed,4,Naik,P4,kanan (A2),0.0,94.7,False,True,-3.743,4.452
P09,timestamp_manual,Ngeed,4,Naik,O2,kanan (A2),0.0,107.6,False,True,-3.154,2.644
P09,timestamp_manual,Ngeed,4,Naik,F8,kanan (A2),0.0,66.0,False,True,-19.395,-14.448
P09,timestamp_manual,Ngeed,4,Naik,T4,kanan (A2),0.0,126.8,False,True,-10.726,-0.31
P09,timestamp_manual,Ngeed,4,Naik,T6,kanan (A2),0.0,537.7,False,False,-3.537,-0.58
P09,timestamp_manual,Ngeed,4,Berdiri,Fp1,kiri (A1),0.199,130.4,False,False,-8.219,-1.711
P09,timestamp_manual,Ngeed,4,Berdiri,F3,kiri (A1),0.541,177.3,False,False,2.582,-1.558
P09,timestamp_manual,Ngeed,4,Berdiri,C3,kiri (A1),0.598,121.5,False,False,2.374,-2.485
P09,timestamp_manual,Ngeed,4,Berdiri,P3,kiri (A1),0.655,96.7,False,False,-5.793,-4.908
P09,timestamp_manual,Ngeed,4,Berdiri,O1,kiri (A1),0.484,117.4,False,False,-7.686,-8.442
P09,timestamp_manual,Ngeed,4,Berdiri,F7,kiri (A1),0.0,227.3,False,False,2.688,2.956
P09,timestamp_manual,Ngeed,4,Berdiri,T3,kiri (A1),0.513,83.2,False,False,-18.854,-6.444
P09,timestamp_manual,Ngeed,4,Berdiri,T5,kiri (A1),0.598,127.4,False,False,-0.023,-2.693
P09,timestamp_manual,Ngeed,4,Berdiri,Fp2,kanan (A2),0.0,323.0,False,False,0.262,2.367
P09,timestamp_manual,Ngeed,4,Berdiri,F4,kanan (A2),0.456,236.9,False,False,-3.424,-0.426
P09,timestamp_manual,Ngeed,4,Berdiri,C4,kanan (A2),0.57,88.4,False,False,-16.259,-10.508
P09,timestamp_manual,Ngeed,4,Berdiri,P4,kanan (A2),0.313,238.2,False,False,-0.168,1.178
P09,timestamp_manual,Ngeed,4,Berdiri,O2,kanan (A2),0.285,237.2,False,False,0.746,1.128
P09,timestamp_manual,Ngeed,4,Berdiri,F8,kanan (A2),0.0,545.7,False,False,-0.84,3.114
P09,timestamp_manual,Ngeed,4,Berdiri,T4,kanan (A2),0.399,173.3,False,False,-8.052,-4.783
P09,timestamp_manual,Ngeed,4,Berdiri,T6,kanan (A2),0.0,594.1,False,False,5.133,5.689
P09,timestamp_manual,Agem Kanan,3,Gerak,Fp1,kiri (A1),0.0,704.0,False,False,12.678,4.623
P09,timestamp_manual,Agem Kanan,3,Gerak,F3,kiri (A1),0.0,636.4,False,False,17.856,8.93
P09,timestamp_manual,Agem Kanan,3,Gerak,C3,kiri (A1),0.058,653.9,False,False,17.496,9.734
P09,timestamp_manual,Agem Kanan,3,Gerak,P3,kiri (A1),0.0,619.5,False,False,14.69,5.416
P09,timestamp_manual,Agem Kanan,3,Gerak,O1,kiri (A1),0.0,641.1,False,False,11.34,3.506
P09,timestamp_manual,Agem Kanan,3,Gerak,F7,kiri (A1),0.0,733.1,False,False,11.895,9.698
P09,timestamp_manual,Agem Kanan,3,Gerak,T3,kiri (A1),0.0,647.2,False,False,12.269,2.995
P09,timestamp_manual,Agem Kanan,3,Gerak,T5,kiri (A1),0.058,670.4,False,False,13.702,9.529
P09,timestamp_manual,Agem Kanan,3,Gerak,Fp2,kanan (A2),0.0,730.4,False,False,3.616,8.68
P09,timestamp_manual,Agem Kanan,3,Gerak,F4,kanan (A2),0.013,552.8,False,False,7.068,6.142
P09,timestamp_manual,Agem Kanan,3,Gerak,C4,kanan (A2),0.0,265.7,False,False,1.777,1.481
P09,timestamp_manual,Agem Kanan,3,Gerak,P4,kanan (A2),0.103,381.7,False,False,7.899,8.589
P09,timestamp_manual,Agem Kanan,3,Gerak,O2,kanan (A2),0.013,295.9,False,False,6.974,6.724
P09,timestamp_manual,Agem Kanan,3,Gerak,F8,kanan (A2),0.0,748.2,False,False,4.358,4.456
P09,timestamp_manual,Agem Kanan,3,Gerak,T4,kanan (A2),0.013,454.0,False,False,6.299,5.125
P09,timestamp_manual,Agem Kanan,3,Gerak,T6,kanan (A2),0.0,660.7,False,False,7.094,6.351
P09,timestamp_manual,Agem Kanan,3,Tahan,Fp1,kiri (A1),0.485,196.5,False,False,-1.62,-6.301
P09,timestamp_manual,Agem Kanan,3,Tahan,F3,kiri (A1),0.592,163.3,False,False,1.866,-3.559
P09,timestamp_manual,Agem Kanan,3,Tahan,C3,kiri (A1),0.592,189.9,False,False,4.549,-4.405
P09,timestamp_manual,Agem Kanan,3,Tahan,P3,kiri (A1),0.689,143.9,False,False,-2.333,-11.714
P09,timestamp_manual,Agem Kanan,3,Tahan,O1,kiri (A1),0.641,103.4,False,False,-10.437,-13.076
P09,timestamp_manual,Agem Kanan,3,Tahan,F7,kiri (A1),0.0,259.0,False,False,3.06,1.622
P09,timestamp_manual,Agem Kanan,3,Tahan,T3,kiri (A1),0.738,125.4,False,False,-6.678,-15.785
P09,timestamp_manual,Agem Kanan,3,Tahan,T5,kiri (A1),0.592,139.8,False,False,-0.268,-4.591
P09,timestamp_manual,Agem Kanan,3,Tahan,Fp2,kanan (A2),0.0,558.0,False,False,-2.542,0.902
P09,timestamp_manual,Agem Kanan,3,Tahan,F4,kanan (A2),0.495,224.2,False,False,-2.661,-3.895
P09,timestamp_manual,Agem Kanan,3,Tahan,C4,kanan (A2),0.835,80.4,False,False,-15.722,-16.156
P09,timestamp_manual,Agem Kanan,3,Tahan,P4,kanan (A2),0.544,131.9,False,False,-2.638,0.158
P09,timestamp_manual,Agem Kanan,3,Tahan,O2,kanan (A2),0.544,194.9,False,False,0.772,-3.082
P09,timestamp_manual,Agem Kanan,3,Tahan,F8,kanan (A2),0.689,234.5,False,False,-11.097,-9.423
P09,timestamp_manual,Agem Kanan,3,Tahan,T4,kanan (A2),0.495,602.6,False,False,7.391,4.207
P09,timestamp_manual,Agem Kanan,3,Tahan,T6,kanan (A2),0.107,310.8,False,False,-2.265,-4.262
P09,timestamp_manual,Agem Kanan,3,Naik,Fp1,kiri (A1),0.053,532.0,False,False,7.468,3.319
P09,timestamp_manual,Agem Kanan,3,Naik,F3,kiri (A1),0.439,416.3,False,False,9.602,5.156
P09,timestamp_manual,Agem Kanan,3,Naik,C3,kiri (A1),0.492,426.6,False,False,11.278,7.555
P09,timestamp_manual,Agem Kanan,3,Naik,P3,kiri (A1),0.386,430.2,False,False,7.855,2.376
P09,timestamp_manual,Agem Kanan,3,Naik,O1,kiri (A1),0.333,437.8,False,False,3.465,1.4
P09,timestamp_manual,Agem Kanan,3,Naik,F7,kiri (A1),0.0,604.2,False,False,9.854,9.372
P09,timestamp_manual,Agem Kanan,3,Naik,T3,kiri (A1),0.228,498.0,False,False,6.273,2.898
P09,timestamp_manual,Agem Kanan,3,Naik,T5,kiri (A1),0.492,446.2,False,False,6.756,9.221
P09,timestamp_manual,Agem Kanan,3,Naik,Fp2,kanan (A2),0.0,725.5,False,False,6.954,2.254
P09,timestamp_manual,Agem Kanan,3,Naik,F4,kanan (A2),0.28,496.3,False,False,6.125,9.671
P09,timestamp_manual,Agem Kanan,3,Naik,C4,kanan (A2),0.28,278.7,False,False,1.233,-1.396
P09,timestamp_manual,Agem Kanan,3,Naik,P4,kanan (A2),0.28,340.5,False,False,3.857,9.567
P09,timestamp_manual,Agem Kanan,3,Naik,O2,kanan (A2),0.28,394.3,False,False,3.78,7.492
P09,timestamp_manual,Agem Kanan,3,Naik,F8,kanan (A2),0.28,602.1,False,False,-0.377,2.792
P09,timestamp_manual,Agem Kanan,3,Naik,T4,kanan (A2),0.28,456.3,False,False,0.538,5.027
P09,timestamp_manual,Agem Kanan,3,Naik,T6,kanan (A2),0.317,678.7,False,False,6.477,7.26
P09,timestamp_manual,Agem Kanan,3,Berdiri,Fp1,kiri (A1),0.175,167.0,False,False,-2.426,0.083
P09,timestamp_manual,Agem Kanan,3,Berdiri,F3,kiri (A1),0.303,149.9,False,False,4.827,-0.04
P09,timestamp_manual,Agem Kanan,3,Berdiri,C3,kiri (A1),0.233,106.8,False,False,3.683,1.088
P09,timestamp_manual,Agem Kanan,3,Berdiri,P3,kiri (A1),0.443,91.4,False,False,-3.236,-2.152
P09,timestamp_manual,Agem Kanan,3,Berdiri,O1,kiri (A1),0.408,129.2,False,False,-4.881,-4.428
P09,timestamp_manual,Agem Kanan,3,Berdiri,F7,kiri (A1),0.0,270.3,False,False,6.923,4.232
P09,timestamp_manual,Agem Kanan,3,Berdiri,T3,kiri (A1),0.478,116.5,False,False,-6.74,-4.267
P09,timestamp_manual,Agem Kanan,3,Berdiri,T5,kiri (A1),0.233,107.4,False,False,-0.366,2.264
P09,timestamp_manual,Agem Kanan,3,Berdiri,Fp2,kanan (A2),0.0,702.9,False,False,6.091,0.999
P09,timestamp_manual,Agem Kanan,3,Berdiri,F4,kanan (A2),0.198,349.3,False,False,2.696,0.294
P09,timestamp_manual,Agem Kanan,3,Berdiri,C4,kanan (A2),0.478,248.1,False,False,1.299,-3.751
P09,timestamp_manual,Agem Kanan,3,Berdiri,P4,kanan (A2),0.14,251.5,False,False,5.708,1.748
P09,timestamp_manual,Agem Kanan,3,Berdiri,O2,kanan (A2),0.175,277.3,False,False,4.738,-0.097
P09,timestamp_manual,Agem Kanan,3,Berdiri,F8,kanan (A2),0.0,317.9,False,False,-5.249,-5.463
P09,timestamp_manual,Agem Kanan,3,Berdiri,T4,kanan (A2),0.0,298.3,False,False,1.576,-3.804
P09,timestamp_manual,Agem Kanan,3,Berdiri,T6,kanan (A2),0.198,468.6,False,False,-3.418,-3.135
P09,timestamp_manual,Agem Kanan,4,Gerak,Fp1,kiri (A1),0.0,532.9,False,False,11.151,2.278
P09,timestamp_manual,Agem Kanan,4,Gerak,F3,kiri (A1),0.435,524.0,False,False,14.227,6.371
P09,timestamp_manual,Agem Kanan,4,Gerak,C3,kiri (A1),0.435,525.8,False,False,14.468,9.094
P09,timestamp_manual,Agem Kanan,4,Gerak,P3,kiri (A1),0.386,522.6,False,False,11.308,3.408
P09,timestamp_manual,Agem Kanan,4,Gerak,O1,kiri (A1),0.386,536.7,False,False,7.723,2.07
P09,timestamp_manual,Agem Kanan,4,Gerak,F7,kiri (A1),0.0,540.1,False,False,12.434,8.231
P09,timestamp_manual,Agem Kanan,4,Gerak,T3,kiri (A1),0.287,520.6,False,False,10.398,0.18
P09,timestamp_manual,Agem Kanan,4,Gerak,T5,kiri (A1),0.435,536.7,False,False,10.061,8.987
P09,timestamp_manual,Agem Kanan,4,Gerak,Fp2,kanan (A2),0.0,578.0,False,False,7.225,6.575
P09,timestamp_manual,Agem Kanan,4,Gerak,F4,kanan (A2),0.337,579.7,False,False,1.345,5.387
P09,timestamp_manual,Agem Kanan,4,Gerak,C4,kanan (A2),0.287,332.0,False,False,3.09,-4.443
P09,timestamp_manual,Agem Kanan,4,Gerak,P4,kanan (A2),0.238,320.8,False,False,3.572,4.891
P09,timestamp_manual,Agem Kanan,4,Gerak,O2,kanan (A2),0.287,347.2,False,False,2.707,2.569
P09,timestamp_manual,Agem Kanan,4,Gerak,F8,kanan (A2),0.0,700.7,False,False,3.181,5.989
P09,timestamp_manual,Agem Kanan,4,Gerak,T4,kanan (A2),0.197,471.4,False,False,-1.926,0.301
P09,timestamp_manual,Agem Kanan,4,Gerak,T6,kanan (A2),0.238,585.7,False,False,6.323,5.021
P09,timestamp_manual,Agem Kanan,4,Tahan,Fp1,kiri (A1),0.0,532.9,False,False,11.262,3.246
P09,timestamp_manual,Agem Kanan,4,Tahan,F3,kiri (A1),0.0,524.0,False,False,15.241,6.231
P09,timestamp_manual,Agem Kanan,4,Tahan,C3,kiri (A1),0.0,525.8,False,False,16.074,7.952
P09,timestamp_manual,Agem Kanan,4,Tahan,P3,kiri (A1),0.095,522.6,False,False,12.816,3.844
P09,timestamp_manual,Agem Kanan,4,Tahan,O1,kiri (A1),0.196,536.7,False,False,9.333,1.184
P09,timestamp_manual,Agem Kanan,4,Tahan,F7,kiri (A1),0.0,520.6,False,False,10.958,5.293
P09,timestamp_manual,Agem Kanan,4,Tahan,T3,kiri (A1),0.246,520.6,False,False,11.402,1.17
P09,timestamp_manual,Agem Kanan,4,Tahan,T5,kiri (A1),0.0,536.7,False,False,12.86,8.825
P09,timestamp_manual,Agem Kanan,4,Tahan,Fp2,kanan (A2),0.0,615.2,False,False,4.892,10.033
P09,timestamp_manual,Agem Kanan,4,Tahan,F4,kanan (A2),0.0,697.9,False,False,7.565,11.204
P09,timestamp_manual,Agem Kanan,4,Tahan,C4,kanan (A2),0.101,488.2,False,False,6.123,5.48
P09,timestamp_manual,Agem Kanan,4,Tahan,P4,kanan (A2),0.0,524.6,False,False,8.873,15.1
P09,timestamp_manual,Agem Kanan,4,Tahan,O2,kanan (A2),0.0,562.3,False,False,9.252,13.912
P09,timestamp_manual,Agem Kanan,4,Tahan,F8,kanan (A2),0.0,706.3,False,False,-0.842,6.488
P09,timestamp_manual,Agem Kanan,4,Tahan,T4,kanan (A2),0.0,694.7,False,False,6.182,9.704
P09,timestamp_manual,Agem Kanan,4,Tahan,T6,kanan (A2),0.0,467.4,False,False,4.6,3.409
P09,timestamp_manual,Agem Kanan,4,Naik,Fp1,kiri (A1),0.274,564.6,False,False,11.798,4.006
P09,timestamp_manual,Agem Kanan,4,Naik,F3,kiri (A1),0.384,475.5,False,False,16.516,6.283
P09,timestamp_manual,Agem Kanan,4,Naik,C3,kiri (A1),0.384,477.0,False,False,17.474,10.484
P09,timestamp_manual,Agem Kanan,4,Naik,P3,kiri (A1),0.548,484.7,False,False,13.758,4.552
P09,timestamp_manual,Agem Kanan,4,Naik,O1,kiri (A1),0.581,486.0,False,False,10.156,-3.128
P09,timestamp_manual,Agem Kanan,4,Naik,F7,kiri (A1),0.0,661.3,False,False,10.47,12.958
P09,timestamp_manual,Agem Kanan,4,Naik,T3,kiri (A1),0.581,559.8,False,False,11.156,5.2
P09,timestamp_manual,Agem Kanan,4,Naik,T5,kiri (A1),0.329,503.2,False,False,14.585,14.103
P09,timestamp_manual,Agem Kanan,4,Naik,Fp2,kanan (A2),0.0,640.9,False,False,6.141,9.393
P09,timestamp_manual,Agem Kanan,4,Naik,F4,kanan (A2),0.0,441.5,False,False,3.812,7.877
P09,timestamp_manual,Agem Kanan,4,Naik,C4,kanan (A2),0.252,216.8,False,False,-1.515,-4.448
P09,timestamp_manual,Agem Kanan,4,Naik,P4,kanan (A2),0.0,339.9,False,False,5.89,8.738
P09,timestamp_manual,Agem Kanan,4,Naik,O2,kanan (A2),0.0,339.3,False,False,5.742,6.711
P09,timestamp_manual,Agem Kanan,4,Naik,F8,kanan (A2),0.0,399.1,False,False,-2.639,2.697
P09,timestamp_manual,Agem Kanan,4,Naik,T4,kanan (A2),0.0,578.1,False,False,5.553,12.46
P09,timestamp_manual,Agem Kanan,4,Naik,T6,kanan (A2),0.0,736.5,False,False,-2.876,2.068
P09,timestamp_manual,Agem Kanan,4,Berdiri,Fp1,kiri (A1),0.0,427.4,False,False,3.13,1.847
P09,timestamp_manual,Agem Kanan,4,Berdiri,F3,kiri (A1),0.227,368.2,False,False,5.348,-3.117
P09,timestamp_manual,Agem Kanan,4,Berdiri,C3,kiri (A1),0.324,377.8,False,False,7.04,-3.442
P09,timestamp_manual,Agem Kanan,4,Berdiri,P3,kiri (A1),0.259,370.4,False,False,2.709,-5.573
P09,timestamp_manual,Agem Kanan,4,Berdiri,O1,kiri (A1),0.097,351.8,False,False,-1.593,-6.095
P09,timestamp_manual,Agem Kanan,4,Berdiri,F7,kiri (A1),0.0,406.3,False,False,4.469,5.645
P09,timestamp_manual,Agem Kanan,4,Berdiri,T3,kiri (A1),0.0,407.0,False,False,1.946,-2.191
P09,timestamp_manual,Agem Kanan,4,Berdiri,T5,kiri (A1),0.357,388.5,False,False,4.275,-1.949
P09,timestamp_manual,Agem Kanan,4,Berdiri,Fp2,kanan (A2),0.0,504.8,False,False,4.148,5.326
P09,timestamp_manual,Agem Kanan,4,Berdiri,F4,kanan (A2),0.032,135.1,False,True,-4.847,-2.033
P09,timestamp_manual,Agem Kanan,4,Berdiri,C4,kanan (A2),0.065,110.8,False,True,-6.18,-4.569
P09,timestamp_manual,Agem Kanan,4,Berdiri,P4,kanan (A2),0.032,146.7,False,True,-1.023,-0.028
P09,timestamp_manual,Agem Kanan,4,Berdiri,O2,kanan (A2),0.0,152.0,False,False,-0.206,-0.529
P09,timestamp_manual,Agem Kanan,4,Berdiri,F8,kanan (A2),0.194,403.4,False,False,-6.447,-5.093
P09,timestamp_manual,Agem Kanan,4,Berdiri,T4,kanan (A2),0.0,382.9,False,False,-0.897,4.079
P09,timestamp_manual,Agem Kanan,4,Berdiri,T6,kanan (A2),0.0,736.5,False,False,8.1,5.784
P09,timestamp_manual,Agem Kiri,3,Gerak,Fp1,kiri (A1),0.0,391.4,False,False,9.46,4.389
P09,timestamp_manual,Agem Kiri,3,Gerak,F3,kiri (A1),0.0,356.2,False,False,13.735,10.828
P09,timestamp_manual,Agem Kiri,3,Gerak,C3,kiri (A1),0.0,361.8,False,False,15.115,13.053
P09,timestamp_manual,Agem Kiri,3,Gerak,P3,kiri (A1),0.0,313.4,False,False,9.86,6.703
P09,timestamp_manual,Agem Kiri,3,Gerak,O1,kiri (A1),0.0,245.4,False,False,4.324,4.296
P09,timestamp_manual,Agem Kiri,3,Gerak,F7,kiri (A1),0.0,494.1,False,False,10.839,14.4
P09,timestamp_manual,Agem Kiri,3,Gerak,T3,kiri (A1),0.0,538.8,False,False,10.33,9.565
P09,timestamp_manual,Agem Kiri,3,Gerak,T5,kiri (A1),0.0,306.4,False,False,9.73,13.622
P09,timestamp_manual,Agem Kiri,3,Gerak,Fp2,kanan (A2),0.0,450.0,False,False,5.396,4.77
P09,timestamp_manual,Agem Kiri,3,Gerak,F4,kanan (A2),0.0,282.6,False,False,4.144,2.379
P09,timestamp_manual,Agem Kiri,3,Gerak,C4,kanan (A2),0.0,248.6,False,False,3.078,-1.637
P09,timestamp_manual,Agem Kiri,3,Gerak,P4,kanan (A2),0.0,251.0,False,False,6.648,6.067
P09,timestamp_manual,Agem Kiri,3,Gerak,O2,kanan (A2),0.0,273.5,False,False,5.721,6.109
P09,timestamp_manual,Agem Kiri,3,Gerak,F8,kanan (A2),0.0,315.8,False,False,-4.972,-1.596
P09,timestamp_manual,Agem Kiri,3,Gerak,T4,kanan (A2),0.0,270.4,False,False,2.206,0.091
P09,timestamp_manual,Agem Kiri,3,Gerak,T6,kanan (A2),0.0,325.7,False,False,-2.099,3.472
P09,timestamp_manual,Agem Kiri,3,Tahan,Fp1,kiri (A1),0.098,324.8,False,False,6.071,-0.79
P09,timestamp_manual,Agem Kiri,3,Tahan,F3,kiri (A1),0.304,284.6,False,False,10.996,4.934
P09,timestamp_manual,Agem Kiri,3,Tahan,C3,kiri (A1),0.304,333.0,False,False,13.25,8.138
P09,timestamp_manual,Agem Kiri,3,Tahan,P3,kiri (A1),0.407,221.8,False,False,4.152,1.626
P09,timestamp_manual,Agem Kiri,3,Tahan,O1,kiri (A1),0.407,211.7,False,False,0.745,1.475
P09,timestamp_manual,Agem Kiri,3,Tahan,F7,kiri (A1),0.0,630.1,False,False,13.116,10.937
P09,timestamp_manual,Agem Kiri,3,Tahan,T3,kiri (A1),0.407,523.3,False,False,8.865,-1.032
P09,timestamp_manual,Agem Kiri,3,Tahan,T5,kiri (A1),0.149,354.7,False,False,10.471,9.866
P09,timestamp_manual,Agem Kiri,3,Tahan,Fp2,kanan (A2),0.0,865.9,False,False,11.381,9.969
P09,timestamp_manual,Agem Kiri,3,Tahan,F4,kanan (A2),0.0,830.4,False,False,13.965,12.085
P09,timestamp_manual,Agem Kiri,3,Tahan,C4,kanan (A2),0.201,664.2,False,False,15.642,8.09
P09,timestamp_manual,Agem Kiri,3,Tahan,P4,kanan (A2),0.0,817.7,False,False,18.703,16.092
P09,timestamp_manual,Agem Kiri,3,Tahan,O2,kanan (A2),0.0,810.0,False,False,17.888,13.819
P09,timestamp_manual,Agem Kiri,3,Tahan,F8,kanan (A2),0.0,855.4,False,False,6.439,5.587
P09,timestamp_manual,Agem Kiri,3,Tahan,T4,kanan (A2),0.0,830.9,False,False,13.179,10.285
P09,timestamp_manual,Agem Kiri,3,Tahan,T6,kanan (A2),0.0,877.4,False,False,11.295,10.421
P09,timestamp_manual,Agem Kiri,3,Naik,Fp1,kiri (A1),0.182,273.7,False,False,-6.44,-2.606
P09,timestamp_manual,Agem Kiri,3,Naik,F3,kiri (A1),0.824,36.4,False,False,-30.357,-34.052
P09,timestamp_manual,Agem Kiri,3,Naik,C3,kiri (A1),0.824,47.1,False,False,-20.988,-29.166
P09,timestamp_manual,Agem Kiri,3,Naik,P3,kiri (A1),0.885,30.6,False,False,-37.347,-45.382
P09,timestamp_manual,Agem Kiri,3,Naik,O1,kiri (A1),0.885,10.5,False,False,-54.394,-63.494
P09,timestamp_manual,Agem Kiri,3,Naik,F7,kiri (A1),0.0,616.0,False,False,7.883,11.084
P09,timestamp_manual,Agem Kiri,3,Naik,T3,kiri (A1),0.642,140.0,False,False,-10.185,-6.321
P09,timestamp_manual,Agem Kiri,3,Naik,T5,kiri (A1),0.703,170.2,False,False,-9.999,-4.147
P09,timestamp_manual,Agem Kiri,3,Naik,Fp2,kanan (A2),0.0,669.8,False,False,-8.77,-3.103
P09,timestamp_manual,Agem Kiri,3,Naik,F4,kanan (A2),0.667,665.0,False,False,-30.259,-29.333
P09,timestamp_manual,Agem Kiri,3,Naik,C4,kanan (A2),0.824,654.6,False,False,-41.936,-33.831
P09,timestamp_manual,Agem Kiri,3,Naik,P4,kanan (A2),0.485,658.2,False,False,-12.49,-21.917
P09,timestamp_manual,Agem Kiri,3,Naik,O2,kanan (A2),0.364,659.9,False,False,-15.84,-16.673
P09,timestamp_manual,Agem Kiri,3,Naik,F8,kanan (A2),0.0,667.7,False,False,-14.111,-6.508
P09,timestamp_manual,Agem Kiri,3,Naik,T4,kanan (A2),0.606,653.0,False,False,-32.426,-30.618
P09,timestamp_manual,Agem Kiri,3,Naik,T6,kanan (A2),0.545,653.8,False,False,-30.3,-22.38
P09,timestamp_manual,Agem Kiri,3,Berdiri,Fp1,kiri (A1),0.0,273.7,False,False,0.631,1.268
P09,timestamp_manual,Agem Kiri,3,Berdiri,F3,kiri (A1),0.0,84.0,False,True,2.256,-0.972
P09,timestamp_manual,Agem Kiri,3,Berdiri,C3,kiri (A1),0.084,75.4,False,True,1.936,-1.675
P09,timestamp_manual,Agem Kiri,3,Berdiri,P3,kiri (A1),0.045,86.4,False,True,-1.306,-3.234
P09,timestamp_manual,Agem Kiri,3,Berdiri,O1,kiri (A1),0.017,87.2,False,True,-6.11,-5.704
P09,timestamp_manual,Agem Kiri,3,Berdiri,F7,kiri (A1),0.0,591.3,False,False,6.001,7.74
P09,timestamp_manual,Agem Kiri,3,Berdiri,T3,kiri (A1),0.0,108.2,False,True,-4.578,-2.606
P09,timestamp_manual,Agem Kiri,3,Berdiri,T5,kiri (A1),0.141,170.2,False,False,-3.0,-1.979
P09,timestamp_manual,Agem Kiri,3,Berdiri,Fp2,kanan (A2),0.0,669.8,False,False,3.401,6.337
P09,timestamp_manual,Agem Kiri,3,Berdiri,F4,kanan (A2),0.0,665.0,False,False,-2.108,6.924
P09,timestamp_manual,Agem Kiri,3,Berdiri,C4,kanan (A2),0.0,654.6,False,False,-3.68,4.667
P09,timestamp_manual,Agem Kiri,3,Berdiri,P4,kanan (A2),0.0,658.2,False,False,0.871,11.837
P09,timestamp_manual,Agem Kiri,3,Berdiri,O2,kanan (A2),0.0,659.9,False,False,-0.533,10.329
P09,timestamp_manual,Agem Kiri,3,Berdiri,F8,kanan (A2),0.056,787.4,False,False,-0.483,1.509
P09,timestamp_manual,Agem Kiri,3,Berdiri,T4,kanan (A2),0.0,653.0,False,False,-3.023,4.509
P09,timestamp_manual,Agem Kiri,3,Berdiri,T6,kanan (A2),0.0,661.0,False,False,2.099,8.085
P09,timestamp_manual,Agem Kiri,4,Gerak,Fp1,kiri (A1),0.0,400.6,False,False,9.016,2.305
P09,timestamp_manual,Agem Kiri,4,Gerak,F3,kiri (A1),0.0,419.6,False,False,13.891,8.883
P09,timestamp_manual,Agem Kiri,4,Gerak,C3,kiri (A1),0.0,410.8,False,False,15.942,11.428
P09,timestamp_manual,Agem Kiri,4,Gerak,P3,kiri (A1),0.0,352.1,False,False,8.851,5.942
P09,timestamp_manual,Agem Kiri,4,Gerak,O1,kiri (A1),0.0,350.4,False,False,5.806,3.376
P09,timestamp_manual,Agem Kiri,4,Gerak,F7,kiri (A1),0.0,509.3,False,False,10.379,10.942
P09,timestamp_manual,Agem Kiri,4,Gerak,T3,kiri (A1),0.0,539.6,False,False,4.753,5.0
P09,timestamp_manual,Agem Kiri,4,Gerak,T5,kiri (A1),0.0,343.3,False,False,8.126,9.741
P09,timestamp_manual,Agem Kiri,4,Gerak,Fp2,kanan (A2),0.0,375.2,False,False,1.821,5.503
P09,timestamp_manual,Agem Kiri,4,Gerak,F4,kanan (A2),0.0,241.7,False,False,1.83,3.577
P09,timestamp_manual,Agem Kiri,4,Gerak,C4,kanan (A2),0.0,203.9,False,False,1.663,-0.101
P09,timestamp_manual,Agem Kiri,4,Gerak,P4,kanan (A2),0.0,270.6,False,False,6.617,7.628
P09,timestamp_manual,Agem Kiri,4,Gerak,O2,kanan (A2),0.0,273.5,False,False,7.345,5.83
P09,timestamp_manual,Agem Kiri,4,Gerak,F8,kanan (A2),0.0,300.6,False,False,-5.443,-1.811
P09,timestamp_manual,Agem Kiri,4,Gerak,T4,kanan (A2),0.0,223.9,False,False,-0.582,0.11
P09,timestamp_manual,Agem Kiri,4,Gerak,T6,kanan (A2),0.0,285.1,False,False,-2.285,3.021
P09,timestamp_manual,Agem Kiri,4,Tahan,Fp1,kiri (A1),0.302,382.7,False,False,2.691,-1.278
P09,timestamp_manual,Agem Kiri,4,Tahan,F3,kiri (A1),0.448,294.0,False,False,8.219,3.487
P09,timestamp_manual,Agem Kiri,4,Tahan,C3,kiri (A1),0.448,359.2,False,False,11.194,6.197
P09,timestamp_manual,Agem Kiri,4,Tahan,P3,kiri (A1),0.534,235.5,False,False,3.037,-0.345
P09,timestamp_manual,Agem Kiri,4,Tahan,O1,kiri (A1),0.491,242.4,False,False,-0.792,-2.513
P09,timestamp_manual,Agem Kiri,4,Tahan,F7,kiri (A1),0.0,483.0,False,False,11.066,10.85
P09,timestamp_manual,Agem Kiri,4,Tahan,T3,kiri (A1),0.345,609.4,False,False,12.69,5.445
P09,timestamp_manual,Agem Kiri,4,Tahan,T5,kiri (A1),0.147,454.3,False,False,7.881,9.607
P09,timestamp_manual,Agem Kiri,4,Tahan,Fp2,kanan (A2),0.0,483.4,False,False,3.233,3.927
P09,timestamp_manual,Agem Kiri,4,Tahan,F4,kanan (A2),0.0,423.5,False,False,5.365,5.013
P09,timestamp_manual,Agem Kiri,4,Tahan,C4,kanan (A2),0.0,376.7,False,False,7.471,0.506
P09,timestamp_manual,Agem Kiri,4,Tahan,P4,kanan (A2),0.0,440.3,False,False,10.197,10.373
P09,timestamp_manual,Agem Kiri,4,Tahan,O2,kanan (A2),0.0,423.5,False,False,8.99,8.777
P09,timestamp_manual,Agem Kiri,4,Tahan,F8,kanan (A2),0.0,488.9,False,False,-1.355,-0.048
P09,timestamp_manual,Agem Kiri,4,Tahan,T4,kanan (A2),0.0,413.4,False,False,4.759,3.122
P09,timestamp_manual,Agem Kiri,4,Tahan,T6,kanan (A2),0.0,357.8,False,False,-0.534,0.191
P09,timestamp_manual,Agem Kiri,4,Naik,Fp1,kiri (A1),0.196,263.9,False,False,-6.448,-3.516
P09,timestamp_manual,Agem Kiri,4,Naik,F3,kiri (A1),0.766,98.0,False,False,-10.533,-7.258
P09,timestamp_manual,Agem Kiri,4,Naik,C3,kiri (A1),0.766,82.5,False,False,-11.158,-3.399
P09,timestamp_manual,Agem Kiri,4,Naik,P3,kiri (A1),0.766,41.9,False,False,-21.39,-21.755
P09,timestamp_manual,Agem Kiri,4,Naik,O1,kiri (A1),0.81,46.6,False,False,-24.437,-11.894
P09,timestamp_manual,Agem Kiri,4,Naik,F7,kiri (A1),0.0,558.4,False,False,10.378,12.563
P09,timestamp_manual,Agem Kiri,4,Naik,T3,kiri (A1),0.576,93.1,False,False,-16.027,-9.023
P09,timestamp_manual,Agem Kiri,4,Naik,T5,kiri (A1),0.576,177.1,False,False,-5.836,5.593
P09,timestamp_manual,Agem Kiri,4,Naik,Fp2,kanan (A2),0.0,665.9,False,False,4.305,6.854
P09,timestamp_manual,Agem Kiri,4,Naik,F4,kanan (A2),0.0,550.5,False,False,7.891,9.085
P09,timestamp_manual,Agem Kiri,4,Naik,C4,kanan (A2),0.0,330.9,False,False,2.038,-4.015
P09,timestamp_manual,Agem Kiri,4,Naik,P4,kanan (A2),0.0,354.4,False,False,8.835,11.242
P09,timestamp_manual,Agem Kiri,4,Naik,O2,kanan (A2),0.0,329.1,False,False,7.099,9.2
P09,timestamp_manual,Agem Kiri,4,Naik,F8,kanan (A2),0.0,600.9,False,False,0.964,1.135
P09,timestamp_manual,Agem Kiri,4,Naik,T4,kanan (A2),0.0,369.3,False,False,2.8,3.965
P09,timestamp_manual,Agem Kiri,4,Naik,T6,kanan (A2),0.0,341.6,False,False,-2.42,-0.422
P09,timestamp_manual,Agem Kiri,4,Berdiri,Fp1,kiri (A1),0.0,263.9,False,False,-0.825,0.985
P09,timestamp_manual,Agem Kiri,4,Berdiri,F3,kiri (A1),0.376,90.7,False,False,-4.976,-6.143
P09,timestamp_manual,Agem Kiri,4,Berdiri,C3,kiri (A1),0.541,75.9,False,False,-6.317,-7.85
P09,timestamp_manual,Agem Kiri,4,Berdiri,P3,kiri (A1),0.376,52.5,False,False,-9.048,-7.684
P09,timestamp_manual,Agem Kiri,4,Berdiri,O1,kiri (A1),0.306,47.5,False,False,-13.924,-10.222
P09,timestamp_manual,Agem Kiri,4,Berdiri,F7,kiri (A1),0.0,409.7,False,False,7.803,4.719
P09,timestamp_manual,Agem Kiri,4,Berdiri,T3,kiri (A1),0.118,90.2,False,False,-9.088,-4.61
P09,timestamp_manual,Agem Kiri,4,Berdiri,T5,kiri (A1),0.588,60.1,False,False,-13.69,-7.903
P09,timestamp_manual,Agem Kiri,4,Berdiri,Fp2,kanan (A2),0.0,527.2,False,False,3.235,4.721
P09,timestamp_manual,Agem Kiri,4,Berdiri,F4,kanan (A2),0.047,491.3,False,False,2.685,3.304
P09,timestamp_manual,Agem Kiri,4,Berdiri,C4,kanan (A2),0.071,330.9,False,False,-2.548,-6.714
P09,timestamp_manual,Agem Kiri,4,Berdiri,P4,kanan (A2),0.282,354.4,False,False,0.393,-3.327
P09,timestamp_manual,Agem Kiri,4,Berdiri,O2,kanan (A2),0.165,329.1,False,False,-0.182,-3.636
P09,timestamp_manual,Agem Kiri,4,Berdiri,F8,kanan (A2),0.275,600.9,False,False,-12.293,-6.52
P09,timestamp_manual,Agem Kiri,4,Berdiri,T4,kanan (A2),0.141,369.3,False,False,-4.116,-7.748
P09,timestamp_manual,Agem Kiri,4,Berdiri,T6,kanan (A2),0.0,652.6,False,False,3.881,5.394
P09,timestamp_manual,-,0,Tutup Mata,Fp1,kiri (A1),0.0,127.2,False,,-3.693,1.317
P09,timestamp_manual,-,0,Tutup Mata,F3,kiri (A1),0.0,56.2,False,,-0.907,-3.479
P09,timestamp_manual,-,0,Tutup Mata,C3,kiri (A1),0.0,45.2,False,,-0.137,-4.154
P09,timestamp_manual,-,0,Tutup Mata,P3,kiri (A1),0.0,55.6,False,,-5.434,-4.727
P09,timestamp_manual,-,0,Tutup Mata,O1,kiri (A1),0.0,51.8,False,,-12.096,-7.445
P09,timestamp_manual,-,0,Tutup Mata,F7,kiri (A1),0.0,245.9,False,,2.541,-0.668
P09,timestamp_manual,-,0,Tutup Mata,T3,kiri (A1),0.0,90.6,False,,-7.507,-3.158
P09,timestamp_manual,-,0,Tutup Mata,T5,kiri (A1),0.0,44.4,False,,-6.67,-6.766
P09,timestamp_manual,-,0,Tutup Mata,Fp2,kanan (A2),0.0,372.3,False,,0.544,3.16
P09,timestamp_manual,-,0,Tutup Mata,F4,kanan (A2),0.0,54.4,False,,-10.528,-7.21
P09,timestamp_manual,-,0,Tutup Mata,C4,kanan (A2),0.0,96.8,False,,-7.906,-5.593
P09,timestamp_manual,-,0,Tutup Mata,P4,kanan (A2),0.0,60.7,False,,-9.219,-3.656
P09,timestamp_manual,-,0,Tutup Mata,O2,kanan (A2),0.0,76.7,False,,-4.018,-3.739
P09,timestamp_manual,-,0,Tutup Mata,F8,kanan (A2),0.805,29.0,False,,-36.644,-17.422
P09,timestamp_manual,-,0,Tutup Mata,T4,kanan (A2),0.0,178.6,False,,-5.249,-2.225
P09,timestamp_manual,-,0,Tutup Mata,T6,kanan (A2),0.0,145.2,False,,-12.636,-4.634
P09,timestamp_manual,-,0,Istirahat,Fp1,kiri (A1),0.026,252.4,False,,0.0,0.0
P09,timestamp_manual,-,0,Istirahat,F3,kiri (A1),0.089,175.7,False,,0.0,0.0
P09,timestamp_manual,-,0,Istirahat,C3,kiri (A1),0.121,188.7,False,,0.0,0.0
P09,timestamp_manual,-,0,Istirahat,P3,kiri (A1),0.055,213.3,False,,0.0,0.0
P09,timestamp_manual,-,0,Istirahat,O1,kiri (A1),0.059,294.7,False,,0.0,0.0
P09,timestamp_manual,-,0,Istirahat,F7,kiri (A1),0.0,263.0,False,,0.0,0.0
P09,timestamp_manual,-,0,Istirahat,T3,kiri (A1),0.054,296.5,False,,0.0,0.0
P09,timestamp_manual,-,0,Istirahat,T5,kiri (A1),0.052,235.0,False,,0.0,0.0
P09,timestamp_manual,-,0,Istirahat,Fp2,kanan (A2),0.0,467.5,False,,0.0,0.0
P09,timestamp_manual,-,0,Istirahat,F4,kanan (A2),0.039,459.6,False,,0.0,0.0
P09,timestamp_manual,-,0,Istirahat,C4,kanan (A2),0.055,310.7,False,,0.0,0.0
P09,timestamp_manual,-,0,Istirahat,P4,kanan (A2),0.047,204.2,False,,0.0,0.0
P09,timestamp_manual,-,0,Istirahat,O2,kanan (A2),0.026,200.1,False,,0.0,0.0
P09,timestamp_manual,-,0,Istirahat,F8,kanan (A2),0.022,809.7,False,,0.0,0.0
P09,timestamp_manual,-,0,Istirahat,T4,kanan (A2),0.014,419.1,False,,0.0,0.0
P09,timestamp_manual,-,0,Istirahat,T6,kanan (A2),0.013,613.6,False,,0.0,0.0
P09,repo_video,Ngeed,1,Gerak,Fp1,kiri (A1),0.0,164.6,False,False,2.143,-2.116
P09,repo_video,Ngeed,1,Gerak,F3,kiri (A1),0.0,135.7,False,True,8.844,2.783
P09,repo_video,Ngeed,1,Gerak,C3,kiri (A1),0.0,93.7,False,True,5.742,3.516
P09,repo_video,Ngeed,1,Gerak,P3,kiri (A1),0.0,83.2,False,True,-11.837,-11.666
P09,repo_video,Ngeed,1,Gerak,O1,kiri (A1),0.0,97.6,False,True,-17.937,-13.014
P09,repo_video,Ngeed,1,Gerak,F7,kiri (A1),0.0,164.0,False,False,7.317,2.769
P09,repo_video,Ngeed,1,Gerak,T3,kiri (A1),0.187,70.4,False,False,-23.823,-15.858
P09,repo_video,Ngeed,1,Gerak,T5,kiri (A1),0.0,147.0,False,True,2.174,2.674
P09,repo_video,Ngeed,1,Gerak,Fp2,kanan (A2),0.0,327.6,False,False,7.582,2.822
P09,repo_video,Ngeed,1,Gerak,F4,kanan (A2),0.0,278.6,False,False,8.13,2.242
P09,repo_video,Ngeed,1,Gerak,C4,kanan (A2),0.0,188.9,False,False,4.724,-2.233
P09,repo_video,Ngeed,1,Gerak,P4,kanan (A2),0.0,281.2,False,False,12.881,8.11
P09,repo_video,Ngeed,1,Gerak,O2,kanan (A2),0.0,276.7,False,False,11.632,4.126
P09,repo_video,Ngeed,1,Gerak,F8,kanan (A2),0.0,391.7,False,False,-0.824,1.909
P09,repo_video,Ngeed,1,Gerak,T4,kanan (A2),0.0,250.3,False,False,5.538,-0.15
P09,repo_video,Ngeed,1,Gerak,T6,kanan (A2),0.0,501.3,False,False,9.728,5.603
P09,repo_video,Ngeed,1,Tahan,Fp1,kiri (A1),0.0,135.9,False,True,-5.113,-2.837
P09,repo_video,Ngeed,1,Tahan,F3,kiri (A1),0.0,114.5,False,True,3.665,1.938
P09,repo_video,Ngeed,1,Tahan,C3,kiri (A1),0.0,97.2,False,True,5.058,1.453
P09,repo_video,Ngeed,1,Tahan,P3,kiri (A1),0.464,31.3,False,False,-21.472,-14.158
P09,repo_video,Ngeed,1,Tahan,O1,kiri (A1),0.916,10.9,False,False,-37.983,-25.133
P09,repo_video,Ngeed,1,Tahan,F7,kiri (A1),0.0,113.1,False,True,-4.284,-1.041
P09,repo_video,Ngeed,1,Tahan,T3,kiri (A1),0.916,14.8,False,False,-34.952,-23.684
P09,repo_video,Ngeed,1,Tahan,T5,kiri (A1),0.0,76.2,False,True,-0.608,-0.511
P09,repo_video,Ngeed,1,Tahan,Fp2,kanan (A2),0.0,143.6,False,True,-11.826,2.221
P09,repo_video,Ngeed,1,Tahan,F4,kanan (A2),0.0,88.9,False,True,-8.663,0.889
P09,repo_video,Ngeed,1,Tahan,C4,kanan (A2),0.924,14.0,False,False,-38.572,-24.949
P09,repo_video,Ngeed,1,Tahan,P4,kanan (A2),0.0,76.2,False,True,-1.265,4.818
P09,repo_video,Ngeed,1,Tahan,O2,kanan (A2),0.0,73.3,False,True,-4.432,1.33
P09,repo_video,Ngeed,1,Tahan,F8,kanan (A2),0.504,79.4,False,False,-26.774,-11.181
P09,repo_video,Ngeed,1,Tahan,T4,kanan (A2),0.084,42.3,False,True,-19.341,-8.927
P09,repo_video,Ngeed,1,Tahan,T6,kanan (A2),0.0,83.4,False,True,-15.011,-5.032
P09,repo_video,Ngeed,1,Naik,Fp1,kiri (A1),0.0,70.4,False,True,-7.558,-1.457
P09,repo_video,Ngeed,1,Naik,F3,kiri (A1),0.0,68.6,False,True,2.909,1.241
P09,repo_video,Ngeed,1,Naik,C3,kiri (A1),0.0,66.1,False,True,4.661,2.863
P09,repo_video,Ngeed,1,Naik,P3,kiri (A1),0.677,14.2,False,False,-19.223,-14.547
P09,repo_video,Ngeed,1,Naik,O1,kiri (A1),0.677,2.9,False,False,-45.645,-34.418
P09,repo_video,Ngeed,1,Naik,F7,kiri (A1),0.0,80.6,False,True,-10.968,-1.606
P09,repo_video,Ngeed,1,Naik,T3,kiri (A1),1.0,0.0,False,False,-88.496,-111.602
P09,repo_video,Ngeed,1,Naik,T5,kiri (A1),0.0,47.9,False,True,-0.318,0.528
P09,repo_video,Ngeed,1,Naik,Fp2,kanan (A2),0.0,294.2,False,False,-1.132,7.065
P09,repo_video,Ngeed,1,Naik,F4,kanan (A2),0.0,238.0,False,False,-1.123,0.088
P09,repo_video,Ngeed,1,Naik,C4,kanan (A2),0.0,83.7,False,True,-11.701,-10.327
P09,repo_video,Ngeed,1,Naik,P4,kanan (A2),0.0,139.7,False,True,0.553,5.991
P09,repo_video,Ngeed,1,Naik,O2,kanan (A2),0.0,178.8,False,False,-4.073,2.07
P09,repo_video,Ngeed,1,Naik,F8,kanan (A2),0.0,387.7,False,False,-3.865,-1.196
P09,repo_video,Ngeed,1,Naik,T4,kanan (A2),0.0,162.7,False,False,-3.345,6.082
P09,repo_video,Ngeed,1,Naik,T6,kanan (A2),0.0,450.5,False,False,2.427,0.772
P09,repo_video,Ngeed,2,Gerak,Fp1,kiri (A1),0.0,77.6,False,True,-9.348,-2.01
P09,repo_video,Ngeed,2,Gerak,F3,kiri (A1),0.0,95.3,False,True,7.668,2.268
P09,repo_video,Ngeed,2,Gerak,C3,kiri (A1),0.0,86.0,False,True,7.505,1.905
P09,repo_video,Ngeed,2,Gerak,P3,kiri (A1),0.15,28.3,False,False,-8.252,-8.504
P09,repo_video,Ngeed,2,Gerak,O1,kiri (A1),0.327,16.8,False,False,-16.054,-16.804
P09,repo_video,Ngeed,2,Gerak,F7,kiri (A1),0.0,154.9,False,False,-0.543,-0.503
P09,repo_video,Ngeed,2,Gerak,T3,kiri (A1),0.823,6.7,False,False,-35.258,-28.487
P09,repo_video,Ngeed,2,Gerak,T5,kiri (A1),0.0,90.9,False,True,4.722,1.007
P09,repo_video,Ngeed,2,Gerak,Fp2,kanan (A2),0.0,204.8,False,False,2.181,3.117
P09,repo_video,Ngeed,2,Gerak,F4,kanan (A2),0.0,145.2,False,True,0.829,2.864
P09,repo_video,Ngeed,2,Gerak,C4,kanan (A2),0.15,85.3,False,False,-8.923,-8.561
P09,repo_video,Ngeed,2,Gerak,P4,kanan (A2),0.0,134.6,False,True,6.139,5.659
P09,repo_video,Ngeed,2,Gerak,O2,kanan (A2),0.0,169.6,False,False,5.042,5.098
P09,repo_video,Ngeed,2,Gerak,F8,kanan (A2),0.0,238.7,False,False,-10.159,-4.965
P09,repo_video,Ngeed,2,Gerak,T4,kanan (A2),0.0,160.8,False,False,-0.297,-0.011
P09,repo_video,Ngeed,2,Gerak,T6,kanan (A2),0.0,139.1,False,True,-4.53,-2.331
P09,repo_video,Ngeed,2,Tahan,Fp1,kiri (A1),0.245,72.4,False,False,-8.749,-4.577
P09,repo_video,Ngeed,2,Tahan,F3,kiri (A1),0.438,63.3,False,False,-3.554,-4.557
P09,repo_video,Ngeed,2,Tahan,C3,kiri (A1),0.534,56.1,False,False,-1.447,-6.442
P09,repo_video,Ngeed,2,Tahan,P3,kiri (A1),1.0,0.2,False,False,-66.396,-68.063
P09,repo_video,Ngeed,2,Tahan,O1,kiri (A1),1.0,0.0,False,False,-81.494,-103.593
P09,repo_video,Ngeed,2,Tahan,F7,kiri (A1),0.0,108.8,False,True,-0.445,-2.837
P09,repo_video,Ngeed,2,Tahan,T3,kiri (A1),1.0,0.0,False,False,-102.582,-115.545
P09,repo_video,Ngeed,2,Tahan,T5,kiri (A1),0.149,54.5,False,False,-3.399,-1.934
P09,repo_video,Ngeed,2,Tahan,Fp2,kanan (A2),0.096,93.7,False,True,-17.46,-0.729
P09,repo_video,Ngeed,2,Tahan,F4,kanan (A2),0.726,63.1,False,False,-18.873,-9.154
P09,repo_video,Ngeed,2,Tahan,C4,kanan (A2),1.0,1.3,False,False,-53.283,-60.364
P09,repo_video,Ngeed,2,Tahan,P4,kanan (A2),0.63,63.6,False,False,-11.591,-7.683
P09,repo_video,Ngeed,2,Tahan,O2,kanan (A2),0.726,67.5,False,False,-12.266,-6.502
P09,repo_video,Ngeed,2,Tahan,F8,kanan (A2),0.678,44.7,False,False,-25.496,-18.744
P09,repo_video,Ngeed,2,Tahan,T4,kanan (A2),0.87,20.0,False,False,-28.172,-23.744
P09,repo_video,Ngeed,2,Tahan,T6,kanan (A2),0.678,51.0,False,False,-19.98,-12.632
P09,repo_video,Ngeed,2,Naik,Fp1,kiri (A1),1.0,0.0,False,False,-86.627,-108.953
P09,repo_video,Ngeed,2,Naik,F3,kiri (A1),0.735,7.2,False,False,-41.478,-39.023
P09,repo_video,Ngeed,2,Naik,C3,kiri (A1),1.0,0.0,False,False,-299.561,-292.658
P09,repo_video,Ngeed,2,Naik,P3,kiri (A1),1.0,0.0,False,False,-307.228,-296.167
P09,repo_video,Ngeed,2,Naik,O1,kiri (A1),1.0,0.0,False,False,-312.215,-296.868
P09,repo_video,Ngeed,2,Naik,F7,kiri (A1),0.0,162.8,False,False,7.068,-0.081
P09,repo_video,Ngeed,2,Naik,T3,kiri (A1),1.0,0.0,False,False,-310.453,-300.595
P09,repo_video,Ngeed,2,Naik,T5,kiri (A1),1.0,0.0,False,False,-83.864,-94.031
P09,repo_video,Ngeed,2,Naik,Fp2,kanan (A2),0.122,269.5,False,False,2.196,-0.785
P09,repo_video,Ngeed,2,Naik,F4,kanan (A2),0.327,55.7,False,False,-7.664,-5.698
P09,repo_video,Ngeed,2,Naik,C4,kanan (A2),0.796,8.8,False,False,-37.467,-23.276
P09,repo_video,Ngeed,2,Naik,P4,kanan (A2),0.122,75.7,False,False,-0.757,0.029
P09,repo_video,Ngeed,2,Naik,O2,kanan (A2),0.122,77.0,False,False,-1.056,-5.075
P09,repo_video,Ngeed,2,Naik,F8,kanan (A2),0.0,366.0,False,False,5.559,6.69
P09,repo_video,Ngeed,2,Naik,T4,kanan (A2),0.122,58.3,False,False,-9.742,-7.806
P09,repo_video,Ngeed,2,Naik,T6,kanan (A2),0.0,282.4,False,False,3.055,5.497
P09,repo_video,Agem Kiri,1,Gerak,Fp1,kiri (A1),0.0,628.4,False,False,6.957,3.209
P09,repo_video,Agem Kiri,1,Gerak,F3,kiri (A1),0.0,569.6,False,False,7.133,5.767
P09,repo_video,Agem Kiri,1,Gerak,C3,kiri (A1),0.0,596.9,False,False,10.267,10.031
P09,repo_video,Agem Kiri,1,Gerak,P3,kiri (A1),0.0,609.5,False,False,9.397,6.5
P09,repo_video,Agem Kiri,1,Gerak,O1,kiri (A1),0.0,612.4,False,False,7.311,5.587
P09,repo_video,Agem Kiri,1,Gerak,F7,kiri (A1),0.0,644.1,False,False,9.815,11.194
P09,repo_video,Agem Kiri,1,Gerak,T3,kiri (A1),0.0,685.8,False,False,17.852,7.62
P09,repo_video,Agem Kiri,1,Gerak,T5,kiri (A1),0.0,608.5,False,False,9.485,12.246
P09,repo_video,Agem Kiri,1,Gerak,Fp2,kanan (A2),0.0,331.3,False,False,2.331,-0.244
P09,repo_video,Agem Kiri,1,Gerak,F4,kanan (A2),0.0,189.2,False,False,0.236,-2.827
P09,repo_video,Agem Kiri,1,Gerak,C4,kanan (A2),0.0,193.9,False,False,3.119,-0.775
P09,repo_video,Agem Kiri,1,Gerak,P4,kanan (A2),0.0,136.1,False,True,0.765,-0.419
P09,repo_video,Agem Kiri,1,Gerak,O2,kanan (A2),0.0,442.0,False,False,6.758,5.346
P09,repo_video,Agem Kiri,1,Gerak,F8,kanan (A2),0.0,312.1,False,False,-3.739,1.924
P09,repo_video,Agem Kiri,1,Gerak,T4,kanan (A2),0.0,366.4,False,False,0.768,9.258
P09,repo_video,Agem Kiri,1,Gerak,T6,kanan (A2),0.0,478.2,False,False,3.038,3.402
P09,repo_video,Agem Kiri,1,Tahan,Fp1,kiri (A1),0.0,354.5,False,False,10.174,-0.285
P09,repo_video,Agem Kiri,1,Tahan,F3,kiri (A1),0.0,219.9,False,False,11.124,4.101
P09,repo_video,Agem Kiri,1,Tahan,C3,kiri (A1),0.0,258.2,False,False,13.888,7.838
P09,repo_video,Agem Kiri,1,Tahan,P3,kiri (A1),0.0,305.2,False,False,12.164,3.819
P09,repo_video,Agem Kiri,1,Tahan,O1,kiri (A1),0.0,350.1,False,False,10.384,3.517
P09,repo_video,Agem Kiri,1,Tahan,F7,kiri (A1),0.0,296.2,False,False,7.887,7.017
P09,repo_video,Agem Kiri,1,Tahan,T3,kiri (A1),0.0,610.4,False,False,15.491,3.961
P09,repo_video,Agem Kiri,1,Tahan,T5,kiri (A1),0.0,256.3,False,False,8.743,9.902
P09,repo_video,Agem Kiri,1,Tahan,Fp2,kanan (A2),0.0,188.4,False,False,-1.825,-2.983
P09,repo_video,Agem Kiri,1,Tahan,F4,kanan (A2),0.0,109.3,False,True,-4.047,-2.544
P09,repo_video,Agem Kiri,1,Tahan,C4,kanan (A2),0.0,116.8,False,True,-3.539,0.03
P09,repo_video,Agem Kiri,1,Tahan,P4,kanan (A2),0.0,75.8,False,True,-1.475,0.721
P09,repo_video,Agem Kiri,1,Tahan,O2,kanan (A2),0.0,128.9,False,True,2.793,2.379
P09,repo_video,Agem Kiri,1,Tahan,F8,kanan (A2),0.0,212.7,False,False,-6.624,0.253
P09,repo_video,Agem Kiri,1,Tahan,T4,kanan (A2),0.0,138.9,False,True,-2.091,-3.835
P09,repo_video,Agem Kiri,1,Tahan,T6,kanan (A2),0.0,133.8,False,True,-3.62,-6.076
P09,repo_video,Agem Kiri,1,Naik,Fp1,kiri (A1),0.0,584.2,False,False,21.19,12.051
P09,repo_video,Agem Kiri,1,Naik,F3,kiri (A1),0.0,515.6,False,False,24.168,18.747
P09,repo_video,Agem Kiri,1,Naik,C3,kiri (A1),0.0,536.2,False,False,25.915,21.251
P09,repo_video,Agem Kiri,1,Naik,P3,kiri (A1),0.0,590.4,False,False,22.889,15.856
P09,repo_video,Agem Kiri,1,Naik,O1,kiri (A1),0.0,565.1,False,False,19.449,15.191
P09,repo_video,Agem Kiri,1,Naik,F7,kiri (A1),0.0,609.1,False,False,19.309,20.872
P09,repo_video,Agem Kiri,1,Naik,T3,kiri (A1),0.0,565.5,False,False,20.045,15.048
P09,repo_video,Agem Kiri,1,Naik,T5,kiri (A1),0.0,556.1,False,False,21.456,23.739
P09,repo_video,Agem Kiri,1,Naik,Fp2,kanan (A2),0.0,453.2,False,False,6.106,4.694
P09,repo_video,Agem Kiri,1,Naik,F4,kanan (A2),0.0,284.1,False,False,3.851,4.249
P09,repo_video,Agem Kiri,1,Naik,C4,kanan (A2),0.0,391.3,False,False,12.677,1.46
P09,repo_video,Agem Kiri,1,Naik,P4,kanan (A2),0.0,284.3,False,False,10.79,9.098
P09,repo_video,Agem Kiri,1,Naik,O2,kanan (A2),0.0,465.6,False,False,16.586,15.023
P09,repo_video,Agem Kiri,1,Naik,F8,kanan (A2),0.0,519.2,False,False,2.845,5.673
P09,repo_video,Agem Kiri,1,Naik,T4,kanan (A2),0.0,461.1,False,False,9.378,14.452
P09,repo_video,Agem Kiri,1,Naik,T6,kanan (A2),0.0,298.0,False,False,1.154,2.975
P09,repo_video,Agem Kiri,2,Gerak,Fp1,kiri (A1),0.0,683.5,False,False,17.731,11.52
P09,repo_video,Agem Kiri,2,Gerak,F3,kiri (A1),0.0,650.4,False,False,20.833,18.346
P09,repo_video,Agem Kiri,2,Gerak,C3,kiri (A1),0.0,631.9,False,False,22.121,21.078
P09,repo_video,Agem Kiri,2,Gerak,P3,kiri (A1),0.0,670.5,False,False,19.616,16.307
P09,repo_video,Agem Kiri,2,Gerak,O1,kiri (A1),0.0,654.0,False,False,16.177,13.55
P09,repo_video,Agem Kiri,2,Gerak,F7,kiri (A1),0.0,759.8,False,False,18.858,20.707
P09,repo_video,Agem Kiri,2,Gerak,T3,kiri (A1),0.0,648.5,False,False,21.193,12.213
P09,repo_video,Agem Kiri,2,Gerak,T5,kiri (A1),0.0,674.7,False,False,20.058,22.809
P09,repo_video,Agem Kiri,2,Gerak,Fp2,kanan (A2),0.0,217.2,False,False,-1.051,5.682
P09,repo_video,Agem Kiri,2,Gerak,F4,kanan (A2),0.0,86.8,False,True,-6.894,-0.477
P09,repo_video,Agem Kiri,2,Gerak,C4,kanan (A2),0.0,86.6,False,True,-12.574,-1.215
P09,repo_video,Agem Kiri,2,Gerak,P4,kanan (A2),0.225,22.9,False,False,-23.41,-9.115
P09,repo_video,Agem Kiri,2,Gerak,O2,kanan (A2),0.0,77.4,False,True,-8.618,0.899
P09,repo_video,Agem Kiri,2,Gerak,F8,kanan (A2),0.0,342.3,False,False,0.183,3.188
P09,repo_video,Agem Kiri,2,Gerak,T4,kanan (A2),0.0,143.0,False,True,-4.727,-0.906
P09,repo_video,Agem Kiri,2,Gerak,T6,kanan (A2),0.0,437.0,False,False,7.996,3.799
P09,repo_video,Agem Kiri,2,Tahan,Fp1,kiri (A1),0.0,296.2,False,False,5.818,3.437
P09,repo_video,Agem Kiri,2,Tahan,F3,kiri (A1),0.0,199.6,False,False,7.852,6.187
P09,repo_video,Agem Kiri,2,Tahan,C3,kiri (A1),0.0,225.0,False,False,10.833,11.109
P09,repo_video,Agem Kiri,2,Tahan,P3,kiri (A1),0.0,275.1,False,False,8.997,6.831
P09,repo_video,Agem Kiri,2,Tahan,O1,kiri (A1),0.0,312.5,False,False,4.704,5.129
P09,repo_video,Agem Kiri,2,Tahan,F7,kiri (A1),0.0,544.9,False,False,11.234,11.704
P09,repo_video,Agem Kiri,2,Tahan,T3,kiri (A1),0.0,525.3,False,False,11.365,7.424
P09,repo_video,Agem Kiri,2,Tahan,T5,kiri (A1),0.0,314.0,False,False,10.914,12.186
P09,repo_video,Agem Kiri,2,Tahan,Fp2,kanan (A2),0.0,213.9,False,False,-1.926,-1.58
P09,repo_video,Agem Kiri,2,Tahan,F4,kanan (A2),0.0,100.0,False,True,-4.057,-0.35
P09,repo_video,Agem Kiri,2,Tahan,C4,kanan (A2),0.0,116.2,False,True,-1.352,0.154
P09,repo_video,Agem Kiri,2,Tahan,P4,kanan (A2),0.0,88.3,False,True,-2.516,0.14
P09,repo_video,Agem Kiri,2,Tahan,O2,kanan (A2),0.0,151.2,False,False,-2.147,1.152
P09,repo_video,Agem Kiri,2,Tahan,F8,kanan (A2),0.0,300.7,False,False,-5.772,-3.337
P09,repo_video,Agem Kiri,2,Tahan,T4,kanan (A2),0.0,119.9,False,True,-1.738,-1.14
P09,repo_video,Agem Kiri,2,Tahan,T6,kanan (A2),0.0,249.3,False,False,1.374,-1.953
P09,repo_video,Agem Kiri,2,Naik,Fp1,kiri (A1),0.0,408.8,False,False,1.928,1.475
P09,repo_video,Agem Kiri,2,Naik,F3,kiri (A1),0.0,395.5,False,False,5.364,5.613
P09,repo_video,Agem Kiri,2,Naik,C3,kiri (A1),0.0,461.0,False,False,7.099,9.351
P09,repo_video,Agem Kiri,2,Naik,P3,kiri (A1),0.0,449.3,False,False,3.749,5.324
P09,repo_video,Agem Kiri,2,Naik,O1,kiri (A1),0.0,435.8,False,False,1.63,4.492
P09,repo_video,Agem Kiri,2,Naik,F7,kiri (A1),0.0,515.6,False,False,6.779,8.735
P09,repo_video,Agem Kiri,2,Naik,T3,kiri (A1),0.0,593.2,False,False,6.093,4.773
P09,repo_video,Agem Kiri,2,Naik,T5,kiri (A1),0.0,441.8,False,False,5.639,11.24
P09,repo_video,Agem Kiri,2,Naik,Fp2,kanan (A2),0.0,354.4,False,False,-4.037,-0.657
P09,repo_video,Agem Kiri,2,Naik,F4,kanan (A2),0.0,242.5,False,False,-4.973,-3.073
P09,repo_video,Agem Kiri,2,Naik,C4,kanan (A2),0.0,168.7,False,False,-4.023,-1.839
P09,repo_video,Agem Kiri,2,Naik,P4,kanan (A2),0.0,158.4,False,False,-1.499,0.928
P09,repo_video,Agem Kiri,2,Naik,O2,kanan (A2),0.0,342.1,False,False,5.924,4.125
P09,repo_video,Agem Kiri,2,Naik,F8,kanan (A2),0.0,218.8,False,False,-8.586,-2.628
P09,repo_video,Agem Kiri,2,Naik,T4,kanan (A2),0.0,203.5,False,False,-4.723,-3.383
P09,repo_video,Agem Kiri,2,Naik,T6,kanan (A2),0.0,202.7,False,False,-5.662,-2.515
P09,repo_video,Ngeed,3,Gerak,Fp1,kiri (A1),0.0,69.4,False,True,-3.442,-2.208
P09,repo_video,Ngeed,3,Gerak,F3,kiri (A1),0.673,15.5,False,False,-9.87,-21.564
P09,repo_video,Ngeed,3,Gerak,C3,kiri (A1),0.673,6.5,False,False,-20.364,-39.323
P09,repo_video,Ngeed,3,Gerak,P3,kiri (A1),0.265,26.6,False,False,-16.275,-13.424
P09,repo_video,Ngeed,3,Gerak,O1,kiri (A1),0.061,35.4,False,True,-4.393,-9.723
P09,repo_video,Ngeed,3,Gerak,F7,kiri (A1),0.0,147.7,False,True,4.018,2.103
P09,repo_video,Ngeed,3,Gerak,T3,kiri (A1),0.061,40.4,False,True,-6.189,-6.446
P09,repo_video,Ngeed,3,Gerak,T5,kiri (A1),1.0,2.5,False,False,-32.547,-45.169
P09,repo_video,Ngeed,3,Gerak,Fp2,kanan (A2),0.0,264.7,False,False,1.974,1.009
P09,repo_video,Ngeed,3,Gerak,F4,kanan (A2),0.0,36.3,False,True,-20.275,-11.326
P09,repo_video,Ngeed,3,Gerak,C4,kanan (A2),0.0,27.8,False,True,-15.666,-9.835
P09,repo_video,Ngeed,3,Gerak,P4,kanan (A2),0.204,32.8,False,False,-16.524,-11.215
P09,repo_video,Ngeed,3,Gerak,O2,kanan (A2),0.0,27.6,False,True,-13.294,-7.669
P09,repo_video,Ngeed,3,Gerak,F8,kanan (A2),0.0,115.0,False,True,-15.053,-11.507
P09,repo_video,Ngeed,3,Gerak,T4,kanan (A2),0.0,41.9,False,True,-10.543,-11.608
P09,repo_video,Ngeed,3,Gerak,T6,kanan (A2),0.0,269.0,False,False,-6.414,-14.225
P09,repo_video,Ngeed,3,Tahan,Fp1,kiri (A1),0.0,118.2,False,True,-3.895,-0.068
P09,repo_video,Ngeed,3,Tahan,F3,kiri (A1),0.033,89.3,False,True,3.899,1.624
P09,repo_video,Ngeed,3,Tahan,C3,kiri (A1),0.033,76.5,False,True,5.455,1.056
P09,repo_video,Ngeed,3,Tahan,P3,kiri (A1),0.164,86.8,False,False,0.137,-2.014
P09,repo_video,Ngeed,3,Tahan,O1,kiri (A1),0.252,84.1,False,False,-3.969,-4.435
P09,repo_video,Ngeed,3,Tahan,F7,kiri (A1),0.0,116.4,False,True,-2.843,-1.012
P09,repo_video,Ngeed,3,Tahan,T3,kiri (A1),0.252,94.3,False,False,-5.603,-3.392
P09,repo_video,Ngeed,3,Tahan,T5,kiri (A1),0.0,61.1,False,True,-0.283,-0.731
P09,repo_video,Ngeed,3,Tahan,Fp2,kanan (A2),0.0,134.1,False,True,-9.227,2.518
P09,repo_video,Ngeed,3,Tahan,F4,kanan (A2),0.044,147.9,False,True,-3.014,2.025
P09,repo_video,Ngeed,3,Tahan,C4,kanan (A2),0.252,83.7,False,False,-10.638,-3.833
P09,repo_video,Ngeed,3,Tahan,P4,kanan (A2),0.033,83.1,False,True,-2.176,3.355
P09,repo_video,Ngeed,3,Tahan,O2,kanan (A2),0.12,72.0,False,False,-3.635,0.699
P09,repo_video,Ngeed,3,Tahan,F8,kanan (A2),0.0,612.2,False,False,2.707,4.072
P09,repo_video,Ngeed,3,Tahan,T4,kanan (A2),0.164,212.0,False,False,-4.034,1.169
P09,repo_video,Ngeed,3,Tahan,T6,kanan (A2),0.0,622.8,False,False,9.751,7.758
P09,repo_video,Ngeed,3,Naik,Fp1,kiri (A1),0.426,20.7,False,False,-33.118,-25.413
P09,repo_video,Ngeed,3,Naik,F3,kiri (A1),0.851,4.6,False,False,-47.26,-47.411
P09,repo_video,Ngeed,3,Naik,C3,kiri (A1),1.0,0.0,False,False,-60.256,-74.889
P09,repo_video,Ngeed,3,Naik,P3,kiri (A1),1.0,0.0,False,False,-70.981,-111.167
P09,repo_video,Ngeed,3,Naik,O1,kiri (A1),1.0,0.0,False,False,-99.845,-129.585
P09,repo_video,Ngeed,3,Naik,F7,kiri (A1),0.0,154.0,False,False,5.188,1.047
P09,repo_video,Ngeed,3,Naik,T3,kiri (A1),1.0,0.7,False,False,-49.759,-55.456
P09,repo_video,Ngeed,3,Naik,T5,kiri (A1),1.0,0.1,False,False,-65.146,-69.903
P09,repo_video,Ngeed,3,Naik,Fp2,kanan (A2),0.0,157.8,False,False,-2.866,2.633
P09,repo_video,Ngeed,3,Naik,F4,kanan (A2),0.362,27.0,False,False,-16.346,-9.125
P09,repo_video,Ngeed,3,Naik,C4,kanan (A2),1.0,0.0,False,False,-91.423,-128.339
P09,repo_video,Ngeed,3,Naik,P4,kanan (A2),0.787,3.1,False,False,-42.546,-28.851
P09,repo_video,Ngeed,3,Naik,O2,kanan (A2),0.638,15.1,False,False,-32.573,-16.854
P09,repo_video,Ngeed,3,Naik,F8,kanan (A2),0.0,759.3,False,False,6.697,10.709
P09,repo_video,Ngeed,3,Naik,T4,kanan (A2),0.638,6.3,False,False,-33.452,-34.581
P09,repo_video,Ngeed,3,Naik,T6,kanan (A2),0.0,439.0,False,False,-11.523,-6.241
P09,repo_video,Ngeed,4,Gerak,Fp1,kiri (A1),0.808,6.1,False,False,-37.426,-44.437
P09,repo_video,Ngeed,4,Gerak,F3,kiri (A1),1.0,0.2,False,False,-48.487,-77.862
P09,repo_video,Ngeed,4,Gerak,C3,kiri (A1),1.0,0.1,False,False,-51.652,-75.436
P09,repo_video,Ngeed,4,Gerak,P3,kiri (A1),1.0,0.0,False,False,-70.31,-91.037
P09,repo_video,Ngeed,4,Gerak,O1,kiri (A1),1.0,0.0,False,False,-76.552,-93.144
P09,repo_video,Ngeed,4,Gerak,F7,kiri (A1),0.0,184.9,False,False,-3.894,3.221
P09,repo_video,Ngeed,4,Gerak,T3,kiri (A1),1.0,0.0,False,False,-66.86,-100.11
P09,repo_video,Ngeed,4,Gerak,T5,kiri (A1),0.737,14.7,False,False,-29.893,-27.029
P09,repo_video,Ngeed,4,Gerak,Fp2,kanan (A2),0.0,199.5,False,False,-1.448,5.03
P09,repo_video,Ngeed,4,Gerak,F4,kanan (A2),0.0,125.3,False,True,-3.502,-6.73
P09,repo_video,Ngeed,4,Gerak,C4,kanan (A2),0.333,62.1,False,False,-11.305,-15.058
P09,repo_video,Ngeed,4,Gerak,P4,kanan (A2),0.333,122.5,False,False,1.545,-5.252
P09,repo_video,Ngeed,4,Gerak,O2,kanan (A2),0.0,134.4,False,True,1.747,2.069
P09,repo_video,Ngeed,4,Gerak,F8,kanan (A2),0.0,140.6,False,True,-18.105,-10.109
P09,repo_video,Ngeed,4,Gerak,T4,kanan (A2),0.333,116.3,False,False,-6.783,-10.554
P09,repo_video,Ngeed,4,Gerak,T6,kanan (A2),0.0,332.1,False,False,-4.58,-0.225
P09,repo_video,Ngeed,4,Tahan,Fp1,kiri (A1),0.0,116.3,False,True,-4.485,1.234
P09,repo_video,Ngeed,4,Tahan,F3,kiri (A1),0.346,84.3,False,False,0.444,-1.828
P09,repo_video,Ngeed,4,Tahan,C3,kiri (A1),0.461,63.8,False,False,-0.05,-3.607
P09,repo_video,Ngeed,4,Tahan,P3,kiri (A1),0.308,89.3,False,False,-3.903,-4.305
P09,repo_video,Ngeed,4,Tahan,O1,kiri (A1),0.231,76.7,False,False,-8.673,-5.009
P09,repo_video,Ngeed,4,Tahan,F7,kiri (A1),0.0,144.6,False,True,0.981,0.755
P09,repo_video,Ngeed,4,Tahan,T3,kiri (A1),0.117,95.9,False,False,-6.549,-2.032
P09,repo_video,Ngeed,4,Tahan,T5,kiri (A1),0.423,56.5,False,False,-5.14,-6.384
P09,repo_video,Ngeed,4,Tahan,Fp2,kanan (A2),0.0,158.4,False,False,-8.887,3.535
P09,repo_video,Ngeed,4,Tahan,F4,kanan (A2),0.384,108.1,False,False,-7.708,-1.754
P09,repo_video,Ngeed,4,Tahan,C4,kanan (A2),0.231,75.7,False,False,-10.551,-3.278
P09,repo_video,Ngeed,4,Tahan,P4,kanan (A2),0.423,72.0,False,False,-7.841,-0.501
P09,repo_video,Ngeed,4,Tahan,O2,kanan (A2),0.346,82.9,False,False,-6.819,-1.992
P09,repo_video,Ngeed,4,Tahan,F8,kanan (A2),0.076,338.3,False,False,-5.855,0.175
P09,repo_video,Ngeed,4,Tahan,T4,kanan (A2),0.346,89.6,False,False,-12.004,-5.269
P09,repo_video,Ngeed,4,Tahan,T6,kanan (A2),0.0,561.4,False,False,0.33,3.395
P09,repo_video,Ngeed,4,Naik,Fp1,kiri (A1),0.0,112.9,False,True,-7.601,1.151
P09,repo_video,Ngeed,4,Naik,F3,kiri (A1),0.0,177.3,False,False,9.257,6.488
P09,repo_video,Ngeed,4,Naik,C3,kiri (A1),0.0,113.6,False,True,3.451,4.382
P09,repo_video,Ngeed,4,Naik,P3,kiri (A1),0.0,91.3,False,True,-3.015,3.16
P09,repo_video,Ngeed,4,Naik,O1,kiri (A1),0.0,81.7,False,True,-3.364,-1.722
P09,repo_video,Ngeed,4,Naik,F7,kiri (A1),0.0,83.8,False,True,-2.165,-0.457
P09,repo_video,Ngeed,4,Naik,T3,kiri (A1),0.0,60.7,False,True,-15.274,-1.757
P09,repo_video,Ngeed,4,Naik,T5,kiri (A1),0.0,124.4,False,True,6.258,2.626
P09,repo_video,Ngeed,4,Naik,Fp2,kanan (A2),0.0,254.0,False,False,-0.793,4.642
P09,repo_video,Ngeed,4,Naik,F4,kanan (A2),0.0,202.5,False,False,0.483,5.623
P09,repo_video,Ngeed,4,Naik,C4,kanan (A2),0.0,88.4,False,True,-8.222,-4.282
P09,repo_video,Ngeed,4,Naik,P4,kanan (A2),0.0,200.4,False,False,6.33,7.526
P09,repo_video,Ngeed,4,Naik,O2,kanan (A2),0.0,237.2,False,False,8.549,5.75
P09,repo_video,Ngeed,4,Naik,F8,kanan (A2),0.0,288.1,False,False,-4.641,-5.544
P09,repo_video,Ngeed,4,Naik,T4,kanan (A2),0.0,170.1,False,False,-1.172,1.729
P09,repo_video,Ngeed,4,Naik,T6,kanan (A2),0.0,518.9,False,False,8.77,1.425
P09,repo_video,Agem Kanan,3,Tahan,Fp1,kiri (A1),0.0,162.7,False,False,9.08,2.914
P09,repo_video,Agem Kanan,3,Tahan,F3,kiri (A1),0.0,138.1,False,True,13.804,1.343
P09,repo_video,Agem Kanan,3,Tahan,C3,kiri (A1),0.0,163.3,False,False,16.451,1.555
P09,repo_video,Agem Kanan,3,Tahan,P3,kiri (A1),0.0,121.7,False,True,9.869,-4.932
P09,repo_video,Agem Kanan,3,Tahan,O1,kiri (A1),0.0,79.6,False,True,1.248,-2.109
P09,repo_video,Agem Kanan,3,Tahan,F7,kiri (A1),0.0,259.0,False,False,13.5,-1.842
P09,repo_video,Agem Kanan,3,Tahan,T3,kiri (A1),0.0,125.4,False,True,6.168,-4.079
P09,repo_video,Agem Kanan,3,Tahan,T5,kiri (A1),0.0,139.8,False,True,11.093,-0.278
P09,repo_video,Agem Kanan,3,Tahan,Fp2,kanan (A2),0.0,476.4,False,False,4.221,1.947
P09,repo_video,Agem Kanan,3,Tahan,F4,kanan (A2),0.0,205.7,False,False,0.734,-0.284
P09,repo_video,Agem Kanan,3,Tahan,C4,kanan (A2),0.0,80.4,False,True,-1.401,0.184
P09,repo_video,Agem Kanan,3,Tahan,P4,kanan (A2),0.0,131.9,False,True,6.038,3.265
P09,repo_video,Agem Kanan,3,Tahan,O2,kanan (A2),0.0,194.9,False,False,9.351,-0.208
P09,repo_video,Agem Kanan,3,Tahan,F8,kanan (A2),0.0,118.5,False,True,-8.401,-8.762
P09,repo_video,Agem Kanan,3,Tahan,T4,kanan (A2),0.0,343.4,False,False,5.59,10.606
P09,repo_video,Agem Kanan,3,Tahan,T6,kanan (A2),0.0,296.9,False,False,5.757,2.172
P09,repo_video,Agem Kanan,3,Naik,Fp1,kiri (A1),0.438,92.0,False,False,-14.608,-11.12
P09,repo_video,Agem Kanan,3,Naik,F3,kiri (A1),0.788,60.5,False,False,-14.462,-11.401
P09,repo_video,Agem Kanan,3,Naik,C3,kiri (A1),0.807,45.9,False,False,-10.72,-10.126
P09,repo_video,Agem Kanan,3,Naik,P3,kiri (A1),0.832,28.7,False,False,-25.105,-16.616
P09,repo_video,Agem Kanan,3,Naik,O1,kiri (A1),0.744,30.9,False,False,-25.687,-23.896
P09,repo_video,Agem Kanan,3,Naik,F7,kiri (A1),0.0,115.1,False,True,-0.756,0.562
P09,repo_video,Agem Kanan,3,Naik,T3,kiri (A1),0.744,32.7,False,False,-32.648,-21.122
P09,repo_video,Agem Kanan,3,Naik,T5,kiri (A1),0.807,48.9,False,False,-11.68,-9.973
P09,repo_video,Agem Kanan,3,Naik,Fp2,kanan (A2),0.0,299.1,False,False,-5.718,-0.305
P09,repo_video,Agem Kanan,3,Naik,F4,kanan (A2),0.569,357.7,False,False,-14.975,-8.565
P09,repo_video,Agem Kanan,3,Naik,C4,kanan (A2),0.849,186.0,False,False,-21.413,-27.233
P09,repo_video,Agem Kanan,3,Naik,P4,kanan (A2),0.613,260.7,False,False,-11.287,-6.331
P09,repo_video,Agem Kanan,3,Naik,O2,kanan (A2),0.613,290.8,False,False,-9.12,-5.512
P09,repo_video,Agem Kanan,3,Naik,F8,kanan (A2),0.744,323.5,False,False,-21.167,-24.943
P09,repo_video,Agem Kanan,3,Naik,T4,kanan (A2),0.569,604.0,False,False,-0.469,-1.373
P09,repo_video,Agem Kanan,3,Naik,T6,kanan (A2),0.263,137.7,False,False,-13.06,-7.329
P09,repo_video,Agem Kanan,4,Gerak,Fp1,kiri (A1),0.0,315.1,False,False,7.276,1.058
P09,repo_video,Agem Kanan,4,Gerak,F3,kiri (A1),0.0,289.9,False,False,6.118,-0.526
P09,repo_video,Agem Kanan,4,Gerak,C3,kiri (A1),0.0,255.0,False,False,9.019,-4.218
P09,repo_video,Agem Kanan,4,Gerak,P3,kiri (A1),0.0,273.5,False,False,8.22,-3.302
P09,repo_video,Agem Kanan,4,Gerak,O1,kiri (A1),0.0,291.0,False,False,7.341,-5.472
P09,repo_video,Agem Kanan,4,Gerak,F7,kiri (A1),0.0,336.0,False,False,6.624,-0.289
P09,repo_video,Agem Kanan,4,Gerak,T3,kiri (A1),0.0,298.7,False,False,9.12,-4.063
P09,repo_video,Agem Kanan,4,Gerak,T5,kiri (A1),0.0,264.9,False,False,7.925,-2.92
P09,repo_video,Agem Kanan,4,Gerak,Fp2,kanan (A2),0.0,615.2,False,False,9.164,8.032
P09,repo_video,Agem Kanan,4,Gerak,F4,kanan (A2),0.0,697.9,False,False,11.431,7.445
P09,repo_video,Agem Kanan,4,Gerak,C4,kanan (A2),0.0,488.2,False,False,10.4,1.086
P09,repo_video,Agem Kanan,4,Gerak,P4,kanan (A2),0.0,524.6,False,False,12.832,12.627
P09,repo_video,Agem Kanan,4,Gerak,O2,kanan (A2),0.0,562.3,False,False,13.385,11.592
P09,repo_video,Agem Kanan,4,Gerak,F8,kanan (A2),0.0,706.3,False,False,2.573,4.007
P09,repo_video,Agem Kanan,4,Gerak,T4,kanan (A2),0.0,694.7,False,False,7.67,6.822
P09,repo_video,Agem Kanan,4,Gerak,T6,kanan (A2),0.0,467.4,False,False,5.908,3.279
P09,repo_video,Agem Kanan,4,Naik,Fp1,kiri (A1),0.298,130.3,False,False,-7.347,-0.473
P09,repo_video,Agem Kanan,4,Naik,F3,kiri (A1),0.381,91.9,False,False,1.951,0.226
P09,repo_video,Agem Kanan,4,Naik,C3,kiri (A1),0.381,72.4,False,False,3.118,-0.021
P09,repo_video,Agem Kanan,4,Naik,P3,kiri (A1),0.56,66.6,False,False,-8.67,-6.425
P09,repo_video,Agem Kanan,4,Naik,O1,kiri (A1),0.679,55.8,False,False,-18.747,-9.35
P09,repo_video,Agem Kanan,4,Naik,F7,kiri (A1),0.0,139.9,False,True,0.88,0.723
P09,repo_video,Agem Kanan,4,Naik,T3,kiri (A1),0.738,52.2,False,False,-21.345,-11.603
P09,repo_video,Agem Kanan,4,Naik,T5,kiri (A1),0.321,66.0,False,False,-2.231,0.474
P09,repo_video,Agem Kanan,4,Naik,Fp2,kanan (A2),0.0,415.9,False,False,1.959,4.036
P09,repo_video,Agem Kanan,4,Naik,F4,kanan (A2),0.0,366.8,False,False,2.466,5.467
P09,repo_video,Agem Kanan,4,Naik,C4,kanan (A2),0.202,216.8,False,False,-1.459,-3.747
P09,repo_video,Agem Kanan,4,Naik,P4,kanan (A2),0.0,300.6,False,False,5.02,7.718
P09,repo_video,Agem Kanan,4,Naik,O2,kanan (A2),0.0,300.6,False,False,4.754,5.82
P09,repo_video,Agem Kanan,4,Naik,F8,kanan (A2),0.0,366.2,False,False,-4.203,0.669
P09,repo_video,Agem Kanan,4,Naik,T4,kanan (A2),0.0,367.1,False,False,0.177,3.76
P09,repo_video,Agem Kanan,4,Naik,T6,kanan (A2),0.0,227.5,False,False,-10.657,-3.12
P09,repo_video,Agem Kiri,3,Gerak,Fp1,kiri (A1),0.0,324.8,False,False,11.41,3.18
P09,repo_video,Agem Kiri,3,Gerak,F3,kiri (A1),0.0,266.4,False,False,15.841,8.344
P09,repo_video,Agem Kiri,3,Gerak,C3,kiri (A1),0.0,299.0,False,False,18.199,11.762
P09,repo_video,Agem Kiri,3,Gerak,P3,kiri (A1),0.0,199.6,False,False,9.149,2.669
P09,repo_video,Agem Kiri,3,Gerak,O1,kiri (A1),0.0,194.5,False,False,4.204,0.411
P09,repo_video,Agem Kiri,3,Gerak,F7,kiri (A1),0.0,570.6,False,False,17.837,15.093
P09,repo_video,Agem Kiri,3,Gerak,T3,kiri (A1),0.0,237.9,False,False,5.773,0.173
P09,repo_video,Agem Kiri,3,Gerak,T5,kiri (A1),0.0,348.9,False,False,15.439,13.811
P09,repo_video,Agem Kiri,3,Gerak,Fp2,kanan (A2),0.0,650.2,False,False,10.649,5.687
P09,repo_video,Agem Kiri,3,Gerak,F4,kanan (A2),0.0,656.4,False,False,13.534,8.781
P09,repo_video,Agem Kiri,3,Gerak,C4,kanan (A2),0.0,660.2,False,False,16.56,7.475
P09,repo_video,Agem Kiri,3,Gerak,P4,kanan (A2),0.0,656.1,False,False,18.553,12.392
P09,repo_video,Agem Kiri,3,Gerak,O2,kanan (A2),0.0,651.5,False,False,17.801,10.816
P09,repo_video,Agem Kiri,3,Gerak,F8,kanan (A2),0.0,656.3,False,False,6.808,0.772
P09,repo_video,Agem Kiri,3,Gerak,T4,kanan (A2),0.0,660.4,False,False,12.978,7.462
P09,repo_video,Agem Kiri,3,Gerak,T6,kanan (A2),0.0,707.7,False,False,10.625,6.878
P09,repo_video,Agem Kiri,3,Tahan,Fp1,kiri (A1),0.22,170.2,False,False,-12.309,-9.271
P09,repo_video,Agem Kiri,3,Tahan,F3,kiri (A1),0.738,139.3,False,False,-7.536,-8.889
P09,repo_video,Agem Kiri,3,Tahan,C3,kiri (A1),0.738,141.0,False,False,-6.9,-4.382
P09,repo_video,Agem Kiri,3,Tahan,P3,kiri (A1),0.848,56.1,False,False,-23.635,-14.753
P09,repo_video,Agem Kiri,3,Tahan,O1,kiri (A1),0.848,49.8,False,False,-28.891,-17.326
P09,repo_video,Agem Kiri,3,Tahan,F7,kiri (A1),0.0,487.5,False,False,6.965,6.117
P09,repo_video,Agem Kiri,3,Tahan,T3,kiri (A1),0.848,22.7,False,False,-23.868,-37.49
P09,repo_video,Agem Kiri,3,Tahan,T5,kiri (A1),0.573,186.1,False,False,-3.472,-0.405
P09,repo_video,Agem Kiri,3,Tahan,Fp2,kanan (A2),0.0,785.4,False,False,5.709,2.998
P09,repo_video,Agem Kiri,3,Tahan,F4,kanan (A2),0.408,760.6,False,False,7.584,3.792
P09,repo_video,Agem Kiri,3,Tahan,C4,kanan (A2),0.628,586.1,False,False,7.015,1.346
P09,repo_video,Agem Kiri,3,Tahan,P4,kanan (A2),0.242,742.5,False,False,12.615,8.08
P09,repo_video,Agem Kiri,3,Tahan,O2,kanan (A2),0.187,742.6,False,False,11.441,5.061
P09,repo_video,Agem Kiri,3,Tahan,F8,kanan (A2),0.0,777.7,False,False,-0.096,-2.334
P09,repo_video,Agem Kiri,3,Tahan,T4,kanan (A2),0.408,752.8,False,False,7.157,3.371
P09,repo_video,Agem Kiri,3,Tahan,T6,kanan (A2),0.298,825.5,False,False,6.012,5.037
P09,repo_video,Agem Kiri,3,Naik,Fp1,kiri (A1),0.0,169.3,False,False,-0.44,6.126
P09,repo_video,Agem Kiri,3,Naik,F3,kiri (A1),0.884,1.3,False,False,-33.315,-38.124
P09,repo_video,Agem Kiri,3,Naik,C3,kiri (A1),0.884,5.2,False,False,-27.907,-31.888
P09,repo_video,Agem Kiri,3,Naik,P3,kiri (A1),1.0,1.6,False,False,-31.955,-38.455
P09,repo_video,Agem Kiri,3,Naik,O1,kiri (A1),1.0,0.2,False,False,-57.431,-83.094
P09,repo_video,Agem Kiri,3,Naik,F7,kiri (A1),0.0,608.6,False,False,12.44,18.431
P09,repo_video,Agem Kiri,3,Naik,T3,kiri (A1),0.0,97.5,False,True,-2.944,3.095
P09,repo_video,Agem Kiri,3,Naik,T5,kiri (A1),0.0,27.8,False,True,-12.501,-13.053
P09,repo_video,Agem Kiri,3,Naik,Fp2,kanan (A2),0.0,111.7,False,True,-4.731,-0.833
P09,repo_video,Agem Kiri,3,Naik,F4,kanan (A2),0.884,5.5,False,False,-47.631,-35.079
P09,repo_video,Agem Kiri,3,Naik,C4,kanan (A2),0.884,5.5,False,False,-48.358,-39.622
P09,repo_video,Agem Kiri,3,Naik,P4,kanan (A2),0.884,5.5,False,False,-39.937,-29.062
P09,repo_video,Agem Kiri,3,Naik,O2,kanan (A2),0.419,7.0,False,False,-28.558,-25.962
P09,repo_video,Agem Kiri,3,Naik,F8,kanan (A2),0.0,29.1,False,True,-22.229,-7.389
P09,repo_video,Agem Kiri,3,Naik,T4,kanan (A2),0.419,5.6,False,False,-42.689,-36.504
P09,repo_video,Agem Kiri,3,Naik,T6,kanan (A2),0.884,5.3,False,False,-37.076,-38.434
P09,repo_video,Agem Kiri,4,Gerak,Fp1,kiri (A1),0.0,382.7,False,False,12.534,6.159
P09,repo_video,Agem Kiri,4,Gerak,F3,kiri (A1),0.0,294.0,False,False,16.822,11.602
P09,repo_video,Agem Kiri,4,Gerak,C3,kiri (A1),0.0,359.2,False,False,19.936,14.935
P09,repo_video,Agem Kiri,4,Gerak,P3,kiri (A1),0.0,232.9,False,False,12.793,9.594
P09,repo_video,Agem Kiri,4,Gerak,O1,kiri (A1),0.0,242.4,False,False,9.3,8.436
P09,repo_video,Agem Kiri,4,Gerak,F7,kiri (A1),0.0,470.8,False,False,15.802,13.03
P09,repo_video,Agem Kiri,4,Gerak,T3,kiri (A1),0.0,609.4,False,False,21.924,6.493
P09,repo_video,Agem Kiri,4,Gerak,T5,kiri (A1),0.0,454.3,False,False,15.955,14.642
P09,repo_video,Agem Kiri,4,Gerak,Fp2,kanan (A2),0.0,414.1,False,False,11.514,3.554
P09,repo_video,Agem Kiri,4,Gerak,F4,kanan (A2),0.0,350.7,False,False,13.279,4.72
P09,repo_video,Agem Kiri,4,Gerak,C4,kanan (A2),0.0,329.4,False,False,14.687,-2.886
P09,repo_video,Agem Kiri,4,Gerak,P4,kanan (A2),0.0,346.7,False,False,16.756,11.119
P09,repo_video,Agem Kiri,4,Gerak,O2,kanan (A2),0.0,323.4,False,False,15.772,9.872
P09,repo_video,Agem Kiri,4,Gerak,F8,kanan (A2),0.0,397.7,False,False,6.241,2.488
P09,repo_video,Agem Kiri,4,Gerak,T4,kanan (A2),0.0,378.6,False,False,12.523,2.996
P09,repo_video,Agem Kiri,4,Gerak,T6,kanan (A2),0.0,224.1,False,False,0.631,-5.735
P09,repo_video,Agem Kiri,4,Tahan,Fp1,kiri (A1),0.469,90.3,False,False,-21.739,-16.115
P09,repo_video,Agem Kiri,4,Tahan,F3,kiri (A1),0.819,55.9,False,False,-20.685,-13.193
P09,repo_video,Agem Kiri,4,Tahan,C3,kiri (A1),0.819,84.7,False,False,-12.92,-12.085
P09,repo_video,Agem Kiri,4,Tahan,P3,kiri (A1),0.936,33.0,False,False,-31.123,-26.712
P09,repo_video,Agem Kiri,4,Tahan,O1,kiri (A1),0.878,46.1,False,False,-31.236,-26.91
P09,repo_video,Agem Kiri,4,Tahan,F7,kiri (A1),0.0,306.4,False,False,2.4,7.287
P09,repo_video,Agem Kiri,4,Tahan,T3,kiri (A1),0.586,106.5,False,False,-12.887,-6.385
P09,repo_video,Agem Kiri,4,Tahan,T5,kiri (A1),0.411,125.2,False,False,-5.714,2.563
P09,repo_video,Agem Kiri,4,Tahan,Fp2,kanan (A2),0.0,242.9,False,False,-4.148,1.568
P09,repo_video,Agem Kiri,4,Tahan,F4,kanan (A2),0.0,206.7,False,False,-3.198,1.125
P09,repo_video,Agem Kiri,4,Tahan,C4,kanan (A2),0.0,92.1,False,True,-5.259,-8.577
P09,repo_video,Agem Kiri,4,Tahan,P4,kanan (A2),0.0,196.8,False,False,2.361,7.548
P09,repo_video,Agem Kiri,4,Tahan,O2,kanan (A2),0.0,207.3,False,False,0.395,5.769
P09,repo_video,Agem Kiri,4,Tahan,F8,kanan (A2),0.0,286.4,False,False,-10.561,-0.36
P09,repo_video,Agem Kiri,4,Tahan,T4,kanan (A2),0.0,196.7,False,False,-3.693,-0.861
P09,repo_video,Agem Kiri,4,Tahan,T6,kanan (A2),0.0,118.5,False,True,-9.703,-5.623
P09,repo_video,Agem Kiri,4,Naik,Fp1,kiri (A1),0.237,58.7,False,False,-15.524,-5.315
P09,repo_video,Agem Kiri,4,Naik,F3,kiri (A1),1.0,1.9,False,False,-32.603,-40.955
P09,repo_video,Agem Kiri,4,Naik,C3,kiri (A1),1.0,1.7,False,False,-34.651,-37.16
P09,repo_video,Agem Kiri,4,Naik,P3,kiri (A1),1.0,0.6,False,False,-48.125,-59.695
P09,repo_video,Agem Kiri,4,Naik,O1,kiri (A1),1.0,1.6,False,False,-44.285,-43.165
P09,repo_video,Agem Kiri,4,Naik,F7,kiri (A1),0.0,296.9,False,False,5.675,11.738
P09,repo_video,Agem Kiri,4,Naik,T3,kiri (A1),0.763,2.3,False,False,-37.776,-40.872
P09,repo_video,Agem Kiri,4,Naik,T5,kiri (A1),0.5,18.4,False,False,-23.096,-13.391
P09,repo_video,Agem Kiri,4,Naik,Fp2,kanan (A2),0.0,529.8,False,False,-3.146,1.433
P09,repo_video,Agem Kiri,4,Naik,F4,kanan (A2),0.0,396.3,False,False,0.249,3.462
P09,repo_video,Agem Kiri,4,Naik,C4,kanan (A2),0.0,78.2,False,True,-14.707,-16.577
P09,repo_video,Agem Kiri,4,Naik,P4,kanan (A2),0.0,268.3,False,False,1.358,8.776
P09,repo_video,Agem Kiri,4,Naik,O2,kanan (A2),0.0,273.4,False,False,3.469,5.655
P09,repo_video,Agem Kiri,4,Naik,F8,kanan (A2),0.0,387.1,False,False,-6.203,1.04
P09,repo_video,Agem Kiri,4,Naik,T4,kanan (A2),0.0,245.7,False,False,-8.171,-0.056
P09,repo_video,Agem Kiri,4,Naik,T6,kanan (A2),0.0,101.3,False,True,-16.34,-5.217
P09,repo_video,-,0,Istirahat,Fp1,kiri (A1),0.026,252.4,False,,0.0,0.0
P09,repo_video,-,0,Istirahat,F3,kiri (A1),0.089,175.7,False,,0.0,0.0
P09,repo_video,-,0,Istirahat,C3,kiri (A1),0.121,188.7,False,,0.0,0.0
P09,repo_video,-,0,Istirahat,P3,kiri (A1),0.055,213.3,False,,0.0,0.0
P09,repo_video,-,0,Istirahat,O1,kiri (A1),0.059,294.7,False,,0.0,0.0
P09,repo_video,-,0,Istirahat,F7,kiri (A1),0.0,263.0,False,,0.0,0.0
P09,repo_video,-,0,Istirahat,T3,kiri (A1),0.054,296.5,False,,0.0,0.0
P09,repo_video,-,0,Istirahat,T5,kiri (A1),0.052,235.0,False,,0.0,0.0
P09,repo_video,-,0,Istirahat,Fp2,kanan (A2),0.0,467.5,False,,0.0,0.0
P09,repo_video,-,0,Istirahat,F4,kanan (A2),0.039,459.6,False,,0.0,0.0
P09,repo_video,-,0,Istirahat,C4,kanan (A2),0.055,310.7,False,,0.0,0.0
P09,repo_video,-,0,Istirahat,P4,kanan (A2),0.047,204.2,False,,0.0,0.0
P09,repo_video,-,0,Istirahat,O2,kanan (A2),0.026,200.1,False,,0.0,0.0
P09,repo_video,-,0,Istirahat,F8,kanan (A2),0.022,809.7,False,,0.0,0.0
P09,repo_video,-,0,Istirahat,T4,kanan (A2),0.014,419.1,False,,0.0,0.0
P09,repo_video,-,0,Istirahat,T6,kanan (A2),0.013,613.6,False,,0.0,0.0
P31,timestamp_manual,Agem Kanan,1,Gerak,Fp1,kiri (A1),0.0,110.3,False,True,4.762,0.795
P31,timestamp_manual,Agem Kanan,1,Gerak,F3,kiri (A1),0.0,93.7,False,True,2.235,-1.446
P31,timestamp_manual,Agem Kanan,1,Gerak,C3,kiri (A1),0.0,142.8,False,True,5.672,-0.23
P31,timestamp_manual,Agem Kanan,1,Gerak,P3,kiri (A1),0.0,134.6,False,True,-0.897,-4.303
P31,timestamp_manual,Agem Kanan,1,Gerak,O1,kiri (A1),0.0,184.9,False,False,0.017,-3.316
P31,timestamp_manual,Agem Kanan,1,Gerak,F7,kiri (A1),0.0,153.3,False,False,5.647,2.859
P31,timestamp_manual,Agem Kanan,1,Gerak,T3,kiri (A1),0.0,151.1,False,False,4.279,0.153
P31,timestamp_manual,Agem Kanan,1,Gerak,T5,kiri (A1),0.0,271.6,False,False,6.302,0.946
P31,timestamp_manual,Agem Kanan,1,Gerak,Fp2,kanan (A2),0.0,706.8,False,False,17.643,21.515
P31,timestamp_manual,Agem Kanan,1,Gerak,F4,kanan (A2),0.0,711.9,False,False,17.932,15.814
P31,timestamp_manual,Agem Kanan,1,Gerak,C4,kanan (A2),0.0,751.0,False,False,16.826,14.814
P31,timestamp_manual,Agem Kanan,1,Gerak,P4,kanan (A2),0.0,622.4,False,False,15.296,21.82
P31,timestamp_manual,Agem Kanan,1,Gerak,O2,kanan (A2),0.0,538.0,False,False,15.971,14.3
P31,timestamp_manual,Agem Kanan,1,Gerak,F8,kanan (A2),0.0,729.3,False,False,16.904,11.371
P31,timestamp_manual,Agem Kanan,1,Gerak,T4,kanan (A2),0.0,762.3,False,False,18.766,19.163
P31,timestamp_manual,Agem Kanan,1,Gerak,T6,kanan (A2),0.0,923.0,False,False,19.029,17.077
P31,timestamp_manual,Agem Kanan,1,Tahan,Fp1,kiri (A1),0.0,195.6,False,False,6.49,2.391
P31,timestamp_manual,Agem Kanan,1,Tahan,F3,kiri (A1),0.0,161.5,False,False,6.935,3.304
P31,timestamp_manual,Agem Kanan,1,Tahan,C3,kiri (A1),0.0,362.6,False,False,11.3,7.215
P31,timestamp_manual,Agem Kanan,1,Tahan,P3,kiri (A1),0.0,450.1,False,False,16.176,3.5
P31,timestamp_manual,Agem Kanan,1,Tahan,O1,kiri (A1),0.0,518.2,False,False,13.251,3.747
P31,timestamp_manual,Agem Kanan,1,Tahan,F7,kiri (A1),0.0,302.7,False,False,10.528,10.209
P31,timestamp_manual,Agem Kanan,1,Tahan,T3,kiri (A1),0.0,426.6,False,False,12.748,10.146
P31,timestamp_manual,Agem Kanan,1,Tahan,T5,kiri (A1),0.0,595.8,False,False,17.293,12.417
P31,timestamp_manual,Agem Kanan,1,Tahan,Fp2,kanan (A2),0.0,511.2,False,False,15.56,13.457
P31,timestamp_manual,Agem Kanan,1,Tahan,F4,kanan (A2),0.0,566.3,False,False,16.768,9.904
P31,timestamp_manual,Agem Kanan,1,Tahan,C4,kanan (A2),0.0,685.2,False,False,16.651,8.002
P31,timestamp_manual,Agem Kanan,1,Tahan,P4,kanan (A2),0.0,549.7,False,False,16.173,15.576
P31,timestamp_manual,Agem Kanan,1,Tahan,O2,kanan (A2),0.0,508.4,False,False,14.901,9.044
P31,timestamp_manual,Agem Kanan,1,Tahan,F8,kanan (A2),0.0,697.4,False,False,14.91,9.038
P31,timestamp_manual,Agem Kanan,1,Tahan,T4,kanan (A2),0.0,701.4,False,False,18.007,17.641
P31,timestamp_manual,Agem Kanan,1,Tahan,T6,kanan (A2),0.0,749.7,False,False,20.91,15.945
P31,timestamp_manual,Agem Kanan,1,Naik,Fp1,kiri (A1),0.0,122.2,False,True,5.767,-1.076
P31,timestamp_manual,Agem Kanan,1,Naik,F3,kiri (A1),0.0,189.9,False,False,10.559,2.374
P31,timestamp_manual,Agem Kanan,1,Naik,C3,kiri (A1),0.0,269.9,False,False,12.705,4.013
P31,timestamp_manual,Agem Kanan,1,Naik,P3,kiri (A1),0.0,508.5,False,False,19.603,6.916
P31,timestamp_manual,Agem Kanan,1,Naik,O1,kiri (A1),0.0,210.8,False,False,8.459,-1.389
P31,timestamp_manual,Agem Kanan,1,Naik,F7,kiri (A1),0.0,132.3,False,True,5.287,5.922
P31,timestamp_manual,Agem Kanan,1,Naik,T3,kiri (A1),0.0,307.2,False,False,14.457,1.168
P31,timestamp_manual,Agem Kanan,1,Naik,T5,kiri (A1),0.0,441.8,False,False,14.319,7.153
P31,timestamp_manual,Agem Kanan,1,Naik,Fp2,kanan (A2),0.0,594.6,False,False,18.803,20.946
P31,timestamp_manual,Agem Kanan,1,Naik,F4,kanan (A2),0.0,571.3,False,False,19.536,16.007
P31,timestamp_manual,Agem Kanan,1,Naik,C4,kanan (A2),0.0,647.6,False,False,16.611,13.223
P31,timestamp_manual,Agem Kanan,1,Naik,P4,kanan (A2),0.0,640.8,False,False,18.922,22.055
P31,timestamp_manual,Agem Kanan,1,Naik,O2,kanan (A2),0.0,636.4,False,False,16.151,13.182
P31,timestamp_manual,Agem Kanan,1,Naik,F8,kanan (A2),0.0,747.9,False,False,15.549,10.789
P31,timestamp_manual,Agem Kanan,1,Naik,T4,kanan (A2),0.0,627.9,False,False,20.008,19.262
P31,timestamp_manual,Agem Kanan,1,Naik,T6,kanan (A2),0.0,715.5,False,False,17.198,19.794
P31,timestamp_manual,Agem Kanan,1,Berdiri,Fp1,kiri (A1),0.0,256.3,False,False,7.23,4.515
P31,timestamp_manual,Agem Kanan,1,Berdiri,F3,kiri (A1),0.074,240.5,False,False,7.284,5.46
P31,timestamp_manual,Agem Kanan,1,Berdiri,C3,kiri (A1),0.029,342.0,False,False,10.47,5.798
P31,timestamp_manual,Agem Kanan,1,Berdiri,P3,kiri (A1),0.074,366.2,False,False,10.079,5.719
P31,timestamp_manual,Agem Kanan,1,Berdiri,O1,kiri (A1),0.0,348.2,False,False,12.83,4.265
P31,timestamp_manual,Agem Kanan,1,Berdiri,F7,kiri (A1),0.0,242.0,False,False,9.354,9.226
P31,timestamp_manual,Agem Kanan,1,Berdiri,T3,kiri (A1),0.029,470.7,False,False,16.488,3.89
P31,timestamp_manual,Agem Kanan,1,Berdiri,T5,kiri (A1),0.0,445.3,False,False,13.941,7.923
P31,timestamp_manual,Agem Kanan,1,Berdiri,Fp2,kanan (A2),0.0,653.1,False,False,17.06,17.017
P31,timestamp_manual,Agem Kanan,1,Berdiri,F4,kanan (A2),0.0,535.2,False,False,17.277,12.544
P31,timestamp_manual,Agem Kanan,1,Berdiri,C4,kanan (A2),0.0,678.8,False,False,14.097,12.719
P31,timestamp_manual,Agem Kanan,1,Berdiri,P4,kanan (A2),0.0,595.5,False,False,16.741,17.827
P31,timestamp_manual,Agem Kanan,1,Berdiri,O2,kanan (A2),0.0,531.5,False,False,14.078,13.089
P31,timestamp_manual,Agem Kanan,1,Berdiri,F8,kanan (A2),0.0,698.9,False,False,14.182,10.72
P31,timestamp_manual,Agem Kanan,1,Berdiri,T4,kanan (A2),0.0,706.1,False,False,14.636,19.628
P31,timestamp_manual,Agem Kanan,1,Berdiri,T6,kanan (A2),0.0,726.0,False,False,18.852,16.908
P31,timestamp_manual,Agem Kanan,2,Gerak,Fp1,kiri (A1),0.0,391.8,False,False,17.213,6.327
P31,timestamp_manual,Agem Kanan,2,Gerak,F3,kiri (A1),0.205,431.4,False,False,16.043,6.301
P31,timestamp_manual,Agem Kanan,2,Gerak,C3,kiri (A1),0.051,591.3,False,False,20.35,7.601
P31,timestamp_manual,Agem Kanan,2,Gerak,P3,kiri (A1),0.256,418.3,False,False,16.695,5.697
P31,timestamp_manual,Agem Kanan,2,Gerak,O1,kiri (A1),0.0,513.0,False,False,17.216,4.336
P31,timestamp_manual,Agem Kanan,2,Gerak,F7,kiri (A1),0.0,474.8,False,False,20.449,9.949
P31,timestamp_manual,Agem Kanan,2,Gerak,T3,kiri (A1),0.051,462.1,False,False,18.333,5.762
P31,timestamp_manual,Agem Kanan,2,Gerak,T5,kiri (A1),0.0,661.9,False,False,21.251,7.396
P31,timestamp_manual,Agem Kanan,2,Gerak,Fp2,kanan (A2),0.0,646.3,False,False,18.383,21.158
P31,timestamp_manual,Agem Kanan,2,Gerak,F4,kanan (A2),0.0,636.4,False,False,17.937,15.348
P31,timestamp_manual,Agem Kanan,2,Gerak,C4,kanan (A2),0.0,716.1,False,False,16.275,13.87
P31,timestamp_manual,Agem Kanan,2,Gerak,P4,kanan (A2),0.0,736.0,False,False,16.882,20.37
P31,timestamp_manual,Agem Kanan,2,Gerak,O2,kanan (A2),0.0,632.2,False,False,18.297,17.572
P31,timestamp_manual,Agem Kanan,2,Gerak,F8,kanan (A2),0.0,776.5,False,False,15.32,14.234
P31,timestamp_manual,Agem Kanan,2,Gerak,T4,kanan (A2),0.0,767.0,False,False,20.626,20.905
P31,timestamp_manual,Agem Kanan,2,Gerak,T6,kanan (A2),0.0,783.4,False,False,20.517,18.072
P31,timestamp_manual,Agem Kanan,2,Tahan,Fp1,kiri (A1),0.0,192.5,False,False,5.591,3.369
P31,timestamp_manual,Agem Kanan,2,Tahan,F3,kiri (A1),0.0,198.8,False,False,12.378,4.989
P31,timestamp_manual,Agem Kanan,2,Tahan,C3,kiri (A1),0.0,213.4,False,False,10.813,4.275
P31,timestamp_manual,Agem Kanan,2,Tahan,P3,kiri (A1),0.0,194.9,False,False,10.046,4.535
P31,timestamp_manual,Agem Kanan,2,Tahan,O1,kiri (A1),0.0,301.8,False,False,10.608,1.953
P31,timestamp_manual,Agem Kanan,2,Tahan,F7,kiri (A1),0.0,200.7,False,False,9.066,7.878
P31,timestamp_manual,Agem Kanan,2,Tahan,T3,kiri (A1),0.0,169.5,False,False,5.81,3.206
P31,timestamp_manual,Agem Kanan,2,Tahan,T5,kiri (A1),0.0,559.2,False,False,16.619,8.148
P31,timestamp_manual,Agem Kanan,2,Tahan,Fp2,kanan (A2),0.0,611.2,False,False,19.944,16.62
P31,timestamp_manual,Agem Kanan,2,Tahan,F4,kanan (A2),0.0,603.1,False,False,20.128,11.176
P31,timestamp_manual,Agem Kanan,2,Tahan,C4,kanan (A2),0.0,589.4,False,False,17.109,10.219
P31,timestamp_manual,Agem Kanan,2,Tahan,P4,kanan (A2),0.0,619.4,False,False,15.837,16.165
P31,timestamp_manual,Agem Kanan,2,Tahan,O2,kanan (A2),0.0,563.0,False,False,16.618,12.282
P31,timestamp_manual,Agem Kanan,2,Tahan,F8,kanan (A2),0.0,663.7,False,False,16.891,11.22
P31,timestamp_manual,Agem Kanan,2,Tahan,T4,kanan (A2),0.0,702.4,False,False,19.334,18.006
P31,timestamp_manual,Agem Kanan,2,Tahan,T6,kanan (A2),0.0,621.6,False,False,18.626,18.509
P31,timestamp_manual,Agem Kanan,2,Naik,Fp1,kiri (A1),0.0,347.2,False,False,1.745,5.836
P31,timestamp_manual,Agem Kanan,2,Naik,F3,kiri (A1),0.0,179.0,False,False,8.124,5.654
P31,timestamp_manual,Agem Kanan,2,Naik,C3,kiri (A1),0.0,200.3,False,False,-0.253,5.033
P31,timestamp_manual,Agem Kanan,2,Naik,P3,kiri (A1),0.0,445.0,False,False,10.829,6.047
P31,timestamp_manual,Agem Kanan,2,Naik,O1,kiri (A1),0.0,390.4,False,False,2.842,3.708
P31,timestamp_manual,Agem Kanan,2,Naik,F7,kiri (A1),0.0,266.7,False,False,4.492,10.14
P31,timestamp_manual,Agem Kanan,2,Naik,T3,kiri (A1),0.0,190.6,False,False,4.625,5.841
P31,timestamp_manual,Agem Kanan,2,Naik,T5,kiri (A1),0.0,325.7,False,False,11.612,5.479
P31,timestamp_manual,Agem Kanan,2,Naik,Fp2,kanan (A2),0.0,718.6,False,False,15.913,17.6
P31,timestamp_manual,Agem Kanan,2,Naik,F4,kanan (A2),0.0,740.7,False,False,11.36,11.109
P31,timestamp_manual,Agem Kanan,2,Naik,C4,kanan (A2),0.0,765.7,False,False,9.398,10.038
P31,timestamp_manual,Agem Kanan,2,Naik,P4,kanan (A2),0.0,770.9,False,False,11.303,18.14
P31,timestamp_manual,Agem Kanan,2,Naik,O2,kanan (A2),0.0,754.3,False,False,13.824,15.984
P31,timestamp_manual,Agem Kanan,2,Naik,F8,kanan (A2),0.0,728.9,False,False,12.222,13.057
P31,timestamp_manual,Agem Kanan,2,Naik,T4,kanan (A2),0.0,777.1,False,False,16.312,14.723
P31,timestamp_manual,Agem Kanan,2,Naik,T6,kanan (A2),0.0,717.3,False,False,10.092,14.052
P31,timestamp_manual,Agem Kanan,2,Berdiri,Fp1,kiri (A1),0.0,378.7,False,False,9.796,3.043
P31,timestamp_manual,Agem Kanan,2,Berdiri,F3,kiri (A1),0.189,230.7,False,False,5.59,-1.862
P31,timestamp_manual,Agem Kanan,2,Berdiri,C3,kiri (A1),0.162,206.0,False,False,5.754,-0.115
P31,timestamp_manual,Agem Kanan,2,Berdiri,P3,kiri (A1),0.216,445.0,False,False,4.663,-2.343
P31,timestamp_manual,Agem Kanan,2,Berdiri,O1,kiri (A1),0.0,390.4,False,False,10.797,-0.692
P31,timestamp_manual,Agem Kanan,2,Berdiri,F7,kiri (A1),0.0,337.6,False,False,15.096,6.466
P31,timestamp_manual,Agem Kanan,2,Berdiri,T3,kiri (A1),0.054,201.8,False,False,6.954,-0.942
P31,timestamp_manual,Agem Kanan,2,Berdiri,T5,kiri (A1),0.0,408.3,False,False,11.976,3.499
P31,timestamp_manual,Agem Kanan,2,Berdiri,Fp2,kanan (A2),0.0,718.6,False,False,15.333,21.112
P31,timestamp_manual,Agem Kanan,2,Berdiri,F4,kanan (A2),0.0,740.7,False,False,16.039,14.977
P31,timestamp_manual,Agem Kanan,2,Berdiri,C4,kanan (A2),0.0,771.0,False,False,14.196,12.503
P31,timestamp_manual,Agem Kanan,2,Berdiri,P4,kanan (A2),0.0,832.4,False,False,15.012,20.0
P31,timestamp_manual,Agem Kanan,2,Berdiri,O2,kanan (A2),0.0,759.3,False,False,17.505,18.2
P31,timestamp_manual,Agem Kanan,2,Berdiri,F8,kanan (A2),0.0,789.9,False,False,14.598,11.178
P31,timestamp_manual,Agem Kanan,2,Berdiri,T4,kanan (A2),0.0,799.0,False,False,16.63,19.008
P31,timestamp_manual,Agem Kanan,2,Berdiri,T6,kanan (A2),0.0,738.4,False,False,16.728,16.061
P31,timestamp_manual,Agem Kiri,1,Gerak,Fp1,kiri (A1),0.0,622.3,False,False,18.486,5.938
P31,timestamp_manual,Agem Kiri,1,Gerak,F3,kiri (A1),0.0,572.1,False,False,18.999,6.048
P31,timestamp_manual,Agem Kiri,1,Gerak,C3,kiri (A1),0.141,653.1,False,False,21.179,5.726
P31,timestamp_manual,Agem Kiri,1,Gerak,P3,kiri (A1),0.16,579.5,False,False,19.321,4.421
P31,timestamp_manual,Agem Kiri,1,Gerak,O1,kiri (A1),0.0,677.0,False,False,18.652,6.701
P31,timestamp_manual,Agem Kiri,1,Gerak,F7,kiri (A1),0.0,655.4,False,False,21.099,10.615
P31,timestamp_manual,Agem Kiri,1,Gerak,T3,kiri (A1),0.0,657.2,False,False,20.67,4.595
P31,timestamp_manual,Agem Kiri,1,Gerak,T5,kiri (A1),0.0,731.9,False,False,20.015,8.781
P31,timestamp_manual,Agem Kiri,1,Gerak,Fp2,kanan (A2),0.0,674.0,False,False,19.734,18.005
P31,timestamp_manual,Agem Kiri,1,Gerak,F4,kanan (A2),0.0,556.7,False,False,17.765,11.822
P31,timestamp_manual,Agem Kiri,1,Gerak,C4,kanan (A2),0.0,614.8,False,False,15.426,9.775
P31,timestamp_manual,Agem Kiri,1,Gerak,P4,kanan (A2),0.0,640.0,False,False,18.098,17.701
P31,timestamp_manual,Agem Kiri,1,Gerak,O2,kanan (A2),0.0,586.7,False,False,19.599,14.008
P31,timestamp_manual,Agem Kiri,1,Gerak,F8,kanan (A2),0.0,712.7,False,False,17.037,10.953
P31,timestamp_manual,Agem Kiri,1,Gerak,T4,kanan (A2),0.0,716.5,False,False,18.714,19.408
P31,timestamp_manual,Agem Kiri,1,Gerak,T6,kanan (A2),0.0,757.0,False,False,21.759,16.487
P31,timestamp_manual,Agem Kiri,1,Tahan,Fp1,kiri (A1),0.0,193.8,False,False,4.316,2.257
P31,timestamp_manual,Agem Kiri,1,Tahan,F3,kiri (A1),0.112,137.8,False,False,0.912,0.732
P31,timestamp_manual,Agem Kiri,1,Tahan,C3,kiri (A1),0.114,98.6,False,False,0.072,-1.116
P31,timestamp_manual,Agem Kiri,1,Tahan,P3,kiri (A1),0.29,118.3,False,False,0.346,0.119
P31,timestamp_manual,Agem Kiri,1,Tahan,O1,kiri (A1),0.0,181.2,False,False,4.014,-1.925
P31,timestamp_manual,Agem Kiri,1,Tahan,F7,kiri (A1),0.0,203.3,False,False,9.338,5.455
P31,timestamp_manual,Agem Kiri,1,Tahan,T3,kiri (A1),0.089,103.2,False,True,0.512,-1.938
P31,timestamp_manual,Agem Kiri,1,Tahan,T5,kiri (A1),0.0,294.7,False,False,9.15,2.229
P31,timestamp_manual,Agem Kiri,1,Tahan,Fp2,kanan (A2),0.0,441.4,False,False,8.213,7.092
P31,timestamp_manual,Agem Kiri,1,Tahan,F4,kanan (A2),0.0,387.9,False,False,6.854,1.959
P31,timestamp_manual,Agem Kiri,1,Tahan,C4,kanan (A2),0.0,528.7,False,False,9.598,2.388
P31,timestamp_manual,Agem Kiri,1,Tahan,P4,kanan (A2),0.134,588.3,False,False,13.308,11.908
P31,timestamp_manual,Agem Kiri,1,Tahan,O2,kanan (A2),0.112,449.1,False,False,11.677,6.317
P31,timestamp_manual,Agem Kiri,1,Tahan,F8,kanan (A2),0.0,524.7,False,False,10.048,5.002
P31,timestamp_manual,Agem Kiri,1,Tahan,T4,kanan (A2),0.0,735.0,False,False,13.84,16.204
P31,timestamp_manual,Agem Kiri,1,Tahan,T6,kanan (A2),0.0,689.5,False,False,14.942,13.589
P31,timestamp_manual,Agem Kiri,1,Naik,Fp1,kiri (A1),0.0,185.0,False,False,4.792,3.288
P31,timestamp_manual,Agem Kiri,1,Naik,F3,kiri (A1),0.0,63.7,False,True,0.497,-0.205
P31,timestamp_manual,Agem Kiri,1,Naik,C3,kiri (A1),0.0,122.0,False,True,7.495,-0.322
P31,timestamp_manual,Agem Kiri,1,Naik,P3,kiri (A1),0.0,74.8,False,True,0.885,0.92
P31,timestamp_manual,Agem Kiri,1,Naik,O1,kiri (A1),0.0,304.7,False,False,10.374,2.712
P31,timestamp_manual,Agem Kiri,1,Naik,F7,kiri (A1),0.0,185.4,False,False,7.429,4.966
P31,timestamp_manual,Agem Kiri,1,Naik,T3,kiri (A1),0.0,134.5,False,True,8.881,1.826
P31,timestamp_manual,Agem Kiri,1,Naik,T5,kiri (A1),0.0,214.1,False,False,9.957,2.804
P31,timestamp_manual,Agem Kiri,1,Naik,Fp2,kanan (A2),0.0,457.4,False,False,13.267,21.895
P31,timestamp_manual,Agem Kiri,1,Naik,F4,kanan (A2),0.0,336.7,False,False,10.344,13.171
P31,timestamp_manual,Agem Kiri,1,Naik,C4,kanan (A2),0.0,434.6,False,False,10.181,14.147
P31,timestamp_manual,Agem Kiri,1,Naik,P4,kanan (A2),0.0,569.0,False,False,11.174,21.237
P31,timestamp_manual,Agem Kiri,1,Naik,O2,kanan (A2),0.0,565.7,False,False,15.072,19.174
P31,timestamp_manual,Agem Kiri,1,Naik,F8,kanan (A2),0.0,655.8,False,False,11.533,14.535
P31,timestamp_manual,Agem Kiri,1,Naik,T4,kanan (A2),0.0,640.7,False,False,14.303,20.895
P31,timestamp_manual,Agem Kiri,1,Naik,T6,kanan (A2),0.0,734.4,False,False,15.455,20.03
P31,timestamp_manual,Agem Kiri,1,Berdiri,Fp1,kiri (A1),0.0,211.1,False,False,10.875,3.954
P31,timestamp_manual,Agem Kiri,1,Berdiri,F3,kiri (A1),0.182,85.1,False,False,1.555,-9.303
P31,timestamp_manual,Agem Kiri,1,Berdiri,C3,kiri (A1),0.0,146.8,False,True,-0.85,-2.509
P31,timestamp_manual,Agem Kiri,1,Berdiri,P3,kiri (A1),0.536,28.7,False,False,-16.361,-12.836
P31,timestamp_manual,Agem Kiri,1,Berdiri,O1,kiri (A1),0.0,245.0,False,False,8.82,2.835
P31,timestamp_manual,Agem Kiri,1,Berdiri,F7,kiri (A1),0.0,185.7,False,False,12.522,6.759
P31,timestamp_manual,Agem Kiri,1,Berdiri,T3,kiri (A1),0.0,169.4,False,False,5.104,-0.682
P31,timestamp_manual,Agem Kiri,1,Berdiri,T5,kiri (A1),0.0,333.2,False,False,14.324,4.64
P31,timestamp_manual,Agem Kiri,1,Berdiri,Fp2,kanan (A2),0.0,579.3,False,False,18.758,21.891
P31,timestamp_manual,Agem Kiri,1,Berdiri,F4,kanan (A2),0.0,512.1,False,False,15.167,14.387
P31,timestamp_manual,Agem Kiri,1,Berdiri,C4,kanan (A2),0.0,629.0,False,False,14.292,13.495
P31,timestamp_manual,Agem Kiri,1,Berdiri,P4,kanan (A2),0.0,674.0,False,False,18.325,23.891
P31,timestamp_manual,Agem Kiri,1,Berdiri,O2,kanan (A2),0.0,655.5,False,False,19.495,20.195
P31,timestamp_manual,Agem Kiri,1,Berdiri,F8,kanan (A2),0.0,660.2,False,False,15.864,15.298
P31,timestamp_manual,Agem Kiri,1,Berdiri,T4,kanan (A2),0.0,679.6,False,False,16.789,21.793
P31,timestamp_manual,Agem Kiri,1,Berdiri,T6,kanan (A2),0.0,746.7,False,False,19.692,19.222
P31,timestamp_manual,Agem Kiri,2,Gerak,Fp1,kiri (A1),0.0,222.2,False,False,11.147,0.917
P31,timestamp_manual,Agem Kiri,2,Gerak,F3,kiri (A1),0.122,254.4,False,False,13.687,-3.243
P31,timestamp_manual,Agem Kiri,2,Gerak,C3,kiri (A1),0.0,313.3,False,False,15.662,0.118
P31,timestamp_manual,Agem Kiri,2,Gerak,P3,kiri (A1),0.122,243.4,False,False,13.094,-5.472
P31,timestamp_manual,Agem Kiri,2,Gerak,O1,kiri (A1),0.0,143.5,False,True,4.156,-0.57
P31,timestamp_manual,Agem Kiri,2,Gerak,F7,kiri (A1),0.0,217.2,False,False,11.4,4.749
P31,timestamp_manual,Agem Kiri,2,Gerak,T3,kiri (A1),0.0,248.2,False,False,12.786,1.239
P31,timestamp_manual,Agem Kiri,2,Gerak,T5,kiri (A1),0.0,365.0,False,False,13.782,4.659
P31,timestamp_manual,Agem Kiri,2,Gerak,Fp2,kanan (A2),0.0,632.3,False,False,19.732,19.491
P31,timestamp_manual,Agem Kiri,2,Gerak,F4,kanan (A2),0.0,636.8,False,False,21.677,13.351
P31,timestamp_manual,Agem Kiri,2,Gerak,C4,kanan (A2),0.0,716.5,False,False,19.615,12.455
P31,timestamp_manual,Agem Kiri,2,Gerak,P4,kanan (A2),0.0,760.3,False,False,17.151,20.029
P31,timestamp_manual,Agem Kiri,2,Gerak,O2,kanan (A2),0.0,595.0,False,False,19.456,15.197
P31,timestamp_manual,Agem Kiri,2,Gerak,F8,kanan (A2),0.0,761.3,False,False,16.917,13.807
P31,timestamp_manual,Agem Kiri,2,Gerak,T4,kanan (A2),0.0,730.1,False,False,21.639,21.952
P31,timestamp_manual,Agem Kiri,2,Gerak,T6,kanan (A2),0.0,725.1,False,False,20.027,19.894
P31,timestamp_manual,Agem Kiri,2,Tahan,Fp1,kiri (A1),0.0,163.9,False,False,4.442,0.117
P31,timestamp_manual,Agem Kiri,2,Tahan,F3,kiri (A1),0.097,160.5,False,False,5.604,0.817
P31,timestamp_manual,Agem Kiri,2,Tahan,C3,kiri (A1),0.026,191.4,False,False,9.112,0.426
P31,timestamp_manual,Agem Kiri,2,Tahan,P3,kiri (A1),0.097,156.7,False,False,5.791,1.617
P31,timestamp_manual,Agem Kiri,2,Tahan,O1,kiri (A1),0.0,247.8,False,False,9.922,0.197
P31,timestamp_manual,Agem Kiri,2,Tahan,F7,kiri (A1),0.0,182.9,False,False,8.186,2.805
P31,timestamp_manual,Agem Kiri,2,Tahan,T3,kiri (A1),0.0,182.5,False,False,8.193,0.959
P31,timestamp_manual,Agem Kiri,2,Tahan,T5,kiri (A1),0.0,226.2,False,False,10.351,1.257
P31,timestamp_manual,Agem Kiri,2,Tahan,Fp2,kanan (A2),0.0,466.1,False,False,9.364,10.642
P31,timestamp_manual,Agem Kiri,2,Tahan,F4,kanan (A2),0.035,513.9,False,False,11.238,4.468
P31,timestamp_manual,Agem Kiri,2,Tahan,C4,kanan (A2),0.0,561.5,False,False,9.552,4.606
P31,timestamp_manual,Agem Kiri,2,Tahan,P4,kanan (A2),0.0,403.6,False,False,8.568,7.307
P31,timestamp_manual,Agem Kiri,2,Tahan,O2,kanan (A2),0.0,263.8,False,False,9.832,5.66
P31,timestamp_manual,Agem Kiri,2,Tahan,F8,kanan (A2),0.0,477.3,False,False,10.246,7.795
P31,timestamp_manual,Agem Kiri,2,Tahan,T4,kanan (A2),0.0,550.4,False,False,10.902,14.472
P31,timestamp_manual,Agem Kiri,2,Tahan,T6,kanan (A2),0.0,630.4,False,False,14.812,12.593
P31,timestamp_manual,Agem Kiri,2,Naik,Fp1,kiri (A1),0.0,415.4,False,False,10.604,2.908
P31,timestamp_manual,Agem Kiri,2,Naik,F3,kiri (A1),0.441,379.2,False,False,3.315,-2.32
P31,timestamp_manual,Agem Kiri,2,Naik,C3,kiri (A1),0.118,523.0,False,False,10.64,2.016
P31,timestamp_manual,Agem Kiri,2,Naik,P3,kiri (A1),0.441,231.3,False,False,-3.1,-5.252
P31,timestamp_manual,Agem Kiri,2,Naik,O1,kiri (A1),0.0,463.8,False,False,12.253,5.553
P31,timestamp_manual,Agem Kiri,2,Naik,F7,kiri (A1),0.0,550.2,False,False,15.072,6.754
P31,timestamp_manual,Agem Kiri,2,Naik,T3,kiri (A1),0.0,508.5,False,False,6.008,0.541
P31,timestamp_manual,Agem Kiri,2,Naik,T5,kiri (A1),0.0,578.6,False,False,13.42,10.008
P31,timestamp_manual,Agem Kiri,2,Naik,Fp2,kanan (A2),0.0,646.3,False,False,20.056,18.856
P31,timestamp_manual,Agem Kiri,2,Naik,F4,kanan (A2),0.0,632.2,False,False,18.422,12.628
P31,timestamp_manual,Agem Kiri,2,Naik,C4,kanan (A2),0.0,652.8,False,False,16.361,9.734
P31,timestamp_manual,Agem Kiri,2,Naik,P4,kanan (A2),0.0,665.7,False,False,17.589,16.744
P31,timestamp_manual,Agem Kiri,2,Naik,O2,kanan (A2),0.0,641.9,False,False,20.83,12.58
P31,timestamp_manual,Agem Kiri,2,Naik,F8,kanan (A2),0.0,743.9,False,False,17.878,15.685
P31,timestamp_manual,Agem Kiri,2,Naik,T4,kanan (A2),0.0,657.3,False,False,17.947,20.466
P31,timestamp_manual,Agem Kiri,2,Naik,T6,kanan (A2),0.0,698.8,False,False,18.092,18.34
P31,timestamp_manual,Agem Kiri,2,Berdiri,Fp1,kiri (A1),0.0,415.4,False,False,8.2,0.562
P31,timestamp_manual,Agem Kiri,2,Berdiri,F3,kiri (A1),0.0,379.2,False,False,4.718,0.78
P31,timestamp_manual,Agem Kiri,2,Berdiri,C3,kiri (A1),0.0,523.0,False,False,11.121,0.994
P31,timestamp_manual,Agem Kiri,2,Berdiri,P3,kiri (A1),0.0,231.3,False,False,1.828,0.334
P31,timestamp_manual,Agem Kiri,2,Berdiri,O1,kiri (A1),0.0,477.6,False,False,8.915,-0.628
P31,timestamp_manual,Agem Kiri,2,Berdiri,F7,kiri (A1),0.0,550.2,False,False,13.914,2.518
P31,timestamp_manual,Agem Kiri,2,Berdiri,T3,kiri (A1),0.0,508.5,False,False,9.146,0.905
P31,timestamp_manual,Agem Kiri,2,Berdiri,T5,kiri (A1),0.0,558.9,False,False,12.006,3.003
P31,timestamp_manual,Agem Kiri,2,Berdiri,Fp2,kanan (A2),0.0,646.3,False,False,12.658,13.798
P31,timestamp_manual,Agem Kiri,2,Berdiri,F4,kanan (A2),0.0,632.2,False,False,9.809,7.573
P31,timestamp_manual,Agem Kiri,2,Berdiri,C4,kanan (A2),0.0,652.8,False,False,12.028,7.029
P31,timestamp_manual,Agem Kiri,2,Berdiri,P4,kanan (A2),0.0,684.1,False,False,12.75,15.592
P31,timestamp_manual,Agem Kiri,2,Berdiri,O2,kanan (A2),0.0,623.4,False,False,13.197,10.599
P31,timestamp_manual,Agem Kiri,2,Berdiri,F8,kanan (A2),0.0,743.9,False,False,11.382,7.062
P31,timestamp_manual,Agem Kiri,2,Berdiri,T4,kanan (A2),0.0,657.3,False,False,12.609,16.587
P31,timestamp_manual,Agem Kiri,2,Berdiri,T6,kanan (A2),0.0,723.9,False,False,14.965,13.32
P31,timestamp_manual,Ngeed,3,Gerak,Fp1,kiri (A1),0.0,105.2,False,True,5.942,-3.519
P31,timestamp_manual,Ngeed,3,Gerak,F3,kiri (A1),0.932,14.8,False,False,-49.956,-59.32
P31,timestamp_manual,Ngeed,3,Gerak,C3,kiri (A1),0.0,187.6,False,False,12.624,2.092
P31,timestamp_manual,Ngeed,3,Gerak,P3,kiri (A1),1.0,0.0,False,False,-122.337,-153.763
P31,timestamp_manual,Ngeed,3,Gerak,O1,kiri (A1),0.0,109.9,False,True,2.083,-3.21
P31,timestamp_manual,Ngeed,3,Gerak,F7,kiri (A1),0.0,94.7,False,True,7.644,-2.181
P31,timestamp_manual,Ngeed,3,Gerak,T3,kiri (A1),0.0,70.1,False,True,-0.058,-4.783
P31,timestamp_manual,Ngeed,3,Gerak,T5,kiri (A1),0.0,115.8,False,True,1.018,-2.348
P31,timestamp_manual,Ngeed,3,Gerak,Fp2,kanan (A2),0.0,475.1,False,False,4.727,3.768
P31,timestamp_manual,Ngeed,3,Gerak,F4,kanan (A2),0.0,379.4,False,False,7.07,3.79
P31,timestamp_manual,Ngeed,3,Gerak,C4,kanan (A2),0.0,484.1,False,False,5.152,4.35
P31,timestamp_manual,Ngeed,3,Gerak,P4,kanan (A2),0.0,434.7,False,False,7.465,5.641
P31,timestamp_manual,Ngeed,3,Gerak,O2,kanan (A2),0.0,325.3,False,False,5.543,1.451
P31,timestamp_manual,Ngeed,3,Gerak,F8,kanan (A2),0.196,514.2,False,False,0.314,0.598
P31,timestamp_manual,Ngeed,3,Gerak,T4,kanan (A2),0.0,541.9,False,False,9.167,8.649
P31,timestamp_manual,Ngeed,3,Gerak,T6,kanan (A2),0.0,477.8,False,False,8.373,7.89
P31,timestamp_manual,Ngeed,3,Tahan,Fp1,kiri (A1),0.0,99.9,False,True,4.684,-1.55
P31,timestamp_manual,Ngeed,3,Tahan,F3,kiri (A1),0.152,81.0,False,False,-1.747,-5.917
P31,timestamp_manual,Ngeed,3,Tahan,C3,kiri (A1),0.0,163.6,False,False,6.735,-1.036
P31,timestamp_manual,Ngeed,3,Tahan,P3,kiri (A1),0.62,101.0,False,False,-17.706,-20.394
P31,timestamp_manual,Ngeed,3,Tahan,O1,kiri (A1),0.0,123.5,False,True,1.984,-1.5
P31,timestamp_manual,Ngeed,3,Tahan,F7,kiri (A1),0.0,72.4,False,True,5.678,-0.616
P31,timestamp_manual,Ngeed,3,Tahan,T3,kiri (A1),0.0,186.9,False,False,10.824,1.763
P31,timestamp_manual,Ngeed,3,Tahan,T5,kiri (A1),0.0,127.1,False,True,3.252,0.76
P31,timestamp_manual,Ngeed,3,Tahan,Fp2,kanan (A2),0.0,511.0,False,False,10.841,6.112
P31,timestamp_manual,Ngeed,3,Tahan,F4,kanan (A2),0.0,456.4,False,False,12.196,4.372
P31,timestamp_manual,Ngeed,3,Tahan,C4,kanan (A2),0.0,550.4,False,False,11.317,6.198
P31,timestamp_manual,Ngeed,3,Tahan,P4,kanan (A2),0.0,548.1,False,False,10.458,6.429
P31,timestamp_manual,Ngeed,3,Tahan,O2,kanan (A2),0.0,444.3,False,False,10.106,5.492
P31,timestamp_manual,Ngeed,3,Tahan,F8,kanan (A2),0.0,657.8,False,False,9.772,5.629
P31,timestamp_manual,Ngeed,3,Tahan,T4,kanan (A2),0.0,642.9,False,False,15.01,14.454
P31,timestamp_manual,Ngeed,3,Tahan,T6,kanan (A2),0.0,612.7,False,False,14.308,7.211
P31,timestamp_manual,Ngeed,3,Naik,Fp1,kiri (A1),0.0,125.3,False,True,1.0,-1.325
P31,timestamp_manual,Ngeed,3,Naik,F3,kiri (A1),0.0,200.0,False,False,12.261,3.101
P31,timestamp_manual,Ngeed,3,Naik,C3,kiri (A1),0.0,358.9,False,False,17.33,3.508
P31,timestamp_manual,Ngeed,3,Naik,P3,kiri (A1),0.0,186.9,False,False,11.919,4.351
P31,timestamp_manual,Ngeed,3,Naik,O1,kiri (A1),0.0,214.8,False,False,9.884,-2.723
P31,timestamp_manual,Ngeed,3,Naik,F7,kiri (A1),0.0,113.7,False,True,4.143,0.995
P31,timestamp_manual,Ngeed,3,Naik,T3,kiri (A1),0.0,221.1,False,False,11.628,4.265
P31,timestamp_manual,Ngeed,3,Naik,T5,kiri (A1),0.0,197.3,False,False,10.017,2.245
P31,timestamp_manual,Ngeed,3,Naik,Fp2,kanan (A2),0.0,439.2,False,False,14.604,15.012
P31,timestamp_manual,Ngeed,3,Naik,F4,kanan (A2),0.0,456.3,False,False,16.731,8.254
P31,timestamp_manual,Ngeed,3,Naik,C4,kanan (A2),0.0,541.9,False,False,14.817,9.498
P31,timestamp_manual,Ngeed,3,Naik,P4,kanan (A2),0.0,642.8,False,False,17.935,15.885
P31,timestamp_manual,Ngeed,3,Naik,O2,kanan (A2),0.0,418.9,False,False,12.436,14.182
P31,timestamp_manual,Ngeed,3,Naik,F8,kanan (A2),0.0,657.8,False,False,15.52,8.786
P31,timestamp_manual,Ngeed,3,Naik,T4,kanan (A2),0.0,637.0,False,False,19.324,19.26
P31,timestamp_manual,Ngeed,3,Naik,T6,kanan (A2),0.0,612.7,False,False,18.412,14.027
P31,timestamp_manual,Ngeed,3,Berdiri,Fp1,kiri (A1),0.0,130.3,False,True,5.91,-2.303
P31,timestamp_manual,Ngeed,3,Berdiri,F3,kiri (A1),0.027,147.7,False,True,5.594,0.739
P31,timestamp_manual,Ngeed,3,Berdiri,C3,kiri (A1),0.0,309.6,False,False,12.854,3.318
P31,timestamp_manual,Ngeed,3,Berdiri,P3,kiri (A1),0.168,159.9,False,False,4.398,-1.405
P31,timestamp_manual,Ngeed,3,Berdiri,O1,kiri (A1),0.0,180.6,False,False,3.442,-4.455
P31,timestamp_manual,Ngeed,3,Berdiri,F7,kiri (A1),0.0,115.3,False,True,7.485,-0.243
P31,timestamp_manual,Ngeed,3,Berdiri,T3,kiri (A1),0.0,171.9,False,False,7.207,0.254
P31,timestamp_manual,Ngeed,3,Berdiri,T5,kiri (A1),0.0,188.2,False,False,5.054,-0.345
P31,timestamp_manual,Ngeed,3,Berdiri,Fp2,kanan (A2),0.0,537.5,False,False,12.52,9.944
P31,timestamp_manual,Ngeed,3,Berdiri,F4,kanan (A2),0.0,551.5,False,False,13.417,6.588
P31,timestamp_manual,Ngeed,3,Berdiri,C4,kanan (A2),0.0,605.4,False,False,12.58,6.341
P31,timestamp_manual,Ngeed,3,Berdiri,P4,kanan (A2),0.0,614.8,False,False,14.04,12.258
P31,timestamp_manual,Ngeed,3,Berdiri,O2,kanan (A2),0.0,431.2,False,False,9.606,5.549
P31,timestamp_manual,Ngeed,3,Berdiri,F8,kanan (A2),0.0,568.4,False,False,10.702,6.038
P31,timestamp_manual,Ngeed,3,Berdiri,T4,kanan (A2),0.0,736.8,False,False,16.142,16.096
P31,timestamp_manual,Ngeed,3,Berdiri,T6,kanan (A2),0.0,623.3,False,False,13.431,11.799
P31,timestamp_manual,Ngeed,4,Gerak,Fp1,kiri (A1),0.0,113.2,False,True,7.945,-4.364
P31,timestamp_manual,Ngeed,4,Gerak,F3,kiri (A1),0.915,4.6,False,False,-34.344,-27.075
P31,timestamp_manual,Ngeed,4,Gerak,C3,kiri (A1),0.0,146.6,False,True,8.155,3.892
P31,timestamp_manual,Ngeed,4,Gerak,P3,kiri (A1),1.0,0.0,False,False,-93.415,-131.766
P31,timestamp_manual,Ngeed,4,Gerak,O1,kiri (A1),0.0,117.5,False,True,2.826,-5.324
P31,timestamp_manual,Ngeed,4,Gerak,F7,kiri (A1),0.0,83.2,False,True,8.526,-2.426
P31,timestamp_manual,Ngeed,4,Gerak,T3,kiri (A1),0.161,52.5,False,False,-11.288,-8.969
P31,timestamp_manual,Ngeed,4,Gerak,T5,kiri (A1),0.0,62.3,False,True,-2.216,-2.937
P31,timestamp_manual,Ngeed,4,Gerak,Fp2,kanan (A2),0.0,513.1,False,False,13.799,9.105
P31,timestamp_manual,Ngeed,4,Gerak,F4,kanan (A2),0.0,518.6,False,False,12.13,3.969
P31,timestamp_manual,Ngeed,4,Gerak,C4,kanan (A2),0.0,567.2,False,False,10.818,2.392
P31,timestamp_manual,Ngeed,4,Gerak,P4,kanan (A2),0.0,521.5,False,False,12.52,8.708
P31,timestamp_manual,Ngeed,4,Gerak,O2,kanan (A2),0.0,516.0,False,False,9.561,2.164
P31,timestamp_manual,Ngeed,4,Gerak,F8,kanan (A2),0.0,518.5,False,False,7.28,-0.294
P31,timestamp_manual,Ngeed,4,Gerak,T4,kanan (A2),0.0,586.0,False,False,16.528,13.947
P31,timestamp_manual,Ngeed,4,Gerak,T6,kanan (A2),0.0,540.3,False,False,10.433,12.298
P31,timestamp_manual,Ngeed,4,Tahan,Fp1,kiri (A1),0.0,117.9,False,True,7.321,-1.724
P31,timestamp_manual,Ngeed,4,Tahan,F3,kiri (A1),0.707,63.9,False,False,-4.403,-8.838
P31,timestamp_manual,Ngeed,4,Tahan,C3,kiri (A1),0.0,142.0,False,True,7.268,0.537
P31,timestamp_manual,Ngeed,4,Tahan,P3,kiri (A1),0.951,7.2,False,False,-29.761,-27.973
P31,timestamp_manual,Ngeed,4,Tahan,O1,kiri (A1),0.0,125.5,False,True,3.22,-5.287
P31,timestamp_manual,Ngeed,4,Tahan,F7,kiri (A1),0.0,111.8,False,True,8.405,1.116
P31,timestamp_manual,Ngeed,4,Tahan,T3,kiri (A1),0.198,130.5,False,False,-0.27,-0.547
P31,timestamp_manual,Ngeed,4,Tahan,T5,kiri (A1),0.149,78.0,False,False,-2.014,-4.051
P31,timestamp_manual,Ngeed,4,Tahan,Fp2,kanan (A2),0.0,516.1,False,False,15.345,14.252
P31,timestamp_manual,Ngeed,4,Tahan,F4,kanan (A2),0.0,521.8,False,False,16.3,9.99
P31,timestamp_manual,Ngeed,4,Tahan,C4,kanan (A2),0.0,530.9,False,False,12.985,10.069
P31,timestamp_manual,Ngeed,4,Tahan,P4,kanan (A2),0.0,511.0,False,False,14.937,14.977
P31,timestamp_manual,Ngeed,4,Tahan,O2,kanan (A2),0.0,516.0,False,False,16.261,11.222
P31,timestamp_manual,Ngeed,4,Tahan,F8,kanan (A2),0.0,551.8,False,False,13.3,10.791
P31,timestamp_manual,Ngeed,4,Tahan,T4,kanan (A2),0.0,751.2,False,False,19.435,17.764
P31,timestamp_manual,Ngeed,4,Tahan,T6,kanan (A2),0.0,724.3,False,False,19.33,16.372
P31,timestamp_manual,Ngeed,4,Naik,Fp1,kiri (A1),0.0,104.9,False,True,5.824,-2.111
P31,timestamp_manual,Ngeed,4,Naik,F3,kiri (A1),0.911,14.8,False,False,-22.698,-26.16
P31,timestamp_manual,Ngeed,4,Naik,C3,kiri (A1),0.0,121.1,False,True,3.316,-1.837
P31,timestamp_manual,Ngeed,4,Naik,P3,kiri (A1),1.0,0.0,False,False,-87.266,-107.728
P31,timestamp_manual,Ngeed,4,Naik,O1,kiri (A1),0.604,36.5,False,False,-16.015,-23.966
P31,timestamp_manual,Ngeed,4,Naik,F7,kiri (A1),0.0,132.8,False,True,6.335,2.17
P31,timestamp_manual,Ngeed,4,Naik,T3,kiri (A1),0.556,69.7,False,False,-5.28,-8.756
P31,timestamp_manual,Ngeed,4,Naik,T5,kiri (A1),0.911,8.2,False,False,-33.973,-24.689
P31,timestamp_manual,Ngeed,4,Naik,Fp2,kanan (A2),0.0,227.6,False,False,10.592,10.698
P31,timestamp_manual,Ngeed,4,Naik,F4,kanan (A2),0.0,150.0,False,True,7.929,2.385
P31,timestamp_manual,Ngeed,4,Naik,C4,kanan (A2),0.0,239.0,False,False,6.884,5.368
P31,timestamp_manual,Ngeed,4,Naik,P4,kanan (A2),0.0,414.1,False,False,10.906,13.28
P31,timestamp_manual,Ngeed,4,Naik,O2,kanan (A2),0.0,186.9,False,False,6.781,7.28
P31,timestamp_manual,Ngeed,4,Naik,F8,kanan (A2),0.0,299.2,False,False,4.225,2.276
P31,timestamp_manual,Ngeed,4,Naik,T4,kanan (A2),0.0,605.0,False,False,16.782,16.169
P31,timestamp_manual,Ngeed,4,Naik,T6,kanan (A2),0.0,446.1,False,False,16.501,13.075
P31,timestamp_manual,Ngeed,4,Berdiri,Fp1,kiri (A1),0.795,98.3,False,False,-3.261,-13.005
P31,timestamp_manual,Ngeed,4,Berdiri,F3,kiri (A1),0.706,62.1,False,False,-5.872,-7.096
P31,timestamp_manual,Ngeed,4,Berdiri,C3,kiri (A1),0.0,196.0,False,False,7.102,0.017
P31,timestamp_manual,Ngeed,4,Berdiri,P3,kiri (A1),0.699,70.1,False,False,-4.367,-6.083
P31,timestamp_manual,Ngeed,4,Berdiri,O1,kiri (A1),0.958,14.8,False,False,-34.969,-53.135
P31,timestamp_manual,Ngeed,4,Berdiri,F7,kiri (A1),0.701,130.1,False,False,1.197,-7.139
P31,timestamp_manual,Ngeed,4,Berdiri,T3,kiri (A1),0.659,69.3,False,False,-4.799,-8.149
P31,timestamp_manual,Ngeed,4,Berdiri,T5,kiri (A1),0.864,41.2,False,False,-18.102,-17.283
P31,timestamp_manual,Ngeed,4,Berdiri,Fp2,kanan (A2),0.631,512.6,False,False,9.546,9.852
P31,timestamp_manual,Ngeed,4,Berdiri,F4,kanan (A2),0.706,526.9,False,False,10.683,2.032
P31,timestamp_manual,Ngeed,4,Berdiri,C4,kanan (A2),0.0,644.0,False,False,9.629,1.585
P31,timestamp_manual,Ngeed,4,Berdiri,P4,kanan (A2),0.466,639.0,False,False,11.952,12.783
P31,timestamp_manual,Ngeed,4,Berdiri,O2,kanan (A2),0.678,458.5,False,False,8.138,6.214
P31,timestamp_manual,Ngeed,4,Berdiri,F8,kanan (A2),0.353,658.5,False,False,6.519,3.984
P31,timestamp_manual,Ngeed,4,Berdiri,T4,kanan (A2),0.0,624.6,False,False,14.882,14.694
P31,timestamp_manual,Ngeed,4,Berdiri,T6,kanan (A2),0.0,613.1,False,False,15.964,11.672
P31,timestamp_manual,Agem Kanan,3,Gerak,Fp1,kiri (A1),0.08,145.6,False,True,1.85,-5.599
P31,timestamp_manual,Agem Kanan,3,Gerak,F3,kiri (A1),0.0,291.6,False,False,8.18,3.327
P31,timestamp_manual,Agem Kanan,3,Gerak,C3,kiri (A1),0.0,250.3,False,False,12.549,2.432
P31,timestamp_manual,Agem Kanan,3,Gerak,P3,kiri (A1),0.0,354.7,False,False,9.122,3.764
P31,timestamp_manual,Agem Kanan,3,Gerak,O1,kiri (A1),0.0,97.1,False,True,-0.067,-6.403
P31,timestamp_manual,Agem Kanan,3,Gerak,F7,kiri (A1),0.152,208.3,False,False,4.265,-3.249
P31,timestamp_manual,Agem Kanan,3,Gerak,T3,kiri (A1),0.0,388.1,False,False,9.801,1.072
P31,timestamp_manual,Agem Kanan,3,Gerak,T5,kiri (A1),0.0,200.6,False,False,-0.164,-1.763
P31,timestamp_manual,Agem Kanan,3,Gerak,Fp2,kanan (A2),0.152,496.4,False,False,7.866,12.174
P31,timestamp_manual,Agem Kanan,3,Gerak,F4,kanan (A2),0.0,468.2,False,False,12.601,11.788
P31,timestamp_manual,Agem Kanan,3,Gerak,C4,kanan (A2),0.0,449.5,False,False,11.799,10.229
P31,timestamp_manual,Agem Kanan,3,Gerak,P4,kanan (A2),0.225,425.0,False,False,10.599,11.785
P31,timestamp_manual,Agem Kanan,3,Gerak,O2,kanan (A2),0.08,267.0,False,False,2.69,3.802
P31,timestamp_manual,Agem Kanan,3,Gerak,F8,kanan (A2),0.0,621.7,False,False,7.201,8.499
P31,timestamp_manual,Agem Kanan,3,Gerak,T4,kanan (A2),0.0,494.0,False,False,11.202,17.335
P31,timestamp_manual,Agem Kanan,3,Gerak,T6,kanan (A2),0.0,493.3,False,False,14.212,10.236
P31,timestamp_manual,Agem Kanan,3,Tahan,Fp1,kiri (A1),0.0,173.6,False,False,9.106,-0.472
P31,timestamp_manual,Agem Kanan,3,Tahan,F3,kiri (A1),0.415,291.6,False,False,14.521,2.046
P31,timestamp_manual,Agem Kanan,3,Tahan,C3,kiri (A1),0.0,186.0,False,False,7.894,1.708
P31,timestamp_manual,Agem Kanan,3,Tahan,P3,kiri (A1),0.594,447.8,False,False,18.965,3.508
P31,timestamp_manual,Agem Kanan,3,Tahan,O1,kiri (A1),0.176,180.3,False,False,2.564,0.937
P31,timestamp_manual,Agem Kanan,3,Tahan,F7,kiri (A1),0.0,318.6,False,False,13.492,6.137
P31,timestamp_manual,Agem Kanan,3,Tahan,T3,kiri (A1),0.06,661.9,False,False,21.328,10.839
P31,timestamp_manual,Agem Kanan,3,Tahan,T5,kiri (A1),0.355,233.8,False,False,1.413,6.821
P31,timestamp_manual,Agem Kanan,3,Tahan,Fp2,kanan (A2),0.0,496.4,False,False,15.366,12.762
P31,timestamp_manual,Agem Kanan,3,Tahan,F4,kanan (A2),0.475,467.4,False,False,11.442,7.282
P31,timestamp_manual,Agem Kanan,3,Tahan,C4,kanan (A2),0.06,336.6,False,False,4.204,6.481
P31,timestamp_manual,Agem Kanan,3,Tahan,P4,kanan (A2),0.0,227.3,False,False,9.93,6.851
P31,timestamp_manual,Agem Kanan,3,Tahan,O2,kanan (A2),0.0,293.5,False,False,10.149,5.611
P31,timestamp_manual,Agem Kanan,3,Tahan,F8,kanan (A2),0.0,621.7,False,False,11.389,8.548
P31,timestamp_manual,Agem Kanan,3,Tahan,T4,kanan (A2),0.0,652.0,False,False,15.124,17.711
P31,timestamp_manual,Agem Kanan,3,Tahan,T6,kanan (A2),0.0,520.3,False,False,12.484,11.752
P31,timestamp_manual,Agem Kanan,3,Naik,Fp1,kiri (A1),0.537,105.4,False,False,0.968,-8.862
P31,timestamp_manual,Agem Kanan,3,Naik,F3,kiri (A1),0.647,44.1,False,False,-10.236,-16.266
P31,timestamp_manual,Agem Kanan,3,Naik,C3,kiri (A1),0.0,396.2,False,False,16.49,2.146
P31,timestamp_manual,Agem Kanan,3,Naik,P3,kiri (A1),0.709,42.8,False,False,-11.172,-17.219
P31,timestamp_manual,Agem Kanan,3,Naik,O1,kiri (A1),1.0,2.9,False,False,-40.817,-63.48
P31,timestamp_manual,Agem Kanan,3,Naik,F7,kiri (A1),0.598,101.8,False,False,4.755,-4.083
P31,timestamp_manual,Agem Kanan,3,Naik,T3,kiri (A1),0.279,39.5,False,False,-11.217,-12.852
P31,timestamp_manual,Agem Kanan,3,Naik,T5,kiri (A1),1.0,0.1,False,False,-64.625,-90.584
P31,timestamp_manual,Agem Kanan,3,Naik,Fp2,kanan (A2),0.368,424.1,False,False,11.384,7.422
P31,timestamp_manual,Agem Kanan,3,Naik,F4,kanan (A2),0.525,431.0,False,False,11.588,1.624
P31,timestamp_manual,Agem Kanan,3,Naik,C4,kanan (A2),0.0,528.6,False,False,12.9,4.12
P31,timestamp_manual,Agem Kanan,3,Naik,P4,kanan (A2),0.0,223.7,False,False,1.821,6.349
P31,timestamp_manual,Agem Kanan,3,Naik,O2,kanan (A2),0.169,85.7,False,False,0.29,-2.354
P31,timestamp_manual,Agem Kanan,3,Naik,F8,kanan (A2),0.491,289.2,False,False,-0.569,2.222
P31,timestamp_manual,Agem Kanan,3,Naik,T4,kanan (A2),0.0,558.1,False,False,13.778,13.943
P31,timestamp_manual,Agem Kanan,3,Naik,T6,kanan (A2),0.0,557.4,False,False,12.242,10.406
P31,timestamp_manual,Agem Kanan,3,Berdiri,Fp1,kiri (A1),0.473,96.3,False,False,0.639,-7.929
P31,timestamp_manual,Agem Kanan,3,Berdiri,F3,kiri (A1),0.096,146.3,False,True,6.625,1.997
P31,timestamp_manual,Agem Kanan,3,Berdiri,C3,kiri (A1),0.0,490.4,False,False,14.321,4.597
P31,timestamp_manual,Agem Kanan,3,Berdiri,P3,kiri (A1),0.096,421.9,False,False,12.007,3.189
P31,timestamp_manual,Agem Kanan,3,Berdiri,O1,kiri (A1),0.329,97.5,False,False,-1.438,-8.237
P31,timestamp_manual,Agem Kanan,3,Berdiri,F7,kiri (A1),0.425,81.4,False,False,2.154,-3.575
P31,timestamp_manual,Agem Kanan,3,Berdiri,T3,kiri (A1),0.048,568.0,False,False,16.756,1.017
P31,timestamp_manual,Agem Kanan,3,Berdiri,T5,kiri (A1),0.21,90.9,False,False,-0.571,-3.269
P31,timestamp_manual,Agem Kanan,3,Berdiri,Fp2,kanan (A2),0.311,300.4,False,False,-0.141,3.135
P31,timestamp_manual,Agem Kanan,3,Berdiri,F4,kanan (A2),0.072,358.0,False,False,3.836,3.644
P31,timestamp_manual,Agem Kanan,3,Berdiri,C4,kanan (A2),0.0,585.8,False,False,4.945,8.45
P31,timestamp_manual,Agem Kanan,3,Berdiri,P4,kanan (A2),0.407,571.4,False,False,-2.973,12.685
P31,timestamp_manual,Agem Kanan,3,Berdiri,O2,kanan (A2),0.407,68.2,False,False,-1.398,-5.993
P31,timestamp_manual,Agem Kanan,3,Berdiri,F8,kanan (A2),0.048,530.4,False,False,-1.111,3.423
P31,timestamp_manual,Agem Kanan,3,Berdiri,T4,kanan (A2),0.0,670.3,False,False,9.742,14.806
P31,timestamp_manual,Agem Kanan,3,Berdiri,T6,kanan (A2),0.24,810.0,False,False,10.922,9.9
P31,timestamp_manual,Agem Kanan,4,Gerak,Fp1,kiri (A1),0.363,105.3,False,False,2.685,-3.674
P31,timestamp_manual,Agem Kanan,4,Gerak,F3,kiri (A1),0.748,66.2,False,False,-13.178,-16.23
P31,timestamp_manual,Agem Kanan,4,Gerak,C3,kiri (A1),0.0,548.1,False,False,13.063,7.821
P31,timestamp_manual,Agem Kanan,4,Gerak,P3,kiri (A1),0.637,369.4,False,False,13.811,4.903
P31,timestamp_manual,Agem Kanan,4,Gerak,O1,kiri (A1),0.751,54.4,False,False,-13.955,-10.878
P31,timestamp_manual,Agem Kanan,4,Gerak,F7,kiri (A1),0.0,109.6,False,True,6.686,1.438
P31,timestamp_manual,Agem Kanan,4,Gerak,T3,kiri (A1),0.499,498.3,False,False,3.828,3.78
P31,timestamp_manual,Agem Kanan,4,Gerak,T5,kiri (A1),0.665,363.2,False,False,1.196,-0.13
P31,timestamp_manual,Agem Kanan,4,Gerak,Fp2,kanan (A2),0.0,450.8,False,False,11.396,12.298
P31,timestamp_manual,Agem Kanan,4,Gerak,F4,kanan (A2),0.055,308.6,False,False,9.638,8.283
P31,timestamp_manual,Agem Kanan,4,Gerak,C4,kanan (A2),0.0,577.4,False,False,12.112,7.942
P31,timestamp_manual,Agem Kanan,4,Gerak,P4,kanan (A2),0.0,572.6,False,False,13.936,11.472
P31,timestamp_manual,Agem Kanan,4,Gerak,O2,kanan (A2),0.086,244.6,False,False,5.408,3.77
P31,timestamp_manual,Agem Kanan,4,Gerak,F8,kanan (A2),0.0,460.4,False,False,3.989,8.944
P31,timestamp_manual,Agem Kanan,4,Gerak,T4,kanan (A2),0.0,597.3,False,False,14.285,20.017
P31,timestamp_manual,Agem Kanan,4,Gerak,T6,kanan (A2),0.0,645.8,False,False,18.571,14.771
P31,timestamp_manual,Agem Kanan,4,Tahan,Fp1,kiri (A1),0.715,62.2,False,False,-6.004,-10.701
P31,timestamp_manual,Agem Kanan,4,Tahan,F3,kiri (A1),0.0,244.6,False,False,10.712,4.825
P31,timestamp_manual,Agem Kanan,4,Tahan,C3,kiri (A1),0.086,521.6,False,False,13.541,5.29
P31,timestamp_manual,Agem Kanan,4,Tahan,P3,kiri (A1),0.0,261.4,False,False,10.885,5.153
P31,timestamp_manual,Agem Kanan,4,Tahan,O1,kiri (A1),0.556,59.3,False,False,-8.497,-10.136
P31,timestamp_manual,Agem Kanan,4,Tahan,F7,kiri (A1),0.637,61.6,False,False,-4.457,-9.189
P31,timestamp_manual,Agem Kanan,4,Tahan,T3,kiri (A1),0.0,498.3,False,False,11.07,8.115
P31,timestamp_manual,Agem Kanan,4,Tahan,T5,kiri (A1),0.199,363.2,False,False,-2.006,3.106
P31,timestamp_manual,Agem Kanan,4,Tahan,Fp2,kanan (A2),0.04,557.9,False,False,15.395,17.814
P31,timestamp_manual,Agem Kanan,4,Tahan,F4,kanan (A2),0.0,643.8,False,False,17.162,12.999
P31,timestamp_manual,Agem Kanan,4,Tahan,C4,kanan (A2),0.0,589.7,False,False,13.773,12.443
P31,timestamp_manual,Agem Kanan,4,Tahan,P4,kanan (A2),0.279,536.4,False,False,8.09,11.427
P31,timestamp_manual,Agem Kanan,4,Tahan,O2,kanan (A2),0.398,386.9,False,False,8.121,6.187
P31,timestamp_manual,Agem Kanan,4,Tahan,F8,kanan (A2),0.0,626.4,False,False,11.251,6.959
P31,timestamp_manual,Agem Kanan,4,Tahan,T4,kanan (A2),0.0,626.2,False,False,14.568,17.749
P31,timestamp_manual,Agem Kanan,4,Tahan,T6,kanan (A2),0.0,787.7,False,False,19.4,18.376
P31,timestamp_manual,Agem Kanan,4,Naik,Fp1,kiri (A1),0.0,123.8,False,True,5.845,-2.186
P31,timestamp_manual,Agem Kanan,4,Naik,F3,kiri (A1),0.0,309.6,False,False,11.333,7.172
P31,timestamp_manual,Agem Kanan,4,Naik,C3,kiri (A1),0.29,540.1,False,False,15.585,7.884
P31,timestamp_manual,Agem Kanan,4,Naik,P3,kiri (A1),0.0,314.4,False,False,10.992,6.211
P31,timestamp_manual,Agem Kanan,4,Naik,O1,kiri (A1),0.0,242.1,False,False,5.857,-0.191
P31,timestamp_manual,Agem Kanan,4,Naik,F7,kiri (A1),0.0,219.0,False,False,9.453,5.685
P31,timestamp_manual,Agem Kanan,4,Naik,T3,kiri (A1),0.0,392.0,False,False,11.045,8.076
P31,timestamp_manual,Agem Kanan,4,Naik,T5,kiri (A1),0.0,174.0,False,False,4.995,2.267
P31,timestamp_manual,Agem Kanan,4,Naik,Fp2,kanan (A2),0.0,736.7,False,False,17.228,24.137
P31,timestamp_manual,Agem Kanan,4,Naik,F4,kanan (A2),0.0,703.0,False,False,18.626,20.044
P31,timestamp_manual,Agem Kanan,4,Naik,C4,kanan (A2),0.0,731.6,False,False,13.562,17.099
P31,timestamp_manual,Agem Kanan,4,Naik,P4,kanan (A2),0.0,769.0,False,False,12.477,22.164
P31,timestamp_manual,Agem Kanan,4,Naik,O2,kanan (A2),0.0,687.9,False,False,12.321,18.525
P31,timestamp_manual,Agem Kanan,4,Naik,F8,kanan (A2),0.0,767.9,False,False,14.809,17.129
P31,timestamp_manual,Agem Kanan,4,Naik,T4,kanan (A2),0.0,756.3,False,False,21.395,22.351
P31,timestamp_manual,Agem Kanan,4,Naik,T6,kanan (A2),0.0,779.8,False,False,14.307,21.997
P31,timestamp_manual,Agem Kanan,4,Berdiri,Fp1,kiri (A1),0.63,131.0,False,False,1.784,-5.656
P31,timestamp_manual,Agem Kanan,4,Berdiri,F3,kiri (A1),0.356,309.6,False,False,1.491,-0.905
P31,timestamp_manual,Agem Kanan,4,Berdiri,C3,kiri (A1),0.0,540.1,False,False,10.092,4.107
P31,timestamp_manual,Agem Kanan,4,Berdiri,P3,kiri (A1),0.274,251.8,False,False,1.938,-0.475
P31,timestamp_manual,Agem Kanan,4,Berdiri,O1,kiri (A1),0.658,242.1,False,False,-3.426,-9.824
P31,timestamp_manual,Agem Kanan,4,Berdiri,F7,kiri (A1),0.603,261.8,False,False,5.493,3.661
P31,timestamp_manual,Agem Kanan,4,Berdiri,T3,kiri (A1),0.192,485.8,False,False,9.673,1.862
P31,timestamp_manual,Agem Kanan,4,Berdiri,T5,kiri (A1),0.548,176.2,False,False,1.106,-3.825
P31,timestamp_manual,Agem Kanan,4,Berdiri,Fp2,kanan (A2),0.521,751.1,False,False,18.104,16.772
P31,timestamp_manual,Agem Kanan,4,Berdiri,F4,kanan (A2),0.493,738.7,False,False,18.267,10.993
P31,timestamp_manual,Agem Kanan,4,Berdiri,C4,kanan (A2),0.247,749.6,False,False,15.161,9.876
P31,timestamp_manual,Agem Kanan,4,Berdiri,P4,kanan (A2),0.438,739.8,False,False,14.684,17.706
P31,timestamp_manual,Agem Kanan,4,Berdiri,O2,kanan (A2),0.548,698.9,False,False,15.921,13.295
P31,timestamp_manual,Agem Kanan,4,Berdiri,F8,kanan (A2),0.164,716.6,False,False,12.453,10.959
P31,timestamp_manual,Agem Kanan,4,Berdiri,T4,kanan (A2),0.0,886.9,False,False,17.738,19.807
P31,timestamp_manual,Agem Kanan,4,Berdiri,T6,kanan (A2),0.0,914.0,False,False,18.22,16.762
P31,timestamp_manual,Agem Kiri,3,Gerak,Fp1,kiri (A1),0.22,141.2,False,False,6.453,-5.505
P31,timestamp_manual,Agem Kiri,3,Gerak,F3,kiri (A1),0.049,366.8,False,False,14.993,4.287
P31,timestamp_manual,Agem Kiri,3,Gerak,C3,kiri (A1),0.049,421.2,False,False,13.002,2.794
P31,timestamp_manual,Agem Kiri,3,Gerak,P3,kiri (A1),0.049,250.0,False,False,9.282,3.035
P31,timestamp_manual,Agem Kiri,3,Gerak,O1,kiri (A1),0.0,281.2,False,False,7.443,-4.085
P31,timestamp_manual,Agem Kiri,3,Gerak,F7,kiri (A1),0.22,148.7,False,False,8.107,-2.354
P31,timestamp_manual,Agem Kiri,3,Gerak,T3,kiri (A1),0.0,281.1,False,False,11.986,0.714
P31,timestamp_manual,Agem Kiri,3,Gerak,T5,kiri (A1),0.0,259.3,False,False,8.662,-1.738
P31,timestamp_manual,Agem Kiri,3,Gerak,Fp2,kanan (A2),0.171,635.1,False,False,19.22,17.54
P31,timestamp_manual,Agem Kiri,3,Gerak,F4,kanan (A2),0.024,615.3,False,False,19.192,12.462
P31,timestamp_manual,Agem Kiri,3,Gerak,C4,kanan (A2),0.0,655.5,False,False,17.579,12.113
P31,timestamp_manual,Agem Kiri,3,Gerak,P4,kanan (A2),0.22,567.8,False,False,11.807,14.209
P31,timestamp_manual,Agem Kiri,3,Gerak,O2,kanan (A2),0.122,457.2,False,False,13.204,8.809
P31,timestamp_manual,Agem Kiri,3,Gerak,F8,kanan (A2),0.0,710.5,False,False,14.472,10.216
P31,timestamp_manual,Agem Kiri,3,Gerak,T4,kanan (A2),0.0,711.5,False,False,19.599,20.067
P31,timestamp_manual,Agem Kiri,3,Gerak,T6,kanan (A2),0.0,775.6,False,False,19.675,16.69
P31,timestamp_manual,Agem Kiri,3,Tahan,Fp1,kiri (A1),0.337,103.7,False,False,5.083,-4.197
P31,timestamp_manual,Agem Kiri,3,Tahan,F3,kiri (A1),0.729,44.3,False,False,-10.063,-10.387
P31,timestamp_manual,Agem Kiri,3,Tahan,C3,kiri (A1),0.027,76.5,False,True,-0.07,-3.798
P31,timestamp_manual,Agem Kiri,3,Tahan,P3,kiri (A1),0.489,105.2,False,False,-5.872,-5.629
P31,timestamp_manual,Agem Kiri,3,Tahan,O1,kiri (A1),0.484,117.8,False,False,-0.986,-5.772
P31,timestamp_manual,Agem Kiri,3,Tahan,F7,kiri (A1),0.337,113.7,False,False,4.38,-1.93
P31,timestamp_manual,Agem Kiri,3,Tahan,T3,kiri (A1),0.391,249.7,False,False,4.461,-6.178
P31,timestamp_manual,Agem Kiri,3,Tahan,T5,kiri (A1),0.533,124.7,False,False,3.12,-5.339
P31,timestamp_manual,Agem Kiri,3,Tahan,Fp2,kanan (A2),0.0,635.1,False,False,18.482,18.997
P31,timestamp_manual,Agem Kiri,3,Tahan,F4,kanan (A2),0.049,591.9,False,False,18.94,13.174
P31,timestamp_manual,Agem Kiri,3,Tahan,C4,kanan (A2),0.0,594.2,False,False,16.969,10.026
P31,timestamp_manual,Agem Kiri,3,Tahan,P4,kanan (A2),0.0,548.1,False,False,16.275,13.922
P31,timestamp_manual,Agem Kiri,3,Tahan,O2,kanan (A2),0.049,440.2,False,False,15.216,9.37
P31,timestamp_manual,Agem Kiri,3,Tahan,F8,kanan (A2),0.0,679.4,False,False,14.628,8.382
P31,timestamp_manual,Agem Kiri,3,Tahan,T4,kanan (A2),0.0,679.5,False,False,19.239,17.644
P31,timestamp_manual,Agem Kiri,3,Tahan,T6,kanan (A2),0.0,680.7,False,False,19.617,15.943
P31,timestamp_manual,Agem Kiri,3,Naik,Fp1,kiri (A1),1.0,0.0,False,False,-69.82,-98.744
P31,timestamp_manual,Agem Kiri,3,Naik,F3,kiri (A1),0.26,104.9,False,False,1.566,-1.024
P31,timestamp_manual,Agem Kiri,3,Naik,C3,kiri (A1),0.0,212.3,False,False,8.179,3.437
P31,timestamp_manual,Agem Kiri,3,Naik,P3,kiri (A1),0.0,172.8,False,False,7.982,1.932
P31,timestamp_manual,Agem Kiri,3,Naik,O1,kiri (A1),1.0,0.0,False,False,-88.146,-130.209
P31,timestamp_manual,Agem Kiri,3,Naik,F7,kiri (A1),1.0,0.0,False,False,-65.535,-98.024
P31,timestamp_manual,Agem Kiri,3,Naik,T3,kiri (A1),0.0,151.5,False,False,5.179,-0.321
P31,timestamp_manual,Agem Kiri,3,Naik,T5,kiri (A1),1.0,0.0,False,False,-78.316,-108.211
P31,timestamp_manual,Agem Kiri,3,Naik,Fp2,kanan (A2),0.0,569.7,False,False,14.45,20.877
P31,timestamp_manual,Agem Kiri,3,Naik,F4,kanan (A2),0.0,575.6,False,False,16.85,14.037
P31,timestamp_manual,Agem Kiri,3,Naik,C4,kanan (A2),0.0,682.2,False,False,15.48,12.785
P31,timestamp_manual,Agem Kiri,3,Naik,P4,kanan (A2),0.0,557.3,False,False,12.36,19.52
P31,timestamp_manual,Agem Kiri,3,Naik,O2,kanan (A2),0.0,557.5,False,False,10.625,16.272
P31,timestamp_manual,Agem Kiri,3,Naik,F8,kanan (A2),0.0,562.1,False,False,10.308,11.261
P31,timestamp_manual,Agem Kiri,3,Naik,T4,kanan (A2),0.0,653.6,False,False,15.909,21.472
P31,timestamp_manual,Agem Kiri,3,Naik,T6,kanan (A2),0.0,748.6,False,False,13.696,17.718
P31,timestamp_manual,Agem Kiri,3,Berdiri,Fp1,kiri (A1),0.366,85.3,False,False,1.096,-6.863
P31,timestamp_manual,Agem Kiri,3,Berdiri,F3,kiri (A1),0.166,128.9,False,False,6.105,0.505
P31,timestamp_manual,Agem Kiri,3,Berdiri,C3,kiri (A1),0.026,302.8,False,False,10.77,-0.606
P31,timestamp_manual,Agem Kiri,3,Berdiri,P3,kiri (A1),0.192,172.8,False,False,5.774,0.553
P31,timestamp_manual,Agem Kiri,3,Berdiri,O1,kiri (A1),0.262,81.3,False,False,-2.83,-7.149
P31,timestamp_manual,Agem Kiri,3,Berdiri,F7,kiri (A1),0.366,108.5,False,False,2.758,-4.389
P31,timestamp_manual,Agem Kiri,3,Berdiri,T3,kiri (A1),0.322,221.4,False,False,9.218,-2.53
P31,timestamp_manual,Agem Kiri,3,Berdiri,T5,kiri (A1),0.236,63.3,False,False,-2.332,-4.312
P31,timestamp_manual,Agem Kiri,3,Berdiri,Fp2,kanan (A2),0.052,651.9,False,False,15.193,13.14
P31,timestamp_manual,Agem Kiri,3,Berdiri,F4,kanan (A2),0.0,645.5,False,False,16.357,8.068
P31,timestamp_manual,Agem Kiri,3,Berdiri,C4,kanan (A2),0.0,680.8,False,False,14.142,8.075
P31,timestamp_manual,Agem Kiri,3,Berdiri,P4,kanan (A2),0.0,652.1,False,False,13.905,14.495
P31,timestamp_manual,Agem Kiri,3,Berdiri,O2,kanan (A2),0.052,593.5,False,False,14.158,9.259
P31,timestamp_manual,Agem Kiri,3,Berdiri,F8,kanan (A2),0.0,627.2,False,False,13.549,7.427
P31,timestamp_manual,Agem Kiri,3,Berdiri,T4,kanan (A2),0.0,706.4,False,False,16.038,15.431
P31,timestamp_manual,Agem Kiri,3,Berdiri,T6,kanan (A2),0.0,753.1,False,False,17.705,13.222
P31,timestamp_manual,Agem Kiri,4,Gerak,Fp1,kiri (A1),0.077,109.3,False,True,3.994,-2.455
P31,timestamp_manual,Agem Kiri,4,Gerak,F3,kiri (A1),1.0,0.4,False,False,-52.533,-47.285
P31,timestamp_manual,Agem Kiri,4,Gerak,C3,kiri (A1),0.0,373.4,False,False,14.101,1.814
P31,timestamp_manual,Agem Kiri,4,Gerak,P3,kiri (A1),0.993,0.5,False,False,-62.823,-91.729
P31,timestamp_manual,Agem Kiri,4,Gerak,O1,kiri (A1),0.289,80.7,False,False,-1.2,-4.876
P31,timestamp_manual,Agem Kiri,4,Gerak,F7,kiri (A1),0.077,126.3,False,True,5.297,-0.299
P31,timestamp_manual,Agem Kiri,4,Gerak,T3,kiri (A1),0.5,85.7,False,False,-8.823,-5.895
P31,timestamp_manual,Agem Kiri,4,Gerak,T5,kiri (A1),0.43,53.6,False,False,-4.934,-6.038
P31,timestamp_manual,Agem Kiri,4,Gerak,Fp2,kanan (A2),0.0,468.9,False,False,18.782,19.13
P31,timestamp_manual,Agem Kiri,4,Gerak,F4,kanan (A2),0.0,342.4,False,False,13.949,9.24
P31,timestamp_manual,Agem Kiri,4,Gerak,C4,kanan (A2),0.0,536.9,False,False,15.764,12.178
P31,timestamp_manual,Agem Kiri,4,Gerak,P4,kanan (A2),0.0,543.9,False,False,15.666,18.759
P31,timestamp_manual,Agem Kiri,4,Gerak,O2,kanan (A2),0.0,243.8,False,False,11.432,11.06
P31,timestamp_manual,Agem Kiri,4,Gerak,F8,kanan (A2),0.0,526.0,False,False,11.372,9.875
P31,timestamp_manual,Agem Kiri,4,Gerak,T4,kanan (A2),0.0,650.6,False,False,19.992,20.493
P31,timestamp_manual,Agem Kiri,4,Gerak,T6,kanan (A2),0.0,550.0,False,False,15.282,17.662
P31,timestamp_manual,Agem Kiri,4,Tahan,Fp1,kiri (A1),0.943,4.9,False,False,-35.05,-55.798
P31,timestamp_manual,Agem Kiri,4,Tahan,F3,kiri (A1),0.261,87.7,False,False,-0.902,-1.691
P31,timestamp_manual,Agem Kiri,4,Tahan,C3,kiri (A1),0.0,101.7,False,True,3.55,-1.686
P31,timestamp_manual,Agem Kiri,4,Tahan,P3,kiri (A1),0.098,109.2,False,True,0.033,-0.711
P31,timestamp_manual,Agem Kiri,4,Tahan,O1,kiri (A1),1.0,0.1,False,False,-63.56,-90.869
P31,timestamp_manual,Agem Kiri,4,Tahan,F7,kiri (A1),0.943,7.9,False,False,-30.995,-38.713
P31,timestamp_manual,Agem Kiri,4,Tahan,T3,kiri (A1),0.0,115.5,False,True,2.44,-1.805
P31,timestamp_manual,Agem Kiri,4,Tahan,T5,kiri (A1),1.0,0.0,False,False,-76.266,-97.67
P31,timestamp_manual,Agem Kiri,4,Tahan,Fp2,kanan (A2),0.326,416.7,False,False,10.916,6.729
P31,timestamp_manual,Agem Kiri,4,Tahan,F4,kanan (A2),0.285,467.8,False,False,11.617,0.613
P31,timestamp_manual,Agem Kiri,4,Tahan,C4,kanan (A2),0.0,549.2,False,False,14.619,5.357
P31,timestamp_manual,Agem Kiri,4,Tahan,P4,kanan (A2),0.413,274.7,False,False,6.179,3.415
P31,timestamp_manual,Agem Kiri,4,Tahan,O2,kanan (A2),0.536,125.4,False,False,-0.76,-0.85
P31,timestamp_manual,Agem Kiri,4,Tahan,F8,kanan (A2),0.367,316.6,False,False,1.64,-4.143
P31,timestamp_manual,Agem Kiri,4,Tahan,T4,kanan (A2),0.041,582.1,False,False,14.422,9.312
P31,timestamp_manual,Agem Kiri,4,Tahan,T6,kanan (A2),0.0,549.6,False,False,13.338,12.524
P31,timestamp_manual,Agem Kiri,4,Naik,Fp1,kiri (A1),1.0,0.1,False,False,-65.054,-93.298
P31,timestamp_manual,Agem Kiri,4,Naik,F3,kiri (A1),0.0,189.0,False,False,5.14,2.37
P31,timestamp_manual,Agem Kiri,4,Naik,C3,kiri (A1),0.08,205.1,False,False,-3.447,-3.891
P31,timestamp_manual,Agem Kiri,4,Naik,P3,kiri (A1),0.0,232.6,False,False,6.598,2.732
P31,timestamp_manual,Agem Kiri,4,Naik,O1,kiri (A1),0.748,33.9,False,False,-15.119,-32.394
P31,timestamp_manual,Agem Kiri,4,Naik,F7,kiri (A1),0.92,2.2,False,False,-46.035,-38.404
P31,timestamp_manual,Agem Kiri,4,Naik,T3,kiri (A1),0.0,331.4,False,False,13.595,2.891
P31,timestamp_manual,Agem Kiri,4,Naik,T5,kiri (A1),0.748,57.4,False,False,-11.708,-21.546
P31,timestamp_manual,Agem Kiri,4,Naik,Fp2,kanan (A2),0.4,716.5,False,False,2.214,10.389
P31,timestamp_manual,Agem Kiri,4,Naik,F4,kanan (A2),0.0,700.8,False,False,7.606,5.753
P31,timestamp_manual,Agem Kiri,4,Naik,C4,kanan (A2),0.0,676.4,False,False,6.728,5.456
P31,timestamp_manual,Agem Kiri,4,Naik,P4,kanan (A2),0.56,640.8,False,False,-6.371,9.506
P31,timestamp_manual,Agem Kiri,4,Naik,O2,kanan (A2),0.56,666.2,False,False,-2.622,10.754
P31,timestamp_manual,Agem Kiri,4,Naik,F8,kanan (A2),0.0,664.2,False,False,-1.358,4.605
P31,timestamp_manual,Agem Kiri,4,Naik,T4,kanan (A2),0.0,651.3,False,False,5.42,11.168
P31,timestamp_manual,Agem Kiri,4,Naik,T6,kanan (A2),0.0,696.0,False,False,7.927,12.213
P31,timestamp_manual,Agem Kiri,4,Berdiri,Fp1,kiri (A1),0.149,126.1,False,False,5.828,-4.317
P31,timestamp_manual,Agem Kiri,4,Berdiri,F3,kiri (A1),0.239,295.4,False,False,12.246,2.236
P31,timestamp_manual,Agem Kiri,4,Berdiri,C3,kiri (A1),0.0,391.6,False,False,14.042,3.526
P31,timestamp_manual,Agem Kiri,4,Berdiri,P3,kiri (A1),0.404,476.7,False,False,11.923,3.499
P31,timestamp_manual,Agem Kiri,4,Berdiri,O1,kiri (A1),0.0,219.5,False,False,5.304,-4.237
P31,timestamp_manual,Agem Kiri,4,Berdiri,F7,kiri (A1),0.102,229.4,False,False,7.577,1.737
P31,timestamp_manual,Agem Kiri,4,Berdiri,T3,kiri (A1),0.168,603.9,False,False,18.028,4.603
P31,timestamp_manual,Agem Kiri,4,Berdiri,T5,kiri (A1),0.0,299.0,False,False,7.455,1.136
P31,timestamp_manual,Agem Kiri,4,Berdiri,Fp2,kanan (A2),0.0,755.7,False,False,15.117,17.705
P31,timestamp_manual,Agem Kiri,4,Berdiri,F4,kanan (A2),0.0,740.2,False,False,18.274,12.474
P31,timestamp_manual,Agem Kiri,4,Berdiri,C4,kanan (A2),0.0,772.2,False,False,15.165,12.167
P31,timestamp_manual,Agem Kiri,4,Berdiri,P4,kanan (A2),0.0,676.1,False,False,14.406,19.512
P31,timestamp_manual,Agem Kiri,4,Berdiri,O2,kanan (A2),0.0,666.2,False,False,12.28,12.421
P31,timestamp_manual,Agem Kiri,4,Berdiri,F8,kanan (A2),0.051,720.0,False,False,13.318,12.86
P31,timestamp_manual,Agem Kiri,4,Berdiri,T4,kanan (A2),0.0,761.8,False,False,17.409,20.501
P31,timestamp_manual,Agem Kiri,4,Berdiri,T6,kanan (A2),0.0,804.7,False,False,18.58,19.329
P31,timestamp_manual,-,0,Tutup Mata,Fp1,kiri (A1),0.194,184.4,False,,0.425,1.613
P31,timestamp_manual,-,0,Tutup Mata,F3,kiri (A1),0.302,135.0,False,,-1.662,1.157
P31,timestamp_manual,-,0,Tutup Mata,C3,kiri (A1),0.111,99.8,False,,-4.049,0.439
P31,timestamp_manual,-,0,Tutup Mata,P3,kiri (A1),0.295,148.6,False,,-1.022,1.345
P31,timestamp_manual,-,0,Tutup Mata,O1,kiri (A1),0.194,285.7,False,,0.859,3.066
P31,timestamp_manual,-,0,Tutup Mata,F7,kiri (A1),0.188,192.2,False,,-0.699,3.275
P31,timestamp_manual,-,0,Tutup Mata,T3,kiri (A1),0.151,172.4,False,,-1.224,1.399
P31,timestamp_manual,-,0,Tutup Mata,T5,kiri (A1),0.201,297.8,False,,-4.099,2.197
P31,timestamp_manual,-,0,Tutup Mata,Fp2,kanan (A2),0.194,241.6,False,,-3.884,4.704
P31,timestamp_manual,-,0,Tutup Mata,F4,kanan (A2),0.207,145.4,False,,-3.104,2.574
P31,timestamp_manual,-,0,Tutup Mata,C4,kanan (A2),0.148,152.0,False,,-6.944,2.036
P31,timestamp_manual,-,0,Tutup Mata,P4,kanan (A2),0.188,163.2,False,,-8.065,0.754
P31,timestamp_manual,-,0,Tutup Mata,O2,kanan (A2),0.194,204.5,False,,-4.75,4.004
P31,timestamp_manual,-,0,Tutup Mata,F8,kanan (A2),0.155,299.4,False,,-7.241,2.917
P31,timestamp_manual,-,0,Tutup Mata,T4,kanan (A2),0.0,74.9,False,,-11.163,-0.633
P31,timestamp_manual,-,0,Tutup Mata,T6,kanan (A2),0.0,67.8,False,,-7.093,0.124
P31,timestamp_manual,-,0,Istirahat,Fp1,kiri (A1),0.144,242.9,False,,0.0,0.0
P31,timestamp_manual,-,0,Istirahat,F3,kiri (A1),0.251,226.4,False,,0.0,0.0
P31,timestamp_manual,-,0,Istirahat,C3,kiri (A1),0.001,170.4,False,,0.0,0.0
P31,timestamp_manual,-,0,Istirahat,P3,kiri (A1),0.284,202.6,False,,0.0,0.0
P31,timestamp_manual,-,0,Istirahat,O1,kiri (A1),0.141,356.4,False,,0.0,0.0
P31,timestamp_manual,-,0,Istirahat,F7,kiri (A1),0.143,140.1,False,,0.0,0.0
P31,timestamp_manual,-,0,Istirahat,T3,kiri (A1),0.019,201.5,False,,0.0,0.0
P31,timestamp_manual,-,0,Istirahat,T5,kiri (A1),0.142,306.5,False,,0.0,0.0
P31,timestamp_manual,-,0,Istirahat,Fp2,kanan (A2),0.146,352.2,False,,0.0,0.0
P31,timestamp_manual,-,0,Istirahat,F4,kanan (A2),0.144,412.2,False,,0.0,0.0
P31,timestamp_manual,-,0,Istirahat,C4,kanan (A2),0.108,486.0,False,,0.0,0.0
P31,timestamp_manual,-,0,Istirahat,P4,kanan (A2),0.146,510.1,False,,0.0,0.0
P31,timestamp_manual,-,0,Istirahat,O2,kanan (A2),0.148,433.7,False,,0.0,0.0
P31,timestamp_manual,-,0,Istirahat,F8,kanan (A2),0.109,564.5,False,,0.0,0.0
P31,timestamp_manual,-,0,Istirahat,T4,kanan (A2),0.0,504.5,False,,0.0,0.0
P31,timestamp_manual,-,0,Istirahat,T6,kanan (A2),0.0,444.7,False,,0.0,0.0
P31,repo_video,Agem Kanan,1,Gerak,Fp1,kiri (A1),0.0,172.5,False,False,5.548,-0.098
P31,repo_video,Agem Kanan,1,Gerak,F3,kiri (A1),0.0,143.3,False,True,4.195,0.486
P31,repo_video,Agem Kanan,1,Gerak,C3,kiri (A1),0.0,267.4,False,False,7.605,4.069
P31,repo_video,Agem Kanan,1,Gerak,P3,kiri (A1),0.0,450.1,False,False,19.456,4.66
P31,repo_video,Agem Kanan,1,Gerak,O1,kiri (A1),0.0,307.9,False,False,10.748,0.952
P31,repo_video,Agem Kanan,1,Gerak,F7,kiri (A1),0.0,302.7,False,False,10.133,12.997
P31,repo_video,Agem Kanan,1,Gerak,T3,kiri (A1),0.0,378.8,False,False,8.04,7.645
P31,repo_video,Agem Kanan,1,Gerak,T5,kiri (A1),0.0,541.4,False,False,12.632,6.339
P31,repo_video,Agem Kanan,1,Gerak,Fp2,kanan (A2),0.0,527.7,False,False,18.998,16.263
P31,repo_video,Agem Kanan,1,Gerak,F4,kanan (A2),0.0,566.3,False,False,20.342,12.495
P31,repo_video,Agem Kanan,1,Gerak,C4,kanan (A2),0.0,706.2,False,False,18.99,9.559
P31,repo_video,Agem Kanan,1,Gerak,P4,kanan (A2),0.0,561.7,False,False,16.367,18.613
P31,repo_video,Agem Kanan,1,Gerak,O2,kanan (A2),0.0,508.4,False,False,18.103,11.648
P31,repo_video,Agem Kanan,1,Gerak,F8,kanan (A2),0.0,671.4,False,False,17.736,10.516
P31,repo_video,Agem Kanan,1,Gerak,T4,kanan (A2),0.0,701.4,False,False,19.822,14.621
P31,repo_video,Agem Kanan,1,Gerak,T6,kanan (A2),0.0,731.5,False,False,22.073,20.41
P31,repo_video,Agem Kanan,1,Tahan,Fp1,kiri (A1),0.0,105.8,False,True,2.909,0.486
P31,repo_video,Agem Kanan,1,Tahan,F3,kiri (A1),0.0,73.2,False,True,6.593,-0.113
P31,repo_video,Agem Kanan,1,Tahan,C3,kiri (A1),0.0,84.9,False,True,7.457,-1.764
P31,repo_video,Agem Kanan,1,Tahan,P3,kiri (A1),0.0,75.6,False,True,4.473,0.396
P31,repo_video,Agem Kanan,1,Tahan,O1,kiri (A1),0.0,172.2,False,False,6.573,-3.238
P31,repo_video,Agem Kanan,1,Tahan,F7,kiri (A1),0.0,110.9,False,True,5.57,2.546
P31,repo_video,Agem Kanan,1,Tahan,T3,kiri (A1),0.0,82.1,False,True,2.582,-0.904
P31,repo_video,Agem Kanan,1,Tahan,T5,kiri (A1),0.0,471.7,False,False,18.303,4.829
P31,repo_video,Agem Kanan,1,Tahan,Fp2,kanan (A2),0.0,216.6,False,False,8.872,9.043
P31,repo_video,Agem Kanan,1,Tahan,F4,kanan (A2),0.0,300.9,False,False,9.305,1.875
P31,repo_video,Agem Kanan,1,Tahan,C4,kanan (A2),0.0,442.9,False,False,11.864,3.261
P31,repo_video,Agem Kanan,1,Tahan,P4,kanan (A2),0.0,401.3,False,False,13.208,10.984
P31,repo_video,Agem Kanan,1,Tahan,O2,kanan (A2),0.0,212.6,False,False,10.203,7.27
P31,repo_video,Agem Kanan,1,Tahan,F8,kanan (A2),0.0,465.0,False,False,12.0,5.823
P31,repo_video,Agem Kanan,1,Tahan,T4,kanan (A2),0.0,494.7,False,False,14.073,15.69
P31,repo_video,Agem Kanan,1,Tahan,T6,kanan (A2),0.0,598.4,False,False,14.628,12.177
P31,repo_video,Agem Kanan,1,Naik,Fp1,kiri (A1),0.0,70.4,False,True,-4.85,-1.902
P31,repo_video,Agem Kanan,1,Naik,F3,kiri (A1),0.0,136.0,False,True,-2.404,-0.126
P31,repo_video,Agem Kanan,1,Naik,C3,kiri (A1),0.0,137.6,False,True,-3.486,-1.436
P31,repo_video,Agem Kanan,1,Naik,P3,kiri (A1),0.0,353.9,False,False,-2.005,-1.635
P31,repo_video,Agem Kanan,1,Naik,O1,kiri (A1),0.0,133.5,False,True,6.504,-3.799
P31,repo_video,Agem Kanan,1,Naik,F7,kiri (A1),0.0,132.3,False,True,-6.339,-0.367
P31,repo_video,Agem Kanan,1,Naik,T3,kiri (A1),0.0,81.5,False,True,-4.889,-3.557
P31,repo_video,Agem Kanan,1,Naik,T5,kiri (A1),0.0,441.8,False,False,10.595,0.743
P31,repo_video,Agem Kanan,1,Naik,Fp2,kanan (A2),0.0,583.3,False,False,3.205,8.519
P31,repo_video,Agem Kanan,1,Naik,F4,kanan (A2),0.0,571.3,False,False,4.266,2.638
P31,repo_video,Agem Kanan,1,Naik,C4,kanan (A2),0.0,577.4,False,False,-0.55,2.283
P31,repo_video,Agem Kanan,1,Naik,P4,kanan (A2),0.0,482.0,False,False,3.881,7.028
P31,repo_video,Agem Kanan,1,Naik,O2,kanan (A2),0.0,453.9,False,False,-2.392,-0.781
P31,repo_video,Agem Kanan,1,Naik,F8,kanan (A2),0.0,594.8,False,False,-3.324,0.885
P31,repo_video,Agem Kanan,1,Naik,T4,kanan (A2),0.0,542.4,False,False,5.939,8.443
P31,repo_video,Agem Kanan,1,Naik,T6,kanan (A2),0.0,676.0,False,False,11.706,9.604
P31,repo_video,Agem Kanan,2,Gerak,Fp1,kiri (A1),0.0,138.8,False,True,4.73,2.003
P31,repo_video,Agem Kanan,2,Gerak,F3,kiri (A1),0.0,76.9,False,True,-3.167,-2.021
P31,repo_video,Agem Kanan,2,Gerak,C3,kiri (A1),0.0,120.0,False,True,6.203,-1.251
P31,repo_video,Agem Kanan,2,Gerak,P3,kiri (A1),0.0,57.2,False,True,-3.694,-10.006
P31,repo_video,Agem Kanan,2,Gerak,O1,kiri (A1),0.0,215.7,False,False,1.824,-6.205
P31,repo_video,Agem Kanan,2,Gerak,F7,kiri (A1),0.0,174.4,False,False,-1.237,2.933
P31,repo_video,Agem Kanan,2,Gerak,T3,kiri (A1),0.0,163.9,False,False,-1.093,-4.603
P31,repo_video,Agem Kanan,2,Gerak,T5,kiri (A1),0.0,352.5,False,False,15.825,8.317
P31,repo_video,Agem Kanan,2,Gerak,Fp2,kanan (A2),0.0,483.1,False,False,22.473,11.464
P31,repo_video,Agem Kanan,2,Gerak,F4,kanan (A2),0.0,566.6,False,False,25.473,11.709
P31,repo_video,Agem Kanan,2,Gerak,C4,kanan (A2),0.0,622.6,False,False,23.074,5.088
P31,repo_video,Agem Kanan,2,Gerak,P4,kanan (A2),0.0,625.7,False,False,20.971,8.724
P31,repo_video,Agem Kanan,2,Gerak,O2,kanan (A2),0.0,409.4,False,False,21.887,5.559
P31,repo_video,Agem Kanan,2,Gerak,F8,kanan (A2),0.0,639.7,False,False,21.412,11.101
P31,repo_video,Agem Kanan,2,Gerak,T4,kanan (A2),0.0,705.5,False,False,22.233,18.525
P31,repo_video,Agem Kanan,2,Gerak,T6,kanan (A2),0.0,710.1,False,False,25.733,15.697
P31,repo_video,Agem Kanan,2,Tahan,Fp1,kiri (A1),0.0,117.1,False,True,3.88,1.089
P31,repo_video,Agem Kanan,2,Tahan,F3,kiri (A1),0.0,165.7,False,False,9.182,4.539
P31,repo_video,Agem Kanan,2,Tahan,C3,kiri (A1),0.0,213.4,False,False,14.868,0.381
P31,repo_video,Agem Kanan,2,Tahan,P3,kiri (A1),0.0,187.0,False,False,12.198,0.768
P31,repo_video,Agem Kanan,2,Tahan,O1,kiri (A1),0.0,301.8,False,False,14.764,5.09
P31,repo_video,Agem Kanan,2,Tahan,F7,kiri (A1),0.0,91.6,False,True,5.543,4.747
P31,repo_video,Agem Kanan,2,Tahan,T3,kiri (A1),0.0,138.2,False,True,9.622,2.347
P31,repo_video,Agem Kanan,2,Tahan,T5,kiri (A1),0.0,428.2,False,False,20.185,5.768
P31,repo_video,Agem Kanan,2,Tahan,Fp2,kanan (A2),0.0,606.5,False,False,22.584,20.829
P31,repo_video,Agem Kanan,2,Tahan,F4,kanan (A2),0.0,603.1,False,False,23.258,13.441
P31,repo_video,Agem Kanan,2,Tahan,C4,kanan (A2),0.0,589.4,False,False,18.785,12.062
P31,repo_video,Agem Kanan,2,Tahan,P4,kanan (A2),0.0,619.4,False,False,19.893,18.772
P31,repo_video,Agem Kanan,2,Tahan,O2,kanan (A2),0.0,532.5,False,False,21.242,14.603
P31,repo_video,Agem Kanan,2,Tahan,F8,kanan (A2),0.0,622.1,False,False,16.376,13.182
P31,repo_video,Agem Kanan,2,Tahan,T4,kanan (A2),0.0,672.1,False,False,20.301,20.533
P31,repo_video,Agem Kanan,2,Tahan,T6,kanan (A2),0.0,621.6,False,False,20.322,17.981
P31,repo_video,Agem Kanan,2,Naik,Fp1,kiri (A1),0.0,347.2,False,False,4.134,4.91
P31,repo_video,Agem Kanan,2,Naik,F3,kiri (A1),0.0,198.8,False,False,12.667,5.838
P31,repo_video,Agem Kanan,2,Naik,C3,kiri (A1),0.0,200.3,False,False,5.407,4.965
P31,repo_video,Agem Kanan,2,Naik,P3,kiri (A1),0.0,445.0,False,False,8.467,5.645
P31,repo_video,Agem Kanan,2,Naik,O1,kiri (A1),0.0,390.4,False,False,7.17,1.978
P31,repo_video,Agem Kanan,2,Naik,F7,kiri (A1),0.0,266.7,False,False,10.157,9.744
P31,repo_video,Agem Kanan,2,Naik,T3,kiri (A1),0.0,190.6,False,False,3.048,4.392
P31,repo_video,Agem Kanan,2,Naik,T5,kiri (A1),0.0,415.7,False,False,13.946,6.262
P31,repo_video,Agem Kanan,2,Naik,Fp2,kanan (A2),0.0,718.6,False,False,20.121,16.318
P31,repo_video,Agem Kanan,2,Naik,F4,kanan (A2),0.0,740.7,False,False,19.177,10.82
P31,repo_video,Agem Kanan,2,Naik,C4,kanan (A2),0.0,765.7,False,False,16.197,9.437
P31,repo_video,Agem Kanan,2,Naik,P4,kanan (A2),0.0,770.9,False,False,13.764,16.175
P31,repo_video,Agem Kanan,2,Naik,O2,kanan (A2),0.0,754.3,False,False,16.145,13.502
P31,repo_video,Agem Kanan,2,Naik,F8,kanan (A2),0.0,756.8,False,False,17.107,10.361
P31,repo_video,Agem Kanan,2,Naik,T4,kanan (A2),0.0,777.1,False,False,19.154,14.744
P31,repo_video,Agem Kanan,2,Naik,T6,kanan (A2),0.0,691.3,False,False,16.747,16.531
P31,repo_video,Agem Kiri,1,Tahan,Fp1,kiri (A1),0.0,193.8,False,False,9.086,4.447
P31,repo_video,Agem Kiri,1,Tahan,F3,kiri (A1),0.422,108.1,False,False,0.143,-6.877
P31,repo_video,Agem Kiri,1,Tahan,C3,kiri (A1),0.38,55.0,False,False,-5.0,-13.355
P31,repo_video,Agem Kiri,1,Tahan,P3,kiri (A1),1.0,1.3,False,False,-45.452,-53.217
P31,repo_video,Agem Kiri,1,Tahan,O1,kiri (A1),0.0,181.2,False,False,8.851,-0.792
P31,repo_video,Agem Kiri,1,Tahan,F7,kiri (A1),0.0,200.9,False,False,15.518,8.158
P31,repo_video,Agem Kiri,1,Tahan,T3,kiri (A1),0.338,35.8,False,False,-13.815,-13.696
P31,repo_video,Agem Kiri,1,Tahan,T5,kiri (A1),0.0,294.7,False,False,13.562,1.965
P31,repo_video,Agem Kiri,1,Tahan,Fp2,kanan (A2),0.0,310.5,False,False,12.075,10.657
P31,repo_video,Agem Kiri,1,Tahan,F4,kanan (A2),0.0,230.5,False,False,5.384,3.061
P31,repo_video,Agem Kiri,1,Tahan,C4,kanan (A2),0.0,392.8,False,False,11.958,4.709
P31,repo_video,Agem Kiri,1,Tahan,P4,kanan (A2),0.0,572.0,False,False,17.686,15.717
P31,repo_video,Agem Kiri,1,Tahan,O2,kanan (A2),0.0,408.0,False,False,16.494,11.148
P31,repo_video,Agem Kiri,1,Tahan,F8,kanan (A2),0.0,475.3,False,False,13.327,9.167
P31,repo_video,Agem Kiri,1,Tahan,T4,kanan (A2),0.0,735.0,False,False,17.247,21.665
P31,repo_video,Agem Kiri,1,Tahan,T6,kanan (A2),0.0,665.5,False,False,17.523,18.669
P31,repo_video,Agem Kiri,1,Naik,Fp1,kiri (A1),0.0,130.1,False,True,-1.039,0.698
P31,repo_video,Agem Kiri,1,Naik,F3,kiri (A1),0.0,106.1,False,True,0.566,1.997
P31,repo_video,Agem Kiri,1,Naik,C3,kiri (A1),0.0,98.6,False,True,1.517,0.937
P31,repo_video,Agem Kiri,1,Naik,P3,kiri (A1),0.0,118.3,False,True,2.2,2.111
P31,repo_video,Agem Kiri,1,Naik,O1,kiri (A1),0.0,168.4,False,False,2.057,-1.032
P31,repo_video,Agem Kiri,1,Naik,F7,kiri (A1),0.0,82.3,False,True,-1.979,4.072
P31,repo_video,Agem Kiri,1,Naik,T3,kiri (A1),0.0,126.9,False,True,2.629,0.43
P31,repo_video,Agem Kiri,1,Naik,T5,kiri (A1),0.0,226.5,False,False,7.036,2.168
P31,repo_video,Agem Kiri,1,Naik,Fp2,kanan (A2),0.0,200.1,False,False,3.32,4.307
P31,repo_video,Agem Kiri,1,Naik,F4,kanan (A2),0.0,139.7,False,True,5.603,-1.025
P31,repo_video,Agem Kiri,1,Naik,C4,kanan (A2),0.0,292.6,False,False,4.707,0.582
P31,repo_video,Agem Kiri,1,Naik,P4,kanan (A2),0.185,295.3,False,False,2.834,2.163
P31,repo_video,Agem Kiri,1,Naik,O2,kanan (A2),0.154,192.1,False,False,4.474,0.171
P31,repo_video,Agem Kiri,1,Naik,F8,kanan (A2),0.0,290.3,False,False,4.404,0.434
P31,repo_video,Agem Kiri,1,Naik,T4,kanan (A2),0.0,340.7,False,False,7.113,7.387
P31,repo_video,Agem Kiri,1,Naik,T6,kanan (A2),0.0,367.4,False,False,10.054,6.014
P31,repo_video,Agem Kiri,2,Gerak,Fp1,kiri (A1),0.0,69.1,False,True,-4.161,0.835
P31,repo_video,Agem Kiri,2,Gerak,F3,kiri (A1),0.0,84.3,False,True,5.752,-1.801
P31,repo_video,Agem Kiri,2,Gerak,C3,kiri (A1),0.0,128.5,False,True,9.282,0.984
P31,repo_video,Agem Kiri,2,Gerak,P3,kiri (A1),0.0,69.3,False,True,-6.354,-0.401
P31,repo_video,Agem Kiri,2,Gerak,O1,kiri (A1),0.0,59.4,False,True,-1.095,-4.882
P31,repo_video,Agem Kiri,2,Gerak,F7,kiri (A1),0.0,48.6,False,True,-0.859,4.848
P31,repo_video,Agem Kiri,2,Gerak,T3,kiri (A1),0.0,113.0,False,True,6.698,-0.352
P31,repo_video,Agem Kiri,2,Gerak,T5,kiri (A1),0.0,199.2,False,False,13.154,1.694
P31,repo_video,Agem Kiri,2,Gerak,Fp2,kanan (A2),0.0,466.1,False,False,12.896,21.506
P31,repo_video,Agem Kiri,2,Gerak,F4,kanan (A2),0.0,513.9,False,False,14.826,14.279
P31,repo_video,Agem Kiri,2,Gerak,C4,kanan (A2),0.0,561.5,False,False,13.46,13.653
P31,repo_video,Agem Kiri,2,Gerak,P4,kanan (A2),0.0,403.6,False,False,13.087,18.52
P31,repo_video,Agem Kiri,2,Gerak,O2,kanan (A2),0.0,263.8,False,False,11.257,13.651
P31,repo_video,Agem Kiri,2,Gerak,F8,kanan (A2),0.0,406.8,False,False,13.537,14.196
P31,repo_video,Agem Kiri,2,Gerak,T4,kanan (A2),0.0,545.0,False,False,18.486,19.231
P31,repo_video,Agem Kiri,2,Gerak,T6,kanan (A2),0.0,725.1,False,False,22.753,19.256
P31,repo_video,Agem Kiri,2,Tahan,Fp1,kiri (A1),0.0,57.9,False,True,-2.146,0.955
P31,repo_video,Agem Kiri,2,Tahan,F3,kiri (A1),0.0,69.0,False,True,0.05,-0.331
P31,repo_video,Agem Kiri,2,Tahan,C3,kiri (A1),0.0,97.4,False,True,1.454,-1.602
P31,repo_video,Agem Kiri,2,Tahan,P3,kiri (A1),0.0,78.9,False,True,-0.097,0.658
P31,repo_video,Agem Kiri,2,Tahan,O1,kiri (A1),0.0,68.1,False,True,1.256,-0.867
P31,repo_video,Agem Kiri,2,Tahan,F7,kiri (A1),0.0,30.5,False,True,-5.744,1.058
P31,repo_video,Agem Kiri,2,Tahan,T3,kiri (A1),0.0,86.7,False,True,1.299,0.856
P31,repo_video,Agem Kiri,2,Tahan,T5,kiri (A1),0.0,98.8,False,True,1.962,4.132
P31,repo_video,Agem Kiri,2,Tahan,Fp2,kanan (A2),0.0,130.7,False,True,2.897,10.595
P31,repo_video,Agem Kiri,2,Tahan,F4,kanan (A2),0.0,149.5,False,True,6.147,5.301
P31,repo_video,Agem Kiri,2,Tahan,C4,kanan (A2),0.0,224.9,False,False,4.247,6.514
P31,repo_video,Agem Kiri,2,Tahan,P4,kanan (A2),0.0,74.9,False,True,-3.764,5.187
P31,repo_video,Agem Kiri,2,Tahan,O2,kanan (A2),0.0,54.4,False,True,-7.81,2.684
P31,repo_video,Agem Kiri,2,Tahan,F8,kanan (A2),0.0,221.1,False,False,3.307,6.06
P31,repo_video,Agem Kiri,2,Tahan,T4,kanan (A2),0.0,279.1,False,False,5.258,16.586
P31,repo_video,Agem Kiri,2,Tahan,T6,kanan (A2),0.0,399.4,False,False,11.552,18.179
P31,repo_video,Agem Kiri,2,Naik,Fp1,kiri (A1),0.0,163.9,False,False,6.399,0.978
P31,repo_video,Agem Kiri,2,Naik,F3,kiri (A1),0.183,160.5,False,False,7.347,1.416
P31,repo_video,Agem Kiri,2,Naik,C3,kiri (A1),0.046,185.2,False,False,9.978,0.249
P31,repo_video,Agem Kiri,2,Naik,P3,kiri (A1),0.183,156.7,False,False,6.365,1.853
P31,repo_video,Agem Kiri,2,Naik,O1,kiri (A1),0.0,247.8,False,False,11.069,1.547
P31,repo_video,Agem Kiri,2,Naik,F7,kiri (A1),0.0,191.4,False,False,10.405,4.233
P31,repo_video,Agem Kiri,2,Naik,T3,kiri (A1),0.0,182.5,False,False,9.535,1.101
P31,repo_video,Agem Kiri,2,Naik,T5,kiri (A1),0.0,226.2,False,False,10.917,1.158
P31,repo_video,Agem Kiri,2,Naik,Fp2,kanan (A2),0.0,377.1,False,False,8.444,10.163
P31,repo_video,Agem Kiri,2,Naik,F4,kanan (A2),0.046,250.6,False,False,8.448,3.026
P31,repo_video,Agem Kiri,2,Naik,C4,kanan (A2),0.0,369.9,False,False,7.171,2.553
P31,repo_video,Agem Kiri,2,Naik,P4,kanan (A2),0.0,478.5,False,False,9.704,6.697
P31,repo_video,Agem Kiri,2,Naik,O2,kanan (A2),0.0,452.8,False,False,10.668,6.03
P31,repo_video,Agem Kiri,2,Naik,F8,kanan (A2),0.0,627.3,False,False,9.052,5.395
P31,repo_video,Agem Kiri,2,Naik,T4,kanan (A2),0.0,603.9,False,False,9.818,10.886
P31,repo_video,Agem Kiri,2,Naik,T6,kanan (A2),0.0,539.3,False,False,13.329,9.755
P31,repo_video,Ngeed,3,Gerak,Fp1,kiri (A1),0.0,94.7,False,True,5.888,-1.271
P31,repo_video,Ngeed,3,Gerak,F3,kiri (A1),0.733,14.8,False,False,-22.974,-18.708
P31,repo_video,Ngeed,3,Gerak,C3,kiri (A1),0.0,163.4,False,False,11.427,3.019
P31,repo_video,Ngeed,3,Gerak,P3,kiri (A1),1.0,0.0,False,False,-86.883,-104.624
P31,repo_video,Ngeed,3,Gerak,O1,kiri (A1),0.0,94.6,False,True,3.406,-2.352
P31,repo_video,Ngeed,3,Gerak,F7,kiri (A1),0.0,58.6,False,True,4.644,0.501
P31,repo_video,Ngeed,3,Gerak,T3,kiri (A1),0.0,60.4,False,True,5.177,-2.5
P31,repo_video,Ngeed,3,Gerak,T5,kiri (A1),0.0,98.2,False,True,4.638,-0.579
P31,repo_video,Ngeed,3,Gerak,Fp2,kanan (A2),0.0,389.4,False,False,19.763,11.534
P31,repo_video,Ngeed,3,Gerak,F4,kanan (A2),0.0,379.4,False,False,20.1,5.081
P31,repo_video,Ngeed,3,Gerak,C4,kanan (A2),0.0,444.4,False,False,17.914,3.191
P31,repo_video,Ngeed,3,Gerak,P4,kanan (A2),0.0,345.6,False,False,16.763,7.541
P31,repo_video,Ngeed,3,Gerak,O2,kanan (A2),0.0,234.7,False,False,16.237,7.163
P31,repo_video,Ngeed,3,Gerak,F8,kanan (A2),0.0,385.9,False,False,12.871,4.175
P31,repo_video,Ngeed,3,Gerak,T4,kanan (A2),0.0,541.9,False,False,20.955,17.352
P31,repo_video,Ngeed,3,Gerak,T6,kanan (A2),0.0,467.9,False,False,18.646,10.242
P31,repo_video,Ngeed,3,Tahan,Fp1,kiri (A1),0.0,84.5,False,True,5.226,-1.745
P31,repo_video,Ngeed,3,Tahan,F3,kiri (A1),0.0,79.9,False,True,-2.302,-5.555
P31,repo_video,Ngeed,3,Tahan,C3,kiri (A1),0.0,146.1,False,True,5.856,-1.415
P31,repo_video,Ngeed,3,Tahan,P3,kiri (A1),0.649,25.9,False,False,-29.881,-28.428
P31,repo_video,Ngeed,3,Tahan,O1,kiri (A1),0.0,123.5,False,True,0.057,-1.572
P31,repo_video,Ngeed,3,Tahan,F7,kiri (A1),0.0,68.1,False,True,6.063,-0.24
P31,repo_video,Ngeed,3,Tahan,T3,kiri (A1),0.0,186.9,False,False,11.525,2.082
P31,repo_video,Ngeed,3,Tahan,T5,kiri (A1),0.0,127.1,False,True,0.98,0.968
P31,repo_video,Ngeed,3,Tahan,Fp2,kanan (A2),0.0,179.3,False,False,7.292,2.01
P31,repo_video,Ngeed,3,Tahan,F4,kanan (A2),0.0,228.2,False,False,8.594,1.935
P31,repo_video,Ngeed,3,Tahan,C4,kanan (A2),0.0,436.9,False,False,6.541,4.241
P31,repo_video,Ngeed,3,Tahan,P4,kanan (A2),0.0,231.5,False,False,4.96,1.006
P31,repo_video,Ngeed,3,Tahan,O2,kanan (A2),0.0,166.5,False,False,4.43,-0.843
P31,repo_video,Ngeed,3,Tahan,F8,kanan (A2),0.0,281.2,False,False,5.146,3.214
P31,repo_video,Ngeed,3,Tahan,T4,kanan (A2),0.0,474.5,False,False,12.61,8.946
P31,repo_video,Ngeed,3,Tahan,T6,kanan (A2),0.0,366.9,False,False,13.072,4.021
P31,repo_video,Ngeed,3,Naik,Fp1,kiri (A1),0.0,64.6,False,True,2.367,-0.425
P31,repo_video,Ngeed,3,Naik,F3,kiri (A1),0.0,100.2,False,True,6.394,3.424
P31,repo_video,Ngeed,3,Naik,C3,kiri (A1),0.0,106.2,False,True,5.61,2.802
P31,repo_video,Ngeed,3,Naik,P3,kiri (A1),0.0,124.6,False,True,9.471,4.048
P31,repo_video,Ngeed,3,Naik,O1,kiri (A1),0.0,117.4,False,True,1.708,-5.437
P31,repo_video,Ngeed,3,Naik,F7,kiri (A1),0.0,77.4,False,True,6.333,1.291
P31,repo_video,Ngeed,3,Naik,T3,kiri (A1),0.0,136.7,False,True,6.138,6.835
P31,repo_video,Ngeed,3,Naik,T5,kiri (A1),0.0,109.9,False,True,1.804,-0.052
P31,repo_video,Ngeed,3,Naik,Fp2,kanan (A2),0.0,439.2,False,False,8.83,15.52
P31,repo_video,Ngeed,3,Naik,F4,kanan (A2),0.0,424.6,False,False,17.528,5.168
P31,repo_video,Ngeed,3,Naik,C4,kanan (A2),0.0,516.4,False,False,9.424,8.153
P31,repo_video,Ngeed,3,Naik,P4,kanan (A2),0.0,539.7,False,False,11.694,11.53
P31,repo_video,Ngeed,3,Naik,O2,kanan (A2),0.0,406.6,False,False,7.404,9.699
P31,repo_video,Ngeed,3,Naik,F8,kanan (A2),0.0,603.6,False,False,16.049,5.38
P31,repo_video,Ngeed,3,Naik,T4,kanan (A2),0.0,606.4,False,False,13.153,15.539
P31,repo_video,Ngeed,3,Naik,T6,kanan (A2),0.0,612.7,False,False,17.821,12.417
P31,repo_video,Ngeed,4,Gerak,Fp1,kiri (A1),0.0,113.2,False,True,8.326,-6.994
P31,repo_video,Ngeed,4,Gerak,F3,kiri (A1),0.806,4.6,False,False,-36.849,-35.662
P31,repo_video,Ngeed,4,Gerak,C3,kiri (A1),0.0,120.7,False,True,7.654,-2.203
P31,repo_video,Ngeed,4,Gerak,P3,kiri (A1),1.0,0.0,False,False,-138.163,-164.681
P31,repo_video,Ngeed,4,Gerak,O1,kiri (A1),0.0,117.5,False,True,5.911,-7.587
P31,repo_video,Ngeed,4,Gerak,F7,kiri (A1),0.0,83.2,False,True,6.609,-3.04
P31,repo_video,Ngeed,4,Gerak,T3,kiri (A1),0.388,15.3,False,False,-15.945,-17.317
P31,repo_video,Ngeed,4,Gerak,T5,kiri (A1),0.0,57.0,False,True,-0.072,-4.53
P31,repo_video,Ngeed,4,Gerak,Fp2,kanan (A2),0.0,478.6,False,False,18.037,7.774
P31,repo_video,Ngeed,4,Gerak,F4,kanan (A2),0.0,417.7,False,False,16.894,6.236
P31,repo_video,Ngeed,4,Gerak,C4,kanan (A2),0.0,438.3,False,False,15.477,3.804
P31,repo_video,Ngeed,4,Gerak,P4,kanan (A2),0.0,521.5,False,False,15.237,7.544
P31,repo_video,Ngeed,4,Gerak,O2,kanan (A2),0.0,387.5,False,False,17.923,2.579
P31,repo_video,Ngeed,4,Gerak,F8,kanan (A2),0.0,414.3,False,False,13.38,2.675
P31,repo_video,Ngeed,4,Gerak,T4,kanan (A2),0.0,552.0,False,False,19.319,15.76
P31,repo_video,Ngeed,4,Gerak,T6,kanan (A2),0.0,508.0,False,False,19.281,11.39
P31,repo_video,Ngeed,4,Tahan,Fp1,kiri (A1),0.0,117.9,False,True,7.544,-1.944
P31,repo_video,Ngeed,4,Tahan,F3,kiri (A1),0.689,63.9,False,False,-6.835,-11.818
P31,repo_video,Ngeed,4,Tahan,C3,kiri (A1),0.0,142.0,False,True,7.544,0.69
P31,repo_video,Ngeed,4,Tahan,P3,kiri (A1),0.935,7.2,False,False,-26.479,-24.27
P31,repo_video,Ngeed,4,Tahan,O1,kiri (A1),0.0,90.4,False,True,-0.375,-5.842
P31,repo_video,Ngeed,4,Tahan,F7,kiri (A1),0.0,111.8,False,True,8.796,0.906
P31,repo_video,Ngeed,4,Tahan,T3,kiri (A1),0.172,130.5,False,False,-0.035,-1.519
P31,repo_video,Ngeed,4,Tahan,T5,kiri (A1),0.129,75.5,False,False,-3.902,-5.001
P31,repo_video,Ngeed,4,Tahan,Fp2,kanan (A2),0.0,444.4,False,False,14.712,14.602
P31,repo_video,Ngeed,4,Tahan,F4,kanan (A2),0.0,466.5,False,False,14.552,11.255
P31,repo_video,Ngeed,4,Tahan,C4,kanan (A2),0.0,421.4,False,False,11.612,11.101
P31,repo_video,Ngeed,4,Tahan,P4,kanan (A2),0.0,508.2,False,False,13.851,16.351
P31,repo_video,Ngeed,4,Tahan,O2,kanan (A2),0.0,426.0,False,False,14.353,12.181
P31,repo_video,Ngeed,4,Tahan,F8,kanan (A2),0.0,539.0,False,False,13.112,11.716
P31,repo_video,Ngeed,4,Tahan,T4,kanan (A2),0.0,620.2,False,False,18.02,17.83
P31,repo_video,Ngeed,4,Tahan,T6,kanan (A2),0.0,724.3,False,False,18.776,16.248
P31,repo_video,Ngeed,4,Naik,Fp1,kiri (A1),0.0,96.4,False,True,6.566,-1.68
P31,repo_video,Ngeed,4,Naik,F3,kiri (A1),1.0,0.1,False,False,-61.921,-81.138
P31,repo_video,Ngeed,4,Naik,C3,kiri (A1),0.0,51.1,False,True,1.259,-3.356
P31,repo_video,Ngeed,4,Naik,P3,kiri (A1),1.0,0.0,False,False,-142.003,-169.037
P31,repo_video,Ngeed,4,Naik,O1,kiri (A1),0.653,5.6,False,False,-31.96,-28.877
P31,repo_video,Ngeed,4,Naik,F7,kiri (A1),0.0,83.8,False,True,8.135,2.036
P31,repo_video,Ngeed,4,Naik,T3,kiri (A1),0.347,10.5,False,False,-20.645,-28.927
P31,repo_video,Ngeed,4,Naik,T5,kiri (A1),1.0,0.1,False,False,-60.584,-82.171
P31,repo_video,Ngeed,4,Naik,Fp2,kanan (A2),0.0,122.1,False,True,1.998,10.74
P31,repo_video,Ngeed,4,Naik,F4,kanan (A2),0.0,96.0,False,True,5.051,3.92
P31,repo_video,Ngeed,4,Naik,C4,kanan (A2),0.0,151.5,False,False,0.678,4.163
P31,repo_video,Ngeed,4,Naik,P4,kanan (A2),0.0,186.3,False,False,6.838,12.865
P31,repo_video,Ngeed,4,Naik,O2,kanan (A2),0.0,145.4,False,True,6.153,8.937
P31,repo_video,Ngeed,4,Naik,F8,kanan (A2),0.0,196.3,False,False,3.114,-1.541
P31,repo_video,Ngeed,4,Naik,T4,kanan (A2),0.0,337.5,False,False,7.979,15.898
P31,repo_video,Ngeed,4,Naik,T6,kanan (A2),0.0,286.2,False,False,13.436,12.915
P31,repo_video,Agem Kanan,3,Gerak,Fp1,kiri (A1),0.0,172.0,False,False,9.81,1.115
P31,repo_video,Agem Kanan,3,Gerak,F3,kiri (A1),0.0,288.6,False,False,17.925,6.358
P31,repo_video,Agem Kanan,3,Gerak,C3,kiri (A1),0.0,186.0,False,False,11.084,6.223
P31,repo_video,Agem Kanan,3,Gerak,P3,kiri (A1),0.0,447.8,False,False,23.709,7.687
P31,repo_video,Agem Kanan,3,Gerak,O1,kiri (A1),0.0,180.3,False,False,8.711,4.852
P31,repo_video,Agem Kanan,3,Gerak,F7,kiri (A1),0.0,318.6,False,False,16.365,7.694
P31,repo_video,Agem Kanan,3,Gerak,T3,kiri (A1),0.0,661.9,False,False,26.824,14.07
P31,repo_video,Agem Kanan,3,Gerak,T5,kiri (A1),0.0,233.8,False,False,7.883,9.888
P31,repo_video,Agem Kanan,3,Gerak,Fp2,kanan (A2),0.0,473.2,False,False,17.453,15.35
P31,repo_video,Agem Kanan,3,Gerak,F4,kanan (A2),0.0,354.5,False,False,15.265,8.043
P31,repo_video,Agem Kanan,3,Gerak,C4,kanan (A2),0.0,286.1,False,False,6.969,7.25
P31,repo_video,Agem Kanan,3,Gerak,P4,kanan (A2),0.0,226.3,False,False,13.92,3.761
P31,repo_video,Agem Kanan,3,Gerak,O2,kanan (A2),0.0,293.5,False,False,13.357,8.968
P31,repo_video,Agem Kanan,3,Gerak,F8,kanan (A2),0.0,526.6,False,False,14.212,6.214
P31,repo_video,Agem Kanan,3,Gerak,T4,kanan (A2),0.0,652.0,False,False,15.374,23.335
P31,repo_video,Agem Kanan,3,Gerak,T6,kanan (A2),0.0,520.3,False,False,18.232,13.726
P31,repo_video,Agem Kanan,3,Tahan,Fp1,kiri (A1),0.0,105.4,False,True,6.58,-4.116
P31,repo_video,Agem Kanan,3,Tahan,F3,kiri (A1),0.663,10.6,False,False,-26.792,-19.28
P31,repo_video,Agem Kanan,3,Tahan,C3,kiri (A1),0.0,63.8,False,True,-8.529,-8.783
P31,repo_video,Agem Kanan,3,Tahan,P3,kiri (A1),0.979,1.3,False,False,-29.591,-63.313
P31,repo_video,Agem Kanan,3,Tahan,O1,kiri (A1),0.242,85.6,False,False,2.14,-7.652
P31,repo_video,Agem Kanan,3,Tahan,F7,kiri (A1),0.0,111.4,False,True,6.889,0.077
P31,repo_video,Agem Kanan,3,Tahan,T3,kiri (A1),0.105,90.9,False,False,4.107,0.345
P31,repo_video,Agem Kanan,3,Tahan,T5,kiri (A1),0.558,65.5,False,False,-2.679,-8.649
P31,repo_video,Agem Kanan,3,Tahan,Fp2,kanan (A2),0.0,107.3,False,True,5.186,4.679
P31,repo_video,Agem Kanan,3,Tahan,F4,kanan (A2),0.768,54.6,False,False,-11.8,-32.085
P31,repo_video,Agem Kanan,3,Tahan,C4,kanan (A2),0.105,63.9,False,False,-12.218,-20.086
P31,repo_video,Agem Kanan,3,Tahan,P4,kanan (A2),0.0,134.8,False,True,8.46,1.747
P31,repo_video,Agem Kanan,3,Tahan,O2,kanan (A2),0.0,95.2,False,True,5.547,-4.516
P31,repo_video,Agem Kanan,3,Tahan,F8,kanan (A2),0.0,144.9,False,True,-0.14,0.923
P31,repo_video,Agem Kanan,3,Tahan,T4,kanan (A2),0.0,293.1,False,False,2.393,9.95
P31,repo_video,Agem Kanan,3,Tahan,T6,kanan (A2),0.0,225.0,False,False,6.689,0.637
P31,repo_video,Agem Kanan,3,Naik,Fp1,kiri (A1),0.0,48.9,False,True,1.432,-6.102
P31,repo_video,Agem Kanan,3,Naik,F3,kiri (A1),1.0,0.0,False,False,-61.975,-95.709
P31,repo_video,Agem Kanan,3,Naik,C3,kiri (A1),0.0,106.3,False,True,7.908,2.697
P31,repo_video,Agem Kanan,3,Naik,P3,kiri (A1),1.0,0.0,False,False,-69.84,-91.503
P31,repo_video,Agem Kanan,3,Naik,O1,kiri (A1),1.0,0.1,False,False,-53.46,-86.644
P31,repo_video,Agem Kanan,3,Naik,F7,kiri (A1),0.0,61.4,False,True,6.056,-1.65
P31,repo_video,Agem Kanan,3,Naik,T3,kiri (A1),0.654,10.5,False,False,-13.177,-24.058
P31,repo_video,Agem Kanan,3,Naik,T5,kiri (A1),1.0,0.0,False,False,-92.887,-99.633
P31,repo_video,Agem Kanan,3,Naik,Fp2,kanan (A2),1.0,0.5,False,False,-39.244,-63.908
P31,repo_video,Agem Kanan,3,Naik,F4,kanan (A2),1.0,0.5,False,False,-39.471,-69.636
P31,repo_video,Agem Kanan,3,Naik,C4,kanan (A2),0.0,82.3,False,True,-5.683,2.485
P31,repo_video,Agem Kanan,3,Naik,P4,kanan (A2),0.0,56.2,False,True,0.12,1.268
P31,repo_video,Agem Kanan,3,Naik,O2,kanan (A2),0.0,50.4,False,True,1.173,-7.328
P31,repo_video,Agem Kanan,3,Naik,F8,kanan (A2),1.0,0.2,False,False,-57.171,-68.633
P31,repo_video,Agem Kanan,3,Naik,T4,kanan (A2),0.0,105.5,False,True,-1.534,7.34
P31,repo_video,Agem Kanan,3,Naik,T6,kanan (A2),0.0,137.0,False,True,7.593,7.03
P31,repo_video,Agem Kanan,4,Gerak,Fp1,kiri (A1),1.0,1.0,False,False,-40.518,-59.224
P31,repo_video,Agem Kanan,4,Gerak,F3,kiri (A1),0.323,66.2,False,False,-15.534,-26.653
P31,repo_video,Agem Kanan,4,Gerak,C3,kiri (A1),0.0,548.1,False,False,14.774,10.882
P31,repo_video,Agem Kanan,4,Gerak,P3,kiri (A1),0.137,369.4,False,False,18.378,7.93
P31,repo_video,Agem Kanan,4,Gerak,O1,kiri (A1),1.0,0.0,False,False,-90.491,-117.211
P31,repo_video,Agem Kanan,4,Gerak,F7,kiri (A1),0.0,47.8,False,True,-12.263,0.088
P31,repo_video,Agem Kanan,4,Gerak,T3,kiri (A1),0.0,498.3,False,False,6.741,3.879
P31,repo_video,Agem Kanan,4,Gerak,T5,kiri (A1),0.298,363.2,False,False,0.099,-10.301
P31,repo_video,Agem Kanan,4,Gerak,Fp2,kanan (A2),0.0,208.9,False,False,-4.091,-0.862
P31,repo_video,Agem Kanan,4,Gerak,F4,kanan (A2),0.0,297.5,False,False,5.917,5.019
P31,repo_video,Agem Kanan,4,Gerak,C4,kanan (A2),0.0,545.2,False,False,8.892,9.342
P31,repo_video,Agem Kanan,4,Gerak,P4,kanan (A2),0.0,437.7,False,False,13.162,7.328
P31,repo_video,Agem Kanan,4,Gerak,O2,kanan (A2),0.218,56.5,False,False,-15.109,-8.2
P31,repo_video,Agem Kanan,4,Gerak,F8,kanan (A2),0.0,460.4,False,False,1.401,0.535
P31,repo_video,Agem Kanan,4,Gerak,T4,kanan (A2),0.0,494.8,False,False,12.739,20.305
P31,repo_video,Agem Kanan,4,Gerak,T6,kanan (A2),0.0,604.2,False,False,15.303,17.75
P31,repo_video,Agem Kanan,4,Tahan,Fp1,kiri (A1),1.0,0.0,False,False,-105.166,-137.878
P31,repo_video,Agem Kanan,4,Tahan,F3,kiri (A1),0.0,102.9,False,True,9.386,2.22
P31,repo_video,Agem Kanan,4,Tahan,C3,kiri (A1),0.0,244.4,False,False,12.175,7.859
P31,repo_video,Agem Kanan,4,Tahan,P3,kiri (A1),0.0,189.5,False,False,14.572,5.396
P31,repo_video,Agem Kanan,4,Tahan,O1,kiri (A1),1.0,0.0,False,False,-63.272,-92.039
P31,repo_video,Agem Kanan,4,Tahan,F7,kiri (A1),1.0,0.2,False,False,-46.537,-80.239
P31,repo_video,Agem Kanan,4,Tahan,T3,kiri (A1),0.0,233.4,False,False,7.995,12.186
P31,repo_video,Agem Kanan,4,Tahan,T5,kiri (A1),0.914,1.9,False,False,-30.658,-54.639
P31,repo_video,Agem Kanan,4,Tahan,Fp2,kanan (A2),0.215,90.9,False,False,-7.978,8.393
P31,repo_video,Agem Kanan,4,Tahan,F4,kanan (A2),0.0,314.6,False,False,11.392,8.455
P31,repo_video,Agem Kanan,4,Tahan,C4,kanan (A2),0.0,402.1,False,False,8.071,5.208
P31,repo_video,Agem Kanan,4,Tahan,P4,kanan (A2),0.914,1.9,False,False,-34.046,-45.586
P31,repo_video,Agem Kanan,4,Tahan,O2,kanan (A2),1.0,0.3,False,False,-43.044,-65.828
P31,repo_video,Agem Kanan,4,Tahan,F8,kanan (A2),0.0,101.7,False,True,-5.783,-4.576
P31,repo_video,Agem Kanan,4,Tahan,T4,kanan (A2),0.0,282.5,False,False,5.375,8.842
P31,repo_video,Agem Kanan,4,Tahan,T6,kanan (A2),0.0,428.8,False,False,13.057,8.406
P31,repo_video,Agem Kanan,4,Naik,Fp1,kiri (A1),0.352,101.1,False,False,0.362,-6.329
P31,repo_video,Agem Kanan,4,Naik,F3,kiri (A1),0.0,244.6,False,False,12.433,5.909
P31,repo_video,Agem Kanan,4,Naik,C3,kiri (A1),0.163,172.6,False,False,1.85,-3.451
P31,repo_video,Agem Kanan,4,Naik,P3,kiri (A1),0.0,189.1,False,False,7.834,4.51
P31,repo_video,Agem Kanan,4,Naik,O1,kiri (A1),0.136,116.7,False,False,-3.335,-6.066
P31,repo_video,Agem Kanan,4,Naik,F7,kiri (A1),0.407,84.3,False,False,2.615,-4.755
P31,repo_video,Agem Kanan,4,Naik,T3,kiri (A1),0.0,262.4,False,False,9.464,5.539
P31,repo_video,Agem Kanan,4,Naik,T5,kiri (A1),0.0,112.0,False,True,-1.246,-1.725
P31,repo_video,Agem Kanan,4,Naik,Fp2,kanan (A2),0.0,699.7,False,False,17.478,18.458
P31,repo_video,Agem Kanan,4,Naik,F4,kanan (A2),0.0,643.8,False,False,19.222,13.377
P31,repo_video,Agem Kanan,4,Naik,C4,kanan (A2),0.0,633.6,False,False,12.915,12.497
P31,repo_video,Agem Kanan,4,Naik,P4,kanan (A2),0.027,536.4,False,False,9.233,12.899
P31,repo_video,Agem Kanan,4,Naik,O2,kanan (A2),0.027,528.5,False,False,9.703,7.486
P31,repo_video,Agem Kanan,4,Naik,F8,kanan (A2),0.0,669.5,False,False,14.006,8.884
P31,repo_video,Agem Kanan,4,Naik,T4,kanan (A2),0.0,769.7,False,False,18.227,18.406
P31,repo_video,Agem Kanan,4,Naik,T6,kanan (A2),0.0,767.4,False,False,19.373,19.502
P31,repo_video,Agem Kiri,3,Gerak,Fp1,kiri (A1),0.0,94.8,False,True,5.638,2.182
P31,repo_video,Agem Kiri,3,Gerak,F3,kiri (A1),0.241,42.5,False,False,-13.92,-36.91
P31,repo_video,Agem Kiri,3,Gerak,C3,kiri (A1),0.048,34.7,False,True,-6.987,-17.141
P31,repo_video,Agem Kiri,3,Gerak,P3,kiri (A1),0.229,95.3,False,False,-1.868,1.515
P31,repo_video,Agem Kiri,3,Gerak,O1,kiri (A1),0.0,117.8,False,True,2.797,1.134
P31,repo_video,Agem Kiri,3,Gerak,F7,kiri (A1),0.0,113.7,False,True,8.112,5.085
P31,repo_video,Agem Kiri,3,Gerak,T3,kiri (A1),0.0,249.7,False,False,13.097,2.654
P31,repo_video,Agem Kiri,3,Gerak,T5,kiri (A1),0.0,124.7,False,True,3.069,-1.355
P31,repo_video,Agem Kiri,3,Gerak,Fp2,kanan (A2),0.0,635.1,False,False,23.808,20.676
P31,repo_video,Agem Kiri,3,Gerak,F4,kanan (A2),0.0,563.8,False,False,22.61,15.07
P31,repo_video,Agem Kiri,3,Gerak,C4,kanan (A2),0.0,594.2,False,False,19.627,15.124
P31,repo_video,Agem Kiri,3,Gerak,P4,kanan (A2),0.0,548.1,False,False,19.96,15.532
P31,repo_video,Agem Kiri,3,Gerak,O2,kanan (A2),0.0,440.2,False,False,21.103,13.65
P31,repo_video,Agem Kiri,3,Gerak,F8,kanan (A2),0.0,679.4,False,False,19.877,11.267
P31,repo_video,Agem Kiri,3,Gerak,T4,kanan (A2),0.0,679.5,False,False,22.281,20.71
P31,repo_video,Agem Kiri,3,Gerak,T6,kanan (A2),0.0,670.8,False,False,22.593,18.55
P31,repo_video,Agem Kiri,3,Tahan,Fp1,kiri (A1),0.193,83.0,False,False,3.234,-6.694
P31,repo_video,Agem Kiri,3,Tahan,F3,kiri (A1),1.0,0.7,False,False,-48.544,-67.169
P31,repo_video,Agem Kiri,3,Tahan,C3,kiri (A1),0.0,57.7,False,True,-0.52,-2.916
P31,repo_video,Agem Kiri,3,Tahan,P3,kiri (A1),0.807,7.3,False,False,-35.658,-64.767
P31,repo_video,Agem Kiri,3,Tahan,O1,kiri (A1),0.544,49.4,False,False,-9.726,-14.524
P31,repo_video,Agem Kiri,3,Tahan,F7,kiri (A1),0.193,48.6,False,False,2.516,-5.582
P31,repo_video,Agem Kiri,3,Tahan,T3,kiri (A1),0.807,3.7,False,False,-37.484,-31.661
P31,repo_video,Agem Kiri,3,Tahan,T5,kiri (A1),0.661,49.9,False,False,-18.149,-11.141
P31,repo_video,Agem Kiri,3,Tahan,Fp2,kanan (A2),0.0,371.5,False,False,17.917,13.605
P31,repo_video,Agem Kiri,3,Tahan,F4,kanan (A2),0.117,405.5,False,False,18.274,9.109
P31,repo_video,Agem Kiri,3,Tahan,C4,kanan (A2),0.0,508.0,False,False,17.39,2.651
P31,repo_video,Agem Kiri,3,Tahan,P4,kanan (A2),0.0,433.9,False,False,17.469,7.797
P31,repo_video,Agem Kiri,3,Tahan,O2,kanan (A2),0.117,274.2,False,False,15.542,3.222
P31,repo_video,Agem Kiri,3,Tahan,F8,kanan (A2),0.0,413.3,False,False,13.67,1.954
P31,repo_video,Agem Kiri,3,Tahan,T4,kanan (A2),0.0,499.9,False,False,19.113,13.488
P31,repo_video,Agem Kiri,3,Tahan,T6,kanan (A2),0.0,529.4,False,False,20.146,10.251
P31,repo_video,Agem Kiri,3,Naik,Fp1,kiri (A1),1.0,0.0,False,False,-66.632,-97.032
P31,repo_video,Agem Kiri,3,Naik,F3,kiri (A1),0.298,69.4,False,False,-1.269,-4.942
P31,repo_video,Agem Kiri,3,Naik,C3,kiri (A1),0.0,168.8,False,False,7.753,-0.994
P31,repo_video,Agem Kiri,3,Naik,P3,kiri (A1),0.0,172.8,False,False,2.298,1.565
P31,repo_video,Agem Kiri,3,Naik,O1,kiri (A1),1.0,0.0,False,False,-85.267,-123.754
P31,repo_video,Agem Kiri,3,Naik,F7,kiri (A1),1.0,0.0,False,False,-61.635,-95.247
P31,repo_video,Agem Kiri,3,Naik,T3,kiri (A1),0.0,151.5,False,False,-1.217,-2.841
P31,repo_video,Agem Kiri,3,Naik,T5,kiri (A1),1.0,0.0,False,False,-106.188,-138.054
P31,repo_video,Agem Kiri,3,Naik,Fp2,kanan (A2),0.0,569.7,False,False,6.749,-2.021
P31,repo_video,Agem Kiri,3,Naik,F4,kanan (A2),0.0,575.6,False,False,13.254,-1.103
P31,repo_video,Agem Kiri,3,Naik,C4,kanan (A2),0.0,682.2,False,False,9.941,7.782
P31,repo_video,Agem Kiri,3,Naik,P4,kanan (A2),0.0,520.6,False,False,5.54,-0.923
P31,repo_video,Agem Kiri,3,Naik,O2,kanan (A2),0.0,541.9,False,False,-0.274,-8.804
P31,repo_video,Agem Kiri,3,Naik,F8,kanan (A2),0.0,507.8,False,False,3.161,0.775
P31,repo_video,Agem Kiri,3,Naik,T4,kanan (A2),0.0,653.6,False,False,11.285,13.972
P31,repo_video,Agem Kiri,3,Naik,T6,kanan (A2),0.0,748.6,False,False,12.929,13.389
P31,repo_video,Agem Kiri,4,Gerak,Fp1,kiri (A1),0.353,3.8,False,False,-21.845,-40.121
P31,repo_video,Agem Kiri,4,Gerak,F3,kiri (A1),1.0,0.0,False,False,-71.021,-88.32
P31,repo_video,Agem Kiri,4,Gerak,C3,kiri (A1),0.0,91.6,False,True,5.23,4.106
P31,repo_video,Agem Kiri,4,Gerak,P3,kiri (A1),1.0,0.2,False,False,-48.76,-60.749
P31,repo_video,Agem Kiri,4,Gerak,O1,kiri (A1),1.0,0.0,False,False,-73.555,-87.906
P31,repo_video,Agem Kiri,4,Gerak,F7,kiri (A1),0.353,6.1,False,False,-19.585,-16.256
P31,repo_video,Agem Kiri,4,Gerak,T3,kiri (A1),0.0,53.4,False,True,3.016,-9.447
P31,repo_video,Agem Kiri,4,Gerak,T5,kiri (A1),1.0,0.0,False,False,-65.803,-87.228
P31,repo_video,Agem Kiri,4,Gerak,Fp2,kanan (A2),0.0,250.3,False,False,14.288,20.382
P31,repo_video,Agem Kiri,4,Gerak,F4,kanan (A2),0.0,134.3,False,True,8.969,12.087
P31,repo_video,Agem Kiri,4,Gerak,C4,kanan (A2),0.0,356.5,False,False,15.313,13.35
P31,repo_video,Agem Kiri,4,Gerak,P4,kanan (A2),0.0,207.9,False,False,10.018,11.422
P31,repo_video,Agem Kiri,4,Gerak,O2,kanan (A2),0.0,122.3,False,True,8.906,1.545
P31,repo_video,Agem Kiri,4,Gerak,F8,kanan (A2),0.0,164.2,False,False,1.004,5.665
P31,repo_video,Agem Kiri,4,Gerak,T4,kanan (A2),0.0,463.3,False,False,17.251,19.948
P31,repo_video,Agem Kiri,4,Gerak,T6,kanan (A2),0.0,355.3,False,False,17.356,13.107
P31,repo_video,Agem Kiri,4,Tahan,Fp1,kiri (A1),1.0,0.1,False,False,-57.457,-89.24
P31,repo_video,Agem Kiri,4,Tahan,F3,kiri (A1),0.306,42.2,False,False,-12.913,-13.187
P31,repo_video,Agem Kiri,4,Tahan,C3,kiri (A1),0.0,94.9,False,True,1.587,-2.332
P31,repo_video,Agem Kiri,4,Tahan,P3,kiri (A1),0.0,50.1,False,True,-3.867,-4.829
P31,repo_video,Agem Kiri,4,Tahan,O1,kiri (A1),1.0,0.0,False,False,-69.41,-99.181
P31,repo_video,Agem Kiri,4,Tahan,F7,kiri (A1),1.0,0.2,False,False,-49.265,-84.871
P31,repo_video,Agem Kiri,4,Tahan,T3,kiri (A1),0.0,95.4,False,True,6.233,-2.876
P31,repo_video,Agem Kiri,4,Tahan,T5,kiri (A1),1.0,0.0,False,False,-85.53,-110.742
P31,repo_video,Agem Kiri,4,Tahan,Fp2,kanan (A2),0.366,149.6,False,False,0.441,8.051
P31,repo_video,Agem Kiri,4,Tahan,F4,kanan (A2),0.366,153.3,False,False,1.656,5.292
P31,repo_video,Agem Kiri,4,Tahan,C4,kanan (A2),0.0,421.5,False,False,12.958,9.892
P31,repo_video,Agem Kiri,4,Tahan,P4,kanan (A2),0.366,166.7,False,False,-2.384,2.19
P31,repo_video,Agem Kiri,4,Tahan,O2,kanan (A2),0.694,35.0,False,False,-14.528,-21.977
P31,repo_video,Agem Kiri,4,Tahan,F8,kanan (A2),0.366,112.4,False,False,-8.754,-10.21
P31,repo_video,Agem Kiri,4,Tahan,T4,kanan (A2),0.0,332.9,False,False,9.836,10.009
P31,repo_video,Agem Kiri,4,Tahan,T6,kanan (A2),0.0,538.0,False,False,15.486,15.488
P31,repo_video,Agem Kiri,4,Naik,Fp1,kiri (A1),1.0,0.1,False,False,-61.615,-93.752
P31,repo_video,Agem Kiri,4,Naik,F3,kiri (A1),0.0,189.0,False,False,5.129,2.737
P31,repo_video,Agem Kiri,4,Naik,C3,kiri (A1),0.049,205.1,False,False,0.183,-0.345
P31,repo_video,Agem Kiri,4,Naik,P3,kiri (A1),0.0,308.7,False,False,7.32,3.157
P31,repo_video,Agem Kiri,4,Naik,O1,kiri (A1),0.788,63.2,False,False,-12.87,-28.908
P31,repo_video,Agem Kiri,4,Naik,F7,kiri (A1),0.951,2.6,False,False,-43.318,-34.577
P31,repo_video,Agem Kiri,4,Naik,T3,kiri (A1),0.0,553.4,False,False,11.889,2.722
P31,repo_video,Agem Kiri,4,Naik,T5,kiri (A1),0.788,87.0,False,False,-7.832,-17.023
P31,repo_video,Agem Kiri,4,Naik,Fp2,kanan (A2),0.349,716.5,False,False,13.289,14.4
P31,repo_video,Agem Kiri,4,Naik,F4,kanan (A2),0.056,700.8,False,False,15.859,8.284
P31,repo_video,Agem Kiri,4,Naik,C4,kanan (A2),0.0,738.8,False,False,14.095,7.289
P31,repo_video,Agem Kiri,4,Naik,P4,kanan (A2),0.495,676.1,False,False,-2.066,12.893
P31,repo_video,Agem Kiri,4,Naik,O2,kanan (A2),0.495,666.2,False,False,0.728,13.055
P31,repo_video,Agem Kiri,4,Naik,F8,kanan (A2),0.154,664.2,False,False,6.076,6.734
P31,repo_video,Agem Kiri,4,Naik,T4,kanan (A2),0.049,722.0,False,False,13.814,13.376
P31,repo_video,Agem Kiri,4,Naik,T6,kanan (A2),0.0,732.4,False,False,12.969,14.575
P31,repo_video,-,0,Istirahat,Fp1,kiri (A1),0.144,242.9,False,,0.0,0.0
P31,repo_video,-,0,Istirahat,F3,kiri (A1),0.251,226.4,False,,0.0,0.0
P31,repo_video,-,0,Istirahat,C3,kiri (A1),0.001,170.4,False,,0.0,0.0
P31,repo_video,-,0,Istirahat,P3,kiri (A1),0.284,202.6,False,,0.0,0.0
P31,repo_video,-,0,Istirahat,O1,kiri (A1),0.141,356.4,False,,0.0,0.0
P31,repo_video,-,0,Istirahat,F7,kiri (A1),0.143,140.1,False,,0.0,0.0
P31,repo_video,-,0,Istirahat,T3,kiri (A1),0.019,201.5,False,,0.0,0.0
P31,repo_video,-,0,Istirahat,T5,kiri (A1),0.142,306.5,False,,0.0,0.0
P31,repo_video,-,0,Istirahat,Fp2,kanan (A2),0.146,352.2,False,,0.0,0.0
P31,repo_video,-,0,Istirahat,F4,kanan (A2),0.144,412.2,False,,0.0,0.0
P31,repo_video,-,0,Istirahat,C4,kanan (A2),0.108,486.0,False,,0.0,0.0
P31,repo_video,-,0,Istirahat,P4,kanan (A2),0.146,510.1,False,,0.0,0.0
P31,repo_video,-,0,Istirahat,O2,kanan (A2),0.148,433.7,False,,0.0,0.0
P31,repo_video,-,0,Istirahat,F8,kanan (A2),0.109,564.5,False,,0.0,0.0
P31,repo_video,-,0,Istirahat,T4,kanan (A2),0.0,504.5,False,,0.0,0.0
P31,repo_video,-,0,Istirahat,T6,kanan (A2),0.0,444.7,False,,0.0,0.0
P32,timestamp_manual,Ngeed,1,Gerak,Fp1,kiri (A1),0.0,583.4,False,False,9.391,7.594
P32,timestamp_manual,Ngeed,1,Gerak,F3,kiri (A1),0.219,306.8,False,False,9.815,1.53
P32,timestamp_manual,Ngeed,1,Gerak,C3,kiri (A1),0.261,346.7,False,False,6.449,3.072
P32,timestamp_manual,Ngeed,1,Gerak,P3,kiri (A1),0.302,250.2,False,False,0.413,-2.347
P32,timestamp_manual,Ngeed,1,Gerak,O1,kiri (A1),0.462,330.5,False,False,-0.606,1.115
P32,timestamp_manual,Ngeed,1,Gerak,F7,kiri (A1),0.0,292.8,False,False,3.822,4.466
P32,timestamp_manual,Ngeed,1,Gerak,T3,kiri (A1),0.124,240.8,False,False,4.825,2.644
P32,timestamp_manual,Ngeed,1,Gerak,T5,kiri (A1),0.0,528.6,False,False,5.762,5.905
P32,timestamp_manual,Ngeed,1,Gerak,Fp2,kanan (A2),0.0,407.6,False,False,5.58,2.218
P32,timestamp_manual,Ngeed,1,Gerak,F4,kanan (A2),0.0,592.2,False,False,9.71,10.592
P32,timestamp_manual,Ngeed,1,Gerak,C4,kanan (A2),0.0,343.1,False,False,7.103,7.467
P32,timestamp_manual,Ngeed,1,Gerak,P4,kanan (A2),0.0,377.0,False,False,6.79,5.95
P32,timestamp_manual,Ngeed,1,Gerak,O2,kanan (A2),0.0,263.8,False,False,7.885,5.529
P32,timestamp_manual,Ngeed,1,Gerak,F8,kanan (A2),0.0,637.6,False,False,3.0,7.554
P32,timestamp_manual,Ngeed,1,Gerak,T4,kanan (A2),0.0,566.4,False,False,10.045,8.422
P32,timestamp_manual,Ngeed,1,Gerak,T6,kanan (A2),0.0,597.8,False,False,9.669,5.78
P32,timestamp_manual,Ngeed,1,Tahan,Fp1,kiri (A1),0.0,260.2,False,False,7.018,-4.564
P32,timestamp_manual,Ngeed,1,Tahan,F3,kiri (A1),1.0,0.1,False,False,-56.021,-85.71
P32,timestamp_manual,Ngeed,1,Tahan,C3,kiri (A1),1.0,0.2,False,False,-52.953,-94.56
P32,timestamp_manual,Ngeed,1,Tahan,P3,kiri (A1),1.0,0.0,False,False,-67.7,-91.084
P32,timestamp_manual,Ngeed,1,Tahan,O1,kiri (A1),0.853,19.3,False,False,-22.875,-31.881
P32,timestamp_manual,Ngeed,1,Tahan,F7,kiri (A1),0.0,153.8,False,False,1.746,-2.806
P32,timestamp_manual,Ngeed,1,Tahan,T3,kiri (A1),0.706,17.4,False,False,-17.823,-19.114
P32,timestamp_manual,Ngeed,1,Tahan,T5,kiri (A1),0.0,253.3,False,False,5.604,-1.456
P32,timestamp_manual,Ngeed,1,Tahan,Fp2,kanan (A2),0.0,255.9,False,False,3.641,-1.908
P32,timestamp_manual,Ngeed,1,Tahan,F4,kanan (A2),0.0,440.8,False,False,7.382,4.02
P32,timestamp_manual,Ngeed,1,Tahan,C4,kanan (A2),0.0,235.8,False,False,1.727,-0.595
P32,timestamp_manual,Ngeed,1,Tahan,P4,kanan (A2),0.0,243.2,False,False,5.904,-1.689
P32,timestamp_manual,Ngeed,1,Tahan,O2,kanan (A2),0.0,237.4,False,False,4.127,-0.545
P32,timestamp_manual,Ngeed,1,Tahan,F8,kanan (A2),0.0,376.8,False,False,2.216,-2.11
P32,timestamp_manual,Ngeed,1,Tahan,T4,kanan (A2),0.0,354.4,False,False,12.802,3.829
P32,timestamp_manual,Ngeed,1,Tahan,T6,kanan (A2),0.0,208.8,False,False,7.867,-0.71
P32,timestamp_manual,Ngeed,1,Naik,Fp1,kiri (A1),0.0,228.0,False,False,4.113,-1.456
P32,timestamp_manual,Ngeed,1,Naik,F3,kiri (A1),1.0,0.2,False,False,-57.736,-90.782
P32,timestamp_manual,Ngeed,1,Naik,C3,kiri (A1),1.0,0.0,False,False,-79.307,-100.228
P32,timestamp_manual,Ngeed,1,Naik,P3,kiri (A1),1.0,0.0,False,False,-113.755,-144.487
P32,timestamp_manual,Ngeed,1,Naik,O1,kiri (A1),0.855,23.7,False,False,-20.288,-14.902
P32,timestamp_manual,Ngeed,1,Naik,F7,kiri (A1),0.0,118.5,False,True,-0.095,-0.176
P32,timestamp_manual,Ngeed,1,Naik,T3,kiri (A1),0.572,35.8,False,False,-18.403,-12.333
P32,timestamp_manual,Ngeed,1,Naik,T5,kiri (A1),0.0,214.2,False,False,3.841,-0.317
P32,timestamp_manual,Ngeed,1,Naik,Fp2,kanan (A2),0.0,151.4,False,False,-0.184,-0.409
P32,timestamp_manual,Ngeed,1,Naik,F4,kanan (A2),0.0,205.2,False,False,1.319,-3.486
P32,timestamp_manual,Ngeed,1,Naik,C4,kanan (A2),0.0,123.9,False,True,-1.768,-7.679
P32,timestamp_manual,Ngeed,1,Naik,P4,kanan (A2),0.0,114.3,False,True,-1.59,-5.65
P32,timestamp_manual,Ngeed,1,Naik,O2,kanan (A2),0.0,70.0,False,True,0.494,-9.214
P32,timestamp_manual,Ngeed,1,Naik,F8,kanan (A2),0.0,154.8,False,False,-3.785,-10.737
P32,timestamp_manual,Ngeed,1,Naik,T4,kanan (A2),0.0,192.0,False,False,5.469,-6.406
P32,timestamp_manual,Ngeed,1,Naik,T6,kanan (A2),0.0,99.8,False,True,-0.549,-6.038
P32,timestamp_manual,Ngeed,1,Berdiri,Fp1,kiri (A1),0.139,419.3,False,False,2.677,0.459
P32,timestamp_manual,Ngeed,1,Berdiri,F3,kiri (A1),0.741,155.8,False,False,-5.724,-9.733
P32,timestamp_manual,Ngeed,1,Berdiri,C3,kiri (A1),0.765,110.5,False,False,-8.202,-8.12
P32,timestamp_manual,Ngeed,1,Berdiri,P3,kiri (A1),0.859,109.6,False,False,-9.315,-10.307
P32,timestamp_manual,Ngeed,1,Berdiri,O1,kiri (A1),0.155,174.2,False,False,-3.794,-3.333
P32,timestamp_manual,Ngeed,1,Berdiri,F7,kiri (A1),0.398,143.7,False,False,-0.543,-3.555
P32,timestamp_manual,Ngeed,1,Berdiri,T3,kiri (A1),0.633,81.7,False,False,-11.518,-10.88
P32,timestamp_manual,Ngeed,1,Berdiri,T5,kiri (A1),0.0,252.6,False,False,0.633,-0.033
P32,timestamp_manual,Ngeed,1,Berdiri,Fp2,kanan (A2),0.515,193.7,False,False,-7.727,-4.509
P32,timestamp_manual,Ngeed,1,Berdiri,F4,kanan (A2),0.0,592.5,False,False,6.697,6.387
P32,timestamp_manual,Ngeed,1,Berdiri,C4,kanan (A2),0.139,304.2,False,False,3.082,2.27
P32,timestamp_manual,Ngeed,1,Berdiri,P4,kanan (A2),0.539,206.2,False,False,-5.381,-3.574
P32,timestamp_manual,Ngeed,1,Berdiri,O2,kanan (A2),0.139,236.1,False,False,3.221,-0.641
P32,timestamp_manual,Ngeed,1,Berdiri,F8,kanan (A2),0.0,592.3,False,False,5.198,2.343
P32,timestamp_manual,Ngeed,1,Berdiri,T4,kanan (A2),0.186,302.0,False,False,4.747,1.032
P32,timestamp_manual,Ngeed,1,Berdiri,T6,kanan (A2),0.351,236.1,False,False,-1.374,0.004
P32,timestamp_manual,Ngeed,2,Gerak,Fp1,kiri (A1),0.383,419.0,False,False,-3.076,7.727
P32,timestamp_manual,Ngeed,2,Gerak,F3,kiri (A1),0.664,21.6,False,False,-31.082,-27.063
P32,timestamp_manual,Ngeed,2,Gerak,C3,kiri (A1),0.477,104.6,False,False,-5.68,-4.814
P32,timestamp_manual,Ngeed,2,Gerak,P3,kiri (A1),0.383,212.6,False,False,4.142,-1.667
P32,timestamp_manual,Ngeed,2,Gerak,O1,kiri (A1),0.0,176.7,False,False,2.979,2.634
P32,timestamp_manual,Ngeed,2,Gerak,F7,kiri (A1),1.0,0.0,False,False,-307.828,-304.17
P32,timestamp_manual,Ngeed,2,Gerak,T3,kiri (A1),0.944,2.0,False,False,-47.429,-69.966
P32,timestamp_manual,Ngeed,2,Gerak,T5,kiri (A1),0.093,435.1,False,False,-3.899,6.79
P32,timestamp_manual,Ngeed,2,Gerak,Fp2,kanan (A2),1.0,0.0,False,False,-312.196,-308.7
P32,timestamp_manual,Ngeed,2,Gerak,F4,kanan (A2),0.0,396.9,False,False,2.881,3.324
P32,timestamp_manual,Ngeed,2,Gerak,C4,kanan (A2),1.0,0.0,False,False,-82.387,-115.352
P32,timestamp_manual,Ngeed,2,Gerak,P4,kanan (A2),1.0,0.0,False,False,-310.181,-302.816
P32,timestamp_manual,Ngeed,2,Gerak,O2,kanan (A2),1.0,0.0,False,False,-77.815,-111.026
P32,timestamp_manual,Ngeed,2,Gerak,F8,kanan (A2),0.0,340.4,False,False,-0.526,3.686
P32,timestamp_manual,Ngeed,2,Gerak,T4,kanan (A2),1.0,0.0,False,False,-87.638,-126.436
P32,timestamp_manual,Ngeed,2,Gerak,T6,kanan (A2),1.0,0.0,False,False,-307.053,-302.889
P32,timestamp_manual,Ngeed,2,Tahan,Fp1,kiri (A1),0.0,388.2,False,False,-3.996,-0.741
P32,timestamp_manual,Ngeed,2,Tahan,F3,kiri (A1),0.0,171.1,False,False,2.928,0.755
P32,timestamp_manual,Ngeed,2,Tahan,C3,kiri (A1),0.0,112.7,False,True,1.997,-1.558
P32,timestamp_manual,Ngeed,2,Tahan,P3,kiri (A1),0.0,212.6,False,False,2.142,-0.98
P32,timestamp_manual,Ngeed,2,Tahan,O1,kiri (A1),0.0,219.7,False,False,6.585,0.069
P32,timestamp_manual,Ngeed,2,Tahan,F7,kiri (A1),0.647,47.2,False,False,-14.617,-12.167
P32,timestamp_manual,Ngeed,2,Tahan,T3,kiri (A1),0.103,122.3,False,False,1.842,-2.962
P32,timestamp_manual,Ngeed,2,Tahan,T5,kiri (A1),0.0,308.9,False,False,2.238,-2.557
P32,timestamp_manual,Ngeed,2,Tahan,Fp2,kanan (A2),0.864,15.4,False,False,-42.034,-35.43
P32,timestamp_manual,Ngeed,2,Tahan,F4,kanan (A2),0.516,161.7,False,False,-13.905,-11.156
P32,timestamp_manual,Ngeed,2,Tahan,C4,kanan (A2),1.0,0.0,False,False,-309.53,-300.794
P32,timestamp_manual,Ngeed,2,Tahan,P4,kanan (A2),1.0,0.1,False,False,-75.71,-101.759
P32,timestamp_manual,Ngeed,2,Tahan,O2,kanan (A2),1.0,0.0,False,False,-309.446,-299.978
P32,timestamp_manual,Ngeed,2,Tahan,F8,kanan (A2),0.0,238.4,False,False,-0.807,-0.893
P32,timestamp_manual,Ngeed,2,Tahan,T4,kanan (A2),1.0,0.0,False,False,-306.95,-299.94
P32,timestamp_manual,Ngeed,2,Tahan,T6,kanan (A2),1.0,0.0,False,False,-92.975,-118.725
P32,timestamp_manual,Ngeed,2,Naik,Fp1,kiri (A1),0.0,134.1,False,True,-6.054,-6.112
P32,timestamp_manual,Ngeed,2,Naik,F3,kiri (A1),0.0,181.3,False,False,2.481,-2.885
P32,timestamp_manual,Ngeed,2,Naik,C3,kiri (A1),0.0,200.7,False,False,3.503,-0.331
P32,timestamp_manual,Ngeed,2,Naik,P3,kiri (A1),0.0,179.1,False,False,2.969,-0.774
P32,timestamp_manual,Ngeed,2,Naik,O1,kiri (A1),0.0,77.3,False,True,-5.67,-2.866
P32,timestamp_manual,Ngeed,2,Naik,F7,kiri (A1),0.0,117.2,False,True,-0.617,-4.771
P32,timestamp_manual,Ngeed,2,Naik,T3,kiri (A1),0.0,166.5,False,False,2.882,-0.329
P32,timestamp_manual,Ngeed,2,Naik,T5,kiri (A1),0.0,273.8,False,False,1.874,-3.65
P32,timestamp_manual,Ngeed,2,Naik,Fp2,kanan (A2),0.06,173.0,False,False,-2.041,-5.226
P32,timestamp_manual,Ngeed,2,Naik,F4,kanan (A2),0.24,272.4,False,False,-7.154,-1.081
P32,timestamp_manual,Ngeed,2,Naik,C4,kanan (A2),0.898,13.7,False,False,-51.85,-56.994
P32,timestamp_manual,Ngeed,2,Naik,P4,kanan (A2),0.299,130.2,False,False,-5.64,-11.04
P32,timestamp_manual,Ngeed,2,Naik,O2,kanan (A2),0.898,15.0,False,False,-56.955,-60.526
P32,timestamp_manual,Ngeed,2,Naik,F8,kanan (A2),0.24,207.1,False,False,-21.667,-14.122
P32,timestamp_manual,Ngeed,2,Naik,T4,kanan (A2),0.898,35.8,False,False,-50.512,-49.086
P32,timestamp_manual,Ngeed,2,Naik,T6,kanan (A2),0.479,94.7,False,False,-13.149,-15.289
P32,timestamp_manual,Ngeed,2,Berdiri,Fp1,kiri (A1),0.0,429.2,False,False,5.55,2.011
P32,timestamp_manual,Ngeed,2,Berdiri,F3,kiri (A1),0.322,229.4,False,False,4.654,-0.727
P32,timestamp_manual,Ngeed,2,Berdiri,C3,kiri (A1),0.299,321.4,False,False,7.374,0.586
P32,timestamp_manual,Ngeed,2,Berdiri,P3,kiri (A1),0.44,270.3,False,False,6.299,0.043
P32,timestamp_manual,Ngeed,2,Berdiri,O1,kiri (A1),0.047,232.4,False,False,2.205,-3.823
P32,timestamp_manual,Ngeed,2,Berdiri,F7,kiri (A1),0.181,367.5,False,False,3.867,2.028
P32,timestamp_manual,Ngeed,2,Berdiri,T3,kiri (A1),0.322,329.3,False,False,7.361,-0.355
P32,timestamp_manual,Ngeed,2,Berdiri,T5,kiri (A1),0.0,415.6,False,False,4.057,0.47
P32,timestamp_manual,Ngeed,2,Berdiri,Fp2,kanan (A2),0.275,266.7,False,False,2.904,1.447
P32,timestamp_manual,Ngeed,2,Berdiri,F4,kanan (A2),0.0,609.1,False,False,7.931,10.146
P32,timestamp_manual,Ngeed,2,Berdiri,C4,kanan (A2),0.059,531.2,False,False,5.592,9.248
P32,timestamp_manual,Ngeed,2,Berdiri,P4,kanan (A2),0.275,300.1,False,False,4.545,3.894
P32,timestamp_manual,Ngeed,2,Berdiri,O2,kanan (A2),0.059,368.1,False,False,4.984,6.826
P32,timestamp_manual,Ngeed,2,Berdiri,F8,kanan (A2),0.047,611.1,False,False,2.36,3.865
P32,timestamp_manual,Ngeed,2,Berdiri,T4,kanan (A2),0.082,481.1,False,False,7.748,8.772
P32,timestamp_manual,Ngeed,2,Berdiri,T6,kanan (A2),0.205,470.8,False,False,7.617,4.97
P32,timestamp_manual,Agem Kanan,1,Gerak,Fp1,kiri (A1),0.139,760.0,False,False,12.877,13.085
P32,timestamp_manual,Agem Kanan,1,Gerak,F3,kiri (A1),0.304,681.8,False,False,13.884,10.713
P32,timestamp_manual,Agem Kanan,1,Gerak,C3,kiri (A1),0.211,742.9,False,False,15.782,13.581
P32,timestamp_manual,Agem Kanan,1,Gerak,P3,kiri (A1),0.118,710.6,False,False,16.939,10.934
P32,timestamp_manual,Agem Kanan,1,Gerak,O1,kiri (A1),0.0,810.9,False,False,18.012,10.852
P32,timestamp_manual,Agem Kanan,1,Gerak,F7,kiri (A1),0.258,626.8,False,False,11.862,8.349
P32,timestamp_manual,Agem Kanan,1,Gerak,T3,kiri (A1),0.258,738.9,False,False,14.148,11.11
P32,timestamp_manual,Agem Kanan,1,Gerak,T5,kiri (A1),0.0,736.3,False,False,12.791,11.137
P32,timestamp_manual,Agem Kanan,1,Gerak,Fp2,kanan (A2),0.258,661.5,False,False,13.112,7.67
P32,timestamp_manual,Agem Kanan,1,Gerak,F4,kanan (A2),0.0,812.3,False,False,16.626,10.483
P32,timestamp_manual,Agem Kanan,1,Gerak,C4,kanan (A2),0.258,690.3,False,False,15.994,12.815
P32,timestamp_manual,Agem Kanan,1,Gerak,P4,kanan (A2),0.304,699.1,False,False,16.441,11.833
P32,timestamp_manual,Agem Kanan,1,Gerak,O2,kanan (A2),0.304,611.6,False,False,12.398,11.014
P32,timestamp_manual,Agem Kanan,1,Gerak,F8,kanan (A2),0.0,799.8,False,False,13.069,8.631
P32,timestamp_manual,Agem Kanan,1,Gerak,T4,kanan (A2),0.304,733.5,False,False,16.319,12.567
P32,timestamp_manual,Agem Kanan,1,Gerak,T6,kanan (A2),0.35,646.5,False,False,10.657,10.781
P32,timestamp_manual,Agem Kanan,1,Tahan,Fp1,kiri (A1),0.0,679.2,False,False,5.844,6.774
P32,timestamp_manual,Agem Kanan,1,Tahan,F3,kiri (A1),0.0,467.4,False,False,9.446,7.635
P32,timestamp_manual,Agem Kanan,1,Tahan,C3,kiri (A1),0.188,439.5,False,False,5.903,3.227
P32,timestamp_manual,Agem Kanan,1,Tahan,P3,kiri (A1),0.188,388.2,False,False,5.397,2.194
P32,timestamp_manual,Agem Kanan,1,Tahan,O1,kiri (A1),0.188,510.1,False,False,11.604,1.543
P32,timestamp_manual,Agem Kanan,1,Tahan,F7,kiri (A1),0.0,406.7,False,False,5.07,2.023
P32,timestamp_manual,Agem Kanan,1,Tahan,T3,kiri (A1),0.0,486.8,False,False,10.567,5.805
P32,timestamp_manual,Agem Kanan,1,Tahan,T5,kiri (A1),0.0,699.5,False,False,13.216,6.828
P32,timestamp_manual,Agem Kanan,1,Tahan,Fp2,kanan (A2),0.0,471.1,False,False,3.449,3.682
P32,timestamp_manual,Agem Kanan,1,Tahan,F4,kanan (A2),0.0,707.9,False,False,9.612,11.527
P32,timestamp_manual,Agem Kanan,1,Tahan,C4,kanan (A2),0.052,623.9,False,False,-0.284,6.198
P32,timestamp_manual,Agem Kanan,1,Tahan,P4,kanan (A2),0.0,539.0,False,False,7.282,7.224
P32,timestamp_manual,Agem Kanan,1,Tahan,O2,kanan (A2),0.209,561.1,False,False,5.838,4.614
P32,timestamp_manual,Agem Kanan,1,Tahan,F8,kanan (A2),0.0,747.6,False,False,11.117,10.335
P32,timestamp_manual,Agem Kanan,1,Tahan,T4,kanan (A2),0.0,485.1,False,False,1.824,4.158
P32,timestamp_manual,Agem Kanan,1,Tahan,T6,kanan (A2),0.0,530.2,False,False,3.06,4.017
P32,timestamp_manual,Agem Kanan,1,Naik,Fp1,kiri (A1),0.0,795.8,False,False,11.704,13.547
P32,timestamp_manual,Agem Kanan,1,Naik,F3,kiri (A1),0.0,633.2,False,False,15.488,8.08
P32,timestamp_manual,Agem Kanan,1,Naik,C3,kiri (A1),0.459,560.3,False,False,11.291,8.785
P32,timestamp_manual,Agem Kanan,1,Naik,P3,kiri (A1),0.459,525.0,False,False,12.782,7.448
P32,timestamp_manual,Agem Kanan,1,Naik,O1,kiri (A1),0.459,605.7,False,False,13.03,6.163
P32,timestamp_manual,Agem Kanan,1,Naik,F7,kiri (A1),0.0,552.0,False,False,11.393,9.606
P32,timestamp_manual,Agem Kanan,1,Naik,T3,kiri (A1),0.0,591.1,False,False,12.581,8.551
P32,timestamp_manual,Agem Kanan,1,Naik,T5,kiri (A1),0.0,649.3,False,False,13.246,7.813
P32,timestamp_manual,Agem Kanan,1,Naik,Fp2,kanan (A2),0.0,693.2,False,False,12.6,7.06
P32,timestamp_manual,Agem Kanan,1,Naik,F4,kanan (A2),0.0,709.2,False,False,14.527,12.656
P32,timestamp_manual,Agem Kanan,1,Naik,C4,kanan (A2),0.0,642.9,False,False,13.589,10.383
P32,timestamp_manual,Agem Kanan,1,Naik,P4,kanan (A2),0.0,648.3,False,False,14.38,9.383
P32,timestamp_manual,Agem Kanan,1,Naik,O2,kanan (A2),0.0,641.5,False,False,13.334,10.875
P32,timestamp_manual,Agem Kanan,1,Naik,F8,kanan (A2),0.0,651.1,False,False,9.024,9.372
P32,timestamp_manual,Agem Kanan,1,Naik,T4,kanan (A2),0.0,650.9,False,False,13.338,10.318
P32,timestamp_manual,Agem Kanan,1,Naik,T6,kanan (A2),0.0,644.6,False,False,13.588,7.321
P32,timestamp_manual,Agem Kanan,1,Berdiri,Fp1,kiri (A1),0.0,751.0,False,False,10.402,11.188
P32,timestamp_manual,Agem Kanan,1,Berdiri,F3,kiri (A1),0.582,633.2,False,False,5.282,3.278
P32,timestamp_manual,Agem Kanan,1,Berdiri,C3,kiri (A1),0.388,560.3,False,False,4.157,1.076
P32,timestamp_manual,Agem Kanan,1,Berdiri,P3,kiri (A1),0.416,525.0,False,False,2.868,-1.071
P32,timestamp_manual,Agem Kanan,1,Berdiri,O1,kiri (A1),0.166,605.7,False,False,1.534,-0.347
P32,timestamp_manual,Agem Kanan,1,Berdiri,F7,kiri (A1),0.403,552.0,False,False,5.842,5.402
P32,timestamp_manual,Agem Kanan,1,Berdiri,T3,kiri (A1),0.693,591.1,False,False,2.711,2.134
P32,timestamp_manual,Agem Kanan,1,Berdiri,T5,kiri (A1),0.0,640.5,False,False,8.145,2.941
P32,timestamp_manual,Agem Kanan,1,Berdiri,Fp2,kanan (A2),0.486,657.1,False,False,7.118,0.768
P32,timestamp_manual,Agem Kanan,1,Berdiri,F4,kanan (A2),0.0,740.9,False,False,11.807,10.107
P32,timestamp_manual,Agem Kanan,1,Berdiri,C4,kanan (A2),0.237,636.7,False,False,10.123,8.497
P32,timestamp_manual,Agem Kanan,1,Berdiri,P4,kanan (A2),0.514,638.6,False,False,8.093,4.84
P32,timestamp_manual,Agem Kanan,1,Berdiri,O2,kanan (A2),0.265,632.4,False,False,10.231,5.612
P32,timestamp_manual,Agem Kanan,1,Berdiri,F8,kanan (A2),0.0,678.7,False,False,6.587,6.748
P32,timestamp_manual,Agem Kanan,1,Berdiri,T4,kanan (A2),0.265,650.9,False,False,9.586,6.469
P32,timestamp_manual,Agem Kanan,1,Berdiri,T6,kanan (A2),0.292,644.6,False,False,9.905,7.219
P32,timestamp_manual,Agem Kanan,2,Gerak,Fp1,kiri (A1),0.0,647.0,False,False,10.45,13.055
P32,timestamp_manual,Agem Kanan,2,Gerak,F3,kiri (A1),0.0,563.1,False,False,12.059,8.877
P32,timestamp_manual,Agem Kanan,2,Gerak,C3,kiri (A1),0.0,292.9,False,False,9.529,3.32
P32,timestamp_manual,Agem Kanan,2,Gerak,P3,kiri (A1),0.0,265.9,False,False,8.34,1.482
P32,timestamp_manual,Agem Kanan,2,Gerak,O1,kiri (A1),0.0,310.2,False,False,8.304,1.436
P32,timestamp_manual,Agem Kanan,2,Gerak,F7,kiri (A1),0.376,226.8,False,False,-3.148,2.418
P32,timestamp_manual,Agem Kanan,2,Gerak,T3,kiri (A1),0.09,317.4,False,False,6.357,-2.81
P32,timestamp_manual,Agem Kanan,2,Gerak,T5,kiri (A1),0.0,494.2,False,False,7.277,1.181
P32,timestamp_manual,Agem Kanan,2,Gerak,Fp2,kanan (A2),0.281,564.0,False,False,3.714,4.078
P32,timestamp_manual,Agem Kanan,2,Gerak,F4,kanan (A2),0.0,748.8,False,False,11.374,17.247
P32,timestamp_manual,Agem Kanan,2,Gerak,C4,kanan (A2),0.281,627.4,False,False,5.533,10.503
P32,timestamp_manual,Agem Kanan,2,Gerak,P4,kanan (A2),0.281,644.9,False,False,7.91,9.669
P32,timestamp_manual,Agem Kanan,2,Gerak,O2,kanan (A2),0.471,434.0,False,False,-6.73,-3.981
P32,timestamp_manual,Agem Kanan,2,Gerak,F8,kanan (A2),0.0,767.0,False,False,5.798,12.877
P32,timestamp_manual,Agem Kanan,2,Gerak,T4,kanan (A2),0.281,678.1,False,False,7.383,11.594
P32,timestamp_manual,Agem Kanan,2,Gerak,T6,kanan (A2),0.376,523.6,False,False,-0.484,0.582
P32,timestamp_manual,Agem Kanan,2,Tahan,Fp1,kiri (A1),0.0,661.9,False,False,7.342,11.468
P32,timestamp_manual,Agem Kanan,2,Tahan,F3,kiri (A1),0.0,563.1,False,False,8.79,4.49
P32,timestamp_manual,Agem Kanan,2,Tahan,C3,kiri (A1),0.05,292.9,False,False,5.515,1.772
P32,timestamp_manual,Agem Kanan,2,Tahan,P3,kiri (A1),0.05,268.3,False,False,8.2,2.095
P32,timestamp_manual,Agem Kanan,2,Tahan,O1,kiri (A1),0.145,366.6,False,False,11.638,-0.841
P32,timestamp_manual,Agem Kanan,2,Tahan,F7,kiri (A1),0.0,332.7,False,False,3.403,1.786
P32,timestamp_manual,Agem Kanan,2,Tahan,T3,kiri (A1),0.0,350.2,False,False,9.618,4.341
P32,timestamp_manual,Agem Kanan,2,Tahan,T5,kiri (A1),0.0,555.6,False,False,11.73,5.55
P32,timestamp_manual,Agem Kanan,2,Tahan,Fp2,kanan (A2),0.0,698.3,False,False,11.253,9.609
P32,timestamp_manual,Agem Kanan,2,Tahan,F4,kanan (A2),0.0,757.1,False,False,14.007,13.223
P32,timestamp_manual,Agem Kanan,2,Tahan,C4,kanan (A2),0.0,672.6,False,False,12.036,14.976
P32,timestamp_manual,Agem Kanan,2,Tahan,P4,kanan (A2),0.0,682.9,False,False,13.28,12.711
P32,timestamp_manual,Agem Kanan,2,Tahan,O2,kanan (A2),0.0,582.6,False,False,7.685,13.834
P32,timestamp_manual,Agem Kanan,2,Tahan,F8,kanan (A2),0.0,848.2,False,False,13.22,13.878
P32,timestamp_manual,Agem Kanan,2,Tahan,T4,kanan (A2),0.0,705.5,False,False,14.693,13.354
P32,timestamp_manual,Agem Kanan,2,Tahan,T6,kanan (A2),0.0,654.6,False,False,11.122,12.712
P32,timestamp_manual,Agem Kanan,2,Naik,Fp1,kiri (A1),0.0,645.2,False,False,9.74,12.151
P32,timestamp_manual,Agem Kanan,2,Naik,F3,kiri (A1),0.0,546.4,False,False,4.78,2.607
P32,timestamp_manual,Agem Kanan,2,Naik,C3,kiri (A1),0.483,479.9,False,False,3.87,-1.393
P32,timestamp_manual,Agem Kanan,2,Naik,P3,kiri (A1),0.483,426.8,False,False,0.404,-1.664
P32,timestamp_manual,Agem Kanan,2,Naik,O1,kiri (A1),0.571,516.3,False,False,-1.053,-2.15
P32,timestamp_manual,Agem Kanan,2,Naik,F7,kiri (A1),0.0,577.4,False,False,8.049,3.116
P32,timestamp_manual,Agem Kanan,2,Naik,T3,kiri (A1),0.0,468.1,False,False,5.669,0.688
P32,timestamp_manual,Agem Kanan,2,Naik,T5,kiri (A1),0.0,667.3,False,False,11.371,2.73
P32,timestamp_manual,Agem Kanan,2,Naik,Fp2,kanan (A2),0.0,528.1,False,False,9.51,3.289
P32,timestamp_manual,Agem Kanan,2,Naik,F4,kanan (A2),0.0,685.6,False,False,10.469,9.186
P32,timestamp_manual,Agem Kanan,2,Naik,C4,kanan (A2),0.0,494.3,False,False,5.941,4.237
P32,timestamp_manual,Agem Kanan,2,Naik,P4,kanan (A2),0.0,538.6,False,False,8.045,5.499
P32,timestamp_manual,Agem Kanan,2,Naik,O2,kanan (A2),0.0,492.0,False,False,3.578,3.155
P32,timestamp_manual,Agem Kanan,2,Naik,F8,kanan (A2),0.0,751.6,False,False,10.398,10.823
P32,timestamp_manual,Agem Kanan,2,Naik,T4,kanan (A2),0.0,549.0,False,False,10.363,4.985
P32,timestamp_manual,Agem Kanan,2,Naik,T6,kanan (A2),0.0,520.8,False,False,8.961,5.731
P32,timestamp_manual,Agem Kanan,2,Berdiri,Fp1,kiri (A1),0.24,751.0,False,False,7.49,11.901
P32,timestamp_manual,Agem Kanan,2,Berdiri,F3,kiri (A1),0.384,546.4,False,False,4.247,2.866
P32,timestamp_manual,Agem Kanan,2,Berdiri,C3,kiri (A1),0.456,479.9,False,False,-1.223,0.318
P32,timestamp_manual,Agem Kanan,2,Berdiri,P3,kiri (A1),0.312,426.8,False,False,-3.098,-0.69
P32,timestamp_manual,Agem Kanan,2,Berdiri,O1,kiri (A1),0.0,516.3,False,False,0.814,3.007
P32,timestamp_manual,Agem Kanan,2,Berdiri,F7,kiri (A1),0.624,586.9,False,False,4.279,4.932
P32,timestamp_manual,Agem Kanan,2,Berdiri,T3,kiri (A1),0.528,468.1,False,False,-2.447,0.034
P32,timestamp_manual,Agem Kanan,2,Berdiri,T5,kiri (A1),0.0,703.4,False,False,7.891,5.099
P32,timestamp_manual,Agem Kanan,2,Berdiri,Fp2,kanan (A2),0.552,624.4,False,False,7.518,5.696
P32,timestamp_manual,Agem Kanan,2,Berdiri,F4,kanan (A2),0.0,732.9,False,False,12.459,11.316
P32,timestamp_manual,Agem Kanan,2,Berdiri,C4,kanan (A2),0.511,724.0,False,False,12.987,11.579
P32,timestamp_manual,Agem Kanan,2,Berdiri,P4,kanan (A2),0.6,633.0,False,False,9.325,9.719
P32,timestamp_manual,Agem Kanan,2,Berdiri,O2,kanan (A2),0.487,644.3,False,False,11.462,11.699
P32,timestamp_manual,Agem Kanan,2,Berdiri,F8,kanan (A2),0.0,762.7,False,False,9.653,9.209
P32,timestamp_manual,Agem Kanan,2,Berdiri,T4,kanan (A2),0.487,667.7,False,False,12.528,11.43
P32,timestamp_manual,Agem Kanan,2,Berdiri,T6,kanan (A2),0.607,665.7,False,False,10.162,10.652
P32,timestamp_manual,Agem Kiri,1,Gerak,Fp1,kiri (A1),0.0,819.3,False,False,15.211,15.067
P32,timestamp_manual,Agem Kiri,1,Gerak,F3,kiri (A1),0.0,650.0,False,False,17.869,11.384
P32,timestamp_manual,Agem Kiri,1,Gerak,C3,kiri (A1),0.0,589.7,False,False,15.444,11.462
P32,timestamp_manual,Agem Kiri,1,Gerak,P3,kiri (A1),0.0,587.9,False,False,13.064,10.556
P32,timestamp_manual,Agem Kiri,1,Gerak,O1,kiri (A1),0.0,541.3,False,False,10.968,10.233
P32,timestamp_manual,Agem Kiri,1,Gerak,F7,kiri (A1),0.137,655.8,False,False,12.593,9.926
P32,timestamp_manual,Agem Kiri,1,Gerak,T3,kiri (A1),0.0,532.0,False,False,13.194,10.306
P32,timestamp_manual,Agem Kiri,1,Gerak,T5,kiri (A1),0.0,678.8,False,False,11.957,12.297
P32,timestamp_manual,Agem Kiri,1,Gerak,Fp2,kanan (A2),0.0,749.2,False,False,14.636,10.23
P32,timestamp_manual,Agem Kiri,1,Gerak,F4,kanan (A2),0.0,776.2,False,False,15.664,14.555
P32,timestamp_manual,Agem Kiri,1,Gerak,C4,kanan (A2),0.199,837.2,False,False,14.223,16.836
P32,timestamp_manual,Agem Kiri,1,Gerak,P4,kanan (A2),0.137,768.5,False,False,16.202,15.17
P32,timestamp_manual,Agem Kiri,1,Gerak,O2,kanan (A2),0.324,449.3,False,False,4.885,10.879
P32,timestamp_manual,Agem Kiri,1,Gerak,F8,kanan (A2),0.0,764.6,False,False,14.725,11.534
P32,timestamp_manual,Agem Kiri,1,Gerak,T4,kanan (A2),0.262,784.4,False,False,15.824,11.967
P32,timestamp_manual,Agem Kiri,1,Gerak,T6,kanan (A2),0.199,555.4,False,False,13.709,12.225
P32,timestamp_manual,Agem Kiri,1,Tahan,Fp1,kiri (A1),0.0,658.7,False,False,6.71,10.851
P32,timestamp_manual,Agem Kiri,1,Tahan,F3,kiri (A1),0.0,397.9,False,False,9.813,9.186
P32,timestamp_manual,Agem Kiri,1,Tahan,C3,kiri (A1),0.0,417.3,False,False,12.279,11.248
P32,timestamp_manual,Agem Kiri,1,Tahan,P3,kiri (A1),0.0,412.5,False,False,13.975,10.58
P32,timestamp_manual,Agem Kiri,1,Tahan,O1,kiri (A1),0.137,541.3,False,False,8.57,12.493
P32,timestamp_manual,Agem Kiri,1,Tahan,F7,kiri (A1),0.0,558.3,False,False,7.684,8.218
P32,timestamp_manual,Agem Kiri,1,Tahan,T3,kiri (A1),0.0,359.3,False,False,8.631,8.143
P32,timestamp_manual,Agem Kiri,1,Tahan,T5,kiri (A1),0.0,368.2,False,False,3.343,4.06
P32,timestamp_manual,Agem Kiri,1,Tahan,Fp2,kanan (A2),0.0,389.9,False,False,7.784,-0.431
P32,timestamp_manual,Agem Kiri,1,Tahan,F4,kanan (A2),0.0,533.1,False,False,9.125,3.351
P32,timestamp_manual,Agem Kiri,1,Tahan,C4,kanan (A2),0.068,385.0,False,False,3.86,-6.384
P32,timestamp_manual,Agem Kiri,1,Tahan,P4,kanan (A2),0.0,365.8,False,False,7.35,-3.201
P32,timestamp_manual,Agem Kiri,1,Tahan,O2,kanan (A2),0.0,95.3,False,True,-6.08,-11.457
P32,timestamp_manual,Agem Kiri,1,Tahan,F8,kanan (A2),0.0,447.8,False,False,6.448,4.035
P32,timestamp_manual,Agem Kiri,1,Tahan,T4,kanan (A2),0.0,275.0,False,False,-1.801,-1.235
P32,timestamp_manual,Agem Kiri,1,Tahan,T6,kanan (A2),0.0,122.7,False,True,-3.364,-4.276
P32,timestamp_manual,Agem Kiri,1,Naik,Fp1,kiri (A1),0.0,821.3,False,False,11.89,14.559
P32,timestamp_manual,Agem Kiri,1,Naik,F3,kiri (A1),0.0,689.4,False,False,14.983,14.136
P32,timestamp_manual,Agem Kiri,1,Naik,C3,kiri (A1),0.0,650.7,False,False,13.447,11.998
P32,timestamp_manual,Agem Kiri,1,Naik,P3,kiri (A1),0.0,662.5,False,False,12.382,10.972
P32,timestamp_manual,Agem Kiri,1,Naik,O1,kiri (A1),0.138,650.0,False,False,10.747,9.796
P32,timestamp_manual,Agem Kiri,1,Naik,F7,kiri (A1),0.0,627.3,False,False,13.753,9.75
P32,timestamp_manual,Agem Kiri,1,Naik,T3,kiri (A1),0.0,644.8,False,False,13.787,10.445
P32,timestamp_manual,Agem Kiri,1,Naik,T5,kiri (A1),0.0,809.3,False,False,12.263,13.262
P32,timestamp_manual,Agem Kiri,1,Naik,Fp2,kanan (A2),0.0,647.9,False,False,10.197,5.711
P32,timestamp_manual,Agem Kiri,1,Naik,F4,kanan (A2),0.0,694.8,False,False,11.425,10.59
P32,timestamp_manual,Agem Kiri,1,Naik,C4,kanan (A2),0.0,690.3,False,False,12.051,11.15
P32,timestamp_manual,Agem Kiri,1,Naik,P4,kanan (A2),0.0,657.3,False,False,10.88,8.706
P32,timestamp_manual,Agem Kiri,1,Naik,O2,kanan (A2),0.0,646.6,False,False,12.991,9.18
P32,timestamp_manual,Agem Kiri,1,Naik,F8,kanan (A2),0.0,767.2,False,False,9.667,10.546
P32,timestamp_manual,Agem Kiri,1,Naik,T4,kanan (A2),0.0,654.4,False,False,10.503,11.737
P32,timestamp_manual,Agem Kiri,1,Naik,T6,kanan (A2),0.0,622.5,False,False,8.719,8.852
P32,timestamp_manual,Agem Kiri,1,Berdiri,Fp1,kiri (A1),0.049,702.8,False,False,11.085,12.708
P32,timestamp_manual,Agem Kiri,1,Berdiri,F3,kiri (A1),0.17,689.4,False,False,4.219,6.721
P32,timestamp_manual,Agem Kiri,1,Berdiri,C3,kiri (A1),0.049,446.4,False,False,1.266,2.793
P32,timestamp_manual,Agem Kiri,1,Berdiri,P3,kiri (A1),0.049,426.9,False,False,2.879,0.404
P32,timestamp_manual,Agem Kiri,1,Berdiri,O1,kiri (A1),0.0,416.3,False,False,4.121,4.662
P32,timestamp_manual,Agem Kiri,1,Berdiri,F7,kiri (A1),0.646,462.9,False,False,6.154,2.306
P32,timestamp_manual,Agem Kiri,1,Berdiri,T3,kiri (A1),0.388,541.7,False,False,1.214,0.187
P32,timestamp_manual,Agem Kiri,1,Berdiri,T5,kiri (A1),0.0,692.1,False,False,10.11,7.402
P32,timestamp_manual,Agem Kiri,1,Berdiri,Fp2,kanan (A2),0.388,553.0,False,False,0.774,0.399
P32,timestamp_manual,Agem Kiri,1,Berdiri,F4,kanan (A2),0.0,796.0,False,False,12.089,11.017
P32,timestamp_manual,Agem Kiri,1,Berdiri,C4,kanan (A2),0.34,671.8,False,False,10.605,10.918
P32,timestamp_manual,Agem Kiri,1,Berdiri,P4,kanan (A2),0.534,650.2,False,False,4.499,5.877
P32,timestamp_manual,Agem Kiri,1,Berdiri,O2,kanan (A2),0.476,577.4,False,False,9.397,7.195
P32,timestamp_manual,Agem Kiri,1,Berdiri,F8,kanan (A2),0.0,830.4,False,False,9.658,8.81
P32,timestamp_manual,Agem Kiri,1,Berdiri,T4,kanan (A2),0.5,636.6,False,False,9.409,9.439
P32,timestamp_manual,Agem Kiri,1,Berdiri,T6,kanan (A2),0.549,499.4,False,False,4.936,6.339
P32,timestamp_manual,Agem Kiri,2,Gerak,Fp1,kiri (A1),0.087,584.9,False,False,12.486,11.625
P32,timestamp_manual,Agem Kiri,2,Gerak,F3,kiri (A1),0.0,486.2,False,False,15.33,11.916
P32,timestamp_manual,Agem Kiri,2,Gerak,C3,kiri (A1),0.0,449.1,False,False,13.132,9.332
P32,timestamp_manual,Agem Kiri,2,Gerak,P3,kiri (A1),0.0,442.7,False,False,12.742,8.49
P32,timestamp_manual,Agem Kiri,2,Gerak,O1,kiri (A1),0.0,549.7,False,False,10.589,8.791
P32,timestamp_manual,Agem Kiri,2,Gerak,F7,kiri (A1),0.282,405.6,False,False,3.495,3.338
P32,timestamp_manual,Agem Kiri,2,Gerak,T3,kiri (A1),0.0,460.5,False,False,12.16,6.371
P32,timestamp_manual,Agem Kiri,2,Gerak,T5,kiri (A1),0.0,616.9,False,False,9.807,8.487
P32,timestamp_manual,Agem Kiri,2,Gerak,Fp2,kanan (A2),0.0,363.6,False,False,7.222,-0.213
P32,timestamp_manual,Agem Kiri,2,Gerak,F4,kanan (A2),0.0,616.8,False,False,11.999,10.208
P32,timestamp_manual,Agem Kiri,2,Gerak,C4,kanan (A2),0.184,428.7,False,False,2.026,5.708
P32,timestamp_manual,Agem Kiri,2,Gerak,P4,kanan (A2),0.184,341.7,False,False,5.435,3.963
P32,timestamp_manual,Agem Kiri,2,Gerak,O2,kanan (A2),0.67,71.3,False,False,-18.993,-7.265
P32,timestamp_manual,Agem Kiri,2,Gerak,F8,kanan (A2),0.0,635.6,False,False,11.585,7.855
P32,timestamp_manual,Agem Kiri,2,Gerak,T4,kanan (A2),0.282,506.9,False,False,5.269,6.822
P32,timestamp_manual,Agem Kiri,2,Gerak,T6,kanan (A2),0.282,360.1,False,False,-1.083,-1.224
P32,timestamp_manual,Agem Kiri,2,Tahan,Fp1,kiri (A1),0.0,698.6,False,False,6.91,12.078
P32,timestamp_manual,Agem Kiri,2,Tahan,F3,kiri (A1),0.0,491.3,False,False,6.966,8.301
P32,timestamp_manual,Agem Kiri,2,Tahan,C3,kiri (A1),0.0,592.6,False,False,11.609,9.201
P32,timestamp_manual,Agem Kiri,2,Tahan,P3,kiri (A1),0.144,588.6,False,False,8.72,8.603
P32,timestamp_manual,Agem Kiri,2,Tahan,O1,kiri (A1),0.266,595.1,False,False,7.985,6.692
P32,timestamp_manual,Agem Kiri,2,Tahan,F7,kiri (A1),0.0,537.9,False,False,2.177,5.902
P32,timestamp_manual,Agem Kiri,2,Tahan,T3,kiri (A1),0.0,510.6,False,False,10.067,8.62
P32,timestamp_manual,Agem Kiri,2,Tahan,T5,kiri (A1),0.0,618.3,False,False,6.747,8.06
P32,timestamp_manual,Agem Kiri,2,Tahan,Fp2,kanan (A2),0.0,412.6,False,False,5.482,1.521
P32,timestamp_manual,Agem Kiri,2,Tahan,F4,kanan (A2),0.0,633.2,False,False,8.359,8.255
P32,timestamp_manual,Agem Kiri,2,Tahan,C4,kanan (A2),0.243,428.7,False,False,1.694,3.803
P32,timestamp_manual,Agem Kiri,2,Tahan,P4,kanan (A2),0.0,341.7,False,False,2.172,3.604
P32,timestamp_manual,Agem Kiri,2,Tahan,O2,kanan (A2),0.446,85.5,False,False,-13.015,-13.744
P32,timestamp_manual,Agem Kiri,2,Tahan,F8,kanan (A2),0.0,813.5,False,False,5.884,7.828
P32,timestamp_manual,Agem Kiri,2,Tahan,T4,kanan (A2),0.243,506.9,False,False,-1.596,4.259
P32,timestamp_manual,Agem Kiri,2,Tahan,T6,kanan (A2),0.0,360.1,False,False,-3.05,-4.008
P32,timestamp_manual,Agem Kiri,2,Naik,Fp1,kiri (A1),0.0,743.4,False,False,8.893,12.128
P32,timestamp_manual,Agem Kiri,2,Naik,F3,kiri (A1),0.0,636.6,False,False,3.363,4.358
P32,timestamp_manual,Agem Kiri,2,Naik,C3,kiri (A1),0.256,668.0,False,False,-0.337,-4.494
P32,timestamp_manual,Agem Kiri,2,Naik,P3,kiri (A1),0.594,681.8,False,False,-2.081,-12.74
P32,timestamp_manual,Agem Kiri,2,Naik,O1,kiri (A1),0.509,679.6,False,False,-1.533,-14.516
P32,timestamp_manual,Agem Kiri,2,Naik,F7,kiri (A1),0.0,640.4,False,False,4.456,0.85
P32,timestamp_manual,Agem Kiri,2,Naik,T3,kiri (A1),0.0,644.1,False,False,5.166,3.563
P32,timestamp_manual,Agem Kiri,2,Naik,T5,kiri (A1),0.0,632.8,False,False,5.352,4.334
P32,timestamp_manual,Agem Kiri,2,Naik,Fp2,kanan (A2),0.0,629.2,False,False,8.445,3.141
P32,timestamp_manual,Agem Kiri,2,Naik,F4,kanan (A2),0.0,729.4,False,False,13.347,8.612
P32,timestamp_manual,Agem Kiri,2,Naik,C4,kanan (A2),0.0,654.5,False,False,6.252,4.971
P32,timestamp_manual,Agem Kiri,2,Naik,P4,kanan (A2),0.0,632.1,False,False,10.495,2.628
P32,timestamp_manual,Agem Kiri,2,Naik,O2,kanan (A2),0.0,617.2,False,False,8.067,2.279
P32,timestamp_manual,Agem Kiri,2,Naik,F8,kanan (A2),0.0,650.6,False,False,8.328,7.295
P32,timestamp_manual,Agem Kiri,2,Naik,T4,kanan (A2),0.0,662.6,False,False,8.429,2.379
P32,timestamp_manual,Agem Kiri,2,Naik,T6,kanan (A2),0.0,632.0,False,False,2.433,-0.049
P32,timestamp_manual,Agem Kiri,2,Berdiri,Fp1,kiri (A1),0.3,861.6,False,False,13.181,12.423
P32,timestamp_manual,Agem Kiri,2,Berdiri,F3,kiri (A1),0.0,666.2,False,False,11.781,11.958
P32,timestamp_manual,Agem Kiri,2,Berdiri,C3,kiri (A1),0.024,668.0,False,False,12.883,6.018
P32,timestamp_manual,Agem Kiri,2,Berdiri,P3,kiri (A1),0.0,681.8,False,False,12.807,4.767
P32,timestamp_manual,Agem Kiri,2,Berdiri,O1,kiri (A1),0.0,679.6,False,False,13.024,7.292
P32,timestamp_manual,Agem Kiri,2,Berdiri,F7,kiri (A1),0.212,679.9,False,False,11.944,10.349
P32,timestamp_manual,Agem Kiri,2,Berdiri,T3,kiri (A1),0.118,644.1,False,False,12.675,6.226
P32,timestamp_manual,Agem Kiri,2,Berdiri,T5,kiri (A1),0.0,689.7,False,False,10.877,6.9
P32,timestamp_manual,Agem Kiri,2,Berdiri,Fp2,kanan (A2),0.282,682.4,False,False,11.735,3.481
P32,timestamp_manual,Agem Kiri,2,Berdiri,F4,kanan (A2),0.0,950.7,False,False,14.595,10.594
P32,timestamp_manual,Agem Kiri,2,Berdiri,C4,kanan (A2),0.418,766.8,False,False,15.539,9.235
P32,timestamp_manual,Agem Kiri,2,Berdiri,P4,kanan (A2),0.447,721.7,False,False,13.101,7.083
P32,timestamp_manual,Agem Kiri,2,Berdiri,O2,kanan (A2),0.441,649.0,False,False,14.323,7.992
P32,timestamp_manual,Agem Kiri,2,Berdiri,F8,kanan (A2),0.0,849.6,False,False,13.369,10.267
P32,timestamp_manual,Agem Kiri,2,Berdiri,T4,kanan (A2),0.394,744.1,False,False,15.304,8.547
P32,timestamp_manual,Agem Kiri,2,Berdiri,T6,kanan (A2),0.465,694.7,False,False,11.903,8.16
P32,timestamp_manual,Ngeed,3,Gerak,Fp1,kiri (A1),0.0,597.0,False,False,10.243,10.297
P32,timestamp_manual,Ngeed,3,Gerak,F3,kiri (A1),0.0,444.8,False,False,12.011,8.353
P32,timestamp_manual,Ngeed,3,Gerak,C3,kiri (A1),0.0,327.2,False,False,11.837,4.283
P32,timestamp_manual,Ngeed,3,Gerak,P3,kiri (A1),0.0,307.7,False,False,10.781,5.904
P32,timestamp_manual,Ngeed,3,Gerak,O1,kiri (A1),0.0,380.1,False,False,13.4,3.274
P32,timestamp_manual,Ngeed,3,Gerak,F7,kiri (A1),0.0,396.6,False,False,10.818,8.488
P32,timestamp_manual,Ngeed,3,Gerak,T3,kiri (A1),0.0,442.5,False,False,12.436,6.198
P32,timestamp_manual,Ngeed,3,Gerak,T5,kiri (A1),0.0,515.5,False,False,6.114,1.51
P32,timestamp_manual,Ngeed,3,Gerak,Fp2,kanan (A2),0.0,516.7,False,False,10.167,6.658
P32,timestamp_manual,Ngeed,3,Gerak,F4,kanan (A2),0.0,529.0,False,False,7.36,6.468
P32,timestamp_manual,Ngeed,3,Gerak,C4,kanan (A2),0.0,411.0,False,False,6.482,6.71
P32,timestamp_manual,Ngeed,3,Gerak,P4,kanan (A2),0.0,515.2,False,False,10.255,7.631
P32,timestamp_manual,Ngeed,3,Gerak,O2,kanan (A2),0.0,312.5,False,False,8.374,8.117
P32,timestamp_manual,Ngeed,3,Gerak,F8,kanan (A2),0.0,616.9,False,False,7.911,9.958
P32,timestamp_manual,Ngeed,3,Gerak,T4,kanan (A2),0.0,533.1,False,False,8.908,5.657
P32,timestamp_manual,Ngeed,3,Gerak,T6,kanan (A2),0.0,444.8,False,False,10.441,5.369
P32,timestamp_manual,Ngeed,3,Tahan,Fp1,kiri (A1),0.0,598.0,False,False,9.792,10.912
P32,timestamp_manual,Ngeed,3,Tahan,F3,kiri (A1),0.067,168.4,False,False,-3.647,3.232
P32,timestamp_manual,Ngeed,3,Tahan,C3,kiri (A1),0.482,120.3,False,False,1.886,-1.952
P32,timestamp_manual,Ngeed,3,Tahan,P3,kiri (A1),0.378,116.5,False,False,-0.264,-3.217
P32,timestamp_manual,Ngeed,3,Tahan,O1,kiri (A1),0.0,218.3,False,False,8.647,3.164
P32,timestamp_manual,Ngeed,3,Tahan,F7,kiri (A1),0.0,395.9,False,False,9.267,9.504
P32,timestamp_manual,Ngeed,3,Tahan,T3,kiri (A1),0.067,399.3,False,False,8.693,9.025
P32,timestamp_manual,Ngeed,3,Tahan,T5,kiri (A1),0.0,515.5,False,False,11.618,6.908
P32,timestamp_manual,Ngeed,3,Tahan,Fp2,kanan (A2),0.0,407.6,False,False,2.793,4.981
P32,timestamp_manual,Ngeed,3,Tahan,F4,kanan (A2),0.0,366.8,False,False,2.099,1.041
P32,timestamp_manual,Ngeed,3,Tahan,C4,kanan (A2),0.0,297.9,False,False,2.985,2.237
P32,timestamp_manual,Ngeed,3,Tahan,P4,kanan (A2),0.0,378.6,False,False,4.226,2.352
P32,timestamp_manual,Ngeed,3,Tahan,O2,kanan (A2),0.0,277.0,False,False,6.93,3.341
P32,timestamp_manual,Ngeed,3,Tahan,F8,kanan (A2),0.0,456.2,False,False,3.876,2.375
P32,timestamp_manual,Ngeed,3,Tahan,T4,kanan (A2),0.0,303.5,False,False,3.578,3.018
P32,timestamp_manual,Ngeed,3,Tahan,T6,kanan (A2),0.0,391.7,False,False,12.263,3.084
P32,timestamp_manual,Ngeed,3,Naik,Fp1,kiri (A1),0.0,481.3,False,False,1.099,-3.009
P32,timestamp_manual,Ngeed,3,Naik,F3,kiri (A1),0.588,21.6,False,False,-30.875,-21.469
P32,timestamp_manual,Ngeed,3,Naik,C3,kiri (A1),0.902,9.5,False,False,-48.193,-48.06
P32,timestamp_manual,Ngeed,3,Naik,P3,kiri (A1),0.902,10.2,False,False,-34.538,-26.083
P32,timestamp_manual,Ngeed,3,Naik,O1,kiri (A1),0.0,56.5,False,True,-5.193,-4.192
P32,timestamp_manual,Ngeed,3,Naik,F7,kiri (A1),0.0,217.3,False,False,-10.052,0.377
P32,timestamp_manual,Ngeed,3,Naik,T3,kiri (A1),0.623,31.3,False,False,-24.337,-17.401
P32,timestamp_manual,Ngeed,3,Naik,T5,kiri (A1),0.0,157.9,False,False,-4.669,-3.676
P32,timestamp_manual,Ngeed,3,Naik,Fp2,kanan (A2),0.0,381.8,False,False,-1.493,-1.765
P32,timestamp_manual,Ngeed,3,Naik,F4,kanan (A2),0.0,399.8,False,False,-4.61,-4.595
P32,timestamp_manual,Ngeed,3,Naik,C4,kanan (A2),0.0,370.0,False,False,-2.201,-2.484
P32,timestamp_manual,Ngeed,3,Naik,P4,kanan (A2),0.0,395.4,False,False,-0.309,-0.731
P32,timestamp_manual,Ngeed,3,Naik,O2,kanan (A2),0.0,523.4,False,False,4.998,-2.055
P32,timestamp_manual,Ngeed,3,Naik,F8,kanan (A2),0.0,545.0,False,False,0.701,-2.464
P32,timestamp_manual,Ngeed,3,Naik,T4,kanan (A2),0.0,417.1,False,False,-0.559,-2.712
P32,timestamp_manual,Ngeed,3,Naik,T6,kanan (A2),0.0,396.9,False,False,2.571,-2.248
P32,timestamp_manual,Ngeed,3,Berdiri,Fp1,kiri (A1),0.0,608.6,False,False,8.047,9.06
P32,timestamp_manual,Ngeed,3,Berdiri,F3,kiri (A1),0.004,426.5,False,False,4.15,5.449
P32,timestamp_manual,Ngeed,3,Berdiri,C3,kiri (A1),0.098,179.4,False,False,3.233,2.928
P32,timestamp_manual,Ngeed,3,Berdiri,P3,kiri (A1),0.145,197.4,False,False,3.398,2.55
P32,timestamp_manual,Ngeed,3,Berdiri,O1,kiri (A1),0.0,380.1,False,False,8.652,3.967
P32,timestamp_manual,Ngeed,3,Berdiri,F7,kiri (A1),0.0,569.0,False,False,8.208,7.752
P32,timestamp_manual,Ngeed,3,Berdiri,T3,kiri (A1),0.121,276.1,False,False,4.719,1.38
P32,timestamp_manual,Ngeed,3,Berdiri,T5,kiri (A1),0.0,343.0,False,False,3.708,2.096
P32,timestamp_manual,Ngeed,3,Berdiri,Fp2,kanan (A2),0.0,581.7,False,False,10.255,5.285
P32,timestamp_manual,Ngeed,3,Berdiri,F4,kanan (A2),0.0,658.0,False,False,11.862,7.33
P32,timestamp_manual,Ngeed,3,Berdiri,C4,kanan (A2),0.0,637.0,False,False,13.395,7.796
P32,timestamp_manual,Ngeed,3,Berdiri,P4,kanan (A2),0.0,615.7,False,False,10.928,6.467
P32,timestamp_manual,Ngeed,3,Berdiri,O2,kanan (A2),0.0,611.1,False,False,13.184,9.159
P32,timestamp_manual,Ngeed,3,Berdiri,F8,kanan (A2),0.0,787.3,False,False,10.141,11.357
P32,timestamp_manual,Ngeed,3,Berdiri,T4,kanan (A2),0.0,660.8,False,False,13.501,8.646
P32,timestamp_manual,Ngeed,3,Berdiri,T6,kanan (A2),0.0,633.4,False,False,12.157,5.762
P32,timestamp_manual,Ngeed,4,Gerak,Fp1,kiri (A1),0.0,714.4,False,False,11.318,14.925
P32,timestamp_manual,Ngeed,4,Gerak,F3,kiri (A1),0.0,668.1,False,False,15.771,11.591
P32,timestamp_manual,Ngeed,4,Gerak,C3,kiri (A1),0.0,449.2,False,False,12.233,9.731
P32,timestamp_manual,Ngeed,4,Gerak,P3,kiri (A1),0.0,375.3,False,False,11.383,8.084
P32,timestamp_manual,Ngeed,4,Gerak,O1,kiri (A1),0.0,486.7,False,False,15.416,9.359
P32,timestamp_manual,Ngeed,4,Gerak,F7,kiri (A1),0.0,646.2,False,False,16.746,11.468
P32,timestamp_manual,Ngeed,4,Gerak,T3,kiri (A1),0.0,505.9,False,False,13.835,10.673
P32,timestamp_manual,Ngeed,4,Gerak,T5,kiri (A1),0.0,645.3,False,False,12.06,8.416
P32,timestamp_manual,Ngeed,4,Gerak,Fp2,kanan (A2),0.0,716.5,False,False,18.74,7.007
P32,timestamp_manual,Ngeed,4,Gerak,F4,kanan (A2),0.0,724.2,False,False,17.067,11.459
P32,timestamp_manual,Ngeed,4,Gerak,C4,kanan (A2),0.0,742.3,False,False,20.226,12.774
P32,timestamp_manual,Ngeed,4,Gerak,P4,kanan (A2),0.0,718.1,False,False,19.585,11.535
P32,timestamp_manual,Ngeed,4,Gerak,O2,kanan (A2),0.0,739.3,False,False,19.53,13.89
P32,timestamp_manual,Ngeed,4,Gerak,F8,kanan (A2),0.0,766.3,False,False,12.072,14.639
P32,timestamp_manual,Ngeed,4,Gerak,T4,kanan (A2),0.0,709.6,False,False,19.378,13.352
P32,timestamp_manual,Ngeed,4,Gerak,T6,kanan (A2),0.0,724.4,False,False,20.248,10.426
P32,timestamp_manual,Ngeed,4,Tahan,Fp1,kiri (A1),0.0,333.8,False,False,-2.605,6.898
P32,timestamp_manual,Ngeed,4,Tahan,F3,kiri (A1),0.669,82.0,False,False,-15.606,-9.211
P32,timestamp_manual,Ngeed,4,Tahan,C3,kiri (A1),0.8,35.0,False,False,-21.402,-11.704
P32,timestamp_manual,Ngeed,4,Tahan,P3,kiri (A1),0.734,67.9,False,False,-15.573,-6.304
P32,timestamp_manual,Ngeed,4,Tahan,O1,kiri (A1),0.0,267.2,False,False,8.616,1.469
P32,timestamp_manual,Ngeed,4,Tahan,F7,kiri (A1),0.0,277.4,False,False,2.245,-0.522
P32,timestamp_manual,Ngeed,4,Tahan,T3,kiri (A1),0.669,119.1,False,False,-10.656,-2.931
P32,timestamp_manual,Ngeed,4,Tahan,T5,kiri (A1),0.0,230.8,False,False,-1.668,1.162
P32,timestamp_manual,Ngeed,4,Tahan,Fp2,kanan (A2),0.0,633.1,False,False,11.9,8.565
P32,timestamp_manual,Ngeed,4,Tahan,F4,kanan (A2),0.0,669.7,False,False,11.796,12.244
P32,timestamp_manual,Ngeed,4,Tahan,C4,kanan (A2),0.0,671.5,False,False,14.466,14.388
P32,timestamp_manual,Ngeed,4,Tahan,P4,kanan (A2),0.0,631.8,False,False,14.962,10.432
P32,timestamp_manual,Ngeed,4,Tahan,O2,kanan (A2),0.0,626.5,False,False,14.988,14.613
P32,timestamp_manual,Ngeed,4,Tahan,F8,kanan (A2),0.0,668.9,False,False,9.043,13.2
P32,timestamp_manual,Ngeed,4,Tahan,T4,kanan (A2),0.0,664.7,False,False,14.267,14.802
P32,timestamp_manual,Ngeed,4,Tahan,T6,kanan (A2),0.0,635.4,False,False,13.28,12.851
P32,timestamp_manual,Ngeed,4,Naik,Fp1,kiri (A1),0.0,551.8,False,False,3.73,10.246
P32,timestamp_manual,Ngeed,4,Naik,F3,kiri (A1),0.444,325.0,False,False,-0.786,5.602
P32,timestamp_manual,Ngeed,4,Naik,C3,kiri (A1),0.527,39.5,False,False,-17.871,-8.413
P32,timestamp_manual,Ngeed,4,Naik,P3,kiri (A1),0.444,66.6,False,False,-11.608,-4.759
P32,timestamp_manual,Ngeed,4,Naik,O1,kiri (A1),0.0,193.5,False,False,4.09,2.579
P32,timestamp_manual,Ngeed,4,Naik,F7,kiri (A1),0.084,643.5,False,False,1.335,10.442
P32,timestamp_manual,Ngeed,4,Naik,T3,kiri (A1),0.444,103.3,False,False,-8.786,-1.808
P32,timestamp_manual,Ngeed,4,Naik,T5,kiri (A1),0.0,275.3,False,False,-4.216,2.748
P32,timestamp_manual,Ngeed,4,Naik,Fp2,kanan (A2),0.0,408.7,False,False,8.581,2.909
P32,timestamp_manual,Ngeed,4,Naik,F4,kanan (A2),0.0,524.6,False,False,10.15,5.699
P32,timestamp_manual,Ngeed,4,Naik,C4,kanan (A2),0.0,467.6,False,False,11.782,7.359
P32,timestamp_manual,Ngeed,4,Naik,P4,kanan (A2),0.0,421.6,False,False,11.157,2.956
P32,timestamp_manual,Ngeed,4,Naik,O2,kanan (A2),0.0,436.3,False,False,14.685,6.985
P32,timestamp_manual,Ngeed,4,Naik,F8,kanan (A2),0.0,639.3,False,False,11.841,6.519
P32,timestamp_manual,Ngeed,4,Naik,T4,kanan (A2),0.0,556.1,False,False,12.572,6.807
P32,timestamp_manual,Ngeed,4,Naik,T6,kanan (A2),0.0,444.0,False,False,11.507,4.176
P32,timestamp_manual,Ngeed,4,Berdiri,Fp1,kiri (A1),0.0,622.8,False,False,10.859,7.094
P32,timestamp_manual,Ngeed,4,Berdiri,F3,kiri (A1),0.0,424.4,False,False,7.1,4.557
P32,timestamp_manual,Ngeed,4,Berdiri,C3,kiri (A1),0.0,367.8,False,False,6.8,5.465
P32,timestamp_manual,Ngeed,4,Berdiri,P3,kiri (A1),0.0,399.8,False,False,7.058,5.918
P32,timestamp_manual,Ngeed,4,Berdiri,O1,kiri (A1),0.0,474.9,False,False,7.371,5.325
P32,timestamp_manual,Ngeed,4,Berdiri,F7,kiri (A1),0.0,547.4,False,False,8.999,6.902
P32,timestamp_manual,Ngeed,4,Berdiri,T3,kiri (A1),0.0,428.9,False,False,6.382,5.407
P32,timestamp_manual,Ngeed,4,Berdiri,T5,kiri (A1),0.0,510.7,False,False,3.839,3.02
P32,timestamp_manual,Ngeed,4,Berdiri,Fp2,kanan (A2),0.0,525.7,False,False,9.259,6.785
P32,timestamp_manual,Ngeed,4,Berdiri,F4,kanan (A2),0.0,678.0,False,False,11.634,8.968
P32,timestamp_manual,Ngeed,4,Berdiri,C4,kanan (A2),0.0,607.0,False,False,11.903,10.242
P32,timestamp_manual,Ngeed,4,Berdiri,P4,kanan (A2),0.0,555.3,False,False,10.79,8.136
P32,timestamp_manual,Ngeed,4,Berdiri,O2,kanan (A2),0.0,512.7,False,False,11.613,9.058
P32,timestamp_manual,Ngeed,4,Berdiri,F8,kanan (A2),0.0,757.5,False,False,10.089,9.535
P32,timestamp_manual,Ngeed,4,Berdiri,T4,kanan (A2),0.0,614.0,False,False,11.628,9.533
P32,timestamp_manual,Ngeed,4,Berdiri,T6,kanan (A2),0.0,602.8,False,False,10.158,8.063
P32,timestamp_manual,Agem Kanan,3,Gerak,Fp1,kiri (A1),0.0,688.6,False,False,8.83,13.888
P32,timestamp_manual,Agem Kanan,3,Gerak,F3,kiri (A1),0.083,638.1,False,False,8.351,13.685
P32,timestamp_manual,Agem Kanan,3,Gerak,C3,kiri (A1),0.166,558.6,False,False,8.829,10.656
P32,timestamp_manual,Agem Kanan,3,Gerak,P3,kiri (A1),0.166,536.8,False,False,11.016,12.373
P32,timestamp_manual,Agem Kanan,3,Gerak,O1,kiri (A1),0.0,580.2,False,False,11.127,10.448
P32,timestamp_manual,Agem Kanan,3,Gerak,F7,kiri (A1),0.0,688.7,False,False,15.304,12.487
P32,timestamp_manual,Agem Kanan,3,Gerak,T3,kiri (A1),0.0,561.2,False,False,6.066,6.726
P32,timestamp_manual,Agem Kanan,3,Gerak,T5,kiri (A1),0.0,640.3,False,False,10.629,9.702
P32,timestamp_manual,Agem Kanan,3,Gerak,Fp2,kanan (A2),0.0,760.0,False,False,19.15,6.513
P32,timestamp_manual,Agem Kanan,3,Gerak,F4,kanan (A2),0.0,713.3,False,False,17.332,11.59
P32,timestamp_manual,Agem Kanan,3,Gerak,C4,kanan (A2),0.0,734.8,False,False,20.431,15.103
P32,timestamp_manual,Agem Kanan,3,Gerak,P4,kanan (A2),0.0,646.4,False,False,20.429,10.05
P32,timestamp_manual,Agem Kanan,3,Gerak,O2,kanan (A2),0.0,715.6,False,False,20.266,17.723
P32,timestamp_manual,Agem Kanan,3,Gerak,F8,kanan (A2),0.0,745.3,False,False,13.587,12.97
P32,timestamp_manual,Agem Kanan,3,Gerak,T4,kanan (A2),0.0,659.7,False,False,20.376,13.067
P32,timestamp_manual,Agem Kanan,3,Gerak,T6,kanan (A2),0.0,830.0,False,False,20.572,11.539
P32,timestamp_manual,Agem Kanan,3,Tahan,Fp1,kiri (A1),0.0,682.0,False,False,10.57,13.412
P32,timestamp_manual,Agem Kanan,3,Tahan,F3,kiri (A1),0.06,611.1,False,False,8.369,3.954
P32,timestamp_manual,Agem Kanan,3,Tahan,C3,kiri (A1),0.0,501.3,False,False,8.402,8.212
P32,timestamp_manual,Agem Kanan,3,Tahan,P3,kiri (A1),0.119,469.1,False,False,9.599,5.536
P32,timestamp_manual,Agem Kanan,3,Tahan,O1,kiri (A1),0.0,513.3,False,False,9.186,7.924
P32,timestamp_manual,Agem Kanan,3,Tahan,F7,kiri (A1),0.0,688.7,False,False,13.507,11.175
P32,timestamp_manual,Agem Kanan,3,Tahan,T3,kiri (A1),0.0,561.2,False,False,9.27,6.7
P32,timestamp_manual,Agem Kanan,3,Tahan,T5,kiri (A1),0.0,639.1,False,False,8.289,9.518
P32,timestamp_manual,Agem Kanan,3,Tahan,Fp2,kanan (A2),0.0,716.0,False,False,15.779,8.423
P32,timestamp_manual,Agem Kanan,3,Tahan,F4,kanan (A2),0.0,531.8,False,False,11.074,7.415
P32,timestamp_manual,Agem Kanan,3,Tahan,C4,kanan (A2),0.0,657.4,False,False,17.002,11.501
P32,timestamp_manual,Agem Kanan,3,Tahan,P4,kanan (A2),0.0,624.8,False,False,18.341,11.683
P32,timestamp_manual,Agem Kanan,3,Tahan,O2,kanan (A2),0.0,619.0,False,False,17.381,9.391
P32,timestamp_manual,Agem Kanan,3,Tahan,F8,kanan (A2),0.0,745.3,False,False,11.508,8.344
P32,timestamp_manual,Agem Kanan,3,Tahan,T4,kanan (A2),0.0,623.2,False,False,14.671,12.464
P32,timestamp_manual,Agem Kanan,3,Tahan,T6,kanan (A2),0.0,659.3,False,False,15.892,10.321
P32,timestamp_manual,Agem Kanan,3,Naik,Fp1,kiri (A1),0.0,878.5,False,False,14.32,14.364
P32,timestamp_manual,Agem Kanan,3,Naik,F3,kiri (A1),0.0,735.4,False,False,18.404,11.712
P32,timestamp_manual,Agem Kanan,3,Naik,C3,kiri (A1),0.0,709.2,False,False,19.091,9.542
P32,timestamp_manual,Agem Kanan,3,Naik,P3,kiri (A1),0.0,717.3,False,False,20.011,9.404
P32,timestamp_manual,Agem Kanan,3,Naik,O1,kiri (A1),0.0,782.6,False,False,17.648,9.999
P32,timestamp_manual,Agem Kanan,3,Naik,F7,kiri (A1),0.0,735.7,False,False,14.466,13.565
P32,timestamp_manual,Agem Kanan,3,Naik,T3,kiri (A1),0.0,726.9,False,False,18.991,7.672
P32,timestamp_manual,Agem Kanan,3,Naik,T5,kiri (A1),0.0,732.4,False,False,13.623,7.023
P32,timestamp_manual,Agem Kanan,3,Naik,Fp2,kanan (A2),0.0,767.5,False,False,15.296,5.332
P32,timestamp_manual,Agem Kanan,3,Naik,F4,kanan (A2),0.0,779.1,False,False,13.654,9.715
P32,timestamp_manual,Agem Kanan,3,Naik,C4,kanan (A2),0.0,716.6,False,False,16.369,13.99
P32,timestamp_manual,Agem Kanan,3,Naik,P4,kanan (A2),0.0,763.6,False,False,15.825,9.528
P32,timestamp_manual,Agem Kanan,3,Naik,O2,kanan (A2),0.0,701.8,False,False,15.643,10.121
P32,timestamp_manual,Agem Kanan,3,Naik,F8,kanan (A2),0.0,754.3,False,False,11.077,8.503
P32,timestamp_manual,Agem Kanan,3,Naik,T4,kanan (A2),0.0,704.2,False,False,15.654,12.862
P32,timestamp_manual,Agem Kanan,3,Naik,T6,kanan (A2),0.0,774.6,False,False,14.696,11.837
P32,timestamp_manual,Agem Kanan,3,Berdiri,Fp1,kiri (A1),0.0,806.5,False,False,14.821,11.979
P32,timestamp_manual,Agem Kanan,3,Berdiri,F3,kiri (A1),0.356,683.9,False,False,12.038,12.008
P32,timestamp_manual,Agem Kanan,3,Berdiri,C3,kiri (A1),0.285,456.8,False,False,11.051,4.448
P32,timestamp_manual,Agem Kanan,3,Berdiri,P3,kiri (A1),0.238,580.3,False,False,12.064,6.214
P32,timestamp_manual,Agem Kanan,3,Berdiri,O1,kiri (A1),0.048,597.5,False,False,12.893,6.121
P32,timestamp_manual,Agem Kanan,3,Berdiri,F7,kiri (A1),0.0,696.0,False,False,12.65,9.841
P32,timestamp_manual,Agem Kanan,3,Berdiri,T3,kiri (A1),0.166,651.4,False,False,11.762,8.497
P32,timestamp_manual,Agem Kanan,3,Berdiri,T5,kiri (A1),0.0,578.0,False,False,5.994,4.578
P32,timestamp_manual,Agem Kanan,3,Berdiri,Fp2,kanan (A2),0.0,760.2,False,False,13.081,6.423
P32,timestamp_manual,Agem Kanan,3,Berdiri,F4,kanan (A2),0.0,736.3,False,False,12.64,9.61
P32,timestamp_manual,Agem Kanan,3,Berdiri,C4,kanan (A2),0.0,711.6,False,False,14.415,11.38
P32,timestamp_manual,Agem Kanan,3,Berdiri,P4,kanan (A2),0.0,729.7,False,False,15.852,9.416
P32,timestamp_manual,Agem Kanan,3,Berdiri,O2,kanan (A2),0.0,701.8,False,False,15.282,11.425
P32,timestamp_manual,Agem Kanan,3,Berdiri,F8,kanan (A2),0.0,772.8,False,False,11.678,9.316
P32,timestamp_manual,Agem Kanan,3,Berdiri,T4,kanan (A2),0.0,719.4,False,False,14.13,11.813
P32,timestamp_manual,Agem Kanan,3,Berdiri,T6,kanan (A2),0.0,720.8,False,False,15.646,10.542
P32,timestamp_manual,Agem Kanan,4,Gerak,Fp1,kiri (A1),0.0,730.5,False,False,15.631,12.75
P32,timestamp_manual,Agem Kanan,4,Gerak,F3,kiri (A1),0.091,614.9,False,False,14.531,17.05
P32,timestamp_manual,Agem Kanan,4,Gerak,C3,kiri (A1),0.096,277.0,False,False,5.485,1.816
P32,timestamp_manual,Agem Kanan,4,Gerak,P3,kiri (A1),0.0,315.1,False,False,8.472,2.979
P32,timestamp_manual,Agem Kanan,4,Gerak,O1,kiri (A1),0.0,425.2,False,False,10.627,4.707
P32,timestamp_manual,Agem Kanan,4,Gerak,F7,kiri (A1),0.0,610.6,False,False,13.387,13.235
P32,timestamp_manual,Agem Kanan,4,Gerak,T3,kiri (A1),0.096,551.9,False,False,8.637,10.665
P32,timestamp_manual,Agem Kanan,4,Gerak,T5,kiri (A1),0.0,622.4,False,False,9.022,9.14
P32,timestamp_manual,Agem Kanan,4,Gerak,Fp2,kanan (A2),0.0,628.6,False,False,15.844,10.404
P32,timestamp_manual,Agem Kanan,4,Gerak,F4,kanan (A2),0.0,652.7,False,False,14.863,12.333
P32,timestamp_manual,Agem Kanan,4,Gerak,C4,kanan (A2),0.0,723.6,False,False,17.926,15.393
P32,timestamp_manual,Agem Kanan,4,Gerak,P4,kanan (A2),0.0,661.8,False,False,17.28,12.896
P32,timestamp_manual,Agem Kanan,4,Gerak,O2,kanan (A2),0.0,683.7,False,False,18.614,14.061
P32,timestamp_manual,Agem Kanan,4,Gerak,F8,kanan (A2),0.0,680.3,False,False,13.755,12.039
P32,timestamp_manual,Agem Kanan,4,Gerak,T4,kanan (A2),0.0,659.5,False,False,19.157,13.387
P32,timestamp_manual,Agem Kanan,4,Gerak,T6,kanan (A2),0.0,613.1,False,False,17.502,15.972
P32,timestamp_manual,Agem Kanan,4,Tahan,Fp1,kiri (A1),0.0,731.0,False,False,13.033,15.041
P32,timestamp_manual,Agem Kanan,4,Tahan,F3,kiri (A1),0.102,566.0,False,False,9.731,9.774
P32,timestamp_manual,Agem Kanan,4,Tahan,C3,kiri (A1),0.153,618.8,False,False,5.938,12.11
P32,timestamp_manual,Agem Kanan,4,Tahan,P3,kiri (A1),0.153,587.6,False,False,6.476,11.237
P32,timestamp_manual,Agem Kanan,4,Tahan,O1,kiri (A1),0.0,637.3,False,False,11.709,12.712
P32,timestamp_manual,Agem Kanan,4,Tahan,F7,kiri (A1),0.0,685.0,False,False,11.781,13.682
P32,timestamp_manual,Agem Kanan,4,Tahan,T3,kiri (A1),0.256,604.9,False,False,6.016,13.079
P32,timestamp_manual,Agem Kanan,4,Tahan,T5,kiri (A1),0.0,691.7,False,False,7.691,12.485
P32,timestamp_manual,Agem Kanan,4,Tahan,Fp2,kanan (A2),0.0,683.8,False,False,12.967,8.438
P32,timestamp_manual,Agem Kanan,4,Tahan,F4,kanan (A2),0.0,669.0,False,False,10.221,8.417
P32,timestamp_manual,Agem Kanan,4,Tahan,C4,kanan (A2),0.0,680.7,False,False,16.062,12.276
P32,timestamp_manual,Agem Kanan,4,Tahan,P4,kanan (A2),0.0,710.8,False,False,17.695,11.248
P32,timestamp_manual,Agem Kanan,4,Tahan,O2,kanan (A2),0.0,592.9,False,False,15.07,12.705
P32,timestamp_manual,Agem Kanan,4,Tahan,F8,kanan (A2),0.0,662.3,False,False,8.337,10.794
P32,timestamp_manual,Agem Kanan,4,Tahan,T4,kanan (A2),0.0,583.7,False,False,14.684,10.837
P32,timestamp_manual,Agem Kanan,4,Tahan,T6,kanan (A2),0.0,613.4,False,False,13.443,10.688
P32,timestamp_manual,Agem Kanan,4,Naik,Fp1,kiri (A1),0.0,775.8,False,False,11.114,15.645
P32,timestamp_manual,Agem Kanan,4,Naik,F3,kiri (A1),0.0,713.3,False,False,12.921,14.212
P32,timestamp_manual,Agem Kanan,4,Naik,C3,kiri (A1),0.0,728.0,False,False,15.176,11.226
P32,timestamp_manual,Agem Kanan,4,Naik,P3,kiri (A1),0.062,763.9,False,False,15.163,10.443
P32,timestamp_manual,Agem Kanan,4,Naik,O1,kiri (A1),0.0,749.1,False,False,15.224,10.903
P32,timestamp_manual,Agem Kanan,4,Naik,F7,kiri (A1),0.0,697.5,False,False,12.151,8.549
P32,timestamp_manual,Agem Kanan,4,Naik,T3,kiri (A1),0.062,652.6,False,False,14.078,9.009
P32,timestamp_manual,Agem Kanan,4,Naik,T5,kiri (A1),0.0,748.7,False,False,11.893,8.309
P32,timestamp_manual,Agem Kanan,4,Naik,Fp2,kanan (A2),0.0,575.7,False,False,10.89,7.734
P32,timestamp_manual,Agem Kanan,4,Naik,F4,kanan (A2),0.0,679.4,False,False,11.631,6.539
P32,timestamp_manual,Agem Kanan,4,Naik,C4,kanan (A2),0.0,588.5,False,False,12.656,8.498
P32,timestamp_manual,Agem Kanan,4,Naik,P4,kanan (A2),0.0,588.4,False,False,13.235,8.311
P32,timestamp_manual,Agem Kanan,4,Naik,O2,kanan (A2),0.0,537.0,False,False,11.827,8.767
P32,timestamp_manual,Agem Kanan,4,Naik,F8,kanan (A2),0.0,794.8,False,False,9.991,9.528
P32,timestamp_manual,Agem Kanan,4,Naik,T4,kanan (A2),0.0,623.4,False,False,11.559,12.371
P32,timestamp_manual,Agem Kanan,4,Naik,T6,kanan (A2),0.0,605.7,False,False,12.012,11.939
P32,timestamp_manual,Agem Kanan,4,Berdiri,Fp1,kiri (A1),0.0,825.5,False,False,15.145,9.428
P32,timestamp_manual,Agem Kanan,4,Berdiri,F3,kiri (A1),0.0,659.2,False,False,13.601,11.367
P32,timestamp_manual,Agem Kanan,4,Berdiri,C3,kiri (A1),0.0,484.7,False,False,11.772,6.169
P32,timestamp_manual,Agem Kanan,4,Berdiri,P3,kiri (A1),0.0,522.4,False,False,12.84,6.851
P32,timestamp_manual,Agem Kanan,4,Berdiri,O1,kiri (A1),0.0,563.4,False,False,12.831,6.624
P32,timestamp_manual,Agem Kanan,4,Berdiri,F7,kiri (A1),0.0,647.2,False,False,9.295,7.978
P32,timestamp_manual,Agem Kanan,4,Berdiri,T3,kiri (A1),0.0,509.7,False,False,12.259,7.058
P32,timestamp_manual,Agem Kanan,4,Berdiri,T5,kiri (A1),0.0,575.7,False,False,8.702,3.232
P32,timestamp_manual,Agem Kanan,4,Berdiri,Fp2,kanan (A2),0.0,707.5,False,False,10.641,5.932
P32,timestamp_manual,Agem Kanan,4,Berdiri,F4,kanan (A2),0.0,751.3,False,False,9.816,6.491
P32,timestamp_manual,Agem Kanan,4,Berdiri,C4,kanan (A2),0.0,653.8,False,False,8.572,7.147
P32,timestamp_manual,Agem Kanan,4,Berdiri,P4,kanan (A2),0.0,673.2,False,False,10.002,5.993
P32,timestamp_manual,Agem Kanan,4,Berdiri,O2,kanan (A2),0.0,550.0,False,False,8.769,6.001
P32,timestamp_manual,Agem Kanan,4,Berdiri,F8,kanan (A2),0.0,728.6,False,False,8.262,7.368
P32,timestamp_manual,Agem Kanan,4,Berdiri,T4,kanan (A2),0.0,627.7,False,False,9.055,7.422
P32,timestamp_manual,Agem Kanan,4,Berdiri,T6,kanan (A2),0.0,656.3,False,False,9.099,6.829
P32,timestamp_manual,Agem Kiri,3,Gerak,Fp1,kiri (A1),0.0,696.7,False,False,13.057,11.922
P32,timestamp_manual,Agem Kiri,3,Gerak,F3,kiri (A1),0.0,630.9,False,False,16.063,10.786
P32,timestamp_manual,Agem Kiri,3,Gerak,C3,kiri (A1),0.0,516.9,False,False,13.235,8.877
P32,timestamp_manual,Agem Kiri,3,Gerak,P3,kiri (A1),0.0,535.7,False,False,12.335,12.589
P32,timestamp_manual,Agem Kiri,3,Gerak,O1,kiri (A1),0.0,610.9,False,False,12.883,7.736
P32,timestamp_manual,Agem Kiri,3,Gerak,F7,kiri (A1),0.0,658.5,False,False,14.403,11.406
P32,timestamp_manual,Agem Kiri,3,Gerak,T3,kiri (A1),0.0,662.8,False,False,13.161,11.808
P32,timestamp_manual,Agem Kiri,3,Gerak,T5,kiri (A1),0.0,682.3,False,False,11.173,6.379
P32,timestamp_manual,Agem Kiri,3,Gerak,Fp2,kanan (A2),0.0,665.9,False,False,11.333,12.286
P32,timestamp_manual,Agem Kiri,3,Gerak,F4,kanan (A2),0.0,724.8,False,False,11.514,13.792
P32,timestamp_manual,Agem Kiri,3,Gerak,C4,kanan (A2),0.0,687.1,False,False,13.393,14.738
P32,timestamp_manual,Agem Kiri,3,Gerak,P4,kanan (A2),0.0,618.8,False,False,12.039,15.394
P32,timestamp_manual,Agem Kiri,3,Gerak,O2,kanan (A2),0.0,606.7,False,False,11.946,15.963
P32,timestamp_manual,Agem Kiri,3,Gerak,F8,kanan (A2),0.0,762.0,False,False,8.862,10.955
P32,timestamp_manual,Agem Kiri,3,Gerak,T4,kanan (A2),0.0,645.0,False,False,14.74,12.953
P32,timestamp_manual,Agem Kiri,3,Gerak,T6,kanan (A2),0.0,707.5,False,False,10.071,14.533
P32,timestamp_manual,Agem Kiri,3,Tahan,Fp1,kiri (A1),0.0,666.0,False,False,8.502,10.069
P32,timestamp_manual,Agem Kiri,3,Tahan,F3,kiri (A1),0.0,630.9,False,False,5.084,3.17
P32,timestamp_manual,Agem Kiri,3,Tahan,C3,kiri (A1),0.486,459.0,False,False,-1.707,0.011
P32,timestamp_manual,Agem Kiri,3,Tahan,P3,kiri (A1),0.587,510.0,False,False,-1.75,1.616
P32,timestamp_manual,Agem Kiri,3,Tahan,O1,kiri (A1),0.0,529.4,False,False,2.844,2.684
P32,timestamp_manual,Agem Kiri,3,Tahan,F7,kiri (A1),0.0,654.1,False,False,5.795,6.976
P32,timestamp_manual,Agem Kiri,3,Tahan,T3,kiri (A1),0.284,584.2,False,False,7.128,0.573
P32,timestamp_manual,Agem Kiri,3,Tahan,T5,kiri (A1),0.0,588.9,False,False,6.591,3.419
P32,timestamp_manual,Agem Kiri,3,Tahan,Fp2,kanan (A2),0.0,701.5,False,False,16.933,7.913
P32,timestamp_manual,Agem Kiri,3,Tahan,F4,kanan (A2),0.0,745.5,False,False,15.729,10.613
P32,timestamp_manual,Agem Kiri,3,Tahan,C4,kanan (A2),0.0,696.7,False,False,16.646,11.627
P32,timestamp_manual,Agem Kiri,3,Tahan,P4,kanan (A2),0.0,678.8,False,False,19.287,10.713
P32,timestamp_manual,Agem Kiri,3,Tahan,O2,kanan (A2),0.0,679.4,False,False,18.971,13.761
P32,timestamp_manual,Agem Kiri,3,Tahan,F8,kanan (A2),0.0,796.9,False,False,13.026,8.722
P32,timestamp_manual,Agem Kiri,3,Tahan,T4,kanan (A2),0.0,717.3,False,False,18.96,11.366
P32,timestamp_manual,Agem Kiri,3,Tahan,T6,kanan (A2),0.0,672.8,False,False,17.643,10.828
P32,timestamp_manual,Agem Kiri,3,Naik,Fp1,kiri (A1),0.0,714.8,False,False,13.425,9.588
P32,timestamp_manual,Agem Kiri,3,Naik,F3,kiri (A1),0.119,612.2,False,False,6.095,7.872
P32,timestamp_manual,Agem Kiri,3,Naik,C3,kiri (A1),0.412,253.9,False,False,0.666,-3.4
P32,timestamp_manual,Agem Kiri,3,Naik,P3,kiri (A1),0.352,245.6,False,False,7.598,3.262
P32,timestamp_manual,Agem Kiri,3,Naik,O1,kiri (A1),0.0,293.4,False,False,6.663,3.428
P32,timestamp_manual,Agem Kiri,3,Naik,F7,kiri (A1),0.0,647.0,False,False,10.818,10.465
P32,timestamp_manual,Agem Kiri,3,Naik,T3,kiri (A1),0.299,573.7,False,False,0.578,0.953
P32,timestamp_manual,Agem Kiri,3,Naik,T5,kiri (A1),0.0,537.6,False,False,6.652,3.458
P32,timestamp_manual,Agem Kiri,3,Naik,Fp2,kanan (A2),0.0,750.3,False,False,14.421,7.54
P32,timestamp_manual,Agem Kiri,3,Naik,F4,kanan (A2),0.0,877.2,False,False,13.615,12.93
P32,timestamp_manual,Agem Kiri,3,Naik,C4,kanan (A2),0.0,765.6,False,False,15.236,15.249
P32,timestamp_manual,Agem Kiri,3,Naik,P4,kanan (A2),0.0,799.9,False,False,15.638,12.122
P32,timestamp_manual,Agem Kiri,3,Naik,O2,kanan (A2),0.0,738.9,False,False,18.104,15.886
P32,timestamp_manual,Agem Kiri,3,Naik,F8,kanan (A2),0.0,711.2,False,False,8.805,11.968
P32,timestamp_manual,Agem Kiri,3,Naik,T4,kanan (A2),0.0,836.1,False,False,15.758,14.533
P32,timestamp_manual,Agem Kiri,3,Naik,T6,kanan (A2),0.0,691.6,False,False,15.239,13.317
P32,timestamp_manual,Agem Kiri,3,Berdiri,Fp1,kiri (A1),0.0,771.2,False,False,11.988,16.559
P32,timestamp_manual,Agem Kiri,3,Berdiri,F3,kiri (A1),0.098,682.7,False,False,13.841,13.191
P32,timestamp_manual,Agem Kiri,3,Berdiri,C3,kiri (A1),0.269,403.4,False,False,5.302,5.216
P32,timestamp_manual,Agem Kiri,3,Berdiri,P3,kiri (A1),0.171,447.7,False,False,6.053,4.206
P32,timestamp_manual,Agem Kiri,3,Berdiri,O1,kiri (A1),0.0,536.4,False,False,7.788,6.38
P32,timestamp_manual,Agem Kiri,3,Berdiri,F7,kiri (A1),0.0,713.7,False,False,13.753,12.647
P32,timestamp_manual,Agem Kiri,3,Berdiri,T3,kiri (A1),0.269,618.6,False,False,11.202,8.552
P32,timestamp_manual,Agem Kiri,3,Berdiri,T5,kiri (A1),0.0,639.5,False,False,9.406,7.4
P32,timestamp_manual,Agem Kiri,3,Berdiri,Fp2,kanan (A2),0.0,821.2,False,False,13.275,5.26
P32,timestamp_manual,Agem Kiri,3,Berdiri,F4,kanan (A2),0.0,879.9,False,False,13.223,8.773
P32,timestamp_manual,Agem Kiri,3,Berdiri,C4,kanan (A2),0.0,857.6,False,False,14.951,10.748
P32,timestamp_manual,Agem Kiri,3,Berdiri,P4,kanan (A2),0.0,866.6,False,False,14.183,7.9
P32,timestamp_manual,Agem Kiri,3,Berdiri,O2,kanan (A2),0.0,856.3,False,False,16.298,11.829
P32,timestamp_manual,Agem Kiri,3,Berdiri,F8,kanan (A2),0.0,862.3,False,False,12.453,11.79
P32,timestamp_manual,Agem Kiri,3,Berdiri,T4,kanan (A2),0.0,881.0,False,False,16.239,11.914
P32,timestamp_manual,Agem Kiri,3,Berdiri,T6,kanan (A2),0.0,776.9,False,False,16.072,10.302
P32,timestamp_manual,Agem Kiri,4,Gerak,Fp1,kiri (A1),0.0,752.4,False,False,14.215,16.261
P32,timestamp_manual,Agem Kiri,4,Gerak,F3,kiri (A1),0.0,607.5,False,False,14.855,10.78
P32,timestamp_manual,Agem Kiri,4,Gerak,C3,kiri (A1),0.0,252.0,False,False,2.805,3.136
P32,timestamp_manual,Agem Kiri,4,Gerak,P3,kiri (A1),0.0,654.8,False,False,0.897,12.487
P32,timestamp_manual,Agem Kiri,4,Gerak,O1,kiri (A1),0.0,464.7,False,False,11.473,6.473
P32,timestamp_manual,Agem Kiri,4,Gerak,F7,kiri (A1),0.0,635.3,False,False,12.715,11.062
P32,timestamp_manual,Agem Kiri,4,Gerak,T3,kiri (A1),0.075,266.5,False,False,3.884,2.586
P32,timestamp_manual,Agem Kiri,4,Gerak,T5,kiri (A1),0.0,492.2,False,False,8.493,7.694
P32,timestamp_manual,Agem Kiri,4,Gerak,Fp2,kanan (A2),0.0,701.2,False,False,9.991,10.757
P32,timestamp_manual,Agem Kiri,4,Gerak,F4,kanan (A2),0.0,705.0,False,False,11.329,13.054
P32,timestamp_manual,Agem Kiri,4,Gerak,C4,kanan (A2),0.0,682.5,False,False,11.836,14.581
P32,timestamp_manual,Agem Kiri,4,Gerak,P4,kanan (A2),0.0,726.7,False,False,10.151,12.503
P32,timestamp_manual,Agem Kiri,4,Gerak,O2,kanan (A2),0.0,690.3,False,False,15.163,15.641
P32,timestamp_manual,Agem Kiri,4,Gerak,F8,kanan (A2),0.0,731.3,False,False,10.086,12.698
P32,timestamp_manual,Agem Kiri,4,Gerak,T4,kanan (A2),0.0,647.1,False,False,13.097,14.214
P32,timestamp_manual,Agem Kiri,4,Gerak,T6,kanan (A2),0.0,722.1,False,False,13.577,11.174
P32,timestamp_manual,Agem Kiri,4,Tahan,Fp1,kiri (A1),0.0,697.7,False,False,10.641,13.931
P32,timestamp_manual,Agem Kiri,4,Tahan,F3,kiri (A1),0.014,523.9,False,False,2.14,5.869
P32,timestamp_manual,Agem Kiri,4,Tahan,C3,kiri (A1),0.255,267.8,False,False,-2.334,4.951
P32,timestamp_manual,Agem Kiri,4,Tahan,P3,kiri (A1),0.048,403.4,False,False,-6.718,-0.63
P32,timestamp_manual,Agem Kiri,4,Tahan,O1,kiri (A1),0.0,255.9,False,False,1.722,3.258
P32,timestamp_manual,Agem Kiri,4,Tahan,F7,kiri (A1),0.0,486.6,False,False,7.489,6.16
P32,timestamp_manual,Agem Kiri,4,Tahan,T3,kiri (A1),0.351,99.3,False,False,-10.709,-7.212
P32,timestamp_manual,Agem Kiri,4,Tahan,T5,kiri (A1),0.0,345.8,False,False,3.592,3.015
P32,timestamp_manual,Agem Kiri,4,Tahan,Fp2,kanan (A2),0.0,706.1,False,False,13.608,9.592
P32,timestamp_manual,Agem Kiri,4,Tahan,F4,kanan (A2),0.0,612.2,False,False,12.431,10.397
P32,timestamp_manual,Agem Kiri,4,Tahan,C4,kanan (A2),0.0,595.4,False,False,13.745,12.143
P32,timestamp_manual,Agem Kiri,4,Tahan,P4,kanan (A2),0.0,675.5,False,False,15.486,11.298
P32,timestamp_manual,Agem Kiri,4,Tahan,O2,kanan (A2),0.0,586.1,False,False,16.162,11.804
P32,timestamp_manual,Agem Kiri,4,Tahan,F8,kanan (A2),0.0,770.0,False,False,13.636,11.427
P32,timestamp_manual,Agem Kiri,4,Tahan,T4,kanan (A2),0.0,660.6,False,False,16.835,10.54
P32,timestamp_manual,Agem Kiri,4,Tahan,T6,kanan (A2),0.0,657.2,False,False,13.494,10.016
P32,timestamp_manual,Agem Kiri,4,Naik,Fp1,kiri (A1),0.0,798.5,False,False,15.254,15.887
P32,timestamp_manual,Agem Kiri,4,Naik,F3,kiri (A1),0.071,710.0,False,False,15.994,12.484
P32,timestamp_manual,Agem Kiri,4,Naik,C3,kiri (A1),0.285,676.6,False,False,8.45,9.87
P32,timestamp_manual,Agem Kiri,4,Naik,P3,kiri (A1),0.0,656.0,False,False,6.282,10.795
P32,timestamp_manual,Agem Kiri,4,Naik,O1,kiri (A1),0.0,680.3,False,False,6.276,11.002
P32,timestamp_manual,Agem Kiri,4,Naik,F7,kiri (A1),0.0,768.3,False,False,12.545,7.439
P32,timestamp_manual,Agem Kiri,4,Naik,T3,kiri (A1),0.228,634.6,False,False,11.547,9.749
P32,timestamp_manual,Agem Kiri,4,Naik,T5,kiri (A1),0.0,682.5,False,False,7.382,10.839
P32,timestamp_manual,Agem Kiri,4,Naik,Fp2,kanan (A2),0.0,723.3,False,False,17.022,8.236
P32,timestamp_manual,Agem Kiri,4,Naik,F4,kanan (A2),0.0,694.6,False,False,16.458,11.614
P32,timestamp_manual,Agem Kiri,4,Naik,C4,kanan (A2),0.0,739.9,False,False,18.827,12.541
P32,timestamp_manual,Agem Kiri,4,Naik,P4,kanan (A2),0.0,697.0,False,False,18.319,12.433
P32,timestamp_manual,Agem Kiri,4,Naik,O2,kanan (A2),0.0,670.4,False,False,20.193,13.785
P32,timestamp_manual,Agem Kiri,4,Naik,F8,kanan (A2),0.0,823.8,False,False,15.027,10.65
P32,timestamp_manual,Agem Kiri,4,Naik,T4,kanan (A2),0.0,688.5,False,False,17.569,12.001
P32,timestamp_manual,Agem Kiri,4,Naik,T6,kanan (A2),0.0,694.0,False,False,18.029,11.827
P32,timestamp_manual,Agem Kiri,4,Berdiri,Fp1,kiri (A1),0.0,795.5,False,False,14.378,14.211
P32,timestamp_manual,Agem Kiri,4,Berdiri,F3,kiri (A1),0.0,667.6,False,False,13.905,10.68
P32,timestamp_manual,Agem Kiri,4,Berdiri,C3,kiri (A1),0.0,627.1,False,False,9.725,9.693
P32,timestamp_manual,Agem Kiri,4,Berdiri,P3,kiri (A1),0.0,617.4,False,False,9.778,9.736
P32,timestamp_manual,Agem Kiri,4,Berdiri,O1,kiri (A1),0.0,652.6,False,False,11.03,8.968
P32,timestamp_manual,Agem Kiri,4,Berdiri,F7,kiri (A1),0.0,745.2,False,False,10.823,10.882
P32,timestamp_manual,Agem Kiri,4,Berdiri,T3,kiri (A1),0.0,638.9,False,False,11.457,10.3
P32,timestamp_manual,Agem Kiri,4,Berdiri,T5,kiri (A1),0.0,659.5,False,False,8.897,9.71
P32,timestamp_manual,Agem Kiri,4,Berdiri,Fp2,kanan (A2),0.0,680.8,False,False,13.073,6.415
P32,timestamp_manual,Agem Kiri,4,Berdiri,F4,kanan (A2),0.0,760.0,False,False,12.206,9.363
P32,timestamp_manual,Agem Kiri,4,Berdiri,C4,kanan (A2),0.0,787.9,False,False,13.856,11.751
P32,timestamp_manual,Agem Kiri,4,Berdiri,P4,kanan (A2),0.0,753.2,False,False,14.296,10.444
P32,timestamp_manual,Agem Kiri,4,Berdiri,O2,kanan (A2),0.0,772.6,False,False,14.65,11.229
P32,timestamp_manual,Agem Kiri,4,Berdiri,F8,kanan (A2),0.0,876.3,False,False,12.004,9.856
P32,timestamp_manual,Agem Kiri,4,Berdiri,T4,kanan (A2),0.0,774.3,False,False,13.743,12.309
P32,timestamp_manual,Agem Kiri,4,Berdiri,T6,kanan (A2),0.0,729.4,False,False,12.894,11.49
P32,timestamp_manual,-,0,Tutup Mata,Fp1,kiri (A1),0.0,234.4,False,,-2.634,-4.533
P32,timestamp_manual,-,0,Tutup Mata,F3,kiri (A1),0.328,127.7,False,,-3.919,-1.334
P32,timestamp_manual,-,0,Tutup Mata,C3,kiri (A1),0.308,141.1,False,,-3.168,1.173
P32,timestamp_manual,-,0,Tutup Mata,P3,kiri (A1),0.295,166.7,False,,-2.104,1.844
P32,timestamp_manual,-,0,Tutup Mata,O1,kiri (A1),0.105,183.5,False,,-2.681,2.169
P32,timestamp_manual,-,0,Tutup Mata,F7,kiri (A1),0.066,184.1,False,,-3.783,-1.072
P32,timestamp_manual,-,0,Tutup Mata,T3,kiri (A1),0.269,188.5,False,,-1.968,0.277
P32,timestamp_manual,-,0,Tutup Mata,T5,kiri (A1),0.0,172.3,False,,-5.398,-0.776
P32,timestamp_manual,-,0,Tutup Mata,Fp2,kanan (A2),0.0,224.7,False,,-4.256,-1.144
P32,timestamp_manual,-,0,Tutup Mata,F4,kanan (A2),0.0,95.4,False,,-13.771,-8.739
P32,timestamp_manual,-,0,Tutup Mata,C4,kanan (A2),0.0,84.8,False,,-10.61,-6.573
P32,timestamp_manual,-,0,Tutup Mata,P4,kanan (A2),0.0,105.3,False,,-7.77,-4.357
P32,timestamp_manual,-,0,Tutup Mata,O2,kanan (A2),0.0,95.8,False,,-4.874,-6.556
P32,timestamp_manual,-,0,Tutup Mata,F8,kanan (A2),0.0,350.2,False,,0.098,-4.409
P32,timestamp_manual,-,0,Tutup Mata,T4,kanan (A2),0.033,61.2,False,,-12.779,-10.028
P32,timestamp_manual,-,0,Tutup Mata,T6,kanan (A2),0.0,128.7,False,,-6.2,-2.918
P32,timestamp_manual,-,0,Istirahat,Fp1,kiri (A1),0.079,692.9,False,,0.0,0.0
P32,timestamp_manual,-,0,Istirahat,F3,kiri (A1),0.473,688.4,False,,0.0,0.0
P32,timestamp_manual,-,0,Istirahat,C3,kiri (A1),0.412,449.8,False,,0.0,0.0
P32,timestamp_manual,-,0,Istirahat,P3,kiri (A1),0.432,426.4,False,,0.0,0.0
P32,timestamp_manual,-,0,Istirahat,O1,kiri (A1),0.281,532.1,False,,0.0,0.0
P32,timestamp_manual,-,0,Istirahat,F7,kiri (A1),0.179,582.3,False,,0.0,0.0
P32,timestamp_manual,-,0,Istirahat,T3,kiri (A1),0.334,428.8,False,,0.0,0.0
P32,timestamp_manual,-,0,Istirahat,T5,kiri (A1),0.03,724.6,False,,0.0,0.0
P32,timestamp_manual,-,0,Istirahat,Fp2,kanan (A2),0.089,710.6,False,,0.0,0.0
P32,timestamp_manual,-,0,Istirahat,F4,kanan (A2),0.0,767.1,False,,0.0,0.0
P32,timestamp_manual,-,0,Istirahat,C4,kanan (A2),0.109,711.7,False,,0.0,0.0
P32,timestamp_manual,-,0,Istirahat,P4,kanan (A2),0.136,752.1,False,,0.0,0.0
P32,timestamp_manual,-,0,Istirahat,O2,kanan (A2),0.112,677.5,False,,0.0,0.0
P32,timestamp_manual,-,0,Istirahat,F8,kanan (A2),0.058,857.8,False,,0.0,0.0
P32,timestamp_manual,-,0,Istirahat,T4,kanan (A2),0.109,671.8,False,,0.0,0.0
P32,timestamp_manual,-,0,Istirahat,T6,kanan (A2),0.088,666.3,False,,0.0,0.0
P32,repo_video,Ngeed,1,Gerak,Fp1,kiri (A1),0.0,485.8,False,False,6.071,11.708
P32,repo_video,Ngeed,1,Gerak,F3,kiri (A1),0.181,186.3,False,False,3.506,-3.286
P32,repo_video,Ngeed,1,Gerak,C3,kiri (A1),0.298,346.7,False,False,6.737,-1.058
P32,repo_video,Ngeed,1,Gerak,P3,kiri (A1),0.415,250.2,False,False,-5.535,-2.117
P32,repo_video,Ngeed,1,Gerak,O1,kiri (A1),0.415,228.0,False,False,-2.354,-0.536
P32,repo_video,Ngeed,1,Gerak,F7,kiri (A1),0.0,251.0,False,False,0.706,2.736
P32,repo_video,Ngeed,1,Gerak,T3,kiri (A1),0.0,240.8,False,False,8.84,5.406
P32,repo_video,Ngeed,1,Gerak,T5,kiri (A1),0.0,528.6,False,False,8.402,8.435
P32,repo_video,Ngeed,1,Gerak,Fp2,kanan (A2),0.0,259.9,False,False,4.46,1.806
P32,repo_video,Ngeed,1,Gerak,F4,kanan (A2),0.0,495.4,False,False,11.987,9.355
P32,repo_video,Ngeed,1,Gerak,C4,kanan (A2),0.0,241.2,False,False,9.258,3.806
P32,repo_video,Ngeed,1,Gerak,P4,kanan (A2),0.0,278.3,False,False,10.399,4.31
P32,repo_video,Ngeed,1,Gerak,O2,kanan (A2),0.0,250.7,False,False,10.434,2.285
P32,repo_video,Ngeed,1,Gerak,F8,kanan (A2),0.0,587.1,False,False,1.494,3.704
P32,repo_video,Ngeed,1,Gerak,T4,kanan (A2),0.0,566.4,False,False,10.79,5.176
P32,repo_video,Ngeed,1,Gerak,T6,kanan (A2),0.0,597.8,False,False,12.008,4.436
P32,repo_video,Ngeed,1,Tahan,Fp1,kiri (A1),0.0,240.7,False,False,4.335,-0.013
P32,repo_video,Ngeed,1,Tahan,F3,kiri (A1),1.0,0.1,False,False,-62.573,-93.135
P32,repo_video,Ngeed,1,Tahan,C3,kiri (A1),1.0,0.1,False,False,-68.574,-99.35
P32,repo_video,Ngeed,1,Tahan,P3,kiri (A1),1.0,0.0,False,False,-82.246,-96.523
P32,repo_video,Ngeed,1,Tahan,O1,kiri (A1),0.981,2.6,False,False,-35.839,-48.576
P32,repo_video,Ngeed,1,Tahan,F7,kiri (A1),0.0,119.6,False,True,0.22,-2.013
P32,repo_video,Ngeed,1,Tahan,T3,kiri (A1),0.753,17.4,False,False,-18.927,-21.798
P32,repo_video,Ngeed,1,Tahan,T5,kiri (A1),0.0,228.8,False,False,4.186,-1.453
P32,repo_video,Ngeed,1,Tahan,Fp2,kanan (A2),0.0,182.6,False,False,-1.833,-0.658
P32,repo_video,Ngeed,1,Tahan,F4,kanan (A2),0.0,311.0,False,False,2.6,-0.434
P32,repo_video,Ngeed,1,Tahan,C4,kanan (A2),0.0,145.8,False,True,2.017,-4.267
P32,repo_video,Ngeed,1,Tahan,P4,kanan (A2),0.0,132.1,False,True,4.934,-4.173
P32,repo_video,Ngeed,1,Tahan,O2,kanan (A2),0.0,172.2,False,False,0.802,-5.187
P32,repo_video,Ngeed,1,Tahan,F8,kanan (A2),0.0,292.0,False,False,-4.642,-5.544
P32,repo_video,Ngeed,1,Tahan,T4,kanan (A2),0.0,354.4,False,False,8.187,-1.601
P32,repo_video,Ngeed,1,Tahan,T6,kanan (A2),0.0,192.3,False,False,2.489,-4.263
P32,repo_video,Ngeed,1,Naik,Fp1,kiri (A1),0.0,159.2,False,False,4.28,-2.321
P32,repo_video,Ngeed,1,Naik,F3,kiri (A1),1.0,0.1,False,False,-61.132,-83.305
P32,repo_video,Ngeed,1,Naik,C3,kiri (A1),1.0,0.0,False,False,-78.543,-95.761
P32,repo_video,Ngeed,1,Naik,P3,kiri (A1),1.0,0.0,False,False,-306.962,-304.038
P32,repo_video,Ngeed,1,Naik,O1,kiri (A1),0.75,8.8,False,False,-29.306,-18.76
P32,repo_video,Ngeed,1,Naik,F7,kiri (A1),0.0,102.2,False,True,1.786,-1.623
P32,repo_video,Ngeed,1,Naik,T3,kiri (A1),0.188,35.8,False,False,-12.606,-6.697
P32,repo_video,Ngeed,1,Naik,T5,kiri (A1),0.0,214.2,False,False,8.297,-2.699
P32,repo_video,Ngeed,1,Naik,Fp2,kanan (A2),0.0,112.5,False,True,1.166,-0.594
P32,repo_video,Ngeed,1,Naik,F4,kanan (A2),0.0,135.9,False,True,-1.706,-2.6
P32,repo_video,Ngeed,1,Naik,C4,kanan (A2),0.0,90.0,False,True,-4.328,-5.647
P32,repo_video,Ngeed,1,Naik,P4,kanan (A2),0.0,79.9,False,True,-5.07,-8.05
P32,repo_video,Ngeed,1,Naik,O2,kanan (A2),0.0,68.4,False,True,0.089,-9.134
P32,repo_video,Ngeed,1,Naik,F8,kanan (A2),0.0,110.1,False,True,-3.741,-10.203
P32,repo_video,Ngeed,1,Naik,T4,kanan (A2),0.0,120.9,False,True,3.475,-7.979
P32,repo_video,Ngeed,1,Naik,T6,kanan (A2),0.0,52.2,False,True,-7.391,-7.019
P32,repo_video,Ngeed,2,Gerak,Fp1,kiri (A1),0.0,194.7,False,False,-1.259,-2.635
P32,repo_video,Ngeed,2,Gerak,F3,kiri (A1),0.0,122.8,False,True,2.123,3.269
P32,repo_video,Ngeed,2,Gerak,C3,kiri (A1),0.0,92.1,False,True,-1.107,-1.656
P32,repo_video,Ngeed,2,Gerak,P3,kiri (A1),0.0,122.6,False,True,2.118,1.639
P32,repo_video,Ngeed,2,Gerak,O1,kiri (A1),0.0,203.9,False,False,8.544,1.531
P32,repo_video,Ngeed,2,Gerak,F7,kiri (A1),1.0,0.1,False,False,-65.806,-87.124
P32,repo_video,Ngeed,2,Gerak,T3,kiri (A1),0.006,71.7,False,True,-4.337,-2.965
P32,repo_video,Ngeed,2,Gerak,T5,kiri (A1),0.0,141.7,False,True,-2.846,-3.014
P32,repo_video,Ngeed,2,Gerak,Fp2,kanan (A2),1.0,0.0,False,False,-94.364,-110.614
P32,repo_video,Ngeed,2,Gerak,F4,kanan (A2),0.262,67.5,False,False,-9.805,-14.202
P32,repo_video,Ngeed,2,Gerak,C4,kanan (A2),1.0,0.0,False,False,-307.124,-301.212
P32,repo_video,Ngeed,2,Gerak,P4,kanan (A2),1.0,0.0,False,False,-311.492,-304.228
P32,repo_video,Ngeed,2,Gerak,O2,kanan (A2),1.0,0.0,False,False,-308.535,-299.98
P32,repo_video,Ngeed,2,Gerak,F8,kanan (A2),0.0,175.8,False,False,1.698,-0.272
P32,repo_video,Ngeed,2,Gerak,T4,kanan (A2),1.0,0.0,False,False,-308.815,-299.635
P32,repo_video,Ngeed,2,Gerak,T6,kanan (A2),1.0,0.0,False,False,-308.588,-300.932
P32,repo_video,Ngeed,2,Tahan,Fp1,kiri (A1),0.0,99.3,False,True,-9.117,-7.996
P32,repo_video,Ngeed,2,Tahan,F3,kiri (A1),0.0,171.1,False,False,1.005,-1.283
P32,repo_video,Ngeed,2,Tahan,C3,kiri (A1),0.0,111.9,False,True,-1.4,0.608
P32,repo_video,Ngeed,2,Tahan,P3,kiri (A1),0.0,90.3,False,True,-4.198,-1.692
P32,repo_video,Ngeed,2,Tahan,O1,kiri (A1),0.0,110.5,False,True,-0.836,-0.119
P32,repo_video,Ngeed,2,Tahan,F7,kiri (A1),0.0,68.7,False,True,-8.069,-6.745
P32,repo_video,Ngeed,2,Tahan,T3,kiri (A1),0.0,122.3,False,True,0.723,-0.454
P32,repo_video,Ngeed,2,Tahan,T5,kiri (A1),0.0,125.8,False,True,-1.409,-2.26
P32,repo_video,Ngeed,2,Tahan,Fp2,kanan (A2),0.409,44.7,False,False,-24.413,-22.5
P32,repo_video,Ngeed,2,Tahan,F4,kanan (A2),0.854,3.3,False,False,-54.27,-64.068
P32,repo_video,Ngeed,2,Tahan,C4,kanan (A2),1.0,0.0,False,False,-308.707,-302.318
P32,repo_video,Ngeed,2,Tahan,P4,kanan (A2),1.0,0.3,False,False,-54.003,-90.645
P32,repo_video,Ngeed,2,Tahan,O2,kanan (A2),1.0,0.0,False,False,-310.507,-302.398
P32,repo_video,Ngeed,2,Tahan,F8,kanan (A2),0.0,119.1,False,True,-8.46,-8.565
P32,repo_video,Ngeed,2,Tahan,T4,kanan (A2),1.0,0.0,False,False,-309.299,-300.637
P32,repo_video,Ngeed,2,Tahan,T6,kanan (A2),1.0,0.1,False,False,-73.614,-97.14
P32,repo_video,Ngeed,2,Naik,Fp1,kiri (A1),0.0,78.2,False,True,-2.823,-6.603
P32,repo_video,Ngeed,2,Naik,F3,kiri (A1),0.0,115.5,False,True,6.895,-0.869
P32,repo_video,Ngeed,2,Naik,C3,kiri (A1),0.0,82.9,False,True,3.764,0.808
P32,repo_video,Ngeed,2,Naik,P3,kiri (A1),0.0,86.4,False,True,5.136,-0.257
P32,repo_video,Ngeed,2,Naik,O1,kiri (A1),0.0,49.2,False,True,-4.348,-3.821
P32,repo_video,Ngeed,2,Naik,F7,kiri (A1),0.0,84.0,False,True,1.317,-2.172
P32,repo_video,Ngeed,2,Naik,T3,kiri (A1),0.0,113.3,False,True,2.815,2.002
P32,repo_video,Ngeed,2,Naik,T5,kiri (A1),0.0,142.8,False,True,2.673,-1.971
P32,repo_video,Ngeed,2,Naik,Fp2,kanan (A2),0.0,114.7,False,True,2.511,-3.816
P32,repo_video,Ngeed,2,Naik,F4,kanan (A2),0.0,150.7,False,False,-1.086,-2.352
P32,repo_video,Ngeed,2,Naik,C4,kanan (A2),1.0,0.1,False,False,-55.878,-86.413
P32,repo_video,Ngeed,2,Naik,P4,kanan (A2),0.0,84.9,False,True,0.591,-12.677
P32,repo_video,Ngeed,2,Naik,O2,kanan (A2),1.0,0.1,False,False,-55.824,-89.661
P32,repo_video,Ngeed,2,Naik,F8,kanan (A2),0.839,6.1,False,False,-45.146,-38.182
P32,repo_video,Ngeed,2,Naik,T4,kanan (A2),1.0,0.2,False,False,-54.493,-84.652
P32,repo_video,Ngeed,2,Naik,T6,kanan (A2),0.194,22.4,False,False,-15.61,-15.334
P32,repo_video,Agem Kiri,11,Gerak,Fp1,kiri (A1),0.0,756.0,False,False,8.817,15.744
P32,repo_video,Agem Kiri,11,Gerak,F3,kiri (A1),0.0,681.8,False,False,16.654,14.501
P32,repo_video,Agem Kiri,11,Gerak,C3,kiri (A1),0.0,733.6,False,False,19.473,12.888
P32,repo_video,Agem Kiri,11,Gerak,P3,kiri (A1),0.0,696.3,False,False,19.417,12.101
P32,repo_video,Agem Kiri,11,Gerak,O1,kiri (A1),0.0,709.7,False,False,21.249,12.038
P32,repo_video,Agem Kiri,11,Gerak,F7,kiri (A1),0.0,626.8,False,False,14.537,11.803
P32,repo_video,Agem Kiri,11,Gerak,T3,kiri (A1),0.0,639.0,False,False,18.783,11.624
P32,repo_video,Agem Kiri,11,Gerak,T5,kiri (A1),0.0,676.6,False,False,15.289,15.821
P32,repo_video,Agem Kiri,11,Gerak,Fp2,kanan (A2),0.0,661.5,False,False,12.02,9.598
P32,repo_video,Agem Kiri,11,Gerak,F4,kanan (A2),0.0,803.5,False,False,18.809,13.351
P32,repo_video,Agem Kiri,11,Gerak,C4,kanan (A2),0.0,690.3,False,False,14.72,15.606
P32,repo_video,Agem Kiri,11,Gerak,P4,kanan (A2),0.0,699.1,False,False,17.014,13.504
P32,repo_video,Agem Kiri,11,Gerak,O2,kanan (A2),0.0,611.6,False,False,14.372,14.386
P32,repo_video,Agem Kiri,11,Gerak,F8,kanan (A2),0.0,799.8,False,False,14.303,10.582
P32,repo_video,Agem Kiri,11,Gerak,T4,kanan (A2),0.0,667.4,False,False,19.872,13.146
P32,repo_video,Agem Kiri,11,Gerak,T6,kanan (A2),0.0,603.5,False,False,15.973,10.104
P32,repo_video,Agem Kiri,11,Tahan,Fp1,kiri (A1),0.0,504.3,False,False,7.35,4.892
P32,repo_video,Agem Kiri,11,Tahan,F3,kiri (A1),0.0,451.8,False,False,7.04,5.933
P32,repo_video,Agem Kiri,11,Tahan,C3,kiri (A1),0.0,210.2,False,False,1.678,2.141
P32,repo_video,Agem Kiri,11,Tahan,P3,kiri (A1),0.0,212.8,False,False,2.67,3.269
P32,repo_video,Agem Kiri,11,Tahan,O1,kiri (A1),0.0,218.6,False,False,-1.285,-5.42
P32,repo_video,Agem Kiri,11,Tahan,F7,kiri (A1),0.0,308.4,False,False,3.295,1.637
P32,repo_video,Agem Kiri,11,Tahan,T3,kiri (A1),0.0,307.4,False,False,6.77,4.287
P32,repo_video,Agem Kiri,11,Tahan,T5,kiri (A1),0.0,672.3,False,False,13.347,5.378
P32,repo_video,Agem Kiri,11,Tahan,Fp2,kanan (A2),0.0,403.8,False,False,3.432,5.46
P32,repo_video,Agem Kiri,11,Tahan,F4,kanan (A2),0.0,656.3,False,False,9.003,14.02
P32,repo_video,Agem Kiri,11,Tahan,C4,kanan (A2),0.106,256.4,False,False,0.383,9.623
P32,repo_video,Agem Kiri,11,Tahan,P4,kanan (A2),0.0,395.5,False,False,5.751,8.991
P32,repo_video,Agem Kiri,11,Tahan,O2,kanan (A2),0.423,53.3,False,False,-15.259,-3.013
P32,repo_video,Agem Kiri,11,Tahan,F8,kanan (A2),0.0,683.3,False,False,9.135,10.94
P32,repo_video,Agem Kiri,11,Tahan,T4,kanan (A2),0.0,158.4,False,False,-7.208,5.754
P32,repo_video,Agem Kiri,11,Tahan,T6,kanan (A2),0.0,194.5,False,False,-1.761,5.94
P32,repo_video,Agem Kiri,11,Naik,Fp1,kiri (A1),0.0,386.9,False,False,5.677,-1.611
P32,repo_video,Agem Kiri,11,Naik,F3,kiri (A1),0.0,205.0,False,False,1.467,-2.556
P32,repo_video,Agem Kiri,11,Naik,C3,kiri (A1),1.0,1.1,False,False,-33.161,-61.538
P32,repo_video,Agem Kiri,11,Naik,P3,kiri (A1),1.0,0.4,False,False,-37.793,-64.112
P32,repo_video,Agem Kiri,11,Naik,O1,kiri (A1),1.0,1.8,False,False,-40.483,-62.863
P32,repo_video,Agem Kiri,11,Naik,F7,kiri (A1),0.0,134.4,False,True,1.673,-3.495
P32,repo_video,Agem Kiri,11,Naik,T3,kiri (A1),0.0,152.1,False,False,3.927,-0.499
P32,repo_video,Agem Kiri,11,Naik,T5,kiri (A1),0.0,314.2,False,False,5.991,-4.917
P32,repo_video,Agem Kiri,11,Naik,Fp2,kanan (A2),0.0,307.8,False,False,5.919,5.951
P32,repo_video,Agem Kiri,11,Naik,F4,kanan (A2),0.0,458.4,False,False,12.121,11.639
P32,repo_video,Agem Kiri,11,Naik,C4,kanan (A2),0.0,271.4,False,False,5.227,11.786
P32,repo_video,Agem Kiri,11,Naik,P4,kanan (A2),0.0,293.7,False,False,8.602,8.309
P32,repo_video,Agem Kiri,11,Naik,O2,kanan (A2),0.0,148.7,False,True,6.978,6.671
P32,repo_video,Agem Kiri,11,Naik,F8,kanan (A2),0.0,419.6,False,False,6.326,10.62
P32,repo_video,Agem Kiri,11,Naik,T4,kanan (A2),0.0,274.4,False,False,6.926,11.686
P32,repo_video,Agem Kiri,11,Naik,T6,kanan (A2),0.0,207.6,False,False,6.751,7.177
P32,repo_video,Agem Kiri,12,Gerak,Fp1,kiri (A1),0.0,654.5,False,False,5.672,17.37
P32,repo_video,Agem Kiri,12,Gerak,F3,kiri (A1),0.0,563.1,False,False,16.974,4.469
P32,repo_video,Agem Kiri,12,Gerak,C3,kiri (A1),0.0,292.9,False,False,12.211,6.614
P32,repo_video,Agem Kiri,12,Gerak,P3,kiri (A1),0.0,265.9,False,False,15.098,6.282
P32,repo_video,Agem Kiri,12,Gerak,O1,kiri (A1),0.0,341.9,False,False,16.37,4.63
P32,repo_video,Agem Kiri,12,Gerak,F7,kiri (A1),0.0,226.8,False,False,6.966,4.881
P32,repo_video,Agem Kiri,12,Gerak,T3,kiri (A1),0.0,317.4,False,False,14.999,9.149
P32,repo_video,Agem Kiri,12,Gerak,T5,kiri (A1),0.0,509.6,False,False,15.212,11.266
P32,repo_video,Agem Kiri,12,Gerak,Fp2,kanan (A2),0.0,564.0,False,False,9.257,13.533
P32,repo_video,Agem Kiri,12,Gerak,F4,kanan (A2),0.0,748.8,False,False,14.577,14.709
P32,repo_video,Agem Kiri,12,Gerak,C4,kanan (A2),0.0,672.6,False,False,11.884,18.592
P32,repo_video,Agem Kiri,12,Gerak,P4,kanan (A2),0.0,681.3,False,False,14.185,18.412
P32,repo_video,Agem Kiri,12,Gerak,O2,kanan (A2),0.0,434.0,False,False,7.007,19.435
P32,repo_video,Agem Kiri,12,Gerak,F8,kanan (A2),0.0,796.3,False,False,7.655,19.266
P32,repo_video,Agem Kiri,12,Gerak,T4,kanan (A2),0.0,705.5,False,False,14.387,18.981
P32,repo_video,Agem Kiri,12,Gerak,T6,kanan (A2),0.0,543.9,False,False,8.409,17.804
P32,repo_video,Agem Kiri,12,Tahan,Fp1,kiri (A1),0.0,611.9,False,False,7.82,10.672
P32,repo_video,Agem Kiri,12,Tahan,F3,kiri (A1),0.0,250.4,False,False,7.943,4.65
P32,repo_video,Agem Kiri,12,Tahan,C3,kiri (A1),0.173,219.1,False,False,4.383,-1.189
P32,repo_video,Agem Kiri,12,Tahan,P3,kiri (A1),0.173,240.8,False,False,5.624,-1.384
P32,repo_video,Agem Kiri,12,Tahan,O1,kiri (A1),0.283,331.8,False,False,7.898,-2.873
P32,repo_video,Agem Kiri,12,Tahan,F7,kiri (A1),0.0,332.7,False,False,3.452,1.041
P32,repo_video,Agem Kiri,12,Tahan,T3,kiri (A1),0.0,227.1,False,False,8.874,3.052
P32,repo_video,Agem Kiri,12,Tahan,T5,kiri (A1),0.0,555.6,False,False,10.747,4.455
P32,repo_video,Agem Kiri,12,Tahan,Fp2,kanan (A2),0.0,686.8,False,False,5.846,7.79
P32,repo_video,Agem Kiri,12,Tahan,F4,kanan (A2),0.0,757.1,False,False,10.041,12.174
P32,repo_video,Agem Kiri,12,Tahan,C4,kanan (A2),0.0,621.0,False,False,2.626,11.231
P32,repo_video,Agem Kiri,12,Tahan,P4,kanan (A2),0.0,680.2,False,False,5.876,9.725
P32,repo_video,Agem Kiri,12,Tahan,O2,kanan (A2),0.0,541.8,False,False,-0.046,11.774
P32,repo_video,Agem Kiri,12,Tahan,F8,kanan (A2),0.0,848.2,False,False,11.743,12.216
P32,repo_video,Agem Kiri,12,Tahan,T4,kanan (A2),0.0,637.3,False,False,2.93,11.447
P32,repo_video,Agem Kiri,12,Tahan,T6,kanan (A2),0.0,614.6,False,False,2.595,9.485
P32,repo_video,Agem Kiri,12,Naik,Fp1,kiri (A1),0.0,203.5,False,False,-2.306,-7.795
P32,repo_video,Agem Kiri,12,Naik,F3,kiri (A1),0.0,81.6,False,True,-1.216,-2.945
P32,repo_video,Agem Kiri,12,Naik,C3,kiri (A1),1.0,0.5,False,False,-40.599,-61.172
P32,repo_video,Agem Kiri,12,Naik,P3,kiri (A1),1.0,0.2,False,False,-46.795,-68.228
P32,repo_video,Agem Kiri,12,Naik,O1,kiri (A1),1.0,0.3,False,False,-44.465,-65.193
P32,repo_video,Agem Kiri,12,Naik,F7,kiri (A1),0.0,69.8,False,True,-4.197,-5.002
P32,repo_video,Agem Kiri,12,Naik,T3,kiri (A1),0.0,54.9,False,True,-8.228,-6.674
P32,repo_video,Agem Kiri,12,Naik,T5,kiri (A1),0.0,146.9,False,True,5.324,2.988
P32,repo_video,Agem Kiri,12,Naik,Fp2,kanan (A2),0.0,126.5,False,True,4.898,0.068
P32,repo_video,Agem Kiri,12,Naik,F4,kanan (A2),0.0,235.5,False,False,4.371,10.731
P32,repo_video,Agem Kiri,12,Naik,C4,kanan (A2),0.0,86.1,False,True,-7.82,3.487
P32,repo_video,Agem Kiri,12,Naik,P4,kanan (A2),0.0,104.0,False,True,-1.144,4.749
P32,repo_video,Agem Kiri,12,Naik,O2,kanan (A2),0.0,68.0,False,True,0.288,1.378
P32,repo_video,Agem Kiri,12,Naik,F8,kanan (A2),0.0,159.7,False,False,1.021,5.412
P32,repo_video,Agem Kiri,12,Naik,T4,kanan (A2),0.0,336.0,False,False,16.041,2.764
P32,repo_video,Agem Kiri,12,Naik,T6,kanan (A2),0.0,180.0,False,False,-0.7,7.04
P32,repo_video,Agem Kanan,11,Gerak,Fp1,kiri (A1),0.0,672.9,False,False,11.77,17.474
P32,repo_video,Agem Kanan,11,Gerak,F3,kiri (A1),0.0,547.3,False,False,19.204,10.592
P32,repo_video,Agem Kanan,11,Gerak,C3,kiri (A1),0.0,478.7,False,False,13.852,9.904
P32,repo_video,Agem Kanan,11,Gerak,P3,kiri (A1),0.0,512.5,False,False,16.109,11.29
P32,repo_video,Agem Kanan,11,Gerak,O1,kiri (A1),0.0,541.3,False,False,16.356,14.026
P32,repo_video,Agem Kanan,11,Gerak,F7,kiri (A1),0.0,606.4,False,False,10.37,14.279
P32,repo_video,Agem Kanan,11,Gerak,T3,kiri (A1),0.0,397.2,False,False,15.196,13.575
P32,repo_video,Agem Kanan,11,Gerak,T5,kiri (A1),0.0,523.6,False,False,10.526,14.239
P32,repo_video,Agem Kanan,11,Gerak,Fp2,kanan (A2),0.0,721.1,False,False,14.45,9.982
P32,repo_video,Agem Kanan,11,Gerak,F4,kanan (A2),0.0,735.3,False,False,15.058,11.982
P32,repo_video,Agem Kanan,11,Gerak,C4,kanan (A2),0.0,719.3,False,False,12.069,14.056
P32,repo_video,Agem Kanan,11,Gerak,P4,kanan (A2),0.0,706.8,False,False,16.251,12.024
P32,repo_video,Agem Kanan,11,Gerak,O2,kanan (A2),0.0,403.6,False,False,3.325,12.837
P32,repo_video,Agem Kanan,11,Gerak,F8,kanan (A2),0.0,685.5,False,False,13.811,8.123
P32,repo_video,Agem Kanan,11,Gerak,T4,kanan (A2),0.0,588.6,False,False,9.293,14.949
P32,repo_video,Agem Kanan,11,Gerak,T6,kanan (A2),0.0,546.1,False,False,7.053,11.797
P32,repo_video,Agem Kanan,11,Tahan,Fp1,kiri (A1),0.0,460.2,False,False,5.628,6.518
P32,repo_video,Agem Kanan,11,Tahan,F3,kiri (A1),0.0,235.8,False,False,4.974,5.805
P32,repo_video,Agem Kanan,11,Tahan,C3,kiri (A1),0.0,371.3,False,False,8.09,7.262
P32,repo_video,Agem Kanan,11,Tahan,P3,kiri (A1),0.0,310.8,False,False,5.338,5.619
P32,repo_video,Agem Kanan,11,Tahan,O1,kiri (A1),0.275,191.1,False,False,-4.45,2.104
P32,repo_video,Agem Kanan,11,Tahan,F7,kiri (A1),0.0,226.2,False,False,1.246,3.667
P32,repo_video,Agem Kanan,11,Tahan,T3,kiri (A1),0.0,256.1,False,False,5.326,7.317
P32,repo_video,Agem Kanan,11,Tahan,T5,kiri (A1),0.0,331.3,False,False,2.613,3.243
P32,repo_video,Agem Kanan,11,Tahan,Fp2,kanan (A2),0.0,448.0,False,False,2.733,0.403
P32,repo_video,Agem Kanan,11,Tahan,F4,kanan (A2),0.0,350.8,False,False,0.939,-5.161
P32,repo_video,Agem Kanan,11,Tahan,C4,kanan (A2),0.064,97.4,False,True,-7.821,-6.078
P32,repo_video,Agem Kanan,11,Tahan,P4,kanan (A2),0.0,256.7,False,False,2.247,-4.16
P32,repo_video,Agem Kanan,11,Tahan,O2,kanan (A2),0.0,99.4,False,True,-3.417,-8.848
P32,repo_video,Agem Kanan,11,Tahan,F8,kanan (A2),0.0,500.9,False,False,2.583,-3.595
P32,repo_video,Agem Kanan,11,Tahan,T4,kanan (A2),0.0,124.5,False,True,-3.574,-6.073
P32,repo_video,Agem Kanan,11,Tahan,T6,kanan (A2),0.0,190.7,False,False,-5.26,-7.029
P32,repo_video,Agem Kanan,11,Naik,Fp1,kiri (A1),0.0,510.8,False,False,10.312,17.392
P32,repo_video,Agem Kanan,11,Naik,F3,kiri (A1),0.0,248.7,False,False,2.458,4.422
P32,repo_video,Agem Kanan,11,Naik,C3,kiri (A1),0.0,238.8,False,False,4.851,10.613
P32,repo_video,Agem Kanan,11,Naik,P3,kiri (A1),0.0,108.5,False,True,-5.858,1.824
P32,repo_video,Agem Kanan,11,Naik,O1,kiri (A1),0.0,81.4,False,True,-11.606,-3.288
P32,repo_video,Agem Kanan,11,Naik,F7,kiri (A1),0.0,351.7,False,False,6.914,13.075
P32,repo_video,Agem Kanan,11,Naik,T3,kiri (A1),0.0,218.4,False,False,2.686,8.136
P32,repo_video,Agem Kanan,11,Naik,T5,kiri (A1),0.0,539.2,False,False,12.3,14.54
P32,repo_video,Agem Kanan,11,Naik,Fp2,kanan (A2),0.0,260.5,False,False,8.518,-3.35
P32,repo_video,Agem Kanan,11,Naik,F4,kanan (A2),0.0,416.6,False,False,9.429,4.135
P32,repo_video,Agem Kanan,11,Naik,C4,kanan (A2),0.0,243.6,False,False,4.329,4.233
P32,repo_video,Agem Kanan,11,Naik,P4,kanan (A2),0.0,369.3,False,False,0.66,-1.624
P32,repo_video,Agem Kanan,11,Naik,O2,kanan (A2),0.0,85.5,False,True,-1.212,-0.096
P32,repo_video,Agem Kanan,11,Naik,F8,kanan (A2),0.0,395.2,False,False,4.159,4.41
P32,repo_video,Agem Kanan,11,Naik,T4,kanan (A2),0.0,229.9,False,False,-3.939,8.907
P32,repo_video,Agem Kanan,11,Naik,T6,kanan (A2),0.0,183.1,False,False,0.228,-4.391
P32,repo_video,Agem Kanan,12,Gerak,Fp1,kiri (A1),0.0,613.0,False,False,10.712,12.049
P32,repo_video,Agem Kanan,12,Gerak,F3,kiri (A1),0.0,491.3,False,False,7.814,7.765
P32,repo_video,Agem Kanan,12,Gerak,C3,kiri (A1),0.0,592.6,False,False,16.566,8.651
P32,repo_video,Agem Kanan,12,Gerak,P3,kiri (A1),0.0,588.6,False,False,12.466,10.139
P32,repo_video,Agem Kanan,12,Gerak,O1,kiri (A1),0.0,595.1,False,False,11.081,9.785
P32,repo_video,Agem Kanan,12,Gerak,F7,kiri (A1),0.0,368.1,False,False,4.865,5.671
P32,repo_video,Agem Kanan,12,Gerak,T3,kiri (A1),0.0,498.2,False,False,11.55,8.057
P32,repo_video,Agem Kanan,12,Gerak,T5,kiri (A1),0.0,613.0,False,False,9.296,7.487
P32,repo_video,Agem Kanan,12,Gerak,Fp2,kanan (A2),0.0,254.4,False,False,2.957,-2.427
P32,repo_video,Agem Kanan,12,Gerak,F4,kanan (A2),0.0,474.5,False,False,8.289,8.707
P32,repo_video,Agem Kanan,12,Gerak,C4,kanan (A2),0.0,162.8,False,False,9.796,2.633
P32,repo_video,Agem Kanan,12,Gerak,P4,kanan (A2),0.0,330.8,False,False,9.237,0.414
P32,repo_video,Agem Kanan,12,Gerak,O2,kanan (A2),0.689,2.4,False,False,-33.449,-35.998
P32,repo_video,Agem Kanan,12,Gerak,F8,kanan (A2),0.0,390.9,False,False,3.584,3.932
P32,repo_video,Agem Kanan,12,Gerak,T4,kanan (A2),0.0,233.9,False,False,-15.407,-18.958
P32,repo_video,Agem Kanan,12,Gerak,T6,kanan (A2),0.0,84.8,False,True,-8.723,-14.436
P32,repo_video,Agem Kanan,12,Tahan,Fp1,kiri (A1),0.0,403.8,False,False,2.87,11.802
P32,repo_video,Agem Kanan,12,Tahan,F3,kiri (A1),0.0,243.2,False,False,3.111,5.183
P32,repo_video,Agem Kanan,12,Tahan,C3,kiri (A1),0.0,301.7,False,False,1.972,9.282
P32,repo_video,Agem Kanan,12,Tahan,P3,kiri (A1),0.0,257.4,False,False,6.401,7.88
P32,repo_video,Agem Kanan,12,Tahan,O1,kiri (A1),0.0,223.1,False,False,6.12,5.831
P32,repo_video,Agem Kanan,12,Tahan,F7,kiri (A1),0.0,208.3,False,False,-5.373,2.177
P32,repo_video,Agem Kanan,12,Tahan,T3,kiri (A1),0.0,335.6,False,False,5.483,6.825
P32,repo_video,Agem Kanan,12,Tahan,T5,kiri (A1),0.0,382.6,False,False,0.182,8.309
P32,repo_video,Agem Kanan,12,Tahan,Fp2,kanan (A2),0.0,189.0,False,False,-2.852,0.318
P32,repo_video,Agem Kanan,12,Tahan,F4,kanan (A2),0.0,376.4,False,False,5.531,6.9
P32,repo_video,Agem Kanan,12,Tahan,C4,kanan (A2),0.0,82.9,False,True,-24.123,-25.432
P32,repo_video,Agem Kanan,12,Tahan,P4,kanan (A2),0.0,91.0,False,True,-7.212,-5.347
P32,repo_video,Agem Kanan,12,Tahan,O2,kanan (A2),0.798,7.6,False,False,-48.272,-49.26
P32,repo_video,Agem Kanan,12,Tahan,F8,kanan (A2),0.0,542.6,False,False,5.311,8.401
P32,repo_video,Agem Kanan,12,Tahan,T4,kanan (A2),0.238,34.0,False,False,-28.851,-23.55
P32,repo_video,Agem Kanan,12,Tahan,T6,kanan (A2),0.0,35.0,False,True,-17.049,-15.592
P32,repo_video,Agem Kanan,12,Naik,Fp1,kiri (A1),0.0,371.8,False,False,0.993,1.765
P32,repo_video,Agem Kanan,12,Naik,F3,kiri (A1),0.0,208.4,False,False,4.387,3.989
P32,repo_video,Agem Kanan,12,Naik,C3,kiri (A1),0.182,170.3,False,False,0.433,1.814
P32,repo_video,Agem Kanan,12,Naik,P3,kiri (A1),0.485,100.3,False,False,-6.761,-2.682
P32,repo_video,Agem Kanan,12,Naik,O1,kiri (A1),0.606,50.0,False,False,-12.437,-19.314
P32,repo_video,Agem Kanan,12,Naik,F7,kiri (A1),0.0,208.0,False,False,2.596,1.085
P32,repo_video,Agem Kanan,12,Naik,T3,kiri (A1),0.0,220.5,False,False,5.269,5.041
P32,repo_video,Agem Kanan,12,Naik,T5,kiri (A1),0.0,331.9,False,False,3.936,4.428
P32,repo_video,Agem Kanan,12,Naik,Fp2,kanan (A2),0.0,334.3,False,False,2.543,1.145
P32,repo_video,Agem Kanan,12,Naik,F4,kanan (A2),0.0,470.4,False,False,0.549,1.644
P32,repo_video,Agem Kanan,12,Naik,C4,kanan (A2),0.364,162.0,False,False,-7.857,-4.091
P32,repo_video,Agem Kanan,12,Naik,P4,kanan (A2),0.0,242.9,False,False,0.094,-4.733
P32,repo_video,Agem Kanan,12,Naik,O2,kanan (A2),0.121,135.2,False,False,-3.936,-6.388
P32,repo_video,Agem Kanan,12,Naik,F8,kanan (A2),0.0,380.0,False,False,-1.492,1.758
P32,repo_video,Agem Kanan,12,Naik,T4,kanan (A2),0.242,167.6,False,False,-5.443,-8.06
P32,repo_video,Agem Kanan,12,Naik,T6,kanan (A2),0.0,143.5,False,True,-2.6,-5.116
P32,repo_video,Ngeed,3,Gerak,Fp1,kiri (A1),0.0,561.2,False,False,8.065,8.985
P32,repo_video,Ngeed,3,Gerak,F3,kiri (A1),0.0,391.1,False,False,12.731,4.972
P32,repo_video,Ngeed,3,Gerak,C3,kiri (A1),0.0,214.9,False,False,10.524,1.378
P32,repo_video,Ngeed,3,Gerak,P3,kiri (A1),0.0,247.7,False,False,8.625,2.63
P32,repo_video,Ngeed,3,Gerak,O1,kiri (A1),0.0,321.1,False,False,10.217,0.608
P32,repo_video,Ngeed,3,Gerak,F7,kiri (A1),0.0,358.5,False,False,10.567,7.13
P32,repo_video,Ngeed,3,Gerak,T3,kiri (A1),0.0,433.8,False,False,11.567,2.864
P32,repo_video,Ngeed,3,Gerak,T5,kiri (A1),0.0,449.5,False,False,4.346,0.221
P32,repo_video,Ngeed,3,Gerak,Fp2,kanan (A2),0.0,516.7,False,False,8.386,4.02
P32,repo_video,Ngeed,3,Gerak,F4,kanan (A2),0.0,481.2,False,False,5.453,1.574
P32,repo_video,Ngeed,3,Gerak,C4,kanan (A2),0.0,411.0,False,False,6.256,3.83
P32,repo_video,Ngeed,3,Gerak,P4,kanan (A2),0.0,480.2,False,False,6.32,1.535
P32,repo_video,Ngeed,3,Gerak,O2,kanan (A2),0.0,312.5,False,False,11.464,3.45
P32,repo_video,Ngeed,3,Gerak,F8,kanan (A2),0.0,603.1,False,False,4.378,5.744
P32,repo_video,Ngeed,3,Gerak,T4,kanan (A2),0.0,360.5,False,False,8.905,1.178
P32,repo_video,Ngeed,3,Gerak,T6,kanan (A2),0.0,427.8,False,False,11.322,1.884
P32,repo_video,Ngeed,3,Tahan,Fp1,kiri (A1),0.0,164.5,False,False,-4.63,-2.477
P32,repo_video,Ngeed,3,Tahan,F3,kiri (A1),0.42,34.2,False,False,-16.711,-13.371
P32,repo_video,Ngeed,3,Tahan,C3,kiri (A1),0.953,1.8,False,False,-48.852,-58.442
P32,repo_video,Ngeed,3,Tahan,P3,kiri (A1),0.82,10.2,False,False,-29.698,-21.034
P32,repo_video,Ngeed,3,Tahan,O1,kiri (A1),0.0,117.8,False,True,-3.675,-4.48
P32,repo_video,Ngeed,3,Tahan,F7,kiri (A1),0.0,128.2,False,True,-3.935,-1.643
P32,repo_video,Ngeed,3,Tahan,T3,kiri (A1),0.287,58.9,False,False,-9.844,-10.177
P32,repo_video,Ngeed,3,Tahan,T5,kiri (A1),0.0,191.0,False,False,-1.014,-3.497
P32,repo_video,Ngeed,3,Tahan,Fp2,kanan (A2),0.0,219.5,False,False,-0.566,1.333
P32,repo_video,Ngeed,3,Tahan,F4,kanan (A2),0.0,142.1,False,True,-3.358,-6.571
P32,repo_video,Ngeed,3,Tahan,C4,kanan (A2),0.0,113.2,False,True,-0.434,-3.639
P32,repo_video,Ngeed,3,Tahan,P4,kanan (A2),0.0,135.1,False,True,-1.285,-2.337
P32,repo_video,Ngeed,3,Tahan,O2,kanan (A2),0.0,134.1,False,True,4.369,-2.718
P32,repo_video,Ngeed,3,Tahan,F8,kanan (A2),0.0,183.7,False,False,-2.363,-5.395
P32,repo_video,Ngeed,3,Tahan,T4,kanan (A2),0.0,109.4,False,True,1.185,-4.003
P32,repo_video,Ngeed,3,Tahan,T6,kanan (A2),0.0,239.7,False,False,2.251,-2.16
P32,repo_video,Ngeed,3,Naik,Fp1,kiri (A1),0.0,481.3,False,False,10.662,6.114
P32,repo_video,Ngeed,3,Naik,F3,kiri (A1),0.317,21.6,False,False,-23.712,-10.841
P32,repo_video,Ngeed,3,Naik,C3,kiri (A1),0.667,9.5,False,False,-35.825,-39.043
P32,repo_video,Ngeed,3,Naik,P3,kiri (A1),1.0,0.0,False,False,-61.995,-73.083
P32,repo_video,Ngeed,3,Naik,O1,kiri (A1),0.0,41.7,False,True,-23.701,-19.481
P32,repo_video,Ngeed,3,Naik,F7,kiri (A1),0.0,217.3,False,False,-2.544,10.283
P32,repo_video,Ngeed,3,Naik,T3,kiri (A1),0.667,8.5,False,False,-37.03,-42.33
P32,repo_video,Ngeed,3,Naik,T5,kiri (A1),0.0,157.9,False,False,-5.717,-5.954
P32,repo_video,Ngeed,3,Naik,Fp2,kanan (A2),0.0,136.2,False,True,-8.604,2.044
P32,repo_video,Ngeed,3,Naik,F4,kanan (A2),0.0,216.3,False,False,-2.985,-0.349
P32,repo_video,Ngeed,3,Naik,C4,kanan (A2),0.0,155.8,False,False,-14.747,-1.327
P32,repo_video,Ngeed,3,Naik,P4,kanan (A2),0.0,106.5,False,True,-11.158,-1.207
P32,repo_video,Ngeed,3,Naik,O2,kanan (A2),0.0,304.1,False,False,12.382,1.997
P32,repo_video,Ngeed,3,Naik,F8,kanan (A2),0.0,406.2,False,False,6.232,-0.924
P32,repo_video,Ngeed,3,Naik,T4,kanan (A2),0.0,263.1,False,False,6.441,-1.11
P32,repo_video,Ngeed,3,Naik,T6,kanan (A2),0.0,159.8,False,False,-2.717,-0.795
P32,repo_video,Ngeed,4,Gerak,Fp1,kiri (A1),0.0,333.8,False,False,3.17,13.682
P32,repo_video,Ngeed,4,Gerak,F3,kiri (A1),0.0,82.0,False,True,-7.937,-1.071
P32,repo_video,Ngeed,4,Gerak,C3,kiri (A1),0.379,35.0,False,False,-14.024,-4.348
P32,repo_video,Ngeed,4,Gerak,P3,kiri (A1),0.184,67.9,False,False,-8.041,1.058
P32,repo_video,Ngeed,4,Gerak,O1,kiri (A1),0.0,190.3,False,False,1.048,3.737
P32,repo_video,Ngeed,4,Gerak,F7,kiri (A1),0.0,277.4,False,False,8.747,4.874
P32,repo_video,Ngeed,4,Gerak,T3,kiri (A1),0.0,119.1,False,True,-3.138,4.431
P32,repo_video,Ngeed,4,Gerak,T5,kiri (A1),0.0,230.8,False,False,2.687,4.526
P32,repo_video,Ngeed,4,Gerak,Fp2,kanan (A2),0.0,633.1,False,False,17.295,8.979
P32,repo_video,Ngeed,4,Gerak,F4,kanan (A2),0.0,661.8,False,False,16.259,13.53
P32,repo_video,Ngeed,4,Gerak,C4,kanan (A2),0.0,671.5,False,False,18.954,16.644
P32,repo_video,Ngeed,4,Gerak,P4,kanan (A2),0.0,631.8,False,False,19.268,11.556
P32,repo_video,Ngeed,4,Gerak,O2,kanan (A2),0.0,626.5,False,False,18.691,16.786
P32,repo_video,Ngeed,4,Gerak,F8,kanan (A2),0.0,668.9,False,False,9.361,16.625
P32,repo_video,Ngeed,4,Gerak,T4,kanan (A2),0.0,664.7,False,False,18.517,17.24
P32,repo_video,Ngeed,4,Gerak,T6,kanan (A2),0.0,635.4,False,False,17.044,15.41
P32,repo_video,Ngeed,4,Tahan,Fp1,kiri (A1),0.0,121.1,False,True,-15.601,1.399
P32,repo_video,Ngeed,4,Tahan,F3,kiri (A1),1.0,0.2,False,False,-56.566,-71.036
P32,repo_video,Ngeed,4,Tahan,C3,kiri (A1),1.0,0.0,False,False,-70.737,-84.186
P32,repo_video,Ngeed,4,Tahan,P3,kiri (A1),1.0,0.2,False,False,-59.886,-79.849
P32,repo_video,Ngeed,4,Tahan,O1,kiri (A1),0.0,214.3,False,False,5.703,1.115
P32,repo_video,Ngeed,4,Tahan,F7,kiri (A1),0.0,70.2,False,True,-17.543,-11.557
P32,repo_video,Ngeed,4,Tahan,T3,kiri (A1),1.0,0.2,False,False,-58.187,-76.4
P32,repo_video,Ngeed,4,Tahan,T5,kiri (A1),0.0,110.7,False,True,-4.39,1.192
P32,repo_video,Ngeed,4,Tahan,Fp2,kanan (A2),0.0,474.3,False,False,4.656,7.189
P32,repo_video,Ngeed,4,Tahan,F4,kanan (A2),0.0,598.5,False,False,8.156,11.678
P32,repo_video,Ngeed,4,Tahan,C4,kanan (A2),0.0,549.7,False,False,11.174,12.885
P32,repo_video,Ngeed,4,Tahan,P4,kanan (A2),0.0,488.3,False,False,9.569,9.172
P32,repo_video,Ngeed,4,Tahan,O2,kanan (A2),0.0,475.6,False,False,13.374,12.511
P32,repo_video,Ngeed,4,Tahan,F8,kanan (A2),0.0,530.1,False,False,8.471,11.631
P32,repo_video,Ngeed,4,Tahan,T4,kanan (A2),0.0,553.3,False,False,11.252,13.059
P32,repo_video,Ngeed,4,Tahan,T6,kanan (A2),0.0,444.4,False,False,10.858,10.759
P32,repo_video,Ngeed,4,Naik,Fp1,kiri (A1),0.0,551.8,False,False,2.291,2.956
P32,repo_video,Ngeed,4,Naik,F3,kiri (A1),0.098,128.2,False,True,-10.355,-17.221
P32,repo_video,Ngeed,4,Naik,C3,kiri (A1),0.426,28.5,False,False,-14.704,-5.724
P32,repo_video,Ngeed,4,Naik,P3,kiri (A1),0.098,55.5,False,True,-5.855,-1.925
P32,repo_video,Ngeed,4,Naik,O1,kiri (A1),0.0,193.5,False,False,8.542,1.244
P32,repo_video,Ngeed,4,Naik,F7,kiri (A1),0.0,454.9,False,False,3.587,5.124
P32,repo_video,Ngeed,4,Naik,T3,kiri (A1),0.098,57.3,False,True,-8.731,-1.018
P32,repo_video,Ngeed,4,Naik,T5,kiri (A1),0.0,198.3,False,False,-2.067,-2.436
P32,repo_video,Ngeed,4,Naik,Fp2,kanan (A2),0.0,319.8,False,False,9.877,7.943
P32,repo_video,Ngeed,4,Naik,F4,kanan (A2),0.0,338.6,False,False,5.791,7.41
P32,repo_video,Ngeed,4,Naik,C4,kanan (A2),0.0,230.1,False,False,4.308,8.528
P32,repo_video,Ngeed,4,Naik,P4,kanan (A2),0.0,210.3,False,False,9.029,7.113
P32,repo_video,Ngeed,4,Naik,O2,kanan (A2),0.0,258.6,False,False,1.074,6.784
P32,repo_video,Ngeed,4,Naik,F8,kanan (A2),0.0,508.5,False,False,7.159,9.179
P32,repo_video,Ngeed,4,Naik,T4,kanan (A2),0.0,286.2,False,False,3.35,9.006
P32,repo_video,Ngeed,4,Naik,T6,kanan (A2),0.0,178.3,False,False,-3.723,6.309
P32,repo_video,Agem Kanan,3,Gerak,Fp1,kiri (A1),0.0,682.0,False,False,14.994,17.526
P32,repo_video,Agem Kanan,3,Gerak,F3,kiri (A1),0.0,556.4,False,False,14.501,10.031
P32,repo_video,Agem Kanan,3,Gerak,C3,kiri (A1),0.0,501.3,False,False,14.38,15.596
P32,repo_video,Agem Kanan,3,Gerak,P3,kiri (A1),0.0,469.1,False,False,16.075,12.758
P32,repo_video,Agem Kanan,3,Gerak,O1,kiri (A1),0.0,513.3,False,False,11.01,14.02
P32,repo_video,Agem Kanan,3,Gerak,F7,kiri (A1),0.0,688.7,False,False,19.332,18.094
P32,repo_video,Agem Kanan,3,Gerak,T3,kiri (A1),0.0,535.6,False,False,15.669,12.067
P32,repo_video,Agem Kanan,3,Gerak,T5,kiri (A1),0.0,639.1,False,False,14.599,16.533
P32,repo_video,Agem Kanan,3,Gerak,Fp2,kanan (A2),0.0,565.1,False,False,16.822,6.48
P32,repo_video,Agem Kanan,3,Gerak,F4,kanan (A2),0.0,490.5,False,False,12.957,5.404
P32,repo_video,Agem Kanan,3,Gerak,C4,kanan (A2),0.0,616.4,False,False,17.054,11.636
P32,repo_video,Agem Kanan,3,Gerak,P4,kanan (A2),0.0,556.7,False,False,18.937,0.106
P32,repo_video,Agem Kanan,3,Gerak,O2,kanan (A2),0.0,590.4,False,False,21.715,9.138
P32,repo_video,Agem Kanan,3,Gerak,F8,kanan (A2),0.0,641.3,False,False,14.644,7.02
P32,repo_video,Agem Kanan,3,Gerak,T4,kanan (A2),0.0,580.0,False,False,12.955,13.159
P32,repo_video,Agem Kanan,3,Gerak,T6,kanan (A2),0.0,442.2,False,False,12.367,11.755
P32,repo_video,Agem Kanan,3,Tahan,Fp1,kiri (A1),0.0,283.6,False,False,2.612,12.841
P32,repo_video,Agem Kanan,3,Tahan,F3,kiri (A1),0.0,32.3,False,True,-15.056,-18.545
P32,repo_video,Agem Kanan,3,Tahan,C3,kiri (A1),0.0,12.5,False,True,-17.382,-19.967
P32,repo_video,Agem Kanan,3,Tahan,P3,kiri (A1),0.892,2.1,False,False,-32.369,-38.643
P32,repo_video,Agem Kanan,3,Tahan,O1,kiri (A1),0.0,95.1,False,True,-1.748,4.743
P32,repo_video,Agem Kanan,3,Tahan,F7,kiri (A1),0.0,182.8,False,False,-11.397,2.207
P32,repo_video,Agem Kanan,3,Tahan,T3,kiri (A1),0.0,46.1,False,True,-18.094,-13.562
P32,repo_video,Agem Kanan,3,Tahan,T5,kiri (A1),0.0,162.3,False,False,-4.304,2.821
P32,repo_video,Agem Kanan,3,Tahan,Fp2,kanan (A2),0.0,491.8,False,False,14.087,5.203
P32,repo_video,Agem Kanan,3,Tahan,F4,kanan (A2),0.0,390.8,False,False,3.797,7.558
P32,repo_video,Agem Kanan,3,Tahan,C4,kanan (A2),0.0,256.7,False,False,4.366,8.526
P32,repo_video,Agem Kanan,3,Tahan,P4,kanan (A2),0.0,267.4,False,False,6.696,6.322
P32,repo_video,Agem Kanan,3,Tahan,O2,kanan (A2),0.0,431.8,False,False,13.169,7.325
P32,repo_video,Agem Kanan,3,Tahan,F8,kanan (A2),0.0,530.8,False,False,-1.316,11.123
P32,repo_video,Agem Kanan,3,Tahan,T4,kanan (A2),0.0,318.5,False,False,9.824,9.67
P32,repo_video,Agem Kanan,3,Tahan,T6,kanan (A2),0.0,448.0,False,False,10.809,8.425
P32,repo_video,Agem Kanan,3,Naik,Fp1,kiri (A1),0.0,508.2,False,False,3.463,8.715
P32,repo_video,Agem Kanan,3,Naik,F3,kiri (A1),0.063,305.9,False,False,-0.093,2.853
P32,repo_video,Agem Kanan,3,Naik,C3,kiri (A1),0.0,233.3,False,False,2.837,4.293
P32,repo_video,Agem Kanan,3,Naik,P3,kiri (A1),0.0,238.7,False,False,4.374,4.786
P32,repo_video,Agem Kanan,3,Naik,O1,kiri (A1),0.0,340.6,False,False,10.729,6.475
P32,repo_video,Agem Kanan,3,Naik,F7,kiri (A1),0.0,412.0,False,False,5.43,9.708
P32,repo_video,Agem Kanan,3,Naik,T3,kiri (A1),0.0,218.3,False,False,0.319,0.737
P32,repo_video,Agem Kanan,3,Naik,T5,kiri (A1),0.0,281.0,False,False,1.655,3.674
P32,repo_video,Agem Kanan,3,Naik,Fp2,kanan (A2),0.0,543.2,False,False,11.977,2.717
P32,repo_video,Agem Kanan,3,Naik,F4,kanan (A2),0.0,409.1,False,False,9.391,2.033
P32,repo_video,Agem Kanan,3,Naik,C4,kanan (A2),0.0,506.1,False,False,14.551,7.594
P32,repo_video,Agem Kanan,3,Naik,P4,kanan (A2),0.0,542.9,False,False,14.593,5.497
P32,repo_video,Agem Kanan,3,Naik,O2,kanan (A2),0.0,280.1,False,False,10.107,3.001
P32,repo_video,Agem Kanan,3,Naik,F8,kanan (A2),0.0,621.7,False,False,8.222,2.398
P32,repo_video,Agem Kanan,3,Naik,T4,kanan (A2),0.0,511.7,False,False,12.496,9.751
P32,repo_video,Agem Kanan,3,Naik,T6,kanan (A2),0.0,656.2,False,False,12.969,6.817
P32,repo_video,Agem Kanan,4,Gerak,Fp1,kiri (A1),0.0,723.4,False,False,16.563,18.782
P32,repo_video,Agem Kanan,4,Gerak,F3,kiri (A1),0.0,548.1,False,False,10.712,14.082
P32,repo_video,Agem Kanan,4,Gerak,C3,kiri (A1),0.0,618.8,False,False,6.288,14.172
P32,repo_video,Agem Kanan,4,Gerak,P3,kiri (A1),0.0,587.6,False,False,6.829,13.763
P32,repo_video,Agem Kanan,4,Gerak,O1,kiri (A1),0.0,637.3,False,False,13.352,15.556
P32,repo_video,Agem Kanan,4,Gerak,F7,kiri (A1),0.0,648.7,False,False,11.967,15.609
P32,repo_video,Agem Kanan,4,Gerak,T3,kiri (A1),0.0,604.9,False,False,8.594,16.271
P32,repo_video,Agem Kanan,4,Gerak,T5,kiri (A1),0.0,639.7,False,False,8.628,15.909
P32,repo_video,Agem Kanan,4,Gerak,Fp2,kanan (A2),0.0,683.8,False,False,13.258,12.99
P32,repo_video,Agem Kanan,4,Gerak,F4,kanan (A2),0.0,669.0,False,False,10.633,11.873
P32,repo_video,Agem Kanan,4,Gerak,C4,kanan (A2),0.0,680.7,False,False,19.172,16.944
P32,repo_video,Agem Kanan,4,Gerak,P4,kanan (A2),0.0,710.8,False,False,19.481,15.929
P32,repo_video,Agem Kanan,4,Gerak,O2,kanan (A2),0.0,560.2,False,False,16.72,18.145
P32,repo_video,Agem Kanan,4,Gerak,F8,kanan (A2),0.0,662.3,False,False,7.572,15.483
P32,repo_video,Agem Kanan,4,Gerak,T4,kanan (A2),0.0,579.2,False,False,14.543,14.81
P32,repo_video,Agem Kanan,4,Gerak,T6,kanan (A2),0.0,586.0,False,False,15.477,14.609
P32,repo_video,Agem Kanan,4,Naik,Fp1,kiri (A1),0.0,563.9,False,False,9.417,7.378
P32,repo_video,Agem Kanan,4,Naik,F3,kiri (A1),0.121,170.3,False,False,-5.942,-0.432
P32,repo_video,Agem Kanan,4,Naik,C3,kiri (A1),0.182,133.8,False,False,-6.092,-1.97
P32,repo_video,Agem Kanan,4,Naik,P3,kiri (A1),0.182,133.4,False,False,-6.618,-1.922
P32,repo_video,Agem Kanan,4,Naik,O1,kiri (A1),0.0,269.9,False,False,3.279,2.59
P32,repo_video,Agem Kanan,4,Naik,F7,kiri (A1),0.0,276.5,False,False,6.119,4.073
P32,repo_video,Agem Kanan,4,Naik,T3,kiri (A1),0.303,86.2,False,False,-17.324,-4.317
P32,repo_video,Agem Kanan,4,Naik,T5,kiri (A1),0.0,282.1,False,False,3.95,1.587
P32,repo_video,Agem Kanan,4,Naik,Fp2,kanan (A2),0.0,452.2,False,False,8.466,5.22
P32,repo_video,Agem Kanan,4,Naik,F4,kanan (A2),0.0,399.7,False,False,6.682,2.788
P32,repo_video,Agem Kanan,4,Naik,C4,kanan (A2),0.0,299.0,False,False,6.832,2.915
P32,repo_video,Agem Kanan,4,Naik,P4,kanan (A2),0.0,300.3,False,False,8.833,2.137
P32,repo_video,Agem Kanan,4,Naik,O2,kanan (A2),0.0,251.0,False,False,7.287,6.908
P32,repo_video,Agem Kanan,4,Naik,F8,kanan (A2),0.0,459.9,False,False,6.17,5.528
P32,repo_video,Agem Kanan,4,Naik,T4,kanan (A2),0.0,469.1,False,False,9.348,6.323
P32,repo_video,Agem Kanan,4,Naik,T6,kanan (A2),0.0,369.7,False,False,9.828,7.681
P32,repo_video,Agem Kiri,3,Gerak,Fp1,kiri (A1),0.0,666.0,False,False,13.728,17.034
P32,repo_video,Agem Kiri,3,Gerak,F3,kiri (A1),0.0,630.9,False,False,21.231,13.631
P32,repo_video,Agem Kiri,3,Gerak,C3,kiri (A1),0.0,516.9,False,False,15.808,14.687
P32,repo_video,Agem Kiri,3,Gerak,P3,kiri (A1),0.0,535.7,False,False,13.865,18.521
P32,repo_video,Agem Kiri,3,Gerak,O1,kiri (A1),0.0,610.9,False,False,16.386,13.219
P32,repo_video,Agem Kiri,3,Gerak,F7,kiri (A1),0.0,658.5,False,False,18.147,13.258
P32,repo_video,Agem Kiri,3,Gerak,T3,kiri (A1),0.0,593.5,False,False,11.553,17.702
P32,repo_video,Agem Kiri,3,Gerak,T5,kiri (A1),0.0,682.3,False,False,12.547,11.018
P32,repo_video,Agem Kiri,3,Gerak,Fp2,kanan (A2),0.0,622.7,False,False,13.53,12.201
P32,repo_video,Agem Kiri,3,Gerak,F4,kanan (A2),0.0,724.8,False,False,14.232,13.613
P32,repo_video,Agem Kiri,3,Gerak,C4,kanan (A2),0.0,687.1,False,False,18.129,15.32
P32,repo_video,Agem Kiri,3,Gerak,P4,kanan (A2),0.0,612.4,False,False,16.96,17.502
P32,repo_video,Agem Kiri,3,Gerak,O2,kanan (A2),0.0,575.3,False,False,19.011,16.689
P32,repo_video,Agem Kiri,3,Gerak,F8,kanan (A2),0.0,668.8,False,False,14.961,8.961
P32,repo_video,Agem Kiri,3,Gerak,T4,kanan (A2),0.0,566.4,False,False,15.189,15.604
P32,repo_video,Agem Kiri,3,Gerak,T6,kanan (A2),0.0,643.6,False,False,18.17,15.518
P32,repo_video,Agem Kiri,3,Tahan,Fp1,kiri (A1),0.0,376.4,False,False,4.249,10.73
P32,repo_video,Agem Kiri,3,Tahan,F3,kiri (A1),0.0,102.9,False,True,-3.617,4.549
P32,repo_video,Agem Kiri,3,Tahan,C3,kiri (A1),0.0,90.8,False,True,-3.608,6.035
P32,repo_video,Agem Kiri,3,Tahan,P3,kiri (A1),0.145,71.3,False,False,-5.331,3.606
P32,repo_video,Agem Kiri,3,Tahan,O1,kiri (A1),0.0,160.2,False,False,-0.113,9.658
P32,repo_video,Agem Kiri,3,Tahan,F7,kiri (A1),0.0,439.4,False,False,9.625,12.749
P32,repo_video,Agem Kiri,3,Tahan,T3,kiri (A1),0.0,82.4,False,True,-9.273,3.891
P32,repo_video,Agem Kiri,3,Tahan,T5,kiri (A1),0.0,385.1,False,False,7.12,8.72
P32,repo_video,Agem Kiri,3,Tahan,Fp2,kanan (A2),0.0,677.7,False,False,21.096,5.924
P32,repo_video,Agem Kiri,3,Tahan,F4,kanan (A2),0.0,664.6,False,False,19.382,7.511
P32,repo_video,Agem Kiri,3,Tahan,C4,kanan (A2),0.0,636.5,False,False,20.369,6.198
P32,repo_video,Agem Kiri,3,Tahan,P4,kanan (A2),0.0,654.4,False,False,22.402,7.359
P32,repo_video,Agem Kiri,3,Tahan,O2,kanan (A2),0.0,634.2,False,False,23.745,12.446
P32,repo_video,Agem Kiri,3,Tahan,F8,kanan (A2),0.0,771.9,False,False,19.031,4.536
P32,repo_video,Agem Kiri,3,Tahan,T4,kanan (A2),0.0,636.2,False,False,22.454,6.463
P32,repo_video,Agem Kiri,3,Tahan,T6,kanan (A2),0.0,660.2,False,False,21.379,9.13
P32,repo_video,Agem Kiri,3,Naik,Fp1,kiri (A1),0.0,437.4,False,False,5.242,7.834
P32,repo_video,Agem Kiri,3,Naik,F3,kiri (A1),0.117,143.8,False,False,-13.26,-5.119
P32,repo_video,Agem Kiri,3,Naik,C3,kiri (A1),0.796,24.1,False,False,-43.157,-37.178
P32,repo_video,Agem Kiri,3,Naik,P3,kiri (A1),0.796,72.6,False,False,-32.003,-31.539
P32,repo_video,Agem Kiri,3,Naik,O1,kiri (A1),0.0,89.7,False,True,-7.166,-3.82
P32,repo_video,Agem Kiri,3,Naik,F7,kiri (A1),0.0,322.3,False,False,-2.578,-0.147
P32,repo_video,Agem Kiri,3,Naik,T3,kiri (A1),0.525,89.8,False,False,-24.022,-15.577
P32,repo_video,Agem Kiri,3,Naik,T5,kiri (A1),0.0,205.7,False,False,-0.209,0.228
P32,repo_video,Agem Kiri,3,Naik,Fp2,kanan (A2),0.0,650.4,False,False,11.114,8.855
P32,repo_video,Agem Kiri,3,Naik,F4,kanan (A2),0.0,632.4,False,False,9.901,12.346
P32,repo_video,Agem Kiri,3,Naik,C4,kanan (A2),0.0,575.7,False,False,10.763,13.14
P32,repo_video,Agem Kiri,3,Naik,P4,kanan (A2),0.0,603.8,False,False,11.292,11.734
P32,repo_video,Agem Kiri,3,Naik,O2,kanan (A2),0.0,575.8,False,False,12.168,14.237
P32,repo_video,Agem Kiri,3,Naik,F8,kanan (A2),0.0,653.7,False,False,6.477,10.675
P32,repo_video,Agem Kiri,3,Naik,T4,kanan (A2),0.0,566.7,False,False,10.659,12.353
P32,repo_video,Agem Kiri,3,Naik,T6,kanan (A2),0.0,547.0,False,False,12.186,10.636
P32,repo_video,Agem Kiri,4,Gerak,Fp1,kiri (A1),0.0,739.7,False,False,16.404,20.553
P32,repo_video,Agem Kiri,4,Gerak,F3,kiri (A1),0.0,523.9,False,False,15.339,16.046
P32,repo_video,Agem Kiri,4,Gerak,C3,kiri (A1),0.0,131.7,False,True,-3.747,-1.043
P32,repo_video,Agem Kiri,4,Gerak,P3,kiri (A1),0.0,654.8,False,False,1.614,19.178
P32,repo_video,Agem Kiri,4,Gerak,O1,kiri (A1),0.0,332.7,False,False,10.037,1.298
P32,repo_video,Agem Kiri,4,Gerak,F7,kiri (A1),0.0,635.3,False,False,15.514,9.969
P32,repo_video,Agem Kiri,4,Gerak,T3,kiri (A1),0.0,124.0,False,True,-5.526,-1.044
P32,repo_video,Agem Kiri,4,Gerak,T5,kiri (A1),0.0,295.2,False,False,5.554,7.265
P32,repo_video,Agem Kiri,4,Gerak,Fp2,kanan (A2),0.0,699.5,False,False,16.224,7.542
P32,repo_video,Agem Kiri,4,Gerak,F4,kanan (A2),0.0,585.6,False,False,13.531,10.516
P32,repo_video,Agem Kiri,4,Gerak,C4,kanan (A2),0.0,615.6,False,False,16.225,13.323
P32,repo_video,Agem Kiri,4,Gerak,P4,kanan (A2),0.0,675.5,False,False,17.15,11.778
P32,repo_video,Agem Kiri,4,Gerak,O2,kanan (A2),0.0,572.9,False,False,18.78,12.636
P32,repo_video,Agem Kiri,4,Gerak,F8,kanan (A2),0.0,690.1,False,False,13.444,9.986
P32,repo_video,Agem Kiri,4,Gerak,T4,kanan (A2),0.0,556.6,False,False,15.956,12.758
P32,repo_video,Agem Kiri,4,Gerak,T6,kanan (A2),0.0,638.6,False,False,14.694,12.612
P32,repo_video,Agem Kiri,4,Tahan,Fp1,kiri (A1),0.0,602.1,False,False,11.5,14.62
P32,repo_video,Agem Kiri,4,Tahan,F3,kiri (A1),0.0,177.6,False,False,0.98,2.621
P32,repo_video,Agem Kiri,4,Tahan,C3,kiri (A1),0.366,33.1,False,False,-14.957,-9.673
P32,repo_video,Agem Kiri,4,Tahan,P3,kiri (A1),0.122,57.0,False,False,-12.899,-6.85
P32,repo_video,Agem Kiri,4,Tahan,O1,kiri (A1),0.0,166.5,False,False,3.767,2.574
P32,repo_video,Agem Kiri,4,Tahan,F7,kiri (A1),0.0,300.0,False,False,-2.511,-0.459
P32,repo_video,Agem Kiri,4,Tahan,T3,kiri (A1),0.122,63.2,False,False,-9.413,-6.575
P32,repo_video,Agem Kiri,4,Tahan,T5,kiri (A1),0.0,301.2,False,False,0.066,3.345
P32,repo_video,Agem Kiri,4,Tahan,Fp2,kanan (A2),0.0,500.5,False,False,12.619,11.24
P32,repo_video,Agem Kiri,4,Tahan,F4,kanan (A2),0.0,579.0,False,False,11.44,10.355
P32,repo_video,Agem Kiri,4,Tahan,C4,kanan (A2),0.0,475.4,False,False,12.045,11.582
P32,repo_video,Agem Kiri,4,Tahan,P4,kanan (A2),0.0,505.7,False,False,15.035,11.658
P32,repo_video,Agem Kiri,4,Tahan,O2,kanan (A2),0.0,489.1,False,False,15.15,13.203
P32,repo_video,Agem Kiri,4,Tahan,F8,kanan (A2),0.0,662.7,False,False,9.759,11.769
P32,repo_video,Agem Kiri,4,Tahan,T4,kanan (A2),0.0,519.3,False,False,15.966,10.813
P32,repo_video,Agem Kiri,4,Tahan,T6,kanan (A2),0.0,420.3,False,False,13.47,9.028
P32,repo_video,Agem Kiri,4,Naik,Fp1,kiri (A1),0.0,732.4,False,False,8.066,7.893
P32,repo_video,Agem Kiri,4,Naik,F3,kiri (A1),0.085,444.4,False,False,-10.218,-5.599
P32,repo_video,Agem Kiri,4,Naik,C3,kiri (A1),0.339,250.7,False,False,-18.775,-25.17
P32,repo_video,Agem Kiri,4,Naik,P3,kiri (A1),0.0,196.7,False,False,-5.191,3.173
P32,repo_video,Agem Kiri,4,Naik,O1,kiri (A1),0.0,219.6,False,False,-3.585,-1.338
P32,repo_video,Agem Kiri,4,Naik,F7,kiri (A1),0.0,384.8,False,False,-4.841,-3.943
P32,repo_video,Agem Kiri,4,Naik,T3,kiri (A1),0.564,226.9,False,False,-24.049,-18.755
P32,repo_video,Agem Kiri,4,Naik,T5,kiri (A1),0.0,406.3,False,False,0.107,-0.573
P32,repo_video,Agem Kiri,4,Naik,Fp2,kanan (A2),0.0,554.0,False,False,11.834,4.897
P32,repo_video,Agem Kiri,4,Naik,F4,kanan (A2),0.0,633.3,False,False,12.56,7.161
P32,repo_video,Agem Kiri,4,Naik,C4,kanan (A2),0.0,598.5,False,False,12.864,7.432
P32,repo_video,Agem Kiri,4,Naik,P4,kanan (A2),0.0,587.7,False,False,14.277,7.192
P32,repo_video,Agem Kiri,4,Naik,O2,kanan (A2),0.0,610.1,False,False,13.873,8.108
P32,repo_video,Agem Kiri,4,Naik,F8,kanan (A2),0.0,823.8,False,False,15.864,6.348
P32,repo_video,Agem Kiri,4,Naik,T4,kanan (A2),0.0,615.9,False,False,12.168,7.362
P32,repo_video,Agem Kiri,4,Naik,T6,kanan (A2),0.0,594.6,False,False,12.414,7.825
P32,repo_video,-,0,Istirahat,Fp1,kiri (A1),0.079,692.9,False,,0.0,0.0
P32,repo_video,-,0,Istirahat,F3,kiri (A1),0.473,688.4,False,,0.0,0.0
P32,repo_video,-,0,Istirahat,C3,kiri (A1),0.412,449.8,False,,0.0,0.0
P32,repo_video,-,0,Istirahat,P3,kiri (A1),0.432,426.4,False,,0.0,0.0
P32,repo_video,-,0,Istirahat,O1,kiri (A1),0.281,532.1,False,,0.0,0.0
P32,repo_video,-,0,Istirahat,F7,kiri (A1),0.179,582.3,False,,0.0,0.0
P32,repo_video,-,0,Istirahat,T3,kiri (A1),0.334,428.8,False,,0.0,0.0
P32,repo_video,-,0,Istirahat,T5,kiri (A1),0.03,724.6,False,,0.0,0.0
P32,repo_video,-,0,Istirahat,Fp2,kanan (A2),0.089,710.6,False,,0.0,0.0
P32,repo_video,-,0,Istirahat,F4,kanan (A2),0.0,767.1,False,,0.0,0.0
P32,repo_video,-,0,Istirahat,C4,kanan (A2),0.109,711.7,False,,0.0,0.0
P32,repo_video,-,0,Istirahat,P4,kanan (A2),0.136,752.1,False,,0.0,0.0
P32,repo_video,-,0,Istirahat,O2,kanan (A2),0.112,677.5,False,,0.0,0.0
P32,repo_video,-,0,Istirahat,F8,kanan (A2),0.058,857.8,False,,0.0,0.0
P32,repo_video,-,0,Istirahat,T4,kanan (A2),0.109,671.8,False,,0.0,0.0
P32,repo_video,-,0,Istirahat,T6,kanan (A2),0.088,666.3,False,,0.0,0.0
