participant_id,task,rep,phase,channel,area,hemisphere,t0_video,t1_video,dur_phase_sec,win_sec,compliance,phase_source,flat_frac,valid,salvaged,is_simulated,theta_db,mu_db,beta_db,broad_db
P31,AGEM KANAN,1,PRA,Fp1,frontopolar,kiri,36.413,38.413,2.0,2.0,ok,manual_timestamp,0.0,True,False,False,2.1908395137403645,0.8226456395988926,0.4974506341251015,3.053745165039132
P31,AGEM KANAN,1,PRA,F3,frontal,kiri,36.413,38.413,2.0,2.0,ok,manual_timestamp,0.0,True,False,False,-5.415222157476059,-6.335505201054957,-4.981043007316519,-4.676816411066984
P31,AGEM KANAN,1,PRA,C3,sentral,kiri,36.413,38.413,2.0,2.0,ok,manual_timestamp,0.0,True,False,False,-4.3145880483941,-2.922748980741101,-2.5050393214002327,-1.4482557837164833
P31,AGEM KANAN,1,PRA,P3,parietal,kiri,36.413,38.413,2.0,2.0,ok,manual_timestamp,0.0,True,False,False,-9.666973261050146,-9.377207994680887,-8.028073089668034,-7.870046499183726
P31,AGEM KANAN,1,PRA,O1,oksipital,kiri,36.413,38.413,2.0,2.0,ok,manual_timestamp,0.0,True,False,False,-0.9664774148574153,-4.289468634425798,-2.273722435678799,-0.517329555230944
P31,AGEM KANAN,1,PRA,F7,frontotemporal,kiri,36.413,38.413,2.0,2.0,ok,manual_timestamp,0.0,True,False,False,2.119481650555734,2.2902563638419764,1.9606814591270485,2.7628707653693425
P31,AGEM KANAN,1,PRA,T3,temporal,kiri,36.413,38.413,2.0,2.0,ok,manual_timestamp,0.0,True,False,False,-5.421945724692506,-4.181239005222629,-2.5096651405478347,-3.0511564890573624
P31,AGEM KANAN,1,PRA,T5,temporo-posterior,kiri,36.413,38.413,2.0,2.0,ok,manual_timestamp,0.0,True,False,False,1.2055876875695617,-1.5540336074638432,0.4638875932641433,1.219907046160671
P31,AGEM KANAN,1,PRA,Fp2,frontopolar,kanan,36.413,38.413,2.0,2.0,ok,manual_timestamp,0.0,True,False,False,-2.098702110293658,0.9183284831341059,0.5913628356681304,-1.210956734877616
P31,AGEM KANAN,1,PRA,F4,frontal,kanan,36.413,38.413,2.0,2.0,ok,manual_timestamp,0.0,True,False,False,-3.5932898924777703,-2.425422921123282,-1.4307368527920126,-3.660023827801691
P31,AGEM KANAN,1,PRA,C4,sentral,kanan,36.413,38.413,2.0,2.0,ok,manual_timestamp,0.0,True,False,False,0.3194568793231767,0.2652601379685393,0.1319966794416061,-0.04355602113664503
P31,AGEM KANAN,1,PRA,P4,parietal,kanan,36.413,38.413,2.0,2.0,ok,manual_timestamp,0.0,True,False,False,-2.717220242901387,-1.7530704240682162,0.3724085068089309,-4.030889233160256
P31,AGEM KANAN,1,PRA,O2,oksipital,kanan,36.413,38.413,2.0,2.0,ok,manual_timestamp,0.0,True,False,False,1.9508353179020013,-2.191501451613256,0.5684665389278862,0.4403282463819629
P31,AGEM KANAN,1,PRA,F8,frontotemporal,kanan,36.413,38.413,2.0,2.0,ok,manual_timestamp,0.0,True,False,False,2.897490164568673,0.6132239168740377,-0.22236410665059125,2.581173080429707
P31,AGEM KANAN,1,PRA,T4,temporal,kanan,36.413,38.413,2.0,2.0,ok,manual_timestamp,0.0,True,False,False,4.956994992511177,1.730107898922185,0.09049582449510396,4.504088322382735
P31,AGEM KANAN,1,PRA,T6,temporo-posterior,kanan,36.413,38.413,2.0,2.0,ok,manual_timestamp,0.0,True,False,False,3.8519455973641,1.851991837825338,0.08260968441406291,3.206476862744445
P31,AGEM KANAN,1,TURUN,Fp1,frontopolar,kiri,38.413,42.197,3.284,3.784,ok,manual_timestamp,0.0,True,False,False,6.3244166159592226,5.428613553704739,5.458303129227616,7.011967946715323
P31,AGEM KANAN,1,TURUN,F3,frontal,kiri,38.413,42.197,3.284,3.784,ok,manual_timestamp,0.0,True,False,False,-2.6573409631889042,-4.142406931711427,-3.4048102434306813,-2.399400573813889
P31,AGEM KANAN,1,TURUN,C3,sentral,kiri,38.413,42.197,3.284,3.784,ok,manual_timestamp,0.0,True,False,False,1.926378911771316,1.7975654379019943,1.5943337014465726,2.2743257717148033
P31,AGEM KANAN,1,TURUN,P3,parietal,kiri,38.413,42.197,3.284,3.784,ok,manual_timestamp,0.0,True,False,False,-3.0702897297198533,-2.543516354586778,-4.92984542821176,-3.409362855447167
P31,AGEM KANAN,1,TURUN,O1,oksipital,kiri,38.413,42.197,3.284,3.784,ok,manual_timestamp,0.0,True,False,False,0.2497645612395587,-0.40426433451801813,-1.2337697482886618,0.26261054796923133
P31,AGEM KANAN,1,TURUN,F7,frontotemporal,kiri,38.413,42.197,3.284,3.784,ok,manual_timestamp,0.0,True,False,False,7.005168720141775,7.742264435279907,7.454596621875012,8.476046121157644
P31,AGEM KANAN,1,TURUN,T3,temporal,kiri,38.413,42.197,3.284,3.784,ok,manual_timestamp,0.0,True,False,False,4.107891920859849,1.4527475527253557,-0.98343492135362,1.552059383115278
P31,AGEM KANAN,1,TURUN,T5,temporo-posterior,kiri,38.413,42.197,3.284,3.784,ok,manual_timestamp,0.0,True,False,False,6.854447618840339,5.770789368824943,2.9147677358248103,5.173795320431186
P31,AGEM KANAN,1,TURUN,Fp2,frontopolar,kanan,38.413,42.197,3.284,3.784,ok,manual_timestamp,0.0,True,False,False,5.235736667783684,6.889993499419544,4.780713567682582,4.7951099656691945
P31,AGEM KANAN,1,TURUN,F4,frontal,kanan,38.413,42.197,3.284,3.784,ok,manual_timestamp,0.0,True,False,False,6.562906759843436,5.61312726287067,6.6629883761108175,4.92625820527395
P31,AGEM KANAN,1,TURUN,C4,sentral,kanan,38.413,42.197,3.284,3.784,ok,manual_timestamp,0.0,True,False,False,7.794351961305615,7.390256957697169,8.666627838185214,7.419581746993064
P31,AGEM KANAN,1,TURUN,P4,parietal,kanan,38.413,42.197,3.284,3.784,ok,manual_timestamp,0.0,True,False,False,11.317795241007097,12.703314408731547,15.797333047550179,11.025522917467178
P31,AGEM KANAN,1,TURUN,O2,oksipital,kanan,38.413,42.197,3.284,3.784,ok,manual_timestamp,0.0,True,False,False,12.853728815837641,9.317091335475961,8.211415778685492,11.36954542205472
P31,AGEM KANAN,1,TURUN,F8,frontotemporal,kanan,38.413,42.197,3.284,3.784,ok,manual_timestamp,0.0,True,False,False,8.959606980715577,5.525666408047368,6.67347733798308,8.913479163508185
P31,AGEM KANAN,1,TURUN,T4,temporal,kanan,38.413,42.197,3.284,3.784,ok,manual_timestamp,0.0,True,False,False,10.555199357416548,15.424526909708334,8.73846802408216,11.570338770404305
P31,AGEM KANAN,1,TURUN,T6,temporo-posterior,kanan,38.413,42.197,3.284,3.784,ok,manual_timestamp,0.0,True,False,False,18.957864575112765,19.682183263827042,12.662463705130467,17.423221567571105
P31,AGEM KANAN,1,TAHAN,Fp1,frontopolar,kiri,41.697,46.46,4.263,4.763,ok,manual_timestamp,0.0,True,False,False,4.574141520697559,3.0884038162069736,2.9524412781464164,5.7875107037111135
P31,AGEM KANAN,1,TAHAN,F3,frontal,kiri,41.697,46.46,4.263,4.763,ok,manual_timestamp,0.0,True,False,False,2.559969472039313,0.0983209721466487,0.522565984508784,2.109853860933949
P31,AGEM KANAN,1,TAHAN,C3,sentral,kiri,41.697,46.46,4.263,4.763,ok,manual_timestamp,0.0,True,False,False,7.140018553995219,4.748657443711377,6.568408331971334,7.677393914283385
P31,AGEM KANAN,1,TAHAN,P3,parietal,kiri,41.697,46.46,4.263,4.763,ok,manual_timestamp,0.0,True,False,False,10.647679476393073,5.605670914495683,2.2336809630337484,9.00025967831614
P31,AGEM KANAN,1,TAHAN,O1,oksipital,kiri,41.697,46.46,4.263,4.763,ok,manual_timestamp,0.0,True,False,False,8.017518996045844,6.623209840380973,4.57612311759441,9.060530877171445
P31,AGEM KANAN,1,TAHAN,F7,frontotemporal,kiri,41.697,46.46,4.263,4.763,ok,manual_timestamp,0.0,True,False,False,8.387468695080806,8.964147178290204,9.073322759287901,9.04564210321827
P31,AGEM KANAN,1,TAHAN,T3,temporal,kiri,41.697,46.46,4.263,4.763,ok,manual_timestamp,0.0,True,False,False,7.580066894638087,3.558935999261699,7.2644860620331,7.823663990819057
P31,AGEM KANAN,1,TAHAN,T5,temporo-posterior,kiri,41.697,46.46,4.263,4.763,ok,manual_timestamp,0.0,True,False,False,13.015313986897851,12.942619030837498,10.941677319173039,13.502013062955289
P31,AGEM KANAN,1,TAHAN,Fp2,frontopolar,kanan,41.697,46.46,4.263,4.763,ok,manual_timestamp,0.0,True,False,False,11.59996492804241,12.44199436022319,6.888662845562525,10.188480905270907
P31,AGEM KANAN,1,TAHAN,F4,frontal,kanan,41.697,46.46,4.263,4.763,ok,manual_timestamp,0.0,True,False,False,9.72729523219801,5.791567959658465,3.310348149749988,6.09487351388994
P31,AGEM KANAN,1,TAHAN,C4,sentral,kanan,41.697,46.46,4.263,4.763,ok,manual_timestamp,0.0,True,False,False,4.866081733240662,1.5033044161053226,2.4184902333123617,4.882074546201277
P31,AGEM KANAN,1,TAHAN,P4,parietal,kanan,41.697,46.46,4.263,4.763,ok,manual_timestamp,0.0,True,False,False,11.685530434922583,10.369371460158295,10.621520676304407,10.54123085281303
P31,AGEM KANAN,1,TAHAN,O2,oksipital,kanan,41.697,46.46,4.263,4.763,ok,manual_timestamp,0.0,True,False,False,11.40582926672753,7.455042780106762,5.0321745563562175,9.852982587204579
P31,AGEM KANAN,1,TAHAN,F8,frontotemporal,kanan,41.697,46.46,4.263,4.763,ok,manual_timestamp,0.0,True,False,False,12.103695340347969,9.47596283337776,6.808342059505748,10.908800724777969
P31,AGEM KANAN,1,TAHAN,T4,temporal,kanan,41.697,46.46,4.263,4.763,ok,manual_timestamp,0.0,True,False,False,13.084420214752079,12.8281164991864,10.349400134591399,11.277585545283145
P31,AGEM KANAN,1,TAHAN,T6,temporo-posterior,kanan,41.697,46.46,4.263,4.763,ok,manual_timestamp,0.0,True,False,False,16.682327910607228,14.554072347810738,11.580872036493307,15.859492184748
P31,AGEM KANAN,1,NAIK,Fp1,frontopolar,kiri,45.96,48.617,2.157,2.657,ok,manual_timestamp,0.0,True,False,False,3.1681317040506087,4.580147128671026,6.4342113037146405,8.477147016497675
P31,AGEM KANAN,1,NAIK,F3,frontal,kiri,45.96,48.617,2.157,2.657,ok,manual_timestamp,0.0,True,False,False,8.505560562551452,2.677773019650296,1.6129416113157227,6.117215106690534
P31,AGEM KANAN,1,NAIK,C3,sentral,kiri,45.96,48.617,2.157,2.657,ok,manual_timestamp,0.0,True,False,False,8.521100273852959,6.444736491793588,4.68605730280639,7.696939262572791
P31,AGEM KANAN,1,NAIK,P3,parietal,kiri,45.96,48.617,2.157,2.657,ok,manual_timestamp,0.0,True,False,False,11.935790071983632,8.993578646787185,6.571006511477723,11.827727777628397
P31,AGEM KANAN,1,NAIK,O1,oksipital,kiri,45.96,48.617,2.157,2.657,ok,manual_timestamp,0.0,True,False,False,6.51748131645293,4.573266405085491,1.807531698335385,5.984580575630048
P31,AGEM KANAN,1,NAIK,F7,frontotemporal,kiri,45.96,48.617,2.157,2.657,ok,manual_timestamp,0.0,True,False,False,6.542922326011734,8.917974466605365,9.917793374476293,9.914239538526516
P31,AGEM KANAN,1,NAIK,T3,temporal,kiri,45.96,48.617,2.157,2.657,ok,manual_timestamp,0.0,True,False,False,7.262846046571134,3.402073770938408,2.6142274512565216,7.400892551029173
P31,AGEM KANAN,1,NAIK,T5,temporo-posterior,kiri,45.96,48.617,2.157,2.657,ok,manual_timestamp,0.0,True,False,False,12.805518705073183,11.290193186916184,8.483218032235719,11.493774378697307
P31,AGEM KANAN,1,NAIK,Fp2,frontopolar,kanan,45.96,48.617,2.157,2.657,ok,manual_timestamp,0.0,True,False,False,9.911809679399411,14.347732866771414,11.326207884809648,10.613860616390149
P31,AGEM KANAN,1,NAIK,F4,frontal,kanan,45.96,48.617,2.157,2.657,ok,manual_timestamp,0.0,True,False,False,10.096544222607207,13.66628842249316,10.94403167463991,10.17079973071014
P31,AGEM KANAN,1,NAIK,C4,sentral,kanan,45.96,48.617,2.157,2.657,ok,manual_timestamp,0.0,True,False,False,10.592368067678315,9.952359865451754,8.574926275151448,10.205431215572322
P31,AGEM KANAN,1,NAIK,P4,parietal,kanan,45.96,48.617,2.157,2.657,ok,manual_timestamp,0.0,True,False,False,16.1233156089721,14.429469857585882,15.94330341240168,16.240398149769213
P31,AGEM KANAN,1,NAIK,O2,oksipital,kanan,45.96,48.617,2.157,2.657,ok,manual_timestamp,0.0,True,False,False,14.566872129818925,8.174103771951767,11.174585313527817,15.308593743929102
P31,AGEM KANAN,1,NAIK,F8,frontotemporal,kanan,45.96,48.617,2.157,2.657,ok,manual_timestamp,0.0,True,False,False,10.444572782444745,10.855400715813577,9.937645321376294,10.096360856254087
P31,AGEM KANAN,1,NAIK,T4,temporal,kanan,45.96,48.617,2.157,2.657,ok,manual_timestamp,0.0,True,False,False,13.800523912476912,14.90505473031606,16.31284228405908,14.857958576886325
P31,AGEM KANAN,1,NAIK,T6,temporo-posterior,kanan,45.96,48.617,2.157,2.657,ok,manual_timestamp,0.0,True,False,False,15.67431426908724,19.41802637898619,16.9771891160152,15.856980235779197
P31,AGEM KANAN,1,POST,Fp1,frontopolar,kiri,49.117,50.617,1.5,1.5,ok,manual_timestamp,0.0,True,False,False,7.451635219947548,5.485427118276068,3.4144465195105873,7.548622615456772
P31,AGEM KANAN,1,POST,F3,frontal,kiri,49.117,50.617,1.5,1.5,ok,manual_timestamp,0.0,True,False,False,3.869625892532568,2.6298882390967435,2.2604680898825897,3.6792699957435993
P31,AGEM KANAN,1,POST,C3,sentral,kiri,49.117,50.617,1.5,1.5,ok,manual_timestamp,0.0,True,False,False,7.3792807896255255,2.93906173400212,3.1172294780773413,5.050774380356145
P31,AGEM KANAN,1,POST,P3,parietal,kiri,49.117,50.617,1.5,1.5,ok,manual_timestamp,0.0,True,False,False,2.693656178326009,2.5049680916536303,1.6516640593634513,2.7155637392140477
P31,AGEM KANAN,1,POST,O1,oksipital,kiri,49.117,50.617,1.5,1.5,ok,manual_timestamp,0.0,True,False,False,10.398816210927386,3.8567903203174083,3.844157408998104,7.403334628309025
P31,AGEM KANAN,1,POST,F7,frontotemporal,kiri,49.117,50.617,1.5,1.5,ok,manual_timestamp,0.0,True,False,False,8.656159604904111,8.48252556587174,6.7967819532466685,10.02742612442043
P31,AGEM KANAN,1,POST,T3,temporal,kiri,49.117,50.617,1.5,1.5,ok,manual_timestamp,0.0,True,False,False,5.837191788991596,4.00246450334226,1.9078996854864414,4.628465143311246
P31,AGEM KANAN,1,POST,T5,temporo-posterior,kiri,49.117,50.617,1.5,1.5,ok,manual_timestamp,0.0,True,False,False,11.397776369324255,6.229736232214002,5.192043720718541,10.226145934014884
P31,AGEM KANAN,1,POST,Fp2,frontopolar,kanan,49.117,50.617,1.5,1.5,ok,manual_timestamp,0.0,True,False,False,9.495092364008478,11.812038293909156,9.728000436991842,9.646316057316849
P31,AGEM KANAN,1,POST,F4,frontal,kanan,49.117,50.617,1.5,1.5,ok,manual_timestamp,0.0,True,False,False,9.222001585382735,10.546648454389306,7.379909786531176,8.486784245826232
P31,AGEM KANAN,1,POST,C4,sentral,kanan,49.117,50.617,1.5,1.5,ok,manual_timestamp,0.0,True,False,False,10.539881658622363,8.200593923707387,5.528680401396539,8.000633708800809
P31,AGEM KANAN,1,POST,P4,parietal,kanan,49.117,50.617,1.5,1.5,ok,manual_timestamp,0.0,True,False,False,9.598420676690928,11.364709781572447,10.117247068025023,8.743802529582027
P31,AGEM KANAN,1,POST,O2,oksipital,kanan,49.117,50.617,1.5,1.5,ok,manual_timestamp,0.0,True,False,False,9.9562215804619,6.924716295773532,8.714161078950557,6.845258463201596
P31,AGEM KANAN,1,POST,F8,frontotemporal,kanan,49.117,50.617,1.5,1.5,ok,manual_timestamp,0.0,True,False,False,9.930769599038669,10.884797150771949,4.2362707782062685,10.09289874533546
P31,AGEM KANAN,1,POST,T4,temporal,kanan,49.117,50.617,1.5,1.5,ok,manual_timestamp,0.0,True,False,False,17.140385595653314,15.969085229382614,14.70772337004955,15.666078772345486
P31,AGEM KANAN,1,POST,T6,temporo-posterior,kanan,49.117,50.617,1.5,1.5,ok,manual_timestamp,0.0,True,False,False,15.62486354531169,13.828812396509264,10.111193395836072,13.894236026240186
P31,AGEM KANAN,2,PRA,Fp1,frontopolar,kiri,52.397,54.397,2.0,2.0,ok,manual_timestamp,0.0,True,False,False,7.435066154089448,7.972260052263838,6.654699536222751,7.681627363564907
P31,AGEM KANAN,2,PRA,F3,frontal,kiri,52.397,54.397,2.0,2.0,ok,manual_timestamp,0.045,True,False,False,0.44080677420171455,0.172269324427333,1.373253586219338,0.5976197028230423
P31,AGEM KANAN,2,PRA,C3,sentral,kiri,52.397,54.397,2.0,2.0,ok,manual_timestamp,0.0,True,False,False,-1.6180846788421093,-0.9605450311439903,2.92480198388073,1.5700622025057314
P31,AGEM KANAN,2,PRA,P3,parietal,kiri,52.397,54.397,2.0,2.0,ok,manual_timestamp,0.045,True,False,False,0.6441003848794864,1.4377532100576715,0.11510860083985008,0.3981501207284097
P31,AGEM KANAN,2,PRA,O1,oksipital,kiri,52.397,54.397,2.0,2.0,ok,manual_timestamp,0.0,True,False,False,8.082618431306926,7.019526601696569,3.9147840202805533,9.012084887733373
P31,AGEM KANAN,2,PRA,F7,frontotemporal,kiri,52.397,54.397,2.0,2.0,ok,manual_timestamp,0.0,True,False,False,8.736251133964842,10.036128898528936,9.706083117006475,9.206819427651425
P31,AGEM KANAN,2,PRA,T3,temporal,kiri,52.397,54.397,2.0,2.0,ok,manual_timestamp,0.0,True,False,False,3.1772599744264056,3.3847910393165037,3.4682594199381356,3.032860416101805
P31,AGEM KANAN,2,PRA,T5,temporo-posterior,kiri,52.397,54.397,2.0,2.0,ok,manual_timestamp,0.0,True,False,False,5.5133787058856925,5.023926505620956,6.634497706207952,9.191187511377091
P31,AGEM KANAN,2,PRA,Fp2,frontopolar,kanan,52.397,54.397,2.0,2.0,ok,manual_timestamp,0.0,True,False,False,6.87474550791983,10.670230639743528,8.572738641691743,8.746180264739262
P31,AGEM KANAN,2,PRA,F4,frontal,kanan,52.397,54.397,2.0,2.0,ok,manual_timestamp,0.0,True,False,False,3.383418222389217,2.8844478798150135,2.466140312048509,2.1819919471535627
P31,AGEM KANAN,2,PRA,C4,sentral,kanan,52.397,54.397,2.0,2.0,ok,manual_timestamp,0.0,True,False,False,10.849209047158325,7.548748980241548,10.784477367391574,9.783609276169013
P31,AGEM KANAN,2,PRA,P4,parietal,kanan,52.397,54.397,2.0,2.0,ok,manual_timestamp,0.0,True,False,False,13.957967576950367,15.805173546793622,15.547654006523647,14.648220367360643
P31,AGEM KANAN,2,PRA,O2,oksipital,kanan,52.397,54.397,2.0,2.0,ok,manual_timestamp,0.0,True,False,False,13.689435752147752,14.476601397220815,9.633693753877349,14.142195046671354
P31,AGEM KANAN,2,PRA,F8,frontotemporal,kanan,52.397,54.397,2.0,2.0,ok,manual_timestamp,0.0,True,False,False,11.168939566697283,10.103110752481715,8.845525271731226,10.233776496434103
P31,AGEM KANAN,2,PRA,T4,temporal,kanan,52.397,54.397,2.0,2.0,ok,manual_timestamp,0.0,True,False,False,8.284313588272845,8.661581674508973,11.754177805936543,8.31314188632566
P31,AGEM KANAN,2,PRA,T6,temporo-posterior,kanan,52.397,54.397,2.0,2.0,ok,manual_timestamp,0.0,True,False,False,11.533791134223478,13.429841288676613,12.855023747092847,13.139793144722859
P31,AGEM KANAN,2,TURUN,Fp1,frontopolar,kiri,54.397,58.308,3.411,3.911,ok,manual_timestamp,0.0,True,False,False,12.778970411281634,8.909492535819549,7.001413245539339,11.434324347514739
P31,AGEM KANAN,2,TURUN,F3,frontal,kiri,54.397,58.308,3.411,3.911,ok,manual_timestamp,0.284,True,True,False,9.865183073238683,6.160813291388109,5.593338069396989,10.030980731228897
P31,AGEM KANAN,2,TURUN,C3,sentral,kiri,54.397,58.308,3.411,3.911,ok,manual_timestamp,0.102,True,True,False,13.727676418018149,13.119735079540273,7.812286828386071,14.623974633069182
P31,AGEM KANAN,2,TURUN,P3,parietal,kiri,54.397,58.308,3.411,3.911,ok,manual_timestamp,0.284,True,True,False,9.555200569228163,6.485447667565317,4.985647657158122,9.719967692041251
P31,AGEM KANAN,2,TURUN,O1,oksipital,kiri,54.397,58.308,3.411,3.911,ok,manual_timestamp,0.0,True,False,False,12.163070984760246,8.663260586466777,5.193619504122001,12.16007568790836
P31,AGEM KANAN,2,TURUN,F7,frontotemporal,kiri,54.397,58.308,3.411,3.911,ok,manual_timestamp,0.0,True,False,False,15.867745457221098,12.460822934977472,9.852930064733531,14.816358544388237
P31,AGEM KANAN,2,TURUN,T3,temporal,kiri,54.397,58.308,3.411,3.911,ok,manual_timestamp,0.102,True,True,False,10.969257988364866,9.039830989814938,5.855429625056878,11.41140526267668
P31,AGEM KANAN,2,TURUN,T5,temporo-posterior,kiri,54.397,58.308,3.411,3.911,ok,manual_timestamp,0.0,True,False,False,15.98460998207134,15.295283603021339,9.932776215476231,16.872709947381193
P31,AGEM KANAN,2,TURUN,Fp2,frontopolar,kanan,54.397,58.308,3.411,3.911,ok,manual_timestamp,0.0,True,False,False,14.130133382788465,15.992842748616146,12.138711563278246,14.441694416940116
P31,AGEM KANAN,2,TURUN,F4,frontal,kanan,54.397,58.308,3.411,3.911,ok,manual_timestamp,0.0,True,False,False,9.50431478796768,10.55489895680003,8.659223231882343,8.383294484598853
P31,AGEM KANAN,2,TURUN,C4,sentral,kanan,54.397,58.308,3.411,3.911,ok,manual_timestamp,0.0,True,False,False,8.534071030330288,9.66189744591265,9.412671870889334,9.49121930503036
P31,AGEM KANAN,2,TURUN,P4,parietal,kanan,54.397,58.308,3.411,3.911,ok,manual_timestamp,0.0,True,False,False,14.807979552655468,15.577688084595824,14.969708720384187,14.269511204323642
P31,AGEM KANAN,2,TURUN,O2,oksipital,kanan,54.397,58.308,3.411,3.911,ok,manual_timestamp,0.0,True,False,False,17.320168260045207,15.03842996060585,14.305311902846032,15.073623382313293
P31,AGEM KANAN,2,TURUN,F8,frontotemporal,kanan,54.397,58.308,3.411,3.911,ok,manual_timestamp,0.0,True,False,False,10.935835699864626,14.198417795084598,12.447113190962348,12.152090672271683
P31,AGEM KANAN,2,TURUN,T4,temporal,kanan,54.397,58.308,3.411,3.911,ok,manual_timestamp,0.0,True,False,False,19.62984846199059,18.505420377684025,18.668397990083875,18.67092711410809
P31,AGEM KANAN,2,TURUN,T6,temporo-posterior,kanan,54.397,58.308,3.411,3.911,ok,manual_timestamp,0.0,True,False,False,19.758248323790802,19.988232349597624,15.980103257690882,17.812613442937682
P31,AGEM KANAN,2,TAHAN,Fp1,frontopolar,kiri,57.808,62.546,4.238,4.738,ok,manual_timestamp,0.0,True,False,False,6.556191475283832,5.336534221960495,5.465024705662685,6.939998058467118
P31,AGEM KANAN,2,TAHAN,F3,frontal,kiri,57.808,62.546,4.238,4.738,ok,manual_timestamp,0.0,True,False,False,7.46483062860564,4.646868213434722,3.625293802668711,6.668496102759878
P31,AGEM KANAN,2,TAHAN,C3,sentral,kiri,57.808,62.546,4.238,4.738,ok,manual_timestamp,0.0,True,False,False,5.165994233095105,3.199194445407816,4.226514032664376,5.891078090918128
P31,AGEM KANAN,2,TAHAN,P3,parietal,kiri,57.808,62.546,4.238,4.738,ok,manual_timestamp,0.0,True,False,False,5.252472775866643,2.2684547425611186,2.8098052087086387,4.524504584700111
P31,AGEM KANAN,2,TAHAN,O1,oksipital,kiri,57.808,62.546,4.238,4.738,ok,manual_timestamp,0.0,True,False,False,6.157509670071889,4.858159192090476,3.0332409449065842,6.717566805634696
P31,AGEM KANAN,2,TAHAN,F7,frontotemporal,kiri,57.808,62.546,4.238,4.738,ok,manual_timestamp,0.0,True,False,False,7.5500547014556645,7.359002136332364,8.29972117027081,9.29192747317525
P31,AGEM KANAN,2,TAHAN,T3,temporal,kiri,57.808,62.546,4.238,4.738,ok,manual_timestamp,0.0,True,False,False,4.570489617815049,1.874657002444728,3.386915596850681,3.612745032841673
P31,AGEM KANAN,2,TAHAN,T5,temporo-posterior,kiri,57.808,62.546,4.238,4.738,ok,manual_timestamp,0.0,True,False,False,13.28439577084066,11.237955381722728,8.423675834324825,12.942673611103746
P31,AGEM KANAN,2,TAHAN,Fp2,frontopolar,kanan,57.808,62.546,4.238,4.738,ok,manual_timestamp,0.0,True,False,False,11.270580531917258,11.56150141920835,7.931293048762289,10.208580515586114
P31,AGEM KANAN,2,TAHAN,F4,frontal,kanan,57.808,62.546,4.238,4.738,ok,manual_timestamp,0.0,True,False,False,5.524432687061669,7.953553005817682,6.0540979626514435,5.106115347997754
P31,AGEM KANAN,2,TAHAN,C4,sentral,kanan,57.808,62.546,4.238,4.738,ok,manual_timestamp,0.0,True,False,False,6.946902652561732,4.281069980347404,3.793101070327239,6.801897562328907
P31,AGEM KANAN,2,TAHAN,P4,parietal,kanan,57.808,62.546,4.238,4.738,ok,manual_timestamp,0.0,True,False,False,9.099018983354178,10.70713097515593,10.297572968561749,9.412348858956221
P31,AGEM KANAN,2,TAHAN,O2,oksipital,kanan,57.808,62.546,4.238,4.738,ok,manual_timestamp,0.0,True,False,False,10.085592771091264,8.94090354571377,6.6748898481788,10.759805399617143
P31,AGEM KANAN,2,TAHAN,F8,frontotemporal,kanan,57.808,62.546,4.238,4.738,ok,manual_timestamp,0.0,True,False,False,13.400985076896866,9.670560089880542,8.218119683624622,11.37430931762293
P31,AGEM KANAN,2,TAHAN,T4,temporal,kanan,57.808,62.546,4.238,4.738,ok,manual_timestamp,0.0,True,False,False,19.589400067074223,16.11528933413102,14.721018862317138,16.591681465335164
P31,AGEM KANAN,2,TAHAN,T6,temporo-posterior,kanan,57.808,62.546,4.238,4.738,ok,manual_timestamp,0.0,True,False,False,15.743604641247742,15.511186879788525,13.755110044504438,14.591145902469655
P31,AGEM KANAN,2,NAIK,Fp1,frontopolar,kiri,62.046,63.401,0.855,1.355,ok,manual_timestamp,0.0,True,False,False,10.06393080647183,15.686286137806608,7.295777543751541,11.726876992202342
P31,AGEM KANAN,2,NAIK,F3,frontal,kiri,62.046,63.401,0.855,1.355,ok,manual_timestamp,0.0,True,False,False,8.547691088567468,3.940118612323637,3.6086699201349752,5.890767270806204
P31,AGEM KANAN,2,NAIK,C3,sentral,kiri,62.046,63.401,0.855,1.355,ok,manual_timestamp,0.0,True,False,False,6.857230113965578,8.591082346749122,6.30618601506076,6.741689790808714
P31,AGEM KANAN,2,NAIK,P3,parietal,kiri,62.046,63.401,0.855,1.355,ok,manual_timestamp,0.0,True,False,False,13.267096677117593,11.60238946470129,5.0951954565524,12.180728999528327
P31,AGEM KANAN,2,NAIK,O1,oksipital,kiri,62.046,63.401,0.855,1.355,ok,manual_timestamp,0.0,True,False,False,11.485500008933698,7.793931278199295,4.842151928787292,11.215974378032385
P31,AGEM KANAN,2,NAIK,F7,frontotemporal,kiri,62.046,63.401,0.855,1.355,ok,manual_timestamp,0.0,True,False,False,9.663380676875711,18.114846482277173,10.126586425290366,13.40360737235639
P31,AGEM KANAN,2,NAIK,T3,temporal,kiri,62.046,63.401,0.855,1.355,ok,manual_timestamp,0.0,True,False,False,8.34020994631286,7.285325073352837,4.647853886184613,6.2678577775271975
P31,AGEM KANAN,2,NAIK,T5,temporo-posterior,kiri,62.046,63.401,0.855,1.355,ok,manual_timestamp,0.0,True,False,False,14.545656233720266,9.657290908669118,7.307064408640876,11.852798959994178
P31,AGEM KANAN,2,NAIK,Fp2,frontopolar,kanan,62.046,63.401,0.855,1.355,ok,manual_timestamp,0.0,True,False,False,12.968707726774078,13.452911832064506,14.090139979306123,12.338731855784665
P31,AGEM KANAN,2,NAIK,F4,frontal,kanan,62.046,63.401,0.855,1.355,ok,manual_timestamp,0.0,True,False,False,6.258427339813977,17.406755427499775,11.150882703510952,10.781075725060365
P31,AGEM KANAN,2,NAIK,C4,sentral,kanan,62.046,63.401,0.855,1.355,ok,manual_timestamp,0.0,True,False,False,9.091652518469687,13.943109789158932,7.763959491183293,10.258306448112616
P31,AGEM KANAN,2,NAIK,P4,parietal,kanan,62.046,63.401,0.855,1.355,ok,manual_timestamp,0.0,True,False,False,9.280822901805962,16.112253807695712,17.176172449314006,11.150238554497392
P31,AGEM KANAN,2,NAIK,O2,oksipital,kanan,62.046,63.401,0.855,1.355,ok,manual_timestamp,0.0,True,False,False,16.895582666787284,21.34292687652354,18.44900306318843,17.4489487134922
P31,AGEM KANAN,2,NAIK,F8,frontotemporal,kanan,62.046,63.401,0.855,1.355,ok,manual_timestamp,0.0,True,False,False,10.238821651772085,8.559568256004741,13.455452946801081,11.146279530271975
P31,AGEM KANAN,2,NAIK,T4,temporal,kanan,62.046,63.401,0.855,1.355,ok,manual_timestamp,0.0,True,False,False,9.064905262948457,13.279363726491383,12.854677508680311,11.224696199649841
P31,AGEM KANAN,2,NAIK,T6,temporo-posterior,kanan,62.046,63.401,0.855,1.355,ok,manual_timestamp,0.0,True,False,False,17.197883930562583,23.2253791327636,18.376523789437666,19.384196821544343
P31,AGEM KANAN,2,POST,Fp1,frontopolar,kiri,63.901,65.401,1.5,1.5,ok,manual_timestamp,0.0,True,False,False,7.590920601872561,2.9869184468972954,3.7341547999777696,7.123631470182808
P31,AGEM KANAN,2,POST,F3,frontal,kiri,63.901,65.401,1.5,1.5,ok,manual_timestamp,0.6,False,False,False,,,,
P31,AGEM KANAN,2,POST,C3,sentral,kiri,63.901,65.401,1.5,1.5,ok,manual_timestamp,0.6,False,False,False,,,,
P31,AGEM KANAN,2,POST,P3,parietal,kiri,63.901,65.401,1.5,1.5,ok,manual_timestamp,0.6,False,False,False,,,,
P31,AGEM KANAN,2,POST,O1,oksipital,kiri,63.901,65.401,1.5,1.5,ok,manual_timestamp,0.0,True,False,False,7.668793494026708,1.428786794424468,1.7238308981350876,6.781793256364985
P31,AGEM KANAN,2,POST,F7,frontotemporal,kiri,63.901,65.401,1.5,1.5,ok,manual_timestamp,0.0,True,False,False,8.018041744559206,6.089957618366974,6.253486022064774,11.146705747797597
P31,AGEM KANAN,2,POST,T3,temporal,kiri,63.901,65.401,1.5,1.5,ok,manual_timestamp,0.4,False,False,False,,,,
P31,AGEM KANAN,2,POST,T5,temporo-posterior,kiri,63.901,65.401,1.5,1.5,ok,manual_timestamp,0.0,True,False,False,4.639629652543377,7.488562770215168,7.758143576003199,8.950971539015857
P31,AGEM KANAN,2,POST,Fp2,frontopolar,kanan,63.901,65.401,1.5,1.5,ok,manual_timestamp,0.0,True,False,False,9.882382559602345,12.247673804471729,10.955674559695222,9.696159351432264
P31,AGEM KANAN,2,POST,F4,frontal,kanan,63.901,65.401,1.5,1.5,ok,manual_timestamp,0.0,True,False,False,4.308541595991656,5.630030493323957,4.650142076854582,3.420454143412659
P31,AGEM KANAN,2,POST,C4,sentral,kanan,63.901,65.401,1.5,1.5,ok,manual_timestamp,0.0,True,False,False,9.707072828454358,6.027315678587534,3.833396282762429,7.261522398357865
P31,AGEM KANAN,2,POST,P4,parietal,kanan,63.901,65.401,1.5,1.5,ok,manual_timestamp,0.0,True,False,False,13.385172418362195,12.565619107217419,13.239278234094154,13.027552839276161
P31,AGEM KANAN,2,POST,O2,oksipital,kanan,63.901,65.401,1.5,1.5,ok,manual_timestamp,0.0,True,False,False,17.27929929126364,13.298585577253338,13.882379282329463,16.68264282873134
P31,AGEM KANAN,2,POST,F8,frontotemporal,kanan,63.901,65.401,1.5,1.5,ok,manual_timestamp,0.0,True,False,False,13.810440355222788,11.11018075131052,11.340285298274281,14.618085441963643
P31,AGEM KANAN,2,POST,T4,temporal,kanan,63.901,65.401,1.5,1.5,ok,manual_timestamp,0.0,True,False,False,15.001297245198302,16.98246146980722,14.52532978119281,14.524394801196571
P31,AGEM KANAN,2,POST,T6,temporo-posterior,kanan,63.901,65.401,1.5,1.5,ok,manual_timestamp,0.0,True,False,False,14.923961339914456,16.769697380974776,14.165279542346116,13.265852859750694
P31,AGEM KIRI,1,PRA,Fp1,frontopolar,kiri,67.817,69.817,2.0,2.0,ok,manual_timestamp,0.0,True,False,False,-6.0304168486434655,-4.000155406736102,-3.7003164412033485,-4.203395370274393
P31,AGEM KIRI,1,PRA,F3,frontal,kiri,67.817,69.817,2.0,2.0,ok,manual_timestamp,0.0,True,False,False,-3.9641421720033954,-1.9958992040463315,-2.4064520316311864,-2.6476886255012104
P31,AGEM KIRI,1,PRA,C3,sentral,kiri,67.817,69.817,2.0,2.0,ok,manual_timestamp,0.0,True,False,False,-1.2563044124274967,0.6903647084740818,-0.5991948177244453,0.2435825645003007
P31,AGEM KIRI,1,PRA,P3,parietal,kiri,67.817,69.817,2.0,2.0,ok,manual_timestamp,0.0,True,False,False,-4.84155064890566,-1.8254930970434273,-2.146630922782652,-2.501964571290948
P31,AGEM KIRI,1,PRA,O1,oksipital,kiri,67.817,69.817,2.0,2.0,ok,manual_timestamp,0.0,True,False,False,0.9084581124421618,-2.0066089583644526,-4.750272858700352,-0.6251028011724387
P31,AGEM KIRI,1,PRA,F7,frontotemporal,kiri,67.817,69.817,2.0,2.0,ok,manual_timestamp,0.0,True,False,False,-5.31883894752281,-1.62341218229043,-1.3618474254241484,-1.9504629886334932
P31,AGEM KIRI,1,PRA,T3,temporal,kiri,67.817,69.817,2.0,2.0,ok,manual_timestamp,0.0,True,False,False,-4.1727151318416205,-1.5390749774384318,-1.7677762174335463,-2.275517551366754
P31,AGEM KIRI,1,PRA,T5,temporo-posterior,kiri,67.817,69.817,2.0,2.0,ok,manual_timestamp,0.0,True,False,False,3.9141135112577246,0.6101269400424165,-1.597219663981285,2.474396387133961
P31,AGEM KIRI,1,PRA,Fp2,frontopolar,kanan,67.817,69.817,2.0,2.0,ok,manual_timestamp,0.0,True,False,False,0.18891238510634167,1.1711334333233463,-1.561463452827553,-1.8525498322750185
P31,AGEM KIRI,1,PRA,F4,frontal,kanan,67.817,69.817,2.0,2.0,ok,manual_timestamp,0.0,True,False,False,-6.293867428875146,-3.850239317322906,-4.632644878455281,-6.516995718580663
P31,AGEM KIRI,1,PRA,C4,sentral,kanan,67.817,69.817,2.0,2.0,ok,manual_timestamp,0.0,True,False,False,-6.965904817564109,-6.088189472945572,-5.366281640772787,-6.9188490239060805
P31,AGEM KIRI,1,PRA,P4,parietal,kanan,67.817,69.817,2.0,2.0,ok,manual_timestamp,0.0,True,False,False,-8.864965072136172,-4.557667406839659,-2.590050746807668,-8.664948659181526
P31,AGEM KIRI,1,PRA,O2,oksipital,kanan,67.817,69.817,2.0,2.0,ok,manual_timestamp,0.0,True,False,False,-3.9314451547533977,-1.8196799912699966,-2.842077875509304,-4.8439817567887715
P31,AGEM KIRI,1,PRA,F8,frontotemporal,kanan,67.817,69.817,2.0,2.0,ok,manual_timestamp,0.0,True,False,False,-0.5293973038806925,-1.784803506574825,-4.706933933901439,-2.311473683050629
P31,AGEM KIRI,1,PRA,T4,temporal,kanan,67.817,69.817,2.0,2.0,ok,manual_timestamp,0.0,True,False,False,1.7928130368866348,4.718757870223108,4.380532148096723,3.4881721992296733
P31,AGEM KIRI,1,PRA,T6,temporo-posterior,kanan,67.817,69.817,2.0,2.0,ok,manual_timestamp,0.0,True,False,False,2.4119632109393905,4.231752817231758,1.3026277878861556,1.1735722847881078
P31,AGEM KIRI,1,TURUN,Fp1,frontopolar,kiri,69.817,74.077,3.76,4.26,ok,manual_timestamp,0.0,True,False,False,13.194712147679333,8.62743864869243,5.9190303057765945,12.832270367618975
P31,AGEM KIRI,1,TURUN,F3,frontal,kiri,69.817,74.077,3.76,4.26,ok,manual_timestamp,0.0,True,False,False,13.395282097587447,6.2532837416256015,6.142363354023313,12.266513649637897
P31,AGEM KIRI,1,TURUN,C3,sentral,kiri,69.817,74.077,3.76,4.26,ok,manual_timestamp,0.181,True,True,False,16.176204479648412,9.923697117659597,9.121669689945719,15.772926566906676
P31,AGEM KIRI,1,TURUN,P3,parietal,kiri,69.817,74.077,3.76,4.26,ok,manual_timestamp,0.228,True,True,False,13.474506908097254,6.697181591577511,6.217765776057323,12.59510820281077
P31,AGEM KIRI,1,TURUN,O1,oksipital,kiri,69.817,74.077,3.76,4.26,ok,manual_timestamp,0.0,True,False,False,16.01453249824136,10.490036763184236,9.268144368947109,14.266959702736436
P31,AGEM KIRI,1,TURUN,F7,frontotemporal,kiri,69.817,74.077,3.76,4.26,ok,manual_timestamp,0.0,True,False,False,15.78889046655263,12.844346387083725,10.149371121364357,16.280052956926383
P31,AGEM KIRI,1,TURUN,T3,temporal,kiri,69.817,74.077,3.76,4.26,ok,manual_timestamp,0.0,True,False,False,13.605267738593064,7.445093309366769,6.677839941800791,13.113866172808045
P31,AGEM KIRI,1,TURUN,T5,temporo-posterior,kiri,69.817,74.077,3.76,4.26,ok,manual_timestamp,0.0,True,False,False,16.754857580011624,13.00820293025295,11.33621477249195,16.07883784948243
P31,AGEM KIRI,1,TURUN,Fp2,frontopolar,kanan,69.817,74.077,3.76,4.26,ok,manual_timestamp,0.0,True,False,False,17.60200500138746,15.817180550279828,12.87374313658588,16.870606359101842
P31,AGEM KIRI,1,TURUN,F4,frontal,kanan,69.817,74.077,3.76,4.26,ok,manual_timestamp,0.0,True,False,False,9.076746784673922,6.012367492065465,6.22293535505856,6.570945273533052
P31,AGEM KIRI,1,TURUN,C4,sentral,kanan,69.817,74.077,3.76,4.26,ok,manual_timestamp,0.0,True,False,False,8.674404487291064,4.827210116784656,2.798722153669125,8.93364783506171
P31,AGEM KIRI,1,TURUN,P4,parietal,kanan,69.817,74.077,3.76,4.26,ok,manual_timestamp,0.0,True,False,False,16.343388046455658,16.398941938971237,13.727244450654712,14.661229851011704
P31,AGEM KIRI,1,TURUN,O2,oksipital,kanan,69.817,74.077,3.76,4.26,ok,manual_timestamp,0.0,True,False,False,18.71440500273387,15.00510284031731,13.196876100333487,16.459903030950535
P31,AGEM KIRI,1,TURUN,F8,frontotemporal,kanan,69.817,74.077,3.76,4.26,ok,manual_timestamp,0.0,True,False,False,12.823507934495105,11.594458555246323,8.442603966532005,11.560568450908235
P31,AGEM KIRI,1,TURUN,T4,temporal,kanan,69.817,74.077,3.76,4.26,ok,manual_timestamp,0.0,True,False,False,18.26730333438781,17.384834976834938,14.707595185277256,16.886778856379053
P31,AGEM KIRI,1,TURUN,T6,temporo-posterior,kanan,69.817,74.077,3.76,4.26,ok,manual_timestamp,0.0,True,False,False,19.42120534871158,18.8372012655718,14.296981149709328,18.411940403012224
P31,AGEM KIRI,1,TAHAN,Fp1,frontopolar,kiri,73.577,82.536,8.459,8.959,ok,manual_timestamp,0.0,True,False,False,3.88294989491456,-0.8731753407780545,1.3539866139193855,2.7803038483607807
P31,AGEM KIRI,1,TAHAN,F3,frontal,kiri,73.577,82.536,8.459,8.959,ok,manual_timestamp,0.156,True,True,False,0.11901880464048986,-3.782576135911114,-0.9984838833888752,-1.3954945044369254
P31,AGEM KIRI,1,TAHAN,C3,sentral,kiri,73.577,82.536,8.459,8.959,ok,manual_timestamp,0.171,True,True,False,1.1892523884936068,-1.9917238540512336,-0.36423215156459676,-0.28759948859318385
P31,AGEM KIRI,1,TAHAN,P3,parietal,kiri,73.577,82.536,8.459,8.959,ok,manual_timestamp,0.305,True,True,False,0.4508355193743796,-3.031654349134598,-0.822326640423384,-0.740625830413844
P31,AGEM KIRI,1,TAHAN,O1,oksipital,kiri,73.577,82.536,8.459,8.959,ok,manual_timestamp,0.0,True,False,False,1.0934842568076135,-2.426614881960674,-2.4934527201798353,0.4626349339259548
P31,AGEM KIRI,1,TAHAN,F7,frontotemporal,kiri,73.577,82.536,8.459,8.959,ok,manual_timestamp,0.0,True,False,False,4.784482959010965,1.9985702261867786,3.749953182250877,5.393722508059909
P31,AGEM KIRI,1,TAHAN,T3,temporal,kiri,73.577,82.536,8.459,8.959,ok,manual_timestamp,0.134,True,True,False,0.09983407744869055,-2.9718447287617025,-2.0803258540247,-1.300948313457667
P31,AGEM KIRI,1,TAHAN,T5,temporo-posterior,kiri,73.577,82.536,8.459,8.959,ok,manual_timestamp,0.0,True,False,False,4.749605779575724,2.890912093171046,1.5563295125141607,4.895328083653876
P31,AGEM KIRI,1,TAHAN,Fp2,frontopolar,kanan,73.577,82.536,8.459,8.959,ok,manual_timestamp,0.0,True,False,False,4.899471534318224,5.7617150572302,2.876479914373192,3.934163544666152
P31,AGEM KIRI,1,TAHAN,F4,frontal,kanan,73.577,82.536,8.459,8.959,ok,manual_timestamp,0.0,True,False,False,2.673176406634468,-0.9910639189634978,-0.17424307965439922,0.37660964677380093
P31,AGEM KIRI,1,TAHAN,C4,sentral,kanan,73.577,82.536,8.459,8.959,ok,manual_timestamp,0.0,True,False,False,0.8618214001902658,-0.13868719523147277,-0.8416426001116335,1.956037313102609
P31,AGEM KIRI,1,TAHAN,P4,parietal,kanan,73.577,82.536,8.459,8.959,ok,manual_timestamp,0.201,True,True,False,11.175401043674036,11.462185155362942,7.897398004881598,10.746506935947899
P31,AGEM KIRI,1,TAHAN,O2,oksipital,kanan,73.577,82.536,8.459,8.959,ok,manual_timestamp,0.156,True,True,False,10.808276228402612,9.09650498107808,4.18680118194019,8.960355983149448
P31,AGEM KIRI,1,TAHAN,F8,frontotemporal,kanan,73.577,82.536,8.459,8.959,ok,manual_timestamp,0.0,True,False,False,6.098878288822192,4.723544335197669,1.8722219131480031,5.297227279528741
P31,AGEM KIRI,1,TAHAN,T4,temporal,kanan,73.577,82.536,8.459,8.959,ok,manual_timestamp,0.0,True,False,False,16.00582094584653,14.632805528073568,11.234718123724626,13.770050016511071
P31,AGEM KIRI,1,TAHAN,T6,temporo-posterior,kanan,73.577,82.536,8.459,8.959,ok,manual_timestamp,0.0,True,False,False,12.73417526609542,13.125388826276264,10.194600192893216,12.685132523927493
P31,AGEM KIRI,1,NAIK,Fp1,frontopolar,kiri,82.036,84.17,1.634,2.134,ok,manual_timestamp,0.0,True,False,False,11.048170894520723,4.731534418088284,3.1385380534797562,8.202122720781809
P31,AGEM KIRI,1,NAIK,F3,frontal,kiri,82.036,84.17,1.634,2.134,ok,manual_timestamp,0.0,True,False,False,-1.1256434479300097,-3.9919492792740385,-3.4204424698239713,-2.7581412064584043
P31,AGEM KIRI,1,NAIK,C3,sentral,kiri,82.036,84.17,1.634,2.134,ok,manual_timestamp,0.0,True,False,False,3.3130973012490728,1.8709430197640273,0.9723680151192831,3.0022074222776496
P31,AGEM KIRI,1,NAIK,P3,parietal,kiri,82.036,84.17,1.634,2.134,ok,manual_timestamp,0.033,True,False,False,-0.3620113937608025,-3.09926066148104,-2.1315034108747497,-1.7317172013040931
P31,AGEM KIRI,1,NAIK,O1,oksipital,kiri,82.036,84.17,1.634,2.134,ok,manual_timestamp,0.0,True,False,False,12.126603296978466,8.099381965059784,2.7461370683989337,8.936284143995557
P31,AGEM KIRI,1,NAIK,F7,frontotemporal,kiri,82.036,84.17,1.634,2.134,ok,manual_timestamp,0.0,True,False,False,12.135244080982552,8.472905803077424,6.321337364673717,10.222651272293433
P31,AGEM KIRI,1,NAIK,T3,temporal,kiri,82.036,84.17,1.634,2.134,ok,manual_timestamp,0.0,True,False,False,5.58673888916946,2.6518144783642086,0.47740378568839503,4.235650480659729
P31,AGEM KIRI,1,NAIK,T5,temporo-posterior,kiri,82.036,84.17,1.634,2.134,ok,manual_timestamp,0.0,True,False,False,9.135786541697627,7.47740331671443,4.50217044909536,7.7967634577477405
P31,AGEM KIRI,1,NAIK,Fp2,frontopolar,kanan,82.036,84.17,1.634,2.134,ok,manual_timestamp,0.0,True,False,False,12.426020740339403,11.660248186451215,7.273460953328193,10.150520694979559
P31,AGEM KIRI,1,NAIK,F4,frontal,kanan,82.036,84.17,1.634,2.134,ok,manual_timestamp,0.0,True,False,False,6.0186611528592024,3.6426955118322475,3.4289718212389353,2.417912478589546
P31,AGEM KIRI,1,NAIK,C4,sentral,kanan,82.036,84.17,1.634,2.134,ok,manual_timestamp,0.0,True,False,False,7.064663847394826,7.036070723289903,7.170588474205793,6.515744768932176
P31,AGEM KIRI,1,NAIK,P4,parietal,kanan,82.036,84.17,1.634,2.134,ok,manual_timestamp,0.0,True,False,False,5.803619530779542,12.608476421416189,11.475557394003221,7.040075549077379
P31,AGEM KIRI,1,NAIK,O2,oksipital,kanan,82.036,84.17,1.634,2.134,ok,manual_timestamp,0.0,True,False,False,18.13055937867447,16.376129104824248,13.153562284306059,15.492085677419013
P31,AGEM KIRI,1,NAIK,F8,frontotemporal,kanan,82.036,84.17,1.634,2.134,ok,manual_timestamp,0.0,True,False,False,16.592299357596637,10.820692139752484,8.231275441860618,13.67490384961323
P31,AGEM KIRI,1,NAIK,T4,temporal,kanan,82.036,84.17,1.634,2.134,ok,manual_timestamp,0.0,True,False,False,12.257122716530752,14.201854973329084,14.79467941351357,12.233470884881477
P31,AGEM KIRI,1,NAIK,T6,temporo-posterior,kanan,82.036,84.17,1.634,2.134,ok,manual_timestamp,0.0,True,False,False,21.746628258596985,21.035415174099086,16.123127677935404,18.683115499850963
P31,AGEM KIRI,1,POST,Fp1,frontopolar,kiri,84.67,86.17,1.5,1.5,ok,manual_timestamp,0.0,True,False,False,8.056868472827873,5.828767377832552,4.810351805133237,8.894475301516636
P31,AGEM KIRI,1,POST,F3,frontal,kiri,84.67,86.17,1.5,1.5,ok,manual_timestamp,0.533,False,False,False,,,,
P31,AGEM KIRI,1,POST,C3,sentral,kiri,84.67,86.17,1.5,1.5,ok,manual_timestamp,0.0,True,False,False,2.2652144263641247,-0.18186285014507675,-1.522747045894235,2.1375731510267855
P31,AGEM KIRI,1,POST,P3,parietal,kiri,84.67,86.17,1.5,1.5,ok,manual_timestamp,0.98,False,False,False,,,,
P31,AGEM KIRI,1,POST,O1,oksipital,kiri,84.67,86.17,1.5,1.5,ok,manual_timestamp,0.0,True,False,False,8.004155186332525,3.9226478531386277,1.4744470957053402,7.41361655833478
P31,AGEM KIRI,1,POST,F7,frontotemporal,kiri,84.67,86.17,1.5,1.5,ok,manual_timestamp,0.0,True,False,False,9.709710235903323,8.08604565599591,7.542934031753074,10.23541649340548
P31,AGEM KIRI,1,POST,T3,temporal,kiri,84.67,86.17,1.5,1.5,ok,manual_timestamp,0.0,True,False,False,-3.2779716782670008,-6.057041646798908,-7.286175772074859,-3.769547961016915
P31,AGEM KIRI,1,POST,T5,temporo-posterior,kiri,84.67,86.17,1.5,1.5,ok,manual_timestamp,0.0,True,False,False,10.538980996848018,7.386800356637778,3.0265249114965087,10.729777145996831
P31,AGEM KIRI,1,POST,Fp2,frontopolar,kanan,84.67,86.17,1.5,1.5,ok,manual_timestamp,0.0,True,False,False,10.175179190075177,11.423468186153398,6.184987829969369,9.165846481148424
P31,AGEM KIRI,1,POST,F4,frontal,kanan,84.67,86.17,1.5,1.5,ok,manual_timestamp,0.0,True,False,False,5.828130091640411,6.105911312593619,7.50102882975559,4.543242098896609
P31,AGEM KIRI,1,POST,C4,sentral,kanan,84.67,86.17,1.5,1.5,ok,manual_timestamp,0.0,True,False,False,12.631115689629517,7.3887035504726555,8.531376723218564,11.688915605211701
P31,AGEM KIRI,1,POST,P4,parietal,kanan,84.67,86.17,1.5,1.5,ok,manual_timestamp,0.0,True,False,False,14.304712271781959,14.524199391563723,15.773008923188673,13.295909849896681
P31,AGEM KIRI,1,POST,O2,oksipital,kanan,84.67,86.17,1.5,1.5,ok,manual_timestamp,0.0,True,False,False,16.094153563515427,13.220285432572137,13.715386532527337,16.76188584373608
P31,AGEM KIRI,1,POST,F8,frontotemporal,kanan,84.67,86.17,1.5,1.5,ok,manual_timestamp,0.0,True,False,False,9.664698983575363,11.158535121222233,9.672226738493869,10.110238159924123
P31,AGEM KIRI,1,POST,T4,temporal,kanan,84.67,86.17,1.5,1.5,ok,manual_timestamp,0.0,True,False,False,12.645549474047826,15.2498705925044,11.639167900380777,12.55401342996474
P31,AGEM KIRI,1,POST,T6,temporo-posterior,kanan,84.67,86.17,1.5,1.5,ok,manual_timestamp,0.0,True,False,False,16.616884171518144,13.181483863191453,13.18489067115961,17.262658110148358
P31,AGEM KIRI,2,PRA,Fp1,frontopolar,kiri,84.47,86.47,2.0,2.0,ok,manual_timestamp,0.0,True,False,False,8.469369768429338,5.7652086511437695,5.315854698497482,8.486911324586394
P31,AGEM KIRI,2,PRA,F3,frontal,kiri,84.47,86.47,2.0,2.0,ok,manual_timestamp,0.485,False,False,False,,,,
P31,AGEM KIRI,2,PRA,C3,sentral,kiri,84.47,86.47,2.0,2.0,ok,manual_timestamp,0.0,True,False,False,2.235619244083175,1.1281687305340071,-0.9155030777446775,2.010569065327836
P31,AGEM KIRI,2,PRA,P3,parietal,kiri,84.47,86.47,2.0,2.0,ok,manual_timestamp,0.9,False,False,False,,,,
P31,AGEM KIRI,2,PRA,O1,oksipital,kiri,84.47,86.47,2.0,2.0,ok,manual_timestamp,0.0,True,False,False,7.4462864256123,3.41537380761347,2.5278270931667954,6.98497437261944
P31,AGEM KIRI,2,PRA,F7,frontotemporal,kiri,84.47,86.47,2.0,2.0,ok,manual_timestamp,0.0,True,False,False,9.938083839506831,8.696740099886831,7.421978366518619,10.575472928544684
P31,AGEM KIRI,2,PRA,T3,temporal,kiri,84.47,86.47,2.0,2.0,ok,manual_timestamp,0.0,True,False,False,-3.0583395270751232,-3.8588298824973144,-5.470988400992667,-3.0501715936374936
P31,AGEM KIRI,2,PRA,T5,temporo-posterior,kiri,84.47,86.47,2.0,2.0,ok,manual_timestamp,0.0,True,False,False,11.371246595671572,7.299802795909294,3.8952506865815977,10.490750869335105
P31,AGEM KIRI,2,PRA,Fp2,frontopolar,kanan,84.47,86.47,2.0,2.0,ok,manual_timestamp,0.0,True,False,False,11.516300505859753,11.268623567314828,6.6153804042942,9.70488731137553
P31,AGEM KIRI,2,PRA,F4,frontal,kanan,84.47,86.47,2.0,2.0,ok,manual_timestamp,0.0,True,False,False,7.349445792013761,5.6858249579600795,7.457607577448854,5.2819819011112195
P31,AGEM KIRI,2,PRA,C4,sentral,kanan,84.47,86.47,2.0,2.0,ok,manual_timestamp,0.0,True,False,False,12.142480604891148,7.578564259513719,9.167005158856462,11.309586594915576
P31,AGEM KIRI,2,PRA,P4,parietal,kanan,84.47,86.47,2.0,2.0,ok,manual_timestamp,0.0,True,False,False,13.608261386418718,13.762141819544258,16.017214599898704,12.570267841894456
P31,AGEM KIRI,2,PRA,O2,oksipital,kanan,84.47,86.47,2.0,2.0,ok,manual_timestamp,0.0,True,False,False,15.747832236865776,14.326501175270803,15.035126420363508,16.83306751135622
P31,AGEM KIRI,2,PRA,F8,frontotemporal,kanan,84.47,86.47,2.0,2.0,ok,manual_timestamp,0.0,True,False,False,12.285256092036214,11.386867258777063,10.327863202656928,11.214542739939773
P31,AGEM KIRI,2,PRA,T4,temporal,kanan,84.47,86.47,2.0,2.0,ok,manual_timestamp,0.0,True,False,False,12.502104620134673,15.964744642983739,13.614750367649933,13.015364537304222
P31,AGEM KIRI,2,PRA,T6,temporo-posterior,kanan,84.47,86.47,2.0,2.0,ok,manual_timestamp,0.0,True,False,False,17.059795794872414,14.718336106070488,16.625597830419718,17.68908076851423
P31,AGEM KIRI,2,TURUN,Fp1,frontopolar,kiri,86.47,89.168,2.198,2.698,ok,manual_timestamp,0.0,True,False,False,9.395573940072069,4.3273679548489135,5.159679252389161,8.54885442406124
P31,AGEM KIRI,2,TURUN,F3,frontal,kiri,86.47,89.168,2.198,2.698,ok,manual_timestamp,0.234,True,True,False,8.796974351419308,3.1557635649377502,-3.0813436340881886,7.198108952912715
P31,AGEM KIRI,2,TURUN,C3,sentral,kiri,86.47,89.168,2.198,2.698,ok,manual_timestamp,0.0,True,False,False,11.451490669576536,7.441601385622814,1.642497783011013,9.060213042595663
P31,AGEM KIRI,2,TURUN,P3,parietal,kiri,86.47,89.168,2.198,2.698,ok,manual_timestamp,0.234,True,True,False,7.438092783145827,3.157368348343603,-3.7272895277080806,5.868669334807549
P31,AGEM KIRI,2,TURUN,O1,oksipital,kiri,86.47,89.168,2.198,2.698,ok,manual_timestamp,0.0,True,False,False,7.141123032971102,-2.6895932550295996,-0.6954378063758675,3.7538578180731292
P31,AGEM KIRI,2,TURUN,F7,frontotemporal,kiri,86.47,89.168,2.198,2.698,ok,manual_timestamp,0.0,True,False,False,9.685777958592595,7.0268030191960875,7.376270111961258,10.086648155204912
P31,AGEM KIRI,2,TURUN,T3,temporal,kiri,86.47,89.168,2.198,2.698,ok,manual_timestamp,0.0,True,False,False,8.484249839767351,5.328763495740809,0.6154577144411277,6.420976743930183
P31,AGEM KIRI,2,TURUN,T5,temporo-posterior,kiri,86.47,89.168,2.198,2.698,ok,manual_timestamp,0.0,True,False,False,12.563775300665952,8.465164731570987,5.295662035810704,10.501291508145744
P31,AGEM KIRI,2,TURUN,Fp2,frontopolar,kanan,86.47,89.168,2.198,2.698,ok,manual_timestamp,0.0,True,False,False,8.957561412001194,11.576447938430752,8.077397193183508,7.773743193116676
P31,AGEM KIRI,2,TURUN,F4,frontal,kanan,86.47,89.168,2.198,2.698,ok,manual_timestamp,0.0,True,False,False,8.414319197150114,6.23436020724246,5.380262553798673,8.974889218787371
P31,AGEM KIRI,2,TURUN,C4,sentral,kanan,86.47,89.168,2.198,2.698,ok,manual_timestamp,0.0,True,False,False,8.730274311471625,6.069673118953681,6.242359893839172,8.211418074765898
P31,AGEM KIRI,2,TURUN,P4,parietal,kanan,86.47,89.168,2.198,2.698,ok,manual_timestamp,0.0,True,False,False,8.318819265721409,11.914288679755362,11.493610639193637,8.363733378237256
P31,AGEM KIRI,2,TURUN,O2,oksipital,kanan,86.47,89.168,2.198,2.698,ok,manual_timestamp,0.0,True,False,False,14.546265127636651,8.595717760090327,7.471295892401017,13.066565290342815
P31,AGEM KIRI,2,TURUN,F8,frontotemporal,kanan,86.47,89.168,2.198,2.698,ok,manual_timestamp,0.0,True,False,False,13.061517022988973,13.11707336548665,11.357890433080591,13.680206575916486
P31,AGEM KIRI,2,TURUN,T4,temporal,kanan,86.47,89.168,2.198,2.698,ok,manual_timestamp,0.0,True,False,False,12.489791220243028,15.13582560432873,14.426570040374536,13.104660178539014
P31,AGEM KIRI,2,TURUN,T6,temporo-posterior,kanan,86.47,89.168,2.198,2.698,ok,manual_timestamp,0.0,True,False,False,18.902625232601004,16.633011434141913,15.0639470209255,17.965607051322067
P31,AGEM KIRI,2,TAHAN,Fp1,frontopolar,kiri,88.668,94.349,5.181,5.681,ok,manual_timestamp,0.0,True,False,False,2.537555552249543,-0.24179537576276644,0.38052489466099004,1.8374616289617869
P31,AGEM KIRI,2,TAHAN,F3,frontal,kiri,88.668,94.349,5.181,5.681,ok,manual_timestamp,0.113,True,True,False,2.260844025448712,-0.3155234700735221,-0.22797141642492136,1.7720494448449315
P31,AGEM KIRI,2,TAHAN,C3,sentral,kiri,88.668,94.349,5.181,5.681,ok,manual_timestamp,0.042,True,False,False,2.539773395624721,0.7765752387409286,0.6965097308373522,3.5990499364182185
P31,AGEM KIRI,2,TAHAN,P3,parietal,kiri,88.668,94.349,5.181,5.681,ok,manual_timestamp,0.113,True,True,False,2.6866001924244216,0.9769734782484178,0.68387796157349,2.0928095317801194
P31,AGEM KIRI,2,TAHAN,O1,oksipital,kiri,88.668,94.349,5.181,5.681,ok,manual_timestamp,0.0,True,False,False,3.6869222048192967,-0.1077802789274358,0.5637312716198828,4.74602088515195
P31,AGEM KIRI,2,TAHAN,F7,frontotemporal,kiri,88.668,94.349,5.181,5.681,ok,manual_timestamp,0.0,True,False,False,4.89015045442715,3.160266562142283,2.5166539949356412,4.641752528061591
P31,AGEM KIRI,2,TAHAN,T3,temporal,kiri,88.668,94.349,5.181,5.681,ok,manual_timestamp,0.0,True,False,False,3.667320610804204,0.42720935247458414,1.2522194428103575,3.192828172052103
P31,AGEM KIRI,2,TAHAN,T5,temporo-posterior,kiri,88.668,94.349,5.181,5.681,ok,manual_timestamp,0.0,True,False,False,5.858314652230355,1.0941347546962064,1.8836328491119687,6.212594826006718
P31,AGEM KIRI,2,TAHAN,Fp2,frontopolar,kanan,88.668,94.349,5.181,5.681,ok,manual_timestamp,0.0,True,False,False,4.809559483638022,4.711288999235114,3.5207309086820047,4.661675154301161
P31,AGEM KIRI,2,TAHAN,F4,frontal,kanan,88.668,94.349,5.181,5.681,ok,manual_timestamp,0.07,True,False,False,4.931736834241214,1.5181271387337105,0.644629736409339,3.0688449419623645
P31,AGEM KIRI,2,TAHAN,C4,sentral,kanan,88.668,94.349,5.181,5.681,ok,manual_timestamp,0.0,True,False,False,3.6959426689706234,0.01860990671348617,-0.07384069887020672,3.438053549537539
P31,AGEM KIRI,2,TAHAN,P4,parietal,kanan,88.668,94.349,5.181,5.681,ok,manual_timestamp,0.0,True,False,False,7.64779111260669,5.59661103320278,3.599743003223672,6.044901490450492
P31,AGEM KIRI,2,TAHAN,O2,oksipital,kanan,88.668,94.349,5.181,5.681,ok,manual_timestamp,0.0,True,False,False,6.519965166499645,2.605863501004542,3.3729492941089205,6.378805416785333
P31,AGEM KIRI,2,TAHAN,F8,frontotemporal,kanan,88.668,94.349,5.181,5.681,ok,manual_timestamp,0.0,True,False,False,8.985751483244258,7.5236100484063435,5.886999337013776,7.557495130239218
P31,AGEM KIRI,2,TAHAN,T4,temporal,kanan,88.668,94.349,5.181,5.681,ok,manual_timestamp,0.0,True,False,False,7.4995458857564685,8.846028289821348,8.648695793625528,7.221706989248787
P31,AGEM KIRI,2,TAHAN,T6,temporo-posterior,kanan,88.668,94.349,5.181,5.681,ok,manual_timestamp,0.0,True,False,False,11.702858038224356,10.86297172288031,9.611688422378005,10.405110120747615
P31,AGEM KIRI,2,NAIK,Fp1,frontopolar,kiri,93.849,95.553,1.204,1.704,ok,manual_timestamp,0.0,True,False,False,11.663841011827614,7.592761765973112,7.301544760914098,12.7115801086943
P31,AGEM KIRI,2,NAIK,F3,frontal,kiri,93.849,95.553,1.204,1.704,ok,manual_timestamp,0.503,False,False,False,,,,
P31,AGEM KIRI,2,NAIK,C3,sentral,kiri,93.849,95.553,1.204,1.704,ok,manual_timestamp,0.234,True,True,False,17.61860808388294,9.080549693383627,12.317494107782494,16.740024650355778
P31,AGEM KIRI,2,NAIK,P3,parietal,kiri,93.849,95.553,1.204,1.704,ok,manual_timestamp,0.503,False,False,False,,,,
P31,AGEM KIRI,2,NAIK,O1,oksipital,kiri,93.849,95.553,1.204,1.704,ok,manual_timestamp,0.0,True,False,False,12.020564341493007,7.675849197158065,8.742160308672513,11.86673210739611
P31,AGEM KIRI,2,NAIK,F7,frontotemporal,kiri,93.849,95.553,1.204,1.704,ok,manual_timestamp,0.0,True,False,False,16.70347376723125,14.381460945460283,10.908227619760968,18.397701373275332
P31,AGEM KIRI,2,NAIK,T3,temporal,kiri,93.849,95.553,1.204,1.704,ok,manual_timestamp,0.0,True,False,False,11.719040755420778,8.641617055095416,7.509943415181404,10.126064968650276
P31,AGEM KIRI,2,NAIK,T5,temporo-posterior,kiri,93.849,95.553,1.204,1.704,ok,manual_timestamp,0.0,True,False,False,14.586509734781728,11.59914361422696,13.255436707715468,15.344145037624553
P31,AGEM KIRI,2,NAIK,Fp2,frontopolar,kanan,93.849,95.553,1.204,1.704,ok,manual_timestamp,0.0,True,False,False,17.777216915909285,16.414494247957272,14.889483118385886,17.501997302598546
P31,AGEM KIRI,2,NAIK,F4,frontal,kanan,93.849,95.553,1.204,1.704,ok,manual_timestamp,0.035,True,False,False,13.98131767676162,5.006740212980681,11.224951234014405,11.680366004239165
P31,AGEM KIRI,2,NAIK,C4,sentral,kanan,93.849,95.553,1.204,1.704,ok,manual_timestamp,0.0,True,False,False,9.964871336824473,7.66004221996922,6.332764007819563,10.11722642923083
P31,AGEM KIRI,2,NAIK,P4,parietal,kanan,93.849,95.553,1.204,1.704,ok,manual_timestamp,0.0,True,False,False,13.0614200594055,15.452043639415525,14.410491495850987,13.363331985952364
P31,AGEM KIRI,2,NAIK,O2,oksipital,kanan,93.849,95.553,1.204,1.704,ok,manual_timestamp,0.0,True,False,False,20.18720999488383,17.812274507776767,14.948349891106123,18.263190766353624
P31,AGEM KIRI,2,NAIK,F8,frontotemporal,kanan,93.849,95.553,1.204,1.704,ok,manual_timestamp,0.0,True,False,False,15.0837280882863,17.080632241235687,15.263305391459156,17.230187756015646
P31,AGEM KIRI,2,NAIK,T4,temporal,kanan,93.849,95.553,1.204,1.704,ok,manual_timestamp,0.0,True,False,False,15.298061030030944,16.027321736198942,15.890149199479737,14.279809755957238
P31,AGEM KIRI,2,NAIK,T6,temporo-posterior,kanan,93.849,95.553,1.204,1.704,ok,manual_timestamp,0.0,True,False,False,19.67098858746754,18.06123545831467,17.081541361579614,17.801386717563105
P31,AGEM KIRI,2,POST,Fp1,frontopolar,kiri,96.053,97.553,1.5,1.5,ok,manual_timestamp,0.0,True,False,False,6.767799272938248,0.026457924650483022,1.5306528873755454,4.96313268170816
P31,AGEM KIRI,2,POST,F3,frontal,kiri,96.053,97.553,1.5,1.5,ok,manual_timestamp,0.0,True,False,False,-7.0873023517321165,-10.95759471812142,-6.000388615045214,-4.652979032523373
P31,AGEM KIRI,2,POST,C3,sentral,kiri,96.053,97.553,1.5,1.5,ok,manual_timestamp,0.0,True,False,False,8.460983525353086,2.472265636269629,1.4162061183232382,6.746489586239825
P31,AGEM KIRI,2,POST,P3,parietal,kiri,96.053,97.553,1.5,1.5,ok,manual_timestamp,0.0,True,False,False,-10.22188899350476,-10.880429300192283,-8.058125000122644,-8.733292232815508
P31,AGEM KIRI,2,POST,O1,oksipital,kiri,96.053,97.553,1.5,1.5,ok,manual_timestamp,0.0,True,False,False,5.483509975369394,-0.33011218414703336,-2.7208317363724497,4.101233948693569
P31,AGEM KIRI,2,POST,F7,frontotemporal,kiri,96.053,97.553,1.5,1.5,ok,manual_timestamp,0.0,True,False,False,10.02788259661967,3.680134743338499,4.225772836820983,8.240140102657385
P31,AGEM KIRI,2,POST,T3,temporal,kiri,96.053,97.553,1.5,1.5,ok,manual_timestamp,0.0,True,False,False,4.1032805007872,-0.5970815381988395,-1.0623656748977908,3.4477801328664697
P31,AGEM KIRI,2,POST,T5,temporo-posterior,kiri,96.053,97.553,1.5,1.5,ok,manual_timestamp,0.0,True,False,False,7.901824740876911,6.541706934579018,1.4441629728198855,8.16757731875396
P31,AGEM KIRI,2,POST,Fp2,frontopolar,kanan,96.053,97.553,1.5,1.5,ok,manual_timestamp,0.0,True,False,False,6.576463547819017,7.919647401418009,4.104103604711668,5.677340141936789
P31,AGEM KIRI,2,POST,F4,frontal,kanan,96.053,97.553,1.5,1.5,ok,manual_timestamp,0.0,True,False,False,-0.61998639883317,-0.03488575291901341,1.4424136571793404,-0.28279062755858675
P31,AGEM KIRI,2,POST,C4,sentral,kanan,96.053,97.553,1.5,1.5,ok,manual_timestamp,0.0,True,False,False,4.748268493765586,2.271659680141866,-1.3893827237249958,4.336421521593724
P31,AGEM KIRI,2,POST,P4,parietal,kanan,96.053,97.553,1.5,1.5,ok,manual_timestamp,0.0,True,False,False,12.627490644685018,11.527464087899101,4.871012749893271,10.914165401822842
P31,AGEM KIRI,2,POST,O2,oksipital,kanan,96.053,97.553,1.5,1.5,ok,manual_timestamp,0.0,True,False,False,10.580672931041619,2.4137954744956858,3.4662539188778467,8.021554724411494
P31,AGEM KIRI,2,POST,F8,frontotemporal,kanan,96.053,97.553,1.5,1.5,ok,manual_timestamp,0.0,True,False,False,6.042178339180374,0.7498412542402271,1.7630996841672975,6.226400936397674
P31,AGEM KIRI,2,POST,T4,temporal,kanan,96.053,97.553,1.5,1.5,ok,manual_timestamp,0.0,True,False,False,4.719498705416285,3.198388664345842,3.9909752302231425,4.199971322146368
P31,AGEM KIRI,2,POST,T6,temporo-posterior,kanan,96.053,97.553,1.5,1.5,ok,manual_timestamp,0.0,True,False,False,9.452769876918353,6.402899493132573,4.331615761847605,8.72056105114418
P31,NGEED,3,PRA,Fp1,frontopolar,kiri,277.616,279.616,2.0,2.0,ok,manual_timestamp,0.0,True,False,False,-2.265429956014959,-3.7752704501777004,-3.9742556458165375,-3.711260474929496
P31,NGEED,3,PRA,F3,frontal,kiri,277.616,279.616,2.0,2.0,ok,manual_timestamp,1.0,False,False,False,,,,
P31,NGEED,3,PRA,C3,sentral,kiri,277.616,279.616,2.0,2.0,ok,manual_timestamp,0.0,True,False,False,-1.7625039351722975,-3.743466025303956,-1.4662132200630147,-1.7909687198417572
P31,NGEED,3,PRA,P3,parietal,kiri,277.616,279.616,2.0,2.0,ok,manual_timestamp,1.0,False,False,False,,,,
P31,NGEED,3,PRA,O1,oksipital,kiri,277.616,279.616,2.0,2.0,ok,manual_timestamp,0.345,True,True,False,-8.770938956396996,-9.952438153327169,-9.73894679993391,-8.761983907683966
P31,NGEED,3,PRA,F7,frontotemporal,kiri,277.616,279.616,2.0,2.0,ok,manual_timestamp,0.0,True,False,False,-1.0564890234335564,-2.043781911915147,-1.2792361445407288,-1.654204713656668
P31,NGEED,3,PRA,T3,temporal,kiri,277.616,279.616,2.0,2.0,ok,manual_timestamp,0.0,True,False,False,-7.243514839767251,-9.789105692888242,-6.002730732416829,-7.563073813119264
P31,NGEED,3,PRA,T5,temporo-posterior,kiri,277.616,279.616,2.0,2.0,ok,manual_timestamp,0.945,False,False,False,,,,
P31,NGEED,3,PRA,Fp2,frontopolar,kanan,277.616,279.616,2.0,2.0,ok,manual_timestamp,0.0,True,False,False,-6.156559577234372,-2.6537110334573963,-4.2888255970103275,-6.730819061734946
P31,NGEED,3,PRA,F4,frontal,kanan,277.616,279.616,2.0,2.0,ok,manual_timestamp,0.245,True,True,False,-4.639899120940072,-5.63317130465045,-4.792443004921342,-6.748837599822249
P31,NGEED,3,PRA,C4,sentral,kanan,277.616,279.616,2.0,2.0,ok,manual_timestamp,0.0,True,False,False,-3.737696251527993,-5.334149129937398,-4.785448881356196,-4.68692381005955
P31,NGEED,3,PRA,P4,parietal,kanan,277.616,279.616,2.0,2.0,ok,manual_timestamp,0.0,True,False,False,-12.194488232747343,-8.383090982743996,-6.793092900276346,-9.9832999011278
P31,NGEED,3,PRA,O2,oksipital,kanan,277.616,279.616,2.0,2.0,ok,manual_timestamp,0.0,True,False,False,-5.225666661038591,-3.4694247656036765,-2.6854362581633637,-5.18653888935463
P31,NGEED,3,PRA,F8,frontotemporal,kanan,277.616,279.616,2.0,2.0,ok,manual_timestamp,1.0,False,False,False,,,,
P31,NGEED,3,PRA,T4,temporal,kanan,277.616,279.616,2.0,2.0,ok,manual_timestamp,0.0,True,False,False,-13.548826677735406,-6.124039674088021,-7.7595679090486875,-9.646969025341523
P31,NGEED,3,PRA,T6,temporo-posterior,kanan,277.616,279.616,2.0,2.0,ok,manual_timestamp,0.0,True,False,False,-7.989743453498203,-8.468703223378338,-7.393506606237299,-7.550139274569883
P31,NGEED,3,TURUN,Fp1,frontopolar,kiri,279.616,282.582,2.466,2.966,ok,manual_timestamp,0.0,True,False,False,0.6665488737845067,0.706331194428838,-0.19426030678984674,0.7615735859605408
P31,NGEED,3,TURUN,F3,frontal,kiri,279.616,282.582,2.466,2.966,ok,manual_timestamp,1.0,False,False,False,,,,
P31,NGEED,3,TURUN,C3,sentral,kiri,279.616,282.582,2.466,2.966,ok,manual_timestamp,0.0,True,False,False,7.488184077550528,5.26749191161937,2.5536831325541947,6.578890565721295
P31,NGEED,3,TURUN,P3,parietal,kiri,279.616,282.582,2.466,2.966,ok,manual_timestamp,1.0,False,False,False,,,,
P31,NGEED,3,TURUN,O1,oksipital,kiri,279.616,282.582,2.466,2.966,ok,manual_timestamp,0.0,True,False,False,-3.0049409979827857,-1.264093930629187,-2.1264326112233185,-2.030133251328138
P31,NGEED,3,TURUN,F7,frontotemporal,kiri,279.616,282.582,2.466,2.966,ok,manual_timestamp,0.0,True,False,False,0.5680961159115014,2.3985520105825913,0.01979910826311837,1.2755674576133096
P31,NGEED,3,TURUN,T3,temporal,kiri,279.616,282.582,2.466,2.966,ok,manual_timestamp,0.0,True,False,False,-4.247423810953013,-6.168520987026774,-5.902883566223057,-3.5422712956448876
P31,NGEED,3,TURUN,T5,temporo-posterior,kiri,279.616,282.582,2.466,2.966,ok,manual_timestamp,0.0,True,False,False,-0.2376095400783811,-0.9124715475238219,-1.606375734675975,-1.133176631478925
P31,NGEED,3,TURUN,Fp2,frontopolar,kanan,279.616,282.582,2.466,2.966,ok,manual_timestamp,0.0,True,False,False,0.48428551312900936,-2.009877440839462,1.4273995768604593,0.19833983762161012
P31,NGEED,3,TURUN,F4,frontal,kanan,279.616,282.582,2.466,2.966,ok,manual_timestamp,0.0,True,False,False,0.8673978537931291,2.3816752492228446,2.740744128060875,0.6856849411645562
P31,NGEED,3,TURUN,C4,sentral,kanan,279.616,282.582,2.466,2.966,ok,manual_timestamp,0.0,True,False,False,-0.9360302603624362,2.520840339249517,2.274941249788167,0.8461879167340101
P31,NGEED,3,TURUN,P4,parietal,kanan,279.616,282.582,2.466,2.966,ok,manual_timestamp,0.0,True,False,False,2.7127091441309403,2.6532223499044285,1.2538635858175873,1.4747085131141802
P31,NGEED,3,TURUN,O2,oksipital,kanan,279.616,282.582,2.466,2.966,ok,manual_timestamp,0.0,True,False,False,2.8943422814503172,3.5549019490744627,3.612353426711362,2.6009584392281653
P31,NGEED,3,TURUN,F8,frontotemporal,kanan,279.616,282.582,2.466,2.966,ok,manual_timestamp,0.232,True,True,False,4.969283840109114,3.5017058190066486,1.5350408977579164,3.7778835486297453
P31,NGEED,3,TURUN,T4,temporal,kanan,279.616,282.582,2.466,2.966,ok,manual_timestamp,0.0,True,False,False,10.022703355289003,7.350860212607309,6.785230488054513,8.325612678235295
P31,NGEED,3,TURUN,T6,temporo-posterior,kanan,279.616,282.582,2.466,2.966,ok,manual_timestamp,0.0,True,False,False,9.293368698697428,7.468940109105006,2.885176686553514,6.10924831799997
P31,NGEED,3,TAHAN,Fp1,frontopolar,kiri,282.082,285.501,2.919,3.419,ok,manual_timestamp,0.0,True,False,False,-0.3635916314657308,0.6774207767204565,0.7174502970233334,0.7237197075363184
P31,NGEED,3,TAHAN,F3,frontal,kiri,282.082,285.501,2.919,3.419,ok,manual_timestamp,0.24,True,True,False,-4.569928206854463,-2.814556146831311,-3.2845058209308675,-3.2408992484368184
P31,NGEED,3,TAHAN,C3,sentral,kiri,282.082,285.501,2.919,3.419,ok,manual_timestamp,0.0,True,False,False,3.365304070231801,1.1982598048057405,-0.2054706545504139,2.640346833842539
P31,NGEED,3,TAHAN,P3,parietal,kiri,282.082,285.501,2.919,3.419,ok,manual_timestamp,0.708,False,False,False,,,,
P31,NGEED,3,TAHAN,O1,oksipital,kiri,282.082,285.501,2.919,3.419,ok,manual_timestamp,0.0,True,False,False,-2.1125171178916986,-2.814669445360906,-1.4797360377003912,-2.2988911185469654
P31,NGEED,3,TAHAN,F7,frontotemporal,kiri,282.082,285.501,2.919,3.419,ok,manual_timestamp,0.0,True,False,False,-0.5760904991875542,2.0306340442001485,1.5616121459483736,1.0610553028050447
P31,NGEED,3,TAHAN,T3,temporal,kiri,282.082,285.501,2.919,3.419,ok,manual_timestamp,0.0,True,False,False,4.950083837040744,4.269872913361347,0.8488864377651382,4.658416765053062
P31,NGEED,3,TAHAN,T5,temporo-posterior,kiri,282.082,285.501,2.919,3.419,ok,manual_timestamp,0.0,True,False,False,-0.1521337730444614,-1.2550598459824407,0.3209339530804094,-0.05300064872556476
P31,NGEED,3,TAHAN,Fp2,frontopolar,kanan,282.082,285.501,2.919,3.419,ok,manual_timestamp,0.0,True,False,False,4.532481910074907,5.185358827408459,6.482139544180157,4.011498156002283
P31,NGEED,3,TAHAN,F4,frontal,kanan,282.082,285.501,2.919,3.419,ok,manual_timestamp,0.0,True,False,False,5.0283275272033805,4.730429640157425,5.664485948532203,3.58370218858823
P31,NGEED,3,TAHAN,C4,sentral,kanan,282.082,285.501,2.919,3.419,ok,manual_timestamp,0.0,True,False,False,4.832937855282466,2.917116125512848,5.1250463683097465,4.1536991647213775
P31,NGEED,3,TAHAN,P4,parietal,kanan,282.082,285.501,2.919,3.419,ok,manual_timestamp,0.0,True,False,False,6.343069233927672,4.824158263332592,6.6191761443995745,4.961737651416918
P31,NGEED,3,TAHAN,O2,oksipital,kanan,282.082,285.501,2.919,3.419,ok,manual_timestamp,0.0,True,False,False,6.623510221131475,4.418865691396924,6.325294877707467,4.519683948872213
P31,NGEED,3,TAHAN,F8,frontotemporal,kanan,282.082,285.501,2.919,3.419,ok,manual_timestamp,0.0,True,False,False,6.492267469699868,6.909797267107901,8.178368324581143,6.290774140875413
P31,NGEED,3,TAHAN,T4,temporal,kanan,282.082,285.501,2.919,3.419,ok,manual_timestamp,0.0,True,False,False,11.056790919836388,10.601131773785227,11.060308534416265,10.746800874917255
P31,NGEED,3,TAHAN,T6,temporo-posterior,kanan,282.082,285.501,2.919,3.419,ok,manual_timestamp,0.0,True,False,False,8.915745347843206,8.008886035827686,7.530352309673443,8.55586383257807
P31,NGEED,3,NAIK,Fp1,frontopolar,kiri,285.001,287.032,1.531,2.031,ok,manual_timestamp,0.0,True,False,False,6.674622643898402,3.391269052797842,2.890208931198778,4.604297028989677
P31,NGEED,3,NAIK,F3,frontal,kiri,285.001,287.032,1.531,2.031,ok,manual_timestamp,0.0,True,False,False,4.836204147806626,4.443707238063439,2.576240952979621,6.087881580879678
P31,NGEED,3,NAIK,C3,sentral,kiri,285.001,287.032,1.531,2.031,ok,manual_timestamp,0.0,True,False,False,10.689899338683908,9.517781830703203,5.003881784339651,10.992467154891571
P31,NGEED,3,NAIK,P3,parietal,kiri,285.001,287.032,1.531,2.031,ok,manual_timestamp,0.0,True,False,False,3.9824585020129533,5.693581810316751,3.130762484621659,5.372644778105325
P31,NGEED,3,NAIK,O1,oksipital,kiri,285.001,287.032,1.531,2.031,ok,manual_timestamp,0.0,True,False,False,5.552293692647879,-1.9674699277858423,-1.5711984903641358,5.044220453734461
P31,NGEED,3,NAIK,F7,frontotemporal,kiri,285.001,287.032,1.531,2.031,ok,manual_timestamp,0.0,True,False,False,5.367869490820247,4.938386278015166,4.263470558505013,5.092220238101838
P31,NGEED,3,NAIK,T3,temporal,kiri,285.001,287.032,1.531,2.031,ok,manual_timestamp,0.0,True,False,False,6.7426003957752485,5.908186612596033,4.725836830242201,6.310110151439666
P31,NGEED,3,NAIK,T5,temporo-posterior,kiri,285.001,287.032,1.531,2.031,ok,manual_timestamp,0.0,True,False,False,5.525688911698211,2.9540473326363994,1.169502277564625,6.141413176236117
P31,NGEED,3,NAIK,Fp2,frontopolar,kanan,285.001,287.032,1.531,2.031,ok,manual_timestamp,0.0,True,False,False,8.223748308783264,6.432796974048946,7.993861248960453,8.292156715028412
P31,NGEED,3,NAIK,F4,frontal,kanan,285.001,287.032,1.531,2.031,ok,manual_timestamp,0.0,True,False,False,8.047391193459191,5.969140518148663,6.516126170665544,7.91486900326618
P31,NGEED,3,NAIK,C4,sentral,kanan,285.001,287.032,1.531,2.031,ok,manual_timestamp,0.0,True,False,False,4.446813643887566,4.016317100802702,5.0913608232052425,5.5303153650579056
P31,NGEED,3,NAIK,P4,parietal,kanan,285.001,287.032,1.531,2.031,ok,manual_timestamp,0.0,True,False,False,13.87849911585932,7.581812774323861,9.156681617642047,12.804391610306205
P31,NGEED,3,NAIK,O2,oksipital,kanan,285.001,287.032,1.531,2.031,ok,manual_timestamp,0.0,True,False,False,13.415025125536722,7.425813461385179,8.498511577989664,11.470943046792136
P31,NGEED,3,NAIK,F8,frontotemporal,kanan,285.001,287.032,1.531,2.031,ok,manual_timestamp,0.0,True,False,False,13.236830434302789,4.8760036735046945,6.751148585235384,11.893304746719835
P31,NGEED,3,NAIK,T4,temporal,kanan,285.001,287.032,1.531,2.031,ok,manual_timestamp,0.0,True,False,False,13.166369386826538,14.749838830199344,15.083692734476138,13.724695868071606
P31,NGEED,3,NAIK,T6,temporo-posterior,kanan,285.001,287.032,1.531,2.031,ok,manual_timestamp,0.0,True,False,False,11.575371244295368,10.058135451650415,10.451450563108107,12.341847082246197
P31,NGEED,3,POST,Fp1,frontopolar,kiri,287.532,289.032,1.5,1.5,ok,manual_timestamp,0.0,True,False,False,0.9330149737352045,-2.242092510905106,-1.480821292196957,1.2793305913202673
P31,NGEED,3,POST,F3,frontal,kiri,287.532,289.032,1.5,1.5,ok,manual_timestamp,0.0,True,False,False,2.9188569366625927,2.5712149877173758,2.289072838593011,3.479271985086978
P31,NGEED,3,POST,C3,sentral,kiri,287.532,289.032,1.5,1.5,ok,manual_timestamp,0.0,True,False,False,10.466270085334017,6.013900540341137,6.011783396516172,10.037609171885087
P31,NGEED,3,POST,P3,parietal,kiri,287.532,289.032,1.5,1.5,ok,manual_timestamp,0.0,True,False,False,-1.57028957728523,-1.2261341959952325,-1.3000471991941787,1.660913656536092
P31,NGEED,3,POST,O1,oksipital,kiri,287.532,289.032,1.5,1.5,ok,manual_timestamp,0.0,True,False,False,-5.936838442011652,-3.999000379780192,-3.4641808868448933,-2.843293093206295
P31,NGEED,3,POST,F7,frontotemporal,kiri,287.532,289.032,1.5,1.5,ok,manual_timestamp,0.0,True,False,False,0.18765922507515143,-0.3576160444078873,-0.2812766349040068,0.901194900532122
P31,NGEED,3,POST,T3,temporal,kiri,287.532,289.032,1.5,1.5,ok,manual_timestamp,0.0,True,False,False,5.533288448554849,1.472394005863272,4.038850153425912,4.5069684183868475
P31,NGEED,3,POST,T5,temporo-posterior,kiri,287.532,289.032,1.5,1.5,ok,manual_timestamp,0.0,True,False,False,-0.8910541204371256,-0.8421591364242111,-1.4239428567658123,0.7416794619872356
P31,NGEED,3,POST,Fp2,frontopolar,kanan,287.532,289.032,1.5,1.5,ok,manual_timestamp,0.0,True,False,False,0.5668935008676463,1.4077326317590018,1.8954749765915455,1.2154983162533384
P31,NGEED,3,POST,F4,frontal,kanan,287.532,289.032,1.5,1.5,ok,manual_timestamp,0.0,True,False,False,3.3964272773301545,0.47581755370891443,2.6528510530973684,1.7284130182843
P31,NGEED,3,POST,C4,sentral,kanan,287.532,289.032,1.5,1.5,ok,manual_timestamp,0.0,True,False,False,5.895341969766903,4.485588865939185,1.5393532925242717,5.3367606874712585
P31,NGEED,3,POST,P4,parietal,kanan,287.532,289.032,1.5,1.5,ok,manual_timestamp,0.0,True,False,False,10.581181694340266,8.95145937447965,6.7410600307700825,10.484622734908655
P31,NGEED,3,POST,O2,oksipital,kanan,287.532,289.032,1.5,1.5,ok,manual_timestamp,0.0,True,False,False,9.076427895962922,2.680877355681748,3.190005092545416,7.164209345995239
P31,NGEED,3,POST,F8,frontotemporal,kanan,287.532,289.032,1.5,1.5,ok,manual_timestamp,0.0,True,False,False,5.701138918936465,6.311429630658981,6.152944677913595,7.2255689508114
P31,NGEED,3,POST,T4,temporal,kanan,287.532,289.032,1.5,1.5,ok,manual_timestamp,0.0,True,False,False,13.609784624890374,11.85381518600974,13.247146873845331,14.105307769065718
P31,NGEED,3,POST,T6,temporo-posterior,kanan,287.532,289.032,1.5,1.5,ok,manual_timestamp,0.0,True,False,False,16.162702187907698,6.11939460862412,6.923364017274537,12.160539140203795
P31,NGEED,4,PRA,Fp1,frontopolar,kiri,293.131,295.131,2.0,2.0,ok,manual_timestamp,0.0,True,False,False,-0.36835638374321533,-0.552130587527504,-1.4690929536670652,-0.3667452385087415
P31,NGEED,4,PRA,F3,frontal,kiri,293.131,295.131,2.0,2.0,ok,manual_timestamp,0.315,False,False,False,,,,
P31,NGEED,4,PRA,C3,sentral,kiri,293.131,295.131,2.0,2.0,ok,manual_timestamp,0.0,True,False,False,1.9877745281293926,1.3024144279148935,-0.12997802015350146,2.004163207214905
P31,NGEED,4,PRA,P3,parietal,kiri,293.131,295.131,2.0,2.0,ok,manual_timestamp,0.815,False,False,False,,,,
P31,NGEED,4,PRA,O1,oksipital,kiri,293.131,295.131,2.0,2.0,ok,manual_timestamp,0.0,True,False,False,-6.564690101620791,-5.4994631670445635,-4.928720607224317,-4.651623800678323
P31,NGEED,4,PRA,F7,frontotemporal,kiri,293.131,295.131,2.0,2.0,ok,manual_timestamp,0.0,True,False,False,0.4775721112589082,-0.8917023763503522,-0.7820658185166209,0.4334730854488882
P31,NGEED,4,PRA,T3,temporal,kiri,293.131,295.131,2.0,2.0,ok,manual_timestamp,0.0,True,False,False,-7.010851809649864,-6.811588178763948,-7.549381825501339,-6.659860910156858
P31,NGEED,4,PRA,T5,temporo-posterior,kiri,293.131,295.131,2.0,2.0,ok,manual_timestamp,0.0,True,False,False,-5.822954846741752,-3.4082257204907656,-2.107933794422447,-3.0499445622303796
P31,NGEED,4,PRA,Fp2,frontopolar,kanan,293.131,295.131,2.0,2.0,ok,manual_timestamp,0.0,True,False,False,-0.2791181237889724,-1.5419417503244492,-0.529107197147864,-2.031872679113457
P31,NGEED,4,PRA,F4,frontal,kanan,293.131,295.131,2.0,2.0,ok,manual_timestamp,0.0,True,False,False,-0.8957668646250916,0.4158691049357728,0.2930818772274968,-0.9160843465507789
P31,NGEED,4,PRA,C4,sentral,kanan,293.131,295.131,2.0,2.0,ok,manual_timestamp,0.0,True,False,False,-1.4379534132644594,-3.9750531310317285,-3.3172578325682807,-3.14022930907419
P31,NGEED,4,PRA,P4,parietal,kanan,293.131,295.131,2.0,2.0,ok,manual_timestamp,0.0,True,False,False,0.661242033618354,-0.6920232097543995,-1.9198227328326176,-0.6366173625366578
P31,NGEED,4,PRA,O2,oksipital,kanan,293.131,295.131,2.0,2.0,ok,manual_timestamp,0.0,True,False,False,2.1839865833106167,-2.9745286441644403,0.018052673940697872,-0.8587380875135437
P31,NGEED,4,PRA,F8,frontotemporal,kanan,293.131,295.131,2.0,2.0,ok,manual_timestamp,0.0,True,False,False,-3.5258336595283097,-1.979922207204769,0.3932408628743289,-2.131980244384703
P31,NGEED,4,PRA,T4,temporal,kanan,293.131,295.131,2.0,2.0,ok,manual_timestamp,0.0,True,False,False,7.13551645308538,7.695768647720492,6.694791720561028,5.560913953399265
P31,NGEED,4,PRA,T6,temporo-posterior,kanan,293.131,295.131,2.0,2.0,ok,manual_timestamp,0.0,True,False,False,1.9426983980823067,0.4880437680212957,3.663646377237601,1.5534202063733282
P31,NGEED,4,TURUN,Fp1,frontopolar,kiri,295.131,297.614,1.983,2.483,ok,manual_timestamp,0.0,True,False,False,3.5441098973624534,2.718158423387276,1.3857788612850896,2.5509067461135615
P31,NGEED,4,TURUN,F3,frontal,kiri,295.131,297.614,1.983,2.483,ok,manual_timestamp,1.0,False,False,False,,,,
P31,NGEED,4,TURUN,C3,sentral,kiri,295.131,297.614,1.983,2.483,ok,manual_timestamp,0.0,True,False,False,7.925918781732491,4.2845801162097565,2.875181831260214,5.962599348864892
P31,NGEED,4,TURUN,P3,parietal,kiri,295.131,297.614,1.983,2.483,ok,manual_timestamp,1.0,False,False,False,,,,
P31,NGEED,4,TURUN,O1,oksipital,kiri,295.131,297.614,1.983,2.483,ok,manual_timestamp,0.0,True,False,False,0.24912273861584566,-2.96697276599566,-2.8043033892086022,-0.8710775041844343
P31,NGEED,4,TURUN,F7,frontotemporal,kiri,295.131,297.614,1.983,2.483,ok,manual_timestamp,0.0,True,False,False,5.11656439673466,4.978380440005637,2.0866129148603676,4.038353284078266
P31,NGEED,4,TURUN,T3,temporal,kiri,295.131,297.614,1.983,2.483,ok,manual_timestamp,0.323,False,False,False,,,,
P31,NGEED,4,TURUN,T5,temporo-posterior,kiri,295.131,297.614,1.983,2.483,ok,manual_timestamp,0.0,True,False,False,-2.350014118237201,-1.8490702061207713,-1.8660690723406361,-2.2646906855849736
P31,NGEED,4,TURUN,Fp2,frontopolar,kanan,295.131,297.614,1.983,2.483,ok,manual_timestamp,0.0,True,False,False,6.510384581326857,8.12247455663435,7.287741570681021,4.598826205125931
P31,NGEED,4,TURUN,F4,frontal,kanan,295.131,297.614,1.983,2.483,ok,manual_timestamp,0.0,True,False,False,5.120284302993255,6.351090845068718,6.558553713780935,3.3680048805657883
P31,NGEED,4,TURUN,C4,sentral,kanan,295.131,297.614,1.983,2.483,ok,manual_timestamp,0.0,True,False,False,6.027057686012874,2.282639042877342,3.177655603334422,4.982207011398668
P31,NGEED,4,TURUN,P4,parietal,kanan,295.131,297.614,1.983,2.483,ok,manual_timestamp,0.0,True,False,False,8.85808580652595,4.850635735984632,4.145132126099622,6.482024664734659
P31,NGEED,4,TURUN,O2,oksipital,kanan,295.131,297.614,1.983,2.483,ok,manual_timestamp,0.0,True,False,False,10.863208656046815,7.400900648136616,6.045304128411203,9.272301712655832
P31,NGEED,4,TURUN,F8,frontotemporal,kanan,295.131,297.614,1.983,2.483,ok,manual_timestamp,0.0,True,False,False,4.440796506087992,2.0946017124656215,3.565361229030387,4.00128899290938
P31,NGEED,4,TURUN,T4,temporal,kanan,295.131,297.614,1.983,2.483,ok,manual_timestamp,0.0,True,False,False,12.39122996668339,8.851813232603696,13.005318920207685,11.174000179935426
P31,NGEED,4,TURUN,T6,temporo-posterior,kanan,295.131,297.614,1.983,2.483,ok,manual_timestamp,0.0,True,False,False,13.058421686251236,9.917359680240125,7.851278699996978,10.02747552020638
P31,NGEED,4,TAHAN,Fp1,frontopolar,kiri,297.114,301.214,3.6,4.1,ok,manual_timestamp,0.0,True,False,False,1.5974723556629868,3.149766954330932,2.281653097542627,3.762064973919273
P31,NGEED,4,TAHAN,F3,frontal,kiri,297.114,301.214,3.6,4.1,ok,manual_timestamp,0.805,False,False,False,,,,
P31,NGEED,4,TAHAN,C3,sentral,kiri,297.114,301.214,3.6,4.1,ok,manual_timestamp,0.0,True,False,False,2.808124314436661,-0.19891610828244666,0.29258566850142387,2.5645450138283366
P31,NGEED,4,TAHAN,P3,parietal,kiri,297.114,301.214,3.6,4.1,ok,manual_timestamp,1.0,False,False,False,,,,
P31,NGEED,4,TAHAN,O1,oksipital,kiri,297.114,301.214,3.6,4.1,ok,manual_timestamp,0.0,True,False,False,-2.286973740573128,-3.804045406552138,-3.047256694747521,-1.5645909471186918
P31,NGEED,4,TAHAN,F7,frontotemporal,kiri,297.114,301.214,3.6,4.1,ok,manual_timestamp,0.0,True,False,False,4.244560206640067,4.590251383718922,3.493511302287505,4.872724688417382
P31,NGEED,4,TAHAN,T3,temporal,kiri,297.114,301.214,3.6,4.1,ok,manual_timestamp,0.222,True,True,False,-2.15852848407922,-3.293876676902144,-1.2416016764912392,-1.1293101478454233
P31,NGEED,4,TAHAN,T5,temporo-posterior,kiri,297.114,301.214,3.6,4.1,ok,manual_timestamp,0.222,True,True,False,-2.727884848711451,-4.92676295802584,-3.38553143236188,-3.42112865736496
P31,NGEED,4,TAHAN,Fp2,frontopolar,kanan,297.114,301.214,3.6,4.1,ok,manual_timestamp,0.0,True,False,False,7.119088453128189,9.39843037679381,8.11717511900115,6.544384077501903
P31,NGEED,4,TAHAN,F4,frontal,kanan,297.114,301.214,3.6,4.1,ok,manual_timestamp,0.0,True,False,False,5.556252223664721,6.976080078116475,7.040865981265231,5.187165511078081
P31,NGEED,4,TAHAN,C4,sentral,kanan,297.114,301.214,3.6,4.1,ok,manual_timestamp,0.0,True,False,False,7.576946595012259,4.602599837349153,4.917452277836251,6.43491705292735
P31,NGEED,4,TAHAN,P4,parietal,kanan,297.114,301.214,3.6,4.1,ok,manual_timestamp,0.0,True,False,False,6.8612254626221585,8.236275783365077,8.83768694709055,6.5076133865911245
P31,NGEED,4,TAHAN,O2,oksipital,kanan,297.114,301.214,3.6,4.1,ok,manual_timestamp,0.0,True,False,False,10.26375452827174,9.35519024021269,7.218330524638425,10.016587911469912
P31,NGEED,4,TAHAN,F8,frontotemporal,kanan,297.114,301.214,3.6,4.1,ok,manual_timestamp,0.0,True,False,False,9.589539280442096,7.590375816187379,7.227347940118797,9.45444447172963
P31,NGEED,4,TAHAN,T4,temporal,kanan,297.114,301.214,3.6,4.1,ok,manual_timestamp,0.0,True,False,False,16.042987074383156,13.205491701667455,12.573372900444319,14.7723707271887
P31,NGEED,4,TAHAN,T6,temporo-posterior,kanan,297.114,301.214,3.6,4.1,ok,manual_timestamp,0.0,True,False,False,17.486431296340058,14.681398700095663,11.312263503845589,15.526827053472786
P31,NGEED,4,NAIK,Fp1,frontopolar,kiri,300.714,302.965,1.751,2.251,ok,manual_timestamp,0.0,True,False,False,3.125681511248537,-3.1471006357769298,-1.2424746480998863,1.5174002601854468
P31,NGEED,4,NAIK,F3,frontal,kiri,300.714,302.965,1.751,2.251,ok,manual_timestamp,1.0,False,False,False,,,,
P31,NGEED,4,NAIK,C3,sentral,kiri,300.714,302.965,1.751,2.251,ok,manual_timestamp,0.0,True,False,False,5.511151519046905,-3.138248868382746,-1.3333678725116833,2.7045064290013983
P31,NGEED,4,NAIK,P3,parietal,kiri,300.714,302.965,1.751,2.251,ok,manual_timestamp,1.0,False,False,False,,,,
P31,NGEED,4,NAIK,O1,oksipital,kiri,300.714,302.965,1.751,2.251,ok,manual_timestamp,0.649,False,False,False,,,,
P31,NGEED,4,NAIK,F7,frontotemporal,kiri,300.714,302.965,1.751,2.251,ok,manual_timestamp,0.0,True,False,False,6.443627094247667,3.4873529980150337,3.4423108573679215,6.1397981933453565
P31,NGEED,4,NAIK,T3,temporal,kiri,300.714,302.965,1.751,2.251,ok,manual_timestamp,0.733,False,False,False,,,,
P31,NGEED,4,NAIK,T5,temporo-posterior,kiri,300.714,302.965,1.751,2.251,ok,manual_timestamp,1.0,False,False,False,,,,
P31,NGEED,4,NAIK,Fp2,frontopolar,kanan,300.714,302.965,1.751,2.251,ok,manual_timestamp,0.0,True,False,False,3.3721656882322684,1.2855745540202665,3.5243563369772755,2.533753977747079
P31,NGEED,4,NAIK,F4,frontal,kanan,300.714,302.965,1.751,2.251,ok,manual_timestamp,0.0,True,False,False,-0.524700870004299,-3.2329249135819467,-2.4892212344888485,-2.6952311505987687
P31,NGEED,4,NAIK,C4,sentral,kanan,300.714,302.965,1.751,2.251,ok,manual_timestamp,0.0,True,False,False,1.923837285591489,1.2388159155945573,2.1837472129572717,2.8881427603755334
P31,NGEED,4,NAIK,P4,parietal,kanan,300.714,302.965,1.751,2.251,ok,manual_timestamp,0.0,True,False,False,8.147316885746378,5.622239208462691,6.143501326778956,8.100930098101479
P31,NGEED,4,NAIK,O2,oksipital,kanan,300.714,302.965,1.751,2.251,ok,manual_timestamp,0.0,True,False,False,3.8786921752755745,1.6506807458129629,4.435968800510839,4.565066425892638
P31,NGEED,4,NAIK,F8,frontotemporal,kanan,300.714,302.965,1.751,2.251,ok,manual_timestamp,0.0,True,False,False,5.379911868149847,0.8887146184537862,2.9039495714500525,3.736232730521138
P31,NGEED,4,NAIK,T4,temporal,kanan,300.714,302.965,1.751,2.251,ok,manual_timestamp,0.0,True,False,False,14.75942796756781,9.62380125468163,11.337520628093941,12.680873000451939
P31,NGEED,4,NAIK,T6,temporo-posterior,kanan,300.714,302.965,1.751,2.251,ok,manual_timestamp,0.0,True,False,False,12.04842742625685,9.022000024541285,8.307883758771634,10.354239424340903
P31,NGEED,4,POST,Fp1,frontopolar,kiri,303.465,304.965,1.5,1.5,ok,manual_timestamp,0.707,False,False,False,,,,
P31,NGEED,4,POST,F3,frontal,kiri,303.465,304.965,1.5,1.5,ok,manual_timestamp,1.0,False,False,False,,,,
P31,NGEED,4,POST,C3,sentral,kiri,303.465,304.965,1.5,1.5,ok,manual_timestamp,0.0,True,False,False,1.003631550204247,0.41825147337067037,-1.6049294857649592,1.5580330656915677
P31,NGEED,4,POST,P3,parietal,kiri,303.465,304.965,1.5,1.5,ok,manual_timestamp,1.0,False,False,False,,,,
P31,NGEED,4,POST,O1,oksipital,kiri,303.465,304.965,1.5,1.5,ok,manual_timestamp,1.0,False,False,False,,,,
P31,NGEED,4,POST,F7,frontotemporal,kiri,303.465,304.965,1.5,1.5,ok,manual_timestamp,0.04,True,False,False,-0.7088989074535981,-0.13887462047890864,-0.38634951594660194,0.7938061934667928
P31,NGEED,4,POST,T3,temporal,kiri,303.465,304.965,1.5,1.5,ok,manual_timestamp,1.0,False,False,False,,,,
P31,NGEED,4,POST,T5,temporo-posterior,kiri,303.465,304.965,1.5,1.5,ok,manual_timestamp,1.0,False,False,False,,,,
P31,NGEED,4,POST,Fp2,frontopolar,kanan,303.465,304.965,1.5,1.5,ok,manual_timestamp,0.0,True,False,False,-0.6336081600788432,-2.150498647912185,-2.126744788715172,-1.639868161058203
P31,NGEED,4,POST,F4,frontal,kanan,303.465,304.965,1.5,1.5,ok,manual_timestamp,0.573,False,False,False,,,,
P31,NGEED,4,POST,C4,sentral,kanan,303.465,304.965,1.5,1.5,ok,manual_timestamp,0.0,True,False,False,-2.5422926446728553,-4.265673184301718,-0.968250782011264,-1.0819017940632918
P31,NGEED,4,POST,P4,parietal,kanan,303.465,304.965,1.5,1.5,ok,manual_timestamp,0.0,True,False,False,0.22278843471426768,1.7955602982113419,6.178087800134158,0.6294647191633338
P31,NGEED,4,POST,O2,oksipital,kanan,303.465,304.965,1.5,1.5,ok,manual_timestamp,0.0,True,False,False,5.803838091448476,2.9464703026009396,3.565479030141585,5.621294632338607
P31,NGEED,4,POST,F8,frontotemporal,kanan,303.465,304.965,1.5,1.5,ok,manual_timestamp,0.0,True,False,False,-0.4968236513788966,-2.5585948754160484,-0.9086759673491116,0.8993817120288412
P31,NGEED,4,POST,T4,temporal,kanan,303.465,304.965,1.5,1.5,ok,manual_timestamp,0.0,True,False,False,9.748882919943796,9.884303133959506,10.225590682537266,9.95964938756191
P31,NGEED,4,POST,T6,temporo-posterior,kanan,303.465,304.965,1.5,1.5,ok,manual_timestamp,0.0,True,False,False,12.876811350271367,8.471472167667578,7.975989452352184,13.990831786982739
P31,AGEM KANAN,3,PRA,Fp1,frontopolar,kiri,309.376,311.376,2.0,2.0,ok,manual_timestamp,1.0,False,False,False,,,,
P31,AGEM KANAN,3,PRA,F3,frontal,kiri,309.376,311.376,2.0,2.0,ok,manual_timestamp,0.0,True,False,False,-3.533779232893231,-4.410806137136397,-1.181724746130552,-2.321908849780634
P31,AGEM KANAN,3,PRA,C3,sentral,kiri,309.376,311.376,2.0,2.0,ok,manual_timestamp,0.0,True,False,False,0.6999716494890151,0.04021648652816623,1.6022007360616506,2.09537029555295
P31,AGEM KANAN,3,PRA,P3,parietal,kiri,309.376,311.376,2.0,2.0,ok,manual_timestamp,0.0,True,False,False,-4.281039060052041,-3.0356088126337823,-0.4908752128486249,-1.8645690140134867
P31,AGEM KANAN,3,PRA,O1,oksipital,kiri,309.376,311.376,2.0,2.0,ok,manual_timestamp,0.665,False,False,False,,,,
P31,AGEM KANAN,3,PRA,F7,frontotemporal,kiri,309.376,311.376,2.0,2.0,ok,manual_timestamp,1.0,False,False,False,,,,
P31,AGEM KANAN,3,PRA,T3,temporal,kiri,309.376,311.376,2.0,2.0,ok,manual_timestamp,0.0,True,False,False,-2.080281977206763,-3.5928761463057235,-1.3519982770368273,-2.3164206246787487
P31,AGEM KANAN,3,PRA,T5,temporo-posterior,kiri,309.376,311.376,2.0,2.0,ok,manual_timestamp,0.265,True,True,False,-8.552057873217926,-11.229147708510329,-5.622446422394013,-6.812913058007567
P31,AGEM KANAN,3,PRA,Fp2,frontopolar,kanan,309.376,311.376,2.0,2.0,ok,manual_timestamp,1.0,False,False,False,,,,
P31,AGEM KANAN,3,PRA,F4,frontal,kanan,309.376,311.376,2.0,2.0,ok,manual_timestamp,0.565,False,False,False,,,,
P31,AGEM KANAN,3,PRA,C4,sentral,kanan,309.376,311.376,2.0,2.0,ok,manual_timestamp,0.0,True,False,False,-3.9095046368684656,-6.993968901139354,-4.413420202228956,-4.408113193426107
P31,AGEM KANAN,3,PRA,P4,parietal,kanan,309.376,311.376,2.0,2.0,ok,manual_timestamp,1.0,False,False,False,,,,
P31,AGEM KANAN,3,PRA,O2,oksipital,kanan,309.376,311.376,2.0,2.0,ok,manual_timestamp,1.0,False,False,False,,,,
P31,AGEM KANAN,3,PRA,F8,frontotemporal,kanan,309.376,311.376,2.0,2.0,ok,manual_timestamp,0.0,True,False,False,-9.186284383657913,-9.63274186781101,-6.546117583663435,-7.929486684958835
P31,AGEM KANAN,3,PRA,T4,temporal,kanan,309.376,311.376,2.0,2.0,ok,manual_timestamp,0.0,True,False,False,-1.4702968641057694,1.3455426391756191,0.6608445660123934,2.116500731910577
P31,AGEM KANAN,3,PRA,T6,temporo-posterior,kanan,309.376,311.376,2.0,2.0,ok,manual_timestamp,0.0,True,False,False,0.6222635757133332,1.141591590704806,0.20775981861034865,0.7825576384954935
P31,AGEM KANAN,3,TURUN,Fp1,frontopolar,kiri,311.376,314.14,2.264,2.764,ok,manual_timestamp,0.119,True,True,False,6.185095520597898,0.6498676005340336,-1.5723881341482908,6.099267742641821
P31,AGEM KANAN,3,TURUN,F3,frontal,kiri,311.376,314.14,2.264,2.764,ok,manual_timestamp,0.0,True,False,False,5.704276866031066,2.1084505608139352,2.039956073288291,6.157846612852357
P31,AGEM KANAN,3,TURUN,C3,sentral,kiri,311.376,314.14,2.264,2.764,ok,manual_timestamp,0.0,True,False,False,8.058008141062373,4.408296886411879,1.8501854939228082,7.197043802060584
P31,AGEM KANAN,3,TURUN,P3,parietal,kiri,311.376,314.14,2.264,2.764,ok,manual_timestamp,0.0,True,False,False,6.780814535314207,4.408545380614662,1.603152378696194,6.8904719076964795
P31,AGEM KANAN,3,TURUN,O1,oksipital,kiri,311.376,314.14,2.264,2.764,ok,manual_timestamp,0.0,True,False,False,-0.18456872805212754,-3.9940932672545593,-4.336134225702356,-1.4334202884330232
P31,AGEM KANAN,3,TURUN,F7,frontotemporal,kiri,311.376,314.14,2.264,2.764,ok,manual_timestamp,0.191,True,True,False,5.717488345853518,2.877730859154184,1.9652719199830138,8.60145962370941
P31,AGEM KANAN,3,TURUN,T3,temporal,kiri,311.376,314.14,2.264,2.764,ok,manual_timestamp,0.0,True,False,False,7.933574909924609,4.692865621711306,1.6450317984533065,8.170618538333336
P31,AGEM KANAN,3,TURUN,T5,temporo-posterior,kiri,311.376,314.14,2.264,2.764,ok,manual_timestamp,0.0,True,False,False,0.4331313240008541,1.079576935547756,0.05943328029258055,0.584642831559389
P31,AGEM KANAN,3,TURUN,Fp2,frontopolar,kanan,311.376,314.14,2.264,2.764,ok,manual_timestamp,0.191,True,True,False,8.912014131281353,9.09373948215258,8.572198143026949,8.256541008281602
P31,AGEM KANAN,3,TURUN,F4,frontal,kanan,311.376,314.14,2.264,2.764,ok,manual_timestamp,0.0,True,False,False,8.276463546519203,6.908976556930426,7.629467749221142,6.408424198042471
P31,AGEM KANAN,3,TURUN,C4,sentral,kanan,311.376,314.14,2.264,2.764,ok,manual_timestamp,0.0,True,False,False,7.651621738161296,5.688810659855484,4.011508338680056,7.287827573062859
P31,AGEM KANAN,3,TURUN,P4,parietal,kanan,311.376,314.14,2.264,2.764,ok,manual_timestamp,0.264,True,True,False,8.759600750906841,9.983505831804049,10.439909401139122,8.498413930168745
P31,AGEM KANAN,3,TURUN,O2,oksipital,kanan,311.376,314.14,2.264,2.764,ok,manual_timestamp,0.119,True,True,False,11.015467745283452,5.183896786465326,5.571456925159527,7.962765653514694
P31,AGEM KANAN,3,TURUN,F8,frontotemporal,kanan,311.376,314.14,2.264,2.764,ok,manual_timestamp,0.0,True,False,False,9.045336659755414,8.060887678353712,9.774293364901936,9.874403766015163
P31,AGEM KANAN,3,TURUN,T4,temporal,kanan,311.376,314.14,2.264,2.764,ok,manual_timestamp,0.0,True,False,False,13.221608345320512,15.155025825165183,12.554006930916096,12.644555046029986
P31,AGEM KANAN,3,TURUN,T6,temporo-posterior,kanan,311.376,314.14,2.264,2.764,ok,manual_timestamp,0.0,True,False,False,11.043190708378702,8.656652013952268,8.925707367598246,10.428396535544984
P31,AGEM KANAN,3,TAHAN,Fp1,frontopolar,kiri,313.64,316.992,2.852,3.352,ok,manual_timestamp,0.0,True,False,False,6.552395279015087,1.593418249267355,-0.7457968971473221,5.805449276386376
P31,AGEM KANAN,3,TAHAN,F3,frontal,kiri,313.64,316.992,2.852,3.352,ok,manual_timestamp,0.445,True,True,False,6.766249683936344,3.6297893319347665,2.0727147323389126,8.99113812019252
P31,AGEM KANAN,3,TAHAN,C3,sentral,kiri,313.64,316.992,2.852,3.352,ok,manual_timestamp,0.0,True,False,False,5.529450253322018,0.6635168555160362,2.016350595867493,3.1596161136635175
P31,AGEM KANAN,3,TAHAN,P3,parietal,kiri,313.64,316.992,2.852,3.352,ok,manual_timestamp,0.624,False,False,False,,,,
P31,AGEM KANAN,3,TAHAN,O1,oksipital,kiri,313.64,316.992,2.852,3.352,ok,manual_timestamp,0.206,True,True,False,4.180753351082913,-0.7052104939640529,0.05068847298978696,2.1558419374821653
P31,AGEM KANAN,3,TAHAN,F7,frontotemporal,kiri,313.64,316.992,2.852,3.352,ok,manual_timestamp,0.0,True,False,False,9.49110485272471,6.639457330836237,5.2086981977621605,10.671426428427957
P31,AGEM KANAN,3,TAHAN,T3,temporal,kiri,313.64,316.992,2.852,3.352,ok,manual_timestamp,0.146,True,True,False,13.144741380180768,9.652281384858036,9.780237583816522,14.219297310957444
P31,AGEM KANAN,3,TAHAN,T5,temporo-posterior,kiri,313.64,316.992,2.852,3.352,ok,manual_timestamp,0.385,True,True,False,5.320394322250159,2.607973979032856,8.183363902401275,5.214412647606959
P31,AGEM KANAN,3,TAHAN,Fp2,frontopolar,kanan,313.64,316.992,2.852,3.352,ok,manual_timestamp,0.027,True,False,False,7.36882839404732,3.4442635915153357,6.857475488545909,7.641657819379478
P31,AGEM KANAN,3,TAHAN,F4,frontal,kanan,313.64,316.992,2.852,3.352,ok,manual_timestamp,0.504,False,False,False,,,,
P31,AGEM KANAN,3,TAHAN,C4,sentral,kanan,313.64,316.992,2.852,3.352,ok,manual_timestamp,0.119,True,True,False,9.445949899641342,4.764351906752317,4.317749350084398,9.423009662846095
P31,AGEM KANAN,3,TAHAN,P4,parietal,kanan,313.64,316.992,2.852,3.352,ok,manual_timestamp,0.0,True,False,False,3.8796863638294283,4.876044733765784,4.068660787726127,4.205702058134008
P31,AGEM KANAN,3,TAHAN,O2,oksipital,kanan,313.64,316.992,2.852,3.352,ok,manual_timestamp,0.0,True,False,False,11.616890636622308,6.327051363006344,4.67839644853121,8.499664448610318
P31,AGEM KANAN,3,TAHAN,F8,frontotemporal,kanan,313.64,316.992,2.852,3.352,ok,manual_timestamp,0.027,True,False,False,3.6022324418098464,7.254280757030177,9.228458957020976,7.884742143915645
P31,AGEM KANAN,3,TAHAN,T4,temporal,kanan,313.64,316.992,2.852,3.352,ok,manual_timestamp,0.0,True,False,False,14.304109354553276,15.53330531739254,10.61231655069382,12.714059037206347
P31,AGEM KANAN,3,TAHAN,T6,temporo-posterior,kanan,313.64,316.992,2.852,3.352,ok,manual_timestamp,0.0,True,False,False,8.967315271848705,11.153816507790275,9.41484060074163,9.032548164277237
P31,AGEM KANAN,3,NAIK,Fp1,frontopolar,kiri,316.492,319.747,2.755,3.255,ok,manual_timestamp,0.566,False,False,False,,,,
P31,AGEM KANAN,3,NAIK,F3,frontal,kiri,316.492,319.747,2.755,3.255,ok,manual_timestamp,0.692,False,False,False,,,,
P31,AGEM KANAN,3,NAIK,C3,sentral,kiri,316.492,319.747,2.755,3.255,ok,manual_timestamp,0.0,True,False,False,7.922998767463227,5.790187216523375,2.4969314562015796,10.0221183816098
P31,AGEM KANAN,3,NAIK,P3,parietal,kiri,316.492,319.747,2.755,3.255,ok,manual_timestamp,0.742,False,False,False,,,,
P31,AGEM KANAN,3,NAIK,O1,oksipital,kiri,316.492,319.747,2.755,3.255,ok,manual_timestamp,1.0,False,False,False,,,,
P31,AGEM KANAN,3,NAIK,F7,frontotemporal,kiri,316.492,319.747,2.755,3.255,ok,manual_timestamp,0.628,False,False,False,,,,
P31,AGEM KANAN,3,NAIK,T3,temporal,kiri,316.492,319.747,2.755,3.255,ok,manual_timestamp,0.434,True,True,False,-12.06767716693069,-9.93287470768761,-10.121270276011757,-9.730910575178292
P31,AGEM KANAN,3,NAIK,T5,temporo-posterior,kiri,316.492,319.747,2.755,3.255,ok,manual_timestamp,1.0,False,False,False,,,,
P31,AGEM KANAN,3,NAIK,Fp2,frontopolar,kanan,316.492,319.747,2.755,3.255,ok,manual_timestamp,0.431,False,False,False,,,,
P31,AGEM KANAN,3,NAIK,F4,frontal,kanan,316.492,319.747,2.755,3.255,ok,manual_timestamp,0.557,False,False,False,,,,
P31,AGEM KANAN,3,NAIK,C4,sentral,kanan,316.492,319.747,2.755,3.255,ok,manual_timestamp,0.0,True,False,False,4.172941253344106,3.5425818797272797,0.3909565055659634,4.910755911360436
P31,AGEM KANAN,3,NAIK,P4,parietal,kanan,316.492,319.747,2.755,3.255,ok,manual_timestamp,0.0,True,False,False,1.4259137898767165,4.151126846089323,3.135866796258586,2.2031204688421653
P31,AGEM KANAN,3,NAIK,O2,oksipital,kanan,316.492,319.747,2.755,3.255,ok,manual_timestamp,0.258,False,False,False,,,,
P31,AGEM KANAN,3,NAIK,F8,frontotemporal,kanan,316.492,319.747,2.755,3.255,ok,manual_timestamp,0.554,False,False,False,,,,
P31,AGEM KANAN,3,NAIK,T4,temporal,kanan,316.492,319.747,2.755,3.255,ok,manual_timestamp,0.0,True,False,False,9.622202097587397,8.198879234774928,8.777579049104496,8.6213495908152
P31,AGEM KANAN,3,NAIK,T6,temporo-posterior,kanan,316.492,319.747,2.755,3.255,ok,manual_timestamp,0.0,True,False,False,10.10022973291283,12.544922181491465,9.972784128161084,9.641958956403336
P31,AGEM KANAN,3,POST,Fp1,frontopolar,kiri,320.247,321.747,1.5,1.5,ok,manual_timestamp,1.0,False,False,False,,,,
P31,AGEM KANAN,3,POST,F3,frontal,kiri,320.247,321.747,1.5,1.5,ok,manual_timestamp,0.0,True,False,False,2.5482896512953204,-3.4921022872276346,-1.8185786407141613,1.6247509714904247
P31,AGEM KANAN,3,POST,C3,sentral,kiri,320.247,321.747,1.5,1.5,ok,manual_timestamp,0.0,True,False,False,11.553255502319828,5.84369318193183,5.05232266449547,11.687289928575922
P31,AGEM KANAN,3,POST,P3,parietal,kiri,320.247,321.747,1.5,1.5,ok,manual_timestamp,0.0,True,False,False,2.980800035526485,-0.8778402928461944,-0.6147398415167551,3.6603733604610156
P31,AGEM KANAN,3,POST,O1,oksipital,kiri,320.247,321.747,1.5,1.5,ok,manual_timestamp,1.0,False,False,False,,,,
P31,AGEM KANAN,3,POST,F7,frontotemporal,kiri,320.247,321.747,1.5,1.5,ok,manual_timestamp,0.827,False,False,False,,,,
P31,AGEM KANAN,3,POST,T3,temporal,kiri,320.247,321.747,1.5,1.5,ok,manual_timestamp,0.0,True,False,False,5.329208713889059,0.16534376583367205,0.0073820492899869805,8.30994515061969
P31,AGEM KANAN,3,POST,T5,temporo-posterior,kiri,320.247,321.747,1.5,1.5,ok,manual_timestamp,0.573,False,False,False,,,,
P31,AGEM KANAN,3,POST,Fp2,frontopolar,kanan,320.247,321.747,1.5,1.5,ok,manual_timestamp,0.827,False,False,False,,,,
P31,AGEM KANAN,3,POST,F4,frontal,kanan,320.247,321.747,1.5,1.5,ok,manual_timestamp,0.533,False,False,False,,,,
P31,AGEM KANAN,3,POST,C4,sentral,kanan,320.247,321.747,1.5,1.5,ok,manual_timestamp,0.0,True,False,False,3.931686997860595,2.855234107598015,2.6706693082534194,3.443593479625296
P31,AGEM KANAN,3,POST,P4,parietal,kanan,320.247,321.747,1.5,1.5,ok,manual_timestamp,0.693,False,False,False,,,,
P31,AGEM KANAN,3,POST,O2,oksipital,kanan,320.247,321.747,1.5,1.5,ok,manual_timestamp,1.0,False,False,False,,,,
P31,AGEM KANAN,3,POST,F8,frontotemporal,kanan,320.247,321.747,1.5,1.5,ok,manual_timestamp,0.4,False,False,False,,,,
P31,AGEM KANAN,3,POST,T4,temporal,kanan,320.247,321.747,1.5,1.5,ok,manual_timestamp,0.0,True,False,False,13.908972018430667,12.107056824221878,10.129717086099937,12.203430689760602
P31,AGEM KANAN,3,POST,T6,temporo-posterior,kanan,320.247,321.747,1.5,1.5,ok,manual_timestamp,0.0,True,False,False,9.437655659083838,11.43614983757331,12.255970491199772,10.479483407884146
P31,AGEM KANAN,4,PRA,Fp1,frontopolar,kiri,325.097,327.097,2.0,2.0,ok,manual_timestamp,0.0,True,False,False,-1.406473191793804,-1.7794571204596537,-4.327307928695102,-3.027978091121309
P31,AGEM KANAN,4,PRA,F3,frontal,kiri,325.097,327.097,2.0,2.0,ok,manual_timestamp,0.095,True,False,False,-2.219953591395594,-2.9048040787472935,-2.201557979962786,-0.45978688817799807
P31,AGEM KANAN,4,PRA,C3,sentral,kiri,325.097,327.097,2.0,2.0,ok,manual_timestamp,0.0,True,False,False,0.38543484258458705,1.540101787711727,-0.7307858574211075,1.2304637493365362
P31,AGEM KANAN,4,PRA,P3,parietal,kiri,325.097,327.097,2.0,2.0,ok,manual_timestamp,0.195,True,True,False,-2.3573617012842334,-3.7068229013416136,-2.01645770352863,-0.5981248690970595
P31,AGEM KANAN,4,PRA,O1,oksipital,kiri,325.097,327.097,2.0,2.0,ok,manual_timestamp,0.0,True,False,False,-3.0487562807713466,-4.870940908359959,-6.257666670314677,-4.013891409294764
P31,AGEM KANAN,4,PRA,F7,frontotemporal,kiri,325.097,327.097,2.0,2.0,ok,manual_timestamp,0.0,True,False,False,-2.00279388434425,-0.11185320064031856,-2.5790273143871225,-1.6807347435359006
P31,AGEM KANAN,4,PRA,T3,temporal,kiri,325.097,327.097,2.0,2.0,ok,manual_timestamp,0.0,True,False,False,-2.1297577494692774,-4.431539653149734,-2.9433673777346527,-0.9610054999168369
P31,AGEM KANAN,4,PRA,T5,temporo-posterior,kiri,325.097,327.097,2.0,2.0,ok,manual_timestamp,0.0,True,False,False,-3.1583875145658737,-1.3182967762507047,-2.38937408561943,-2.953658834917114
P31,AGEM KANAN,4,PRA,Fp2,frontopolar,kanan,325.097,327.097,2.0,2.0,ok,manual_timestamp,0.0,True,False,False,-8.80352487495862,-4.113585617820329,-5.754721862729694,-8.02578948515776
P31,AGEM KANAN,4,PRA,F4,frontal,kanan,325.097,327.097,2.0,2.0,ok,manual_timestamp,0.0,True,False,False,-4.214253263567699,-4.1914470825876435,-3.9355207466836113,-3.9253851664268744
P31,AGEM KANAN,4,PRA,C4,sentral,kanan,325.097,327.097,2.0,2.0,ok,manual_timestamp,0.0,True,False,False,-2.640363205142606,-4.5007765102752195,-4.071365637841218,-2.2392291751348843
P31,AGEM KANAN,4,PRA,P4,parietal,kanan,325.097,327.097,2.0,2.0,ok,manual_timestamp,0.0,True,False,False,-16.63937014137276,-7.904918108574488,-8.838718589115398,-13.857627214934006
P31,AGEM KANAN,4,PRA,O2,oksipital,kanan,325.097,327.097,2.0,2.0,ok,manual_timestamp,0.0,True,False,False,-7.091887031930813,-5.905998382031729,-4.744965260951085,-6.3452181059843475
P31,AGEM KANAN,4,PRA,F8,frontotemporal,kanan,325.097,327.097,2.0,2.0,ok,manual_timestamp,0.0,True,False,False,-3.796452397553587,-6.330432427875024,-5.005199291267999,-2.8549810196287666
P31,AGEM KANAN,4,PRA,T4,temporal,kanan,325.097,327.097,2.0,2.0,ok,manual_timestamp,0.0,True,False,False,-7.305297669379975,-4.384633850731312,-4.301437313265854,-2.665196985455406
P31,AGEM KANAN,4,PRA,T6,temporo-posterior,kanan,325.097,327.097,2.0,2.0,ok,manual_timestamp,0.6,False,False,False,,,,
P31,AGEM KANAN,4,TURUN,Fp1,frontopolar,kiri,327.097,330.714,3.117,3.617,ok,manual_timestamp,0.39,True,True,False,1.8623690361567569,0.6147893881997781,0.49022893514531773,0.7953600698018306
P31,AGEM KANAN,4,TURUN,F3,frontal,kiri,327.097,330.714,3.117,3.617,ok,manual_timestamp,0.831,False,False,False,,,,
P31,AGEM KANAN,4,TURUN,C3,sentral,kiri,327.097,330.714,3.117,3.617,ok,manual_timestamp,0.0,True,False,False,10.094350604846483,6.745093880489048,10.277139571760081,10.306868787826218
P31,AGEM KANAN,4,TURUN,P3,parietal,kiri,327.097,330.714,3.117,3.617,ok,manual_timestamp,0.721,False,False,False,,,,
P31,AGEM KANAN,4,TURUN,O1,oksipital,kiri,327.097,330.714,3.117,3.617,ok,manual_timestamp,0.776,False,False,False,,,,
P31,AGEM KANAN,4,TURUN,F7,frontotemporal,kiri,327.097,330.714,3.117,3.617,ok,manual_timestamp,0.003,True,False,False,3.937354953102897,3.7980672234439794,3.0691724171219406,4.254160473468662
P31,AGEM KANAN,4,TURUN,T3,temporal,kiri,327.097,330.714,3.117,3.617,ok,manual_timestamp,0.608,False,False,False,,,,
P31,AGEM KANAN,4,TURUN,T5,temporo-posterior,kiri,327.097,330.714,3.117,3.617,ok,manual_timestamp,0.718,False,False,False,,,,
P31,AGEM KANAN,4,TURUN,Fp2,frontopolar,kanan,327.097,330.714,3.117,3.617,ok,manual_timestamp,0.0,True,False,False,9.114686399419803,9.163059028106156,8.173902548108977,7.265425315930546
P31,AGEM KANAN,4,TURUN,F4,frontal,kanan,327.097,330.714,3.117,3.617,ok,manual_timestamp,0.11,True,True,False,8.195637599579982,7.308355167341297,6.06955856949515,6.5889512845035405
P31,AGEM KANAN,4,TURUN,C4,sentral,kanan,327.097,330.714,3.117,3.617,ok,manual_timestamp,0.0,True,False,False,10.166773066255615,5.207190176537495,5.2182103035414755,9.27511514195017
P31,AGEM KANAN,4,TURUN,P4,parietal,kanan,327.097,330.714,3.117,3.617,ok,manual_timestamp,0.0,True,False,False,10.444321438960735,6.051847114219093,8.030915072349952,10.113525558758532
P31,AGEM KANAN,4,TURUN,O2,oksipital,kanan,327.097,330.714,3.117,3.617,ok,manual_timestamp,0.169,True,True,False,5.198208759900304,4.166130857022022,3.1467853771499072,5.06519562871636
P31,AGEM KANAN,4,TURUN,F8,frontotemporal,kanan,327.097,330.714,3.117,3.617,ok,manual_timestamp,0.0,True,False,False,7.260553977559688,5.594984012304931,7.520933839313699,7.074369559783875
P31,AGEM KANAN,4,TURUN,T4,temporal,kanan,327.097,330.714,3.117,3.617,ok,manual_timestamp,0.0,True,False,False,12.456759196955822,12.36358450920946,14.741773343903027,12.132355701121995
P31,AGEM KANAN,4,TURUN,T6,temporo-posterior,kanan,327.097,330.714,3.117,3.617,ok,manual_timestamp,0.0,True,False,False,13.51932166144772,12.576502085962254,11.945209499615988,14.62955634430957
P31,AGEM KANAN,4,TAHAN,Fp1,frontopolar,kiri,330.214,335.23,4.516,5.016,ok,manual_timestamp,0.735,False,False,False,,,,
P31,AGEM KANAN,4,TAHAN,F3,frontal,kiri,330.214,335.23,4.516,5.016,ok,manual_timestamp,0.0,True,False,False,4.332962373116537,3.6205883198425894,3.1810370055963055,4.970988055186229
P31,AGEM KANAN,4,TAHAN,C3,sentral,kiri,330.214,335.23,4.516,5.016,ok,manual_timestamp,0.106,True,True,False,10.123150851014927,9.584622077945742,8.88592955242202,10.138102184538106
P31,AGEM KANAN,4,TAHAN,P3,parietal,kiri,330.214,335.23,4.516,5.016,ok,manual_timestamp,0.0,True,False,False,5.443633008635977,5.559406154685732,4.027094478159775,5.489390227455743
P31,AGEM KANAN,4,TAHAN,O1,oksipital,kiri,330.214,335.23,4.516,5.016,ok,manual_timestamp,0.576,False,False,False,,,,
P31,AGEM KANAN,4,TAHAN,F7,frontotemporal,kiri,330.214,335.23,4.516,5.016,ok,manual_timestamp,0.677,False,False,False,,,,
P31,AGEM KANAN,4,TAHAN,T3,temporal,kiri,330.214,335.23,4.516,5.016,ok,manual_timestamp,0.0,True,False,False,6.406900979343256,7.238682846570896,8.02608034949776,7.8586955193114605
P31,AGEM KANAN,4,TAHAN,T5,temporo-posterior,kiri,330.214,335.23,4.516,5.016,ok,manual_timestamp,0.239,True,True,False,-3.045768663466589,-2.431621573784284,-0.5226628050700555,-1.402866826954476
P31,AGEM KANAN,4,TAHAN,Fp2,frontopolar,kanan,330.214,335.23,4.516,5.016,ok,manual_timestamp,0.08,True,False,False,8.831033761134378,10.193737976539202,8.421408658474547,8.070748589196732
P31,AGEM KANAN,4,TAHAN,F4,frontal,kanan,330.214,335.23,4.516,5.016,ok,manual_timestamp,0.0,True,False,False,10.34535985635145,8.787189661215287,7.846727448839978,8.201283096597034
P31,AGEM KANAN,4,TAHAN,C4,sentral,kanan,330.214,335.23,4.516,5.016,ok,manual_timestamp,0.0,True,False,False,9.811667563185416,6.573985317058799,7.029421403483113,8.66413986623854
P31,AGEM KANAN,4,TAHAN,P4,parietal,kanan,330.214,335.23,4.516,5.016,ok,manual_timestamp,0.319,True,True,False,5.879473171299864,10.665438218105326,12.87624569965319,7.304454239067077
P31,AGEM KANAN,4,TAHAN,O2,oksipital,kanan,330.214,335.23,4.516,5.016,ok,manual_timestamp,0.438,True,True,False,2.252218922926371,6.409408998742595,8.369553287154414,5.672235668551863
P31,AGEM KANAN,4,TAHAN,F8,frontotemporal,kanan,330.214,335.23,4.516,5.016,ok,manual_timestamp,0.0,True,False,False,7.359273168696326,3.2315440570021146,4.006096507595942,4.795670944202044
P31,AGEM KANAN,4,TAHAN,T4,temporal,kanan,330.214,335.23,4.516,5.016,ok,manual_timestamp,0.0,True,False,False,10.564288459223029,10.476700294586557,11.864706036958033,10.883603048947506
P31,AGEM KANAN,4,TAHAN,T6,temporo-posterior,kanan,330.214,335.23,4.516,5.016,ok,manual_timestamp,0.0,True,False,False,14.701758469261364,12.611497703788217,14.426375064069422,14.749098380693788
P31,AGEM KANAN,4,NAIK,Fp1,frontopolar,kiri,334.73,336.799,1.569,2.069,ok,manual_timestamp,0.0,True,False,False,7.583240332675182,9.317549150746206,6.836742866226274,8.254190290972033
P31,AGEM KANAN,4,NAIK,F3,frontal,kiri,334.73,336.799,1.569,2.069,ok,manual_timestamp,0.0,True,False,False,10.507989402761886,7.5937553958452355,6.501982559406006,8.9312366435117
P31,AGEM KANAN,4,NAIK,C3,sentral,kiri,334.73,336.799,1.569,2.069,ok,manual_timestamp,0.374,True,True,False,13.976327972833431,11.968210461595685,11.233943277356538,15.435791374602239
P31,AGEM KANAN,4,NAIK,P3,parietal,kiri,334.73,336.799,1.569,2.069,ok,manual_timestamp,0.0,True,False,False,4.781065551684705,3.597919895627655,1.9080689132838664,5.372607315582513
P31,AGEM KANAN,4,NAIK,O1,oksipital,kiri,334.73,336.799,1.569,2.069,ok,manual_timestamp,0.0,True,False,False,9.175614565242,3.9597033278779534,1.95689591936695,5.869261480752634
P31,AGEM KANAN,4,NAIK,F7,frontotemporal,kiri,334.73,336.799,1.569,2.069,ok,manual_timestamp,0.0,True,False,False,7.276520926989235,11.505779094763923,10.666375967920178,10.837099078072612
P31,AGEM KANAN,4,NAIK,T3,temporal,kiri,334.73,336.799,1.569,2.069,ok,manual_timestamp,0.0,True,False,False,13.555448809341279,11.017501898953476,5.935453796064358,10.707811765729204
P31,AGEM KANAN,4,NAIK,T5,temporo-posterior,kiri,334.73,336.799,1.569,2.069,ok,manual_timestamp,0.0,True,False,False,3.546821419872529,4.689205253521976,2.8512562171709845,3.9631919742452872
P31,AGEM KANAN,4,NAIK,Fp2,frontopolar,kanan,334.73,336.799,1.569,2.069,ok,manual_timestamp,0.0,True,False,False,16.249038488013014,9.763818066717752,9.920292159945166,12.697983068404437
P31,AGEM KANAN,4,NAIK,F4,frontal,kanan,334.73,336.799,1.569,2.069,ok,manual_timestamp,0.0,True,False,False,14.443886336750822,9.304131872286654,12.182709332873486,10.73751534534485
P31,AGEM KANAN,4,NAIK,C4,sentral,kanan,334.73,336.799,1.569,2.069,ok,manual_timestamp,0.0,True,False,False,13.773712435882935,10.334247886484583,5.96777336575154,10.613214082981688
P31,AGEM KANAN,4,NAIK,P4,parietal,kanan,334.73,336.799,1.569,2.069,ok,manual_timestamp,0.0,True,False,False,12.8033470610875,16.482883085565202,14.97123018365647,12.090582328750621
P31,AGEM KANAN,4,NAIK,O2,oksipital,kanan,334.73,336.799,1.569,2.069,ok,manual_timestamp,0.0,True,False,False,15.081597696174533,16.82055845583888,15.133090022008513,14.468868122004935
P31,AGEM KANAN,4,NAIK,F8,frontotemporal,kanan,334.73,336.799,1.569,2.069,ok,manual_timestamp,0.0,True,False,False,17.61422222861831,14.248978112144808,11.58574334227211,14.881292557664587
P31,AGEM KANAN,4,NAIK,T4,temporal,kanan,334.73,336.799,1.569,2.069,ok,manual_timestamp,0.0,True,False,False,20.648648082931757,17.80557601229507,16.685008544640766,18.394979127812107
P31,AGEM KANAN,4,NAIK,T6,temporo-posterior,kanan,334.73,336.799,1.569,2.069,ok,manual_timestamp,0.0,True,False,False,20.946977793826278,18.88178425254324,17.655303522131913,17.771397297667683
P31,AGEM KANAN,4,POST,Fp1,frontopolar,kiri,337.299,338.799,1.5,1.5,ok,manual_timestamp,0.0,True,False,False,4.113721351453663,0.9410779497109907,5.349892272501776,4.003582563352225
P31,AGEM KANAN,4,POST,F3,frontal,kiri,337.299,338.799,1.5,1.5,ok,manual_timestamp,0.46,False,False,False,,,,
P31,AGEM KANAN,4,POST,C3,sentral,kiri,337.299,338.799,1.5,1.5,ok,manual_timestamp,0.0,True,False,False,8.786932535553547,5.02366172128561,5.687207399708139,9.663224418449218
P31,AGEM KANAN,4,POST,P3,parietal,kiri,337.299,338.799,1.5,1.5,ok,manual_timestamp,0.667,False,False,False,,,,
P31,AGEM KANAN,4,POST,O1,oksipital,kiri,337.299,338.799,1.5,1.5,ok,manual_timestamp,0.593,False,False,False,,,,
P31,AGEM KANAN,4,POST,F7,frontotemporal,kiri,337.299,338.799,1.5,1.5,ok,manual_timestamp,0.0,True,False,False,8.567937889759754,6.374285686673311,11.43628063595057,8.696076620713363
P31,AGEM KANAN,4,POST,T3,temporal,kiri,337.299,338.799,1.5,1.5,ok,manual_timestamp,0.0,True,False,False,13.195301362301095,7.739660367350034,5.993850297389173,9.540682201437889
P31,AGEM KANAN,4,POST,T5,temporo-posterior,kiri,337.299,338.799,1.5,1.5,ok,manual_timestamp,0.327,False,False,False,,,,
P31,AGEM KANAN,4,POST,Fp2,frontopolar,kanan,337.299,338.799,1.5,1.5,ok,manual_timestamp,0.0,True,False,False,8.151020560895887,7.385773557385262,7.220026250137174,6.062250487544226
P31,AGEM KANAN,4,POST,F4,frontal,kanan,337.299,338.799,1.5,1.5,ok,manual_timestamp,0.0,True,False,False,5.749824962052564,6.597285593282166,7.613069699586063,5.376633494390649
P31,AGEM KANAN,4,POST,C4,sentral,kanan,337.299,338.799,1.5,1.5,ok,manual_timestamp,0.0,True,False,False,7.595514358190798,6.070468611725872,6.614689284286712,7.594311823730774
P31,AGEM KANAN,4,POST,P4,parietal,kanan,337.299,338.799,1.5,1.5,ok,manual_timestamp,0.0,True,False,False,9.190605711218637,13.590563592243836,15.984405007484039,10.42296139480154
P31,AGEM KANAN,4,POST,O2,oksipital,kanan,337.299,338.799,1.5,1.5,ok,manual_timestamp,0.0,True,False,False,9.555736823728587,7.631582406107473,14.643427069701882,10.658178746699662
P31,AGEM KANAN,4,POST,F8,frontotemporal,kanan,337.299,338.799,1.5,1.5,ok,manual_timestamp,0.0,True,False,False,12.85972211534952,9.118490473389148,8.648474288519601,9.85263449899962
P31,AGEM KANAN,4,POST,T4,temporal,kanan,337.299,338.799,1.5,1.5,ok,manual_timestamp,0.0,True,False,False,13.818967141745446,11.12486330980446,16.979337027934278,14.245967452474808
P31,AGEM KANAN,4,POST,T6,temporo-posterior,kanan,337.299,338.799,1.5,1.5,ok,manual_timestamp,0.0,True,False,False,16.015574911430946,14.361423475137556,16.65023454691774,14.594039528742158
P31,AGEM KIRI,3,PRA,Fp1,frontopolar,kiri,341.104,343.104,2.0,2.0,ok,manual_timestamp,1.0,False,False,False,,,,
P31,AGEM KIRI,3,PRA,F3,frontal,kiri,341.104,343.104,2.0,2.0,ok,manual_timestamp,0.0,True,False,False,-0.37977304359449704,-2.4645890755937216,-0.09121219826868199,-1.3072423395200765
P31,AGEM KIRI,3,PRA,C3,sentral,kiri,341.104,343.104,2.0,2.0,ok,manual_timestamp,0.0,True,False,False,2.5620386970162983,2.172009456716008,1.8558293065412208,1.871221847371551
P31,AGEM KIRI,3,PRA,P3,parietal,kiri,341.104,343.104,2.0,2.0,ok,manual_timestamp,0.0,True,False,False,1.3032678221071308,-1.0122927497933674,1.5215668456129805,0.46814203666649945
P31,AGEM KIRI,3,PRA,O1,oksipital,kiri,341.104,343.104,2.0,2.0,ok,manual_timestamp,1.0,False,False,False,,,,
P31,AGEM KIRI,3,PRA,F7,frontotemporal,kiri,341.104,343.104,2.0,2.0,ok,manual_timestamp,1.0,False,False,False,,,,
P31,AGEM KIRI,3,PRA,T3,temporal,kiri,341.104,343.104,2.0,2.0,ok,manual_timestamp,0.0,True,False,False,-0.8001597953612176,-0.6686542382362362,0.19234055930236238,-0.7243534864887735
P31,AGEM KIRI,3,PRA,T5,temporo-posterior,kiri,341.104,343.104,2.0,2.0,ok,manual_timestamp,0.8,False,False,False,,,,
P31,AGEM KIRI,3,PRA,Fp2,frontopolar,kanan,341.104,343.104,2.0,2.0,ok,manual_timestamp,1.0,False,False,False,,,,
P31,AGEM KIRI,3,PRA,F4,frontal,kanan,341.104,343.104,2.0,2.0,ok,manual_timestamp,1.0,False,False,False,,,,
P31,AGEM KIRI,3,PRA,C4,sentral,kanan,341.104,343.104,2.0,2.0,ok,manual_timestamp,0.7,False,False,False,,,,
P31,AGEM KIRI,3,PRA,P4,parietal,kanan,341.104,343.104,2.0,2.0,ok,manual_timestamp,1.0,False,False,False,,,,
P31,AGEM KIRI,3,PRA,O2,oksipital,kanan,341.104,343.104,2.0,2.0,ok,manual_timestamp,1.0,False,False,False,,,,
P31,AGEM KIRI,3,PRA,F8,frontotemporal,kanan,341.104,343.104,2.0,2.0,ok,manual_timestamp,0.1,True,False,False,-9.337778623041181,-8.587194641841808,-7.929762928063962,-7.764565682731188
P31,AGEM KIRI,3,PRA,T4,temporal,kanan,341.104,343.104,2.0,2.0,ok,manual_timestamp,0.0,True,False,False,1.4149162672580644,0.04667722075934222,-0.5412977843469875,4.070721278789982
P31,AGEM KIRI,3,PRA,T6,temporo-posterior,kanan,341.104,343.104,2.0,2.0,ok,manual_timestamp,0.0,True,False,False,-0.2715481386050058,-0.5996224247453164,0.052728648012642765,4.758512483134261
P31,AGEM KIRI,3,TURUN,Fp1,frontopolar,kiri,343.104,347.19,3.586,4.086,ok,manual_timestamp,0.244,True,True,False,9.4655825465195,5.2485559768071575,3.476776639144667,9.988090295629924
P31,AGEM KIRI,3,TURUN,F3,frontal,kiri,343.104,347.19,3.586,4.086,ok,manual_timestamp,0.098,True,False,False,8.491802854251986,5.590277246638053,3.249719214587934,8.669166169575451
P31,AGEM KIRI,3,TURUN,C3,sentral,kiri,343.104,347.19,3.586,4.086,ok,manual_timestamp,0.098,True,False,False,11.994817944402598,7.4539794066402685,3.3699324657167757,9.573003233546437
P31,AGEM KIRI,3,TURUN,P3,parietal,kiri,343.104,347.19,3.586,4.086,ok,manual_timestamp,0.098,True,False,False,6.4939733385838,4.434999136551092,1.8678326972727284,4.890857227090429
P31,AGEM KIRI,3,TURUN,O1,oksipital,kiri,343.104,347.19,3.586,4.086,ok,manual_timestamp,0.0,True,False,False,6.669441194786614,0.2947207349992311,-1.0529056869930997,5.096638242523511
P31,AGEM KIRI,3,TURUN,F7,frontotemporal,kiri,343.104,347.19,3.586,4.086,ok,manual_timestamp,0.244,True,True,False,10.644836968296104,7.974164360558383,5.515982955373278,11.721183720757537
P31,AGEM KIRI,3,TURUN,T3,temporal,kiri,343.104,347.19,3.586,4.086,ok,manual_timestamp,0.0,True,False,False,9.128639157404557,4.7527022966548955,1.2501779788696723,7.249980545303998
P31,AGEM KIRI,3,TURUN,T5,temporo-posterior,kiri,343.104,347.19,3.586,4.086,ok,manual_timestamp,0.0,True,False,False,6.9026141794459335,2.531214221246003,0.811710204589378,6.341126148615633
P31,AGEM KIRI,3,TURUN,Fp2,frontopolar,kanan,343.104,347.19,3.586,4.086,ok,manual_timestamp,0.196,True,True,False,10.188484258346506,11.53158070918528,10.700174993734308,9.38715936653648
P31,AGEM KIRI,3,TURUN,F4,frontal,kanan,343.104,347.19,3.586,4.086,ok,manual_timestamp,0.049,True,False,False,9.220944116239146,8.419645055312735,8.401831999541514,7.164559609052848
P31,AGEM KIRI,3,TURUN,C4,sentral,kanan,343.104,347.19,3.586,4.086,ok,manual_timestamp,0.0,True,False,False,6.859583634464187,4.528438805498865,5.303453367344126,7.564620168731931
P31,AGEM KIRI,3,TURUN,P4,parietal,kanan,343.104,347.19,3.586,4.086,ok,manual_timestamp,0.244,True,True,False,10.631512641751108,10.475643755692207,11.270894107466649,9.936770746378336
P31,AGEM KIRI,3,TURUN,O2,oksipital,kanan,343.104,347.19,3.586,4.086,ok,manual_timestamp,0.147,True,True,False,13.094522300931835,7.3965405907448805,6.346538726063063,12.239663385217973
P31,AGEM KIRI,3,TURUN,F8,frontotemporal,kanan,343.104,347.19,3.586,4.086,ok,manual_timestamp,0.0,True,False,False,11.309329101387341,10.9488425906852,8.324296453711362,10.19031663465438
P31,AGEM KIRI,3,TURUN,T4,temporal,kanan,343.104,347.19,3.586,4.086,ok,manual_timestamp,0.0,True,False,False,13.509300819310177,13.622778249913729,14.839733605992322,13.516511457747107
P31,AGEM KIRI,3,TURUN,T6,temporo-posterior,kanan,343.104,347.19,3.586,4.086,ok,manual_timestamp,0.0,True,False,False,16.791821602079736,14.864862472930433,12.03178887675671,17.98665839436449
P31,AGEM KIRI,3,TAHAN,Fp1,frontopolar,kiri,346.69,350.775,3.585,4.085,ok,manual_timestamp,0.36,True,True,False,7.417998061779137,1.3644514748390755,1.1642017356990984,5.9798030762236465
P31,AGEM KIRI,3,TAHAN,F3,frontal,kiri,346.69,350.775,3.585,4.085,ok,manual_timestamp,0.801,False,False,False,,,,
P31,AGEM KIRI,3,TAHAN,C3,sentral,kiri,346.69,350.775,3.585,4.085,ok,manual_timestamp,0.051,True,False,False,0.13954580894917967,-2.723769466601457,-1.971274781758737,1.140291196196138
P31,AGEM KIRI,3,TAHAN,P3,parietal,kiri,346.69,350.775,3.585,4.085,ok,manual_timestamp,0.542,False,False,False,,,,
P31,AGEM KIRI,3,TAHAN,O1,oksipital,kiri,346.69,350.775,3.585,4.085,ok,manual_timestamp,0.507,False,False,False,,,,
P31,AGEM KIRI,3,TAHAN,F7,frontotemporal,kiri,346.69,350.775,3.585,4.085,ok,manual_timestamp,0.36,True,True,False,6.041012511837408,2.6215650120851066,2.721683594224668,5.420366894800793
P31,AGEM KIRI,3,TAHAN,T3,temporal,kiri,346.69,350.775,3.585,4.085,ok,manual_timestamp,0.49,False,False,False,,,,
P31,AGEM KIRI,3,TAHAN,T5,temporo-posterior,kiri,346.69,350.775,3.585,4.085,ok,manual_timestamp,0.556,False,False,False,,,,
P31,AGEM KIRI,3,TAHAN,Fp2,frontopolar,kanan,346.69,350.775,3.585,4.085,ok,manual_timestamp,0.0,True,False,False,6.912105224341655,6.06358098247078,4.188683037680384,5.859759463770537
P31,AGEM KIRI,3,TAHAN,F4,frontal,kanan,346.69,350.775,3.585,4.085,ok,manual_timestamp,0.098,True,False,False,4.685211139655678,3.5117713315890917,4.03197519119297,5.296849365517485
P31,AGEM KIRI,3,TAHAN,C4,sentral,kanan,346.69,350.775,3.585,4.085,ok,manual_timestamp,0.0,True,False,False,8.684096415589813,4.105153374046473,3.9267111020061094,7.013502527358934
P31,AGEM KIRI,3,TAHAN,P4,parietal,kanan,346.69,350.775,3.585,4.085,ok,manual_timestamp,0.0,True,False,False,6.196603414779872,6.110714090133957,6.095889824777235,7.5343799023631846
P31,AGEM KIRI,3,TAHAN,O2,oksipital,kanan,346.69,350.775,3.585,4.085,ok,manual_timestamp,0.098,True,False,False,11.694438315246757,6.870355466455589,5.56850014153434,9.388974478244691
P31,AGEM KIRI,3,TAHAN,F8,frontotemporal,kanan,346.69,350.775,3.585,4.085,ok,manual_timestamp,0.0,True,False,False,5.48683895226965,6.935766823912889,6.631170894497174,6.529462540369025
P31,AGEM KIRI,3,TAHAN,T4,temporal,kanan,346.69,350.775,3.585,4.085,ok,manual_timestamp,0.0,True,False,False,10.993665270076356,9.914545105378146,11.656615936249004,10.59061550751531
P31,AGEM KIRI,3,TAHAN,T6,temporo-posterior,kanan,346.69,350.775,3.585,4.085,ok,manual_timestamp,0.0,True,False,False,15.591557085629631,11.206004614649778,10.830656992678396,12.187457985437824
P31,AGEM KIRI,3,NAIK,Fp1,frontopolar,kiri,350.275,352.276,1.501,2.001,ok,manual_timestamp,1.0,False,False,False,,,,
P31,AGEM KIRI,3,NAIK,F3,frontal,kiri,350.275,352.276,1.501,2.001,ok,manual_timestamp,0.315,True,True,False,0.8767667175957925,-0.6552256241953813,-2.654101713155395,-0.45829071173682223
P31,AGEM KIRI,3,NAIK,C3,sentral,kiri,350.275,352.276,1.501,2.001,ok,manual_timestamp,0.0,True,False,False,6.804354872011103,6.046647434431517,3.924024339755359,5.966550506358814
P31,AGEM KIRI,3,NAIK,P3,parietal,kiri,350.275,352.276,1.501,2.001,ok,manual_timestamp,0.0,True,False,False,0.10989515035054609,1.785138120055798,-1.0632361756288198,2.3454330093719733
P31,AGEM KIRI,3,NAIK,O1,oksipital,kiri,350.275,352.276,1.501,2.001,ok,manual_timestamp,1.0,False,False,False,,,,
P31,AGEM KIRI,3,NAIK,F7,frontotemporal,kiri,350.275,352.276,1.501,2.001,ok,manual_timestamp,1.0,False,False,False,,,,
P31,AGEM KIRI,3,NAIK,T3,temporal,kiri,350.275,352.276,1.501,2.001,ok,manual_timestamp,0.0,True,False,False,3.260644819480966,5.290853992650433,-0.2760529010184918,2.86040924042873
P31,AGEM KIRI,3,NAIK,T5,temporo-posterior,kiri,350.275,352.276,1.501,2.001,ok,manual_timestamp,1.0,False,False,False,,,,
P31,AGEM KIRI,3,NAIK,Fp2,frontopolar,kanan,350.275,352.276,1.501,2.001,ok,manual_timestamp,0.0,True,False,False,4.494583228952681,3.6950712058448385,5.883896796463699,4.585448840374163
P31,AGEM KIRI,3,NAIK,F4,frontal,kanan,350.275,352.276,1.501,2.001,ok,manual_timestamp,0.0,True,False,False,5.932780579738136,2.5961866384130943,5.99668181994387,5.325824051947496
P31,AGEM KIRI,3,NAIK,C4,sentral,kanan,350.275,352.276,1.501,2.001,ok,manual_timestamp,0.0,True,False,False,11.118530440374869,13.029204415768689,8.520184530265304,11.136111885125278
P31,AGEM KIRI,3,NAIK,P4,parietal,kanan,350.275,352.276,1.501,2.001,ok,manual_timestamp,0.0,True,False,False,9.398101358931875,12.931082227224099,10.702063234257661,7.292134499968135
P31,AGEM KIRI,3,NAIK,O2,oksipital,kanan,350.275,352.276,1.501,2.001,ok,manual_timestamp,0.0,True,False,False,10.766235082233365,13.741852071340478,11.71753729316858,10.444889664970034
P31,AGEM KIRI,3,NAIK,F8,frontotemporal,kanan,350.275,352.276,1.501,2.001,ok,manual_timestamp,0.0,True,False,False,9.905103544012512,4.170542051176941,9.646294846826933,8.020679155615376
P31,AGEM KIRI,3,NAIK,T4,temporal,kanan,350.275,352.276,1.501,2.001,ok,manual_timestamp,0.0,True,False,False,9.616694966869979,12.366178120032501,15.152973651038252,11.41039009297608
P31,AGEM KIRI,3,NAIK,T6,temporo-posterior,kanan,350.275,352.276,1.501,2.001,ok,manual_timestamp,0.0,True,False,False,16.589543023634754,19.956717765988444,15.345227711617927,15.272337942612374
P31,AGEM KIRI,3,POST,Fp1,frontopolar,kiri,352.776,354.276,1.5,1.5,ok,manual_timestamp,1.0,False,False,False,,,,
P31,AGEM KIRI,3,POST,F3,frontal,kiri,352.776,354.276,1.5,1.5,ok,manual_timestamp,0.0,True,False,False,4.349831348851971,-1.4314599867940778,-3.0006712288039097,2.3057416836660636
P31,AGEM KIRI,3,POST,C3,sentral,kiri,352.776,354.276,1.5,1.5,ok,manual_timestamp,0.0,True,False,False,3.614541808713689,2.489296592529147,2.300301549479755,6.929264270085383
P31,AGEM KIRI,3,POST,P3,parietal,kiri,352.776,354.276,1.5,1.5,ok,manual_timestamp,0.0,True,False,False,4.1424746976272,-0.5683667537036001,-2.2247654821840577,1.415218333148573
P31,AGEM KIRI,3,POST,O1,oksipital,kiri,352.776,354.276,1.5,1.5,ok,manual_timestamp,0.753,False,False,False,,,,
P31,AGEM KIRI,3,POST,F7,frontotemporal,kiri,352.776,354.276,1.5,1.5,ok,manual_timestamp,1.0,False,False,False,,,,
P31,AGEM KIRI,3,POST,T3,temporal,kiri,352.776,354.276,1.5,1.5,ok,manual_timestamp,0.0,True,False,False,7.079152981623849,0.7199436934939669,0.058708209531395994,6.295840125005583
P31,AGEM KIRI,3,POST,T5,temporo-posterior,kiri,352.776,354.276,1.5,1.5,ok,manual_timestamp,0.62,False,False,False,,,,
P31,AGEM KIRI,3,POST,Fp2,frontopolar,kanan,352.776,354.276,1.5,1.5,ok,manual_timestamp,0.38,True,True,False,9.818139937295626,6.546641048492843,8.65590552458728,7.790554382028041
P31,AGEM KIRI,3,POST,F4,frontal,kanan,352.776,354.276,1.5,1.5,ok,manual_timestamp,0.0,True,False,False,4.455058316345365,0.685690063568348,1.0297259695884442,1.5365969688013266
P31,AGEM KIRI,3,POST,C4,sentral,kanan,352.776,354.276,1.5,1.5,ok,manual_timestamp,0.0,True,False,False,3.272977003921028,6.8605458229818765,5.602471145423472,5.34407442787764
P31,AGEM KIRI,3,POST,P4,parietal,kanan,352.776,354.276,1.5,1.5,ok,manual_timestamp,0.0,True,False,False,4.199248199376477,9.530231162503117,12.970957714412943,6.194523508035495
P31,AGEM KIRI,3,POST,O2,oksipital,kanan,352.776,354.276,1.5,1.5,ok,manual_timestamp,0.38,True,True,False,10.383347302397631,16.095275502223505,17.687379232862202,14.935568544288998
P31,AGEM KIRI,3,POST,F8,frontotemporal,kanan,352.776,354.276,1.5,1.5,ok,manual_timestamp,0.0,True,False,False,7.524980982677114,6.6358350422587655,6.467033842593402,6.424760791558143
P31,AGEM KIRI,3,POST,T4,temporal,kanan,352.776,354.276,1.5,1.5,ok,manual_timestamp,0.0,True,False,False,10.863492493081615,12.499301274440008,14.00212238836697,11.379426135493205
P31,AGEM KIRI,3,POST,T6,temporo-posterior,kanan,352.776,354.276,1.5,1.5,ok,manual_timestamp,0.0,True,False,False,14.176099825489025,16.564862463977192,13.10982916528992,14.408075993390234
P31,AGEM KIRI,4,PRA,Fp1,frontopolar,kiri,356.981,358.981,2.0,2.0,ok,manual_timestamp,0.0,True,False,False,-1.5339426808883374,-1.1814477358112896,-2.6614421739769085,-1.4221772381491817
P31,AGEM KIRI,4,PRA,F3,frontal,kiri,356.981,358.981,2.0,2.0,ok,manual_timestamp,0.44,True,True,False,-3.6412979863315798,-6.496737759668203,-5.392099201073325,-4.7429507507874895
P31,AGEM KIRI,4,PRA,C3,sentral,kiri,356.981,358.981,2.0,2.0,ok,manual_timestamp,0.16,True,True,False,-8.339654380787142,-7.9300255643720945,-9.75635297631501,-8.75243174636567
P31,AGEM KIRI,4,PRA,P3,parietal,kiri,356.981,358.981,2.0,2.0,ok,manual_timestamp,0.54,False,False,False,,,,
P31,AGEM KIRI,4,PRA,O1,oksipital,kiri,356.981,358.981,2.0,2.0,ok,manual_timestamp,0.0,True,False,False,-3.213900185621455,-4.288145121870155,-5.366901534971301,-4.098353175538801
P31,AGEM KIRI,4,PRA,F7,frontotemporal,kiri,356.981,358.981,2.0,2.0,ok,manual_timestamp,0.0,True,False,False,-0.5232584247576959,-0.2860297610540279,-2.013712583859416,-0.7227942163443402
P31,AGEM KIRI,4,PRA,T3,temporal,kiri,356.981,358.981,2.0,2.0,ok,manual_timestamp,1.0,False,False,False,,,,
P31,AGEM KIRI,4,PRA,T5,temporo-posterior,kiri,356.981,358.981,2.0,2.0,ok,manual_timestamp,0.0,True,False,False,-4.29356219431061,-4.090483325579182,-2.5885957923258687,-3.8717991764264887
P31,AGEM KIRI,4,PRA,Fp2,frontopolar,kanan,356.981,358.981,2.0,2.0,ok,manual_timestamp,0.0,True,False,False,-4.058052856393978,-0.9220778658501825,-2.1246270326605075,-4.484678671099699
P31,AGEM KIRI,4,PRA,F4,frontal,kanan,356.981,358.981,2.0,2.0,ok,manual_timestamp,0.0,True,False,False,-1.3027607775582055,-0.576668770207263,-1.22279327631626,-2.8296159114791024
P31,AGEM KIRI,4,PRA,C4,sentral,kanan,356.981,358.981,2.0,2.0,ok,manual_timestamp,0.0,True,False,False,-1.2120155309684826,-0.031805731402023696,-2.772544406409132,-0.5984188772600163
P31,AGEM KIRI,4,PRA,P4,parietal,kanan,356.981,358.981,2.0,2.0,ok,manual_timestamp,0.0,True,False,False,-8.024748344177674,-7.098146683031576,-4.8958984669827466,-8.04962107416658
P31,AGEM KIRI,4,PRA,O2,oksipital,kanan,356.981,358.981,2.0,2.0,ok,manual_timestamp,0.0,True,False,False,0.0858781276001288,-1.8628447523627685,-2.2852649790058557,-1.238183080199029
P31,AGEM KIRI,4,PRA,F8,frontotemporal,kanan,356.981,358.981,2.0,2.0,ok,manual_timestamp,0.0,True,False,False,3.0656578430315804,1.3036930894808485,-2.298176614069412,0.4616877782296349
P31,AGEM KIRI,4,PRA,T4,temporal,kanan,356.981,358.981,2.0,2.0,ok,manual_timestamp,0.0,True,False,False,2.2841549419541494,-0.4195322883998358,-1.8965040362522316,0.6915077725438046
P31,AGEM KIRI,4,PRA,T6,temporo-posterior,kanan,356.981,358.981,2.0,2.0,ok,manual_timestamp,0.0,True,False,False,0.36398291597500076,-0.27806579160075273,1.4166894359067292,0.776437597471304
P31,AGEM KIRI,4,TURUN,Fp1,frontopolar,kiri,358.981,361.82,2.339,2.839,ok,manual_timestamp,0.113,True,True,False,3.8341195443878036,0.666578639373423,1.7510853809372726,2.6747628315870813
P31,AGEM KIRI,4,TURUN,F3,frontal,kiri,358.981,361.82,2.339,2.839,ok,manual_timestamp,1.0,False,False,False,,,,
P31,AGEM KIRI,4,TURUN,C3,sentral,kiri,358.981,361.82,2.339,2.839,ok,manual_timestamp,0.0,True,False,False,10.456006686875341,6.269507292407592,1.7893546011590864,7.631797190683024
P31,AGEM KIRI,4,TURUN,P3,parietal,kiri,358.981,361.82,2.339,2.839,ok,manual_timestamp,1.0,False,False,False,,,,
P31,AGEM KIRI,4,TURUN,O1,oksipital,kiri,358.981,361.82,2.339,2.839,ok,manual_timestamp,0.324,True,True,False,-5.798542157029999,-6.934621398710821,-4.953184388378961,-5.654720939989222
P31,AGEM KIRI,4,TURUN,F7,frontotemporal,kiri,358.981,361.82,2.339,2.839,ok,manual_timestamp,0.113,True,True,False,6.833061142142569,4.10277575044055,3.7033753035222325,5.676999109003511
P31,AGEM KIRI,4,TURUN,T3,temporal,kiri,358.981,361.82,2.339,2.839,ok,manual_timestamp,0.606,False,False,False,,,,
P31,AGEM KIRI,4,TURUN,T5,temporo-posterior,kiri,358.981,361.82,2.339,2.839,ok,manual_timestamp,0.465,True,True,False,-8.917830694524909,-8.532923165844977,-4.2838423809145,-5.815861553609178
P31,AGEM KIRI,4,TURUN,Fp2,frontopolar,kanan,358.981,361.82,2.339,2.839,ok,manual_timestamp,0.0,True,False,False,6.197288818566459,6.857045424649469,7.830639886574719,6.611444694653926
P31,AGEM KIRI,4,TURUN,F4,frontal,kanan,358.981,361.82,2.339,2.839,ok,manual_timestamp,0.0,True,False,False,2.000348016445514,3.511074657306981,4.538855153700304,2.574471430906673
P31,AGEM KIRI,4,TURUN,C4,sentral,kanan,358.981,361.82,2.339,2.839,ok,manual_timestamp,0.0,True,False,False,3.949946542791814,2.073913284940602,3.5311764171243993,4.12942223146651
P31,AGEM KIRI,4,TURUN,P4,parietal,kanan,358.981,361.82,2.339,2.839,ok,manual_timestamp,0.0,True,False,False,4.531191957655473,8.8251158349773,8.522068301236224,5.024170240788784
P31,AGEM KIRI,4,TURUN,O2,oksipital,kanan,358.981,361.82,2.339,2.839,ok,manual_timestamp,0.0,True,False,False,4.5530985511869275,1.7036386623169797,3.316311387828325,3.7953915459932865
P31,AGEM KIRI,4,TURUN,F8,frontotemporal,kanan,358.981,361.82,2.339,2.839,ok,manual_timestamp,0.0,True,False,False,8.1112771851136,6.5904394382093905,6.805241608297386,7.765908144424998
P31,AGEM KIRI,4,TURUN,T4,temporal,kanan,358.981,361.82,2.339,2.839,ok,manual_timestamp,0.0,True,False,False,9.804627726937383,10.851231074090649,11.950119527801156,11.695020816460783
P31,AGEM KIRI,4,TURUN,T6,temporo-posterior,kanan,358.981,361.82,2.339,2.839,ok,manual_timestamp,0.0,True,False,False,13.207404852155477,12.398895371791305,11.414846318344754,13.216010187762514
P31,AGEM KIRI,4,TAHAN,Fp1,frontopolar,kiri,361.32,366.231,4.411,4.911,ok,manual_timestamp,0.963,False,False,False,,,,
P31,AGEM KIRI,4,TAHAN,F3,frontal,kiri,361.32,366.231,4.411,4.911,ok,manual_timestamp,0.281,True,True,False,-2.2887741823823866,-3.589683574234755,-1.5925927141780996,-1.9252342011378758
P31,AGEM KIRI,4,TAHAN,C3,sentral,kiri,361.32,366.231,4.411,4.911,ok,manual_timestamp,0.0,True,False,False,-0.16966978642510355,-3.0798007314316393,-1.8811111381236856,-0.007484997599355836
P31,AGEM KIRI,4,TAHAN,P3,parietal,kiri,361.32,366.231,4.411,4.911,ok,manual_timestamp,0.118,True,True,False,-1.6823702727651693,-1.1233656473262705,-1.7509731774073032,-1.4372465462593027
P31,AGEM KIRI,4,TAHAN,O1,oksipital,kiri,361.32,366.231,4.411,4.911,ok,manual_timestamp,1.0,False,False,False,,,,
P31,AGEM KIRI,4,TAHAN,F7,frontotemporal,kiri,361.32,366.231,4.411,4.911,ok,manual_timestamp,0.963,False,False,False,,,,
P31,AGEM KIRI,4,TAHAN,T3,temporal,kiri,361.32,366.231,4.411,4.911,ok,manual_timestamp,0.0,True,False,False,-0.25867384674568683,-4.039911628998741,-2.438627859701164,-1.5374203617084454
P31,AGEM KIRI,4,TAHAN,T5,temporo-posterior,kiri,361.32,366.231,4.411,4.911,ok,manual_timestamp,1.0,False,False,False,,,,
P31,AGEM KIRI,4,TAHAN,Fp2,frontopolar,kanan,361.32,366.231,4.411,4.911,ok,manual_timestamp,0.367,False,False,False,,,,
P31,AGEM KIRI,4,TAHAN,F4,frontal,kanan,361.32,366.231,4.411,4.911,ok,manual_timestamp,0.326,False,False,False,,,,
P31,AGEM KIRI,4,TAHAN,C4,sentral,kanan,361.32,366.231,4.411,4.911,ok,manual_timestamp,0.0,True,False,False,8.248577099872826,1.6607510241438703,2.1449494556033457,7.437292095328058
P31,AGEM KIRI,4,TAHAN,P4,parietal,kanan,361.32,366.231,4.411,4.911,ok,manual_timestamp,0.475,False,False,False,,,,
P31,AGEM KIRI,4,TAHAN,O2,oksipital,kanan,361.32,366.231,4.411,4.911,ok,manual_timestamp,0.597,False,False,False,,,,
P31,AGEM KIRI,4,TAHAN,F8,frontotemporal,kanan,361.32,366.231,4.411,4.911,ok,manual_timestamp,0.407,False,False,False,,,,
P31,AGEM KIRI,4,TAHAN,T4,temporal,kanan,361.32,366.231,4.411,4.911,ok,manual_timestamp,0.081,True,False,False,3.873517131863956,5.956106689615389,5.345173373606968,6.649452700928549
P31,AGEM KIRI,4,TAHAN,T6,temporo-posterior,kanan,361.32,366.231,4.411,4.911,ok,manual_timestamp,0.0,True,False,False,9.627087078799761,12.24873134923886,9.501050610016758,9.715801181072962
P31,AGEM KIRI,4,NAIK,Fp1,frontopolar,kiri,365.731,368.229,1.998,2.498,ok,manual_timestamp,1.0,False,False,False,,,,
P31,AGEM KIRI,4,NAIK,F3,frontal,kiri,365.731,368.229,1.998,2.498,ok,manual_timestamp,0.0,True,False,False,0.30953086060754487,1.6775090491376545,0.9872361373179679,1.7126409936341354
P31,AGEM KIRI,4,NAIK,C3,sentral,kiri,365.731,368.229,1.998,2.498,ok,manual_timestamp,0.161,True,True,False,-5.075495702883334,-4.509846043677928,-5.323668582770797,-5.967142475677679
P31,AGEM KIRI,4,NAIK,P3,parietal,kiri,365.731,368.229,1.998,2.498,ok,manual_timestamp,0.0,True,False,False,2.697338762429929,1.6632382683255287,2.179636059678625,2.845413286733937
P31,AGEM KIRI,4,NAIK,O1,oksipital,kiri,365.731,368.229,1.998,2.498,ok,manual_timestamp,0.791,False,False,False,,,,
P31,AGEM KIRI,4,NAIK,F7,frontotemporal,kiri,365.731,368.229,1.998,2.498,ok,manual_timestamp,1.0,False,False,False,,,,
P31,AGEM KIRI,4,NAIK,T3,temporal,kiri,365.731,368.229,1.998,2.498,ok,manual_timestamp,0.0,True,False,False,6.331933947410505,5.035876459694897,3.2059716061570853,6.626796976697818
P31,AGEM KIRI,4,NAIK,T5,temporo-posterior,kiri,365.731,368.229,1.998,2.498,ok,manual_timestamp,0.791,False,False,False,,,,
P31,AGEM KIRI,4,NAIK,Fp2,frontopolar,kanan,365.731,368.229,1.998,2.498,ok,manual_timestamp,0.482,False,False,False,,,,
P31,AGEM KIRI,4,NAIK,F4,frontal,kanan,365.731,368.229,1.998,2.498,ok,manual_timestamp,0.0,True,False,False,6.155154050826624,7.195863385926472,1.5710000374848754,3.7478915402450887
P31,AGEM KIRI,4,NAIK,C4,sentral,kanan,365.731,368.229,1.998,2.498,ok,manual_timestamp,0.0,True,False,False,5.230243838380382,8.05830252880417,7.459914248656098,6.530773237291381
P31,AGEM KIRI,4,NAIK,P4,parietal,kanan,365.731,368.229,1.998,2.498,ok,manual_timestamp,0.643,False,False,False,,,,
P31,AGEM KIRI,4,NAIK,O2,oksipital,kanan,365.731,368.229,1.998,2.498,ok,manual_timestamp,0.643,False,False,False,,,,
P31,AGEM KIRI,4,NAIK,F8,frontotemporal,kanan,365.731,368.229,1.998,2.498,ok,manual_timestamp,0.0,True,False,False,4.0658133011920725,0.8525910183272067,4.0313659657618786,1.9354937377125836
P31,AGEM KIRI,4,NAIK,T4,temporal,kanan,365.731,368.229,1.998,2.498,ok,manual_timestamp,0.0,True,False,False,1.2661133536298124,4.5671169069096536,5.629594633502435,2.729615363277361
P31,AGEM KIRI,4,NAIK,T6,temporo-posterior,kanan,365.731,368.229,1.998,2.498,ok,manual_timestamp,0.0,True,False,False,13.283599904265657,9.613180444254262,9.392246602777785,10.383715149405589
P31,AGEM KIRI,4,POST,Fp1,frontopolar,kiri,368.729,370.229,1.5,1.5,ok,manual_timestamp,0.253,True,True,False,7.566408913475023,2.9317481741246745,7.245085245148765,7.231044313611569
P31,AGEM KIRI,4,POST,F3,frontal,kiri,368.729,370.229,1.5,1.5,ok,manual_timestamp,0.0,True,False,False,11.082104548539832,5.334310971578319,3.304558772024169,11.710037198751774
P31,AGEM KIRI,4,POST,C3,sentral,kiri,368.729,370.229,1.5,1.5,ok,manual_timestamp,0.0,True,False,False,15.785014433634473,7.534354256203368,6.490834273209003,13.06207312361282
P31,AGEM KIRI,4,POST,P3,parietal,kiri,368.729,370.229,1.5,1.5,ok,manual_timestamp,0.0,True,False,False,16.909019261683156,12.307572970578747,5.674027256327324,13.916648299231056
P31,AGEM KIRI,4,POST,O1,oksipital,kiri,368.729,370.229,1.5,1.5,ok,manual_timestamp,0.0,True,False,False,1.5054066986272474,-5.452774790893848,-1.9419939866135643,-0.6415732854597493
P31,AGEM KIRI,4,POST,F7,frontotemporal,kiri,368.729,370.229,1.5,1.5,ok,manual_timestamp,0.253,True,True,False,5.872255585079877,4.529378519942366,8.196874796456843,7.341962032239138
P31,AGEM KIRI,4,POST,T3,temporal,kiri,368.729,370.229,1.5,1.5,ok,manual_timestamp,0.0,True,False,False,15.127991390774277,6.884319619356553,9.30129977403773,13.23412269522786
P31,AGEM KIRI,4,POST,T5,temporo-posterior,kiri,368.729,370.229,1.5,1.5,ok,manual_timestamp,0.0,True,False,False,7.19381292642543,0.9750427091698519,-0.3359132621797798,4.388653452701828
P31,AGEM KIRI,4,POST,Fp2,frontopolar,kanan,368.729,370.229,1.5,1.5,ok,manual_timestamp,0.0,True,False,False,13.40520637602642,7.924004938839056,11.644336627041817,10.608750534200645
P31,AGEM KIRI,4,POST,F4,frontal,kanan,368.729,370.229,1.5,1.5,ok,manual_timestamp,0.0,True,False,False,8.506564974029168,5.655009208091371,9.739099391250143,6.549855176710292
P31,AGEM KIRI,4,POST,C4,sentral,kanan,368.729,370.229,1.5,1.5,ok,manual_timestamp,0.0,True,False,False,10.300852615827864,4.024859444439748,7.795772013964303,12.519331282840046
P31,AGEM KIRI,4,POST,P4,parietal,kanan,368.729,370.229,1.5,1.5,ok,manual_timestamp,0.0,True,False,False,10.542147477197744,10.77554623504405,15.267524977239294,10.279256861438576
P31,AGEM KIRI,4,POST,O2,oksipital,kanan,368.729,370.229,1.5,1.5,ok,manual_timestamp,0.0,True,False,False,12.300750943959812,7.571088090812115,9.716120772104592,9.547700468566283
P31,AGEM KIRI,4,POST,F8,frontotemporal,kanan,368.729,370.229,1.5,1.5,ok,manual_timestamp,0.0,True,False,False,13.285887150477294,11.357560901742811,11.408523127571584,12.36592900648138
P31,AGEM KIRI,4,POST,T4,temporal,kanan,368.729,370.229,1.5,1.5,ok,manual_timestamp,0.0,True,False,False,16.520359251701898,13.573132931195289,15.54017391609635,15.871734355815889
P31,AGEM KIRI,4,POST,T6,temporo-posterior,kanan,368.729,370.229,1.5,1.5,ok,manual_timestamp,0.0,True,False,False,21.88110416098268,16.06255610687559,18.133846413934275,18.838176941508912
