metode,gerakan,rep,fase,kanal,theta_db,mu_db,beta_db,n_potongan,participant_id,skema
TE,Agem Kanan,1,Berdiri,C3,-2.592,-0.522,-1.221,5,P08,D_telinga
TE,Agem Kanan,1,Berdiri,C4,-2.942,-0.297,0.007,11,P08,D_telinga
TE,Agem Kanan,1,Berdiri,F3,-2.671,-5.331,-2.712,2,P08,D_telinga
TE,Agem Kanan,1,Berdiri,F4,7.468,5.72,4.007,9,P08,D_telinga
TE,Agem Kanan,1,Berdiri,F7,-4.071,-2.834,-0.918,1,P08,D_telinga
TE,Agem Kanan,1,Berdiri,F8,3.75,4.012,3.623,11,P08,D_telinga
TE,Agem Kanan,1,Berdiri,Fp1,-1.009,2.167,-0.152,6,P08,D_telinga
TE,Agem Kanan,1,Berdiri,Fp2,0.977,1.55,1.557,11,P08,D_telinga
TE,Agem Kanan,1,Berdiri,O1,-5.702,-7.621,-6.244,1,P08,D_telinga
TE,Agem Kanan,1,Berdiri,O2,5.017,3.976,2.419,10,P08,D_telinga
TE,Agem Kanan,1,Berdiri,P3,-2.247,-1.026,-1.146,5,P08,D_telinga
TE,Agem Kanan,1,Berdiri,P4,-1.399,1.739,0.711,11,P08,D_telinga
TE,Agem Kanan,1,Berdiri,T3,-7.694,-6.069,-4.534,1,P08,D_telinga
TE,Agem Kanan,1,Berdiri,T4,4.17,5.602,3.595,11,P08,D_telinga
TE,Agem Kanan,1,Berdiri,T5,0.38,0.907,1.571,9,P08,D_telinga
TE,Agem Kanan,1,Berdiri,T6,-1.924,-0.55,-1.111,10,P08,D_telinga
TE,Agem Kanan,1,Gerak,F3,-0.61,-2.805,-0.467,2,P08,D_telinga
TE,Agem Kanan,1,Gerak,F8,-1.559,-0.781,4.124,2,P08,D_telinga
TE,Agem Kanan,1,Gerak,Fp2,3.15,3.103,7.317,2,P08,D_telinga
TE,Agem Kanan,1,Gerak,T4,-0.888,0.789,6.251,2,P08,D_telinga
TE,Agem Kanan,1,Naik,F7,0.936,5.48,-1.747,1,P08,D_telinga
TE,Agem Kanan,1,Naik,F8,3.435,7.978,4.313,1,P08,D_telinga
TE,Agem Kanan,1,Naik,Fp2,0.274,8.064,4.849,1,P08,D_telinga
TE,Agem Kanan,1,Naik,T3,0.459,4.412,-2.551,1,P08,D_telinga
TE,Agem Kanan,1,Naik,T4,2.812,6.476,6.159,1,P08,D_telinga
TE,Agem Kanan,1,Tahan,C3,-4.563,2.132,-0.003,5,P08,D_telinga
TE,Agem Kanan,1,Tahan,C4,1.024,3.099,1.345,6,P08,D_telinga
TE,Agem Kanan,1,Tahan,F3,-6.194,-0.693,-1.82,2,P08,D_telinga
TE,Agem Kanan,1,Tahan,F4,7.077,5.086,4.557,6,P08,D_telinga
TE,Agem Kanan,1,Tahan,F7,-6.08,-4.119,-3.478,9,P08,D_telinga
TE,Agem Kanan,1,Tahan,F8,5.89,10.275,5.94,3,P08,D_telinga
TE,Agem Kanan,1,Tahan,Fp1,-9.074,-6.288,-5.831,4,P08,D_telinga
TE,Agem Kanan,1,Tahan,Fp2,4.093,7.691,3.607,4,P08,D_telinga
TE,Agem Kanan,1,Tahan,O1,-5.327,-1.826,-2.202,6,P08,D_telinga
TE,Agem Kanan,1,Tahan,O2,1.472,3.902,3.22,6,P08,D_telinga
TE,Agem Kanan,1,Tahan,P3,-1.656,4.366,1.977,2,P08,D_telinga
TE,Agem Kanan,1,Tahan,P4,2.22,4.437,2.497,6,P08,D_telinga
TE,Agem Kanan,1,Tahan,T3,-6.771,-1.811,-1.649,5,P08,D_telinga
TE,Agem Kanan,1,Tahan,T4,10.425,10.25,7.143,5,P08,D_telinga
TE,Agem Kanan,1,Tahan,T5,5.644,7.898,4.363,7,P08,D_telinga
TE,Agem Kanan,1,Tahan,T6,0.313,0.755,-1.118,6,P08,D_telinga
TE,Agem Kanan,2,Berdiri,C3,1.777,1.793,-0.301,13,P08,D_telinga
TE,Agem Kanan,2,Berdiri,C4,-2.04,-1.937,-1.475,9,P08,D_telinga
TE,Agem Kanan,2,Berdiri,F3,-0.0,1.043,-2.272,12,P08,D_telinga
TE,Agem Kanan,2,Berdiri,F4,3.881,4.172,1.638,13,P08,D_telinga
TE,Agem Kanan,2,Berdiri,F7,0.357,2.293,-0.855,11,P08,D_telinga
TE,Agem Kanan,2,Berdiri,F8,2.964,2.034,0.481,13,P08,D_telinga
TE,Agem Kanan,2,Berdiri,Fp2,2.241,0.195,0.617,13,P08,D_telinga
TE,Agem Kanan,2,Berdiri,O1,1.05,1.089,-1.345,9,P08,D_telinga
TE,Agem Kanan,2,Berdiri,O2,3.802,5.246,2.614,13,P08,D_telinga
TE,Agem Kanan,2,Berdiri,P3,1.097,0.479,-1.03,13,P08,D_telinga
TE,Agem Kanan,2,Berdiri,P4,1.696,-0.356,0.017,10,P08,D_telinga
TE,Agem Kanan,2,Berdiri,T3,0.59,0.166,-1.984,9,P08,D_telinga
TE,Agem Kanan,2,Berdiri,T4,5.751,4.304,2.26,13,P08,D_telinga
TE,Agem Kanan,2,Berdiri,T5,3.369,1.559,1.711,13,P08,D_telinga
TE,Agem Kanan,2,Berdiri,T6,0.148,-1.23,-0.945,13,P08,D_telinga
TE,Agem Kanan,2,Gerak,F3,-4.12,-7.411,-8.461,1,P08,D_telinga
TE,Agem Kanan,2,Gerak,F7,3.211,3.488,1.263,2,P08,D_telinga
TE,Agem Kanan,2,Gerak,F8,0.451,2.455,-2.313,2,P08,D_telinga
TE,Agem Kanan,2,Gerak,Fp1,1.53,3.406,2.963,2,P08,D_telinga
TE,Agem Kanan,2,Gerak,Fp2,2.148,0.679,-4.129,2,P08,D_telinga
TE,Agem Kanan,2,Gerak,T3,5.062,5.399,2.333,1,P08,D_telinga
TE,Agem Kanan,2,Gerak,T4,3.736,3.965,0.321,2,P08,D_telinga
TE,Agem Kanan,2,Naik,Fp1,5.521,0.458,6.146,2,P08,D_telinga
TE,Agem Kanan,2,Naik,Fp2,1.434,2.073,0.219,1,P08,D_telinga
TE,Agem Kanan,2,Naik,O1,-2.744,-3.69,-5.439,1,P08,D_telinga
TE,Agem Kanan,2,Naik,T4,6.501,2.311,2.999,1,P08,D_telinga
TE,Agem Kanan,2,Naik,T6,-4.962,-8.528,-10.335,1,P08,D_telinga
TE,Agem Kanan,2,Tahan,C3,-0.897,2.44,0.969,7,P08,D_telinga
TE,Agem Kanan,2,Tahan,C4,-0.527,0.641,0.584,12,P08,D_telinga
TE,Agem Kanan,2,Tahan,F3,-1.471,0.259,-1.44,5,P08,D_telinga
TE,Agem Kanan,2,Tahan,F4,3.07,3.294,1.427,7,P08,D_telinga
TE,Agem Kanan,2,Tahan,F7,-1.639,-0.093,-2.625,4,P08,D_telinga
TE,Agem Kanan,2,Tahan,F8,8.923,8.226,5.291,10,P08,D_telinga
TE,Agem Kanan,2,Tahan,Fp1,0.982,1.279,1.495,5,P08,D_telinga
TE,Agem Kanan,2,Tahan,Fp2,1.194,4.107,2.077,6,P08,D_telinga
TE,Agem Kanan,2,Tahan,O1,-5.892,-4.987,-7.464,3,P08,D_telinga
TE,Agem Kanan,2,Tahan,O2,2.606,6.505,5.045,12,P08,D_telinga
TE,Agem Kanan,2,Tahan,P3,-1.434,1.808,0.667,7,P08,D_telinga
TE,Agem Kanan,2,Tahan,P4,4.482,4.27,6.139,12,P08,D_telinga
TE,Agem Kanan,2,Tahan,T3,-5.252,-2.739,-4.965,4,P08,D_telinga
TE,Agem Kanan,2,Tahan,T4,7.211,6.692,4.497,12,P08,D_telinga
TE,Agem Kanan,2,Tahan,T5,-0.602,1.3,0.67,12,P08,D_telinga
TE,Agem Kanan,2,Tahan,T6,8.014,2.536,-1.735,12,P08,D_telinga
TE,Agem Kanan,3,Berdiri,C3,-8.257,-11.386,-13.54,3,P08,D_telinga
TE,Agem Kanan,3,Berdiri,C4,1.038,1.23,0.588,10,P08,D_telinga
TE,Agem Kanan,3,Berdiri,F4,3.846,0.268,-0.757,10,P08,D_telinga
TE,Agem Kanan,3,Berdiri,F8,4.758,1.937,-1.071,10,P08,D_telinga
TE,Agem Kanan,3,Berdiri,Fp2,0.384,-0.052,-2.272,10,P08,D_telinga
TE,Agem Kanan,3,Berdiri,O1,-10.997,-7.754,-11.177,2,P08,D_telinga
TE,Agem Kanan,3,Berdiri,O2,7.918,4.859,3.722,10,P08,D_telinga
TE,Agem Kanan,3,Berdiri,P4,4.083,-0.813,0.326,10,P08,D_telinga
TE,Agem Kanan,3,Berdiri,T4,6.23,2.206,1.406,10,P08,D_telinga
TE,Agem Kanan,3,Berdiri,T5,1.48,-0.646,-1.699,10,P08,D_telinga
TE,Agem Kanan,3,Berdiri,T6,-0.594,-2.094,-4.711,10,P08,D_telinga
TE,Agem Kanan,3,Gerak,C3,-18.529,-19.884,-18.253,1,P08,D_telinga
TE,Agem Kanan,3,Gerak,C4,-3.027,-1.399,2.228,1,P08,D_telinga
TE,Agem Kanan,3,Gerak,F4,1.508,-2.052,0.119,2,P08,D_telinga
TE,Agem Kanan,3,Gerak,F8,-3.026,-3.103,-0.465,1,P08,D_telinga
TE,Agem Kanan,3,Gerak,Fp2,-4.494,1.213,-2.79,1,P08,D_telinga
TE,Agem Kanan,3,Gerak,O1,-12.588,-15.092,-14.034,1,P08,D_telinga
TE,Agem Kanan,3,Gerak,O2,1.389,-3.788,1.871,1,P08,D_telinga
TE,Agem Kanan,3,Gerak,P4,2.752,-0.633,3.504,1,P08,D_telinga
TE,Agem Kanan,3,Gerak,T4,-0.728,-2.098,0.577,1,P08,D_telinga
TE,Agem Kanan,3,Gerak,T5,6.351,0.79,-0.131,2,P08,D_telinga
TE,Agem Kanan,3,Gerak,T6,-8.024,-6.705,-5.962,1,P08,D_telinga
TE,Agem Kanan,3,Naik,C3,-12.167,-4.413,-7.15,1,P08,D_telinga
TE,Agem Kanan,3,Naik,C4,-4.147,-8.213,-5.134,1,P08,D_telinga
TE,Agem Kanan,3,Naik,F3,-3.873,-3.196,-6.114,1,P08,D_telinga
TE,Agem Kanan,3,Naik,F4,3.113,2.59,-0.992,1,P08,D_telinga
TE,Agem Kanan,3,Naik,F7,-8.333,-5.58,-7.799,1,P08,D_telinga
TE,Agem Kanan,3,Naik,Fp1,-6.841,-7.704,-6.899,2,P08,D_telinga
TE,Agem Kanan,3,Naik,Fp2,-2.247,-5.141,-2.477,1,P08,D_telinga
TE,Agem Kanan,3,Naik,O2,0.108,6.794,2.157,1,P08,D_telinga
TE,Agem Kanan,3,Naik,P3,-3.324,-3.581,-2.686,2,P08,D_telinga
TE,Agem Kanan,3,Naik,P4,10.718,1.253,5.263,1,P08,D_telinga
TE,Agem Kanan,3,Naik,T3,-7.343,-6.089,-6.582,1,P08,D_telinga
TE,Agem Kanan,3,Naik,T4,-2.787,-1.689,-0.925,1,P08,D_telinga
TE,Agem Kanan,3,Naik,T5,-5.011,-5.965,-1.873,2,P08,D_telinga
TE,Agem Kanan,3,Naik,T6,1.395,-6.562,-6.962,1,P08,D_telinga
TE,Agem Kanan,3,Tahan,C3,-3.876,-2.66,-3.866,9,P08,D_telinga
TE,Agem Kanan,3,Tahan,C4,-3.531,-4.458,-3.241,6,P08,D_telinga
TE,Agem Kanan,3,Tahan,F3,-5.535,-3.911,-4.846,9,P08,D_telinga
TE,Agem Kanan,3,Tahan,F4,-0.614,2.864,1.905,6,P08,D_telinga
TE,Agem Kanan,3,Tahan,F7,-4.205,-4.412,-4.734,9,P08,D_telinga
TE,Agem Kanan,3,Tahan,F8,11.599,8.171,4.516,2,P08,D_telinga
TE,Agem Kanan,3,Tahan,Fp1,-11.82,-10.765,-9.521,9,P08,D_telinga
TE,Agem Kanan,3,Tahan,Fp2,0.149,0.545,-0.549,6,P08,D_telinga
TE,Agem Kanan,3,Tahan,O1,-1.13,-0.602,-2.177,9,P08,D_telinga
TE,Agem Kanan,3,Tahan,O2,11.88,10.059,9.297,9,P08,D_telinga
TE,Agem Kanan,3,Tahan,P3,-4.302,-3.429,-3.953,9,P08,D_telinga
TE,Agem Kanan,3,Tahan,P4,10.285,3.621,1.51,6,P08,D_telinga
TE,Agem Kanan,3,Tahan,T3,-3.298,-4.263,-3.912,9,P08,D_telinga
TE,Agem Kanan,3,Tahan,T4,-0.2,1.654,-0.064,6,P08,D_telinga
TE,Agem Kanan,3,Tahan,T5,-0.752,-2.33,-2.331,9,P08,D_telinga
TE,Agem Kanan,3,Tahan,T6,2.654,-2.56,-6.421,7,P08,D_telinga
TE,Agem Kanan,4,Berdiri,C3,-4.817,-3.317,-5.129,10,P08,D_telinga
TE,Agem Kanan,4,Berdiri,C4,2.737,1.743,1.565,10,P08,D_telinga
TE,Agem Kanan,4,Berdiri,F3,-4.668,-6.573,-7.639,4,P08,D_telinga
TE,Agem Kanan,4,Berdiri,F4,9.779,6.039,5.582,10,P08,D_telinga
TE,Agem Kanan,4,Berdiri,F7,-4.266,-5.824,-6.775,6,P08,D_telinga
TE,Agem Kanan,4,Berdiri,F8,6.056,2.201,1.531,10,P08,D_telinga
TE,Agem Kanan,4,Berdiri,Fp1,-9.182,-8.506,-10.236,4,P08,D_telinga
TE,Agem Kanan,4,Berdiri,Fp2,4.067,1.861,-0.513,9,P08,D_telinga
TE,Agem Kanan,4,Berdiri,O1,-10.105,-5.925,-7.709,10,P08,D_telinga
TE,Agem Kanan,4,Berdiri,O2,9.854,6.19,4.208,10,P08,D_telinga
TE,Agem Kanan,4,Berdiri,P3,-3.746,-2.617,-4.92,7,P08,D_telinga
TE,Agem Kanan,4,Berdiri,P4,5.918,3.829,1.874,10,P08,D_telinga
TE,Agem Kanan,4,Berdiri,T4,7.19,4.343,3.06,10,P08,D_telinga
TE,Agem Kanan,4,Berdiri,T5,2.902,1.093,-0.995,10,P08,D_telinga
TE,Agem Kanan,4,Berdiri,T6,5.716,-2.818,-2.81,10,P08,D_telinga
TE,Agem Kanan,4,Gerak,C3,-3.659,-7.189,-2.328,1,P08,D_telinga
TE,Agem Kanan,4,Gerak,C4,0.061,-4.369,-3.708,1,P08,D_telinga
TE,Agem Kanan,4,Gerak,F3,-13.843,-15.449,-10.878,1,P08,D_telinga
TE,Agem Kanan,4,Gerak,F4,6.616,2.715,0.075,2,P08,D_telinga
TE,Agem Kanan,4,Gerak,F7,-10.679,-11.511,-9.715,1,P08,D_telinga
TE,Agem Kanan,4,Gerak,F8,-1.683,-1.68,-3.155,1,P08,D_telinga
TE,Agem Kanan,4,Gerak,Fp1,-22.916,-25.167,-26.183,1,P08,D_telinga
TE,Agem Kanan,4,Gerak,Fp2,-0.957,-4.925,-2.606,1,P08,D_telinga
TE,Agem Kanan,4,Gerak,O1,-9.856,-17.833,-11.73,1,P08,D_telinga
TE,Agem Kanan,4,Gerak,O2,4.061,3.88,-0.712,1,P08,D_telinga
TE,Agem Kanan,4,Gerak,P3,-4.736,-7.568,-3.313,1,P08,D_telinga
TE,Agem Kanan,4,Gerak,P4,0.763,-4.581,-1.463,1,P08,D_telinga
TE,Agem Kanan,4,Gerak,T3,-17.599,-22.858,-22.2,1,P08,D_telinga
TE,Agem Kanan,4,Gerak,T4,3.01,2.133,3.401,1,P08,D_telinga
TE,Agem Kanan,4,Gerak,T5,2.706,-0.384,-1.866,2,P08,D_telinga
TE,Agem Kanan,4,Gerak,T6,-1.361,-4.169,-5.666,1,P08,D_telinga
TE,Agem Kanan,4,Naik,C3,-13.129,-10.48,-10.427,1,P08,D_telinga
TE,Agem Kanan,4,Naik,F3,-14.085,-10.94,-8.26,1,P08,D_telinga
TE,Agem Kanan,4,Naik,F4,1.997,1.848,-1.381,1,P08,D_telinga
TE,Agem Kanan,4,Naik,F7,-9.867,-2.492,-0.626,1,P08,D_telinga
TE,Agem Kanan,4,Naik,Fp1,-8.113,-4.983,1.559,1,P08,D_telinga
TE,Agem Kanan,4,Naik,O2,8.92,9.449,8.384,1,P08,D_telinga
TE,Agem Kanan,4,Naik,P4,5.807,3.639,2.099,1,P08,D_telinga
TE,Agem Kanan,4,Tahan,C3,2.276,1.706,2.751,6,P08,D_telinga
TE,Agem Kanan,4,Tahan,C4,3.992,0.951,2.98,5,P08,D_telinga
TE,Agem Kanan,4,Tahan,F3,-1.083,-1.841,-1.489,3,P08,D_telinga
TE,Agem Kanan,4,Tahan,F4,6.534,3.615,2.423,7,P08,D_telinga
TE,Agem Kanan,4,Tahan,F7,1.707,-0.465,-1.676,3,P08,D_telinga
TE,Agem Kanan,4,Tahan,F8,12.134,12.191,7.733,4,P08,D_telinga
TE,Agem Kanan,4,Tahan,Fp1,-1.339,-0.87,0.388,11,P08,D_telinga
TE,Agem Kanan,4,Tahan,Fp2,1.191,3.179,5.298,11,P08,D_telinga
TE,Agem Kanan,4,Tahan,O2,4.9,7.948,5.814,7,P08,D_telinga
TE,Agem Kanan,4,Tahan,P3,1.695,1.164,1.466,6,P08,D_telinga
TE,Agem Kanan,4,Tahan,P4,3.105,1.406,2.611,7,P08,D_telinga
TE,Agem Kanan,4,Tahan,T4,13.47,13.682,10.442,4,P08,D_telinga
TE,Agem Kanan,4,Tahan,T5,5.164,2.231,1.722,6,P08,D_telinga
TE,Agem Kanan,4,Tahan,T6,8.845,6.08,1.044,7,P08,D_telinga
TE,Agem Kiri,1,Berdiri,C3,-13.033,-11.127,-10.545,4,P08,D_telinga
TE,Agem Kiri,1,Berdiri,C4,-0.959,-0.358,0.729,9,P08,D_telinga
TE,Agem Kiri,1,Berdiri,F4,0.902,0.063,-0.526,9,P08,D_telinga
TE,Agem Kiri,1,Berdiri,F7,-4.878,-4.846,-6.026,3,P08,D_telinga
TE,Agem Kiri,1,Berdiri,F8,5.324,4.595,5.293,9,P08,D_telinga
TE,Agem Kiri,1,Berdiri,Fp1,-0.965,-2.561,0.011,5,P08,D_telinga
TE,Agem Kiri,1,Berdiri,Fp2,0.754,2.295,2.927,9,P08,D_telinga
TE,Agem Kiri,1,Berdiri,O1,-8.081,-8.557,-7.213,4,P08,D_telinga
TE,Agem Kiri,1,Berdiri,O2,3.863,0.121,-2.003,9,P08,D_telinga
TE,Agem Kiri,1,Berdiri,P3,-13.863,-11.305,-10.985,4,P08,D_telinga
TE,Agem Kiri,1,Berdiri,P4,0.125,0.434,1.449,9,P08,D_telinga
TE,Agem Kiri,1,Berdiri,T3,-6.25,-6.77,-5.992,4,P08,D_telinga
TE,Agem Kiri,1,Berdiri,T4,6.937,4.335,4.928,9,P08,D_telinga
TE,Agem Kiri,1,Berdiri,T5,2.299,0.901,1.856,9,P08,D_telinga
TE,Agem Kiri,1,Berdiri,T6,0.807,-2.248,-3.189,9,P08,D_telinga
TE,Agem Kiri,1,Gerak,C4,-2.788,9.105,-3.048,2,P08,D_telinga
TE,Agem Kiri,1,Gerak,F4,6.124,11.328,2.835,2,P08,D_telinga
TE,Agem Kiri,1,Gerak,Fp2,0.744,-1.501,0.336,1,P08,D_telinga
TE,Agem Kiri,1,Gerak,P4,1.875,4.371,-2.054,2,P08,D_telinga
TE,Agem Kiri,1,Gerak,T4,8.996,12.844,3.536,2,P08,D_telinga
TE,Agem Kiri,1,Gerak,T5,8.119,10.49,0.001,2,P08,D_telinga
TE,Agem Kiri,1,Naik,C3,-1.537,0.423,1.297,2,P08,D_telinga
TE,Agem Kiri,1,Naik,F3,1.613,1.454,2.959,2,P08,D_telinga
TE,Agem Kiri,1,Naik,F4,9.098,6.262,4.169,2,P08,D_telinga
TE,Agem Kiri,1,Naik,F7,1.042,1.48,3.843,1,P08,D_telinga
TE,Agem Kiri,1,Naik,F8,4.886,3.768,-0.369,1,P08,D_telinga
TE,Agem Kiri,1,Naik,Fp1,1.566,-3.428,-3.824,2,P08,D_telinga
TE,Agem Kiri,1,Naik,O1,-4.534,-3.707,3.097,1,P08,D_telinga
TE,Agem Kiri,1,Naik,O2,9.924,11.766,8.366,2,P08,D_telinga
TE,Agem Kiri,1,Naik,P3,-6.913,-0.19,0.172,2,P08,D_telinga
TE,Agem Kiri,1,Naik,T3,-3.129,1.365,3.322,1,P08,D_telinga
TE,Agem Kiri,1,Naik,T4,4.72,9.922,9.335,1,P08,D_telinga
TE,Agem Kiri,1,Naik,T5,-1.574,3.316,1.704,2,P08,D_telinga
TE,Agem Kiri,1,Tahan,C3,0.911,1.017,0.161,10,P08,D_telinga
TE,Agem Kiri,1,Tahan,F3,0.499,1.457,1.617,8,P08,D_telinga
TE,Agem Kiri,1,Tahan,F4,4.93,10.221,3.249,1,P08,D_telinga
TE,Agem Kiri,1,Tahan,F7,3.548,2.885,2.359,9,P08,D_telinga
TE,Agem Kiri,1,Tahan,F8,3.182,4.79,0.413,1,P08,D_telinga
TE,Agem Kiri,1,Tahan,Fp1,0.776,1.557,2.751,6,P08,D_telinga
TE,Agem Kiri,1,Tahan,Fp2,4.121,2.72,1.931,4,P08,D_telinga
TE,Agem Kiri,1,Tahan,O1,3.583,3.756,2.382,8,P08,D_telinga
TE,Agem Kiri,1,Tahan,O2,1.609,6.071,-0.779,2,P08,D_telinga
TE,Agem Kiri,1,Tahan,P3,-0.032,-1.356,-1.192,8,P08,D_telinga
TE,Agem Kiri,1,Tahan,T3,2.291,3.056,2.237,10,P08,D_telinga
TE,Agem Kiri,1,Tahan,T4,4.468,4.324,2.171,10,P08,D_telinga
TE,Agem Kiri,1,Tahan,T6,9.569,0.848,-2.128,2,P08,D_telinga
TE,Agem Kiri,2,Berdiri,C3,3.554,3.808,4.43,3,P08,D_telinga
TE,Agem Kiri,2,Berdiri,F3,1.894,1.514,2.265,2,P08,D_telinga
TE,Agem Kiri,2,Berdiri,F4,10.855,8.493,3.503,15,P08,D_telinga
TE,Agem Kiri,2,Berdiri,F7,3.642,2.691,3.386,2,P08,D_telinga
TE,Agem Kiri,2,Berdiri,F8,6.97,3.886,2.562,15,P08,D_telinga
TE,Agem Kiri,2,Berdiri,Fp1,-8.879,-6.88,-7.482,11,P08,D_telinga
TE,Agem Kiri,2,Berdiri,Fp2,8.087,5.586,4.789,15,P08,D_telinga
TE,Agem Kiri,2,Berdiri,O1,-3.714,1.623,0.829,1,P08,D_telinga
TE,Agem Kiri,2,Berdiri,O2,4.334,4.409,0.637,15,P08,D_telinga
TE,Agem Kiri,2,Berdiri,P3,5.373,5.936,4.079,15,P08,D_telinga
TE,Agem Kiri,2,Berdiri,T3,2.46,3.213,4.11,1,P08,D_telinga
TE,Agem Kiri,2,Berdiri,T4,11.841,9.655,6.444,15,P08,D_telinga
TE,Agem Kiri,2,Berdiri,T5,2.489,2.204,2.289,15,P08,D_telinga
TE,Agem Kiri,2,Berdiri,T6,5.25,4.238,1.437,15,P08,D_telinga
TE,Agem Kiri,2,Gerak,C4,-1.665,-0.626,-5.66,2,P08,D_telinga
TE,Agem Kiri,2,Gerak,F7,-14.949,-11.471,-10.521,1,P08,D_telinga
TE,Agem Kiri,2,Gerak,F8,8.995,3.415,1.95,2,P08,D_telinga
TE,Agem Kiri,2,Gerak,O1,-8.462,-6.825,-7.231,1,P08,D_telinga
TE,Agem Kiri,2,Gerak,O2,5.564,7.352,0.15,2,P08,D_telinga
TE,Agem Kiri,2,Gerak,P4,-2.397,-5.112,-6.244,2,P08,D_telinga
TE,Agem Kiri,2,Gerak,T3,-11.354,-6.813,-5.923,1,P08,D_telinga
TE,Agem Kiri,2,Gerak,T4,8.087,4.639,2.695,2,P08,D_telinga
TE,Agem Kiri,2,Gerak,T6,-13.68,-12.707,-11.379,2,P08,D_telinga
TE,Agem Kiri,2,Naik,C3,0.187,0.701,0.019,2,P08,D_telinga
TE,Agem Kiri,2,Naik,Fp2,2.007,2.766,4.629,2,P08,D_telinga
TE,Agem Kiri,2,Naik,P3,-6.392,-3.608,-6.739,2,P08,D_telinga
TE,Agem Kiri,2,Naik,T4,3.82,3.361,2.118,1,P08,D_telinga
TE,Agem Kiri,2,Tahan,C3,-0.404,-1.21,-4.176,5,P08,D_telinga
TE,Agem Kiri,2,Tahan,F3,-0.379,-1.073,-2.355,9,P08,D_telinga
TE,Agem Kiri,2,Tahan,F7,2.935,2.667,3.842,5,P08,D_telinga
TE,Agem Kiri,2,Tahan,Fp1,3.775,3.249,3.627,4,P08,D_telinga
TE,Agem Kiri,2,Tahan,Fp2,4.699,3.526,4.944,4,P08,D_telinga
TE,Agem Kiri,2,Tahan,P3,-1.734,-2.638,-5.314,1,P08,D_telinga
TE,Agem Kiri,2,Tahan,T3,1.33,3.715,2.952,4,P08,D_telinga
TE,Agem Kiri,2,Tahan,T4,8.388,11.427,8.219,4,P08,D_telinga
TE,Agem Kiri,3,Berdiri,C3,0.864,-0.476,-2.616,1,P08,D_telinga
TE,Agem Kiri,3,Berdiri,C4,8.095,6.743,5.821,10,P08,D_telinga
TE,Agem Kiri,3,Berdiri,F3,3.267,2.095,-1.206,2,P08,D_telinga
TE,Agem Kiri,3,Berdiri,F4,11.563,3.782,4.634,10,P08,D_telinga
TE,Agem Kiri,3,Berdiri,F7,1.607,-0.839,-1.893,1,P08,D_telinga
TE,Agem Kiri,3,Berdiri,F8,9.832,6.422,5.541,10,P08,D_telinga
TE,Agem Kiri,3,Berdiri,Fp1,5.375,7.189,6.701,2,P08,D_telinga
TE,Agem Kiri,3,Berdiri,Fp2,4.927,0.948,4.005,6,P08,D_telinga
TE,Agem Kiri,3,Berdiri,O2,8.343,9.193,6.643,10,P08,D_telinga
TE,Agem Kiri,3,Berdiri,P3,2.401,3.164,4.219,3,P08,D_telinga
TE,Agem Kiri,3,Berdiri,P4,8.424,3.519,4.749,10,P08,D_telinga
TE,Agem Kiri,3,Berdiri,T4,9.02,7.197,5.042,10,P08,D_telinga
TE,Agem Kiri,3,Berdiri,T5,5.618,4.615,2.874,10,P08,D_telinga
TE,Agem Kiri,3,Berdiri,T6,3.053,-3.776,-2.4,10,P08,D_telinga
TE,Agem Kiri,3,Gerak,C4,2.145,-2.184,-3.832,1,P08,D_telinga
TE,Agem Kiri,3,Gerak,F4,3.353,3.39,0.842,1,P08,D_telinga
TE,Agem Kiri,3,Gerak,F8,7.592,-1.276,-3.51,1,P08,D_telinga
TE,Agem Kiri,3,Gerak,O2,10.532,7.524,-0.829,1,P08,D_telinga
TE,Agem Kiri,3,Gerak,P4,3.621,-1.752,-2.741,1,P08,D_telinga
TE,Agem Kiri,3,Gerak,T4,1.807,-0.063,-0.008,1,P08,D_telinga
TE,Agem Kiri,3,Gerak,T5,8.892,5.356,2.455,2,P08,D_telinga
TE,Agem Kiri,3,Naik,C4,0.953,2.829,5.357,2,P08,D_telinga
TE,Agem Kiri,3,Naik,F4,2.801,4.813,1.166,1,P08,D_telinga
TE,Agem Kiri,3,Naik,F7,-9.365,-10.153,-7.527,2,P08,D_telinga
TE,Agem Kiri,3,Naik,F8,6.268,-0.587,5.734,1,P08,D_telinga
TE,Agem Kiri,3,Naik,Fp1,-11.537,-18.06,-10.119,1,P08,D_telinga
TE,Agem Kiri,3,Naik,Fp2,-2.119,4.626,5.753,1,P08,D_telinga
TE,Agem Kiri,3,Naik,O1,-6.443,-3.954,-5.373,2,P08,D_telinga
TE,Agem Kiri,3,Naik,O2,5.342,-1.931,2.03,1,P08,D_telinga
TE,Agem Kiri,3,Naik,P4,9.061,8.212,7.412,2,P08,D_telinga
TE,Agem Kiri,3,Naik,T3,-10.652,-6.529,-6.071,2,P08,D_telinga
TE,Agem Kiri,3,Naik,T4,-0.151,-0.467,4.597,1,P08,D_telinga
TE,Agem Kiri,3,Naik,T5,3.907,5.719,4.709,1,P08,D_telinga
TE,Agem Kiri,3,Tahan,C4,2.035,4.442,2.747,4,P08,D_telinga
TE,Agem Kiri,3,Tahan,F7,-9.385,-6.12,-5.143,6,P08,D_telinga
TE,Agem Kiri,3,Tahan,F8,7.257,5.304,3.925,11,P08,D_telinga
TE,Agem Kiri,3,Tahan,Fp1,-3.36,0.468,0.464,5,P08,D_telinga
TE,Agem Kiri,3,Tahan,Fp2,2.476,3.979,2.914,11,P08,D_telinga
TE,Agem Kiri,3,Tahan,O1,-1.01,2.719,0.962,5,P08,D_telinga
TE,Agem Kiri,3,Tahan,O2,1.738,2.54,2.091,7,P08,D_telinga
TE,Agem Kiri,3,Tahan,P4,4.547,1.765,2.297,6,P08,D_telinga
TE,Agem Kiri,3,Tahan,T3,-5.954,1.827,-0.893,6,P08,D_telinga
TE,Agem Kiri,3,Tahan,T4,4.043,4.696,3.057,11,P08,D_telinga
TE,Agem Kiri,3,Tahan,T5,1.343,4.158,1.098,2,P08,D_telinga
TE,Agem Kiri,3,Tahan,T6,6.976,3.314,-1.978,4,P08,D_telinga
TE,Agem Kiri,4,Berdiri,C4,4.65,6.278,6.347,15,P08,D_telinga
TE,Agem Kiri,4,Berdiri,F4,5.915,6.245,6.017,15,P08,D_telinga
TE,Agem Kiri,4,Berdiri,F8,7.69,7.435,6.609,15,P08,D_telinga
TE,Agem Kiri,4,Berdiri,Fp2,4.685,5.263,5.831,15,P08,D_telinga
TE,Agem Kiri,4,Berdiri,O2,2.491,3.705,2.884,15,P08,D_telinga
TE,Agem Kiri,4,Berdiri,P3,6.687,6.273,7.594,2,P08,D_telinga
TE,Agem Kiri,4,Berdiri,P4,5.448,5.193,5.676,15,P08,D_telinga
TE,Agem Kiri,4,Berdiri,T4,6.673,5.672,7.205,15,P08,D_telinga
TE,Agem Kiri,4,Berdiri,T5,2.789,3.149,3.029,15,P08,D_telinga
TE,Agem Kiri,4,Berdiri,T6,-1.389,-1.587,-0.943,15,P08,D_telinga
TE,Agem Kiri,4,Gerak,P4,8.33,8.722,4.406,2,P08,D_telinga
TE,Agem Kiri,4,Gerak,T5,6.469,6.379,3.789,1,P08,D_telinga
TE,Agem Kiri,4,Gerak,T6,-1.132,-5.031,-1.365,1,P08,D_telinga
TE,Agem Kiri,4,Naik,C3,-0.56,-2.756,-1.347,2,P08,D_telinga
TE,Agem Kiri,4,Naik,C4,6.077,4.856,5.395,2,P08,D_telinga
TE,Agem Kiri,4,Naik,F4,4.4,7.221,4.112,2,P08,D_telinga
TE,Agem Kiri,4,Naik,F7,-2.889,-2.341,0.281,2,P08,D_telinga
TE,Agem Kiri,4,Naik,F8,7.866,7.074,7.054,2,P08,D_telinga
TE,Agem Kiri,4,Naik,Fp2,5.893,5.908,5.256,2,P08,D_telinga
TE,Agem Kiri,4,Naik,O2,6.12,1.031,2.372,1,P08,D_telinga
TE,Agem Kiri,4,Naik,P3,-2.836,-4.93,-3.246,2,P08,D_telinga
TE,Agem Kiri,4,Naik,P4,10.754,7.188,6.901,2,P08,D_telinga
TE,Agem Kiri,4,Naik,T3,-4.031,-3.713,-1.678,2,P08,D_telinga
TE,Agem Kiri,4,Naik,T5,7.743,7.829,6.166,2,P08,D_telinga
TE,Agem Kiri,4,Naik,T6,0.507,-3.085,2.799,1,P08,D_telinga
TE,Agem Kiri,4,Tahan,C3,-6.809,-5.963,-5.743,3,P08,D_telinga
TE,Agem Kiri,4,Tahan,C4,0.803,2.525,2.075,11,P08,D_telinga
TE,Agem Kiri,4,Tahan,F4,-3.076,-1.953,-2.182,3,P08,D_telinga
TE,Agem Kiri,4,Tahan,F8,4.093,3.669,3.432,11,P08,D_telinga
TE,Agem Kiri,4,Tahan,Fp2,3.897,3.238,4.087,11,P08,D_telinga
TE,Agem Kiri,4,Tahan,O1,-5.84,-0.87,-3.198,11,P08,D_telinga
TE,Agem Kiri,4,Tahan,O2,2.811,5.787,4.931,11,P08,D_telinga
TE,Agem Kiri,4,Tahan,P3,-10.725,-10.472,-10.768,3,P08,D_telinga
TE,Agem Kiri,4,Tahan,P4,6.9,5.305,3.868,11,P08,D_telinga
TE,Agem Kiri,4,Tahan,T3,-7.407,-1.7,-4.149,5,P08,D_telinga
TE,Agem Kiri,4,Tahan,T4,4.638,3.614,3.487,8,P08,D_telinga
TE,Agem Kiri,4,Tahan,T5,9.029,5.196,4.895,9,P08,D_telinga
TE,Agem Kiri,4,Tahan,T6,2.864,2.77,0.845,11,P08,D_telinga
TE,Ngeed,1,Berdiri,C3,-0.04,-2.683,-5.218,4,P08,D_telinga
TE,Ngeed,1,Berdiri,C4,0.925,-1.269,-0.366,11,P08,D_telinga
TE,Ngeed,1,Berdiri,F3,-7.95,-8.119,-8.739,2,P08,D_telinga
TE,Ngeed,1,Berdiri,F4,1.333,0.319,1.686,7,P08,D_telinga
TE,Ngeed,1,Berdiri,F7,-2.623,-3.475,-4.093,9,P08,D_telinga
TE,Ngeed,1,Berdiri,F8,1.978,4.171,3.436,13,P08,D_telinga
TE,Ngeed,1,Berdiri,Fp1,-2.548,2.556,3.265,3,P08,D_telinga
TE,Ngeed,1,Berdiri,Fp2,2.981,3.787,2.979,13,P08,D_telinga
TE,Ngeed,1,Berdiri,O1,-1.061,0.406,-3.066,6,P08,D_telinga
TE,Ngeed,1,Berdiri,O2,-2.257,-0.898,-0.57,8,P08,D_telinga
TE,Ngeed,1,Berdiri,P3,0.649,-2.714,-5.296,3,P08,D_telinga
TE,Ngeed,1,Berdiri,P4,-0.311,-1.165,0.434,9,P08,D_telinga
TE,Ngeed,1,Berdiri,T3,-1.214,-0.976,-2.954,9,P08,D_telinga
TE,Ngeed,1,Berdiri,T4,0.2,3.257,2.191,13,P08,D_telinga
TE,Ngeed,1,Berdiri,T5,1.931,0.88,1.509,7,P08,D_telinga
TE,Ngeed,1,Berdiri,T6,-4.027,-5.843,-4.847,8,P08,D_telinga
TE,Ngeed,1,Gerak,C3,1.455,4.023,1.646,3,P08,D_telinga
TE,Ngeed,1,Gerak,F3,1.553,3.207,1.557,2,P08,D_telinga
TE,Ngeed,1,Gerak,F7,0.676,4.342,0.854,2,P08,D_telinga
TE,Ngeed,1,Gerak,F8,3.169,1.953,-2.519,3,P08,D_telinga
TE,Ngeed,1,Gerak,Fp1,-5.646,2.002,0.8,1,P08,D_telinga
TE,Ngeed,1,Gerak,Fp2,1.848,3.743,2.549,3,P08,D_telinga
TE,Ngeed,1,Gerak,O1,3.302,3.278,2.737,1,P08,D_telinga
TE,Ngeed,1,Gerak,P3,-0.29,0.736,0.013,3,P08,D_telinga
TE,Ngeed,1,Gerak,T3,1.345,2.739,1.484,1,P08,D_telinga
TE,Ngeed,1,Gerak,T4,1.892,1.371,0.352,3,P08,D_telinga
TE,Ngeed,1,Naik,C3,1.687,-3.372,-0.982,2,P08,D_telinga
TE,Ngeed,1,Naik,F3,3.983,-1.815,1.733,2,P08,D_telinga
TE,Ngeed,1,Naik,Fp2,5.19,3.154,5.755,2,P08,D_telinga
TE,Ngeed,1,Naik,P3,1.841,-4.517,-0.336,1,P08,D_telinga
TE,Ngeed,1,Naik,T4,1.27,-0.093,2.459,2,P08,D_telinga
TE,Ngeed,1,Tahan,C4,-7.383,-5.419,-5.632,1,P08,D_telinga
TE,Ngeed,1,Tahan,F3,-8.177,-10.173,-8.347,2,P08,D_telinga
TE,Ngeed,1,Tahan,F7,-2.044,-0.764,-2.238,4,P08,D_telinga
TE,Ngeed,1,Tahan,F8,0.49,0.142,-4.435,3,P08,D_telinga
TE,Ngeed,1,Tahan,Fp2,1.563,1.941,1.436,6,P08,D_telinga
TE,Ngeed,1,Tahan,O1,-0.518,1.428,0.12,5,P08,D_telinga
TE,Ngeed,1,Tahan,T3,-2.438,0.075,-1.906,4,P08,D_telinga
TE,Ngeed,1,Tahan,T4,-0.487,1.198,-1.292,6,P08,D_telinga
TE,Ngeed,2,Berdiri,C3,-1.626,-3.782,4.841,7,P08,D_telinga
TE,Ngeed,2,Berdiri,C4,-5.741,-4.036,3.627,11,P08,D_telinga
TE,Ngeed,2,Berdiri,F3,-8.375,-7.897,1.064,6,P08,D_telinga
TE,Ngeed,2,Berdiri,F4,1.922,-1.234,3.011,10,P08,D_telinga
TE,Ngeed,2,Berdiri,F7,-8.507,-7.62,0.298,11,P08,D_telinga
TE,Ngeed,2,Berdiri,F8,1.839,1.446,8.185,11,P08,D_telinga
TE,Ngeed,2,Berdiri,Fp1,-3.567,-0.874,3.317,1,P08,D_telinga
TE,Ngeed,2,Berdiri,Fp2,0.418,-1.248,6.721,11,P08,D_telinga
TE,Ngeed,2,Berdiri,O1,-12.37,-11.292,-5.779,11,P08,D_telinga
TE,Ngeed,2,Berdiri,O2,-1.271,-1.765,1.533,10,P08,D_telinga
TE,Ngeed,2,Berdiri,P3,-1.517,-3.444,4.616,6,P08,D_telinga
TE,Ngeed,2,Berdiri,P4,-3.324,-3.407,3.146,11,P08,D_telinga
TE,Ngeed,2,Berdiri,T3,-8.244,-7.116,-0.852,11,P08,D_telinga
TE,Ngeed,2,Berdiri,T4,1.262,-0.24,6.077,11,P08,D_telinga
TE,Ngeed,2,Berdiri,T5,-0.994,-4.028,4.455,10,P08,D_telinga
TE,Ngeed,2,Berdiri,T6,-3.123,-8.767,-4.423,10,P08,D_telinga
TE,Ngeed,2,Gerak,C3,1.346,-2.132,-4.276,2,P08,D_telinga
TE,Ngeed,2,Gerak,F3,6.8,2.833,0.665,2,P08,D_telinga
TE,Ngeed,2,Gerak,F7,7.169,4.827,1.916,2,P08,D_telinga
TE,Ngeed,2,Gerak,F8,-2.381,-6.224,-5.453,2,P08,D_telinga
TE,Ngeed,2,Gerak,Fp1,3.49,3.872,2.055,2,P08,D_telinga
TE,Ngeed,2,Gerak,Fp2,4.244,1.493,-0.727,2,P08,D_telinga
TE,Ngeed,2,Gerak,P3,-0.747,-5.654,-5.756,1,P08,D_telinga
TE,Ngeed,2,Gerak,T3,7.122,4.081,1.524,2,P08,D_telinga
TE,Ngeed,2,Gerak,T4,2.509,0.377,2.288,2,P08,D_telinga
TE,Ngeed,2,Naik,F3,0.521,-1.368,-0.674,1,P08,D_telinga
TE,Ngeed,2,Naik,Fp2,4.469,6.72,6.748,2,P08,D_telinga
TE,Ngeed,2,Naik,T4,2.966,4.362,4.992,2,P08,D_telinga
TE,Ngeed,2,Tahan,C3,-2.191,-0.268,0.08,4,P08,D_telinga
TE,Ngeed,2,Tahan,C4,-2.385,2.85,2.957,10,P08,D_telinga
TE,Ngeed,2,Tahan,F3,-6.14,-8.311,-6.314,3,P08,D_telinga
TE,Ngeed,2,Tahan,F4,-1.072,1.556,0.873,7,P08,D_telinga
TE,Ngeed,2,Tahan,F7,-8.474,-4.32,-4.169,7,P08,D_telinga
TE,Ngeed,2,Tahan,F8,3.28,7.21,6.12,11,P08,D_telinga
TE,Ngeed,2,Tahan,Fp1,-6.069,2.595,-1.51,1,P08,D_telinga
TE,Ngeed,2,Tahan,Fp2,4.392,7.555,5.938,11,P08,D_telinga
TE,Ngeed,2,Tahan,O1,-6.765,-2.12,-5.048,7,P08,D_telinga
TE,Ngeed,2,Tahan,O2,-0.628,2.726,2.274,8,P08,D_telinga
TE,Ngeed,2,Tahan,P3,-2.877,-1.228,-0.424,4,P08,D_telinga
TE,Ngeed,2,Tahan,P4,-0.391,3.874,3.786,8,P08,D_telinga
TE,Ngeed,2,Tahan,T3,-10.011,-5.922,-5.731,7,P08,D_telinga
TE,Ngeed,2,Tahan,T4,4.499,8.276,6.894,11,P08,D_telinga
TE,Ngeed,2,Tahan,T5,-2.189,4.164,3.511,6,P08,D_telinga
TE,Ngeed,2,Tahan,T6,-2.122,-6.071,-6.176,8,P08,D_telinga
TE,Ngeed,3,Berdiri,C3,2.839,0.897,-1.002,5,P08,D_telinga
TE,Ngeed,3,Berdiri,C4,-0.11,-1.615,-0.074,13,P08,D_telinga
TE,Ngeed,3,Berdiri,F3,2.076,1.185,0.312,7,P08,D_telinga
TE,Ngeed,3,Berdiri,F4,-0.319,0.357,-0.01,13,P08,D_telinga
TE,Ngeed,3,Berdiri,F7,2.171,2.141,1.937,10,P08,D_telinga
TE,Ngeed,3,Berdiri,F8,3.043,0.487,1.943,13,P08,D_telinga
TE,Ngeed,3,Berdiri,Fp1,2.424,1.952,3.507,11,P08,D_telinga
TE,Ngeed,3,Berdiri,Fp2,0.023,-1.788,-0.537,13,P08,D_telinga
TE,Ngeed,3,Berdiri,O1,4.248,0.475,1.364,6,P08,D_telinga
TE,Ngeed,3,Berdiri,O2,1.014,-2.196,0.334,5,P08,D_telinga
TE,Ngeed,3,Berdiri,P3,2.179,0.468,-1.257,5,P08,D_telinga
TE,Ngeed,3,Berdiri,P4,0.256,-2.059,-0.683,13,P08,D_telinga
TE,Ngeed,3,Berdiri,T3,2.91,0.867,1.678,7,P08,D_telinga
TE,Ngeed,3,Berdiri,T4,-0.765,-0.345,1.166,13,P08,D_telinga
TE,Ngeed,3,Berdiri,T6,1.646,0.03,-5.441,1,P08,D_telinga
TE,Ngeed,3,Gerak,C3,0.689,-1.039,-7.163,1,P08,D_telinga
TE,Ngeed,3,Gerak,C4,3.995,0.709,-2.723,2,P08,D_telinga
TE,Ngeed,3,Gerak,F3,-7.608,-9.641,-9.99,1,P08,D_telinga
TE,Ngeed,3,Gerak,F4,14.05,9.793,8.027,2,P08,D_telinga
TE,Ngeed,3,Gerak,F8,9.378,3.58,3.999,2,P08,D_telinga
TE,Ngeed,3,Gerak,Fp2,9.05,2.371,2.981,2,P08,D_telinga
TE,Ngeed,3,Gerak,O2,8.108,4.966,2.174,2,P08,D_telinga
TE,Ngeed,3,Gerak,P3,-0.058,-0.956,-6.588,1,P08,D_telinga
TE,Ngeed,3,Gerak,P4,4.509,0.413,-0.453,2,P08,D_telinga
TE,Ngeed,3,Gerak,T4,10.66,6.467,6.813,2,P08,D_telinga
TE,Ngeed,3,Gerak,T6,5.576,-1.275,-2.87,1,P08,D_telinga
TE,Ngeed,3,Naik,C3,5.718,4.276,-2.17,1,P08,D_telinga
TE,Ngeed,3,Naik,C4,4.636,2.517,0.682,2,P08,D_telinga
TE,Ngeed,3,Naik,F3,5.224,3.444,-1.825,2,P08,D_telinga
TE,Ngeed,3,Naik,F4,-1.184,-5.709,0.81,2,P08,D_telinga
TE,Ngeed,3,Naik,F8,2.866,2.447,-0.496,2,P08,D_telinga
TE,Ngeed,3,Naik,Fp1,-1.443,-1.356,-2.552,2,P08,D_telinga
TE,Ngeed,3,Naik,Fp2,-0.947,0.406,2.457,2,P08,D_telinga
TE,Ngeed,3,Naik,O2,-0.473,0.834,2.095,2,P08,D_telinga
TE,Ngeed,3,Naik,P3,5.512,3.832,-1.45,2,P08,D_telinga
TE,Ngeed,3,Naik,P4,1.012,0.124,0.596,2,P08,D_telinga
TE,Ngeed,3,Naik,T4,2.543,-0.272,0.52,2,P08,D_telinga
TE,Ngeed,3,Naik,T5,3.565,-0.408,-3.284,2,P08,D_telinga
TE,Ngeed,3,Naik,T6,-9.039,-7.064,-6.128,2,P08,D_telinga
TE,Ngeed,3,Tahan,C3,-2.274,-4.1,-2.267,9,P08,D_telinga
TE,Ngeed,3,Tahan,C4,1.799,1.356,2.899,11,P08,D_telinga
TE,Ngeed,3,Tahan,F3,-5.827,-6.097,-7.966,3,P08,D_telinga
TE,Ngeed,3,Tahan,F4,0.386,-1.469,0.303,7,P08,D_telinga
TE,Ngeed,3,Tahan,F7,-5.629,-4.932,-6.503,3,P08,D_telinga
TE,Ngeed,3,Tahan,F8,-0.143,-0.258,2.294,11,P08,D_telinga
TE,Ngeed,3,Tahan,Fp1,-17.56,-17.726,-15.689,1,P08,D_telinga
TE,Ngeed,3,Tahan,Fp2,1.295,1.318,2.164,11,P08,D_telinga
TE,Ngeed,3,Tahan,O1,-6.504,-7.693,-4.647,7,P08,D_telinga
TE,Ngeed,3,Tahan,O2,5.349,6.065,2.197,11,P08,D_telinga
TE,Ngeed,3,Tahan,P3,-2.337,-3.387,-2.037,6,P08,D_telinga
TE,Ngeed,3,Tahan,P4,1.592,1.961,2.787,11,P08,D_telinga
TE,Ngeed,3,Tahan,T3,-5.469,-6.121,-8.561,3,P08,D_telinga
TE,Ngeed,3,Tahan,T4,2.41,1.793,2.843,11,P08,D_telinga
TE,Ngeed,3,Tahan,T5,4.001,0.888,0.92,11,P08,D_telinga
TE,Ngeed,3,Tahan,T6,-1.448,-5.946,-5.05,11,P08,D_telinga
TE,Ngeed,4,Berdiri,C4,0.048,1.009,0.691,12,P08,D_telinga
TE,Ngeed,4,Berdiri,F4,-3.088,-0.101,-2.792,12,P08,D_telinga
TE,Ngeed,4,Berdiri,F7,-6.804,-6.505,-6.548,4,P08,D_telinga
TE,Ngeed,4,Berdiri,F8,1.391,-0.435,-0.424,12,P08,D_telinga
TE,Ngeed,4,Berdiri,Fp1,-3.59,-1.408,-3.659,5,P08,D_telinga
TE,Ngeed,4,Berdiri,Fp2,-0.378,-0.107,-0.74,12,P08,D_telinga
TE,Ngeed,4,Berdiri,O1,3.103,0.93,-2.038,6,P08,D_telinga
TE,Ngeed,4,Berdiri,O2,-0.545,-1.957,0.184,8,P08,D_telinga
TE,Ngeed,4,Berdiri,P4,-0.867,-0.128,-0.493,12,P08,D_telinga
TE,Ngeed,4,Berdiri,T3,0.6,0.38,-1.757,7,P08,D_telinga
TE,Ngeed,4,Berdiri,T4,1.015,0.241,0.238,12,P08,D_telinga
TE,Ngeed,4,Berdiri,T6,0.844,-3.601,-9.508,1,P08,D_telinga
TE,Ngeed,4,Gerak,C4,9.483,0.97,1.845,1,P08,D_telinga
TE,Ngeed,4,Gerak,F4,-3.189,-3.006,-1.338,2,P08,D_telinga
TE,Ngeed,4,Gerak,F8,6.904,1.546,2.124,2,P08,D_telinga
TE,Ngeed,4,Gerak,Fp2,5.847,-0.164,1.956,2,P08,D_telinga
TE,Ngeed,4,Gerak,O2,12.065,0.155,2.673,1,P08,D_telinga
TE,Ngeed,4,Gerak,P4,8.403,2.535,3.286,2,P08,D_telinga
TE,Ngeed,4,Gerak,T4,6.711,0.119,2.275,2,P08,D_telinga
TE,Ngeed,4,Gerak,T5,4.228,-0.239,-0.868,2,P08,D_telinga
TE,Ngeed,4,Gerak,T6,6.288,-4.453,-2.739,2,P08,D_telinga
TE,Ngeed,4,Naik,C3,-3.865,-1.338,-1.034,2,P08,D_telinga
TE,Ngeed,4,Naik,C4,-1.017,0.455,-0.348,2,P08,D_telinga
TE,Ngeed,4,Naik,F3,-7.869,-2.271,-2.995,2,P08,D_telinga
TE,Ngeed,4,Naik,F4,-4.947,1.157,0.749,2,P08,D_telinga
TE,Ngeed,4,Naik,F7,-4.855,-0.91,-1.754,2,P08,D_telinga
TE,Ngeed,4,Naik,F8,-6.287,-2.408,-0.77,2,P08,D_telinga
TE,Ngeed,4,Naik,Fp1,-4.327,-5.081,-2.197,2,P08,D_telinga
TE,Ngeed,4,Naik,Fp2,-3.566,-2.011,-0.443,2,P08,D_telinga
TE,Ngeed,4,Naik,O1,-3.236,2.057,0.898,2,P08,D_telinga
TE,Ngeed,4,Naik,O2,-1.468,2.528,-0.931,2,P08,D_telinga
TE,Ngeed,4,Naik,P3,-4.431,-0.999,-0.619,2,P08,D_telinga
TE,Ngeed,4,Naik,P4,-2.212,-1.228,-1.75,2,P08,D_telinga
TE,Ngeed,4,Naik,T3,-1.875,0.17,0.649,2,P08,D_telinga
TE,Ngeed,4,Naik,T4,-2.422,-0.118,-0.933,2,P08,D_telinga
TE,Ngeed,4,Naik,T5,-4.077,-0.375,-1.502,2,P08,D_telinga
TE,Ngeed,4,Naik,T6,-7.855,-6.144,-5.585,2,P08,D_telinga
TE,Ngeed,4,Tahan,C3,1.207,1.179,0.583,12,P08,D_telinga
TE,Ngeed,4,Tahan,C4,1.02,1.983,3.149,12,P08,D_telinga
TE,Ngeed,4,Tahan,F3,1.005,0.617,-0.396,12,P08,D_telinga
TE,Ngeed,4,Tahan,F4,2.148,-0.802,0.105,12,P08,D_telinga
TE,Ngeed,4,Tahan,F7,1.689,1.749,0.844,12,P08,D_telinga
TE,Ngeed,4,Tahan,F8,-0.822,1.15,2.205,12,P08,D_telinga
TE,Ngeed,4,Tahan,Fp1,-0.012,-0.483,0.14,11,P08,D_telinga
TE,Ngeed,4,Tahan,Fp2,0.824,2.198,1.213,12,P08,D_telinga
TE,Ngeed,4,Tahan,O1,3.299,4.242,1.745,8,P08,D_telinga
TE,Ngeed,4,Tahan,O2,3.009,2.479,0.931,12,P08,D_telinga
TE,Ngeed,4,Tahan,P3,1.144,0.803,0.554,12,P08,D_telinga
TE,Ngeed,4,Tahan,P4,-0.418,-0.081,1.819,12,P08,D_telinga
TE,Ngeed,4,Tahan,T3,2.777,2.533,2.233,12,P08,D_telinga
TE,Ngeed,4,Tahan,T4,-1.986,-0.128,1.309,12,P08,D_telinga
TE,Ngeed,4,Tahan,T5,-1.11,-2.102,-1.508,12,P08,D_telinga
TE,Ngeed,4,Tahan,T6,-2.272,-2.946,-3.404,12,P08,D_telinga
TE,Agem Kanan,1,Berdiri,C3,-2.534,-1.537,-3.49,5,P08,A_belahan
TE,Agem Kanan,1,Berdiri,C4,-2.364,-2.42,-1.603,11,P08,A_belahan
TE,Agem Kanan,1,Berdiri,F3,2.904,0.824,1.174,2,P08,A_belahan
TE,Agem Kanan,1,Berdiri,F4,4.743,3.506,2.582,9,P08,A_belahan
TE,Agem Kanan,1,Berdiri,F7,-2.196,-7.457,-2.139,1,P08,A_belahan
TE,Agem Kanan,1,Berdiri,F8,6.039,5.366,4.064,11,P08,A_belahan
TE,Agem Kanan,1,Berdiri,Fp1,-2.004,0.541,-4.052,4,P08,A_belahan
TE,Agem Kanan,1,Berdiri,Fp2,1.787,1.601,1.134,11,P08,A_belahan
TE,Agem Kanan,1,Berdiri,O1,-8.25,-4.299,-6.937,1,P08,A_belahan
TE,Agem Kanan,1,Berdiri,O2,3.073,1.14,1.966,10,P08,A_belahan
TE,Agem Kanan,1,Berdiri,P3,-5.721,-4.699,-5.33,5,P08,A_belahan
TE,Agem Kanan,1,Berdiri,P4,1.809,-0.978,-0.885,11,P08,A_belahan
TE,Agem Kanan,1,Berdiri,T3,-0.549,-0.754,-2.441,1,P08,A_belahan
TE,Agem Kanan,1,Berdiri,T4,8.411,6.572,2.802,11,P08,A_belahan
TE,Agem Kanan,1,Berdiri,T5,-4.517,-1.885,-4.365,9,P08,A_belahan
TE,Agem Kanan,1,Berdiri,T6,-2.478,-2.05,-2.418,10,P08,A_belahan
TE,Agem Kanan,1,Gerak,F3,10.808,9.3,13.378,2,P08,A_belahan
TE,Agem Kanan,1,Gerak,F7,-1.585,-8.642,-0.807,2,P08,A_belahan
TE,Agem Kanan,1,Gerak,F8,-5.167,-4.181,0.614,2,P08,A_belahan
TE,Agem Kanan,1,Gerak,Fp1,-2.086,1.716,1.074,2,P08,A_belahan
TE,Agem Kanan,1,Gerak,Fp2,0.12,-0.438,2.803,2,P08,A_belahan
TE,Agem Kanan,1,Gerak,O1,2.826,2.781,0.782,2,P08,A_belahan
TE,Agem Kanan,1,Gerak,T3,2.956,-0.527,5.437,2,P08,A_belahan
TE,Agem Kanan,1,Gerak,T4,2.027,1.288,4.104,2,P08,A_belahan
TE,Agem Kanan,1,Naik,F7,2.745,7.27,3.812,2,P08,A_belahan
TE,Agem Kanan,1,Naik,F8,4.058,5.486,4.542,2,P08,A_belahan
TE,Agem Kanan,1,Naik,Fp1,-1.299,5.977,4.158,2,P08,A_belahan
TE,Agem Kanan,1,Naik,Fp2,1.639,5.871,5.71,1,P08,A_belahan
TE,Agem Kanan,1,Naik,O1,-2.524,-4.0,-1.767,2,P08,A_belahan
TE,Agem Kanan,1,Naik,T3,-0.79,8.36,4.711,2,P08,A_belahan
TE,Agem Kanan,1,Naik,T4,3.994,10.987,6.569,2,P08,A_belahan
TE,Agem Kanan,1,Tahan,C3,-0.384,4.724,1.798,6,P08,A_belahan
TE,Agem Kanan,1,Tahan,C4,5.634,5.665,4.599,10,P08,A_belahan
TE,Agem Kanan,1,Tahan,F3,-4.458,0.853,0.315,3,P08,A_belahan
TE,Agem Kanan,1,Tahan,F4,7.662,9.566,10.052,7,P08,A_belahan
TE,Agem Kanan,1,Tahan,F7,2.256,4.946,2.216,10,P08,A_belahan
TE,Agem Kanan,1,Tahan,F8,8.083,10.757,8.254,8,P08,A_belahan
TE,Agem Kanan,1,Tahan,Fp1,4.049,5.746,1.899,9,P08,A_belahan
TE,Agem Kanan,1,Tahan,Fp2,6.376,7.219,3.973,4,P08,A_belahan
TE,Agem Kanan,1,Tahan,O1,-4.833,-2.302,-3.068,6,P08,A_belahan
TE,Agem Kanan,1,Tahan,O2,3.955,3.801,4.621,9,P08,A_belahan
TE,Agem Kanan,1,Tahan,P3,-0.866,1.895,1.347,3,P08,A_belahan
TE,Agem Kanan,1,Tahan,P4,9.742,9.373,5.868,10,P08,A_belahan
TE,Agem Kanan,1,Tahan,T3,-3.945,2.925,2.676,5,P08,A_belahan
TE,Agem Kanan,1,Tahan,T4,12.552,10.19,10.693,8,P08,A_belahan
TE,Agem Kanan,1,Tahan,T5,0.026,-1.256,-1.599,7,P08,A_belahan
TE,Agem Kanan,1,Tahan,T6,1.604,4.346,0.659,6,P08,A_belahan
TE,Agem Kanan,2,Berdiri,C3,1.495,0.036,-0.838,13,P08,A_belahan
TE,Agem Kanan,2,Berdiri,C4,-4.574,-2.27,-2.952,9,P08,A_belahan
TE,Agem Kanan,2,Berdiri,F3,-1.578,1.391,0.513,12,P08,A_belahan
TE,Agem Kanan,2,Berdiri,F4,1.029,0.9,-1.017,13,P08,A_belahan
TE,Agem Kanan,2,Berdiri,F7,-0.068,2.837,0.776,11,P08,A_belahan
TE,Agem Kanan,2,Berdiri,F8,4.553,4.046,1.178,13,P08,A_belahan
TE,Agem Kanan,2,Berdiri,Fp2,3.092,1.523,1.072,13,P08,A_belahan
TE,Agem Kanan,2,Berdiri,O1,0.251,-0.597,-0.225,9,P08,A_belahan
TE,Agem Kanan,2,Berdiri,O2,3.236,2.242,0.287,13,P08,A_belahan
TE,Agem Kanan,2,Berdiri,P3,-2.678,-3.697,-1.754,13,P08,A_belahan
TE,Agem Kanan,2,Berdiri,P4,0.204,0.846,-1.327,10,P08,A_belahan
TE,Agem Kanan,2,Berdiri,T3,0.078,-0.613,-1.19,9,P08,A_belahan
TE,Agem Kanan,2,Berdiri,T4,8.728,6.564,1.904,13,P08,A_belahan
TE,Agem Kanan,2,Berdiri,T5,-0.469,-0.177,-2.718,13,P08,A_belahan
TE,Agem Kanan,2,Berdiri,T6,-1.009,-0.875,-2.891,13,P08,A_belahan
TE,Agem Kanan,2,Gerak,F3,3.531,6.122,7.112,1,P08,A_belahan
TE,Agem Kanan,2,Gerak,F7,0.4,-1.428,-3.258,2,P08,A_belahan
TE,Agem Kanan,2,Gerak,F8,-3.63,-1.36,-4.588,2,P08,A_belahan
TE,Agem Kanan,2,Gerak,Fp1,0.899,5.029,-0.137,2,P08,A_belahan
TE,Agem Kanan,2,Gerak,Fp2,-2.617,2.182,-3.268,2,P08,A_belahan
TE,Agem Kanan,2,Gerak,O1,-0.92,4.029,-0.004,2,P08,A_belahan
TE,Agem Kanan,2,Gerak,T3,-0.233,0.562,-0.546,2,P08,A_belahan
TE,Agem Kanan,2,Gerak,T4,2.503,6.354,-0.159,2,P08,A_belahan
TE,Agem Kanan,2,Naik,F8,14.208,7.563,7.319,1,P08,A_belahan
TE,Agem Kanan,2,Naik,Fp1,3.2,-0.58,0.914,1,P08,A_belahan
TE,Agem Kanan,2,Naik,Fp2,-1.579,2.4,0.017,2,P08,A_belahan
TE,Agem Kanan,2,Naik,O1,4.501,1.331,2.488,1,P08,A_belahan
TE,Agem Kanan,2,Naik,T4,9.271,5.316,2.351,1,P08,A_belahan
TE,Agem Kanan,2,Naik,T6,3.266,-3.301,-0.743,1,P08,A_belahan
TE,Agem Kanan,2,Tahan,C3,-1.193,0.436,0.246,7,P08,A_belahan
TE,Agem Kanan,2,Tahan,C4,4.832,3.838,2.819,12,P08,A_belahan
TE,Agem Kanan,2,Tahan,F3,0.201,-0.272,2.189,5,P08,A_belahan
TE,Agem Kanan,2,Tahan,F4,8.384,7.807,8.011,8,P08,A_belahan
TE,Agem Kanan,2,Tahan,F7,0.352,-1.252,0.309,4,P08,A_belahan
TE,Agem Kanan,2,Tahan,F8,11.79,9.964,5.601,10,P08,A_belahan
TE,Agem Kanan,2,Tahan,Fp1,-0.562,-1.586,-1.588,5,P08,A_belahan
TE,Agem Kanan,2,Tahan,Fp2,6.039,6.833,6.051,8,P08,A_belahan
TE,Agem Kanan,2,Tahan,O1,-0.713,-1.906,-2.556,3,P08,A_belahan
TE,Agem Kanan,2,Tahan,O2,1.405,2.41,1.167,12,P08,A_belahan
TE,Agem Kanan,2,Tahan,P3,-4.278,-2.352,-1.594,7,P08,A_belahan
TE,Agem Kanan,2,Tahan,P4,12.487,9.376,10.291,12,P08,A_belahan
TE,Agem Kanan,2,Tahan,T3,-2.758,-0.1,0.282,4,P08,A_belahan
TE,Agem Kanan,2,Tahan,T4,8.477,5.684,3.488,12,P08,A_belahan
TE,Agem Kanan,2,Tahan,T5,-2.66,-2.064,-2.456,12,P08,A_belahan
TE,Agem Kanan,2,Tahan,T6,5.285,0.131,-2.516,12,P08,A_belahan
TE,Agem Kanan,3,Berdiri,C3,-4.033,-9.216,-9.571,3,P08,A_belahan
TE,Agem Kanan,3,Berdiri,C4,0.165,2.168,0.797,10,P08,A_belahan
TE,Agem Kanan,3,Berdiri,F4,4.068,-1.303,-0.508,10,P08,A_belahan
TE,Agem Kanan,3,Berdiri,F8,7.932,4.555,0.634,10,P08,A_belahan
TE,Agem Kanan,3,Berdiri,Fp2,1.123,1.421,-0.631,10,P08,A_belahan
TE,Agem Kanan,3,Berdiri,O1,-11.331,-12.171,-11.059,2,P08,A_belahan
TE,Agem Kanan,3,Berdiri,O2,2.804,2.058,-0.947,10,P08,A_belahan
TE,Agem Kanan,3,Berdiri,P4,7.907,-0.594,0.637,10,P08,A_belahan
TE,Agem Kanan,3,Berdiri,T4,10.325,8.038,2.991,10,P08,A_belahan
TE,Agem Kanan,3,Berdiri,T5,-9.864,-13.687,-12.487,5,P08,A_belahan
TE,Agem Kanan,3,Berdiri,T6,-1.633,-1.689,-4.121,10,P08,A_belahan
TE,Agem Kanan,3,Gerak,C3,-3.236,-11.193,-13.68,2,P08,A_belahan
TE,Agem Kanan,3,Gerak,C4,-5.351,-1.252,1.132,1,P08,A_belahan
TE,Agem Kanan,3,Gerak,F4,-1.954,-3.219,-0.22,2,P08,A_belahan
TE,Agem Kanan,3,Gerak,F8,-0.974,-2.259,-2.07,2,P08,A_belahan
TE,Agem Kanan,3,Gerak,Fp2,-0.799,3.2,-4.897,2,P08,A_belahan
TE,Agem Kanan,3,Gerak,O1,-12.358,-12.185,-14.207,1,P08,A_belahan
TE,Agem Kanan,3,Gerak,O2,0.365,-4.405,-1.695,1,P08,A_belahan
TE,Agem Kanan,3,Gerak,P4,6.527,1.578,1.98,2,P08,A_belahan
TE,Agem Kanan,3,Gerak,T4,-0.913,-2.3,-1.571,1,P08,A_belahan
TE,Agem Kanan,3,Gerak,T5,-9.452,-9.829,-12.077,1,P08,A_belahan
TE,Agem Kanan,3,Gerak,T6,-1.586,-2.572,-3.474,1,P08,A_belahan
TE,Agem Kanan,3,Naik,C3,-4.605,-2.065,-6.544,2,P08,A_belahan
TE,Agem Kanan,3,Naik,C4,2.161,-0.769,1.193,2,P08,A_belahan
TE,Agem Kanan,3,Naik,F3,0.59,0.379,-2.781,2,P08,A_belahan
TE,Agem Kanan,3,Naik,F4,1.767,-1.329,-0.56,1,P08,A_belahan
TE,Agem Kanan,3,Naik,F7,-5.398,-6.15,-4.038,2,P08,A_belahan
TE,Agem Kanan,3,Naik,Fp1,-3.27,-2.386,-4.72,2,P08,A_belahan
TE,Agem Kanan,3,Naik,Fp2,4.188,-0.697,-0.741,1,P08,A_belahan
TE,Agem Kanan,3,Naik,O1,1.28,-0.548,-1.381,2,P08,A_belahan
TE,Agem Kanan,3,Naik,O2,-2.69,1.692,-4.726,1,P08,A_belahan
TE,Agem Kanan,3,Naik,P3,-6.804,-5.715,-7.856,2,P08,A_belahan
TE,Agem Kanan,3,Naik,P4,13.503,11.965,10.389,2,P08,A_belahan
TE,Agem Kanan,3,Naik,T3,3.152,-0.508,-3.373,2,P08,A_belahan
TE,Agem Kanan,3,Naik,T4,4.16,-0.135,2.402,1,P08,A_belahan
TE,Agem Kanan,3,Naik,T5,0.687,-1.217,-0.607,2,P08,A_belahan
TE,Agem Kanan,3,Naik,T6,0.973,-5.434,-9.625,1,P08,A_belahan
TE,Agem Kanan,3,Tahan,C3,-4.618,-5.762,-7.94,9,P08,A_belahan
TE,Agem Kanan,3,Tahan,C4,2.189,3.04,2.062,9,P08,A_belahan
TE,Agem Kanan,3,Tahan,F3,-4.838,-3.928,-4.814,9,P08,A_belahan
TE,Agem Kanan,3,Tahan,F4,1.994,2.244,0.804,7,P08,A_belahan
TE,Agem Kanan,3,Tahan,F7,-7.053,-8.169,-8.743,9,P08,A_belahan
TE,Agem Kanan,3,Tahan,F8,13.809,13.078,8.519,5,P08,A_belahan
TE,Agem Kanan,3,Tahan,Fp1,-3.704,-3.672,-4.959,9,P08,A_belahan
TE,Agem Kanan,3,Tahan,Fp2,5.902,4.841,1.735,7,P08,A_belahan
TE,Agem Kanan,3,Tahan,O1,-1.081,-1.387,-3.016,9,P08,A_belahan
TE,Agem Kanan,3,Tahan,O2,0.079,2.128,-1.603,9,P08,A_belahan
TE,Agem Kanan,3,Tahan,P3,-3.664,-6.403,-7.228,9,P08,A_belahan
TE,Agem Kanan,3,Tahan,P4,16.84,11.341,8.34,9,P08,A_belahan
TE,Agem Kanan,3,Tahan,T3,-1.649,-5.895,-4.782,9,P08,A_belahan
TE,Agem Kanan,3,Tahan,T4,10.642,8.918,7.373,9,P08,A_belahan
TE,Agem Kanan,3,Tahan,T5,-3.344,-2.864,-3.143,9,P08,A_belahan
TE,Agem Kanan,3,Tahan,T6,1.36,-1.772,-5.69,8,P08,A_belahan
TE,Agem Kanan,4,Berdiri,C3,-2.913,-2.834,-4.678,10,P08,A_belahan
TE,Agem Kanan,4,Berdiri,C4,2.161,1.24,0.069,10,P08,A_belahan
TE,Agem Kanan,4,Berdiri,F3,-3.709,-5.921,-7.478,4,P08,A_belahan
TE,Agem Kanan,4,Berdiri,F4,5.349,3.486,0.853,10,P08,A_belahan
TE,Agem Kanan,4,Berdiri,F7,-0.982,-1.47,-1.871,6,P08,A_belahan
TE,Agem Kanan,4,Berdiri,F8,8.54,4.618,3.603,10,P08,A_belahan
TE,Agem Kanan,4,Berdiri,Fp1,-6.519,-8.486,-8.439,4,P08,A_belahan
TE,Agem Kanan,4,Berdiri,Fp2,5.508,1.608,-0.947,9,P08,A_belahan
TE,Agem Kanan,4,Berdiri,O1,-6.781,-5.712,-7.447,10,P08,A_belahan
TE,Agem Kanan,4,Berdiri,O2,4.21,3.088,0.281,10,P08,A_belahan
TE,Agem Kanan,4,Berdiri,P3,-5.836,-4.708,-7.169,7,P08,A_belahan
TE,Agem Kanan,4,Berdiri,P4,3.982,2.538,1.842,10,P08,A_belahan
TE,Agem Kanan,4,Berdiri,T4,9.765,4.969,2.505,10,P08,A_belahan
TE,Agem Kanan,4,Berdiri,T5,-5.617,-6.065,-7.959,10,P08,A_belahan
TE,Agem Kanan,4,Berdiri,T6,2.415,-1.028,-2.333,10,P08,A_belahan
TE,Agem Kanan,4,Gerak,C3,-0.702,-5.276,-0.669,2,P08,A_belahan
TE,Agem Kanan,4,Gerak,C4,0.37,1.494,-6.327,1,P08,A_belahan
TE,Agem Kanan,4,Gerak,F3,-6.207,-6.978,-9.661,2,P08,A_belahan
TE,Agem Kanan,4,Gerak,F4,4.289,-1.117,-1.896,2,P08,A_belahan
TE,Agem Kanan,4,Gerak,F7,-2.587,-2.188,-8.104,2,P08,A_belahan
TE,Agem Kanan,4,Gerak,F8,10.482,4.457,0.1,2,P08,A_belahan
TE,Agem Kanan,4,Gerak,Fp1,-3.937,-12.698,-7.358,2,P08,A_belahan
TE,Agem Kanan,4,Gerak,Fp2,0.835,-3.891,-3.684,1,P08,A_belahan
TE,Agem Kanan,4,Gerak,O1,-11.43,-14.023,-13.23,1,P08,A_belahan
TE,Agem Kanan,4,Gerak,O2,2.579,-1.913,-4.471,1,P08,A_belahan
TE,Agem Kanan,4,Gerak,P3,-5.594,-4.863,-3.462,2,P08,A_belahan
TE,Agem Kanan,4,Gerak,P4,4.233,-0.485,0.506,2,P08,A_belahan
TE,Agem Kanan,4,Gerak,T3,-3.408,-4.798,-2.158,2,P08,A_belahan
TE,Agem Kanan,4,Gerak,T4,6.935,6.46,4.182,2,P08,A_belahan
TE,Agem Kanan,4,Gerak,T5,-13.25,-12.24,-10.52,1,P08,A_belahan
TE,Agem Kanan,4,Gerak,T6,-0.033,-3.788,-7.811,1,P08,A_belahan
TE,Agem Kanan,4,Naik,C3,1.748,2.228,5.497,2,P08,A_belahan
TE,Agem Kanan,4,Naik,F3,-3.837,2.729,6.228,2,P08,A_belahan
TE,Agem Kanan,4,Naik,F7,2.887,0.271,2.656,2,P08,A_belahan
TE,Agem Kanan,4,Naik,Fp1,0.485,0.697,-0.684,2,P08,A_belahan
TE,Agem Kanan,4,Naik,Fp2,13.4,13.739,5.32,1,P08,A_belahan
TE,Agem Kanan,4,Naik,O1,-3.677,2.605,7.116,1,P08,A_belahan
TE,Agem Kanan,4,Naik,O2,11.601,8.646,5.738,1,P08,A_belahan
TE,Agem Kanan,4,Naik,P4,16.888,13.827,4.315,1,P08,A_belahan
TE,Agem Kanan,4,Naik,T3,0.154,4.535,6.858,2,P08,A_belahan
TE,Agem Kanan,4,Tahan,C3,2.76,2.987,3.002,11,P08,A_belahan
TE,Agem Kanan,4,Tahan,C4,9.504,5.664,2.614,5,P08,A_belahan
TE,Agem Kanan,4,Tahan,F3,-0.677,-0.501,0.189,11,P08,A_belahan
TE,Agem Kanan,4,Tahan,F4,9.868,10.414,7.779,11,P08,A_belahan
TE,Agem Kanan,4,Tahan,F7,-2.422,-1.93,-2.051,11,P08,A_belahan
TE,Agem Kanan,4,Tahan,F8,14.984,14.22,9.133,6,P08,A_belahan
TE,Agem Kanan,4,Tahan,Fp1,1.762,2.278,2.081,11,P08,A_belahan
TE,Agem Kanan,4,Tahan,Fp2,10.586,11.224,5.904,11,P08,A_belahan
TE,Agem Kanan,4,Tahan,O1,6.634,6.903,6.769,11,P08,A_belahan
TE,Agem Kanan,4,Tahan,O2,7.299,9.69,6.939,11,P08,A_belahan
TE,Agem Kanan,4,Tahan,P3,3.599,5.676,5.276,10,P08,A_belahan
TE,Agem Kanan,4,Tahan,P4,12.056,10.932,5.789,7,P08,A_belahan
TE,Agem Kanan,4,Tahan,T3,7.577,7.375,6.999,11,P08,A_belahan
TE,Agem Kanan,4,Tahan,T4,19.786,17.144,12.857,7,P08,A_belahan
TE,Agem Kanan,4,Tahan,T5,5.935,4.514,5.286,6,P08,A_belahan
TE,Agem Kanan,4,Tahan,T6,8.583,4.03,0.951,7,P08,A_belahan
TE,Agem Kiri,1,Berdiri,C3,-3.134,-1.144,-1.384,4,P08,A_belahan
TE,Agem Kiri,1,Berdiri,C4,-1.149,-1.544,-1.071,9,P08,A_belahan
TE,Agem Kiri,1,Berdiri,F4,1.328,1.097,2.566,9,P08,A_belahan
TE,Agem Kiri,1,Berdiri,F7,0.168,-0.731,-2.086,3,P08,A_belahan
TE,Agem Kiri,1,Berdiri,F8,9.213,6.3,6.103,9,P08,A_belahan
TE,Agem Kiri,1,Berdiri,Fp1,2.703,1.276,1.633,9,P08,A_belahan
TE,Agem Kiri,1,Berdiri,Fp2,1.3,3.143,3.187,9,P08,A_belahan
TE,Agem Kiri,1,Berdiri,O1,-2.761,-6.83,-4.604,4,P08,A_belahan
TE,Agem Kiri,1,Berdiri,O2,1.17,-0.07,1.797,9,P08,A_belahan
TE,Agem Kiri,1,Berdiri,P3,-3.849,-1.413,-0.623,4,P08,A_belahan
TE,Agem Kiri,1,Berdiri,P4,2.722,0.272,-0.032,9,P08,A_belahan
TE,Agem Kiri,1,Berdiri,T3,0.865,-2.383,-0.199,4,P08,A_belahan
TE,Agem Kiri,1,Berdiri,T4,11.242,7.114,3.477,9,P08,A_belahan
TE,Agem Kiri,1,Berdiri,T5,-6.926,-4.89,-5.092,9,P08,A_belahan
TE,Agem Kiri,1,Berdiri,T6,2.269,0.296,-1.839,9,P08,A_belahan
TE,Agem Kiri,1,Gerak,C4,-3.79,9.058,2.196,2,P08,A_belahan
TE,Agem Kiri,1,Gerak,F4,2.241,1.981,0.713,2,P08,A_belahan
TE,Agem Kiri,1,Gerak,F8,13.181,14.794,2.369,2,P08,A_belahan
TE,Agem Kiri,1,Gerak,Fp1,-1.371,-2.126,-2.753,1,P08,A_belahan
TE,Agem Kiri,1,Gerak,Fp2,7.714,11.184,3.645,2,P08,A_belahan
TE,Agem Kiri,1,Gerak,P4,8.067,4.309,2.577,2,P08,A_belahan
TE,Agem Kiri,1,Gerak,T4,14.169,13.996,2.451,2,P08,A_belahan
TE,Agem Kiri,1,Gerak,T5,-2.07,-1.754,-1.781,1,P08,A_belahan
TE,Agem Kiri,1,Naik,C3,2.908,-0.064,2.296,2,P08,A_belahan
TE,Agem Kiri,1,Naik,F3,8.633,6.166,4.402,2,P08,A_belahan
TE,Agem Kiri,1,Naik,F4,8.21,0.075,2.927,2,P08,A_belahan
TE,Agem Kiri,1,Naik,F7,4.045,1.062,3.278,2,P08,A_belahan
TE,Agem Kiri,1,Naik,F8,7.699,8.804,3.931,2,P08,A_belahan
TE,Agem Kiri,1,Naik,Fp1,5.211,-1.313,0.854,2,P08,A_belahan
TE,Agem Kiri,1,Naik,O1,0.727,-3.178,3.229,2,P08,A_belahan
TE,Agem Kiri,1,Naik,O2,9.063,9.243,4.347,2,P08,A_belahan
TE,Agem Kiri,1,Naik,P3,-1.054,-1.229,2.385,2,P08,A_belahan
TE,Agem Kiri,1,Naik,T3,-1.209,1.296,2.87,2,P08,A_belahan
TE,Agem Kiri,1,Naik,T4,13.235,13.319,12.101,1,P08,A_belahan
TE,Agem Kiri,1,Naik,T5,-2.759,-2.57,1.693,2,P08,A_belahan
TE,Agem Kiri,1,Naik,T6,7.433,5.494,3.524,1,P08,A_belahan
TE,Agem Kiri,1,Tahan,C3,5.836,6.414,3.576,10,P08,A_belahan
TE,Agem Kiri,1,Tahan,F3,0.681,-1.743,0.546,8,P08,A_belahan
TE,Agem Kiri,1,Tahan,F4,6.238,2.487,1.103,1,P08,A_belahan
TE,Agem Kiri,1,Tahan,F7,2.157,0.23,0.071,10,P08,A_belahan
TE,Agem Kiri,1,Tahan,F8,2.539,-1.766,2.507,1,P08,A_belahan
TE,Agem Kiri,1,Tahan,Fp1,1.46,-0.431,0.718,8,P08,A_belahan
TE,Agem Kiri,1,Tahan,Fp2,5.308,4.838,3.295,6,P08,A_belahan
TE,Agem Kiri,1,Tahan,O1,3.54,2.055,0.446,10,P08,A_belahan
TE,Agem Kiri,1,Tahan,O2,4.044,3.097,-2.677,2,P08,A_belahan
TE,Agem Kiri,1,Tahan,P3,4.801,3.77,3.809,8,P08,A_belahan
TE,Agem Kiri,1,Tahan,T3,0.784,0.056,0.314,10,P08,A_belahan
TE,Agem Kiri,1,Tahan,T4,11.069,7.549,6.768,8,P08,A_belahan
TE,Agem Kiri,1,Tahan,T6,7.005,1.194,-1.236,2,P08,A_belahan
TE,Agem Kiri,2,Berdiri,C3,1.676,2.055,3.884,15,P08,A_belahan
TE,Agem Kiri,2,Berdiri,F3,5.652,5.827,3.271,15,P08,A_belahan
TE,Agem Kiri,2,Berdiri,F4,3.136,3.085,1.55,15,P08,A_belahan
TE,Agem Kiri,2,Berdiri,F7,8.953,8.253,6.046,15,P08,A_belahan
TE,Agem Kiri,2,Berdiri,F8,7.793,6.476,3.591,15,P08,A_belahan
TE,Agem Kiri,2,Berdiri,Fp1,6.977,6.09,3.751,11,P08,A_belahan
TE,Agem Kiri,2,Berdiri,Fp2,8.548,7.449,5.204,15,P08,A_belahan
TE,Agem Kiri,2,Berdiri,O1,3.868,5.233,4.018,15,P08,A_belahan
TE,Agem Kiri,2,Berdiri,O2,5.175,2.051,2.042,15,P08,A_belahan
TE,Agem Kiri,2,Berdiri,P3,-0.252,2.262,2.996,15,P08,A_belahan
TE,Agem Kiri,2,Berdiri,T3,6.614,7.603,5.147,15,P08,A_belahan
TE,Agem Kiri,2,Berdiri,T4,13.108,11.523,6.811,15,P08,A_belahan
TE,Agem Kiri,2,Berdiri,T5,6.648,7.195,4.294,15,P08,A_belahan
TE,Agem Kiri,2,Berdiri,T6,4.315,2.641,-0.018,15,P08,A_belahan
TE,Agem Kiri,2,Gerak,C4,3.469,2.776,0.632,2,P08,A_belahan
TE,Agem Kiri,2,Gerak,F7,6.517,-3.044,-2.085,2,P08,A_belahan
TE,Agem Kiri,2,Gerak,F8,10.305,5.734,4.095,2,P08,A_belahan
TE,Agem Kiri,2,Gerak,Fp1,9.07,-3.176,-0.185,1,P08,A_belahan
TE,Agem Kiri,2,Gerak,Fp2,9.288,5.389,5.94,1,P08,A_belahan
TE,Agem Kiri,2,Gerak,O1,-0.531,-6.205,-4.078,2,P08,A_belahan
TE,Agem Kiri,2,Gerak,O2,6.099,6.084,-3.668,2,P08,A_belahan
TE,Agem Kiri,2,Gerak,P4,8.58,5.688,1.938,2,P08,A_belahan
TE,Agem Kiri,2,Gerak,T3,4.3,-3.832,-1.835,2,P08,A_belahan
TE,Agem Kiri,2,Gerak,T4,10.433,7.255,4.427,2,P08,A_belahan
TE,Agem Kiri,2,Gerak,T6,4.442,-4.863,-5.702,2,P08,A_belahan
TE,Agem Kiri,2,Naik,C3,7.798,9.441,4.876,2,P08,A_belahan
TE,Agem Kiri,2,Naik,F3,1.923,-1.356,1.012,2,P08,A_belahan
TE,Agem Kiri,2,Naik,F7,3.877,2.539,1.193,2,P08,A_belahan
TE,Agem Kiri,2,Naik,Fp1,-1.609,3.774,1.921,2,P08,A_belahan
TE,Agem Kiri,2,Naik,Fp2,-1.14,1.297,2.405,2,P08,A_belahan
TE,Agem Kiri,2,Naik,O1,4.536,5.402,3.132,2,P08,A_belahan
TE,Agem Kiri,2,Naik,P3,10.929,11.414,9.56,2,P08,A_belahan
TE,Agem Kiri,2,Naik,T3,4.377,2.8,3.712,2,P08,A_belahan
TE,Agem Kiri,2,Naik,T4,3.469,6.203,7.508,2,P08,A_belahan
TE,Agem Kiri,2,Tahan,C3,11.382,7.705,6.392,5,P08,A_belahan
TE,Agem Kiri,2,Tahan,F3,7.958,5.383,7.559,11,P08,A_belahan
TE,Agem Kiri,2,Tahan,F7,3.285,1.913,1.506,11,P08,A_belahan
TE,Agem Kiri,2,Tahan,Fp1,4.134,1.269,1.393,11,P08,A_belahan
TE,Agem Kiri,2,Tahan,Fp2,9.28,8.066,4.701,9,P08,A_belahan
TE,Agem Kiri,2,Tahan,O1,4.136,2.397,2.849,11,P08,A_belahan
TE,Agem Kiri,2,Tahan,P3,15.219,10.846,7.424,1,P08,A_belahan
TE,Agem Kiri,2,Tahan,T3,0.173,0.707,2.168,11,P08,A_belahan
TE,Agem Kiri,2,Tahan,T4,13.474,12.612,9.058,7,P08,A_belahan
TE,Agem Kiri,3,Berdiri,C3,2.98,-1.235,-1.374,10,P08,A_belahan
TE,Agem Kiri,3,Berdiri,C4,7.48,7.256,5.63,10,P08,A_belahan
TE,Agem Kiri,3,Berdiri,F3,1.402,2.189,-0.795,10,P08,A_belahan
TE,Agem Kiri,3,Berdiri,F4,10.426,4.814,5.213,10,P08,A_belahan
TE,Agem Kiri,3,Berdiri,F7,1.488,2.385,1.028,10,P08,A_belahan
TE,Agem Kiri,3,Berdiri,F8,11.331,8.462,6.321,10,P08,A_belahan
TE,Agem Kiri,3,Berdiri,Fp1,-1.161,1.112,1.563,10,P08,A_belahan
TE,Agem Kiri,3,Berdiri,Fp2,6.163,0.742,3.679,6,P08,A_belahan
TE,Agem Kiri,3,Berdiri,O1,5.275,3.12,4.326,10,P08,A_belahan
TE,Agem Kiri,3,Berdiri,O2,8.123,6.893,5.155,10,P08,A_belahan
TE,Agem Kiri,3,Berdiri,P3,-1.522,0.143,-1.404,10,P08,A_belahan
TE,Agem Kiri,3,Berdiri,P4,8.905,4.573,4.236,10,P08,A_belahan
TE,Agem Kiri,3,Berdiri,T3,5.583,5.562,5.029,10,P08,A_belahan
TE,Agem Kiri,3,Berdiri,T4,11.205,9.443,4.611,10,P08,A_belahan
TE,Agem Kiri,3,Berdiri,T5,8.953,7.57,6.576,7,P08,A_belahan
TE,Agem Kiri,3,Berdiri,T6,6.671,0.64,0.483,10,P08,A_belahan
TE,Agem Kiri,3,Gerak,C3,9.341,1.295,-4.305,2,P08,A_belahan
TE,Agem Kiri,3,Gerak,C4,1.879,-0.686,-2.457,1,P08,A_belahan
TE,Agem Kiri,3,Gerak,F3,6.625,-2.237,-0.665,2,P08,A_belahan
TE,Agem Kiri,3,Gerak,F4,9.639,5.037,3.527,2,P08,A_belahan
TE,Agem Kiri,3,Gerak,F7,-0.379,4.653,-3.425,1,P08,A_belahan
TE,Agem Kiri,3,Gerak,F8,9.53,1.259,-0.447,1,P08,A_belahan
TE,Agem Kiri,3,Gerak,Fp1,3.3,2.507,-6.985,2,P08,A_belahan
TE,Agem Kiri,3,Gerak,Fp2,5.549,5.965,-2.535,1,P08,A_belahan
TE,Agem Kiri,3,Gerak,P3,4.902,-0.587,-5.164,2,P08,A_belahan
TE,Agem Kiri,3,Gerak,P4,1.575,7.215,2.05,2,P08,A_belahan
TE,Agem Kiri,3,Gerak,T3,6.335,-1.297,-3.431,2,P08,A_belahan
TE,Agem Kiri,3,Gerak,T4,10.884,2.534,1.826,1,P08,A_belahan
TE,Agem Kiri,3,Gerak,T6,0.838,-3.184,-5.386,1,P08,A_belahan
TE,Agem Kiri,3,Naik,C4,5.047,0.835,1.828,2,P08,A_belahan
TE,Agem Kiri,3,Naik,F4,5.693,5.307,9.228,1,P08,A_belahan
TE,Agem Kiri,3,Naik,F7,-3.744,-1.216,-3.946,2,P08,A_belahan
TE,Agem Kiri,3,Naik,F8,10.769,4.333,4.484,1,P08,A_belahan
TE,Agem Kiri,3,Naik,Fp1,-6.733,-7.445,-7.919,1,P08,A_belahan
TE,Agem Kiri,3,Naik,Fp2,9.344,7.755,6.664,2,P08,A_belahan
TE,Agem Kiri,3,Naik,O1,-4.114,-5.009,-4.901,2,P08,A_belahan
TE,Agem Kiri,3,Naik,O2,2.961,0.195,3.736,1,P08,A_belahan
TE,Agem Kiri,3,Naik,P4,16.024,12.888,6.066,2,P08,A_belahan
TE,Agem Kiri,3,Naik,T3,-5.89,-9.916,-6.336,2,P08,A_belahan
TE,Agem Kiri,3,Naik,T4,0.9,3.718,-0.723,1,P08,A_belahan
TE,Agem Kiri,3,Naik,T5,-1.236,-9.342,-4.086,2,P08,A_belahan
TE,Agem Kiri,3,Tahan,C4,2.943,5.483,0.748,4,P08,A_belahan
TE,Agem Kiri,3,Tahan,F7,1.85,6.942,4.135,7,P08,A_belahan
TE,Agem Kiri,3,Tahan,F8,8.773,6.99,3.872,11,P08,A_belahan
TE,Agem Kiri,3,Tahan,Fp1,-3.888,-1.759,-1.83,6,P08,A_belahan
TE,Agem Kiri,3,Tahan,Fp2,2.814,3.501,2.604,11,P08,A_belahan
TE,Agem Kiri,3,Tahan,O1,-1.728,2.853,-0.114,7,P08,A_belahan
TE,Agem Kiri,3,Tahan,O2,1.804,1.361,3.437,7,P08,A_belahan
TE,Agem Kiri,3,Tahan,P4,11.343,6.397,4.799,6,P08,A_belahan
TE,Agem Kiri,3,Tahan,T3,-7.652,-0.366,-0.699,7,P08,A_belahan
TE,Agem Kiri,3,Tahan,T4,7.955,6.981,3.037,11,P08,A_belahan
TE,Agem Kiri,3,Tahan,T6,7.813,5.063,-0.406,4,P08,A_belahan
TE,Agem Kiri,4,Berdiri,C3,1.468,-0.189,-0.569,15,P08,A_belahan
TE,Agem Kiri,4,Berdiri,C4,2.892,5.753,5.568,15,P08,A_belahan
TE,Agem Kiri,4,Berdiri,F3,1.647,2.068,0.51,15,P08,A_belahan
TE,Agem Kiri,4,Berdiri,F4,5.059,6.29,6.428,15,P08,A_belahan
TE,Agem Kiri,4,Berdiri,F7,1.327,1.847,0.993,15,P08,A_belahan
TE,Agem Kiri,4,Berdiri,F8,8.551,7.873,5.993,15,P08,A_belahan
TE,Agem Kiri,4,Berdiri,Fp1,2.036,0.709,0.598,15,P08,A_belahan
TE,Agem Kiri,4,Berdiri,Fp2,4.197,4.357,5.53,15,P08,A_belahan
TE,Agem Kiri,4,Berdiri,O1,5.672,7.786,7.031,15,P08,A_belahan
TE,Agem Kiri,4,Berdiri,O2,4.132,4.835,5.712,15,P08,A_belahan
TE,Agem Kiri,4,Berdiri,P3,-0.418,-1.138,-0.305,15,P08,A_belahan
TE,Agem Kiri,4,Berdiri,P4,2.874,1.162,2.537,15,P08,A_belahan
TE,Agem Kiri,4,Berdiri,T3,7.024,7.802,7.673,15,P08,A_belahan
TE,Agem Kiri,4,Berdiri,T4,8.101,2.903,3.514,15,P08,A_belahan
TE,Agem Kiri,4,Berdiri,T5,6.838,6.198,9.207,5,P08,A_belahan
TE,Agem Kiri,4,Berdiri,T6,2.539,2.469,1.584,15,P08,A_belahan
TE,Agem Kiri,4,Gerak,C3,9.413,6.781,-0.094,2,P08,A_belahan
TE,Agem Kiri,4,Gerak,C4,10.542,7.853,4.734,2,P08,A_belahan
TE,Agem Kiri,4,Gerak,F3,7.651,4.18,-1.895,2,P08,A_belahan
TE,Agem Kiri,4,Gerak,F7,3.107,0.18,-0.458,1,P08,A_belahan
TE,Agem Kiri,4,Gerak,Fp1,4.618,-0.698,-0.724,2,P08,A_belahan
TE,Agem Kiri,4,Gerak,P3,6.893,3.467,-2.857,2,P08,A_belahan
TE,Agem Kiri,4,Gerak,P4,7.235,7.175,2.712,2,P08,A_belahan
TE,Agem Kiri,4,Gerak,T3,10.073,6.96,4.822,2,P08,A_belahan
TE,Agem Kiri,4,Gerak,T4,9.387,4.171,3.897,1,P08,A_belahan
TE,Agem Kiri,4,Gerak,T6,8.315,7.006,2.369,2,P08,A_belahan
TE,Agem Kiri,4,Naik,C3,-2.509,-4.408,-3.364,2,P08,A_belahan
TE,Agem Kiri,4,Naik,C4,6.841,3.373,1.955,2,P08,A_belahan
TE,Agem Kiri,4,Naik,F4,7.269,10.144,6.89,2,P08,A_belahan
TE,Agem Kiri,4,Naik,F7,-0.924,-5.383,1.991,2,P08,A_belahan
TE,Agem Kiri,4,Naik,F8,9.91,11.42,10.714,2,P08,A_belahan
TE,Agem Kiri,4,Naik,Fp2,5.736,6.788,5.248,2,P08,A_belahan
TE,Agem Kiri,4,Naik,O2,3.572,2.478,1.914,1,P08,A_belahan
TE,Agem Kiri,4,Naik,P3,-5.744,-2.887,-4.808,2,P08,A_belahan
TE,Agem Kiri,4,Naik,P4,12.814,7.675,5.864,2,P08,A_belahan
TE,Agem Kiri,4,Naik,T3,-12.601,-8.078,-3.114,2,P08,A_belahan
TE,Agem Kiri,4,Naik,T4,15.704,17.323,17.459,1,P08,A_belahan
TE,Agem Kiri,4,Naik,T5,-5.622,-3.483,-2.517,2,P08,A_belahan
TE,Agem Kiri,4,Naik,T6,2.863,-0.741,3.07,1,P08,A_belahan
TE,Agem Kiri,4,Tahan,C3,-12.587,-5.873,-7.257,3,P08,A_belahan
TE,Agem Kiri,4,Tahan,C4,3.518,4.183,1.254,11,P08,A_belahan
TE,Agem Kiri,4,Tahan,F4,3.407,-1.04,1.891,3,P08,A_belahan
TE,Agem Kiri,4,Tahan,F8,7.249,6.52,3.931,11,P08,A_belahan
TE,Agem Kiri,4,Tahan,Fp2,6.054,5.93,5.065,11,P08,A_belahan
TE,Agem Kiri,4,Tahan,O1,-4.924,-5.102,-6.191,11,P08,A_belahan
TE,Agem Kiri,4,Tahan,O2,1.074,2.427,1.579,11,P08,A_belahan
TE,Agem Kiri,4,Tahan,P3,-7.784,-11.624,-6.676,3,P08,A_belahan
TE,Agem Kiri,4,Tahan,P4,10.912,9.092,4.735,11,P08,A_belahan
TE,Agem Kiri,4,Tahan,T3,-2.815,-3.155,-2.614,5,P08,A_belahan
TE,Agem Kiri,4,Tahan,T4,7.876,6.575,4.04,8,P08,A_belahan
TE,Agem Kiri,4,Tahan,T5,-3.124,-3.573,-4.781,9,P08,A_belahan
TE,Agem Kiri,4,Tahan,T6,2.25,3.18,2.049,11,P08,A_belahan
TE,Ngeed,1,Berdiri,C3,0.727,-2.337,-2.198,4,P08,A_belahan
TE,Ngeed,1,Berdiri,C4,2.489,-2.54,-1.346,11,P08,A_belahan
TE,Ngeed,1,Berdiri,F3,-3.484,-6.095,-5.359,2,P08,A_belahan
TE,Ngeed,1,Berdiri,F4,-0.025,2.414,1.69,7,P08,A_belahan
TE,Ngeed,1,Berdiri,F7,0.329,1.158,0.528,9,P08,A_belahan
TE,Ngeed,1,Berdiri,F8,2.147,3.698,2.758,13,P08,A_belahan
TE,Ngeed,1,Berdiri,Fp1,2.688,2.871,3.025,8,P08,A_belahan
TE,Ngeed,1,Berdiri,Fp2,4.994,4.057,2.811,13,P08,A_belahan
TE,Ngeed,1,Berdiri,O1,-4.203,-2.282,-4.649,6,P08,A_belahan
TE,Ngeed,1,Berdiri,O2,1.069,1.005,2.106,8,P08,A_belahan
TE,Ngeed,1,Berdiri,P3,-1.656,-4.519,-4.498,3,P08,A_belahan
TE,Ngeed,1,Berdiri,P4,0.822,-1.151,-0.867,9,P08,A_belahan
TE,Ngeed,1,Berdiri,T3,-0.474,-0.426,0.222,9,P08,A_belahan
TE,Ngeed,1,Berdiri,T4,-0.841,1.943,-0.438,13,P08,A_belahan
TE,Ngeed,1,Berdiri,T5,-4.384,-5.433,-3.297,7,P08,A_belahan
TE,Ngeed,1,Berdiri,T6,-1.866,-1.802,-2.185,8,P08,A_belahan
TE,Ngeed,1,Gerak,C3,4.57,0.963,1.737,3,P08,A_belahan
TE,Ngeed,1,Gerak,F3,-1.215,-4.514,-1.943,3,P08,A_belahan
TE,Ngeed,1,Gerak,F7,-2.715,3.303,-0.705,3,P08,A_belahan
TE,Ngeed,1,Gerak,F8,2.37,0.959,-0.572,3,P08,A_belahan
TE,Ngeed,1,Gerak,Fp1,1.328,0.373,-2.413,3,P08,A_belahan
TE,Ngeed,1,Gerak,Fp2,-1.785,1.135,0.559,3,P08,A_belahan
TE,Ngeed,1,Gerak,O1,4.912,-1.697,2.24,3,P08,A_belahan
TE,Ngeed,1,Gerak,P3,6.777,7.047,4.731,3,P08,A_belahan
TE,Ngeed,1,Gerak,T3,-1.056,2.692,-0.254,3,P08,A_belahan
TE,Ngeed,1,Gerak,T4,4.666,1.641,0.239,3,P08,A_belahan
TE,Ngeed,1,Naik,C3,5.644,2.653,6.977,2,P08,A_belahan
TE,Ngeed,1,Naik,F3,-2.113,1.207,-0.512,2,P08,A_belahan
TE,Ngeed,1,Naik,F7,-3.519,-2.871,-2.36,2,P08,A_belahan
TE,Ngeed,1,Naik,Fp2,1.487,-1.708,1.403,2,P08,A_belahan
TE,Ngeed,1,Naik,O1,-2.523,-0.599,-2.825,2,P08,A_belahan
TE,Ngeed,1,Naik,P3,9.04,3.095,10.579,1,P08,A_belahan
TE,Ngeed,1,Naik,T3,-3.144,-0.621,-0.56,2,P08,A_belahan
TE,Ngeed,1,Naik,T4,6.097,3.198,6.507,2,P08,A_belahan
TE,Ngeed,1,Tahan,C4,-6.01,-1.155,-3.638,1,P08,A_belahan
TE,Ngeed,1,Tahan,F3,7.113,6.101,3.805,2,P08,A_belahan
TE,Ngeed,1,Tahan,F7,-1.99,1.659,-0.053,4,P08,A_belahan
TE,Ngeed,1,Tahan,F8,2.841,-0.782,-1.777,3,P08,A_belahan
TE,Ngeed,1,Tahan,Fp1,3.083,1.705,1.34,5,P08,A_belahan
TE,Ngeed,1,Tahan,Fp2,0.249,0.315,-0.285,6,P08,A_belahan
TE,Ngeed,1,Tahan,O1,-1.565,-1.489,-0.468,5,P08,A_belahan
TE,Ngeed,1,Tahan,T3,-2.84,-1.429,0.021,4,P08,A_belahan
TE,Ngeed,1,Tahan,T4,5.958,3.898,2.472,6,P08,A_belahan
TE,Ngeed,2,Berdiri,C3,0.9,-3.086,3.524,7,P08,A_belahan
TE,Ngeed,2,Berdiri,C4,-4.609,-3.799,-0.669,11,P08,A_belahan
TE,Ngeed,2,Berdiri,F3,-6.492,-5.618,0.192,6,P08,A_belahan
TE,Ngeed,2,Berdiri,F4,0.212,-0.704,4.807,10,P08,A_belahan
TE,Ngeed,2,Berdiri,F7,-5.113,-5.435,-1.157,11,P08,A_belahan
TE,Ngeed,2,Berdiri,F8,4.066,3.44,8.387,11,P08,A_belahan
TE,Ngeed,2,Berdiri,Fp1,1.928,-0.745,5.64,6,P08,A_belahan
TE,Ngeed,2,Berdiri,Fp2,1.461,0.997,6.258,11,P08,A_belahan
TE,Ngeed,2,Berdiri,O1,-4.685,-8.044,-1.642,11,P08,A_belahan
TE,Ngeed,2,Berdiri,O2,-2.167,-3.54,5.947,10,P08,A_belahan
TE,Ngeed,2,Berdiri,P3,-1.481,-3.747,0.838,6,P08,A_belahan
TE,Ngeed,2,Berdiri,P4,-0.201,-2.77,-0.682,11,P08,A_belahan
TE,Ngeed,2,Berdiri,T3,-1.515,-2.767,-1.016,11,P08,A_belahan
TE,Ngeed,2,Berdiri,T4,3.681,1.129,1.45,11,P08,A_belahan
TE,Ngeed,2,Berdiri,T5,-9.726,-7.816,-1.128,10,P08,A_belahan
TE,Ngeed,2,Berdiri,T6,-2.601,-5.427,1.144,10,P08,A_belahan
TE,Ngeed,2,Gerak,C3,9.048,5.808,4.574,2,P08,A_belahan
TE,Ngeed,2,Gerak,F3,0.005,-5.734,-5.554,2,P08,A_belahan
TE,Ngeed,2,Gerak,F7,-0.726,-0.111,-3.54,2,P08,A_belahan
TE,Ngeed,2,Gerak,F8,0.725,-2.029,-1.475,2,P08,A_belahan
TE,Ngeed,2,Gerak,Fp1,0.743,-2.8,-2.476,2,P08,A_belahan
TE,Ngeed,2,Gerak,Fp2,2.001,-1.103,-3.31,2,P08,A_belahan
TE,Ngeed,2,Gerak,O1,6.393,-2.919,-1.476,2,P08,A_belahan
TE,Ngeed,2,Gerak,P3,8.587,2.682,4.788,1,P08,A_belahan
TE,Ngeed,2,Gerak,T3,2.484,-1.968,-2.266,2,P08,A_belahan
TE,Ngeed,2,Gerak,T4,-1.897,-2.234,-2.478,2,P08,A_belahan
TE,Ngeed,2,Naik,F3,9.598,14.336,13.354,1,P08,A_belahan
TE,Ngeed,2,Naik,F7,2.735,6.093,4.012,2,P08,A_belahan
TE,Ngeed,2,Naik,Fp1,3.038,6.234,4.726,2,P08,A_belahan
TE,Ngeed,2,Naik,Fp2,-1.371,0.489,1.518,2,P08,A_belahan
TE,Ngeed,2,Naik,O1,-0.092,-0.119,0.302,2,P08,A_belahan
TE,Ngeed,2,Naik,T3,-2.913,3.303,3.891,2,P08,A_belahan
TE,Ngeed,2,Naik,T4,3.238,5.394,6.621,2,P08,A_belahan
TE,Ngeed,2,Tahan,C3,-0.949,0.41,0.07,4,P08,A_belahan
TE,Ngeed,2,Tahan,C4,-1.604,0.487,-0.54,10,P08,A_belahan
TE,Ngeed,2,Tahan,F3,-7.97,-3.182,-5.115,3,P08,A_belahan
TE,Ngeed,2,Tahan,F4,-0.654,4.848,3.353,7,P08,A_belahan
TE,Ngeed,2,Tahan,F7,4.209,5.476,1.921,7,P08,A_belahan
TE,Ngeed,2,Tahan,F8,2.299,6.046,4.775,11,P08,A_belahan
TE,Ngeed,2,Tahan,Fp1,7.182,6.928,3.939,7,P08,A_belahan
TE,Ngeed,2,Tahan,Fp2,4.391,7.215,5.855,11,P08,A_belahan
TE,Ngeed,2,Tahan,O1,-1.279,-2.626,-3.681,7,P08,A_belahan
TE,Ngeed,2,Tahan,O2,-0.012,5.433,4.781,8,P08,A_belahan
TE,Ngeed,2,Tahan,P3,-4.217,-1.453,-2.045,4,P08,A_belahan
TE,Ngeed,2,Tahan,P4,3.052,2.951,0.215,8,P08,A_belahan
TE,Ngeed,2,Tahan,T3,3.59,5.579,3.128,7,P08,A_belahan
TE,Ngeed,2,Tahan,T4,2.62,6.698,3.492,11,P08,A_belahan
TE,Ngeed,2,Tahan,T5,-6.024,-2.913,-3.104,6,P08,A_belahan
TE,Ngeed,2,Tahan,T6,-0.721,2.232,-0.653,8,P08,A_belahan
TE,Ngeed,3,Berdiri,C3,1.972,2.203,4.661,5,P08,A_belahan
TE,Ngeed,3,Berdiri,C4,-0.074,-1.8,-1.88,13,P08,A_belahan
TE,Ngeed,3,Berdiri,F3,4.34,3.432,4.604,7,P08,A_belahan
TE,Ngeed,3,Berdiri,F4,2.745,0.492,2.319,13,P08,A_belahan
TE,Ngeed,3,Berdiri,F7,4.957,2.066,3.375,10,P08,A_belahan
TE,Ngeed,3,Berdiri,F8,4.891,0.177,0.819,13,P08,A_belahan
TE,Ngeed,3,Berdiri,Fp1,-2.425,-4.275,-5.052,13,P08,A_belahan
TE,Ngeed,3,Berdiri,Fp2,0.453,-2.573,-2.432,13,P08,A_belahan
TE,Ngeed,3,Berdiri,O1,1.189,0.428,1.89,13,P08,A_belahan
TE,Ngeed,3,Berdiri,O2,2.39,-1.853,1.201,5,P08,A_belahan
TE,Ngeed,3,Berdiri,P3,3.134,3.574,5.903,5,P08,A_belahan
TE,Ngeed,3,Berdiri,P4,2.733,-0.868,0.874,13,P08,A_belahan
TE,Ngeed,3,Berdiri,T3,2.421,1.389,3.585,13,P08,A_belahan
TE,Ngeed,3,Berdiri,T4,2.43,0.153,-1.119,13,P08,A_belahan
TE,Ngeed,3,Berdiri,T6,5.343,3.234,-3.064,1,P08,A_belahan
TE,Ngeed,3,Gerak,C3,2.985,-0.769,-6.885,1,P08,A_belahan
TE,Ngeed,3,Gerak,C4,4.204,0.94,-0.255,2,P08,A_belahan
TE,Ngeed,3,Gerak,F3,6.469,-0.311,-2.267,2,P08,A_belahan
TE,Ngeed,3,Gerak,F4,7.447,5.776,3.136,2,P08,A_belahan
TE,Ngeed,3,Gerak,F7,2.161,0.622,-5.019,2,P08,A_belahan
TE,Ngeed,3,Gerak,F8,8.468,2.617,4.188,2,P08,A_belahan
TE,Ngeed,3,Gerak,Fp1,2.95,-5.698,-2.59,2,P08,A_belahan
TE,Ngeed,3,Gerak,Fp2,8.743,3.564,3.932,2,P08,A_belahan
TE,Ngeed,3,Gerak,O1,11.207,4.21,-4.174,1,P08,A_belahan
TE,Ngeed,3,Gerak,O2,10.788,3.691,2.441,2,P08,A_belahan
TE,Ngeed,3,Gerak,P3,3.33,0.475,-3.967,1,P08,A_belahan
TE,Ngeed,3,Gerak,P4,8.361,-2.791,1.984,2,P08,A_belahan
TE,Ngeed,3,Gerak,T3,6.688,-0.172,0.009,2,P08,A_belahan
TE,Ngeed,3,Gerak,T4,9.316,4.956,4.694,2,P08,A_belahan
TE,Ngeed,3,Gerak,T6,4.461,-0.38,-2.075,1,P08,A_belahan
TE,Ngeed,3,Naik,C3,-2.176,-5.77,-2.67,2,P08,A_belahan
TE,Ngeed,3,Naik,C4,4.225,2.96,0.712,2,P08,A_belahan
TE,Ngeed,3,Naik,F3,-1.467,-4.383,-1.67,2,P08,A_belahan
TE,Ngeed,3,Naik,F4,1.828,1.315,1.784,2,P08,A_belahan
TE,Ngeed,3,Naik,F7,2.897,0.914,-1.08,2,P08,A_belahan
TE,Ngeed,3,Naik,F8,1.641,3.719,-0.232,2,P08,A_belahan
TE,Ngeed,3,Naik,Fp1,3.306,-0.878,-0.787,2,P08,A_belahan
TE,Ngeed,3,Naik,Fp2,-1.98,2.14,4.465,2,P08,A_belahan
TE,Ngeed,3,Naik,O1,2.607,2.495,-1.871,2,P08,A_belahan
TE,Ngeed,3,Naik,O2,0.199,0.366,0.828,2,P08,A_belahan
TE,Ngeed,3,Naik,P3,-3.974,-3.753,-4.437,2,P08,A_belahan
TE,Ngeed,3,Naik,P4,-1.259,2.638,2.225,2,P08,A_belahan
TE,Ngeed,3,Naik,T3,2.296,1.238,-2.381,2,P08,A_belahan
TE,Ngeed,3,Naik,T4,3.049,-1.504,-0.496,2,P08,A_belahan
TE,Ngeed,3,Naik,T5,4.55,3.911,-1.59,2,P08,A_belahan
TE,Ngeed,3,Naik,T6,-1.349,-0.406,-3.249,2,P08,A_belahan
TE,Ngeed,3,Tahan,C3,-2.096,-6.104,-3.844,9,P08,A_belahan
TE,Ngeed,3,Tahan,C4,2.266,0.862,2.042,11,P08,A_belahan
TE,Ngeed,3,Tahan,F3,-6.215,-8.716,-5.131,3,P08,A_belahan
TE,Ngeed,3,Tahan,F4,0.47,-0.162,1.291,7,P08,A_belahan
TE,Ngeed,3,Tahan,F7,-4.409,-4.875,-3.804,3,P08,A_belahan
TE,Ngeed,3,Tahan,F8,1.063,-0.14,1.384,11,P08,A_belahan
TE,Ngeed,3,Tahan,Fp1,-2.139,-5.436,-7.441,1,P08,A_belahan
TE,Ngeed,3,Tahan,Fp2,2.383,1.88,2.236,11,P08,A_belahan
TE,Ngeed,3,Tahan,O1,-8.417,-9.563,-7.239,7,P08,A_belahan
TE,Ngeed,3,Tahan,O2,3.465,2.748,2.52,11,P08,A_belahan
TE,Ngeed,3,Tahan,P3,-4.454,-8.292,-5.961,6,P08,A_belahan
TE,Ngeed,3,Tahan,P4,2.545,1.473,1.371,11,P08,A_belahan
TE,Ngeed,3,Tahan,T3,-0.931,-9.321,-2.1,3,P08,A_belahan
TE,Ngeed,3,Tahan,T4,6.132,2.415,1.955,11,P08,A_belahan
TE,Ngeed,3,Tahan,T5,-8.894,-11.803,-6.502,10,P08,A_belahan
TE,Ngeed,3,Tahan,T6,1.179,-2.818,-1.45,11,P08,A_belahan
TE,Ngeed,4,Berdiri,C4,-1.349,-0.707,-0.891,12,P08,A_belahan
TE,Ngeed,4,Berdiri,F4,-0.772,2.504,0.874,12,P08,A_belahan
TE,Ngeed,4,Berdiri,F7,8.622,8.89,5.604,4,P08,A_belahan
TE,Ngeed,4,Berdiri,F8,3.376,-2.786,-2.107,12,P08,A_belahan
TE,Ngeed,4,Berdiri,Fp1,-4.508,-2.435,-5.137,9,P08,A_belahan
TE,Ngeed,4,Berdiri,Fp2,-0.654,-1.266,-1.785,12,P08,A_belahan
TE,Ngeed,4,Berdiri,O1,-1.691,-3.427,-6.902,9,P08,A_belahan
TE,Ngeed,4,Berdiri,O2,-0.054,-0.561,0.059,8,P08,A_belahan
TE,Ngeed,4,Berdiri,P4,1.975,-0.608,-0.584,12,P08,A_belahan
TE,Ngeed,4,Berdiri,T3,-5.199,-2.398,-3.885,9,P08,A_belahan
TE,Ngeed,4,Berdiri,T4,5.54,0.051,-1.553,12,P08,A_belahan
TE,Ngeed,4,Berdiri,T6,-1.853,-3.328,-6.859,1,P08,A_belahan
TE,Ngeed,4,Gerak,C4,10.722,2.601,1.863,1,P08,A_belahan
TE,Ngeed,4,Gerak,F4,1.242,3.387,2.955,2,P08,A_belahan
TE,Ngeed,4,Gerak,F8,8.06,1.913,1.251,2,P08,A_belahan
TE,Ngeed,4,Gerak,Fp2,6.515,-0.029,1.617,2,P08,A_belahan
TE,Ngeed,4,Gerak,O1,4.783,-0.467,-0.265,1,P08,A_belahan
TE,Ngeed,4,Gerak,O2,11.996,-5.136,1.997,1,P08,A_belahan
TE,Ngeed,4,Gerak,P4,10.434,1.798,2.113,2,P08,A_belahan
TE,Ngeed,4,Gerak,T3,-1.044,-1.052,-2.722,2,P08,A_belahan
TE,Ngeed,4,Gerak,T4,7.284,1.091,0.421,2,P08,A_belahan
TE,Ngeed,4,Gerak,T5,4.029,-0.432,-1.286,2,P08,A_belahan
TE,Ngeed,4,Gerak,T6,9.551,-0.374,-2.801,2,P08,A_belahan
TE,Ngeed,4,Naik,C3,-4.149,-5.454,-7.032,2,P08,A_belahan
TE,Ngeed,4,Naik,C4,-0.756,0.213,-0.391,2,P08,A_belahan
TE,Ngeed,4,Naik,F3,-4.174,-8.333,-5.746,2,P08,A_belahan
TE,Ngeed,4,Naik,F4,-1.884,-3.691,-1.33,2,P08,A_belahan
TE,Ngeed,4,Naik,F7,-7.3,-2.165,-7.065,2,P08,A_belahan
TE,Ngeed,4,Naik,F8,-5.461,0.059,-1.247,2,P08,A_belahan
TE,Ngeed,4,Naik,Fp1,-4.5,-2.443,-3.008,2,P08,A_belahan
TE,Ngeed,4,Naik,Fp2,0.122,0.155,1.311,2,P08,A_belahan
TE,Ngeed,4,Naik,O1,-6.076,1.112,-0.818,2,P08,A_belahan
TE,Ngeed,4,Naik,O2,-5.863,-2.589,-1.274,2,P08,A_belahan
TE,Ngeed,4,Naik,P3,-11.367,-4.063,-8.524,2,P08,A_belahan
TE,Ngeed,4,Naik,P4,-2.456,-1.642,-1.179,2,P08,A_belahan
TE,Ngeed,4,Naik,T3,-0.893,-0.546,0.003,2,P08,A_belahan
TE,Ngeed,4,Naik,T4,-0.466,-0.734,-1.572,2,P08,A_belahan
TE,Ngeed,4,Naik,T5,-4.616,0.699,-0.616,2,P08,A_belahan
TE,Ngeed,4,Naik,T6,-8.319,-5.807,-5.845,2,P08,A_belahan
TE,Ngeed,4,Tahan,C3,-5.113,-4.441,-5.732,12,P08,A_belahan
TE,Ngeed,4,Tahan,C4,1.357,2.117,3.159,12,P08,A_belahan
TE,Ngeed,4,Tahan,F3,-6.064,-4.904,-6.28,12,P08,A_belahan
TE,Ngeed,4,Tahan,F4,3.302,2.394,2.1,12,P08,A_belahan
TE,Ngeed,4,Tahan,F7,-3.459,-0.607,-5.637,12,P08,A_belahan
TE,Ngeed,4,Tahan,F8,-0.666,0.557,1.892,12,P08,A_belahan
TE,Ngeed,4,Tahan,Fp1,-1.678,0.77,-3.804,11,P08,A_belahan
TE,Ngeed,4,Tahan,Fp2,2.715,3.701,1.847,12,P08,A_belahan
TE,Ngeed,4,Tahan,O1,1.014,1.755,-0.629,12,P08,A_belahan
TE,Ngeed,4,Tahan,O2,0.824,0.289,1.86,12,P08,A_belahan
TE,Ngeed,4,Tahan,P3,-5.366,-3.904,-6.074,12,P08,A_belahan
TE,Ngeed,4,Tahan,P4,0.908,0.008,0.039,12,P08,A_belahan
TE,Ngeed,4,Tahan,T3,0.906,1.131,0.99,12,P08,A_belahan
TE,Ngeed,4,Tahan,T4,-3.619,-1.175,-0.829,12,P08,A_belahan
TE,Ngeed,4,Tahan,T5,2.114,2.069,1.508,12,P08,A_belahan
TE,Ngeed,4,Tahan,T6,-0.683,-0.33,-0.874,12,P08,A_belahan
TE,Agem Kanan,1,Berdiri,C3,-0.252,2.216,0.901,5,P08,B_rata16
TE,Agem Kanan,1,Berdiri,C4,-6.15,-4.261,-3.952,11,P08,B_rata16
TE,Agem Kanan,1,Berdiri,F3,0.279,-2.031,-2.351,2,P08,B_rata16
TE,Agem Kanan,1,Berdiri,F4,1.777,-1.891,-4.247,9,P08,B_rata16
TE,Agem Kanan,1,Berdiri,F7,-1.257,0.692,-1.181,1,P08,B_rata16
TE,Agem Kanan,1,Berdiri,F8,-1.021,-0.697,-1.054,11,P08,B_rata16
TE,Agem Kanan,1,Berdiri,Fp1,0.779,3.386,0.933,6,P08,B_rata16
TE,Agem Kanan,1,Berdiri,Fp2,-3.628,-2.599,-2.84,11,P08,B_rata16
TE,Agem Kanan,1,Berdiri,O1,-4.068,-4.889,-10.641,1,P08,B_rata16
TE,Agem Kanan,1,Berdiri,O2,0.966,-2.496,-1.296,10,P08,B_rata16
TE,Agem Kanan,1,Berdiri,P3,1.191,2.898,2.101,5,P08,B_rata16
TE,Agem Kanan,1,Berdiri,P4,-6.335,-4.304,-5.203,11,P08,B_rata16
TE,Agem Kanan,1,Berdiri,T3,-4.351,-2.723,-6.212,1,P08,B_rata16
TE,Agem Kanan,1,Berdiri,T4,-2.021,-1.883,-4.408,11,P08,B_rata16
TE,Agem Kanan,1,Berdiri,T5,-1.435,-0.199,1.13,9,P08,B_rata16
TE,Agem Kanan,1,Berdiri,T6,-5.275,-2.882,-4.438,10,P08,B_rata16
TE,Agem Kanan,1,Gerak,F3,-6.481,-6.124,0.087,2,P08,B_rata16
TE,Agem Kanan,1,Gerak,F7,3.11,2.019,6.81,2,P08,B_rata16
TE,Agem Kanan,1,Gerak,F8,7.003,5.653,9.765,2,P08,B_rata16
TE,Agem Kanan,1,Gerak,Fp1,-1.754,2.965,6.294,1,P08,B_rata16
TE,Agem Kanan,1,Gerak,Fp2,5.008,6.879,10.859,1,P08,B_rata16
TE,Agem Kanan,1,Gerak,O1,3.785,4.162,5.423,1,P08,B_rata16
TE,Agem Kanan,1,Gerak,T3,4.569,2.935,7.943,2,P08,B_rata16
TE,Agem Kanan,1,Gerak,T4,3.472,5.152,9.825,1,P08,B_rata16
TE,Agem Kanan,1,Naik,F7,-3.909,1.612,-0.618,2,P08,B_rata16
TE,Agem Kanan,1,Naik,F8,3.787,10.584,8.198,1,P08,B_rata16
TE,Agem Kanan,1,Naik,Fp1,1.144,8.886,7.387,1,P08,B_rata16
TE,Agem Kanan,1,Naik,Fp2,-0.504,9.135,6.723,1,P08,B_rata16
TE,Agem Kanan,1,Naik,O1,0.313,6.169,1.983,2,P08,B_rata16
TE,Agem Kanan,1,Naik,T3,-7.416,-0.098,-1.99,2,P08,B_rata16
TE,Agem Kanan,1,Naik,T4,0.948,8.689,7.482,1,P08,B_rata16
TE,Agem Kanan,1,Tahan,C3,-4.142,-3.941,-7.351,2,P08,B_rata16
TE,Agem Kanan,1,Tahan,C4,-1.227,-0.075,-1.355,7,P08,B_rata16
TE,Agem Kanan,1,Tahan,F4,3.373,3.968,5.317,9,P08,B_rata16
TE,Agem Kanan,1,Tahan,F7,-3.305,-1.846,-1.094,6,P08,B_rata16
TE,Agem Kanan,1,Tahan,F8,2.841,5.713,1.788,4,P08,B_rata16
TE,Agem Kanan,1,Tahan,Fp2,0.966,3.463,0.108,4,P08,B_rata16
TE,Agem Kanan,1,Tahan,O1,-5.334,-1.955,0.011,3,P08,B_rata16
TE,Agem Kanan,1,Tahan,O2,-2.542,-1.921,-1.427,7,P08,B_rata16
TE,Agem Kanan,1,Tahan,P4,-2.479,-0.965,-1.691,7,P08,B_rata16
TE,Agem Kanan,1,Tahan,T3,-5.519,-2.676,-1.167,2,P08,B_rata16
TE,Agem Kanan,1,Tahan,T4,3.432,1.785,-0.502,6,P08,B_rata16
TE,Agem Kanan,1,Tahan,T5,4.721,6.622,9.449,5,P08,B_rata16
TE,Agem Kanan,1,Tahan,T6,-3.88,-0.925,-2.576,6,P08,B_rata16
TE,Agem Kanan,2,Berdiri,C3,2.856,1.524,0.256,13,P08,B_rata16
TE,Agem Kanan,2,Berdiri,C4,-2.726,-2.272,-3.359,9,P08,B_rata16
TE,Agem Kanan,2,Berdiri,F3,-0.061,1.053,-1.463,12,P08,B_rata16
TE,Agem Kanan,2,Berdiri,F4,2.15,2.313,-1.449,13,P08,B_rata16
TE,Agem Kanan,2,Berdiri,F7,-0.388,2.434,-0.196,11,P08,B_rata16
TE,Agem Kanan,2,Berdiri,F8,0.739,1.334,-0.786,13,P08,B_rata16
TE,Agem Kanan,2,Berdiri,Fp2,0.391,-0.123,-0.525,13,P08,B_rata16
TE,Agem Kanan,2,Berdiri,O1,-0.58,-0.708,-1.821,9,P08,B_rata16
TE,Agem Kanan,2,Berdiri,O2,2.361,1.559,0.134,13,P08,B_rata16
TE,Agem Kanan,2,Berdiri,P3,2.756,0.508,0.156,13,P08,B_rata16
TE,Agem Kanan,2,Berdiri,P4,-1.813,-1.618,-3.36,10,P08,B_rata16
TE,Agem Kanan,2,Berdiri,T3,-0.563,-1.468,-2.515,9,P08,B_rata16
TE,Agem Kanan,2,Berdiri,T4,1.986,0.965,-2.113,13,P08,B_rata16
TE,Agem Kanan,2,Berdiri,T5,1.217,-0.665,-0.878,13,P08,B_rata16
TE,Agem Kanan,2,Berdiri,T6,-0.683,-0.649,-1.393,13,P08,B_rata16
TE,Agem Kanan,2,Gerak,F3,-11.736,-7.3,-3.35,1,P08,B_rata16
TE,Agem Kanan,2,Gerak,F7,-0.097,1.211,-1.625,2,P08,B_rata16
TE,Agem Kanan,2,Gerak,F8,4.15,5.027,2.678,2,P08,B_rata16
TE,Agem Kanan,2,Gerak,Fp1,-0.671,2.83,0.966,2,P08,B_rata16
TE,Agem Kanan,2,Gerak,Fp2,3.712,3.849,0.664,2,P08,B_rata16
TE,Agem Kanan,2,Gerak,O1,2.185,3.887,-1.158,2,P08,B_rata16
TE,Agem Kanan,2,Gerak,T3,1.45,1.891,0.481,2,P08,B_rata16
TE,Agem Kanan,2,Gerak,T4,4.512,4.755,3.161,1,P08,B_rata16
TE,Agem Kanan,2,Naik,Fp1,6.638,-0.548,6.424,2,P08,B_rata16
TE,Agem Kanan,2,Naik,Fp2,-2.834,-2.931,-2.722,2,P08,B_rata16
TE,Agem Kanan,2,Naik,O1,-2.401,-2.859,-7.222,1,P08,B_rata16
TE,Agem Kanan,2,Naik,T4,0.089,-6.079,-1.066,1,P08,B_rata16
TE,Agem Kanan,2,Naik,T6,-9.189,-4.587,-6.194,1,P08,B_rata16
TE,Agem Kanan,2,Tahan,C3,1.712,3.558,2.393,7,P08,B_rata16
TE,Agem Kanan,2,Tahan,C4,-2.071,-0.564,-1.438,12,P08,B_rata16
TE,Agem Kanan,2,Tahan,F3,0.307,0.754,0.353,5,P08,B_rata16
TE,Agem Kanan,2,Tahan,F4,1.38,-1.788,-3.018,7,P08,B_rata16
TE,Agem Kanan,2,Tahan,F7,-1.242,0.762,-1.201,4,P08,B_rata16
TE,Agem Kanan,2,Tahan,F8,4.255,3.26,0.462,10,P08,B_rata16
TE,Agem Kanan,2,Tahan,Fp1,1.977,2.945,2.412,5,P08,B_rata16
TE,Agem Kanan,2,Tahan,Fp2,-1.779,1.647,1.131,8,P08,B_rata16
TE,Agem Kanan,2,Tahan,O1,-8.093,-6.439,-7.322,3,P08,B_rata16
TE,Agem Kanan,2,Tahan,O2,-2.005,-0.383,-2.372,12,P08,B_rata16
TE,Agem Kanan,2,Tahan,P3,2.207,3.722,2.684,7,P08,B_rata16
TE,Agem Kanan,2,Tahan,P4,1.058,0.249,1.738,12,P08,B_rata16
TE,Agem Kanan,2,Tahan,T3,-5.826,-3.26,-3.773,4,P08,B_rata16
TE,Agem Kanan,2,Tahan,T4,-1.393,-2.495,-3.654,12,P08,B_rata16
TE,Agem Kanan,2,Tahan,T5,2.328,2.102,1.024,12,P08,B_rata16
TE,Agem Kanan,2,Tahan,T6,4.775,-1.147,-3.149,12,P08,B_rata16
TE,Agem Kanan,3,Berdiri,C3,-3.081,-6.641,-8.349,3,P08,B_rata16
TE,Agem Kanan,3,Berdiri,C4,-5.481,-4.343,-5.339,10,P08,B_rata16
TE,Agem Kanan,3,Berdiri,F4,0.104,-5.773,-6.565,10,P08,B_rata16
TE,Agem Kanan,3,Berdiri,F8,-0.408,-3.984,-7.243,10,P08,B_rata16
TE,Agem Kanan,3,Berdiri,Fp2,-6.395,-5.932,-7.128,10,P08,B_rata16
TE,Agem Kanan,3,Berdiri,O1,-2.841,-7.11,-8.682,2,P08,B_rata16
TE,Agem Kanan,3,Berdiri,O2,1.625,0.248,-1.73,10,P08,B_rata16
TE,Agem Kanan,3,Berdiri,P4,-2.657,-9.457,-7.809,10,P08,B_rata16
TE,Agem Kanan,3,Berdiri,T4,-1.548,-4.345,-7.078,10,P08,B_rata16
TE,Agem Kanan,3,Berdiri,T5,2.25,-0.26,-1.203,10,P08,B_rata16
TE,Agem Kanan,3,Berdiri,T6,-3.603,-2.899,-5.866,10,P08,B_rata16
TE,Agem Kanan,3,Gerak,C3,-14.176,-11.509,-10.016,1,P08,B_rata16
TE,Agem Kanan,3,Gerak,C4,-10.021,-6.485,-3.601,1,P08,B_rata16
TE,Agem Kanan,3,Gerak,F4,-4.467,-8.406,-7.298,2,P08,B_rata16
TE,Agem Kanan,3,Gerak,F8,-9.724,-9.672,-7.894,1,P08,B_rata16
TE,Agem Kanan,3,Gerak,Fp2,-5.696,-3.294,-8.854,2,P08,B_rata16
TE,Agem Kanan,3,Gerak,O1,-13.462,-11.389,-9.666,1,P08,B_rata16
TE,Agem Kanan,3,Gerak,O2,-2.522,-9.966,-4.007,1,P08,B_rata16
TE,Agem Kanan,3,Gerak,P4,-4.605,-9.309,-4.104,1,P08,B_rata16
TE,Agem Kanan,3,Gerak,T4,-10.364,-13.241,-10.657,1,P08,B_rata16
TE,Agem Kanan,3,Gerak,T5,4.559,-0.258,0.723,2,P08,B_rata16
TE,Agem Kanan,3,Gerak,T6,-4.327,-4.894,-6.885,1,P08,B_rata16
TE,Agem Kanan,3,Naik,C3,-12.021,-4.492,-8.74,1,P08,B_rata16
TE,Agem Kanan,3,Naik,C4,-2.791,-1.571,-0.379,2,P08,B_rata16
TE,Agem Kanan,3,Naik,F3,-1.373,-1.655,-0.395,2,P08,B_rata16
TE,Agem Kanan,3,Naik,F4,-2.806,-0.52,-4.829,1,P08,B_rata16
TE,Agem Kanan,3,Naik,F7,-2.871,-4.602,0.06,2,P08,B_rata16
TE,Agem Kanan,3,Naik,Fp1,-9.038,-5.955,-5.183,2,P08,B_rata16
TE,Agem Kanan,3,Naik,Fp2,-4.493,-6.346,-5.247,1,P08,B_rata16
TE,Agem Kanan,3,Naik,O1,-4.839,-2.18,-4.824,1,P08,B_rata16
TE,Agem Kanan,3,Naik,O2,-1.287,2.224,-3.051,1,P08,B_rata16
TE,Agem Kanan,3,Naik,P3,-3.489,-1.134,-2.292,2,P08,B_rata16
TE,Agem Kanan,3,Naik,P4,4.684,4.821,2.793,2,P08,B_rata16
TE,Agem Kanan,3,Naik,T3,-7.694,-6.541,-6.962,1,P08,B_rata16
TE,Agem Kanan,3,Naik,T4,-7.036,-6.111,-5.799,1,P08,B_rata16
TE,Agem Kanan,3,Naik,T5,-1.345,-1.891,-0.737,1,P08,B_rata16
TE,Agem Kanan,3,Naik,T6,0.3,-4.904,-7.726,1,P08,B_rata16
TE,Agem Kanan,3,Tahan,C3,-0.806,-1.062,-3.005,9,P08,B_rata16
TE,Agem Kanan,3,Tahan,C4,-4.307,0.626,0.601,9,P08,B_rata16
TE,Agem Kanan,3,Tahan,F3,-1.637,-0.988,-2.4,9,P08,B_rata16
TE,Agem Kanan,3,Tahan,F4,-0.91,-2.072,-2.146,6,P08,B_rata16
TE,Agem Kanan,3,Tahan,F7,-2.316,-1.382,-3.02,9,P08,B_rata16
TE,Agem Kanan,3,Tahan,F8,6.594,4.068,0.76,2,P08,B_rata16
TE,Agem Kanan,3,Tahan,Fp1,-4.928,-5.3,-6.04,9,P08,B_rata16
TE,Agem Kanan,3,Tahan,Fp2,-2.84,-4.323,-3.805,7,P08,B_rata16
TE,Agem Kanan,3,Tahan,O1,-1.662,-0.007,-1.797,9,P08,B_rata16
TE,Agem Kanan,3,Tahan,O2,1.867,0.062,1.046,9,P08,B_rata16
TE,Agem Kanan,3,Tahan,P3,2.799,1.472,-1.018,9,P08,B_rata16
TE,Agem Kanan,3,Tahan,P4,5.466,2.186,3.159,9,P08,B_rata16
TE,Agem Kanan,3,Tahan,T3,-3.88,-2.449,-2.712,9,P08,B_rata16
TE,Agem Kanan,3,Tahan,T4,-3.177,-3.501,-5.961,6,P08,B_rata16
TE,Agem Kanan,3,Tahan,T5,4.54,1.917,0.013,9,P08,B_rata16
TE,Agem Kanan,3,Tahan,T6,-0.177,-3.814,-5.29,8,P08,B_rata16
TE,Agem Kanan,4,Berdiri,C3,-0.793,-1.643,-2.977,10,P08,B_rata16
TE,Agem Kanan,4,Berdiri,C4,-3.272,-2.225,-2.886,10,P08,B_rata16
TE,Agem Kanan,4,Berdiri,F3,-4.49,-5.872,-5.751,4,P08,B_rata16
TE,Agem Kanan,4,Berdiri,F4,2.637,-0.843,-2.115,10,P08,B_rata16
TE,Agem Kanan,4,Berdiri,F7,-1.38,-3.59,-3.91,6,P08,B_rata16
TE,Agem Kanan,4,Berdiri,F8,0.16,-2.315,-2.773,10,P08,B_rata16
TE,Agem Kanan,4,Berdiri,Fp1,-6.875,-7.207,-7.529,4,P08,B_rata16
TE,Agem Kanan,4,Berdiri,Fp2,-1.174,-2.694,-4.4,9,P08,B_rata16
TE,Agem Kanan,4,Berdiri,O1,-5.857,-5.1,-5.584,10,P08,B_rata16
TE,Agem Kanan,4,Berdiri,O2,2.905,0.468,-2.085,10,P08,B_rata16
TE,Agem Kanan,4,Berdiri,P3,-0.634,-0.346,-2.744,7,P08,B_rata16
TE,Agem Kanan,4,Berdiri,P4,-3.294,-2.323,-3.723,10,P08,B_rata16
TE,Agem Kanan,4,Berdiri,T4,-0.968,-3.742,-5.118,10,P08,B_rata16
TE,Agem Kanan,4,Berdiri,T5,1.611,0.449,-1.456,10,P08,B_rata16
TE,Agem Kanan,4,Berdiri,T6,1.436,-3.79,-4.502,10,P08,B_rata16
TE,Agem Kanan,4,Gerak,C3,-1.315,-5.438,-0.774,1,P08,B_rata16
TE,Agem Kanan,4,Gerak,C4,-2.361,-7.328,-6.428,1,P08,B_rata16
TE,Agem Kanan,4,Gerak,F3,-10.893,-12.099,-8.854,1,P08,B_rata16
TE,Agem Kanan,4,Gerak,F4,-3.793,-8.185,-7.283,1,P08,B_rata16
TE,Agem Kanan,4,Gerak,F7,-8.334,-8.875,-8.24,1,P08,B_rata16
TE,Agem Kanan,4,Gerak,F8,-4.601,-5.745,-7.383,1,P08,B_rata16
TE,Agem Kanan,4,Gerak,Fp1,-20.243,-22.971,-17.234,1,P08,B_rata16
TE,Agem Kanan,4,Gerak,Fp2,-4.108,-8.053,-4.913,1,P08,B_rata16
TE,Agem Kanan,4,Gerak,O1,-9.3,-17.171,-12.027,1,P08,B_rata16
TE,Agem Kanan,4,Gerak,O2,-0.289,-2.061,-6.295,1,P08,B_rata16
TE,Agem Kanan,4,Gerak,P3,-1.193,-4.577,-1.309,1,P08,B_rata16
TE,Agem Kanan,4,Gerak,P4,-3.149,-9.461,-5.728,1,P08,B_rata16
TE,Agem Kanan,4,Gerak,T3,-16.891,-23.229,-15.304,1,P08,B_rata16
TE,Agem Kanan,4,Gerak,T4,-3.007,-4.407,-2.964,1,P08,B_rata16
TE,Agem Kanan,4,Gerak,T5,2.75,-2.597,-4.204,2,P08,B_rata16
TE,Agem Kanan,4,Gerak,T6,-3.516,-5.123,-5.436,1,P08,B_rata16
TE,Agem Kanan,4,Naik,C3,2.055,1.186,-5.011,1,P08,B_rata16
TE,Agem Kanan,4,Naik,F3,1.009,-0.089,-6.457,1,P08,B_rata16
TE,Agem Kanan,4,Naik,F4,5.664,3.992,1.055,1,P08,B_rata16
TE,Agem Kanan,4,Naik,F7,0.234,0.706,-0.608,1,P08,B_rata16
TE,Agem Kanan,4,Naik,Fp1,-3.64,-5.722,1.314,1,P08,B_rata16
TE,Agem Kanan,4,Naik,O2,6.657,5.979,4.066,1,P08,B_rata16
TE,Agem Kanan,4,Naik,P4,1.202,1.061,1.617,1,P08,B_rata16
TE,Agem Kanan,4,Naik,T3,-0.703,1.126,7.571,1,P08,B_rata16
TE,Agem Kanan,4,Tahan,C3,4.122,3.669,3.423,11,P08,B_rata16
TE,Agem Kanan,4,Tahan,C4,6.588,5.666,6.803,5,P08,B_rata16
TE,Agem Kanan,4,Tahan,F3,1.843,4.782,4.968,11,P08,B_rata16
TE,Agem Kanan,4,Tahan,F4,7.284,5.343,7.514,7,P08,B_rata16
TE,Agem Kanan,4,Tahan,F7,3.541,5.68,5.911,11,P08,B_rata16
TE,Agem Kanan,4,Tahan,Fp1,-5.397,-2.179,-2.025,11,P08,B_rata16
TE,Agem Kanan,4,Tahan,Fp2,3.916,4.053,5.429,10,P08,B_rata16
TE,Agem Kanan,4,Tahan,O1,1.483,4.7,2.136,1,P08,B_rata16
TE,Agem Kanan,4,Tahan,O2,7.721,7.565,8.498,11,P08,B_rata16
TE,Agem Kanan,4,Tahan,P3,5.016,4.26,2.521,10,P08,B_rata16
TE,Agem Kanan,4,Tahan,P4,6.671,6.644,7.66,7,P08,B_rata16
TE,Agem Kanan,4,Tahan,T3,0.935,3.783,2.141,2,P08,B_rata16
TE,Agem Kanan,4,Tahan,T4,10.119,10.376,9.991,1,P08,B_rata16
TE,Agem Kanan,4,Tahan,T5,7.324,6.982,5.253,6,P08,B_rata16
TE,Agem Kanan,4,Tahan,T6,7.256,7.785,5.932,7,P08,B_rata16
TE,Agem Kiri,1,Berdiri,C3,-10.211,-8.99,-6.318,4,P08,B_rata16
TE,Agem Kiri,1,Berdiri,C4,-3.725,-3.857,-2.998,9,P08,B_rata16
TE,Agem Kiri,1,Berdiri,F4,-6.449,-6.711,-7.516,9,P08,B_rata16
TE,Agem Kiri,1,Berdiri,F7,-2.702,-2.226,-4.482,3,P08,B_rata16
TE,Agem Kiri,1,Berdiri,F8,2.14,0.276,1.134,9,P08,B_rata16
TE,Agem Kiri,1,Berdiri,Fp1,2.2,-0.18,1.473,7,P08,B_rata16
TE,Agem Kiri,1,Berdiri,Fp2,-3.341,-1.79,-0.743,9,P08,B_rata16
TE,Agem Kiri,1,Berdiri,O1,-6.877,-6.944,-6.366,4,P08,B_rata16
TE,Agem Kiri,1,Berdiri,O2,-1.495,-5.166,-4.378,9,P08,B_rata16
TE,Agem Kiri,1,Berdiri,P3,-8.679,-7.485,-5.62,4,P08,B_rata16
TE,Agem Kiri,1,Berdiri,P4,-4.125,-4.371,-3.468,9,P08,B_rata16
TE,Agem Kiri,1,Berdiri,T3,-4.412,-4.578,-4.259,4,P08,B_rata16
TE,Agem Kiri,1,Berdiri,T4,0.515,-2.541,-2.562,9,P08,B_rata16
TE,Agem Kiri,1,Berdiri,T5,0.139,-0.995,0.657,9,P08,B_rata16
TE,Agem Kiri,1,Berdiri,T6,-1.898,-4.093,-5.334,9,P08,B_rata16
TE,Agem Kiri,1,Gerak,C4,-6.634,4.28,-4.398,2,P08,B_rata16
TE,Agem Kiri,1,Gerak,F4,-1.142,1.884,-5.834,2,P08,B_rata16
TE,Agem Kiri,1,Gerak,F8,-2.769,-2.305,-3.552,1,P08,B_rata16
TE,Agem Kiri,1,Gerak,Fp2,-0.487,5.011,-2.275,2,P08,B_rata16
TE,Agem Kiri,1,Gerak,P4,-2.103,-2.095,-6.326,2,P08,B_rata16
TE,Agem Kiri,1,Gerak,T4,3.491,3.937,-5.716,2,P08,B_rata16
TE,Agem Kiri,1,Gerak,T5,6.957,10.459,-0.308,2,P08,B_rata16
TE,Agem Kiri,1,Gerak,T6,-0.169,1.486,-4.428,1,P08,B_rata16
TE,Agem Kiri,1,Naik,C3,0.646,0.353,-0.02,2,P08,B_rata16
TE,Agem Kiri,1,Naik,F3,3.466,2.264,3.138,2,P08,B_rata16
TE,Agem Kiri,1,Naik,F4,4.778,1.181,2.321,1,P08,B_rata16
TE,Agem Kiri,1,Naik,F7,-0.539,0.99,2.454,2,P08,B_rata16
TE,Agem Kiri,1,Naik,F8,0.036,2.536,2.353,1,P08,B_rata16
TE,Agem Kiri,1,Naik,Fp1,1.918,-3.788,-3.805,2,P08,B_rata16
TE,Agem Kiri,1,Naik,O1,-3.008,-4.91,2.089,2,P08,B_rata16
TE,Agem Kiri,1,Naik,O2,4.449,3.299,2.698,1,P08,B_rata16
TE,Agem Kiri,1,Naik,P3,-3.56,0.172,-0.381,2,P08,B_rata16
TE,Agem Kiri,1,Naik,T3,-5.528,0.447,1.783,2,P08,B_rata16
TE,Agem Kiri,1,Naik,T4,2.605,3.961,5.354,1,P08,B_rata16
TE,Agem Kiri,1,Naik,T5,0.882,-0.309,1.928,2,P08,B_rata16
TE,Agem Kiri,1,Tahan,C3,3.063,1.074,-0.861,10,P08,B_rata16
TE,Agem Kiri,1,Tahan,F3,-1.467,-2.58,-1.576,8,P08,B_rata16
TE,Agem Kiri,1,Tahan,F4,7.333,8.814,2.471,1,P08,B_rata16
TE,Agem Kiri,1,Tahan,F7,1.758,0.658,-0.566,10,P08,B_rata16
TE,Agem Kiri,1,Tahan,F8,1.775,4.429,1.271,1,P08,B_rata16
TE,Agem Kiri,1,Tahan,Fp1,-1.007,-1.541,0.252,8,P08,B_rata16
TE,Agem Kiri,1,Tahan,Fp2,4.687,5.274,3.197,4,P08,B_rata16
TE,Agem Kiri,1,Tahan,O1,1.579,1.632,-0.601,10,P08,B_rata16
TE,Agem Kiri,1,Tahan,O2,7.158,6.86,5.07,2,P08,B_rata16
TE,Agem Kiri,1,Tahan,P3,4.856,-0.68,-1.104,8,P08,B_rata16
TE,Agem Kiri,1,Tahan,T3,-0.926,-0.027,-1.047,10,P08,B_rata16
TE,Agem Kiri,1,Tahan,T4,3.748,4.371,4.564,10,P08,B_rata16
TE,Agem Kiri,1,Tahan,T6,8.178,6.071,2.362,2,P08,B_rata16
TE,Agem Kiri,2,Berdiri,C3,4.915,5.064,4.574,15,P08,B_rata16
TE,Agem Kiri,2,Berdiri,F3,6.379,6.483,3.986,15,P08,B_rata16
TE,Agem Kiri,2,Berdiri,F4,8.384,7.475,5.235,15,P08,B_rata16
TE,Agem Kiri,2,Berdiri,F7,7.921,7.883,5.354,12,P08,B_rata16
TE,Agem Kiri,2,Berdiri,F8,7.114,6.717,4.785,15,P08,B_rata16
TE,Agem Kiri,2,Berdiri,Fp1,-2.208,-1.789,-3.536,11,P08,B_rata16
TE,Agem Kiri,2,Berdiri,Fp2,6.945,6.382,5.605,13,P08,B_rata16
TE,Agem Kiri,2,Berdiri,O1,4.705,4.588,3.996,11,P08,B_rata16
TE,Agem Kiri,2,Berdiri,O2,6.832,7.765,5.64,15,P08,B_rata16
TE,Agem Kiri,2,Berdiri,P3,3.558,3.134,3.52,15,P08,B_rata16
TE,Agem Kiri,2,Berdiri,T3,5.69,6.323,4.276,15,P08,B_rata16
TE,Agem Kiri,2,Berdiri,T4,7.473,6.997,4.989,15,P08,B_rata16
TE,Agem Kiri,2,Berdiri,T5,5.805,6.497,3.016,15,P08,B_rata16
TE,Agem Kiri,2,Berdiri,T6,6.055,5.394,4.47,15,P08,B_rata16
TE,Agem Kiri,2,Gerak,C4,-1.424,-2.81,-7.312,2,P08,B_rata16
TE,Agem Kiri,2,Gerak,F7,-3.389,-8.309,-11.574,2,P08,B_rata16
TE,Agem Kiri,2,Gerak,F8,2.811,-2.019,-1.89,2,P08,B_rata16
TE,Agem Kiri,2,Gerak,O1,-11.223,-7.497,-6.92,1,P08,B_rata16
TE,Agem Kiri,2,Gerak,O2,4.178,3.318,-3.313,2,P08,B_rata16
TE,Agem Kiri,2,Gerak,P4,-2.318,-4.781,-7.973,2,P08,B_rata16
TE,Agem Kiri,2,Gerak,T3,-9.177,-7.956,-5.393,1,P08,B_rata16
TE,Agem Kiri,2,Gerak,T4,1.075,-3.024,-4.701,2,P08,B_rata16
TE,Agem Kiri,2,Gerak,T6,-0.046,-7.781,-9.466,2,P08,B_rata16
TE,Agem Kiri,2,Naik,C3,-2.262,1.741,-2.458,2,P08,B_rata16
TE,Agem Kiri,2,Naik,F3,2.331,-0.396,0.452,2,P08,B_rata16
TE,Agem Kiri,2,Naik,F7,2.823,2.585,0.866,2,P08,B_rata16
TE,Agem Kiri,2,Naik,Fp1,0.587,4.171,2.205,2,P08,B_rata16
TE,Agem Kiri,2,Naik,Fp2,9.426,10.233,8.241,1,P08,B_rata16
TE,Agem Kiri,2,Naik,O1,4.137,4.696,2.493,2,P08,B_rata16
TE,Agem Kiri,2,Naik,P3,5.91,6.018,3.877,2,P08,B_rata16
TE,Agem Kiri,2,Naik,T3,2.369,1.786,1.753,2,P08,B_rata16
TE,Agem Kiri,2,Naik,T4,9.84,10.183,7.973,1,P08,B_rata16
TE,Agem Kiri,2,Tahan,C3,4.28,1.7,0.059,5,P08,B_rata16
TE,Agem Kiri,2,Tahan,F3,0.548,-1.993,0.819,11,P08,B_rata16
TE,Agem Kiri,2,Tahan,F7,3.641,0.976,1.541,11,P08,B_rata16
TE,Agem Kiri,2,Tahan,Fp1,2.229,-0.655,0.606,5,P08,B_rata16
TE,Agem Kiri,2,Tahan,Fp2,2.44,5.836,7.223,3,P08,B_rata16
TE,Agem Kiri,2,Tahan,O1,3.607,2.665,2.768,9,P08,B_rata16
TE,Agem Kiri,2,Tahan,P3,9.925,6.541,2.117,1,P08,B_rata16
TE,Agem Kiri,2,Tahan,T3,1.066,-0.929,1.155,11,P08,B_rata16
TE,Agem Kiri,2,Tahan,T4,3.754,7.887,7.657,3,P08,B_rata16
TE,Agem Kiri,3,Berdiri,C3,7.959,5.913,5.493,10,P08,B_rata16
TE,Agem Kiri,3,Berdiri,C4,6.606,6.944,7.008,5,P08,B_rata16
TE,Agem Kiri,3,Berdiri,F3,6.068,5.709,5.599,10,P08,B_rata16
TE,Agem Kiri,3,Berdiri,F4,7.605,7.51,7.158,10,P08,B_rata16
TE,Agem Kiri,3,Berdiri,F7,7.021,6.202,6.227,8,P08,B_rata16
TE,Agem Kiri,3,Berdiri,F8,9.091,6.947,7.739,10,P08,B_rata16
TE,Agem Kiri,3,Berdiri,Fp1,4.524,4.248,3.472,9,P08,B_rata16
TE,Agem Kiri,3,Berdiri,Fp2,6.306,5.87,7.073,6,P08,B_rata16
TE,Agem Kiri,3,Berdiri,O2,8.372,8.724,8.424,10,P08,B_rata16
TE,Agem Kiri,3,Berdiri,P3,6.085,4.983,4.561,10,P08,B_rata16
TE,Agem Kiri,3,Berdiri,P4,9.029,7.647,8.427,10,P08,B_rata16
TE,Agem Kiri,3,Berdiri,T3,5.272,6.003,6.308,4,P08,B_rata16
TE,Agem Kiri,3,Berdiri,T4,7.315,6.797,6.362,10,P08,B_rata16
TE,Agem Kiri,3,Berdiri,T5,5.732,4.217,3.779,10,P08,B_rata16
TE,Agem Kiri,3,Berdiri,T6,5.6,5.644,4.131,10,P08,B_rata16
TE,Agem Kiri,3,Gerak,C3,4.784,-0.186,-5.461,1,P08,B_rata16
TE,Agem Kiri,3,Gerak,F3,-2.925,-3.107,-5.765,1,P08,B_rata16
TE,Agem Kiri,3,Gerak,F4,0.868,-1.163,-0.216,1,P08,B_rata16
TE,Agem Kiri,3,Gerak,Fp1,-3.752,-0.386,-5.094,1,P08,B_rata16
TE,Agem Kiri,3,Gerak,P3,-0.286,-1.722,-7.612,1,P08,B_rata16
TE,Agem Kiri,3,Gerak,P4,1.391,-2.98,-3.416,1,P08,B_rata16
TE,Agem Kiri,3,Gerak,T4,-3.736,-1.592,-5.186,1,P08,B_rata16
TE,Agem Kiri,3,Gerak,T5,8.353,4.264,-0.716,2,P08,B_rata16
TE,Agem Kiri,3,Naik,C4,-1.536,-2.261,-0.535,2,P08,B_rata16
TE,Agem Kiri,3,Naik,F4,0.654,-4.538,-1.933,1,P08,B_rata16
TE,Agem Kiri,3,Naik,F7,-7.266,-5.228,-1.676,2,P08,B_rata16
TE,Agem Kiri,3,Naik,F8,2.452,-3.893,-0.08,1,P08,B_rata16
TE,Agem Kiri,3,Naik,Fp1,-8.141,-7.408,-6.46,1,P08,B_rata16
TE,Agem Kiri,3,Naik,Fp2,1.169,1.417,2.436,2,P08,B_rata16
TE,Agem Kiri,3,Naik,O1,-7.247,-2.184,-2.296,2,P08,B_rata16
TE,Agem Kiri,3,Naik,O2,0.437,-7.072,-0.179,1,P08,B_rata16
TE,Agem Kiri,3,Naik,P4,5.852,3.226,0.53,2,P08,B_rata16
TE,Agem Kiri,3,Naik,T3,-10.019,-3.382,-1.723,2,P08,B_rata16
TE,Agem Kiri,3,Naik,T4,-8.474,-6.153,-4.808,1,P08,B_rata16
TE,Agem Kiri,3,Naik,T5,6.569,4.29,6.429,2,P08,B_rata16
TE,Agem Kiri,3,Tahan,C4,-3.614,-0.939,-5.144,4,P08,B_rata16
TE,Agem Kiri,3,Tahan,F7,-8.363,-7.052,-5.669,7,P08,B_rata16
TE,Agem Kiri,3,Tahan,F8,3.003,3.518,2.096,11,P08,B_rata16
TE,Agem Kiri,3,Tahan,Fp1,-1.915,-1.274,-0.11,6,P08,B_rata16
TE,Agem Kiri,3,Tahan,Fp2,-1.852,1.832,0.419,10,P08,B_rata16
TE,Agem Kiri,3,Tahan,O1,-0.754,3.381,1.346,6,P08,B_rata16
TE,Agem Kiri,3,Tahan,O2,-0.459,-0.649,0.908,7,P08,B_rata16
TE,Agem Kiri,3,Tahan,P4,0.656,-2.57,-2.871,6,P08,B_rata16
TE,Agem Kiri,3,Tahan,T3,-4.4,2.132,-0.06,7,P08,B_rata16
TE,Agem Kiri,3,Tahan,T4,-2.01,0.821,0.1,11,P08,B_rata16
TE,Agem Kiri,3,Tahan,T5,2.973,5.403,4.056,2,P08,B_rata16
TE,Agem Kiri,3,Tahan,T6,5.951,3.611,-2.423,4,P08,B_rata16
TE,Agem Kiri,4,Berdiri,C3,7.378,6.784,7.337,11,P08,B_rata16
TE,Agem Kiri,4,Berdiri,C4,6.526,7.348,9.409,9,P08,B_rata16
TE,Agem Kiri,4,Berdiri,F3,6.184,6.799,7.915,11,P08,B_rata16
TE,Agem Kiri,4,Berdiri,F4,7.449,9.114,9.048,15,P08,B_rata16
TE,Agem Kiri,4,Berdiri,F7,7.514,7.025,8.335,10,P08,B_rata16
TE,Agem Kiri,4,Berdiri,F8,6.972,6.375,9.499,6,P08,B_rata16
TE,Agem Kiri,4,Berdiri,Fp1,4.535,2.206,3.327,15,P08,B_rata16
TE,Agem Kiri,4,Berdiri,Fp2,5.672,5.352,7.491,9,P08,B_rata16
TE,Agem Kiri,4,Berdiri,O2,8.083,9.472,9.409,15,P08,B_rata16
TE,Agem Kiri,4,Berdiri,P3,5.438,7.644,6.743,15,P08,B_rata16
TE,Agem Kiri,4,Berdiri,P4,8.991,8.636,10.246,12,P08,B_rata16
TE,Agem Kiri,4,Berdiri,T3,7.767,8.114,8.074,1,P08,B_rata16
TE,Agem Kiri,4,Berdiri,T4,5.724,7.024,8.528,12,P08,B_rata16
TE,Agem Kiri,4,Berdiri,T5,5.531,7.07,6.09,15,P08,B_rata16
TE,Agem Kiri,4,Berdiri,T6,5.056,6.338,6.371,15,P08,B_rata16
TE,Agem Kiri,4,Gerak,T5,7.536,4.796,3.79,1,P08,B_rata16
TE,Agem Kiri,4,Gerak,T6,10.077,6.893,5.175,1,P08,B_rata16
TE,Agem Kiri,4,Naik,C3,0.956,-1.336,1.17,2,P08,B_rata16
TE,Agem Kiri,4,Naik,C4,3.077,1.006,1.898,2,P08,B_rata16
TE,Agem Kiri,4,Naik,F4,3.062,2.549,-1.822,2,P08,B_rata16
TE,Agem Kiri,4,Naik,F7,-0.136,0.256,3.371,2,P08,B_rata16
TE,Agem Kiri,4,Naik,F8,2.588,3.661,3.972,2,P08,B_rata16
TE,Agem Kiri,4,Naik,Fp2,0.711,2.153,1.727,2,P08,B_rata16
TE,Agem Kiri,4,Naik,O2,0.777,-2.882,-2.658,1,P08,B_rata16
TE,Agem Kiri,4,Naik,P3,-1.094,-3.725,0.342,2,P08,B_rata16
TE,Agem Kiri,4,Naik,P4,3.483,2.226,2.64,2,P08,B_rata16
TE,Agem Kiri,4,Naik,T3,-3.364,-2.388,1.162,2,P08,B_rata16
TE,Agem Kiri,4,Naik,T4,4.618,5.558,7.777,1,P08,B_rata16
TE,Agem Kiri,4,Naik,T5,4.855,6.067,4.029,2,P08,B_rata16
TE,Agem Kiri,4,Naik,T6,-2.021,-4.975,1.522,1,P08,B_rata16
TE,Agem Kiri,4,Tahan,C3,-3.64,-5.774,-3.326,3,P08,B_rata16
TE,Agem Kiri,4,Tahan,C4,-3.077,-1.901,-3.416,11,P08,B_rata16
TE,Agem Kiri,4,Tahan,F4,-3.552,-7.279,-6.694,3,P08,B_rata16
TE,Agem Kiri,4,Tahan,F8,-0.758,-1.028,-2.123,11,P08,B_rata16
TE,Agem Kiri,4,Tahan,Fp2,-1.169,-0.96,-0.091,11,P08,B_rata16
TE,Agem Kiri,4,Tahan,O1,-3.922,0.205,-1.21,11,P08,B_rata16
TE,Agem Kiri,4,Tahan,O2,-1.513,-0.594,-1.177,11,P08,B_rata16
TE,Agem Kiri,4,Tahan,P3,-6.838,-9.497,-7.28,3,P08,B_rata16
TE,Agem Kiri,4,Tahan,P4,1.109,0.318,-2.317,11,P08,B_rata16
TE,Agem Kiri,4,Tahan,T3,-5.187,0.362,-1.27,5,P08,B_rata16
TE,Agem Kiri,4,Tahan,T4,-3.435,-4.709,-5.564,8,P08,B_rata16
TE,Agem Kiri,4,Tahan,T5,6.562,3.641,3.851,9,P08,B_rata16
TE,Agem Kiri,4,Tahan,T6,-0.072,1.001,0.672,11,P08,B_rata16
TE,Ngeed,1,Berdiri,C3,1.269,-1.617,-3.469,4,P08,B_rata16
TE,Ngeed,1,Berdiri,C4,-0.825,-2.711,-3.392,11,P08,B_rata16
TE,Ngeed,1,Berdiri,F3,-10.352,-7.291,-7.113,2,P08,B_rata16
TE,Ngeed,1,Berdiri,F4,-7.607,-7.987,-6.074,7,P08,B_rata16
TE,Ngeed,1,Berdiri,F7,-4.994,-4.059,-4.949,9,P08,B_rata16
TE,Ngeed,1,Berdiri,F8,0.331,1.518,1.011,13,P08,B_rata16
TE,Ngeed,1,Berdiri,Fp1,1.743,3.971,3.245,5,P08,B_rata16
TE,Ngeed,1,Berdiri,Fp2,0.792,1.539,0.8,13,P08,B_rata16
TE,Ngeed,1,Berdiri,O1,-4.359,-0.95,-4.567,6,P08,B_rata16
TE,Ngeed,1,Berdiri,O2,-6.006,-6.444,-3.953,8,P08,B_rata16
TE,Ngeed,1,Berdiri,P3,2.502,-0.477,-2.913,3,P08,B_rata16
TE,Ngeed,1,Berdiri,P4,-3.825,-5.328,-4.444,9,P08,B_rata16
TE,Ngeed,1,Berdiri,T3,-3.208,-1.422,-3.305,9,P08,B_rata16
TE,Ngeed,1,Berdiri,T4,-3.138,-1.324,-1.997,13,P08,B_rata16
TE,Ngeed,1,Berdiri,T5,0.02,-1.883,0.042,7,P08,B_rata16
TE,Ngeed,1,Berdiri,T6,-7.351,-8.072,-7.5,8,P08,B_rata16
TE,Ngeed,1,Gerak,C3,-0.985,-3.735,-1.762,3,P08,B_rata16
TE,Ngeed,1,Gerak,F3,1.007,1.032,-0.428,3,P08,B_rata16
TE,Ngeed,1,Gerak,F7,-0.434,3.915,-0.724,3,P08,B_rata16
TE,Ngeed,1,Gerak,F8,5.424,7.337,3.774,3,P08,B_rata16
TE,Ngeed,1,Gerak,Fp1,-0.594,1.554,-2.033,3,P08,B_rata16
TE,Ngeed,1,Gerak,Fp2,5.381,7.804,5.888,3,P08,B_rata16
TE,Ngeed,1,Gerak,O1,3.88,0.384,1.565,3,P08,B_rata16
TE,Ngeed,1,Gerak,P3,1.675,-2.922,-0.998,3,P08,B_rata16
TE,Ngeed,1,Gerak,T3,-0.135,2.85,-0.292,3,P08,B_rata16
TE,Ngeed,1,Gerak,T4,5.049,6.832,4.303,3,P08,B_rata16
TE,Ngeed,1,Naik,C3,-3.737,-5.202,-0.315,2,P08,B_rata16
TE,Ngeed,1,Naik,F3,-4.67,-6.189,-6.551,2,P08,B_rata16
TE,Ngeed,1,Naik,F7,-1.292,-2.737,0.373,2,P08,B_rata16
TE,Ngeed,1,Naik,O1,-0.813,-3.129,-0.414,2,P08,B_rata16
TE,Ngeed,1,Naik,P3,1.196,-3.713,4.086,1,P08,B_rata16
TE,Ngeed,1,Naik,T3,-1.906,-1.9,0.259,2,P08,B_rata16
TE,Ngeed,1,Naik,T4,9.365,3.053,9.822,1,P08,B_rata16
TE,Ngeed,1,Tahan,C4,-7.246,-5.159,-9.961,1,P08,B_rata16
TE,Ngeed,1,Tahan,F3,-4.366,-5.297,-4.925,2,P08,B_rata16
TE,Ngeed,1,Tahan,F7,-9.244,-7.825,-6.032,4,P08,B_rata16
TE,Ngeed,1,Tahan,F8,-1.353,0.704,-4.496,3,P08,B_rata16
TE,Ngeed,1,Tahan,Fp1,2.824,3.457,1.512,5,P08,B_rata16
TE,Ngeed,1,Tahan,Fp2,2.15,3.858,2.225,6,P08,B_rata16
TE,Ngeed,1,Tahan,O1,-4.879,-2.509,-1.254,5,P08,B_rata16
TE,Ngeed,1,Tahan,T3,-9.519,-5.708,-4.859,4,P08,B_rata16
TE,Ngeed,1,Tahan,T4,-0.866,1.782,-0.738,6,P08,B_rata16
TE,Ngeed,2,Berdiri,C3,-0.816,-2.795,5.842,7,P08,B_rata16
TE,Ngeed,2,Berdiri,C4,-7.662,-5.504,2.835,11,P08,B_rata16
TE,Ngeed,2,Berdiri,F3,-8.961,-7.891,2.057,6,P08,B_rata16
TE,Ngeed,2,Berdiri,F4,-3.221,-8.057,-0.571,10,P08,B_rata16
TE,Ngeed,2,Berdiri,F7,-8.435,-7.636,1.236,11,P08,B_rata16
TE,Ngeed,2,Berdiri,F8,-1.908,-2.423,5.918,11,P08,B_rata16
TE,Ngeed,2,Berdiri,Fp1,0.61,-1.268,6.422,3,P08,B_rata16
TE,Ngeed,2,Berdiri,Fp2,-3.382,-3.896,4.97,11,P08,B_rata16
TE,Ngeed,2,Berdiri,O1,-11.009,-13.012,-7.597,11,P08,B_rata16
TE,Ngeed,2,Berdiri,O2,-5.918,-6.699,-2.552,10,P08,B_rata16
TE,Ngeed,2,Berdiri,P3,-0.143,-1.203,6.071,6,P08,B_rata16
TE,Ngeed,2,Berdiri,P4,-7.066,-6.339,2.054,11,P08,B_rata16
TE,Ngeed,2,Berdiri,T3,-7.053,-7.176,-0.234,11,P08,B_rata16
TE,Ngeed,2,Berdiri,T4,-4.236,-7.33,1.907,11,P08,B_rata16
TE,Ngeed,2,Berdiri,T5,-4.79,-5.594,-0.054,10,P08,B_rata16
TE,Ngeed,2,Berdiri,T6,-9.277,-10.244,-5.055,10,P08,B_rata16
TE,Ngeed,2,Gerak,C3,0.657,-5.893,-3.682,2,P08,B_rata16
TE,Ngeed,2,Gerak,F3,2.862,-2.141,-2.849,2,P08,B_rata16
TE,Ngeed,2,Gerak,F7,2.54,1.864,-0.836,2,P08,B_rata16
TE,Ngeed,2,Gerak,F8,6.271,3.95,2.257,2,P08,B_rata16
TE,Ngeed,2,Gerak,Fp1,-4.326,-0.224,-1.118,2,P08,B_rata16
TE,Ngeed,2,Gerak,Fp2,7.352,5.695,3.034,2,P08,B_rata16
TE,Ngeed,2,Gerak,O1,6.199,-0.399,-0.514,2,P08,B_rata16
TE,Ngeed,2,Gerak,P3,2.242,-4.064,-1.311,1,P08,B_rata16
TE,Ngeed,2,Gerak,T3,2.736,0.066,-1.4,2,P08,B_rata16
TE,Ngeed,2,Gerak,T4,6.414,4.404,3.911,2,P08,B_rata16
TE,Ngeed,2,Naik,F3,-6.87,3.452,2.464,1,P08,B_rata16
TE,Ngeed,2,Naik,F7,-2.559,-1.991,1.765,2,P08,B_rata16
TE,Ngeed,2,Naik,O1,2.708,4.23,4.307,2,P08,B_rata16
TE,Ngeed,2,Naik,T3,-1.322,-0.761,2.094,2,P08,B_rata16
TE,Ngeed,2,Tahan,C3,-0.648,1.953,2.175,4,P08,B_rata16
TE,Ngeed,2,Tahan,C4,-5.228,-0.531,-0.8,10,P08,B_rata16
TE,Ngeed,2,Tahan,F3,-5.813,-6.527,-3.944,3,P08,B_rata16
TE,Ngeed,2,Tahan,F4,-7.454,-6.215,-7.404,7,P08,B_rata16
TE,Ngeed,2,Tahan,F7,-8.13,-5.375,-3.526,7,P08,B_rata16
TE,Ngeed,2,Tahan,F8,-0.778,3.627,2.256,11,P08,B_rata16
TE,Ngeed,2,Tahan,Fp1,-5.183,3.842,-0.85,1,P08,B_rata16
TE,Ngeed,2,Tahan,Fp2,0.945,4.765,3.119,11,P08,B_rata16
TE,Ngeed,2,Tahan,O1,-8.046,-4.024,-6.283,7,P08,B_rata16
TE,Ngeed,2,Tahan,O2,-8.013,-1.333,-1.251,8,P08,B_rata16
TE,Ngeed,2,Tahan,P3,-0.583,2.191,2.378,4,P08,B_rata16
TE,Ngeed,2,Tahan,P4,-5.235,-2.275,-1.866,8,P08,B_rata16
TE,Ngeed,2,Tahan,T3,-10.142,-8.038,-5.99,7,P08,B_rata16
TE,Ngeed,2,Tahan,T4,-2.31,1.978,0.145,11,P08,B_rata16
TE,Ngeed,2,Tahan,T5,-3.172,2.864,2.345,6,P08,B_rata16
TE,Ngeed,2,Tahan,T6,-5.731,-7.003,-9.15,8,P08,B_rata16
TE,Ngeed,3,Berdiri,C3,0.406,-2.985,-4.858,5,P08,B_rata16
TE,Ngeed,3,Berdiri,C4,2.293,1.692,2.783,13,P08,B_rata16
TE,Ngeed,3,Berdiri,F3,0.275,-1.123,-2.098,7,P08,B_rata16
TE,Ngeed,3,Berdiri,F4,0.8,2.164,2.792,13,P08,B_rata16
TE,Ngeed,3,Berdiri,F7,0.144,0.818,0.648,10,P08,B_rata16
TE,Ngeed,3,Berdiri,F8,4.21,2.032,3.73,13,P08,B_rata16
TE,Ngeed,3,Berdiri,Fp1,1.33,-0.474,1.611,13,P08,B_rata16
TE,Ngeed,3,Berdiri,Fp2,1.765,0.815,1.927,13,P08,B_rata16
TE,Ngeed,3,Berdiri,O1,4.408,3.283,4.277,13,P08,B_rata16
TE,Ngeed,3,Berdiri,O2,2.179,3.21,0.509,5,P08,B_rata16
TE,Ngeed,3,Berdiri,P3,-0.829,-3.059,-4.771,5,P08,B_rata16
TE,Ngeed,3,Berdiri,P4,3.02,1.671,2.91,13,P08,B_rata16
TE,Ngeed,3,Berdiri,T3,3.428,2.918,4.572,13,P08,B_rata16
TE,Ngeed,3,Berdiri,T4,-0.235,0.42,2.165,13,P08,B_rata16
TE,Ngeed,3,Berdiri,T6,2.165,0.855,-1.698,1,P08,B_rata16
TE,Ngeed,3,Gerak,C3,1.771,-4.03,-5.17,1,P08,B_rata16
TE,Ngeed,3,Gerak,C4,2.272,0.441,-5.816,2,P08,B_rata16
TE,Ngeed,3,Gerak,F3,-1.229,-4.854,-4.947,2,P08,B_rata16
TE,Ngeed,3,Gerak,F4,9.183,5.584,1.616,2,P08,B_rata16
TE,Ngeed,3,Gerak,F7,3.109,-0.964,-4.712,2,P08,B_rata16
TE,Ngeed,3,Gerak,F8,6.251,1.171,0.254,2,P08,B_rata16
TE,Ngeed,3,Gerak,Fp2,5.606,0.891,0.076,2,P08,B_rata16
TE,Ngeed,3,Gerak,O2,6.348,-0.475,-1.283,2,P08,B_rata16
TE,Ngeed,3,Gerak,P3,1.294,-2.088,-3.843,1,P08,B_rata16
TE,Ngeed,3,Gerak,P4,1.555,-0.128,-5.533,2,P08,B_rata16
TE,Ngeed,3,Gerak,T3,3.0,1.062,-1.628,2,P08,B_rata16
TE,Ngeed,3,Gerak,T4,5.09,0.281,-0.253,2,P08,B_rata16
TE,Ngeed,3,Gerak,T6,3.302,-0.78,-4.995,1,P08,B_rata16
TE,Ngeed,3,Naik,C3,4.918,2.35,-1.337,2,P08,B_rata16
TE,Ngeed,3,Naik,C4,6.402,5.157,0.269,2,P08,B_rata16
TE,Ngeed,3,Naik,F3,4.729,2.504,-1.312,2,P08,B_rata16
TE,Ngeed,3,Naik,F4,5.03,2.242,-0.327,2,P08,B_rata16
TE,Ngeed,3,Naik,F7,5.75,3.929,0.03,2,P08,B_rata16
TE,Ngeed,3,Naik,F8,5.134,4.512,-0.539,2,P08,B_rata16
TE,Ngeed,3,Naik,Fp1,-4.599,-4.916,-2.193,2,P08,B_rata16
TE,Ngeed,3,Naik,Fp2,2.695,2.54,1.558,2,P08,B_rata16
TE,Ngeed,3,Naik,O1,5.432,4.446,-1.406,2,P08,B_rata16
TE,Ngeed,3,Naik,O2,5.067,4.074,-0.764,2,P08,B_rata16
TE,Ngeed,3,Naik,P3,5.072,2.609,-1.909,2,P08,B_rata16
TE,Ngeed,3,Naik,P4,5.074,3.7,-0.559,2,P08,B_rata16
TE,Ngeed,3,Naik,T3,4.434,3.29,-1.66,2,P08,B_rata16
TE,Ngeed,3,Naik,T4,3.847,2.183,-1.652,2,P08,B_rata16
TE,Ngeed,3,Naik,T5,-2.826,-0.404,-4.042,2,P08,B_rata16
TE,Ngeed,3,Naik,T6,2.727,-1.485,-3.3,2,P08,B_rata16
TE,Ngeed,3,Tahan,C3,0.302,-2.102,-0.076,9,P08,B_rata16
TE,Ngeed,3,Tahan,C4,-1.47,-2.428,-1.181,11,P08,B_rata16
TE,Ngeed,3,Tahan,F3,-5.913,-4.997,-5.928,3,P08,B_rata16
TE,Ngeed,3,Tahan,F4,-5.945,-5.324,-4.303,7,P08,B_rata16
TE,Ngeed,3,Tahan,F7,-5.851,-3.607,-4.267,3,P08,B_rata16
TE,Ngeed,3,Tahan,F8,-4.04,-4.91,-2.279,11,P08,B_rata16
TE,Ngeed,3,Tahan,Fp1,-10.59,-17.252,-13.519,1,P08,B_rata16
TE,Ngeed,3,Tahan,Fp2,-2.483,-2.336,-1.646,11,P08,B_rata16
TE,Ngeed,3,Tahan,O1,-7.332,-7.143,-3.494,7,P08,B_rata16
TE,Ngeed,3,Tahan,O2,0.179,-0.851,-0.839,11,P08,B_rata16
TE,Ngeed,3,Tahan,P3,0.386,-0.571,0.344,6,P08,B_rata16
TE,Ngeed,3,Tahan,P4,-3.306,-3.226,-2.504,11,P08,B_rata16
TE,Ngeed,3,Tahan,T3,-6.134,-5.522,-6.855,3,P08,B_rata16
TE,Ngeed,3,Tahan,T4,-3.769,-5.552,-4.921,11,P08,B_rata16
TE,Ngeed,3,Tahan,T5,3.001,-0.179,0.579,11,P08,B_rata16
TE,Ngeed,3,Tahan,T6,-2.492,-5.782,-4.52,11,P08,B_rata16
TE,Ngeed,4,Berdiri,C4,-0.743,0.265,-1.348,12,P08,B_rata16
TE,Ngeed,4,Berdiri,F4,-1.466,-4.794,-4.171,12,P08,B_rata16
TE,Ngeed,4,Berdiri,F7,-10.127,-6.603,-6.562,4,P08,B_rata16
TE,Ngeed,4,Berdiri,F8,0.259,-1.712,-2.506,12,P08,B_rata16
TE,Ngeed,4,Berdiri,Fp1,1.209,2.201,0.321,10,P08,B_rata16
TE,Ngeed,4,Berdiri,Fp2,-1.232,-1.088,-2.503,12,P08,B_rata16
TE,Ngeed,4,Berdiri,O1,2.98,1.643,-1.424,8,P08,B_rata16
TE,Ngeed,4,Berdiri,O2,-3.702,-3.528,-2.719,8,P08,B_rata16
TE,Ngeed,4,Berdiri,P4,-2.155,-1.62,-2.79,12,P08,B_rata16
TE,Ngeed,4,Berdiri,T3,1.308,1.533,0.458,9,P08,B_rata16
TE,Ngeed,4,Berdiri,T4,-2.862,-2.76,-4.02,12,P08,B_rata16
TE,Ngeed,4,Berdiri,T6,-3.636,-4.535,-8.338,1,P08,B_rata16
TE,Ngeed,4,Gerak,F4,-0.777,-3.49,-5.796,2,P08,B_rata16
TE,Ngeed,4,Gerak,F8,3.986,-3.423,-1.927,2,P08,B_rata16
TE,Ngeed,4,Gerak,Fp2,3.039,-3.911,-1.696,2,P08,B_rata16
TE,Ngeed,4,Gerak,O2,8.34,-2.0,-1.073,1,P08,B_rata16
TE,Ngeed,4,Gerak,P4,5.218,-1.478,-1.714,2,P08,B_rata16
TE,Ngeed,4,Gerak,T3,-1.087,1.355,-1.187,1,P08,B_rata16
TE,Ngeed,4,Gerak,T4,2.167,-7.82,-4.706,2,P08,B_rata16
TE,Ngeed,4,Gerak,T5,-0.418,0.697,-1.026,2,P08,B_rata16
TE,Ngeed,4,Gerak,T6,3.712,-3.688,-4.075,2,P08,B_rata16
TE,Ngeed,4,Naik,C3,-4.217,-3.119,-2.495,2,P08,B_rata16
TE,Ngeed,4,Naik,C4,-2.788,0.581,1.092,2,P08,B_rata16
TE,Ngeed,4,Naik,F3,-9.837,-3.445,-4.06,2,P08,B_rata16
TE,Ngeed,4,Naik,F4,-7.212,-0.371,-0.052,2,P08,B_rata16
TE,Ngeed,4,Naik,F7,-5.587,-1.045,-2.885,2,P08,B_rata16
TE,Ngeed,4,Naik,F8,-4.542,-0.585,-0.035,2,P08,B_rata16
TE,Ngeed,4,Naik,Fp1,-4.937,-5.343,-3.73,2,P08,B_rata16
TE,Ngeed,4,Naik,Fp2,-4.192,-5.388,-0.051,2,P08,B_rata16
TE,Ngeed,4,Naik,O1,-4.727,1.243,0.439,2,P08,B_rata16
TE,Ngeed,4,Naik,O2,-5.896,1.253,-2.285,2,P08,B_rata16
TE,Ngeed,4,Naik,P3,-5.389,-1.995,-1.795,2,P08,B_rata16
TE,Ngeed,4,Naik,P4,-2.181,-1.64,0.077,2,P08,B_rata16
TE,Ngeed,4,Naik,T3,-2.435,-0.542,0.692,2,P08,B_rata16
TE,Ngeed,4,Naik,T4,-4.393,-2.06,-1.721,2,P08,B_rata16
TE,Ngeed,4,Naik,T5,-6.342,1.021,-3.16,2,P08,B_rata16
TE,Ngeed,4,Naik,T6,-5.063,-3.459,-3.066,2,P08,B_rata16
TE,Ngeed,4,Tahan,C3,-0.133,-0.572,-0.906,12,P08,B_rata16
TE,Ngeed,4,Tahan,C4,2.746,3.126,4.052,12,P08,B_rata16
TE,Ngeed,4,Tahan,F3,-0.195,-0.415,-1.095,12,P08,B_rata16
TE,Ngeed,4,Tahan,F4,1.477,0.255,0.396,12,P08,B_rata16
TE,Ngeed,4,Tahan,F7,0.141,1.352,0.42,12,P08,B_rata16
TE,Ngeed,4,Tahan,F8,1.354,1.788,2.754,12,P08,B_rata16
TE,Ngeed,4,Tahan,Fp1,-1.69,-0.968,-1.679,11,P08,B_rata16
TE,Ngeed,4,Tahan,Fp2,1.01,1.56,1.2,12,P08,B_rata16
TE,Ngeed,4,Tahan,O1,2.415,2.901,1.607,12,P08,B_rata16
TE,Ngeed,4,Tahan,O2,3.057,2.542,1.222,12,P08,B_rata16
TE,Ngeed,4,Tahan,P3,-0.145,-0.58,-1.048,12,P08,B_rata16
TE,Ngeed,4,Tahan,P4,1.526,1.673,3.109,12,P08,B_rata16
TE,Ngeed,4,Tahan,T3,1.446,1.862,2.27,12,P08,B_rata16
TE,Ngeed,4,Tahan,T4,-0.506,-0.045,0.906,12,P08,B_rata16
TE,Ngeed,4,Tahan,T5,-0.32,-0.22,-1.595,12,P08,B_rata16
TE,Ngeed,4,Tahan,T6,-1.282,-0.996,-2.202,12,P08,B_rata16
TE,Agem Kanan,1,Berdiri,C3-P3,0.404,-2.727,-0.189,5,P08,C_bipolar
TE,Agem Kanan,1,Berdiri,C4-P4,-2.563,-3.294,-1.58,11,P08,C_bipolar
TE,Agem Kanan,1,Berdiri,F3-C3,3.45,4.215,1.543,2,P08,C_bipolar
TE,Agem Kanan,1,Berdiri,F4-C4,0.233,-0.102,0.423,9,P08,C_bipolar
TE,Agem Kanan,1,Berdiri,F7-T3,-3.583,-1.508,-1.444,1,P08,C_bipolar
TE,Agem Kanan,1,Berdiri,F8-T4,9.125,7.611,4.734,11,P08,C_bipolar
TE,Agem Kanan,1,Berdiri,Fp2-F4,2.255,2.803,2.4,9,P08,C_bipolar
TE,Agem Kanan,1,Berdiri,Fp2-F8,4.211,2.907,0.156,11,P08,C_bipolar
TE,Agem Kanan,1,Berdiri,P3-O1,-4.858,-1.34,-4.049,1,P08,C_bipolar
TE,Agem Kanan,1,Berdiri,P4-O2,2.667,0.703,1.037,10,P08,C_bipolar
TE,Agem Kanan,1,Berdiri,T3-T5,-5.91,-6.574,-5.591,1,P08,C_bipolar
TE,Agem Kanan,1,Berdiri,T4-T6,1.887,0.381,-0.969,10,P08,C_bipolar
TE,Agem Kanan,1,Berdiri,T5-O1,-5.007,-7.603,-6.848,1,P08,C_bipolar
TE,Agem Kanan,1,Berdiri,T6-O2,0.735,-0.418,-1.006,10,P08,C_bipolar
TE,Agem Kanan,1,Gerak,F7-T3,3.19,-1.178,1.49,2,P08,C_bipolar
TE,Agem Kanan,1,Gerak,F8-T4,-2.83,-2.267,1.478,2,P08,C_bipolar
TE,Agem Kanan,1,Gerak,Fp1-F7,-3.042,-0.113,-0.751,2,P08,C_bipolar
TE,Agem Kanan,1,Gerak,Fp2-F8,1.45,1.478,4.519,2,P08,C_bipolar
TE,Agem Kanan,1,Naik,F7-T3,-3.801,0.28,-1.709,2,P08,C_bipolar
TE,Agem Kanan,1,Naik,F8-T4,4.76,9.389,3.64,2,P08,C_bipolar
TE,Agem Kanan,1,Naik,Fp1-F7,1.443,7.56,5.298,2,P08,C_bipolar
TE,Agem Kanan,1,Naik,Fp2-F8,6.239,7.929,7.313,1,P08,C_bipolar
TE,Agem Kanan,1,Tahan,C3-P3,1.824,5.522,2.183,3,P08,C_bipolar
TE,Agem Kanan,1,Tahan,C4-P4,0.544,-0.214,1.866,10,P08,C_bipolar
TE,Agem Kanan,1,Tahan,F3-C3,-3.348,4.389,2.816,3,P08,C_bipolar
TE,Agem Kanan,1,Tahan,F4-C4,3.102,4.675,5.615,10,P08,C_bipolar
TE,Agem Kanan,1,Tahan,F7-T3,-7.981,-8.017,-6.079,5,P08,C_bipolar
TE,Agem Kanan,1,Tahan,F8-T4,10.335,11.117,8.944,10,P08,C_bipolar
TE,Agem Kanan,1,Tahan,Fp1-F3,-5.128,0.837,-3.42,3,P08,C_bipolar
TE,Agem Kanan,1,Tahan,Fp1-F7,-5.52,-0.307,-2.755,5,P08,C_bipolar
TE,Agem Kanan,1,Tahan,Fp2-F4,5.024,7.484,4.777,4,P08,C_bipolar
TE,Agem Kanan,1,Tahan,Fp2-F8,6.975,6.686,4.023,2,P08,C_bipolar
TE,Agem Kanan,1,Tahan,P3-O1,-3.576,-1.029,-1.204,3,P08,C_bipolar
TE,Agem Kanan,1,Tahan,P4-O2,1.746,1.478,2.507,9,P08,C_bipolar
TE,Agem Kanan,1,Tahan,T3-T5,-4.773,-5.051,-1.781,3,P08,C_bipolar
TE,Agem Kanan,1,Tahan,T4-T6,6.549,6.496,1.55,5,P08,C_bipolar
TE,Agem Kanan,1,Tahan,T5-O1,-4.446,-6.892,-3.332,3,P08,C_bipolar
TE,Agem Kanan,1,Tahan,T6-O2,0.048,0.407,-1.483,6,P08,C_bipolar
TE,Agem Kanan,2,Berdiri,C3-P3,2.726,1.463,0.614,13,P08,C_bipolar
TE,Agem Kanan,2,Berdiri,C4-P4,-2.491,-1.289,-2.369,9,P08,C_bipolar
TE,Agem Kanan,2,Berdiri,F3-C3,0.997,2.436,1.615,12,P08,C_bipolar
TE,Agem Kanan,2,Berdiri,F4-C4,-2.807,-1.404,-2.398,9,P08,C_bipolar
TE,Agem Kanan,2,Berdiri,F7-T3,1.917,4.486,2.521,9,P08,C_bipolar
TE,Agem Kanan,2,Berdiri,F8-T4,8.155,5.883,2.905,13,P08,C_bipolar
TE,Agem Kanan,2,Berdiri,Fp2-F4,2.241,0.912,0.385,13,P08,C_bipolar
TE,Agem Kanan,2,Berdiri,Fp2-F8,5.256,2.423,-0.121,13,P08,C_bipolar
TE,Agem Kanan,2,Berdiri,P3-O1,0.364,-0.678,0.489,9,P08,C_bipolar
TE,Agem Kanan,2,Berdiri,P4-O2,3.514,1.438,-0.675,10,P08,C_bipolar
TE,Agem Kanan,2,Berdiri,T3-T5,-0.295,-0.911,-3.256,9,P08,C_bipolar
TE,Agem Kanan,2,Berdiri,T4-T6,3.136,1.611,-1.738,13,P08,C_bipolar
TE,Agem Kanan,2,Berdiri,T5-O1,1.715,0.7,-1.277,9,P08,C_bipolar
TE,Agem Kanan,2,Berdiri,T6-O2,1.917,-0.063,-1.035,13,P08,C_bipolar
TE,Agem Kanan,2,Gerak,F7-T3,1.982,-0.307,-0.885,2,P08,C_bipolar
TE,Agem Kanan,2,Gerak,F8-T4,1.221,4.183,-1.277,2,P08,C_bipolar
TE,Agem Kanan,2,Gerak,Fp1-F3,-2.804,2.232,2.604,1,P08,C_bipolar
TE,Agem Kanan,2,Gerak,Fp1-F7,1.23,3.98,-1.917,2,P08,C_bipolar
TE,Agem Kanan,2,Gerak,Fp2-F8,-3.205,4.247,-2.27,1,P08,C_bipolar
TE,Agem Kanan,2,Naik,T4-T6,3.671,-3.045,-2.608,1,P08,C_bipolar
TE,Agem Kanan,2,Tahan,C3-P3,-0.914,1.567,0.041,7,P08,C_bipolar
TE,Agem Kanan,2,Tahan,C4-P4,4.682,3.146,5.397,12,P08,C_bipolar
TE,Agem Kanan,2,Tahan,F3-C3,-1.223,0.679,2.547,5,P08,C_bipolar
TE,Agem Kanan,2,Tahan,F4-C4,-0.176,0.961,-0.109,7,P08,C_bipolar
TE,Agem Kanan,2,Tahan,F7-T3,-1.437,-0.449,-0.6,4,P08,C_bipolar
TE,Agem Kanan,2,Tahan,F8-T4,12.504,10.341,6.7,10,P08,C_bipolar
TE,Agem Kanan,2,Tahan,Fp2-F4,3.536,5.596,3.511,8,P08,C_bipolar
TE,Agem Kanan,2,Tahan,Fp2-F8,12.984,10.805,6.467,6,P08,C_bipolar
TE,Agem Kanan,2,Tahan,P3-O1,-0.401,-1.2,-1.808,3,P08,C_bipolar
TE,Agem Kanan,2,Tahan,P4-O2,2.052,2.403,3.41,12,P08,C_bipolar
TE,Agem Kanan,2,Tahan,T3-T5,-5.862,-4.921,-6.97,4,P08,C_bipolar
TE,Agem Kanan,2,Tahan,T4-T6,5.572,0.269,-2.582,12,P08,C_bipolar
TE,Agem Kanan,2,Tahan,T5-O1,-4.19,-6.109,-7.519,3,P08,C_bipolar
TE,Agem Kanan,2,Tahan,T6-O2,5.948,0.769,-1.781,12,P08,C_bipolar
TE,Agem Kanan,3,Berdiri,C4-P4,5.363,3.622,1.662,10,P08,C_bipolar
TE,Agem Kanan,3,Berdiri,F4-C4,1.698,-0.249,-0.001,10,P08,C_bipolar
TE,Agem Kanan,3,Berdiri,F8-T4,11.296,9.057,4.182,10,P08,C_bipolar
TE,Agem Kanan,3,Berdiri,Fp2-F4,1.256,-0.039,-1.4,10,P08,C_bipolar
TE,Agem Kanan,3,Berdiri,Fp2-F8,6.93,3.068,0.414,10,P08,C_bipolar
TE,Agem Kanan,3,Berdiri,P4-O2,5.258,1.697,-0.139,10,P08,C_bipolar
TE,Agem Kanan,3,Berdiri,T4-T6,3.099,1.4,-3.278,10,P08,C_bipolar
TE,Agem Kanan,3,Berdiri,T5-O1,-9.627,-10.633,-9.987,2,P08,C_bipolar
TE,Agem Kanan,3,Berdiri,T6-O2,0.715,-0.148,-3.316,10,P08,C_bipolar
TE,Agem Kanan,3,Gerak,C4-P4,1.921,1.748,1.035,2,P08,C_bipolar
TE,Agem Kanan,3,Gerak,F4-C4,-7.708,-2.626,0.682,1,P08,C_bipolar
TE,Agem Kanan,3,Gerak,F8-T4,-3.207,-1.637,-2.091,2,P08,C_bipolar
TE,Agem Kanan,3,Gerak,Fp2-F4,-3.782,0.761,-3.814,1,P08,C_bipolar
TE,Agem Kanan,3,Gerak,Fp2-F8,-0.707,2.895,-4.213,2,P08,C_bipolar
TE,Agem Kanan,3,Gerak,P4-O2,2.788,-3.775,0.604,1,P08,C_bipolar
TE,Agem Kanan,3,Gerak,T4-T6,-1.527,-2.605,-3.636,1,P08,C_bipolar
TE,Agem Kanan,3,Gerak,T5-O1,-8.149,-8.595,-11.926,1,P08,C_bipolar
TE,Agem Kanan,3,Gerak,T6-O2,-3.046,-4.112,-4.779,1,P08,C_bipolar
TE,Agem Kanan,3,Naik,C3-P3,0.17,-1.125,-0.731,2,P08,C_bipolar
TE,Agem Kanan,3,Naik,C4-P4,8.381,6.455,6.215,2,P08,C_bipolar
TE,Agem Kanan,3,Naik,F3-C3,0.205,0.329,-4.248,2,P08,C_bipolar
TE,Agem Kanan,3,Naik,F4-C4,0.162,-3.213,-3.426,1,P08,C_bipolar
TE,Agem Kanan,3,Naik,F7-T3,0.957,1.193,-3.554,2,P08,C_bipolar
TE,Agem Kanan,3,Naik,Fp1-F3,-2.978,-2.225,-4.277,2,P08,C_bipolar
TE,Agem Kanan,3,Naik,Fp1-F7,-3.8,-4.219,-4.275,2,P08,C_bipolar
TE,Agem Kanan,3,Naik,P3-O1,-0.516,-2.983,-3.199,2,P08,C_bipolar
TE,Agem Kanan,3,Naik,P4-O2,5.621,3.562,3.914,2,P08,C_bipolar
TE,Agem Kanan,3,Naik,T3-T5,-4.778,-4.473,-4.671,1,P08,C_bipolar
TE,Agem Kanan,3,Naik,T4-T6,1.837,-5.896,-5.544,1,P08,C_bipolar
TE,Agem Kanan,3,Naik,T6-O2,0.556,-5.523,-6.765,1,P08,C_bipolar
TE,Agem Kanan,3,Tahan,C3-P3,0.494,-0.158,-1.486,9,P08,C_bipolar
TE,Agem Kanan,3,Tahan,C4-P4,11.272,6.936,5.398,9,P08,C_bipolar
TE,Agem Kanan,3,Tahan,F3-C3,-2.554,-4.595,-5.708,9,P08,C_bipolar
TE,Agem Kanan,3,Tahan,F4-C4,-2.664,-1.494,-1.832,6,P08,C_bipolar
TE,Agem Kanan,3,Tahan,F7-T3,-4.764,-5.823,-5.943,9,P08,C_bipolar
TE,Agem Kanan,3,Tahan,F8-T4,14.99,13.294,6.483,5,P08,C_bipolar
TE,Agem Kanan,3,Tahan,Fp1-F3,-4.366,-4.479,-5.878,9,P08,C_bipolar
TE,Agem Kanan,3,Tahan,Fp1-F7,-4.187,-4.643,-5.646,9,P08,C_bipolar
TE,Agem Kanan,3,Tahan,Fp2-F4,0.421,2.301,0.966,7,P08,C_bipolar
TE,Agem Kanan,3,Tahan,Fp2-F8,13.9,12.346,4.22,3,P08,C_bipolar
TE,Agem Kanan,3,Tahan,P3-O1,-2.38,-3.927,-5.228,9,P08,C_bipolar
TE,Agem Kanan,3,Tahan,P4-O2,8.74,3.163,3.235,9,P08,C_bipolar
TE,Agem Kanan,3,Tahan,T3-T5,-3.15,-4.258,-4.393,9,P08,C_bipolar
TE,Agem Kanan,3,Tahan,T4-T6,3.412,1.217,-2.522,8,P08,C_bipolar
TE,Agem Kanan,3,Tahan,T5-O1,0.323,0.073,-1.84,9,P08,C_bipolar
TE,Agem Kanan,3,Tahan,T6-O2,0.905,-1.609,-5.779,8,P08,C_bipolar
TE,Agem Kanan,4,Berdiri,C3-P3,-0.834,-0.643,-1.258,7,P08,C_bipolar
TE,Agem Kanan,4,Berdiri,C4-P4,2.513,1.483,1.425,10,P08,C_bipolar
TE,Agem Kanan,4,Berdiri,F3-C3,-1.375,-0.482,-3.326,4,P08,C_bipolar
TE,Agem Kanan,4,Berdiri,F4-C4,1.638,0.41,-0.124,10,P08,C_bipolar
TE,Agem Kanan,4,Berdiri,F8-T4,9.425,6.419,5.339,10,P08,C_bipolar
TE,Agem Kanan,4,Berdiri,Fp1-F3,-4.614,-9.253,-8.31,3,P08,C_bipolar
TE,Agem Kanan,4,Berdiri,Fp1-F7,-4.581,-10.84,-7.661,4,P08,C_bipolar
TE,Agem Kanan,4,Berdiri,Fp2-F4,4.366,2.313,-1.265,9,P08,C_bipolar
TE,Agem Kanan,4,Berdiri,Fp2-F8,8.913,2.019,0.653,9,P08,C_bipolar
TE,Agem Kanan,4,Berdiri,P3-O1,-6.005,-7.015,-8.337,7,P08,C_bipolar
TE,Agem Kanan,4,Berdiri,P4-O2,3.771,3.489,1.106,10,P08,C_bipolar
TE,Agem Kanan,4,Berdiri,T4-T6,0.363,-2.031,-2.392,6,P08,C_bipolar
TE,Agem Kanan,4,Berdiri,T5-O1,-6.364,-5.149,-8.062,10,P08,C_bipolar
TE,Agem Kanan,4,Berdiri,T6-O2,3.144,-2.331,-2.859,10,P08,C_bipolar
TE,Agem Kanan,4,Gerak,C3-P3,1.791,-4.514,-2.592,2,P08,C_bipolar
TE,Agem Kanan,4,Gerak,C4-P4,3.343,5.242,-2.116,2,P08,C_bipolar
TE,Agem Kanan,4,Gerak,F3-C3,-0.475,-3.124,-2.513,2,P08,C_bipolar
TE,Agem Kanan,4,Gerak,F4-C4,-1.209,-2.458,-6.296,1,P08,C_bipolar
TE,Agem Kanan,4,Gerak,F7-T3,-6.005,-1.521,-2.182,2,P08,C_bipolar
TE,Agem Kanan,4,Gerak,F8-T4,8.658,5.959,3.268,2,P08,C_bipolar
TE,Agem Kanan,4,Gerak,Fp1-F3,-5.547,-11.86,-8.192,2,P08,C_bipolar
TE,Agem Kanan,4,Gerak,Fp1-F7,-4.53,-9.979,-8.588,2,P08,C_bipolar
TE,Agem Kanan,4,Gerak,Fp2-F4,0.127,-6.211,-3.713,1,P08,C_bipolar
TE,Agem Kanan,4,Gerak,Fp2-F8,4.588,0.328,-2.327,1,P08,C_bipolar
TE,Agem Kanan,4,Gerak,P3-O1,-9.798,-9.029,-8.501,1,P08,C_bipolar
TE,Agem Kanan,4,Gerak,P4-O2,3.443,-2.347,-3.079,1,P08,C_bipolar
TE,Agem Kanan,4,Gerak,T3-T5,-12.944,-12.737,-13.852,1,P08,C_bipolar
TE,Agem Kanan,4,Gerak,T4-T6,2.444,1.155,-3.104,1,P08,C_bipolar
TE,Agem Kanan,4,Gerak,T5-O1,-11.729,-12.048,-12.065,1,P08,C_bipolar
TE,Agem Kanan,4,Gerak,T6-O2,0.171,-4.463,-7.222,1,P08,C_bipolar
TE,Agem Kanan,4,Naik,F3-C3,0.393,-4.686,-5.777,2,P08,C_bipolar
TE,Agem Kanan,4,Naik,F7-T3,6.296,2.437,8.58,2,P08,C_bipolar
TE,Agem Kanan,4,Naik,Fp1-F3,-7.565,-4.077,1.227,1,P08,C_bipolar
TE,Agem Kanan,4,Naik,Fp1-F7,-5.797,-2.172,-0.518,1,P08,C_bipolar
TE,Agem Kanan,4,Naik,P4-O2,5.327,3.89,2.829,1,P08,C_bipolar
TE,Agem Kanan,4,Tahan,C3-P3,4.294,3.626,4.939,10,P08,C_bipolar
TE,Agem Kanan,4,Tahan,C4-P4,6.35,10.462,7.863,9,P08,C_bipolar
TE,Agem Kanan,4,Tahan,F3-C3,2.012,2.634,1.96,11,P08,C_bipolar
TE,Agem Kanan,4,Tahan,F4-C4,5.241,5.472,3.654,9,P08,C_bipolar
TE,Agem Kanan,4,Tahan,F7-T3,6.074,4.671,3.996,11,P08,C_bipolar
TE,Agem Kanan,4,Tahan,F8-T4,6.046,11.001,6.95,6,P08,C_bipolar
TE,Agem Kanan,4,Tahan,Fp1-F3,-0.822,1.039,0.366,11,P08,C_bipolar
TE,Agem Kanan,4,Tahan,Fp1-F7,0.482,1.805,1.487,11,P08,C_bipolar
TE,Agem Kanan,4,Tahan,Fp2-F4,3.763,6.274,4.313,11,P08,C_bipolar
TE,Agem Kanan,4,Tahan,Fp2-F8,14.486,13.986,6.226,4,P08,C_bipolar
TE,Agem Kanan,4,Tahan,P3-O1,1.122,-1.203,-2.007,3,P08,C_bipolar
TE,Agem Kanan,4,Tahan,P4-O2,2.581,6.17,3.608,11,P08,C_bipolar
TE,Agem Kanan,4,Tahan,T4-T6,12.955,7.482,4.555,3,P08,C_bipolar
TE,Agem Kanan,4,Tahan,T6-O2,7.286,6.255,2.334,8,P08,C_bipolar
TE,Agem Kiri,1,Berdiri,C3-P3,-9.466,-12.081,-6.992,4,P08,C_bipolar
TE,Agem Kiri,1,Berdiri,C4-P4,0.141,-0.905,-1.841,9,P08,C_bipolar
TE,Agem Kiri,1,Berdiri,F4-C4,-0.296,-0.836,0.193,9,P08,C_bipolar
TE,Agem Kiri,1,Berdiri,F7-T3,-9.966,-9.401,-7.961,3,P08,C_bipolar
TE,Agem Kiri,1,Berdiri,F8-T4,12.09,8.559,5.987,9,P08,C_bipolar
TE,Agem Kiri,1,Berdiri,Fp1-F7,4.937,1.633,2.169,3,P08,C_bipolar
TE,Agem Kiri,1,Berdiri,Fp2-F4,0.976,2.334,3.545,9,P08,C_bipolar
TE,Agem Kiri,1,Berdiri,Fp2-F8,6.488,4.527,2.692,9,P08,C_bipolar
TE,Agem Kiri,1,Berdiri,P4-O2,2.399,-0.176,1.102,9,P08,C_bipolar
TE,Agem Kiri,1,Berdiri,T3-T5,-7.226,-8.774,-6.687,4,P08,C_bipolar
TE,Agem Kiri,1,Berdiri,T4-T6,5.911,2.381,0.021,9,P08,C_bipolar
TE,Agem Kiri,1,Berdiri,T5-O1,-8.057,-9.083,-7.156,4,P08,C_bipolar
TE,Agem Kiri,1,Berdiri,T6-O2,1.054,-2.648,-3.005,9,P08,C_bipolar
TE,Agem Kiri,1,Gerak,C4-P4,2.691,10.59,-1.924,2,P08,C_bipolar
TE,Agem Kiri,1,Gerak,F4-C4,-3.067,1.77,-1.747,2,P08,C_bipolar
TE,Agem Kiri,1,Gerak,F8-T4,7.38,7.204,0.88,2,P08,C_bipolar
TE,Agem Kiri,1,Gerak,Fp2-F4,2.276,4.954,2.103,2,P08,C_bipolar
TE,Agem Kiri,1,Gerak,Fp2-F8,12.68,4.584,3.078,2,P08,C_bipolar
TE,Agem Kiri,1,Naik,C3-P3,4.571,-0.684,2.957,2,P08,C_bipolar
TE,Agem Kiri,1,Naik,F3-C3,5.517,5.642,4.179,2,P08,C_bipolar
TE,Agem Kiri,1,Naik,F7-T3,1.851,-0.334,-0.861,2,P08,C_bipolar
TE,Agem Kiri,1,Naik,F8-T4,11.817,12.763,10.308,1,P08,C_bipolar
TE,Agem Kiri,1,Naik,Fp1-F3,7.914,1.404,2.395,2,P08,C_bipolar
TE,Agem Kiri,1,Naik,Fp1-F7,2.15,-1.313,1.544,2,P08,C_bipolar
TE,Agem Kiri,1,Naik,P3-O1,0.233,-2.188,3.631,2,P08,C_bipolar
TE,Agem Kiri,1,Naik,T3-T5,-3.074,-0.685,2.517,1,P08,C_bipolar
TE,Agem Kiri,1,Naik,T5-O1,-4.248,-3.743,2.86,1,P08,C_bipolar
TE,Agem Kiri,1,Tahan,C3-P3,6.255,7.991,5.564,8,P08,C_bipolar
TE,Agem Kiri,1,Tahan,F3-C3,3.869,2.435,1.255,8,P08,C_bipolar
TE,Agem Kiri,1,Tahan,F7-T3,0.852,-0.985,-0.767,10,P08,C_bipolar
TE,Agem Kiri,1,Tahan,F8-T4,8.006,4.39,5.509,1,P08,C_bipolar
TE,Agem Kiri,1,Tahan,Fp1-F3,1.065,-1.67,-0.296,6,P08,C_bipolar
TE,Agem Kiri,1,Tahan,Fp1-F7,2.281,0.258,0.251,10,P08,C_bipolar
TE,Agem Kiri,1,Tahan,P3-O1,4.763,3.265,2.86,8,P08,C_bipolar
TE,Agem Kiri,1,Tahan,T4-T6,6.188,3.172,-0.461,2,P08,C_bipolar
TE,Agem Kiri,1,Tahan,T6-O2,8.118,1.511,-2.988,2,P08,C_bipolar
TE,Agem Kiri,2,Berdiri,C3-P3,5.684,6.407,5.035,15,P08,C_bipolar
TE,Agem Kiri,2,Berdiri,F3-C3,4.589,4.853,4.571,15,P08,C_bipolar
TE,Agem Kiri,2,Berdiri,F7-T3,6.294,4.872,3.37,15,P08,C_bipolar
TE,Agem Kiri,2,Berdiri,F8-T4,12.194,10.745,5.977,15,P08,C_bipolar
TE,Agem Kiri,2,Berdiri,Fp1-F3,3.162,1.688,1.135,2,P08,C_bipolar
TE,Agem Kiri,2,Berdiri,Fp1-F7,4.249,3.012,2.487,2,P08,C_bipolar
TE,Agem Kiri,2,Berdiri,Fp2-F4,6.398,5.494,4.712,15,P08,C_bipolar
TE,Agem Kiri,2,Berdiri,Fp2-F8,7.141,7.452,5.32,15,P08,C_bipolar
TE,Agem Kiri,2,Berdiri,P3-O1,3.114,4.653,4.154,15,P08,C_bipolar
TE,Agem Kiri,2,Berdiri,T3-T5,1.672,3.184,4.002,1,P08,C_bipolar
TE,Agem Kiri,2,Berdiri,T4-T6,7.279,5.433,2.45,14,P08,C_bipolar
TE,Agem Kiri,2,Berdiri,T5-O1,7.296,2.464,3.247,5,P08,C_bipolar
TE,Agem Kiri,2,Berdiri,T6-O2,3.124,1.796,1.115,15,P08,C_bipolar
TE,Agem Kiri,2,Gerak,C4-P4,-0.955,1.693,-1.57,2,P08,C_bipolar
TE,Agem Kiri,2,Gerak,F7-T3,-6.208,-5.249,-5.43,2,P08,C_bipolar
TE,Agem Kiri,2,Gerak,F8-T4,10.662,6.677,4.819,2,P08,C_bipolar
TE,Agem Kiri,2,Gerak,Fp2-F8,8.818,3.019,5.432,1,P08,C_bipolar
TE,Agem Kiri,2,Gerak,P4-O2,2.114,3.02,-5.299,2,P08,C_bipolar
TE,Agem Kiri,2,Gerak,T4-T6,5.51,-0.613,-2.891,2,P08,C_bipolar
TE,Agem Kiri,2,Gerak,T6-O2,-0.012,-1.257,-8.565,2,P08,C_bipolar
TE,Agem Kiri,2,Naik,C3-P3,6.622,4.743,7.688,2,P08,C_bipolar
TE,Agem Kiri,2,Naik,F3-C3,8.678,8.408,5.0,2,P08,C_bipolar
TE,Agem Kiri,2,Naik,F7-T3,4.829,-1.389,1.606,2,P08,C_bipolar
TE,Agem Kiri,2,Naik,Fp1-F3,-5.354,1.57,1.281,2,P08,C_bipolar
TE,Agem Kiri,2,Naik,Fp1-F7,-3.339,-0.848,-0.461,2,P08,C_bipolar
TE,Agem Kiri,2,Tahan,C3-P3,9.747,9.153,5.335,1,P08,C_bipolar
TE,Agem Kiri,2,Tahan,F3-C3,6.184,4.29,2.603,5,P08,C_bipolar
TE,Agem Kiri,2,Tahan,F7-T3,1.44,3.811,3.11,11,P08,C_bipolar
TE,Agem Kiri,2,Tahan,Fp1-F3,5.141,1.262,3.736,7,P08,C_bipolar
TE,Agem Kiri,2,Tahan,Fp1-F7,1.909,-0.536,0.257,11,P08,C_bipolar
TE,Agem Kiri,3,Berdiri,C3-P3,8.341,5.274,4.179,10,P08,C_bipolar
TE,Agem Kiri,3,Berdiri,C4-P4,8.107,8.453,4.944,10,P08,C_bipolar
TE,Agem Kiri,3,Berdiri,F3-C3,3.269,-0.106,-2.631,10,P08,C_bipolar
TE,Agem Kiri,3,Berdiri,F4-C4,7.98,6.083,5.933,10,P08,C_bipolar
TE,Agem Kiri,3,Berdiri,F7-T3,4.211,1.894,1.797,10,P08,C_bipolar
TE,Agem Kiri,3,Berdiri,F8-T4,12.46,11.626,7.269,10,P08,C_bipolar
TE,Agem Kiri,3,Berdiri,Fp1-F3,-0.77,1.455,0.829,10,P08,C_bipolar
TE,Agem Kiri,3,Berdiri,Fp1-F7,-2.216,-0.886,0.339,10,P08,C_bipolar
TE,Agem Kiri,3,Berdiri,Fp2-F4,6.363,0.959,4.287,6,P08,C_bipolar
TE,Agem Kiri,3,Berdiri,Fp2-F8,8.006,7.091,3.724,6,P08,C_bipolar
TE,Agem Kiri,3,Berdiri,P3-O1,3.707,1.677,2.547,10,P08,C_bipolar
TE,Agem Kiri,3,Berdiri,P4-O2,8.708,6.706,5.566,10,P08,C_bipolar
TE,Agem Kiri,3,Berdiri,T3-T5,-1.446,-0.867,-3.752,1,P08,C_bipolar
TE,Agem Kiri,3,Berdiri,T4-T6,6.127,2.932,1.293,10,P08,C_bipolar
TE,Agem Kiri,3,Berdiri,T6-O2,5.039,1.083,0.743,10,P08,C_bipolar
TE,Agem Kiri,3,Gerak,C3-P3,10.261,2.278,1.08,2,P08,C_bipolar
TE,Agem Kiri,3,Gerak,C4-P4,9.924,2.336,0.941,2,P08,C_bipolar
TE,Agem Kiri,3,Gerak,F3-C3,7.196,0.882,-3.116,2,P08,C_bipolar
TE,Agem Kiri,3,Gerak,F4-C4,0.427,1.343,-3.744,1,P08,C_bipolar
TE,Agem Kiri,3,Gerak,F7-T3,2.375,0.591,-1.7,1,P08,C_bipolar
TE,Agem Kiri,3,Gerak,F8-T4,12.594,4.889,5.838,2,P08,C_bipolar
TE,Agem Kiri,3,Gerak,Fp1-F3,-1.759,0.339,-4.309,2,P08,C_bipolar
TE,Agem Kiri,3,Gerak,Fp1-F7,-0.157,1.551,-5.95,1,P08,C_bipolar
TE,Agem Kiri,3,Gerak,Fp2-F8,5.327,3.784,-0.951,1,P08,C_bipolar
TE,Agem Kiri,3,Gerak,T4-T6,3.414,-2.846,-4.005,1,P08,C_bipolar
TE,Agem Kiri,3,Naik,C4-P4,9.732,8.06,3.329,2,P08,C_bipolar
TE,Agem Kiri,3,Naik,F4-C4,3.238,2.254,6.048,1,P08,C_bipolar
TE,Agem Kiri,3,Naik,F7-T3,-6.439,-1.219,-3.812,2,P08,C_bipolar
TE,Agem Kiri,3,Naik,F8-T4,9.586,-0.891,4.378,1,P08,C_bipolar
TE,Agem Kiri,3,Naik,Fp1-F7,-12.813,-13.581,-12.815,1,P08,C_bipolar
TE,Agem Kiri,3,Naik,Fp2-F8,7.707,7.84,3.586,1,P08,C_bipolar
TE,Agem Kiri,3,Naik,P4-O2,6.73,6.0,3.625,1,P08,C_bipolar
TE,Agem Kiri,3,Naik,T3-T5,-2.267,-10.303,-5.059,2,P08,C_bipolar
TE,Agem Kiri,3,Naik,T5-O1,-2.99,-8.716,-4.544,1,P08,C_bipolar
TE,Agem Kiri,3,Tahan,C4-P4,5.564,8.525,6.19,4,P08,C_bipolar
TE,Agem Kiri,3,Tahan,F7-T3,0.361,7.877,3.427,7,P08,C_bipolar
TE,Agem Kiri,3,Tahan,F8-T4,10.672,9.329,5.799,11,P08,C_bipolar
TE,Agem Kiri,3,Tahan,Fp1-F7,-1.167,-0.396,0.183,6,P08,C_bipolar
TE,Agem Kiri,3,Tahan,Fp2-F8,7.728,6.828,2.287,11,P08,C_bipolar
TE,Agem Kiri,3,Tahan,P4-O2,1.563,-0.98,1.897,6,P08,C_bipolar
TE,Agem Kiri,3,Tahan,T4-T6,8.09,4.854,-0.299,4,P08,C_bipolar
TE,Agem Kiri,3,Tahan,T6-O2,8.167,5.049,-1.582,4,P08,C_bipolar
TE,Agem Kiri,4,Berdiri,C3-P3,7.03,4.948,5.789,15,P08,C_bipolar
TE,Agem Kiri,4,Berdiri,C4-P4,2.677,5.806,4.48,15,P08,C_bipolar
TE,Agem Kiri,4,Berdiri,F3-C3,3.26,1.159,-1.232,15,P08,C_bipolar
TE,Agem Kiri,4,Berdiri,F4-C4,3.874,6.13,6.577,15,P08,C_bipolar
TE,Agem Kiri,4,Berdiri,F7-T3,3.787,4.431,4.166,15,P08,C_bipolar
TE,Agem Kiri,4,Berdiri,F8-T4,9.716,7.737,3.83,15,P08,C_bipolar
TE,Agem Kiri,4,Berdiri,Fp1-F3,2.737,1.43,0.5,15,P08,C_bipolar
TE,Agem Kiri,4,Berdiri,Fp1-F7,0.933,1.366,0.076,15,P08,C_bipolar
TE,Agem Kiri,4,Berdiri,Fp2-F4,4.714,5.529,5.831,15,P08,C_bipolar
TE,Agem Kiri,4,Berdiri,Fp2-F8,4.389,3.576,3.988,15,P08,C_bipolar
TE,Agem Kiri,4,Berdiri,P3-O1,4.21,5.726,5.399,15,P08,C_bipolar
TE,Agem Kiri,4,Berdiri,P4-O2,4.514,4.77,5.76,15,P08,C_bipolar
TE,Agem Kiri,4,Berdiri,T4-T6,3.331,2.118,2.4,15,P08,C_bipolar
TE,Agem Kiri,4,Berdiri,T6-O2,-1.395,-3.29,-0.892,15,P08,C_bipolar
TE,Agem Kiri,4,Gerak,C3-P3,2.358,5.732,3.766,2,P08,C_bipolar
TE,Agem Kiri,4,Gerak,C4-P4,8.177,6.963,4.232,2,P08,C_bipolar
TE,Agem Kiri,4,Gerak,F3-C3,5.763,2.218,-2.988,2,P08,C_bipolar
TE,Agem Kiri,4,Gerak,F7-T3,7.949,5.185,2.413,1,P08,C_bipolar
TE,Agem Kiri,4,Gerak,F8-T4,11.709,9.191,5.104,2,P08,C_bipolar
TE,Agem Kiri,4,Gerak,Fp1-F3,2.016,0.687,-1.431,2,P08,C_bipolar
TE,Agem Kiri,4,Gerak,Fp1-F7,0.241,-2.091,-2.195,1,P08,C_bipolar
TE,Agem Kiri,4,Naik,C3-P3,0.401,-1.169,0.488,2,P08,C_bipolar
TE,Agem Kiri,4,Naik,C4-P4,10.935,5.016,3.195,2,P08,C_bipolar
TE,Agem Kiri,4,Naik,F4-C4,6.331,7.549,4.846,2,P08,C_bipolar
TE,Agem Kiri,4,Naik,F7-T3,-3.042,-6.304,-2.457,2,P08,C_bipolar
TE,Agem Kiri,4,Naik,Fp2-F4,6.67,8.863,5.964,2,P08,C_bipolar
TE,Agem Kiri,4,Naik,Fp2-F8,6.411,10.002,7.67,2,P08,C_bipolar
TE,Agem Kiri,4,Naik,P4-O2,5.366,4.198,1.99,1,P08,C_bipolar
TE,Agem Kiri,4,Naik,T3-T5,-7.442,-4.862,-3.095,2,P08,C_bipolar
TE,Agem Kiri,4,Naik,T6-O2,-3.343,-2.875,1.91,1,P08,C_bipolar
TE,Agem Kiri,4,Tahan,C3-P3,-2.594,-1.305,1.353,3,P08,C_bipolar
TE,Agem Kiri,4,Tahan,C4-P4,9.254,9.657,4.715,11,P08,C_bipolar
TE,Agem Kiri,4,Tahan,F4-C4,0.57,1.203,2.035,3,P08,C_bipolar
TE,Agem Kiri,4,Tahan,F8-T4,8.249,6.528,3.357,8,P08,C_bipolar
TE,Agem Kiri,4,Tahan,Fp2-F4,2.951,-1.735,2.618,3,P08,C_bipolar
TE,Agem Kiri,4,Tahan,Fp2-F8,7.971,7.381,4.983,11,P08,C_bipolar
TE,Agem Kiri,4,Tahan,P3-O1,-10.67,-8.576,-7.421,3,P08,C_bipolar
TE,Agem Kiri,4,Tahan,P4-O2,5.663,4.262,1.346,11,P08,C_bipolar
TE,Agem Kiri,4,Tahan,T3-T5,-0.449,-2.62,-3.479,3,P08,C_bipolar
TE,Agem Kiri,4,Tahan,T4-T6,2.87,4.491,3.146,8,P08,C_bipolar
TE,Agem Kiri,4,Tahan,T5-O1,-1.11,-1.976,-4.402,9,P08,C_bipolar
TE,Agem Kiri,4,Tahan,T6-O2,2.227,2.276,1.15,11,P08,C_bipolar
TE,Ngeed,1,Berdiri,C3-P3,-4.231,-4.675,-4.989,3,P08,C_bipolar
TE,Ngeed,1,Berdiri,C4-P4,1.731,-3.077,-2.108,9,P08,C_bipolar
TE,Ngeed,1,Berdiri,F3-C3,3.681,-0.562,-1.659,2,P08,C_bipolar
TE,Ngeed,1,Berdiri,F4-C4,1.547,-1.108,0.048,7,P08,C_bipolar
TE,Ngeed,1,Berdiri,F7-T3,-2.357,-0.752,-3.897,9,P08,C_bipolar
TE,Ngeed,1,Berdiri,F8-T4,1.401,2.817,2.634,13,P08,C_bipolar
TE,Ngeed,1,Berdiri,Fp1-F7,1.532,3.868,2.217,5,P08,C_bipolar
TE,Ngeed,1,Berdiri,Fp2-F4,3.536,4.663,4.592,7,P08,C_bipolar
TE,Ngeed,1,Berdiri,Fp2-F8,3.959,1.928,-1.293,13,P08,C_bipolar
TE,Ngeed,1,Berdiri,P3-O1,-2.454,-6.537,-6.483,3,P08,C_bipolar
TE,Ngeed,1,Berdiri,P4-O2,0.893,-0.632,0.86,8,P08,C_bipolar
TE,Ngeed,1,Berdiri,T3-T5,-7.967,-8.373,-8.274,6,P08,C_bipolar
TE,Ngeed,1,Berdiri,T4-T6,-2.002,-0.439,-2.093,8,P08,C_bipolar
TE,Ngeed,1,Berdiri,T5-O1,-8.304,-8.313,-9.796,3,P08,C_bipolar
TE,Ngeed,1,Berdiri,T6-O2,-3.761,-5.467,-4.659,8,P08,C_bipolar
TE,Ngeed,1,Gerak,C3-P3,3.537,6.237,3.175,3,P08,C_bipolar
TE,Ngeed,1,Gerak,F3-C3,5.431,1.642,2.336,3,P08,C_bipolar
TE,Ngeed,1,Gerak,F7-T3,-4.23,-6.647,-1.133,3,P08,C_bipolar
TE,Ngeed,1,Gerak,F8-T4,5.912,2.145,-1.456,3,P08,C_bipolar
TE,Ngeed,1,Gerak,Fp1-F3,-0.436,-1.457,-2.799,3,P08,C_bipolar
TE,Ngeed,1,Gerak,Fp1-F7,0.152,0.412,-3.445,3,P08,C_bipolar
TE,Ngeed,1,Gerak,Fp2-F8,3.052,4.525,2.843,3,P08,C_bipolar
TE,Ngeed,1,Gerak,P3-O1,4.825,-0.189,2.647,2,P08,C_bipolar
TE,Ngeed,1,Naik,C3-P3,4.853,0.391,3.485,1,P08,C_bipolar
TE,Ngeed,1,Naik,F3-C3,3.091,1.803,3.033,2,P08,C_bipolar
TE,Ngeed,1,Naik,F7-T3,-8.44,-3.853,-5.974,2,P08,C_bipolar
TE,Ngeed,1,Tahan,F7-T3,-10.28,-3.907,-2.752,4,P08,C_bipolar
TE,Ngeed,1,Tahan,F8-T4,7.247,3.82,-1.127,3,P08,C_bipolar
TE,Ngeed,1,Tahan,Fp1-F3,5.968,5.734,2.141,1,P08,C_bipolar
TE,Ngeed,1,Tahan,Fp1-F7,3.049,2.29,2.124,4,P08,C_bipolar
TE,Ngeed,1,Tahan,Fp2-F8,3.002,3.146,2.271,3,P08,C_bipolar
TE,Ngeed,2,Berdiri,C3-P3,-5.146,-5.312,3.295,6,P08,C_bipolar
TE,Ngeed,2,Berdiri,C4-P4,-4.528,-3.029,0.682,11,P08,C_bipolar
TE,Ngeed,2,Berdiri,F3-C3,0.932,-2.415,3.69,6,P08,C_bipolar
TE,Ngeed,2,Berdiri,F4-C4,-4.157,-3.204,2.482,10,P08,C_bipolar
TE,Ngeed,2,Berdiri,F7-T3,-4.061,-6.347,-2.574,11,P08,C_bipolar
TE,Ngeed,2,Berdiri,F8-T4,3.511,4.086,7.231,11,P08,C_bipolar
TE,Ngeed,2,Berdiri,Fp1-F3,-1.518,-0.759,1.695,1,P08,C_bipolar
TE,Ngeed,2,Berdiri,Fp1-F7,1.626,-0.721,5.688,6,P08,C_bipolar
TE,Ngeed,2,Berdiri,Fp2-F4,0.1,0.744,6.834,10,P08,C_bipolar
TE,Ngeed,2,Berdiri,Fp2-F8,1.194,0.927,0.142,11,P08,C_bipolar
TE,Ngeed,2,Berdiri,P3-O1,-1.47,-4.798,0.056,6,P08,C_bipolar
TE,Ngeed,2,Berdiri,P4-O2,-2.984,-3.198,4.197,10,P08,C_bipolar
TE,Ngeed,2,Berdiri,T3-T5,-8.775,-7.21,-4.503,10,P08,C_bipolar
TE,Ngeed,2,Berdiri,T4-T6,-0.001,-4.519,1.284,10,P08,C_bipolar
TE,Ngeed,2,Berdiri,T5-O1,-9.991,-9.831,-8.812,10,P08,C_bipolar
TE,Ngeed,2,Berdiri,T6-O2,-6.171,-10.162,-3.947,10,P08,C_bipolar
TE,Ngeed,2,Gerak,C3-P3,3.779,-1.312,2.303,1,P08,C_bipolar
TE,Ngeed,2,Gerak,F3-C3,8.723,4.261,3.186,2,P08,C_bipolar
TE,Ngeed,2,Gerak,F7-T3,-3.448,-2.234,-6.526,2,P08,C_bipolar
TE,Ngeed,2,Gerak,F8-T4,-2.371,-2.484,-0.072,2,P08,C_bipolar
TE,Ngeed,2,Gerak,Fp1-F3,1.526,-3.902,-3.765,2,P08,C_bipolar
TE,Ngeed,2,Gerak,Fp1-F7,-0.29,-6.428,-4.105,2,P08,C_bipolar
TE,Ngeed,2,Gerak,Fp2-F8,5.243,2.149,0.09,2,P08,C_bipolar
TE,Ngeed,2,Gerak,P3-O1,9.164,-0.574,2.939,1,P08,C_bipolar
TE,Ngeed,2,Naik,F7-T3,-1.153,-2.317,-1.995,2,P08,C_bipolar
TE,Ngeed,2,Naik,Fp1-F7,3.915,6.228,4.477,1,P08,C_bipolar
TE,Ngeed,2,Tahan,C3-P3,-4.272,-1.434,-1.76,4,P08,C_bipolar
TE,Ngeed,2,Tahan,C4-P4,-1.614,1.319,-0.154,8,P08,C_bipolar
TE,Ngeed,2,Tahan,F3-C3,-0.573,2.744,1.022,3,P08,C_bipolar
TE,Ngeed,2,Tahan,F4-C4,-3.146,1.933,1.451,7,P08,C_bipolar
TE,Ngeed,2,Tahan,F7-T3,-11.4,-10.012,-6.377,7,P08,C_bipolar
TE,Ngeed,2,Tahan,F8-T4,1.537,4.237,3.755,11,P08,C_bipolar
TE,Ngeed,2,Tahan,Fp2-F4,2.428,7.472,6.582,7,P08,C_bipolar
TE,Ngeed,2,Tahan,Fp2-F8,3.606,3.796,3.256,11,P08,C_bipolar
TE,Ngeed,2,Tahan,P3-O1,-4.829,-3.69,-2.958,4,P08,C_bipolar
TE,Ngeed,2,Tahan,P4-O2,-0.403,4.582,3.695,8,P08,C_bipolar
TE,Ngeed,2,Tahan,T3-T5,-8.428,-7.018,-7.002,3,P08,C_bipolar
TE,Ngeed,2,Tahan,T4-T6,0.797,4.115,0.643,8,P08,C_bipolar
TE,Ngeed,2,Tahan,T5-O1,-9.725,-7.11,-8.255,4,P08,C_bipolar
TE,Ngeed,2,Tahan,T6-O2,-5.314,-4.422,-5.258,8,P08,C_bipolar
TE,Ngeed,3,Berdiri,C3-P3,1.054,-3.429,-0.905,5,P08,C_bipolar
TE,Ngeed,3,Berdiri,C4-P4,0.626,-0.079,0.547,13,P08,C_bipolar
TE,Ngeed,3,Berdiri,F3-C3,-2.614,-0.962,-1.237,5,P08,C_bipolar
TE,Ngeed,3,Berdiri,F4-C4,1.07,-1.474,0.063,13,P08,C_bipolar
TE,Ngeed,3,Berdiri,F7-T3,7.647,4.914,6.416,10,P08,C_bipolar
TE,Ngeed,3,Berdiri,F8-T4,6.418,2.472,1.245,13,P08,C_bipolar
TE,Ngeed,3,Berdiri,Fp1-F3,0.924,-1.509,-1.035,7,P08,C_bipolar
TE,Ngeed,3,Berdiri,Fp1-F7,1.177,-1.962,-1.595,10,P08,C_bipolar
TE,Ngeed,3,Berdiri,Fp2-F4,1.605,-1.183,-0.457,13,P08,C_bipolar
TE,Ngeed,3,Berdiri,Fp2-F8,1.816,-2.934,-2.972,13,P08,C_bipolar
TE,Ngeed,3,Berdiri,P3-O1,4.318,3.945,5.538,4,P08,C_bipolar
TE,Ngeed,3,Berdiri,P4-O2,4.567,-1.43,2.002,5,P08,C_bipolar
TE,Ngeed,3,Berdiri,T4-T6,0.472,5.081,-4.003,1,P08,C_bipolar
TE,Ngeed,3,Berdiri,T6-O2,-0.285,0.378,-5.275,1,P08,C_bipolar
TE,Ngeed,3,Gerak,C3-P3,-1.255,-5.269,-5.776,1,P08,C_bipolar
TE,Ngeed,3,Gerak,C4-P4,5.816,1.679,-1.44,2,P08,C_bipolar
TE,Ngeed,3,Gerak,F3-C3,-4.328,-8.423,-12.084,1,P08,C_bipolar
TE,Ngeed,3,Gerak,F4-C4,5.098,2.528,0.526,2,P08,C_bipolar
TE,Ngeed,3,Gerak,F7-T3,8.961,3.452,1.109,2,P08,C_bipolar
TE,Ngeed,3,Gerak,F8-T4,7.55,2.66,1.832,2,P08,C_bipolar
TE,Ngeed,3,Gerak,Fp1-F3,0.911,-8.196,-2.862,2,P08,C_bipolar
TE,Ngeed,3,Gerak,Fp1-F7,-1.62,-6.185,-2.678,2,P08,C_bipolar
TE,Ngeed,3,Gerak,Fp2-F4,5.397,4.169,3.216,2,P08,C_bipolar
TE,Ngeed,3,Gerak,Fp2-F8,6.499,3.658,3.064,2,P08,C_bipolar
TE,Ngeed,3,Gerak,P4-O2,7.253,1.396,-0.09,2,P08,C_bipolar
TE,Ngeed,3,Gerak,T4-T6,7.324,1.597,1.296,1,P08,C_bipolar
TE,Ngeed,3,Gerak,T6-O2,8.111,-0.845,-3.278,1,P08,C_bipolar
TE,Ngeed,3,Naik,C3-P3,-1.675,-1.821,-2.437,2,P08,C_bipolar
TE,Ngeed,3,Naik,C4-P4,5.094,4.873,0.234,2,P08,C_bipolar
TE,Ngeed,3,Naik,F3-C3,-6.37,-7.983,-3.3,2,P08,C_bipolar
TE,Ngeed,3,Naik,F4-C4,3.604,2.665,1.222,2,P08,C_bipolar
TE,Ngeed,3,Naik,F7-T3,0.63,-0.081,-0.054,2,P08,C_bipolar
TE,Ngeed,3,Naik,F8-T4,2.047,2.118,0.183,2,P08,C_bipolar
TE,Ngeed,3,Naik,Fp1-F3,3.412,-1.284,-0.672,2,P08,C_bipolar
TE,Ngeed,3,Naik,Fp1-F7,3.674,-0.544,-0.989,2,P08,C_bipolar
TE,Ngeed,3,Naik,Fp2-F4,0.056,1.574,4.202,2,P08,C_bipolar
TE,Ngeed,3,Naik,Fp2-F8,-1.854,2.486,2.6,2,P08,C_bipolar
TE,Ngeed,3,Naik,P3-O1,-0.034,-0.074,-3.201,2,P08,C_bipolar
TE,Ngeed,3,Naik,P4-O2,0.22,2.143,1.805,2,P08,C_bipolar
TE,Ngeed,3,Naik,T3-T5,4.142,3.501,-2.989,2,P08,C_bipolar
TE,Ngeed,3,Naik,T4-T6,0.004,-1.125,-3.747,2,P08,C_bipolar
TE,Ngeed,3,Naik,T6-O2,-10.362,-5.276,-5.145,2,P08,C_bipolar
TE,Ngeed,3,Tahan,C3-P3,-2.368,-5.481,-0.244,6,P08,C_bipolar
TE,Ngeed,3,Tahan,C4-P4,2.73,2.042,1.691,11,P08,C_bipolar
TE,Ngeed,3,Tahan,F3-C3,1.038,-2.555,-0.804,3,P08,C_bipolar
TE,Ngeed,3,Tahan,F4-C4,0.808,-0.012,2.71,7,P08,C_bipolar
TE,Ngeed,3,Tahan,F7-T3,-4.164,-6.408,-3.38,3,P08,C_bipolar
TE,Ngeed,3,Tahan,F8-T4,5.278,2.355,2.645,11,P08,C_bipolar
TE,Ngeed,3,Tahan,Fp1-F3,-2.846,-5.761,-7.17,1,P08,C_bipolar
TE,Ngeed,3,Tahan,Fp1-F7,-4.142,-4.918,-5.773,1,P08,C_bipolar
TE,Ngeed,3,Tahan,Fp2-F4,1.149,1.739,2.411,7,P08,C_bipolar
TE,Ngeed,3,Tahan,Fp2-F8,2.42,0.449,1.162,11,P08,C_bipolar
TE,Ngeed,3,Tahan,P3-O1,-5.967,-9.227,-7.791,6,P08,C_bipolar
TE,Ngeed,3,Tahan,P4-O2,4.223,3.451,3.164,11,P08,C_bipolar
TE,Ngeed,3,Tahan,T3-T5,-5.646,-10.705,-9.476,3,P08,C_bipolar
TE,Ngeed,3,Tahan,T4-T6,2.765,-1.51,-0.597,11,P08,C_bipolar
TE,Ngeed,3,Tahan,T5-O1,-6.732,-9.753,-5.65,7,P08,C_bipolar
TE,Ngeed,3,Tahan,T6-O2,-2.228,-2.798,-3.656,11,P08,C_bipolar
TE,Ngeed,4,Berdiri,C4-P4,2.07,1.523,1.156,12,P08,C_bipolar
TE,Ngeed,4,Berdiri,F4-C4,-1.549,1.312,0.235,12,P08,C_bipolar
TE,Ngeed,4,Berdiri,F7-T3,8.976,9.608,6.507,4,P08,C_bipolar
TE,Ngeed,4,Berdiri,F8-T4,7.149,0.445,0.067,12,P08,C_bipolar
TE,Ngeed,4,Berdiri,Fp1-F7,3.735,4.039,1.256,4,P08,C_bipolar
TE,Ngeed,4,Berdiri,Fp2-F4,-0.937,0.808,-0.554,12,P08,C_bipolar
TE,Ngeed,4,Berdiri,Fp2-F8,1.552,-3.055,-3.147,12,P08,C_bipolar
TE,Ngeed,4,Berdiri,P4-O2,-0.793,-0.219,0.181,8,P08,C_bipolar
TE,Ngeed,4,Berdiri,T4-T6,0.068,-3.814,-5.895,1,P08,C_bipolar
TE,Ngeed,4,Berdiri,T6-O2,-2.611,-10.168,-7.638,1,P08,C_bipolar
TE,Ngeed,4,Gerak,C4-P4,9.729,4.847,2.193,2,P08,C_bipolar
TE,Ngeed,4,Gerak,F4-C4,7.952,1.101,2.417,1,P08,C_bipolar
TE,Ngeed,4,Gerak,F8-T4,1.977,3.971,1.182,2,P08,C_bipolar
TE,Ngeed,4,Gerak,Fp2-F4,4.854,1.405,2.587,2,P08,C_bipolar
TE,Ngeed,4,Gerak,Fp2-F8,0.174,-0.355,0.253,2,P08,C_bipolar
TE,Ngeed,4,Gerak,T3-T5,-1.119,-0.901,-4.334,2,P08,C_bipolar
TE,Ngeed,4,Gerak,T4-T6,6.708,-2.999,-1.664,1,P08,C_bipolar
TE,Ngeed,4,Gerak,T6-O2,3.558,-1.087,-0.449,2,P08,C_bipolar
TE,Ngeed,4,Naik,C3-P3,-3.689,-6.867,-6.547,2,P08,C_bipolar
TE,Ngeed,4,Naik,C4-P4,-0.285,2.882,0.516,2,P08,C_bipolar
TE,Ngeed,4,Naik,F3-C3,-2.111,-4.856,-6.113,2,P08,C_bipolar
TE,Ngeed,4,Naik,F4-C4,-1.738,-2.392,-0.925,2,P08,C_bipolar
TE,Ngeed,4,Naik,F7-T3,-0.638,-0.14,-0.3,2,P08,C_bipolar
TE,Ngeed,4,Naik,F8-T4,-3.158,-0.699,-0.49,2,P08,C_bipolar
TE,Ngeed,4,Naik,Fp1-F3,-5.105,-3.871,-3.989,2,P08,C_bipolar
TE,Ngeed,4,Naik,Fp1-F7,-5.802,-3.732,-5.214,2,P08,C_bipolar
TE,Ngeed,4,Naik,Fp2-F4,-1.568,-2.834,0.661,2,P08,C_bipolar
TE,Ngeed,4,Naik,Fp2-F8,-2.359,3.317,0.574,2,P08,C_bipolar
TE,Ngeed,4,Naik,P3-O1,-7.943,-1.123,-3.901,2,P08,C_bipolar
TE,Ngeed,4,Naik,P4-O2,-3.088,-1.002,-1.255,2,P08,C_bipolar
TE,Ngeed,4,Naik,T3-T5,-2.958,0.563,-0.604,2,P08,C_bipolar
TE,Ngeed,4,Naik,T4-T6,-7.727,-3.748,-6.067,2,P08,C_bipolar
TE,Ngeed,4,Naik,T5-O1,-3.056,3.162,0.462,2,P08,C_bipolar
TE,Ngeed,4,Naik,T6-O2,-7.599,-3.892,-6.14,2,P08,C_bipolar
TE,Ngeed,4,Tahan,C3-P3,-3.978,-4.803,-3.727,12,P08,C_bipolar
TE,Ngeed,4,Tahan,C4-P4,2.419,3.256,3.463,12,P08,C_bipolar
TE,Ngeed,4,Tahan,F3-C3,-3.932,-3.971,-6.013,12,P08,C_bipolar
TE,Ngeed,4,Tahan,F4-C4,1.679,1.954,3.047,12,P08,C_bipolar
TE,Ngeed,4,Tahan,F7-T3,0.658,0.488,-1.222,12,P08,C_bipolar
TE,Ngeed,4,Tahan,F8-T4,-1.904,0.24,1.213,12,P08,C_bipolar
TE,Ngeed,4,Tahan,Fp1-F3,-2.268,-0.303,-4.43,11,P08,C_bipolar
TE,Ngeed,4,Tahan,Fp1-F7,-2.634,-0.107,-5.289,11,P08,C_bipolar
TE,Ngeed,4,Tahan,Fp2-F4,2.965,3.139,2.179,12,P08,C_bipolar
TE,Ngeed,4,Tahan,Fp2-F8,2.315,1.761,0.908,12,P08,C_bipolar
TE,Ngeed,4,Tahan,P3-O1,-0.742,-0.359,-2.205,12,P08,C_bipolar
TE,Ngeed,4,Tahan,P4-O2,1.634,0.639,2.438,12,P08,C_bipolar
TE,Ngeed,4,Tahan,T3-T5,1.914,2.114,1.176,12,P08,C_bipolar
TE,Ngeed,4,Tahan,T4-T6,-1.334,-0.941,-1.166,12,P08,C_bipolar
TE,Ngeed,4,Tahan,T5-O1,3.711,4.367,1.212,8,P08,C_bipolar
TE,Ngeed,4,Tahan,T6-O2,-2.031,-4.17,-2.892,12,P08,C_bipolar
TE,Agem Kanan,1,Berdiri,C3,2.192,3.412,2.801,10,P09,D_telinga
TE,Agem Kanan,1,Berdiri,C4,4.109,1.388,0.442,4,P09,D_telinga
TE,Agem Kanan,1,Berdiri,F3,2.153,2.133,-0.426,10,P09,D_telinga
TE,Agem Kanan,1,Berdiri,F4,3.137,3.533,2.172,2,P09,D_telinga
TE,Agem Kanan,1,Berdiri,F7,3.555,2.636,2.247,9,P09,D_telinga
TE,Agem Kanan,1,Berdiri,Fp1,0.354,1.212,-0.304,6,P09,D_telinga
TE,Agem Kanan,1,Berdiri,Fp2,1.287,-1.155,-3.241,1,P09,D_telinga
TE,Agem Kanan,1,Berdiri,O1,-0.383,-0.17,0.743,5,P09,D_telinga
TE,Agem Kanan,1,Berdiri,O2,5.428,4.914,3.76,9,P09,D_telinga
TE,Agem Kanan,1,Berdiri,P3,1.399,2.691,1.804,9,P09,D_telinga
TE,Agem Kanan,1,Berdiri,P4,5.467,5.917,2.873,7,P09,D_telinga
TE,Agem Kanan,1,Berdiri,T3,1.739,1.853,0.486,9,P09,D_telinga
TE,Agem Kanan,1,Berdiri,T5,3.909,5.119,4.7,10,P09,D_telinga
TE,Agem Kanan,1,Berdiri,T6,7.9,-0.504,3.053,1,P09,D_telinga
TE,Agem Kanan,1,Gerak,F7,-1.394,1.208,2.438,2,P09,D_telinga
TE,Agem Kanan,1,Naik,C3,-3.51,-2.991,-0.969,2,P09,D_telinga
TE,Agem Kanan,1,Naik,F3,-2.711,-0.092,-0.489,2,P09,D_telinga
TE,Agem Kanan,1,Naik,O1,-4.265,-3.57,0.791,1,P09,D_telinga
TE,Agem Kanan,1,Naik,P3,-2.663,-1.976,0.498,1,P09,D_telinga
TE,Agem Kanan,1,Naik,T3,-4.231,-1.511,1.521,1,P09,D_telinga
TE,Agem Kanan,1,Naik,T5,-3.477,-0.087,0.564,2,P09,D_telinga
TE,Agem Kanan,1,Tahan,C3,5.259,4.818,3.016,9,P09,D_telinga
TE,Agem Kanan,1,Tahan,T5,1.625,2.618,2.576,9,P09,D_telinga
TE,Agem Kanan,2,Berdiri,C3,-1.891,1.342,2.888,3,P09,D_telinga
TE,Agem Kanan,2,Berdiri,C4,-0.908,1.509,1.466,9,P09,D_telinga
TE,Agem Kanan,2,Berdiri,F3,-3.314,-0.018,-0.956,4,P09,D_telinga
TE,Agem Kanan,2,Berdiri,F4,-1.72,2.36,-0.708,6,P09,D_telinga
TE,Agem Kanan,2,Berdiri,F7,-0.035,-0.985,0.765,5,P09,D_telinga
TE,Agem Kanan,2,Berdiri,Fp1,1.202,0.699,0.166,5,P09,D_telinga
TE,Agem Kanan,2,Berdiri,O1,1.314,-0.23,1.738,2,P09,D_telinga
TE,Agem Kanan,2,Berdiri,O2,-1.262,3.152,-2.243,6,P09,D_telinga
TE,Agem Kanan,2,Berdiri,P3,0.377,1.292,2.017,9,P09,D_telinga
TE,Agem Kanan,2,Berdiri,P4,-2.055,2.266,0.831,9,P09,D_telinga
TE,Agem Kanan,2,Berdiri,T3,0.868,2.852,2.361,1,P09,D_telinga
TE,Agem Kanan,2,Berdiri,T4,-0.201,3.811,1.116,6,P09,D_telinga
TE,Agem Kanan,2,Berdiri,T5,-1.515,-0.213,1.921,9,P09,D_telinga
TE,Agem Kanan,2,Berdiri,T6,10.341,3.662,6.54,1,P09,D_telinga
TE,Agem Kanan,2,Gerak,C3,-3.544,-0.861,-1.32,3,P09,D_telinga
TE,Agem Kanan,2,Gerak,C4,1.847,-1.446,-0.017,3,P09,D_telinga
TE,Agem Kanan,2,Gerak,F3,-7.004,-4.215,-2.182,3,P09,D_telinga
TE,Agem Kanan,2,Gerak,F4,4.054,-0.721,-0.08,3,P09,D_telinga
TE,Agem Kanan,2,Gerak,F7,-0.688,-4.749,0.773,3,P09,D_telinga
TE,Agem Kanan,2,Gerak,Fp1,-5.983,-2.277,0.648,3,P09,D_telinga
TE,Agem Kanan,2,Gerak,Fp2,2.221,-1.994,-1.121,3,P09,D_telinga
TE,Agem Kanan,2,Gerak,O1,-0.168,-1.017,0.521,3,P09,D_telinga
TE,Agem Kanan,2,Gerak,O2,0.853,-2.409,-2.8,3,P09,D_telinga
TE,Agem Kanan,2,Gerak,P3,-4.985,-1.648,-0.467,3,P09,D_telinga
TE,Agem Kanan,2,Gerak,P4,0.568,-3.118,-2.612,3,P09,D_telinga
TE,Agem Kanan,2,Gerak,T3,-2.953,-1.526,-0.086,3,P09,D_telinga
TE,Agem Kanan,2,Gerak,T4,4.655,0.159,1.658,1,P09,D_telinga
TE,Agem Kanan,2,Gerak,T5,-2.69,-0.704,1.703,3,P09,D_telinga
TE,Agem Kanan,2,Gerak,T6,1.607,0.69,0.814,3,P09,D_telinga
TE,Agem Kanan,2,Naik,C3,5.094,5.127,-0.435,1,P09,D_telinga
TE,Agem Kanan,2,Naik,T5,0.423,-3.862,-2.423,2,P09,D_telinga
TE,Agem Kanan,2,Tahan,C3,8.434,7.115,1.389,2,P09,D_telinga
TE,Agem Kanan,2,Tahan,F3,7.741,6.544,0.953,2,P09,D_telinga
TE,Agem Kanan,2,Tahan,F8,1.632,-1.052,-3.955,2,P09,D_telinga
TE,Agem Kanan,2,Tahan,O2,3.85,5.457,0.363,3,P09,D_telinga
TE,Agem Kanan,2,Tahan,P4,-0.394,1.507,1.171,1,P09,D_telinga
TE,Agem Kanan,2,Tahan,T5,2.323,0.939,1.707,8,P09,D_telinga
TE,Agem Kanan,2,Tahan,T6,-1.335,-2.356,-4.776,2,P09,D_telinga
TE,Agem Kanan,3,Berdiri,C3,1.133,1.994,-0.436,5,P09,D_telinga
TE,Agem Kanan,3,Berdiri,F3,-1.593,2.723,-0.463,3,P09,D_telinga
TE,Agem Kanan,3,Berdiri,F4,-3.04,-2.604,-0.406,6,P09,D_telinga
TE,Agem Kanan,3,Berdiri,F8,2.355,0.078,-1.525,5,P09,D_telinga
TE,Agem Kanan,3,Berdiri,Fp1,-0.925,-2.323,-3.174,4,P09,D_telinga
TE,Agem Kanan,3,Berdiri,Fp2,4.961,3.176,1.365,4,P09,D_telinga
TE,Agem Kanan,3,Berdiri,O2,3.371,2.642,0.974,6,P09,D_telinga
TE,Agem Kanan,3,Berdiri,P4,3.95,2.684,2.389,6,P09,D_telinga
TE,Agem Kanan,3,Berdiri,T4,-2.782,-1.74,-1.842,8,P09,D_telinga
TE,Agem Kanan,3,Berdiri,T5,-0.788,4.584,2.271,5,P09,D_telinga
TE,Agem Kanan,3,Berdiri,T6,-2.978,-4.078,-1.521,6,P09,D_telinga
TE,Agem Kanan,3,Gerak,C3,-8.923,-7.271,-5.468,3,P09,D_telinga
TE,Agem Kanan,3,Gerak,C4,-5.413,-6.576,-4.895,4,P09,D_telinga
TE,Agem Kanan,3,Gerak,F3,-6.615,-5.203,-3.723,4,P09,D_telinga
TE,Agem Kanan,3,Gerak,F4,-5.104,-8.67,-6.205,4,P09,D_telinga
TE,Agem Kanan,3,Gerak,F7,1.175,0.143,-0.102,4,P09,D_telinga
TE,Agem Kanan,3,Gerak,Fp1,-2.489,-1.673,2.221,4,P09,D_telinga
TE,Agem Kanan,3,Gerak,Fp2,2.701,1.278,0.356,2,P09,D_telinga
TE,Agem Kanan,3,Gerak,O1,-9.799,-8.129,-5.792,4,P09,D_telinga
TE,Agem Kanan,3,Gerak,O2,-5.083,-5.918,-4.005,3,P09,D_telinga
TE,Agem Kanan,3,Gerak,P3,-6.217,-6.35,-4.333,4,P09,D_telinga
TE,Agem Kanan,3,Gerak,P4,-2.227,-6.646,-3.738,2,P09,D_telinga
TE,Agem Kanan,3,Gerak,T3,-6.152,-4.192,-2.07,4,P09,D_telinga
TE,Agem Kanan,3,Gerak,T4,-5.439,-7.414,-2.838,3,P09,D_telinga
TE,Agem Kanan,3,Gerak,T5,-11.192,-7.003,-5.6,3,P09,D_telinga
TE,Agem Kanan,3,Gerak,T6,-1.291,-3.796,-2.414,1,P09,D_telinga
TE,Agem Kanan,3,Naik,F7,-2.664,4.799,0.397,2,P09,D_telinga
TE,Agem Kanan,3,Naik,Fp1,-15.356,-10.073,-7.498,1,P09,D_telinga
TE,Agem Kanan,3,Naik,Fp2,-1.535,2.261,-1.26,2,P09,D_telinga
TE,Agem Kanan,3,Tahan,F7,-2.715,-3.265,0.428,6,P09,D_telinga
TE,Agem Kanan,3,Tahan,Fp2,0.099,3.535,1.17,3,P09,D_telinga
TE,Agem Kanan,3,Tahan,T6,0.36,3.044,-1.151,4,P09,D_telinga
TE,Agem Kanan,4,Berdiri,C3,3.646,-3.514,-0.163,5,P09,D_telinga
TE,Agem Kanan,4,Berdiri,C4,-3.387,-5.927,-2.307,9,P09,D_telinga
TE,Agem Kanan,4,Berdiri,F3,0.52,-4.216,-1.103,7,P09,D_telinga
TE,Agem Kanan,4,Berdiri,F4,-6.571,-7.419,-3.298,9,P09,D_telinga
TE,Agem Kanan,4,Berdiri,Fp1,0.112,-0.715,2.004,9,P09,D_telinga
TE,Agem Kanan,4,Berdiri,O1,-7.234,-7.157,-4.902,9,P09,D_telinga
TE,Agem Kanan,4,Berdiri,O2,-4.456,-5.291,-3.681,8,P09,D_telinga
TE,Agem Kanan,4,Berdiri,P3,-2.77,-4.338,-2.356,8,P09,D_telinga
TE,Agem Kanan,4,Berdiri,P4,-2.73,-5.099,-5.123,9,P09,D_telinga
TE,Agem Kanan,4,Berdiri,T3,-3.551,-3.812,-1.298,9,P09,D_telinga
TE,Agem Kanan,4,Berdiri,T4,-6.052,-5.832,-4.845,5,P09,D_telinga
TE,Agem Kanan,4,Berdiri,T5,3.638,-0.167,2.127,5,P09,D_telinga
TE,Agem Kanan,4,Berdiri,T6,-2.462,-1.583,1.033,7,P09,D_telinga
TE,Agem Kanan,4,Gerak,F8,-1.829,-6.121,-6.283,3,P09,D_telinga
TE,Agem Kanan,4,Gerak,Fp1,-8.093,-10.269,-4.979,3,P09,D_telinga
TE,Agem Kanan,4,Naik,F7,2.201,1.758,3.636,2,P09,D_telinga
TE,Agem Kanan,4,Naik,T6,1.475,3.774,1.895,2,P09,D_telinga
TE,Agem Kanan,4,Tahan,C3,-4.306,3.225,1.997,5,P09,D_telinga
TE,Agem Kanan,4,Tahan,C4,-5.191,-0.727,-1.25,3,P09,D_telinga
TE,Agem Kanan,4,Tahan,F3,-4.52,3.229,2.973,5,P09,D_telinga
TE,Agem Kanan,4,Tahan,F4,-1.071,2.763,-0.917,5,P09,D_telinga
TE,Agem Kanan,4,Tahan,F7,-5.367,1.242,1.047,5,P09,D_telinga
TE,Agem Kanan,4,Tahan,F8,-2.016,-0.763,1.805,5,P09,D_telinga
TE,Agem Kanan,4,Tahan,Fp1,-3.477,0.777,2.768,5,P09,D_telinga
TE,Agem Kanan,4,Tahan,Fp2,-2.642,4.591,2.262,5,P09,D_telinga
TE,Agem Kanan,4,Tahan,O1,-3.973,-4.475,-2.787,2,P09,D_telinga
TE,Agem Kanan,4,Tahan,O2,-1.796,3.836,0.885,5,P09,D_telinga
TE,Agem Kanan,4,Tahan,P3,-4.921,-0.181,-2.314,4,P09,D_telinga
TE,Agem Kanan,4,Tahan,P4,1.399,4.195,2.232,5,P09,D_telinga
TE,Agem Kanan,4,Tahan,T3,-5.136,-3.984,-1.206,1,P09,D_telinga
TE,Agem Kanan,4,Tahan,T4,1.621,5.515,3.046,1,P09,D_telinga
TE,Agem Kanan,4,Tahan,T5,-5.062,-0.084,2.493,5,P09,D_telinga
TE,Agem Kanan,4,Tahan,T6,0.627,5.367,1.464,5,P09,D_telinga
TE,Agem Kiri,1,Berdiri,C3,0.81,0.28,-0.257,10,P09,D_telinga
TE,Agem Kiri,1,Berdiri,C4,4.209,2.944,1.09,4,P09,D_telinga
TE,Agem Kiri,1,Berdiri,F3,-2.028,-2.504,-1.682,10,P09,D_telinga
TE,Agem Kiri,1,Berdiri,F4,5.812,5.767,2.649,3,P09,D_telinga
TE,Agem Kiri,1,Berdiri,F7,-4.888,0.861,-1.691,2,P09,D_telinga
TE,Agem Kiri,1,Berdiri,Fp2,5.182,5.828,3.418,3,P09,D_telinga
TE,Agem Kiri,1,Berdiri,O1,-0.444,-0.288,-0.468,5,P09,D_telinga
TE,Agem Kiri,1,Berdiri,O2,4.517,2.934,0.152,4,P09,D_telinga
TE,Agem Kiri,1,Berdiri,P3,1.638,0.758,0.393,10,P09,D_telinga
TE,Agem Kiri,1,Berdiri,P4,2.691,3.146,2.368,7,P09,D_telinga
TE,Agem Kiri,1,Berdiri,T3,-0.134,0.537,1.897,5,P09,D_telinga
TE,Agem Kiri,1,Berdiri,T4,4.213,4.005,2.876,3,P09,D_telinga
TE,Agem Kiri,1,Berdiri,T5,-0.935,-0.617,-0.541,4,P09,D_telinga
TE,Agem Kiri,1,Gerak,C4,0.231,1.762,-1.28,2,P09,D_telinga
TE,Agem Kiri,1,Gerak,F4,-1.762,1.382,-2.999,2,P09,D_telinga
TE,Agem Kiri,1,Gerak,F7,1.012,3.378,0.575,1,P09,D_telinga
TE,Agem Kiri,1,Gerak,Fp1,0.925,4.391,-1.65,1,P09,D_telinga
TE,Agem Kiri,1,Gerak,O2,0.303,1.882,-0.761,2,P09,D_telinga
TE,Agem Kiri,1,Gerak,P3,-1.642,2.564,-0.268,2,P09,D_telinga
TE,Agem Kiri,1,Gerak,P4,-3.41,0.537,-1.084,2,P09,D_telinga
TE,Agem Kiri,1,Gerak,T3,4.087,7.241,1.221,1,P09,D_telinga
TE,Agem Kiri,1,Gerak,T4,-0.119,0.538,-1.975,2,P09,D_telinga
TE,Agem Kiri,1,Gerak,T5,-4.971,-1.127,-2.762,2,P09,D_telinga
TE,Agem Kiri,1,Naik,C4,1.418,7.114,1.522,2,P09,D_telinga
TE,Agem Kiri,1,Naik,F4,1.502,5.197,4.092,2,P09,D_telinga
TE,Agem Kiri,1,Naik,O2,3.683,7.157,3.992,2,P09,D_telinga
TE,Agem Kiri,1,Naik,P4,0.672,3.797,3.704,2,P09,D_telinga
TE,Agem Kiri,1,Naik,T4,2.029,5.214,3.32,2,P09,D_telinga
TE,Agem Kiri,1,Naik,T6,2.19,4.397,2.135,2,P09,D_telinga
TE,Agem Kiri,1,Tahan,C4,4.308,3.952,1.539,7,P09,D_telinga
TE,Agem Kiri,1,Tahan,F3,10.759,9.883,5.587,3,P09,D_telinga
TE,Agem Kiri,1,Tahan,F4,0.807,-0.114,-2.929,7,P09,D_telinga
TE,Agem Kiri,1,Tahan,F8,1.311,5.109,4.051,6,P09,D_telinga
TE,Agem Kiri,1,Tahan,O2,4.874,6.572,4.17,7,P09,D_telinga
TE,Agem Kiri,1,Tahan,P4,-0.771,-1.105,-3.32,9,P09,D_telinga
TE,Agem Kiri,1,Tahan,T4,2.972,2.867,-0.709,7,P09,D_telinga
TE,Agem Kiri,1,Tahan,T6,3.086,1.052,-1.802,7,P09,D_telinga
TE,Agem Kiri,2,Berdiri,C3,4.412,2.575,0.318,15,P09,D_telinga
TE,Agem Kiri,2,Berdiri,C4,3.334,2.577,1.973,2,P09,D_telinga
TE,Agem Kiri,2,Berdiri,F3,1.449,-0.19,-0.213,15,P09,D_telinga
TE,Agem Kiri,2,Berdiri,F4,3.132,2.77,2.38,5,P09,D_telinga
TE,Agem Kiri,2,Berdiri,F7,-0.702,2.575,0.013,7,P09,D_telinga
TE,Agem Kiri,2,Berdiri,F8,2.865,2.859,-0.982,5,P09,D_telinga
TE,Agem Kiri,2,Berdiri,Fp1,3.61,0.636,-2.086,3,P09,D_telinga
TE,Agem Kiri,2,Berdiri,Fp2,4.885,0.746,3.321,1,P09,D_telinga
TE,Agem Kiri,2,Berdiri,O1,6.176,1.613,-1.296,3,P09,D_telinga
TE,Agem Kiri,2,Berdiri,O2,1.654,2.974,1.413,6,P09,D_telinga
TE,Agem Kiri,2,Berdiri,P3,5.392,3.83,1.836,15,P09,D_telinga
TE,Agem Kiri,2,Berdiri,P4,4.808,1.444,1.15,9,P09,D_telinga
TE,Agem Kiri,2,Berdiri,T3,2.543,1.723,-0.274,3,P09,D_telinga
TE,Agem Kiri,2,Berdiri,T5,5.494,4.457,2.89,15,P09,D_telinga
TE,Agem Kiri,2,Berdiri,T6,5.756,7.714,6.988,2,P09,D_telinga
TE,Agem Kiri,2,Gerak,C3,3.287,-4.066,-1.14,4,P09,D_telinga
TE,Agem Kiri,2,Gerak,C4,0.178,-1.13,-2.287,4,P09,D_telinga
TE,Agem Kiri,2,Gerak,F3,0.957,-2.768,-0.504,4,P09,D_telinga
TE,Agem Kiri,2,Gerak,F4,3.294,1.748,-1.074,2,P09,D_telinga
TE,Agem Kiri,2,Gerak,F7,-1.776,-3.686,-1.228,2,P09,D_telinga
TE,Agem Kiri,2,Gerak,Fp1,0.393,-2.244,-0.211,3,P09,D_telinga
TE,Agem Kiri,2,Gerak,O1,0.003,-2.186,-1.31,3,P09,D_telinga
TE,Agem Kiri,2,Gerak,O2,1.547,1.476,-0.447,2,P09,D_telinga
TE,Agem Kiri,2,Gerak,P3,1.544,-3.193,-1.851,4,P09,D_telinga
TE,Agem Kiri,2,Gerak,P4,1.315,1.826,0.005,4,P09,D_telinga
TE,Agem Kiri,2,Gerak,T3,0.264,-2.303,-2.07,3,P09,D_telinga
TE,Agem Kiri,2,Gerak,T5,-2.246,-0.835,-1.002,4,P09,D_telinga
TE,Agem Kiri,2,Naik,C3,10.664,9.889,6.219,1,P09,D_telinga
TE,Agem Kiri,2,Naik,C4,1.555,4.68,1.818,2,P09,D_telinga
TE,Agem Kiri,2,Naik,F3,9.442,4.185,3.45,1,P09,D_telinga
TE,Agem Kiri,2,Naik,F4,0.107,2.921,1.184,2,P09,D_telinga
TE,Agem Kiri,2,Naik,O1,7.277,7.403,3.047,1,P09,D_telinga
TE,Agem Kiri,2,Naik,P3,7.623,6.986,4.373,1,P09,D_telinga
TE,Agem Kiri,2,Naik,P4,3.481,4.371,4.209,2,P09,D_telinga
TE,Agem Kiri,2,Naik,T4,-1.474,4.093,2.208,2,P09,D_telinga
TE,Agem Kiri,2,Naik,T6,3.443,6.211,4.015,1,P09,D_telinga
TE,Agem Kiri,2,Tahan,C4,0.167,2.298,1.342,6,P09,D_telinga
TE,Agem Kiri,2,Tahan,F4,0.22,2.882,-0.355,6,P09,D_telinga
TE,Agem Kiri,2,Tahan,F8,4.001,6.778,2.761,5,P09,D_telinga
TE,Agem Kiri,2,Tahan,O2,2.855,8.236,8.605,1,P09,D_telinga
TE,Agem Kiri,2,Tahan,P4,1.413,4.767,2.359,6,P09,D_telinga
TE,Agem Kiri,2,Tahan,T4,0.366,3.567,0.276,6,P09,D_telinga
TE,Agem Kiri,2,Tahan,T6,3.313,6.055,1.828,5,P09,D_telinga
TE,Agem Kiri,3,Berdiri,C3,-0.666,-0.574,-0.818,11,P09,D_telinga
TE,Agem Kiri,3,Berdiri,C4,-5.973,-6.752,-3.473,11,P09,D_telinga
TE,Agem Kiri,3,Berdiri,F3,-3.104,-1.982,-0.604,11,P09,D_telinga
TE,Agem Kiri,3,Berdiri,F4,-2.89,-5.385,-0.344,11,P09,D_telinga
TE,Agem Kiri,3,Berdiri,F7,4.347,3.427,2.253,7,P09,D_telinga
TE,Agem Kiri,3,Berdiri,F8,-12.869,-5.562,-6.892,2,P09,D_telinga
TE,Agem Kiri,3,Berdiri,Fp1,-3.95,-2.507,0.539,11,P09,D_telinga
TE,Agem Kiri,3,Berdiri,O1,-7.911,-6.044,-5.189,11,P09,D_telinga
TE,Agem Kiri,3,Berdiri,O2,-0.243,-2.264,0.062,11,P09,D_telinga
TE,Agem Kiri,3,Berdiri,P3,-4.743,-2.398,-1.913,11,P09,D_telinga
TE,Agem Kiri,3,Berdiri,P4,0.088,-0.788,0.211,11,P09,D_telinga
TE,Agem Kiri,3,Berdiri,T3,-5.456,-3.941,-2.012,11,P09,D_telinga
TE,Agem Kiri,3,Berdiri,T4,-3.433,-7.17,-1.457,11,P09,D_telinga
TE,Agem Kiri,3,Berdiri,T5,-1.844,-2.739,-0.029,11,P09,D_telinga
TE,Agem Kiri,3,Berdiri,T6,-3.372,-3.936,-0.221,5,P09,D_telinga
TE,Agem Kiri,3,Gerak,C3,-4.681,-1.651,1.712,3,P09,D_telinga
TE,Agem Kiri,3,Gerak,C4,1.736,-0.627,-2.926,3,P09,D_telinga
TE,Agem Kiri,3,Gerak,F3,-3.217,0.566,1.799,3,P09,D_telinga
TE,Agem Kiri,3,Gerak,F4,4.169,2.616,0.493,1,P09,D_telinga
TE,Agem Kiri,3,Gerak,F7,1.244,1.69,4.436,3,P09,D_telinga
TE,Agem Kiri,3,Gerak,F8,4.247,2.679,-3.036,3,P09,D_telinga
TE,Agem Kiri,3,Gerak,Fp1,-3.246,-0.139,1.138,3,P09,D_telinga
TE,Agem Kiri,3,Gerak,O1,-5.756,-3.067,-2.178,3,P09,D_telinga
TE,Agem Kiri,3,Gerak,O2,6.617,5.488,0.164,3,P09,D_telinga
TE,Agem Kiri,3,Gerak,P3,-5.495,-1.873,0.307,3,P09,D_telinga
TE,Agem Kiri,3,Gerak,P4,7.722,6.793,1.323,3,P09,D_telinga
TE,Agem Kiri,3,Gerak,T3,-6.001,-1.611,-0.395,3,P09,D_telinga
TE,Agem Kiri,3,Gerak,T4,2.073,0.731,-1.966,1,P09,D_telinga
TE,Agem Kiri,3,Gerak,T5,-5.301,-3.134,0.461,3,P09,D_telinga
TE,Agem Kiri,3,Gerak,T6,0.636,0.732,-0.277,3,P09,D_telinga
TE,Agem Kiri,3,Naik,F8,-3.926,-1.005,-0.425,2,P09,D_telinga
TE,Agem Kiri,3,Naik,Fp2,-8.126,-9.757,-6.074,2,P09,D_telinga
TE,Agem Kiri,3,Naik,O2,-9.993,-13.529,-15.7,1,P09,D_telinga
TE,Agem Kiri,3,Tahan,F4,-10.018,-6.313,-8.784,2,P09,D_telinga
TE,Agem Kiri,3,Tahan,Fp1,-5.301,-4.007,-4.047,1,P09,D_telinga
TE,Agem Kiri,3,Tahan,O2,-3.946,-0.386,-3.216,2,P09,D_telinga
TE,Agem Kiri,3,Tahan,P4,-2.237,2.476,1.377,2,P09,D_telinga
TE,Agem Kiri,3,Tahan,T4,-7.97,-8.708,-8.341,2,P09,D_telinga
TE,Agem Kiri,3,Tahan,T5,-5.057,-4.353,0.18,2,P09,D_telinga
TE,Agem Kiri,4,Berdiri,C3,-1.033,-6.568,-5.597,6,P09,D_telinga
TE,Agem Kiri,4,Berdiri,C4,-7.516,-7.298,-6.719,15,P09,D_telinga
TE,Agem Kiri,4,Berdiri,F3,-2.005,-4.008,-3.042,8,P09,D_telinga
TE,Agem Kiri,4,Berdiri,F4,-4.74,-6.417,-7.639,9,P09,D_telinga
TE,Agem Kiri,4,Berdiri,F7,3.197,2.465,1.077,14,P09,D_telinga
TE,Agem Kiri,4,Berdiri,F8,-1.553,-7.881,-3.063,1,P09,D_telinga
TE,Agem Kiri,4,Berdiri,Fp1,-1.964,-1.479,0.902,15,P09,D_telinga
TE,Agem Kiri,4,Berdiri,Fp2,2.62,-0.808,0.799,1,P09,D_telinga
TE,Agem Kiri,4,Berdiri,O1,-9.291,-9.334,-8.477,14,P09,D_telinga
TE,Agem Kiri,4,Berdiri,O2,-2.771,-4.753,-6.149,7,P09,D_telinga
TE,Agem Kiri,4,Berdiri,P3,-6.701,-5.152,-4.645,11,P09,D_telinga
TE,Agem Kiri,4,Berdiri,P4,-4.183,-6.23,-6.632,4,P09,D_telinga
TE,Agem Kiri,4,Berdiri,T3,-4.789,-4.039,-3.438,15,P09,D_telinga
TE,Agem Kiri,4,Berdiri,T4,-5.584,-6.826,-7.548,9,P09,D_telinga
TE,Agem Kiri,4,Berdiri,T5,-3.485,-7.114,-6.758,6,P09,D_telinga
TE,Agem Kiri,4,Berdiri,T6,-4.413,-3.287,-1.56,13,P09,D_telinga
TE,Agem Kiri,4,Gerak,C3,2.395,1.551,-1.576,2,P09,D_telinga
TE,Agem Kiri,4,Gerak,C4,-3.13,-7.837,-6.583,2,P09,D_telinga
TE,Agem Kiri,4,Gerak,F3,-2.243,-5.996,-2.317,2,P09,D_telinga
TE,Agem Kiri,4,Gerak,F4,4.431,-4.097,-2.623,2,P09,D_telinga
TE,Agem Kiri,4,Gerak,F8,5.857,-0.897,-3.457,2,P09,D_telinga
TE,Agem Kiri,4,Gerak,Fp1,-7.399,-1.57,0.472,2,P09,D_telinga
TE,Agem Kiri,4,Gerak,O1,-8.489,-9.225,-8.159,2,P09,D_telinga
TE,Agem Kiri,4,Gerak,O2,6.738,-3.695,-0.846,2,P09,D_telinga
TE,Agem Kiri,4,Gerak,P3,-5.478,-6.615,-3.803,2,P09,D_telinga
TE,Agem Kiri,4,Gerak,P4,5.79,-3.054,0.11,2,P09,D_telinga
TE,Agem Kiri,4,Gerak,T3,-8.556,-5.028,-2.595,2,P09,D_telinga
TE,Agem Kiri,4,Gerak,T4,2.589,-5.575,-3.794,2,P09,D_telinga
TE,Agem Kiri,4,Gerak,T5,-3.309,-7.26,-3.29,2,P09,D_telinga
TE,Agem Kiri,4,Gerak,T6,-3.974,-8.354,-3.082,2,P09,D_telinga
TE,Agem Kiri,4,Naik,C4,-4.526,-2.298,-4.154,2,P09,D_telinga
TE,Agem Kiri,4,Naik,T6,-9.195,4.714,-0.059,2,P09,D_telinga
TE,Agem Kiri,4,Tahan,C4,-1.885,-1.922,-8.092,7,P09,D_telinga
TE,Agem Kiri,4,Tahan,F4,2.735,1.295,3.169,3,P09,D_telinga
TE,Agem Kiri,4,Tahan,F8,4.241,1.884,4.197,3,P09,D_telinga
TE,Agem Kiri,4,Tahan,Fp2,-2.182,-0.196,0.056,1,P09,D_telinga
TE,Agem Kiri,4,Tahan,O2,5.781,4.829,6.863,3,P09,D_telinga
TE,Agem Kiri,4,Tahan,P4,5.606,5.82,8.164,2,P09,D_telinga
TE,Agem Kiri,4,Tahan,T4,2.097,1.799,1.517,4,P09,D_telinga
TE,Agem Kiri,4,Tahan,T5,-5.435,-0.979,3.057,3,P09,D_telinga
TE,Agem Kiri,4,Tahan,T6,-0.796,-2.73,-2.564,7,P09,D_telinga
TE,Ngeed,1,Berdiri,C3,2.711,1.845,-0.451,11,P09,D_telinga
TE,Ngeed,1,Berdiri,C4,-5.98,-4.07,-5.17,11,P09,D_telinga
TE,Ngeed,1,Berdiri,F3,1.638,-0.701,-0.65,11,P09,D_telinga
TE,Ngeed,1,Berdiri,F4,0.577,2.016,-1.356,8,P09,D_telinga
TE,Ngeed,1,Berdiri,F7,2.141,1.706,0.325,5,P09,D_telinga
TE,Ngeed,1,Berdiri,Fp1,-2.507,-2.82,-0.634,11,P09,D_telinga
TE,Ngeed,1,Berdiri,O1,-10.632,-13.578,-11.556,6,P09,D_telinga
TE,Ngeed,1,Berdiri,O2,1.924,2.57,0.94,7,P09,D_telinga
TE,Ngeed,1,Berdiri,P3,-5.792,-8.014,-7.338,11,P09,D_telinga
TE,Ngeed,1,Berdiri,P4,2.64,4.754,2.351,7,P09,D_telinga
TE,Ngeed,1,Berdiri,T4,1.84,2.48,-0.247,4,P09,D_telinga
TE,Ngeed,1,Berdiri,T5,2.904,2.292,2.448,11,P09,D_telinga
TE,Ngeed,1,Berdiri,T6,-2.258,1.01,0.809,11,P09,D_telinga
TE,Ngeed,1,Gerak,C3,0.062,1.194,2.81,2,P09,D_telinga
TE,Ngeed,1,Gerak,C4,-8.415,-10.455,-12.336,1,P09,D_telinga
TE,Ngeed,1,Gerak,F3,-1.672,-3.345,1.967,2,P09,D_telinga
TE,Ngeed,1,Gerak,F4,-0.254,2.16,-4.246,1,P09,D_telinga
TE,Ngeed,1,Gerak,F7,-1.531,2.408,-0.013,1,P09,D_telinga
TE,Ngeed,1,Gerak,F8,0.293,-3.829,-2.841,1,P09,D_telinga
TE,Ngeed,1,Gerak,Fp1,-4.787,-9.438,-3.311,2,P09,D_telinga
TE,Ngeed,1,Gerak,O2,1.585,0.784,-0.906,1,P09,D_telinga
TE,Ngeed,1,Gerak,P4,1.474,1.633,0.107,1,P09,D_telinga
TE,Ngeed,1,Gerak,T5,-2.313,1.364,1.579,2,P09,D_telinga
TE,Ngeed,1,Naik,C3,-2.858,2.717,0.073,2,P09,D_telinga
TE,Ngeed,1,Naik,F3,-3.22,4.924,1.282,2,P09,D_telinga
TE,Ngeed,1,Naik,F4,-5.787,0.919,-0.351,2,P09,D_telinga
TE,Ngeed,1,Naik,F7,-5.121,-3.391,-2.835,2,P09,D_telinga
TE,Ngeed,1,Naik,Fp1,-7.811,-5.236,-2.898,2,P09,D_telinga
TE,Ngeed,1,Naik,Fp2,-8.95,-0.704,0.647,2,P09,D_telinga
TE,Ngeed,1,Naik,O2,-4.144,1.481,0.01,2,P09,D_telinga
TE,Ngeed,1,Naik,P4,-4.424,2.23,0.94,2,P09,D_telinga
TE,Ngeed,1,Naik,T5,-7.206,-2.602,-3.611,2,P09,D_telinga
TE,Ngeed,1,Naik,T6,-10.528,-2.424,-4.94,2,P09,D_telinga
TE,Ngeed,1,Tahan,C3,-4.38,-2.163,-0.432,5,P09,D_telinga
TE,Ngeed,1,Tahan,F3,-2.737,-3.895,1.515,5,P09,D_telinga
TE,Ngeed,1,Tahan,F4,-8.193,-4.629,-0.424,5,P09,D_telinga
TE,Ngeed,1,Tahan,F7,-6.007,-3.698,-1.654,5,P09,D_telinga
TE,Ngeed,1,Tahan,Fp1,-0.788,-4.46,-3.214,5,P09,D_telinga
TE,Ngeed,1,Tahan,Fp2,-9.476,-5.413,1.383,5,P09,D_telinga
TE,Ngeed,1,Tahan,O2,-8.768,-2.113,0.396,5,P09,D_telinga
TE,Ngeed,1,Tahan,P4,-8.428,0.105,2.713,5,P09,D_telinga
TE,Ngeed,1,Tahan,T4,-15.285,-14.474,-13.011,1,P09,D_telinga
TE,Ngeed,1,Tahan,T5,-8.894,-5.877,-2.299,5,P09,D_telinga
TE,Ngeed,1,Tahan,T6,-9.221,-6.969,-3.981,5,P09,D_telinga
TE,Ngeed,2,Berdiri,O2,-1.922,-3.331,-3.777,1,P09,D_telinga
TE,Ngeed,2,Berdiri,T4,-2.556,-0.883,-2.84,2,P09,D_telinga
TE,Ngeed,2,Berdiri,T6,-3.635,-5.083,-3.47,1,P09,D_telinga
TE,Ngeed,2,Gerak,C3,-5.636,-0.217,-3.44,2,P09,D_telinga
TE,Ngeed,2,Gerak,C4,-1.414,-2.003,-2.693,2,P09,D_telinga
TE,Ngeed,2,Gerak,F3,0.605,2.685,-4.114,2,P09,D_telinga
TE,Ngeed,2,Gerak,F4,-5.3,-3.574,1.128,2,P09,D_telinga
TE,Ngeed,2,Gerak,F7,-3.409,2.249,-0.475,2,P09,D_telinga
TE,Ngeed,2,Gerak,Fp1,2.029,-3.047,-0.952,2,P09,D_telinga
TE,Ngeed,2,Gerak,O1,-7.438,-10.835,-10.149,2,P09,D_telinga
TE,Ngeed,2,Gerak,O2,8.753,6.584,5.24,2,P09,D_telinga
TE,Ngeed,2,Gerak,P3,-2.107,-2.445,-5.836,2,P09,D_telinga
TE,Ngeed,2,Gerak,P4,10.209,8.747,7.847,2,P09,D_telinga
TE,Ngeed,2,Gerak,T5,-5.914,-1.251,-0.279,2,P09,D_telinga
TE,Ngeed,2,Naik,F7,-4.543,0.261,-4.272,2,P09,D_telinga
TE,Ngeed,2,Naik,Fp2,-19.054,-12.083,-8.839,1,P09,D_telinga
TE,Ngeed,2,Tahan,C3,-9.727,-8.981,-5.323,2,P09,D_telinga
TE,Ngeed,2,Tahan,F3,-12.292,-8.998,-4.257,3,P09,D_telinga
TE,Ngeed,2,Tahan,F7,-7.482,-2.19,-2.763,7,P09,D_telinga
TE,Ngeed,2,Tahan,Fp1,-10.687,-7.573,-2.733,5,P09,D_telinga
TE,Ngeed,2,Tahan,Fp2,-12.275,-6.559,-1.648,7,P09,D_telinga
TE,Ngeed,2,Tahan,P4,-19.025,-16.396,-6.757,1,P09,D_telinga
TE,Ngeed,2,Tahan,T5,-8.598,-5.383,-2.25,7,P09,D_telinga
TE,Ngeed,3,Berdiri,C3,-0.715,-3.729,1.882,10,P09,D_telinga
TE,Ngeed,3,Berdiri,C4,-5.434,-4.75,-0.283,11,P09,D_telinga
TE,Ngeed,3,Berdiri,F3,-0.325,-3.345,2.312,11,P09,D_telinga
TE,Ngeed,3,Berdiri,F4,-3.329,-3.888,-0.554,11,P09,D_telinga
TE,Ngeed,3,Berdiri,F7,0.62,2.333,5.738,11,P09,D_telinga
TE,Ngeed,3,Berdiri,F8,-0.635,-3.282,1.866,3,P09,D_telinga
TE,Ngeed,3,Berdiri,Fp1,-3.247,-3.785,2.725,10,P09,D_telinga
TE,Ngeed,3,Berdiri,O1,-2.064,-4.185,-0.707,11,P09,D_telinga
TE,Ngeed,3,Berdiri,O2,-1.555,-2.48,-1.68,11,P09,D_telinga
TE,Ngeed,3,Berdiri,P3,-2.039,-4.327,1.683,11,P09,D_telinga
TE,Ngeed,3,Berdiri,P4,-0.144,-1.54,-1.168,11,P09,D_telinga
TE,Ngeed,3,Berdiri,T3,-4.647,-5.66,1.283,10,P09,D_telinga
TE,Ngeed,3,Berdiri,T4,-2.56,-1.997,-0.969,11,P09,D_telinga
TE,Ngeed,3,Berdiri,T5,-3.019,-2.699,2.225,10,P09,D_telinga
TE,Ngeed,3,Berdiri,T6,-5.564,-4.036,3.399,3,P09,D_telinga
TE,Ngeed,3,Gerak,F4,-17.659,-15.544,-14.209,1,P09,D_telinga
TE,Ngeed,3,Gerak,F7,-2.042,5.909,-0.669,1,P09,D_telinga
TE,Ngeed,3,Gerak,O2,-8.009,-7.644,-7.015,1,P09,D_telinga
TE,Ngeed,3,Gerak,P4,-8.202,-9.657,-8.016,2,P09,D_telinga
TE,Ngeed,3,Gerak,T4,-24.807,-20.7,-15.705,1,P09,D_telinga
TE,Ngeed,3,Naik,C3,1.124,2.468,2.695,2,P09,D_telinga
TE,Ngeed,3,Naik,F3,-0.563,0.841,1.419,2,P09,D_telinga
TE,Ngeed,3,Naik,F4,-4.857,-0.48,-0.509,2,P09,D_telinga
TE,Ngeed,3,Naik,F7,-5.845,-0.218,-0.751,2,P09,D_telinga
TE,Ngeed,3,Naik,Fp1,-4.113,-1.124,-0.603,2,P09,D_telinga
TE,Ngeed,3,Naik,Fp2,-4.56,0.702,1.414,2,P09,D_telinga
TE,Ngeed,3,Naik,O2,-9.042,0.781,-1.221,1,P09,D_telinga
TE,Ngeed,3,Naik,P4,-8.638,0.884,2.18,2,P09,D_telinga
TE,Ngeed,3,Naik,T5,-6.518,-0.757,-0.31,2,P09,D_telinga
TE,Ngeed,3,Tahan,C3,-0.976,1.839,0.036,7,P09,D_telinga
TE,Ngeed,3,Tahan,C4,-2.919,-3.095,-1.627,7,P09,D_telinga
TE,Ngeed,3,Tahan,F3,-0.743,-0.125,-0.389,7,P09,D_telinga
TE,Ngeed,3,Tahan,F4,-0.026,1.001,2.994,7,P09,D_telinga
TE,Ngeed,3,Tahan,F7,-3.42,0.194,-0.71,7,P09,D_telinga
TE,Ngeed,3,Tahan,Fp1,-1.57,-0.675,0.887,7,P09,D_telinga
TE,Ngeed,3,Tahan,Fp2,-1.899,0.213,3.388,7,P09,D_telinga
TE,Ngeed,3,Tahan,O1,-4.275,-3.718,-3.401,7,P09,D_telinga
TE,Ngeed,3,Tahan,O2,-3.635,-1.493,0.821,7,P09,D_telinga
TE,Ngeed,3,Tahan,P3,-1.357,-0.708,-1.25,7,P09,D_telinga
TE,Ngeed,3,Tahan,P4,-5.946,-1.452,1.921,7,P09,D_telinga
TE,Ngeed,3,Tahan,T3,-2.16,-2.919,-1.719,7,P09,D_telinga
TE,Ngeed,3,Tahan,T4,-6.478,-0.886,0.643,7,P09,D_telinga
TE,Ngeed,3,Tahan,T5,-3.79,-4.243,-2.422,7,P09,D_telinga
TE,Ngeed,4,Berdiri,F7,4.583,-1.252,2.764,4,P09,D_telinga
TE,Ngeed,4,Berdiri,Fp1,-7.797,-4.245,-2.032,8,P09,D_telinga
TE,Ngeed,4,Berdiri,Fp2,-0.222,3.458,2.788,3,P09,D_telinga
TE,Ngeed,4,Berdiri,O2,-9.897,-6.868,-9.556,1,P09,D_telinga
TE,Ngeed,4,Berdiri,P4,-8.787,-12.031,-8.105,2,P09,D_telinga
TE,Ngeed,4,Berdiri,T3,-6.055,-1.152,0.214,1,P09,D_telinga
TE,Ngeed,4,Berdiri,T6,-9.826,-14.63,-8.406,1,P09,D_telinga
TE,Ngeed,4,Gerak,C3,3.973,3.721,4.05,2,P09,D_telinga
TE,Ngeed,4,Gerak,F3,2.969,5.692,4.503,2,P09,D_telinga
TE,Ngeed,4,Gerak,F4,3.89,-2.207,4.397,2,P09,D_telinga
TE,Ngeed,4,Gerak,F7,2.074,4.706,5.55,1,P09,D_telinga
TE,Ngeed,4,Gerak,Fp1,-7.397,-2.11,1.865,2,P09,D_telinga
TE,Ngeed,4,Gerak,O1,-11.219,-4.972,-2.033,1,P09,D_telinga
TE,Ngeed,4,Gerak,P3,-6.076,-3.307,0.837,1,P09,D_telinga
TE,Ngeed,4,Gerak,T5,1.597,1.3,6.117,2,P09,D_telinga
TE,Ngeed,4,Naik,C3,1.043,-2.639,-2.366,2,P09,D_telinga
TE,Ngeed,4,Naik,C4,-6.022,-4.795,-4.598,2,P09,D_telinga
TE,Ngeed,4,Naik,F3,1.747,1.21,-0.64,2,P09,D_telinga
TE,Ngeed,4,Naik,F4,-2.265,-1.744,1.76,2,P09,D_telinga
TE,Ngeed,4,Naik,F7,2.252,2.857,-0.383,2,P09,D_telinga
TE,Ngeed,4,Naik,F8,-15.273,-6.929,-9.959,2,P09,D_telinga
TE,Ngeed,4,Naik,Fp1,-0.864,1.095,-0.229,2,P09,D_telinga
TE,Ngeed,4,Naik,Fp2,-2.932,-1.212,4.032,2,P09,D_telinga
TE,Ngeed,4,Naik,O1,-4.422,-4.942,-5.016,2,P09,D_telinga
TE,Ngeed,4,Naik,O2,-2.638,-2.385,0.645,2,P09,D_telinga
TE,Ngeed,4,Naik,P3,0.509,-0.431,-2.186,2,P09,D_telinga
TE,Ngeed,4,Naik,P4,-0.708,-2.343,1.104,2,P09,D_telinga
TE,Ngeed,4,Naik,T3,-1.07,-1.35,-2.092,2,P09,D_telinga
TE,Ngeed,4,Naik,T4,-5.415,-4.945,-1.462,2,P09,D_telinga
TE,Ngeed,4,Naik,T5,-2.522,-4.002,-3.389,2,P09,D_telinga
TE,Ngeed,4,Naik,T6,-0.829,0.108,0.781,2,P09,D_telinga
TE,Ngeed,4,Tahan,C3,-4.925,0.961,-0.781,3,P09,D_telinga
TE,Ngeed,4,Tahan,C4,-10.306,-4.302,-1.288,7,P09,D_telinga
TE,Ngeed,4,Tahan,F3,-6.303,0.491,-1.004,5,P09,D_telinga
TE,Ngeed,4,Tahan,F4,-4.044,-0.552,0.912,5,P09,D_telinga
TE,Ngeed,4,Tahan,F7,-3.011,1.694,2.735,10,P09,D_telinga
TE,Ngeed,4,Tahan,F8,-8.022,-6.402,-0.054,3,P09,D_telinga
TE,Ngeed,4,Tahan,Fp1,-4.433,-1.257,1.563,10,P09,D_telinga
TE,Ngeed,4,Tahan,Fp2,-9.262,-2.691,3.276,7,P09,D_telinga
TE,Ngeed,4,Tahan,O1,-9.598,-5.342,-3.654,7,P09,D_telinga
TE,Ngeed,4,Tahan,O2,-6.263,0.484,-0.179,5,P09,D_telinga
TE,Ngeed,4,Tahan,P3,-8.839,-2.767,-2.825,6,P09,D_telinga
TE,Ngeed,4,Tahan,P4,-8.791,1.014,1.773,4,P09,D_telinga
TE,Ngeed,4,Tahan,T3,-10.766,-2.413,-0.995,9,P09,D_telinga
TE,Ngeed,4,Tahan,T4,-9.65,-0.953,-1.946,5,P09,D_telinga
TE,Ngeed,4,Tahan,T5,-10.351,-2.417,-3.917,4,P09,D_telinga
TE,Ngeed,4,Tahan,T6,-10.724,-7.148,-4.405,5,P09,D_telinga
TE,Agem Kanan,1,Berdiri,C3,1.701,0.935,-0.487,10,P09,A_belahan
TE,Agem Kanan,1,Berdiri,C4,3.729,3.559,2.785,10,P09,A_belahan
TE,Agem Kanan,1,Berdiri,F3,-0.978,-0.489,0.705,10,P09,A_belahan
TE,Agem Kanan,1,Berdiri,F4,5.558,3.839,5.555,10,P09,A_belahan
TE,Agem Kanan,1,Berdiri,F7,2.888,2.337,1.803,10,P09,A_belahan
TE,Agem Kanan,1,Berdiri,Fp1,2.297,-0.335,0.175,10,P09,A_belahan
TE,Agem Kanan,1,Berdiri,Fp2,3.641,2.237,1.595,10,P09,A_belahan
TE,Agem Kanan,1,Berdiri,O1,3.505,3.169,2.016,10,P09,A_belahan
TE,Agem Kanan,1,Berdiri,O2,0.419,0.898,-0.526,10,P09,A_belahan
TE,Agem Kanan,1,Berdiri,P3,-0.134,1.869,2.767,10,P09,A_belahan
TE,Agem Kanan,1,Berdiri,P4,2.456,1.954,0.271,10,P09,A_belahan
TE,Agem Kanan,1,Berdiri,T3,-2.287,-0.834,-0.926,10,P09,A_belahan
TE,Agem Kanan,1,Berdiri,T4,7.214,-1.335,5.966,3,P09,A_belahan
TE,Agem Kanan,1,Berdiri,T5,2.48,1.651,0.042,10,P09,A_belahan
TE,Agem Kanan,1,Berdiri,T6,4.774,4.997,5.811,1,P09,A_belahan
TE,Agem Kanan,1,Gerak,F8,2.933,1.538,2.449,2,P09,A_belahan
TE,Agem Kanan,1,Gerak,Fp2,3.357,1.727,3.47,2,P09,A_belahan
TE,Agem Kanan,1,Naik,C3,-2.371,2.34,0.134,2,P09,A_belahan
TE,Agem Kanan,1,Naik,C4,4.245,6.378,2.165,2,P09,A_belahan
TE,Agem Kanan,1,Naik,F3,-6.358,-1.246,2.85,2,P09,A_belahan
TE,Agem Kanan,1,Naik,F4,-2.57,4.806,2.93,2,P09,A_belahan
TE,Agem Kanan,1,Naik,F7,1.419,-1.865,-0.076,1,P09,A_belahan
TE,Agem Kanan,1,Naik,F8,-2.967,0.979,-2.827,2,P09,A_belahan
TE,Agem Kanan,1,Naik,Fp1,-2.806,-0.591,0.544,2,P09,A_belahan
TE,Agem Kanan,1,Naik,Fp2,1.737,7.424,5.442,1,P09,A_belahan
TE,Agem Kanan,1,Naik,O1,-3.259,-3.599,0.214,2,P09,A_belahan
TE,Agem Kanan,1,Naik,O2,3.286,4.929,1.904,2,P09,A_belahan
TE,Agem Kanan,1,Naik,P3,-0.6,0.03,-1.684,2,P09,A_belahan
TE,Agem Kanan,1,Naik,P4,3.233,7.393,2.933,2,P09,A_belahan
TE,Agem Kanan,1,Naik,T3,-9.59,-1.195,-1.601,2,P09,A_belahan
TE,Agem Kanan,1,Naik,T5,-3.771,1.605,-0.48,2,P09,A_belahan
TE,Agem Kanan,1,Naik,T6,-0.446,5.394,3.52,2,P09,A_belahan
TE,Agem Kanan,1,Tahan,C3,1.656,5.367,2.891,9,P09,A_belahan
TE,Agem Kanan,1,Tahan,C4,7.194,5.366,3.636,9,P09,A_belahan
TE,Agem Kanan,1,Tahan,F3,1.167,3.416,3.677,9,P09,A_belahan
TE,Agem Kanan,1,Tahan,F4,6.859,6.97,4.803,5,P09,A_belahan
TE,Agem Kanan,1,Tahan,F8,-0.46,0.849,-0.476,3,P09,A_belahan
TE,Agem Kanan,1,Tahan,Fp1,4.272,5.418,1.256,7,P09,A_belahan
TE,Agem Kanan,1,Tahan,Fp2,10.82,6.744,5.881,2,P09,A_belahan
TE,Agem Kanan,1,Tahan,O1,7.973,6.402,5.149,3,P09,A_belahan
TE,Agem Kanan,1,Tahan,O2,4.993,3.75,1.615,9,P09,A_belahan
TE,Agem Kanan,1,Tahan,P3,9.919,7.907,5.798,9,P09,A_belahan
TE,Agem Kanan,1,Tahan,P4,6.694,3.96,1.702,9,P09,A_belahan
TE,Agem Kanan,1,Tahan,T3,6.814,5.575,2.353,6,P09,A_belahan
TE,Agem Kanan,1,Tahan,T4,1.716,1.462,1.828,4,P09,A_belahan
TE,Agem Kanan,1,Tahan,T5,6.034,3.885,3.631,7,P09,A_belahan
TE,Agem Kanan,1,Tahan,T6,5.142,3.493,2.834,4,P09,A_belahan
TE,Agem Kanan,2,Berdiri,C3,6.138,6.696,8.272,3,P09,A_belahan
TE,Agem Kanan,2,Berdiri,C4,3.157,1.59,1.39,9,P09,A_belahan
TE,Agem Kanan,2,Berdiri,F3,2.895,2.049,5.507,4,P09,A_belahan
TE,Agem Kanan,2,Berdiri,F4,3.619,0.559,3.309,9,P09,A_belahan
TE,Agem Kanan,2,Berdiri,F7,-3.81,-1.284,1.012,5,P09,A_belahan
TE,Agem Kanan,2,Berdiri,Fp1,-0.395,-1.381,0.906,9,P09,A_belahan
TE,Agem Kanan,2,Berdiri,Fp2,1.443,4.036,-0.243,6,P09,A_belahan
TE,Agem Kanan,2,Berdiri,O1,2.135,2.718,4.436,9,P09,A_belahan
TE,Agem Kanan,2,Berdiri,O2,0.389,1.503,1.675,9,P09,A_belahan
TE,Agem Kanan,2,Berdiri,P3,5.068,1.695,4.045,9,P09,A_belahan
TE,Agem Kanan,2,Berdiri,P4,2.664,1.78,1.214,9,P09,A_belahan
TE,Agem Kanan,2,Berdiri,T3,4.369,4.488,4.752,9,P09,A_belahan
TE,Agem Kanan,2,Berdiri,T4,5.187,-1.214,3.08,5,P09,A_belahan
TE,Agem Kanan,2,Berdiri,T5,1.6,2.867,3.386,9,P09,A_belahan
TE,Agem Kanan,2,Gerak,C3,-4.261,-3.267,-0.548,3,P09,A_belahan
TE,Agem Kanan,2,Gerak,C4,-4.911,-4.08,-0.069,3,P09,A_belahan
TE,Agem Kanan,2,Gerak,F3,-3.057,-3.26,-1.257,3,P09,A_belahan
TE,Agem Kanan,2,Gerak,F4,-0.523,-4.416,0.575,3,P09,A_belahan
TE,Agem Kanan,2,Gerak,F7,-0.698,-3.742,-1.085,3,P09,A_belahan
TE,Agem Kanan,2,Gerak,Fp1,-2.49,-1.434,0.362,3,P09,A_belahan
TE,Agem Kanan,2,Gerak,Fp2,-2.089,-5.081,-3.834,3,P09,A_belahan
TE,Agem Kanan,2,Gerak,O1,1.319,0.459,0.405,3,P09,A_belahan
TE,Agem Kanan,2,Gerak,O2,0.203,-1.849,-0.653,3,P09,A_belahan
TE,Agem Kanan,2,Gerak,P3,-0.499,0.162,-1.061,3,P09,A_belahan
TE,Agem Kanan,2,Gerak,P4,-1.644,-2.283,-1.085,3,P09,A_belahan
TE,Agem Kanan,2,Gerak,T3,-1.793,-1.891,-2.255,3,P09,A_belahan
TE,Agem Kanan,2,Gerak,T4,0.103,-2.57,-1.961,3,P09,A_belahan
TE,Agem Kanan,2,Gerak,T5,-2.235,-0.584,1.137,3,P09,A_belahan
TE,Agem Kanan,2,Gerak,T6,1.744,1.344,1.533,3,P09,A_belahan
TE,Agem Kanan,2,Naik,C3,3.399,0.234,-0.815,2,P09,A_belahan
TE,Agem Kanan,2,Naik,C4,6.419,3.648,-0.795,2,P09,A_belahan
TE,Agem Kanan,2,Naik,F3,-1.218,0.245,-1.237,2,P09,A_belahan
TE,Agem Kanan,2,Naik,Fp1,4.454,3.335,-0.366,2,P09,A_belahan
TE,Agem Kanan,2,Naik,O1,2.587,3.82,0.622,2,P09,A_belahan
TE,Agem Kanan,2,Naik,O2,0.885,-2.431,-2.198,2,P09,A_belahan
TE,Agem Kanan,2,Naik,P3,-3.073,7.131,1.057,2,P09,A_belahan
TE,Agem Kanan,2,Naik,P4,-3.378,-4.626,-2.922,2,P09,A_belahan
TE,Agem Kanan,2,Naik,T3,3.986,6.734,-0.321,1,P09,A_belahan
TE,Agem Kanan,2,Naik,T4,8.632,9.467,8.239,2,P09,A_belahan
TE,Agem Kanan,2,Naik,T5,0.903,2.41,-3.267,2,P09,A_belahan
TE,Agem Kanan,2,Naik,T6,3.261,2.166,-1.205,2,P09,A_belahan
TE,Agem Kanan,2,Tahan,C3,6.356,6.197,3.422,8,P09,A_belahan
TE,Agem Kanan,2,Tahan,C4,1.7,5.313,4.584,8,P09,A_belahan
TE,Agem Kanan,2,Tahan,F3,4.227,3.318,2.394,8,P09,A_belahan
TE,Agem Kanan,2,Tahan,F8,-1.215,1.184,-2.038,1,P09,A_belahan
TE,Agem Kanan,2,Tahan,Fp1,7.744,8.661,1.913,6,P09,A_belahan
TE,Agem Kanan,2,Tahan,O1,7.444,6.037,3.578,8,P09,A_belahan
TE,Agem Kanan,2,Tahan,O2,5.046,4.162,1.855,8,P09,A_belahan
TE,Agem Kanan,2,Tahan,P3,10.643,10.896,5.68,8,P09,A_belahan
TE,Agem Kanan,2,Tahan,P4,2.609,4.839,1.961,8,P09,A_belahan
TE,Agem Kanan,2,Tahan,T3,10.147,7.57,2.147,7,P09,A_belahan
TE,Agem Kanan,2,Tahan,T5,2.392,2.859,1.359,8,P09,A_belahan
TE,Agem Kanan,2,Tahan,T6,5.41,3.699,-0.377,2,P09,A_belahan
TE,Agem Kanan,3,Berdiri,C3,-1.036,1.611,-0.781,5,P09,A_belahan
TE,Agem Kanan,3,Berdiri,F3,-1.412,0.463,-1.044,3,P09,A_belahan
TE,Agem Kanan,3,Berdiri,F4,1.378,-1.232,0.429,6,P09,A_belahan
TE,Agem Kanan,3,Berdiri,F7,5.775,9.617,5.58,2,P09,A_belahan
TE,Agem Kanan,3,Berdiri,F8,-0.231,-0.368,1.463,8,P09,A_belahan
TE,Agem Kanan,3,Berdiri,Fp1,-0.721,0.319,-0.491,4,P09,A_belahan
TE,Agem Kanan,3,Berdiri,Fp2,3.634,1.556,0.434,8,P09,A_belahan
TE,Agem Kanan,3,Berdiri,O2,-3.08,-4.251,-4.213,6,P09,A_belahan
TE,Agem Kanan,3,Berdiri,P4,-4.755,-7.355,-6.846,6,P09,A_belahan
TE,Agem Kanan,3,Berdiri,T4,-0.844,-1.678,-2.6,8,P09,A_belahan
TE,Agem Kanan,3,Berdiri,T5,-0.97,-3.771,-2.801,5,P09,A_belahan
TE,Agem Kanan,3,Berdiri,T6,3.601,2.813,2.34,6,P09,A_belahan
TE,Agem Kanan,3,Gerak,C3,-1.677,-1.862,-0.511,3,P09,A_belahan
TE,Agem Kanan,3,Gerak,C4,-5.83,-4.697,-3.585,4,P09,A_belahan
TE,Agem Kanan,3,Gerak,F3,-9.466,-7.038,-3.601,4,P09,A_belahan
TE,Agem Kanan,3,Gerak,F4,-5.163,-5.503,-5.012,4,P09,A_belahan
TE,Agem Kanan,3,Gerak,F7,2.035,0.83,1.136,4,P09,A_belahan
TE,Agem Kanan,3,Gerak,Fp1,-3.283,-0.544,3.544,4,P09,A_belahan
TE,Agem Kanan,3,Gerak,Fp2,4.047,3.297,1.109,3,P09,A_belahan
TE,Agem Kanan,3,Gerak,O1,-5.87,-9.348,-5.376,4,P09,A_belahan
TE,Agem Kanan,3,Gerak,O2,-4.683,-4.222,-6.431,4,P09,A_belahan
TE,Agem Kanan,3,Gerak,P3,-2.431,0.708,2.653,4,P09,A_belahan
TE,Agem Kanan,3,Gerak,P4,-4.577,-7.432,-6.68,2,P09,A_belahan
TE,Agem Kanan,3,Gerak,T3,-9.187,-4.842,-2.878,4,P09,A_belahan
TE,Agem Kanan,3,Gerak,T4,-4.009,-4.581,-1.976,4,P09,A_belahan
TE,Agem Kanan,3,Gerak,T5,-4.135,-4.729,-2.531,3,P09,A_belahan
TE,Agem Kanan,3,Gerak,T6,-3.716,-2.339,-2.179,1,P09,A_belahan
TE,Agem Kanan,3,Naik,F7,-3.559,4.423,-1.987,1,P09,A_belahan
TE,Agem Kanan,3,Naik,Fp1,-4.473,1.776,-7.001,1,P09,A_belahan
TE,Agem Kanan,3,Tahan,Fp2,5.64,7.503,1.211,4,P09,A_belahan
TE,Agem Kanan,3,Tahan,T6,5.748,7.73,2.097,4,P09,A_belahan
TE,Agem Kanan,4,Berdiri,C3,-3.166,-0.037,0.292,5,P09,A_belahan
TE,Agem Kanan,4,Berdiri,C4,0.019,-2.046,-3.045,9,P09,A_belahan
TE,Agem Kanan,4,Berdiri,F3,-1.92,-0.125,-2.65,7,P09,A_belahan
TE,Agem Kanan,4,Berdiri,F4,-2.089,-1.384,-2.288,8,P09,A_belahan
TE,Agem Kanan,4,Berdiri,F7,11.001,10.389,7.765,6,P09,A_belahan
TE,Agem Kanan,4,Berdiri,Fp1,-0.432,-1.311,1.959,9,P09,A_belahan
TE,Agem Kanan,4,Berdiri,Fp2,1.362,5.029,4.837,1,P09,A_belahan
TE,Agem Kanan,4,Berdiri,O1,1.944,1.289,-0.295,9,P09,A_belahan
TE,Agem Kanan,4,Berdiri,O2,-1.268,-3.036,-3.105,9,P09,A_belahan
TE,Agem Kanan,4,Berdiri,P3,4.863,4.959,3.46,8,P09,A_belahan
TE,Agem Kanan,4,Berdiri,P4,-0.517,-1.858,-1.4,9,P09,A_belahan
TE,Agem Kanan,4,Berdiri,T3,0.094,-3.157,-2.939,9,P09,A_belahan
TE,Agem Kanan,4,Berdiri,T4,7.228,2.768,2.415,9,P09,A_belahan
TE,Agem Kanan,4,Berdiri,T5,-0.076,-3.643,-2.847,5,P09,A_belahan
TE,Agem Kanan,4,Berdiri,T6,3.001,1.314,2.434,7,P09,A_belahan
TE,Agem Kanan,4,Gerak,F7,6.253,4.053,2.261,3,P09,A_belahan
TE,Agem Kanan,4,Gerak,F8,-4.698,-1.897,-2.486,3,P09,A_belahan
TE,Agem Kanan,4,Gerak,Fp1,5.338,1.405,-2.752,3,P09,A_belahan
TE,Agem Kanan,4,Gerak,Fp2,-4.274,-1.708,-1.465,3,P09,A_belahan
TE,Agem Kanan,4,Naik,C4,3.256,-2.676,7.172,1,P09,A_belahan
TE,Agem Kanan,4,Naik,F4,7.04,5.393,8.129,2,P09,A_belahan
TE,Agem Kanan,4,Naik,F8,3.097,3.832,8.035,2,P09,A_belahan
TE,Agem Kanan,4,Naik,O2,1.684,-2.9,-4.382,2,P09,A_belahan
TE,Agem Kanan,4,Naik,P4,2.312,0.106,-2.631,2,P09,A_belahan
TE,Agem Kanan,4,Naik,T4,0.608,3.476,4.187,2,P09,A_belahan
TE,Agem Kanan,4,Tahan,C3,-5.968,-0.664,2.614,5,P09,A_belahan
TE,Agem Kanan,4,Tahan,C4,-3.438,2.402,0.755,3,P09,A_belahan
TE,Agem Kanan,4,Tahan,F3,-10.69,-4.433,-1.228,5,P09,A_belahan
TE,Agem Kanan,4,Tahan,F4,-0.357,3.666,-0.427,5,P09,A_belahan
TE,Agem Kanan,4,Tahan,F7,-5.202,-0.112,-1.224,5,P09,A_belahan
TE,Agem Kanan,4,Tahan,F8,0.56,1.221,3.26,5,P09,A_belahan
TE,Agem Kanan,4,Tahan,Fp1,-2.755,1.312,4.064,5,P09,A_belahan
TE,Agem Kanan,4,Tahan,Fp2,-0.975,6.496,3.202,5,P09,A_belahan
TE,Agem Kanan,4,Tahan,O1,-4.655,-0.042,-4.81,2,P09,A_belahan
TE,Agem Kanan,4,Tahan,O2,-4.944,0.661,-2.384,5,P09,A_belahan
TE,Agem Kanan,4,Tahan,P3,-3.131,2.073,2.813,4,P09,A_belahan
TE,Agem Kanan,4,Tahan,P4,-1.844,-1.449,-2.92,5,P09,A_belahan
TE,Agem Kanan,4,Tahan,T3,-4.795,-1.803,-2.21,1,P09,A_belahan
TE,Agem Kanan,4,Tahan,T4,6.854,7.181,4.708,1,P09,A_belahan
TE,Agem Kanan,4,Tahan,T5,-4.431,-0.745,-0.552,5,P09,A_belahan
TE,Agem Kanan,4,Tahan,T6,2.411,6.9,3.931,5,P09,A_belahan
TE,Agem Kiri,1,Berdiri,C3,-0.193,-0.633,0.686,10,P09,A_belahan
TE,Agem Kiri,1,Berdiri,C4,3.739,2.001,4.158,10,P09,A_belahan
TE,Agem Kiri,1,Berdiri,F3,-2.154,-1.443,-1.847,10,P09,A_belahan
TE,Agem Kiri,1,Berdiri,F4,6.608,8.931,6.624,10,P09,A_belahan
TE,Agem Kiri,1,Berdiri,F7,1.772,2.017,0.158,8,P09,A_belahan
TE,Agem Kiri,1,Berdiri,Fp1,1.568,0.206,1.669,10,P09,A_belahan
TE,Agem Kiri,1,Berdiri,Fp2,1.042,4.014,1.616,5,P09,A_belahan
TE,Agem Kiri,1,Berdiri,O1,-2.116,-0.348,0.004,8,P09,A_belahan
TE,Agem Kiri,1,Berdiri,O2,2.368,1.402,1.534,9,P09,A_belahan
TE,Agem Kiri,1,Berdiri,P3,0.865,-1.831,0.352,10,P09,A_belahan
TE,Agem Kiri,1,Berdiri,P4,4.43,2.672,1.597,10,P09,A_belahan
TE,Agem Kiri,1,Berdiri,T3,-0.34,-1.973,-0.083,10,P09,A_belahan
TE,Agem Kiri,1,Berdiri,T4,-7.637,-1.556,-0.741,3,P09,A_belahan
TE,Agem Kiri,1,Berdiri,T5,1.668,1.642,1.697,9,P09,A_belahan
TE,Agem Kiri,1,Gerak,C4,0.104,-0.465,-0.457,2,P09,A_belahan
TE,Agem Kiri,1,Gerak,F4,0.873,0.84,-0.186,2,P09,A_belahan
TE,Agem Kiri,1,Gerak,F7,1.967,1.471,-1.879,2,P09,A_belahan
TE,Agem Kiri,1,Gerak,Fp1,-1.833,-1.204,-2.781,2,P09,A_belahan
TE,Agem Kiri,1,Gerak,Fp2,0.378,2.493,0.03,2,P09,A_belahan
TE,Agem Kiri,1,Gerak,O1,2.581,1.92,-0.499,2,P09,A_belahan
TE,Agem Kiri,1,Gerak,O2,-4.102,1.65,-1.11,2,P09,A_belahan
TE,Agem Kiri,1,Gerak,P3,4.56,0.353,-1.269,2,P09,A_belahan
TE,Agem Kiri,1,Gerak,P4,0.945,3.341,0.48,2,P09,A_belahan
TE,Agem Kiri,1,Gerak,T3,0.17,3.282,-0.87,2,P09,A_belahan
TE,Agem Kiri,1,Gerak,T4,4.001,1.333,-0.241,2,P09,A_belahan
TE,Agem Kiri,1,Gerak,T5,0.366,4.146,0.187,2,P09,A_belahan
TE,Agem Kiri,1,Naik,C3,8.675,8.642,5.082,2,P09,A_belahan
TE,Agem Kiri,1,Naik,C4,3.895,-2.603,1.246,2,P09,A_belahan
TE,Agem Kiri,1,Naik,F3,8.912,8.129,4.151,2,P09,A_belahan
TE,Agem Kiri,1,Naik,F4,-7.929,-0.865,0.641,2,P09,A_belahan
TE,Agem Kiri,1,Naik,F7,3.085,6.713,4.541,2,P09,A_belahan
TE,Agem Kiri,1,Naik,F8,3.3,6.606,3.216,2,P09,A_belahan
TE,Agem Kiri,1,Naik,Fp1,4.187,8.834,1.441,2,P09,A_belahan
TE,Agem Kiri,1,Naik,Fp2,1.192,1.761,1.79,2,P09,A_belahan
TE,Agem Kiri,1,Naik,O1,5.451,8.707,7.909,2,P09,A_belahan
TE,Agem Kiri,1,Naik,O2,-3.474,-0.216,-0.795,2,P09,A_belahan
TE,Agem Kiri,1,Naik,P3,7.811,9.804,8.153,2,P09,A_belahan
TE,Agem Kiri,1,Naik,P4,-1.136,5.205,-1.144,2,P09,A_belahan
TE,Agem Kiri,1,Naik,T4,-4.102,-5.928,-6.597,2,P09,A_belahan
TE,Agem Kiri,1,Naik,T5,11.03,12.981,3.826,2,P09,A_belahan
TE,Agem Kiri,1,Naik,T6,-3.793,-2.128,-2.829,2,P09,A_belahan
TE,Agem Kiri,1,Tahan,C3,10.222,8.462,4.399,9,P09,A_belahan
TE,Agem Kiri,1,Tahan,C4,-1.316,-0.089,0.492,9,P09,A_belahan
TE,Agem Kiri,1,Tahan,F3,8.234,8.433,4.9,9,P09,A_belahan
TE,Agem Kiri,1,Tahan,F4,-1.758,-1.189,0.498,9,P09,A_belahan
TE,Agem Kiri,1,Tahan,F7,6.612,7.503,5.531,6,P09,A_belahan
TE,Agem Kiri,1,Tahan,F8,1.437,2.191,3.829,7,P09,A_belahan
TE,Agem Kiri,1,Tahan,Fp1,2.113,7.268,-0.112,9,P09,A_belahan
TE,Agem Kiri,1,Tahan,Fp2,5.661,4.226,0.372,9,P09,A_belahan
TE,Agem Kiri,1,Tahan,O1,5.382,9.798,4.105,6,P09,A_belahan
TE,Agem Kiri,1,Tahan,O2,-1.635,-0.9,1.544,9,P09,A_belahan
TE,Agem Kiri,1,Tahan,P3,11.41,10.687,6.292,9,P09,A_belahan
TE,Agem Kiri,1,Tahan,P4,3.406,3.899,0.262,9,P09,A_belahan
TE,Agem Kiri,1,Tahan,T4,-6.511,-4.48,-3.572,8,P09,A_belahan
TE,Agem Kiri,1,Tahan,T5,5.905,8.582,3.836,9,P09,A_belahan
TE,Agem Kiri,1,Tahan,T6,-7.974,-4.907,-0.54,9,P09,A_belahan
TE,Agem Kiri,2,Berdiri,C3,4.718,1.775,1.839,15,P09,A_belahan
TE,Agem Kiri,2,Berdiri,C4,7.631,5.266,2.883,12,P09,A_belahan
TE,Agem Kiri,2,Berdiri,F3,4.929,2.577,1.647,15,P09,A_belahan
TE,Agem Kiri,2,Berdiri,F4,6.661,7.471,6.149,13,P09,A_belahan
TE,Agem Kiri,2,Berdiri,F7,3.499,2.187,0.181,15,P09,A_belahan
TE,Agem Kiri,2,Berdiri,F8,3.147,6.594,3.974,4,P09,A_belahan
TE,Agem Kiri,2,Berdiri,Fp1,5.738,0.594,-1.015,15,P09,A_belahan
TE,Agem Kiri,2,Berdiri,Fp2,4.186,0.857,1.039,7,P09,A_belahan
TE,Agem Kiri,2,Berdiri,O1,7.288,2.237,0.783,11,P09,A_belahan
TE,Agem Kiri,2,Berdiri,O2,5.331,3.224,1.38,15,P09,A_belahan
TE,Agem Kiri,2,Berdiri,P3,5.305,4.98,2.485,15,P09,A_belahan
TE,Agem Kiri,2,Berdiri,P4,4.188,3.135,2.029,15,P09,A_belahan
TE,Agem Kiri,2,Berdiri,T3,7.409,1.23,2.213,15,P09,A_belahan
TE,Agem Kiri,2,Berdiri,T5,7.004,2.554,0.387,12,P09,A_belahan
TE,Agem Kiri,2,Berdiri,T6,2.881,6.902,9.022,2,P09,A_belahan
TE,Agem Kiri,2,Gerak,C3,-4.787,-2.665,-2.168,4,P09,A_belahan
TE,Agem Kiri,2,Gerak,C4,0.375,1.137,1.183,4,P09,A_belahan
TE,Agem Kiri,2,Gerak,F3,-5.359,-8.37,-2.147,4,P09,A_belahan
TE,Agem Kiri,2,Gerak,F4,5.288,1.941,2.43,4,P09,A_belahan
TE,Agem Kiri,2,Gerak,F7,2.765,0.855,0.2,4,P09,A_belahan
TE,Agem Kiri,2,Gerak,Fp1,-0.589,-3.579,0.652,4,P09,A_belahan
TE,Agem Kiri,2,Gerak,Fp2,-0.02,0.01,1.093,2,P09,A_belahan
TE,Agem Kiri,2,Gerak,O1,0.643,-0.896,-1.095,4,P09,A_belahan
TE,Agem Kiri,2,Gerak,O2,4.993,-0.494,-2.303,4,P09,A_belahan
TE,Agem Kiri,2,Gerak,P3,-1.014,-0.012,-4.158,4,P09,A_belahan
TE,Agem Kiri,2,Gerak,P4,2.935,-3.204,-3.934,4,P09,A_belahan
TE,Agem Kiri,2,Gerak,T3,-2.414,-1.756,-3.431,4,P09,A_belahan
TE,Agem Kiri,2,Gerak,T5,3.12,-0.68,0.09,4,P09,A_belahan
TE,Agem Kiri,2,Naik,C3,1.163,1.258,0.87,2,P09,A_belahan
TE,Agem Kiri,2,Naik,C4,0.271,-0.962,-1.694,2,P09,A_belahan
TE,Agem Kiri,2,Naik,F3,-0.018,5.797,-0.157,2,P09,A_belahan
TE,Agem Kiri,2,Naik,F4,-2.889,-6.613,-1.012,2,P09,A_belahan
TE,Agem Kiri,2,Naik,F7,14.295,10.671,4.673,2,P09,A_belahan
TE,Agem Kiri,2,Naik,Fp1,-1.148,5.782,0.403,2,P09,A_belahan
TE,Agem Kiri,2,Naik,Fp2,1.859,5.634,0.801,2,P09,A_belahan
TE,Agem Kiri,2,Naik,O1,6.997,5.31,2.75,2,P09,A_belahan
TE,Agem Kiri,2,Naik,P3,3.15,8.095,1.904,2,P09,A_belahan
TE,Agem Kiri,2,Naik,P4,-4.602,0.444,-2.265,2,P09,A_belahan
TE,Agem Kiri,2,Naik,T3,6.246,13.177,4.359,1,P09,A_belahan
TE,Agem Kiri,2,Naik,T4,-1.456,-4.787,-4.887,2,P09,A_belahan
TE,Agem Kiri,2,Naik,T5,1.533,8.873,2.895,2,P09,A_belahan
TE,Agem Kiri,2,Naik,T6,7.63,5.38,2.654,2,P09,A_belahan
TE,Agem Kiri,2,Tahan,C3,1.394,8.559,2.378,6,P09,A_belahan
TE,Agem Kiri,2,Tahan,C4,1.291,1.79,0.2,6,P09,A_belahan
TE,Agem Kiri,2,Tahan,F3,5.352,9.946,6.08,6,P09,A_belahan
TE,Agem Kiri,2,Tahan,F4,-4.028,-0.57,-2.396,6,P09,A_belahan
TE,Agem Kiri,2,Tahan,F8,2.913,5.368,3.155,6,P09,A_belahan
TE,Agem Kiri,2,Tahan,Fp1,3.622,6.316,0.612,6,P09,A_belahan
TE,Agem Kiri,2,Tahan,Fp2,-0.559,1.044,-1.434,6,P09,A_belahan
TE,Agem Kiri,2,Tahan,O1,8.7,8.276,4.705,6,P09,A_belahan
TE,Agem Kiri,2,Tahan,O2,6.728,8.281,7.13,5,P09,A_belahan
TE,Agem Kiri,2,Tahan,P3,5.382,9.924,3.757,6,P09,A_belahan
TE,Agem Kiri,2,Tahan,P4,-0.868,1.314,-3.317,6,P09,A_belahan
TE,Agem Kiri,2,Tahan,T4,-7.866,-5.126,-5.947,6,P09,A_belahan
TE,Agem Kiri,2,Tahan,T5,6.015,9.197,6.596,6,P09,A_belahan
TE,Agem Kiri,2,Tahan,T6,-0.845,2.285,-0.173,6,P09,A_belahan
TE,Agem Kiri,3,Berdiri,C3,-3.098,-0.832,0.277,11,P09,A_belahan
TE,Agem Kiri,3,Berdiri,C4,0.19,-1.578,-1.855,11,P09,A_belahan
TE,Agem Kiri,3,Berdiri,F3,-6.954,-7.097,-4.982,11,P09,A_belahan
TE,Agem Kiri,3,Berdiri,F4,-0.186,-0.121,-2.093,10,P09,A_belahan
TE,Agem Kiri,3,Berdiri,F7,6.094,5.626,4.15,11,P09,A_belahan
TE,Agem Kiri,3,Berdiri,F8,-2.033,-2.129,0.658,2,P09,A_belahan
TE,Agem Kiri,3,Berdiri,Fp1,-3.622,-0.688,1.783,11,P09,A_belahan
TE,Agem Kiri,3,Berdiri,Fp2,4.128,0.249,3.16,8,P09,A_belahan
TE,Agem Kiri,3,Berdiri,O1,-1.858,-4.329,-4.958,11,P09,A_belahan
TE,Agem Kiri,3,Berdiri,O2,-4.605,-5.961,-3.261,11,P09,A_belahan
TE,Agem Kiri,3,Berdiri,P3,-1.262,0.862,0.53,11,P09,A_belahan
TE,Agem Kiri,3,Berdiri,P4,-7.164,-5.34,-3.381,11,P09,A_belahan
TE,Agem Kiri,3,Berdiri,T3,-3.725,-3.634,-2.822,11,P09,A_belahan
TE,Agem Kiri,3,Berdiri,T4,-8.996,-7.419,-3.721,11,P09,A_belahan
TE,Agem Kiri,3,Berdiri,T5,-5.811,-4.66,-1.783,11,P09,A_belahan
TE,Agem Kiri,3,Berdiri,T6,-0.558,-1.375,0.362,4,P09,A_belahan
TE,Agem Kiri,3,Gerak,C3,-1.685,-1.636,0.253,3,P09,A_belahan
TE,Agem Kiri,3,Gerak,C4,4.558,2.427,-0.16,3,P09,A_belahan
TE,Agem Kiri,3,Gerak,F3,-8.318,-5.346,-4.713,3,P09,A_belahan
TE,Agem Kiri,3,Gerak,F4,-6.306,-2.506,-2.103,3,P09,A_belahan
TE,Agem Kiri,3,Gerak,F7,2.589,2.793,2.677,3,P09,A_belahan
TE,Agem Kiri,3,Gerak,F8,-3.87,1.961,1.182,3,P09,A_belahan
TE,Agem Kiri,3,Gerak,Fp1,-1.371,1.409,0.865,3,P09,A_belahan
TE,Agem Kiri,3,Gerak,O1,-5.883,-5.607,-1.779,3,P09,A_belahan
TE,Agem Kiri,3,Gerak,O2,-3.545,-1.369,-5.194,3,P09,A_belahan
TE,Agem Kiri,3,Gerak,P3,-4.717,0.655,-0.005,3,P09,A_belahan
TE,Agem Kiri,3,Gerak,P4,-5.811,-1.371,-5.748,3,P09,A_belahan
TE,Agem Kiri,3,Gerak,T3,-8.149,-3.132,-1.166,3,P09,A_belahan
TE,Agem Kiri,3,Gerak,T4,-10.112,-7.537,-6.192,3,P09,A_belahan
TE,Agem Kiri,3,Gerak,T5,-7.711,-2.856,-1.193,3,P09,A_belahan
TE,Agem Kiri,3,Gerak,T6,5.345,5.433,2.174,3,P09,A_belahan
TE,Agem Kiri,3,Naik,F8,-7.862,-2.805,-1.049,2,P09,A_belahan
TE,Agem Kiri,3,Naik,Fp2,-9.399,-5.909,-2.249,2,P09,A_belahan
TE,Agem Kiri,3,Naik,O2,-7.061,-3.881,-2.39,1,P09,A_belahan
TE,Agem Kiri,3,Tahan,F4,-2.617,1.091,0.148,5,P09,A_belahan
TE,Agem Kiri,3,Tahan,F7,8.864,10.009,4.379,1,P09,A_belahan
TE,Agem Kiri,3,Tahan,F8,-0.086,6.101,5.166,4,P09,A_belahan
TE,Agem Kiri,3,Tahan,Fp1,2.629,0.824,0.393,2,P09,A_belahan
TE,Agem Kiri,3,Tahan,Fp2,-0.643,2.125,1.265,4,P09,A_belahan
TE,Agem Kiri,3,Tahan,O2,-2.678,-2.54,-3.436,5,P09,A_belahan
TE,Agem Kiri,3,Tahan,P4,-7.555,-4.619,-5.592,5,P09,A_belahan
TE,Agem Kiri,3,Tahan,T4,-5.291,-3.461,-1.374,5,P09,A_belahan
TE,Agem Kiri,3,Tahan,T5,5.244,4.876,1.378,3,P09,A_belahan
TE,Agem Kiri,3,Tahan,T6,-5.633,-3.496,0.911,3,P09,A_belahan
TE,Agem Kiri,4,Berdiri,C3,-5.652,-1.518,0.067,6,P09,A_belahan
TE,Agem Kiri,4,Berdiri,C4,-0.482,-3.707,-3.968,15,P09,A_belahan
TE,Agem Kiri,4,Berdiri,F3,-7.954,-6.945,-4.548,8,P09,A_belahan
TE,Agem Kiri,4,Berdiri,F4,-4.133,-4.429,-3.083,9,P09,A_belahan
TE,Agem Kiri,4,Berdiri,F7,4.048,2.923,2.519,15,P09,A_belahan
TE,Agem Kiri,4,Berdiri,F8,-2.653,-4.373,-1.706,1,P09,A_belahan
TE,Agem Kiri,4,Berdiri,Fp1,-2.069,-1.911,1.795,15,P09,A_belahan
TE,Agem Kiri,4,Berdiri,Fp2,3.467,3.073,2.865,8,P09,A_belahan
TE,Agem Kiri,4,Berdiri,O1,-3.355,-2.313,-3.818,14,P09,A_belahan
TE,Agem Kiri,4,Berdiri,O2,-4.56,-4.533,-5.973,7,P09,A_belahan
TE,Agem Kiri,4,Berdiri,P3,0.882,-1.663,1.413,11,P09,A_belahan
TE,Agem Kiri,4,Berdiri,P4,-2.085,-2.133,-3.818,4,P09,A_belahan
TE,Agem Kiri,4,Berdiri,T3,-7.347,-6.19,-4.476,15,P09,A_belahan
TE,Agem Kiri,4,Berdiri,T4,-7.465,-9.183,-6.72,9,P09,A_belahan
TE,Agem Kiri,4,Berdiri,T5,-5.18,-4.776,-2.234,6,P09,A_belahan
TE,Agem Kiri,4,Berdiri,T6,-2.141,-1.699,0.278,13,P09,A_belahan
TE,Agem Kiri,4,Gerak,C3,-0.998,5.311,1.193,2,P09,A_belahan
TE,Agem Kiri,4,Gerak,C4,5.959,-6.886,-0.516,2,P09,A_belahan
TE,Agem Kiri,4,Gerak,F3,-7.969,-11.775,-1.981,2,P09,A_belahan
TE,Agem Kiri,4,Gerak,F4,-9.497,-7.384,-3.91,2,P09,A_belahan
TE,Agem Kiri,4,Gerak,F7,3.54,0.794,0.364,2,P09,A_belahan
TE,Agem Kiri,4,Gerak,F8,-1.463,-1.464,-2.43,2,P09,A_belahan
TE,Agem Kiri,4,Gerak,Fp1,-6.411,0.527,2.415,2,P09,A_belahan
TE,Agem Kiri,4,Gerak,Fp2,7.487,0.509,1.373,2,P09,A_belahan
TE,Agem Kiri,4,Gerak,O1,-3.426,-6.568,-5.114,2,P09,A_belahan
TE,Agem Kiri,4,Gerak,O2,-6.562,-2.543,-7.124,2,P09,A_belahan
TE,Agem Kiri,4,Gerak,P3,-5.905,-5.234,1.029,2,P09,A_belahan
TE,Agem Kiri,4,Gerak,P4,-6.828,-4.05,-8.485,2,P09,A_belahan
TE,Agem Kiri,4,Gerak,T3,-3.925,-4.683,-2.122,2,P09,A_belahan
TE,Agem Kiri,4,Gerak,T4,-6.547,-11.655,-6.19,2,P09,A_belahan
TE,Agem Kiri,4,Gerak,T5,-3.696,-5.526,-4.247,2,P09,A_belahan
TE,Agem Kiri,4,Gerak,T6,2.75,-6.451,0.148,2,P09,A_belahan
TE,Agem Kiri,4,Naik,C4,2.571,12.389,6.754,2,P09,A_belahan
TE,Agem Kiri,4,Naik,F4,1.112,2.492,3.496,2,P09,A_belahan
TE,Agem Kiri,4,Naik,F8,5.849,5.817,5.006,2,P09,A_belahan
TE,Agem Kiri,4,Naik,Fp2,-5.611,8.258,3.0,2,P09,A_belahan
TE,Agem Kiri,4,Naik,O2,-1.238,-0.852,1.233,2,P09,A_belahan
TE,Agem Kiri,4,Naik,P4,1.843,-1.647,-0.614,2,P09,A_belahan
TE,Agem Kiri,4,Naik,T4,-6.925,-1.702,-2.12,2,P09,A_belahan
TE,Agem Kiri,4,Naik,T6,-1.889,4.6,1.815,2,P09,A_belahan
TE,Agem Kiri,4,Tahan,C4,7.739,5.929,4.36,7,P09,A_belahan
TE,Agem Kiri,4,Tahan,F4,-6.348,-3.923,-0.282,7,P09,A_belahan
TE,Agem Kiri,4,Tahan,F7,4.229,2.754,2.796,3,P09,A_belahan
TE,Agem Kiri,4,Tahan,F8,-3.341,1.679,4.048,7,P09,A_belahan
TE,Agem Kiri,4,Tahan,Fp2,1.916,3.804,2.003,7,P09,A_belahan
TE,Agem Kiri,4,Tahan,O2,-2.839,-1.878,1.094,7,P09,A_belahan
TE,Agem Kiri,4,Tahan,P4,-3.067,-1.724,-1.309,7,P09,A_belahan
TE,Agem Kiri,4,Tahan,T4,-7.81,-6.94,-3.053,7,P09,A_belahan
TE,Agem Kiri,4,Tahan,T5,4.117,1.434,0.609,3,P09,A_belahan
TE,Agem Kiri,4,Tahan,T6,0.654,3.013,1.376,7,P09,A_belahan
TE,Ngeed,1,Berdiri,C3,-2.545,-2.501,-1.246,11,P09,A_belahan
TE,Ngeed,1,Berdiri,C4,2.598,2.288,-1.284,11,P09,A_belahan
TE,Ngeed,1,Berdiri,F3,-4.926,-5.951,-1.611,11,P09,A_belahan
TE,Ngeed,1,Berdiri,F4,-2.753,-2.948,-3.319,11,P09,A_belahan
TE,Ngeed,1,Berdiri,F7,2.557,2.309,-0.451,11,P09,A_belahan
TE,Ngeed,1,Berdiri,F8,3.519,-2.643,-0.158,1,P09,A_belahan
TE,Ngeed,1,Berdiri,Fp1,-2.137,0.118,1.966,11,P09,A_belahan
TE,Ngeed,1,Berdiri,Fp2,1.885,1.625,-0.883,11,P09,A_belahan
TE,Ngeed,1,Berdiri,O1,-0.39,-0.714,-2.047,6,P09,A_belahan
TE,Ngeed,1,Berdiri,O2,-2.927,-1.803,-3.219,11,P09,A_belahan
TE,Ngeed,1,Berdiri,P3,4.935,3.087,1.676,11,P09,A_belahan
TE,Ngeed,1,Berdiri,P4,-4.275,-3.467,-4.095,11,P09,A_belahan
TE,Ngeed,1,Berdiri,T4,2.359,4.058,2.992,11,P09,A_belahan
TE,Ngeed,1,Berdiri,T5,-1.267,-1.119,-0.75,11,P09,A_belahan
TE,Ngeed,1,Berdiri,T6,1.343,1.052,1.887,11,P09,A_belahan
TE,Ngeed,1,Gerak,C3,-2.559,-1.821,-1.801,2,P09,A_belahan
TE,Ngeed,1,Gerak,C4,-0.612,1.916,-5.124,1,P09,A_belahan
TE,Ngeed,1,Gerak,F3,-8.436,-2.302,-1.729,2,P09,A_belahan
TE,Ngeed,1,Gerak,F4,-1.44,0.257,-1.993,2,P09,A_belahan
TE,Ngeed,1,Gerak,F7,-1.353,2.633,-0.966,2,P09,A_belahan
TE,Ngeed,1,Gerak,F8,0.449,0.081,0.399,1,P09,A_belahan
TE,Ngeed,1,Gerak,Fp1,-2.133,-2.706,-0.912,2,P09,A_belahan
TE,Ngeed,1,Gerak,Fp2,-6.372,-4.791,-2.622,1,P09,A_belahan
TE,Ngeed,1,Gerak,O2,-3.644,-2.373,-4.832,1,P09,A_belahan
TE,Ngeed,1,Gerak,P4,-3.238,-2.696,-5.932,2,P09,A_belahan
TE,Ngeed,1,Gerak,T5,-3.498,-2.684,-2.115,2,P09,A_belahan
TE,Ngeed,1,Gerak,T6,-4.353,-3.776,-5.722,1,P09,A_belahan
TE,Ngeed,1,Naik,C3,-7.873,-0.874,-2.023,2,P09,A_belahan
TE,Ngeed,1,Naik,F3,-5.527,1.463,-1.16,2,P09,A_belahan
TE,Ngeed,1,Naik,F4,-10.266,-3.886,-2.762,2,P09,A_belahan
TE,Ngeed,1,Naik,F7,-5.755,-2.746,-3.978,2,P09,A_belahan
TE,Ngeed,1,Naik,Fp1,-1.189,-3.101,-0.737,2,P09,A_belahan
TE,Ngeed,1,Naik,Fp2,-13.338,-5.748,-0.636,2,P09,A_belahan
TE,Ngeed,1,Naik,O2,-10.058,-7.781,-12.001,2,P09,A_belahan
TE,Ngeed,1,Naik,P4,-15.976,-4.755,-6.796,2,P09,A_belahan
TE,Ngeed,1,Naik,T5,-10.296,-5.832,-4.63,2,P09,A_belahan
TE,Ngeed,1,Naik,T6,-12.93,-6.642,-4.752,2,P09,A_belahan
TE,Ngeed,1,Tahan,C3,-1.308,-3.944,-4.944,5,P09,A_belahan
TE,Ngeed,1,Tahan,F3,-3.755,-4.858,-0.856,5,P09,A_belahan
TE,Ngeed,1,Tahan,F4,-10.203,-8.615,-5.874,5,P09,A_belahan
TE,Ngeed,1,Tahan,F7,-4.009,-3.778,-2.267,5,P09,A_belahan
TE,Ngeed,1,Tahan,Fp1,0.878,-2.248,-2.643,5,P09,A_belahan
TE,Ngeed,1,Tahan,Fp2,-10.852,-8.715,-0.068,5,P09,A_belahan
TE,Ngeed,1,Tahan,O2,-10.973,-8.883,-8.141,5,P09,A_belahan
TE,Ngeed,1,Tahan,P4,-13.572,-6.245,-5.302,5,P09,A_belahan
TE,Ngeed,1,Tahan,T4,-13.207,-9.984,-3.302,1,P09,A_belahan
TE,Ngeed,1,Tahan,T5,-8.813,-8.185,-4.403,5,P09,A_belahan
TE,Ngeed,1,Tahan,T6,-9.557,-5.639,-2.791,5,P09,A_belahan
TE,Ngeed,2,Berdiri,F8,3.917,2.865,0.147,2,P09,A_belahan
TE,Ngeed,2,Berdiri,Fp2,4.878,1.664,0.496,3,P09,A_belahan
TE,Ngeed,2,Berdiri,O2,3.758,4.887,0.566,1,P09,A_belahan
TE,Ngeed,2,Berdiri,T4,2.035,3.142,2.205,2,P09,A_belahan
TE,Ngeed,2,Gerak,C3,0.735,-3.948,-0.72,2,P09,A_belahan
TE,Ngeed,2,Gerak,C4,6.758,5.509,0.97,2,P09,A_belahan
TE,Ngeed,2,Gerak,F3,-6.071,-0.748,-4.74,2,P09,A_belahan
TE,Ngeed,2,Gerak,F4,10.414,5.345,8.558,2,P09,A_belahan
TE,Ngeed,2,Gerak,F7,0.101,2.264,0.165,2,P09,A_belahan
TE,Ngeed,2,Gerak,Fp1,3.395,-0.274,1.493,2,P09,A_belahan
TE,Ngeed,2,Gerak,Fp2,2.792,0.959,-0.125,2,P09,A_belahan
TE,Ngeed,2,Gerak,O1,-9.652,-1.168,-6.015,2,P09,A_belahan
TE,Ngeed,2,Gerak,O2,-0.649,0.0,-2.138,2,P09,A_belahan
TE,Ngeed,2,Gerak,P3,-0.872,0.143,1.283,2,P09,A_belahan
TE,Ngeed,2,Gerak,P4,3.139,3.419,-1.723,2,P09,A_belahan
TE,Ngeed,2,Gerak,T5,0.353,-1.707,-3.016,2,P09,A_belahan
TE,Ngeed,2,Tahan,C3,-5.527,-7.293,-0.852,2,P09,A_belahan
TE,Ngeed,2,Tahan,F3,-11.129,-7.69,-6.167,3,P09,A_belahan
TE,Ngeed,2,Tahan,F7,-6.765,-1.732,-4.983,7,P09,A_belahan
TE,Ngeed,2,Tahan,Fp1,-7.155,-4.452,-1.548,5,P09,A_belahan
TE,Ngeed,2,Tahan,Fp2,-11.98,-11.971,-0.798,1,P09,A_belahan
TE,Ngeed,2,Tahan,P4,-9.196,-9.74,-0.027,1,P09,A_belahan
TE,Ngeed,2,Tahan,T5,-9.256,-8.086,-4.836,7,P09,A_belahan
TE,Ngeed,3,Berdiri,C3,-2.699,-4.856,1.82,10,P09,A_belahan
TE,Ngeed,3,Berdiri,C4,-0.91,-2.348,-0.74,11,P09,A_belahan
TE,Ngeed,3,Berdiri,F3,-6.728,-7.132,-3.567,11,P09,A_belahan
TE,Ngeed,3,Berdiri,F4,-1.173,-3.105,0.669,11,P09,A_belahan
TE,Ngeed,3,Berdiri,F7,0.208,3.299,2.446,11,P09,A_belahan
TE,Ngeed,3,Berdiri,F8,-2.611,-5.719,0.004,3,P09,A_belahan
TE,Ngeed,3,Berdiri,Fp1,-0.77,-2.221,2.656,11,P09,A_belahan
TE,Ngeed,3,Berdiri,Fp2,1.901,1.266,2.949,8,P09,A_belahan
TE,Ngeed,3,Berdiri,O1,0.409,0.511,-0.864,11,P09,A_belahan
TE,Ngeed,3,Berdiri,O2,-5.587,-4.852,0.247,11,P09,A_belahan
TE,Ngeed,3,Berdiri,P3,-2.756,0.181,1.16,11,P09,A_belahan
TE,Ngeed,3,Berdiri,P4,-5.112,-5.738,0.74,11,P09,A_belahan
TE,Ngeed,3,Berdiri,T3,-5.028,-5.988,-1.585,11,P09,A_belahan
TE,Ngeed,3,Berdiri,T4,1.514,-1.283,-0.033,11,P09,A_belahan
TE,Ngeed,3,Berdiri,T5,-2.411,-4.718,1.163,10,P09,A_belahan
TE,Ngeed,3,Berdiri,T6,-1.925,-6.961,2.623,3,P09,A_belahan
TE,Ngeed,3,Gerak,F4,-8.815,-5.137,-5.015,1,P09,A_belahan
TE,Ngeed,3,Gerak,Fp2,3.99,4.455,1.537,1,P09,A_belahan
TE,Ngeed,3,Gerak,O2,-3.631,-3.2,-5.092,1,P09,A_belahan
TE,Ngeed,3,Gerak,P4,3.877,3.878,-0.397,2,P09,A_belahan
TE,Ngeed,3,Gerak,T4,-10.333,-6.031,-8.944,1,P09,A_belahan
TE,Ngeed,3,Naik,C3,-1.813,0.59,1.59,2,P09,A_belahan
TE,Ngeed,3,Naik,F3,-7.706,-2.641,-0.832,2,P09,A_belahan
TE,Ngeed,3,Naik,F4,1.476,2.315,1.072,2,P09,A_belahan
TE,Ngeed,3,Naik,F7,-10.663,-2.949,-3.07,2,P09,A_belahan
TE,Ngeed,3,Naik,Fp1,-7.017,-2.095,1.111,2,P09,A_belahan
TE,Ngeed,3,Naik,Fp2,1.19,1.167,1.832,2,P09,A_belahan
TE,Ngeed,3,Naik,O2,-7.232,-3.992,-4.855,1,P09,A_belahan
TE,Ngeed,3,Naik,P4,4.079,-4.766,-2.3,2,P09,A_belahan
TE,Ngeed,3,Naik,T5,-6.277,-1.257,-4.32,2,P09,A_belahan
TE,Ngeed,3,Tahan,C3,-0.607,-0.524,-1.03,7,P09,A_belahan
TE,Ngeed,3,Tahan,C4,-3.938,-0.426,0.786,7,P09,A_belahan
TE,Ngeed,3,Tahan,F3,-6.735,-5.671,-3.437,7,P09,A_belahan
TE,Ngeed,3,Tahan,F4,3.032,3.698,4.796,7,P09,A_belahan
TE,Ngeed,3,Tahan,F7,-2.31,1.129,1.524,7,P09,A_belahan
TE,Ngeed,3,Tahan,Fp1,-1.646,0.684,1.665,7,P09,A_belahan
TE,Ngeed,3,Tahan,Fp2,-0.46,0.376,3.525,7,P09,A_belahan
TE,Ngeed,3,Tahan,O1,-4.014,0.03,-1.982,7,P09,A_belahan
TE,Ngeed,3,Tahan,O2,-3.583,-4.577,-2.307,7,P09,A_belahan
TE,Ngeed,3,Tahan,P3,-0.773,4.855,3.363,7,P09,A_belahan
TE,Ngeed,3,Tahan,P4,-6.774,-4.646,-2.401,7,P09,A_belahan
TE,Ngeed,3,Tahan,T3,-3.036,-3.854,-2.414,7,P09,A_belahan
TE,Ngeed,3,Tahan,T4,-7.189,-1.003,0.961,7,P09,A_belahan
TE,Ngeed,3,Tahan,T5,-3.344,-3.369,-1.905,7,P09,A_belahan
TE,Ngeed,4,Berdiri,F7,1.89,-1.392,1.326,8,P09,A_belahan
TE,Ngeed,4,Berdiri,F8,4.908,-5.103,-2.297,1,P09,A_belahan
TE,Ngeed,4,Berdiri,Fp1,0.58,-3.865,-3.549,8,P09,A_belahan
TE,Ngeed,4,Berdiri,Fp2,2.797,2.529,8.932,2,P09,A_belahan
TE,Ngeed,4,Berdiri,T3,-3.53,-8.414,-1.717,1,P09,A_belahan
TE,Ngeed,4,Gerak,C3,-3.168,-4.288,0.777,2,P09,A_belahan
TE,Ngeed,4,Gerak,F3,-5.968,-0.142,-0.697,2,P09,A_belahan
TE,Ngeed,4,Gerak,F4,-3.028,-1.757,1.928,2,P09,A_belahan
TE,Ngeed,4,Gerak,F7,3.009,4.353,2.59,1,P09,A_belahan
TE,Ngeed,4,Gerak,Fp1,0.492,-2.192,3.374,2,P09,A_belahan
TE,Ngeed,4,Gerak,Fp2,4.453,1.372,5.22,2,P09,A_belahan
TE,Ngeed,4,Gerak,O1,-1.474,-1.334,4.073,1,P09,A_belahan
TE,Ngeed,4,Gerak,O2,0.811,0.303,4.15,2,P09,A_belahan
TE,Ngeed,4,Gerak,P3,3.012,2.53,4.362,1,P09,A_belahan
TE,Ngeed,4,Gerak,P4,-3.164,1.843,2.727,2,P09,A_belahan
TE,Ngeed,4,Gerak,T4,6.292,2.881,3.763,2,P09,A_belahan
TE,Ngeed,4,Gerak,T5,-1.943,1.445,0.68,2,P09,A_belahan
TE,Ngeed,4,Naik,C3,1.693,2.375,-0.163,2,P09,A_belahan
TE,Ngeed,4,Naik,C4,-7.703,-1.711,-4.127,2,P09,A_belahan
TE,Ngeed,4,Naik,F3,-9.726,-1.161,-5.611,2,P09,A_belahan
TE,Ngeed,4,Naik,F4,-5.924,-2.401,0.243,2,P09,A_belahan
TE,Ngeed,4,Naik,F7,0.958,3.207,0.785,2,P09,A_belahan
TE,Ngeed,4,Naik,F8,-2.196,-1.28,-0.392,2,P09,A_belahan
TE,Ngeed,4,Naik,Fp1,-1.667,0.555,0.247,2,P09,A_belahan
TE,Ngeed,4,Naik,Fp2,-5.09,-0.427,3.37,2,P09,A_belahan
TE,Ngeed,4,Naik,O1,-4.762,-2.291,-5.558,2,P09,A_belahan
TE,Ngeed,4,Naik,O2,-10.506,-5.247,-6.759,2,P09,A_belahan
TE,Ngeed,4,Naik,P3,-0.28,4.985,-2.268,2,P09,A_belahan
TE,Ngeed,4,Naik,P4,-11.114,-6.091,-4.608,2,P09,A_belahan
TE,Ngeed,4,Naik,T3,-8.919,-2.413,-2.925,2,P09,A_belahan
TE,Ngeed,4,Naik,T4,-15.08,-11.192,-9.482,2,P09,A_belahan
TE,Ngeed,4,Naik,T5,-7.653,-4.129,-3.139,2,P09,A_belahan
TE,Ngeed,4,Naik,T6,-3.515,-0.07,-2.477,2,P09,A_belahan
TE,Ngeed,4,Tahan,C3,-1.055,-1.919,0.41,3,P09,A_belahan
TE,Ngeed,4,Tahan,C4,-4.417,1.764,-0.824,7,P09,A_belahan
TE,Ngeed,4,Tahan,F3,-7.478,-4.484,-3.392,5,P09,A_belahan
TE,Ngeed,4,Tahan,F4,3.617,8.512,6.452,5,P09,A_belahan
TE,Ngeed,4,Tahan,F7,-1.582,-0.08,3.145,10,P09,A_belahan
TE,Ngeed,4,Tahan,F8,-9.529,-8.39,-2.306,3,P09,A_belahan
TE,Ngeed,4,Tahan,Fp1,-2.866,-0.586,1.021,10,P09,A_belahan
TE,Ngeed,4,Tahan,Fp2,-11.239,-4.647,1.035,6,P09,A_belahan
TE,Ngeed,4,Tahan,O1,-6.555,-3.424,-3.855,7,P09,A_belahan
TE,Ngeed,4,Tahan,O2,-2.709,-0.813,1.863,5,P09,A_belahan
TE,Ngeed,4,Tahan,P3,-5.6,-0.566,3.022,6,P09,A_belahan
TE,Ngeed,4,Tahan,P4,-4.16,2.593,2.519,4,P09,A_belahan
TE,Ngeed,4,Tahan,T3,-8.354,-7.487,-2.729,9,P09,A_belahan
TE,Ngeed,4,Tahan,T4,-4.834,-0.534,0.705,5,P09,A_belahan
TE,Ngeed,4,Tahan,T5,-8.952,-5.13,-2.04,4,P09,A_belahan
TE,Ngeed,4,Tahan,T6,-15.014,-6.8,-1.467,5,P09,A_belahan
TE,Agem Kanan,1,Berdiri,C3,2.98,1.434,3.29,10,P09,B_rata16
TE,Agem Kanan,1,Berdiri,C4,7.134,4.086,3.541,10,P09,B_rata16
TE,Agem Kanan,1,Berdiri,F3,3.474,2.768,2.264,10,P09,B_rata16
TE,Agem Kanan,1,Berdiri,F4,4.93,4.532,6.76,10,P09,B_rata16
TE,Agem Kanan,1,Berdiri,F7,5.222,2.028,3.641,10,P09,B_rata16
TE,Agem Kanan,1,Berdiri,Fp1,0.712,1.192,0.561,7,P09,B_rata16
TE,Agem Kanan,1,Berdiri,Fp2,2.648,3.237,1.329,5,P09,B_rata16
TE,Agem Kanan,1,Berdiri,O1,4.54,3.51,4.665,8,P09,B_rata16
TE,Agem Kanan,1,Berdiri,O2,5.388,3.557,2.059,10,P09,B_rata16
TE,Agem Kanan,1,Berdiri,P3,4.096,4.542,5.778,10,P09,B_rata16
TE,Agem Kanan,1,Berdiri,P4,7.452,3.861,3.26,10,P09,B_rata16
TE,Agem Kanan,1,Berdiri,T3,2.85,2.823,1.065,10,P09,B_rata16
TE,Agem Kanan,1,Berdiri,T4,1.644,1.353,2.077,3,P09,B_rata16
TE,Agem Kanan,1,Berdiri,T5,4.304,2.756,2.804,10,P09,B_rata16
TE,Agem Kanan,1,Berdiri,T6,5.555,3.383,3.233,1,P09,B_rata16
TE,Agem Kanan,1,Gerak,Fp2,1.857,-0.984,0.908,1,P09,B_rata16
TE,Agem Kanan,2,Berdiri,C3,4.004,1.758,5.291,3,P09,B_rata16
TE,Agem Kanan,2,Berdiri,C4,-0.654,0.425,2.219,9,P09,B_rata16
TE,Agem Kanan,2,Berdiri,F3,3.212,-0.128,3.834,4,P09,B_rata16
TE,Agem Kanan,2,Berdiri,F4,1.014,2.628,3.402,9,P09,B_rata16
TE,Agem Kanan,2,Berdiri,F7,-0.522,1.237,-0.15,5,P09,B_rata16
TE,Agem Kanan,2,Berdiri,Fp1,1.103,3.117,1.86,9,P09,B_rata16
TE,Agem Kanan,2,Berdiri,Fp2,-1.658,2.112,0.355,3,P09,B_rata16
TE,Agem Kanan,2,Berdiri,O1,2.885,3.962,3.871,8,P09,B_rata16
TE,Agem Kanan,2,Berdiri,O2,2.307,2.57,3.07,9,P09,B_rata16
TE,Agem Kanan,2,Berdiri,P3,2.094,3.567,2.198,9,P09,B_rata16
TE,Agem Kanan,2,Berdiri,P4,1.528,1.937,1.936,9,P09,B_rata16
TE,Agem Kanan,2,Berdiri,T3,3.781,5.962,5.299,9,P09,B_rata16
TE,Agem Kanan,2,Berdiri,T4,2.114,1.686,1.978,7,P09,B_rata16
TE,Agem Kanan,2,Berdiri,T5,-1.572,1.711,1.741,9,P09,B_rata16
TE,Agem Kanan,2,Gerak,C3,0.815,-2.997,-1.639,3,P09,B_rata16
TE,Agem Kanan,2,Gerak,C4,-1.985,-3.765,-0.37,3,P09,B_rata16
TE,Agem Kanan,2,Gerak,F3,0.815,-3.08,-2.524,3,P09,B_rata16
TE,Agem Kanan,2,Gerak,F4,2.591,-2.767,3.063,3,P09,B_rata16
TE,Agem Kanan,2,Gerak,F7,-2.165,-4.768,0.122,3,P09,B_rata16
TE,Agem Kanan,2,Gerak,Fp1,-0.943,-2.727,0.792,3,P09,B_rata16
TE,Agem Kanan,2,Gerak,Fp2,-0.507,-4.79,-0.903,3,P09,B_rata16
TE,Agem Kanan,2,Gerak,O1,-4.285,-1.016,1.096,3,P09,B_rata16
TE,Agem Kanan,2,Gerak,O2,-3.564,-1.883,0.11,3,P09,B_rata16
TE,Agem Kanan,2,Gerak,P3,-2.979,-3.033,-0.734,3,P09,B_rata16
TE,Agem Kanan,2,Gerak,P4,-8.199,-2.834,-0.007,3,P09,B_rata16
TE,Agem Kanan,2,Gerak,T3,-2.79,-3.695,-0.824,3,P09,B_rata16
TE,Agem Kanan,2,Gerak,T4,1.394,-1.948,0.516,3,P09,B_rata16
TE,Agem Kanan,2,Gerak,T5,0.544,-0.285,1.454,3,P09,B_rata16
TE,Agem Kanan,2,Gerak,T6,1.135,0.048,-1.036,3,P09,B_rata16
TE,Agem Kanan,2,Naik,C4,4.372,2.445,0.436,2,P09,B_rata16
TE,Agem Kanan,2,Naik,P4,5.905,0.466,0.107,2,P09,B_rata16
TE,Agem Kanan,2,Naik,T6,4.707,0.492,-3.259,2,P09,B_rata16
TE,Agem Kanan,2,Tahan,C3,5.524,8.748,6.187,3,P09,B_rata16
TE,Agem Kanan,2,Tahan,C4,3.011,3.294,0.346,3,P09,B_rata16
TE,Agem Kanan,2,Tahan,F3,7.118,9.535,4.03,1,P09,B_rata16
TE,Agem Kanan,2,Tahan,F8,-4.531,-1.686,-1.602,2,P09,B_rata16
TE,Agem Kanan,2,Tahan,O2,4.305,5.288,1.394,3,P09,B_rata16
TE,Agem Kanan,2,Tahan,P4,6.941,6.182,2.113,3,P09,B_rata16
TE,Agem Kanan,2,Tahan,T5,0.874,1.372,0.314,3,P09,B_rata16
TE,Agem Kanan,2,Tahan,T6,4.086,1.582,1.026,2,P09,B_rata16
TE,Agem Kanan,3,Berdiri,C3,-0.245,0.347,-0.093,5,P09,B_rata16
TE,Agem Kanan,3,Berdiri,F3,-0.384,-3.004,-1.366,3,P09,B_rata16
TE,Agem Kanan,3,Berdiri,F4,-2.87,-0.807,0.104,6,P09,B_rata16
TE,Agem Kanan,3,Berdiri,F8,1.083,0.109,2.162,8,P09,B_rata16
TE,Agem Kanan,3,Berdiri,Fp1,-1.931,-2.374,-0.447,4,P09,B_rata16
TE,Agem Kanan,3,Berdiri,Fp2,2.892,0.726,0.656,7,P09,B_rata16
TE,Agem Kanan,3,Berdiri,O2,-0.306,-3.165,-2.596,6,P09,B_rata16
TE,Agem Kanan,3,Berdiri,P4,-1.377,-3.312,-3.662,6,P09,B_rata16
TE,Agem Kanan,3,Berdiri,T4,-3.138,-1.582,-2.325,8,P09,B_rata16
TE,Agem Kanan,3,Berdiri,T5,-0.433,0.097,-0.568,5,P09,B_rata16
TE,Agem Kanan,3,Berdiri,T6,1.018,1.275,-0.418,6,P09,B_rata16
TE,Agem Kanan,3,Gerak,C3,-3.504,-4.997,-3.502,3,P09,B_rata16
TE,Agem Kanan,3,Gerak,C4,-7.849,-6.44,-6.538,4,P09,B_rata16
TE,Agem Kanan,3,Gerak,F3,-7.45,-7.135,-6.34,4,P09,B_rata16
TE,Agem Kanan,3,Gerak,F4,-6.05,-5.94,-2.961,4,P09,B_rata16
TE,Agem Kanan,3,Gerak,F7,-0.46,-0.823,-1.087,4,P09,B_rata16
TE,Agem Kanan,3,Gerak,Fp1,-5.734,-1.433,3.315,4,P09,B_rata16
TE,Agem Kanan,3,Gerak,Fp2,2.207,2.764,0.383,2,P09,B_rata16
TE,Agem Kanan,3,Gerak,O1,-7.592,-9.264,-5.36,4,P09,B_rata16
TE,Agem Kanan,3,Gerak,O2,-6.01,-3.144,-4.21,4,P09,B_rata16
TE,Agem Kanan,3,Gerak,P3,-7.413,-4.686,-2.576,4,P09,B_rata16
TE,Agem Kanan,3,Gerak,P4,-2.785,-4.395,-4.181,2,P09,B_rata16
TE,Agem Kanan,3,Gerak,T3,-9.373,-5.403,-1.882,4,P09,B_rata16
TE,Agem Kanan,3,Gerak,T4,-5.537,-4.451,-0.817,4,P09,B_rata16
TE,Agem Kanan,3,Gerak,T5,-4.814,-5.366,-4.281,3,P09,B_rata16
TE,Agem Kanan,3,Gerak,T6,-4.153,-3.274,-3.745,1,P09,B_rata16
TE,Agem Kanan,3,Naik,F7,-5.596,3.514,-1.457,2,P09,B_rata16
TE,Agem Kanan,3,Naik,Fp1,-6.027,-1.163,-7.415,1,P09,B_rata16
TE,Agem Kanan,3,Naik,Fp2,-6.183,0.691,-3.425,2,P09,B_rata16
TE,Agem Kanan,3,Tahan,F7,-2.667,2.251,0.828,6,P09,B_rata16
TE,Agem Kanan,3,Tahan,Fp2,2.503,5.54,1.581,6,P09,B_rata16
TE,Agem Kanan,3,Tahan,T6,3.652,5.465,-0.684,4,P09,B_rata16
TE,Agem Kanan,4,Berdiri,C3,-2.039,-3.813,-1.862,5,P09,B_rata16
TE,Agem Kanan,4,Berdiri,C4,-0.88,-0.973,-3.043,9,P09,B_rata16
TE,Agem Kanan,4,Berdiri,F3,-2.538,-4.088,-6.042,7,P09,B_rata16
TE,Agem Kanan,4,Berdiri,F4,-2.65,-1.934,-0.643,9,P09,B_rata16
TE,Agem Kanan,4,Berdiri,F7,7.762,6.784,8.032,3,P09,B_rata16
TE,Agem Kanan,4,Berdiri,Fp1,-2.548,-1.484,2.427,8,P09,B_rata16
TE,Agem Kanan,4,Berdiri,O1,-3.081,-3.102,-3.736,9,P09,B_rata16
TE,Agem Kanan,4,Berdiri,O2,-1.637,-1.018,-1.453,9,P09,B_rata16
TE,Agem Kanan,4,Berdiri,P3,-1.478,-1.154,-2.386,8,P09,B_rata16
TE,Agem Kanan,4,Berdiri,P4,-0.829,-2.764,-1.042,9,P09,B_rata16
TE,Agem Kanan,4,Berdiri,T3,-5.677,-4.12,-2.309,9,P09,B_rata16
TE,Agem Kanan,4,Berdiri,T4,-8.577,-2.666,-2.854,5,P09,B_rata16
TE,Agem Kanan,4,Berdiri,T5,-0.447,-3.415,-2.649,5,P09,B_rata16
TE,Agem Kanan,4,Berdiri,T6,2.642,-0.248,0.307,7,P09,B_rata16
TE,Agem Kanan,4,Gerak,F8,-2.422,-1.236,-1.012,3,P09,B_rata16
TE,Agem Kanan,4,Gerak,Fp1,-0.566,-4.39,-4.108,3,P09,B_rata16
TE,Agem Kanan,4,Naik,C4,3.838,-3.64,5.614,1,P09,B_rata16
TE,Agem Kanan,4,Naik,F4,6.321,4.671,8.263,2,P09,B_rata16
TE,Agem Kanan,4,Naik,O2,4.194,-0.519,-1.709,2,P09,B_rata16
TE,Agem Kanan,4,Naik,P4,4.841,1.42,-1.293,2,P09,B_rata16
TE,Agem Kanan,4,Naik,T4,1.553,3.732,4.278,2,P09,B_rata16
TE,Agem Kanan,4,Tahan,C3,-8.185,2.096,1.277,5,P09,B_rata16
TE,Agem Kanan,4,Tahan,C4,-5.487,-1.855,-1.184,3,P09,B_rata16
TE,Agem Kanan,4,Tahan,F3,-6.073,-0.492,-0.085,5,P09,B_rata16
TE,Agem Kanan,4,Tahan,F4,-0.948,2.951,0.589,5,P09,B_rata16
TE,Agem Kanan,4,Tahan,F7,-6.974,1.914,-1.058,5,P09,B_rata16
TE,Agem Kanan,4,Tahan,F8,-0.926,-0.712,3.435,5,P09,B_rata16
TE,Agem Kanan,4,Tahan,Fp1,-4.045,0.926,3.842,5,P09,B_rata16
TE,Agem Kanan,4,Tahan,Fp2,-3.156,4.482,2.465,5,P09,B_rata16
TE,Agem Kanan,4,Tahan,O1,-8.759,-3.102,-2.803,2,P09,B_rata16
TE,Agem Kanan,4,Tahan,O2,-3.852,2.188,-0.874,5,P09,B_rata16
TE,Agem Kanan,4,Tahan,P3,-6.559,0.451,-0.2,4,P09,B_rata16
TE,Agem Kanan,4,Tahan,P4,-0.355,-1.023,-1.521,5,P09,B_rata16
TE,Agem Kanan,4,Tahan,T3,-12.068,-2.181,-1.197,1,P09,B_rata16
TE,Agem Kanan,4,Tahan,T4,5.143,7.186,3.272,1,P09,B_rata16
TE,Agem Kanan,4,Tahan,T5,-4.758,-4.585,-1.84,5,P09,B_rata16
TE,Agem Kanan,4,Tahan,T6,1.459,6.558,3.1,5,P09,B_rata16
TE,Agem Kiri,1,Berdiri,C3,2.545,2.929,2.588,10,P09,B_rata16
TE,Agem Kiri,1,Berdiri,C4,3.5,3.289,2.703,10,P09,B_rata16
TE,Agem Kiri,1,Berdiri,F3,1.607,0.837,1.457,10,P09,B_rata16
TE,Agem Kiri,1,Berdiri,F4,4.535,4.81,2.744,5,P09,B_rata16
TE,Agem Kiri,1,Berdiri,F7,1.19,4.584,0.491,4,P09,B_rata16
TE,Agem Kiri,1,Berdiri,Fp1,1.345,-0.775,1.123,4,P09,B_rata16
TE,Agem Kiri,1,Berdiri,Fp2,3.322,4.712,2.702,3,P09,B_rata16
TE,Agem Kiri,1,Berdiri,O1,-0.086,-0.56,0.099,5,P09,B_rata16
TE,Agem Kiri,1,Berdiri,O2,0.19,1.925,0.224,8,P09,B_rata16
TE,Agem Kiri,1,Berdiri,P3,2.435,3.272,3.851,10,P09,B_rata16
TE,Agem Kiri,1,Berdiri,P4,2.848,1.014,0.635,10,P09,B_rata16
TE,Agem Kiri,1,Berdiri,T3,0.927,0.267,1.598,8,P09,B_rata16
TE,Agem Kiri,1,Berdiri,T4,0.435,0.257,1.332,3,P09,B_rata16
TE,Agem Kiri,1,Berdiri,T5,2.63,4.772,2.016,9,P09,B_rata16
TE,Agem Kiri,1,Gerak,C4,-2.364,-0.436,-0.544,2,P09,B_rata16
TE,Agem Kiri,1,Gerak,F4,-2.368,2.56,0.536,2,P09,B_rata16
TE,Agem Kiri,1,Gerak,F7,2.545,0.091,-0.65,1,P09,B_rata16
TE,Agem Kiri,1,Gerak,Fp1,-0.748,2.551,-0.927,1,P09,B_rata16
TE,Agem Kiri,1,Gerak,Fp2,2.302,2.476,1.205,1,P09,B_rata16
TE,Agem Kiri,1,Gerak,O1,5.494,5.433,2.437,2,P09,B_rata16
TE,Agem Kiri,1,Gerak,O2,-0.611,4.272,-0.009,2,P09,B_rata16
TE,Agem Kiri,1,Gerak,P3,1.985,2.134,1.779,2,P09,B_rata16
TE,Agem Kiri,1,Gerak,P4,-3.829,4.442,-0.052,2,P09,B_rata16
TE,Agem Kiri,1,Gerak,T3,4.338,6.417,1.528,1,P09,B_rata16
TE,Agem Kiri,1,Gerak,T4,2.619,2.666,-2.355,2,P09,B_rata16
TE,Agem Kiri,1,Gerak,T5,-3.532,1.165,-0.853,2,P09,B_rata16
TE,Agem Kiri,1,Naik,C3,2.134,14.012,7.943,2,P09,B_rata16
TE,Agem Kiri,1,Naik,C4,7.853,15.397,5.719,2,P09,B_rata16
TE,Agem Kiri,1,Naik,F3,0.52,8.795,2.786,2,P09,B_rata16
TE,Agem Kiri,1,Tahan,C3,2.284,7.934,5.918,9,P09,B_rata16
TE,Agem Kiri,1,Tahan,C4,9.444,10.33,6.731,5,P09,B_rata16
TE,Agem Kiri,1,Tahan,F3,1.393,3.253,2.487,9,P09,B_rata16
TE,Agem Kiri,1,Tahan,F4,7.004,9.089,8.116,6,P09,B_rata16
TE,Agem Kiri,1,Tahan,F7,9.399,12.054,9.333,1,P09,B_rata16
TE,Agem Kiri,1,Tahan,Fp1,3.886,7.503,4.73,2,P09,B_rata16
TE,Agem Kiri,1,Tahan,O1,4.63,11.183,8.184,5,P09,B_rata16
TE,Agem Kiri,1,Tahan,O2,6.49,9.176,4.598,5,P09,B_rata16
TE,Agem Kiri,1,Tahan,P3,6.304,12.209,9.559,9,P09,B_rata16
TE,Agem Kiri,1,Tahan,P4,8.541,10.135,5.375,6,P09,B_rata16
TE,Agem Kiri,1,Tahan,T4,3.052,4.625,6.206,3,P09,B_rata16
TE,Agem Kiri,1,Tahan,T5,8.197,9.786,7.242,5,P09,B_rata16
TE,Agem Kiri,1,Tahan,T6,4.397,7.759,6.496,8,P09,B_rata16
TE,Agem Kiri,2,Berdiri,C3,4.132,2.139,2.526,15,P09,B_rata16
TE,Agem Kiri,2,Berdiri,C4,4.639,4.261,1.829,8,P09,B_rata16
TE,Agem Kiri,2,Berdiri,F3,4.0,0.864,2.08,15,P09,B_rata16
TE,Agem Kiri,2,Berdiri,F4,1.741,1.441,2.977,8,P09,B_rata16
TE,Agem Kiri,2,Berdiri,F7,-1.955,-2.204,-1.695,6,P09,B_rata16
TE,Agem Kiri,2,Berdiri,F8,3.168,6.829,4.349,4,P09,B_rata16
TE,Agem Kiri,2,Berdiri,Fp1,1.282,3.653,-0.651,10,P09,B_rata16
TE,Agem Kiri,2,Berdiri,Fp2,2.739,-1.222,0.202,5,P09,B_rata16
TE,Agem Kiri,2,Berdiri,O1,5.784,2.09,0.62,6,P09,B_rata16
TE,Agem Kiri,2,Berdiri,O2,2.512,3.117,1.757,10,P09,B_rata16
TE,Agem Kiri,2,Berdiri,P3,4.934,5.196,4.299,15,P09,B_rata16
TE,Agem Kiri,2,Berdiri,P4,4.266,2.078,1.335,15,P09,B_rata16
TE,Agem Kiri,2,Berdiri,T3,2.764,4.1,2.611,9,P09,B_rata16
TE,Agem Kiri,2,Berdiri,T5,4.358,1.7,0.234,7,P09,B_rata16
TE,Agem Kiri,2,Berdiri,T6,3.543,7.506,7.352,2,P09,B_rata16
TE,Agem Kiri,2,Gerak,C3,0.569,0.213,-2.414,4,P09,B_rata16
TE,Agem Kiri,2,Gerak,C4,-0.017,-1.45,-0.854,4,P09,B_rata16
TE,Agem Kiri,2,Gerak,F3,-0.251,-2.212,-1.206,4,P09,B_rata16
TE,Agem Kiri,2,Gerak,F4,3.315,1.765,1.568,4,P09,B_rata16
TE,Agem Kiri,2,Gerak,F7,0.06,-0.408,-0.246,2,P09,B_rata16
TE,Agem Kiri,2,Gerak,Fp1,0.346,-2.481,1.032,4,P09,B_rata16
TE,Agem Kiri,2,Gerak,Fp2,1.536,0.766,1.576,1,P09,B_rata16
TE,Agem Kiri,2,Gerak,O1,-2.586,1.417,0.565,3,P09,B_rata16
TE,Agem Kiri,2,Gerak,O2,5.179,1.019,-1.539,4,P09,B_rata16
TE,Agem Kiri,2,Gerak,P3,-1.958,1.831,-0.078,4,P09,B_rata16
TE,Agem Kiri,2,Gerak,P4,2.918,-2.545,-2.656,4,P09,B_rata16
TE,Agem Kiri,2,Gerak,T3,-0.919,0.212,-1.427,4,P09,B_rata16
TE,Agem Kiri,2,Gerak,T5,0.906,-4.4,-1.896,4,P09,B_rata16
TE,Agem Kiri,2,Naik,C3,4.714,8.407,4.826,2,P09,B_rata16
TE,Agem Kiri,2,Naik,C4,9.147,11.561,4.327,2,P09,B_rata16
TE,Agem Kiri,2,Naik,F3,3.171,2.102,-0.262,2,P09,B_rata16
TE,Agem Kiri,2,Naik,F4,4.714,8.074,4.005,2,P09,B_rata16
TE,Agem Kiri,2,Naik,Fp1,2.297,6.509,0.173,2,P09,B_rata16
TE,Agem Kiri,2,Naik,Fp2,5.236,9.506,4.953,2,P09,B_rata16
TE,Agem Kiri,2,Naik,O1,5.678,8.423,2.96,2,P09,B_rata16
TE,Agem Kiri,2,Naik,P3,3.539,7.425,4.429,2,P09,B_rata16
TE,Agem Kiri,2,Naik,P4,7.299,7.051,0.635,2,P09,B_rata16
TE,Agem Kiri,2,Naik,T4,-0.228,6.281,3.671,2,P09,B_rata16
TE,Agem Kiri,2,Naik,T5,5.724,9.723,6.39,2,P09,B_rata16
TE,Agem Kiri,2,Naik,T6,2.578,5.889,6.326,2,P09,B_rata16
TE,Agem Kiri,2,Tahan,C3,0.149,6.076,8.625,6,P09,B_rata16
TE,Agem Kiri,2,Tahan,C4,2.844,11.831,7.707,6,P09,B_rata16
TE,Agem Kiri,2,Tahan,F3,2.207,5.047,6.923,6,P09,B_rata16
TE,Agem Kiri,2,Tahan,F4,1.573,10.538,9.283,6,P09,B_rata16
TE,Agem Kiri,2,Tahan,F8,3.499,7.387,8.325,6,P09,B_rata16
TE,Agem Kiri,2,Tahan,Fp1,-0.698,5.314,-0.778,2,P09,B_rata16
TE,Agem Kiri,2,Tahan,Fp2,-1.134,8.82,5.815,4,P09,B_rata16
TE,Agem Kiri,2,Tahan,O1,7.01,6.082,5.074,1,P09,B_rata16
TE,Agem Kiri,2,Tahan,O2,-1.5,11.925,7.172,2,P09,B_rata16
TE,Agem Kiri,2,Tahan,P3,2.058,6.636,9.817,6,P09,B_rata16
TE,Agem Kiri,2,Tahan,P4,4.132,10.515,6.496,6,P09,B_rata16
TE,Agem Kiri,2,Tahan,T4,-0.795,7.734,6.527,6,P09,B_rata16
TE,Agem Kiri,2,Tahan,T5,0.185,7.814,6.552,2,P09,B_rata16
TE,Agem Kiri,2,Tahan,T6,0.975,6.07,6.708,6,P09,B_rata16
TE,Agem Kiri,3,Berdiri,C3,-1.79,-1.674,-0.805,11,P09,B_rata16
TE,Agem Kiri,3,Berdiri,C4,-4.674,-5.498,-4.386,11,P09,B_rata16
TE,Agem Kiri,3,Berdiri,F3,-3.338,-4.237,-3.894,11,P09,B_rata16
TE,Agem Kiri,3,Berdiri,F4,-3.637,-5.309,-1.393,11,P09,B_rata16
TE,Agem Kiri,3,Berdiri,F7,4.456,3.646,3.889,11,P09,B_rata16
TE,Agem Kiri,3,Berdiri,F8,-6.198,0.537,1.245,2,P09,B_rata16
TE,Agem Kiri,3,Berdiri,Fp1,-2.176,-1.429,1.55,11,P09,B_rata16
TE,Agem Kiri,3,Berdiri,Fp2,3.838,-4.996,3.542,3,P09,B_rata16
TE,Agem Kiri,3,Berdiri,O1,-3.175,-4.759,-4.994,11,P09,B_rata16
TE,Agem Kiri,3,Berdiri,O2,-2.18,-3.176,-2.447,11,P09,B_rata16
TE,Agem Kiri,3,Berdiri,P3,-1.829,-0.364,-0.645,11,P09,B_rata16
TE,Agem Kiri,3,Berdiri,P4,-1.303,-1.493,-2.838,11,P09,B_rata16
TE,Agem Kiri,3,Berdiri,T3,-3.356,-3.831,-1.927,11,P09,B_rata16
TE,Agem Kiri,3,Berdiri,T4,-5.045,-7.82,-2.094,11,P09,B_rata16
TE,Agem Kiri,3,Berdiri,T5,-3.183,-5.519,-2.527,11,P09,B_rata16
TE,Agem Kiri,3,Berdiri,T6,-3.539,-3.406,-1.318,5,P09,B_rata16
TE,Agem Kiri,3,Gerak,C3,5.252,3.572,1.67,3,P09,B_rata16
TE,Agem Kiri,3,Gerak,C4,-9.884,-5.9,-2.549,3,P09,B_rata16
TE,Agem Kiri,3,Gerak,F3,3.258,2.573,-0.35,3,P09,B_rata16
TE,Agem Kiri,3,Gerak,F4,3.62,4.251,0.978,3,P09,B_rata16
TE,Agem Kiri,3,Gerak,F7,4.223,3.803,3.515,3,P09,B_rata16
TE,Agem Kiri,3,Gerak,F8,-0.364,3.625,3.371,3,P09,B_rata16
TE,Agem Kiri,3,Gerak,Fp1,-2.032,2.617,1.043,3,P09,B_rata16
TE,Agem Kiri,3,Gerak,O1,2.36,1.611,-2.513,3,P09,B_rata16
TE,Agem Kiri,3,Gerak,O2,1.232,1.71,-2.069,3,P09,B_rata16
TE,Agem Kiri,3,Gerak,P3,3.968,3.219,2.009,3,P09,B_rata16
TE,Agem Kiri,3,Gerak,P4,3.055,3.599,-0.581,3,P09,B_rata16
TE,Agem Kiri,3,Gerak,T3,0.894,1.352,-0.31,3,P09,B_rata16
TE,Agem Kiri,3,Gerak,T4,0.91,0.592,-1.45,3,P09,B_rata16
TE,Agem Kiri,3,Gerak,T5,2.183,-0.02,-2.676,3,P09,B_rata16
TE,Agem Kiri,3,Gerak,T6,0.137,-1.104,-0.286,3,P09,B_rata16
TE,Agem Kiri,3,Naik,F7,0.927,11.331,7.346,2,P09,B_rata16
TE,Agem Kiri,3,Naik,F8,-3.741,4.713,3.471,2,P09,B_rata16
TE,Agem Kiri,3,Naik,Fp2,-6.439,0.032,-2.746,2,P09,B_rata16
TE,Agem Kiri,3,Naik,O2,-4.896,4.284,-5.354,1,P09,B_rata16
TE,Agem Kiri,3,Tahan,C4,2.184,4.342,4.341,2,P09,B_rata16
TE,Agem Kiri,3,Tahan,F4,-3.62,-1.227,-2.437,3,P09,B_rata16
TE,Agem Kiri,3,Tahan,F8,1.673,8.296,6.473,3,P09,B_rata16
TE,Agem Kiri,3,Tahan,Fp2,-1.117,0.956,1.653,3,P09,B_rata16
TE,Agem Kiri,3,Tahan,O2,-2.959,0.131,-6.264,3,P09,B_rata16
TE,Agem Kiri,3,Tahan,P4,-5.891,1.714,-3.117,3,P09,B_rata16
TE,Agem Kiri,3,Tahan,T4,-8.447,-2.969,-3.068,3,P09,B_rata16
TE,Agem Kiri,3,Tahan,T5,2.566,0.596,-0.478,1,P09,B_rata16
TE,Agem Kiri,3,Tahan,T6,-7.833,-2.806,-2.004,3,P09,B_rata16
TE,Agem Kiri,4,Berdiri,C3,-6.653,-3.342,-2.442,6,P09,B_rata16
TE,Agem Kiri,4,Berdiri,C4,-4.92,-5.284,-6.843,15,P09,B_rata16
TE,Agem Kiri,4,Berdiri,F3,-5.837,-8.081,-5.643,8,P09,B_rata16
TE,Agem Kiri,4,Berdiri,F4,-5.344,-5.472,-1.819,9,P09,B_rata16
TE,Agem Kiri,4,Berdiri,F7,1.754,0.933,1.583,15,P09,B_rata16
TE,Agem Kiri,4,Berdiri,F8,-0.814,-4.073,0.313,1,P09,B_rata16
TE,Agem Kiri,4,Berdiri,Fp1,-3.745,-2.392,1.631,15,P09,B_rata16
TE,Agem Kiri,4,Berdiri,Fp2,1.067,1.962,2.261,2,P09,B_rata16
TE,Agem Kiri,4,Berdiri,O1,-5.066,-6.671,-6.506,14,P09,B_rata16
TE,Agem Kiri,4,Berdiri,O2,-3.261,-4.442,-3.49,7,P09,B_rata16
TE,Agem Kiri,4,Berdiri,P3,-4.828,-5.925,-2.764,11,P09,B_rata16
TE,Agem Kiri,4,Berdiri,P4,-2.213,-2.825,-2.599,4,P09,B_rata16
TE,Agem Kiri,4,Berdiri,T3,-6.623,-6.293,-4.272,15,P09,B_rata16
TE,Agem Kiri,4,Berdiri,T4,-6.357,-6.737,-3.793,9,P09,B_rata16
TE,Agem Kiri,4,Berdiri,T5,-8.753,-5.701,-4.034,6,P09,B_rata16
TE,Agem Kiri,4,Berdiri,T6,-3.887,-3.248,-2.316,13,P09,B_rata16
TE,Agem Kiri,4,Gerak,C3,5.126,4.664,0.519,2,P09,B_rata16
TE,Agem Kiri,4,Gerak,C4,-5.301,-12.634,-4.764,2,P09,B_rata16
TE,Agem Kiri,4,Gerak,F3,-0.066,-6.417,-0.404,2,P09,B_rata16
TE,Agem Kiri,4,Gerak,F4,2.258,-5.217,-0.432,2,P09,B_rata16
TE,Agem Kiri,4,Gerak,F7,3.321,-2.593,0.315,1,P09,B_rata16
TE,Agem Kiri,4,Gerak,F8,3.72,0.028,0.489,2,P09,B_rata16
TE,Agem Kiri,4,Gerak,Fp1,-0.116,-1.782,2.092,2,P09,B_rata16
TE,Agem Kiri,4,Gerak,O1,0.915,-8.87,-4.525,2,P09,B_rata16
TE,Agem Kiri,4,Gerak,O2,3.171,-2.445,-2.968,2,P09,B_rata16
TE,Agem Kiri,4,Gerak,P3,1.904,-4.593,1.398,2,P09,B_rata16
TE,Agem Kiri,4,Gerak,P4,0.698,-3.855,-2.724,2,P09,B_rata16
TE,Agem Kiri,4,Gerak,T3,0.026,-6.161,-1.35,2,P09,B_rata16
TE,Agem Kiri,4,Gerak,T4,-0.864,-6.658,-3.085,2,P09,B_rata16
TE,Agem Kiri,4,Gerak,T5,-1.269,-3.969,-5.316,2,P09,B_rata16
TE,Agem Kiri,4,Gerak,T6,-7.999,-13.035,-3.662,2,P09,B_rata16
TE,Agem Kiri,4,Naik,C4,2.036,11.592,6.479,2,P09,B_rata16
TE,Agem Kiri,4,Naik,F4,1.894,3.006,3.033,2,P09,B_rata16
TE,Agem Kiri,4,Naik,F8,5.6,6.71,5.525,2,P09,B_rata16
TE,Agem Kiri,4,Naik,Fp2,-5.09,7.231,3.1,2,P09,B_rata16
TE,Agem Kiri,4,Naik,O2,-1.992,0.746,0.856,2,P09,B_rata16
TE,Agem Kiri,4,Naik,P4,0.149,1.679,-1.064,2,P09,B_rata16
TE,Agem Kiri,4,Naik,T4,-6.962,-0.203,-2.627,2,P09,B_rata16
TE,Agem Kiri,4,Naik,T6,-2.457,0.862,-0.538,2,P09,B_rata16
TE,Agem Kiri,4,Tahan,C4,6.321,4.25,3.298,7,P09,B_rata16
TE,Agem Kiri,4,Tahan,F4,-2.175,-1.022,0.629,7,P09,B_rata16
TE,Agem Kiri,4,Tahan,F8,-1.383,3.681,4.783,7,P09,B_rata16
TE,Agem Kiri,4,Tahan,Fp2,0.961,3.564,2.382,7,P09,B_rata16
TE,Agem Kiri,4,Tahan,O2,1.489,-1.04,1.344,7,P09,B_rata16
TE,Agem Kiri,4,Tahan,P4,0.863,1.424,0.247,7,P09,B_rata16
TE,Agem Kiri,4,Tahan,T4,-4.264,-2.933,-2.071,7,P09,B_rata16
TE,Agem Kiri,4,Tahan,T5,1.778,3.316,4.104,3,P09,B_rata16
TE,Agem Kiri,4,Tahan,T6,-2.251,-0.715,-1.396,7,P09,B_rata16
TE,Ngeed,1,Berdiri,C3,0.083,3.125,0.021,11,P09,B_rata16
TE,Ngeed,1,Berdiri,C4,-1.602,-1.809,-2.645,11,P09,B_rata16
TE,Ngeed,1,Berdiri,F3,-1.268,0.661,0.396,11,P09,B_rata16
TE,Ngeed,1,Berdiri,F4,-0.885,0.916,-1.472,11,P09,B_rata16
TE,Ngeed,1,Berdiri,F7,1.563,4.246,1.152,6,P09,B_rata16
TE,Ngeed,1,Berdiri,Fp1,-1.705,1.308,2.086,11,P09,B_rata16
TE,Ngeed,1,Berdiri,Fp2,0.949,2.768,-0.667,6,P09,B_rata16
TE,Ngeed,1,Berdiri,O1,-2.067,-0.276,-2.672,6,P09,B_rata16
TE,Ngeed,1,Berdiri,O2,0.452,0.407,-1.572,11,P09,B_rata16
TE,Ngeed,1,Berdiri,P3,0.157,0.761,-0.012,11,P09,B_rata16
TE,Ngeed,1,Berdiri,P4,0.013,0.256,-2.476,11,P09,B_rata16
TE,Ngeed,1,Berdiri,T4,1.288,4.111,3.408,7,P09,B_rata16
TE,Ngeed,1,Berdiri,T5,0.136,0.843,-0.428,11,P09,B_rata16
TE,Ngeed,1,Berdiri,T6,-2.148,0.096,0.921,11,P09,B_rata16
TE,Ngeed,1,Gerak,C3,0.049,1.09,2.253,2,P09,B_rata16
TE,Ngeed,1,Gerak,C4,-4.367,-0.048,-6.061,1,P09,B_rata16
TE,Ngeed,1,Gerak,F3,-1.233,-1.038,1.928,2,P09,B_rata16
TE,Ngeed,1,Gerak,F4,-0.102,0.012,-3.118,2,P09,B_rata16
TE,Ngeed,1,Gerak,F7,-0.929,0.01,0.634,2,P09,B_rata16
TE,Ngeed,1,Gerak,F8,0.275,-1.836,-1.308,1,P09,B_rata16
TE,Ngeed,1,Gerak,Fp1,-1.757,-2.866,-1.16,2,P09,B_rata16
TE,Ngeed,1,Gerak,Fp2,-2.735,-1.65,-2.97,1,P09,B_rata16
TE,Ngeed,1,Gerak,O2,-0.004,-3.053,-2.342,1,P09,B_rata16
TE,Ngeed,1,Gerak,P4,0.37,-3.499,-2.789,2,P09,B_rata16
TE,Ngeed,1,Gerak,T5,-1.697,-0.272,-2.807,2,P09,B_rata16
TE,Ngeed,1,Gerak,T6,-2.677,-6.493,-3.2,1,P09,B_rata16
TE,Ngeed,1,Naik,C3,-9.785,-8.042,-3.295,2,P09,B_rata16
TE,Ngeed,1,Naik,F3,-7.44,-0.443,-1.409,2,P09,B_rata16
TE,Ngeed,1,Naik,F4,-9.155,-3.431,-3.271,2,P09,B_rata16
TE,Ngeed,1,Naik,F7,-8.507,-1.325,-4.315,2,P09,B_rata16
TE,Ngeed,1,Naik,Fp1,-3.468,-2.548,-1.005,2,P09,B_rata16
TE,Ngeed,1,Naik,Fp2,-13.553,-5.462,-1.167,2,P09,B_rata16
TE,Ngeed,1,Naik,O2,-8.45,-3.525,-8.215,2,P09,B_rata16
TE,Ngeed,1,Naik,P4,-10.599,-1.689,-6.117,2,P09,B_rata16
TE,Ngeed,1,Naik,T5,-12.02,-3.172,-4.357,2,P09,B_rata16
TE,Ngeed,1,Naik,T6,-16.137,-9.858,-5.235,2,P09,B_rata16
TE,Ngeed,1,Tahan,C3,-7.182,-3.825,-4.117,5,P09,B_rata16
TE,Ngeed,1,Tahan,F3,-5.689,-6.024,-0.909,5,P09,B_rata16
TE,Ngeed,1,Tahan,F4,-11.522,-7.345,-5.426,5,P09,B_rata16
TE,Ngeed,1,Tahan,F7,-6.512,-4.448,-1.004,5,P09,B_rata16
TE,Ngeed,1,Tahan,Fp1,-1.108,-3.561,-4.249,5,P09,B_rata16
TE,Ngeed,1,Tahan,Fp2,-13.774,-7.62,-0.328,5,P09,B_rata16
TE,Ngeed,1,Tahan,O2,-8.658,-6.381,-7.22,5,P09,B_rata16
TE,Ngeed,1,Tahan,P4,-9.247,-6.477,-5.269,5,P09,B_rata16
TE,Ngeed,1,Tahan,T4,-12.578,-8.956,-5.248,1,P09,B_rata16
TE,Ngeed,1,Tahan,T5,-12.656,-7.779,-2.691,5,P09,B_rata16
TE,Ngeed,1,Tahan,T6,-8.98,-6.097,-4.355,5,P09,B_rata16
TE,Ngeed,2,Berdiri,F8,1.513,-3.208,-1.739,1,P09,B_rata16
TE,Ngeed,2,Berdiri,Fp2,2.89,0.06,-0.566,1,P09,B_rata16
TE,Ngeed,2,Berdiri,O2,-1.425,0.796,-1.876,1,P09,B_rata16
TE,Ngeed,2,Berdiri,T4,0.276,2.016,1.631,2,P09,B_rata16
TE,Ngeed,2,Gerak,C3,3.919,3.999,3.535,2,P09,B_rata16
TE,Ngeed,2,Gerak,C4,-5.46,2.002,-1.996,2,P09,B_rata16
TE,Ngeed,2,Gerak,F3,6.071,4.614,2.078,2,P09,B_rata16
TE,Ngeed,2,Gerak,F4,0.333,-2.999,3.959,2,P09,B_rata16
TE,Ngeed,2,Gerak,F7,2.901,4.253,4.696,2,P09,B_rata16
TE,Ngeed,2,Gerak,Fp1,7.328,1.513,2.51,2,P09,B_rata16
TE,Ngeed,2,Gerak,Fp2,5.832,3.869,3.154,2,P09,B_rata16
TE,Ngeed,2,Gerak,O1,3.631,0.022,-0.105,2,P09,B_rata16
TE,Ngeed,2,Gerak,O2,7.129,5.048,1.029,2,P09,B_rata16
TE,Ngeed,2,Gerak,P3,6.647,4.103,4.132,2,P09,B_rata16
TE,Ngeed,2,Gerak,P4,9.058,7.185,2.516,2,P09,B_rata16
TE,Ngeed,2,Gerak,T5,-0.428,1.36,0.425,2,P09,B_rata16
TE,Ngeed,2,Naik,F7,-9.469,-6.346,-9.655,1,P09,B_rata16
TE,Ngeed,2,Naik,Fp2,-11.041,-8.401,-11.285,1,P09,B_rata16
TE,Ngeed,2,Tahan,C3,-8.069,-11.621,0.25,2,P09,B_rata16
TE,Ngeed,2,Tahan,F3,-14.259,-11.601,-4.985,3,P09,B_rata16
TE,Ngeed,2,Tahan,F7,-9.081,-2.866,-4.092,7,P09,B_rata16
TE,Ngeed,2,Tahan,Fp1,-11.724,-8.754,-3.455,5,P09,B_rata16
TE,Ngeed,2,Tahan,Fp2,-11.243,-7.063,-2.961,7,P09,B_rata16
TE,Ngeed,2,Tahan,P4,-14.437,-11.263,-3.279,1,P09,B_rata16
TE,Ngeed,2,Tahan,T5,-10.256,-7.441,-3.174,7,P09,B_rata16
TE,Ngeed,3,Berdiri,C3,-1.167,-4.449,-0.452,10,P09,B_rata16
TE,Ngeed,3,Berdiri,C4,-7.184,-3.112,-3.306,11,P09,B_rata16
TE,Ngeed,3,Berdiri,F3,-2.123,-6.721,-3.598,11,P09,B_rata16
TE,Ngeed,3,Berdiri,F4,-2.724,-4.018,0.133,11,P09,B_rata16
TE,Ngeed,3,Berdiri,F7,0.267,2.094,2.444,11,P09,B_rata16
TE,Ngeed,3,Berdiri,F8,-1.331,-3.867,-0.852,3,P09,B_rata16
TE,Ngeed,3,Berdiri,Fp1,-1.092,-1.726,2.678,11,P09,B_rata16
TE,Ngeed,3,Berdiri,Fp2,-1.468,2.652,2.031,3,P09,B_rata16
TE,Ngeed,3,Berdiri,O1,-1.343,-2.306,-1.456,11,P09,B_rata16
TE,Ngeed,3,Berdiri,O2,-0.793,-3.329,0.765,11,P09,B_rata16
TE,Ngeed,3,Berdiri,P3,-1.625,-4.689,-0.098,11,P09,B_rata16
TE,Ngeed,3,Berdiri,P4,0.52,-3.038,1.841,11,P09,B_rata16
TE,Ngeed,3,Berdiri,T3,-2.604,-4.963,-0.323,11,P09,B_rata16
TE,Ngeed,3,Berdiri,T4,0.05,-1.283,0.72,11,P09,B_rata16
TE,Ngeed,3,Berdiri,T5,-3.618,-4.454,-0.129,10,P09,B_rata16
TE,Ngeed,3,Berdiri,T6,-5.293,-6.584,1.124,3,P09,B_rata16
TE,Ngeed,3,Gerak,F4,-11.435,-3.543,-7.693,1,P09,B_rata16
TE,Ngeed,3,Gerak,F7,2.858,2.237,0.737,2,P09,B_rata16
TE,Ngeed,3,Gerak,Fp2,5.467,3.235,2.729,1,P09,B_rata16
TE,Ngeed,3,Gerak,O2,-4.89,-0.884,-6.166,1,P09,B_rata16
TE,Ngeed,3,Gerak,P4,-2.06,2.633,-3.531,2,P09,B_rata16
TE,Ngeed,3,Gerak,T4,-10.772,-3.847,-10.856,1,P09,B_rata16
TE,Ngeed,3,Naik,C3,-1.818,-1.457,-0.166,2,P09,B_rata16
TE,Ngeed,3,Naik,F3,-2.906,-2.986,-0.542,2,P09,B_rata16
TE,Ngeed,3,Naik,F4,-8.44,0.007,-0.72,2,P09,B_rata16
TE,Ngeed,3,Naik,F7,-7.809,-4.551,-1.732,2,P09,B_rata16
TE,Ngeed,3,Naik,Fp1,-3.691,-2.378,1.125,2,P09,B_rata16
TE,Ngeed,3,Naik,Fp2,-5.206,-1.557,-0.184,2,P09,B_rata16
TE,Ngeed,3,Naik,O2,-12.244,-4.018,-4.236,1,P09,B_rata16
TE,Ngeed,3,Naik,P4,-0.795,-5.874,-4.441,2,P09,B_rata16
TE,Ngeed,3,Naik,T5,-5.717,-3.725,-5.235,2,P09,B_rata16
TE,Ngeed,3,Tahan,C3,-3.099,-1.476,0.093,7,P09,B_rata16
TE,Ngeed,3,Tahan,C4,-3.974,-0.969,-0.613,7,P09,B_rata16
TE,Ngeed,3,Tahan,F3,-5.547,-5.935,-3.797,7,P09,B_rata16
TE,Ngeed,3,Tahan,F4,0.453,2.041,3.528,7,P09,B_rata16
TE,Ngeed,3,Tahan,F7,-4.272,-0.742,1.702,7,P09,B_rata16
TE,Ngeed,3,Tahan,Fp1,-4.356,-0.603,1.082,7,P09,B_rata16
TE,Ngeed,3,Tahan,Fp2,-2.656,-1.769,2.152,7,P09,B_rata16
TE,Ngeed,3,Tahan,O1,-9.738,-3.312,-3.049,7,P09,B_rata16
TE,Ngeed,3,Tahan,O2,-3.093,-3.833,-2.983,7,P09,B_rata16
TE,Ngeed,3,Tahan,P3,-6.109,-0.765,0.119,7,P09,B_rata16
TE,Ngeed,3,Tahan,P4,-5.964,-4.087,-2.895,7,P09,B_rata16
TE,Ngeed,3,Tahan,T3,-7.117,-4.543,-2.976,7,P09,B_rata16
TE,Ngeed,3,Tahan,T4,-7.174,-0.822,0.625,7,P09,B_rata16
TE,Ngeed,3,Tahan,T5,-5.038,-4.802,-1.502,7,P09,B_rata16
TE,Ngeed,4,Berdiri,F7,-1.075,-0.904,5.221,2,P09,B_rata16
TE,Ngeed,4,Berdiri,F8,3.374,-7.288,-2.369,1,P09,B_rata16
TE,Ngeed,4,Berdiri,Fp1,0.983,-1.007,1.287,8,P09,B_rata16
TE,Ngeed,4,Berdiri,Fp2,0.986,0.741,3.851,6,P09,B_rata16
TE,Ngeed,4,Berdiri,O2,9.888,-1.089,0.569,1,P09,B_rata16
TE,Ngeed,4,Berdiri,P4,4.271,2.917,5.646,2,P09,B_rata16
TE,Ngeed,4,Berdiri,T3,-0.793,-5.188,-2.754,1,P09,B_rata16
TE,Ngeed,4,Berdiri,T6,2.381,0.821,-2.227,1,P09,B_rata16
TE,Ngeed,4,Gerak,C3,2.067,1.7,1.394,2,P09,B_rata16
TE,Ngeed,4,Gerak,F3,1.895,4.93,0.146,2,P09,B_rata16
TE,Ngeed,4,Gerak,F4,-0.34,-2.791,0.795,2,P09,B_rata16
TE,Ngeed,4,Gerak,Fp1,-0.463,0.513,2.737,2,P09,B_rata16
TE,Ngeed,4,Gerak,O1,0.861,0.023,3.789,1,P09,B_rata16
TE,Ngeed,4,Gerak,O2,5.358,3.425,1.938,2,P09,B_rata16
TE,Ngeed,4,Gerak,P3,2.77,0.848,4.218,1,P09,B_rata16
TE,Ngeed,4,Gerak,P4,4.441,6.054,0.957,2,P09,B_rata16
TE,Ngeed,4,Gerak,T4,3.958,-2.109,1.843,2,P09,B_rata16
TE,Ngeed,4,Gerak,T5,-0.505,-1.256,3.252,2,P09,B_rata16
TE,Ngeed,4,Naik,C3,-2.159,-1.105,0.093,2,P09,B_rata16
TE,Ngeed,4,Naik,C4,-5.136,-1.51,-5.209,2,P09,B_rata16
TE,Ngeed,4,Naik,F3,-10.378,-4.419,-6.215,2,P09,B_rata16
TE,Ngeed,4,Naik,F4,-7.664,-2.616,-0.902,2,P09,B_rata16
TE,Ngeed,4,Naik,F7,-0.993,2.521,1.097,2,P09,B_rata16
TE,Ngeed,4,Naik,F8,-2.283,-0.456,-0.738,2,P09,B_rata16
TE,Ngeed,4,Naik,Fp1,-4.255,0.115,-0.626,2,P09,B_rata16
TE,Ngeed,4,Naik,Fp2,-8.184,-3.509,2.598,2,P09,B_rata16
TE,Ngeed,4,Naik,O1,-11.115,-5.052,-6.067,2,P09,B_rata16
TE,Ngeed,4,Naik,O2,-7.662,-2.276,-5.705,2,P09,B_rata16
TE,Ngeed,4,Naik,P3,-8.684,-2.855,-6.224,2,P09,B_rata16
TE,Ngeed,4,Naik,P4,-11.242,-3.261,-4.623,2,P09,B_rata16
TE,Ngeed,4,Naik,T3,-10.125,-3.095,-4.901,2,P09,B_rata16
TE,Ngeed,4,Naik,T4,-14.098,-7.216,-6.812,2,P09,B_rata16
TE,Ngeed,4,Naik,T5,-10.977,-5.52,-1.867,2,P09,B_rata16
TE,Ngeed,4,Naik,T6,-4.392,-0.64,-1.985,2,P09,B_rata16
TE,Ngeed,4,Tahan,C3,-3.764,-0.45,0.781,3,P09,B_rata16
TE,Ngeed,4,Tahan,C4,-7.68,-3.775,-3.047,7,P09,B_rata16
TE,Ngeed,4,Tahan,F3,-7.698,-1.66,-2.936,5,P09,B_rata16
TE,Ngeed,4,Tahan,F4,-0.569,1.846,2.705,5,P09,B_rata16
TE,Ngeed,4,Tahan,F7,-3.04,-0.275,3.673,10,P09,B_rata16
TE,Ngeed,4,Tahan,F8,-9.296,-6.609,-0.441,3,P09,B_rata16
TE,Ngeed,4,Tahan,Fp1,-4.527,-0.454,0.579,10,P09,B_rata16
TE,Ngeed,4,Tahan,Fp2,-4.382,-0.763,1.842,10,P09,B_rata16
TE,Ngeed,4,Tahan,O1,-10.22,-4.669,-4.428,7,P09,B_rata16
TE,Ngeed,4,Tahan,O2,-5.136,-7.617,-1.649,5,P09,B_rata16
TE,Ngeed,4,Tahan,P3,-7.309,-1.159,0.482,6,P09,B_rata16
TE,Ngeed,4,Tahan,P4,-7.561,-5.91,-0.891,4,P09,B_rata16
TE,Ngeed,4,Tahan,T3,-11.683,-3.758,-3.435,9,P09,B_rata16
TE,Ngeed,4,Tahan,T4,-8.191,-5.875,-2.029,5,P09,B_rata16
TE,Ngeed,4,Tahan,T5,-8.947,-1.348,-0.703,4,P09,B_rata16
TE,Ngeed,4,Tahan,T6,-13.081,-4.657,-0.476,5,P09,B_rata16
TE,Agem Kanan,1,Berdiri,C3-P3,0.307,1.537,-0.151,10,P09,C_bipolar
TE,Agem Kanan,1,Berdiri,C4-P4,1.48,1.852,1.07,10,P09,C_bipolar
TE,Agem Kanan,1,Berdiri,F3-C3,0.014,2.112,1.363,10,P09,C_bipolar
TE,Agem Kanan,1,Berdiri,F4-C4,3.189,2.728,3.886,10,P09,C_bipolar
TE,Agem Kanan,1,Berdiri,F7-T3,0.932,1.501,1.118,10,P09,C_bipolar
TE,Agem Kanan,1,Berdiri,Fp1-F3,0.859,-1.027,-0.074,10,P09,C_bipolar
TE,Agem Kanan,1,Berdiri,Fp1-F7,2.766,0.557,0.19,8,P09,C_bipolar
TE,Agem Kanan,1,Berdiri,Fp2-F4,4.549,2.415,1.952,10,P09,C_bipolar
TE,Agem Kanan,1,Berdiri,P3-O1,3.063,3.478,-0.08,10,P09,C_bipolar
TE,Agem Kanan,1,Berdiri,P4-O2,2.766,4.064,1.372,10,P09,C_bipolar
TE,Agem Kanan,1,Berdiri,T3-T5,1.479,0.296,-0.471,10,P09,C_bipolar
TE,Agem Kanan,1,Berdiri,T5-O1,4.177,2.081,1.07,9,P09,C_bipolar
TE,Agem Kanan,1,Berdiri,T6-O2,6.379,2.538,4.67,1,P09,C_bipolar
TE,Agem Kanan,1,Naik,C3-P3,-0.659,0.548,-0.571,2,P09,C_bipolar
TE,Agem Kanan,1,Naik,C4-P4,1.388,5.955,-0.185,1,P09,C_bipolar
TE,Agem Kanan,1,Naik,F3-C3,-7.104,-0.905,0.785,2,P09,C_bipolar
TE,Agem Kanan,1,Naik,F4-C4,4.093,8.038,3.55,2,P09,C_bipolar
TE,Agem Kanan,1,Naik,F7-T3,-1.495,-4.154,-3.984,1,P09,C_bipolar
TE,Agem Kanan,1,Naik,F8-T4,1.972,6.499,3.187,2,P09,C_bipolar
TE,Agem Kanan,1,Naik,Fp1-F3,-3.571,-1.135,1.209,2,P09,C_bipolar
TE,Agem Kanan,1,Naik,Fp1-F7,0.271,-1.177,0.171,1,P09,C_bipolar
TE,Agem Kanan,1,Naik,Fp2-F4,5.138,5.459,3.695,2,P09,C_bipolar
TE,Agem Kanan,1,Naik,Fp2-F8,-0.553,5.445,1.593,1,P09,C_bipolar
TE,Agem Kanan,1,Naik,P3-O1,-0.191,-4.345,0.415,2,P09,C_bipolar
TE,Agem Kanan,1,Naik,P4-O2,3.767,9.023,5.186,2,P09,C_bipolar
TE,Agem Kanan,1,Naik,T3-T5,-4.669,-1.968,0.112,1,P09,C_bipolar
TE,Agem Kanan,1,Naik,T5-O1,-4.947,-2.667,-0.399,1,P09,C_bipolar
TE,Agem Kanan,1,Naik,T6-O2,-2.45,-3.026,-5.366,2,P09,C_bipolar
TE,Agem Kanan,1,Tahan,C3-P3,3.693,3.896,2.603,9,P09,C_bipolar
TE,Agem Kanan,1,Tahan,C4-P4,7.916,5.515,2.436,8,P09,C_bipolar
TE,Agem Kanan,1,Tahan,F3-C3,0.002,2.429,4.101,9,P09,C_bipolar
TE,Agem Kanan,1,Tahan,F4-C4,7.185,6.78,3.497,3,P09,C_bipolar
TE,Agem Kanan,1,Tahan,F8-T4,1.079,0.839,2.316,3,P09,C_bipolar
TE,Agem Kanan,1,Tahan,Fp1-F3,-0.962,0.421,-0.619,9,P09,C_bipolar
TE,Agem Kanan,1,Tahan,P3-O1,2.713,3.78,1.868,6,P09,C_bipolar
TE,Agem Kanan,1,Tahan,P4-O2,7.034,8.057,6.7,9,P09,C_bipolar
TE,Agem Kanan,1,Tahan,T4-T6,10.108,8.157,6.148,1,P09,C_bipolar
TE,Agem Kanan,1,Tahan,T6-O2,2.701,0.041,-0.359,4,P09,C_bipolar
TE,Agem Kanan,2,Berdiri,C3-P3,2.242,3.944,4.236,3,P09,C_bipolar
TE,Agem Kanan,2,Berdiri,C4-P4,-0.564,-0.514,0.696,9,P09,C_bipolar
TE,Agem Kanan,2,Berdiri,F3-C3,-3.039,-3.338,1.038,2,P09,C_bipolar
TE,Agem Kanan,2,Berdiri,F4-C4,0.907,0.971,1.956,9,P09,C_bipolar
TE,Agem Kanan,2,Berdiri,F7-T3,0.259,2.636,2.895,5,P09,C_bipolar
TE,Agem Kanan,2,Berdiri,Fp1-F3,-1.592,0.834,0.254,2,P09,C_bipolar
TE,Agem Kanan,2,Berdiri,Fp1-F7,-3.559,-2.353,-0.928,5,P09,C_bipolar
TE,Agem Kanan,2,Berdiri,Fp2-F4,1.611,3.195,3.576,8,P09,C_bipolar
TE,Agem Kanan,2,Berdiri,P3-O1,3.559,4.044,4.957,9,P09,C_bipolar
TE,Agem Kanan,2,Berdiri,P4-O2,3.702,4.22,5.425,9,P09,C_bipolar
TE,Agem Kanan,2,Berdiri,T3-T5,0.377,2.163,2.282,3,P09,C_bipolar
TE,Agem Kanan,2,Berdiri,T4-T6,0.686,2.515,2.187,1,P09,C_bipolar
TE,Agem Kanan,2,Berdiri,T5-O1,2.589,2.818,1.816,9,P09,C_bipolar
TE,Agem Kanan,2,Gerak,C3-P3,-1.503,-2.959,-1.02,3,P09,C_bipolar
TE,Agem Kanan,2,Gerak,C4-P4,-3.618,-2.442,0.352,3,P09,C_bipolar
TE,Agem Kanan,2,Gerak,F3-C3,-8.291,-6.195,-4.117,3,P09,C_bipolar
TE,Agem Kanan,2,Gerak,F4-C4,0.603,-3.542,1.838,3,P09,C_bipolar
TE,Agem Kanan,2,Gerak,F7-T3,-4.748,-3.784,-2.013,3,P09,C_bipolar
TE,Agem Kanan,2,Gerak,Fp1-F3,-4.496,-0.781,0.119,3,P09,C_bipolar
TE,Agem Kanan,2,Gerak,Fp1-F7,-0.106,-4.649,-0.43,3,P09,C_bipolar
TE,Agem Kanan,2,Gerak,Fp2-F4,-6.122,-4.753,-2.132,3,P09,C_bipolar
TE,Agem Kanan,2,Gerak,P3-O1,-0.249,0.769,-1.874,3,P09,C_bipolar
TE,Agem Kanan,2,Gerak,P4-O2,0.069,-2.574,-4.262,3,P09,C_bipolar
TE,Agem Kanan,2,Gerak,T3-T5,-1.706,-0.854,-0.018,3,P09,C_bipolar
TE,Agem Kanan,2,Gerak,T4-T6,3.161,2.06,1.597,2,P09,C_bipolar
TE,Agem Kanan,2,Gerak,T5-O1,1.068,0.115,1.228,3,P09,C_bipolar
TE,Agem Kanan,2,Gerak,T6-O2,-0.564,0.335,1.562,3,P09,C_bipolar
TE,Agem Kanan,2,Naik,C3-P3,1.409,1.599,-3.027,2,P09,C_bipolar
TE,Agem Kanan,2,Naik,C4-P4,3.858,-0.954,-3.44,2,P09,C_bipolar
TE,Agem Kanan,2,Naik,F3-C3,-2.212,-3.094,-4.37,2,P09,C_bipolar
TE,Agem Kanan,2,Naik,Fp1-F3,1.226,-0.246,-2.988,2,P09,C_bipolar
TE,Agem Kanan,2,Naik,P3-O1,1.339,-5.077,-0.943,2,P09,C_bipolar
TE,Agem Kanan,2,Naik,P4-O2,3.322,3.804,0.135,2,P09,C_bipolar
TE,Agem Kanan,2,Naik,T6-O2,0.065,-0.014,-0.887,2,P09,C_bipolar
TE,Agem Kanan,2,Tahan,C3-P3,1.906,0.549,-1.776,8,P09,C_bipolar
TE,Agem Kanan,2,Tahan,C4-P4,2.312,1.268,-0.503,8,P09,C_bipolar
TE,Agem Kanan,2,Tahan,F3-C3,-3.367,-3.021,-1.142,8,P09,C_bipolar
TE,Agem Kanan,2,Tahan,Fp1-F3,1.011,3.079,-0.27,8,P09,C_bipolar
TE,Agem Kanan,2,Tahan,P3-O1,2.543,4.473,0.842,8,P09,C_bipolar
TE,Agem Kanan,2,Tahan,P4-O2,5.477,3.627,3.138,8,P09,C_bipolar
TE,Agem Kanan,2,Tahan,T5-O1,4.118,2.511,0.06,2,P09,C_bipolar
TE,Agem Kanan,2,Tahan,T6-O2,2.57,3.416,-1.825,2,P09,C_bipolar
TE,Agem Kanan,3,Berdiri,F3-C3,-3.943,-1.793,0.229,3,P09,C_bipolar
TE,Agem Kanan,3,Berdiri,F8-T4,1.539,2.002,2.505,5,P09,C_bipolar
TE,Agem Kanan,3,Berdiri,Fp1-F3,-1.803,-3.699,-2.13,3,P09,C_bipolar
TE,Agem Kanan,3,Berdiri,Fp2-F4,7.089,4.661,1.893,5,P09,C_bipolar
TE,Agem Kanan,3,Berdiri,Fp2-F8,-2.684,-0.763,1.737,6,P09,C_bipolar
TE,Agem Kanan,3,Berdiri,P4-O2,0.193,0.033,-0.597,6,P09,C_bipolar
TE,Agem Kanan,3,Berdiri,T4-T6,0.477,1.501,1.799,6,P09,C_bipolar
TE,Agem Kanan,3,Berdiri,T6-O2,3.306,2.022,1.444,6,P09,C_bipolar
TE,Agem Kanan,3,Gerak,C3-P3,-3.547,-4.565,-5.51,3,P09,C_bipolar
TE,Agem Kanan,3,Gerak,C4-P4,-6.211,-4.618,-4.89,2,P09,C_bipolar
TE,Agem Kanan,3,Gerak,F3-C3,-8.883,-7.738,-6.0,3,P09,C_bipolar
TE,Agem Kanan,3,Gerak,F4-C4,-7.717,-6.048,-3.461,4,P09,C_bipolar
TE,Agem Kanan,3,Gerak,F7-T3,0.14,-1.902,-0.511,4,P09,C_bipolar
TE,Agem Kanan,3,Gerak,Fp1-F3,-4.084,-1.608,2.477,4,P09,C_bipolar
TE,Agem Kanan,3,Gerak,Fp1-F7,-4.455,-0.74,3.37,4,P09,C_bipolar
TE,Agem Kanan,3,Gerak,Fp2-F4,5.019,4.475,1.629,2,P09,C_bipolar
TE,Agem Kanan,3,Gerak,P3-O1,-8.594,-4.839,-1.177,4,P09,C_bipolar
TE,Agem Kanan,3,Gerak,P4-O2,-2.257,-1.794,-3.768,2,P09,C_bipolar
TE,Agem Kanan,3,Gerak,T3-T5,-5.829,-4.516,-2.381,3,P09,C_bipolar
TE,Agem Kanan,3,Gerak,T4-T6,0.525,0.344,2.183,1,P09,C_bipolar
TE,Agem Kanan,3,Gerak,T5-O1,-9.344,-7.82,-4.986,3,P09,C_bipolar
TE,Agem Kanan,3,Gerak,T6-O2,-2.01,-2.901,-3.738,1,P09,C_bipolar
TE,Agem Kanan,3,Naik,Fp1-F7,-1.508,4.85,-3.544,1,P09,C_bipolar
TE,Agem Kanan,4,Berdiri,C3-P3,-2.53,-3.195,-3.065,5,P09,C_bipolar
TE,Agem Kanan,4,Berdiri,C4-P4,-2.972,-4.95,-2.801,9,P09,C_bipolar
TE,Agem Kanan,4,Berdiri,F3-C3,-5.957,-6.663,-4.326,5,P09,C_bipolar
TE,Agem Kanan,4,Berdiri,F4-C4,-4.382,-2.767,-3.16,9,P09,C_bipolar
TE,Agem Kanan,4,Berdiri,F7-T3,9.552,5.925,3.393,5,P09,C_bipolar
TE,Agem Kanan,4,Berdiri,Fp1-F3,-2.069,-1.292,0.993,7,P09,C_bipolar
TE,Agem Kanan,4,Berdiri,Fp1-F7,7.182,5.159,3.047,5,P09,C_bipolar
TE,Agem Kanan,4,Berdiri,P3-O1,-4.557,-3.253,-2.592,8,P09,C_bipolar
TE,Agem Kanan,4,Berdiri,P4-O2,-0.185,-0.756,-0.031,9,P09,C_bipolar
TE,Agem Kanan,4,Berdiri,T3-T5,-0.128,-3.797,-3.829,5,P09,C_bipolar
TE,Agem Kanan,4,Berdiri,T4-T6,-0.351,-0.601,1.36,5,P09,C_bipolar
TE,Agem Kanan,4,Berdiri,T5-O1,0.731,-3.097,-5.47,5,P09,C_bipolar
TE,Agem Kanan,4,Berdiri,T6-O2,-0.258,0.261,1.528,7,P09,C_bipolar
TE,Agem Kanan,4,Naik,C4-P4,2.129,1.232,3.27,1,P09,C_bipolar
TE,Agem Kanan,4,Naik,P4-O2,-0.283,3.175,1.571,2,P09,C_bipolar
TE,Agem Kanan,4,Tahan,C3-P3,-5.651,-0.727,0.817,4,P09,C_bipolar
TE,Agem Kanan,4,Tahan,C4-P4,-3.17,-1.694,-0.19,3,P09,C_bipolar
TE,Agem Kanan,4,Tahan,F3-C3,-5.663,0.533,3.781,5,P09,C_bipolar
TE,Agem Kanan,4,Tahan,F4-C4,-5.892,3.715,2.331,3,P09,C_bipolar
TE,Agem Kanan,4,Tahan,F7-T3,-1.809,0.558,-1.121,1,P09,C_bipolar
TE,Agem Kanan,4,Tahan,F8-T4,4.369,7.076,3.506,1,P09,C_bipolar
TE,Agem Kanan,4,Tahan,Fp1-F3,-5.779,-1.779,1.973,5,P09,C_bipolar
TE,Agem Kanan,4,Tahan,Fp1-F7,-3.037,1.105,2.992,5,P09,C_bipolar
TE,Agem Kanan,4,Tahan,Fp2-F4,-0.719,5.055,3.386,5,P09,C_bipolar
TE,Agem Kanan,4,Tahan,Fp2-F8,1.449,3.901,3.473,5,P09,C_bipolar
TE,Agem Kanan,4,Tahan,P3-O1,-4.812,3.773,0.717,2,P09,C_bipolar
TE,Agem Kanan,4,Tahan,P4-O2,2.119,7.054,1.439,5,P09,C_bipolar
TE,Agem Kanan,4,Tahan,T3-T5,-7.753,-1.368,-0.921,1,P09,C_bipolar
TE,Agem Kanan,4,Tahan,T5-O1,-3.656,-4.148,-2.303,2,P09,C_bipolar
TE,Agem Kanan,4,Tahan,T6-O2,0.808,3.272,1.032,5,P09,C_bipolar
TE,Agem Kiri,1,Berdiri,C3-P3,0.378,-1.539,0.114,10,P09,C_bipolar
TE,Agem Kiri,1,Berdiri,C4-P4,-0.804,-0.464,0.501,10,P09,C_bipolar
TE,Agem Kiri,1,Berdiri,F3-C3,-3.333,-4.365,-2.449,10,P09,C_bipolar
TE,Agem Kiri,1,Berdiri,F4-C4,7.411,6.035,3.818,10,P09,C_bipolar
TE,Agem Kiri,1,Berdiri,F7-T3,2.284,0.26,0.143,9,P09,C_bipolar
TE,Agem Kiri,1,Berdiri,Fp1-F3,0.851,0.004,0.623,10,P09,C_bipolar
TE,Agem Kiri,1,Berdiri,Fp1-F7,2.142,0.395,1.096,9,P09,C_bipolar
TE,Agem Kiri,1,Berdiri,Fp2-F4,-0.784,-1.365,-0.064,5,P09,C_bipolar
TE,Agem Kiri,1,Berdiri,P3-O1,-3.173,-1.616,-3.006,8,P09,C_bipolar
TE,Agem Kiri,1,Berdiri,P4-O2,2.503,0.906,0.389,10,P09,C_bipolar
TE,Agem Kiri,1,Berdiri,T3-T5,1.838,0.351,0.917,8,P09,C_bipolar
TE,Agem Kiri,1,Berdiri,T5-O1,1.032,-0.437,0.051,7,P09,C_bipolar
TE,Agem Kiri,1,Gerak,C4-P4,-1.863,1.574,-2.495,2,P09,C_bipolar
TE,Agem Kiri,1,Gerak,F4-C4,-0.302,-0.156,-0.646,2,P09,C_bipolar
TE,Agem Kiri,1,Gerak,F7-T3,5.219,4.617,-1.984,1,P09,C_bipolar
TE,Agem Kiri,1,Gerak,Fp1-F7,-0.955,1.379,-2.824,2,P09,C_bipolar
TE,Agem Kiri,1,Gerak,Fp2-F4,3.411,1.453,0.381,2,P09,C_bipolar
TE,Agem Kiri,1,Gerak,P3-O1,4.393,4.283,-0.542,2,P09,C_bipolar
TE,Agem Kiri,1,Gerak,P4-O2,0.606,1.019,0.888,2,P09,C_bipolar
TE,Agem Kiri,1,Gerak,T3-T5,2.798,6.391,0.074,1,P09,C_bipolar
TE,Agem Kiri,1,Gerak,T5-O1,4.035,6.676,-0.752,1,P09,C_bipolar
TE,Agem Kiri,1,Naik,C3-P3,6.427,6.81,4.352,2,P09,C_bipolar
TE,Agem Kiri,1,Naik,C4-P4,2.239,4.059,-0.615,2,P09,C_bipolar
TE,Agem Kiri,1,Naik,F3-C3,4.368,5.691,3.646,2,P09,C_bipolar
TE,Agem Kiri,1,Naik,F4-C4,3.283,0.459,2.938,2,P09,C_bipolar
TE,Agem Kiri,1,Naik,Fp1-F7,4.448,2.342,0.638,2,P09,C_bipolar
TE,Agem Kiri,1,Naik,Fp2-F4,0.093,2.986,-0.128,2,P09,C_bipolar
TE,Agem Kiri,1,Naik,P3-O1,3.144,2.843,2.603,2,P09,C_bipolar
TE,Agem Kiri,1,Naik,P4-O2,3.802,8.476,2.259,2,P09,C_bipolar
TE,Agem Kiri,1,Naik,T4-T6,-5.857,-6.775,-4.893,2,P09,C_bipolar
TE,Agem Kiri,1,Naik,T6-O2,-2.285,-1.815,-4.476,2,P09,C_bipolar
TE,Agem Kiri,1,Tahan,C3-P3,4.293,7.55,3.838,9,P09,C_bipolar
TE,Agem Kiri,1,Tahan,C4-P4,2.589,2.962,0.78,9,P09,C_bipolar
TE,Agem Kiri,1,Tahan,F3-C3,-0.172,2.58,2.063,9,P09,C_bipolar
TE,Agem Kiri,1,Tahan,F4-C4,0.387,1.819,2.257,9,P09,C_bipolar
TE,Agem Kiri,1,Tahan,F8-T4,3.551,3.632,4.32,4,P09,C_bipolar
TE,Agem Kiri,1,Tahan,Fp1-F3,4.103,7.691,2.452,5,P09,C_bipolar
TE,Agem Kiri,1,Tahan,Fp1-F7,2.268,2.31,-2.428,6,P09,C_bipolar
TE,Agem Kiri,1,Tahan,Fp2-F4,7.558,5.988,2.532,7,P09,C_bipolar
TE,Agem Kiri,1,Tahan,P3-O1,-0.481,7.545,2.875,9,P09,C_bipolar
TE,Agem Kiri,1,Tahan,P4-O2,6.78,10.333,8.88,9,P09,C_bipolar
TE,Agem Kiri,1,Tahan,T4-T6,-5.217,-2.834,-2.649,8,P09,C_bipolar
TE,Agem Kiri,1,Tahan,T5-O1,3.176,7.036,3.553,5,P09,C_bipolar
TE,Agem Kiri,1,Tahan,T6-O2,-3.913,-2.756,1.137,9,P09,C_bipolar
TE,Agem Kiri,2,Berdiri,C3-P3,4.246,3.084,2.337,15,P09,C_bipolar
TE,Agem Kiri,2,Berdiri,C4-P4,6.825,3.423,0.242,11,P09,C_bipolar
TE,Agem Kiri,2,Berdiri,F3-C3,1.111,1.301,0.299,15,P09,C_bipolar
TE,Agem Kiri,2,Berdiri,F4-C4,6.753,4.946,0.787,11,P09,C_bipolar
TE,Agem Kiri,2,Berdiri,F7-T3,2.74,-0.05,1.34,11,P09,C_bipolar
TE,Agem Kiri,2,Berdiri,Fp1-F3,1.315,1.093,-1.806,5,P09,C_bipolar
TE,Agem Kiri,2,Berdiri,Fp1-F7,4.088,-0.578,-1.799,12,P09,C_bipolar
TE,Agem Kiri,2,Berdiri,Fp2-F4,-1.166,-3.218,-0.89,5,P09,C_bipolar
TE,Agem Kiri,2,Berdiri,Fp2-F8,1.515,5.529,3.076,4,P09,C_bipolar
TE,Agem Kiri,2,Berdiri,P3-O1,6.524,3.924,0.691,9,P09,C_bipolar
TE,Agem Kiri,2,Berdiri,P4-O2,8.558,5.388,5.189,15,P09,C_bipolar
TE,Agem Kiri,2,Berdiri,T3-T5,7.633,0.916,0.982,7,P09,C_bipolar
TE,Agem Kiri,2,Berdiri,T5-O1,7.808,2.294,-0.245,7,P09,C_bipolar
TE,Agem Kiri,2,Berdiri,T6-O2,1.746,-0.425,4.942,1,P09,C_bipolar
TE,Agem Kiri,2,Gerak,C3-P3,-4.437,-2.756,-3.538,4,P09,C_bipolar
TE,Agem Kiri,2,Gerak,C4-P4,-4.105,-3.116,-2.368,4,P09,C_bipolar
TE,Agem Kiri,2,Gerak,F3-C3,-7.161,-5.332,-0.338,4,P09,C_bipolar
TE,Agem Kiri,2,Gerak,F4-C4,2.024,2.323,2.063,4,P09,C_bipolar
TE,Agem Kiri,2,Gerak,F7-T3,-0.209,-0.174,-2.456,4,P09,C_bipolar
TE,Agem Kiri,2,Gerak,Fp1-F3,-1.568,-5.284,-0.112,4,P09,C_bipolar
TE,Agem Kiri,2,Gerak,Fp1-F7,-0.426,-1.597,-0.132,4,P09,C_bipolar
TE,Agem Kiri,2,Gerak,Fp2-F4,-2.126,-1.324,-1.787,2,P09,C_bipolar
TE,Agem Kiri,2,Gerak,P3-O1,-1.275,-5.006,-2.178,4,P09,C_bipolar
TE,Agem Kiri,2,Gerak,P4-O2,0.385,1.738,-1.319,4,P09,C_bipolar
TE,Agem Kiri,2,Gerak,T3-T5,-2.992,-0.298,-3.153,2,P09,C_bipolar
TE,Agem Kiri,2,Gerak,T5-O1,2.176,-0.011,-0.205,4,P09,C_bipolar
TE,Agem Kiri,2,Naik,C3-P3,-6.592,0.346,0.712,2,P09,C_bipolar
TE,Agem Kiri,2,Naik,C4-P4,-4.564,-0.591,-3.094,2,P09,C_bipolar
TE,Agem Kiri,2,Naik,F3-C3,-4.496,2.961,-1.916,2,P09,C_bipolar
TE,Agem Kiri,2,Naik,F4-C4,1.029,-0.512,-0.239,2,P09,C_bipolar
TE,Agem Kiri,2,Naik,F8-T4,6.075,3.754,0.529,1,P09,C_bipolar
TE,Agem Kiri,2,Naik,Fp1-F3,-3.876,3.895,-1.052,2,P09,C_bipolar
TE,Agem Kiri,2,Naik,Fp2-F4,3.051,6.56,2.826,2,P09,C_bipolar
TE,Agem Kiri,2,Naik,P3-O1,5.22,0.425,-0.25,2,P09,C_bipolar
TE,Agem Kiri,2,Naik,T4-T6,2.009,0.913,-2.411,2,P09,C_bipolar
TE,Agem Kiri,2,Naik,T5-O1,3.679,8.105,3.364,2,P09,C_bipolar
TE,Agem Kiri,2,Tahan,C3-P3,0.489,2.012,1.561,6,P09,C_bipolar
TE,Agem Kiri,2,Tahan,C4-P4,-0.782,-1.751,-1.154,6,P09,C_bipolar
TE,Agem Kiri,2,Tahan,F3-C3,4.532,7.049,4.432,6,P09,C_bipolar
TE,Agem Kiri,2,Tahan,F4-C4,0.974,1.907,0.909,6,P09,C_bipolar
TE,Agem Kiri,2,Tahan,F8-T4,2.043,5.055,1.983,6,P09,C_bipolar
TE,Agem Kiri,2,Tahan,Fp1-F3,-0.033,3.794,0.342,2,P09,C_bipolar
TE,Agem Kiri,2,Tahan,Fp2-F4,-1.42,0.452,-1.61,6,P09,C_bipolar
TE,Agem Kiri,2,Tahan,Fp2-F8,4.216,1.444,3.283,2,P09,C_bipolar
TE,Agem Kiri,2,Tahan,P3-O1,6.545,7.796,3.738,6,P09,C_bipolar
TE,Agem Kiri,2,Tahan,P4-O2,10.485,12.956,12.282,5,P09,C_bipolar
TE,Agem Kiri,2,Tahan,T4-T6,-2.894,1.179,-1.881,6,P09,C_bipolar
TE,Agem Kiri,2,Tahan,T5-O1,3.705,5.671,2.385,1,P09,C_bipolar
TE,Agem Kiri,2,Tahan,T6-O2,6.019,7.752,6.583,5,P09,C_bipolar
TE,Agem Kiri,3,Berdiri,C3-P3,-3.843,-0.344,-1.149,11,P09,C_bipolar
TE,Agem Kiri,3,Berdiri,C4-P4,-3.275,-2.69,-4.186,11,P09,C_bipolar
TE,Agem Kiri,3,Berdiri,F3-C3,-5.683,-2.182,-2.411,11,P09,C_bipolar
TE,Agem Kiri,3,Berdiri,F4-C4,-2.026,-4.461,-2.232,11,P09,C_bipolar
TE,Agem Kiri,3,Berdiri,F7-T3,5.333,3.2,1.341,11,P09,C_bipolar
TE,Agem Kiri,3,Berdiri,F8-T4,-1.898,-2.977,1.014,2,P09,C_bipolar
TE,Agem Kiri,3,Berdiri,Fp1-F3,-5.809,-3.007,0.438,11,P09,C_bipolar
TE,Agem Kiri,3,Berdiri,Fp1-F7,3.373,3.283,2.571,11,P09,C_bipolar
TE,Agem Kiri,3,Berdiri,Fp2-F4,4.377,-2.09,3.718,4,P09,C_bipolar
TE,Agem Kiri,3,Berdiri,P3-O1,-3.894,-3.548,-3.545,11,P09,C_bipolar
TE,Agem Kiri,3,Berdiri,P4-O2,-1.296,0.538,-1.115,11,P09,C_bipolar
TE,Agem Kiri,3,Berdiri,T3-T5,-4.95,-4.162,-2.054,11,P09,C_bipolar
TE,Agem Kiri,3,Berdiri,T4-T6,-0.873,-2.784,-0.666,4,P09,C_bipolar
TE,Agem Kiri,3,Berdiri,T5-O1,-3.533,-6.351,-4.245,11,P09,C_bipolar
TE,Agem Kiri,3,Berdiri,T6-O2,-2.679,-2.64,-0.214,5,P09,C_bipolar
TE,Agem Kiri,3,Gerak,C3-P3,-5.032,-4.351,-0.429,3,P09,C_bipolar
TE,Agem Kiri,3,Gerak,C4-P4,0.73,0.984,-1.807,3,P09,C_bipolar
TE,Agem Kiri,3,Gerak,F3-C3,-4.607,-2.901,-1.365,3,P09,C_bipolar
TE,Agem Kiri,3,Gerak,F4-C4,4.22,3.14,0.59,3,P09,C_bipolar
TE,Agem Kiri,3,Gerak,F7-T3,1.123,0.774,0.979,3,P09,C_bipolar
TE,Agem Kiri,3,Gerak,F8-T4,-3.255,1.627,0.284,3,P09,C_bipolar
TE,Agem Kiri,3,Gerak,Fp1-F3,-3.004,-0.176,-0.481,3,P09,C_bipolar
TE,Agem Kiri,3,Gerak,Fp1-F7,1.477,2.324,1.612,3,P09,C_bipolar
TE,Agem Kiri,3,Gerak,P3-O1,-4.238,-4.725,-1.416,3,P09,C_bipolar
TE,Agem Kiri,3,Gerak,P4-O2,0.668,5.583,-0.471,3,P09,C_bipolar
TE,Agem Kiri,3,Gerak,T3-T5,-8.148,-2.624,-1.665,3,P09,C_bipolar
TE,Agem Kiri,3,Gerak,T4-T6,4.142,4.144,1.963,3,P09,C_bipolar
TE,Agem Kiri,3,Gerak,T5-O1,-11.006,-5.074,-3.668,3,P09,C_bipolar
TE,Agem Kiri,3,Gerak,T6-O2,2.902,4.18,0.818,3,P09,C_bipolar
TE,Agem Kiri,3,Naik,Fp2-F8,-5.964,-1.268,0.938,2,P09,C_bipolar
TE,Agem Kiri,3,Tahan,F8-T4,1.032,7.058,5.871,4,P09,C_bipolar
TE,Agem Kiri,3,Tahan,Fp2-F4,2.072,5.337,3.242,3,P09,C_bipolar
TE,Agem Kiri,3,Tahan,Fp2-F8,-0.387,6.176,5.992,2,P09,C_bipolar
TE,Agem Kiri,3,Tahan,P4-O2,1.777,2.531,2.839,5,P09,C_bipolar
TE,Agem Kiri,3,Tahan,T4-T6,-4.861,-7.711,-0.627,3,P09,C_bipolar
TE,Agem Kiri,3,Tahan,T6-O2,-5.974,-5.119,-1.444,3,P09,C_bipolar
TE,Agem Kiri,4,Berdiri,C3-P3,-6.034,-4.653,-3.31,6,P09,C_bipolar
TE,Agem Kiri,4,Berdiri,C4-P4,-6.681,-4.11,-4.145,4,P09,C_bipolar
TE,Agem Kiri,4,Berdiri,F3-C3,-11.125,-6.267,-4.01,6,P09,C_bipolar
TE,Agem Kiri,4,Berdiri,F4-C4,-4.611,-6.61,-4.056,9,P09,C_bipolar
TE,Agem Kiri,4,Berdiri,F7-T3,2.511,0.017,-0.409,15,P09,C_bipolar
TE,Agem Kiri,4,Berdiri,F8-T4,-1.983,-6.594,-2.301,1,P09,C_bipolar
TE,Agem Kiri,4,Berdiri,Fp1-F3,-4.005,-2.761,1.535,8,P09,C_bipolar
TE,Agem Kiri,4,Berdiri,Fp1-F7,2.131,0.375,2.345,15,P09,C_bipolar
TE,Agem Kiri,4,Berdiri,P3-O1,-9.147,-7.436,-3.761,11,P09,C_bipolar
TE,Agem Kiri,4,Berdiri,P4-O2,-1.248,-0.501,-2.035,4,P09,C_bipolar
TE,Agem Kiri,4,Berdiri,T3-T5,-5.888,-4.836,-3.057,6,P09,C_bipolar
TE,Agem Kiri,4,Berdiri,T4-T6,-3.667,-4.121,0.347,8,P09,C_bipolar
TE,Agem Kiri,4,Berdiri,T5-O1,-8.021,-11.068,-6.662,6,P09,C_bipolar
TE,Agem Kiri,4,Berdiri,T6-O2,-3.417,-4.003,-0.369,7,P09,C_bipolar
TE,Agem Kiri,4,Gerak,C3-P3,-0.762,3.506,-0.969,2,P09,C_bipolar
TE,Agem Kiri,4,Gerak,C4-P4,1.931,-6.599,-2.888,2,P09,C_bipolar
TE,Agem Kiri,4,Gerak,F3-C3,-1.492,2.007,-1.419,2,P09,C_bipolar
TE,Agem Kiri,4,Gerak,F4-C4,5.228,-6.939,-0.05,2,P09,C_bipolar
TE,Agem Kiri,4,Gerak,F7-T3,3.731,-2.591,-0.76,1,P09,C_bipolar
TE,Agem Kiri,4,Gerak,F8-T4,-0.546,-1.536,-2.452,2,P09,C_bipolar
TE,Agem Kiri,4,Gerak,Fp1-F3,-7.478,-1.915,1.891,2,P09,C_bipolar
TE,Agem Kiri,4,Gerak,Fp1-F7,1.954,0.41,2.277,1,P09,C_bipolar
TE,Agem Kiri,4,Gerak,Fp2-F4,7.017,0.941,1.898,2,P09,C_bipolar
TE,Agem Kiri,4,Gerak,Fp2-F8,3.526,0.452,-0.821,1,P09,C_bipolar
TE,Agem Kiri,4,Gerak,P3-O1,-5.497,-6.455,-2.102,2,P09,C_bipolar
TE,Agem Kiri,4,Gerak,P4-O2,0.563,-1.99,-2.31,2,P09,C_bipolar
TE,Agem Kiri,4,Gerak,T3-T5,-5.564,-4.834,-3.17,2,P09,C_bipolar
TE,Agem Kiri,4,Gerak,T4-T6,0.857,-6.345,0.382,2,P09,C_bipolar
TE,Agem Kiri,4,Gerak,T5-O1,-7.232,-7.374,-6.82,2,P09,C_bipolar
TE,Agem Kiri,4,Gerak,T6-O2,2.368,-4.816,-0.766,2,P09,C_bipolar
TE,Agem Kiri,4,Naik,C4-P4,1.765,10.182,4.283,2,P09,C_bipolar
TE,Agem Kiri,4,Naik,F8-T4,5.544,6.099,5.017,1,P09,C_bipolar
TE,Agem Kiri,4,Naik,Fp2-F4,-3.172,7.963,1.81,2,P09,C_bipolar
TE,Agem Kiri,4,Naik,Fp2-F8,3.088,3.914,0.909,1,P09,C_bipolar
TE,Agem Kiri,4,Naik,P4-O2,2.003,5.107,-0.197,2,P09,C_bipolar
TE,Agem Kiri,4,Naik,T4-T6,-6.026,4.787,-1.114,2,P09,C_bipolar
TE,Agem Kiri,4,Naik,T6-O2,-2.057,3.638,2.329,2,P09,C_bipolar
TE,Agem Kiri,4,Tahan,C4-P4,7.254,4.831,2.701,7,P09,C_bipolar
TE,Agem Kiri,4,Tahan,F4-C4,7.369,5.6,4.49,7,P09,C_bipolar
TE,Agem Kiri,4,Tahan,F8-T4,-2.116,2.008,4.721,7,P09,C_bipolar
TE,Agem Kiri,4,Tahan,Fp2-F4,0.851,3.815,1.637,7,P09,C_bipolar
TE,Agem Kiri,4,Tahan,Fp2-F8,-2.065,1.909,1.421,7,P09,C_bipolar
TE,Agem Kiri,4,Tahan,P4-O2,0.115,4.795,2.692,7,P09,C_bipolar
TE,Agem Kiri,4,Tahan,T4-T6,0.597,2.537,-0.187,7,P09,C_bipolar
TE,Agem Kiri,4,Tahan,T6-O2,1.967,1.913,1.898,7,P09,C_bipolar
TE,Ngeed,1,Berdiri,C3-P3,1.69,0.233,-1.63,11,P09,C_bipolar
TE,Ngeed,1,Berdiri,C4-P4,1.181,-0.898,-2.848,11,P09,C_bipolar
TE,Ngeed,1,Berdiri,F3-C3,-2.999,-3.077,-1.959,11,P09,C_bipolar
TE,Ngeed,1,Berdiri,F4-C4,2.702,1.227,-1.827,11,P09,C_bipolar
TE,Ngeed,1,Berdiri,Fp1-F3,-4.282,-2.734,1.132,11,P09,C_bipolar
TE,Ngeed,1,Berdiri,Fp1-F7,0.933,1.293,0.466,11,P09,C_bipolar
TE,Ngeed,1,Berdiri,Fp2-F4,1.418,1.04,-0.729,11,P09,C_bipolar
TE,Ngeed,1,Berdiri,P3-O1,-8.316,-3.615,-1.673,6,P09,C_bipolar
TE,Ngeed,1,Berdiri,P4-O2,2.374,7.106,4.519,11,P09,C_bipolar
TE,Ngeed,1,Berdiri,T4-T6,3.525,3.398,3.296,4,P09,C_bipolar
TE,Ngeed,1,Berdiri,T5-O1,0.405,-0.999,-2.275,6,P09,C_bipolar
TE,Ngeed,1,Berdiri,T6-O2,0.292,0.278,0.691,11,P09,C_bipolar
TE,Ngeed,1,Gerak,F3-C3,-8.699,-0.708,-0.775,2,P09,C_bipolar
TE,Ngeed,1,Gerak,F4-C4,2.591,4.382,-2.38,1,P09,C_bipolar
TE,Ngeed,1,Gerak,Fp1-F3,-4.238,-7.698,-2.123,2,P09,C_bipolar
TE,Ngeed,1,Gerak,Fp1-F7,-2.771,1.384,-0.712,2,P09,C_bipolar
TE,Ngeed,1,Gerak,Fp2-F4,-6.088,-3.473,-3.308,1,P09,C_bipolar
TE,Ngeed,1,Gerak,P4-O2,2.583,0.392,2.073,1,P09,C_bipolar
TE,Ngeed,1,Gerak,T6-O2,-3.631,-4.536,-2.098,2,P09,C_bipolar
TE,Ngeed,1,Naik,F3-C3,-2.952,1.166,1.61,2,P09,C_bipolar
TE,Ngeed,1,Naik,Fp1-F3,-1.647,0.611,-1.538,2,P09,C_bipolar
TE,Ngeed,1,Naik,Fp1-F7,-1.202,-5.886,-1.011,2,P09,C_bipolar
TE,Ngeed,1,Naik,Fp2-F4,-8.712,-5.413,0.683,2,P09,C_bipolar
TE,Ngeed,1,Naik,P4-O2,-4.308,-1.077,-1.681,2,P09,C_bipolar
TE,Ngeed,1,Naik,T6-O2,-8.976,-5.965,-7.376,2,P09,C_bipolar
TE,Ngeed,1,Tahan,F3-C3,-2.322,-2.256,1.146,5,P09,C_bipolar
TE,Ngeed,1,Tahan,Fp1-F3,-0.398,-2.79,-2.872,5,P09,C_bipolar
TE,Ngeed,1,Tahan,Fp1-F7,-0.18,-2.246,-2.242,5,P09,C_bipolar
TE,Ngeed,1,Tahan,Fp2-F4,-10.275,-7.367,-0.237,5,P09,C_bipolar
TE,Ngeed,1,Tahan,P4-O2,-7.819,1.065,1.027,5,P09,C_bipolar
TE,Ngeed,1,Tahan,T4-T6,-6.863,-3.858,-5.075,1,P09,C_bipolar
TE,Ngeed,1,Tahan,T6-O2,-7.943,-5.713,-6.69,5,P09,C_bipolar
TE,Ngeed,2,Berdiri,T6-O2,-0.94,-2.068,-2.841,1,P09,C_bipolar
TE,Ngeed,2,Gerak,C3-P3,1.991,-5.809,-1.241,2,P09,C_bipolar
TE,Ngeed,2,Gerak,C4-P4,7.701,6.181,-0.239,2,P09,C_bipolar
TE,Ngeed,2,Gerak,F3-C3,1.556,-1.944,-1.079,2,P09,C_bipolar
TE,Ngeed,2,Gerak,F4-C4,2.788,-0.14,1.772,2,P09,C_bipolar
TE,Ngeed,2,Gerak,Fp1-F3,-2.093,0.151,-0.357,2,P09,C_bipolar
TE,Ngeed,2,Gerak,Fp1-F7,3.269,0.266,0.91,2,P09,C_bipolar
TE,Ngeed,2,Gerak,P3-O1,-4.117,0.049,-2.482,2,P09,C_bipolar
TE,Ngeed,2,Gerak,P4-O2,0.873,4.235,1.029,2,P09,C_bipolar
TE,Ngeed,2,Gerak,T5-O1,-3.146,-3.945,-5.211,2,P09,C_bipolar
TE,Ngeed,2,Tahan,F3-C3,-8.662,-7.57,-1.713,2,P09,C_bipolar
TE,Ngeed,2,Tahan,Fp1-F3,-10.579,-12.26,-2.492,3,P09,C_bipolar
TE,Ngeed,2,Tahan,Fp1-F7,-5.424,-0.974,-1.856,5,P09,C_bipolar
TE,Ngeed,3,Berdiri,C3-P3,-3.157,-4.395,-0.289,10,P09,C_bipolar
TE,Ngeed,3,Berdiri,C4-P4,-1.452,-3.926,-0.091,11,P09,C_bipolar
TE,Ngeed,3,Berdiri,F3-C3,-3.188,-4.659,-1.325,10,P09,C_bipolar
TE,Ngeed,3,Berdiri,F4-C4,-2.712,-3.466,-0.499,11,P09,C_bipolar
TE,Ngeed,3,Berdiri,F7-T3,-0.739,0.279,-0.05,11,P09,C_bipolar
TE,Ngeed,3,Berdiri,F8-T4,-4.651,-6.356,0.886,2,P09,C_bipolar
TE,Ngeed,3,Berdiri,Fp1-F3,-2.862,-3.282,1.619,11,P09,C_bipolar
TE,Ngeed,3,Berdiri,Fp1-F7,-0.033,-0.198,1.94,11,P09,C_bipolar
TE,Ngeed,3,Berdiri,Fp2-F4,2.097,0.692,3.994,8,P09,C_bipolar
TE,Ngeed,3,Berdiri,P3-O1,-0.254,0.027,1.154,11,P09,C_bipolar
TE,Ngeed,3,Berdiri,P4-O2,-0.039,-1.753,1.109,11,P09,C_bipolar
TE,Ngeed,3,Berdiri,T3-T5,-2.817,-4.952,0.242,10,P09,C_bipolar
TE,Ngeed,3,Berdiri,T4-T6,-1.954,-3.578,3.408,3,P09,C_bipolar
TE,Ngeed,3,Berdiri,T5-O1,-2.27,-3.162,-1.267,10,P09,C_bipolar
TE,Ngeed,3,Berdiri,T6-O2,-0.617,-4.533,3.986,3,P09,C_bipolar
TE,Ngeed,3,Gerak,P4-O2,-1.591,-0.671,-0.817,1,P09,C_bipolar
TE,Ngeed,3,Naik,F3-C3,-1.133,0.947,2.065,2,P09,C_bipolar
TE,Ngeed,3,Naik,Fp1-F3,-13.554,-2.389,0.46,2,P09,C_bipolar
TE,Ngeed,3,Naik,Fp1-F7,-6.819,-3.435,-0.404,2,P09,C_bipolar
TE,Ngeed,3,Naik,Fp2-F4,-5.983,2.767,0.873,2,P09,C_bipolar
TE,Ngeed,3,Naik,P4-O2,-8.027,-3.886,-1.648,1,P09,C_bipolar
TE,Ngeed,3,Tahan,C3-P3,-0.188,1.58,-0.982,7,P09,C_bipolar
TE,Ngeed,3,Tahan,C4-P4,-3.442,-2.177,-1.733,7,P09,C_bipolar
TE,Ngeed,3,Tahan,F3-C3,-3.259,-5.304,-1.476,7,P09,C_bipolar
TE,Ngeed,3,Tahan,F4-C4,0.881,2.323,2.085,7,P09,C_bipolar
TE,Ngeed,3,Tahan,F7-T3,-0.446,-0.212,0.274,7,P09,C_bipolar
TE,Ngeed,3,Tahan,Fp1-F3,-2.487,-0.469,0.579,7,P09,C_bipolar
TE,Ngeed,3,Tahan,Fp1-F7,-0.519,1.325,1.967,7,P09,C_bipolar
TE,Ngeed,3,Tahan,Fp2-F4,-4.82,0.016,3.265,7,P09,C_bipolar
TE,Ngeed,3,Tahan,P3-O1,-2.083,5.37,2.988,7,P09,C_bipolar
TE,Ngeed,3,Tahan,P4-O2,-2.654,-1.342,-1.825,7,P09,C_bipolar
TE,Ngeed,3,Tahan,T3-T5,-1.783,-3.527,-2.051,7,P09,C_bipolar
TE,Ngeed,3,Tahan,T5-O1,-3.44,-2.605,-3.037,7,P09,C_bipolar
TE,Ngeed,4,Berdiri,F7-T3,2.887,-3.187,0.675,1,P09,C_bipolar
TE,Ngeed,4,Berdiri,Fp1-F7,3.933,-1.577,-0.465,7,P09,C_bipolar
TE,Ngeed,4,Gerak,C3-P3,1.912,-3.199,-0.11,1,P09,C_bipolar
TE,Ngeed,4,Gerak,F3-C3,-4.463,1.461,1.064,2,P09,C_bipolar
TE,Ngeed,4,Gerak,Fp1-F3,-3.856,-4.579,1.319,2,P09,C_bipolar
TE,Ngeed,4,Gerak,Fp1-F7,1.647,1.419,2.63,1,P09,C_bipolar
TE,Ngeed,4,Gerak,Fp2-F4,4.687,2.056,3.294,2,P09,C_bipolar
TE,Ngeed,4,Gerak,P3-O1,-9.157,-3.907,-0.336,1,P09,C_bipolar
TE,Ngeed,4,Gerak,P4-O2,2.646,5.449,5.266,2,P09,C_bipolar
TE,Ngeed,4,Gerak,T5-O1,-2.809,-6.596,0.121,1,P09,C_bipolar
TE,Ngeed,4,Naik,C3-P3,1.19,1.459,-0.577,2,P09,C_bipolar
TE,Ngeed,4,Naik,C4-P4,-6.046,-3.864,-5.754,2,P09,C_bipolar
TE,Ngeed,4,Naik,F3-C3,-2.005,0.298,-0.509,2,P09,C_bipolar
TE,Ngeed,4,Naik,F4-C4,-3.62,1.515,-1.108,2,P09,C_bipolar
TE,Ngeed,4,Naik,F7-T3,-1.46,0.217,-0.152,2,P09,C_bipolar
TE,Ngeed,4,Naik,F8-T4,-2.8,-1.313,-1.554,2,P09,C_bipolar
TE,Ngeed,4,Naik,Fp1-F3,-3.779,0.418,-1.663,2,P09,C_bipolar
TE,Ngeed,4,Naik,Fp1-F7,-0.613,-0.354,0.891,2,P09,C_bipolar
TE,Ngeed,4,Naik,Fp2-F4,-7.085,0.298,1.801,2,P09,C_bipolar
TE,Ngeed,4,Naik,Fp2-F8,-1.22,1.227,3.921,2,P09,C_bipolar
TE,Ngeed,4,Naik,P3-O1,-4.364,3.781,-1.634,2,P09,C_bipolar
TE,Ngeed,4,Naik,P4-O2,-5.413,-2.532,-0.239,2,P09,C_bipolar
TE,Ngeed,4,Naik,T3-T5,-7.151,-3.237,-2.863,2,P09,C_bipolar
TE,Ngeed,4,Naik,T4-T6,-4.064,-2.432,-3.943,2,P09,C_bipolar
TE,Ngeed,4,Naik,T5-O1,-11.558,-6.63,-6.306,2,P09,C_bipolar
TE,Ngeed,4,Naik,T6-O2,-3.707,-0.321,-4.515,2,P09,C_bipolar
TE,Ngeed,4,Tahan,C3-P3,-2.242,-2.991,-3.84,3,P09,C_bipolar
TE,Ngeed,4,Tahan,C4-P4,-6.922,-7.219,-2.983,4,P09,C_bipolar
TE,Ngeed,4,Tahan,F3-C3,-3.452,-0.536,-1.47,3,P09,C_bipolar
TE,Ngeed,4,Tahan,F4-C4,-0.2,-1.353,0.189,5,P09,C_bipolar
TE,Ngeed,4,Tahan,F7-T3,-2.232,-3.849,0.373,9,P09,C_bipolar
TE,Ngeed,4,Tahan,Fp1-F3,-2.585,0.081,0.7,5,P09,C_bipolar
TE,Ngeed,4,Tahan,Fp1-F7,-1.405,0.271,2.169,10,P09,C_bipolar
TE,Ngeed,4,Tahan,Fp2-F4,-4.564,1.118,3.904,5,P09,C_bipolar
TE,Ngeed,4,Tahan,Fp2-F8,-8.278,-5.204,3.193,2,P09,C_bipolar
TE,Ngeed,4,Tahan,P3-O1,-7.056,-2.828,0.301,6,P09,C_bipolar
TE,Ngeed,4,Tahan,P4-O2,-5.057,0.998,-1.0,4,P09,C_bipolar
TE,Ngeed,4,Tahan,T3-T5,-10.099,-5.211,-2.174,4,P09,C_bipolar
TE,Ngeed,4,Tahan,T5-O1,-9.235,-8.554,-4.572,4,P09,C_bipolar
TE,Agem Kanan,1,Berdiri,C3,3.55,1.704,3.519,6,P31,D_telinga
TE,Agem Kanan,1,Berdiri,C4,3.442,-0.892,5.286,1,P31,D_telinga
TE,Agem Kanan,1,Berdiri,F3,5.952,3.156,3.295,9,P31,D_telinga
TE,Agem Kanan,1,Berdiri,F4,7.167,4.019,6.011,2,P31,D_telinga
TE,Agem Kanan,1,Berdiri,F7,8.314,5.564,8.408,2,P31,D_telinga
TE,Agem Kanan,1,Berdiri,Fp1,8.732,0.771,5.178,1,P31,D_telinga
TE,Agem Kanan,1,Berdiri,Fp2,9.404,3.501,10.314,1,P31,D_telinga
TE,Agem Kanan,1,Berdiri,O2,5.449,4.538,7.032,1,P31,D_telinga
TE,Agem Kanan,1,Berdiri,P3,5.334,4.227,3.048,11,P31,D_telinga
TE,Agem Kanan,1,Berdiri,P4,10.302,6.329,12.787,1,P31,D_telinga
TE,Agem Kanan,1,Berdiri,T3,7.64,3.641,3.905,7,P31,D_telinga
TE,Agem Kanan,1,Berdiri,T5,-4.536,-0.184,5.639,1,P31,D_telinga
TE,Agem Kanan,1,Berdiri,T6,1.676,3.547,10.931,1,P31,D_telinga
TE,Agem Kanan,1,Gerak,C3,-1.705,-2.35,-1.946,3,P31,D_telinga
TE,Agem Kanan,1,Gerak,F3,-6.21,-6.876,-4.64,3,P31,D_telinga
TE,Agem Kanan,1,Gerak,F4,6.201,-3.758,-1.089,1,P31,D_telinga
TE,Agem Kanan,1,Gerak,F7,3.656,4.305,4.177,3,P31,D_telinga
TE,Agem Kanan,1,Gerak,Fp1,-0.773,-0.641,3.131,3,P31,D_telinga
TE,Agem Kanan,1,Gerak,Fp2,13.879,5.962,6.722,1,P31,D_telinga
TE,Agem Kanan,1,Gerak,O1,0.459,-5.314,-3.024,3,P31,D_telinga
TE,Agem Kanan,1,Gerak,O2,12.785,1.97,2.219,1,P31,D_telinga
TE,Agem Kanan,1,Gerak,P3,-7.048,-6.579,-8.059,3,P31,D_telinga
TE,Agem Kanan,1,Gerak,T3,3.348,-3.626,-1.383,3,P31,D_telinga
TE,Agem Kanan,1,Gerak,T5,4.855,3.499,-0.548,3,P31,D_telinga
TE,Agem Kanan,1,Naik,C3,0.534,2.871,-0.623,2,P31,D_telinga
TE,Agem Kanan,1,Naik,F3,7.581,4.503,-2.047,2,P31,D_telinga
TE,Agem Kanan,1,Naik,F7,-1.793,-2.135,1.068,2,P31,D_telinga
TE,Agem Kanan,1,Naik,Fp1,-5.844,-5.433,-2.098,2,P31,D_telinga
TE,Agem Kanan,1,Naik,O1,-2.554,-3.424,-2.356,2,P31,D_telinga
TE,Agem Kanan,1,Naik,P3,-0.934,-2.064,-2.484,1,P31,D_telinga
TE,Agem Kanan,1,Naik,T3,-3.015,-1.731,-2.609,2,P31,D_telinga
TE,Agem Kanan,1,Tahan,C3,0.029,-2.744,-1.3,7,P31,D_telinga
TE,Agem Kanan,1,Tahan,F3,-3.308,-4.33,-2.636,7,P31,D_telinga
TE,Agem Kanan,1,Tahan,F4,7.88,6.822,2.873,2,P31,D_telinga
TE,Agem Kanan,1,Tahan,F7,-0.78,-3.662,1.374,7,P31,D_telinga
TE,Agem Kanan,1,Tahan,Fp1,-1.813,-4.803,-0.373,7,P31,D_telinga
TE,Agem Kanan,1,Tahan,Fp2,11.837,10.863,6.314,2,P31,D_telinga
TE,Agem Kanan,1,Tahan,O1,-0.157,-1.481,-2.842,7,P31,D_telinga
TE,Agem Kanan,1,Tahan,O2,9.02,0.614,1.063,3,P31,D_telinga
TE,Agem Kanan,1,Tahan,P3,-2.965,-6.043,-3.115,7,P31,D_telinga
TE,Agem Kanan,1,Tahan,T3,-1.721,-4.701,-2.172,7,P31,D_telinga
TE,Agem Kanan,2,Berdiri,C3,-2.347,-2.754,-0.594,12,P31,D_telinga
TE,Agem Kanan,2,Berdiri,C4,4.806,4.512,2.616,9,P31,D_telinga
TE,Agem Kanan,2,Berdiri,F3,-2.11,-4.408,-3.078,11,P31,D_telinga
TE,Agem Kanan,2,Berdiri,F4,2.059,1.996,0.565,10,P31,D_telinga
TE,Agem Kanan,2,Berdiri,F7,1.381,0.774,1.791,13,P31,D_telinga
TE,Agem Kanan,2,Berdiri,F8,4.231,2.154,-2.422,4,P31,D_telinga
TE,Agem Kanan,2,Berdiri,Fp1,0.281,-1.197,-0.704,13,P31,D_telinga
TE,Agem Kanan,2,Berdiri,Fp2,9.238,11.568,6.913,10,P31,D_telinga
TE,Agem Kanan,2,Berdiri,O1,2.3,-1.715,-2.524,11,P31,D_telinga
TE,Agem Kanan,2,Berdiri,O2,4.956,3.117,0.25,10,P31,D_telinga
TE,Agem Kanan,2,Berdiri,P3,-2.745,-3.708,-3.12,11,P31,D_telinga
TE,Agem Kanan,2,Berdiri,P4,7.473,10.987,7.914,9,P31,D_telinga
TE,Agem Kanan,2,Berdiri,T3,-2.474,-4.791,-2.004,13,P31,D_telinga
TE,Agem Kanan,2,Berdiri,T4,12.395,10.862,9.616,1,P31,D_telinga
TE,Agem Kanan,2,Berdiri,T5,5.01,-0.419,-1.143,6,P31,D_telinga
TE,Agem Kanan,2,Berdiri,T6,9.251,12.25,8.095,5,P31,D_telinga
TE,Agem Kanan,2,Gerak,F4,-3.374,-2.356,-4.826,1,P31,D_telinga
TE,Agem Kanan,2,Gerak,T3,1.929,-1.689,-8.617,1,P31,D_telinga
TE,Agem Kanan,2,Naik,F3,6.401,5.153,2.685,2,P31,D_telinga
TE,Agem Kanan,2,Tahan,C3,1.779,2.41,3.988,6,P31,D_telinga
TE,Agem Kanan,2,Tahan,F3,3.959,5.371,4.758,2,P31,D_telinga
TE,Agem Kanan,2,Tahan,F7,1.745,4.974,6.725,5,P31,D_telinga
TE,Agem Kanan,2,Tahan,Fp1,-1.028,1.615,3.537,6,P31,D_telinga
TE,Agem Kanan,2,Tahan,O1,0.787,8.027,5.827,2,P31,D_telinga
TE,Agem Kanan,2,Tahan,P3,2.394,3.23,2.972,6,P31,D_telinga
TE,Agem Kanan,2,Tahan,T3,0.477,1.916,3.204,6,P31,D_telinga
TE,Agem Kanan,3,Berdiri,C3,4.721,2.743,-0.213,13,P31,D_telinga
TE,Agem Kanan,3,Berdiri,C4,1.219,-2.29,-1.127,13,P31,D_telinga
TE,Agem Kanan,3,Berdiri,F3,0.532,-2.993,0.377,15,P31,D_telinga
TE,Agem Kanan,3,Berdiri,F4,0.59,-2.215,-2.116,15,P31,D_telinga
TE,Agem Kanan,3,Berdiri,F7,-2.79,-2.105,-2.877,10,P31,D_telinga
TE,Agem Kanan,3,Berdiri,F8,-0.595,-4.806,-3.287,15,P31,D_telinga
TE,Agem Kanan,3,Berdiri,Fp1,-3.936,-4.539,-5.129,12,P31,D_telinga
TE,Agem Kanan,3,Berdiri,Fp2,0.743,2.279,-0.398,12,P31,D_telinga
TE,Agem Kanan,3,Berdiri,O1,-4.606,-4.853,-5.026,15,P31,D_telinga
TE,Agem Kanan,3,Berdiri,O2,-2.582,-2.03,-3.956,12,P31,D_telinga
TE,Agem Kanan,3,Berdiri,P3,1.851,-0.879,1.649,14,P31,D_telinga
TE,Agem Kanan,3,Berdiri,P4,-2.119,-1.073,-1.883,8,P31,D_telinga
TE,Agem Kanan,3,Berdiri,T3,2.603,-2.472,-0.572,15,P31,D_telinga
TE,Agem Kanan,3,Berdiri,T4,6.418,5.838,5.072,9,P31,D_telinga
TE,Agem Kanan,3,Berdiri,T5,-3.119,-2.608,-2.012,15,P31,D_telinga
TE,Agem Kanan,3,Gerak,C3,6.886,2.057,1.532,2,P31,D_telinga
TE,Agem Kanan,3,Gerak,F3,-2.197,-1.226,0.272,2,P31,D_telinga
TE,Agem Kanan,3,Gerak,F7,-6.199,-3.042,-10.021,1,P31,D_telinga
TE,Agem Kanan,3,Gerak,Fp1,-6.437,-5.575,-10.893,1,P31,D_telinga
TE,Agem Kanan,3,Gerak,O1,-8.39,-7.674,-8.019,2,P31,D_telinga
TE,Agem Kanan,3,Gerak,O2,-0.177,9.732,2.529,1,P31,D_telinga
TE,Agem Kanan,3,Gerak,P3,-2.945,0.998,0.004,2,P31,D_telinga
TE,Agem Kanan,3,Gerak,T3,4.151,-2.225,0.211,2,P31,D_telinga
TE,Agem Kanan,3,Gerak,T5,-3.65,-3.152,-4.586,2,P31,D_telinga
TE,Agem Kanan,3,Naik,C3,-0.188,1.304,-0.864,2,P31,D_telinga
TE,Agem Kanan,3,Naik,C4,2.67,-0.855,-2.383,2,P31,D_telinga
TE,Agem Kanan,3,Naik,F7,-2.459,-0.296,-0.579,2,P31,D_telinga
TE,Agem Kanan,3,Naik,Fp1,-5.995,-5.101,-5.007,2,P31,D_telinga
TE,Agem Kanan,3,Naik,O2,0.675,-1.577,-2.572,2,P31,D_telinga
TE,Agem Kanan,3,Naik,P4,0.632,1.336,1.345,2,P31,D_telinga
TE,Agem Kanan,3,Naik,T4,11.002,7.764,8.339,2,P31,D_telinga
TE,Agem Kanan,3,Naik,T6,8.205,4.869,5.447,2,P31,D_telinga
TE,Agem Kanan,3,Tahan,C3,-13.105,-11.478,-8.465,3,P31,D_telinga
TE,Agem Kanan,3,Tahan,F7,-2.886,-1.623,-0.629,3,P31,D_telinga
TE,Agem Kanan,3,Tahan,F8,-1.244,-2.551,-2.218,3,P31,D_telinga
TE,Agem Kanan,3,Tahan,Fp1,-3.466,-4.218,-4.108,3,P31,D_telinga
TE,Agem Kanan,3,Tahan,Fp2,5.702,4.633,3.616,3,P31,D_telinga
TE,Agem Kanan,3,Tahan,O1,-8.201,-2.399,-4.392,1,P31,D_telinga
TE,Agem Kanan,3,Tahan,O2,0.347,-4.092,-4.919,3,P31,D_telinga
TE,Agem Kanan,3,Tahan,P4,5.489,3.211,-2.681,3,P31,D_telinga
TE,Agem Kanan,3,Tahan,T3,-1.108,-3.751,-1.059,1,P31,D_telinga
TE,Agem Kanan,3,Tahan,T4,10.625,5.053,5.811,3,P31,D_telinga
TE,Agem Kanan,3,Tahan,T6,9.446,0.394,0.414,2,P31,D_telinga
TE,Agem Kanan,4,Berdiri,C3,4.575,2.689,1.586,12,P31,D_telinga
TE,Agem Kanan,4,Berdiri,F3,0.119,-2.987,-0.873,5,P31,D_telinga
TE,Agem Kanan,4,Berdiri,F8,-5.01,-8.281,-8.531,4,P31,D_telinga
TE,Agem Kanan,4,Berdiri,P3,1.081,-2.448,0.099,7,P31,D_telinga
TE,Agem Kanan,4,Berdiri,T3,0.629,-1.23,-0.333,6,P31,D_telinga
TE,Agem Kanan,4,Berdiri,T4,5.919,9.602,10.368,3,P31,D_telinga
TE,Agem Kanan,4,Berdiri,T6,5.548,-1.607,3.308,2,P31,D_telinga
TE,Agem Kanan,4,Gerak,C3,3.519,4.584,0.301,2,P31,D_telinga
TE,Agem Kanan,4,Gerak,F7,1.182,5.358,2.717,2,P31,D_telinga
TE,Agem Kanan,4,Gerak,Fp1,-2.867,1.975,0.279,2,P31,D_telinga
TE,Agem Kanan,4,Naik,F3,3.574,5.124,2.405,2,P31,D_telinga
TE,Agem Kanan,4,Naik,F7,-4.294,-1.166,-2.984,2,P31,D_telinga
TE,Agem Kanan,4,Naik,Fp1,-8.993,-6.459,-4.627,2,P31,D_telinga
TE,Agem Kanan,4,Naik,O1,-9.327,-8.894,-2.113,2,P31,D_telinga
TE,Agem Kanan,4,Naik,O2,8.315,5.562,5.222,1,P31,D_telinga
TE,Agem Kanan,4,Naik,P3,-2.015,-1.806,-5.071,2,P31,D_telinga
TE,Agem Kanan,4,Naik,T5,-3.019,-3.778,0.088,2,P31,D_telinga
TE,Agem Kanan,4,Tahan,C3,2.958,-2.754,-1.62,7,P31,D_telinga
TE,Agem Kanan,4,Tahan,F7,-8.098,-4.114,-4.298,1,P31,D_telinga
TE,Agem Kanan,4,Tahan,Fp1,-11.629,-7.288,-5.632,2,P31,D_telinga
TE,Agem Kanan,4,Tahan,O1,-6.885,-8.902,-6.317,5,P31,D_telinga
TE,Agem Kanan,4,Tahan,O2,9.461,5.957,5.218,3,P31,D_telinga
TE,Agem Kanan,4,Tahan,P4,1.27,4.402,5.84,3,P31,D_telinga
TE,Agem Kanan,4,Tahan,T5,-4.341,-7.162,-2.859,8,P31,D_telinga
TE,Agem Kiri,1,Berdiri,C3,-2.94,-8.882,-5.252,1,P31,D_telinga
TE,Agem Kiri,1,Berdiri,Fp1,4.38,2.839,1.645,1,P31,D_telinga
TE,Agem Kiri,1,Berdiri,T3,-8.979,-11.095,-7.049,1,P31,D_telinga
TE,Agem Kiri,1,Naik,C3,2.497,0.478,-0.356,2,P31,D_telinga
TE,Agem Kiri,1,Naik,F3,0.639,-1.488,-1.604,2,P31,D_telinga
TE,Agem Kiri,1,Naik,F7,0.424,4.903,6.018,1,P31,D_telinga
TE,Agem Kiri,1,Naik,Fp1,4.077,3.608,3.714,2,P31,D_telinga
TE,Agem Kiri,1,Naik,P3,0.721,-1.302,-2.446,2,P31,D_telinga
TE,Agem Kiri,1,Naik,T3,6.852,3.733,3.006,2,P31,D_telinga
TE,Agem Kiri,1,Tahan,C3,2.842,-0.735,0.631,19,P31,D_telinga
TE,Agem Kiri,1,Tahan,C4,3.223,-1.981,-1.723,14,P31,D_telinga
TE,Agem Kiri,1,Tahan,F3,1.237,-2.944,-0.365,19,P31,D_telinga
TE,Agem Kiri,1,Tahan,F4,2.097,-1.899,-1.345,19,P31,D_telinga
TE,Agem Kiri,1,Tahan,F7,0.878,0.35,2.246,19,P31,D_telinga
TE,Agem Kiri,1,Tahan,F8,2.292,0.284,-0.586,13,P31,D_telinga
TE,Agem Kiri,1,Tahan,Fp1,0.339,-3.715,-0.886,19,P31,D_telinga
TE,Agem Kiri,1,Tahan,Fp2,9.775,7.275,3.969,19,P31,D_telinga
TE,Agem Kiri,1,Tahan,O1,-0.771,-2.255,-1.027,19,P31,D_telinga
TE,Agem Kiri,1,Tahan,O2,4.392,0.122,-2.961,8,P31,D_telinga
TE,Agem Kiri,1,Tahan,P3,2.038,-2.219,-0.121,19,P31,D_telinga
TE,Agem Kiri,1,Tahan,P4,7.293,6.225,3.463,8,P31,D_telinga
TE,Agem Kiri,1,Tahan,T3,2.25,-1.668,-0.93,19,P31,D_telinga
TE,Agem Kiri,1,Tahan,T4,8.682,14.652,9.471,4,P31,D_telinga
TE,Agem Kiri,1,Tahan,T5,1.131,-0.61,0.181,17,P31,D_telinga
TE,Agem Kiri,1,Tahan,T6,8.029,13.096,5.294,5,P31,D_telinga
TE,Agem Kiri,2,Berdiri,C3,4.021,1.175,-0.494,15,P31,D_telinga
TE,Agem Kiri,2,Berdiri,C4,2.106,0.686,-0.124,7,P31,D_telinga
TE,Agem Kiri,2,Berdiri,F3,1.468,0.272,-0.972,16,P31,D_telinga
TE,Agem Kiri,2,Berdiri,F4,5.629,0.469,0.308,13,P31,D_telinga
TE,Agem Kiri,2,Berdiri,F7,2.435,-0.356,-1.507,16,P31,D_telinga
TE,Agem Kiri,2,Berdiri,F8,2.547,0.454,-3.96,1,P31,D_telinga
TE,Agem Kiri,2,Berdiri,Fp1,-1.524,-3.334,-2.945,16,P31,D_telinga
TE,Agem Kiri,2,Berdiri,Fp2,10.386,7.952,5.005,16,P31,D_telinga
TE,Agem Kiri,2,Berdiri,O1,2.417,-2.64,-0.803,12,P31,D_telinga
TE,Agem Kiri,2,Berdiri,O2,7.328,0.975,0.628,16,P31,D_telinga
TE,Agem Kiri,2,Berdiri,P3,1.194,0.157,-1.267,16,P31,D_telinga
TE,Agem Kiri,2,Berdiri,P4,8.128,7.556,7.289,16,P31,D_telinga
TE,Agem Kiri,2,Berdiri,T3,3.71,0.473,-0.566,16,P31,D_telinga
TE,Agem Kiri,2,Berdiri,T4,10.79,5.017,6.756,3,P31,D_telinga
TE,Agem Kiri,2,Berdiri,T5,4.841,-1.061,-1.571,10,P31,D_telinga
TE,Agem Kiri,2,Berdiri,T6,8.511,0.711,8.178,2,P31,D_telinga
TE,Agem Kiri,2,Gerak,C3,13.83,6.486,-1.042,1,P31,D_telinga
TE,Agem Kiri,2,Gerak,F7,14.471,10.928,5.574,2,P31,D_telinga
TE,Agem Kiri,2,Gerak,O1,8.788,2.607,-1.056,2,P31,D_telinga
TE,Agem Kiri,2,Gerak,T3,8.81,0.154,2.365,2,P31,D_telinga
TE,Agem Kiri,2,Naik,T3,-10.121,-7.218,-6.859,1,P31,D_telinga
TE,Agem Kiri,2,Tahan,C3,0.123,-1.543,-1.576,6,P31,D_telinga
TE,Agem Kiri,2,Tahan,C4,2.29,-2.062,-1.729,4,P31,D_telinga
TE,Agem Kiri,2,Tahan,F3,1.025,0.154,-0.252,8,P31,D_telinga
TE,Agem Kiri,2,Tahan,F4,-3.591,-4.173,-1.032,1,P31,D_telinga
TE,Agem Kiri,2,Tahan,F7,6.145,3.9,4.329,6,P31,D_telinga
TE,Agem Kiri,2,Tahan,Fp1,2.827,-0.879,0.932,7,P31,D_telinga
TE,Agem Kiri,2,Tahan,Fp2,11.891,9.276,7.166,4,P31,D_telinga
TE,Agem Kiri,2,Tahan,O1,6.502,2.741,2.561,1,P31,D_telinga
TE,Agem Kiri,2,Tahan,O2,4.649,1.936,-0.217,1,P31,D_telinga
TE,Agem Kiri,2,Tahan,P3,2.791,1.251,0.987,8,P31,D_telinga
TE,Agem Kiri,2,Tahan,P4,-2.699,-1.262,-3.21,1,P31,D_telinga
TE,Agem Kiri,2,Tahan,T3,3.961,-0.438,1.341,7,P31,D_telinga
TE,Agem Kiri,2,Tahan,T5,4.228,2.964,1.947,3,P31,D_telinga
TE,Agem Kiri,3,Berdiri,C3,1.267,-4.577,-2.424,9,P31,D_telinga
TE,Agem Kiri,3,Berdiri,C4,2.571,-0.074,-1.819,2,P31,D_telinga
TE,Agem Kiri,3,Berdiri,F3,2.564,0.571,1.026,11,P31,D_telinga
TE,Agem Kiri,3,Berdiri,F4,4.822,2.377,0.644,10,P31,D_telinga
TE,Agem Kiri,3,Berdiri,F7,0.495,-2.265,-2.126,13,P31,D_telinga
TE,Agem Kiri,3,Berdiri,F8,2.158,1.166,-2.814,2,P31,D_telinga
TE,Agem Kiri,3,Berdiri,Fp1,-3.576,-4.257,-4.619,13,P31,D_telinga
TE,Agem Kiri,3,Berdiri,Fp2,10.174,6.459,4.894,13,P31,D_telinga
TE,Agem Kiri,3,Berdiri,O1,-3.323,-3.861,-4.513,13,P31,D_telinga
TE,Agem Kiri,3,Berdiri,O2,7.373,1.649,1.849,13,P31,D_telinga
TE,Agem Kiri,3,Berdiri,P3,2.388,0.069,0.394,10,P31,D_telinga
TE,Agem Kiri,3,Berdiri,P4,10.317,5.913,7.244,13,P31,D_telinga
TE,Agem Kiri,3,Berdiri,T3,2.61,-0.934,-1.06,6,P31,D_telinga
TE,Agem Kiri,3,Berdiri,T5,-4.372,-4.179,-3.279,13,P31,D_telinga
TE,Agem Kiri,3,Berdiri,T6,6.056,-1.695,-0.193,2,P31,D_telinga
TE,Agem Kiri,3,Gerak,C3,6.781,7.039,2.53,1,P31,D_telinga
TE,Agem Kiri,3,Gerak,F3,2.833,3.96,1.457,2,P31,D_telinga
TE,Agem Kiri,3,Gerak,F4,2.206,3.53,-0.308,1,P31,D_telinga
TE,Agem Kiri,3,Gerak,F8,-0.824,8.331,1.378,1,P31,D_telinga
TE,Agem Kiri,3,Gerak,O1,-7.793,-6.888,-5.116,3,P31,D_telinga
TE,Agem Kiri,3,Gerak,O2,8.876,4.423,1.069,1,P31,D_telinga
TE,Agem Kiri,3,Gerak,P3,3.978,4.433,1.991,3,P31,D_telinga
TE,Agem Kiri,3,Gerak,T5,-2.931,-3.917,-3.696,3,P31,D_telinga
TE,Agem Kiri,3,Naik,C3,0.293,-1.68,-2.191,2,P31,D_telinga
TE,Agem Kiri,3,Naik,F3,-3.973,-16.63,-5.809,1,P31,D_telinga
TE,Agem Kiri,3,Naik,F8,-8.663,-12.453,-15.869,1,P31,D_telinga
TE,Agem Kiri,3,Naik,Fp2,-14.134,-17.404,-14.943,1,P31,D_telinga
TE,Agem Kiri,3,Naik,O2,-21.435,-27.087,-28.339,1,P31,D_telinga
TE,Agem Kiri,3,Naik,P3,-4.53,-0.155,-1.394,2,P31,D_telinga
TE,Agem Kiri,3,Naik,T3,-3.904,-7.141,-4.343,2,P31,D_telinga
TE,Agem Kiri,3,Tahan,C3,-0.528,-2.412,-1.115,6,P31,D_telinga
TE,Agem Kiri,3,Tahan,C4,1.524,-1.7,2.367,1,P31,D_telinga
TE,Agem Kiri,3,Tahan,F8,-17.776,-16.038,-16.721,1,P31,D_telinga
TE,Agem Kiri,3,Tahan,Fp2,-2.01,-9.696,-7.979,2,P31,D_telinga
TE,Agem Kiri,3,Tahan,P3,-7.504,-3.576,-6.186,2,P31,D_telinga
TE,Agem Kiri,3,Tahan,P4,1.148,8.093,0.97,1,P31,D_telinga
TE,Agem Kiri,3,Tahan,T3,-8.616,-8.657,-9.108,1,P31,D_telinga
TE,Agem Kiri,4,Berdiri,C3,1.69,-2.776,-0.224,5,P31,D_telinga
TE,Agem Kiri,4,Berdiri,C4,1.13,5.608,1.866,1,P31,D_telinga
TE,Agem Kiri,4,Berdiri,F3,1.361,-5.751,-7.486,8,P31,D_telinga
TE,Agem Kiri,4,Berdiri,F4,-0.415,2.95,0.225,1,P31,D_telinga
TE,Agem Kiri,4,Berdiri,F7,9.453,-1.183,0.252,13,P31,D_telinga
TE,Agem Kiri,4,Berdiri,F8,-3.423,-3.691,-1.462,1,P31,D_telinga
TE,Agem Kiri,4,Berdiri,Fp1,3.905,-3.861,-3.392,15,P31,D_telinga
TE,Agem Kiri,4,Berdiri,Fp2,4.048,9.843,9.293,1,P31,D_telinga
TE,Agem Kiri,4,Berdiri,O1,3.74,-3.807,-4.047,13,P31,D_telinga
TE,Agem Kiri,4,Berdiri,O2,5.77,4.313,2.735,4,P31,D_telinga
TE,Agem Kiri,4,Berdiri,P4,4.061,12.303,11.0,1,P31,D_telinga
TE,Agem Kiri,4,Berdiri,T3,-6.556,-9.225,-6.889,1,P31,D_telinga
TE,Agem Kiri,4,Berdiri,T5,4.695,2.021,-0.042,8,P31,D_telinga
TE,Agem Kiri,4,Berdiri,T6,4.972,6.89,10.067,1,P31,D_telinga
TE,Agem Kiri,4,Gerak,C3,4.326,-0.981,-4.339,2,P31,D_telinga
TE,Agem Kiri,4,Gerak,F7,-1.053,-2.867,-0.51,2,P31,D_telinga
TE,Agem Kiri,4,Gerak,Fp1,-2.751,-5.947,-2.166,2,P31,D_telinga
TE,Agem Kiri,4,Gerak,O1,-6.836,-8.268,-4.541,2,P31,D_telinga
TE,Agem Kiri,4,Gerak,T5,-5.168,-5.653,-4.145,2,P31,D_telinga
TE,Agem Kiri,4,Naik,C3,-4.005,-4.791,-4.268,2,P31,D_telinga
TE,Agem Kiri,4,Naik,F3,-1.612,-3.321,0.952,2,P31,D_telinga
TE,Agem Kiri,4,Naik,F4,7.675,9.874,-0.836,1,P31,D_telinga
TE,Agem Kiri,4,Naik,F8,4.077,-1.336,3.16,1,P31,D_telinga
TE,Agem Kiri,4,Naik,P3,0.222,-0.991,2.578,2,P31,D_telinga
TE,Agem Kiri,4,Naik,T3,5.81,-3.707,0.028,2,P31,D_telinga
TE,Agem Kiri,4,Naik,T4,9.025,12.714,6.741,1,P31,D_telinga
TE,Agem Kiri,4,Tahan,C3,0.44,-6.026,-1.764,7,P31,D_telinga
TE,Agem Kiri,4,Tahan,C4,3.575,0.722,1.965,2,P31,D_telinga
TE,Agem Kiri,4,Tahan,F3,0.333,-2.065,-0.408,7,P31,D_telinga
TE,Agem Kiri,4,Tahan,O2,9.322,8.604,9.028,1,P31,D_telinga
TE,Agem Kiri,4,Tahan,P3,1.073,1.121,0.289,7,P31,D_telinga
TE,Agem Kiri,4,Tahan,P4,11.156,12.815,13.479,1,P31,D_telinga
TE,Agem Kiri,4,Tahan,T3,0.838,-1.447,0.115,7,P31,D_telinga
TE,Agem Kiri,4,Tahan,T4,8.399,5.546,4.363,1,P31,D_telinga
TE,Agem Kiri,4,Tahan,T6,10.142,8.228,10.335,4,P31,D_telinga
TE,Ngeed,3,Berdiri,C3,3.797,2.681,1.589,10,P31,D_telinga
TE,Ngeed,3,Berdiri,C4,7.101,1.327,-1.12,1,P31,D_telinga
TE,Ngeed,3,Berdiri,F3,-1.873,-2.302,-3.465,15,P31,D_telinga
TE,Ngeed,3,Berdiri,F4,4.172,0.605,0.644,5,P31,D_telinga
TE,Ngeed,3,Berdiri,F7,-0.915,-1.017,-1.413,16,P31,D_telinga
TE,Ngeed,3,Berdiri,F8,2.899,-3.48,-2.455,3,P31,D_telinga
TE,Ngeed,3,Berdiri,Fp1,-3.879,-3.981,-3.609,16,P31,D_telinga
TE,Ngeed,3,Berdiri,Fp2,10.126,5.571,5.865,6,P31,D_telinga
TE,Ngeed,3,Berdiri,O1,-2.927,-5.291,-3.971,16,P31,D_telinga
TE,Ngeed,3,Berdiri,O2,10.422,4.301,3.545,12,P31,D_telinga
TE,Ngeed,3,Berdiri,P3,-5.703,-6.243,-6.279,12,P31,D_telinga
TE,Ngeed,3,Berdiri,P4,13.589,8.564,10.986,3,P31,D_telinga
TE,Ngeed,3,Berdiri,T3,4.199,-0.487,-2.522,16,P31,D_telinga
TE,Ngeed,3,Berdiri,T5,0.714,-2.995,-1.605,16,P31,D_telinga
TE,Ngeed,3,Gerak,C4,5.909,3.311,1.572,2,P31,D_telinga
TE,Ngeed,3,Gerak,F4,6.096,1.25,-1.147,2,P31,D_telinga
TE,Ngeed,3,Gerak,F7,1.174,-9.058,-4.336,2,P31,D_telinga
TE,Ngeed,3,Gerak,Fp1,-0.064,-9.768,-3.917,2,P31,D_telinga
TE,Ngeed,3,Gerak,Fp2,7.093,8.5,3.347,2,P31,D_telinga
TE,Ngeed,3,Gerak,O1,-1.699,-6.447,-2.361,2,P31,D_telinga
TE,Ngeed,3,Gerak,O2,3.823,2.118,0.658,2,P31,D_telinga
TE,Ngeed,3,Gerak,P4,13.277,8.498,5.469,2,P31,D_telinga
TE,Ngeed,3,Gerak,T3,0.832,-4.553,-7.838,2,P31,D_telinga
TE,Ngeed,3,Gerak,T5,-3.689,-5.626,-2.84,2,P31,D_telinga
TE,Ngeed,3,Gerak,T6,11.701,3.249,4.431,2,P31,D_telinga
TE,Ngeed,3,Naik,F7,3.727,-0.159,2.117,2,P31,D_telinga
TE,Ngeed,3,Naik,Fp1,-1.287,-2.385,-0.839,2,P31,D_telinga
TE,Ngeed,3,Tahan,C3,4.35,1.381,-2.475,4,P31,D_telinga
TE,Ngeed,3,Tahan,F3,-4.572,-1.634,-3.017,4,P31,D_telinga
TE,Ngeed,3,Tahan,F4,8.223,-2.208,2.054,1,P31,D_telinga
TE,Ngeed,3,Tahan,F7,0.629,-0.545,-1.241,4,P31,D_telinga
TE,Ngeed,3,Tahan,Fp1,-2.744,-1.819,-2.596,4,P31,D_telinga
TE,Ngeed,3,Tahan,Fp2,8.799,3.156,4.139,1,P31,D_telinga
TE,Ngeed,3,Tahan,O1,-0.854,-3.638,-1.37,4,P31,D_telinga
TE,Ngeed,3,Tahan,O2,0.954,0.489,-0.522,1,P31,D_telinga
TE,Ngeed,3,Tahan,P4,7.147,2.811,4.062,1,P31,D_telinga
TE,Ngeed,3,Tahan,T5,0.171,-2.395,-0.732,4,P31,D_telinga
TE,Ngeed,4,Berdiri,C3,-0.397,-2.907,0.146,15,P31,D_telinga
TE,Ngeed,4,Berdiri,C4,-4.273,-5.958,-4.841,15,P31,D_telinga
TE,Ngeed,4,Berdiri,F3,-3.179,-3.946,-2.212,3,P31,D_telinga
TE,Ngeed,4,Berdiri,F8,-12.331,-7.523,-9.963,1,P31,D_telinga
TE,Ngeed,4,Berdiri,P3,-6.275,-4.236,-1.069,4,P31,D_telinga
TE,Ngeed,4,Berdiri,T3,-5.738,-4.827,-2.543,4,P31,D_telinga
TE,Ngeed,4,Berdiri,T4,10.479,5.769,9.54,6,P31,D_telinga
TE,Ngeed,4,Berdiri,T6,7.276,3.114,3.225,6,P31,D_telinga
TE,Ngeed,4,Gerak,C3,10.006,5.706,2.809,2,P31,D_telinga
TE,Ngeed,4,Gerak,F4,7.333,6.166,1.07,1,P31,D_telinga
TE,Ngeed,4,Gerak,F7,-2.114,-1.495,-2.94,2,P31,D_telinga
TE,Ngeed,4,Gerak,Fp1,-3.589,-3.297,-2.018,2,P31,D_telinga
TE,Ngeed,4,Gerak,Fp2,14.056,9.152,6.568,1,P31,D_telinga
TE,Ngeed,4,Gerak,O1,-2.687,-3.296,-2.156,2,P31,D_telinga
TE,Ngeed,4,Gerak,O2,10.634,-0.057,0.159,1,P31,D_telinga
TE,Ngeed,4,Gerak,P4,8.916,12.437,12.656,1,P31,D_telinga
TE,Ngeed,4,Gerak,T3,-8.341,-10.179,-6.496,1,P31,D_telinga
TE,Ngeed,4,Gerak,T5,-3.613,-1.58,-1.287,2,P31,D_telinga
TE,Ngeed,4,Naik,C3,3.639,-2.493,-2.53,2,P31,D_telinga
TE,Ngeed,4,Naik,F4,7.201,-3.509,-0.356,2,P31,D_telinga
TE,Ngeed,4,Naik,F7,3.462,-2.951,0.072,2,P31,D_telinga
TE,Ngeed,4,Naik,Fp1,0.081,-6.175,-1.649,2,P31,D_telinga
TE,Ngeed,4,Tahan,C3,-7.727,-13.381,-7.163,5,P31,D_telinga
TE,Ngeed,4,Tahan,F7,1.955,3.018,2.38,5,P31,D_telinga
TE,Ngeed,4,Tahan,Fp1,-0.757,0.41,-1.063,5,P31,D_telinga
TE,Ngeed,4,Tahan,Fp2,10.378,7.722,4.94,1,P31,D_telinga
TE,Ngeed,4,Tahan,O1,-4.118,-4.86,-5.676,5,P31,D_telinga
TE,Ngeed,4,Tahan,T3,-2.683,-6.464,-3.741,2,P31,D_telinga
TE,Ngeed,4,Tahan,T5,-24.595,-26.449,-21.137,2,P31,D_telinga
TE,Agem Kanan,1,Berdiri,C3,2.796,1.189,0.961,11,P31,A_belahan
TE,Agem Kanan,1,Berdiri,C4,-0.205,0.658,4.661,1,P31,A_belahan
TE,Agem Kanan,1,Berdiri,F3,4.376,3.793,1.809,11,P31,A_belahan
TE,Agem Kanan,1,Berdiri,F4,10.012,8.281,6.238,2,P31,A_belahan
TE,Agem Kanan,1,Berdiri,F7,6.148,6.691,7.025,11,P31,A_belahan
TE,Agem Kanan,1,Berdiri,F8,4.119,1.486,4.156,1,P31,A_belahan
TE,Agem Kanan,1,Berdiri,Fp1,4.757,3.043,2.82,8,P31,A_belahan
TE,Agem Kanan,1,Berdiri,Fp2,13.091,9.844,8.438,6,P31,A_belahan
TE,Agem Kanan,1,Berdiri,O2,6.92,11.127,6.211,4,P31,A_belahan
TE,Agem Kanan,1,Berdiri,P3,4.778,3.27,0.887,11,P31,A_belahan
TE,Agem Kanan,1,Berdiri,P4,8.348,2.676,7.757,1,P31,A_belahan
TE,Agem Kanan,1,Berdiri,T3,3.861,3.748,0.76,11,P31,A_belahan
TE,Agem Kanan,1,Berdiri,T4,11.002,10.516,7.013,2,P31,A_belahan
TE,Agem Kanan,1,Berdiri,T5,5.971,1.919,0.781,4,P31,A_belahan
TE,Agem Kanan,1,Berdiri,T6,10.159,4.832,8.37,1,P31,A_belahan
TE,Agem Kanan,1,Gerak,C3,0.361,0.732,-2.656,3,P31,A_belahan
TE,Agem Kanan,1,Gerak,C4,2.232,-0.303,2.243,3,P31,A_belahan
TE,Agem Kanan,1,Gerak,F3,-1.252,-0.678,-5.908,3,P31,A_belahan
TE,Agem Kanan,1,Gerak,F4,6.674,-4.826,-1.206,1,P31,A_belahan
TE,Agem Kanan,1,Gerak,F7,3.102,3.254,2.198,3,P31,A_belahan
TE,Agem Kanan,1,Gerak,F8,3.276,-0.131,-1.458,2,P31,A_belahan
TE,Agem Kanan,1,Gerak,Fp1,-1.871,-1.747,1.85,3,P31,A_belahan
TE,Agem Kanan,1,Gerak,Fp2,9.907,4.745,2.85,1,P31,A_belahan
TE,Agem Kanan,1,Gerak,O1,1.375,-6.233,-2.88,3,P31,A_belahan
TE,Agem Kanan,1,Gerak,O2,4.734,-1.737,-2.153,1,P31,A_belahan
TE,Agem Kanan,1,Gerak,P3,-0.3,-0.265,-5.762,3,P31,A_belahan
TE,Agem Kanan,1,Gerak,P4,8.815,3.033,2.358,1,P31,A_belahan
TE,Agem Kanan,1,Gerak,T3,5.608,-2.848,-0.044,3,P31,A_belahan
TE,Agem Kanan,1,Gerak,T4,7.891,9.875,8.558,2,P31,A_belahan
TE,Agem Kanan,1,Gerak,T5,4.49,2.242,-1.549,3,P31,A_belahan
TE,Agem Kanan,1,Naik,C3,6.244,2.22,-1.804,2,P31,A_belahan
TE,Agem Kanan,1,Naik,C4,2.64,-2.016,-3.415,1,P31,A_belahan
TE,Agem Kanan,1,Naik,F3,12.054,8.355,-0.901,2,P31,A_belahan
TE,Agem Kanan,1,Naik,F4,-1.443,3.762,0.992,1,P31,A_belahan
TE,Agem Kanan,1,Naik,F7,0.824,-2.151,-4.868,1,P31,A_belahan
TE,Agem Kanan,1,Naik,Fp1,-2.836,-7.227,-4.699,2,P31,A_belahan
TE,Agem Kanan,1,Naik,Fp2,8.368,11.296,4.258,1,P31,A_belahan
TE,Agem Kanan,1,Naik,O1,-1.819,-4.746,-3.051,2,P31,A_belahan
TE,Agem Kanan,1,Naik,O2,4.996,5.581,5.034,1,P31,A_belahan
TE,Agem Kanan,1,Naik,P3,1.512,-7.561,-3.055,1,P31,A_belahan
TE,Agem Kanan,1,Naik,T3,0.936,-4.427,-5.055,2,P31,A_belahan
TE,Agem Kanan,1,Tahan,C3,1.716,-2.257,-0.315,7,P31,A_belahan
TE,Agem Kanan,1,Tahan,C4,7.203,-0.564,-1.429,2,P31,A_belahan
TE,Agem Kanan,1,Tahan,F3,1.252,-0.276,-2.775,7,P31,A_belahan
TE,Agem Kanan,1,Tahan,F4,4.142,1.467,-1.375,3,P31,A_belahan
TE,Agem Kanan,1,Tahan,F7,0.526,-2.227,-1.929,7,P31,A_belahan
TE,Agem Kanan,1,Tahan,Fp1,-3.434,-5.956,-3.755,7,P31,A_belahan
TE,Agem Kanan,1,Tahan,Fp2,5.476,8.744,4.557,3,P31,A_belahan
TE,Agem Kanan,1,Tahan,O1,-0.114,-4.284,-4.038,7,P31,A_belahan
TE,Agem Kanan,1,Tahan,O2,3.868,3.967,2.601,3,P31,A_belahan
TE,Agem Kanan,1,Tahan,P3,-3.57,-0.858,-3.344,7,P31,A_belahan
TE,Agem Kanan,1,Tahan,P4,12.314,15.994,8.223,1,P31,A_belahan
TE,Agem Kanan,1,Tahan,T3,-3.538,-4.75,-5.4,7,P31,A_belahan
TE,Agem Kanan,2,Berdiri,C3,-2.137,-3.343,-1.684,12,P31,A_belahan
TE,Agem Kanan,2,Berdiri,C4,-0.475,-1.185,-1.355,10,P31,A_belahan
TE,Agem Kanan,2,Berdiri,F3,0.561,-3.939,-3.871,11,P31,A_belahan
TE,Agem Kanan,2,Berdiri,F4,1.382,0.11,-0.885,10,P31,A_belahan
TE,Agem Kanan,2,Berdiri,F7,1.409,-0.396,-0.837,13,P31,A_belahan
TE,Agem Kanan,2,Berdiri,F8,3.03,-1.145,-2.265,8,P31,A_belahan
TE,Agem Kanan,2,Berdiri,Fp1,0.528,-3.166,-4.056,13,P31,A_belahan
TE,Agem Kanan,2,Berdiri,Fp2,10.101,6.259,7.561,13,P31,A_belahan
TE,Agem Kanan,2,Berdiri,O1,1.982,-1.791,-2.61,11,P31,A_belahan
TE,Agem Kanan,2,Berdiri,O2,4.664,4.767,3.632,13,P31,A_belahan
TE,Agem Kanan,2,Berdiri,P3,0.163,-2.124,-2.672,11,P31,A_belahan
TE,Agem Kanan,2,Berdiri,P4,2.849,5.774,3.958,8,P31,A_belahan
TE,Agem Kanan,2,Berdiri,T3,0.64,-5.086,-3.979,13,P31,A_belahan
TE,Agem Kanan,2,Berdiri,T4,13.292,10.686,10.422,2,P31,A_belahan
TE,Agem Kanan,2,Berdiri,T5,5.346,-1.06,-1.635,13,P31,A_belahan
TE,Agem Kanan,2,Berdiri,T6,10.463,10.663,7.961,6,P31,A_belahan
TE,Agem Kanan,2,Gerak,C3,1.322,5.444,1.522,2,P31,A_belahan
TE,Agem Kanan,2,Gerak,F7,5.117,11.062,5.018,3,P31,A_belahan
TE,Agem Kanan,2,Gerak,Fp1,6.289,9.862,3.22,1,P31,A_belahan
TE,Agem Kanan,2,Gerak,T3,7.651,1.483,0.009,2,P31,A_belahan
TE,Agem Kanan,2,Gerak,T5,3.553,3.965,-3.31,1,P31,A_belahan
TE,Agem Kanan,2,Naik,C3,5.236,2.341,6.009,2,P31,A_belahan
TE,Agem Kanan,2,Naik,F3,7.684,8.186,5.581,2,P31,A_belahan
TE,Agem Kanan,2,Naik,T3,9.677,2.438,4.278,2,P31,A_belahan
TE,Agem Kanan,2,Tahan,C3,0.98,0.687,0.908,8,P31,A_belahan
TE,Agem Kanan,2,Tahan,C4,7.965,1.27,2.578,7,P31,A_belahan
TE,Agem Kanan,2,Tahan,F3,6.431,4.839,2.359,6,P31,A_belahan
TE,Agem Kanan,2,Tahan,F4,7.035,2.988,3.995,8,P31,A_belahan
TE,Agem Kanan,2,Tahan,F7,4.658,1.566,5.49,8,P31,A_belahan
TE,Agem Kanan,2,Tahan,Fp1,-1.075,-1.548,-0.296,8,P31,A_belahan
TE,Agem Kanan,2,Tahan,Fp2,10.272,10.245,7.747,7,P31,A_belahan
TE,Agem Kanan,2,Tahan,O1,1.124,7.12,4.661,2,P31,A_belahan
TE,Agem Kanan,2,Tahan,O2,11.488,8.683,7.798,3,P31,A_belahan
TE,Agem Kanan,2,Tahan,P3,0.924,3.25,0.708,8,P31,A_belahan
TE,Agem Kanan,2,Tahan,T3,-0.589,-0.533,-0.184,8,P31,A_belahan
TE,Agem Kanan,3,Berdiri,C3,6.986,3.787,1.846,15,P31,A_belahan
TE,Agem Kanan,3,Berdiri,C4,-0.047,-4.377,-2.356,15,P31,A_belahan
TE,Agem Kanan,3,Berdiri,F3,0.403,-4.343,-0.503,15,P31,A_belahan
TE,Agem Kanan,3,Berdiri,F4,-1.112,-3.827,-2.896,15,P31,A_belahan
TE,Agem Kanan,3,Berdiri,F7,0.95,1.94,2.414,10,P31,A_belahan
TE,Agem Kanan,3,Berdiri,F8,-2.332,-7.232,-3.898,15,P31,A_belahan
TE,Agem Kanan,3,Berdiri,Fp1,-0.393,-1.235,-0.728,12,P31,A_belahan
TE,Agem Kanan,3,Berdiri,Fp2,-0.435,1.029,-1.485,12,P31,A_belahan
TE,Agem Kanan,3,Berdiri,O1,-3.085,-4.857,-4.135,15,P31,A_belahan
TE,Agem Kanan,3,Berdiri,O2,-3.563,-5.026,-3.526,12,P31,A_belahan
TE,Agem Kanan,3,Berdiri,P3,1.797,-1.455,1.53,14,P31,A_belahan
TE,Agem Kanan,3,Berdiri,P4,-3.102,-1.194,-0.956,8,P31,A_belahan
TE,Agem Kanan,3,Berdiri,T3,1.327,-3.941,-2.548,15,P31,A_belahan
TE,Agem Kanan,3,Berdiri,T4,6.742,4.586,4.094,15,P31,A_belahan
TE,Agem Kanan,3,Berdiri,T5,-2.927,-4.736,-3.338,15,P31,A_belahan
TE,Agem Kanan,3,Gerak,C3,7.662,3.833,2.957,2,P31,A_belahan
TE,Agem Kanan,3,Gerak,F3,-4.524,-0.642,-0.447,2,P31,A_belahan
TE,Agem Kanan,3,Gerak,F4,5.871,6.678,1.387,2,P31,A_belahan
TE,Agem Kanan,3,Gerak,F7,0.791,1.908,-0.596,1,P31,A_belahan
TE,Agem Kanan,3,Gerak,Fp1,-2.628,-1.693,-5.131,1,P31,A_belahan
TE,Agem Kanan,3,Gerak,Fp2,9.677,18.792,8.595,1,P31,A_belahan
TE,Agem Kanan,3,Gerak,O1,-6.483,-8.133,-5.233,2,P31,A_belahan
TE,Agem Kanan,3,Gerak,O2,7.923,13.914,5.412,1,P31,A_belahan
TE,Agem Kanan,3,Gerak,P3,-2.139,3.099,-1.526,2,P31,A_belahan
TE,Agem Kanan,3,Gerak,T3,4.534,-3.18,-0.621,2,P31,A_belahan
TE,Agem Kanan,3,Gerak,T5,-2.061,-7.047,-4.672,2,P31,A_belahan
TE,Agem Kanan,3,Naik,C3,0.986,0.221,0.197,2,P31,A_belahan
TE,Agem Kanan,3,Naik,C4,-1.593,-2.81,-3.995,2,P31,A_belahan
TE,Agem Kanan,3,Naik,F7,-3.883,-3.881,-4.06,2,P31,A_belahan
TE,Agem Kanan,3,Naik,Fp1,-7.783,-9.811,-10.64,2,P31,A_belahan
TE,Agem Kanan,3,Naik,O2,1.981,-0.423,-1.606,2,P31,A_belahan
TE,Agem Kanan,3,Naik,P4,6.113,3.485,2.103,2,P31,A_belahan
TE,Agem Kanan,3,Naik,T4,8.419,5.237,5.672,2,P31,A_belahan
TE,Agem Kanan,3,Naik,T6,8.674,4.178,3.59,2,P31,A_belahan
TE,Agem Kanan,3,Tahan,C3,-4.187,-5.592,-3.866,3,P31,A_belahan
TE,Agem Kanan,3,Tahan,F7,-9.001,-5.352,-4.266,3,P31,A_belahan
TE,Agem Kanan,3,Tahan,F8,-0.471,-6.04,-4.024,3,P31,A_belahan
TE,Agem Kanan,3,Tahan,Fp1,-8.135,-7.027,-7.585,3,P31,A_belahan
TE,Agem Kanan,3,Tahan,Fp2,4.768,4.299,0.097,3,P31,A_belahan
TE,Agem Kanan,3,Tahan,O1,-4.539,-1.374,-3.225,1,P31,A_belahan
TE,Agem Kanan,3,Tahan,O2,-3.336,-5.008,-4.386,3,P31,A_belahan
TE,Agem Kanan,3,Tahan,P4,7.742,3.91,1.102,3,P31,A_belahan
TE,Agem Kanan,3,Tahan,T3,-5.102,-5.461,-1.547,1,P31,A_belahan
TE,Agem Kanan,3,Tahan,T4,9.402,4.339,5.3,3,P31,A_belahan
TE,Agem Kanan,3,Tahan,T6,9.182,-1.34,2.072,2,P31,A_belahan
TE,Agem Kanan,4,Berdiri,C3,1.606,-0.371,-1.845,7,P31,A_belahan
TE,Agem Kanan,4,Berdiri,F3,-2.837,-6.455,-5.597,5,P31,A_belahan
TE,Agem Kanan,4,Berdiri,F8,-1.515,-8.013,-6.742,4,P31,A_belahan
TE,Agem Kanan,4,Berdiri,P3,-2.45,-4.9,-5.178,7,P31,A_belahan
TE,Agem Kanan,4,Berdiri,T3,-5.888,-8.465,-9.437,6,P31,A_belahan
TE,Agem Kanan,4,Berdiri,T4,9.688,8.388,7.111,10,P31,A_belahan
TE,Agem Kanan,4,Berdiri,T6,8.365,5.98,5.645,10,P31,A_belahan
TE,Agem Kanan,4,Gerak,C3,2.067,0.027,0.445,2,P31,A_belahan
TE,Agem Kanan,4,Gerak,C4,7.459,5.226,3.561,2,P31,A_belahan
TE,Agem Kanan,4,Gerak,F7,-2.445,-3.584,-3.661,2,P31,A_belahan
TE,Agem Kanan,4,Gerak,Fp1,-6.052,-8.201,-8.227,2,P31,A_belahan
TE,Agem Kanan,4,Gerak,Fp2,11.785,5.747,8.961,2,P31,A_belahan
TE,Agem Kanan,4,Gerak,O2,5.251,2.91,1.814,1,P31,A_belahan
TE,Agem Kanan,4,Gerak,P4,-0.709,8.914,-0.382,1,P31,A_belahan
TE,Agem Kanan,4,Naik,C4,9.025,1.288,4.254,2,P31,A_belahan
TE,Agem Kanan,4,Naik,F3,3.697,3.625,3.758,2,P31,A_belahan
TE,Agem Kanan,4,Naik,F7,-3.01,-1.448,-1.603,2,P31,A_belahan
TE,Agem Kanan,4,Naik,Fp1,-7.195,-5.318,-4.508,2,P31,A_belahan
TE,Agem Kanan,4,Naik,Fp2,10.349,12.569,9.161,1,P31,A_belahan
TE,Agem Kanan,4,Naik,O1,-5.043,-1.737,-0.875,2,P31,A_belahan
TE,Agem Kanan,4,Naik,P3,1.444,-1.711,-2.07,2,P31,A_belahan
TE,Agem Kanan,4,Naik,T3,4.475,8.719,6.272,2,P31,A_belahan
TE,Agem Kanan,4,Naik,T5,-5.426,-4.832,-0.547,2,P31,A_belahan
TE,Agem Kanan,4,Tahan,C3,5.088,3.154,4.944,7,P31,A_belahan
TE,Agem Kanan,4,Tahan,F3,5.678,3.797,4.081,8,P31,A_belahan
TE,Agem Kanan,4,Tahan,F7,0.419,2.847,2.074,1,P31,A_belahan
TE,Agem Kanan,4,Tahan,F8,9.028,5.124,4.607,1,P31,A_belahan
TE,Agem Kanan,4,Tahan,Fp1,-3.41,-1.93,-1.706,2,P31,A_belahan
TE,Agem Kanan,4,Tahan,Fp2,6.095,16.604,13.897,3,P31,A_belahan
TE,Agem Kanan,4,Tahan,O1,-2.521,0.184,-0.52,5,P31,A_belahan
TE,Agem Kanan,4,Tahan,P3,6.024,6.065,4.448,8,P31,A_belahan
TE,Agem Kanan,4,Tahan,T3,4.172,2.738,2.833,8,P31,A_belahan
TE,Agem Kanan,4,Tahan,T5,0.798,0.116,-0.225,8,P31,A_belahan
TE,Agem Kiri,1,Berdiri,C3,6.217,-0.434,1.265,1,P31,A_belahan
TE,Agem Kiri,1,Berdiri,F7,6.822,5.99,4.006,1,P31,A_belahan
TE,Agem Kiri,1,Berdiri,Fp1,7.309,2.265,1.938,1,P31,A_belahan
TE,Agem Kiri,1,Berdiri,O1,6.794,0.203,1.268,1,P31,A_belahan
TE,Agem Kiri,1,Berdiri,T3,4.586,-0.685,-0.308,1,P31,A_belahan
TE,Agem Kiri,1,Gerak,C3,5.373,3.953,5.098,3,P31,A_belahan
TE,Agem Kiri,1,Gerak,C4,10.043,1.483,1.778,1,P31,A_belahan
TE,Agem Kiri,1,Gerak,F3,5.367,4.822,4.213,3,P31,A_belahan
TE,Agem Kiri,1,Gerak,F4,5.554,2.746,2.217,1,P31,A_belahan
TE,Agem Kiri,1,Gerak,F7,7.865,7.65,5.691,3,P31,A_belahan
TE,Agem Kiri,1,Gerak,Fp1,3.869,3.759,2.985,3,P31,A_belahan
TE,Agem Kiri,1,Gerak,Fp2,13.415,12.305,11.952,3,P31,A_belahan
TE,Agem Kiri,1,Gerak,O2,4.469,4.053,6.245,1,P31,A_belahan
TE,Agem Kiri,1,Gerak,P3,5.975,5.729,3.893,3,P31,A_belahan
TE,Agem Kiri,1,Gerak,T3,1.97,1.021,-0.16,2,P31,A_belahan
TE,Agem Kiri,1,Gerak,T5,6.475,4.68,1.613,2,P31,A_belahan
TE,Agem Kiri,1,Naik,C3,-2.975,-0.795,-4.83,2,P31,A_belahan
TE,Agem Kiri,1,Naik,F3,2.64,0.485,1.1,2,P31,A_belahan
TE,Agem Kiri,1,Naik,F4,8.309,0.194,6.174,2,P31,A_belahan
TE,Agem Kiri,1,Naik,F7,3.637,4.942,3.855,2,P31,A_belahan
TE,Agem Kiri,1,Naik,Fp1,0.981,1.272,1.56,2,P31,A_belahan
TE,Agem Kiri,1,Naik,Fp2,13.704,13.017,8.643,1,P31,A_belahan
TE,Agem Kiri,1,Naik,P3,5.001,1.28,-0.475,2,P31,A_belahan
TE,Agem Kiri,1,Naik,P4,11.374,10.526,13.582,1,P31,A_belahan
TE,Agem Kiri,1,Naik,T3,6.739,5.081,2.374,2,P31,A_belahan
TE,Agem Kiri,1,Naik,T5,5.481,2.024,2.206,2,P31,A_belahan
TE,Agem Kiri,1,Tahan,C3,-0.499,-2.434,-0.606,19,P31,A_belahan
TE,Agem Kiri,1,Tahan,C4,-2.0,-4.876,-2.643,19,P31,A_belahan
TE,Agem Kiri,1,Tahan,F3,-1.223,-5.81,-1.989,19,P31,A_belahan
TE,Agem Kiri,1,Tahan,F4,1.829,-0.523,-1.487,19,P31,A_belahan
TE,Agem Kiri,1,Tahan,F7,2.13,0.474,1.636,19,P31,A_belahan
TE,Agem Kiri,1,Tahan,F8,0.673,-1.185,-1.594,19,P31,A_belahan
TE,Agem Kiri,1,Tahan,Fp1,-3.521,-6.856,-3.076,19,P31,A_belahan
TE,Agem Kiri,1,Tahan,Fp2,5.084,5.78,0.895,19,P31,A_belahan
TE,Agem Kiri,1,Tahan,O1,-0.142,-1.988,-0.138,19,P31,A_belahan
TE,Agem Kiri,1,Tahan,O2,4.56,-0.128,-1.084,11,P31,A_belahan
TE,Agem Kiri,1,Tahan,P3,0.691,-2.678,-1.424,19,P31,A_belahan
TE,Agem Kiri,1,Tahan,P4,5.306,6.123,3.993,9,P31,A_belahan
TE,Agem Kiri,1,Tahan,T3,-1.588,-3.759,-4.044,19,P31,A_belahan
TE,Agem Kiri,1,Tahan,T4,11.923,15.832,9.032,11,P31,A_belahan
TE,Agem Kiri,1,Tahan,T5,2.058,-1.304,0.132,17,P31,A_belahan
TE,Agem Kiri,1,Tahan,T6,12.584,13.238,5.123,12,P31,A_belahan
TE,Agem Kiri,2,Berdiri,C3,0.624,-1.068,-1.057,16,P31,A_belahan
TE,Agem Kiri,2,Berdiri,C4,-0.873,-4.995,-2.646,16,P31,A_belahan
TE,Agem Kiri,2,Berdiri,F3,1.2,-0.714,-0.779,16,P31,A_belahan
TE,Agem Kiri,2,Berdiri,F4,-0.384,-3.268,-1.354,16,P31,A_belahan
TE,Agem Kiri,2,Berdiri,F7,2.337,0.712,-1.76,16,P31,A_belahan
TE,Agem Kiri,2,Berdiri,F8,-0.653,-3.292,-0.667,12,P31,A_belahan
TE,Agem Kiri,2,Berdiri,Fp1,-0.236,-5.52,-4.017,16,P31,A_belahan
TE,Agem Kiri,2,Berdiri,Fp2,4.389,2.554,0.372,16,P31,A_belahan
TE,Agem Kiri,2,Berdiri,O1,-0.102,-1.22,-0.049,16,P31,A_belahan
TE,Agem Kiri,2,Berdiri,O2,2.568,-1.519,-1.575,16,P31,A_belahan
TE,Agem Kiri,2,Berdiri,P3,-0.74,-1.419,-1.327,16,P31,A_belahan
TE,Agem Kiri,2,Berdiri,P4,6.327,4.106,1.322,16,P31,A_belahan
TE,Agem Kiri,2,Berdiri,T3,0.883,-1.605,-1.246,16,P31,A_belahan
TE,Agem Kiri,2,Berdiri,T4,9.347,4.653,5.859,12,P31,A_belahan
TE,Agem Kiri,2,Berdiri,T5,2.152,-1.696,-1.279,16,P31,A_belahan
TE,Agem Kiri,2,Berdiri,T6,9.96,4.028,7.8,12,P31,A_belahan
TE,Agem Kiri,2,Gerak,C3,5.96,-3.398,0.538,2,P31,A_belahan
TE,Agem Kiri,2,Gerak,C4,6.058,2.052,7.755,1,P31,A_belahan
TE,Agem Kiri,2,Gerak,F7,11.015,5.41,4.782,2,P31,A_belahan
TE,Agem Kiri,2,Gerak,Fp1,3.638,1.269,0.905,2,P31,A_belahan
TE,Agem Kiri,2,Gerak,O1,-3.56,-1.901,-0.983,2,P31,A_belahan
TE,Agem Kiri,2,Gerak,T3,12.043,3.152,2.235,2,P31,A_belahan
TE,Agem Kiri,2,Gerak,T5,4.873,1.494,1.071,2,P31,A_belahan
TE,Agem Kiri,2,Naik,C4,7.216,2.027,3.193,1,P31,A_belahan
TE,Agem Kiri,2,Naik,F7,9.093,6.042,4.376,1,P31,A_belahan
TE,Agem Kiri,2,Naik,Fp2,6.874,14.814,8.335,1,P31,A_belahan
TE,Agem Kiri,2,Naik,O1,4.455,3.092,0.111,1,P31,A_belahan
TE,Agem Kiri,2,Tahan,C3,3.04,1.731,-1.716,10,P31,A_belahan
TE,Agem Kiri,2,Tahan,C4,0.82,-2.889,-2.831,6,P31,A_belahan
TE,Agem Kiri,2,Tahan,F3,1.555,0.567,-0.959,8,P31,A_belahan
TE,Agem Kiri,2,Tahan,F4,0.186,-0.034,1.752,3,P31,A_belahan
TE,Agem Kiri,2,Tahan,F7,5.201,1.89,4.941,10,P31,A_belahan
TE,Agem Kiri,2,Tahan,F8,5.068,-2.391,-1.694,1,P31,A_belahan
TE,Agem Kiri,2,Tahan,Fp1,1.048,-1.551,0.332,10,P31,A_belahan
TE,Agem Kiri,2,Tahan,Fp2,8.336,8.768,8.291,10,P31,A_belahan
TE,Agem Kiri,2,Tahan,O1,0.826,1.826,2.068,3,P31,A_belahan
TE,Agem Kiri,2,Tahan,O2,8.006,3.385,3.019,10,P31,A_belahan
TE,Agem Kiri,2,Tahan,P3,1.929,0.93,-0.125,8,P31,A_belahan
TE,Agem Kiri,2,Tahan,P4,6.428,7.711,5.748,5,P31,A_belahan
TE,Agem Kiri,2,Tahan,T3,3.552,0.495,0.391,10,P31,A_belahan
TE,Agem Kiri,2,Tahan,T4,11.784,13.393,7.448,3,P31,A_belahan
TE,Agem Kiri,2,Tahan,T5,2.34,0.08,0.273,10,P31,A_belahan
TE,Agem Kiri,2,Tahan,T6,15.648,13.211,4.662,2,P31,A_belahan
TE,Agem Kiri,3,Berdiri,C3,0.252,-2.002,-1.014,9,P31,A_belahan
TE,Agem Kiri,3,Berdiri,C4,5.523,2.444,0.434,12,P31,A_belahan
TE,Agem Kiri,3,Berdiri,F3,3.447,1.889,2.726,11,P31,A_belahan
TE,Agem Kiri,3,Berdiri,F4,4.091,0.729,0.666,13,P31,A_belahan
TE,Agem Kiri,3,Berdiri,F7,2.21,0.596,-0.005,13,P31,A_belahan
TE,Agem Kiri,3,Berdiri,F8,3.961,0.275,-0.365,8,P31,A_belahan
TE,Agem Kiri,3,Berdiri,Fp1,-1.862,-2.989,-3.075,13,P31,A_belahan
TE,Agem Kiri,3,Berdiri,Fp2,8.797,6.123,4.81,13,P31,A_belahan
TE,Agem Kiri,3,Berdiri,O1,-1.915,-3.093,-3.409,13,P31,A_belahan
TE,Agem Kiri,3,Berdiri,O2,6.706,3.189,2.655,13,P31,A_belahan
TE,Agem Kiri,3,Berdiri,P3,2.046,0.871,0.86,10,P31,A_belahan
TE,Agem Kiri,3,Berdiri,P4,6.35,8.296,6.189,13,P31,A_belahan
TE,Agem Kiri,3,Berdiri,T3,1.372,-1.201,-2.46,6,P31,A_belahan
TE,Agem Kiri,3,Berdiri,T4,13.026,8.02,9.661,6,P31,A_belahan
TE,Agem Kiri,3,Berdiri,T5,-2.375,-4.489,-3.298,13,P31,A_belahan
TE,Agem Kiri,3,Berdiri,T6,9.605,7.488,9.809,10,P31,A_belahan
TE,Agem Kiri,3,Gerak,C3,9.534,6.572,0.776,3,P31,A_belahan
TE,Agem Kiri,3,Gerak,C4,1.968,5.503,1.816,1,P31,A_belahan
TE,Agem Kiri,3,Gerak,F3,-0.265,1.482,-0.277,3,P31,A_belahan
TE,Agem Kiri,3,Gerak,F4,7.319,7.166,4.029,3,P31,A_belahan
TE,Agem Kiri,3,Gerak,F8,2.52,2.452,0.871,1,P31,A_belahan
TE,Agem Kiri,3,Gerak,Fp2,14.904,13.703,8.885,1,P31,A_belahan
TE,Agem Kiri,3,Gerak,O1,0.785,0.642,-1.173,3,P31,A_belahan
TE,Agem Kiri,3,Gerak,P3,0.935,2.911,1.01,3,P31,A_belahan
TE,Agem Kiri,3,Gerak,T3,5.662,3.271,-0.414,3,P31,A_belahan
TE,Agem Kiri,3,Gerak,T4,10.534,15.493,12.811,1,P31,A_belahan
TE,Agem Kiri,3,Gerak,T5,1.291,0.973,-0.048,3,P31,A_belahan
TE,Agem Kiri,3,Gerak,T6,13.726,13.932,7.433,1,P31,A_belahan
TE,Agem Kiri,3,Naik,C3,-1.923,0.639,2.175,2,P31,A_belahan
TE,Agem Kiri,3,Naik,F3,-9.401,-2.585,-4.893,1,P31,A_belahan
TE,Agem Kiri,3,Naik,F4,5.072,-1.544,-4.194,1,P31,A_belahan
TE,Agem Kiri,3,Naik,P3,-4.81,-0.457,-0.856,2,P31,A_belahan
TE,Agem Kiri,3,Naik,P4,9.874,7.183,4.06,1,P31,A_belahan
TE,Agem Kiri,3,Naik,T3,-6.79,-10.835,-6.902,2,P31,A_belahan
TE,Agem Kiri,3,Tahan,C3,0.486,0.354,0.109,2,P31,A_belahan
TE,Agem Kiri,3,Tahan,C4,2.13,-0.776,-1.92,4,P31,A_belahan
TE,Agem Kiri,3,Tahan,F4,11.201,8.576,12.471,1,P31,A_belahan
TE,Agem Kiri,3,Tahan,F8,-3.368,-7.263,-5.455,2,P31,A_belahan
TE,Agem Kiri,3,Tahan,Fp2,-1.517,2.67,3.425,2,P31,A_belahan
TE,Agem Kiri,3,Tahan,P3,-1.773,-1.47,-3.737,2,P31,A_belahan
TE,Agem Kiri,3,Tahan,P4,2.405,8.807,4.53,2,P31,A_belahan
TE,Agem Kiri,3,Tahan,T3,-8.756,-6.38,-5.85,1,P31,A_belahan
TE,Agem Kiri,3,Tahan,T4,2.624,4.809,8.236,2,P31,A_belahan
TE,Agem Kiri,3,Tahan,T6,8.323,8.908,6.482,2,P31,A_belahan
TE,Agem Kiri,4,Berdiri,C3,11.836,2.424,2.176,13,P31,A_belahan
TE,Agem Kiri,4,Berdiri,C4,4.764,-1.631,-1.955,4,P31,A_belahan
TE,Agem Kiri,4,Berdiri,F3,8.342,2.777,0.211,10,P31,A_belahan
TE,Agem Kiri,4,Berdiri,F4,1.136,-0.629,0.68,5,P31,A_belahan
TE,Agem Kiri,4,Berdiri,F7,2.968,-0.572,-0.243,13,P31,A_belahan
TE,Agem Kiri,4,Berdiri,F8,1.321,-4.383,-1.317,4,P31,A_belahan
TE,Agem Kiri,4,Berdiri,Fp1,1.972,-3.173,-3.234,14,P31,A_belahan
TE,Agem Kiri,4,Berdiri,Fp2,12.97,12.196,9.429,10,P31,A_belahan
TE,Agem Kiri,4,Berdiri,O1,-0.839,-6.888,-4.992,13,P31,A_belahan
TE,Agem Kiri,4,Berdiri,O2,-0.671,4.825,-0.078,2,P31,A_belahan
TE,Agem Kiri,4,Berdiri,P4,4.163,6.605,2.881,2,P31,A_belahan
TE,Agem Kiri,4,Berdiri,T3,7.255,1.491,4.156,10,P31,A_belahan
TE,Agem Kiri,4,Berdiri,T4,18.228,16.466,12.405,1,P31,A_belahan
TE,Agem Kiri,4,Berdiri,T5,5.074,0.476,-1.607,15,P31,A_belahan
TE,Agem Kiri,4,Berdiri,T6,9.006,8.03,5.986,2,P31,A_belahan
TE,Agem Kiri,4,Gerak,C3,3.502,-1.339,-2.1,2,P31,A_belahan
TE,Agem Kiri,4,Gerak,C4,-3.374,-1.596,-1.609,1,P31,A_belahan
TE,Agem Kiri,4,Gerak,F4,0.745,1.773,0.759,1,P31,A_belahan
TE,Agem Kiri,4,Gerak,F7,-3.14,-2.802,-0.484,2,P31,A_belahan
TE,Agem Kiri,4,Gerak,F8,-2.139,-0.459,-6.197,1,P31,A_belahan
TE,Agem Kiri,4,Gerak,Fp1,-7.658,-6.944,-2.202,2,P31,A_belahan
TE,Agem Kiri,4,Gerak,Fp2,1.126,6.383,4.6,1,P31,A_belahan
TE,Agem Kiri,4,Gerak,O1,-7.897,-7.11,-3.976,2,P31,A_belahan
TE,Agem Kiri,4,Gerak,O2,3.833,6.24,2.232,1,P31,A_belahan
TE,Agem Kiri,4,Gerak,P4,2.481,6.009,2.578,1,P31,A_belahan
TE,Agem Kiri,4,Gerak,T5,-8.212,-7.689,-6.851,2,P31,A_belahan
TE,Agem Kiri,4,Naik,C3,4.811,1.686,5.993,2,P31,A_belahan
TE,Agem Kiri,4,Naik,C4,5.939,6.853,0.342,1,P31,A_belahan
TE,Agem Kiri,4,Naik,F3,-0.888,-2.709,-0.959,2,P31,A_belahan
TE,Agem Kiri,4,Naik,F4,5.027,-0.552,2.197,2,P31,A_belahan
TE,Agem Kiri,4,Naik,F8,3.977,-0.262,1.378,2,P31,A_belahan
TE,Agem Kiri,4,Naik,P3,0.559,-1.729,1.001,2,P31,A_belahan
TE,Agem Kiri,4,Naik,T3,5.073,-7.189,-5.84,2,P31,A_belahan
TE,Agem Kiri,4,Naik,T4,8.775,8.734,6.973,2,P31,A_belahan
TE,Agem Kiri,4,Tahan,C3,4.805,2.181,5.169,7,P31,A_belahan
TE,Agem Kiri,4,Tahan,C4,-0.24,-3.52,-3.144,5,P31,A_belahan
TE,Agem Kiri,4,Tahan,F3,-0.628,-5.655,-1.756,7,P31,A_belahan
TE,Agem Kiri,4,Tahan,F4,3.304,-2.504,2.099,1,P31,A_belahan
TE,Agem Kiri,4,Tahan,P3,-0.787,-1.233,-0.667,7,P31,A_belahan
TE,Agem Kiri,4,Tahan,T3,-1.762,-6.834,-3.881,7,P31,A_belahan
TE,Agem Kiri,4,Tahan,T4,8.196,10.253,10.559,1,P31,A_belahan
TE,Agem Kiri,4,Tahan,T6,6.883,3.776,5.755,5,P31,A_belahan
TE,Ngeed,3,Berdiri,C3,8.262,7.798,4.159,16,P31,A_belahan
TE,Ngeed,3,Berdiri,C4,4.367,-0.691,-0.523,12,P31,A_belahan
TE,Ngeed,3,Berdiri,F3,-4.016,-3.434,-2.181,15,P31,A_belahan
TE,Ngeed,3,Berdiri,F4,4.585,0.947,0.58,16,P31,A_belahan
TE,Ngeed,3,Berdiri,F7,0.433,-0.945,0.233,16,P31,A_belahan
TE,Ngeed,3,Berdiri,F8,1.58,-3.05,0.218,6,P31,A_belahan
TE,Ngeed,3,Berdiri,Fp1,-2.86,-2.736,-1.869,16,P31,A_belahan
TE,Ngeed,3,Berdiri,Fp2,12.032,6.859,3.817,16,P31,A_belahan
TE,Ngeed,3,Berdiri,O1,-3.45,-3.415,-3.924,16,P31,A_belahan
TE,Ngeed,3,Berdiri,O2,7.243,1.019,2.097,7,P31,A_belahan
TE,Ngeed,3,Berdiri,P3,0.583,-2.265,-4.282,12,P31,A_belahan
TE,Ngeed,3,Berdiri,P4,8.648,5.453,3.651,9,P31,A_belahan
TE,Ngeed,3,Berdiri,T3,4.211,-1.8,-2.616,16,P31,A_belahan
TE,Ngeed,3,Berdiri,T4,12.467,4.56,10.064,1,P31,A_belahan
TE,Ngeed,3,Berdiri,T5,-1.977,-4.839,-2.674,16,P31,A_belahan
TE,Ngeed,3,Berdiri,T6,13.748,8.008,7.937,9,P31,A_belahan
TE,Ngeed,3,Gerak,C3,11.768,3.131,2.036,2,P31,A_belahan
TE,Ngeed,3,Gerak,C4,3.168,-0.889,-0.03,2,P31,A_belahan
TE,Ngeed,3,Gerak,F4,5.671,-5.564,-3.409,2,P31,A_belahan
TE,Ngeed,3,Gerak,F7,2.047,-4.293,-1.925,2,P31,A_belahan
TE,Ngeed,3,Gerak,Fp1,-0.317,-6.267,-1.637,2,P31,A_belahan
TE,Ngeed,3,Gerak,Fp2,8.537,0.143,1.618,2,P31,A_belahan
TE,Ngeed,3,Gerak,O1,0.606,-6.889,-3.21,2,P31,A_belahan
TE,Ngeed,3,Gerak,O2,7.909,2.65,0.539,2,P31,A_belahan
TE,Ngeed,3,Gerak,P4,6.25,4.971,2.212,2,P31,A_belahan
TE,Ngeed,3,Gerak,T3,-5.061,-3.098,-7.429,2,P31,A_belahan
TE,Ngeed,3,Gerak,T4,17.139,5.086,4.026,2,P31,A_belahan
TE,Ngeed,3,Gerak,T5,-0.799,-7.111,-4.469,2,P31,A_belahan
TE,Ngeed,3,Gerak,T6,7.382,2.312,1.751,2,P31,A_belahan
TE,Ngeed,3,Naik,C4,3.122,-0.085,4.645,1,P31,A_belahan
TE,Ngeed,3,Naik,F3,-0.428,-0.119,1.248,2,P31,A_belahan
TE,Ngeed,3,Naik,F7,4.968,3.116,4.025,2,P31,A_belahan
TE,Ngeed,3,Naik,Fp1,3.657,-2.348,-1.657,2,P31,A_belahan
TE,Ngeed,3,Naik,O1,-2.46,0.773,0.196,2,P31,A_belahan
TE,Ngeed,3,Naik,P3,-3.247,3.896,1.448,2,P31,A_belahan
TE,Ngeed,3,Naik,T3,5.592,2.492,5.493,2,P31,A_belahan
TE,Ngeed,3,Naik,T5,-0.474,3.349,2.404,2,P31,A_belahan
TE,Ngeed,3,Tahan,C3,4.523,0.186,-1.849,4,P31,A_belahan
TE,Ngeed,3,Tahan,C4,9.251,2.35,3.879,2,P31,A_belahan
TE,Ngeed,3,Tahan,F3,-2.818,-3.912,-1.853,4,P31,A_belahan
TE,Ngeed,3,Tahan,F4,5.431,4.816,3.517,3,P31,A_belahan
TE,Ngeed,3,Tahan,F7,2.397,-0.969,0.727,4,P31,A_belahan
TE,Ngeed,3,Tahan,F8,2.12,-0.904,1.722,1,P31,A_belahan
TE,Ngeed,3,Tahan,Fp1,-5.159,-7.891,-1.053,4,P31,A_belahan
TE,Ngeed,3,Tahan,Fp2,6.455,3.032,3.192,2,P31,A_belahan
TE,Ngeed,3,Tahan,O1,-3.037,-0.338,-1.157,4,P31,A_belahan
TE,Ngeed,3,Tahan,O2,6.49,1.521,1.147,2,P31,A_belahan
TE,Ngeed,3,Tahan,T3,8.672,7.447,4.632,4,P31,A_belahan
TE,Ngeed,3,Tahan,T4,12.255,13.666,6.898,1,P31,A_belahan
TE,Ngeed,3,Tahan,T5,-3.758,-1.537,-1.158,4,P31,A_belahan
TE,Ngeed,3,Tahan,T6,11.944,3.188,4.193,1,P31,A_belahan
TE,Ngeed,4,Berdiri,C3,0.338,-0.209,0.705,4,P31,A_belahan
TE,Ngeed,4,Berdiri,C4,0.85,-0.691,-3.097,11,P31,A_belahan
TE,Ngeed,4,Berdiri,F3,-2.966,-4.963,-5.136,3,P31,A_belahan
TE,Ngeed,4,Berdiri,F8,-5.285,-6.567,-9.806,1,P31,A_belahan
TE,Ngeed,4,Berdiri,P3,-6.11,-4.522,-3.74,4,P31,A_belahan
TE,Ngeed,4,Berdiri,T3,-6.32,-8.033,-6.861,4,P31,A_belahan
TE,Ngeed,4,Berdiri,T4,9.719,7.204,8.264,12,P31,A_belahan
TE,Ngeed,4,Berdiri,T6,10.317,6.05,6.078,14,P31,A_belahan
TE,Ngeed,4,Gerak,C3,11.44,7.234,5.095,2,P31,A_belahan
TE,Ngeed,4,Gerak,C4,5.745,0.316,-1.275,2,P31,A_belahan
TE,Ngeed,4,Gerak,F4,2.574,0.345,0.959,2,P31,A_belahan
TE,Ngeed,4,Gerak,F7,-0.472,1.276,-0.957,2,P31,A_belahan
TE,Ngeed,4,Gerak,F8,3.012,1.698,-3.803,2,P31,A_belahan
TE,Ngeed,4,Gerak,Fp1,-2.77,-1.016,-0.716,2,P31,A_belahan
TE,Ngeed,4,Gerak,Fp2,8.732,9.421,4.031,2,P31,A_belahan
TE,Ngeed,4,Gerak,O1,-0.816,-3.571,-2.51,2,P31,A_belahan
TE,Ngeed,4,Gerak,O2,3.854,6.838,3.404,2,P31,A_belahan
TE,Ngeed,4,Gerak,P4,10.636,5.54,7.48,2,P31,A_belahan
TE,Ngeed,4,Gerak,T3,-4.531,-1.859,-4.997,1,P31,A_belahan
TE,Ngeed,4,Gerak,T5,-1.893,-3.721,-2.355,2,P31,A_belahan
TE,Ngeed,4,Naik,C3,2.768,-2.7,0.813,2,P31,A_belahan
TE,Ngeed,4,Naik,C4,6.75,1.649,5.678,2,P31,A_belahan
TE,Ngeed,4,Naik,F4,11.055,1.194,1.565,2,P31,A_belahan
TE,Ngeed,4,Naik,F7,-1.223,-8.388,-6.057,2,P31,A_belahan
TE,Ngeed,4,Naik,Fp1,-4.262,-7.558,-6.976,2,P31,A_belahan
TE,Ngeed,4,Naik,Fp2,14.345,9.134,7.502,2,P31,A_belahan
TE,Ngeed,4,Naik,O2,3.178,5.457,8.137,2,P31,A_belahan
TE,Ngeed,4,Tahan,C3,-1.703,-2.5,-1.79,5,P31,A_belahan
TE,Ngeed,4,Tahan,C4,2.03,0.494,1.118,1,P31,A_belahan
TE,Ngeed,4,Tahan,F4,3.023,4.531,2.547,1,P31,A_belahan
TE,Ngeed,4,Tahan,F7,1.014,0.802,0.346,5,P31,A_belahan
TE,Ngeed,4,Tahan,Fp1,-2.563,-1.786,-3.207,5,P31,A_belahan
TE,Ngeed,4,Tahan,Fp2,10.588,9.393,8.306,2,P31,A_belahan
TE,Ngeed,4,Tahan,O1,-6.09,-3.347,-4.568,5,P31,A_belahan
TE,Ngeed,4,Tahan,O2,8.06,3.567,4.4,2,P31,A_belahan
TE,Ngeed,4,Tahan,T3,1.662,-3.086,-2.986,2,P31,A_belahan
TE,Ngeed,4,Tahan,T5,-9.036,-9.639,-7.371,2,P31,A_belahan
TE,Agem Kanan,1,Berdiri,C3,5.5,4.326,3.325,5,P31,B_rata16
TE,Agem Kanan,1,Berdiri,C4,3.632,2.269,4.063,2,P31,B_rata16
TE,Agem Kanan,1,Berdiri,F3,9.193,6.4,3.814,6,P31,B_rata16
TE,Agem Kanan,1,Berdiri,F4,8.232,4.957,5.319,5,P31,B_rata16
TE,Agem Kanan,1,Berdiri,F7,5.264,7.742,7.724,3,P31,B_rata16
TE,Agem Kanan,1,Berdiri,Fp1,6.524,-0.339,3.129,1,P31,B_rata16
TE,Agem Kanan,1,Berdiri,Fp2,7.298,9.888,8.0,3,P31,B_rata16
TE,Agem Kanan,1,Berdiri,O2,8.973,4.493,7.979,1,P31,B_rata16
TE,Agem Kanan,1,Berdiri,P3,5.312,0.236,3.784,2,P31,B_rata16
TE,Agem Kanan,1,Berdiri,P4,10.126,4.821,12.901,1,P31,B_rata16
TE,Agem Kanan,1,Berdiri,T3,7.329,2.076,2.662,3,P31,B_rata16
TE,Agem Kanan,1,Berdiri,T5,-0.092,-0.793,4.647,1,P31,B_rata16
TE,Agem Kanan,1,Berdiri,T6,8.503,8.454,10.541,2,P31,B_rata16
TE,Agem Kanan,1,Gerak,C3,5.04,-3.004,-1.331,1,P31,B_rata16
TE,Agem Kanan,1,Gerak,F3,5.283,-4.339,-4.339,1,P31,B_rata16
TE,Agem Kanan,1,Gerak,F4,-1.34,-11.636,-3.891,1,P31,B_rata16
TE,Agem Kanan,1,Gerak,F7,5.401,3.979,3.14,1,P31,B_rata16
TE,Agem Kanan,1,Gerak,Fp1,4.408,0.363,1.899,1,P31,B_rata16
TE,Agem Kanan,1,Gerak,Fp2,1.997,2.405,4.038,1,P31,B_rata16
TE,Agem Kanan,1,Gerak,O1,3.724,-4.556,-3.403,1,P31,B_rata16
TE,Agem Kanan,1,Gerak,O2,2.793,-4.142,-3.623,1,P31,B_rata16
TE,Agem Kanan,1,Gerak,P3,4.68,-3.203,-7.057,1,P31,B_rata16
TE,Agem Kanan,1,Gerak,P4,14.847,6.702,5.723,1,P31,B_rata16
TE,Agem Kanan,1,Gerak,T3,5.009,-5.606,-2.58,1,P31,B_rata16
TE,Agem Kanan,1,Naik,O2,-5.001,1.366,-1.558,1,P31,B_rata16
TE,Agem Kanan,1,Tahan,C3,7.396,2.464,1.642,7,P31,B_rata16
TE,Agem Kanan,1,Tahan,C4,9.249,4.397,1.714,2,P31,B_rata16
TE,Agem Kanan,1,Tahan,F3,5.8,1.515,1.049,6,P31,B_rata16
TE,Agem Kanan,1,Tahan,F4,8.425,4.662,1.468,3,P31,B_rata16
TE,Agem Kanan,1,Tahan,F7,8.118,2.916,3.818,7,P31,B_rata16
TE,Agem Kanan,1,Tahan,Fp1,4.497,-0.857,0.439,7,P31,B_rata16
TE,Agem Kanan,1,Tahan,Fp2,3.675,4.813,1.957,3,P31,B_rata16
TE,Agem Kanan,1,Tahan,O1,3.481,-0.01,-1.408,7,P31,B_rata16
TE,Agem Kanan,1,Tahan,O2,-1.499,-5.062,-1.226,3,P31,B_rata16
TE,Agem Kanan,1,Tahan,P3,3.669,1.971,-0.006,7,P31,B_rata16
TE,Agem Kanan,1,Tahan,P4,13.239,10.999,8.059,4,P31,B_rata16
TE,Agem Kanan,1,Tahan,T3,5.078,0.598,-0.062,7,P31,B_rata16
TE,Agem Kanan,2,Berdiri,C3,4.475,2.037,0.825,12,P31,B_rata16
TE,Agem Kanan,2,Berdiri,C4,3.095,2.272,1.573,9,P31,B_rata16
TE,Agem Kanan,2,Berdiri,F3,2.94,1.248,-2.018,11,P31,B_rata16
TE,Agem Kanan,2,Berdiri,F4,0.564,-1.768,-1.708,11,P31,B_rata16
TE,Agem Kanan,2,Berdiri,F7,4.84,3.294,2.408,11,P31,B_rata16
TE,Agem Kanan,2,Berdiri,F8,2.173,0.189,-2.567,6,P31,B_rata16
TE,Agem Kanan,2,Berdiri,Fp1,1.952,-0.958,-1.747,11,P31,B_rata16
TE,Agem Kanan,2,Berdiri,Fp2,3.983,5.281,3.839,11,P31,B_rata16
TE,Agem Kanan,2,Berdiri,O1,2.924,-1.156,-1.475,11,P31,B_rata16
TE,Agem Kanan,2,Berdiri,O2,2.66,-0.509,0.79,13,P31,B_rata16
TE,Agem Kanan,2,Berdiri,P3,2.483,1.623,-2.091,11,P31,B_rata16
TE,Agem Kanan,2,Berdiri,P4,5.006,7.973,4.988,9,P31,B_rata16
TE,Agem Kanan,2,Berdiri,T3,5.808,0.262,-0.641,13,P31,B_rata16
TE,Agem Kanan,2,Berdiri,T4,13.968,11.158,8.485,1,P31,B_rata16
TE,Agem Kanan,2,Berdiri,T5,5.478,-1.344,-0.755,7,P31,B_rata16
TE,Agem Kanan,2,Berdiri,T6,10.473,13.058,9.737,6,P31,B_rata16
TE,Agem Kanan,2,Gerak,F4,2.39,-2.89,-1.125,1,P31,B_rata16
TE,Agem Kanan,2,Tahan,O2,9.153,6.192,5.652,5,P31,B_rata16
TE,Agem Kanan,2,Tahan,P4,12.583,11.177,10.245,5,P31,B_rata16
TE,Agem Kanan,3,Berdiri,C3,4.868,3.478,0.951,14,P31,B_rata16
TE,Agem Kanan,3,Berdiri,C4,0.532,-3.003,-1.128,14,P31,B_rata16
TE,Agem Kanan,3,Berdiri,F3,1.254,-3.395,0.059,15,P31,B_rata16
TE,Agem Kanan,3,Berdiri,F4,-1.404,-3.617,-2.34,15,P31,B_rata16
TE,Agem Kanan,3,Berdiri,F7,-0.103,1.282,0.35,10,P31,B_rata16
TE,Agem Kanan,3,Berdiri,F8,-1.224,-5.767,-2.181,15,P31,B_rata16
TE,Agem Kanan,3,Berdiri,Fp1,-1.651,-2.205,-2.876,12,P31,B_rata16
TE,Agem Kanan,3,Berdiri,Fp2,0.838,0.783,-1.301,12,P31,B_rata16
TE,Agem Kanan,3,Berdiri,O1,-3.867,-5.882,-4.751,15,P31,B_rata16
TE,Agem Kanan,3,Berdiri,O2,-3.084,-4.987,-3.304,12,P31,B_rata16
TE,Agem Kanan,3,Berdiri,P3,1.202,-1.448,1.481,14,P31,B_rata16
TE,Agem Kanan,3,Berdiri,P4,-2.841,-1.104,-0.095,8,P31,B_rata16
TE,Agem Kanan,3,Berdiri,T3,2.121,-3.013,-1.576,15,P31,B_rata16
TE,Agem Kanan,3,Berdiri,T4,6.589,3.378,3.158,13,P31,B_rata16
TE,Agem Kanan,3,Berdiri,T5,-3.315,-4.556,-3.159,15,P31,B_rata16
TE,Agem Kanan,3,Gerak,C3,7.235,10.812,3.062,2,P31,B_rata16
TE,Agem Kanan,3,Gerak,F3,2.422,7.074,2.714,2,P31,B_rata16
TE,Agem Kanan,3,Gerak,F4,-0.39,0.411,-4.014,1,P31,B_rata16
TE,Agem Kanan,3,Gerak,F7,3.134,10.988,2.726,1,P31,B_rata16
TE,Agem Kanan,3,Gerak,Fp1,-2.356,6.338,-2.048,1,P31,B_rata16
TE,Agem Kanan,3,Gerak,Fp2,2.714,1.517,0.104,1,P31,B_rata16
TE,Agem Kanan,3,Gerak,O1,-0.285,1.815,-3.471,2,P31,B_rata16
TE,Agem Kanan,3,Gerak,O2,1.115,-0.38,-0.681,1,P31,B_rata16
TE,Agem Kanan,3,Gerak,P3,3.608,8.171,1.451,2,P31,B_rata16
TE,Agem Kanan,3,Gerak,T3,0.552,7.919,1.351,2,P31,B_rata16
TE,Agem Kanan,3,Gerak,T5,1.444,3.977,-2.241,2,P31,B_rata16
TE,Agem Kanan,3,Naik,C3,-1.451,-0.074,0.983,2,P31,B_rata16
TE,Agem Kanan,3,Naik,C4,0.867,-3.957,-3.364,2,P31,B_rata16
TE,Agem Kanan,3,Naik,F7,1.677,0.381,1.321,2,P31,B_rata16
TE,Agem Kanan,3,Naik,Fp1,-1.913,-6.197,-4.012,2,P31,B_rata16
TE,Agem Kanan,3,Naik,O2,0.27,0.107,-1.832,2,P31,B_rata16
TE,Agem Kanan,3,Naik,P4,4.717,3.228,-0.487,2,P31,B_rata16
TE,Agem Kanan,3,Naik,T4,7.011,3.667,4.324,2,P31,B_rata16
TE,Agem Kanan,3,Naik,T6,7.569,5.114,5.708,2,P31,B_rata16
TE,Agem Kanan,3,Tahan,C3,-5.398,-7.996,-6.5,3,P31,B_rata16
TE,Agem Kanan,3,Tahan,F7,0.596,0.459,0.635,3,P31,B_rata16
TE,Agem Kanan,3,Tahan,F8,-1.004,-4.413,-3.104,3,P31,B_rata16
TE,Agem Kanan,3,Tahan,Fp1,-1.869,-3.334,-3.624,3,P31,B_rata16
TE,Agem Kanan,3,Tahan,Fp2,2.283,1.129,-0.36,3,P31,B_rata16
TE,Agem Kanan,3,Tahan,O1,-5.136,-3.009,-4.834,1,P31,B_rata16
TE,Agem Kanan,3,Tahan,O2,-5.313,-5.945,-4.161,3,P31,B_rata16
TE,Agem Kanan,3,Tahan,P4,7.32,0.729,-2.631,3,P31,B_rata16
TE,Agem Kanan,3,Tahan,T3,1.954,-2.512,0.438,1,P31,B_rata16
TE,Agem Kanan,3,Tahan,T4,8.03,2.162,1.075,3,P31,B_rata16
TE,Agem Kanan,3,Tahan,T6,9.205,-0.119,1.369,2,P31,B_rata16
TE,Agem Kanan,4,Berdiri,C3,4.178,2.365,2.63,9,P31,B_rata16
TE,Agem Kanan,4,Berdiri,C4,9.571,5.945,5.193,1,P31,B_rata16
TE,Agem Kanan,4,Berdiri,F3,-1.151,-6.604,-4.458,5,P31,B_rata16
TE,Agem Kanan,4,Berdiri,F8,0.101,-3.951,-3.014,4,P31,B_rata16
TE,Agem Kanan,4,Berdiri,P3,0.413,-2.965,-1.94,7,P31,B_rata16
TE,Agem Kanan,4,Berdiri,P4,11.776,7.096,10.874,1,P31,B_rata16
TE,Agem Kanan,4,Berdiri,T3,-0.022,-3.639,-3.763,6,P31,B_rata16
TE,Agem Kanan,4,Berdiri,T4,8.847,7.55,5.944,6,P31,B_rata16
TE,Agem Kanan,4,Berdiri,T6,7.332,6.51,8.627,4,P31,B_rata16
TE,Agem Kanan,4,Gerak,C4,0.856,-0.228,-1.31,1,P31,B_rata16
TE,Agem Kanan,4,Gerak,Fp2,5.028,4.117,5.218,1,P31,B_rata16
TE,Agem Kanan,4,Gerak,O2,6.914,4.201,1.352,2,P31,B_rata16
TE,Agem Kanan,4,Naik,C4,8.006,1.57,6.902,1,P31,B_rata16
TE,Agem Kanan,4,Naik,F7,8.68,2.247,4.836,2,P31,B_rata16
TE,Agem Kanan,4,Naik,Fp1,3.201,-4.167,-0.219,1,P31,B_rata16
TE,Agem Kanan,4,Naik,O2,1.448,0.305,2.257,2,P31,B_rata16
TE,Agem Kanan,4,Naik,P4,9.46,12.882,9.005,2,P31,B_rata16
TE,Agem Kanan,4,Tahan,F7,12.0,8.722,7.903,1,P31,B_rata16
TE,Agem Kanan,4,Tahan,Fp1,7.079,3.453,1.827,2,P31,B_rata16
TE,Agem Kanan,4,Tahan,O2,4.548,4.926,4.677,3,P31,B_rata16
TE,Agem Kanan,4,Tahan,P4,12.661,10.308,9.472,3,P31,B_rata16
TE,Agem Kanan,4,Tahan,T5,3.85,-2.612,0.007,1,P31,B_rata16
TE,Agem Kiri,1,Naik,F4,4.336,4.439,-0.438,2,P31,B_rata16
TE,Agem Kiri,1,Naik,P3,7.074,0.164,-0.172,1,P31,B_rata16
TE,Agem Kiri,1,Tahan,C3,1.781,0.878,0.867,19,P31,B_rata16
TE,Agem Kiri,1,Tahan,C4,1.445,-3.088,-1.909,19,P31,B_rata16
TE,Agem Kiri,1,Tahan,F3,2.355,-0.934,-0.424,19,P31,B_rata16
TE,Agem Kiri,1,Tahan,F4,-0.543,-3.024,-1.954,19,P31,B_rata16
TE,Agem Kiri,1,Tahan,F7,3.5,2.258,2.47,19,P31,B_rata16
TE,Agem Kiri,1,Tahan,F8,1.699,-1.074,-0.47,14,P31,B_rata16
TE,Agem Kiri,1,Tahan,Fp1,0.515,-3.035,-2.042,19,P31,B_rata16
TE,Agem Kiri,1,Tahan,Fp2,5.009,4.522,2.142,19,P31,B_rata16
TE,Agem Kiri,1,Tahan,O1,-0.07,-3.284,-0.355,19,P31,B_rata16
TE,Agem Kiri,1,Tahan,O2,4.022,-0.394,-0.587,11,P31,B_rata16
TE,Agem Kiri,1,Tahan,P3,2.799,-0.385,-0.463,19,P31,B_rata16
TE,Agem Kiri,1,Tahan,P4,6.265,2.828,3.221,9,P31,B_rata16
TE,Agem Kiri,1,Tahan,T3,2.37,-0.549,-1.749,19,P31,B_rata16
TE,Agem Kiri,1,Tahan,T4,6.226,12.536,5.92,4,P31,B_rata16
TE,Agem Kiri,1,Tahan,T5,1.413,-1.379,0.303,17,P31,B_rata16
TE,Agem Kiri,1,Tahan,T6,9.889,13.937,6.704,8,P31,B_rata16
TE,Agem Kiri,2,Berdiri,C3,3.054,1.506,0.738,16,P31,B_rata16
TE,Agem Kiri,2,Berdiri,C4,2.246,-1.314,-1.212,16,P31,B_rata16
TE,Agem Kiri,2,Berdiri,F3,3.374,1.014,0.085,16,P31,B_rata16
TE,Agem Kiri,2,Berdiri,F4,2.178,-1.691,-1.391,16,P31,B_rata16
TE,Agem Kiri,2,Berdiri,F7,4.496,1.377,-0.115,16,P31,B_rata16
TE,Agem Kiri,2,Berdiri,F8,0.376,-2.251,-0.638,5,P31,B_rata16
TE,Agem Kiri,2,Berdiri,Fp1,1.008,-3.803,-2.983,16,P31,B_rata16
TE,Agem Kiri,2,Berdiri,Fp2,4.73,3.598,0.836,16,P31,B_rata16
TE,Agem Kiri,2,Berdiri,O1,1.026,-1.739,-0.182,16,P31,B_rata16
TE,Agem Kiri,2,Berdiri,O2,0.713,-2.28,-1.773,16,P31,B_rata16
TE,Agem Kiri,2,Berdiri,P3,2.476,0.534,-0.482,16,P31,B_rata16
TE,Agem Kiri,2,Berdiri,P4,5.743,5.073,4.342,16,P31,B_rata16
TE,Agem Kiri,2,Berdiri,T3,3.786,0.37,0.122,16,P31,B_rata16
TE,Agem Kiri,2,Berdiri,T4,6.296,2.423,2.106,8,P31,B_rata16
TE,Agem Kiri,2,Berdiri,T5,3.009,-1.258,-1.411,14,P31,B_rata16
TE,Agem Kiri,2,Berdiri,T6,11.206,5.61,8.695,11,P31,B_rata16
TE,Agem Kiri,2,Tahan,C3,3.154,2.049,0.118,6,P31,B_rata16
TE,Agem Kiri,2,Tahan,C4,4.429,-2.901,-1.855,6,P31,B_rata16
TE,Agem Kiri,2,Tahan,F3,4.783,3.87,0.827,8,P31,B_rata16
TE,Agem Kiri,2,Tahan,F4,3.819,-0.755,1.475,3,P31,B_rata16
TE,Agem Kiri,2,Tahan,F7,10.213,5.226,5.847,10,P31,B_rata16
TE,Agem Kiri,2,Tahan,Fp1,5.81,1.098,1.822,10,P31,B_rata16
TE,Agem Kiri,2,Tahan,Fp2,8.181,5.63,3.031,6,P31,B_rata16
TE,Agem Kiri,2,Tahan,O1,0.542,2.26,1.928,3,P31,B_rata16
TE,Agem Kiri,2,Tahan,O2,10.289,4.438,2.958,10,P31,B_rata16
TE,Agem Kiri,2,Tahan,P3,6.25,4.606,1.52,8,P31,B_rata16
TE,Agem Kiri,2,Tahan,P4,9.198,6.393,6.125,5,P31,B_rata16
TE,Agem Kiri,2,Tahan,T3,7.504,3.664,2.083,10,P31,B_rata16
TE,Agem Kiri,2,Tahan,T4,9.856,11.114,4.125,2,P31,B_rata16
TE,Agem Kiri,2,Tahan,T5,2.874,0.096,0.537,4,P31,B_rata16
TE,Agem Kiri,3,Berdiri,C3,2.51,-0.908,0.313,9,P31,B_rata16
TE,Agem Kiri,3,Berdiri,C4,6.351,3.147,1.319,7,P31,B_rata16
TE,Agem Kiri,3,Berdiri,F3,6.26,3.733,3.513,11,P31,B_rata16
TE,Agem Kiri,3,Berdiri,F4,1.557,0.441,-0.018,13,P31,B_rata16
TE,Agem Kiri,3,Berdiri,F7,7.524,3.135,2.531,13,P31,B_rata16
TE,Agem Kiri,3,Berdiri,F8,5.759,1.069,0.601,8,P31,B_rata16
TE,Agem Kiri,3,Berdiri,Fp1,3.004,-0.954,-1.546,13,P31,B_rata16
TE,Agem Kiri,3,Berdiri,Fp2,1.754,-0.721,-0.594,13,P31,B_rata16
TE,Agem Kiri,3,Berdiri,O1,0.518,-2.198,-2.963,13,P31,B_rata16
TE,Agem Kiri,3,Berdiri,O2,0.895,-2.123,-1.713,13,P31,B_rata16
TE,Agem Kiri,3,Berdiri,P3,5.51,2.681,2.072,10,P31,B_rata16
TE,Agem Kiri,3,Berdiri,P4,5.329,1.673,1.932,13,P31,B_rata16
TE,Agem Kiri,3,Berdiri,T3,4.67,-1.692,0.435,6,P31,B_rata16
TE,Agem Kiri,3,Berdiri,T4,3.149,3.616,-1.769,2,P31,B_rata16
TE,Agem Kiri,3,Berdiri,T5,0.595,-1.849,-2.032,13,P31,B_rata16
TE,Agem Kiri,3,Berdiri,T6,9.871,7.938,10.557,9,P31,B_rata16
TE,Agem Kiri,3,Gerak,C3,-0.345,8.904,3.123,1,P31,B_rata16
TE,Agem Kiri,3,Gerak,C4,-1.066,0.046,2.406,1,P31,B_rata16
TE,Agem Kiri,3,Gerak,F3,1.266,9.236,2.074,1,P31,B_rata16
TE,Agem Kiri,3,Gerak,F4,-1.403,-3.541,-2.103,1,P31,B_rata16
TE,Agem Kiri,3,Gerak,F8,-1.664,5.714,1.681,1,P31,B_rata16
TE,Agem Kiri,3,Gerak,Fp2,7.269,7.894,-0.042,1,P31,B_rata16
TE,Agem Kiri,3,Gerak,O1,2.006,1.799,-2.311,1,P31,B_rata16
TE,Agem Kiri,3,Gerak,O2,3.667,2.009,2.417,1,P31,B_rata16
TE,Agem Kiri,3,Gerak,P3,5.362,10.162,2.539,1,P31,B_rata16
TE,Agem Kiri,3,Gerak,T3,3.3,8.196,1.99,1,P31,B_rata16
TE,Agem Kiri,3,Gerak,T5,3.398,2.976,-1.057,1,P31,B_rata16
TE,Agem Kiri,3,Naik,F4,3.266,-3.432,-4.16,1,P31,B_rata16
TE,Agem Kiri,3,Naik,F8,-1.655,-9.821,-10.004,1,P31,B_rata16
TE,Agem Kiri,3,Naik,Fp2,5.097,2.117,0.512,2,P31,B_rata16
TE,Agem Kiri,3,Naik,O2,4.99,-2.922,-4.323,1,P31,B_rata16
TE,Agem Kiri,3,Naik,P4,7.483,1.94,0.589,1,P31,B_rata16
TE,Agem Kiri,3,Tahan,C3,1.922,-3.358,-0.029,1,P31,B_rata16
TE,Agem Kiri,3,Tahan,C4,0.02,-1.146,-1.358,3,P31,B_rata16
TE,Agem Kiri,3,Tahan,F8,-4.866,-7.883,-6.095,2,P31,B_rata16
TE,Agem Kiri,3,Tahan,Fp2,2.271,-0.773,1.274,3,P31,B_rata16
TE,Agem Kiri,3,Tahan,P4,10.786,5.747,8.81,5,P31,B_rata16
TE,Agem Kiri,3,Tahan,T4,0.015,3.214,5.805,1,P31,B_rata16
TE,Agem Kiri,3,Tahan,T6,7.848,9.423,6.998,2,P31,B_rata16
TE,Agem Kiri,4,Berdiri,C3,1.734,-0.498,0.915,1,P31,B_rata16
TE,Agem Kiri,4,Berdiri,C4,-2.441,2.773,-1.633,1,P31,B_rata16
TE,Agem Kiri,4,Berdiri,F4,6.882,-0.826,-1.639,4,P31,B_rata16
TE,Agem Kiri,4,Berdiri,F7,2.665,1.449,2.93,1,P31,B_rata16
TE,Agem Kiri,4,Berdiri,F8,-1.66,-8.828,-3.303,3,P31,B_rata16
TE,Agem Kiri,4,Berdiri,Fp1,6.184,1.62,1.773,2,P31,B_rata16
TE,Agem Kiri,4,Berdiri,Fp2,8.513,1.922,2.569,6,P31,B_rata16
TE,Agem Kiri,4,Berdiri,O1,0.357,-0.83,0.737,4,P31,B_rata16
TE,Agem Kiri,4,Berdiri,O2,9.949,2.268,2.79,12,P31,B_rata16
TE,Agem Kiri,4,Berdiri,P4,5.607,6.92,3.808,2,P31,B_rata16
TE,Agem Kiri,4,Berdiri,T5,-3.379,0.312,-3.725,2,P31,B_rata16
TE,Agem Kiri,4,Berdiri,T6,6.357,9.129,9.056,1,P31,B_rata16
TE,Agem Kiri,4,Gerak,C4,-1.821,3.553,-0.48,1,P31,B_rata16
TE,Agem Kiri,4,Gerak,F4,1.787,0.936,0.458,2,P31,B_rata16
TE,Agem Kiri,4,Gerak,F8,-3.778,-4.073,-7.088,1,P31,B_rata16
TE,Agem Kiri,4,Gerak,O2,1.843,-0.358,-2.931,2,P31,B_rata16
TE,Agem Kiri,4,Naik,C3,3.245,2.663,1.253,2,P31,B_rata16
TE,Agem Kiri,4,Naik,F3,2.387,6.09,2.701,1,P31,B_rata16
TE,Agem Kiri,4,Naik,F4,6.258,5.859,-0.669,2,P31,B_rata16
TE,Agem Kiri,4,Naik,F8,1.888,-7.26,0.876,2,P31,B_rata16
TE,Agem Kiri,4,Naik,P3,5.066,4.636,3.781,1,P31,B_rata16
TE,Agem Kiri,4,Naik,T3,6.515,2.511,-0.556,2,P31,B_rata16
TE,Agem Kiri,4,Naik,T4,4.973,5.4,4.176,1,P31,B_rata16
TE,Agem Kiri,4,Tahan,C3,2.967,-1.273,1.965,5,P31,B_rata16
TE,Agem Kiri,4,Tahan,C4,3.302,2.784,-0.633,4,P31,B_rata16
TE,Agem Kiri,4,Tahan,F3,-0.376,-2.024,-1.357,5,P31,B_rata16
TE,Agem Kiri,4,Tahan,F8,1.735,5.126,3.3,1,P31,B_rata16
TE,Agem Kiri,4,Tahan,P3,-2.485,-0.071,-0.231,4,P31,B_rata16
TE,Agem Kiri,4,Tahan,T3,-0.796,-0.626,-2.034,5,P31,B_rata16
TE,Agem Kiri,4,Tahan,T4,3.176,3.402,2.417,1,P31,B_rata16
TE,Agem Kiri,4,Tahan,T6,9.906,10.138,11.438,4,P31,B_rata16
TE,Ngeed,3,Berdiri,C3,5.245,2.335,3.168,6,P31,B_rata16
TE,Ngeed,3,Berdiri,C4,4.136,0.696,0.15,5,P31,B_rata16
TE,Ngeed,3,Berdiri,F3,3.597,-3.377,-1.581,8,P31,B_rata16
TE,Ngeed,3,Berdiri,F4,4.692,-1.673,1.3,12,P31,B_rata16
TE,Ngeed,3,Berdiri,F7,7.9,3.562,2.491,12,P31,B_rata16
TE,Ngeed,3,Berdiri,F8,0.594,-3.842,-0.599,5,P31,B_rata16
TE,Ngeed,3,Berdiri,Fp1,4.639,-1.079,-0.911,12,P31,B_rata16
TE,Ngeed,3,Berdiri,Fp2,5.377,2.484,0.282,12,P31,B_rata16
TE,Ngeed,3,Berdiri,O1,-0.545,-3.197,-2.821,7,P31,B_rata16
TE,Ngeed,3,Berdiri,O2,2.211,-2.232,-1.017,12,P31,B_rata16
TE,Ngeed,3,Berdiri,P3,6.813,0.106,-0.968,7,P31,B_rata16
TE,Ngeed,3,Berdiri,P4,9.499,4.931,4.887,7,P31,B_rata16
TE,Ngeed,3,Berdiri,T3,4.152,-0.969,-1.258,7,P31,B_rata16
TE,Ngeed,3,Berdiri,T4,10.403,3.48,7.583,1,P31,B_rata16
TE,Ngeed,3,Berdiri,T5,0.307,-3.222,-0.827,7,P31,B_rata16
TE,Ngeed,3,Berdiri,T6,11.206,8.076,5.641,3,P31,B_rata16
TE,Ngeed,3,Gerak,C4,4.459,1.905,1.861,2,P31,B_rata16
TE,Ngeed,3,Gerak,F4,5.575,-1.563,-1.323,2,P31,B_rata16
TE,Ngeed,3,Gerak,F7,4.856,-0.557,-0.695,2,P31,B_rata16
TE,Ngeed,3,Gerak,Fp1,2.224,-3.829,-2.055,2,P31,B_rata16
TE,Ngeed,3,Gerak,Fp2,1.166,1.458,-1.272,2,P31,B_rata16
TE,Ngeed,3,Gerak,O1,0.333,-4.783,-2.5,2,P31,B_rata16
TE,Ngeed,3,Gerak,O2,-3.063,-0.917,-1.937,2,P31,B_rata16
TE,Ngeed,3,Gerak,P4,12.562,5.372,2.538,2,P31,B_rata16
TE,Ngeed,3,Gerak,T3,5.352,-6.123,-4.982,2,P31,B_rata16
TE,Ngeed,3,Gerak,T5,-0.656,-2.983,-2.981,2,P31,B_rata16
TE,Ngeed,3,Gerak,T6,11.772,2.722,3.551,2,P31,B_rata16
TE,Ngeed,3,Tahan,C3,1.2,-0.291,-3.547,1,P31,B_rata16
TE,Ngeed,3,Tahan,F3,-0.533,-0.735,-5.382,1,P31,B_rata16
TE,Ngeed,3,Tahan,F4,5.033,-0.862,2.674,1,P31,B_rata16
TE,Ngeed,3,Tahan,F7,3.307,0.472,1.549,2,P31,B_rata16
TE,Ngeed,3,Tahan,F8,1.898,-0.344,1.435,1,P31,B_rata16
TE,Ngeed,3,Tahan,Fp1,-5.546,-6.059,-0.64,1,P31,B_rata16
TE,Ngeed,3,Tahan,Fp2,6.863,-1.342,2.642,3,P31,B_rata16
TE,Ngeed,3,Tahan,O1,0.378,-7.235,-0.42,1,P31,B_rata16
TE,Ngeed,3,Tahan,O2,5.701,-0.014,2.493,3,P31,B_rata16
TE,Ngeed,3,Tahan,P4,12.858,7.363,6.826,2,P31,B_rata16
TE,Ngeed,3,Tahan,T5,-1.472,-5.982,-0.372,1,P31,B_rata16
TE,Ngeed,4,Berdiri,C3,1.982,2.497,2.174,11,P31,B_rata16
TE,Ngeed,4,Berdiri,C4,2.03,-2.626,-2.916,14,P31,B_rata16
TE,Ngeed,4,Berdiri,F3,-1.785,-3.615,-4.883,3,P31,B_rata16
TE,Ngeed,4,Berdiri,F8,-9.933,-6.858,-5.839,1,P31,B_rata16
TE,Ngeed,4,Berdiri,P3,-4.048,-4.184,-2.601,4,P31,B_rata16
TE,Ngeed,4,Berdiri,P4,10.422,5.775,4.136,1,P31,B_rata16
TE,Ngeed,4,Berdiri,T3,-2.257,-6.674,-5.343,4,P31,B_rata16
TE,Ngeed,4,Berdiri,T4,8.232,6.091,6.416,11,P31,B_rata16
TE,Ngeed,4,Berdiri,T6,8.221,7.184,6.921,12,P31,B_rata16
TE,Ngeed,4,Gerak,C4,8.916,3.425,1.019,1,P31,B_rata16
TE,Ngeed,4,Gerak,F4,4.707,3.54,0.687,2,P31,B_rata16
TE,Ngeed,4,Gerak,F7,5.134,5.852,0.59,1,P31,B_rata16
TE,Ngeed,4,Gerak,F8,4.836,-2.538,-4.54,2,P31,B_rata16
TE,Ngeed,4,Gerak,Fp1,3.406,2.292,-0.797,1,P31,B_rata16
TE,Ngeed,4,Gerak,Fp2,7.717,3.829,0.259,1,P31,B_rata16
TE,Ngeed,4,Gerak,O1,-2.876,-0.285,-1.189,1,P31,B_rata16
TE,Ngeed,4,Gerak,O2,3.618,-0.2,-1.681,2,P31,B_rata16
TE,Ngeed,4,Gerak,P4,8.772,6.646,9.2,1,P31,B_rata16
TE,Ngeed,4,Gerak,T3,4.391,3.306,-0.848,1,P31,B_rata16
TE,Ngeed,4,Gerak,T5,0.935,0.105,0.343,1,P31,B_rata16
TE,Ngeed,4,Naik,C3,12.357,3.998,2.768,2,P31,B_rata16
TE,Ngeed,4,Naik,C4,7.318,3.112,6.756,2,P31,B_rata16
TE,Ngeed,4,Naik,F4,6.751,-1.824,0.027,2,P31,B_rata16
TE,Ngeed,4,Naik,Fp2,10.403,6.91,4.251,2,P31,B_rata16
TE,Ngeed,4,Naik,O2,2.779,3.459,7.12,2,P31,B_rata16
TE,Ngeed,4,Tahan,C3,0.816,1.785,0.614,1,P31,B_rata16
TE,Ngeed,4,Tahan,C4,0.437,1.589,1.558,1,P31,B_rata16
TE,Ngeed,4,Tahan,F7,5.105,6.474,2.388,1,P31,B_rata16
TE,Ngeed,4,Tahan,Fp2,5.378,4.547,2.687,2,P31,B_rata16
TE,Ngeed,4,Tahan,O1,-0.739,-1.591,-2.639,1,P31,B_rata16
TE,Ngeed,4,Tahan,O2,4.267,2.484,0.658,2,P31,B_rata16
TE,Agem Kanan,1,Berdiri,C3-P3,1.959,0.21,-2.309,11,P31,C_bipolar
TE,Agem Kanan,1,Berdiri,C4-P4,4.857,0.522,6.57,1,P31,C_bipolar
TE,Agem Kanan,1,Berdiri,F3-C3,2.235,1.414,-0.734,11,P31,C_bipolar
TE,Agem Kanan,1,Berdiri,F4-C4,7.472,5.494,3.696,4,P31,C_bipolar
TE,Agem Kanan,1,Berdiri,F7-T3,3.712,-0.266,1.387,10,P31,C_bipolar
TE,Agem Kanan,1,Berdiri,Fp1-F3,1.025,0.02,0.557,6,P31,C_bipolar
TE,Agem Kanan,1,Berdiri,Fp1-F7,6.979,3.689,4.018,11,P31,C_bipolar
TE,Agem Kanan,1,Berdiri,Fp2-F4,7.534,5.227,2.383,7,P31,C_bipolar
TE,Agem Kanan,1,Berdiri,Fp2-F8,4.615,1.25,3.925,1,P31,C_bipolar
TE,Agem Kanan,1,Berdiri,P4-O2,9.636,4.296,6.781,1,P31,C_bipolar
TE,Agem Kanan,1,Berdiri,T4-T6,9.048,9.58,6.448,1,P31,C_bipolar
TE,Agem Kanan,1,Berdiri,T6-O2,3.399,1.367,7.236,1,P31,C_bipolar
TE,Agem Kanan,1,Gerak,C3-P3,-1.396,-1.804,-3.776,3,P31,C_bipolar
TE,Agem Kanan,1,Gerak,C4-P4,1.69,-3.83,-1.719,1,P31,C_bipolar
TE,Agem Kanan,1,Gerak,F3-C3,-0.64,-2.378,-3.394,3,P31,C_bipolar
TE,Agem Kanan,1,Gerak,F7-T3,3.392,1.764,2.855,3,P31,C_bipolar
TE,Agem Kanan,1,Gerak,F8-T4,5.171,5.968,2.725,2,P31,C_bipolar
TE,Agem Kanan,1,Gerak,Fp1-F3,1.248,1.528,1.849,3,P31,C_bipolar
TE,Agem Kanan,1,Gerak,Fp1-F7,-1.394,-1.134,0.056,3,P31,C_bipolar
TE,Agem Kanan,1,Gerak,Fp2-F4,2.242,0.13,0.99,3,P31,C_bipolar
TE,Agem Kanan,1,Gerak,P3-O1,-1.519,-2.762,-3.532,3,P31,C_bipolar
TE,Agem Kanan,1,Gerak,P4-O2,9.148,0.071,0.714,1,P31,C_bipolar
TE,Agem Kanan,1,Gerak,T3-T5,5.269,0.918,-1.523,3,P31,C_bipolar
TE,Agem Kanan,1,Gerak,T5-O1,8.481,4.342,-0.32,3,P31,C_bipolar
TE,Agem Kanan,1,Naik,C3-P3,-2.051,-5.976,-2.311,1,P31,C_bipolar
TE,Agem Kanan,1,Naik,F3-C3,7.314,7.353,-2.37,2,P31,C_bipolar
TE,Agem Kanan,1,Naik,F7-T3,-5.011,-3.506,-6.943,1,P31,C_bipolar
TE,Agem Kanan,1,Naik,Fp1-F3,7.177,4.825,-4.152,2,P31,C_bipolar
TE,Agem Kanan,1,Naik,Fp1-F7,-4.619,-4.671,-1.343,2,P31,C_bipolar
TE,Agem Kanan,1,Naik,Fp2-F4,2.795,7.477,1.382,1,P31,C_bipolar
TE,Agem Kanan,1,Naik,P4-O2,5.59,3.881,0.75,1,P31,C_bipolar
TE,Agem Kanan,1,Tahan,C3-P3,-0.398,-1.181,-0.5,7,P31,C_bipolar
TE,Agem Kanan,1,Tahan,C4-P4,7.475,7.895,2.247,1,P31,C_bipolar
TE,Agem Kanan,1,Tahan,F3-C3,1.858,-1.987,-1.375,7,P31,C_bipolar
TE,Agem Kanan,1,Tahan,F4-C4,11.064,5.435,2.038,2,P31,C_bipolar
TE,Agem Kanan,1,Tahan,F7-T3,-2.707,-4.696,-4.914,7,P31,C_bipolar
TE,Agem Kanan,1,Tahan,Fp1-F3,-2.195,-3.176,-2.593,7,P31,C_bipolar
TE,Agem Kanan,1,Tahan,Fp1-F7,-2.175,-6.191,-3.103,7,P31,C_bipolar
TE,Agem Kanan,1,Tahan,Fp2-F4,2.969,4.334,0.268,2,P31,C_bipolar
TE,Agem Kanan,1,Tahan,P3-O1,-0.222,-0.08,-2.264,7,P31,C_bipolar
TE,Agem Kanan,1,Tahan,P4-O2,7.861,5.868,1.594,2,P31,C_bipolar
TE,Agem Kanan,2,Berdiri,C3-P3,-2.789,-3.093,-2.392,11,P31,C_bipolar
TE,Agem Kanan,2,Berdiri,C4-P4,-0.52,-1.678,-1.239,8,P31,C_bipolar
TE,Agem Kanan,2,Berdiri,F3-C3,-2.608,-4.337,-3.559,11,P31,C_bipolar
TE,Agem Kanan,2,Berdiri,F4-C4,4.819,4.585,2.348,9,P31,C_bipolar
TE,Agem Kanan,2,Berdiri,F7-T3,-1.583,-1.333,-1.614,13,P31,C_bipolar
TE,Agem Kanan,2,Berdiri,Fp1-F3,-3.781,-4.744,-2.914,11,P31,C_bipolar
TE,Agem Kanan,2,Berdiri,Fp1-F7,-0.311,-1.939,-3.948,13,P31,C_bipolar
TE,Agem Kanan,2,Berdiri,Fp2-F4,0.643,-0.574,0.009,10,P31,C_bipolar
TE,Agem Kanan,2,Berdiri,Fp2-F8,3.98,-0.044,-1.226,8,P31,C_bipolar
TE,Agem Kanan,2,Berdiri,P3-O1,2.304,1.341,-0.678,8,P31,C_bipolar
TE,Agem Kanan,2,Berdiri,P4-O2,0.738,2.103,0.742,8,P31,C_bipolar
TE,Agem Kanan,2,Berdiri,T3-T5,3.892,0.324,-1.918,7,P31,C_bipolar
TE,Agem Kanan,2,Berdiri,T5-O1,2.258,-1.01,0.985,10,P31,C_bipolar
TE,Agem Kanan,2,Berdiri,T6-O2,7.206,7.887,4.812,6,P31,C_bipolar
TE,Agem Kanan,2,Gerak,Fp1-F7,5.566,0.857,3.506,1,P31,C_bipolar
TE,Agem Kanan,2,Naik,F3-C3,0.848,5.546,5.283,2,P31,C_bipolar
TE,Agem Kanan,2,Tahan,C3-P3,-0.942,-3.622,-1.571,8,P31,C_bipolar
TE,Agem Kanan,2,Tahan,F3-C3,3.944,-1.283,0.586,3,P31,C_bipolar
TE,Agem Kanan,2,Tahan,F4-C4,8.81,2.235,3.018,5,P31,C_bipolar
TE,Agem Kanan,2,Tahan,F7-T3,-0.055,-3.985,0.269,8,P31,C_bipolar
TE,Agem Kanan,2,Tahan,Fp1-F3,4.093,-3.081,-0.388,6,P31,C_bipolar
TE,Agem Kanan,2,Tahan,Fp1-F7,2.602,-1.035,0.88,8,P31,C_bipolar
TE,Agem Kanan,2,Tahan,Fp2-F4,6.329,3.443,2.439,6,P31,C_bipolar
TE,Agem Kanan,2,Tahan,P4-O2,11.335,7.391,6.446,7,P31,C_bipolar
TE,Agem Kanan,3,Berdiri,C3-P3,4.145,3.085,2.974,13,P31,C_bipolar
TE,Agem Kanan,3,Berdiri,C4-P4,1.141,-3.011,-0.953,8,P31,C_bipolar
TE,Agem Kanan,3,Berdiri,F3-C3,4.104,3.26,2.268,14,P31,C_bipolar
TE,Agem Kanan,3,Berdiri,F4-C4,1.489,0.136,0.121,15,P31,C_bipolar
TE,Agem Kanan,3,Berdiri,F7-T3,1.211,-0.769,0.967,10,P31,C_bipolar
TE,Agem Kanan,3,Berdiri,F8-T4,0.459,-4.066,-1.474,14,P31,C_bipolar
TE,Agem Kanan,3,Berdiri,Fp1-F3,2.76,1.604,2.612,12,P31,C_bipolar
TE,Agem Kanan,3,Berdiri,Fp1-F7,-5.994,-7.686,-8.094,10,P31,C_bipolar
TE,Agem Kanan,3,Berdiri,Fp2-F4,0.057,-1.695,-2.024,12,P31,C_bipolar
TE,Agem Kanan,3,Berdiri,Fp2-F8,-3.269,-7.238,-3.975,12,P31,C_bipolar
TE,Agem Kanan,3,Berdiri,P3-O1,-0.745,-2.825,-0.533,14,P31,C_bipolar
TE,Agem Kanan,3,Berdiri,P4-O2,-5.02,-4.951,-4.493,8,P31,C_bipolar
TE,Agem Kanan,3,Berdiri,T3-T5,-0.071,-1.931,-1.548,15,P31,C_bipolar
TE,Agem Kanan,3,Berdiri,T5-O1,-8.015,-8.973,-8.511,15,P31,C_bipolar
TE,Agem Kanan,3,Gerak,C3-P3,4.89,6.603,2.136,2,P31,C_bipolar
TE,Agem Kanan,3,Gerak,F3-C3,5.206,5.341,3.465,2,P31,C_bipolar
TE,Agem Kanan,3,Gerak,F7-T3,4.291,0.365,1.433,1,P31,C_bipolar
TE,Agem Kanan,3,Gerak,Fp1-F3,-0.741,2.87,0.4,1,P31,C_bipolar
TE,Agem Kanan,3,Gerak,Fp1-F7,-4.976,-10.587,-11.353,1,P31,C_bipolar
TE,Agem Kanan,3,Gerak,Fp2-F4,1.874,8.614,-0.148,1,P31,C_bipolar
TE,Agem Kanan,3,Gerak,P3-O1,-10.327,-1.973,-1.518,2,P31,C_bipolar
TE,Agem Kanan,3,Gerak,T3-T5,1.902,-2.87,-1.175,2,P31,C_bipolar
TE,Agem Kanan,3,Gerak,T5-O1,-2.049,-4.989,-8.824,2,P31,C_bipolar
TE,Agem Kanan,3,Naik,C4-P4,2.75,0.093,-2.499,2,P31,C_bipolar
TE,Agem Kanan,3,Naik,Fp1-F7,-3.735,-5.159,-6.903,2,P31,C_bipolar
TE,Agem Kanan,3,Naik,P4-O2,0.514,-4.221,-3.259,2,P31,C_bipolar
TE,Agem Kanan,3,Naik,T4-T6,8.452,4.785,4.138,2,P31,C_bipolar
TE,Agem Kanan,3,Naik,T6-O2,5.992,1.448,1.298,2,P31,C_bipolar
TE,Agem Kanan,3,Tahan,F7-T3,-11.746,-3.866,-1.214,1,P31,C_bipolar
TE,Agem Kanan,3,Tahan,F8-T4,5.272,-2.886,1.61,3,P31,C_bipolar
TE,Agem Kanan,3,Tahan,Fp1-F7,-5.675,-7.918,-7.671,3,P31,C_bipolar
TE,Agem Kanan,3,Tahan,Fp2-F8,-0.869,-3.566,-3.949,3,P31,C_bipolar
TE,Agem Kanan,3,Tahan,P4-O2,4.301,-1.158,-5.264,3,P31,C_bipolar
TE,Agem Kanan,3,Tahan,T4-T6,1.552,-1.296,2.128,2,P31,C_bipolar
TE,Agem Kanan,3,Tahan,T6-O2,5.074,-6.036,-1.565,2,P31,C_bipolar
TE,Agem Kanan,4,Berdiri,C3-P3,2.21,1.477,-0.33,7,P31,C_bipolar
TE,Agem Kanan,4,Berdiri,C4-P4,0.892,1.864,6.801,1,P31,C_bipolar
TE,Agem Kanan,4,Berdiri,F3-C3,2.076,0.862,0.214,5,P31,C_bipolar
TE,Agem Kanan,4,Berdiri,F8-T4,2.512,-0.216,-3.114,2,P31,C_bipolar
TE,Agem Kanan,4,Berdiri,T4-T6,7.216,4.415,3.803,5,P31,C_bipolar
TE,Agem Kanan,4,Gerak,Fp1-F7,-1.008,-1.804,-2.726,2,P31,C_bipolar
TE,Agem Kanan,4,Naik,F7-T3,4.984,8.716,5.281,2,P31,C_bipolar
TE,Agem Kanan,4,Naik,Fp1-F3,2.963,3.697,0.936,2,P31,C_bipolar
TE,Agem Kanan,4,Naik,Fp1-F7,-7.935,-11.411,-5.895,2,P31,C_bipolar
TE,Agem Kanan,4,Naik,P3-O1,-2.024,-1.904,-2.452,2,P31,C_bipolar
TE,Agem Kanan,4,Naik,P4-O2,1.163,2.925,0.733,1,P31,C_bipolar
TE,Agem Kanan,4,Naik,T5-O1,-3.16,-3.89,-3.925,2,P31,C_bipolar
TE,Agem Kanan,4,Tahan,C3-P3,6.015,2.567,4.068,1,P31,C_bipolar
TE,Agem Kanan,4,Tahan,F3-C3,2.216,7.367,8.57,4,P31,C_bipolar
TE,Agem Kanan,4,Tahan,Fp1-F3,1.968,6.323,5.123,2,P31,C_bipolar
TE,Agem Kanan,4,Tahan,Fp1-F7,-12.576,-9.261,-6.913,1,P31,C_bipolar
TE,Agem Kanan,4,Tahan,P4-O2,3.279,-1.677,-0.472,4,P31,C_bipolar
TE,Agem Kanan,4,Tahan,T5-O1,-6.52,-5.536,-4.751,5,P31,C_bipolar
TE,Agem Kiri,1,Berdiri,Fp1-F7,5.588,2.195,1.257,1,P31,C_bipolar
TE,Agem Kiri,1,Gerak,C3-P3,6.085,4.803,-0.267,2,P31,C_bipolar
TE,Agem Kiri,1,Gerak,F3-C3,5.334,4.13,0.524,3,P31,C_bipolar
TE,Agem Kiri,1,Gerak,F4-C4,10.102,6.628,6.323,3,P31,C_bipolar
TE,Agem Kiri,1,Gerak,F7-T3,3.569,3.851,1.167,1,P31,C_bipolar
TE,Agem Kiri,1,Gerak,Fp1-F3,-3.28,3.58,4.869,3,P31,C_bipolar
TE,Agem Kiri,1,Gerak,Fp1-F7,9.127,7.679,3.27,3,P31,C_bipolar
TE,Agem Kiri,1,Gerak,Fp2-F4,2.364,2.657,3.43,1,P31,C_bipolar
TE,Agem Kiri,1,Gerak,T5-O1,1.272,8.461,3.205,1,P31,C_bipolar
TE,Agem Kiri,1,Naik,C3-P3,1.005,-2.794,-2.096,2,P31,C_bipolar
TE,Agem Kiri,1,Naik,F3-C3,-1.795,-2.124,-0.462,2,P31,C_bipolar
TE,Agem Kiri,1,Naik,F7-T3,3.156,3.291,0.128,2,P31,C_bipolar
TE,Agem Kiri,1,Naik,Fp1-F3,0.458,-0.377,2.012,2,P31,C_bipolar
TE,Agem Kiri,1,Naik,Fp1-F7,4.618,-0.054,3.324,2,P31,C_bipolar
TE,Agem Kiri,1,Naik,P4-O2,7.239,7.817,5.325,1,P31,C_bipolar
TE,Agem Kiri,1,Naik,T5-O1,5.915,3.927,5.299,1,P31,C_bipolar
TE,Agem Kiri,1,Tahan,C3-P3,-0.218,-2.718,-2.192,19,P31,C_bipolar
TE,Agem Kiri,1,Tahan,C4-P4,0.86,-1.759,-1.667,9,P31,C_bipolar
TE,Agem Kiri,1,Tahan,F3-C3,-1.019,-4.603,-1.331,19,P31,C_bipolar
TE,Agem Kiri,1,Tahan,F4-C4,2.473,0.201,-0.209,19,P31,C_bipolar
TE,Agem Kiri,1,Tahan,F7-T3,1.656,-0.878,-1.243,19,P31,C_bipolar
TE,Agem Kiri,1,Tahan,F8-T4,7.073,6.839,1.945,3,P31,C_bipolar
TE,Agem Kiri,1,Tahan,Fp1-F3,-6.094,-7.44,-3.185,19,P31,C_bipolar
TE,Agem Kiri,1,Tahan,Fp1-F7,2.714,-1.233,-0.307,19,P31,C_bipolar
TE,Agem Kiri,1,Tahan,Fp2-F4,1.259,-0.138,-1.21,19,P31,C_bipolar
TE,Agem Kiri,1,Tahan,Fp2-F8,0.346,-1.636,-1.698,16,P31,C_bipolar
TE,Agem Kiri,1,Tahan,P3-O1,0.737,0.168,0.951,14,P31,C_bipolar
TE,Agem Kiri,1,Tahan,P4-O2,2.808,-0.196,-3.046,7,P31,C_bipolar
TE,Agem Kiri,1,Tahan,T3-T5,2.628,0.415,0.25,17,P31,C_bipolar
TE,Agem Kiri,1,Tahan,T4-T6,13.332,11.54,5.08,1,P31,C_bipolar
TE,Agem Kiri,1,Tahan,T5-O1,1.932,1.737,0.906,17,P31,C_bipolar
TE,Agem Kiri,1,Tahan,T6-O2,6.037,10.516,2.421,3,P31,C_bipolar
TE,Agem Kiri,2,Berdiri,C3-P3,0.309,-1.251,-1.358,16,P31,C_bipolar
TE,Agem Kiri,2,Berdiri,C4-P4,3.828,-2.647,-2.48,16,P31,C_bipolar
TE,Agem Kiri,2,Berdiri,F3-C3,2.173,-0.522,-0.441,16,P31,C_bipolar
TE,Agem Kiri,2,Berdiri,F4-C4,1.984,-1.721,-0.325,16,P31,C_bipolar
TE,Agem Kiri,2,Berdiri,F7-T3,3.156,1.182,-0.726,16,P31,C_bipolar
TE,Agem Kiri,2,Berdiri,F8-T4,3.82,-1.45,0.317,8,P31,C_bipolar
TE,Agem Kiri,2,Berdiri,Fp1-F3,-0.714,-2.37,-2.755,16,P31,C_bipolar
TE,Agem Kiri,2,Berdiri,Fp1-F7,0.758,-2.806,-2.397,16,P31,C_bipolar
TE,Agem Kiri,2,Berdiri,Fp2-F4,-0.443,-1.819,-1.857,16,P31,C_bipolar
TE,Agem Kiri,2,Berdiri,Fp2-F8,2.229,-2.717,-0.533,12,P31,C_bipolar
TE,Agem Kiri,2,Berdiri,P3-O1,0.538,1.582,1.206,8,P31,C_bipolar
TE,Agem Kiri,2,Berdiri,P4-O2,1.461,-0.655,-1.06,16,P31,C_bipolar
TE,Agem Kiri,2,Berdiri,T3-T5,1.109,0.296,0.364,13,P31,C_bipolar
TE,Agem Kiri,2,Berdiri,T4-T6,7.99,2.904,5.433,4,P31,C_bipolar
TE,Agem Kiri,2,Berdiri,T5-O1,1.611,-2.374,-0.968,16,P31,C_bipolar
TE,Agem Kiri,2,Berdiri,T6-O2,5.815,0.005,3.557,7,P31,C_bipolar
TE,Agem Kiri,2,Gerak,F7-T3,8.677,6.041,4.329,2,P31,C_bipolar
TE,Agem Kiri,2,Gerak,Fp1-F7,14.843,1.237,5.473,2,P31,C_bipolar
TE,Agem Kiri,2,Gerak,Fp2-F4,11.903,11.498,1.855,1,P31,C_bipolar
TE,Agem Kiri,2,Gerak,T5-O1,6.083,3.23,2.455,2,P31,C_bipolar
TE,Agem Kiri,2,Naik,T5-O1,3.417,5.828,2.152,1,P31,C_bipolar
TE,Agem Kiri,2,Tahan,C3-P3,1.813,-0.447,-2.784,5,P31,C_bipolar
TE,Agem Kiri,2,Tahan,C4-P4,2.066,-0.982,-1.697,5,P31,C_bipolar
TE,Agem Kiri,2,Tahan,F3-C3,2.138,0.859,-1.624,4,P31,C_bipolar
TE,Agem Kiri,2,Tahan,F4-C4,4.911,4.903,0.297,7,P31,C_bipolar
TE,Agem Kiri,2,Tahan,F7-T3,4.431,0.455,1.708,10,P31,C_bipolar
TE,Agem Kiri,2,Tahan,Fp1-F3,3.654,-0.821,-0.567,8,P31,C_bipolar
TE,Agem Kiri,2,Tahan,Fp1-F7,3.035,0.92,3.049,10,P31,C_bipolar
TE,Agem Kiri,2,Tahan,Fp2-F4,4.3,1.247,0.771,3,P31,C_bipolar
TE,Agem Kiri,2,Tahan,P4-O2,4.301,-0.168,1.475,5,P31,C_bipolar
TE,Agem Kiri,2,Tahan,T3-T5,2.571,-0.951,-0.664,3,P31,C_bipolar
TE,Agem Kiri,2,Tahan,T5-O1,5.26,2.137,3.202,10,P31,C_bipolar
TE,Agem Kiri,2,Tahan,T6-O2,11.085,7.294,2.641,2,P31,C_bipolar
TE,Agem Kiri,3,Berdiri,C3-P3,1.438,4.147,2.904,6,P31,C_bipolar
TE,Agem Kiri,3,Berdiri,C4-P4,4.162,3.352,1.362,6,P31,C_bipolar
TE,Agem Kiri,3,Berdiri,F3-C3,3.217,4.018,4.632,7,P31,C_bipolar
TE,Agem Kiri,3,Berdiri,F4-C4,9.45,5.333,2.949,12,P31,C_bipolar
TE,Agem Kiri,3,Berdiri,F7-T3,3.076,1.456,-0.152,6,P31,C_bipolar
TE,Agem Kiri,3,Berdiri,F8-T4,4.408,0.729,-1.445,4,P31,C_bipolar
TE,Agem Kiri,3,Berdiri,Fp1-F3,4.153,1.505,1.299,11,P31,C_bipolar
TE,Agem Kiri,3,Berdiri,Fp1-F7,-4.88,-4.019,-2.436,13,P31,C_bipolar
TE,Agem Kiri,3,Berdiri,Fp2-F4,2.575,0.329,-0.094,13,P31,C_bipolar
TE,Agem Kiri,3,Berdiri,Fp2-F8,5.741,0.675,0.469,7,P31,C_bipolar
TE,Agem Kiri,3,Berdiri,P3-O1,-2.53,-0.692,-1.736,5,P31,C_bipolar
TE,Agem Kiri,3,Berdiri,P4-O2,3.275,-1.264,-0.169,13,P31,C_bipolar
TE,Agem Kiri,3,Berdiri,T3-T5,2.274,-0.464,-1.109,6,P31,C_bipolar
TE,Agem Kiri,3,Berdiri,T4-T6,6.29,1.377,-0.008,2,P31,C_bipolar
TE,Agem Kiri,3,Berdiri,T5-O1,-4.883,-5.582,-5.26,13,P31,C_bipolar
TE,Agem Kiri,3,Berdiri,T6-O2,3.363,-0.252,2.631,4,P31,C_bipolar
TE,Agem Kiri,3,Gerak,F3-C3,6.258,6.997,0.583,3,P31,C_bipolar
TE,Agem Kiri,3,Gerak,F4-C4,5.657,6.249,5.18,1,P31,C_bipolar
TE,Agem Kiri,3,Gerak,P3-O1,1.204,5.764,2.651,2,P31,C_bipolar
TE,Agem Kiri,3,Gerak,T5-O1,-3.255,-8.362,-7.865,3,P31,C_bipolar
TE,Agem Kiri,3,Naik,C3-P3,-0.782,3.791,4.093,2,P31,C_bipolar
TE,Agem Kiri,3,Naik,F3-C3,-3.045,0.933,2.197,1,P31,C_bipolar
TE,Agem Kiri,3,Naik,Fp2-F4,-11.527,-14.85,-12.208,2,P31,C_bipolar
TE,Agem Kiri,3,Naik,Fp2-F8,-9.517,-12.569,-16.524,1,P31,C_bipolar
TE,Agem Kiri,3,Naik,P4-O2,-19.922,-25.318,-20.168,2,P31,C_bipolar
TE,Agem Kiri,3,Tahan,C3-P3,2.319,3.49,1.729,2,P31,C_bipolar
TE,Agem Kiri,3,Tahan,C4-P4,2.217,3.925,1.273,2,P31,C_bipolar
TE,Agem Kiri,3,Tahan,F8-T4,-4.315,-2.051,3.691,1,P31,C_bipolar
TE,Agem Kiri,3,Tahan,Fp2-F8,0.517,-5.287,-4.163,3,P31,C_bipolar
TE,Agem Kiri,3,Tahan,T4-T6,7.339,7.268,5.427,2,P31,C_bipolar
TE,Agem Kiri,4,Berdiri,C4-P4,1.587,-0.759,-3.037,1,P31,C_bipolar
TE,Agem Kiri,4,Berdiri,F3-C3,3.653,0.767,2.348,5,P31,C_bipolar
TE,Agem Kiri,4,Berdiri,F4-C4,4.007,4.564,0.056,3,P31,C_bipolar
TE,Agem Kiri,4,Berdiri,F7-T3,5.213,1.373,1.36,5,P31,C_bipolar
TE,Agem Kiri,4,Berdiri,Fp1-F3,1.237,-0.469,-1.825,8,P31,C_bipolar
TE,Agem Kiri,4,Berdiri,Fp1-F7,4.726,-2.707,-1.301,13,P31,C_bipolar
TE,Agem Kiri,4,Berdiri,Fp2-F4,8.139,2.788,2.506,10,P31,C_bipolar
TE,Agem Kiri,4,Berdiri,Fp2-F8,0.504,-5.896,-1.159,4,P31,C_bipolar
TE,Agem Kiri,4,Berdiri,P4-O2,-2.187,6.741,2.236,1,P31,C_bipolar
TE,Agem Kiri,4,Berdiri,T3-T5,5.825,0.516,1.118,7,P31,C_bipolar
TE,Agem Kiri,4,Berdiri,T5-O1,4.021,0.505,0.517,8,P31,C_bipolar
TE,Agem Kiri,4,Berdiri,T6-O2,4.257,3.948,4.063,1,P31,C_bipolar
TE,Agem Kiri,4,Gerak,C4-P4,-1.329,-0.007,-0.319,1,P31,C_bipolar
TE,Agem Kiri,4,Gerak,F4-C4,-4.29,4.666,0.391,1,P31,C_bipolar
TE,Agem Kiri,4,Gerak,Fp1-F7,-6.886,-5.534,-5.399,2,P31,C_bipolar
TE,Agem Kiri,4,Gerak,Fp2-F4,-0.119,3.41,2.924,1,P31,C_bipolar
TE,Agem Kiri,4,Gerak,Fp2-F8,-4.355,-5.317,-3.969,1,P31,C_bipolar
TE,Agem Kiri,4,Gerak,T5-O1,-7.355,-6.832,-1.836,2,P31,C_bipolar
TE,Agem Kiri,4,Naik,C3-P3,3.455,3.434,7.117,2,P31,C_bipolar
TE,Agem Kiri,4,Naik,F3-C3,3.474,3.549,6.624,2,P31,C_bipolar
TE,Agem Kiri,4,Naik,F4-C4,7.215,7.572,4.133,2,P31,C_bipolar
TE,Agem Kiri,4,Naik,F8-T4,3.594,-3.447,1.48,1,P31,C_bipolar
TE,Agem Kiri,4,Tahan,C3-P3,4.767,4.401,5.553,7,P31,C_bipolar
TE,Agem Kiri,4,Tahan,F3-C3,4.937,2.229,5.944,7,P31,C_bipolar
TE,Agem Kiri,4,Tahan,P4-O2,-3.185,-1.969,-2.306,1,P31,C_bipolar
TE,Agem Kiri,4,Tahan,T4-T6,11.756,9.02,11.438,1,P31,C_bipolar
TE,Ngeed,3,Berdiri,C3-P3,4.653,7.203,2.499,8,P31,C_bipolar
TE,Ngeed,3,Berdiri,C4-P4,3.551,-2.103,0.052,5,P31,C_bipolar
TE,Ngeed,3,Berdiri,F3-C3,5.346,6.088,3.543,14,P31,C_bipolar
TE,Ngeed,3,Berdiri,F4-C4,8.952,4.268,3.318,11,P31,C_bipolar
TE,Ngeed,3,Berdiri,F7-T3,5.158,-0.256,-1.041,16,P31,C_bipolar
TE,Ngeed,3,Berdiri,Fp1-F3,-1.718,-0.025,0.046,15,P31,C_bipolar
TE,Ngeed,3,Berdiri,Fp1-F7,-1.13,-4.671,-5.099,16,P31,C_bipolar
TE,Ngeed,3,Berdiri,Fp2-F4,5.445,0.869,0.425,16,P31,C_bipolar
TE,Ngeed,3,Berdiri,Fp2-F8,0.906,-5.733,-0.578,5,P31,C_bipolar
TE,Ngeed,3,Berdiri,P3-O1,-2.775,-3.381,-3.22,12,P31,C_bipolar
TE,Ngeed,3,Berdiri,P4-O2,9.085,0.423,2.546,5,P31,C_bipolar
TE,Ngeed,3,Berdiri,T3-T5,0.588,-2.066,-1.756,16,P31,C_bipolar
TE,Ngeed,3,Berdiri,T5-O1,-2.379,-5.271,-8.491,16,P31,C_bipolar
TE,Ngeed,3,Berdiri,T6-O2,10.095,3.732,1.051,2,P31,C_bipolar
TE,Ngeed,3,Gerak,C4-P4,5.07,0.95,-0.263,1,P31,C_bipolar
TE,Ngeed,3,Gerak,F4-C4,-0.74,1.432,1.966,2,P31,C_bipolar
TE,Ngeed,3,Gerak,F7-T3,1.923,-1.205,-4.886,2,P31,C_bipolar
TE,Ngeed,3,Gerak,Fp1-F7,2.93,-7.616,-3.752,2,P31,C_bipolar
TE,Ngeed,3,Gerak,Fp2-F4,2.863,-7.048,-0.506,2,P31,C_bipolar
TE,Ngeed,3,Gerak,P4-O2,9.226,-0.275,-0.954,2,P31,C_bipolar
TE,Ngeed,3,Gerak,T3-T5,-1.261,-2.925,-4.974,2,P31,C_bipolar
TE,Ngeed,3,Gerak,T4-T6,10.715,1.204,1.221,2,P31,C_bipolar
TE,Ngeed,3,Gerak,T5-O1,-4.758,-8.447,-6.998,2,P31,C_bipolar
TE,Ngeed,3,Gerak,T6-O2,8.244,1.6,0.544,2,P31,C_bipolar
TE,Ngeed,3,Naik,Fp1-F3,-0.303,-3.516,2.748,1,P31,C_bipolar
TE,Ngeed,3,Naik,Fp1-F7,2.1,-0.591,-1.942,2,P31,C_bipolar
TE,Ngeed,3,Naik,T5-O1,2.417,0.818,-1.237,2,P31,C_bipolar
TE,Ngeed,3,Tahan,F3-C3,3.25,-1.298,-3.201,4,P31,C_bipolar
TE,Ngeed,3,Tahan,Fp1-F3,-6.18,-4.709,1.114,4,P31,C_bipolar
TE,Ngeed,3,Tahan,Fp1-F7,1.448,-0.863,-2.253,4,P31,C_bipolar
TE,Ngeed,3,Tahan,Fp2-F4,3.707,1.698,3.145,2,P31,C_bipolar
TE,Ngeed,3,Tahan,Fp2-F8,1.518,0.191,1.453,1,P31,C_bipolar
TE,Ngeed,3,Tahan,P4-O2,8.826,3.496,3.333,2,P31,C_bipolar
TE,Ngeed,3,Tahan,T5-O1,-0.811,-3.958,-4.824,4,P31,C_bipolar
TE,Ngeed,4,Berdiri,C3-P3,-0.301,1.625,1.856,4,P31,C_bipolar
TE,Ngeed,4,Berdiri,F3-C3,1.086,2.118,1.793,3,P31,C_bipolar
TE,Ngeed,4,Berdiri,F8-T4,1.089,-1.535,-3.253,1,P31,C_bipolar
TE,Ngeed,4,Berdiri,T4-T6,7.059,3.394,6.188,7,P31,C_bipolar
TE,Ngeed,4,Gerak,F4-C4,9.2,3.333,0.502,2,P31,C_bipolar
TE,Ngeed,4,Gerak,F7-T3,-7.127,-2.278,-3.606,1,P31,C_bipolar
TE,Ngeed,4,Gerak,Fp1-F7,-1.383,-3.506,-1.657,2,P31,C_bipolar
TE,Ngeed,4,Gerak,Fp2-F4,3.791,3.994,1.458,2,P31,C_bipolar
TE,Ngeed,4,Gerak,Fp2-F8,1.149,-4.305,-5.686,1,P31,C_bipolar
TE,Ngeed,4,Gerak,P4-O2,8.419,5.719,6.447,1,P31,C_bipolar
TE,Ngeed,4,Gerak,T3-T5,-6.431,-0.282,-2.952,1,P31,C_bipolar
TE,Ngeed,4,Gerak,T5-O1,-4.431,-6.554,-7.433,2,P31,C_bipolar
TE,Ngeed,4,Naik,Fp1-F7,1.736,-1.522,-4.325,2,P31,C_bipolar
TE,Ngeed,4,Naik,Fp2-F4,6.788,3.761,1.398,2,P31,C_bipolar
TE,Ngeed,4,Naik,P4-O2,16.615,5.007,7.755,2,P31,C_bipolar
TE,Ngeed,4,Tahan,F4-C4,6.114,3.885,1.996,1,P31,C_bipolar
TE,Ngeed,4,Tahan,F7-T3,5.928,2.363,1.432,2,P31,C_bipolar
TE,Ngeed,4,Tahan,Fp1-F7,1.4,-1.216,-2.663,5,P31,C_bipolar
TE,Ngeed,4,Tahan,Fp2-F4,3.003,-1.405,-1.972,1,P31,C_bipolar
TE,Ngeed,4,Tahan,T3-T5,-5.495,-8.322,-5.474,2,P31,C_bipolar
TE,Ngeed,4,Tahan,T5-O1,-0.932,0.456,-2.022,2,P31,C_bipolar
TE,Agem Kanan,1,Berdiri,C3,-6.653,-9.185,-10.368,4,P32,D_telinga
TE,Agem Kanan,1,Berdiri,C4,3.023,-0.929,-2.88,1,P32,D_telinga
TE,Agem Kanan,1,Berdiri,F4,2.188,4.488,1.187,3,P32,D_telinga
TE,Agem Kanan,1,Berdiri,F7,6.728,6.123,3.124,1,P32,D_telinga
TE,Agem Kanan,1,Berdiri,F8,-2.188,-1.407,-2.907,2,P32,D_telinga
TE,Agem Kanan,1,Berdiri,Fp1,0.076,0.255,6.141,6,P32,D_telinga
TE,Agem Kanan,1,Berdiri,O1,-2.867,-5.762,-6.112,10,P32,D_telinga
TE,Agem Kanan,1,Berdiri,O2,6.803,10.535,5.657,5,P32,D_telinga
TE,Agem Kanan,1,Berdiri,P3,-6.066,-6.886,-8.811,4,P32,D_telinga
TE,Agem Kanan,1,Berdiri,T4,3.712,9.91,5.813,1,P32,D_telinga
TE,Agem Kanan,1,Berdiri,T5,-3.952,-5.261,-8.063,6,P32,D_telinga
TE,Agem Kanan,1,Berdiri,T6,-1.352,-5.78,-4.024,3,P32,D_telinga
TE,Agem Kanan,1,Gerak,P3,-7.446,-14.537,-9.655,1,P32,D_telinga
TE,Agem Kanan,1,Gerak,T5,-1.987,-9.23,-3.328,3,P32,D_telinga
TE,Agem Kanan,1,Naik,F7,4.315,2.528,0.565,2,P32,D_telinga
TE,Agem Kanan,1,Naik,O2,4.555,7.969,7.473,2,P32,D_telinga
TE,Agem Kanan,1,Naik,T3,5.953,1.724,-0.754,2,P32,D_telinga
TE,Agem Kanan,1,Tahan,C3,-8.699,-15.304,-9.628,2,P32,D_telinga
TE,Agem Kanan,1,Tahan,C4,1.068,2.446,4.693,1,P32,D_telinga
TE,Agem Kanan,1,Tahan,F7,6.714,6.201,0.016,2,P32,D_telinga
TE,Agem Kanan,1,Tahan,O1,0.983,-3.651,-3.358,2,P32,D_telinga
TE,Agem Kanan,1,Tahan,O2,1.313,0.536,3.175,1,P32,D_telinga
TE,Agem Kanan,1,Tahan,P3,-9.495,-13.148,-11.34,2,P32,D_telinga
TE,Agem Kanan,1,Tahan,T4,0.541,6.567,4.187,5,P32,D_telinga
TE,Agem Kanan,1,Tahan,T6,7.262,7.035,3.737,5,P32,D_telinga
TE,Agem Kanan,2,Berdiri,C3,-6.034,-5.314,-3.177,8,P32,D_telinga
TE,Agem Kanan,2,Berdiri,F3,-6.583,-6.496,-4.712,6,P32,D_telinga
TE,Agem Kanan,2,Berdiri,F4,4.319,4.239,1.473,12,P32,D_telinga
TE,Agem Kanan,2,Berdiri,F8,3.303,7.59,1.882,7,P32,D_telinga
TE,Agem Kanan,2,Berdiri,Fp1,4.084,3.446,3.747,3,P32,D_telinga
TE,Agem Kanan,2,Berdiri,O1,-6.888,-5.99,-3.712,15,P32,D_telinga
TE,Agem Kanan,2,Berdiri,O2,1.947,-3.655,-4.695,1,P32,D_telinga
TE,Agem Kanan,2,Berdiri,P3,-5.672,-4.952,-3.111,11,P32,D_telinga
TE,Agem Kanan,2,Berdiri,T3,-7.572,-9.976,-6.541,1,P32,D_telinga
TE,Agem Kanan,2,Berdiri,T4,2.7,-1.665,-5.319,1,P32,D_telinga
TE,Agem Kanan,2,Berdiri,T5,-8.335,-6.481,-5.764,15,P32,D_telinga
TE,Agem Kanan,2,Gerak,C3,0.284,-1.424,-2.598,1,P32,D_telinga
TE,Agem Kanan,2,Gerak,F3,-0.608,-7.224,-3.89,1,P32,D_telinga
TE,Agem Kanan,2,Gerak,T3,-8.072,-14.197,-12.743,1,P32,D_telinga
TE,Agem Kanan,2,Naik,C4,4.952,2.895,2.664,2,P32,D_telinga
TE,Agem Kanan,2,Naik,F3,-0.662,2.625,3.459,2,P32,D_telinga
TE,Agem Kanan,2,Naik,F7,-0.788,-0.062,0.083,2,P32,D_telinga
TE,Agem Kanan,2,Naik,O2,5.922,3.303,3.751,2,P32,D_telinga
TE,Agem Kanan,2,Naik,T3,-1.946,-3.267,-0.911,2,P32,D_telinga
TE,Agem Kanan,2,Naik,T4,8.575,8.527,7.378,2,P32,D_telinga
TE,Agem Kanan,2,Naik,T6,7.304,3.219,3.323,2,P32,D_telinga
TE,Agem Kanan,2,Tahan,C3,-1.923,-8.423,-9.568,4,P32,D_telinga
TE,Agem Kanan,2,Tahan,O1,-1.981,-3.678,-6.028,4,P32,D_telinga
TE,Agem Kanan,2,Tahan,P3,0.265,-1.213,-5.294,6,P32,D_telinga
TE,Agem Kanan,3,Berdiri,C3,-6.662,-8.035,-5.361,4,P32,D_telinga
TE,Agem Kanan,3,Berdiri,F3,-1.929,-1.932,1.557,3,P32,D_telinga
TE,Agem Kanan,3,Berdiri,F7,-4.253,0.07,-1.731,5,P32,D_telinga
TE,Agem Kanan,3,Berdiri,Fp2,0.879,1.001,-1.117,4,P32,D_telinga
TE,Agem Kanan,3,Berdiri,O1,-0.824,-3.954,-1.342,7,P32,D_telinga
TE,Agem Kanan,3,Berdiri,P3,-7.876,-10.639,-5.36,4,P32,D_telinga
TE,Agem Kanan,3,Berdiri,P4,7.43,6.93,4.752,2,P32,D_telinga
TE,Agem Kanan,3,Berdiri,T3,-1.768,-6.381,-2.114,6,P32,D_telinga
TE,Agem Kanan,3,Berdiri,T4,10.91,8.282,9.106,1,P32,D_telinga
TE,Agem Kanan,3,Berdiri,T5,2.491,1.06,-0.647,6,P32,D_telinga
TE,Agem Kanan,3,Berdiri,T6,5.109,4.206,3.73,1,P32,D_telinga
TE,Agem Kanan,3,Gerak,O1,-5.956,-8.207,-7.571,1,P32,D_telinga
TE,Agem Kanan,3,Gerak,T3,-14.075,-12.623,-7.86,1,P32,D_telinga
TE,Agem Kanan,3,Tahan,C3,-2.492,-7.224,-4.277,4,P32,D_telinga
TE,Agem Kanan,3,Tahan,F3,-9.586,-10.97,-8.031,1,P32,D_telinga
TE,Agem Kanan,3,Tahan,F7,-5.336,-4.74,-1.96,2,P32,D_telinga
TE,Agem Kanan,3,Tahan,P3,-3.774,-9.936,-5.248,4,P32,D_telinga
TE,Agem Kanan,3,Tahan,T3,-4.068,-6.44,-2.187,4,P32,D_telinga
TE,Agem Kanan,4,Berdiri,C3,1.426,-0.474,1.633,10,P32,D_telinga
TE,Agem Kanan,4,Berdiri,C4,3.221,2.01,2.262,14,P32,D_telinga
TE,Agem Kanan,4,Berdiri,F3,1.465,-0.879,1.171,11,P32,D_telinga
TE,Agem Kanan,4,Berdiri,F4,1.947,3.522,1.757,7,P32,D_telinga
TE,Agem Kanan,4,Berdiri,F7,0.841,0.068,2.667,11,P32,D_telinga
TE,Agem Kanan,4,Berdiri,F8,1.903,1.953,3.111,2,P32,D_telinga
TE,Agem Kanan,4,Berdiri,Fp2,1.829,-0.472,3.362,5,P32,D_telinga
TE,Agem Kanan,4,Berdiri,O1,1.259,1.507,2.418,10,P32,D_telinga
TE,Agem Kanan,4,Berdiri,O2,0.939,-0.613,-0.297,15,P32,D_telinga
TE,Agem Kanan,4,Berdiri,P3,1.511,0.27,2.254,12,P32,D_telinga
TE,Agem Kanan,4,Berdiri,P4,3.397,2.078,2.71,11,P32,D_telinga
TE,Agem Kanan,4,Berdiri,T3,1.487,1.092,1.975,11,P32,D_telinga
TE,Agem Kanan,4,Berdiri,T4,-0.619,-0.205,0.822,14,P32,D_telinga
TE,Agem Kanan,4,Berdiri,T5,1.579,1.051,0.513,11,P32,D_telinga
TE,Agem Kanan,4,Berdiri,T6,1.225,-0.207,1.612,13,P32,D_telinga
TE,Agem Kanan,4,Naik,C3,0.438,-0.422,0.127,2,P32,D_telinga
TE,Agem Kanan,4,Naik,F3,1.489,1.832,2.193,2,P32,D_telinga
TE,Agem Kanan,4,Naik,P3,-2.623,-0.831,-0.577,2,P32,D_telinga
TE,Agem Kanan,4,Naik,T3,-3.733,-4.531,-1.888,2,P32,D_telinga
TE,Agem Kanan,4,Tahan,F3,-2.502,-2.817,-0.925,3,P32,D_telinga
TE,Agem Kanan,4,Tahan,O1,3.46,0.266,-0.967,5,P32,D_telinga
TE,Agem Kiri,1,Berdiri,C3,-4.248,-4.286,-5.467,11,P32,D_telinga
TE,Agem Kiri,1,Berdiri,C4,6.6,2.978,-2.05,1,P32,D_telinga
TE,Agem Kiri,1,Berdiri,F3,-6.407,-5.345,-8.169,8,P32,D_telinga
TE,Agem Kiri,1,Berdiri,F4,1.141,6.796,8.445,2,P32,D_telinga
TE,Agem Kiri,1,Berdiri,F8,5.6,4.519,5.793,1,P32,D_telinga
TE,Agem Kiri,1,Berdiri,Fp1,-5.369,-4.342,-0.565,4,P32,D_telinga
TE,Agem Kiri,1,Berdiri,O1,-3.284,-1.235,-1.863,13,P32,D_telinga
TE,Agem Kiri,1,Berdiri,O2,0.019,-4.734,-4.097,1,P32,D_telinga
TE,Agem Kiri,1,Berdiri,P3,-4.332,-3.471,-4.593,13,P32,D_telinga
TE,Agem Kiri,1,Berdiri,T3,-11.624,-6.41,-9.005,3,P32,D_telinga
TE,Agem Kiri,1,Berdiri,T5,-1.823,0.296,-2.508,14,P32,D_telinga
TE,Agem Kiri,1,Naik,C3,-3.431,1.566,-1.497,1,P32,D_telinga
TE,Agem Kiri,1,Naik,C4,8.459,1.777,10.368,1,P32,D_telinga
TE,Agem Kiri,1,Naik,O2,4.665,3.367,7.493,3,P32,D_telinga
TE,Agem Kiri,1,Naik,P3,-10.705,-5.169,-4.697,3,P32,D_telinga
TE,Agem Kiri,1,Naik,T4,8.234,5.331,12.115,3,P32,D_telinga
TE,Agem Kiri,1,Tahan,C4,-6.548,-0.769,-2.386,2,P32,D_telinga
TE,Agem Kiri,1,Tahan,F4,3.951,7.31,0.545,2,P32,D_telinga
TE,Agem Kiri,1,Tahan,F7,-7.686,5.131,3.387,1,P32,D_telinga
TE,Agem Kiri,1,Tahan,O2,-2.906,-2.109,-2.038,2,P32,D_telinga
TE,Agem Kiri,1,Tahan,P4,1.886,-4.345,0.742,2,P32,D_telinga
TE,Agem Kiri,1,Tahan,T4,3.894,2.776,-1.7,2,P32,D_telinga
TE,Agem Kiri,1,Tahan,T6,-0.751,-5.915,-4.57,2,P32,D_telinga
TE,Agem Kiri,2,Berdiri,C3,-0.999,-1.605,-4.204,10,P32,D_telinga
TE,Agem Kiri,2,Berdiri,C4,7.666,4.957,6.424,1,P32,D_telinga
TE,Agem Kiri,2,Berdiri,F3,-1.695,-2.022,-1.263,10,P32,D_telinga
TE,Agem Kiri,2,Berdiri,F7,-9.396,-9.223,-6.217,1,P32,D_telinga
TE,Agem Kiri,2,Berdiri,O1,1.574,-0.645,-3.02,9,P32,D_telinga
TE,Agem Kiri,2,Berdiri,O2,6.964,4.337,4.752,1,P32,D_telinga
TE,Agem Kiri,2,Berdiri,P3,-2.059,-2.184,-2.805,12,P32,D_telinga
TE,Agem Kiri,2,Berdiri,T3,-1.542,-3.124,-2.917,3,P32,D_telinga
TE,Agem Kiri,2,Berdiri,T4,-0.325,-1.808,-4.704,1,P32,D_telinga
TE,Agem Kiri,2,Berdiri,T5,-5.349,-3.007,-8.072,9,P32,D_telinga
TE,Agem Kiri,2,Naik,F3,5.796,2.597,2.017,2,P32,D_telinga
TE,Agem Kiri,2,Naik,F7,6.118,-0.171,3.084,2,P32,D_telinga
TE,Agem Kiri,2,Naik,F8,1.436,5.113,5.038,1,P32,D_telinga
TE,Agem Kiri,2,Naik,Fp1,5.795,1.228,5.909,1,P32,D_telinga
TE,Agem Kiri,2,Naik,O2,3.75,2.224,3.384,2,P32,D_telinga
TE,Agem Kiri,2,Naik,P4,-0.382,-1.116,-3.011,1,P32,D_telinga
TE,Agem Kiri,2,Naik,T4,4.104,3.728,3.581,2,P32,D_telinga
TE,Agem Kiri,2,Naik,T5,7.807,2.842,3.394,1,P32,D_telinga
TE,Agem Kiri,2,Naik,T6,0.806,0.065,-2.579,2,P32,D_telinga
TE,Agem Kiri,2,Tahan,C3,2.706,2.393,1.566,4,P32,D_telinga
TE,Agem Kiri,2,Tahan,C4,-11.37,-5.838,-11.781,1,P32,D_telinga
TE,Agem Kiri,2,Tahan,F3,5.865,2.081,2.497,5,P32,D_telinga
TE,Agem Kiri,2,Tahan,F4,8.576,5.873,0.587,2,P32,D_telinga
TE,Agem Kiri,2,Tahan,F7,-0.752,0.055,-0.07,5,P32,D_telinga
TE,Agem Kiri,2,Tahan,F8,1.8,3.367,-0.778,1,P32,D_telinga
TE,Agem Kiri,2,Tahan,Fp2,2.916,1.515,0.705,3,P32,D_telinga
TE,Agem Kiri,2,Tahan,O1,-1.072,-4.622,-7.967,3,P32,D_telinga
TE,Agem Kiri,2,Tahan,O2,-3.218,-1.508,-3.119,4,P32,D_telinga
TE,Agem Kiri,2,Tahan,P3,2.41,2.509,0.025,4,P32,D_telinga
TE,Agem Kiri,2,Tahan,P4,1.956,0.859,-0.997,8,P32,D_telinga
TE,Agem Kiri,2,Tahan,T3,6.653,2.914,1.997,2,P32,D_telinga
TE,Agem Kiri,2,Tahan,T4,-1.603,-4.908,-4.773,2,P32,D_telinga
TE,Agem Kiri,2,Tahan,T6,-1.601,-2.633,-3.732,8,P32,D_telinga
TE,Agem Kiri,3,Berdiri,C4,2.296,3.202,4.079,5,P32,D_telinga
TE,Agem Kiri,3,Berdiri,F3,-8.591,-9.538,-4.052,2,P32,D_telinga
TE,Agem Kiri,3,Berdiri,F4,5.795,6.119,6.122,5,P32,D_telinga
TE,Agem Kiri,3,Berdiri,F7,-8.226,-7.585,-5.725,6,P32,D_telinga
TE,Agem Kiri,3,Berdiri,Fp2,-1.231,-3.958,-3.192,7,P32,D_telinga
TE,Agem Kiri,3,Berdiri,O1,-1.334,-1.219,1.216,9,P32,D_telinga
TE,Agem Kiri,3,Berdiri,O2,5.02,5.472,5.092,5,P32,D_telinga
TE,Agem Kiri,3,Berdiri,P3,-5.513,-7.326,-2.546,2,P32,D_telinga
TE,Agem Kiri,3,Berdiri,P4,1.14,-0.867,0.264,5,P32,D_telinga
TE,Agem Kiri,3,Berdiri,T3,-6.075,-6.252,-4.203,1,P32,D_telinga
TE,Agem Kiri,3,Berdiri,T4,4.061,4.772,5.515,5,P32,D_telinga
TE,Agem Kiri,3,Berdiri,T6,3.321,5.016,3.829,5,P32,D_telinga
TE,Agem Kiri,3,Gerak,C3,2.163,-3.809,-0.746,1,P32,D_telinga
TE,Agem Kiri,3,Gerak,O1,2.974,-5.761,1.586,1,P32,D_telinga
TE,Agem Kiri,3,Gerak,P3,-0.418,-5.407,-0.811,1,P32,D_telinga
TE,Agem Kiri,3,Gerak,T3,3.555,1.187,1.75,1,P32,D_telinga
TE,Agem Kiri,3,Gerak,T5,0.312,3.129,1.116,1,P32,D_telinga
TE,Agem Kiri,3,Naik,F7,-5.642,-3.342,-2.654,2,P32,D_telinga
TE,Agem Kiri,3,Naik,O1,-10.665,-10.389,-6.631,2,P32,D_telinga
TE,Agem Kiri,3,Naik,T5,4.165,0.582,2.178,2,P32,D_telinga
TE,Agem Kiri,3,Tahan,F3,-8.205,-6.765,-4.074,5,P32,D_telinga
TE,Agem Kiri,3,Tahan,F7,-2.131,-1.222,0.138,5,P32,D_telinga
TE,Agem Kiri,3,Tahan,O1,-6.627,-12.986,-7.02,5,P32,D_telinga
TE,Agem Kiri,3,Tahan,T5,3.19,4.429,-0.831,2,P32,D_telinga
TE,Agem Kiri,4,Berdiri,C3,2.152,2.367,3.724,7,P32,D_telinga
TE,Agem Kiri,4,Berdiri,C4,3.078,2.613,3.917,7,P32,D_telinga
TE,Agem Kiri,4,Berdiri,F3,4.151,0.669,3.317,8,P32,D_telinga
TE,Agem Kiri,4,Berdiri,F4,6.52,5.529,4.696,3,P32,D_telinga
TE,Agem Kiri,4,Berdiri,F7,2.144,0.411,3.648,4,P32,D_telinga
TE,Agem Kiri,4,Berdiri,F8,3.475,6.921,1.587,1,P32,D_telinga
TE,Agem Kiri,4,Berdiri,Fp2,1.158,-3.079,-1.369,4,P32,D_telinga
TE,Agem Kiri,4,Berdiri,O1,5.157,3.787,2.09,1,P32,D_telinga
TE,Agem Kiri,4,Berdiri,O2,5.785,3.428,1.43,7,P32,D_telinga
TE,Agem Kiri,4,Berdiri,P3,1.823,2.627,1.601,4,P32,D_telinga
TE,Agem Kiri,4,Berdiri,P4,3.939,1.716,0.051,5,P32,D_telinga
TE,Agem Kiri,4,Berdiri,T3,1.234,1.598,3.186,7,P32,D_telinga
TE,Agem Kiri,4,Berdiri,T4,0.587,0.174,0.84,8,P32,D_telinga
TE,Agem Kiri,4,Berdiri,T5,3.066,4.122,2.99,3,P32,D_telinga
TE,Agem Kiri,4,Berdiri,T6,5.358,-0.643,1.002,7,P32,D_telinga
TE,Agem Kiri,4,Gerak,C3,-4.697,-4.681,-3.1,2,P32,D_telinga
TE,Agem Kiri,4,Gerak,F7,-4.105,-3.753,-0.918,1,P32,D_telinga
TE,Agem Kiri,4,Gerak,O1,6.706,-4.589,-2.291,1,P32,D_telinga
TE,Agem Kiri,4,Gerak,P3,-5.207,-6.291,-6.084,2,P32,D_telinga
TE,Agem Kiri,4,Naik,F7,-4.401,-6.394,-2.791,1,P32,D_telinga
TE,Agem Kiri,4,Naik,O1,-3.379,-2.679,-1.071,2,P32,D_telinga
TE,Agem Kiri,4,Tahan,F3,-0.531,-3.464,-2.792,6,P32,D_telinga
TE,Agem Kiri,4,Tahan,F7,-0.975,-6.893,-9.158,1,P32,D_telinga
TE,Agem Kiri,4,Tahan,P3,-3.584,-4.739,0.809,4,P32,D_telinga
TE,Ngeed,1,Berdiri,C4,6.826,2.598,2.251,12,P32,D_telinga
TE,Ngeed,1,Berdiri,F4,4.293,4.854,2.275,5,P32,D_telinga
TE,Ngeed,1,Berdiri,F7,-3.757,-6.23,-6.527,4,P32,D_telinga
TE,Ngeed,1,Berdiri,F8,0.515,-1.535,-1.054,5,P32,D_telinga
TE,Ngeed,1,Berdiri,Fp1,-1.082,0.51,1.353,9,P32,D_telinga
TE,Ngeed,1,Berdiri,O1,-2.105,-5.336,-3.806,15,P32,D_telinga
TE,Ngeed,1,Berdiri,O2,4.168,2.722,-0.701,12,P32,D_telinga
TE,Ngeed,1,Berdiri,T4,6.66,0.623,-2.208,5,P32,D_telinga
TE,Ngeed,1,Berdiri,T5,2.027,-0.317,-1.549,11,P32,D_telinga
TE,Ngeed,1,Berdiri,T6,-0.963,-3.107,-6.783,5,P32,D_telinga
TE,Ngeed,1,Gerak,C3,1.806,-0.016,-1.27,2,P32,D_telinga
TE,Ngeed,1,Gerak,C4,7.182,2.587,5.258,3,P32,D_telinga
TE,Ngeed,1,Gerak,F3,-3.476,-2.01,-1.587,1,P32,D_telinga
TE,Ngeed,1,Gerak,F7,0.477,1.461,-0.889,3,P32,D_telinga
TE,Ngeed,1,Gerak,F8,4.311,0.234,4.346,1,P32,D_telinga
TE,Ngeed,1,Gerak,Fp2,4.949,-4.115,-2.137,3,P32,D_telinga
TE,Ngeed,1,Gerak,O2,7.598,3.785,5.291,3,P32,D_telinga
TE,Ngeed,1,Gerak,P3,-1.829,-9.88,-4.232,4,P32,D_telinga
TE,Ngeed,1,Gerak,P4,8.403,0.333,1.858,3,P32,D_telinga
TE,Ngeed,1,Gerak,T3,2.138,-3.422,-0.441,4,P32,D_telinga
TE,Ngeed,1,Gerak,T4,10.437,4.961,8.486,3,P32,D_telinga
TE,Ngeed,1,Gerak,T5,0.649,1.41,-1.788,2,P32,D_telinga
TE,Ngeed,1,Gerak,T6,7.94,-0.927,1.68,3,P32,D_telinga
TE,Ngeed,1,Naik,C4,7.285,4.07,-4.957,2,P32,D_telinga
TE,Ngeed,1,Naik,F4,11.489,11.511,-0.957,1,P32,D_telinga
TE,Ngeed,1,Naik,F7,-3.711,0.044,0.655,2,P32,D_telinga
TE,Ngeed,1,Naik,F8,7.594,5.424,-2.633,2,P32,D_telinga
TE,Ngeed,1,Naik,O2,3.78,2.947,-4.845,2,P32,D_telinga
TE,Ngeed,1,Naik,P4,3.58,2.991,-2.964,2,P32,D_telinga
TE,Ngeed,1,Naik,T6,7.389,-1.076,-2.305,2,P32,D_telinga
TE,Ngeed,2,Berdiri,C3,-2.264,-5.807,-5.857,4,P32,D_telinga
TE,Ngeed,2,Berdiri,C4,6.213,4.294,1.385,4,P32,D_telinga
TE,Ngeed,2,Berdiri,F3,-0.556,-1.633,0.385,5,P32,D_telinga
TE,Ngeed,2,Berdiri,F4,2.5,0.671,5.047,2,P32,D_telinga
TE,Ngeed,2,Berdiri,F7,-0.059,-3.163,-2.397,4,P32,D_telinga
TE,Ngeed,2,Berdiri,F8,2.872,2.471,2.536,3,P32,D_telinga
TE,Ngeed,2,Berdiri,Fp1,5.408,0.907,1.971,5,P32,D_telinga
TE,Ngeed,2,Berdiri,Fp2,7.246,0.047,2.514,1,P32,D_telinga
TE,Ngeed,2,Berdiri,O1,-2.5,-3.812,-5.926,8,P32,D_telinga
TE,Ngeed,2,Berdiri,O2,4.516,1.983,3.352,5,P32,D_telinga
TE,Ngeed,2,Berdiri,P3,-7.445,-5.261,-7.044,1,P32,D_telinga
TE,Ngeed,2,Berdiri,P4,10.604,2.893,8.28,1,P32,D_telinga
TE,Ngeed,2,Berdiri,T3,-1.249,-0.48,-1.512,4,P32,D_telinga
TE,Ngeed,2,Berdiri,T4,4.315,-2.941,0.071,3,P32,D_telinga
TE,Ngeed,2,Berdiri,T5,0.629,0.001,-1.125,4,P32,D_telinga
TE,Ngeed,2,Berdiri,T6,-3.156,-0.52,3.119,1,P32,D_telinga
TE,Ngeed,2,Naik,C3,3.281,-1.878,-0.661,2,P32,D_telinga
TE,Ngeed,2,Naik,F3,0.548,-5.291,-1.475,2,P32,D_telinga
TE,Ngeed,2,Naik,F7,-3.863,-3.654,-2.583,2,P32,D_telinga
TE,Ngeed,2,Naik,F8,-13.329,-10.083,-6.353,2,P32,D_telinga
TE,Ngeed,2,Naik,Fp1,2.088,-1.583,3.271,2,P32,D_telinga
TE,Ngeed,2,Naik,Fp2,-9.164,-5.565,-7.412,1,P32,D_telinga
TE,Ngeed,2,Naik,O1,-2.248,-0.41,-0.847,2,P32,D_telinga
TE,Ngeed,2,Naik,P3,2.631,-3.997,-0.839,2,P32,D_telinga
TE,Ngeed,2,Naik,T3,2.396,-3.724,-1.401,2,P32,D_telinga
TE,Ngeed,2,Naik,T5,2.199,0.431,-1.145,2,P32,D_telinga
TE,Ngeed,2,Tahan,C3,1.786,0.805,-1.657,4,P32,D_telinga
TE,Ngeed,2,Tahan,F3,-2.708,0.205,0.45,1,P32,D_telinga
TE,Ngeed,2,Tahan,F7,-7.862,-4.619,-6.09,1,P32,D_telinga
TE,Ngeed,2,Tahan,F8,6.124,2.76,0.6,4,P32,D_telinga
TE,Ngeed,2,Tahan,Fp1,-2.533,1.352,3.321,4,P32,D_telinga
TE,Ngeed,2,Tahan,O1,-0.405,0.339,-2.128,4,P32,D_telinga
TE,Ngeed,2,Tahan,P3,-0.034,-1.445,-2.975,4,P32,D_telinga
TE,Ngeed,2,Tahan,T3,0.411,1.631,-1.71,4,P32,D_telinga
TE,Ngeed,2,Tahan,T5,2.379,1.315,-1.806,1,P32,D_telinga
TE,Ngeed,3,Berdiri,C3,-0.539,2.114,2.193,10,P32,D_telinga
TE,Ngeed,3,Berdiri,C4,2.076,4.453,2.428,10,P32,D_telinga
TE,Ngeed,3,Berdiri,F3,-0.184,1.442,3.26,7,P32,D_telinga
TE,Ngeed,3,Berdiri,F4,3.247,6.792,1.609,5,P32,D_telinga
TE,Ngeed,3,Berdiri,F7,3.038,4.186,3.644,9,P32,D_telinga
TE,Ngeed,3,Berdiri,F8,7.072,6.319,4.296,2,P32,D_telinga
TE,Ngeed,3,Berdiri,Fp1,4.714,7.631,5.282,6,P32,D_telinga
TE,Ngeed,3,Berdiri,Fp2,0.806,2.681,1.793,3,P32,D_telinga
TE,Ngeed,3,Berdiri,O2,7.596,3.899,2.671,10,P32,D_telinga
TE,Ngeed,3,Berdiri,P3,0.365,1.62,2.476,10,P32,D_telinga
TE,Ngeed,3,Berdiri,P4,3.142,3.211,2.13,11,P32,D_telinga
TE,Ngeed,3,Berdiri,T3,-0.615,1.722,1.636,12,P32,D_telinga
TE,Ngeed,3,Berdiri,T4,1.369,2.766,1.122,7,P32,D_telinga
TE,Ngeed,3,Berdiri,T5,2.494,1.047,1.228,8,P32,D_telinga
TE,Ngeed,3,Berdiri,T6,-0.398,0.593,0.381,7,P32,D_telinga
TE,Ngeed,3,Naik,C4,10.245,4.886,2.369,2,P32,D_telinga
TE,Ngeed,3,Naik,F4,8.248,6.542,3.142,2,P32,D_telinga
TE,Ngeed,3,Naik,F7,-6.338,-8.932,-8.222,2,P32,D_telinga
TE,Ngeed,3,Naik,F8,9.471,6.328,5.386,1,P32,D_telinga
TE,Ngeed,3,Naik,Fp1,5.385,6.863,4.203,2,P32,D_telinga
TE,Ngeed,3,Naik,Fp2,6.164,2.203,-2.378,1,P32,D_telinga
TE,Ngeed,3,Naik,O1,-3.46,-3.363,-5.732,2,P32,D_telinga
TE,Ngeed,3,Naik,O2,9.278,6.549,0.921,2,P32,D_telinga
TE,Ngeed,3,Naik,P4,12.967,6.016,-3.583,1,P32,D_telinga
TE,Ngeed,3,Naik,T4,9.093,7.349,4.269,2,P32,D_telinga
TE,Ngeed,3,Naik,T5,3.13,2.767,-3.18,2,P32,D_telinga
TE,Ngeed,3,Naik,T6,9.964,2.569,-4.955,2,P32,D_telinga
TE,Ngeed,4,Berdiri,C3,4.189,0.577,3.14,11,P32,D_telinga
TE,Ngeed,4,Berdiri,C4,3.987,3.433,2.951,11,P32,D_telinga
TE,Ngeed,4,Berdiri,F3,3.956,0.831,2.646,11,P32,D_telinga
TE,Ngeed,4,Berdiri,F4,6.766,5.738,5.356,10,P32,D_telinga
TE,Ngeed,4,Berdiri,F7,0.261,3.297,1.485,5,P32,D_telinga
TE,Ngeed,4,Berdiri,F8,8.316,1.406,7.851,3,P32,D_telinga
TE,Ngeed,4,Berdiri,Fp1,5.561,4.777,6.77,2,P32,D_telinga
TE,Ngeed,4,Berdiri,Fp2,1.44,1.13,2.073,2,P32,D_telinga
TE,Ngeed,4,Berdiri,O1,0.961,0.843,1.763,6,P32,D_telinga
TE,Ngeed,4,Berdiri,O2,4.184,2.907,2.779,11,P32,D_telinga
TE,Ngeed,4,Berdiri,P3,3.842,0.27,2.133,7,P32,D_telinga
TE,Ngeed,4,Berdiri,P4,3.495,3.062,3.573,8,P32,D_telinga
TE,Ngeed,4,Berdiri,T3,2.96,0.143,1.945,7,P32,D_telinga
TE,Ngeed,4,Berdiri,T4,4.274,4.122,3.628,11,P32,D_telinga
TE,Ngeed,4,Berdiri,T5,3.282,0.941,0.012,7,P32,D_telinga
TE,Ngeed,4,Berdiri,T6,4.78,0.85,2.326,11,P32,D_telinga
TE,Ngeed,4,Naik,Fp1,1.033,7.235,4.653,2,P32,D_telinga
TE,Ngeed,4,Naik,O1,-4.285,-3.45,-3.888,1,P32,D_telinga
TE,Ngeed,4,Naik,T5,-4.306,4.003,-0.514,2,P32,D_telinga
TE,Ngeed,4,Tahan,F7,-13.484,-16.464,-10.83,3,P32,D_telinga
TE,Ngeed,4,Tahan,Fp1,-3.435,4.276,6.337,3,P32,D_telinga
TE,Ngeed,4,Tahan,O1,1.977,-2.736,-3.0,1,P32,D_telinga
TE,Ngeed,4,Tahan,T5,-5.453,2.214,-0.123,3,P32,D_telinga
TE,Agem Kanan,1,Berdiri,C3,-3.85,-5.522,-4.458,4,P32,A_belahan
TE,Agem Kanan,1,Berdiri,C4,5.401,-1.295,2.553,2,P32,A_belahan
TE,Agem Kanan,1,Berdiri,F4,3.041,4.746,2.273,5,P32,A_belahan
TE,Agem Kanan,1,Berdiri,F8,0.242,0.518,-1.938,6,P32,A_belahan
TE,Agem Kanan,1,Berdiri,Fp1,-3.809,-4.865,0.65,7,P32,A_belahan
TE,Agem Kanan,1,Berdiri,O1,0.156,-0.309,-0.058,7,P32,A_belahan
TE,Agem Kanan,1,Berdiri,O2,7.473,9.484,9.135,7,P32,A_belahan
TE,Agem Kanan,1,Berdiri,P3,-4.125,-4.023,-4.376,4,P32,A_belahan
TE,Agem Kanan,1,Berdiri,T4,2.482,6.415,5.496,4,P32,A_belahan
TE,Agem Kanan,1,Berdiri,T5,2.833,2.523,2.434,11,P32,A_belahan
TE,Agem Kanan,1,Gerak,F4,-0.249,6.333,5.918,3,P32,A_belahan
TE,Agem Kanan,1,Gerak,F8,-3.451,1.817,1.245,3,P32,A_belahan
TE,Agem Kanan,1,Gerak,O1,2.649,-3.942,-1.223,3,P32,A_belahan
TE,Agem Kanan,1,Gerak,P3,1.589,-4.166,-2.886,1,P32,A_belahan
TE,Agem Kanan,1,Gerak,T5,1.052,-5.383,-2.187,3,P32,A_belahan
TE,Agem Kanan,1,Naik,C4,3.318,0.783,0.65,2,P32,A_belahan
TE,Agem Kanan,1,Naik,F7,10.55,5.14,2.032,2,P32,A_belahan
TE,Agem Kanan,1,Naik,Fp2,0.98,-6.445,1.529,1,P32,A_belahan
TE,Agem Kanan,1,Naik,P4,2.856,3.646,1.1,2,P32,A_belahan
TE,Agem Kanan,1,Naik,T3,7.985,9.072,0.637,1,P32,A_belahan
TE,Agem Kanan,1,Naik,T4,3.231,1.941,1.37,2,P32,A_belahan
TE,Agem Kanan,1,Naik,T6,0.081,1.321,0.771,2,P32,A_belahan
TE,Agem Kanan,1,Tahan,C3,9.035,8.153,6.741,2,P32,A_belahan
TE,Agem Kanan,1,Tahan,F7,5.522,4.276,4.016,2,P32,A_belahan
TE,Agem Kanan,1,Tahan,Fp2,2.31,-0.944,0.15,5,P32,A_belahan
TE,Agem Kanan,1,Tahan,O1,-0.469,2.966,1.155,2,P32,A_belahan
TE,Agem Kanan,1,Tahan,P3,7.291,7.158,5.642,2,P32,A_belahan
TE,Agem Kanan,1,Tahan,P4,7.748,4.186,3.957,5,P32,A_belahan
TE,Agem Kanan,1,Tahan,T3,4.823,5.829,4.245,5,P32,A_belahan
TE,Agem Kanan,1,Tahan,T6,4.727,1.113,4.221,1,P32,A_belahan
TE,Agem Kanan,2,Berdiri,C3,-6.929,-5.279,-1.866,8,P32,A_belahan
TE,Agem Kanan,2,Berdiri,F3,-7.068,-5.637,-1.95,6,P32,A_belahan
TE,Agem Kanan,2,Berdiri,F4,3.27,3.414,2.709,15,P32,A_belahan
TE,Agem Kanan,2,Berdiri,F8,-0.105,-0.964,-2.087,14,P32,A_belahan
TE,Agem Kanan,2,Berdiri,Fp1,-2.891,-4.233,-3.745,3,P32,A_belahan
TE,Agem Kanan,2,Berdiri,O1,-3.842,-2.471,-1.312,15,P32,A_belahan
TE,Agem Kanan,2,Berdiri,P3,-6.211,-4.228,-1.989,11,P32,A_belahan
TE,Agem Kanan,2,Berdiri,T3,-6.419,-8.694,-2.249,1,P32,A_belahan
TE,Agem Kanan,2,Berdiri,T4,14.273,4.844,6.453,1,P32,A_belahan
TE,Agem Kanan,2,Berdiri,T5,-7.023,-4.052,-3.495,15,P32,A_belahan
TE,Agem Kanan,2,Gerak,C3,1.194,5.23,4.918,2,P32,A_belahan
TE,Agem Kanan,2,Gerak,F3,-0.914,0.868,2.018,1,P32,A_belahan
TE,Agem Kanan,2,Gerak,O1,2.933,1.173,-0.029,1,P32,A_belahan
TE,Agem Kanan,2,Gerak,P3,6.687,6.415,4.003,2,P32,A_belahan
TE,Agem Kanan,2,Gerak,T3,2.239,0.514,-5.064,1,P32,A_belahan
TE,Agem Kanan,2,Gerak,T5,-1.296,-3.299,-1.357,1,P32,A_belahan
TE,Agem Kanan,2,Naik,C4,9.902,6.006,6.847,2,P32,A_belahan
TE,Agem Kanan,2,Naik,F3,9.681,6.298,5.373,2,P32,A_belahan
TE,Agem Kanan,2,Naik,F7,4.395,3.167,2.23,2,P32,A_belahan
TE,Agem Kanan,2,Naik,Fp2,1.385,3.97,1.842,1,P32,A_belahan
TE,Agem Kanan,2,Naik,O2,9.551,9.614,9.89,2,P32,A_belahan
TE,Agem Kanan,2,Naik,P4,3.559,0.099,6.682,2,P32,A_belahan
TE,Agem Kanan,2,Naik,T3,7.251,1.222,3.358,2,P32,A_belahan
TE,Agem Kanan,2,Naik,T5,8.237,7.101,1.474,2,P32,A_belahan
TE,Agem Kanan,2,Naik,T6,6.592,5.757,5.81,2,P32,A_belahan
TE,Agem Kanan,2,Tahan,C3,12.237,7.151,4.611,6,P32,A_belahan
TE,Agem Kanan,2,Tahan,F3,11.667,6.982,7.955,2,P32,A_belahan
TE,Agem Kanan,2,Tahan,F7,7.229,7.71,6.784,3,P32,A_belahan
TE,Agem Kanan,2,Tahan,Fp2,1.962,3.3,1.357,6,P32,A_belahan
TE,Agem Kanan,2,Tahan,O1,10.167,5.89,0.323,4,P32,A_belahan
TE,Agem Kanan,2,Tahan,P3,8.305,6.179,3.381,6,P32,A_belahan
TE,Agem Kanan,2,Tahan,P4,6.499,1.825,4.901,6,P32,A_belahan
TE,Agem Kanan,2,Tahan,T3,10.232,4.824,4.378,6,P32,A_belahan
TE,Agem Kanan,2,Tahan,T4,10.207,12.337,8.784,1,P32,A_belahan
TE,Agem Kanan,2,Tahan,T6,9.28,9.758,5.612,6,P32,A_belahan
TE,Agem Kanan,3,Berdiri,C3,5.229,4.828,6.402,4,P32,A_belahan
TE,Agem Kanan,3,Berdiri,C4,3.835,0.984,-0.313,14,P32,A_belahan
TE,Agem Kanan,3,Berdiri,F4,2.484,-0.19,2.118,14,P32,A_belahan
TE,Agem Kanan,3,Berdiri,F7,4.372,2.068,-0.147,6,P32,A_belahan
TE,Agem Kanan,3,Berdiri,F8,6.173,-0.24,1.405,2,P32,A_belahan
TE,Agem Kanan,3,Berdiri,Fp2,1.283,-1.383,0.266,5,P32,A_belahan
TE,Agem Kanan,3,Berdiri,O1,4.459,4.463,3.497,6,P32,A_belahan
TE,Agem Kanan,3,Berdiri,O2,4.644,4.689,6.346,7,P32,A_belahan
TE,Agem Kanan,3,Berdiri,P3,5.305,4.214,3.671,4,P32,A_belahan
TE,Agem Kanan,3,Berdiri,P4,3.434,2.6,4.195,15,P32,A_belahan
TE,Agem Kanan,3,Berdiri,T3,4.483,4.506,3.158,6,P32,A_belahan
TE,Agem Kanan,3,Berdiri,T4,2.553,2.158,2.703,14,P32,A_belahan
TE,Agem Kanan,3,Berdiri,T5,4.394,2.402,4.192,8,P32,A_belahan
TE,Agem Kanan,3,Berdiri,T6,4.415,1.687,3.273,13,P32,A_belahan
TE,Agem Kanan,3,Gerak,F4,7.95,0.403,2.134,1,P32,A_belahan
TE,Agem Kanan,3,Gerak,T3,6.827,5.121,-0.166,1,P32,A_belahan
TE,Agem Kanan,3,Naik,C3,5.708,3.658,5.611,2,P32,A_belahan
TE,Agem Kanan,3,Naik,F4,5.219,2.417,3.382,2,P32,A_belahan
TE,Agem Kanan,3,Naik,P3,6.701,1.625,2.853,2,P32,A_belahan
TE,Agem Kanan,3,Naik,P4,4.395,7.191,5.651,2,P32,A_belahan
TE,Agem Kanan,3,Naik,T3,6.366,4.316,8.371,2,P32,A_belahan
TE,Agem Kanan,3,Naik,T5,4.102,7.082,7.506,2,P32,A_belahan
TE,Agem Kanan,3,Tahan,C3,4.336,0.821,1.75,4,P32,A_belahan
TE,Agem Kanan,3,Tahan,F3,2.44,-0.789,6.402,1,P32,A_belahan
TE,Agem Kanan,3,Tahan,F4,2.061,3.494,4.95,2,P32,A_belahan
TE,Agem Kanan,3,Tahan,F7,2.631,-1.394,3.262,4,P32,A_belahan
TE,Agem Kanan,3,Tahan,Fp1,6.079,2.131,4.038,2,P32,A_belahan
TE,Agem Kanan,3,Tahan,P3,1.922,0.524,-1.374,4,P32,A_belahan
TE,Agem Kanan,3,Tahan,T3,6.35,-0.078,1.111,2,P32,A_belahan
TE,Agem Kanan,3,Tahan,T5,8.314,-1.551,3.761,1,P32,A_belahan
TE,Agem Kanan,4,Berdiri,C3,5.491,2.892,2.201,15,P32,A_belahan
TE,Agem Kanan,4,Berdiri,C4,0.443,-1.131,0.477,15,P32,A_belahan
TE,Agem Kanan,4,Berdiri,F3,6.218,1.61,1.499,13,P32,A_belahan
TE,Agem Kanan,4,Berdiri,F4,3.238,3.284,2.021,14,P32,A_belahan
TE,Agem Kanan,4,Berdiri,F7,1.885,-0.87,0.751,14,P32,A_belahan
TE,Agem Kanan,4,Berdiri,F8,2.835,0.183,1.686,8,P32,A_belahan
TE,Agem Kanan,4,Berdiri,Fp2,3.186,-2.0,1.591,10,P32,A_belahan
TE,Agem Kanan,4,Berdiri,O1,2.081,-0.6,-1.099,15,P32,A_belahan
TE,Agem Kanan,4,Berdiri,O2,3.473,5.152,5.206,14,P32,A_belahan
TE,Agem Kanan,4,Berdiri,P3,5.952,2.317,0.814,15,P32,A_belahan
TE,Agem Kanan,4,Berdiri,P4,2.541,1.794,2.064,15,P32,A_belahan
TE,Agem Kanan,4,Berdiri,T3,1.352,0.833,0.353,14,P32,A_belahan
TE,Agem Kanan,4,Berdiri,T4,2.342,2.999,4.114,15,P32,A_belahan
TE,Agem Kanan,4,Berdiri,T5,5.243,-0.944,-1.577,15,P32,A_belahan
TE,Agem Kanan,4,Berdiri,T6,-1.244,-2.735,-0.586,15,P32,A_belahan
TE,Agem Kanan,4,Naik,C3,6.512,3.992,3.082,2,P32,A_belahan
TE,Agem Kanan,4,Naik,C4,6.654,3.129,2.769,2,P32,A_belahan
TE,Agem Kanan,4,Naik,F3,5.359,3.164,4.801,2,P32,A_belahan
TE,Agem Kanan,4,Naik,F4,2.179,4.475,4.992,2,P32,A_belahan
TE,Agem Kanan,4,Naik,O1,1.785,-1.166,2.501,1,P32,A_belahan
TE,Agem Kanan,4,Naik,O2,4.447,4.528,4.154,2,P32,A_belahan
TE,Agem Kanan,4,Naik,P3,6.528,3.627,0.702,2,P32,A_belahan
TE,Agem Kanan,4,Naik,P4,1.384,3.09,-0.031,2,P32,A_belahan
TE,Agem Kanan,4,Naik,T3,7.6,4.309,1.524,2,P32,A_belahan
TE,Agem Kanan,4,Naik,T5,9.702,3.555,5.751,1,P32,A_belahan
TE,Agem Kanan,4,Naik,T6,12.193,1.495,3.751,1,P32,A_belahan
TE,Agem Kanan,4,Tahan,C4,3.386,-3.949,4.625,1,P32,A_belahan
TE,Agem Kanan,4,Tahan,F4,8.459,5.817,8.241,1,P32,A_belahan
TE,Agem Kanan,4,Tahan,Fp2,1.479,1.531,4.92,1,P32,A_belahan
TE,Agem Kanan,4,Tahan,O1,7.809,4.802,3.143,5,P32,A_belahan
TE,Agem Kanan,4,Tahan,P4,9.672,-0.06,5.085,4,P32,A_belahan
TE,Agem Kiri,1,Berdiri,C3,-3.168,-4.106,-2.47,11,P32,A_belahan
TE,Agem Kiri,1,Berdiri,C4,6.098,3.985,1.99,1,P32,A_belahan
TE,Agem Kiri,1,Berdiri,F3,-5.922,-5.273,-3.799,8,P32,A_belahan
TE,Agem Kiri,1,Berdiri,F4,4.754,2.887,5.956,13,P32,A_belahan
TE,Agem Kiri,1,Berdiri,F8,3.458,-1.095,1.4,14,P32,A_belahan
TE,Agem Kiri,1,Berdiri,Fp1,-0.822,-2.393,-0.398,6,P32,A_belahan
TE,Agem Kiri,1,Berdiri,O1,0.098,2.928,-0.786,15,P32,A_belahan
TE,Agem Kiri,1,Berdiri,O2,6.638,7.266,6.974,1,P32,A_belahan
TE,Agem Kiri,1,Berdiri,P3,-2.325,-0.747,-1.178,13,P32,A_belahan
TE,Agem Kiri,1,Berdiri,T3,-2.924,-1.836,-6.174,3,P32,A_belahan
TE,Agem Kiri,1,Berdiri,T4,1.839,5.964,4.734,1,P32,A_belahan
TE,Agem Kiri,1,Berdiri,T5,-1.661,-1.995,-1.402,13,P32,A_belahan
TE,Agem Kiri,1,Gerak,C3,3.932,2.081,4.14,2,P32,A_belahan
TE,Agem Kiri,1,Gerak,O1,3.572,-1.356,2.525,1,P32,A_belahan
TE,Agem Kiri,1,Gerak,P3,3.093,2.773,2.709,1,P32,A_belahan
TE,Agem Kiri,1,Gerak,T3,0.801,-2.792,-2.678,1,P32,A_belahan
TE,Agem Kiri,1,Gerak,T5,1.961,-2.128,-1.764,1,P32,A_belahan
TE,Agem Kiri,1,Naik,C3,7.352,7.346,8.218,3,P32,A_belahan
TE,Agem Kiri,1,Naik,F3,2.609,7.284,9.118,1,P32,A_belahan
TE,Agem Kiri,1,Naik,O2,9.452,10.009,13.704,3,P32,A_belahan
TE,Agem Kiri,1,Naik,P4,8.281,4.29,6.579,1,P32,A_belahan
TE,Agem Kiri,1,Naik,T3,7.678,6.012,7.896,3,P32,A_belahan
TE,Agem Kiri,1,Naik,T6,6.051,5.624,7.666,3,P32,A_belahan
TE,Agem Kiri,1,Tahan,C3,7.41,6.329,6.854,2,P32,A_belahan
TE,Agem Kiri,1,Tahan,C4,3.124,-6.184,-1.329,2,P32,A_belahan
TE,Agem Kiri,1,Tahan,F3,7.586,8.078,5.58,2,P32,A_belahan
TE,Agem Kiri,1,Tahan,F4,0.8,3.681,-1.496,2,P32,A_belahan
TE,Agem Kiri,1,Tahan,F7,6.7,2.309,2.775,2,P32,A_belahan
TE,Agem Kiri,1,Tahan,F8,7.262,0.082,1.054,1,P32,A_belahan
TE,Agem Kiri,1,Tahan,Fp2,4.781,-2.516,1.908,2,P32,A_belahan
TE,Agem Kiri,1,Tahan,O2,4.923,0.179,-0.182,2,P32,A_belahan
TE,Agem Kiri,1,Tahan,P3,4.311,6.385,4.856,2,P32,A_belahan
TE,Agem Kiri,1,Tahan,P4,-0.618,1.522,2.155,2,P32,A_belahan
TE,Agem Kiri,1,Tahan,T3,-1.104,5.99,4.077,2,P32,A_belahan
TE,Agem Kiri,1,Tahan,T4,-2.068,-3.324,-5.226,2,P32,A_belahan
TE,Agem Kiri,1,Tahan,T5,0.528,4.197,6.274,2,P32,A_belahan
TE,Agem Kiri,1,Tahan,T6,-1.335,-0.56,-5.15,2,P32,A_belahan
TE,Agem Kiri,2,Berdiri,C3,0.502,0.375,1.068,12,P32,A_belahan
TE,Agem Kiri,2,Berdiri,F3,2.567,3.416,3.375,9,P32,A_belahan
TE,Agem Kiri,2,Berdiri,F4,9.013,4.943,6.889,2,P32,A_belahan
TE,Agem Kiri,2,Berdiri,F7,-3.058,2.931,-0.448,1,P32,A_belahan
TE,Agem Kiri,2,Berdiri,F8,5.811,0.428,2.215,2,P32,A_belahan
TE,Agem Kiri,2,Berdiri,O1,1.295,1.466,-1.33,10,P32,A_belahan
TE,Agem Kiri,2,Berdiri,P3,1.236,0.091,1.121,12,P32,A_belahan
TE,Agem Kiri,2,Berdiri,T3,-3.156,-0.228,-3.801,3,P32,A_belahan
TE,Agem Kiri,2,Berdiri,T5,-2.374,-4.093,-5.364,9,P32,A_belahan
TE,Agem Kiri,2,Gerak,C3,8.744,4.542,4.522,2,P32,A_belahan
TE,Agem Kiri,2,Gerak,P3,3.795,4.938,3.663,2,P32,A_belahan
TE,Agem Kiri,2,Gerak,P4,9.57,11.314,3.408,1,P32,A_belahan
TE,Agem Kiri,2,Gerak,T3,3.614,7.736,6.632,2,P32,A_belahan
TE,Agem Kiri,2,Gerak,T5,0.108,-0.008,-2.208,1,P32,A_belahan
TE,Agem Kiri,2,Naik,F3,4.255,7.27,2.329,2,P32,A_belahan
TE,Agem Kiri,2,Naik,F7,-0.351,3.362,2.575,2,P32,A_belahan
TE,Agem Kiri,2,Naik,F8,3.623,-1.587,1.506,1,P32,A_belahan
TE,Agem Kiri,2,Naik,Fp1,0.723,0.246,3.518,1,P32,A_belahan
TE,Agem Kiri,2,Naik,O2,1.395,5.02,7.243,2,P32,A_belahan
TE,Agem Kiri,2,Naik,P4,-0.214,0.688,-2.316,2,P32,A_belahan
TE,Agem Kiri,2,Naik,T3,7.105,1.539,2.048,2,P32,A_belahan
TE,Agem Kiri,2,Naik,T4,1.735,0.003,0.89,2,P32,A_belahan
TE,Agem Kiri,2,Naik,T5,2.147,3.273,3.212,2,P32,A_belahan
TE,Agem Kiri,2,Naik,T6,-1.547,0.848,-1.295,2,P32,A_belahan
TE,Agem Kiri,2,Tahan,C3,4.297,5.877,8.372,8,P32,A_belahan
TE,Agem Kiri,2,Tahan,C4,-0.519,-3.666,-4.825,1,P32,A_belahan
TE,Agem Kiri,2,Tahan,F3,8.145,5.501,4.255,5,P32,A_belahan
TE,Agem Kiri,2,Tahan,F4,7.27,5.559,2.344,8,P32,A_belahan
TE,Agem Kiri,2,Tahan,F7,4.094,2.712,3.924,8,P32,A_belahan
TE,Agem Kiri,2,Tahan,F8,5.908,0.428,0.122,4,P32,A_belahan
TE,Agem Kiri,2,Tahan,Fp2,-2.041,-1.296,0.227,8,P32,A_belahan
TE,Agem Kiri,2,Tahan,O1,5.966,3.514,1.165,3,P32,A_belahan
TE,Agem Kiri,2,Tahan,O2,7.618,5.252,5.304,4,P32,A_belahan
TE,Agem Kiri,2,Tahan,P3,3.946,6.072,3.912,5,P32,A_belahan
TE,Agem Kiri,2,Tahan,P4,3.959,3.626,1.781,8,P32,A_belahan
TE,Agem Kiri,2,Tahan,T3,6.719,2.121,4.426,8,P32,A_belahan
TE,Agem Kiri,2,Tahan,T4,-2.457,-0.519,-4.354,2,P32,A_belahan
TE,Agem Kiri,2,Tahan,T5,3.59,4.729,2.695,1,P32,A_belahan
TE,Agem Kiri,2,Tahan,T6,4.029,5.435,2.361,8,P32,A_belahan
TE,Agem Kiri,3,Berdiri,C3,14.628,9.552,9.827,4,P32,A_belahan
TE,Agem Kiri,3,Berdiri,C4,1.594,0.282,0.68,9,P32,A_belahan
TE,Agem Kiri,3,Berdiri,F3,12.351,9.088,9.987,2,P32,A_belahan
TE,Agem Kiri,3,Berdiri,F4,3.993,1.491,1.82,6,P32,A_belahan
TE,Agem Kiri,3,Berdiri,F7,2.517,4.311,7.227,4,P32,A_belahan
TE,Agem Kiri,3,Berdiri,Fp2,0.731,-3.102,-3.799,6,P32,A_belahan
TE,Agem Kiri,3,Berdiri,O1,5.605,4.016,5.842,8,P32,A_belahan
TE,Agem Kiri,3,Berdiri,O2,2.747,2.023,4.388,7,P32,A_belahan
TE,Agem Kiri,3,Berdiri,P3,7.461,8.103,10.096,2,P32,A_belahan
TE,Agem Kiri,3,Berdiri,P4,3.81,0.48,1.056,7,P32,A_belahan
TE,Agem Kiri,3,Berdiri,T3,8.241,8.993,8.382,1,P32,A_belahan
TE,Agem Kiri,3,Berdiri,T4,4.335,1.843,1.516,7,P32,A_belahan
TE,Agem Kiri,3,Berdiri,T5,4.825,2.87,6.753,6,P32,A_belahan
TE,Agem Kiri,3,Berdiri,T6,2.217,5.09,4.31,9,P32,A_belahan
TE,Agem Kiri,3,Gerak,C3,3.835,2.991,2.452,2,P32,A_belahan
TE,Agem Kiri,3,Gerak,C4,0.865,1.194,0.969,2,P32,A_belahan
TE,Agem Kiri,3,Gerak,F4,-4.09,-3.361,-2.56,1,P32,A_belahan
TE,Agem Kiri,3,Gerak,F7,3.147,4.684,1.587,1,P32,A_belahan
TE,Agem Kiri,3,Gerak,O1,-0.319,-0.373,-1.898,1,P32,A_belahan
TE,Agem Kiri,3,Gerak,O2,1.999,2.31,-2.229,1,P32,A_belahan
TE,Agem Kiri,3,Gerak,P3,2.828,1.733,0.478,2,P32,A_belahan
TE,Agem Kiri,3,Gerak,P4,-5.015,-3.702,-0.779,1,P32,A_belahan
TE,Agem Kiri,3,Gerak,T3,2.711,-0.754,-0.729,1,P32,A_belahan
TE,Agem Kiri,3,Gerak,T4,3.776,3.597,1.717,2,P32,A_belahan
TE,Agem Kiri,3,Gerak,T5,-2.36,1.427,-3.915,1,P32,A_belahan
TE,Agem Kiri,3,Gerak,T6,-0.015,-1.242,2.467,2,P32,A_belahan
TE,Agem Kiri,3,Naik,C4,4.455,-1.255,1.074,2,P32,A_belahan
TE,Agem Kiri,3,Naik,F7,4.089,-1.204,-0.412,2,P32,A_belahan
TE,Agem Kiri,3,Naik,Fp2,0.981,1.393,1.642,1,P32,A_belahan
TE,Agem Kiri,3,Naik,O1,1.552,-2.042,-1.615,2,P32,A_belahan
TE,Agem Kiri,3,Naik,O2,8.917,0.646,8.476,1,P32,A_belahan
TE,Agem Kiri,3,Naik,P4,4.632,2.476,4.892,2,P32,A_belahan
TE,Agem Kiri,3,Naik,T4,11.458,4.89,4.754,1,P32,A_belahan
TE,Agem Kiri,3,Naik,T5,5.556,1.726,4.404,2,P32,A_belahan
TE,Agem Kiri,3,Tahan,C4,2.846,2.315,5.899,5,P32,A_belahan
TE,Agem Kiri,3,Tahan,F3,7.13,4.686,6.103,5,P32,A_belahan
TE,Agem Kiri,3,Tahan,F4,7.314,6.988,9.302,4,P32,A_belahan
TE,Agem Kiri,3,Tahan,F7,5.392,-0.237,3.812,5,P32,A_belahan
TE,Agem Kiri,3,Tahan,O1,3.397,1.304,1.133,5,P32,A_belahan
TE,Agem Kiri,3,Tahan,O2,6.969,8.657,8.95,3,P32,A_belahan
TE,Agem Kiri,3,Tahan,P4,7.131,4.356,8.796,5,P32,A_belahan
TE,Agem Kiri,3,Tahan,T4,11.933,11.042,9.481,1,P32,A_belahan
TE,Agem Kiri,3,Tahan,T5,7.248,6.423,2.96,5,P32,A_belahan
TE,Agem Kiri,4,Berdiri,C3,2.661,4.209,7.984,11,P32,A_belahan
TE,Agem Kiri,4,Berdiri,C4,3.665,1.363,1.705,13,P32,A_belahan
TE,Agem Kiri,4,Berdiri,F3,7.553,5.308,5.827,9,P32,A_belahan
TE,Agem Kiri,4,Berdiri,F4,7.7,6.065,6.944,7,P32,A_belahan
TE,Agem Kiri,4,Berdiri,F7,2.987,-0.436,3.019,8,P32,A_belahan
TE,Agem Kiri,4,Berdiri,F8,1.113,5.539,0.507,1,P32,A_belahan
TE,Agem Kiri,4,Berdiri,Fp2,0.397,-3.28,1.12,13,P32,A_belahan
TE,Agem Kiri,4,Berdiri,O1,2.111,2.98,3.393,5,P32,A_belahan
TE,Agem Kiri,4,Berdiri,O2,7.407,3.962,5.623,10,P32,A_belahan
TE,Agem Kiri,4,Berdiri,P3,7.445,3.586,7.228,14,P32,A_belahan
TE,Agem Kiri,4,Berdiri,P4,3.679,2.57,2.632,13,P32,A_belahan
TE,Agem Kiri,4,Berdiri,T3,1.751,-0.969,1.719,9,P32,A_belahan
TE,Agem Kiri,4,Berdiri,T4,5.601,7.34,4.465,13,P32,A_belahan
TE,Agem Kiri,4,Berdiri,T5,6.022,3.742,3.013,7,P32,A_belahan
TE,Agem Kiri,4,Berdiri,T6,4.458,2.956,1.431,13,P32,A_belahan
TE,Agem Kiri,4,Gerak,C3,8.644,6.693,2.769,2,P32,A_belahan
TE,Agem Kiri,4,Gerak,C4,7.015,4.943,2.937,2,P32,A_belahan
TE,Agem Kiri,4,Gerak,F7,6.754,-0.028,2.191,1,P32,A_belahan
TE,Agem Kiri,4,Gerak,O1,6.848,1.929,-0.47,2,P32,A_belahan
TE,Agem Kiri,4,Gerak,P3,7.129,6.047,-1.09,2,P32,A_belahan
TE,Agem Kiri,4,Gerak,P4,6.283,3.871,3.28,1,P32,A_belahan
TE,Agem Kiri,4,Gerak,T3,3.755,3.664,1.259,1,P32,A_belahan
TE,Agem Kiri,4,Naik,C4,8.896,2.581,4.448,2,P32,A_belahan
TE,Agem Kiri,4,Naik,F7,1.871,3.007,0.237,1,P32,A_belahan
TE,Agem Kiri,4,Naik,O1,2.144,0.633,2.589,1,P32,A_belahan
TE,Agem Kiri,4,Naik,P3,1.556,5.993,7.949,1,P32,A_belahan
TE,Agem Kiri,4,Naik,T4,5.197,7.596,6.808,2,P32,A_belahan
TE,Agem Kiri,4,Tahan,C4,10.62,5.942,6.913,6,P32,A_belahan
TE,Agem Kiri,4,Tahan,F3,10.094,9.77,7.597,4,P32,A_belahan
TE,Agem Kiri,4,Tahan,F7,4.236,-0.6,-2.305,1,P32,A_belahan
TE,Agem Kiri,4,Tahan,O1,4.567,3.892,1.021,2,P32,A_belahan
TE,Agem Kiri,4,Tahan,O2,12.406,7.291,10.602,3,P32,A_belahan
TE,Agem Kiri,4,Tahan,P3,-1.149,-2.626,-0.366,1,P32,A_belahan
TE,Agem Kiri,4,Tahan,P4,6.242,10.992,5.779,2,P32,A_belahan
TE,Agem Kiri,4,Tahan,T4,10.051,10.319,7.41,2,P32,A_belahan
TE,Agem Kiri,4,Tahan,T5,1.445,-3.008,-0.878,1,P32,A_belahan
TE,Agem Kiri,4,Tahan,T6,7.671,9.229,5.609,5,P32,A_belahan
TE,Ngeed,1,Berdiri,C4,-2.617,-4.385,-3.605,12,P32,A_belahan
TE,Ngeed,1,Berdiri,F4,5.042,1.194,0.732,10,P32,A_belahan
TE,Ngeed,1,Berdiri,F7,2.049,1.206,-2.27,4,P32,A_belahan
TE,Ngeed,1,Berdiri,F8,-3.426,-8.054,-7.078,10,P32,A_belahan
TE,Ngeed,1,Berdiri,Fp1,2.051,0.361,-0.985,12,P32,A_belahan
TE,Ngeed,1,Berdiri,O1,-1.356,-2.822,-4.38,15,P32,A_belahan
TE,Ngeed,1,Berdiri,O2,5.168,1.779,3.408,12,P32,A_belahan
TE,Ngeed,1,Berdiri,T4,5.47,0.589,-0.567,11,P32,A_belahan
TE,Ngeed,1,Berdiri,T5,4.202,1.69,0.433,15,P32,A_belahan
TE,Ngeed,1,Berdiri,T6,5.911,1.945,3.716,5,P32,A_belahan
TE,Ngeed,1,Gerak,C3,2.303,4.109,3.879,4,P32,A_belahan
TE,Ngeed,1,Gerak,C4,3.014,-3.788,-4.374,4,P32,A_belahan
TE,Ngeed,1,Gerak,F3,0.341,2.986,-0.648,2,P32,A_belahan
TE,Ngeed,1,Gerak,F7,4.933,0.944,-1.152,4,P32,A_belahan
TE,Ngeed,1,Gerak,F8,-1.845,-3.068,2.232,3,P32,A_belahan
TE,Ngeed,1,Gerak,Fp2,-3.138,-6.688,-1.857,3,P32,A_belahan
TE,Ngeed,1,Gerak,O2,9.385,0.491,1.013,3,P32,A_belahan
TE,Ngeed,1,Gerak,P3,4.41,1.612,0.797,4,P32,A_belahan
TE,Ngeed,1,Gerak,P4,2.315,-0.432,1.54,4,P32,A_belahan
TE,Ngeed,1,Gerak,T3,6.35,0.243,1.204,3,P32,A_belahan
TE,Ngeed,1,Gerak,T4,10.088,3.016,1.849,4,P32,A_belahan
TE,Ngeed,1,Gerak,T5,2.5,1.925,1.632,3,P32,A_belahan
TE,Ngeed,1,Gerak,T6,2.57,1.942,-1.599,3,P32,A_belahan
TE,Ngeed,1,Naik,C4,-0.327,-1.865,-4.952,2,P32,A_belahan
TE,Ngeed,1,Naik,F4,5.121,4.632,1.216,2,P32,A_belahan
TE,Ngeed,1,Naik,F7,5.828,-0.798,2.469,2,P32,A_belahan
TE,Ngeed,1,Naik,F8,3.977,-4.059,-4.561,2,P32,A_belahan
TE,Ngeed,1,Naik,Fp2,1.477,-2.038,0.947,2,P32,A_belahan
TE,Ngeed,1,Naik,O2,1.707,3.631,-3.978,2,P32,A_belahan
TE,Ngeed,1,Naik,P4,-3.54,-3.277,-3.007,2,P32,A_belahan
TE,Ngeed,1,Naik,T4,9.678,-5.14,-1.977,2,P32,A_belahan
TE,Ngeed,1,Naik,T5,3.814,1.946,2.386,1,P32,A_belahan
TE,Ngeed,1,Naik,T6,4.368,1.372,-1.538,2,P32,A_belahan
TE,Ngeed,2,Berdiri,C3,8.808,4.542,5.026,7,P32,A_belahan
TE,Ngeed,2,Berdiri,C4,1.332,2.141,3.054,12,P32,A_belahan
TE,Ngeed,2,Berdiri,F3,8.249,4.967,5.813,4,P32,A_belahan
TE,Ngeed,2,Berdiri,F4,5.975,4.442,3.88,4,P32,A_belahan
TE,Ngeed,2,Berdiri,F7,5.052,0.487,1.772,8,P32,A_belahan
TE,Ngeed,2,Berdiri,F8,0.324,-1.274,-1.742,3,P32,A_belahan
TE,Ngeed,2,Berdiri,Fp1,-1.27,-4.414,-2.996,6,P32,A_belahan
TE,Ngeed,2,Berdiri,Fp2,-2.859,1.677,3.479,2,P32,A_belahan
TE,Ngeed,2,Berdiri,O1,2.521,0.989,-1.064,10,P32,A_belahan
TE,Ngeed,2,Berdiri,O2,7.551,4.905,6.705,9,P32,A_belahan
TE,Ngeed,2,Berdiri,P3,8.104,5.55,2.031,3,P32,A_belahan
TE,Ngeed,2,Berdiri,P4,2.136,1.809,4.18,5,P32,A_belahan
TE,Ngeed,2,Berdiri,T3,6.038,4.099,3.52,7,P32,A_belahan
TE,Ngeed,2,Berdiri,T4,0.63,4.431,3.97,7,P32,A_belahan
TE,Ngeed,2,Berdiri,T5,2.184,0.748,1.744,9,P32,A_belahan
TE,Ngeed,2,Berdiri,T6,9.365,7.727,3.953,7,P32,A_belahan
TE,Ngeed,2,Gerak,F4,3.063,-3.267,0.244,1,P32,A_belahan
TE,Ngeed,2,Gerak,F8,-0.139,-7.782,-4.43,1,P32,A_belahan
TE,Ngeed,2,Naik,C3,4.336,0.89,2.412,2,P32,A_belahan
TE,Ngeed,2,Naik,F3,5.173,-1.012,1.699,2,P32,A_belahan
TE,Ngeed,2,Naik,F7,2.297,1.514,-0.737,2,P32,A_belahan
TE,Ngeed,2,Naik,F8,-12.435,-9.463,-9.708,1,P32,A_belahan
TE,Ngeed,2,Naik,Fp1,2.165,-0.669,-0.77,2,P32,A_belahan
TE,Ngeed,2,Naik,Fp2,-14.502,-11.33,-12.278,1,P32,A_belahan
TE,Ngeed,2,Naik,O1,4.047,0.981,2.567,2,P32,A_belahan
TE,Ngeed,2,Naik,P3,2.765,-3.786,2.669,2,P32,A_belahan
TE,Ngeed,2,Naik,T3,4.462,-3.594,-1.071,2,P32,A_belahan
TE,Ngeed,2,Naik,T5,1.843,-0.288,-3.642,2,P32,A_belahan
TE,Ngeed,2,Tahan,C3,1.549,1.197,1.521,4,P32,A_belahan
TE,Ngeed,2,Tahan,F3,4.028,5.214,6.465,4,P32,A_belahan
TE,Ngeed,2,Tahan,F7,-1.187,-0.903,-2.1,1,P32,A_belahan
TE,Ngeed,2,Tahan,Fp1,-1.581,-0.278,-0.577,4,P32,A_belahan
TE,Ngeed,2,Tahan,O1,0.048,3.416,1.283,4,P32,A_belahan
TE,Ngeed,2,Tahan,P3,-2.809,-2.715,-0.02,4,P32,A_belahan
TE,Ngeed,2,Tahan,T3,-2.951,1.264,-1.437,4,P32,A_belahan
TE,Ngeed,2,Tahan,T5,0.488,-1.047,-2.974,1,P32,A_belahan
TE,Ngeed,3,Berdiri,C3,4.377,0.885,4.866,15,P32,A_belahan
TE,Ngeed,3,Berdiri,C4,1.204,0.71,0.246,12,P32,A_belahan
TE,Ngeed,3,Berdiri,F3,1.274,5.813,7.975,6,P32,A_belahan
TE,Ngeed,3,Berdiri,F4,4.297,3.163,2.033,11,P32,A_belahan
TE,Ngeed,3,Berdiri,F7,4.1,2.358,2.57,10,P32,A_belahan
TE,Ngeed,3,Berdiri,F8,5.227,4.627,2.475,3,P32,A_belahan
TE,Ngeed,3,Berdiri,Fp1,4.207,5.423,2.516,6,P32,A_belahan
TE,Ngeed,3,Berdiri,Fp2,1.677,3.122,2.594,9,P32,A_belahan
TE,Ngeed,3,Berdiri,O1,1.652,1.158,0.34,10,P32,A_belahan
TE,Ngeed,3,Berdiri,O2,7.793,4.259,3.474,11,P32,A_belahan
TE,Ngeed,3,Berdiri,P3,5.489,2.68,2.715,14,P32,A_belahan
TE,Ngeed,3,Berdiri,P4,5.761,2.104,2.888,15,P32,A_belahan
TE,Ngeed,3,Berdiri,T3,-1.024,-0.822,-2.062,12,P32,A_belahan
TE,Ngeed,3,Berdiri,T4,-0.592,-0.548,0.412,7,P32,A_belahan
TE,Ngeed,3,Berdiri,T5,2.728,1.927,-1.283,10,P32,A_belahan
TE,Ngeed,3,Berdiri,T6,3.808,1.832,0.854,11,P32,A_belahan
TE,Ngeed,3,Gerak,C3,7.449,2.012,4.28,2,P32,A_belahan
TE,Ngeed,3,Gerak,P3,5.811,6.139,6.42,1,P32,A_belahan
TE,Ngeed,3,Gerak,P4,7.53,8.067,7.061,2,P32,A_belahan
TE,Ngeed,3,Gerak,T3,8.505,7.704,9.959,2,P32,A_belahan
TE,Ngeed,3,Gerak,T5,7.882,9.124,2.995,2,P32,A_belahan
TE,Ngeed,3,Gerak,T6,4.186,9.95,5.289,1,P32,A_belahan
TE,Ngeed,3,Naik,C4,1.41,0.651,-0.928,2,P32,A_belahan
TE,Ngeed,3,Naik,F4,2.501,-0.043,0.13,2,P32,A_belahan
TE,Ngeed,3,Naik,F7,-1.885,-0.398,-4.74,2,P32,A_belahan
TE,Ngeed,3,Naik,F8,5.073,-1.007,2.417,1,P32,A_belahan
TE,Ngeed,3,Naik,Fp1,-1.925,-0.212,-2.858,2,P32,A_belahan
TE,Ngeed,3,Naik,Fp2,1.649,0.976,-2.14,2,P32,A_belahan
TE,Ngeed,3,Naik,O1,2.725,3.164,-3.992,2,P32,A_belahan
TE,Ngeed,3,Naik,O2,4.793,2.799,1.324,2,P32,A_belahan
TE,Ngeed,3,Naik,P4,7.214,-1.403,-4.594,2,P32,A_belahan
TE,Ngeed,3,Naik,T4,4.516,3.61,1.134,2,P32,A_belahan
TE,Ngeed,3,Naik,T5,0.048,1.116,-2.549,2,P32,A_belahan
TE,Ngeed,3,Naik,T6,5.123,-3.29,-2.468,2,P32,A_belahan
TE,Ngeed,4,Berdiri,C3,4.78,2.24,0.975,15,P32,A_belahan
TE,Ngeed,4,Berdiri,C4,2.881,0.934,2.621,15,P32,A_belahan
TE,Ngeed,4,Berdiri,F3,2.543,2.606,2.743,12,P32,A_belahan
TE,Ngeed,4,Berdiri,F4,2.978,1.398,1.303,11,P32,A_belahan
TE,Ngeed,4,Berdiri,F7,0.61,3.77,3.585,11,P32,A_belahan
TE,Ngeed,4,Berdiri,F8,4.634,1.639,5.788,10,P32,A_belahan
TE,Ngeed,4,Berdiri,Fp1,3.979,4.483,4.013,7,P32,A_belahan
TE,Ngeed,4,Berdiri,Fp2,3.901,2.041,3.072,10,P32,A_belahan
TE,Ngeed,4,Berdiri,O1,1.004,2.108,1.382,15,P32,A_belahan
TE,Ngeed,4,Berdiri,O2,1.148,0.722,1.493,11,P32,A_belahan
TE,Ngeed,4,Berdiri,P3,3.495,0.384,-0.003,12,P32,A_belahan
TE,Ngeed,4,Berdiri,P4,2.738,1.271,2.788,15,P32,A_belahan
TE,Ngeed,4,Berdiri,T3,-0.042,-0.988,0.103,11,P32,A_belahan
TE,Ngeed,4,Berdiri,T4,2.141,0.904,2.633,12,P32,A_belahan
TE,Ngeed,4,Berdiri,T5,2.037,1.054,-0.524,12,P32,A_belahan
TE,Ngeed,4,Berdiri,T6,3.992,-1.649,0.136,11,P32,A_belahan
TE,Ngeed,4,Naik,C4,4.594,3.897,0.801,2,P32,A_belahan
TE,Ngeed,4,Naik,F4,4.947,2.957,5.641,2,P32,A_belahan
TE,Ngeed,4,Naik,Fp1,-4.53,-0.437,-4.071,2,P32,A_belahan
TE,Ngeed,4,Naik,O1,-0.956,1.734,-4.07,2,P32,A_belahan
TE,Ngeed,4,Naik,O2,9.196,4.412,3.905,2,P32,A_belahan
TE,Ngeed,4,Naik,P4,4.719,3.301,2.921,2,P32,A_belahan
TE,Ngeed,4,Naik,T4,2.798,4.473,2.968,2,P32,A_belahan
TE,Ngeed,4,Naik,T5,-6.35,0.295,-1.183,2,P32,A_belahan
TE,Ngeed,4,Naik,T6,4.864,1.819,2.632,2,P32,A_belahan
TE,Ngeed,4,Tahan,C4,0.83,7.363,9.832,3,P32,A_belahan
TE,Ngeed,4,Tahan,F7,-1.557,0.644,-2.38,3,P32,A_belahan
TE,Ngeed,4,Tahan,Fp1,-7.319,-3.614,0.06,3,P32,A_belahan
TE,Ngeed,4,Tahan,O1,0.919,-2.199,-0.964,1,P32,A_belahan
TE,Ngeed,4,Tahan,O2,8.245,9.693,7.705,1,P32,A_belahan
TE,Ngeed,4,Tahan,P4,9.486,6.398,7.81,3,P32,A_belahan
TE,Ngeed,4,Tahan,T4,9.831,8.252,11.535,3,P32,A_belahan
TE,Ngeed,4,Tahan,T5,-4.735,0.083,0.937,3,P32,A_belahan
TE,Agem Kanan,1,Berdiri,C3,-3.966,-6.703,-7.36,4,P32,B_rata16
TE,Agem Kanan,1,Berdiri,C4,4.799,2.977,9.234,4,P32,B_rata16
TE,Agem Kanan,1,Berdiri,F4,0.837,3.445,0.019,3,P32,B_rata16
TE,Agem Kanan,1,Berdiri,F8,2.749,2.843,1.755,5,P32,B_rata16
TE,Agem Kanan,1,Berdiri,Fp1,-5.94,-1.547,3.412,6,P32,B_rata16
TE,Agem Kanan,1,Berdiri,O1,-2.652,-2.618,-4.131,6,P32,B_rata16
TE,Agem Kanan,1,Berdiri,O2,4.964,4.453,4.424,7,P32,B_rata16
TE,Agem Kanan,1,Berdiri,P3,-3.992,-7.436,-6.336,4,P32,B_rata16
TE,Agem Kanan,1,Berdiri,T4,2.814,6.024,6.003,4,P32,B_rata16
TE,Agem Kanan,1,Berdiri,T5,-4.472,-5.044,-6.249,6,P32,B_rata16
TE,Agem Kanan,1,Berdiri,T6,6.363,4.04,3.111,1,P32,B_rata16
TE,Agem Kanan,1,Naik,C4,5.694,6.301,3.489,1,P32,B_rata16
TE,Agem Kanan,1,Naik,O2,8.137,5.636,1.36,2,P32,B_rata16
TE,Agem Kanan,1,Naik,P4,2.57,4.323,2.422,2,P32,B_rata16
TE,Agem Kanan,1,Naik,T4,3.84,10.085,8.061,2,P32,B_rata16
TE,Agem Kanan,1,Naik,T6,-0.463,0.335,-2.28,2,P32,B_rata16
TE,Agem Kanan,1,Tahan,C3,5.041,5.032,-1.079,2,P32,B_rata16
TE,Agem Kanan,1,Tahan,C4,10.436,8.847,4.0,1,P32,B_rata16
TE,Agem Kanan,1,Tahan,F7,9.841,6.562,4.159,4,P32,B_rata16
TE,Agem Kanan,1,Tahan,O1,7.148,3.823,-3.74,2,P32,B_rata16
TE,Agem Kanan,1,Tahan,O2,10.002,7.448,4.835,1,P32,B_rata16
TE,Agem Kanan,1,Tahan,P3,4.312,5.646,-0.697,2,P32,B_rata16
TE,Agem Kanan,1,Tahan,P4,4.987,5.225,-1.245,2,P32,B_rata16
TE,Agem Kanan,1,Tahan,T4,11.496,8.6,7.149,5,P32,B_rata16
TE,Agem Kanan,1,Tahan,T6,6.208,1.394,0.026,5,P32,B_rata16
TE,Agem Kanan,2,Berdiri,C3,-3.333,-5.353,-3.885,8,P32,B_rata16
TE,Agem Kanan,2,Berdiri,F3,-4.72,-4.118,-4.345,6,P32,B_rata16
TE,Agem Kanan,2,Berdiri,F4,3.849,2.498,1.5,14,P32,B_rata16
TE,Agem Kanan,2,Berdiri,F8,3.995,6.331,2.504,10,P32,B_rata16
TE,Agem Kanan,2,Berdiri,Fp1,7.352,1.584,1.951,2,P32,B_rata16
TE,Agem Kanan,2,Berdiri,O1,0.686,-1.404,-2.149,15,P32,B_rata16
TE,Agem Kanan,2,Berdiri,O2,10.513,1.685,1.138,1,P32,B_rata16
TE,Agem Kanan,2,Berdiri,P3,-2.62,-3.663,-2.468,11,P32,B_rata16
TE,Agem Kanan,2,Berdiri,T3,-8.552,-9.122,-7.29,1,P32,B_rata16
TE,Agem Kanan,2,Berdiri,T4,8.466,3.898,1.88,1,P32,B_rata16
TE,Agem Kanan,2,Berdiri,T5,-1.31,-2.36,-3.335,14,P32,B_rata16
TE,Agem Kanan,2,Gerak,C3,0.359,-0.001,-1.449,1,P32,B_rata16
TE,Agem Kanan,2,Gerak,P3,2.788,3.746,-1.211,1,P32,B_rata16
TE,Agem Kanan,2,Gerak,T3,-4.838,-2.285,-9.071,1,P32,B_rata16
TE,Agem Kanan,2,Naik,C4,7.301,3.101,2.994,2,P32,B_rata16
TE,Agem Kanan,2,Naik,F7,5.865,6.016,2.189,1,P32,B_rata16
TE,Agem Kanan,2,Naik,O2,6.048,2.711,0.806,2,P32,B_rata16
TE,Agem Kanan,2,Naik,P4,2.954,0.866,4.433,2,P32,B_rata16
TE,Agem Kanan,2,Naik,T3,4.078,2.866,3.414,2,P32,B_rata16
TE,Agem Kanan,2,Naik,T4,11.759,7.413,5.431,2,P32,B_rata16
TE,Agem Kanan,2,Naik,T6,0.337,-1.49,-0.198,2,P32,B_rata16
TE,Agem Kanan,2,Tahan,O2,5.365,2.159,2.907,1,P32,B_rata16
TE,Agem Kanan,3,Berdiri,C3,4.544,2.615,4.286,3,P32,B_rata16
TE,Agem Kanan,3,Berdiri,C4,2.002,5.888,6.417,12,P32,B_rata16
TE,Agem Kanan,3,Berdiri,F4,4.732,3.898,2.697,9,P32,B_rata16
TE,Agem Kanan,3,Berdiri,F7,3.164,2.636,0.018,3,P32,B_rata16
TE,Agem Kanan,3,Berdiri,F8,6.572,1.397,3.16,2,P32,B_rata16
TE,Agem Kanan,3,Berdiri,Fp2,-0.439,-1.32,-1.101,4,P32,B_rata16
TE,Agem Kanan,3,Berdiri,O1,4.215,2.83,4.218,2,P32,B_rata16
TE,Agem Kanan,3,Berdiri,O2,5.148,1.317,4.659,7,P32,B_rata16
TE,Agem Kanan,3,Berdiri,P3,3.533,1.247,2.714,3,P32,B_rata16
TE,Agem Kanan,3,Berdiri,P4,1.299,-0.194,0.547,8,P32,B_rata16
TE,Agem Kanan,3,Berdiri,T3,1.189,1.415,2.098,2,P32,B_rata16
TE,Agem Kanan,3,Berdiri,T4,5.127,7.243,5.141,9,P32,B_rata16
TE,Agem Kanan,3,Berdiri,T5,4.478,3.362,-0.507,2,P32,B_rata16
TE,Agem Kanan,3,Berdiri,T6,2.46,-0.372,0.265,6,P32,B_rata16
TE,Agem Kanan,3,Tahan,C3,7.431,1.155,2.168,2,P32,B_rata16
TE,Agem Kanan,3,Tahan,P3,5.094,-0.526,0.958,2,P32,B_rata16
TE,Agem Kanan,3,Tahan,T3,4.85,-1.521,-0.525,2,P32,B_rata16
TE,Agem Kanan,4,Berdiri,C3,5.688,0.699,2.965,15,P32,B_rata16
TE,Agem Kanan,4,Berdiri,C4,5.977,4.41,3.472,15,P32,B_rata16
TE,Agem Kanan,4,Berdiri,F3,3.724,-0.175,2.993,13,P32,B_rata16
TE,Agem Kanan,4,Berdiri,F4,4.517,4.416,4.371,11,P32,B_rata16
TE,Agem Kanan,4,Berdiri,F7,0.523,-1.134,1.849,13,P32,B_rata16
TE,Agem Kanan,4,Berdiri,F8,4.956,4.038,3.918,8,P32,B_rata16
TE,Agem Kanan,4,Berdiri,Fp2,-2.785,1.292,4.339,2,P32,B_rata16
TE,Agem Kanan,4,Berdiri,O1,1.93,-0.415,0.501,11,P32,B_rata16
TE,Agem Kanan,4,Berdiri,O2,1.782,1.993,1.624,13,P32,B_rata16
TE,Agem Kanan,4,Berdiri,P3,5.081,1.546,2.618,14,P32,B_rata16
TE,Agem Kanan,4,Berdiri,P4,2.091,-0.597,2.03,11,P32,B_rata16
TE,Agem Kanan,4,Berdiri,T3,1.361,-1.082,1.794,12,P32,B_rata16
TE,Agem Kanan,4,Berdiri,T4,4.185,5.282,4.191,15,P32,B_rata16
TE,Agem Kanan,4,Berdiri,T5,1.503,-1.223,-1.208,12,P32,B_rata16
TE,Agem Kanan,4,Berdiri,T6,0.951,-1.135,1.556,13,P32,B_rata16
TE,Agem Kanan,4,Naik,C4,3.89,9.974,5.875,2,P32,B_rata16
TE,Agem Kanan,4,Naik,O2,5.954,4.17,5.878,1,P32,B_rata16
TE,Agem Kanan,4,Naik,P3,5.567,2.134,0.018,2,P32,B_rata16
TE,Agem Kanan,4,Naik,P4,3.471,5.405,3.457,2,P32,B_rata16
TE,Agem Kanan,4,Naik,T3,5.734,-1.436,-1.08,2,P32,B_rata16
TE,Agem Kanan,4,Tahan,C4,8.193,7.774,8.543,1,P32,B_rata16
TE,Agem Kiri,1,Berdiri,C3,-0.903,-4.388,-3.604,11,P32,B_rata16
TE,Agem Kiri,1,Berdiri,C4,9.564,2.317,3.161,1,P32,B_rata16
TE,Agem Kiri,1,Berdiri,F3,-6.863,-5.69,-4.005,8,P32,B_rata16
TE,Agem Kiri,1,Berdiri,F4,0.819,6.48,7.38,2,P32,B_rata16
TE,Agem Kiri,1,Berdiri,F8,4.149,3.852,4.961,7,P32,B_rata16
TE,Agem Kiri,1,Berdiri,Fp1,3.687,1.787,3.599,6,P32,B_rata16
TE,Agem Kiri,1,Berdiri,O1,-0.64,-0.274,-2.28,14,P32,B_rata16
TE,Agem Kiri,1,Berdiri,O2,6.548,6.263,1.426,2,P32,B_rata16
TE,Agem Kiri,1,Berdiri,P3,-1.277,-3.338,-3.84,13,P32,B_rata16
TE,Agem Kiri,1,Berdiri,T3,-6.092,-4.631,-7.683,3,P32,B_rata16
TE,Agem Kiri,1,Berdiri,T5,-2.827,-1.386,-2.874,13,P32,B_rata16
TE,Agem Kiri,1,Gerak,P3,6.265,0.982,-1.544,1,P32,B_rata16
TE,Agem Kiri,1,Naik,C3,5.227,1.784,7.192,2,P32,B_rata16
TE,Agem Kiri,1,Naik,C4,11.498,10.623,9.278,1,P32,B_rata16
TE,Agem Kiri,1,Naik,O2,7.154,3.502,6.929,3,P32,B_rata16
TE,Agem Kiri,1,Naik,T4,9.066,8.663,10.515,1,P32,B_rata16
TE,Agem Kiri,1,Naik,T6,-0.174,0.284,2.921,3,P32,B_rata16
TE,Agem Kiri,1,Tahan,C4,4.622,4.085,5.116,2,P32,B_rata16
TE,Agem Kiri,1,Tahan,F3,4.941,4.477,4.535,1,P32,B_rata16
TE,Agem Kiri,1,Tahan,F4,6.833,7.202,3.341,2,P32,B_rata16
TE,Agem Kiri,1,Tahan,F7,-1.614,1.299,0.458,2,P32,B_rata16
TE,Agem Kiri,1,Tahan,O2,7.302,1.713,4.294,2,P32,B_rata16
TE,Agem Kiri,1,Tahan,P3,7.444,0.841,1.993,2,P32,B_rata16
TE,Agem Kiri,1,Tahan,P4,5.031,-1.157,2.949,2,P32,B_rata16
TE,Agem Kiri,1,Tahan,T3,3.702,3.807,3.67,2,P32,B_rata16
TE,Agem Kiri,1,Tahan,T4,7.273,6.651,5.556,2,P32,B_rata16
TE,Agem Kiri,1,Tahan,T6,3.007,-2.766,-0.045,2,P32,B_rata16
TE,Agem Kiri,2,Berdiri,C3,1.186,-0.165,2.203,13,P32,B_rata16
TE,Agem Kiri,2,Berdiri,F3,-0.487,1.154,3.977,10,P32,B_rata16
TE,Agem Kiri,2,Berdiri,F7,-0.077,-0.797,0.982,1,P32,B_rata16
TE,Agem Kiri,2,Berdiri,O1,2.296,1.112,1.305,10,P32,B_rata16
TE,Agem Kiri,2,Berdiri,P3,-0.008,-1.379,1.4,13,P32,B_rata16
TE,Agem Kiri,2,Berdiri,T3,-5.431,-5.146,-2.757,3,P32,B_rata16
TE,Agem Kiri,2,Berdiri,T5,-1.281,-1.828,-1.482,9,P32,B_rata16
TE,Agem Kiri,2,Naik,F3,4.848,3.739,2.23,1,P32,B_rata16
TE,Agem Kiri,2,Naik,F7,4.393,0.271,2.053,2,P32,B_rata16
TE,Agem Kiri,2,Naik,F8,6.736,2.07,3.649,1,P32,B_rata16
TE,Agem Kiri,2,Naik,Fp1,1.253,0.878,5.162,1,P32,B_rata16
TE,Agem Kiri,2,Naik,O2,3.192,0.223,4.772,2,P32,B_rata16
TE,Agem Kiri,2,Naik,P4,0.667,-1.584,-3.454,2,P32,B_rata16
TE,Agem Kiri,2,Naik,T3,6.564,2.852,-1.022,1,P32,B_rata16
TE,Agem Kiri,2,Naik,T4,-1.644,-0.433,2.065,2,P32,B_rata16
TE,Agem Kiri,2,Naik,T5,5.261,3.098,1.699,1,P32,B_rata16
TE,Agem Kiri,2,Naik,T6,0.964,-2.573,-4.556,2,P32,B_rata16
TE,Agem Kiri,2,Tahan,C3,2.933,0.558,2.452,8,P32,B_rata16
TE,Agem Kiri,2,Tahan,C4,-3.678,3.359,4.765,1,P32,B_rata16
TE,Agem Kiri,2,Tahan,F3,7.821,1.331,4.41,3,P32,B_rata16
TE,Agem Kiri,2,Tahan,F4,10.419,11.259,7.176,6,P32,B_rata16
TE,Agem Kiri,2,Tahan,F7,0.272,0.421,2.675,8,P32,B_rata16
TE,Agem Kiri,2,Tahan,F8,4.246,6.396,3.322,2,P32,B_rata16
TE,Agem Kiri,2,Tahan,Fp2,0.783,1.569,3.108,3,P32,B_rata16
TE,Agem Kiri,2,Tahan,O1,2.591,2.29,-2.522,3,P32,B_rata16
TE,Agem Kiri,2,Tahan,O2,5.103,5.365,6.372,4,P32,B_rata16
TE,Agem Kiri,2,Tahan,P3,-1.174,-0.515,0.104,5,P32,B_rata16
TE,Agem Kiri,2,Tahan,P4,-0.292,0.015,1.088,8,P32,B_rata16
TE,Agem Kiri,2,Tahan,T3,3.56,1.153,2.736,5,P32,B_rata16
TE,Agem Kiri,2,Tahan,T4,-1.501,3.609,7.827,2,P32,B_rata16
TE,Agem Kiri,2,Tahan,T5,1.831,2.279,2.022,1,P32,B_rata16
TE,Agem Kiri,2,Tahan,T6,0.297,0.017,-0.158,8,P32,B_rata16
TE,Agem Kiri,3,Berdiri,C4,2.684,3.683,5.259,7,P32,B_rata16
TE,Agem Kiri,3,Berdiri,F4,4.891,4.496,4.921,5,P32,B_rata16
TE,Agem Kiri,3,Berdiri,F7,-2.263,-3.093,-1.527,5,P32,B_rata16
TE,Agem Kiri,3,Berdiri,Fp2,0.445,-0.521,-1.631,9,P32,B_rata16
TE,Agem Kiri,3,Berdiri,O1,4.08,-0.861,1.603,5,P32,B_rata16
TE,Agem Kiri,3,Berdiri,O2,2.345,2.168,3.181,6,P32,B_rata16
TE,Agem Kiri,3,Berdiri,P4,0.804,-1.096,1.138,9,P32,B_rata16
TE,Agem Kiri,3,Berdiri,T4,3.064,4.531,5.531,6,P32,B_rata16
TE,Agem Kiri,3,Berdiri,T6,0.113,2.058,2.475,6,P32,B_rata16
TE,Agem Kiri,3,Naik,T4,9.801,5.594,10.288,1,P32,B_rata16
TE,Agem Kiri,4,Berdiri,C3,2.047,1.203,2.76,7,P32,B_rata16
TE,Agem Kiri,4,Berdiri,C4,4.086,6.048,5.164,8,P32,B_rata16
TE,Agem Kiri,4,Berdiri,F3,5.444,0.155,2.854,7,P32,B_rata16
TE,Agem Kiri,4,Berdiri,F4,6.784,8.697,6.752,4,P32,B_rata16
TE,Agem Kiri,4,Berdiri,F7,1.512,-3.783,1.29,5,P32,B_rata16
TE,Agem Kiri,4,Berdiri,F8,5.169,7.05,1.051,1,P32,B_rata16
TE,Agem Kiri,4,Berdiri,Fp2,0.591,-0.317,2.362,2,P32,B_rata16
TE,Agem Kiri,4,Berdiri,O1,3.951,4.071,3.219,3,P32,B_rata16
TE,Agem Kiri,4,Berdiri,O2,3.503,3.179,3.987,7,P32,B_rata16
TE,Agem Kiri,4,Berdiri,P3,4.358,2.063,3.733,7,P32,B_rata16
TE,Agem Kiri,4,Berdiri,P4,5.074,2.222,2.854,7,P32,B_rata16
TE,Agem Kiri,4,Berdiri,T3,1.436,-0.592,1.649,7,P32,B_rata16
TE,Agem Kiri,4,Berdiri,T4,3.427,5.153,6.493,9,P32,B_rata16
TE,Agem Kiri,4,Berdiri,T5,5.4,4.226,1.837,6,P32,B_rata16
TE,Agem Kiri,4,Berdiri,T6,3.066,-0.366,2.0,7,P32,B_rata16
TE,Agem Kiri,4,Gerak,C3,6.161,5.781,4.401,1,P32,B_rata16
TE,Agem Kiri,4,Gerak,F7,4.48,4.307,3.939,1,P32,B_rata16
TE,Agem Kiri,4,Gerak,P3,4.612,4.138,1.76,1,P32,B_rata16
TE,Ngeed,1,Berdiri,C4,1.158,-0.27,-1.273,12,P32,B_rata16
TE,Ngeed,1,Berdiri,F4,7.153,5.018,2.04,9,P32,B_rata16
TE,Ngeed,1,Berdiri,F7,1.97,-0.727,-3.209,4,P32,B_rata16
TE,Ngeed,1,Berdiri,F8,0.943,-3.182,-2.554,9,P32,B_rata16
TE,Ngeed,1,Berdiri,Fp1,3.121,0.874,0.714,9,P32,B_rata16
TE,Ngeed,1,Berdiri,O1,1.748,-1.574,-3.058,15,P32,B_rata16
TE,Ngeed,1,Berdiri,O2,1.434,-3.14,-0.889,12,P32,B_rata16
TE,Ngeed,1,Berdiri,T4,7.99,0.922,0.559,11,P32,B_rata16
TE,Ngeed,1,Berdiri,T5,2.983,0.333,-2.662,9,P32,B_rata16
TE,Ngeed,1,Berdiri,T6,-1.636,-4.977,-2.612,5,P32,B_rata16
TE,Ngeed,1,Gerak,C3,5.029,1.871,2.841,3,P32,B_rata16
TE,Ngeed,1,Gerak,C4,3.28,0.308,2.766,3,P32,B_rata16
TE,Ngeed,1,Gerak,F3,5.851,1.187,1.568,2,P32,B_rata16
TE,Ngeed,1,Gerak,F7,5.269,1.076,-0.342,3,P32,B_rata16
TE,Ngeed,1,Gerak,F8,4.198,0.648,3.829,3,P32,B_rata16
TE,Ngeed,1,Gerak,Fp2,0.358,-5.026,-1.837,3,P32,B_rata16
TE,Ngeed,1,Gerak,O2,7.773,2.026,2.918,4,P32,B_rata16
TE,Ngeed,1,Gerak,P3,0.393,-2.734,-1.913,3,P32,B_rata16
TE,Ngeed,1,Gerak,P4,2.222,-1.705,-0.245,3,P32,B_rata16
TE,Ngeed,1,Gerak,T3,4.488,-2.483,0.461,3,P32,B_rata16
TE,Ngeed,1,Gerak,T4,9.725,3.923,7.004,3,P32,B_rata16
TE,Ngeed,1,Gerak,T5,5.511,2.468,0.089,2,P32,B_rata16
TE,Ngeed,1,Gerak,T6,0.722,-3.468,-2.796,3,P32,B_rata16
TE,Ngeed,1,Naik,C4,4.248,-2.064,-4.055,2,P32,B_rata16
TE,Ngeed,1,Naik,F4,5.848,7.379,-0.706,2,P32,B_rata16
TE,Ngeed,1,Naik,F7,3.138,3.757,1.246,2,P32,B_rata16
TE,Ngeed,1,Naik,F8,6.741,2.511,-3.84,2,P32,B_rata16
TE,Ngeed,1,Naik,Fp2,-0.746,1.21,1.272,2,P32,B_rata16
TE,Ngeed,1,Naik,O2,-0.632,-4.018,-5.575,2,P32,B_rata16
TE,Ngeed,1,Naik,P4,-4.61,-2.601,-4.114,2,P32,B_rata16
TE,Ngeed,1,Naik,T4,10.089,1.074,-2.258,1,P32,B_rata16
TE,Ngeed,1,Naik,T6,1.493,-4.437,-3.695,2,P32,B_rata16
TE,Ngeed,2,Berdiri,C3,10.114,0.196,3.163,1,P32,B_rata16
TE,Ngeed,2,Berdiri,C4,3.611,3.145,0.904,5,P32,B_rata16
TE,Ngeed,2,Berdiri,F3,4.853,-0.499,4.006,2,P32,B_rata16
TE,Ngeed,2,Berdiri,F4,0.996,-0.744,3.428,2,P32,B_rata16
TE,Ngeed,2,Berdiri,F7,4.166,-0.353,0.929,3,P32,B_rata16
TE,Ngeed,2,Berdiri,F8,1.577,2.467,3.071,5,P32,B_rata16
TE,Ngeed,2,Berdiri,Fp1,8.084,1.765,1.963,4,P32,B_rata16
TE,Ngeed,2,Berdiri,Fp2,4.047,2.903,1.479,1,P32,B_rata16
TE,Ngeed,2,Berdiri,O1,3.817,-0.616,-1.023,8,P32,B_rata16
TE,Ngeed,2,Berdiri,O2,6.577,2.051,5.546,10,P32,B_rata16
TE,Ngeed,2,Berdiri,P3,-0.315,-5.77,-0.212,1,P32,B_rata16
TE,Ngeed,2,Berdiri,P4,6.055,2.304,4.942,5,P32,B_rata16
TE,Ngeed,2,Berdiri,T3,8.332,3.326,3.928,1,P32,B_rata16
TE,Ngeed,2,Berdiri,T4,6.735,1.369,0.92,5,P32,B_rata16
TE,Ngeed,2,Berdiri,T5,0.398,0.566,-2.342,2,P32,B_rata16
TE,Ngeed,2,Berdiri,T6,2.511,-1.717,4.233,8,P32,B_rata16
TE,Ngeed,2,Gerak,F4,6.56,2.984,2.911,1,P32,B_rata16
TE,Ngeed,2,Gerak,F8,0.421,-3.064,-1.254,1,P32,B_rata16
TE,Ngeed,2,Gerak,O1,4.899,2.438,0.558,1,P32,B_rata16
TE,Ngeed,2,Naik,C3,1.782,-3.912,-2.025,2,P32,B_rata16
TE,Ngeed,2,Naik,F3,1.555,-5.863,-1.413,2,P32,B_rata16
TE,Ngeed,2,Naik,F7,-0.407,-1.52,-3.498,2,P32,B_rata16
TE,Ngeed,2,Naik,F8,-0.697,-5.851,-1.709,2,P32,B_rata16
TE,Ngeed,2,Naik,Fp1,3.178,1.324,1.826,2,P32,B_rata16
TE,Ngeed,2,Naik,Fp2,-9.631,-7.096,-4.801,1,P32,B_rata16
TE,Ngeed,2,Naik,O1,1.514,-2.089,-0.336,2,P32,B_rata16
TE,Ngeed,2,Naik,P3,0.667,-8.041,-1.205,2,P32,B_rata16
TE,Ngeed,2,Naik,T3,1.084,-7.52,-4.087,2,P32,B_rata16
TE,Ngeed,2,Naik,T5,0.063,-2.825,-5.467,2,P32,B_rata16
TE,Ngeed,2,Tahan,C3,-1.071,-2.328,-3.361,4,P32,B_rata16
TE,Ngeed,2,Tahan,F3,0.391,0.556,3.228,4,P32,B_rata16
TE,Ngeed,2,Tahan,F7,-3.259,-3.664,-4.882,1,P32,B_rata16
TE,Ngeed,2,Tahan,F8,3.501,3.113,-0.731,4,P32,B_rata16
TE,Ngeed,2,Tahan,Fp1,-0.132,1.34,2.525,4,P32,B_rata16
TE,Ngeed,2,Tahan,O1,-1.694,0.336,-1.567,4,P32,B_rata16
TE,Ngeed,2,Tahan,P3,-4.378,-5.522,-3.96,4,P32,B_rata16
TE,Ngeed,2,Tahan,T3,-6.751,-2.488,-4.994,4,P32,B_rata16
TE,Ngeed,2,Tahan,T5,-1.496,-4.022,-5.73,1,P32,B_rata16
TE,Ngeed,3,Berdiri,C3,0.58,1.599,2.269,10,P32,B_rata16
TE,Ngeed,3,Berdiri,C4,1.6,3.663,2.349,10,P32,B_rata16
TE,Ngeed,3,Berdiri,F3,0.872,2.273,5.147,6,P32,B_rata16
TE,Ngeed,3,Berdiri,F4,4.266,5.143,4.134,8,P32,B_rata16
TE,Ngeed,3,Berdiri,F7,3.845,3.259,2.758,10,P32,B_rata16
TE,Ngeed,3,Berdiri,F8,6.705,5.203,1.521,3,P32,B_rata16
TE,Ngeed,3,Berdiri,Fp1,5.298,6.84,2.765,6,P32,B_rata16
TE,Ngeed,3,Berdiri,Fp2,1.888,2.587,3.08,3,P32,B_rata16
TE,Ngeed,3,Berdiri,O1,1.914,1.897,1.972,6,P32,B_rata16
TE,Ngeed,3,Berdiri,O2,6.047,2.343,3.092,10,P32,B_rata16
TE,Ngeed,3,Berdiri,P3,1.897,1.338,2.537,10,P32,B_rata16
TE,Ngeed,3,Berdiri,P4,1.059,1.922,2.428,9,P32,B_rata16
TE,Ngeed,3,Berdiri,T3,0.235,0.581,0.948,11,P32,B_rata16
TE,Ngeed,3,Berdiri,T4,4.442,3.146,3.781,9,P32,B_rata16
TE,Ngeed,3,Berdiri,T5,2.046,1.017,-0.352,9,P32,B_rata16
TE,Ngeed,3,Berdiri,T6,1.248,1.835,2.272,9,P32,B_rata16
TE,Ngeed,3,Naik,C4,6.293,2.819,1.049,2,P32,B_rata16
TE,Ngeed,3,Naik,F4,2.733,3.144,0.449,2,P32,B_rata16
TE,Ngeed,3,Naik,F7,3.862,-2.136,-4.181,2,P32,B_rata16
TE,Ngeed,3,Naik,F8,7.796,4.209,4.439,1,P32,B_rata16
TE,Ngeed,3,Naik,Fp1,8.421,6.976,2.905,2,P32,B_rata16
TE,Ngeed,3,Naik,Fp2,2.464,1.072,-2.95,2,P32,B_rata16
TE,Ngeed,3,Naik,O1,3.953,0.603,-4.423,2,P32,B_rata16
TE,Ngeed,3,Naik,O2,0.29,-3.536,-2.385,2,P32,B_rata16
TE,Ngeed,3,Naik,P4,8.231,-0.713,-7.439,2,P32,B_rata16
TE,Ngeed,3,Naik,T4,4.084,4.636,2.744,2,P32,B_rata16
TE,Ngeed,3,Naik,T5,7.508,4.329,-2.431,2,P32,B_rata16
TE,Ngeed,3,Naik,T6,5.701,-3.121,-6.193,2,P32,B_rata16
TE,Ngeed,4,Berdiri,C3,3.028,0.119,3.099,11,P32,B_rata16
TE,Ngeed,4,Berdiri,C4,1.585,0.646,1.795,11,P32,B_rata16
TE,Ngeed,4,Berdiri,F3,3.211,1.014,3.654,11,P32,B_rata16
TE,Ngeed,4,Berdiri,F4,4.673,3.715,4.389,11,P32,B_rata16
TE,Ngeed,4,Berdiri,F7,2.575,2.315,2.397,11,P32,B_rata16
TE,Ngeed,4,Berdiri,F8,7.357,2.161,7.61,10,P32,B_rata16
TE,Ngeed,4,Berdiri,Fp1,5.073,6.094,6.542,6,P32,B_rata16
TE,Ngeed,4,Berdiri,Fp2,0.985,1.712,3.628,2,P32,B_rata16
TE,Ngeed,4,Berdiri,O1,-0.301,1.272,0.841,7,P32,B_rata16
TE,Ngeed,4,Berdiri,O2,5.045,3.074,5.166,15,P32,B_rata16
TE,Ngeed,4,Berdiri,P3,4.662,1.367,3.358,11,P32,B_rata16
TE,Ngeed,4,Berdiri,P4,2.611,1.997,2.494,8,P32,B_rata16
TE,Ngeed,4,Berdiri,T3,1.997,0.602,2.375,11,P32,B_rata16
TE,Ngeed,4,Berdiri,T4,3.445,2.59,3.197,11,P32,B_rata16
TE,Ngeed,4,Berdiri,T5,2.891,-0.696,-0.477,11,P32,B_rata16
TE,Ngeed,4,Berdiri,T6,5.22,0.566,2.465,11,P32,B_rata16
TE,Ngeed,4,Naik,C4,4.022,5.144,5.17,2,P32,B_rata16
TE,Ngeed,4,Naik,F4,4.963,6.055,7.051,2,P32,B_rata16
TE,Ngeed,4,Naik,O2,11.664,-2.833,2.563,1,P32,B_rata16
TE,Ngeed,4,Naik,P4,0.581,3.318,0.576,2,P32,B_rata16
TE,Ngeed,4,Naik,T4,1.414,6.65,6.251,2,P32,B_rata16
TE,Ngeed,4,Naik,T6,1.427,2.518,1.647,2,P32,B_rata16
TE,Agem Kanan,1,Berdiri,C3-P3,-6.586,-4.339,-4.237,4,P32,C_bipolar
TE,Agem Kanan,1,Berdiri,P3-O1,-0.077,0.528,-1.068,4,P32,C_bipolar
TE,Agem Kanan,1,Berdiri,T5-O1,-2.627,-1.874,-3.469,6,P32,C_bipolar
TE,Agem Kanan,1,Berdiri,T6-O2,9.96,8.096,4.768,3,P32,C_bipolar
TE,Agem Kanan,1,Gerak,T5-O1,5.659,-0.27,-1.383,1,P32,C_bipolar
TE,Agem Kanan,1,Naik,C4-P4,-0.07,-2.566,-0.354,2,P32,C_bipolar
TE,Agem Kanan,1,Naik,F7-T3,11.334,2.54,2.971,2,P32,C_bipolar
TE,Agem Kanan,1,Naik,T4-T6,-3.036,-1.875,0.185,2,P32,C_bipolar
TE,Agem Kanan,1,Naik,T6-O2,3.549,2.122,-0.042,2,P32,C_bipolar
TE,Agem Kanan,1,Tahan,C3-P3,-7.036,-0.568,-1.351,2,P32,C_bipolar
TE,Agem Kanan,1,Tahan,F7-T3,6.58,8.072,3.428,1,P32,C_bipolar
TE,Agem Kanan,1,Tahan,P3-O1,1.384,0.069,-1.196,2,P32,C_bipolar
TE,Agem Kanan,1,Tahan,T4-T6,3.884,0.953,-0.896,5,P32,C_bipolar
TE,Agem Kanan,1,Tahan,T6-O2,4.14,3.165,1.597,1,P32,C_bipolar
TE,Agem Kanan,2,Berdiri,C3-P3,-4.449,-1.278,-0.166,8,P32,C_bipolar
TE,Agem Kanan,2,Berdiri,F3-C3,-6.68,-3.902,-1.949,6,P32,C_bipolar
TE,Agem Kanan,2,Berdiri,P3-O1,-1.927,-0.83,1.331,11,P32,C_bipolar
TE,Agem Kanan,2,Berdiri,T3-T5,-10.001,-12.82,-3.362,1,P32,C_bipolar
TE,Agem Kanan,2,Berdiri,T5-O1,-5.41,-2.04,-1.62,15,P32,C_bipolar
TE,Agem Kanan,2,Gerak,C3-P3,2.24,4.758,-0.029,1,P32,C_bipolar
TE,Agem Kanan,2,Gerak,F3-C3,-0.291,0.684,1.691,1,P32,C_bipolar
TE,Agem Kanan,2,Gerak,P3-O1,2.404,4.986,1.65,1,P32,C_bipolar
TE,Agem Kanan,2,Gerak,T3-T5,-6.681,-4.39,-5.248,1,P32,C_bipolar
TE,Agem Kanan,2,Gerak,T5-O1,1.67,0.31,-0.348,1,P32,C_bipolar
TE,Agem Kanan,2,Naik,C4-P4,3.722,1.023,4.853,1,P32,C_bipolar
TE,Agem Kanan,2,Naik,F7-T3,-3.306,0.413,3.683,2,P32,C_bipolar
TE,Agem Kanan,2,Naik,P4-O2,5.788,6.145,6.268,2,P32,C_bipolar
TE,Agem Kanan,2,Naik,T4-T6,7.191,0.183,-0.384,1,P32,C_bipolar
TE,Agem Kanan,2,Naik,T6-O2,2.869,0.962,1.475,2,P32,C_bipolar
TE,Agem Kanan,2,Tahan,C3-P3,8.85,0.629,1.438,6,P32,C_bipolar
TE,Agem Kanan,2,Tahan,C4-P4,6.797,2.789,1.999,3,P32,C_bipolar
TE,Agem Kanan,2,Tahan,F7-T3,7.875,4.438,5.983,2,P32,C_bipolar
TE,Agem Kanan,2,Tahan,P3-O1,1.597,1.632,-0.004,4,P32,C_bipolar
TE,Agem Kanan,2,Tahan,T4-T6,5.988,2.347,4.01,6,P32,C_bipolar
TE,Agem Kanan,2,Tahan,T6-O2,7.59,7.445,7.128,6,P32,C_bipolar
TE,Agem Kanan,3,Berdiri,C3-P3,-0.005,-2.84,-1.398,4,P32,C_bipolar
TE,Agem Kanan,3,Berdiri,C4-P4,-1.001,0.024,-0.54,7,P32,C_bipolar
TE,Agem Kanan,3,Berdiri,F3-C3,4.586,3.35,4.04,3,P32,C_bipolar
TE,Agem Kanan,3,Berdiri,F4-C4,3.737,1.406,0.101,14,P32,C_bipolar
TE,Agem Kanan,3,Berdiri,F8-T4,4.636,2.853,2.31,2,P32,C_bipolar
TE,Agem Kanan,3,Berdiri,Fp2-F4,1.058,-0.236,0.439,3,P32,C_bipolar
TE,Agem Kanan,3,Berdiri,P3-O1,-0.366,-1.896,-3.3,4,P32,C_bipolar
TE,Agem Kanan,3,Berdiri,P4-O2,2.764,-2.407,0.095,4,P32,C_bipolar
TE,Agem Kanan,3,Berdiri,T3-T5,8.637,2.009,1.982,1,P32,C_bipolar
TE,Agem Kanan,3,Berdiri,T4-T6,3.58,-0.755,1.723,9,P32,C_bipolar
TE,Agem Kanan,3,Berdiri,T5-O1,7.774,2.726,1.568,1,P32,C_bipolar
TE,Agem Kanan,3,Berdiri,T6-O2,2.389,-0.945,3.019,4,P32,C_bipolar
TE,Agem Kanan,3,Gerak,C4-P4,3.651,-3.754,-0.578,1,P32,C_bipolar
TE,Agem Kanan,3,Gerak,F4-C4,2.5,2.847,-0.196,1,P32,C_bipolar
TE,Agem Kanan,3,Naik,C3-P3,8.212,5.22,7.833,2,P32,C_bipolar
TE,Agem Kanan,3,Naik,P3-O1,6.066,7.619,7.187,1,P32,C_bipolar
TE,Agem Kanan,3,Tahan,C3-P3,-4.058,-3.965,1.539,4,P32,C_bipolar
TE,Agem Kanan,3,Tahan,F3-C3,-0.384,-2.071,3.809,1,P32,C_bipolar
TE,Agem Kanan,3,Tahan,F7-T3,1.466,-3.082,-0.854,4,P32,C_bipolar
TE,Agem Kanan,4,Berdiri,C3-P3,5.882,2.702,3.02,11,P32,C_bipolar
TE,Agem Kanan,4,Berdiri,C4-P4,0.558,-0.201,0.285,14,P32,C_bipolar
TE,Agem Kanan,4,Berdiri,F3-C3,6.476,2.567,2.688,13,P32,C_bipolar
TE,Agem Kanan,4,Berdiri,F4-C4,2.157,2.694,1.555,12,P32,C_bipolar
TE,Agem Kanan,4,Berdiri,F7-T3,2.095,1.231,1.967,12,P32,C_bipolar
TE,Agem Kanan,4,Berdiri,F8-T4,3.854,3.748,4.073,8,P32,C_bipolar
TE,Agem Kanan,4,Berdiri,Fp2-F4,2.829,-2.162,2.265,10,P32,C_bipolar
TE,Agem Kanan,4,Berdiri,P3-O1,1.014,-2.272,-4.676,11,P32,C_bipolar
TE,Agem Kanan,4,Berdiri,P4-O2,0.801,1.368,2.956,12,P32,C_bipolar
TE,Agem Kanan,4,Berdiri,T3-T5,2.334,-1.07,-0.306,13,P32,C_bipolar
TE,Agem Kanan,4,Berdiri,T4-T6,-1.879,-3.596,0.427,13,P32,C_bipolar
TE,Agem Kanan,4,Berdiri,T5-O1,0.527,-3.039,-1.648,11,P32,C_bipolar
TE,Agem Kanan,4,Berdiri,T6-O2,-1.314,-1.065,1.789,12,P32,C_bipolar
TE,Agem Kanan,4,Gerak,C3-P3,10.173,10.034,10.124,1,P32,C_bipolar
TE,Agem Kanan,4,Naik,C3-P3,-1.825,0.473,-1.314,2,P32,C_bipolar
TE,Agem Kanan,4,Naik,C4-P4,1.7,1.064,1.915,2,P32,C_bipolar
TE,Agem Kanan,4,Naik,F3-C3,-5.679,-0.503,0.63,2,P32,C_bipolar
TE,Agem Kanan,4,Naik,F4-C4,9.087,7.369,1.228,1,P32,C_bipolar
TE,Agem Kanan,4,Naik,P3-O1,-3.381,2.121,3.948,1,P32,C_bipolar
TE,Agem Kanan,4,Naik,P4-O2,4.265,2.662,1.666,2,P32,C_bipolar
TE,Agem Kanan,4,Tahan,F4-C4,8.598,5.994,6.513,1,P32,C_bipolar
TE,Agem Kiri,1,Berdiri,C3-P3,-3.663,0.319,0.147,11,P32,C_bipolar
TE,Agem Kiri,1,Berdiri,F3-C3,-3.841,-4.88,-3.126,8,P32,C_bipolar
TE,Agem Kiri,1,Berdiri,Fp1-F3,-9.998,-11.598,-10.09,3,P32,C_bipolar
TE,Agem Kiri,1,Berdiri,P3-O1,-2.129,2.477,0.92,13,P32,C_bipolar
TE,Agem Kiri,1,Berdiri,T3-T5,-8.249,-2.487,-5.593,3,P32,C_bipolar
TE,Agem Kiri,1,Berdiri,T5-O1,-1.265,0.994,-1.6,13,P32,C_bipolar
TE,Agem Kiri,1,Gerak,C3-P3,9.708,3.483,4.272,2,P32,C_bipolar
TE,Agem Kiri,1,Gerak,P3-O1,-3.301,1.143,2.479,1,P32,C_bipolar
TE,Agem Kiri,1,Gerak,T3-T5,-2.875,-5.134,-4.64,1,P32,C_bipolar
TE,Agem Kiri,1,Naik,C3-P3,4.208,6.952,7.665,3,P32,C_bipolar
TE,Agem Kiri,1,Naik,F3-C3,3.964,10.46,5.216,1,P32,C_bipolar
TE,Agem Kiri,1,Naik,T4-T6,3.109,-1.919,3.209,3,P32,C_bipolar
TE,Agem Kiri,1,Naik,T6-O2,0.595,-0.499,7.766,3,P32,C_bipolar
TE,Agem Kiri,1,Tahan,C3-P3,7.432,7.492,7.539,2,P32,C_bipolar
TE,Agem Kiri,1,Tahan,F4-C4,4.052,4.939,1.074,2,P32,C_bipolar
TE,Agem Kiri,1,Tahan,F7-T3,7.214,1.536,3.767,2,P32,C_bipolar
TE,Agem Kiri,1,Tahan,Fp2-F4,4.235,1.497,2.591,2,P32,C_bipolar
TE,Agem Kiri,1,Tahan,P4-O2,3.532,-3.747,1.044,2,P32,C_bipolar
TE,Agem Kiri,1,Tahan,T3-T5,0.539,2.965,5.931,2,P32,C_bipolar
TE,Agem Kiri,1,Tahan,T4-T6,-0.67,-1.521,-6.616,2,P32,C_bipolar
TE,Agem Kiri,1,Tahan,T6-O2,-0.046,-7.306,-6.232,2,P32,C_bipolar
TE,Agem Kiri,2,Berdiri,C3-P3,5.894,2.131,4.636,14,P32,C_bipolar
TE,Agem Kiri,2,Berdiri,F3-C3,4.319,4.594,3.757,11,P32,C_bipolar
TE,Agem Kiri,2,Berdiri,P3-O1,2.027,1.877,-1.942,9,P32,C_bipolar
TE,Agem Kiri,2,Berdiri,T3-T5,-2.865,-4.392,-4.649,3,P32,C_bipolar
TE,Agem Kiri,2,Berdiri,T5-O1,0.5,0.641,-2.412,9,P32,C_bipolar
TE,Agem Kiri,2,Berdiri,T6-O2,9.526,4.868,7.753,1,P32,C_bipolar
TE,Agem Kiri,2,Gerak,C3-P3,2.93,2.16,4.369,2,P32,C_bipolar
TE,Agem Kiri,2,Naik,F7-T3,4.509,4.769,4.236,2,P32,C_bipolar
TE,Agem Kiri,2,Naik,F8-T4,3.645,2.634,4.241,1,P32,C_bipolar
TE,Agem Kiri,2,Naik,Fp1-F7,1.804,-0.157,4.449,1,P32,C_bipolar
TE,Agem Kiri,2,Naik,P4-O2,-1.471,-0.833,1.536,2,P32,C_bipolar
TE,Agem Kiri,2,Naik,T3-T5,5.221,2.544,-0.774,1,P32,C_bipolar
TE,Agem Kiri,2,Naik,T4-T6,-0.823,-5.813,-4.033,2,P32,C_bipolar
TE,Agem Kiri,2,Naik,T6-O2,-4.423,-3.646,0.756,2,P32,C_bipolar
TE,Agem Kiri,2,Tahan,C3-P3,7.74,6.652,6.765,5,P32,C_bipolar
TE,Agem Kiri,2,Tahan,C4-P4,-2.878,-12.635,-5.328,1,P32,C_bipolar
TE,Agem Kiri,2,Tahan,F3-C3,9.688,6.847,6.042,5,P32,C_bipolar
TE,Agem Kiri,2,Tahan,F4-C4,7.723,7.301,2.713,1,P32,C_bipolar
TE,Agem Kiri,2,Tahan,F7-T3,6.688,4.885,4.693,7,P32,C_bipolar
TE,Agem Kiri,2,Tahan,F8-T4,2.438,4.79,-1.377,2,P32,C_bipolar
TE,Agem Kiri,2,Tahan,Fp2-F4,1.136,-3.547,1.416,4,P32,C_bipolar
TE,Agem Kiri,2,Tahan,Fp2-F8,3.502,-1.497,2.144,1,P32,C_bipolar
TE,Agem Kiri,2,Tahan,P3-O1,1.96,6.59,2.862,3,P32,C_bipolar
TE,Agem Kiri,2,Tahan,P4-O2,1.65,-0.451,-0.122,4,P32,C_bipolar
TE,Agem Kiri,2,Tahan,T3-T5,0.631,4.313,3.065,1,P32,C_bipolar
TE,Agem Kiri,2,Tahan,T4-T6,-9.064,-13.5,-8.161,2,P32,C_bipolar
TE,Agem Kiri,2,Tahan,T6-O2,-2.159,-1.784,-1.276,4,P32,C_bipolar
TE,Agem Kiri,3,Berdiri,C3-P3,6.415,8.335,7.876,5,P32,C_bipolar
TE,Agem Kiri,3,Berdiri,C4-P4,-0.092,-5.265,-0.743,7,P32,C_bipolar
TE,Agem Kiri,3,Berdiri,F4-C4,8.247,4.868,3.508,9,P32,C_bipolar
TE,Agem Kiri,3,Berdiri,Fp2-F4,0.989,-2.328,-0.591,5,P32,C_bipolar
TE,Agem Kiri,3,Berdiri,P3-O1,2.357,5.256,5.285,2,P32,C_bipolar
TE,Agem Kiri,3,Berdiri,P4-O2,2.247,-4.45,-0.273,6,P32,C_bipolar
TE,Agem Kiri,3,Berdiri,T4-T6,2.626,0.394,1.841,7,P32,C_bipolar
TE,Agem Kiri,3,Berdiri,T5-O1,0.647,1.723,4.574,5,P32,C_bipolar
TE,Agem Kiri,3,Berdiri,T6-O2,3.514,1.012,1.951,7,P32,C_bipolar
TE,Agem Kiri,3,Gerak,C3-P3,-5.899,-5.001,-5.246,2,P32,C_bipolar
TE,Agem Kiri,3,Gerak,F4-C4,-0.553,0.268,5.024,2,P32,C_bipolar
TE,Agem Kiri,3,Gerak,P3-O1,-5.995,-6.678,-4.802,1,P32,C_bipolar
TE,Agem Kiri,3,Gerak,T3-T5,-1.216,-0.552,-1.908,1,P32,C_bipolar
TE,Agem Kiri,3,Gerak,T4-T6,2.495,-0.853,1.018,1,P32,C_bipolar
TE,Agem Kiri,3,Gerak,T5-O1,-5.961,2.377,-1.232,1,P32,C_bipolar
TE,Agem Kiri,3,Gerak,T6-O2,4.213,1.245,2.417,1,P32,C_bipolar
TE,Agem Kiri,3,Naik,C4-P4,-0.585,-1.605,0.461,1,P32,C_bipolar
TE,Agem Kiri,3,Naik,F4-C4,9.511,2.564,6.12,1,P32,C_bipolar
TE,Agem Kiri,3,Naik,T5-O1,3.091,0.167,2.871,2,P32,C_bipolar
TE,Agem Kiri,3,Tahan,F4-C4,8.744,7.951,8.922,5,P32,C_bipolar
TE,Agem Kiri,3,Tahan,T5-O1,2.266,5.001,1.114,3,P32,C_bipolar
TE,Agem Kiri,4,Berdiri,C3-P3,8.955,2.277,2.492,15,P32,C_bipolar
TE,Agem Kiri,4,Berdiri,C4-P4,1.393,-1.15,-1.026,13,P32,C_bipolar
TE,Agem Kiri,4,Berdiri,F3-C3,5.567,5.179,4.834,9,P32,C_bipolar
TE,Agem Kiri,4,Berdiri,F4-C4,5.672,4.326,2.599,5,P32,C_bipolar
TE,Agem Kiri,4,Berdiri,F7-T3,2.828,-0.637,2.834,7,P32,C_bipolar
TE,Agem Kiri,4,Berdiri,F8-T4,2.898,7.467,1.264,1,P32,C_bipolar
TE,Agem Kiri,4,Berdiri,Fp2-F4,2.364,0.417,1.607,5,P32,C_bipolar
TE,Agem Kiri,4,Berdiri,P3-O1,-2.191,-0.495,-0.448,5,P32,C_bipolar
TE,Agem Kiri,4,Berdiri,P4-O2,3.658,-0.459,1.652,8,P32,C_bipolar
TE,Agem Kiri,4,Berdiri,T3-T5,3.699,1.146,2.494,7,P32,C_bipolar
TE,Agem Kiri,4,Berdiri,T4-T6,2.378,-2.524,-0.568,13,P32,C_bipolar
TE,Agem Kiri,4,Berdiri,T5-O1,2.683,-2.373,0.358,4,P32,C_bipolar
TE,Agem Kiri,4,Berdiri,T6-O2,6.052,2.635,2.766,13,P32,C_bipolar
TE,Agem Kiri,4,Gerak,C3-P3,-4.788,-2.437,-0.696,2,P32,C_bipolar
TE,Agem Kiri,4,Gerak,P3-O1,6.245,2.288,-0.918,2,P32,C_bipolar
TE,Ngeed,1,Berdiri,F4-C4,7.371,4.733,2.449,6,P32,C_bipolar
TE,Ngeed,1,Berdiri,F8-T4,1.342,-2.056,-2.063,6,P32,C_bipolar
TE,Ngeed,1,Berdiri,Fp1-F7,-1.398,-1.658,-3.182,1,P32,C_bipolar
TE,Ngeed,1,Berdiri,T4-T6,5.002,-4.206,-3.396,1,P32,C_bipolar
TE,Ngeed,1,Berdiri,T5-O1,1.519,0.373,-2.106,12,P32,C_bipolar
TE,Ngeed,1,Berdiri,T6-O2,-0.743,-2.968,-0.248,5,P32,C_bipolar
TE,Ngeed,1,Gerak,C3-P3,6.325,7.247,8.141,3,P32,C_bipolar
TE,Ngeed,1,Gerak,C4-P4,3.136,-2.192,-0.995,4,P32,C_bipolar
TE,Ngeed,1,Gerak,F3-C3,-0.652,0.67,0.567,1,P32,C_bipolar
TE,Ngeed,1,Gerak,F7-T3,4.241,3.03,0.353,3,P32,C_bipolar
TE,Ngeed,1,Gerak,F8-T4,6.014,-1.372,5.367,2,P32,C_bipolar
TE,Ngeed,1,Gerak,P4-O2,6.378,-0.199,1.562,3,P32,C_bipolar
TE,Ngeed,1,Gerak,T3-T5,-4.742,1.964,-1.473,1,P32,C_bipolar
TE,Ngeed,1,Gerak,T4-T6,7.515,-0.115,-1.878,3,P32,C_bipolar
TE,Ngeed,1,Gerak,T6-O2,8.268,1.901,-0.953,3,P32,C_bipolar
TE,Ngeed,1,Naik,C4-P4,-2.335,-2.748,-3.536,2,P32,C_bipolar
TE,Ngeed,1,Naik,F4-C4,5.798,5.946,0.461,2,P32,C_bipolar
TE,Ngeed,1,Naik,F8-T4,8.174,-1.93,-1.169,2,P32,C_bipolar
TE,Ngeed,1,Naik,Fp2-F4,2.024,1.59,1.911,1,P32,C_bipolar
TE,Ngeed,1,Naik,Fp2-F8,5.746,-2.773,1.505,2,P32,C_bipolar
TE,Ngeed,1,Naik,P4-O2,-2.973,-0.773,-4.376,2,P32,C_bipolar
TE,Ngeed,1,Naik,T4-T6,9.841,-3.016,-2.156,1,P32,C_bipolar
TE,Ngeed,1,Naik,T6-O2,5.544,-1.318,-2.622,2,P32,C_bipolar
TE,Ngeed,2,Berdiri,C3-P3,12.663,8.153,7.456,3,P32,C_bipolar
TE,Ngeed,2,Berdiri,C4-P4,-2.411,0.425,3.883,3,P32,C_bipolar
TE,Ngeed,2,Berdiri,F3-C3,1.533,2.201,4.862,4,P32,C_bipolar
TE,Ngeed,2,Berdiri,F4-C4,7.397,5.302,8.56,6,P32,C_bipolar
TE,Ngeed,2,Berdiri,F7-T3,5.154,2.339,3.211,4,P32,C_bipolar
TE,Ngeed,2,Berdiri,F8-T4,5.781,2.767,1.654,2,P32,C_bipolar
TE,Ngeed,2,Berdiri,Fp1-F7,1.817,-5.023,-2.932,3,P32,C_bipolar
TE,Ngeed,2,Berdiri,P3-O1,7.995,2.457,-0.559,3,P32,C_bipolar
TE,Ngeed,2,Berdiri,P4-O2,8.418,5.102,6.649,4,P32,C_bipolar
TE,Ngeed,2,Berdiri,T4-T6,7.898,1.075,-0.32,1,P32,C_bipolar
TE,Ngeed,2,Berdiri,T5-O1,-0.511,0.494,0.225,4,P32,C_bipolar
TE,Ngeed,2,Berdiri,T6-O2,6.263,3.121,8.345,4,P32,C_bipolar
TE,Ngeed,2,Naik,C3-P3,-2.326,-1.465,-0.386,2,P32,C_bipolar
TE,Ngeed,2,Naik,F3-C3,7.565,4.128,5.135,2,P32,C_bipolar
TE,Ngeed,2,Naik,F7-T3,4.688,1.107,-1.209,2,P32,C_bipolar
TE,Ngeed,2,Naik,Fp1-F3,4.217,-3.522,-0.267,2,P32,C_bipolar
TE,Ngeed,2,Naik,Fp1-F7,1.274,-2.538,-0.491,2,P32,C_bipolar
TE,Ngeed,2,Naik,Fp2-F8,-9.775,-6.546,-7.621,1,P32,C_bipolar
TE,Ngeed,2,Naik,P3-O1,6.724,-0.967,4.15,2,P32,C_bipolar
TE,Ngeed,2,Naik,T3-T5,3.386,-2.979,-5.442,2,P32,C_bipolar
TE,Ngeed,2,Naik,T5-O1,2.887,-2.591,1.033,2,P32,C_bipolar
TE,Ngeed,2,Tahan,C3-P3,0.647,-1.119,1.316,4,P32,C_bipolar
TE,Ngeed,2,Tahan,F3-C3,4.407,5.271,7.144,4,P32,C_bipolar
TE,Ngeed,2,Tahan,F7-T3,1.41,2.399,-0.36,1,P32,C_bipolar
TE,Ngeed,2,Tahan,Fp1-F7,-7.499,-5.358,-5.175,1,P32,C_bipolar
TE,Ngeed,2,Tahan,P3-O1,0.829,3.34,0.704,4,P32,C_bipolar
TE,Ngeed,2,Tahan,T3-T5,-2.124,-1.197,-1.872,1,P32,C_bipolar
TE,Ngeed,2,Tahan,T5-O1,-0.077,1.372,0.057,2,P32,C_bipolar
TE,Ngeed,3,Berdiri,C3-P3,9.201,4.487,5.698,15,P32,C_bipolar
TE,Ngeed,3,Berdiri,C4-P4,2.428,-0.057,0.911,15,P32,C_bipolar
TE,Ngeed,3,Berdiri,F3-C3,2.092,4.692,6.174,7,P32,C_bipolar
TE,Ngeed,3,Berdiri,F4-C4,2.757,2.998,1.652,10,P32,C_bipolar
TE,Ngeed,3,Berdiri,F7-T3,3.979,2.488,0.004,10,P32,C_bipolar
TE,Ngeed,3,Berdiri,F8-T4,6.455,7.179,4.312,2,P32,C_bipolar
TE,Ngeed,3,Berdiri,Fp1-F3,1.791,6.464,2.442,2,P32,C_bipolar
TE,Ngeed,3,Berdiri,Fp1-F7,3.944,3.674,3.073,3,P32,C_bipolar
TE,Ngeed,3,Berdiri,Fp2-F4,0.809,3.842,2.959,6,P32,C_bipolar
TE,Ngeed,3,Berdiri,P3-O1,-3.523,-2.183,-2.951,7,P32,C_bipolar
TE,Ngeed,3,Berdiri,P4-O2,6.933,1.867,1.979,11,P32,C_bipolar
TE,Ngeed,3,Berdiri,T3-T5,3.457,0.862,-1.288,12,P32,C_bipolar
TE,Ngeed,3,Berdiri,T4-T6,-1.907,-1.562,-0.76,7,P32,C_bipolar
TE,Ngeed,3,Berdiri,T5-O1,1.072,-0.497,-1.777,8,P32,C_bipolar
TE,Ngeed,3,Berdiri,T6-O2,4.438,0.783,2.106,9,P32,C_bipolar
TE,Ngeed,3,Gerak,C3-P3,10.195,13.634,7.357,2,P32,C_bipolar
TE,Ngeed,3,Gerak,T5-O1,8.254,8.47,5.139,1,P32,C_bipolar
TE,Ngeed,3,Naik,C4-P4,1.764,-1.631,-3.351,2,P32,C_bipolar
TE,Ngeed,3,Naik,F4-C4,6.499,1.879,0.195,2,P32,C_bipolar
TE,Ngeed,3,Naik,F8-T4,7.476,5.318,4.26,1,P32,C_bipolar
TE,Ngeed,3,Naik,Fp1-F7,-0.622,1.408,-2.825,2,P32,C_bipolar
TE,Ngeed,3,Naik,Fp2-F4,-1.056,2.296,-0.316,2,P32,C_bipolar
TE,Ngeed,3,Naik,Fp2-F8,6.327,2.239,1.106,1,P32,C_bipolar
TE,Ngeed,3,Naik,P4-O2,8.783,1.304,-3.126,2,P32,C_bipolar
TE,Ngeed,3,Naik,T4-T6,6.736,0.487,-0.242,2,P32,C_bipolar
TE,Ngeed,3,Naik,T5-O1,3.191,4.628,-2.769,2,P32,C_bipolar
TE,Ngeed,3,Naik,T6-O2,8.392,0.706,-2.85,2,P32,C_bipolar
TE,Ngeed,4,Berdiri,C3-P3,6.703,0.861,-0.919,12,P32,C_bipolar
TE,Ngeed,4,Berdiri,C4-P4,2.825,1.218,1.597,15,P32,C_bipolar
TE,Ngeed,4,Berdiri,F3-C3,1.661,1.357,2.568,11,P32,C_bipolar
TE,Ngeed,4,Berdiri,F4-C4,2.584,1.213,1.223,11,P32,C_bipolar
TE,Ngeed,4,Berdiri,F7-T3,1.374,3.272,3.005,11,P32,C_bipolar
TE,Ngeed,4,Berdiri,F8-T4,3.924,3.663,7.899,9,P32,C_bipolar
TE,Ngeed,4,Berdiri,Fp1-F3,0.829,1.402,0.11,2,P32,C_bipolar
TE,Ngeed,4,Berdiri,Fp1-F7,4.353,2.914,1.702,1,P32,C_bipolar
TE,Ngeed,4,Berdiri,Fp2-F4,-0.991,-0.487,2.775,3,P32,C_bipolar
TE,Ngeed,4,Berdiri,Fp2-F8,3.378,-1.655,3.905,1,P32,C_bipolar
TE,Ngeed,4,Berdiri,P3-O1,2.524,-1.461,-3.733,12,P32,C_bipolar
TE,Ngeed,4,Berdiri,P4-O2,1.133,1.533,2.178,8,P32,C_bipolar
TE,Ngeed,4,Berdiri,T3-T5,1.116,0.513,0.232,11,P32,C_bipolar
TE,Ngeed,4,Berdiri,T4-T6,5.02,-0.187,1.446,11,P32,C_bipolar
TE,Ngeed,4,Berdiri,T5-O1,1.336,1.727,-1.215,11,P32,C_bipolar
TE,Ngeed,4,Berdiri,T6-O2,5.132,0.957,1.729,11,P32,C_bipolar
TE,Ngeed,4,Gerak,C3-P3,12.282,13.685,12.732,2,P32,C_bipolar
TE,Ngeed,4,Naik,C4-P4,-2.813,1.356,1.211,2,P32,C_bipolar
TE,Ngeed,4,Naik,F4-C4,5.536,2.397,2.984,2,P32,C_bipolar
TE,Ngeed,4,Naik,T4-T6,3.176,2.415,3.115,2,P32,C_bipolar
TE,Ngeed,4,Naik,T5-O1,-2.464,1.582,-0.981,2,P32,C_bipolar
TE,Ngeed,4,Naik,T6-O2,7.912,5.499,2.675,1,P32,C_bipolar
TE,Ngeed,4,Tahan,F4-C4,6.194,10.345,8.622,2,P32,C_bipolar
TE,Ngeed,4,Tahan,Fp1-F7,-7.135,-1.506,-0.545,3,P32,C_bipolar
