participant_id,pool,phase,n_seg,is_simulated,level,unit,offset_change,exponent_change,theta_periodic_db,mu_periodic_db,beta_periodic_db,hemisphere,area,n_valid,few_segments,r2,global_offset_db,theta_relative_db,mu_relative_db,beta_relative_db,artifact_prone,noise_floor_db
P02,SEMUA,PRA,12,False,belahan,kiri,6.606815053799707,0.09756412043103868,2.216446246089629,1.5332243015618507,0.4619898141473008,,,,,,,,,,,2.2738828233655988
P02,SEMUA,PRA,12,False,belahan,kanan,5.139774452822824,0.03144028159397694,0.7951827297717753,1.2818120657063747,0.344172854661701,,,,,,,,,,,2.2738828233655988
P02,SEMUA,PRA,12,False,kanal,Fp1,8.333667767369917,0.3002403988523419,3.1161429215475254,1.6486091361507627,0.35267521256249873,kiri,frontopolar,12.0,False,0.9926010148325326,6.606815053799707,0.8996966754578963,0.11538483458891191,-0.10931460158480205,,2.2738828233655988
P02,SEMUA,PRA,12,False,kanal,F3,3.8490559589201396,-0.04181767573097517,2.322740594614155,1.896472377577168,0.46930407863427315,kiri,frontal,12.0,False,0.993398886713259,6.606815053799707,0.1062943485245258,0.36324807601531717,0.007314264486972366,,2.2738828233655988
P02,SEMUA,PRA,12,False,kanal,C3,7.412810522630686,0.031152490129263022,0.874085738088642,0.18174410577410782,0.315483811610491,kiri,sentral,12.0,False,0.9953117252509385,6.606815053799707,-1.342360508000987,-1.351480195787743,-0.1465060025368098,,2.2738828233655988
P02,SEMUA,PRA,12,False,kanal,P3,7.646432414712862,0.18479645719061577,1.3048654524923107,0.5215820469796486,0.46201701510334603,kiri,parietal,12.0,False,0.9943043881763456,6.606815053799707,-0.9115807935973184,-1.0116422545822021,2.720095604524797e-05,,2.2738828233655988
P02,SEMUA,PRA,12,False,kanal,O1,6.0614759553381745,0.11461828829601739,2.498807758660326,1.536346463496288,0.4619626131912555,kiri,oksipital,12.0,False,0.9929118149168878,6.606815053799707,0.28236151257069686,0.003122161934437262,-2.720095604530348e-05,,2.2738828233655988
P02,SEMUA,PRA,12,False,kanal,F7,6.364411939002409,0.15008678618161486,2.1101518975651037,1.5301021396274135,0.7784902051099132,kiri,frontotemporal,12.0,False,0.9914361422226399,6.606815053799707,-0.10629434852452535,-0.003122161934437262,0.3165003909626124,,2.2738828233655988
P02,SEMUA,PRA,12,False,kanal,T3,2.3128885599111513,-0.3107448203920611,2.5305035933104354,2.057774835657673,0.8954875005921861,kiri,temporal,12.0,False,0.9948704448274135,6.606815053799707,0.31405734722080636,0.5245505340958223,0.4334976864448853,,2.2738828233655988
P02,SEMUA,PRA,12,False,kanal,T5,6.849218168597005,0.08050995256605997,1.8037863792221662,0.8412798184628989,0.11169821823753567,kiri,temporo-posterior,12.0,False,0.9916604795950527,6.606815053799707,-0.4126598668674628,-0.6919444830989518,-0.3502915959097651,,2.2738828233655988
P02,SEMUA,PRA,12,False,kanal,Fp2,5.7353005721270875,0.10279752839846168,1.1775436609184604,1.4306351568478708,0.5696672337618706,kanan,frontopolar,12.0,False,0.9955590252429312,5.139774452822824,0.3823609311466851,0.14882309114149606,0.22549437910016956,,2.2738828233655988
P02,SEMUA,PRA,12,False,kanal,F4,1.4719128805575465,-0.039916965210507804,-2.058435934967256,1.1329889745648787,-0.2617008223012671,kanan,frontal,12.0,False,0.9940002824103419,5.139774452822824,-2.853618664739031,-0.14882309114149606,-0.6058736769629681,,2.2738828233655988
P02,SEMUA,PRA,12,False,kanal,C4,2.232247766355705,-0.1147283290797585,1.4527656021733124,1.6072031449685178,0.5694017986066766,kanan,sentral,12.0,False,0.9952752085629237,5.139774452822824,0.6575828724015371,0.32539107926214306,0.2252289439449756,,2.2738828233655988
P02,SEMUA,PRA,12,False,kanal,P4,5.345049946225544,0.11099114242568442,-0.13167668598677573,0.3450366858238407,0.11894391071672544,kanan,parietal,12.0,False,0.9967324887904625,5.139774452822824,-0.926859415758551,-0.936775379882534,-0.22522894394497556,,2.2738828233655988
P02,SEMUA,PRA,12,False,kanal,O2,3.165994009818249,-0.25003028930411153,0.594220993792669,0.6555193798062238,-0.38870796426758913,kanan,oksipital,12.0,False,0.9955221972313184,5.139774452822824,-0.20096173597910627,-0.626292685900151,-0.7328808189292901,,2.2738828233655988
P02,SEMUA,PRA,12,False,kanal,F8,10.294650722129973,0.3037973898924071,-0.6161575645145134,0.6118547341459508,0.6356577489594113,kanan,frontotemporal,12.0,False,0.9923924953250001,5.139774452822824,-1.4113402942862887,-0.6699573315604239,0.2914848942977103,,2.2738828233655988
P02,SEMUA,PRA,12,False,kanal,T4,4.934498959420104,-0.11012128327977466,1.0534211359563368,1.7207070507303261,-0.13417468414901823,kanan,temporal,12.0,False,0.9893582680821122,5.139774452822824,0.2582384061845615,0.4388949850239514,-0.47834753881071923,,2.2738828233655988
P02,SEMUA,PRA,12,False,kanal,T6,8.346781924064643,0.4130068767707975,0.9961444657508817,1.7487520260706013,0.9227617976252992,kanan,temporo-posterior,12.0,False,0.9942213780554272,5.139774452822824,0.20096173597910638,0.4669399603642266,0.5785889429635982,,2.2738828233655988
P02,SEMUA,PRA,12,False,area,frontopolar,7.896532397471418,0.267692327406857,2.861483632034414,1.6503531289137743,0.4112751558658244,,frontopolar,12.0,False,0.9940677678903178,,,,,True,2.2738828233655988
P02,SEMUA,PRA,12,False,area,frontal,2.8991817438370617,-0.029803255593900513,0.4328587856272419,1.248881283153982,0.00662433019425368,,frontal,12.0,False,0.995254657720314,,,,,False,2.2738828233655988
P02,SEMUA,PRA,12,False,area,frontotemporal,8.250156391196889,0.22316945037716507,0.7878422561500871,1.0053694963799935,0.5664787995764385,,frontotemporal,12.0,False,0.9928429072130509,,,,,True,2.2738828233655988
P02,SEMUA,PRA,12,False,area,sentral,4.70518139838677,-0.03915115992715812,1.1695076683179728,0.8713430087193097,0.45158463650247593,,sentral,12.0,False,0.9960024716349846,,,,,False,2.2738828233655988
P02,SEMUA,PRA,12,False,area,temporal,3.3927084269733854,-0.24095539550714085,1.8502505775071425,1.8070705815686696,0.38286246831795245,,temporal,12.0,False,0.9962487432505471,,,,,True,2.2738828233655988
P02,SEMUA,PRA,12,False,area,parietal,6.193416451354629,0.1301790663627771,0.25250522181499546,0.2715663168651399,0.10938169140517273,,parietal,12.0,False,0.9975799252372235,,,,,False,2.2738828233655988
P02,SEMUA,PRA,12,False,area,temporo-posterior,7.338032181027096,0.19325435549970393,1.6402981165642185,1.1916964947250888,0.38078480934513237,,temporo-posterior,12.0,False,0.9941389961383775,,,,,False,2.2738828233655988
P02,SEMUA,PRA,12,False,area,oksipital,4.479631686773374,-0.06175509250607902,1.7494098794119457,1.3079175319998475,0.1869049291302579,,oksipital,12.0,False,0.9966620541118856,,,,,False,2.2738828233655988
P02,SEMUA,TURUN,12,False,belahan,kiri,12.581858468735899,0.18242433469093766,0.8281590539927447,0.8662353392602995,0.5318694501735977,,,,,,,,,,,2.2738828233655988
P02,SEMUA,TURUN,12,False,belahan,kanan,4.589029595041932,-0.18963917977586398,0.46042639502950333,0.860745550475023,0.04440835733439308,,,,,,,,,,,2.2738828233655988
P02,SEMUA,TURUN,12,False,kanal,Fp1,14.829917110070895,0.44374306759667603,1.186526227326441,0.9181574473836407,0.5860255074092597,kiri,frontopolar,12.0,False,0.9918612255056746,12.581858468735899,0.3583671733336963,0.05192210812334119,0.05415605723566208,,2.2738828233655988
P02,SEMUA,TURUN,12,False,kanal,F3,9.060608686324542,-0.0611820180163698,0.4697918806590484,1.0582098590848958,0.852402234205646,kiri,frontal,12.0,False,0.9907314834071547,12.581858468735899,-0.3583671733336963,0.19197451982459635,0.3205327840320483,,2.2738828233655988
P02,SEMUA,TURUN,12,False,kanal,C3,9.10156626388521,-0.14178962744906798,0.20103833317634434,-0.737537791088339,-0.38835642870354714,kiri,sentral,12.0,False,0.989425691546957,12.581858468735899,-0.6271207208164004,-1.6037731303486384,-0.9202258788771448,,2.2738828233655988
P02,SEMUA,TURUN,12,False,kanal,P3,11.665242433693699,0.15397880110737572,0.42353365465846726,0.2844741211498367,-0.019463237665583888,kiri,parietal,12.0,False,0.9904378546779927,12.581858468735899,-0.40462539933427744,-0.5817612181104628,-0.5513326878391815,,2.2738828233655988
P02,SEMUA,TURUN,12,False,kanal,O1,13.784604335974713,0.39984299777390886,2.1850536261879943,0.5609476734377301,0.47771339293793563,kiri,oksipital,12.0,False,0.992785970620293,12.581858468735899,1.3568945721952494,-0.3052876658225694,-0.054156057235662025,,2.2738828233655988
P02,SEMUA,TURUN,12,False,kanal,F7,12.71125091277451,0.2108698682744996,-0.3580999559743736,2.1506661016578272,0.4118439356816068,kiri,frontotemporal,12.0,False,0.9917660460798203,12.581858468735899,-1.1862590099671184,1.2844307623975277,-0.12002551449199084,,2.2738828233655988
P02,SEMUA,TURUN,12,False,kanal,T3,12.452466024697287,0.11077068707184212,2.1194343770058595,1.99345812973236,1.5191641076844435,kiri,temporal,12.0,False,0.9909211459137479,12.581858468735899,1.2912753230131147,1.1272227904720604,0.9872946575108459,,2.2738828233655988
P02,SEMUA,TURUN,12,False,kanal,T5,14.36798764395786,0.3804680793990052,1.7422272123995186,0.8143132311369583,0.8993320012651906,kiri,temporo-posterior,12.0,False,0.9914324357834198,12.581858468735899,0.9140681584067739,-0.05192210812334119,0.367462551091593,,2.2738828233655988
P02,SEMUA,TURUN,12,False,kanal,Fp2,4.564142668344218,-0.23936398233660383,1.8543201973229344,1.5193399433899404,-0.20734781723262619,kanan,frontopolar,12.0,False,0.9876392532759475,4.589029595041932,1.393893802293431,0.6585943929149174,-0.25175617456701926,,2.2738828233655988
P02,SEMUA,TURUN,12,False,kanal,F4,3.804367031976703,-0.24594607454000905,-0.651274718241202,-0.9269978557475533,-0.7786442465294676,kanan,frontal,12.0,False,0.9910532980871114,4.589029595041932,-1.1117011132707053,-1.7877434062225763,-0.8230526038638607,,2.2738828233655988
P02,SEMUA,TURUN,12,False,kanal,C4,-0.03369747983481375,-0.4588997792472631,0.4584070725156617,0.9115760211536328,-0.3330776496536495,kanan,sentral,12.0,False,0.9941033641578993,4.589029595041932,-0.002019322513841626,0.050830470678609796,-0.3774860069880426,,2.2738828233655988
P02,SEMUA,TURUN,12,False,kanal,P4,7.141001157181627,0.05669492597506931,-0.12148166860239562,2.5262689651415657,0.21150662709417128,kanan,parietal,12.0,False,0.9895115466472982,4.589029595041932,-0.581908063631899,1.6655234146665427,0.1670982697597782,,2.2738828233655988
P02,SEMUA,TURUN,12,False,kanal,O2,4.613916521739647,-0.3235927130229679,0.46244571754334496,-0.5842165105995054,-0.05889042553090151,kanan,oksipital,12.0,False,0.9933188579577065,4.589029595041932,0.002019322513841626,-1.4449620610745284,-0.10329878286529459,,2.2738828233655988
P02,SEMUA,TURUN,12,False,kanal,F8,8.449475085646995,-0.052276840912309996,-1.536640073598579,-1.2308479116760092,1.2670053043197849,kanan,frontotemporal,12.0,False,0.9904254986364872,4.589029595041932,-1.9970664686280823,-2.091593462151032,1.2225969469853917,,2.2738828233655988
P02,SEMUA,TURUN,12,False,kanal,T4,4.496187691153821,-0.13991437721512412,1.0777263725808377,1.9214019384567247,0.14770714019968767,kanan,temporal,12.0,False,0.9943507539476453,4.589029595041932,0.6172999775513344,1.0606563879817017,0.10329878286529459,,2.2738828233655988
P02,SEMUA,TURUN,12,False,kanal,T6,13.623556494111348,0.27099470784491775,2.660607791231286,0.8099150797964132,0.43524960835426907,kanan,temporo-posterior,12.0,False,0.9923267778618282,4.589029595041932,2.2001813962017827,-0.050830470678609796,0.390841251019876,,2.2738828233655988
P02,SEMUA,TURUN,12,False,area,frontopolar,13.749982274321653,0.37832280463238654,1.1978732297813939,1.0440355796274523,0.6236571911007623,,frontopolar,12.0,False,0.9921846844690421,,,,,True,2.2738828233655988
P02,SEMUA,TURUN,12,False,area,frontal,6.708452637015654,-0.17521102433756397,-0.45703150115880375,-0.2976124733740879,-0.3316616912779565,,frontal,12.0,False,0.9887769060256072,,,,,False,2.2738828233655988
P02,SEMUA,TURUN,12,False,area,frontotemporal,11.426996768955306,0.13490235060445133,-0.7915199651403348,1.3715702760298658,0.7819341587282443,,frontotemporal,12.0,False,0.9940597675673216,,,,,True,2.2738828233655988
P02,SEMUA,TURUN,12,False,area,sentral,5.305853199281252,-0.23526974616509588,0.3264553695554202,-0.08811769558570104,-0.2573027573671738,,sentral,12.0,False,0.9939435275162154,,,,,False,2.2738828233655988
P02,SEMUA,TURUN,12,False,area,temporal,9.847507918648624,0.026908786373102345,2.2589797109119303,2.149513412541419,1.2339488506687508,,temporal,12.0,False,0.9914818789564803,,,,,True,2.2738828233655988
P02,SEMUA,TURUN,12,False,area,parietal,9.127175476046027,0.09876382416821805,-0.19196390443946654,1.4209242205627883,-0.03388101823295536,,parietal,12.0,False,0.9930035374464693,,,,,False,2.2738828233655988
P02,SEMUA,TURUN,12,False,area,temporo-posterior,13.973608633767348,0.3260977853721019,2.095545808599712,0.8074588763736177,0.7546386269653527,,temporo-posterior,12.0,False,0.9931183074844234,,,,,False,2.2738828233655988
P02,SEMUA,TURUN,12,False,area,oksipital,9.309610054636863,0.05784419599929036,1.7939641376448672,0.26092894009117007,0.3927010097186191,,oksipital,12.0,False,0.9956580578296782,,,,,False,2.2738828233655988
P02,SEMUA,TAHAN,12,False,belahan,kiri,5.881367353416103,0.15120597731890195,-0.40352267431303934,-0.11162888442289742,0.4500991532218115,,,,,,,,,,,2.2738828233655988
P02,SEMUA,TAHAN,12,False,belahan,kanan,4.3128122806196245,0.08445927135972231,-0.32419894107300484,0.502608802161219,0.5839812764320229,,,,,,,,,,,2.2738828233655988
P02,SEMUA,TAHAN,12,False,kanal,Fp1,8.707592986270129,0.36596121224558265,0.07571054319004178,-0.4597418187187641,0.4420121294218979,kiri,frontopolar,12.0,False,0.9966357851014007,5.881367353416103,0.4792332175030811,-0.34811293429586665,-0.008087023799913606,,2.2738828233655988
P02,SEMUA,TAHAN,12,False,kanal,F3,2.9222909863579076,-0.10901736439997567,-0.05350382107977392,-0.07306474117393069,0.3477250497980745,kiri,frontal,12.0,False,0.9946849028638313,5.881367353416103,0.3500188532332654,0.03856414324896673,-0.10237410342373698,,2.2738828233655988
P02,SEMUA,TAHAN,12,False,kanal,C3,4.864343275183359,0.0715280340250084,-0.951568027525263,-0.40993467188359656,0.45818617702172504,kiri,sentral,12.0,False,0.9921367032137091,5.881367353416103,-0.5480453532122237,-0.29830578746069913,0.00808702379991355,,2.2738828233655988
P02,SEMUA,TAHAN,12,False,kanal,P3,5.487986048780371,0.16433611777371726,-0.8638242773584842,-0.15019302767186415,0.4691081073559993,kiri,parietal,12.0,False,0.9954461832176391,5.881367353416103,-0.4603016030454449,-0.03856414324896673,0.019008954134187794,,2.2738828233655988
P02,SEMUA,TAHAN,12,False,kanal,O1,6.193666332117459,0.22819902632443423,-0.2810126853333894,0.011453151107122306,0.38103652141019145,kiri,oksipital,12.0,False,0.9955633329942709,5.881367353416103,0.12250998897964993,0.12308203553001973,-0.06906263181162003,,2.2738828233655988
P02,SEMUA,TAHAN,12,False,kanal,F7,7.7054442756184685,0.28845120511916766,-0.7983141831609286,-0.05509248316717752,0.700115393221149,kiri,frontotemporal,12.0,False,0.9932048480926785,5.881367353416103,-0.39479150884788927,0.056536401255719904,0.25001623999933753,,2.2738828233655988
P02,SEMUA,TAHAN,12,False,kanal,T3,5.569068374714746,0.030309063779758727,-0.06500892225404176,0.2829886092999456,0.7748876907647839,kiri,temporal,12.0,False,0.9960683726555941,5.881367353416103,0.3385137520589976,0.39461749372284305,0.32478853754297243,,2.2738828233655988
P02,SEMUA,TAHAN,12,False,kanal,T5,6.870245789980842,0.13807583686408664,-0.5260326632926893,-0.7325099114100522,0.04120326191230428,kiri,temporo-posterior,12.0,False,0.9913830957553342,5.881367353416103,-0.12250998897964993,-0.6208810269871547,-0.4088958913095072,,2.2738828233655988
P02,SEMUA,TAHAN,12,False,kanal,Fp2,5.451399432240478,0.11798782311988099,0.044115013547927906,0.4821011209312913,0.5370083995842948,kanan,frontopolar,12.0,False,0.9955681171712298,4.3128122806196245,0.36831395462093275,-0.020507681229927632,-0.04697287684772811,,2.2738828233655988
P02,SEMUA,TAHAN,12,False,kanal,F4,2.6396493955433513,0.050930719599563634,-2.6893036864339495,-2.1107989386502304,-0.8226200942472217,kanan,frontal,12.0,False,0.9896191088442635,4.3128122806196245,-2.3651047453609446,-2.613407740811449,-1.4066013706792446,,2.2738828233655988
P02,SEMUA,TAHAN,12,False,kanal,C4,0.7351186984616618,-0.06350862020671855,-0.373824974369495,0.7353499134267976,1.0154898725910309,kanan,sentral,12.0,False,0.991948193094911,4.3128122806196245,-0.04962603329649018,0.23274111126557862,0.43150859615900794,,2.2738828233655988
P02,SEMUA,TAHAN,12,False,kanal,P4,4.54765568834501,0.2441319310766641,-0.27457290777651466,1.6928627724118455,1.3224783312357788,kanan,parietal,12.0,False,0.992587995993897,4.3128122806196245,0.04962603329649018,1.1902539702506265,0.7384970548037559,,2.2738828233655988
P02,SEMUA,TAHAN,12,False,kanal,O2,4.077968872894239,-0.08647994081119936,-0.5631478768785325,0.2402480312084072,0.22608198600976848,kanan,oksipital,12.0,False,0.9970554693858364,4.3128122806196245,-0.23894893580552767,-0.26236077095281174,-0.35789929042225443,,2.2738828233655988
P02,SEMUA,TAHAN,12,False,kanal,F8,4.825824117910827,0.22636699327039045,-1.2628651714057204,0.32339382174641074,0.6309541532797511,kanan,frontotemporal,12.0,False,0.9923696828938473,4.3128122806196245,-0.9386662303327156,-0.1792149804148082,0.04697287684772822,,2.2738828233655988
P02,SEMUA,TAHAN,12,False,kanal,T4,2.827732224965878,0.025749668109342316,0.8826582272123362,0.5231164833911466,0.042837394921403815,kanan,temporal,12.0,False,0.9976325923228143,4.3128122806196245,1.206857168285341,0.020507681229927632,-0.5411438815106191,,2.2738828233655988
P02,SEMUA,TAHAN,12,False,kanal,T6,10.7592973555153,0.45354201590939835,0.08635423226708794,1.2980193479700093,1.0607661478451373,kanan,temporo-posterior,12.0,False,0.9961921113780444,4.3128122806196245,0.4105531733400928,0.7954105458087903,0.47678487141311443,,2.2738828233655988
P02,SEMUA,TAHAN,12,False,area,frontopolar,8.140766023890919,0.32501162312186316,0.09381170772170544,-0.2750805849333968,0.48746813143733714,,frontopolar,12.0,False,0.9971438394524762,,,,,True,2.2738828233655988
P02,SEMUA,TAHAN,12,False,area,frontal,2.210298913199864,-0.0770862598565416,-1.2081793494785114,-1.0988052419934018,-0.28558755832530325,,frontal,12.0,False,0.9967011171867134,,,,,False,2.2738828233655988
P02,SEMUA,TAHAN,12,False,area,frontotemporal,6.858956297385014,0.2685026341499974,-1.092170667638186,-0.03302884114115079,0.6708083317699732,,frontotemporal,12.0,False,0.993967541472025,,,,,True,2.2738828233655988
P02,SEMUA,TAHAN,12,False,area,sentral,2.7001612191049276,0.017545095812093514,-0.6225802321335598,0.2578098473216177,0.8907914970082716,,sentral,12.0,False,0.994407938831105,,,,,False,2.2738828233655988
P02,SEMUA,TAHAN,12,False,area,temporal,4.6564537814172695,0.03792385116619723,0.2861047858119714,0.38955221036269805,0.5408093275539918,,temporal,12.0,False,0.9970697719204167,,,,,True,2.2738828233655988
P02,SEMUA,TAHAN,12,False,area,parietal,4.7507339538379085,0.20884748179877288,-0.4663131355549631,1.1283514348622945,1.0429908950170939,,parietal,12.0,False,0.9946565454942943,,,,,False,2.2738828233655988
P02,SEMUA,TAHAN,12,False,area,temporo-posterior,8.464406111988254,0.26949769506922827,-0.28154877673065626,0.19666058532964348,0.5418017864326075,,temporo-posterior,12.0,False,0.998011018502864,,,,,False,2.2738828233655988
P02,SEMUA,TAHAN,12,False,area,oksipital,5.08080637118907,0.08462279617911816,-0.2623504873878829,0.44786116384052566,0.44375846886438286,,oksipital,12.0,False,0.9971140395387733,,,,,False,2.2738828233655988
P02,SEMUA,NAIK,12,False,belahan,kiri,11.628620816181236,0.22062934014322166,1.8469673145346701,2.4945571099852595,0.04522583166578989,,,,,,,,,,,2.2738828233655988
P02,SEMUA,NAIK,12,False,belahan,kanan,5.721575110795975,-0.04641137594173017,2.038537129939023,2.1867588459472604,0.5871844059499982,,,,,,,,,,,2.2738828233655988
P02,SEMUA,NAIK,12,False,kanal,Fp1,13.862531666584822,0.5214413855723687,1.9444408457984796,4.467175046231402,0.4857049888751895,kiri,frontopolar,12.0,False,0.9890080916664141,11.628620816181236,0.09747353126380953,1.9726179362461425,0.44047915720939956,,2.2738828233655988
P02,SEMUA,NAIK,12,False,kanal,F3,7.222548824893828,-0.1472210959944471,1.7529715021946557,2.46263553103108,-0.2687690871442966,kiri,frontal,12.0,False,0.9929126849684375,11.628620816181236,-0.09399581234001442,-0.03192157895417935,-0.31399491881008645,,2.2738828233655988
P02,SEMUA,NAIK,12,False,kanal,C3,8.758385690824369,-0.17802218827034277,1.347097671233919,1.2711963639717005,-0.43574806993850657,kiri,sentral,12.0,False,0.9791322818109127,11.628620816181236,-0.499869643300751,-1.223360746013559,-0.4809739016042964,,2.2738828233655988
P02,SEMUA,NAIK,12,False,kanal,P3,11.090236788204038,0.1862832838365065,2.4914017510843673,2.526478688939439,0.8655606799495414,kiri,parietal,12.0,False,0.9930389902295863,11.628620816181236,0.6444344365496972,0.03192157895417935,0.8203348482837516,,2.2738828233655988
P02,SEMUA,NAIK,12,False,kanal,O1,12.682014068856667,0.3319247307657256,1.9409631268746845,2.927515818856812,-0.22073676096008227,kiri,oksipital,12.0,False,0.9784719769459653,11.628620816181236,0.09399581234001442,0.4329587088715523,-0.2659625926258722,,2.2738828233655988
P02,SEMUA,NAIK,12,False,kanal,F7,12.167004844158434,0.2643137650813858,2.028212264485687,2.3700027662386303,0.31118842429166205,kiri,frontotemporal,12.0,False,0.9900949743328474,11.628620816181236,0.18124494995101692,-0.12455434374662921,0.2659625926258722,,2.2738828233655988
P02,SEMUA,NAIK,12,False,kanal,T3,8.886644298352202,-0.23998510252415928,1.6022541137128186,1.4720942118258176,-0.4059107418708555,kiri,temporal,12.0,False,0.9859050623146015,11.628620816181236,-0.24471320082185155,-1.022462898159442,-0.4511365735366454,,2.2738828233655988
P02,SEMUA,NAIK,12,False,kanal,T5,12.792362471635748,0.25497539644993683,0.8873874679739802,2.8087170166042332,0.35780371782815923,kiri,temporo-posterior,12.0,False,0.9898327120655825,11.628620816181236,-0.95957984656069,0.31415990661897375,0.31257788616236937,,2.2738828233655988
P02,SEMUA,NAIK,12,False,kanal,Fp2,7.295673943843781,0.008548194295917355,4.006978558979011,2.608545815733024,0.8371706572530543,kanan,frontopolar,12.0,False,0.9936623017009023,5.721575110795975,1.9684414290399879,0.4217869697857637,0.24998625130305607,,2.2738828233655988
P02,SEMUA,NAIK,12,False,kanal,F4,3.712365129625134,-0.1013709461793777,-2.4125742389137015,-0.3646640506647634,-0.38537270008629965,kanan,frontal,12.0,False,0.9932213018070788,5.721575110795975,-4.451111368852724,-2.551422896612024,-0.9725571060362979,,2.2738828233655988
P02,SEMUA,NAIK,12,False,kanal,C4,4.854945971213098,-0.26634004375255693,0.2070636828701704,2.7181041900270824,0.24602836029568753,kanan,sentral,12.0,False,0.9930970134539474,5.721575110795975,-1.8314734470688525,0.5313453440798219,-0.3411560456543107,,2.2738828233655988
P02,SEMUA,NAIK,12,False,kanal,P4,6.404834036116277,0.03474032164792762,1.384132956034163,2.2052450154457786,0.920309389496315,kanan,parietal,12.0,False,0.992415059241835,5.721575110795975,-0.6544041739048598,0.018486169498518112,0.3331249835463168,,2.2738828233655988
P02,SEMUA,NAIK,12,False,kanal,O2,5.038316185475672,-0.36516926735078803,1.9360012699248186,1.0306919173988205,0.33719815464694225,kanan,oksipital,12.0,False,0.9916970018596547,5.721575110795975,-0.10253586001420434,-1.15606692854844,-0.24998625130305596,,2.2738828233655988
P02,SEMUA,NAIK,12,False,kanal,F8,9.662130927324043,0.0952484853430442,2.1410729899532273,2.9084505437936827,0.8893541143951482,kanan,frontotemporal,12.0,False,0.9882630293493332,5.721575110795975,0.10253586001420434,0.7216916978464223,0.30216970844515,,2.2738828233655988
P02,SEMUA,NAIK,12,False,kanal,T4,3.2440070584776706,-0.32055905756233516,3.079494247166253,2.1682726764487423,1.0762465801327195,kanan,temporal,12.0,False,0.9890956613916065,5.721575110795975,1.0409571172272303,-0.018486169498518112,0.48906217418272124,,2.2738828233655988
P02,SEMUA,NAIK,12,False,kanal,T6,15.664509233211803,0.40580675119378373,3.822367409862422,1.7927218622232401,0.22019291244126718,kanan,temporo-posterior,12.0,False,0.980033551893078,5.721575110795975,1.7838302799233992,-0.3940369837240203,-0.36699149350873106,,2.2738828233655988
P02,SEMUA,NAIK,12,False,area,frontopolar,12.77405954601462,0.4414991923713678,2.3112219959206404,4.425411331671922,0.6027770110861259,,frontopolar,12.0,False,0.9918069310126102,,,,,True,2.2738828233655988
P02,SEMUA,NAIK,12,False,area,frontal,5.966399593163487,-0.13722877724561977,-0.14635830913502934,0.7986591454126235,-0.880468815731577,,frontal,12.0,False,0.9909232935429151,,,,,False,2.2738828233655988
P02,SEMUA,NAIK,12,False,area,frontotemporal,10.754646541665522,0.1531140811019387,2.199500163727853,2.5921060708098618,0.3838166274839926,,frontotemporal,12.0,False,0.9839391800124094,,,,,True,2.2738828233655988
P02,SEMUA,NAIK,12,False,area,sentral,6.777319675325479,-0.18879274932393209,0.9871932434770199,2.2614674833216797,0.2215555212290915,,sentral,12.0,False,0.9929326077507068,,,,,False,2.2738828233655988
P02,SEMUA,NAIK,12,False,area,temporal,6.734156778957633,-0.310329294419593,2.040036624205429,1.5958273452506972,-0.3158285347761687,,temporal,12.0,False,0.9835199897277221,,,,,True,2.2738828233655988
P02,SEMUA,NAIK,12,False,area,parietal,8.153015635619731,0.09704177204709774,1.8904428249652292,2.4621187117457293,0.9483334866968771,,parietal,12.0,False,0.9896975227251351,,,,,False,2.2738828233655988
P02,SEMUA,NAIK,12,False,area,temporo-posterior,13.565209255725726,0.30673894876422114,2.6998506207392667,2.7393369421348592,0.6229894512559965,,temporo-posterior,12.0,False,0.9944532110781378,,,,,False,2.2738828233655988
P02,SEMUA,NAIK,12,False,area,oksipital,9.229759271563097,0.03974146118407029,1.9758164413773847,2.354981234537609,0.3402842191969716,,oksipital,12.0,False,0.990576956882418,,,,,False,2.2738828233655988
P02,SEMUA,POST,12,False,belahan,kiri,11.755754624729917,0.20389722403222732,-0.31333025534005854,1.6954053879689537,0.38995085663169204,,,,,,,,,,,2.2738828233655988
P02,SEMUA,POST,12,False,belahan,kanan,9.264829896627003,0.023528505459639026,0.47929639580930083,0.7900064681893568,0.31108874926546476,,,,,,,,,,,2.2738828233655988
P02,SEMUA,POST,12,False,kanal,Fp1,14.402019571833549,0.5262001311008289,0.4374077542511301,1.9436842338636318,0.3816547158049836,kiri,frontopolar,12.0,False,0.9966693032110957,11.755754624729917,0.7507380095911886,0.24827884589467808,-0.008296140826708431,,2.2738828233655988
P02,SEMUA,POST,12,False,kanal,F3,9.50368673949248,0.12586919743416747,-0.6784598047845136,1.8767314674352846,0.4061264734756004,kiri,frontal,12.0,False,0.9950034796593963,11.755754624729917,-0.3651295494444551,0.18132607946633095,0.016175616843908336,,2.2738828233655988
P02,SEMUA,POST,12,False,kanal,C3,10.011227008153185,-0.00854684108947934,-0.602430770941591,1.0105404890570826,0.03234453560116335,kiri,sentral,12.0,False,0.9955480200337843,11.755754624729917,-0.2891005156015325,-0.6848648989118711,-0.3576063210305287,,2.2738828233655988
P02,SEMUA,POST,12,False,kanal,P3,10.398291587651975,0.17267809077176133,0.4093429509582408,1.5246385755701386,0.3092881362088742,kiri,parietal,12.0,False,0.9963940869641642,11.755754624729917,0.7226732062982993,-0.17076681239881508,-0.08066272042281786,,2.2738828233655988
P02,SEMUA,POST,12,False,kanal,O1,12.192909744742408,0.3448658712176571,2.5849992396119394,1.8661722003677688,0.7832290718762196,kiri,oksipital,12.0,False,0.9957613040099834,11.755754624729917,2.898329494951998,0.17076681239881508,0.39327821524452755,,2.2738828233655988
P02,SEMUA,POST,12,False,kanal,F7,13.498139534116284,0.39486489488259613,-0.4576114067124992,2.2753826915437756,0.3982469974584004,kiri,frontotemporal,12.0,False,0.9957636210294801,11.755754624729917,-0.14428115137244069,0.5799773035748219,0.008296140826708376,,2.2738828233655988
P02,SEMUA,POST,12,False,kanal,T3,11.318599504717426,0.10876084028965716,-0.5727498792849378,0.7063410069523974,0.452585885672353,kiri,temporal,12.0,False,0.9949110483717207,11.755754624729917,-0.2594196239448793,-0.9890643810165562,0.06263502904066098,,2.2738828233655988
P02,SEMUA,POST,12,False,kanal,T5,12.44770929347429,0.2351163572926933,-0.16904910396761785,0.5223318290801711,0.06949620232549247,kiri,temporo-posterior,12.0,False,0.9964360333509028,11.755754624729917,0.14428115137244069,-1.1730735588887826,-0.32045465430619957,,2.2738828233655988
P02,SEMUA,POST,12,False,kanal,Fp2,9.054375928107667,0.058958640820415464,0.7706972347441243,1.0788512178507013,0.48773398373936705,kanan,frontopolar,12.0,False,0.9924430122251099,9.264829896627003,0.2914008389348235,0.28884474966134444,0.1766452344739023,,2.2738828233655988
P02,SEMUA,POST,12,False,kanal,F4,4.826287705208195,-0.011901629901137412,-1.5565266878129007,-0.2701477492759494,-0.7886064784077581,kanan,frontal,12.0,False,0.9921314913576256,9.264829896627003,-2.0358230836222013,-1.0601542174653062,-1.0996952276732228,,2.2738828233655988
P02,SEMUA,POST,12,False,kanal,C4,4.947961118890284,-0.16640000658513854,0.697296156573223,1.5945649709690661,0.07349171942833921,kanan,sentral,12.0,False,0.9911189967241314,9.264829896627003,0.21799976076392213,0.8045585027797093,-0.23759702983712555,,2.2738828233655988
P02,SEMUA,POST,12,False,kanal,P4,9.475283865146338,0.07014996025887799,0.3980609538430968,0.5874631497773146,0.38370407256045796,kanan,parietal,12.0,False,0.9974017974409723,9.264829896627003,-0.08123544196620403,-0.2025433184120422,0.0726153232949932,,2.2738828233655988
P02,SEMUA,POST,12,False,kanal,O2,7.697030874589245,-0.19203331696035297,0.47967551705317923,-0.15386817408249964,-0.016464956387886476,kanan,oksipital,12.0,False,0.9941215476291277,9.264829896627003,0.00037912124387839974,-0.9438746422718565,-0.32755370565335123,,2.2738828233655988
P02,SEMUA,POST,12,False,kanal,F8,11.256756561171713,0.18511562478609767,-1.0128897281881573,0.992549786601399,0.33813153355458037,kanan,frontotemporal,12.0,False,0.9936904607640269,9.264829896627003,-1.492186123997458,0.2025433184120422,0.027042784289115607,,2.2738828233655988
P02,SEMUA,POST,12,False,kanal,T4,11.026346252026997,-0.05009458508956843,1.2516240004934265,0.43150266162528617,0.28404596497634915,kanan,temporal,12.0,False,0.9917531950094729,9.264829896627003,0.7723276046841256,-0.35850380656407066,-0.027042784289115607,,2.2738828233655988
P02,SEMUA,POST,12,False,kanal,T6,16.189705494735314,0.41862406731173785,0.47891727456542244,2.5923243323463323,0.3613955637404219,kanan,temporo-posterior,12.0,False,0.9942467792759382,9.264829896627003,-0.00037912124387839974,1.8023178641569755,0.05030681447495716,,2.2738828233655988
P02,SEMUA,POST,12,False,area,frontopolar,13.594943109664229,0.461854172513932,0.5051167893197039,1.9270939533858256,0.45328988107738155,,frontopolar,12.0,False,0.9974691838908644,,,,,True,2.2738828233655988
P02,SEMUA,POST,12,False,area,frontal,7.641954840434423,0.06449155301536313,-1.5273236253558329,0.515275255773699,-0.47577585202452766,,frontal,12.0,False,0.994351798788777,,,,,False,2.2738828233655988
P02,SEMUA,POST,12,False,area,frontotemporal,12.759996460198145,0.31951736891682203,-0.7620869969409899,1.786712702539341,0.3162460021557494,,frontotemporal,12.0,False,0.995574190852494,,,,,True,2.2738828233655988
P02,SEMUA,POST,12,False,area,sentral,7.3816926623037205,-0.08352870298250581,0.013355731843285978,1.275445752775267,0.0521822074262025,,sentral,12.0,False,0.9961436301112858,,,,,False,2.2738828233655988
P02,SEMUA,POST,12,False,area,temporal,10.755421962544155,-0.028954037903670127,0.3468845697464723,0.37598515076844974,0.08020536568611214,,temporal,12.0,False,0.9916919743884209,,,,,True,2.2738828233655988
P02,SEMUA,POST,12,False,area,parietal,9.534668252671132,0.07258709506504601,0.4138286136668685,0.8187508718112015,0.23789303341665602,,parietal,12.0,False,0.9974387455519002,,,,,False,2.2738828233655988
P02,SEMUA,POST,12,False,area,temporo-posterior,13.824595461488038,0.2994993021191772,0.22125244694751023,1.6796772678343923,0.328635250264637,,temporo-posterior,12.0,False,0.9970052900460502,,,,,False,2.2738828233655988
P02,SEMUA,POST,12,False,area,oksipital,9.639846226592674,0.06114361281614089,1.7214431290670669,1.0110997223171827,0.4051356296211043,,oksipital,12.0,False,0.9972398313013847,,,,,False,2.2738828233655988
P02,AGEM KANAN,PRA,4,False,belahan,kiri,5.833965561227586,0.08015119238595036,1.6488607085838265,1.937073958543845,0.5354663404173792,,,,,,,,,,,2.2738828233655988
P02,AGEM KANAN,PRA,4,False,belahan,kanan,5.106140576323025,0.06533681411704917,0.05511509692471467,2.006400342220214,0.6759888488315513,,,,,,,,,,,2.2738828233655988
P02,AGEM KANAN,PRA,4,False,kanal,Fp1,6.928510603686185,0.19455769026064318,2.5699833713422846,2.7780423677534603,0.38748907795957793,kiri,frontopolar,4.0,False,0.9705309142460756,5.833965561227586,0.9211226627584581,0.8409684092096152,-0.14797726245780124,,2.2738828233655988
P02,AGEM KANAN,PRA,4,False,kanal,F3,5.008084752543894,0.03162991690017103,0.8072561490057362,1.954100415126601,-0.003995592366163869,kiri,frontal,4.0,False,0.9930439040755825,5.833965561227586,-0.8416045595780903,0.017026456582756033,-0.539461932783543,,2.2738828233655988
P02,AGEM KANAN,PRA,4,False,kanal,C3,9.314240301655417,0.09182054977226306,0.7233497883855848,0.10434480603930218,0.3514734229574277,kiri,sentral,4.0,False,0.991362350261131,5.833965561227586,-0.9255109201982417,-1.8327291525045428,-0.1839929174599515,,2.2738828233655988
P02,AGEM KANAN,PRA,4,False,kanal,P3,8.948406528174424,0.23007719292585782,1.6188896198599347,0.09887881525588016,0.47993240769278356,kiri,parietal,4.0,False,0.9925414847239225,5.833965561227586,-0.02997108872389176,-1.8381951432879649,-0.055533932724595614,,2.2738828233655988
P02,AGEM KANAN,PRA,4,False,kanal,O1,4.206826586852031,0.04513733919373397,3.6226234488989326,1.8338876471912027,0.6811207511022557,kiri,oksipital,4.0,False,0.9918642189047623,5.833965561227586,1.9737627403151061,-0.10318631135264233,0.1456544106848765,,2.2738828233655988
P02,AGEM KANAN,PRA,4,False,kanal,F7,5.690788411854129,0.16160702263061966,1.9465631769956149,2.7990412149172013,1.3311589394191072,kiri,frontotemporal,4.0,False,0.9840633095067063,5.833965561227586,0.2977024684117884,0.8619672563733562,0.7956925990017281,,2.2738828233655988
P02,AGEM KANAN,PRA,4,False,kanal,T3,3.812264670886499,-0.2339310670790571,-0.09232797251460756,1.920047501961089,0.5910002731419748,kiri,temporal,4.0,False,0.9849890342352134,5.833965561227586,-1.741188681098434,-0.017026456582756033,0.055533932724595614,,2.2738828233655988
P02,AGEM KANAN,PRA,4,False,kanal,T5,5.9771427106010435,0.06848183499963767,1.6788317973077183,2.120541978623365,0.8492491719497097,kiri,temporo-posterior,4.0,False,0.986099156630682,5.833965561227586,0.02997108872389176,0.1834680200795198,0.31378283153233055,,2.2738828233655988
P02,AGEM KANAN,PRA,4,False,kanal,Fp2,8.068915470247859,0.2828507728143004,0.9942863572108296,2.1747509634409785,0.603460745983874,kanan,frontopolar,4.0,False,0.9917213182772189,5.106140576323025,0.9391712602861149,0.16835062122076438,-0.0725281028476773,,2.2738828233655988
P02,AGEM KANAN,PRA,4,False,kanal,F4,2.58909719598784,-0.005996921939355193,-1.659180309428431,1.0355373810784618,-0.6593181205115297,kanan,frontal,4.0,False,0.9853785818787997,5.106140576323025,-1.7142954063531457,-0.9708629611417523,-1.335306969343081,,2.2738828233655988
P02,AGEM KANAN,PRA,4,False,kanal,C4,2.400778302325463,-0.03551149889659433,1.9270035625438005,1.9217468848856885,0.8552817198482712,kanan,sentral,4.0,False,0.9906691096902961,5.106140576323025,1.8718884656190857,-0.08465345733452567,0.17929287101671987,,2.2738828233655988
P02,AGEM KANAN,PRA,4,False,kanal,P4,3.4043701760264256,0.03940866169178703,0.054205904182744735,2.0910537995547394,0.3715078860715168,kanan,parietal,4.0,False,0.9889223160099402,5.106140576323025,-0.000909192741969933,0.08465345733452523,-0.3044809627600345,,2.2738828233655988
P02,AGEM KANAN,PRA,4,False,kanal,O2,4.972595374660344,-0.04757204635329293,-0.6196886989106043,1.634178340337308,0.02818935685715407,kanan,oksipital,4.0,False,0.984234514072796,5.106140576323025,-0.674803795835319,-0.3722220018829061,-0.6477994919743972,,2.2738828233655988
P02,AGEM KANAN,PRA,4,False,kanal,F8,13.140216282207568,0.4328919133038145,0.029669241019146808,1.0556861094420733,1.129136976877786,kanan,frontotemporal,4.0,False,0.9810035000275493,5.106140576323025,-0.02544585590556786,-0.9507142327781408,0.4531481280462346,,2.2738828233655988
P02,AGEM KANAN,PRA,4,False,kanal,T4,5.239685777985706,0.09126496654231131,1.6910929682800524,4.381692011785592,0.7485169516792285,kanan,temporal,4.0,False,0.9909057688072344,5.106140576323025,1.6359778713553377,2.375291669565378,0.07252810284767719,,2.2738828233655988
P02,AGEM KANAN,PRA,4,False,kanal,T6,10.458567170026846,0.6150714000064221,0.0560242896666846,2.3367715294630886,1.0239065633405184,kanan,temporo-posterior,4.0,False,0.9852568024165022,5.106140576323025,0.000909192741969933,0.3303711872428745,0.34791771450896714,,2.2738828233655988
P02,AGEM KANAN,PRA,4,False,area,frontopolar,8.07927080279417,0.32275162521921685,2.199134979162111,2.899499848186873,0.9788293708224172,,frontopolar,4.0,False,0.9903020774449441,,,,,True,2.2738828233655988
P02,AGEM KANAN,PRA,4,False,area,frontal,4.337113445811113,0.052362492797543236,-0.6242294039041956,1.2388163391740905,-0.39419190846103147,,frontal,4.0,False,0.994462301301624,,,,,False,2.2738828233655988
P02,AGEM KANAN,PRA,4,False,area,frontotemporal,10.348015253232525,0.3693359346358063,0.6662035756839424,1.6411258183862607,1.0717003529387013,,frontotemporal,4.0,False,0.9849267916104364,,,,,True,2.2738828233655988
P02,AGEM KANAN,PRA,4,False,area,sentral,6.088106522572723,0.050087580275842924,1.2567399403289894,0.920987011522131,0.6910297947556056,,sentral,4.0,False,0.9968357100279533,,,,,False,2.2738828233655988
P02,AGEM KANAN,PRA,4,False,area,temporal,4.1028082387807885,-0.1546368121476278,0.5849320145724001,2.7997282508566252,0.38471661902665566,,temporal,4.0,False,0.9901495725109716,,,,,True,2.2738828233655988
P02,AGEM KANAN,PRA,4,False,area,parietal,5.133875935909664,0.05072636979440981,0.713026927310656,1.0642295096325478,0.046159402797897375,,parietal,4.0,False,0.9946555061012834,,,,,False,2.2738828233655988
P02,AGEM KANAN,PRA,4,False,area,temporo-posterior,7.5836209599007205,0.23829541434935697,0.9908921674937792,2.0251005557369006,0.6254625816605952,,temporo-posterior,4.0,False,0.9898907526936237,,,,,False,2.2738828233655988
P02,AGEM KANAN,PRA,4,False,area,oksipital,4.695435300668002,0.0007044014913395458,1.4648916427865244,1.7955645245381486,0.20025685080553646,,oksipital,4.0,False,0.9902874161720728,,,,,False,2.2738828233655988
P02,AGEM KANAN,TURUN,4,False,belahan,kiri,14.739112502642481,0.4353805299545339,1.6815267438020172,-0.4059227856035621,0.82973596348886,,,,,,,,,,,2.2738828233655988
P02,AGEM KANAN,TURUN,4,False,belahan,kanan,6.379632787391863,-0.017653196257349624,0.39541605899972054,1.3168747965977485,0.707801952264111,,,,,,,,,,,2.2738828233655988
P02,AGEM KANAN,TURUN,4,False,kanal,Fp1,16.828065214657926,0.632913635602842,2.643533407863889,-0.4533718210951543,0.8213106421519552,kiri,frontopolar,4.0,False,0.9942126925161802,14.739112502642481,0.9620066640618719,-0.047449035491592184,-0.008425321336904878,,2.2738828233655988
P02,AGEM KANAN,TURUN,4,False,kanal,F3,12.146606885564424,0.2536905346092544,0.3631396224762984,-0.6987248222639173,0.7557516928761018,kiri,frontal,4.0,False,0.9935068705355887,14.739112502642481,-1.3183871213257188,-0.2928020366603552,-0.07398427061275825,,2.2738828233655988
P02,AGEM KANAN,TURUN,4,False,kanal,C3,12.613176524623533,0.2666659106604188,1.0156604059350445,-1.2613410419071176,0.3948752119483334,kiri,sentral,4.0,False,0.993503546026848,14.739112502642481,-0.6658663378669727,-0.8554182563035555,-0.4348607515405266,,2.2738828233655988
P02,AGEM KANAN,TURUN,4,False,kanal,P3,13.538809807073463,0.40853119945690275,1.9820925807575533,1.4378374042254314,0.4423329470320809,kiri,parietal,4.0,False,0.9921539807855033,14.739112502642481,0.3005658369555362,1.8437601898289935,-0.3874030164567791,,2.2738828233655988
P02,AGEM KANAN,TURUN,4,False,kanal,O1,12.539667968491187,0.44675602252436386,5.221271921135285,0.07812591691769155,1.2263225863161356,kiri,oksipital,4.0,False,0.9867392243037879,14.739112502642481,3.539745177333268,0.48404870252125365,0.3965866228272755,,2.2738828233655988
P02,AGEM KANAN,TURUN,4,False,kanal,F7,15.939415198211499,0.6204853388880487,-0.3333851707855795,1.777344770253905,0.8381612848257649,kiri,frontotemporal,4.0,False,0.9890000224057224,14.739112502642481,-2.0149119145875964,2.183267555857467,0.008425321336904878,,2.2738828233655988
P02,AGEM KANAN,TURUN,4,False,kanal,T3,15.996208168374544,0.42400503738470396,1.380960906846481,-0.8446942002574676,1.1809334982808672,kiri,temporal,4.0,False,0.9895853019592672,14.739112502642481,-0.3005658369555362,-0.43877141465390546,0.3511975347920072,,2.2738828233655988
P02,AGEM KANAN,TURUN,4,False,kanal,T5,16.014583444453585,0.5459158953465182,2.7412204292222424,-0.3584737501119699,1.437292524597482,kiri,temporo-posterior,4.0,False,0.97355811407952,14.739112502642481,1.0596936854202252,0.047449035491592184,0.6075565611086219,,2.2738828233655988
P02,AGEM KANAN,TURUN,4,False,kanal,Fp2,5.386302853554724,-0.09679046709283856,3.3901974437657807,2.0603662329520924,0.6709594974953811,kanan,frontopolar,4.0,False,0.9847914554636731,6.379632787391863,2.99478138476606,0.7434914363543439,-0.03684245476872994,,2.2738828233655988
P02,AGEM KANAN,TURUN,4,False,kanal,F4,4.580422396256992,-0.35114463827574993,0.5770901390140772,-1.720547431370235,-0.6191148274055639,kanan,frontal,4.0,False,0.9837716129764522,6.379632787391863,0.1816740800143567,-3.0374222279679834,-1.3269167796696748,,2.2738828233655988
P02,AGEM KANAN,TURUN,4,False,kanal,C4,1.0901622502596524,-0.4449484622485944,0.21374197898536385,1.4076370066869917,-0.08652266399265918,kanan,sentral,4.0,False,0.9770443267064703,6.379632787391863,-0.1816740800143567,0.09076221008924312,-0.7943246162567702,,2.2738828233655988
P02,AGEM KANAN,TURUN,4,False,kanal,P4,8.44649837194013,0.015403888330708604,0.0035998068678322337,3.7883612002270457,0.4863306215010617,kanan,parietal,4.0,False,0.985554948219299,6.379632787391863,-0.3918162521318883,2.471486403629297,-0.2214713307630493,,2.2738828233655988
P02,AGEM KANAN,TURUN,4,False,kanal,O2,8.242915115675657,0.1566494566083052,-0.7722986044493307,-1.3335090266332035,1.0181179191009524,kanan,oksipital,4.0,False,0.9808613931876616,6.379632787391863,-1.1677146634490514,-2.650383823230952,0.3103159668368414,,2.2738828233655988
P02,AGEM KANAN,TURUN,4,False,kanal,F8,7.286870464901639,0.002723718234790784,-1.2145908079504686,0.27592063622532015,0.7446444070328411,kanan,frontotemporal,4.0,False,0.9929659007641797,6.379632787391863,-1.6100068669501892,-1.0409541603724284,0.03684245476873005,,2.2738828233655988
P02,AGEM KANAN,TURUN,4,False,kanal,T4,5.472395109882086,-0.03803011074949003,1.5084486029796367,2.171066304796056,0.9151978707336401,kanan,temporal,4.0,False,0.9911751818317015,6.379632787391863,1.1130325439799162,0.8541915081983076,0.2073959184695291,,2.2738828233655988
P02,AGEM KANAN,TURUN,4,False,kanal,T6,15.042537420155597,0.40627620942730003,3.1540414619166697,1.2261125865085054,1.1223325891041245,kanan,temporo-posterior,4.0,False,0.9901290024686552,6.379632787391863,2.758625402916949,-0.09076221008924312,0.41453063684001346,,2.2738828233655988
P02,AGEM KANAN,TURUN,4,False,area,frontopolar,15.413009417065766,0.5325250731683131,2.679814436773637,-0.2219226020075098,0.768244451340842,,frontopolar,4.0,False,0.9950261842140286,,,,,True,2.2738828233655988
P02,AGEM KANAN,TURUN,4,False,area,frontal,9.078771668715468,-0.02492012039193714,-0.18939624669472344,-1.592982527645765,-0.3155173123294567,,frontal,4.0,False,0.9941921992791998,,,,,False,2.2738828233655988
P02,AGEM KANAN,TURUN,4,False,area,frontotemporal,13.613770851757685,0.41292888195813426,-1.0142409722571655,0.899506108934677,0.3678746294129164,,frontotemporal,4.0,False,0.9920824439267398,,,,,True,2.2738828233655988
P02,AGEM KANAN,TURUN,4,False,area,sentral,8.55993699864149,0.047298194300790186,0.36784866762405954,-0.4091296070503483,0.25827232272100387,,sentral,4.0,False,0.9929154719626053,,,,,False,2.2738828233655988
P02,AGEM KANAN,TURUN,4,False,area,temporal,13.239124057980803,0.29988049914396075,1.460587703028187,-0.27094821450075246,0.8049331705350993,,temporal,4.0,False,0.9880930654560662,,,,,True,2.2738828233655988
P02,AGEM KANAN,TURUN,4,False,area,parietal,10.538025018309348,0.1672167477154911,0.5857314377473695,2.9395252999265598,0.43761288432719203,,parietal,4.0,False,0.9932441224173801,,,,,False,2.2738828233655988
P02,AGEM KANAN,TURUN,4,False,area,temporo-posterior,14.966855440176431,0.36867167057907224,2.649418909481108,-0.07833084729020179,0.6252982450379425,,temporo-posterior,4.0,False,0.9911083737910158,,,,,False,2.2738828233655988
P02,AGEM KANAN,TURUN,4,False,area,oksipital,8.96669446704805,0.10199854548688414,3.312805567953464,-0.9030396120149438,0.11209615550647245,,oksipital,4.0,False,0.9838005938109162,,,,,False,2.2738828233655988
P02,AGEM KANAN,TAHAN,4,False,belahan,kiri,6.159225167418835,0.17352046536669596,-0.922095655848937,-0.12224698611592277,1.0795428900360478,,,,,,,,,,,2.2738828233655988
P02,AGEM KANAN,TAHAN,4,False,belahan,kanan,4.602318826422806,0.08694381263743423,-0.4412552153920718,0.42639443488252615,1.021459133901189,,,,,,,,,,,2.2738828233655988
P02,AGEM KANAN,TAHAN,4,False,kanal,Fp1,11.585341803117224,0.47465456396280525,0.024345687153128348,-0.36819162031424346,0.9753353873377637,kiri,frontopolar,4.0,False,0.9872158631331068,6.159225167418835,0.9464413430020654,-0.2459446341983207,-0.10420750269828405,,2.2738828233655988
P02,AGEM KANAN,TAHAN,4,False,kanal,F3,3.5247340383541257,-0.07391489419990283,-1.015936201140314,0.12369764808239792,0.5484974310840417,kiri,frontal,4.0,False,0.9939431217330603,6.159225167418835,-0.09384054529137686,0.2459446341983207,-0.531045458952006,,2.2738828233655988
P02,AGEM KANAN,TAHAN,4,False,kanal,C3,6.556902249364136,0.12743212293324868,-1.0633430431461577,0.3794528962608581,1.1837503927343318,kiri,sentral,4.0,False,0.9935279177266811,6.159225167418835,-0.14124738729722064,0.5016998823767809,0.10420750269828405,,2.2738828233655988
P02,AGEM KANAN,TAHAN,4,False,kanal,P3,7.180190612338642,0.2570174844761757,-1.0790876983522462,1.1155230845200914,1.252762415435872,kiri,parietal,4.0,False,0.9937291356255854,6.159225167418835,-0.15699204250330911,1.2377700706360142,0.17321952539982433,,2.2738828233655988
P02,AGEM KANAN,TAHAN,4,False,kanal,O1,5.761548085473535,0.1489380335548569,0.23276709982497534,-0.4898292593369873,0.7270033438450958,kiri,oksipital,4.0,False,0.9875312190712412,6.159225167418835,1.1548627556739124,-0.3675822732210645,-0.35253954619095196,,2.2738828233655988
P02,AGEM KANAN,TAHAN,4,False,kanal,F7,5.713317942714106,0.19810289717853502,-1.6043983850849775,0.47084435624082044,1.5722390495414997,kiri,frontotemporal,4.0,False,0.9787370064214787,6.159225167418835,-0.6823027292360404,0.5930913423567432,0.492696159505452,,2.2738828233655988
P02,AGEM KANAN,TAHAN,4,False,kanal,T3,5.103562729263395,0.020746471352306894,-0.8282551105575603,-0.5913245104019498,1.230986658316061,kiri,temporal,4.0,False,0.9964724488947398,6.159225167418835,0.09384054529137675,-0.469077524286027,0.15144376828001316,,2.2738828233655988
P02,AGEM KANAN,TAHAN,4,False,kanal,T5,8.549704748161666,0.2026336639289399,-0.4701488709886964,-1.1438611707298612,0.5559885069577191,kiri,temporo-posterior,4.0,False,0.9749531327141948,6.159225167418835,0.45194678486024065,-1.0216141846139384,-0.5235543830783287,,2.2738828233655988
P02,AGEM KANAN,TAHAN,4,False,kanal,Fp2,5.111600912177103,0.08373037023072527,0.22628419732526717,-0.12058106187907036,1.1749683141033769,kanan,frontopolar,4.0,False,0.9898473308644348,4.602318826422806,0.667539412717339,-0.5469754967615965,0.15350918020218796,,2.2738828233655988
P02,AGEM KANAN,TAHAN,4,False,kanal,F4,4.330268676479228,-0.0002446137728489006,-2.615785578456139,-2.131866683878124,-0.40562113930389465,kanan,frontal,4.0,False,0.9887514648015664,4.602318826422806,-2.174530363064067,-2.55826111876065,-1.4270802732050836,,2.2738828233655988
P02,AGEM KANAN,TAHAN,4,False,kanal,C4,2.578587089695013,8.022517501604653e-05,0.20610576208597742,1.0322245961544265,1.928350722481552,kanan,sentral,4.0,False,0.9777595158505,4.602318826422806,0.6473609774780492,0.6058301612719004,0.906891588580363,,2.2738828233655988
P02,AGEM KANAN,TAHAN,4,False,kanal,P4,4.109683594104709,0.1317705324000289,0.015118033238050277,2.3802666519753917,2.007619284007047,kanan,parietal,4.0,False,0.9896920040953351,4.602318826422806,0.4563732486301221,1.9538722170928655,0.9861601501058579,,2.2738828233655988
P02,AGEM KANAN,TAHAN,4,False,kanal,O2,4.874368976366384,0.02408190409053068,-1.2016787131336293,-0.24360260677733514,0.6141659392242813,kanan,oksipital,4.0,False,0.9944142565037073,4.602318826422806,-0.7604234977415575,-0.6699970416598613,-0.4072931946769076,,2.2738828233655988
P02,AGEM KANAN,TAHAN,4,False,kanal,F8,8.060300486075917,0.39699308958110313,-1.6138229431338214,0.9733699316441227,0.8679499536990007,kanan,frontotemporal,4.0,False,0.9867429443960798,4.602318826422806,-1.1725677277417494,0.5469754967615965,-0.15350918020218818,,2.2738828233655988
P02,AGEM KANAN,TAHAN,4,False,kanal,T4,3.4550181159208293,0.09015725504414318,-0.7113168843860573,-1.1843998828145192,0.1724594772349286,kanan,temporal,4.0,False,0.9929379614100148,4.602318826422806,-0.27006166899398554,-1.6107943176970454,-0.8489996566662603,,2.2738828233655988
P02,AGEM KANAN,TAHAN,4,False,kanal,T6,11.377354951354704,0.36534365573060734,-0.17119354639808626,1.8179874888900835,1.3306511652765003,kanan,temporo-posterior,4.0,False,0.9917894725052466,4.602318826422806,0.27006166899398554,1.3915930540075574,0.30919203137531137,,2.2738828233655988
P02,AGEM KANAN,TAHAN,4,False,area,frontopolar,10.615978371891046,0.4095808810578967,0.027342081439252208,-0.30928030781217375,0.9967229192523517,,frontopolar,4.0,False,0.9880028483239209,,,,,True,2.2738828233655988
P02,AGEM KANAN,TAHAN,4,False,area,frontal,3.7393728105991997,-0.06098885463895565,-1.9296228066991588,-1.214999523773792,-0.12237175717836857,,frontal,4.0,False,0.9926080939657534,,,,,False,2.2738828233655988
P02,AGEM KANAN,TAHAN,4,False,area,frontotemporal,6.559806996171034,0.25195749272201406,-1.6761181475776799,0.5144803451567928,1.1572285471070338,,frontotemporal,4.0,False,0.9879399946959597,,,,,True,2.2738828233655988
P02,AGEM KANAN,TAHAN,4,False,area,sentral,4.925371355474425,0.10949633438550466,-0.5406891892164782,0.6557045864435382,1.7197771023112516,,sentral,4.0,False,0.9904928875052939,,,,,False,2.2738828233655988
P02,AGEM KANAN,TAHAN,4,False,area,temporal,4.308503016415791,0.03508188015137392,-0.6459394183080713,-0.6879662896455843,0.9540620177310664,,temporal,4.0,False,0.9980503983251063,,,,,True,2.2738828233655988
P02,AGEM KANAN,TAHAN,4,False,area,parietal,5.1962383060111605,0.1841532416286662,-0.360550938962919,2.0024906289814495,1.868093599433224,,parietal,4.0,False,0.9950531276528641,,,,,False,2.2738828233655988
P02,AGEM KANAN,TAHAN,4,False,area,temporo-posterior,9.220370545454251,0.22356775273884422,-0.23103136099235755,0.3871269993884505,0.94328758289917,,temporo-posterior,4.0,False,0.9909684016344843,,,,,False,2.2738828233655988
P02,AGEM KANAN,TAHAN,4,False,area,oksipital,5.631120669360918,0.1093078851460243,-0.6670402112279161,-0.37234813371258735,0.6508678159283038,,oksipital,4.0,False,0.9932832434098405,,,,,False,2.2738828233655988
P02,AGEM KANAN,NAIK,4,False,belahan,kiri,12.702796457105219,0.19163442233247452,1.0045585441307803,2.5412560148221495,0.6113247957510397,,,,,,,,,,,2.2738828233655988
P02,AGEM KANAN,NAIK,4,False,belahan,kanan,6.115322071522531,-0.24002871993263908,2.0491624184866284,0.8376150123991053,0.3224196701391407,,,,,,,,,,,2.2738828233655988
P02,AGEM KANAN,NAIK,4,False,kanal,Fp1,14.867198498064354,0.4974878220617682,0.7084116841632027,4.372667090296103,0.6479069703599369,kiri,frontopolar,4.0,False,0.9869665419515548,12.702796457105219,-0.2961468599675776,1.8314110754739534,0.03658217460889723,,2.2738828233655988
P02,AGEM KANAN,NAIK,4,False,kanal,F3,7.56946630819175,-0.1740525065770644,0.11225125546123316,3.502758479258036,-0.3837024099845211,kiri,frontal,4.0,False,0.9661844851684193,12.702796457105219,-0.8923072886695471,0.9615024644358865,-0.9950272057355608,,2.2738828233655988
P02,AGEM KANAN,NAIK,4,False,kanal,C3,8.279092928281138,-0.3150763117598532,1.35548199302714,1.933732473164901,-0.03791256647726371,kiri,sentral,4.0,False,0.9935010218431134,12.702796457105219,0.35092344889635974,-0.6075235416572484,-0.6492373622283034,,2.2738828233655988
P02,AGEM KANAN,NAIK,4,False,kanal,P3,11.432356897982991,0.11008531796707444,2.6701955687649064,2.8222623899669035,0.9271827510988011,kiri,parietal,4.0,False,0.9813537844969218,12.702796457105219,1.665637024634126,0.281006375144754,0.3158579553477614,,2.2738828233655988
P02,AGEM KANAN,NAIK,4,False,kanal,O1,14.854725638372642,0.43499435154238997,1.7193906573743734,2.559940990770183,1.1949275445110703,kiri,oksipital,4.0,False,0.98728702916237,12.702796457105219,0.7148321132435931,0.018684975948033422,0.5836027487600306,,2.2738828233655988
P02,AGEM KANAN,NAIK,4,False,kanal,F7,13.973236016227446,0.3318134273577993,1.3007054040983577,1.9104919273579108,0.6878871036634973,kiri,frontotemporal,4.0,False,0.9961675281092047,12.702796457105219,0.2961468599675774,-0.6307640874642386,0.07656230791245755,,2.2738828233655988
P02,AGEM KANAN,NAIK,4,False,kanal,T3,11.247783219051698,-0.11449394250513079,0.6705220267648043,1.4274538054096557,0.5747426211421425,kiri,temporal,4.0,False,0.9868267912594717,12.702796457105219,-0.33403651736597595,-1.1138022094124937,-0.03658217460889723,,2.2738828233655988
P02,AGEM KANAN,NAIK,4,False,kanal,T5,14.343848996415971,0.2731835266978746,0.009395648215949626,2.5225710388741165,0.5399686830654518,kiri,temporo-posterior,4.0,False,0.9833537168820567,12.702796457105219,-0.9951628959148306,-0.018684975948032978,-0.07135611268558795,,2.2738828233655988
P02,AGEM KANAN,NAIK,4,False,kanal,Fp2,8.565742185745144,0.07090962866098316,4.379724456771003,0.23262958511730192,0.3676059978552467,kanan,frontopolar,4.0,False,0.9759726015976449,6.115322071522531,2.3305620382843744,-0.6049854272818034,0.045186327716106034,,2.2738828233655988
P02,AGEM KANAN,NAIK,4,False,kanal,F4,3.520058720979023,-0.3087269214312527,-2.701630084498481,-0.13860825258797815,-0.10675790422044784,kanan,frontal,4.0,False,0.9795553435190643,6.115322071522531,-4.750792502985109,-0.9762232649870834,-0.42917757435958853,,2.2738828233655988
P02,AGEM KANAN,NAIK,4,False,kanal,C4,0.0573346169294382,-0.7596095526108952,0.29910075936817315,3.539137902647541,0.09169311048972362,kanan,sentral,4.0,False,0.9693978438418013,6.115322071522531,-1.7500616591184552,2.7015228902484356,-0.23072655964941707,,2.2738828233655988
P02,AGEM KANAN,NAIK,4,False,kanal,P4,5.990909235876607,-0.17133051843402547,0.016437381258468386,1.1421896268595515,0.11588220398395427,kanan,parietal,4.0,False,0.981037050535431,6.115322071522531,-2.0327250372281602,0.3045746144604462,-0.20653746615518642,,2.2738828233655988
P02,AGEM KANAN,NAIK,4,False,kanal,O2,6.2397349071684545,-0.4221324417687846,1.8729409694627566,0.4043983096595216,0.27723334242303466,kanan,oksipital,4.0,False,0.982682853860147,6.115322071522531,-0.17622144902387182,-0.4332167027395837,-0.045186327716106034,,2.2738828233655988
P02,AGEM KANAN,NAIK,4,False,kanal,F8,10.840687791311197,0.23410286209313336,2.2253838675105007,4.167212225805967,1.3478057859860637,kanan,frontotemporal,4.0,False,0.9899619703568193,6.115322071522531,0.17622144902387227,3.3295972134068617,1.025386115846923,,2.2738828233655988
P02,AGEM KANAN,NAIK,4,False,kanal,T4,2.6865025709696795,-0.48350919652412894,2.8247667336285813,0.8315214395578736,0.8823503883804018,kanan,temporal,4.0,False,0.9868158128152128,6.115322071522531,0.7756043151419529,-0.006093572841231687,0.5599307182412612,,2.2738828233655988
P02,AGEM KANAN,NAIK,4,False,kanal,T6,19.918613066023745,0.7015887336888667,4.700872413634579,0.843708585240337,0.5165511220167694,kanan,temporo-posterior,4.0,False,0.9833444025899605,6.115322071522531,2.651709995147951,0.006093572841231687,0.19413145187762876,,2.2738828233655988
P02,AGEM KANAN,NAIK,4,False,area,frontopolar,14.4768331485065,0.4717221695987004,1.0227924001004753,4.031779200878223,0.6524573944499641,,frontopolar,4.0,False,0.9864877949710135,,,,,True,2.2738828233655988
P02,AGEM KANAN,NAIK,4,False,area,frontal,6.609377094444767,-0.18214800210684157,-1.6497641961873903,1.5296629151095864,-0.5092008856188424,,frontal,4.0,False,0.9855059809607404,,,,,False,2.2738828233655988
P02,AGEM KANAN,NAIK,4,False,area,frontotemporal,12.209039665862441,0.16796042230234742,1.450584050363062,2.1209627092674985,0.04498519022454964,,frontotemporal,4.0,False,0.9892540245851784,,,,,True,2.2738828233655988
P02,AGEM KANAN,NAIK,4,False,area,sentral,4.809435615510459,-0.4698280725799955,0.9705585016877092,2.7210128728951717,0.14521484340502144,,sentral,4.0,False,0.9951958237819027,,,,,False,2.2738828233655988
P02,AGEM KANAN,NAIK,4,False,area,temporal,7.944530299758519,-0.2502282318175211,1.7550669847183746,1.846209669405162,0.8990255176941886,,temporal,4.0,False,0.9935788393903361,,,,,True,2.2738828233655988
P02,AGEM KANAN,NAIK,4,False,area,parietal,9.78107036136499,0.07534343664085519,0.6720804834152068,1.7573887789748146,0.5523945065318423,,parietal,4.0,False,0.9906751835695717,,,,,False,2.2738828233655988
P02,AGEM KANAN,NAIK,4,False,area,temporo-posterior,15.767994382551883,0.41129525435305503,3.406574923026593,2.45832351425658,0.9303590325978954,,temporo-posterior,4.0,False,0.9853594006486166,,,,,False,2.2738828233655988
P02,AGEM KANAN,NAIK,4,False,area,oksipital,10.830058696852888,0.0019078851599894087,1.439683845833174,1.2313172282753828,0.40599719847383364,,oksipital,4.0,False,0.9903604640247108,,,,,False,2.2738828233655988
P02,AGEM KANAN,POST,4,False,belahan,kiri,11.274380694418525,0.14114776618330926,-0.27965891416807637,0.6684583538956086,0.5264053972790081,,,,,,,,,,,2.2738828233655988
P02,AGEM KANAN,POST,4,False,belahan,kanan,11.007593066378217,0.023302780176947868,0.4149229226393105,0.7621289919160477,0.4147609650325721,,,,,,,,,,,2.2738828233655988
P02,AGEM KANAN,POST,4,False,kanal,Fp1,13.466686702685855,0.3882723724068551,0.6018305619656139,1.40816258241159,0.6814935002175608,kiri,frontopolar,4.0,False,0.991859750954322,11.274380694418525,0.8814894761336902,0.7397042285159814,0.15508810293855269,,2.2738828233655988
P02,AGEM KANAN,POST,4,False,kanal,F3,9.829041989458958,0.09451968101267294,-0.8640077572839772,1.6085439399144814,0.5498389667443381,kiri,frontal,4.0,False,0.9836543857748027,11.274380694418525,-0.5843488431159007,0.9400855860188728,0.02343356946532993,,2.2738828233655988
P02,AGEM KANAN,POST,4,False,kanal,C3,10.277202896484106,0.0493698556861486,-1.39737265022243,0.9594176290986982,0.2021458118324504,kiri,sentral,4.0,False,0.9900893033123984,11.274380694418525,-1.1177137360543536,0.2909592752030896,-0.32425958544655775,,2.2738828233655988
P02,AGEM KANAN,POST,4,False,kanal,P3,9.84472809819006,0.14857544258421274,0.9567996534714439,0.377499078692519,0.5029718278136781,kiri,parietal,4.0,False,0.9931990111051865,11.274380694418525,1.2364585676395203,-0.2909592752030896,-0.02343356946533004,,2.2738828233655988
P02,AGEM KANAN,POST,4,False,kanal,O1,13.269907637518855,0.34751803137280435,3.3462673253234017,0.09310410494759669,0.43896350374632903,kiri,oksipital,4.0,False,0.9917232934154661,11.274380694418525,3.625926239491478,-0.5753542489480119,-0.08744189353267912,,2.2738828233655988
P02,AGEM KANAN,POST,4,False,kanal,F7,14.281295314186409,0.46806970968397366,-0.31140925388846163,2.5928461959979585,0.6837237376333102,kiri,frontotemporal,4.0,False,0.9909505400947679,11.274380694418525,-0.03175033972038527,1.92438784210235,0.15731834035430203,,2.2738828233655988
P02,AGEM KANAN,POST,4,False,kanal,T3,10.559897854663326,0.02487192486631118,-1.1821194783455957,0.2919119546739628,0.6957997508442493,kiri,temporal,4.0,False,0.9873432090783799,11.274380694418525,-0.9024605641775194,-0.3765463992216458,0.16939435356524113,,2.2738828233655988
P02,AGEM KANAN,POST,4,False,kanal,T5,11.988863534173724,0.1337200897824058,-0.2479085744476911,-0.09622993889402442,0.4229877538668425,kiri,temporo-posterior,4.0,False,0.9930180339287662,11.274380694418525,0.03175033972038527,-0.764688292789633,-0.10341764341216564,,2.2738828233655988
P02,AGEM KANAN,POST,4,False,kanal,Fp2,10.476879264511965,0.02821711878151456,1.0948153833925534,0.9043509532436023,0.2628672377074933,kanan,frontopolar,4.0,False,0.9934881750617552,11.007593066378217,0.6798924607532428,0.1422219613275546,-0.15189372732507878,,2.2738828233655988
P02,AGEM KANAN,POST,4,False,kanal,F4,7.335091658066922,0.02344049768925016,-0.9497047630261255,-0.09513860045897626,-0.5961350551433173,kanan,frontal,4.0,False,0.9755085361871766,11.007593066378217,-1.364627685665436,-0.8572675923750239,-1.0108960201758894,,2.2738828233655988
P02,AGEM KANAN,POST,4,False,kanal,C4,6.5439343326097585,-0.16402832420992386,0.3207723079054696,1.4447069659217044,0.019001960584855482,kanan,sentral,4.0,False,0.9899103487244615,11.007593066378217,-0.0941506147338409,0.6825779740056568,-0.3957590044477166,,2.2738828233655988
P02,AGEM KANAN,POST,4,False,kanal,P4,11.538306868244469,0.023165062664645575,0.5090735373731514,0.6199070305884931,0.6344007025151033,kanan,parietal,4.0,False,0.9952256844867277,11.007593066378217,0.0941506147338409,-0.1422219613275546,0.21963973748253118,,2.2738828233655988
P02,AGEM KANAN,POST,4,False,kanal,O2,8.92958490204338,-0.30789883434191934,0.7189369199578333,-1.5553631014402565,-0.24160853374797553,kanan,oksipital,4.0,False,0.9903267666640314,11.007593066378217,0.30401399731852274,-2.317492093356304,-0.6563694987805476,,2.2738828233655988
P02,AGEM KANAN,POST,4,False,kanal,F8,12.651002194364708,0.1536706748552974,-1.1855734323318623,1.0310258243306922,0.5666546923576509,kanan,frontotemporal,4.0,False,0.9888508963988684,11.007593066378217,-1.6004963549711728,0.26889683241464457,0.15189372732507878,,2.2738828233655988
P02,AGEM KANAN,POST,4,False,kanal,T4,12.787209460484029,-0.08193814913891373,1.5576015293723144,0.4023611727203682,0.8313962735404425,kanan,temporal,4.0,False,0.9888543773018101,11.007593066378217,1.142678606733004,-0.35976781919567946,0.41663530850787045,,2.2738828233655988
P02,AGEM KANAN,POST,4,False,kanal,T6,19.153388468537678,0.5631203093803658,0.23108556617092713,1.8706573914326534,0.8365849481833451,kanan,temporo-posterior,4.0,False,0.9942534666298274,11.007593066378217,-0.1838373564683834,1.1085283995166058,0.42182398315077296,,2.2738828233655988
P02,AGEM KANAN,POST,4,False,area,frontopolar,13.147689588470612,0.3443107164181549,0.6664552027533749,1.3486391828355386,0.6067552159030121,,frontopolar,4.0,False,0.9917844260408119,,,,,True,2.2738828233655988
P02,AGEM KANAN,POST,4,False,area,frontal,8.274448837412322,0.0034352369494974333,-1.114026856480042,0.42536107245845933,-0.4080336804402044,,frontal,4.0,False,0.9899115262789313,,,,,False,2.2738828233655988
P02,AGEM KANAN,POST,4,False,area,frontotemporal,14.031633516250231,0.3606734756789869,-0.9259407096711203,1.8153980098188827,0.5268050705003487,,frontotemporal,4.0,False,0.9926025840206504,,,,,True,2.2738828233655988
P02,AGEM KANAN,POST,4,False,area,sentral,8.335905826259463,-0.06260455377634866,-0.4507459599146717,1.1368089322480377,0.05020386814772637,,sentral,4.0,False,0.9952380980983787,,,,,False,2.2738828233655988
P02,AGEM KANAN,POST,4,False,area,temporal,11.809217082352248,-0.05906548984248472,0.4090897314625702,0.12119533715595665,0.5683985977236894,,temporal,4.0,False,0.9904073900860996,,,,,True,2.2738828233655988
P02,AGEM KANAN,POST,4,False,area,parietal,11.376564117032764,0.05408464406840752,0.4542461950569372,0.436622538413018,0.4889377488409019,,parietal,4.0,False,0.9960551982024431,,,,,False,2.2738828233655988
P02,AGEM KANAN,POST,4,False,area,temporo-posterior,15.259488905786384,0.3199181464614287,-0.06417905247903921,0.9047628558718634,0.589967316319694,,temporo-posterior,4.0,False,0.9955691605074988,,,,,False,2.2738828233655988
P02,AGEM KANAN,POST,4,False,area,oksipital,11.116295795684692,0.02133500822422274,2.084690220232365,-0.6450655594104124,0.13461370364683856,,oksipital,4.0,False,0.9966448019557259,,,,,False,2.2738828233655988
P02,AGEM KIRI,PRA,4,False,belahan,kiri,7.942358049690416,0.14727291019431643,2.3307141325517886,1.9554652004598427,0.9480715409082574,,,,,,,,,,,2.2738828233655988
P02,AGEM KIRI,PRA,4,False,belahan,kanan,4.406628281489507,-0.0473389122802661,1.3165285518336975,0.03245208187238724,0.6063386518054774,,,,,,,,,,,2.2738828233655988
P02,AGEM KIRI,PRA,4,False,kanal,Fp1,11.842048058943092,0.5094791786300863,2.986894264030793,2.174978215171654,1.3369804319459992,kiri,frontopolar,4.0,False,0.9801431692686092,7.942358049690416,0.6561801314790046,0.2195130147118114,0.38890889103774184,,2.2738828233655988
P02,AGEM KIRI,PRA,4,False,kanal,F3,3.9147341598731273,-0.14695028476587524,2.789089812797454,2.6546838228902154,0.8988293252708123,kiri,frontal,4.0,False,0.9732086621399225,7.942358049690416,0.45837568024566533,0.6992186224303727,-0.04924221563744513,,2.2738828233655988
P02,AGEM KIRI,PRA,4,False,kanal,C3,7.500622384763197,-0.0629046899543444,0.2200564174635522,0.8098581015489659,0.4168391157598388,kiri,sentral,4.0,False,0.9720883343319274,7.942358049690416,-2.1106577150882364,-1.1456070989108769,-0.5312324251484186,,2.2738828233655988
P02,AGEM KIRI,PRA,4,False,kanal,P3,9.956581679570924,0.22967986947048602,-0.8871593022156798,0.6482381606832175,0.1877154800780072,kiri,parietal,4.0,False,0.952001088719477,7.942358049690416,-3.2178734347674682,-1.3072270397766252,-0.7603560608302502,,2.2738828233655988
P02,AGEM KIRI,PRA,4,False,kanal,O1,8.033192675746676,0.1468121866487846,1.785915077536917,2.2533956706072416,0.8063014253880152,kiri,oksipital,4.0,False,0.9629893513122297,7.942358049690416,-0.5447990550148716,0.2979304701473988,-0.1417701155202422,,2.2738828233655988
P02,AGEM KIRI,PRA,4,False,kanal,F7,7.851523423634156,0.14773363373984827,2.736113496449026,1.7359521857480313,1.1133922237003373,kiri,frontotemporal,4.0,False,0.9752835288874186,7.942358049690416,0.4053993638972373,-0.2195130147118114,0.1653206827920799,,2.2738828233655988
P02,AGEM KIRI,PRA,4,False,kanal,T3,3.0900486138018906,-0.3805450914363402,3.702021290059816,2.4237503403024085,1.083320037489801,kiri,temporal,4.0,False,0.9765493651343584,7.942358049690416,1.3713071575080273,0.4682851398425658,0.1352484965815437,,2.2738828233655988
P02,AGEM KIRI,PRA,4,False,kanal,T5,10.111524292364102,0.2721409331184983,1.9253147686545509,1.010859598348672,0.9973137565457026,kiri,temporo-posterior,4.0,False,0.9810134456753804,7.942358049690416,-0.40539936389723774,-0.9446056021111708,0.04924221563744524,,2.2738828233655988
P02,AGEM KIRI,PRA,4,False,kanal,Fp2,5.048355549045134,-0.012102656727337902,1.5237413905289388,0.0744541957227769,0.7063018003802456,kanan,frontopolar,4.0,False,0.9889950961726902,4.406628281489507,0.2072128386952412,0.042002113850389655,0.09996314857476818,,2.2738828233655988
P02,AGEM KIRI,PRA,4,False,kanal,F4,2.0858142618616498,-0.0825751678331943,-2.9499297449817865,-0.3401618731289835,-0.20358347944118704,kanan,frontal,4.0,False,0.9791595317921938,4.406628281489507,-4.266458296815484,-0.37261395500137073,-0.8099221312466645,,2.2738828233655988
P02,AGEM KIRI,PRA,4,False,kanal,C4,1.4416303895297915,-0.2274235942451872,1.3996604408940079,2.4367335826173298,0.5063755032307091,kanan,sentral,4.0,False,0.9891535917897747,4.406628281489507,0.08313188906031033,2.4042815007449425,-0.09996314857476829,,2.2738828233655988
P02,AGEM KIRI,PRA,4,False,kanal,P4,7.830046137973142,0.2547358829250661,-1.2270022467891954,-0.5818141129675807,0.7229151840979446,kanan,parietal,4.0,False,0.9812527570420136,4.406628281489507,-2.5435307986228928,-0.6142661948399679,0.11657653229246723,,2.2738828233655988
P02,AGEM KIRI,PRA,4,False,kanal,O2,3.76490101393388,-0.2860195996415915,1.2333966627733872,-0.5836143945055277,-0.33843664739052404,kanan,oksipital,4.0,False,0.9882281196195837,4.406628281489507,-0.08313188906031033,-0.6160664763779149,-0.9447752991960015,,2.2738828233655988
P02,AGEM KIRI,PRA,4,False,kanal,F8,10.26344510815646,0.3531061275059795,-1.2986450769519724,-0.009550031978002416,0.8606409235167245,kanan,frontotemporal,4.0,False,0.9892167810161906,4.406628281489507,-2.61517362878567,-0.042002113850389655,0.2543022717112471,,2.2738828233655988
P02,AGEM KIRI,PRA,4,False,kanal,T4,3.0646493993453845,-0.27712714194130106,2.308642172235505,0.26950890012785456,-0.01003110696528342,kanan,temporal,4.0,False,0.9782356635524236,4.406628281489507,0.9921136204018073,0.23705681825546732,-0.6163697587707608,,2.2738828233655988
P02,AGEM KIRI,PRA,4,False,kanal,T6,8.348916889746192,0.38007100077413014,1.668027361677833,1.746327465024688,1.5066771206851832,kanan,temporo-posterior,4.0,False,0.9924873614042602,4.406628281489507,0.3514988098441354,1.7138753831523008,0.9003384688797058,,2.2738828233655988
P02,AGEM KIRI,PRA,4,False,area,frontopolar,10.653236227112032,0.399916464169763,2.8080795736464808,1.9117240136472384,1.1082456842739448,,frontopolar,4.0,False,0.985282743919653,,,,,True,2.2738828233655988
P02,AGEM KIRI,PRA,4,False,area,frontal,3.0258009243398902,-0.13139646146393735,0.6327410987536775,1.193979370041495,0.2818946301317846,,frontal,4.0,False,0.9845645444847528,,,,,False,2.2738828233655988
P02,AGEM KIRI,PRA,4,False,area,frontotemporal,8.429296842283875,0.15675218444914019,1.1576862107306114,0.8970230516671758,0.6492197222033312,,frontotemporal,4.0,False,0.989027153762754,,,,,True,2.2738828233655988
P02,AGEM KIRI,PRA,4,False,area,sentral,4.288435413491548,-0.18314746946792493,0.616971712961496,1.3460476819023484,0.2123806753986035,,sentral,4.0,False,0.9933126681065273,,,,,False,2.2738828233655988
P02,AGEM KIRI,PRA,4,False,area,temporal,3.6450479251967494,-0.3182897347723066,2.947067722987996,1.4747078661663555,0.5931898680471492,,temporal,4.0,False,0.9914461757045423,,,,,True,2.2738828233655988
P02,AGEM KIRI,PRA,4,False,area,parietal,7.914334826791638,0.16149391102451993,-1.0536960584845705,-0.20965487064004096,0.22024789565571667,,parietal,4.0,False,0.9933724093194747,,,,,False,2.2738828233655988
P02,AGEM KIRI,PRA,4,False,area,temporo-posterior,8.436669878615675,0.18057844529955558,2.162784321638446,1.1424173702869553,0.6651862722670354,,temporo-posterior,4.0,False,0.9779335513777949,,,,,False,2.2738828233655988
P02,AGEM KIRI,PRA,4,False,area,oksipital,5.843717080436683,-0.08547518272028087,1.544382493304007,0.9100886071401417,0.2009488414477364,,oksipital,4.0,False,0.9916747605025763,,,,,False,2.2738828233655988
P02,AGEM KIRI,TURUN,4,False,belahan,kiri,10.757662229323877,-0.1255600810230274,1.2622563145850645,2.833998961701158,1.0095725171161565,,,,,,,,,,,2.2738828233655988
P02,AGEM KIRI,TURUN,4,False,belahan,kanan,4.660538008496193,-0.14127160204185485,1.7342711302229499,1.1137486219304762,0.667420790863005,,,,,,,,,,,2.2738828233655988
P02,AGEM KIRI,TURUN,4,False,kanal,Fp1,12.27193443289076,0.11513910494514423,1.0445236824022819,2.8469427604629507,1.131433465509569,kiri,frontopolar,4.0,False,0.9839229002322943,10.757662229323877,-0.2177326321827826,0.012943798761792635,0.12186094839341255,,2.2738828233655988
P02,AGEM KIRI,TURUN,4,False,kanal,F3,5.790580109313879,-0.47227405877611583,1.95741660786836,2.8210551629393654,1.3544550322876479,kiri,frontal,4.0,False,0.9776201605810685,10.757662229323877,0.6951602932832954,-0.012943798761792635,0.3448825151714914,,2.2738828233655988
P02,AGEM KIRI,TURUN,4,False,kanal,C3,5.38401716388897,-0.5963668626573566,1.0873475064720906,0.8150421178679346,0.009962352375831873,kiri,sentral,4.0,False,0.9817735344166595,10.757662229323877,-0.17490880811297393,-2.0189568438332235,-0.9996101647403246,,2.2738828233655988
P02,AGEM KIRI,TURUN,4,False,kanal,P3,9.574484069789328,-0.19538112392086204,0.31305491462513435,-0.08623036024307895,0.07033035640788987,kiri,parietal,4.0,False,0.9806584171033739,10.757662229323877,-0.9492013999599301,-2.920229321944237,-0.9392421607082666,,2.2738828233655988
P02,AGEM KIRI,TURUN,4,False,kanal,O1,12.698205656254054,0.15742883268948704,1.7074369815690549,0.8182338745838984,0.8877115687227437,kiri,oksipital,4.0,False,0.9891837194211396,10.757662229323877,0.4451806669839904,-2.0157650871172597,-0.12186094839341277,,2.2738828233655988
P02,AGEM KIRI,TURUN,4,False,kanal,F7,10.996091779142361,-0.12853055237004685,0.007944873746933423,3.1062932185952183,0.5982498496074425,kiri,frontotemporal,4.0,False,0.9746307504604473,10.757662229323877,-1.254311440838131,0.2722942568940603,-0.41132266750871394,,2.2738828233655988
P02,AGEM KIRI,TURUN,4,False,kanal,T3,10.519232679505393,-0.12258960967600796,3.939656261668167,4.8237885050309135,2.53801420068861,kiri,temporal,4.0,False,0.9718973207051534,10.757662229323877,2.6773999470831025,1.9897895433297554,1.5284416835724537,,2.2738828233655988
P02,AGEM KIRI,TURUN,4,False,kanal,T5,16.508636106216656,0.5149383185352545,1.4371651226980382,2.8949716582985534,2.2326042187035364,kiri,temporo-posterior,4.0,False,0.986672873327859,10.757662229323877,0.1749088081129737,0.06097269659739535,1.22303170158738,,2.2738828233655988
P02,AGEM KIRI,TURUN,4,False,kanal,Fp2,5.371011635424949,-0.21663191032347218,1.9292404936123977,1.0917551459787278,0.7005083981183283,kanan,frontopolar,4.0,False,0.9873778570931191,4.660538008496193,0.19496936338944781,-0.021993475951748387,0.03308760725532334,,2.2738828233655988
P02,AGEM KIRI,TURUN,4,False,kanal,F4,3.9500643815674366,0.12387128832244709,-1.9699282563079765,-0.4416855668899853,0.5003649738585283,kanan,frontal,4.0,False,0.9802589219645279,4.660538008496193,-3.7041993865309264,-1.5554341888204615,-0.1670558170044767,,2.2738828233655988
P02,AGEM KIRI,TURUN,4,False,kanal,C4,-2.9491770036046177,-0.6496021721528538,1.539301766833502,1.3656500623176901,0.03656043154377775,kanan,sentral,4.0,False,0.9525439511874738,4.660538008496193,-0.19496936338944781,0.25190144038721396,-0.6308603593192272,,2.2738828233655988
P02,AGEM KIRI,TURUN,4,False,kanal,P4,6.94548200181962,0.2498529912621894,-0.40613501214496694,2.1239136745817806,1.5137418979856117,kanan,parietal,4.0,False,0.954799623907161,4.660538008496193,-2.140406142367917,1.0101650526513044,0.8463211071226067,,2.2738828233655988
P02,AGEM KIRI,TURUN,4,False,kanal,O2,3.7386372378698667,-0.4642404963302347,2.0279612444693824,-0.6723861363652652,0.6343331836076815,kanan,oksipital,4.0,False,0.9823028114796545,4.660538008496193,0.29369011424643254,-1.7861347582957414,-0.03308760725532345,,2.2738828233655988
P02,AGEM KIRI,TURUN,4,False,kanal,F8,10.387042031786883,-0.06591129376023752,-1.2512091623739203,-1.9858335651957626,2.210633806180102,kanan,frontotemporal,4.0,False,0.9707547186983666,4.660538008496193,-2.98548029259687,-3.099582187126239,1.5432130153170969,,2.2738828233655988
P02,AGEM KIRI,TURUN,4,False,kanal,T4,3.4179103535218047,-0.29151779691779645,1.9767288642797654,1.1357420978822246,0.0699626336632766,kanan,temporal,4.0,False,0.9845823998371342,4.660538008496193,0.24245773405681548,0.021993475951748387,-0.5974581571997284,,2.2738828233655988
P02,AGEM KIRI,TURUN,4,False,kanal,T6,9.834932982249335,0.05518852090552073,5.014158786370485,1.7482591631854394,1.5550977568478337,kanan,temporo-posterior,4.0,False,0.9647360125228165,4.660538008496193,3.2798876561475354,0.6345105412549632,0.8876769659848287,,2.2738828233655988
P02,AGEM KIRI,TURUN,4,False,area,frontopolar,11.436739011065619,0.07242815764657573,1.0739728565637723,2.79636171680786,1.1713911205039849,,frontopolar,4.0,False,0.9848726244384951,,,,,True,2.2738828233655988
P02,AGEM KIRI,TURUN,4,False,area,frontal,4.467469855441607,-0.35185428237675787,0.5908277113684406,1.5605014956549574,0.875276437832667,,frontal,4.0,False,0.9821293323876602,,,,,False,2.2738828233655988
P02,AGEM KIRI,TURUN,4,False,area,frontotemporal,10.749629951496011,-0.14491166640095887,-0.6785962938571832,1.7181984890995343,0.8969619423198224,,frontotemporal,4.0,False,0.9851921229301472,,,,,True,2.2738828233655988
P02,AGEM KIRI,TURUN,4,False,area,sentral,1.5538573395097544,-0.6544421997835896,1.2802967335921966,0.9579428742209548,-0.13098967375476117,,sentral,4.0,False,0.980339779864099,,,,,False,2.2738828233655988
P02,AGEM KIRI,TURUN,4,False,area,temporal,8.707645135711978,-0.12684482211660875,3.919822881542838,4.5145615630677876,2.349893163492192,,temporal,4.0,False,0.9773621781129863,,,,,True,2.2738828233655988
P02,AGEM KIRI,TURUN,4,False,area,parietal,7.910881175014062,-0.03963239525003259,-0.6107431840864368,0.44005894710443627,0.3321940675180698,,parietal,4.0,False,0.9834851719538028,,,,,False,2.2738828233655988
P02,AGEM KIRI,TURUN,4,False,area,temporo-posterior,14.552453286746342,0.3293937256424231,2.160428497952351,2.14069721534671,1.4915112645906188,,temporo-posterior,4.0,False,0.9878594410337455,,,,,False,2.2738828233655988
P02,AGEM KIRI,TURUN,4,False,area,oksipital,8.854060748641714,-0.12176569718764396,1.7674037548481187,0.14631230408103502,0.7455701262879127,,oksipital,4.0,False,0.9909193204420909,,,,,False,2.2738828233655988
P02,AGEM KIRI,TAHAN,4,False,belahan,kiri,5.96502371436538,0.1782165079365282,-0.3816600229490627,-0.13876292142039892,0.5018262130098731,,,,,,,,,,,2.2738828233655988
P02,AGEM KIRI,TAHAN,4,False,belahan,kanan,4.047637624601716,0.1546568583665069,-0.22110639748420086,0.4998606055671746,0.21775114370298654,,,,,,,,,,,2.2738828233655988
P02,AGEM KIRI,TAHAN,4,False,kanal,Fp1,9.008915528409844,0.44984794696682084,-0.3941088164065343,-0.15711738999294367,0.32867497576234767,kiri,frontopolar,4.0,False,0.9856735938332296,5.96502371436538,-0.012448793457471574,-0.018354468572544747,-0.1731512372475254,,2.2738828233655988
P02,AGEM KIRI,TAHAN,4,False,kanal,F3,3.494825675238637,-0.07655197905206323,0.2794230827391835,-0.5138469897856242,0.783608142794782,kiri,frontal,4.0,False,0.9916122505343453,5.96502371436538,0.6610831056882462,-0.37508406836522523,0.2817819297849089,,2.2738828233655988
P02,AGEM KIRI,TAHAN,4,False,kanal,C3,3.9909619143993567,0.07231385328081608,-0.9881986491436956,-0.7002336799830022,0.41631504269422304,kiri,sentral,4.0,False,0.9859178623220292,5.96502371436538,-0.6065386261946328,-0.5614707585626033,-0.08551117031565003,,2.2738828233655988
P02,AGEM KIRI,TAHAN,4,False,kanal,P3,4.999087069670566,0.15635915320474036,-0.36921122949159113,-1.5151729471442983,0.7720689873263811,kiri,parietal,4.0,False,0.985132153505327,5.96502371436538,0.012448793457471574,-1.3764100257238994,0.270242774316508,,2.2738828233655988
P02,AGEM KIRI,TAHAN,4,False,kanal,O1,5.086355912746825,0.20007386266831606,0.26333998619950394,-0.12040845284785417,0.5873373833255231,kiri,oksipital,4.0,False,0.9910220520417656,5.96502371436538,0.6450000091485666,0.018354468572544747,0.08551117031565003,,2.2738828233655988
P02,AGEM KIRI,TAHAN,4,False,kanal,F7,10.149381512204855,0.37911931229034135,-0.817887052011228,0.2474594041472553,0.7788534272554443,kiri,frontotemporal,4.0,False,0.9953783106567514,5.96502371436538,-0.4362270290621653,0.38622232556765423,0.2770272142455712,,2.2738828233655988
P02,AGEM KIRI,TAHAN,4,False,kanal,T3,6.843691515983934,0.00665142863206114,-0.10469057908927604,0.7384364786309705,0.36878855349000905,kiri,temporal,4.0,False,0.9925164285760498,5.96502371436538,0.27696944385978667,0.8771994000513694,-0.13303765951986402,,2.2738828233655988
P02,AGEM KIRI,TAHAN,4,False,kanal,T5,8.46068652157004,0.2732406214384082,-0.8438129658587834,0.07695919684544084,0.2213060959097064,kiri,temporo-posterior,4.0,False,0.9851164126412334,5.96502371436538,-0.4621529429097207,0.21572211826583976,-0.28052011710016667,,2.2738828233655988
P02,AGEM KIRI,TAHAN,4,False,kanal,Fp2,6.905116033968582,0.2472594093984939,0.12333200682284551,0.8836071318619805,0.33297126170256297,kanan,frontopolar,4.0,False,0.9947345211216826,4.047637624601716,0.34443840430704636,0.3837465262948059,0.11522011799957643,,2.2738828233655988
P02,AGEM KIRI,TAHAN,4,False,kanal,F4,3.262834104200685,0.20249115227727676,-1.586523682700919,-1.331411853570554,-0.8430092772430458,kanan,frontal,4.0,False,0.9927569138993442,4.047637624601716,-1.3654172852167181,-1.8312724591377285,-1.0607604209460324,,2.2738828233655988
P02,AGEM KIRI,TAHAN,4,False,kanal,C4,-1.3706610151913736,-0.12920895183785808,-0.5412755398317494,-0.23746585285071786,0.5212199446402423,kanan,sentral,4.0,False,0.9872881830527055,4.047637624601716,-0.3201691423475485,-0.7373264584178925,0.3034688009372558,,2.2738828233655988
P02,AGEM KIRI,TAHAN,4,False,kanal,P4,4.685058370480945,0.28233578973350193,-0.36116633150588273,0.2576345714153856,0.1025310257034101,kanan,parietal,4.0,False,0.986566166526651,4.047637624601716,-0.14005993402168188,-0.242226034151789,-0.11522011799957643,,2.2738828233655988
P02,AGEM KIRI,TAHAN,4,False,kanal,O2,5.099064452660556,-0.002615212421239299,-0.5079017835278465,0.5660995783088021,-0.34592445568809294,kanan,oksipital,4.0,False,0.9955810400460968,4.047637624601716,-0.2867953860436457,0.06623897274162749,-0.5636755993910795,,2.2738828233655988
P02,AGEM KIRI,TAHAN,4,False,kanal,F8,3.2123152384294116,0.10682256445573701,-0.08104646346251898,0.4336216328255471,0.505999978337499,kanan,frontotemporal,4.0,False,0.9926571317899449,4.047637624601716,0.14005993402168188,-0.06623897274162749,0.28824883463451245,,2.2738828233655988
P02,AGEM KIRI,TAHAN,4,False,kanal,T4,3.410216878722487,0.000958660915474141,1.3494847332291642,1.4977418544886776,-0.3231904115954488,kanan,temporal,4.0,False,0.9959899741204087,4.047637624601716,1.570591130713365,0.997881248921503,-0.5409415552984354,,2.2738828233655988
P02,AGEM KIRI,TAHAN,4,False,kanal,T6,12.11088104424367,0.7143260697663707,0.892699099754357,0.7969463785403956,1.0670372333689049,kanan,temporo-posterior,4.0,False,0.9935409830243566,4.047637624601716,1.1138054972385578,0.29708577297322103,0.8492860896659183,,2.2738828233655988
P02,AGEM KIRI,TAHAN,4,False,area,frontopolar,8.731086252872984,0.41892569846725913,-0.31960897077831507,-0.029165280076552946,0.28566410397276254,,frontopolar,4.0,False,0.9908483540527133,,,,,True,2.2738828233655988
P02,AGEM KIRI,TAHAN,4,False,area,frontal,3.21463466266912,-0.009818504801287542,-1.0121182630255374,-1.4751172605614418,-0.42953255101511356,,frontal,4.0,False,0.9940211835683511,,,,,False,2.2738828233655988
P02,AGEM KIRI,TAHAN,4,False,area,frontotemporal,8.508051152988813,0.30687774598989237,-1.0223467262349373,0.047907002677741506,0.5580899513618756,,frontotemporal,4.0,False,0.9958177059797116,,,,,True,2.2738828233655988
P02,AGEM KIRI,TAHAN,4,False,area,sentral,1.1035830973283538,-0.04862688052094022,-0.8400015198548165,-0.6273492233293108,0.3116908678749891,,sentral,4.0,False,0.990939535430599,,,,,False,2.2738828233655988
P02,AGEM KIRI,TAHAN,4,False,area,temporal,5.872239789718442,0.014584863593521735,0.3418952925972668,0.8879543313261338,0.04355771631182903,,temporal,4.0,False,0.9956167499363919,,,,,True,2.2738828233655988
P02,AGEM KIRI,TAHAN,4,False,area,parietal,5.199667312256366,0.2530786484380285,-0.7333886799406213,-0.505653014571692,0.16809678954939977,,parietal,4.0,False,0.9891016084910428,,,,,False,2.2738828233655988
P02,AGEM KIRI,TAHAN,4,False,area,temporo-posterior,10.305379983733218,0.4596591550507818,-0.31853475881716165,0.1441723314959109,0.3949038290867015,,temporo-posterior,4.0,False,0.9946654297038686,,,,,False,2.2738828233655988
P02,AGEM KIRI,TAHAN,4,False,area,oksipital,5.431451954930878,0.12714059335551742,-0.13142515391694753,0.47108907645537146,0.0776175353629508,,oksipital,4.0,False,0.9956375208078975,,,,,False,2.2738828233655988
P02,AGEM KIRI,NAIK,4,False,belahan,kiri,12.801402705558171,0.25199971293486756,2.492292741386259,2.540426423214529,-0.3395818030943406,,,,,,,,,,,2.2738828233655988
P02,AGEM KIRI,NAIK,4,False,belahan,kanan,5.641719749309836,0.04916985528463791,3.5532251059085613,3.1784771064630917,0.4850415199082512,,,,,,,,,,,2.2738828233655988
P02,AGEM KIRI,NAIK,4,False,kanal,Fp1,15.162851560334879,0.6542883596018252,3.947488049362578,5.314913946973956,0.5139433344930153,kiri,frontopolar,4.0,False,0.9770936893911566,12.801402705558171,1.455195307976319,2.774487523759427,0.8535251375873559,,2.2738828233655988
P02,AGEM KIRI,NAIK,4,False,kanal,F3,8.217450636984012,-0.03684082038656644,2.171208115650005,2.246342830155765,-0.3707668736651013,kiri,frontal,4.0,False,0.9835588171807688,12.801402705558171,-0.32108462573625385,-0.29408359305876397,-0.031185070570760698,,2.2738828233655988
P02,AGEM KIRI,NAIK,4,False,kanal,C3,11.805652662712383,0.06652286277797259,1.733219093646585,1.4119008954805454,-0.574814208100958,kiri,sentral,4.0,False,0.9809412776540006,12.801402705558171,-0.759073647739674,-1.1285255277339834,-0.23523240500661735,,2.2738828233655988
P02,AGEM KIRI,NAIK,4,False,kanal,P3,12.705810854491197,0.22618054060737403,2.2332455232859165,1.5778718699179866,-0.34262199896734546,kiri,parietal,4.0,False,0.9813758139563256,12.801402705558171,-0.2590472181003425,-0.9625545532965423,-0.0030401958730048584,,2.2738828233655988
P02,AGEM KIRI,NAIK,4,False,kanal,O1,13.03876570057529,0.43124864154535514,3.316906349347423,4.807294720790806,-0.33654160722133575,kiri,oksipital,4.0,False,0.9850484343612884,12.801402705558171,0.8246136079611639,2.2668682975762775,0.0030401958730048584,,2.2738828233655988
P02,AGEM KIRI,NAIK,4,False,kanal,F7,14.288744690596474,0.38962742966059993,2.862045393092497,3.2385737747974677,0.4691321936878118,kiri,frontotemporal,4.0,False,0.9862926221183115,12.801402705558171,0.36975265170623794,0.6981473515829388,0.8087139967821524,,2.2738828233655988
P02,AGEM KIRI,NAIK,4,False,kanal,T3,10.03648674700974,-0.09555099719533056,2.7513399594866015,1.9002114873759424,-0.4141163067807443,kiri,temporal,4.0,False,0.979933246716796,12.801402705558171,0.2590472181003425,-0.6402149358385865,-0.07453450368640369,,2.2738828233655988
P02,AGEM KIRI,NAIK,4,False,kanal,T5,12.896994556625145,0.2778188852623611,2.0850245704486667,2.834510016273293,0.3319376466103181,kiri,temporo-posterior,4.0,False,0.9870013226553617,12.801402705558171,-0.40726817093759227,0.29408359305876397,0.6715194497046587,,2.2738828233655988
P02,AGEM KIRI,NAIK,4,False,kanal,Fp2,7.276077882944335,0.03440878007265713,4.677959504551081,2.76013486857149,0.5110249483306489,kanan,frontopolar,4.0,False,0.9309503475390003,5.641719749309836,1.12473439864252,-0.4183422378916015,0.02598342842239776,,2.2738828233655988
P02,AGEM KIRI,NAIK,4,False,kanal,F4,4.914107085384323,0.11869334076334992,-1.2280323466151264,0.06728328593317556,-0.27869058408609493,kanan,frontal,4.0,False,0.9855094578981555,5.641719749309836,-4.781257452523688,-3.111193820529916,-0.7637321039943461,,2.2738828233655988
P02,AGEM KIRI,NAIK,4,False,kanal,C4,6.369332413235348,0.15054150887980677,2.282771482354575,4.811032970919097,1.5780721352157796,kanan,sentral,4.0,False,0.9735942733715001,5.641719749309836,-1.2704536235539865,1.6325558644560054,1.0930306153075284,,2.2738828233655988
P02,AGEM KIRI,NAIK,4,False,kanal,P4,2.1273486132563804,-0.1208158053269004,5.589333103918346,2.51186698368715,2.5145622303385706,kanan,parietal,4.0,False,0.9561664604060188,5.641719749309836,2.0361079980097845,-0.6666101227759418,2.0295207104303197,,2.2738828233655988
P02,AGEM KIRI,NAIK,4,False,kanal,O2,0.06197341725917482,-0.6163183278349114,4.001741708791339,1.3841238686967157,-0.0764602115215991,kanan,oksipital,4.0,False,0.9779557437884278,5.641719749309836,0.44851660288277806,-1.794353237766376,-0.5615017314298503,,2.2738828233655988
P02,AGEM KIRI,NAIK,4,False,kanal,F8,9.841233894587305,0.1799430357767453,3.1047085030257833,3.5968193443546927,2.0719501582322186,kanan,frontotemporal,4.0,False,0.990215528275394,5.641719749309836,-0.44851660288277806,0.4183422378916011,1.5869086383239674,,2.2738828233655988
P02,AGEM KIRI,NAIK,4,False,kanal,T4,0.06661354984471757,-0.5330485296420662,5.703459532227817,4.058464867955513,0.24510892869044287,kanan,temporal,4.0,False,0.9735415102994421,5.641719749309836,2.1502344263192557,0.879987761492421,-0.2399325912178083,,2.2738828233655988
P02,AGEM KIRI,NAIK,4,False,kanal,T6,11.882815704064981,0.06393093049661869,3.0354761690399936,4.033888823080815,0.4590580914858534,kanan,temporo-posterior,4.0,False,0.9907817592778103,5.641719749309836,-0.5177489368685677,0.8554117166177235,-0.02598342842239776,,2.2738828233655988
P02,AGEM KIRI,NAIK,4,False,area,frontopolar,14.27488917004878,0.5875526750735494,3.954568627980895,5.134284269620151,0.5797412392161478,,frontopolar,4.0,False,0.9756037949371165,,,,,True,2.2738828233655988
P02,AGEM KIRI,NAIK,4,False,area,frontal,7.176106075875694,0.06384744289113353,0.7638849479150682,1.2053490734116261,-0.3206406651219048,,frontal,4.0,False,0.9943350093486446,,,,,False,2.2738828233655988
P02,AGEM KIRI,NAIK,4,False,area,frontotemporal,12.006494884469873,0.21420650291770849,2.930847157928227,3.144039555099661,0.5256782113341997,,frontotemporal,4.0,False,0.9731680395441848,,,,,True,2.2738828233655988
P02,AGEM KIRI,NAIK,4,False,area,sentral,8.523523627028013,0.019343761941494897,2.0265170134163357,2.6106226627493734,-0.1366033644533462,,sentral,4.0,False,0.9695945913787898,,,,,False,2.2738828233655988
P02,AGEM KIRI,NAIK,4,False,area,temporal,6.937560134711411,-0.2184753152630594,3.739630550409838,2.6469316716998845,-0.20995301144149375,,temporal,4.0,False,0.9766532468285786,,,,,True,2.2738828233655988
P02,AGEM KIRI,NAIK,4,False,area,parietal,7.9781519684418,0.13903254959091216,3.4601302065973045,2.0674269087335393,1.3776422951924792,,parietal,4.0,False,0.9876598125762885,,,,,False,2.2738828233655988
P02,AGEM KIRI,NAIK,4,False,area,temporo-posterior,12.240411328770016,0.14498988549336866,2.3976868446587547,3.1670063481949193,0.2147117826804118,,temporo-posterior,4.0,False,0.9900696289428643,,,,,False,2.2738828233655988
P02,AGEM KIRI,NAIK,4,False,area,oksipital,7.99562391122042,0.0385106361864862,3.429570291452685,3.802437300349116,0.013718548043719081,,oksipital,4.0,False,0.9911142138349379,,,,,False,2.2738828233655988
P02,AGEM KIRI,POST,4,False,belahan,kiri,14.455944190272913,0.3308164880300235,0.3385869248306189,2.447983556158477,0.5875310911398283,,,,,,,,,,,2.2738828233655988
P02,AGEM KIRI,POST,4,False,belahan,kanan,7.381450532043726,0.11819730426583841,0.830158794690601,2.782326381338483,0.9966988135083115,,,,,,,,,,,2.2738828233655988
P02,AGEM KIRI,POST,4,False,kanal,Fp1,17.597613540370794,0.7377201484000822,1.0031505871404556,2.5508870949828246,0.5019047565678274,kiri,frontopolar,4.0,False,0.9944497438253403,14.455944190272913,0.6645636623098367,0.10290353882434777,-0.08562633457200086,,2.2738828233655988
P02,AGEM KIRI,POST,4,False,kanal,F3,11.640922737297707,0.2877871011537869,0.23323850522810496,2.9283096012174203,0.9137842823569228,kiri,frontal,4.0,False,0.9883296853031449,14.455944190272913,-0.10534841960251395,0.4803260450589435,0.3262531912170945,,2.2738828233655988
P02,AGEM KIRI,POST,4,False,kanal,C3,11.124307947946015,-0.04857379772557957,-0.3455641098940643,1.2451635928092921,0.24119321262729865,kiri,sentral,4.0,False,0.991339821097981,14.455944190272913,-0.6841510347246832,-1.2028199633491847,-0.3463378785125296,,2.2738828233655988
P02,AGEM KIRI,POST,4,False,kanal,P3,11.296534735434996,0.11129471309883976,0.48652454589865834,2.345080017334129,0.28876470278372257,kiri,parietal,4.0,False,0.990988600147917,14.455944190272913,0.14793762106803943,-0.10290353882434777,-0.2987663883561057,,2.2738828233655988
P02,AGEM KIRI,POST,4,False,kanal,O1,14.208893716621475,0.3920609259067711,1.4831692083940484,2.6589676700882023,0.7632920110314818,kiri,oksipital,4.0,False,0.987178236323617,14.455944190272913,1.1445822835634294,0.2109841139297255,0.17576091989165354,,2.2738828233655988
P02,AGEM KIRI,POST,4,False,kanal,F7,14.70299466392435,0.38900154839052004,0.4439353444331329,2.6022934870974535,0.8177674025944354,kiri,frontotemporal,4.0,False,0.9930452228699898,14.455944190272913,0.10534841960251395,0.1543099309389766,0.2302363114546071,,2.2738828233655988
P02,AGEM KIRI,POST,4,False,kanal,T3,14.746915811365149,0.2674909182080958,-0.02020637360477362,0.8053238163700338,0.6731574257118291,kiri,temporal,4.0,False,0.9924960073472037,14.455944190272913,-0.35879329843539254,-1.642659739788443,0.08562633457200086,,2.2738828233655988
P02,AGEM KIRI,POST,4,False,kanal,T5,15.40767453911024,0.3738458749062601,0.19849572496018553,0.6063638993974125,0.16304477453915556,kiri,temporo-posterior,4.0,False,0.9943276491453804,14.455944190272913,-0.1400911998704334,-1.8416196567610643,-0.4244863166006727,,2.2738828233655988
P02,AGEM KIRI,POST,4,False,kanal,Fp2,6.687570382685479,-0.02494402652957639,0.6491592402819206,3.016845848393894,1.427075916605716,kanan,frontopolar,4.0,False,0.9880990680296357,7.381450532043726,-0.18099955440868043,0.23451946705541094,0.4303771030974046,,2.2738828233655988
P02,AGEM KIRI,POST,4,False,kanal,F4,4.64808681746522,0.34418400829851725,-2.226643913321242,1.9584090994647,0.8126880706368023,kanan,frontal,4.0,False,0.992914444795608,7.381450532043726,-3.056802708011843,-0.8239172818737828,-0.1840107428715092,,2.2738828233655988
P02,AGEM KIRI,POST,4,False,kanal,C4,4.660147017517147,0.06196941163388603,1.0111583490992815,2.8547162083957147,1.357659583792254,kanan,sentral,4.0,False,0.9848251486863899,7.381450532043726,0.18099955440868043,0.07238982705723185,0.3609607702839426,,2.2738828233655988
P02,AGEM KIRI,POST,4,False,kanal,P4,8.215449938992087,0.2955606425481574,2.274627185585001,2.7531221152276553,1.7210039937155064,kanan,parietal,4.0,False,0.9872484495407009,7.381450532043726,1.4444683908943998,-0.029204266110827604,0.7243051802071949,,2.2738828233655988
P02,AGEM KIRI,POST,4,False,kanal,O2,8.720815132967061,0.11828057964910998,0.004491987091957972,2.42380424878107,1.1807095563798207,kanan,oksipital,4.0,False,0.9761798532174942,7.381450532043726,-0.8256668075986431,-0.35852213255741283,0.1840107428715092,,2.2738828233655988
P02,AGEM KIRI,POST,4,False,kanal,F8,8.075330681401972,0.11811402888256683,-0.1362965010528534,2.3287469952864,0.2692802092483799,kanan,frontotemporal,4.0,False,0.9858992919628299,7.381450532043726,-0.9664552957434545,-0.4535793860520827,-0.7274186042599315,,2.2738828233655988
P02,AGEM KIRI,POST,4,False,kanal,T4,6.455553144597992,-0.07738627121044184,1.9154006227248253,2.8115306474493105,0.46849562010976387,kanan,temporal,4.0,False,0.9876437527287402,7.381450532043726,1.0852418280342242,0.029204266110827604,-0.5282031933985476,,2.2738828233655988
P02,AGEM KIRI,POST,4,False,kanal,T6,14.061454911596392,0.42803951929973394,1.9725892323175964,5.737701887389564,0.6182307642270447,kanan,temporo-posterior,4.0,False,0.9950194830473004,7.381450532043726,1.1424304376269954,2.955375506051081,-0.37846804928126676,,2.2738828233655988
P02,AGEM KIRI,POST,4,False,area,frontopolar,16.344710745482303,0.6533408881731397,0.9697811711981913,2.658260593583434,0.6673777564228032,,frontopolar,4.0,False,0.9956773008692335,,,,,True,2.2738828233655988
P02,AGEM KIRI,POST,4,False,area,frontal,9.481686557836653,0.322487562821971,-0.9044130751962047,2.047781041389557,0.5384513684230186,,frontal,4.0,False,0.990922457489179,,,,,False,2.2738828233655988
P02,AGEM KIRI,POST,4,False,area,frontotemporal,12.665871927479273,0.2725122805405975,0.11584171406984867,2.3164725222430573,0.45002272494755136,,frontotemporal,4.0,False,0.9931782917509171,,,,,True,2.2738828233655988
P02,AGEM KIRI,POST,4,False,area,sentral,8.242210683245084,-0.022010108384336924,0.029582621334926618,1.6508167785584464,0.4890570877660795,,sentral,4.0,False,0.9958944965380052,,,,,False,2.2738828233655988
P02,AGEM KIRI,POST,4,False,area,temporal,12.244310308823707,0.1779769351231022,0.5800271055143674,1.4806641841243788,0.6459419710954704,,temporal,4.0,False,0.9942091243016273,,,,,True,2.2738828233655988
P02,AGEM KIRI,POST,4,False,area,parietal,9.085081653555335,0.14432526019302072,1.2292256008114282,2.218747846939357,0.6008680016241336,,parietal,4.0,False,0.9957627565606569,,,,,False,2.2738828233655988
P02,AGEM KIRI,POST,4,False,area,temporo-posterior,15.137965404818729,0.42178237632272975,0.8487640545270925,2.9367646154497167,0.4832042773012454,,temporo-posterior,4.0,False,0.9962404709754794,,,,,False,2.2738828233655988
P02,AGEM KIRI,POST,4,False,area,oksipital,10.694213703962731,0.15871315749443005,1.118353260346751,2.5774212702648462,0.7673334226784426,,oksipital,4.0,False,0.9917666254699042,,,,,False,2.2738828233655988
P02,NGEED,PRA,4,False,belahan,kiri,2.472221975774122,0.1494129460450071,4.233389045575543,0.7423102795422345,0.7834198370823513,,,,,,,,,,,2.2738828233655988
P02,NGEED,PRA,4,False,belahan,kanan,3.6867818608050946,0.05373554005422687,1.1634832589106687,2.0174783625553534,1.187781014663857,,,,,,,,,,,2.2738828233655988
P02,NGEED,PRA,4,False,kanal,Fp1,2.6177963195719727,0.1912168192099719,6.063549887543117,-0.5676428931524149,0.3030025042846664,kiri,frontopolar,4.0,False,0.9749405724306806,2.472221975774122,1.8301608419675741,-1.3099531726946494,-0.4804173327976849,,2.2738828233655988
P02,NGEED,PRA,4,False,kanal,F3,2.3266476319762717,0.1724211229457282,4.0438595138760896,0.5664511797262564,0.8821964269485006,kiri,frontal,4.0,False,0.989779473252993,2.472221975774122,-0.18952953169945363,-0.17585909981597814,0.09877658986614934,,2.2738828233655988
P02,NGEED,PRA,4,False,kanal,C3,1.458066183383714,0.15915672649715962,5.263926814542011,0.17063566590698276,0.9254718459838853,kiri,sentral,4.0,False,0.9858682807278109,2.472221975774122,1.030537768966468,-0.5716746136352517,0.14205200890153402,,2.2738828233655988
P02,NGEED,PRA,4,False,kanal,P3,0.4394914610699985,0.06963578524262659,5.858638947231469,1.403896231146935,0.9591267916891244,kiri,parietal,4.0,False,0.9726170100185317,2.472221975774122,1.625249901655926,0.6615859516047005,0.1757069546067731,,2.2738828233655988
P02,NGEED,PRA,4,False,kanal,O1,3.013924193830661,0.13966916559285458,4.422918577274997,0.9181693793582126,0.3623256259942171,kiri,oksipital,4.0,False,0.9723093222661866,2.472221975774122,0.18952953169945363,0.17585909981597814,-0.4210942110881342,,2.2738828233655988
P02,NGEED,PRA,4,False,kanal,F7,4.941778188573821,0.347263810319586,2.1503767098724813,0.5505925767253399,0.7407180208370644,kiri,frontotemporal,4.0,False,0.9861207555901423,2.472221975774122,-2.083012335703062,-0.1917177028168946,-0.042701816245286905,,2.2738828233655988
P02,NGEED,PRA,4,False,kanal,T3,0.9900533458139691,0.0045016595612397126,3.251300470667514,1.0881182459563847,0.8261216533276383,kiri,temporal,4.0,False,0.9912958603596209,2.472221975774122,-0.9820885749080293,0.34580796641415024,0.042701816245287016,,2.2738828233655988
P02,NGEED,PRA,4,False,kanal,T5,3.2486873471394517,0.12034420266923807,3.4145752865463477,1.1031073445825474,0.3399953639264248,kiri,temporo-posterior,4.0,False,0.991042414026413,2.472221975774122,-0.8188137590291955,0.36079706504031295,-0.4434244731559265,,2.2738828233655988
P02,NGEED,PRA,4,False,kanal,Fp2,2.2520744384982905,0.03755702189218235,2.1900738382668075,2.9288157869673017,1.2793984276302943,kanan,frontopolar,4.0,False,0.9756420797932726,3.6867818608050946,1.0265905793561387,0.9113374244119483,0.09161741296643733,,2.2738828233655988
P02,NGEED,PRA,4,False,kanal,F4,-1.7843347170888393,-0.04336675203282381,-1.5099748939944662,3.4758780932376387,0.27460807781244,kanan,frontal,4.0,False,0.9898431931068207,3.6867818608050946,-2.673458152905135,1.4583997306822853,-0.913172936851417,,2.2738828233655988
P02,NGEED,PRA,4,False,kanal,C4,3.5030519541351453,0.08826913367648226,1.282552762738709,0.4404178184287013,1.1590490614434736,kanan,sentral,4.0,False,0.9778103005855544,3.6867818608050946,0.11906950382804027,-1.577060544126652,-0.028731953220383355,,2.2738828233655988
P02,NGEED,PRA,4,False,kanal,P4,5.760279725514984,0.3297501390704296,1.5085363212936547,1.1630315459185212,1.2165129678842406,kanan,parietal,4.0,False,0.9849183947811894,3.6867818608050946,0.34505306238298594,-0.8544468166368322,0.028731953220383577,,2.2738828233655988
P02,NGEED,PRA,4,False,kanal,O2,3.341468637786946,-0.0015903196224509308,0.8178286546088969,1.996371797290955,1.0799863645197543,kanan,oksipital,4.0,False,0.9861525494767814,3.6867818608050946,-0.34565460430177186,-0.02110656526439847,-0.10779465014410272,,2.2738828233655988
P02,NGEED,PRA,4,False,kanal,F8,3.870511767475044,0.05692446055554812,0.2610131689757542,2.1841643301895353,1.279022867977527,kanan,frontotemporal,4.0,False,0.9809993885853862,3.6867818608050946,-0.9024700899349145,0.16668596763418186,0.09124185331367007,,2.2738828233655988
P02,NGEED,PRA,4,False,kanal,T4,5.740312578279365,0.050546619552905625,1.0444137550826282,2.0167414281089893,1.3363270485456997,kanan,temporal,4.0,False,0.9898986854712264,3.6867818608050946,-0.11906950382804049,-0.0007369344463641347,0.14854603388184273,,2.2738828233655988
P02,NGEED,PRA,4,False,kanal,T6,5.669896346351358,0.31606686155238695,2.0976227656148994,2.018215297001718,1.1429034249503636,kanan,temporo-posterior,4.0,False,0.9878999245984105,3.6867818608050946,0.9341395067042306,0.0007369344463645788,-0.044877589713493427,,2.2738828233655988
P02,NGEED,PRA,4,False,area,frontopolar,3.0142118072397324,0.14045018859948777,4.874389333510025,-0.2958194235339273,-0.3198787499547086,,frontopolar,4.0,False,0.9740379589655345,,,,,True,2.2738828233655988
P02,NGEED,PRA,4,False,area,frontal,0.3057123981960075,0.06985535033331924,2.459357404410473,2.2317401666817913,0.5889397451051472,,frontal,4.0,False,0.992952449423335,,,,,False,2.2738828233655988
P02,NGEED,PRA,4,False,area,frontotemporal,4.379407866862508,0.19747072515789887,1.3136338075816278,1.3045653054228015,0.8310402378030345,,frontotemporal,4.0,False,0.9903955998104109,,,,,True,2.2738828233655988
P02,NGEED,PRA,4,False,area,sentral,3.3901593535534857,0.14221188323790335,2.3986538749562216,0.24896228433963596,1.1110642030484743,,sentral,4.0,False,0.9880957802144982,,,,,False,2.2738828233655988
P02,NGEED,PRA,4,False,area,temporal,3.684136933001362,-0.004508559637368403,1.6234470412660706,1.4735488753279284,0.9053206177006605,,temporal,4.0,False,0.988954911102564,,,,,True,2.2738828233655988
P02,NGEED,PRA,4,False,area,parietal,5.505126586513491,0.34010638750078037,2.144787235036464,0.9544992408061694,1.1262951994484447,,parietal,4.0,False,0.9872632597395724,,,,,False,2.2738828233655988
P02,NGEED,PRA,4,False,area,temporo-posterior,4.082640151393164,0.17122424726254204,2.867317330294653,1.3524491767994569,0.5290986605618053,,temporo-posterior,4.0,False,0.9916822864344419,,,,,False,2.2738828233655988
P02,NGEED,PRA,4,False,area,oksipital,2.68677902098041,0.049858159982972605,3.0432069666530763,2.0859612845763715,0.9899549717547987,,oksipital,4.0,False,0.9876854637187618,,,,,False,2.2738828233655988
P02,NGEED,TURUN,4,False,belahan,kiri,10.262822992675144,0.48017167387351456,1.051468242582377,1.8280090268593772,0.6215634114116422,,,,,,,,,,,2.2738828233655988
P02,NGEED,TURUN,4,False,belahan,kanan,6.099877587969331,0.09655682574386315,-0.005907181438407294,1.6513526461594925,0.7108925992075501,,,,,,,,,,,2.2738828233655988
P02,NGEED,TURUN,4,False,kanal,Fp1,10.561673572458503,0.5119529428618759,1.6435944464710766,1.5716478411844106,0.3655223641252701,kiri,frontopolar,4.0,False,0.9768554634358014,10.262822992675144,0.5921262038886996,-0.2563611856749666,-0.25604104728637206,,2.2738828233655988
P02,NGEED,TURUN,4,False,kanal,F3,5.733108700527289,0.06701711137766608,0.8858827156769173,2.601462866211868,0.9625625320851617,kiri,frontal,4.0,False,0.9715631622521247,10.262822992675144,-0.16558552690545958,0.773453839352491,0.34099912067351956,,2.2738828233655988
P02,NGEED,TURUN,4,False,kanal,C3,9.963972412891785,0.44839040488515325,-1.1837328935642484,0.8722488484858446,0.9013960131238072,kiri,sentral,4.0,False,0.9820027464732479,10.262822992675144,-2.2352011361466255,-0.9557601783735326,0.27983260171216506,,2.2738828233655988
P02,NGEED,TURUN,4,False,kanal,P3,11.384430944256259,0.6023906695367389,-0.6247828737364702,2.4206544228910776,1.0309079217531643,kiri,parietal,4.0,False,0.991215149708497,10.262822992675144,-1.6762511163188472,0.5926453960317004,0.4093445103415221,,2.2738828233655988
P02,NGEED,TURUN,4,False,kanal,O1,13.316265225783994,0.7754877749715949,1.944524861630463,4.037397465012004,0.790361116352633,kiri,oksipital,4.0,False,0.9907258573442685,10.262822992675144,0.893056619048086,2.209388438152627,0.16879770494099078,,2.2738828233655988
P02,NGEED,TURUN,4,False,kanal,F7,13.122520302892838,0.6753688472310158,0.49536522060372246,2.0843702125343437,0.4527657064706514,kiri,frontotemporal,4.0,False,0.9716268519345446,10.262822992675144,-0.5561030219786545,0.2563611856749666,-0.16879770494099078,,2.2738828233655988
P02,NGEED,TURUN,4,False,kanal,T3,6.038924314142385,-0.17342384593205606,1.2170537694878365,0.04948700268430306,0.03990415263431846,kiri,temporal,4.0,False,0.9764462458523673,10.262822992675144,0.16558552690545958,-1.778522024175074,-0.5816592587773237,,2.2738828233655988
P02,NGEED,TURUN,4,False,kanal,T5,8.579199467643946,0.22879821180640514,1.8343538088077596,-0.5278705430540911,0.014941056381400974,kiri,temporo-posterior,4.0,False,0.9872336416961249,10.262822992675144,0.7828855662253826,-2.3558795699134683,-0.6066223550302412,,2.2738828233655988
P02,NGEED,TURUN,4,False,kanal,Fp2,5.799230684879667,0.15970635613054274,0.2964817723800568,3.7703914627231856,1.0053428806304825,kanan,frontopolar,4.0,False,0.9880168492451429,6.099877587969331,0.3023889538184641,2.119038816563693,0.2944502814229324,,2.2738828233655988
P02,NGEED,TURUN,4,False,kanal,F4,2.829045953621822,-0.1442651368908101,-1.038857460440346,1.514013192956738,-0.03401798069166806,kanan,frontal,4.0,False,0.9269529274024882,6.099877587969331,-1.0329502790019387,-0.13733945320275454,-0.7449105798992182,,2.2738828233655988
P02,NGEED,TURUN,4,False,kanal,C4,0.4194017800967913,-0.16295092363636154,1.2371912893749637,1.788692099362247,0.6611892501865975,kanan,sentral,4.0,False,0.9882029241670657,6.099877587969331,1.243098470813371,0.13733945320275454,-0.049703349020952636,,2.2738828233655988
P02,NGEED,TURUN,4,False,kanal,P4,6.400524491058995,0.23038006011375023,0.9957585496314403,0.6556440867485929,0.5817910293052808,kanan,parietal,4.0,False,0.9878516248675022,6.099877587969331,1.0016657310698476,-0.9957085594108996,-0.1291015699022693,,2.2738828233655988
P02,NGEED,TURUN,4,False,kanal,O2,6.5058011574514865,0.033407295357183564,-0.3082961352568714,1.8705155766670352,0.9903163899023331,kanan,oksipital,4.0,False,0.9756725182581639,6.099877587969331,-0.3023889538184641,0.21916293050754265,0.27942379069478296,,2.2738828233655988
P02,NGEED,TURUN,4,False,kanal,F8,7.5258879024070495,0.33757957221750967,-0.7016859306892826,1.4080545049613256,1.2981560816050561,kanan,frontotemporal,4.0,False,0.9811431546676511,6.099877587969331,-0.6957787492508754,-0.24329814119816695,0.587263482397506,,2.2738828233655988
P02,NGEED,TURUN,4,False,kanal,T4,3.0985079328753784,-0.06451626222577289,-0.35766098281265424,3.7443815256717152,0.307029098036008,kanan,temporal,4.0,False,0.9926745306848779,6.099877587969331,-0.35175380137424694,2.0930288795122225,-0.4038635011715421,,2.2738828233655988
P02,NGEED,TURUN,4,False,kanal,T6,14.720522695019227,0.4719057577413195,1.0449393685114545,1.2699855651176826,0.7605959482285028,kanan,temporo-posterior,4.0,False,0.9833799061774589,6.099877587969331,1.0508465499498618,-0.38136708104180994,0.04970334902095275,,2.2738828233655988
P02,NGEED,TURUN,4,False,area,frontopolar,9.569214240684616,0.43399824378076146,1.5691318012636373,1.966287992357198,0.4265572951216883,,frontopolar,4.0,False,0.9802920796320365,,,,,True,2.2738828233655988
P02,NGEED,TURUN,4,False,area,frontal,4.153518188535614,-0.12503599975402802,-0.6303397627242673,1.2036712525653002,-0.3343755898483761,,frontal,4.0,False,0.9768654632354229,,,,,False,2.2738828233655988
P02,NGEED,TURUN,4,False,area,frontotemporal,10.618442659454821,0.4794037794265804,0.26861055639994924,1.8184464041653152,0.47128926701731155,,frontotemporal,4.0,False,0.9938847245683335,,,,,True,2.2738828233655988
P02,NGEED,TURUN,4,False,area,sentral,6.207787315229922,0.19771981567400054,-0.7241399676909537,0.7171622089346736,0.41852207884955217,,sentral,4.0,False,0.9859381423214225,,,,,False,2.2738828233655988
P02,NGEED,TURUN,4,False,area,temporal,5.869943759993426,-0.04537902884576761,0.8236790040207308,1.5945163084362104,0.4863985119935783,,temporal,4.0,False,0.9934870960395187,,,,,True,2.2738828233655988
P02,NGEED,TURUN,4,False,area,parietal,8.631627664943935,0.3594802617647086,0.018121105100467716,0.8658488188192184,0.35485661874737384,,parietal,4.0,False,0.9943005666677286,,,,,False,2.2738828233655988
P02,NGEED,TURUN,4,False,area,temporo-posterior,11.972534865032316,0.35716094571188073,1.0117110169117993,0.27839757998554626,0.3894196584348726,,temporo-posterior,4.0,False,0.9932852438053146,,,,,False,2.2738828233655988
P02,NGEED,TURUN,4,False,area,oksipital,9.802153851298613,0.3790061915611367,0.8130255394131896,2.9347525218757267,0.7061005750200803,,oksipital,4.0,False,0.983833957752057,,,,,False,2.2738828233655988
P02,NGEED,TAHAN,4,False,belahan,kiri,3.289221466234647,0.10783720539816022,0.5942689711152984,0.5093239863145449,0.4946078112338271,,,,,,,,,,,2.2738828233655988
P02,NGEED,TAHAN,4,False,belahan,kanan,1.447639753055487,-0.05404176273850114,0.04476153501291075,1.1836757807567868,0.8187860440357165,,,,,,,,,,,2.2738828233655988
P02,NGEED,TAHAN,4,False,kanal,Fp1,3.811372209390221,0.22136015300076983,1.284628507958322,-0.0977896819123778,0.7486274939164868,kiri,frontopolar,4.0,False,0.9905381884673432,3.289221466234647,0.6903595368430235,-0.6071136682269227,0.2540196826826597,,2.2738828233655988
P02,NGEED,TAHAN,4,False,kanal,F3,5.403089533614562,0.27370242479403206,0.11075063623525394,0.825421831235809,1.1988941303968468,kiri,frontal,4.0,False,0.9543907905323853,3.289221466234647,-0.4835183348800445,0.31609784492126414,0.7042863191630198,,2.2738828233655988
P02,NGEED,TAHAN,4,False,kanal,C3,1.6770998872633385,-0.07552661798848792,0.4185319967228851,-0.65976026408255,-0.09774198273435619,kiri,sentral,4.0,False,0.9946189089095536,3.289221466234647,-0.17573697439241331,-1.1690842503970948,-0.5923497939681832,,2.2738828233655988
P02,NGEED,TAHAN,4,False,kanal,P3,1.933466628741634,0.05082385609040707,0.7700059455077118,0.8457609994982049,0.4573233861404684,kiri,parietal,4.0,False,0.9913559320925712,3.289221466234647,0.17573697439241343,0.33643701318366004,-0.037284425093358664,,2.2738828233655988
P02,NGEED,TAHAN,4,False,kanal,O1,5.296702698583431,0.23202980896623826,-0.10753709566773462,1.6269462202200904,0.3379127624816404,kiri,oksipital,4.0,False,0.9889169970622144,3.289221466234647,-0.701806066783033,1.1176222339055455,-0.15669504875218665,,2.2738828233655988
P02,NGEED,TAHAN,4,False,kanal,F7,3.3826834671244583,0.13041261085897338,1.6373389737545692,0.3199286048012877,0.5318922363271857,kiri,frontotemporal,4.0,False,0.98480713390294,3.289221466234647,1.0430700026392707,-0.1893953815132572,0.037284425093358664,,2.2738828233655988
P02,NGEED,TAHAN,4,False,kanal,T3,2.8607403881297486,-0.007806253101323879,1.4816345411617422,0.6987193678278021,0.7748159770276777,kiri,temporal,4.0,False,0.9847023726602252,3.289221466234647,0.8873655700464438,0.1893953815132572,0.2802081657938506,,2.2738828233655988
P02,NGEED,TAHAN,4,False,kanal,T5,3.1957594653448353,0.08526179993734706,0.2769461766016641,-0.22706244547172982,0.353769416271851,kiri,temporo-posterior,4.0,False,0.9933088071527483,3.289221466234647,-0.3173227945136343,-0.7363864317862747,-0.1408383949619761,,2.2738828233655988
P02,NGEED,TAHAN,4,False,kanal,Fp2,3.7547433768107794,0.025509763380691552,0.17443216839464426,1.1138529126117573,0.3775008294640375,kanan,frontopolar,4.0,False,0.9918901266701484,1.447639753055487,0.1296706333817335,-0.06982286814502947,-0.441285214571679,,2.2738828233655988
P02,NGEED,TAHAN,4,False,kanal,F4,-8.883784479269949,-0.35973411047124526,-2.306283163408737,0.5818469593230695,0.2761442717267275,kanan,frontal,4.0,False,0.9758724603836181,1.447639753055487,-2.3510446984216475,-0.6018288214337173,-0.542641772308989,,2.2738828233655988
P02,NGEED,TAHAN,4,False,kanal,C4,-1.0203118885685,-0.10683582430978955,-0.5069792801506052,1.9274289973336511,0.5798361302093218,kanan,sentral,4.0,False,0.9871512249677739,1.447639753055487,-0.5517408151635159,0.7437532165768643,-0.23894991382639474,,2.2738828233655988
P02,NGEED,TAHAN,4,False,kanal,P4,4.269968985867536,0.3149439126452913,-0.08490909836882277,2.3504622756910933,1.2886631347967497,kanan,parietal,4.0,False,0.9918705192293713,1.447639753055487,-0.1296706333817335,1.1667864949343065,0.4698770907610331,,2.2738828233655988
P02,NGEED,TAHAN,4,False,kanal,O2,1.9343858252061352,-0.2608761177507666,0.3293607673002845,0.7521099538959479,0.708346681449044,kanan,oksipital,4.0,False,0.9896864002712319,1.447639753055487,0.28459923228737377,-0.4315658268608389,-0.11043936258667253,,2.2738828233655988
P02,NGEED,TAHAN,4,False,kanal,F8,-2.084558898623939,-0.11624315364165727,-0.6874119018671327,-0.5471128049238421,1.1639929410988026,kanan,frontotemporal,4.0,False,0.9895387222427106,1.447639753055487,-0.7321734368800434,-1.7307885856806289,0.34520689706308605,,2.2738828233655988
P02,NGEED,TAHAN,4,False,kanal,T4,0.9608936809048387,0.007363522393056154,2.1924473489896226,1.2534986489018163,0.9292254066223891,kanan,temporal,4.0,False,0.9922474871649476,1.447639753055487,2.147685813976712,0.06982286814502947,0.11043936258667253,,2.2738828233655988
P02,NGEED,TAHAN,4,False,kanal,T6,3.411256242891504,-0.0012477011672127336,1.616060438315245,2.616399414468785,1.002233796826296,kanan,temporo-posterior,4.0,False,0.975676001737484,1.447639753055487,1.5712989033023343,1.4327236337119982,0.18344775279057945,,2.2738828233655988
P02,NGEED,TAHAN,4,False,area,frontopolar,4.56012037855006,0.24365495188659692,0.7632581114367681,-0.01035467565301218,0.603407455438149,,frontopolar,4.0,False,0.9805427351241265,,,,,True,2.2738828233655988
P02,NGEED,TAHAN,4,False,area,frontal,-0.6279424749884015,-0.03271587705974133,0.03500171134261976,0.4167238681336909,0.4555172167736967,,frontal,4.0,False,0.9846997004455711,,,,,False,2.2738828233655988
P02,NGEED,TAHAN,4,False,area,frontotemporal,1.9082252669476034,0.06026095711176782,0.9835714358360181,0.0004791521807567811,0.61760044927928,,frontotemporal,4.0,False,0.9901370693083867,,,,,True,2.2738828233655988
P02,NGEED,TAHAN,4,False,area,sentral,0.6935675305555762,-0.05959477789822554,-0.22059808601694808,0.6405702099324948,0.1920341609347923,,sentral,4.0,False,0.9933971497888074,,,,,False,2.2738828233655988
P02,NGEED,TAHAN,4,False,area,temporal,2.0147907028012852,-0.023102774770003887,1.7389772230925842,0.81059369205818,0.6760030233114276,,temporal,4.0,False,0.9909489790249455,,,,,True,2.2738828233655988
P02,NGEED,TAHAN,4,False,area,parietal,3.7165085160324765,0.2144911042997517,-0.13086505771301982,1.6116957941250467,0.6659451168802044,,parietal,4.0,False,0.9948963103535906,,,,,False,2.2738828233655988
P02,NGEED,TAHAN,4,False,area,temporo-posterior,3.878910167734304,0.104054937986517,0.7707744544825974,1.150179952546686,0.9451458025435593,,temporo-posterior,4.0,False,0.9914705627578252,,,,,False,2.2738828233655988
P02,NGEED,TAHAN,4,False,area,oksipital,3.891209802810181,0.023820604342069895,0.2383781432938752,1.4464333382239283,0.752406822562257,,oksipital,4.0,False,0.9936607455457537,,,,,False,2.2738828233655988
P02,NGEED,NAIK,4,False,belahan,kiri,6.3711395887152555,0.10690226171342998,1.7414750880243652,2.6239465253762164,1.1418825157448937,,,,,,,,,,,2.2738828233655988
P02,NGEED,NAIK,4,False,belahan,kanan,5.757250764015328,-0.026162905646857526,1.3943955859105475,1.8193045324988197,1.291644330256545,,,,,,,,,,,2.2738828233655988
P02,NGEED,NAIK,4,False,kanal,Fp1,7.920087427011403,0.29668671806114943,0.810917836510674,4.773182626822045,1.2920018812966967,kiri,frontopolar,4.0,False,0.9861494121289248,6.3711395887152555,-0.9305572515136913,2.1492361014458288,0.15011936555180294,,2.2738828233655988
P02,NGEED,NAIK,4,False,kanal,F3,4.822191750419108,-0.26888932687057876,3.3398637647620064,0.816696817756617,-0.06574354619481815,kiri,frontal,4.0,False,0.9934329012496546,6.3711395887152555,1.5983886767376412,-1.8072497076195995,-1.207626061939712,,2.2738828233655988
P02,NGEED,NAIK,4,False,kanal,C3,3.6500405885786833,-0.2491349618447556,1.035913841238256,1.3691834741853302,1.0185014994641772,kiri,sentral,4.0,False,0.9764685204353615,6.3711395887152555,-0.7055612467861092,-1.2547630511908863,-0.12338101628071652,,2.2738828233655988
P02,NGEED,NAIK,4,False,kanal,P3,9.826787450121834,0.35625235792368426,1.2007176748180943,2.301743117437227,1.726345126126657,kiri,parietal,4.0,False,0.9654613108948515,6.3711395887152555,-0.5407574132062709,-0.3222034079389893,0.5844626103817632,,2.2738828233655988
P02,NGEED,NAIK,4,False,kanal,O1,8.966051300654861,0.3674187405769396,1.6247033862330378,2.9461499333152052,0.6277949201158741,kiri,oksipital,4.0,False,0.9788205393848236,6.3711395887152555,-0.11677170179132745,0.32220340793898883,-0.5140875956290196,,2.2738828233655988
P02,NGEED,NAIK,4,False,kanal,F7,2.55891440986273,-0.07230247978322546,2.16670298823878,3.360384840779435,1.8934674685828259,kiri,frontotemporal,4.0,False,0.9499313722338028,6.3711395887152555,0.4252279002144148,0.7364383154032184,0.7515849528379321,,2.2738828233655988
P02,NGEED,NAIK,4,False,kanal,T3,3.9451960779011372,-0.45188635974408964,1.8582467898156927,2.2398325491586895,-0.41801636313969626,kiri,temporal,4.0,False,0.9668269629375492,6.3711395887152555,0.11677170179132745,-0.38411397621752696,-1.55989887888459,,2.2738828233655988
P02,NGEED,NAIK,4,False,kanal,T5,9.408478594204787,0.2861070032100854,1.8894705568585084,5.147505798298815,1.2652635320256103,kiri,temporo-posterior,4.0,False,0.9734854108381786,6.3711395887152555,0.14799546883414316,2.523559272922599,0.12338101628071652,,2.2738828233655988
P02,NGEED,NAIK,4,False,kanal,Fp2,4.007167317951954,-0.07788810651478428,3.9087887255819687,6.262924079068746,2.570069394777728,kanan,frontopolar,4.0,False,0.9533809118001825,5.757250764015328,2.514393139671421,4.443619546569926,1.278425064521183,,2.2738828233655988
P02,NGEED,NAIK,4,False,kanal,F4,-5.333841058249412,-0.3942183746013006,1.0546486575657141,0.08926073564456027,-1.0850861690355589,kanan,frontal,4.0,False,0.9338391557541182,5.757250764015328,-0.33974692834483333,-1.7300437968542595,-2.376730499292104,,2.2738828233655988
P02,NGEED,NAIK,4,False,kanal,C4,5.901222658176707,-0.16060968335297732,-0.3164928668084006,1.6611092957193203,0.34223842637211344,kanan,sentral,4.0,False,0.9956846972588493,5.757250764015328,-1.710888452718948,-0.15819523677949943,-0.9494059038844316,,2.2738828233655988
P02,NGEED,NAIK,4,False,kanal,P4,5.683546438662525,0.1547495598512474,1.3359840259460354,4.661035085190014,0.9117786338016252,kanan,parietal,4.0,False,0.9875369395263324,5.757250764015328,-0.05841155996451208,2.8417305526911942,-0.37986569645491985,,2.2738828233655988
P02,NGEED,NAIK,4,False,kanal,O2,5.2817574086838235,-0.10032012411965452,2.150739713057881,3.559925303298953,1.8372045550109881,kanan,oksipital,4.0,False,0.986950087978544,5.757250764015328,0.7563441271473335,1.740620770800133,0.5455602247544431,,2.2738828233655988
P02,NGEED,NAIK,4,False,kanal,F8,9.420096728390448,0.12113198535421033,1.4528071458750598,1.598996075851295,0.7312217632126397,kanan,frontotemporal,4.0,False,0.9937673329383977,5.757250764015328,0.058411559964512305,-0.22030845664752463,-0.5604225670439054,,2.2738828233655988
P02,NGEED,NAIK,4,False,kanal,T4,5.830955089368132,0.02556229522106923,0.993769055345517,1.9774997692783192,1.722371112135992,kanan,temporal,4.0,False,0.9909285895196396,5.757250764015328,-0.4006265305650305,0.15819523677949943,0.4307267818794469,,2.2738828233655988
P02,NGEED,NAIK,4,False,kanal,T6,14.675371189224435,0.6593363220466268,2.4922972482262895,0.19859282295957348,1.6715100267114649,kanan,temporo-posterior,4.0,False,0.9810487269978055,5.757250764015328,1.097901662315742,-1.6207117095392463,0.37986569645491985,,2.2738828233655988
P02,NGEED,NAIK,4,False,area,frontopolar,6.971524136102609,0.22660680970717073,1.6988555321406382,5.253027572643225,1.7004873797191886,,frontopolar,4.0,False,0.9885569787663536,,,,,True,2.2738828233655988
P02,NGEED,NAIK,4,False,area,frontal,2.366272622509193,-0.2431959427488608,2.2276528940690437,-0.01001462707577172,-0.5349278440600518,,frontal,4.0,False,0.9927037591373135,,,,,False,2.2738828233655988
P02,NGEED,NAIK,4,False,area,frontotemporal,7.041895276353479,0.10816684735046755,1.7102126711245058,2.2153719411944115,1.1817118284884498,,frontotemporal,4.0,False,0.9924258771950993,,,,,True,2.2738828233655988
P02,NGEED,NAIK,4,False,area,sentral,4.762613628704635,-0.22653381230283154,0.295259089950314,1.6543519554196364,0.5647883891385691,,sentral,4.0,False,0.9928244349854904,,,,,False,2.2738828233655988
P02,NGEED,NAIK,4,False,area,temporal,4.7527181855129115,-0.28520118060318245,1.4223557801432474,2.00905292470984,0.2222031983679903,,temporal,4.0,False,0.9927420137900554,,,,,True,2.2738828233655988
P02,NGEED,NAIK,4,False,area,parietal,6.437191157172066,0.15777152526890603,1.4076249598195867,3.870688083883482,1.1514383773838028,,parietal,4.0,False,0.9935080614618538,,,,,False,2.2738828233655988
P02,NGEED,NAIK,4,False,area,temporo-posterior,11.921135135191953,0.42542973973751375,1.720794141823385,3.2790549198779266,1.1252215408976738,,temporo-posterior,4.0,False,0.9942766038361924,,,,,False,2.2738828233655988
P02,NGEED,NAIK,4,False,area,oksipital,6.712747779809419,0.09353357552270047,2.101362787376633,3.443438557626083,1.3543727670965628,,oksipital,4.0,False,0.9930360867288914,,,,,False,2.2738828233655988
P02,NGEED,POST,4,False,belahan,kiri,5.525056170023973,0.04989413365603279,-0.6262432823521782,2.3679288167643033,0.4188479977912425,,,,,,,,,,,2.2738828233655988
P02,NGEED,POST,4,False,belahan,kanan,7.077672663618458,0.06565324227169245,1.0549010352819421,0.6521291104497611,0.7390260243663529,,,,,,,,,,,2.2738828233655988
P02,NGEED,POST,4,False,kanal,Fp1,5.485888329223599,0.053506011666415,-0.4566924319355187,3.041525051998777,0.039549496850733945,kiri,frontopolar,4.0,False,0.9685320447743891,5.525056170023973,0.16955085041665952,0.6735962352344735,-0.37929850094050854,,2.2738828233655988
P02,NGEED,POST,4,False,kanal,F3,3.935214072661232,-0.09786468749700283,-1.7576398013736245,1.4615689017137754,0.5041895465455032,kiri,frontal,4.0,False,0.9858906800791235,5.525056170023973,-1.1313965190214463,-0.9063599150505279,0.0853415487542607,,2.2738828233655988
P02,NGEED,POST,4,False,kanal,C3,5.642936682224715,-0.12333841882569763,1.083845786449417,1.5931987269762087,-0.10333619521983528,kiri,sentral,4.0,False,0.9941394643322338,5.525056170023973,1.7100890688015953,-0.7747300897880947,-0.5221841930110778,,2.2738828233655988
P02,NGEED,POST,4,False,kanal,P3,7.549012802668756,0.21367269421862267,0.48039769538782295,2.007305116905668,0.5833200980231834,kiri,parietal,4.0,False,0.9940066484399116,5.525056170023973,1.106640977740001,-0.3606236998586354,0.16447210023194092,,2.2738828233655988
P02,NGEED,POST,4,False,kanal,O1,5.564224010824347,0.10843937297936224,1.8683644768335284,2.4032294086730523,0.5713694198847215,kiri,oksipital,4.0,False,0.9917083825633154,5.525056170023973,2.4946077591857065,0.03530059190874901,0.15252142209347896,,2.2738828233655988
P02,NGEED,POST,4,False,kanal,F7,5.388635656339616,0.04628225564565058,-1.177193051817675,3.0784631209112616,0.36606662636774345,kiri,frontotemporal,4.0,False,0.9799351960624869,5.525056170023973,-0.5509497694654968,0.7105343041469583,-0.052781371423499035,,2.2738828233655988
P02,NGEED,POST,4,False,kanal,T3,2.5753732428041403,-0.23745804229416523,-0.7957941327688378,2.3326282248555543,0.3013877438900332,kiri,temporal,4.0,False,0.986019554878913,5.525056170023973,-0.16955085041665963,-0.03530059190874901,-0.11746025390120929,,2.2738828233655988
P02,NGEED,POST,4,False,kanal,T5,6.678542899350425,0.2180889259284844,-0.9333638539937777,3.1027059163411588,0.4716293692147415,kiri,temporo-posterior,4.0,False,0.9925515615038847,5.525056170023973,-0.30712057164159956,0.7347770995768554,0.052781371423499035,,2.2738828233655988
P02,NGEED,POST,4,False,kanal,Fp2,8.022233592497749,0.2093729324599467,1.3905039438133042,0.18478447318861013,0.925263159939402,kanan,frontopolar,4.0,False,0.9912507945045188,7.077672663618458,0.3356029085313621,-0.46734463726115094,0.1862371355730491,,2.2738828233655988
P02,NGEED,POST,4,False,kanal,F4,2.12721167528494,-0.12566394987054563,-1.783841865836737,-1.1326180418567717,-0.7515693753171866,kanan,frontal,4.0,False,0.9857390720662692,7.077672663618458,-2.838742901118679,-1.7847471523065328,-1.4905953996835395,,2.2738828233655988
P02,NGEED,POST,4,False,kanal,C4,4.586816098775898,-0.11327348341574783,1.2205094837079904,1.619075323111551,0.5364293269347504,kanan,sentral,4.0,False,0.9907808854637575,7.077672663618458,0.16560844842604827,0.9669462126617898,-0.20259669743160247,,2.2738828233655988
P02,NGEED,POST,4,False,kanal,P4,6.133111734739167,0.09691253589179638,-0.22992006998440062,0.3361644772114549,0.667218175894895,kanan,parietal,4.0,False,0.9938954639381808,7.077672663618458,-1.2848211052663427,-0.31596463323830615,-0.07180784847145794,,2.2738828233655988
P02,NGEED,POST,4,False,kanal,O2,5.459041982554496,-0.02285787402209616,1.2866267929103277,0.7081070088953947,0.8108338728378108,kanan,oksipital,4.0,False,0.9854713105694322,7.077672663618458,0.23172575762838554,0.05597789844563361,0.07180784847145794,,2.2738828233655988
P02,NGEED,POST,4,False,kanal,F8,12.685632015988368,0.4395908706972218,-0.9571677692153135,0.6899807496531682,1.0627800247055461,kanan,frontotemporal,4.0,False,0.9899370772220601,7.077672663618458,-2.0120688044972557,0.03785163920340717,0.3237540003391932,,2.2738828233655988
P02,NGEED,POST,4,False,kanal,T4,9.753906061004322,0.03439394865158851,2.0368310091303155,0.6142774712463539,0.6082047786291502,kanan,temporal,4.0,False,0.9457889828982471,7.077672663618458,0.9819299738483733,-0.03785163920340717,-0.13082124573720266,,2.2738828233655988
P02,NGEED,POST,4,False,kanal,T6,11.80890855687614,0.1735822646704257,0.8892925868558937,1.4745422211179746,0.9619647274256665,kanan,temporo-posterior,4.0,False,0.9903546156668763,7.077672663618458,-0.16560844842604838,0.8224131106682135,0.22293870305931363,,2.2738828233655988
P02,NGEED,POST,4,False,area,frontopolar,7.57501914784001,0.19736311505982096,-0.45105450180790874,2.204318295612912,0.07218438513226383,,frontopolar,4.0,False,0.991629150975368,,,,,True,2.2738828233655988
P02,NGEED,POST,4,False,area,frontal,4.050518824547737,-0.03137933141303906,-2.325710408898714,-0.11128393531143654,-0.12336153736919941,,frontal,4.0,False,0.9900249089659009,,,,,False,2.2738828233655988
P02,NGEED,POST,4,False,area,frontotemporal,9.498826956899286,0.2663284701357622,-1.1316248275644707,1.6418492441322599,0.3835370447774763,,frontotemporal,4.0,False,0.9922789240551383,,,,,True,2.2738828233655988
P02,NGEED,POST,4,False,area,sentral,4.315689361788408,-0.195127866546414,1.3314898842994252,1.5227218763615364,0.0342692053059509,,sentral,4.0,False,0.9917824046832667,,,,,False,2.2738828233655988
P02,NGEED,POST,4,False,area,temporal,7.4368448082895355,-0.0235664621281928,1.082190750625025,1.229516522921391,0.6336288681210644,,temporal,4.0,False,0.9862684641972687,,,,,True,2.2738828233655988
P02,NGEED,POST,4,False,area,parietal,7.060841279828431,0.1663809978779458,-0.23516208847769993,0.8013404341658918,0.6280473354735354,,parietal,4.0,False,0.9956034615253883,,,,,False,2.2738828233655988
P02,NGEED,POST,4,False,area,temporo-posterior,8.366490238705126,0.03580084092816649,-0.017247759013566677,1.450071637608167,0.18310494987030057,,temporo-posterior,4.0,False,0.9908401348281212,,,,,False,2.2738828233655988
P02,NGEED,POST,4,False,area,oksipital,5.630463272934492,0.030351632763751635,1.3957152808783848,1.3271558291004575,0.38308080774785613,,oksipital,4.0,False,0.986420729294359,,,,,False,2.2738828233655988
