participant_id,task,rep,phase,channel,area,hemisphere,t0_video,t1_video,dur_phase_sec,win_sec,compliance,phase_source,flat_frac,valid,is_simulated,theta_db,mu_db,beta_db,broad_db
P15,NGEED,1,PRA,Fp1,frontopolar,kiri,0.315,2.315,2.0,2.0,late,video,0.0,True,False,-6.022117631494783,-6.966889333351212,-10.017265044469376,-6.93622539545882
P15,NGEED,1,PRA,F3,frontal,kiri,0.315,2.315,2.0,2.0,late,video,1.0,False,False,,,,
P15,NGEED,1,PRA,C3,sentral,kiri,0.315,2.315,2.0,2.0,late,video,1.0,False,False,,,,
P15,NGEED,1,PRA,P3,parietal,kiri,0.315,2.315,2.0,2.0,late,video,1.0,False,False,,,,
P15,NGEED,1,PRA,O1,oksipital,kiri,0.315,2.315,2.0,2.0,late,video,0.0,True,False,-9.025810184931995,-7.0558269358051895,-9.706844035631573,-6.316609699039709
P15,NGEED,1,PRA,F7,frontotemporal,kiri,0.315,2.315,2.0,2.0,late,video,0.77,False,False,,,,
P15,NGEED,1,PRA,T3,temporal,kiri,0.315,2.315,2.0,2.0,late,video,1.0,False,False,,,,
P15,NGEED,1,PRA,T5,temporo-posterior,kiri,0.315,2.315,2.0,2.0,late,video,1.0,False,False,,,,
P15,NGEED,1,PRA,Fp2,frontopolar,kanan,0.315,2.315,2.0,2.0,late,video,0.0,True,False,0.08961868568830056,0.323460107005733,-0.31934982505636356,0.4057251003598452
P15,NGEED,1,PRA,F4,frontal,kanan,0.315,2.315,2.0,2.0,late,video,0.0,True,False,2.33059779584962,2.469282399583612,1.7445151198058255,1.723843234958938
P15,NGEED,1,PRA,C4,sentral,kanan,0.315,2.315,2.0,2.0,late,video,0.0,True,False,-0.9821462302029929,0.6535836154642887,2.11353202195858,-0.9414600185404822
P15,NGEED,1,PRA,P4,parietal,kanan,0.315,2.315,2.0,2.0,late,video,0.77,False,False,,,,
P15,NGEED,1,PRA,O2,oksipital,kanan,0.315,2.315,2.0,2.0,late,video,0.97,False,False,,,,
P15,NGEED,1,PRA,F8,frontotemporal,kanan,0.315,2.315,2.0,2.0,late,video,0.0,True,False,-4.059791670077935,-3.0418914775415224,-2.626212758057086,-4.659775959646328
P15,NGEED,1,PRA,T4,temporal,kanan,0.315,2.315,2.0,2.0,late,video,0.0,True,False,1.0533846538929375,1.1502205007150508,-1.1902431672164688,0.8775951752813675
P15,NGEED,1,PRA,T6,temporo-posterior,kanan,0.315,2.315,2.0,2.0,late,video,0.0,True,False,-2.945551574957271,-2.001495014134779,0.48596992651578574,-2.824676343897366
P15,NGEED,1,TURUN,Fp1,frontopolar,kiri,7.87,8.97,1.572,1.1,late,video,0.0,True,False,-0.9547396168940416,3.669325085733064,-2.1578423034726377,2.735271583918813
P15,NGEED,1,TURUN,F3,frontal,kiri,7.87,8.97,1.572,1.1,late,video,1.0,False,False,,,,
P15,NGEED,1,TURUN,C3,sentral,kiri,7.87,8.97,1.572,1.1,late,video,1.0,False,False,,,,
P15,NGEED,1,TURUN,P3,parietal,kiri,7.87,8.97,1.572,1.1,late,video,1.0,False,False,,,,
P15,NGEED,1,TURUN,O1,oksipital,kiri,7.87,8.97,1.572,1.1,late,video,0.0,True,False,-16.75479651155641,-13.204737256911322,-13.920910331019115,-11.794232151731322
P15,NGEED,1,TURUN,F7,frontotemporal,kiri,7.87,8.97,1.572,1.1,late,video,0.0,True,False,-1.8070086126106801,1.6900539520170064,-2.46755152675604,2.7016899571421753
P15,NGEED,1,TURUN,T3,temporal,kiri,7.87,8.97,1.572,1.1,late,video,0.0,True,False,-1.1041743496603118,1.1690823702196376,-4.09049879503627,-0.8831943502224711
P15,NGEED,1,TURUN,T5,temporo-posterior,kiri,7.87,8.97,1.572,1.1,late,video,0.82,False,False,,,,
P15,NGEED,1,TURUN,Fp2,frontopolar,kanan,7.87,8.97,1.572,1.1,late,video,0.0,True,False,2.562193970324188,2.348565338709925,4.1840233108972384,2.099802326164383
P15,NGEED,1,TURUN,F4,frontal,kanan,7.87,8.97,1.572,1.1,late,video,0.0,True,False,-1.187845971409537,-0.10238106773997657,0.9913030269931014,0.26905779702678956
P15,NGEED,1,TURUN,C4,sentral,kanan,7.87,8.97,1.572,1.1,late,video,0.0,True,False,-0.9124420534397117,2.315652248792219,4.231975777617933,2.09986350300505
P15,NGEED,1,TURUN,P4,parietal,kanan,7.87,8.97,1.572,1.1,late,video,0.0,True,False,-4.074130244588517,-0.020885772304669814,2.6513253321958743,0.1138030942436643
P15,NGEED,1,TURUN,O2,oksipital,kanan,7.87,8.97,1.572,1.1,late,video,0.0,True,False,0.4947372332504969,2.4610391037711494,3.523231042992709,1.6116822705562264
P15,NGEED,1,TURUN,F8,frontotemporal,kanan,7.87,8.97,1.572,1.1,late,video,0.0,True,False,-0.8435742606450489,4.5932116784344466,5.391537899176903,2.031159911991299
P15,NGEED,1,TURUN,T4,temporal,kanan,7.87,8.97,1.572,1.1,late,video,0.0,True,False,1.289558726584147,3.1713525100973285,2.7919786949651204,2.110727887321815
P15,NGEED,1,TURUN,T6,temporo-posterior,kanan,7.87,8.97,1.572,1.1,late,video,0.0,True,False,-3.202783017822359,-5.151019278533447,0.7185331171496188,-2.6242546735012624
P15,NGEED,1,TAHAN,Fp1,frontopolar,kiri,9.456,11.415,2.459,1.959,late,video,0.0,True,False,-0.9117336028912497,1.5539574474673366,-1.1231179113233303,2.0119528386539223
P15,NGEED,1,TAHAN,F3,frontal,kiri,9.456,11.415,2.459,1.959,late,video,1.0,False,False,,,,
P15,NGEED,1,TAHAN,C3,sentral,kiri,9.456,11.415,2.459,1.959,late,video,0.102,False,False,,,,
P15,NGEED,1,TAHAN,P3,parietal,kiri,9.456,11.415,2.459,1.959,late,video,0.204,False,False,,,,
P15,NGEED,1,TAHAN,O1,oksipital,kiri,9.456,11.415,2.459,1.959,late,video,0.0,True,False,-17.81704213714201,-12.763005806911767,-14.174427012467568,-11.241591243228207
P15,NGEED,1,TAHAN,F7,frontotemporal,kiri,9.456,11.415,2.459,1.959,late,video,0.0,True,False,-7.767673460786757,-0.9884050487930871,-1.974423801445436,1.4993272894651462
P15,NGEED,1,TAHAN,T3,temporal,kiri,9.456,11.415,2.459,1.959,late,video,0.0,True,False,0.09888645998481849,1.6960629399685594,-0.3319079985997604,3.493849448553771
P15,NGEED,1,TAHAN,T5,temporo-posterior,kiri,9.456,11.415,2.459,1.959,late,video,0.0,True,False,-2.6984331014304246,-2.9495755423397974,-7.081488128819398,0.1290843709339775
P15,NGEED,1,TAHAN,Fp2,frontopolar,kanan,9.456,11.415,2.459,1.959,late,video,0.0,True,False,-3.2034463728726656,-1.6967970139399995,-1.127783010244837,-2.3573877696075627
P15,NGEED,1,TAHAN,F4,frontal,kanan,9.456,11.415,2.459,1.959,late,video,0.0,True,False,-8.341370713833452,-6.414768736099411,-5.331283721174945,-3.0062536107713598
P15,NGEED,1,TAHAN,C4,sentral,kanan,9.456,11.415,2.459,1.959,late,video,0.0,True,False,-4.914918805422282,-0.6632576669227177,1.218748903900611,-3.0046666481914244
P15,NGEED,1,TAHAN,P4,parietal,kanan,9.456,11.415,2.459,1.959,late,video,0.0,True,False,-8.788465896827091,-4.022740024101555,-2.8465289916590457,-2.80615441494178
P15,NGEED,1,TAHAN,O2,oksipital,kanan,9.456,11.415,2.459,1.959,late,video,0.0,True,False,-5.9419568569563985,-0.5722062440726781,-1.9792007796521354,1.988850831132691
P15,NGEED,1,TAHAN,F8,frontotemporal,kanan,9.456,11.415,2.459,1.959,late,video,0.0,True,False,-2.7891751304760177,2.801879509937546,1.09442032796548,0.2107755342232167
P15,NGEED,1,TAHAN,T4,temporal,kanan,9.456,11.415,2.459,1.959,late,video,0.0,True,False,-6.970593897889945,-0.9390528640475146,-2.8096733654340724,-0.6670228763951904
P15,NGEED,1,TAHAN,T6,temporo-posterior,kanan,9.456,11.415,2.459,1.959,late,video,0.0,True,False,-7.993663859271585,-5.210962887520061,-4.139299106916866,-3.9809735330838514
P15,NGEED,1,NAIK,Fp1,frontopolar,kiri,11.76,12.201,0.631,0.442,late,video,0.0,True,False,4.533260697823991,3.3649418230846493,-0.9511011513578822,5.6731243861837335
P15,NGEED,1,NAIK,F3,frontal,kiri,11.76,12.201,0.631,0.442,late,video,0.667,False,False,,,,
P15,NGEED,1,NAIK,C3,sentral,kiri,11.76,12.201,0.631,0.442,late,video,0.0,True,False,1.8608149324002206,-6.255908249960049,-4.773416361898075,3.7603090941982202
P15,NGEED,1,NAIK,P3,parietal,kiri,11.76,12.201,0.631,0.442,late,video,0.0,True,False,0.4972436628901207,-3.880267308166058,-6.960246307106772,2.252431298379758
P15,NGEED,1,NAIK,O1,oksipital,kiri,11.76,12.201,0.631,0.442,late,video,0.0,True,False,-13.338227571598125,-15.718282694839262,-11.034273464864714,-11.419494519363603
P15,NGEED,1,NAIK,F7,frontotemporal,kiri,11.76,12.201,0.631,0.442,late,video,0.0,True,False,1.6773154665938854,0.5822432339081374,-3.7449122841513223,3.755319167595644
P15,NGEED,1,NAIK,T3,temporal,kiri,11.76,12.201,0.631,0.442,late,video,0.0,True,False,7.658743396411733,2.992337804177172,-0.9703144113448232,7.813102574470793
P15,NGEED,1,NAIK,T5,temporo-posterior,kiri,11.76,12.201,0.631,0.442,late,video,0.0,True,False,3.019812575812317,-1.9110349688061241,-4.203723838292419,4.812150533778894
P15,NGEED,1,NAIK,Fp2,frontopolar,kanan,11.76,12.201,0.631,0.442,late,video,0.0,True,False,0.8894798030673599,-7.393924707082039,-0.7129989835042281,-2.1508925097827465
P15,NGEED,1,NAIK,F4,frontal,kanan,11.76,12.201,0.631,0.442,late,video,0.0,True,False,-1.1512520493281286,-5.472982456873215,-3.6293427331034245,0.7896654795875477
P15,NGEED,1,NAIK,C4,sentral,kanan,11.76,12.201,0.631,0.442,late,video,0.0,True,False,-2.3191207805084417,1.770679404989032,2.1613446119185227,-2.2187810888767032
P15,NGEED,1,NAIK,P4,parietal,kanan,11.76,12.201,0.631,0.442,late,video,0.0,True,False,-3.393062531394186,-6.402265226672121,-2.1999072900717316,-1.79500287461736
P15,NGEED,1,NAIK,O2,oksipital,kanan,11.76,12.201,0.631,0.442,late,video,0.0,True,False,-2.7426898902475294,-7.208241825344956,-1.1777531738176705,1.1417868898716428
P15,NGEED,1,NAIK,F8,frontotemporal,kanan,11.76,12.201,0.631,0.442,late,video,0.0,True,False,-4.283787900937604,2.3237718436900288,1.167979617323084,-2.815257725521409
P15,NGEED,1,NAIK,T4,temporal,kanan,11.76,12.201,0.631,0.442,late,video,0.0,True,False,-4.016778207301364,-8.328427285902425,-1.4144782998389402,-0.07273683178381063
P15,NGEED,1,NAIK,T6,temporo-posterior,kanan,11.76,12.201,0.631,0.442,late,video,0.0,True,False,-1.3879526098766206,-5.902094730415229,-3.336454237015527,-0.40639078273535745
P15,NGEED,1,POST,Fp1,frontopolar,kiri,12.796,14.296,1.5,1.5,late,video,0.0,True,False,1.9680042564626632,1.2936849232614733,0.7894303162187164,3.7998564803632213
P15,NGEED,1,POST,F3,frontal,kiri,12.796,14.296,1.5,1.5,late,video,0.173,False,False,,,,
P15,NGEED,1,POST,C3,sentral,kiri,12.796,14.296,1.5,1.5,late,video,0.0,True,False,-1.835982124658301,-0.1660995210699383,-5.1205724951306415,4.506463075370728
P15,NGEED,1,POST,P3,parietal,kiri,12.796,14.296,1.5,1.5,late,video,0.0,True,False,-1.8814417462561508,-3.557312077173407,-5.760622344625428,3.9429689294269537
P15,NGEED,1,POST,O1,oksipital,kiri,12.796,14.296,1.5,1.5,late,video,0.0,True,False,-16.00911554450173,-13.635832347726737,-13.257917035343855,-11.440213422399463
P15,NGEED,1,POST,F7,frontotemporal,kiri,12.796,14.296,1.5,1.5,late,video,0.0,True,False,-2.9649804677047484,-0.3910801642482937,-0.07650251422664311,2.8397172378101416
P15,NGEED,1,POST,T3,temporal,kiri,12.796,14.296,1.5,1.5,late,video,0.0,True,False,1.684923861686908,2.789516047880383,2.151646876162456,6.934307666359135
P15,NGEED,1,POST,T5,temporo-posterior,kiri,12.796,14.296,1.5,1.5,late,video,0.0,True,False,-3.3189707053080113,-2.2386659520327754,-5.545832618100482,5.175974116425191
P15,NGEED,1,POST,Fp2,frontopolar,kanan,12.796,14.296,1.5,1.5,late,video,0.0,True,False,-4.597518512412094,-2.77709345870273,-1.2997173842375247,-3.5820606499754604
P15,NGEED,1,POST,F4,frontal,kanan,12.796,14.296,1.5,1.5,late,video,0.0,True,False,-4.723422431082717,-0.8436262252544786,-2.1403591001378075,-1.4028838231461904
P15,NGEED,1,POST,C4,sentral,kanan,12.796,14.296,1.5,1.5,late,video,0.0,True,False,-2.059808953115592,-2.40996561201192,0.15731309784144187,-2.4592106106791043
P15,NGEED,1,POST,P4,parietal,kanan,12.796,14.296,1.5,1.5,late,video,0.0,True,False,-11.374066902426065,-5.415327474472118,-1.1894427262309755,-1.0777688364381461
P15,NGEED,1,POST,O2,oksipital,kanan,12.796,14.296,1.5,1.5,late,video,0.0,True,False,-6.461035561173119,-1.821011391203868,-3.008384222034728,2.586249670383811
P15,NGEED,1,POST,F8,frontotemporal,kanan,12.796,14.296,1.5,1.5,late,video,0.0,True,False,-7.446837327840061,-6.882061585166603,-2.7968177456954137,-2.8112387449083904
P15,NGEED,1,POST,T4,temporal,kanan,12.796,14.296,1.5,1.5,late,video,0.0,True,False,-4.013953374985729,-5.689431823122476,-3.3411280586308223,2.726785834113823
P15,NGEED,1,POST,T6,temporo-posterior,kanan,12.796,14.296,1.5,1.5,late,video,0.0,True,False,-8.453282435385596,-1.3166918307801758,-2.735915874204313,-2.529940312916917
P15,NGEED,2,PRA,Fp1,frontopolar,kiri,13.372,15.372,2.0,2.0,ok,video,0.0,True,False,2.1481617391304155,4.267483867481829,1.1527488936164012,3.961107609829657
P15,NGEED,2,PRA,F3,frontal,kiri,13.372,15.372,2.0,2.0,ok,video,0.0,True,False,-6.23018466190047,-3.070256952453814,-3.037477319443017,-2.385878699275615
P15,NGEED,2,PRA,C3,sentral,kiri,13.372,15.372,2.0,2.0,ok,video,0.0,True,False,1.0847169528569403,-1.953585817858439,-4.220528562609164,3.729055623873986
P15,NGEED,2,PRA,P3,parietal,kiri,13.372,15.372,2.0,2.0,ok,video,0.0,True,False,-1.3258590094456224,-1.3231528505305192,-4.970505387620353,3.876034185801025
P15,NGEED,2,PRA,O1,oksipital,kiri,13.372,15.372,2.0,2.0,ok,video,0.0,True,False,-15.710782306063141,-12.647235102618158,-13.70656676993829,-10.459230940878065
P15,NGEED,2,PRA,F7,frontotemporal,kiri,13.372,15.372,2.0,2.0,ok,video,0.0,True,False,-1.0628439994360122,2.598907812626674,0.3967673404073295,3.0747175191999006
P15,NGEED,2,PRA,T3,temporal,kiri,13.372,15.372,2.0,2.0,ok,video,0.0,True,False,1.743178874461151,5.635688242217345,2.8642529247693886,6.610345574854502
P15,NGEED,2,PRA,T5,temporo-posterior,kiri,13.372,15.372,2.0,2.0,ok,video,0.0,True,False,-1.7628872385076981,1.1997065837987684,-5.197903806628897,5.206576828723268
P15,NGEED,2,PRA,Fp2,frontopolar,kanan,13.372,15.372,2.0,2.0,ok,video,0.0,True,False,-1.9607488241749635,0.4974244589611274,-1.3332237025938802,-1.4146830586977828
P15,NGEED,2,PRA,F4,frontal,kanan,13.372,15.372,2.0,2.0,ok,video,0.0,True,False,-3.459653287199572,-2.145769449751178,-2.5304987537168167,-1.737764711226177
P15,NGEED,2,PRA,C4,sentral,kanan,13.372,15.372,2.0,2.0,ok,video,0.0,True,False,-3.232783827622164,-3.0652608902729774,-0.5543953401896218,-3.0034416131062613
P15,NGEED,2,PRA,P4,parietal,kanan,13.372,15.372,2.0,2.0,ok,video,0.0,True,False,-2.122647618467191,-0.48528422730374743,-2.367055313556346,-0.4686408273324929
P15,NGEED,2,PRA,O2,oksipital,kanan,13.372,15.372,2.0,2.0,ok,video,0.0,True,False,-2.964906649872553,-2.5913421121461298,-3.124560145381327,2.186945830809389
P15,NGEED,2,PRA,F8,frontotemporal,kanan,13.372,15.372,2.0,2.0,ok,video,0.0,True,False,-4.376634212101468,-3.076001573831796,-0.972209633404411,-1.8028757760127156
P15,NGEED,2,PRA,T4,temporal,kanan,13.372,15.372,2.0,2.0,ok,video,0.0,True,False,-0.17956684920422106,-3.534269300279476,-2.389468108045378,2.089187271944919
P15,NGEED,2,PRA,T6,temporo-posterior,kanan,13.372,15.372,2.0,2.0,ok,video,0.0,True,False,-6.792380051638943,-7.319638371690605,-4.629589810049005,-4.516874308616686
P15,NGEED,2,TURUN,Fp1,frontopolar,kiri,23.522,24.445,1.319,0.923,ok,video,0.0,True,False,1.5422070582844611,-3.832943128357975,0.186133472379435,1.9879606214039818
P15,NGEED,2,TURUN,F3,frontal,kiri,23.522,24.445,1.319,0.923,ok,video,0.0,True,False,-1.120364141231061,-2.4495491588400995,-1.3285161547911422,-0.8290365512485529
P15,NGEED,2,TURUN,C3,sentral,kiri,23.522,24.445,1.319,0.923,ok,video,0.0,True,False,7.140345338443076,-1.8629494635593673,0.2866587583732745,5.528214669894872
P15,NGEED,2,TURUN,P3,parietal,kiri,23.522,24.445,1.319,0.923,ok,video,0.0,True,False,3.5083677922744556,-5.895026537375161,-0.11185472600437052,1.2678185906413155
P15,NGEED,2,TURUN,O1,oksipital,kiri,23.522,24.445,1.319,0.923,ok,video,0.0,True,False,-14.784366323351321,-11.911579095573131,-11.97665944995455,-8.815788387844552
P15,NGEED,2,TURUN,F7,frontotemporal,kiri,23.522,24.445,1.319,0.923,ok,video,0.0,True,False,3.821766165788727,-3.394694693965114,-0.8718238474186819,3.040839386938501
P15,NGEED,2,TURUN,T3,temporal,kiri,23.522,24.445,1.319,0.923,ok,video,0.0,True,False,4.3297923603008925,3.799791565204579,1.5005223434697044,5.193573833053488
P15,NGEED,2,TURUN,T5,temporo-posterior,kiri,23.522,24.445,1.319,0.923,ok,video,0.0,True,False,2.664753216029691,6.444552918683858,4.339845941469179,3.3014423110504687
P15,NGEED,2,TURUN,Fp2,frontopolar,kanan,23.522,24.445,1.319,0.923,ok,video,0.0,True,False,12.308236733335526,12.467048301447164,12.489373513271225,11.032192206016841
P15,NGEED,2,TURUN,F4,frontal,kanan,23.522,24.445,1.319,0.923,ok,video,0.0,True,False,12.435271776605518,11.925068441904308,14.419902781376173,12.087102561755522
P15,NGEED,2,TURUN,C4,sentral,kanan,23.522,24.445,1.319,0.923,ok,video,0.359,False,False,,,,
P15,NGEED,2,TURUN,P4,parietal,kanan,23.522,24.445,1.319,0.923,ok,video,0.0,True,False,3.0579222530939703,7.52026548616675,6.0692135920719394,6.358865023151999
P15,NGEED,2,TURUN,O2,oksipital,kanan,23.522,24.445,1.319,0.923,ok,video,0.0,True,False,4.733743775521717,5.554019145384991,5.935731317784189,6.158185018387808
P15,NGEED,2,TURUN,F8,frontotemporal,kanan,23.522,24.445,1.319,0.923,ok,video,0.0,True,False,4.063143621167221,6.765841945620149,7.610808839566005,4.792062015691652
P15,NGEED,2,TURUN,T4,temporal,kanan,23.522,24.445,1.319,0.923,ok,video,0.0,True,False,0.7394004745530864,8.28382416587528,8.687121507142809,5.67935669943294
P15,NGEED,2,TURUN,T6,temporo-posterior,kanan,23.522,24.445,1.319,0.923,ok,video,0.0,True,False,4.484038098505991,6.1896861212474334,6.342915867867337,6.140091678971743
P15,NGEED,2,TAHAN,Fp1,frontopolar,kiri,24.893,26.059,1.666,1.166,ok,video,0.0,True,False,-6.894425091078812,-4.7417144158917,1.4058590884949673,0.6305436150243438
P15,NGEED,2,TAHAN,F3,frontal,kiri,24.893,26.059,1.666,1.166,ok,video,0.0,True,False,-9.817533735812308,-8.541597034954052,-5.8763552217657775,-7.843501901192628
P15,NGEED,2,TAHAN,C3,sentral,kiri,24.893,26.059,1.666,1.166,ok,video,0.0,True,False,-3.8417486589390464,-6.339423360051606,-2.078540393172652,1.8877222227799528
P15,NGEED,2,TAHAN,P3,parietal,kiri,24.893,26.059,1.666,1.166,ok,video,0.0,True,False,-4.491544470362832,-5.426613431506905,-3.2853423469370586,3.1084154458123265
P15,NGEED,2,TAHAN,O1,oksipital,kiri,24.893,26.059,1.666,1.166,ok,video,0.0,True,False,-14.635590249915737,-16.63946014426086,-11.31832521610523,-9.022116712945625
P15,NGEED,2,TAHAN,F7,frontotemporal,kiri,24.893,26.059,1.666,1.166,ok,video,0.0,True,False,-5.514601017518771,-4.8145821828859106,0.459150541143881,-0.4473338538677467
P15,NGEED,2,TAHAN,T3,temporal,kiri,24.893,26.059,1.666,1.166,ok,video,0.0,True,False,-3.6377868674853318,-0.5758652412815408,1.649038560314274,4.396964250951719
P15,NGEED,2,TAHAN,T5,temporo-posterior,kiri,24.893,26.059,1.666,1.166,ok,video,0.0,True,False,-3.2652281860871213,-3.6078831581426165,-2.386486187581955,3.903543325539708
P15,NGEED,2,TAHAN,Fp2,frontopolar,kanan,24.893,26.059,1.666,1.166,ok,video,0.0,True,False,-4.489040907174278,-5.027814010453994,-2.7216381057653187,-3.7751819831637015
P15,NGEED,2,TAHAN,F4,frontal,kanan,24.893,26.059,1.666,1.166,ok,video,0.0,True,False,-3.287799928924354,-1.795089882649279,-2.2562883668099865,-1.5028764892001298
P15,NGEED,2,TAHAN,C4,sentral,kanan,24.893,26.059,1.666,1.166,ok,video,0.0,True,False,-4.694833757394509,-1.5064613161477816,-2.0630571558041915,-3.742445208307945
P15,NGEED,2,TAHAN,P4,parietal,kanan,24.893,26.059,1.666,1.166,ok,video,0.0,True,False,-9.080700110000258,-2.4994635005657813,0.12026449467362355,0.21110356391900353
P15,NGEED,2,TAHAN,O2,oksipital,kanan,24.893,26.059,1.666,1.166,ok,video,0.0,True,False,-1.7691292486614572,-5.106168547367833,-1.9882223213845052,1.9725157686308243
P15,NGEED,2,TAHAN,F8,frontotemporal,kanan,24.893,26.059,1.666,1.166,ok,video,0.0,True,False,-2.07532498274249,1.2153603236564976,0.41996907933475924,1.0546091104837352
P15,NGEED,2,TAHAN,T4,temporal,kanan,24.893,26.059,1.666,1.166,ok,video,0.0,True,False,-3.9496846803592085,-4.811651753429299,-3.3178260254779026,1.9902259641810964
P15,NGEED,2,TAHAN,T6,temporo-posterior,kanan,24.893,26.059,1.666,1.166,ok,video,0.0,True,False,-4.8569034387561665,-8.298114706071125,-6.10044504097489,-3.4385053146877986
P15,NGEED,2,NAIK,Fp1,frontopolar,kiri,26.537,27.604,1.523,1.066,ok,video,0.0,True,False,1.9914436713778585,1.2268059592328129,-0.8764215954085586,2.1174803103323008
P15,NGEED,2,NAIK,F3,frontal,kiri,26.537,27.604,1.523,1.066,ok,video,0.327,False,False,,,,
P15,NGEED,2,NAIK,C3,sentral,kiri,26.537,27.604,1.523,1.066,ok,video,0.0,True,False,8.417450133371162,1.6015835032271681,-0.25881209335111066,5.043177827332517
P15,NGEED,2,NAIK,P3,parietal,kiri,26.537,27.604,1.523,1.066,ok,video,0.0,True,False,7.276922649373407,-0.7322295660196083,-2.850574979311947,3.855147756474608
P15,NGEED,2,NAIK,O1,oksipital,kiri,26.537,27.604,1.523,1.066,ok,video,0.0,True,False,-7.732074359648529,-12.185826123614046,-12.753411803911725,-9.52653239923125
P15,NGEED,2,NAIK,F7,frontotemporal,kiri,26.537,27.604,1.523,1.066,ok,video,0.0,True,False,4.386113637559816,0.225047197634467,-1.5272466152593864,2.8969051945591424
P15,NGEED,2,NAIK,T3,temporal,kiri,26.537,27.604,1.523,1.066,ok,video,0.0,True,False,9.48093150849989,6.708888565517324,0.9893515181460728,5.858451480355708
P15,NGEED,2,NAIK,T5,temporo-posterior,kiri,26.537,27.604,1.523,1.066,ok,video,0.0,True,False,6.744619342092939,1.3240140343770292,0.548816661515847,5.057233842230588
P15,NGEED,2,NAIK,Fp2,frontopolar,kanan,26.537,27.604,1.523,1.066,ok,video,0.0,True,False,6.680328220632063,6.588102910076266,0.9602464827845516,4.282185226844394
P15,NGEED,2,NAIK,F4,frontal,kanan,26.537,27.604,1.523,1.066,ok,video,0.0,True,False,3.7498951155000384,7.195248551943926,2.9477530496388695,3.140657233301333
P15,NGEED,2,NAIK,C4,sentral,kanan,26.537,27.604,1.523,1.066,ok,video,0.0,True,False,-2.056183038274199,1.6464893743062952,2.020158744482952,-0.4472047497802478
P15,NGEED,2,NAIK,P4,parietal,kanan,26.537,27.604,1.523,1.066,ok,video,0.0,True,False,-0.2704010052076953,-0.9405902380638977,-0.855246654564084,0.4141928518208218
P15,NGEED,2,NAIK,O2,oksipital,kanan,26.537,27.604,1.523,1.066,ok,video,0.0,True,False,6.846235760331609,0.47219829261673496,0.2454710211324631,5.9545130581138075
P15,NGEED,2,NAIK,F8,frontotemporal,kanan,26.537,27.604,1.523,1.066,ok,video,0.0,True,False,1.6679426087506286,2.8057647192862376,1.2581190399387587,1.6729322551354464
P15,NGEED,2,NAIK,T4,temporal,kanan,26.537,27.604,1.523,1.066,ok,video,0.0,True,False,6.038479319698659,1.3696398781048025,-1.321344418328355,5.437699235112067
P15,NGEED,2,NAIK,T6,temporo-posterior,kanan,26.537,27.604,1.523,1.066,ok,video,0.0,True,False,0.031683065433270485,0.6597473053576266,0.39734911533650674,0.6094702195979949
P15,NGEED,2,POST,Fp1,frontopolar,kiri,28.332,29.832,1.5,1.5,ok,video,0.0,True,False,-3.5490637930473206,-1.6276987309128046,-1.2862595355039446,1.4977818752252041
P15,NGEED,2,POST,F3,frontal,kiri,28.332,29.832,1.5,1.5,ok,video,1.0,False,False,,,,
P15,NGEED,2,POST,C3,sentral,kiri,28.332,29.832,1.5,1.5,ok,video,0.0,True,False,-2.601161722153062,-2.457980873819384,-3.764493668800764,2.6694229738427957
P15,NGEED,2,POST,P3,parietal,kiri,28.332,29.832,1.5,1.5,ok,video,0.0,True,False,-6.396137763289094,-7.749321513533532,-8.181756621124684,-2.3263637210486365
P15,NGEED,2,POST,O1,oksipital,kiri,28.332,29.832,1.5,1.5,ok,video,0.0,True,False,-14.181433947956606,-13.501223658800654,-14.721564452589247,-10.134458325054283
P15,NGEED,2,POST,F7,frontotemporal,kiri,28.332,29.832,1.5,1.5,ok,video,0.0,True,False,-4.251568987075707,-0.6158183763069864,-1.5068598803183697,1.6851253712738625
P15,NGEED,2,POST,T3,temporal,kiri,28.332,29.832,1.5,1.5,ok,video,0.0,True,False,-1.4240930562766358,0.9942553662783951,-0.9677162297380519,5.2506392306552705
P15,NGEED,2,POST,T5,temporo-posterior,kiri,28.332,29.832,1.5,1.5,ok,video,0.0,True,False,-1.8437588814466963,-2.4679677024397257,-2.9477900109753516,3.846929234403227
P15,NGEED,2,POST,Fp2,frontopolar,kanan,28.332,29.832,1.5,1.5,ok,video,0.0,True,False,3.642243363833508,9.93248537403111,9.605567729764175,6.5398115070932015
P15,NGEED,2,POST,F4,frontal,kanan,28.332,29.832,1.5,1.5,ok,video,0.0,True,False,9.014790526281374,11.666459339849027,9.243184408719017,9.508008342089916
P15,NGEED,2,POST,C4,sentral,kanan,28.332,29.832,1.5,1.5,ok,video,0.0,True,False,4.154691651382336,10.29148835105373,12.010841887544977,8.395115823234253
P15,NGEED,2,POST,P4,parietal,kanan,28.332,29.832,1.5,1.5,ok,video,0.0,True,False,-0.5308708917662557,3.408173306227198,2.0525116357340316,2.551006664611208
P15,NGEED,2,POST,O2,oksipital,kanan,28.332,29.832,1.5,1.5,ok,video,0.0,True,False,2.4469431610728805,5.175020707193326,4.231451899681105,6.6716679139637485
P15,NGEED,2,POST,F8,frontotemporal,kanan,28.332,29.832,1.5,1.5,ok,video,0.0,True,False,2.5678310101625215,6.0864429803708155,4.852001783225866,5.292126832922701
P15,NGEED,2,POST,T4,temporal,kanan,28.332,29.832,1.5,1.5,ok,video,0.0,True,False,5.8384569308348375,9.10092447156876,6.372022883356365,8.414931957402853
P15,NGEED,2,POST,T6,temporo-posterior,kanan,28.332,29.832,1.5,1.5,ok,video,0.0,True,False,5.5865652150153196,7.351162960471186,6.346038365862004,7.920834283116079
P15,AGEM KANAN,1,PRA,Fp1,frontopolar,kiri,29.206,31.206,2.0,2.0,ok,video,0.0,True,False,-1.9714306683314042,2.6937894587233657,-1.0401450484456234,1.8941982953600167
P15,AGEM KANAN,1,PRA,F3,frontal,kiri,29.206,31.206,2.0,2.0,ok,video,1.0,False,False,,,,
P15,AGEM KANAN,1,PRA,C3,sentral,kiri,29.206,31.206,2.0,2.0,ok,video,0.0,True,False,-4.663570016895374,-1.9486785569865823,-2.6091719407656164,2.2013544834995677
P15,AGEM KANAN,1,PRA,P3,parietal,kiri,29.206,31.206,2.0,2.0,ok,video,0.0,True,False,-7.112828467543917,-5.795395552893773,-7.146093372283394,-3.654783550382664
P15,AGEM KANAN,1,PRA,O1,oksipital,kiri,29.206,31.206,2.0,2.0,ok,video,0.0,True,False,-16.030090589543608,-13.578160383377032,-14.570471439725779,-9.983223930429595
P15,AGEM KANAN,1,PRA,F7,frontotemporal,kiri,29.206,31.206,2.0,2.0,ok,video,0.0,True,False,-5.027618537200382,0.31348037637086534,-1.6377574227580247,1.3504337996313893
P15,AGEM KANAN,1,PRA,T3,temporal,kiri,29.206,31.206,2.0,2.0,ok,video,0.0,True,False,-1.4967460680682727,-0.15207491765173842,0.259387523984671,4.8989014642688
P15,AGEM KANAN,1,PRA,T5,temporo-posterior,kiri,29.206,31.206,2.0,2.0,ok,video,0.0,True,False,-5.33399416451568,1.521435629600024,-1.9775402353102756,3.8814623593102837
P15,AGEM KANAN,1,PRA,Fp2,frontopolar,kanan,29.206,31.206,2.0,2.0,ok,video,0.0,True,False,1.0206276581630718,-1.5697995381767527,-0.6718411670028566,-0.7348852369419383
P15,AGEM KANAN,1,PRA,F4,frontal,kanan,29.206,31.206,2.0,2.0,ok,video,0.0,True,False,2.2652094662906492,-0.17262410843142817,0.3110282608410735,2.6723566749639893
P15,AGEM KANAN,1,PRA,C4,sentral,kanan,29.206,31.206,2.0,2.0,ok,video,0.0,True,False,2.2582072106861943,1.6663172010874447,3.214445012395288,5.048056425383866
P15,AGEM KANAN,1,PRA,P4,parietal,kanan,29.206,31.206,2.0,2.0,ok,video,0.0,True,False,-3.353831901447819,-0.41017960565538303,-2.6029249366549365,-2.9842077608505377
P15,AGEM KANAN,1,PRA,O2,oksipital,kanan,29.206,31.206,2.0,2.0,ok,video,0.0,True,False,1.9156065072004154,0.553937085239955,-2.8011141083246685,3.489753486231489
P15,AGEM KANAN,1,PRA,F8,frontotemporal,kanan,29.206,31.206,2.0,2.0,ok,video,0.0,True,False,2.794416071781235,-2.1408222043479874,0.1172926416511082,3.2788982408305962
P15,AGEM KANAN,1,PRA,T4,temporal,kanan,29.206,31.206,2.0,2.0,ok,video,0.0,True,False,2.120718100834214,0.38995072881645143,-2.432601403045652,3.0379285034146797
P15,AGEM KANAN,1,PRA,T6,temporo-posterior,kanan,29.206,31.206,2.0,2.0,ok,video,0.0,True,False,1.181675040039707,-2.0568899599550186,-3.2228939184126766,1.189660202282532
P15,AGEM KANAN,1,TURUN,Fp1,frontopolar,kiri,39.208,39.979,1.101,0.771,ok,video,0.0,True,False,4.515798678478546,0.6843183572423435,-2.9475743876787703,5.998495735919388
P15,AGEM KANAN,1,TURUN,F3,frontal,kiri,39.208,39.979,1.101,0.771,ok,video,0.0,True,False,3.9056134698138045,-1.4334849809581165,-2.86027139187469,5.980789649068452
P15,AGEM KANAN,1,TURUN,C3,sentral,kiri,39.208,39.979,1.101,0.771,ok,video,0.0,True,False,4.257137284285072,-2.9952538079445787,-1.144946645277134,7.197799090844857
P15,AGEM KANAN,1,TURUN,P3,parietal,kiri,39.208,39.979,1.101,0.771,ok,video,0.0,True,False,2.1799194876072576,-5.04071151847104,-2.7018915777555126,7.671683028250889
P15,AGEM KANAN,1,TURUN,O1,oksipital,kiri,39.208,39.979,1.101,0.771,ok,video,0.0,True,False,-9.902806909240532,-13.271730354525555,-11.217154283835566,-8.429052384700803
P15,AGEM KANAN,1,TURUN,F7,frontotemporal,kiri,39.208,39.979,1.101,0.771,ok,video,0.0,True,False,2.6047006189347783,-0.4267176981616103,-3.155413218558774,7.038336801585189
P15,AGEM KANAN,1,TURUN,T3,temporal,kiri,39.208,39.979,1.101,0.771,ok,video,0.0,True,False,5.630044002718787,0.8681683905650175,-0.5165181070856555,10.218748057801786
P15,AGEM KANAN,1,TURUN,T5,temporo-posterior,kiri,39.208,39.979,1.101,0.771,ok,video,0.0,True,False,1.726276853611239,-0.06484955038756723,-0.5272598769961334,8.773917080299622
P15,AGEM KANAN,1,TURUN,Fp2,frontopolar,kanan,39.208,39.979,1.101,0.771,ok,video,0.0,True,False,3.032756185201002,0.5115403597349726,-0.45234632498897653,0.8069416891650043
P15,AGEM KANAN,1,TURUN,F4,frontal,kanan,39.208,39.979,1.101,0.771,ok,video,0.0,True,False,3.133850163361899,0.6509237680369004,-0.48680290041635743,1.294390075198475
P15,AGEM KANAN,1,TURUN,C4,sentral,kanan,39.208,39.979,1.101,0.771,ok,video,0.0,True,False,0.07182097854683178,-1.0940577158560316,-2.9038318719887926,-2.410522152636613
P15,AGEM KANAN,1,TURUN,P4,parietal,kanan,39.208,39.979,1.101,0.771,ok,video,0.0,True,False,-3.085260282504507,-1.8516319172001587,-1.384985384712138,-0.23535466959243223
P15,AGEM KANAN,1,TURUN,O2,oksipital,kanan,39.208,39.979,1.101,0.771,ok,video,0.0,True,False,-1.1868005873886958,0.06579436022937202,-0.5470182212492389,2.0697355081610986
P15,AGEM KANAN,1,TURUN,F8,frontotemporal,kanan,39.208,39.979,1.101,0.771,ok,video,0.0,True,False,-1.814745310887531,1.965075093304371,0.9515558519838656,-0.11838893456617683
P15,AGEM KANAN,1,TURUN,T4,temporal,kanan,39.208,39.979,1.101,0.771,ok,video,0.0,True,False,1.3253679755895114,-0.20134124972684475,-2.0871411692752027,1.6893926143069073
P15,AGEM KANAN,1,TURUN,T6,temporo-posterior,kanan,39.208,39.979,1.101,0.771,ok,video,0.0,True,False,-2.1346904002904736,-3.8356460697169155,-6.761158926867758,-2.4589560577789236
P15,AGEM KANAN,1,TAHAN,Fp1,frontopolar,kiri,40.394,42.935,3.041,2.541,ok,video,0.0,True,False,-3.0755843882115315,-2.4198199434754315,1.3767573516806664,4.054539060838604
P15,AGEM KANAN,1,TAHAN,F3,frontal,kiri,40.394,42.935,3.041,2.541,ok,video,0.0,True,False,-1.3811932168718997,-1.3920961087607395,0.7009110330744655,3.5115264734946265
P15,AGEM KANAN,1,TAHAN,C3,sentral,kiri,40.394,42.935,3.041,2.541,ok,video,0.0,True,False,-0.9180463727362209,-3.793590242202683,-1.8833386105411059,5.738994634949048
P15,AGEM KANAN,1,TAHAN,P3,parietal,kiri,40.394,42.935,3.041,2.541,ok,video,0.0,True,False,-1.5050924467884599,-5.116606040253377,-2.9052252732582264,6.175359183922712
P15,AGEM KANAN,1,TAHAN,O1,oksipital,kiri,40.394,42.935,3.041,2.541,ok,video,0.0,True,False,-11.66448444616401,-9.061387201347507,-10.075975699734297,-8.17476552537023
P15,AGEM KANAN,1,TAHAN,F7,frontotemporal,kiri,40.394,42.935,3.041,2.541,ok,video,0.0,True,False,-3.2730898338646774,-3.2653861521065473,0.8149082097175047,4.157533272288479
P15,AGEM KANAN,1,TAHAN,T3,temporal,kiri,40.394,42.935,3.041,2.541,ok,video,0.0,True,False,0.2737690004684339,0.9539893302833491,2.1002207653628133,8.323963164224484
P15,AGEM KANAN,1,TAHAN,T5,temporo-posterior,kiri,40.394,42.935,3.041,2.541,ok,video,0.0,True,False,-0.6942610894428505,-0.5313812943743947,-0.35162746192111527,7.055205274134597
P15,AGEM KANAN,1,TAHAN,Fp2,frontopolar,kanan,40.394,42.935,3.041,2.541,ok,video,0.0,True,False,-4.1615890439372265,-5.152308984441561,-3.8660306970659413,-2.8789174329467926
P15,AGEM KANAN,1,TAHAN,F4,frontal,kanan,40.394,42.935,3.041,2.541,ok,video,0.551,False,False,,,,
P15,AGEM KANAN,1,TAHAN,C4,sentral,kanan,40.394,42.935,3.041,2.541,ok,video,0.74,False,False,,,,
P15,AGEM KANAN,1,TAHAN,P4,parietal,kanan,40.394,42.935,3.041,2.541,ok,video,0.0,True,False,-7.847277383144888,-4.8391640177631885,-3.2863820071805634,0.21762005207573054
P15,AGEM KANAN,1,TAHAN,O2,oksipital,kanan,40.394,42.935,3.041,2.541,ok,video,0.0,True,False,-5.540839288122736,-2.158890179060208,-3.4452305057731074,2.844797431455735
P15,AGEM KANAN,1,TAHAN,F8,frontotemporal,kanan,40.394,42.935,3.041,2.541,ok,video,0.268,False,False,,,,
P15,AGEM KANAN,1,TAHAN,T4,temporal,kanan,40.394,42.935,3.041,2.541,ok,video,0.0,True,False,-7.352239269188832,-2.524942279944188,-5.445234000766616,2.1884770866519823
P15,AGEM KANAN,1,TAHAN,T6,temporo-posterior,kanan,40.394,42.935,3.041,2.541,ok,video,0.0,True,False,-6.931027152848575,-4.801480347430445,-2.9324260290131896,-1.9933397847957863
P15,AGEM KANAN,1,NAIK,Fp1,frontopolar,kiri,43.331,44.01,0.971,0.68,ok,video,0.0,True,False,0.3064336326881616,-2.3242862771134796,2.3770408508914826,2.009728200689036
P15,AGEM KANAN,1,NAIK,F3,frontal,kiri,43.331,44.01,0.971,0.68,ok,video,0.0,True,False,1.6638791457666002,1.145791012799485,2.052195164766996,2.458946087670249
P15,AGEM KANAN,1,NAIK,C3,sentral,kiri,43.331,44.01,0.971,0.68,ok,video,0.0,True,False,3.4535519047232626,4.277396512387458,0.13161196735610048,4.104924121297788
P15,AGEM KANAN,1,NAIK,P3,parietal,kiri,43.331,44.01,0.971,0.68,ok,video,0.0,True,False,3.9253719448220004,2.282522749808603,-0.675133767630058,4.7281921537883775
P15,AGEM KANAN,1,NAIK,O1,oksipital,kiri,43.331,44.01,0.971,0.68,ok,video,0.0,True,False,-15.268881291898904,-7.091191891394917,-9.449472651851845,-9.542248867200797
P15,AGEM KANAN,1,NAIK,F7,frontotemporal,kiri,43.331,44.01,0.971,0.68,ok,video,0.0,True,False,0.7816088200354834,-4.6663798099736695,1.6563764163617698,1.3924495064453168
P15,AGEM KANAN,1,NAIK,T3,temporal,kiri,43.331,44.01,0.971,0.68,ok,video,0.0,True,False,6.376455669250589,2.7805917827427074,4.402114578288394,5.841101858915334
P15,AGEM KANAN,1,NAIK,T5,temporo-posterior,kiri,43.331,44.01,0.971,0.68,ok,video,0.0,True,False,3.436730443518943,3.6127152977875454,-0.9611472034642503,6.3810226518999364
P15,AGEM KANAN,1,NAIK,Fp2,frontopolar,kanan,43.331,44.01,0.971,0.68,ok,video,0.0,True,False,6.344000021733386,0.36722937175044024,3.366245696217536,3.5545783969744527
P15,AGEM KANAN,1,NAIK,F4,frontal,kanan,43.331,44.01,0.971,0.68,ok,video,0.0,True,False,2.898421284097033,-1.6693759866041944,1.4720349039001128,2.2698217435030585
P15,AGEM KANAN,1,NAIK,C4,sentral,kanan,43.331,44.01,0.971,0.68,ok,video,0.0,True,False,5.158364200461875,-0.37857185903546053,2.30740445654979,2.141561305379259
P15,AGEM KANAN,1,NAIK,P4,parietal,kanan,43.331,44.01,0.971,0.68,ok,video,0.0,True,False,-2.9799753137631413,3.5109637426046945,-0.12316252416530205,0.5528604309319576
P15,AGEM KANAN,1,NAIK,O2,oksipital,kanan,43.331,44.01,0.971,0.68,ok,video,0.0,True,False,6.5103864089379755,6.9172950694063715,4.282310923046602,7.638027399229653
P15,AGEM KANAN,1,NAIK,F8,frontotemporal,kanan,43.331,44.01,0.971,0.68,ok,video,0.235,False,False,,,,
P15,AGEM KANAN,1,NAIK,T4,temporal,kanan,43.331,44.01,0.971,0.68,ok,video,0.0,True,False,7.065136539662866,5.390910679345712,3.781355586177302,6.753224176916913
P15,AGEM KANAN,1,NAIK,T6,temporo-posterior,kanan,43.331,44.01,0.971,0.68,ok,video,0.0,True,False,1.0671356836323085,-1.8138681226556912,-2.1841212336907745,1.4986070724826277
P15,AGEM KANAN,1,POST,Fp1,frontopolar,kiri,44.656,46.156,1.5,1.5,ok,video,0.0,True,False,-0.8615731561801709,-3.080584133837128,0.43524218819623073,2.6383819183466066
P15,AGEM KANAN,1,POST,F3,frontal,kiri,44.656,46.156,1.5,1.5,ok,video,0.0,True,False,0.5949255802578293,2.6122871191019748,4.376921344753473,6.076712447952421
P15,AGEM KANAN,1,POST,C3,sentral,kiri,44.656,46.156,1.5,1.5,ok,video,0.0,True,False,2.247261815714907,1.946998509336673,2.154648874737557,7.533553412069434
P15,AGEM KANAN,1,POST,P3,parietal,kiri,44.656,46.156,1.5,1.5,ok,video,0.0,True,False,2.160757669399178,0.7996747465017648,1.1916219923093365,8.286568642751966
P15,AGEM KANAN,1,POST,O1,oksipital,kiri,44.656,46.156,1.5,1.5,ok,video,0.0,True,False,-13.593511360758637,-7.323194566316918,-9.032242751178625,-7.793948400956527
P15,AGEM KANAN,1,POST,F7,frontotemporal,kiri,44.656,46.156,1.5,1.5,ok,video,0.0,True,False,-2.582970796919188,0.6775510679002004,1.4998586915115553,4.1743970370303565
P15,AGEM KANAN,1,POST,T3,temporal,kiri,44.656,46.156,1.5,1.5,ok,video,0.0,True,False,2.04699440949949,2.6887932866423903,4.056077280806697,9.173033000986866
P15,AGEM KANAN,1,POST,T5,temporo-posterior,kiri,44.656,46.156,1.5,1.5,ok,video,0.0,True,False,2.0944920796252546,2.4297422440497023,1.2311616108646994,8.268299608011393
P15,AGEM KANAN,1,POST,Fp2,frontopolar,kanan,44.656,46.156,1.5,1.5,ok,video,0.0,True,False,-4.461300381856663,-0.43530036569063313,-1.130596866290599,-2.5856628567439195
P15,AGEM KANAN,1,POST,F4,frontal,kanan,44.656,46.156,1.5,1.5,ok,video,0.0,True,False,-3.5855639109803548,-2.1706568448603605,-1.219352236067099,0.757531631415695
P15,AGEM KANAN,1,POST,C4,sentral,kanan,44.656,46.156,1.5,1.5,ok,video,0.267,False,False,,,,
P15,AGEM KANAN,1,POST,P4,parietal,kanan,44.656,46.156,1.5,1.5,ok,video,0.0,True,False,-3.171828383634761,0.07913817893932062,0.5345833259859418,1.0444555223900451
P15,AGEM KANAN,1,POST,O2,oksipital,kanan,44.656,46.156,1.5,1.5,ok,video,0.0,True,False,4.079835175220886,7.51425869612013,4.202094204955731,5.759039164221836
P15,AGEM KANAN,1,POST,F8,frontotemporal,kanan,44.656,46.156,1.5,1.5,ok,video,1.0,False,False,,,,
P15,AGEM KANAN,1,POST,T4,temporal,kanan,44.656,46.156,1.5,1.5,ok,video,0.0,True,False,2.184625518786106,6.182491084871092,3.412305043413202,5.597751926626369
P15,AGEM KANAN,1,POST,T6,temporo-posterior,kanan,44.656,46.156,1.5,1.5,ok,video,0.0,True,False,-2.7348287889967438,1.8293564820529156,0.3532305724578926,0.6154081330313375
P15,AGEM KANAN,2,PRA,Fp1,frontopolar,kiri,45.337,47.337,2.0,2.0,ok,video,0.24,False,False,,,,
P15,AGEM KANAN,2,PRA,F3,frontal,kiri,45.337,47.337,2.0,2.0,ok,video,0.0,True,False,1.7344637552247164,4.367165961226863,3.5319911530239025,5.711199013371356
P15,AGEM KANAN,2,PRA,C3,sentral,kiri,45.337,47.337,2.0,2.0,ok,video,0.0,True,False,0.7891852748903574,1.3990499188245593,0.19078171000227329,6.161966487018823
P15,AGEM KANAN,2,PRA,P3,parietal,kiri,45.337,47.337,2.0,2.0,ok,video,0.0,True,False,-0.93767379155085,0.10772482405362638,-0.16153265483652746,7.195633996530066
P15,AGEM KANAN,2,PRA,O1,oksipital,kiri,45.337,47.337,2.0,2.0,ok,video,0.0,True,False,-9.9588181993863,-5.762544651730302,-9.121575911719393,-6.0197390618179085
P15,AGEM KANAN,2,PRA,F7,frontotemporal,kiri,45.337,47.337,2.0,2.0,ok,video,0.24,False,False,,,,
P15,AGEM KANAN,2,PRA,T3,temporal,kiri,45.337,47.337,2.0,2.0,ok,video,0.0,True,False,0.7009232049351191,0.5848499591329883,1.8227506661957449,7.475348357066803
P15,AGEM KANAN,2,PRA,T5,temporo-posterior,kiri,45.337,47.337,2.0,2.0,ok,video,0.0,True,False,-0.16715219778153312,2.2908504805223835,1.105820100919832,7.457781841368362
P15,AGEM KANAN,2,PRA,Fp2,frontopolar,kanan,45.337,47.337,2.0,2.0,ok,video,0.24,False,False,,,,
P15,AGEM KANAN,2,PRA,F4,frontal,kanan,45.337,47.337,2.0,2.0,ok,video,0.0,True,False,-2.1278589827962477,-0.9580920885156772,1.604447796925669,0.1828430487559487
P15,AGEM KANAN,2,PRA,C4,sentral,kanan,45.337,47.337,2.0,2.0,ok,video,0.54,False,False,,,,
P15,AGEM KANAN,2,PRA,P4,parietal,kanan,45.337,47.337,2.0,2.0,ok,video,0.14,False,False,,,,
P15,AGEM KANAN,2,PRA,O2,oksipital,kanan,45.337,47.337,2.0,2.0,ok,video,0.0,True,False,3.074919068041943,4.93328784691402,2.633771358062745,3.9697855958613566
P15,AGEM KANAN,2,PRA,F8,frontotemporal,kanan,45.337,47.337,2.0,2.0,ok,video,1.0,False,False,,,,
P15,AGEM KANAN,2,PRA,T4,temporal,kanan,45.337,47.337,2.0,2.0,ok,video,0.0,True,False,1.6949703888747791,3.3749854683570746,2.4296658380926566,3.335973888604915
P15,AGEM KANAN,2,PRA,T6,temporo-posterior,kanan,45.337,47.337,2.0,2.0,ok,video,0.0,True,False,-4.075137519686734,-0.5886510668403844,-0.5833117499102265,-2.1681744426317557
P15,AGEM KANAN,2,TURUN,Fp1,frontopolar,kiri,55.584,56.929,1.845,1.345,ok,video,0.0,True,False,1.370376172246793,2.8897144521989375,-1.6855605503372892,-0.10019454290697638
P15,AGEM KANAN,2,TURUN,F3,frontal,kiri,55.584,56.929,1.845,1.345,ok,video,0.0,True,False,0.9974794911110152,5.177921718085489,1.0006658085715259,2.6793482417601346
P15,AGEM KANAN,2,TURUN,C3,sentral,kiri,55.584,56.929,1.845,1.345,ok,video,0.0,True,False,2.0156653602661585,3.860412993157283,0.09844066353424452,2.0287837276588156
P15,AGEM KANAN,2,TURUN,P3,parietal,kiri,55.584,56.929,1.845,1.345,ok,video,0.0,True,False,5.129181079260277,8.882071742159827,0.40716260188339604,4.365312453797642
P15,AGEM KANAN,2,TURUN,O1,oksipital,kiri,55.584,56.929,1.845,1.345,ok,video,0.0,True,False,-1.0088069319550925,-0.07945025852266241,-1.6325713987788824,-0.45341449106657095
P15,AGEM KANAN,2,TURUN,F7,frontotemporal,kiri,55.584,56.929,1.845,1.345,ok,video,0.0,True,False,10.830087419619339,9.39842652376532,5.022550324720317,9.806858052173745
P15,AGEM KANAN,2,TURUN,T3,temporal,kiri,55.584,56.929,1.845,1.345,ok,video,0.0,True,False,2.025490785580562,5.2532821706468305,1.0811615558823426,0.5947399118623835
P15,AGEM KANAN,2,TURUN,T5,temporo-posterior,kiri,55.584,56.929,1.845,1.345,ok,video,0.0,True,False,4.628521740706063,4.6213127614201,1.1329203805493329,3.7201352198452398
P15,AGEM KANAN,2,TURUN,Fp2,frontopolar,kanan,55.584,56.929,1.845,1.345,ok,video,0.0,True,False,12.78378993798168,16.47159920921404,13.947512894299209,13.201047957479691
P15,AGEM KANAN,2,TURUN,F4,frontal,kanan,55.584,56.929,1.845,1.345,ok,video,0.0,True,False,15.013650884215792,18.996953267187976,13.887616774856454,14.064970391532832
P15,AGEM KANAN,2,TURUN,C4,sentral,kanan,55.584,56.929,1.845,1.345,ok,video,0.0,True,False,13.86811918087858,16.887113564767226,14.792762460893734,16.369643149315348
P15,AGEM KANAN,2,TURUN,P4,parietal,kanan,55.584,56.929,1.845,1.345,ok,video,0.0,True,False,13.613270236925821,17.964084815867494,14.584789398498444,14.24357050594029
P15,AGEM KANAN,2,TURUN,O2,oksipital,kanan,55.584,56.929,1.845,1.345,ok,video,0.0,True,False,11.487593936294374,18.013276007638396,19.816571505042102,16.11506116149911
P15,AGEM KANAN,2,TURUN,F8,frontotemporal,kanan,55.584,56.929,1.845,1.345,ok,video,0.0,True,False,16.569279683178145,17.505263476823973,17.02782515892691,15.493555875662889
P15,AGEM KANAN,2,TURUN,T4,temporal,kanan,55.584,56.929,1.845,1.345,ok,video,0.0,True,False,12.008515702961787,18.545741828646896,17.956389018249215,16.303695410873818
P15,AGEM KANAN,2,TURUN,T6,temporo-posterior,kanan,55.584,56.929,1.845,1.345,ok,video,0.0,True,False,16.168552884736997,18.992088676947006,14.346694488124516,16.39511224358599
P15,AGEM KANAN,2,TAHAN,Fp1,frontopolar,kiri,57.429,59.064,2.135,1.635,ok,video,0.0,True,False,-5.080698048406557,-1.9293042202569097,0.6446434316713976,-0.8162142126490401
P15,AGEM KANAN,2,TAHAN,F3,frontal,kiri,57.429,59.064,2.135,1.635,ok,video,0.0,True,False,-4.631314854761442,-0.4209287018946277,-0.9278989874344106,-3.456588385919428
P15,AGEM KANAN,2,TAHAN,C3,sentral,kiri,57.429,59.064,2.135,1.635,ok,video,0.0,True,False,-4.767896921466882,-0.21565566799583635,-0.8814256953774091,-3.3978416780420666
P15,AGEM KANAN,2,TAHAN,P3,parietal,kiri,57.429,59.064,2.135,1.635,ok,video,0.0,True,False,-4.350089702057481,-1.4135859694051476,-0.19415462539994266,-3.87951197720383
P15,AGEM KANAN,2,TAHAN,O1,oksipital,kiri,57.429,59.064,2.135,1.635,ok,video,0.0,True,False,-9.031156725837498,-2.1336442295881355,-2.8921900982675197,-4.086982248242347
P15,AGEM KANAN,2,TAHAN,F7,frontotemporal,kiri,57.429,59.064,2.135,1.635,ok,video,0.0,True,False,-1.9950710163863619,-1.1161522690433507,0.8448938802453867,-1.8862076603099247
P15,AGEM KANAN,2,TAHAN,T3,temporal,kiri,57.429,59.064,2.135,1.635,ok,video,0.0,True,False,-6.16589577116569,-0.9280990366534638,0.605819282950538,-5.241361387163277
P15,AGEM KANAN,2,TAHAN,T5,temporo-posterior,kiri,57.429,59.064,2.135,1.635,ok,video,0.0,True,False,-1.1658666140463652,-0.7573120286011381,-1.6060447176959656,-2.854761760704431
P15,AGEM KANAN,2,TAHAN,Fp2,frontopolar,kanan,57.429,59.064,2.135,1.635,ok,video,0.0,True,False,0.3315772810131392,1.762467385747378,1.4190448185020585,0.35895386385480066
P15,AGEM KANAN,2,TAHAN,F4,frontal,kanan,57.429,59.064,2.135,1.635,ok,video,0.0,True,False,-2.5822928955154723,-0.35239130713205213,-2.4962527466502813,-1.031413106357153
P15,AGEM KANAN,2,TAHAN,C4,sentral,kanan,57.429,59.064,2.135,1.635,ok,video,0.0,True,False,-2.0424882596573752,-0.6062622211686026,-2.22161953918593,1.3487278502962745
P15,AGEM KANAN,2,TAHAN,P4,parietal,kanan,57.429,59.064,2.135,1.635,ok,video,0.0,True,False,-1.0677625882772972,0.749335153372968,1.7232271310455687,0.9455456996588865
P15,AGEM KANAN,2,TAHAN,O2,oksipital,kanan,57.429,59.064,2.135,1.635,ok,video,0.0,True,False,6.716141138271496,8.55187978835577,3.3730681321678553,9.208538107359889
P15,AGEM KANAN,2,TAHAN,F8,frontotemporal,kanan,57.429,59.064,2.135,1.635,ok,video,0.0,True,False,-5.217971590264558,0.6564533041041472,-0.9078348883852243,-0.8479552383401163
P15,AGEM KANAN,2,TAHAN,T4,temporal,kanan,57.429,59.064,2.135,1.635,ok,video,0.0,True,False,5.58644049494081,6.332897509243928,1.9083433341158553,7.989380419221899
P15,AGEM KANAN,2,TAHAN,T6,temporo-posterior,kanan,57.429,59.064,2.135,1.635,ok,video,0.0,True,False,-0.7689614819475636,-2.530497251176719,-0.024523350187202198,-0.2865598827739717
P15,AGEM KANAN,2,NAIK,Fp1,frontopolar,kiri,59.489,60.309,1.17,0.819,ok,video,0.0,True,False,1.0859238238573141,-0.7274507118685634,1.4151606412093578,0.06818436104765624
P15,AGEM KANAN,2,NAIK,F3,frontal,kiri,59.489,60.309,1.17,0.819,ok,video,0.0,True,False,3.453605422978523,3.030152840907565,4.960601691691775,1.8476599787114552
P15,AGEM KANAN,2,NAIK,C3,sentral,kiri,59.489,60.309,1.17,0.819,ok,video,0.0,True,False,-1.3167175875265116,-0.09438653693455024,2.7343847185735584,-2.8754089543640724
P15,AGEM KANAN,2,NAIK,P3,parietal,kiri,59.489,60.309,1.17,0.819,ok,video,0.0,True,False,1.8668886125753126,4.7278178277117355,4.299798518622559,0.7278037259039536
P15,AGEM KANAN,2,NAIK,O1,oksipital,kiri,59.489,60.309,1.17,0.819,ok,video,0.0,True,False,-1.8694354886208409,-1.9492622640127664,-0.06267500167607665,-0.5062875423596545
P15,AGEM KANAN,2,NAIK,F7,frontotemporal,kiri,59.489,60.309,1.17,0.819,ok,video,0.0,True,False,2.715484005984603,1.2180173214119812,1.2786489920377022,0.71027670214362
P15,AGEM KANAN,2,NAIK,T3,temporal,kiri,59.489,60.309,1.17,0.819,ok,video,0.0,True,False,1.0677729926400694,1.4214567559102562,1.7650812536167813,-3.605508430512298
P15,AGEM KANAN,2,NAIK,T5,temporo-posterior,kiri,59.489,60.309,1.17,0.819,ok,video,0.0,True,False,3.80587758436252,5.15737114240174,4.252291967649569,2.9293658800617663
P15,AGEM KANAN,2,NAIK,Fp2,frontopolar,kanan,59.489,60.309,1.17,0.819,ok,video,0.0,True,False,14.864817652812484,14.888586710191731,9.802967711142557,13.54434346940344
P15,AGEM KANAN,2,NAIK,F4,frontal,kanan,59.489,60.309,1.17,0.819,ok,video,0.0,True,False,16.389975176612936,12.99751746039881,9.677924616076439,12.973463174015386
P15,AGEM KANAN,2,NAIK,C4,sentral,kanan,59.489,60.309,1.17,0.819,ok,video,0.0,True,False,12.433951321677043,15.423875945121601,13.218534836712038,11.807744441150678
P15,AGEM KANAN,2,NAIK,P4,parietal,kanan,59.489,60.309,1.17,0.819,ok,video,0.0,True,False,13.616469940209555,14.39269345879103,14.169366605586113,14.361403765938157
P15,AGEM KANAN,2,NAIK,O2,oksipital,kanan,59.489,60.309,1.17,0.819,ok,video,0.0,True,False,14.118088127345445,19.140362991882107,14.703984828654217,13.818577990637277
P15,AGEM KANAN,2,NAIK,F8,frontotemporal,kanan,59.489,60.309,1.17,0.819,ok,video,0.0,True,False,16.911064132331596,14.305722446875084,11.663021772723596,14.43309722886239
P15,AGEM KANAN,2,NAIK,T4,temporal,kanan,59.489,60.309,1.17,0.819,ok,video,0.0,True,False,15.071734106814553,19.019993050692285,12.874662521392626,14.182188244102871
P15,AGEM KANAN,2,NAIK,T6,temporo-posterior,kanan,59.489,60.309,1.17,0.819,ok,video,0.0,True,False,9.83967031691924,16.676286684389922,15.56921483279216,12.620112694399943
P15,AGEM KANAN,2,POST,Fp1,frontopolar,kiri,60.984,62.484,1.5,1.5,ok,video,0.42,False,False,,,,
P15,AGEM KANAN,2,POST,F3,frontal,kiri,60.984,62.484,1.5,1.5,ok,video,0.02,True,False,5.384155832588654,10.273219292087791,3.866161154282821,5.29137106624157
P15,AGEM KANAN,2,POST,C3,sentral,kiri,60.984,62.484,1.5,1.5,ok,video,0.42,False,False,,,,
P15,AGEM KANAN,2,POST,P3,parietal,kiri,60.984,62.484,1.5,1.5,ok,video,0.42,False,False,,,,
P15,AGEM KANAN,2,POST,O1,oksipital,kiri,60.984,62.484,1.5,1.5,ok,video,0.0,True,False,-1.0149892963176583,1.8539903526486299,0.4547640709172356,1.1997136617707298
P15,AGEM KANAN,2,POST,F7,frontotemporal,kiri,60.984,62.484,1.5,1.5,ok,video,0.42,False,False,,,,
P15,AGEM KANAN,2,POST,T3,temporal,kiri,60.984,62.484,1.5,1.5,ok,video,0.42,False,False,,,,
P15,AGEM KANAN,2,POST,T5,temporo-posterior,kiri,60.984,62.484,1.5,1.5,ok,video,0.42,False,False,,,,
P15,AGEM KANAN,2,POST,Fp2,frontopolar,kanan,60.984,62.484,1.5,1.5,ok,video,0.0,True,False,16.69436751582684,12.492048124016065,8.792263330868032,14.210812138856038
P15,AGEM KANAN,2,POST,F4,frontal,kanan,60.984,62.484,1.5,1.5,ok,video,0.0,True,False,20.532057514974362,16.401580094062318,9.489316285223573,17.646631355080757
P15,AGEM KANAN,2,POST,C4,sentral,kanan,60.984,62.484,1.5,1.5,ok,video,0.0,True,False,13.186453054494493,15.231548325592044,9.603504544626205,15.677053056528283
P15,AGEM KANAN,2,POST,P4,parietal,kanan,60.984,62.484,1.5,1.5,ok,video,0.0,True,False,9.383815754430643,12.860018225388181,8.908715367386662,10.324413750041074
P15,AGEM KANAN,2,POST,O2,oksipital,kanan,60.984,62.484,1.5,1.5,ok,video,0.0,True,False,13.482051316552628,14.445340320234756,9.68573171045303,13.701604614564939
P15,AGEM KANAN,2,POST,F8,frontotemporal,kanan,60.984,62.484,1.5,1.5,ok,video,0.0,True,False,15.62354023200841,12.33918467219171,8.101019104444923,16.19046632404891
P15,AGEM KANAN,2,POST,T4,temporal,kanan,60.984,62.484,1.5,1.5,ok,video,0.0,True,False,16.40094297821247,13.569996158048404,7.76259969642285,15.36933121089984
P15,AGEM KANAN,2,POST,T6,temporo-posterior,kanan,60.984,62.484,1.5,1.5,ok,video,0.0,True,False,21.130678962756704,17.561803570584644,12.613787223524465,18.565098627791926
P15,AGEM KIRI,1,PRA,Fp1,frontopolar,kiri,69.188,71.188,2.0,2.0,late,video,0.0,True,False,8.522837287818227,1.3337021455818245,2.017660884342529,4.8979774620421175
P15,AGEM KIRI,1,PRA,F3,frontal,kiri,69.188,71.188,2.0,2.0,late,video,0.635,False,False,,,,
P15,AGEM KIRI,1,PRA,C3,sentral,kiri,69.188,71.188,2.0,2.0,late,video,0.535,False,False,,,,
P15,AGEM KIRI,1,PRA,P3,parietal,kiri,69.188,71.188,2.0,2.0,late,video,0.635,False,False,,,,
P15,AGEM KIRI,1,PRA,O1,oksipital,kiri,69.188,71.188,2.0,2.0,late,video,0.0,True,False,6.355117356654048,5.338328173777384,4.450533374934128,4.855735841351496
P15,AGEM KIRI,1,PRA,F7,frontotemporal,kiri,69.188,71.188,2.0,2.0,late,video,0.0,True,False,15.130974023699117,8.102476309653266,8.524337275075151,10.243523223911467
P15,AGEM KIRI,1,PRA,T3,temporal,kiri,69.188,71.188,2.0,2.0,late,video,0.635,False,False,,,,
P15,AGEM KIRI,1,PRA,T5,temporo-posterior,kiri,69.188,71.188,2.0,2.0,late,video,0.635,False,False,,,,
P15,AGEM KIRI,1,PRA,Fp2,frontopolar,kanan,69.188,71.188,2.0,2.0,late,video,0.0,True,False,11.856656129578688,5.283906316801918,5.260937617364181,12.832591204654268
P15,AGEM KIRI,1,PRA,F4,frontal,kanan,69.188,71.188,2.0,2.0,late,video,0.0,True,False,7.551805208290908,8.884886463393343,5.986406348401758,7.704280412159299
P15,AGEM KIRI,1,PRA,C4,sentral,kanan,69.188,71.188,2.0,2.0,late,video,0.0,True,False,7.400485192677976,6.782683135628311,4.58359315400633,8.681332251925848
P15,AGEM KIRI,1,PRA,P4,parietal,kanan,69.188,71.188,2.0,2.0,late,video,0.0,True,False,9.523745060357854,7.996583594472973,2.772858033782768,9.172932611074785
P15,AGEM KIRI,1,PRA,O2,oksipital,kanan,69.188,71.188,2.0,2.0,late,video,0.235,False,False,,,,
P15,AGEM KIRI,1,PRA,F8,frontotemporal,kanan,69.188,71.188,2.0,2.0,late,video,0.0,True,False,11.150688087337244,8.28940609582143,5.649103879232342,14.687248165977852
P15,AGEM KIRI,1,PRA,T4,temporal,kanan,69.188,71.188,2.0,2.0,late,video,0.0,True,False,7.672753015325625,7.765053682118406,4.0161776030969385,9.025635162922317
P15,AGEM KIRI,1,PRA,T6,temporo-posterior,kanan,69.188,71.188,2.0,2.0,late,video,0.0,True,False,8.589458435805952,10.918600540300517,6.411789602570199,8.407647292006168
P15,AGEM KIRI,1,TURUN,Fp1,frontopolar,kiri,72.694,73.141,0.639,0.447,late,video,0.0,True,False,7.996957740407595,6.03164881611584,-3.0218762702330366,3.218669816889527
P15,AGEM KIRI,1,TURUN,F3,frontal,kiri,72.694,73.141,0.639,0.447,late,video,0.644,False,False,,,,
P15,AGEM KIRI,1,TURUN,C3,sentral,kiri,72.694,73.141,0.639,0.447,late,video,0.644,False,False,,,,
P15,AGEM KIRI,1,TURUN,P3,parietal,kiri,72.694,73.141,0.639,0.447,late,video,0.644,False,False,,,,
P15,AGEM KIRI,1,TURUN,O1,oksipital,kiri,72.694,73.141,0.639,0.447,late,video,0.0,True,False,2.966280293535931,3.1843232174178553,1.5390026314876515,1.537834741039667
P15,AGEM KIRI,1,TURUN,F7,frontotemporal,kiri,72.694,73.141,0.639,0.447,late,video,0.0,True,False,13.808154261661763,10.985924829291445,7.929837494608563,8.745792765171977
P15,AGEM KIRI,1,TURUN,T3,temporal,kiri,72.694,73.141,0.639,0.447,late,video,0.0,True,False,2.2648182557305425,3.5345339109619225,-0.6550077325911801,-4.32132342640978
P15,AGEM KIRI,1,TURUN,T5,temporo-posterior,kiri,72.694,73.141,0.639,0.447,late,video,0.644,False,False,,,,
P15,AGEM KIRI,1,TURUN,Fp2,frontopolar,kanan,72.694,73.141,0.639,0.447,late,video,0.0,True,False,16.11026553144299,13.870348092424344,4.384714947618516,14.63170256384468
P15,AGEM KIRI,1,TURUN,F4,frontal,kanan,72.694,73.141,0.639,0.447,late,video,0.0,True,False,8.683129892452854,15.15818308166326,11.114459415942257,14.096421874037581
P15,AGEM KIRI,1,TURUN,C4,sentral,kanan,72.694,73.141,0.639,0.447,late,video,0.0,True,False,10.383382489726607,12.822866608330372,10.789513121334352,11.833997700176528
P15,AGEM KIRI,1,TURUN,P4,parietal,kanan,72.694,73.141,0.639,0.447,late,video,0.0,True,False,6.620774790669493,9.426671686311337,2.2268391426678917,5.301747826097618
P15,AGEM KIRI,1,TURUN,O2,oksipital,kanan,72.694,73.141,0.639,0.447,late,video,0.0,True,False,12.901810211409405,13.31553315875211,11.995321504001193,13.728336897574845
P15,AGEM KIRI,1,TURUN,F8,frontotemporal,kanan,72.694,73.141,0.639,0.447,late,video,0.0,True,False,18.86472732435945,12.930416476082673,9.893746453279341,15.273519139380323
P15,AGEM KIRI,1,TURUN,T4,temporal,kanan,72.694,73.141,0.639,0.447,late,video,0.0,True,False,10.205451407843924,13.220791540051138,10.122928354396397,10.762037125953103
P15,AGEM KIRI,1,TURUN,T6,temporo-posterior,kanan,72.694,73.141,0.639,0.447,late,video,0.0,True,False,11.665724381981974,12.576167416262095,12.759389789785136,14.136007705283646
P15,AGEM KIRI,1,TAHAN,Fp1,frontopolar,kiri,73.412,74.227,1.165,0.816,late,video,0.0,True,False,3.461529233593275,2.776686655075288,-1.0947739953806774,0.5990929358654533
P15,AGEM KIRI,1,TAHAN,F3,frontal,kiri,73.412,74.227,1.165,0.816,late,video,0.79,False,False,,,,
P15,AGEM KIRI,1,TAHAN,C3,sentral,kiri,73.412,74.227,1.165,0.816,late,video,1.0,False,False,,,,
P15,AGEM KIRI,1,TAHAN,P3,parietal,kiri,73.412,74.227,1.165,0.816,late,video,1.0,False,False,,,,
P15,AGEM KIRI,1,TAHAN,O1,oksipital,kiri,73.412,74.227,1.165,0.816,late,video,0.0,True,False,1.303473983800913,0.6196171401206882,-1.1559827944864374,-0.6290437805470575
P15,AGEM KIRI,1,TAHAN,F7,frontotemporal,kiri,73.412,74.227,1.165,0.816,late,video,0.0,True,False,0.7092205975846184,3.9652649532982736,-2.6933911619491226,-0.9788871031959374
P15,AGEM KIRI,1,TAHAN,T3,temporal,kiri,73.412,74.227,1.165,0.816,late,video,0.494,False,False,,,,
P15,AGEM KIRI,1,TAHAN,T5,temporo-posterior,kiri,73.412,74.227,1.165,0.816,late,video,0.543,False,False,,,,
P15,AGEM KIRI,1,TAHAN,Fp2,frontopolar,kanan,73.412,74.227,1.165,0.816,late,video,0.0,True,False,12.823318789144558,13.187316144085507,13.865678081332433,13.507116127363371
P15,AGEM KIRI,1,TAHAN,F4,frontal,kanan,73.412,74.227,1.165,0.816,late,video,0.0,True,False,8.186389832553907,9.638074487251423,10.535512746942068,7.661769568779043
P15,AGEM KIRI,1,TAHAN,C4,sentral,kanan,73.412,74.227,1.165,0.816,late,video,0.0,True,False,1.6154747876274342,4.268072503292444,8.107825225068964,1.9759723986517876
P15,AGEM KIRI,1,TAHAN,P4,parietal,kanan,73.412,74.227,1.165,0.816,late,video,0.0,True,False,4.548248730158441,5.293071297973,7.79585779497269,2.1200162816410355
P15,AGEM KIRI,1,TAHAN,O2,oksipital,kanan,73.412,74.227,1.165,0.816,late,video,0.0,True,False,8.315060736828713,11.047180478863659,13.617835625594719,8.578065175085388
P15,AGEM KIRI,1,TAHAN,F8,frontotemporal,kanan,73.412,74.227,1.165,0.816,late,video,0.0,True,False,10.42559408836324,12.253322912104945,11.885873371596084,13.099159513733884
P15,AGEM KIRI,1,TAHAN,T4,temporal,kanan,73.412,74.227,1.165,0.816,late,video,0.0,True,False,4.930050878064904,8.841652065015154,10.495064022573736,6.233858564628736
P15,AGEM KIRI,1,TAHAN,T6,temporo-posterior,kanan,73.412,74.227,1.165,0.816,late,video,0.0,True,False,10.536271127419695,14.009828649510489,11.692625761404894,11.548952117187824
P15,AGEM KIRI,1,NAIK,Fp1,frontopolar,kiri,74.652,76.208,2.056,1.556,late,video,0.0,True,False,1.5072604904777904,-4.211994983848339,-0.7828930952115201,-0.14308568917414277
P15,AGEM KIRI,1,NAIK,F3,frontal,kiri,74.652,76.208,2.056,1.556,late,video,1.0,False,False,,,,
P15,AGEM KIRI,1,NAIK,C3,sentral,kiri,74.652,76.208,2.056,1.556,late,video,1.0,False,False,,,,
P15,AGEM KIRI,1,NAIK,P3,parietal,kiri,74.652,76.208,2.056,1.556,late,video,1.0,False,False,,,,
P15,AGEM KIRI,1,NAIK,O1,oksipital,kiri,74.652,76.208,2.056,1.556,late,video,0.0,True,False,-0.4302827284131894,-2.0103710657020244,-1.3775062938136493,0.022242825723818527
P15,AGEM KIRI,1,NAIK,F7,frontotemporal,kiri,74.652,76.208,2.056,1.556,late,video,0.0,True,False,6.059387878111565,3.5129756189128436,3.401352851100178,3.753519886457994
P15,AGEM KIRI,1,NAIK,T3,temporal,kiri,74.652,76.208,2.056,1.556,late,video,0.871,False,False,,,,
P15,AGEM KIRI,1,NAIK,T5,temporo-posterior,kiri,74.652,76.208,2.056,1.556,late,video,0.742,False,False,,,,
P15,AGEM KIRI,1,NAIK,Fp2,frontopolar,kanan,74.652,76.208,2.056,1.556,late,video,0.0,True,False,7.361219981087693,6.639908971126616,4.562473403220501,5.554745177806073
P15,AGEM KIRI,1,NAIK,F4,frontal,kanan,74.652,76.208,2.056,1.556,late,video,0.0,True,False,7.477134548613435,2.81095624206095,3.007432699039555,5.881168876074007
P15,AGEM KIRI,1,NAIK,C4,sentral,kanan,74.652,76.208,2.056,1.556,late,video,0.0,True,False,4.554322612229797,1.870003514943761,4.856223458654377,4.448127120420946
P15,AGEM KIRI,1,NAIK,P4,parietal,kanan,74.652,76.208,2.056,1.556,late,video,0.0,True,False,4.8054489701765775,5.578941882694075,5.960806881783071,4.49319222955355
P15,AGEM KIRI,1,NAIK,O2,oksipital,kanan,74.652,76.208,2.056,1.556,late,video,0.0,True,False,7.567459988831025,5.474920182111603,7.495879883745896,8.663476757621414
P15,AGEM KIRI,1,NAIK,F8,frontotemporal,kanan,74.652,76.208,2.056,1.556,late,video,0.0,True,False,10.214025084176633,9.19385945026102,8.819932338313372,9.366706399484325
P15,AGEM KIRI,1,NAIK,T4,temporal,kanan,74.652,76.208,2.056,1.556,late,video,0.0,True,False,5.726234416134986,4.382954547333753,4.863197611299341,7.40703133380654
P15,AGEM KIRI,1,NAIK,T6,temporo-posterior,kanan,74.652,76.208,2.056,1.556,late,video,0.0,True,False,8.933954073250973,8.526103402345875,8.863797141471249,7.999123301471826
P15,AGEM KIRI,1,POST,Fp1,frontopolar,kiri,76.958,78.458,1.5,1.5,late,video,0.0,True,False,19.43122348324892,10.655513166118254,8.359956230480819,14.767787311825256
P15,AGEM KIRI,1,POST,F3,frontal,kiri,76.958,78.458,1.5,1.5,late,video,0.267,False,False,,,,
P15,AGEM KIRI,1,POST,C3,sentral,kiri,76.958,78.458,1.5,1.5,late,video,0.0,True,False,25.52050293875387,20.567310911177607,17.568031855877432,19.07983855956795
P15,AGEM KIRI,1,POST,P3,parietal,kiri,76.958,78.458,1.5,1.5,late,video,0.4,False,False,,,,
P15,AGEM KIRI,1,POST,O1,oksipital,kiri,76.958,78.458,1.5,1.5,late,video,0.0,True,False,15.338950573808148,6.9824435039483745,4.29810472891695,11.197745125584262
P15,AGEM KIRI,1,POST,F7,frontotemporal,kiri,76.958,78.458,1.5,1.5,late,video,0.0,True,False,20.201329883938698,15.349027110637191,15.413887600290483,17.528853022833253
P15,AGEM KIRI,1,POST,T3,temporal,kiri,76.958,78.458,1.5,1.5,late,video,0.0,True,False,24.277230448221342,18.151190073721693,15.804553800925923,16.31710054000155
P15,AGEM KIRI,1,POST,T5,temporo-posterior,kiri,76.958,78.458,1.5,1.5,late,video,0.4,False,False,,,,
P15,AGEM KIRI,1,POST,Fp2,frontopolar,kanan,76.958,78.458,1.5,1.5,late,video,0.0,True,False,10.087059780723969,12.983790625439248,11.356774423694226,14.171783820986665
P15,AGEM KIRI,1,POST,F4,frontal,kanan,76.958,78.458,1.5,1.5,late,video,0.0,True,False,12.105391878872318,15.604465280183803,9.057655241623593,13.535244806512416
P15,AGEM KIRI,1,POST,C4,sentral,kanan,76.958,78.458,1.5,1.5,late,video,0.0,True,False,10.228381627675162,12.637427710359773,10.912314403835623,10.880485590102762
P15,AGEM KIRI,1,POST,P4,parietal,kanan,76.958,78.458,1.5,1.5,late,video,0.0,True,False,8.2425200254631,10.748881803839694,11.3260786703648,6.874842681667751
P15,AGEM KIRI,1,POST,O2,oksipital,kanan,76.958,78.458,1.5,1.5,late,video,0.0,True,False,12.981099999284119,15.541477225810333,12.038037215537916,11.807965649263668
P15,AGEM KIRI,1,POST,F8,frontotemporal,kanan,76.958,78.458,1.5,1.5,late,video,0.0,True,False,13.907892718994049,17.182078032808167,13.124297559231564,15.174766543920764
P15,AGEM KIRI,1,POST,T4,temporal,kanan,76.958,78.458,1.5,1.5,late,video,0.0,True,False,13.595653118093793,14.643908885239625,11.112478703443049,12.275680126715553
P15,AGEM KIRI,1,POST,T6,temporo-posterior,kanan,76.958,78.458,1.5,1.5,late,video,0.0,True,False,8.62540510075118,13.62134699876895,8.446611418211443,9.002556007128867
P15,AGEM KIRI,2,PRA,Fp1,frontopolar,kiri,85.403,87.403,2.0,2.0,late,video,0.725,False,False,,,,
P15,AGEM KIRI,2,PRA,F3,frontal,kiri,85.403,87.403,2.0,2.0,late,video,0.725,False,False,,,,
P15,AGEM KIRI,2,PRA,C3,sentral,kiri,85.403,87.403,2.0,2.0,late,video,0.725,False,False,,,,
P15,AGEM KIRI,2,PRA,P3,parietal,kiri,85.403,87.403,2.0,2.0,late,video,0.925,False,False,,,,
P15,AGEM KIRI,2,PRA,O1,oksipital,kiri,85.403,87.403,2.0,2.0,late,video,0.0,True,False,1.1714004743848605,-0.03968267508516021,-0.369573089478898,-0.211114031554402
P15,AGEM KIRI,2,PRA,F7,frontotemporal,kiri,85.403,87.403,2.0,2.0,late,video,0.725,False,False,,,,
P15,AGEM KIRI,2,PRA,T3,temporal,kiri,85.403,87.403,2.0,2.0,late,video,0.825,False,False,,,,
P15,AGEM KIRI,2,PRA,T5,temporo-posterior,kiri,85.403,87.403,2.0,2.0,late,video,0.825,False,False,,,,
P15,AGEM KIRI,2,PRA,Fp2,frontopolar,kanan,85.403,87.403,2.0,2.0,late,video,0.0,True,False,6.56928154346862,4.3050212775718535,7.689588979517353,9.814898793857541
P15,AGEM KIRI,2,PRA,F4,frontal,kanan,85.403,87.403,2.0,2.0,late,video,0.0,True,False,7.985648981224813,4.189536997001895,5.797904304814136,7.421232570788824
P15,AGEM KIRI,2,PRA,C4,sentral,kanan,85.403,87.403,2.0,2.0,late,video,0.0,True,False,5.444313888959741,5.5342020132476435,4.432963309402915,7.579713588017004
P15,AGEM KIRI,2,PRA,P4,parietal,kanan,85.403,87.403,2.0,2.0,late,video,0.0,True,False,2.5511028634552346,1.8573638591992818,6.975668953231079,2.5168320605114687
P15,AGEM KIRI,2,PRA,O2,oksipital,kanan,85.403,87.403,2.0,2.0,late,video,0.6,False,False,,,,
P15,AGEM KIRI,2,PRA,F8,frontotemporal,kanan,85.403,87.403,2.0,2.0,late,video,0.0,True,False,5.399227945282931,6.3599030571186255,4.918451277098104,10.429926660663764
P15,AGEM KIRI,2,PRA,T4,temporal,kanan,85.403,87.403,2.0,2.0,late,video,0.0,True,False,1.8164864178953621,1.3131129304590132,4.038388168006588,0.5264177274456365
P15,AGEM KIRI,2,PRA,T6,temporo-posterior,kanan,85.403,87.403,2.0,2.0,late,video,0.0,True,False,7.866507248299385,11.426771408321727,5.42664329192073,9.24524460396482
P15,AGEM KIRI,2,TURUN,Fp1,frontopolar,kiri,88.688,89.204,0.736,0.515,late,video,0.0,True,False,-0.3943844372836409,-2.15681034178715,-2.15525220790472,-2.2934824299991554
P15,AGEM KIRI,2,TURUN,F3,frontal,kiri,88.688,89.204,0.736,0.515,late,video,0.0,True,False,7.157174127973889,10.11785710127921,10.587303776261631,5.9262402164052475
P15,AGEM KIRI,2,TURUN,C3,sentral,kiri,88.688,89.204,0.736,0.515,late,video,0.288,False,False,,,,
P15,AGEM KIRI,2,TURUN,P3,parietal,kiri,88.688,89.204,0.736,0.515,late,video,0.288,False,False,,,,
P15,AGEM KIRI,2,TURUN,O1,oksipital,kiri,88.688,89.204,0.736,0.515,late,video,0.0,True,False,-9.323333584933124,-2.048065360110005,-0.9643796542723848,-2.988993684829591
P15,AGEM KIRI,2,TURUN,F7,frontotemporal,kiri,88.688,89.204,0.736,0.515,late,video,0.288,False,False,,,,
P15,AGEM KIRI,2,TURUN,T3,temporal,kiri,88.688,89.204,0.736,0.515,late,video,0.673,False,False,,,,
P15,AGEM KIRI,2,TURUN,T5,temporo-posterior,kiri,88.688,89.204,0.736,0.515,late,video,0.288,False,False,,,,
P15,AGEM KIRI,2,TURUN,Fp2,frontopolar,kanan,88.688,89.204,0.736,0.515,late,video,0.0,True,False,9.01274790260107,10.13444409065282,6.809495661381121,9.410705905204335
P15,AGEM KIRI,2,TURUN,F4,frontal,kanan,88.688,89.204,0.736,0.515,late,video,0.0,True,False,10.07256867208411,16.35202485372959,11.475801360010927,12.690776846537894
P15,AGEM KIRI,2,TURUN,C4,sentral,kanan,88.688,89.204,0.736,0.515,late,video,0.0,True,False,6.287239379692551,11.298301507969086,9.158350942111923,8.924182697635342
P15,AGEM KIRI,2,TURUN,P4,parietal,kanan,88.688,89.204,0.736,0.515,late,video,0.0,True,False,2.4515473493297932,8.828441650203843,10.559734907667178,3.590630608138561
P15,AGEM KIRI,2,TURUN,O2,oksipital,kanan,88.688,89.204,0.736,0.515,late,video,0.0,True,False,7.554025042133198,13.651209694034613,10.512702662770568,8.649361476815859
P15,AGEM KIRI,2,TURUN,F8,frontotemporal,kanan,88.688,89.204,0.736,0.515,late,video,0.0,True,False,12.220518101967812,15.04143351356706,9.115779903558234,11.092115888575048
P15,AGEM KIRI,2,TURUN,T4,temporal,kanan,88.688,89.204,0.736,0.515,late,video,0.0,True,False,6.178913632133657,11.508691580877041,6.67174614393846,5.691578135543185
P15,AGEM KIRI,2,TURUN,T6,temporo-posterior,kanan,88.688,89.204,0.736,0.515,late,video,0.0,True,False,18.755078067127315,17.440425210169956,8.904195778698405,18.488976686398992
P15,AGEM KIRI,2,TAHAN,Fp1,frontopolar,kiri,89.564,91.298,2.234,1.734,late,video,0.486,False,False,,,,
P15,AGEM KIRI,2,TAHAN,F3,frontal,kiri,89.564,91.298,2.234,1.734,late,video,0.601,False,False,,,,
P15,AGEM KIRI,2,TAHAN,C3,sentral,kiri,89.564,91.298,2.234,1.734,late,video,0.653,False,False,,,,
P15,AGEM KIRI,2,TAHAN,P3,parietal,kiri,89.564,91.298,2.234,1.734,late,video,0.884,False,False,,,,
P15,AGEM KIRI,2,TAHAN,O1,oksipital,kiri,89.564,91.298,2.234,1.734,late,video,0.0,True,False,-0.0779495232249019,-0.6929955435809063,-1.279046924659923,-0.6566214761461637
P15,AGEM KIRI,2,TAHAN,F7,frontotemporal,kiri,89.564,91.298,2.234,1.734,late,video,0.601,False,False,,,,
P15,AGEM KIRI,2,TAHAN,T3,temporal,kiri,89.564,91.298,2.234,1.734,late,video,0.601,False,False,,,,
P15,AGEM KIRI,2,TAHAN,T5,temporo-posterior,kiri,89.564,91.298,2.234,1.734,late,video,0.884,False,False,,,,
P15,AGEM KIRI,2,TAHAN,Fp2,frontopolar,kanan,89.564,91.298,2.234,1.734,late,video,0.0,True,False,7.640421700790341,0.41215616486108786,2.4119709720260936,6.614026682470882
P15,AGEM KIRI,2,TAHAN,F4,frontal,kanan,89.564,91.298,2.234,1.734,late,video,0.0,True,False,3.707384632225427,0.5066926599932913,1.6873631710291832,3.5138128900135968
P15,AGEM KIRI,2,TAHAN,C4,sentral,kanan,89.564,91.298,2.234,1.734,late,video,0.0,True,False,-2.216133662928854,-0.8832882658961445,0.5045231722803152,0.32630308396669605
P15,AGEM KIRI,2,TAHAN,P4,parietal,kanan,89.564,91.298,2.234,1.734,late,video,0.0,True,False,3.400043054024529,1.2655508850691035,1.5937587436276495,0.585105554448333
P15,AGEM KIRI,2,TAHAN,O2,oksipital,kanan,89.564,91.298,2.234,1.734,late,video,0.0,True,False,-0.6647585794991855,0.422369914526346,0.30712511378217044,-1.356111751065054
P15,AGEM KIRI,2,TAHAN,F8,frontotemporal,kanan,89.564,91.298,2.234,1.734,late,video,0.0,True,False,9.980256091595706,4.646982807869062,3.918383761779598,7.680484957789407
P15,AGEM KIRI,2,TAHAN,T4,temporal,kanan,89.564,91.298,2.234,1.734,late,video,0.0,True,False,-0.17517820916751603,0.25264588997339743,2.1703810193678272,-0.24583884211001106
P15,AGEM KIRI,2,TAHAN,T6,temporo-posterior,kanan,89.564,91.298,2.234,1.734,late,video,0.0,True,False,11.071067948621618,10.298242076716363,7.541203629888354,9.618103874710279
P15,AGEM KIRI,2,NAIK,Fp1,frontopolar,kiri,91.644,92.094,0.642,0.449,late,video,1.0,False,False,,,,
P15,AGEM KIRI,2,NAIK,F3,frontal,kiri,91.644,92.094,0.642,0.449,late,video,0.911,False,False,,,,
P15,AGEM KIRI,2,NAIK,C3,sentral,kiri,91.644,92.094,0.642,0.449,late,video,1.0,False,False,,,,
P15,AGEM KIRI,2,NAIK,P3,parietal,kiri,91.644,92.094,0.642,0.449,late,video,1.0,False,False,,,,
P15,AGEM KIRI,2,NAIK,O1,oksipital,kiri,91.644,92.094,0.642,0.449,late,video,0.0,True,False,-4.486084883293955,-0.6688579032478152,-3.62829641704867,-3.4719735293179284
P15,AGEM KIRI,2,NAIK,F7,frontotemporal,kiri,91.644,92.094,0.642,0.449,late,video,1.0,False,False,,,,
P15,AGEM KIRI,2,NAIK,T3,temporal,kiri,91.644,92.094,0.642,0.449,late,video,1.0,False,False,,,,
P15,AGEM KIRI,2,NAIK,T5,temporo-posterior,kiri,91.644,92.094,0.642,0.449,late,video,1.0,False,False,,,,
P15,AGEM KIRI,2,NAIK,Fp2,frontopolar,kanan,91.644,92.094,0.642,0.449,late,video,0.0,True,False,7.050603414157102,3.0526614157313006,0.5819636203616625,5.940082981411688
P15,AGEM KIRI,2,NAIK,F4,frontal,kanan,91.644,92.094,0.642,0.449,late,video,0.0,True,False,8.52115054559227,6.687035847618006,1.2304044567049601,7.941894319738573
P15,AGEM KIRI,2,NAIK,C4,sentral,kanan,91.644,92.094,0.642,0.449,late,video,0.0,True,False,5.712555263781439,5.051202948104539,-0.7681217268161653,2.623323388373418
P15,AGEM KIRI,2,NAIK,P4,parietal,kanan,91.644,92.094,0.642,0.449,late,video,0.0,True,False,3.6231289058143616,4.703007830995688,-1.3570228192825944,0.07602119785308048
P15,AGEM KIRI,2,NAIK,O2,oksipital,kanan,91.644,92.094,0.642,0.449,late,video,0.0,True,False,4.616557494277032,5.351824300893135,0.9042298970641269,2.384525009518047
P15,AGEM KIRI,2,NAIK,F8,frontotemporal,kanan,91.644,92.094,0.642,0.449,late,video,0.0,True,False,5.2344974382009894,9.734699202072779,2.046854540530017,4.976385580989248
P15,AGEM KIRI,2,NAIK,T4,temporal,kanan,91.644,92.094,0.642,0.449,late,video,0.0,True,False,6.807155175985585,7.320902254249674,0.8350223771470802,3.749351408086646
P15,AGEM KIRI,2,NAIK,T6,temporo-posterior,kanan,91.644,92.094,0.642,0.449,late,video,0.0,True,False,5.7914727498301914,10.613151485003058,2.3977372106172545,5.928194164171828
P15,AGEM KIRI,2,POST,Fp1,frontopolar,kiri,92.69,94.19,1.5,1.5,late,video,0.0,True,False,17.826228560565724,14.724100742232096,8.989371677610414,13.035604314761141
P15,AGEM KIRI,2,POST,F3,frontal,kiri,92.69,94.19,1.5,1.5,late,video,0.0,True,False,26.174271775744778,23.867560524187798,17.642738710949477,20.248255227651647
P15,AGEM KIRI,2,POST,C3,sentral,kiri,92.69,94.19,1.5,1.5,late,video,0.0,True,False,26.772899897526408,24.34086944022045,18.156823139339725,19.57103446992949
P15,AGEM KIRI,2,POST,P3,parietal,kiri,92.69,94.19,1.5,1.5,late,video,0.227,False,False,,,,
P15,AGEM KIRI,2,POST,O1,oksipital,kiri,92.69,94.19,1.5,1.5,late,video,0.0,True,False,10.582410940035793,7.7813594129019705,2.8732670387350403,7.226024853956652
P15,AGEM KIRI,2,POST,F7,frontotemporal,kiri,92.69,94.19,1.5,1.5,late,video,0.0,True,False,24.483697000062143,23.039035014232677,19.20315877332928,19.954248990464507
P15,AGEM KIRI,2,POST,T3,temporal,kiri,92.69,94.19,1.5,1.5,late,video,0.0,True,False,24.215506783869646,22.835330288207643,17.38339794216352,16.01356658195432
P15,AGEM KIRI,2,POST,T5,temporo-posterior,kiri,92.69,94.19,1.5,1.5,late,video,0.0,True,False,22.950277345514444,19.636953744247197,21.152283885919786,17.436421058280803
P15,AGEM KIRI,2,POST,Fp2,frontopolar,kanan,92.69,94.19,1.5,1.5,late,video,0.0,True,False,16.76179787534462,14.330889544543247,10.953720383106472,15.588520293733492
P15,AGEM KIRI,2,POST,F4,frontal,kanan,92.69,94.19,1.5,1.5,late,video,0.0,True,False,11.93512090469774,12.179492888669195,12.665738297492602,11.457011491943334
P15,AGEM KIRI,2,POST,C4,sentral,kanan,92.69,94.19,1.5,1.5,late,video,0.0,True,False,11.919643173225253,10.680109618102719,9.204604662292041,11.128646820528122
P15,AGEM KIRI,2,POST,P4,parietal,kanan,92.69,94.19,1.5,1.5,late,video,0.0,True,False,9.84913150836153,8.445795110280507,9.704966346432954,10.689037091263216
P15,AGEM KIRI,2,POST,O2,oksipital,kanan,92.69,94.19,1.5,1.5,late,video,0.0,True,False,12.000866901146878,10.94521944346964,8.680715258954425,9.755792520470013
P15,AGEM KIRI,2,POST,F8,frontotemporal,kanan,92.69,94.19,1.5,1.5,late,video,0.0,True,False,13.076416093111561,12.589556729916037,14.666380673966593,13.008227206141317
P15,AGEM KIRI,2,POST,T4,temporal,kanan,92.69,94.19,1.5,1.5,late,video,0.0,True,False,14.340541326856112,15.636203076451942,13.17076062083456,13.367120403717433
P15,AGEM KIRI,2,POST,T6,temporo-posterior,kanan,92.69,94.19,1.5,1.5,late,video,0.0,True,False,13.648055659919152,7.968883557303322,10.366082937423524,12.88444660565601
P15,NGEED,3,PRA,Fp1,frontopolar,kiri,271.023,273.023,2.0,2.0,ok,video,0.0,True,False,3.620669547716872,2.642305997918001,2.450503257063808,3.107842025691088
P15,NGEED,3,PRA,F3,frontal,kiri,271.023,273.023,2.0,2.0,ok,video,1.0,False,False,,,,
P15,NGEED,3,PRA,C3,sentral,kiri,271.023,273.023,2.0,2.0,ok,video,0.715,False,False,,,,
P15,NGEED,3,PRA,P3,parietal,kiri,271.023,273.023,2.0,2.0,ok,video,1.0,False,False,,,,
P15,NGEED,3,PRA,O1,oksipital,kiri,271.023,273.023,2.0,2.0,ok,video,0.0,True,False,4.957083981951641,3.6042077607032184,4.849571816412254,4.102656506734192
P15,NGEED,3,PRA,F7,frontotemporal,kiri,271.023,273.023,2.0,2.0,ok,video,0.0,True,False,3.0026912495772855,2.414067695145736,0.5395737973703483,2.9121860238686317
P15,NGEED,3,PRA,T3,temporal,kiri,271.023,273.023,2.0,2.0,ok,video,0.215,False,False,,,,
P15,NGEED,3,PRA,T5,temporo-posterior,kiri,271.023,273.023,2.0,2.0,ok,video,0.8,False,False,,,,
P15,NGEED,3,PRA,Fp2,frontopolar,kanan,271.023,273.023,2.0,2.0,ok,video,0.0,True,False,2.5928596711544074,0.48798595255360055,3.3913808650694683,2.150605767941787
P15,NGEED,3,PRA,F4,frontal,kanan,271.023,273.023,2.0,2.0,ok,video,0.0,True,False,-1.1720007068450329,-0.34964939835285236,2.1876323629244823,-0.8268500569461459
P15,NGEED,3,PRA,C4,sentral,kanan,271.023,273.023,2.0,2.0,ok,video,0.0,True,False,3.107983558357091,3.4771686415097065,3.5605596893239095,2.7940318726082616
P15,NGEED,3,PRA,P4,parietal,kanan,271.023,273.023,2.0,2.0,ok,video,0.0,True,False,0.17226775378941284,0.2587915354196504,3.7485922509636325,0.6832069916544512
P15,NGEED,3,PRA,O2,oksipital,kanan,271.023,273.023,2.0,2.0,ok,video,0.0,True,False,-1.080343437122231,-1.0329126940805367,3.1356903571967507,0.6381829757172568
P15,NGEED,3,PRA,F8,frontotemporal,kanan,271.023,273.023,2.0,2.0,ok,video,0.0,True,False,3.2183319736066025,0.3138798293344003,3.7220573589537267,4.529449630975602
P15,NGEED,3,PRA,T4,temporal,kanan,271.023,273.023,2.0,2.0,ok,video,0.0,True,False,-1.1116557221580905,-0.9413282294244212,3.8814815190987098,1.4057949265811338
P15,NGEED,3,PRA,T6,temporo-posterior,kanan,271.023,273.023,2.0,2.0,ok,video,0.0,True,False,0.5927562068255909,0.01798534403361529,3.2362301293251186,0.7246328860277913
P15,NGEED,3,TURUN,Fp1,frontopolar,kiri,279.645,281.02,1.875,1.375,ok,video,0.0,True,False,-0.8357300298068608,2.855513481512837,3.796917175143779,3.0311965991211345
P15,NGEED,3,TURUN,F3,frontal,kiri,279.645,281.02,1.875,1.375,ok,video,0.703,False,False,,,,
P15,NGEED,3,TURUN,C3,sentral,kiri,279.645,281.02,1.875,1.375,ok,video,0.703,False,False,,,,
P15,NGEED,3,TURUN,P3,parietal,kiri,279.645,281.02,1.875,1.375,ok,video,0.848,False,False,,,,
P15,NGEED,3,TURUN,O1,oksipital,kiri,279.645,281.02,1.875,1.375,ok,video,0.0,True,False,2.246040364039395,1.463473498693034,2.0474776009316003,2.7761279945071635
P15,NGEED,3,TURUN,F7,frontotemporal,kiri,279.645,281.02,1.875,1.375,ok,video,0.0,True,False,1.1840777742148703,4.016425343629098,4.358840156633875,4.434448957884268
P15,NGEED,3,TURUN,T3,temporal,kiri,279.645,281.02,1.875,1.375,ok,video,0.0,True,False,0.828642005242223,1.1736473732999677,2.8810780189649705,-1.272967279050718
P15,NGEED,3,TURUN,T5,temporo-posterior,kiri,279.645,281.02,1.875,1.375,ok,video,0.0,True,False,-11.71764109628773,-11.836171588650448,-3.556749295567567,-10.181004900457086
P15,NGEED,3,TURUN,Fp2,frontopolar,kanan,279.645,281.02,1.875,1.375,ok,video,0.0,True,False,7.090656242993532,9.966450293741062,10.444078640689078,8.656102614162034
P15,NGEED,3,TURUN,F4,frontal,kanan,279.645,281.02,1.875,1.375,ok,video,0.0,True,False,-1.434001419235269,3.240444084605194,7.563540846695801,3.6635072230426644
P15,NGEED,3,TURUN,C4,sentral,kanan,279.645,281.02,1.875,1.375,ok,video,0.0,True,False,6.374603446426825,6.471689772963224,8.914147945668283,5.866332261809088
P15,NGEED,3,TURUN,P4,parietal,kanan,279.645,281.02,1.875,1.375,ok,video,0.0,True,False,2.3455171903099696,4.111275339907323,8.635664336987034,4.352261314016353
P15,NGEED,3,TURUN,O2,oksipital,kanan,279.645,281.02,1.875,1.375,ok,video,0.0,True,False,11.339317210359667,13.371553204063297,17.040118583726443,11.249813239164869
P15,NGEED,3,TURUN,F8,frontotemporal,kanan,279.645,281.02,1.875,1.375,ok,video,0.0,True,False,7.07008343481877,8.119316053746669,8.506647225609562,7.30674913610245
P15,NGEED,3,TURUN,T4,temporal,kanan,279.645,281.02,1.875,1.375,ok,video,0.0,True,False,11.184211595600345,11.427558624626279,13.919824097364955,10.33085700708359
P15,NGEED,3,TURUN,T6,temporo-posterior,kanan,279.645,281.02,1.875,1.375,ok,video,0.0,True,False,6.318557467736937,6.741258230665217,7.967373148005347,5.927829446835297
P15,NGEED,3,TAHAN,Fp1,frontopolar,kiri,281.52,283.811,2.791,2.291,ok,video,0.0,True,False,2.466481220208344,0.38538490161906225,2.1733381953342246,1.3148079669394086
P15,NGEED,3,TAHAN,F3,frontal,kiri,281.52,283.811,2.791,2.291,ok,video,1.0,False,False,,,,
P15,NGEED,3,TAHAN,C3,sentral,kiri,281.52,283.811,2.791,2.291,ok,video,1.0,False,False,,,,
P15,NGEED,3,TAHAN,P3,parietal,kiri,281.52,283.811,2.791,2.291,ok,video,1.0,False,False,,,,
P15,NGEED,3,TAHAN,O1,oksipital,kiri,281.52,283.811,2.791,2.291,ok,video,0.0,True,False,2.4255803920511454,2.0677008802130956,1.7619133473731843,2.129088864471946
P15,NGEED,3,TAHAN,F7,frontotemporal,kiri,281.52,283.811,2.791,2.291,ok,video,0.0,True,False,0.08301463815319465,-2.3785879090351543,0.30949377666731337,-2.384155347947676
P15,NGEED,3,TAHAN,T3,temporal,kiri,281.52,283.811,2.791,2.291,ok,video,0.419,False,False,,,,
P15,NGEED,3,TAHAN,T5,temporo-posterior,kiri,281.52,283.811,2.791,2.291,ok,video,0.943,False,False,,,,
P15,NGEED,3,TAHAN,Fp2,frontopolar,kanan,281.52,283.811,2.791,2.291,ok,video,0.0,True,False,-5.405211156137611,-3.0006773122891452,-0.9522488032268903,-4.464687095915291
P15,NGEED,3,TAHAN,F4,frontal,kanan,281.52,283.811,2.791,2.291,ok,video,0.93,False,False,,,,
P15,NGEED,3,TAHAN,C4,sentral,kanan,281.52,283.811,2.791,2.291,ok,video,0.0,True,False,-7.384067124851171,-5.468220332886126,-3.6808840595617447,-6.048673853765077
P15,NGEED,3,TAHAN,P4,parietal,kanan,281.52,283.811,2.791,2.291,ok,video,0.0,True,False,-11.91647457115931,-9.979852828800606,-5.844247730795587,-10.571800656473258
P15,NGEED,3,TAHAN,O2,oksipital,kanan,281.52,283.811,2.791,2.291,ok,video,0.0,True,False,-6.673656797184773,-8.319745849575078,-4.985596997388896,-5.97559442544955
P15,NGEED,3,TAHAN,F8,frontotemporal,kanan,281.52,283.811,2.791,2.291,ok,video,0.0,True,False,-3.4939618361168137,-1.0561183787040278,-0.021245244167353405,-3.1107197041070727
P15,NGEED,3,TAHAN,T4,temporal,kanan,281.52,283.811,2.791,2.291,ok,video,0.0,True,False,-5.243210625267274,-4.081292229154627,-2.296744475979562,-4.542697903355307
P15,NGEED,3,TAHAN,T6,temporo-posterior,kanan,281.52,283.811,2.791,2.291,ok,video,0.0,True,False,-2.3663933447435994,-1.4397376496902972,0.16833353749971636,-1.3858189960438523
P15,NGEED,3,NAIK,Fp1,frontopolar,kiri,284.246,285.112,1.236,0.865,ok,video,0.0,True,False,2.24864487770499,-0.15498650797064428,1.2315980445174972,-0.058154287781039926
P15,NGEED,3,NAIK,F3,frontal,kiri,284.246,285.112,1.236,0.865,ok,video,1.0,False,False,,,,
P15,NGEED,3,NAIK,C3,sentral,kiri,284.246,285.112,1.236,0.865,ok,video,1.0,False,False,,,,
P15,NGEED,3,NAIK,P3,parietal,kiri,284.246,285.112,1.236,0.865,ok,video,1.0,False,False,,,,
P15,NGEED,3,NAIK,O1,oksipital,kiri,284.246,285.112,1.236,0.865,ok,video,0.0,True,False,2.832672608301891,0.38466166721276096,2.1916272434165265,1.2018604018465098
P15,NGEED,3,NAIK,F7,frontotemporal,kiri,284.246,285.112,1.236,0.865,ok,video,0.0,True,False,-0.789090031880157,-0.176259866944509,-2.3211307115355595,-3.2182395545499887
P15,NGEED,3,NAIK,T3,temporal,kiri,284.246,285.112,1.236,0.865,ok,video,1.0,False,False,,,,
P15,NGEED,3,NAIK,T5,temporo-posterior,kiri,284.246,285.112,1.236,0.865,ok,video,1.0,False,False,,,,
P15,NGEED,3,NAIK,Fp2,frontopolar,kanan,284.246,285.112,1.236,0.865,ok,video,0.0,True,False,2.8349109995504946,1.2418497261205914,1.792668379607683,2.2688199114528693
P15,NGEED,3,NAIK,F4,frontal,kanan,284.246,285.112,1.236,0.865,ok,video,0.0,True,False,1.467902168318517,1.211099332637346,0.6889744045397741,4.735098679728004
P15,NGEED,3,NAIK,C4,sentral,kanan,284.246,285.112,1.236,0.865,ok,video,0.0,True,False,2.7977010016261445,0.4111882374022464,3.0264592240382413,4.5476184648024365
P15,NGEED,3,NAIK,P4,parietal,kanan,284.246,285.112,1.236,0.865,ok,video,0.0,True,False,-3.29776966656501,-2.5909331198570555,2.4846374259765973,0.3946368626730532
P15,NGEED,3,NAIK,O2,oksipital,kanan,284.246,285.112,1.236,0.865,ok,video,0.0,True,False,1.3329996940620248,1.6203719620043877,0.5622821332321415,8.332905148492987
P15,NGEED,3,NAIK,F8,frontotemporal,kanan,284.246,285.112,1.236,0.865,ok,video,0.0,True,False,-2.6426376255603685,3.507427340019028,0.27343027253265006,2.902455764957292
P15,NGEED,3,NAIK,T4,temporal,kanan,284.246,285.112,1.236,0.865,ok,video,0.0,True,False,1.8462768482381016,-2.6670408808790214,2.0203446860297483,6.5067486823633764
P15,NGEED,3,NAIK,T6,temporo-posterior,kanan,284.246,285.112,1.236,0.865,ok,video,0.0,True,False,7.15315195710523,4.603476675332921,5.088880643084732,4.9657820233116965
P15,NGEED,3,POST,Fp1,frontopolar,kiri,285.797,287.297,1.5,1.5,ok,video,0.027,True,False,-2.9705364541476484,-2.0288508937552407,4.134805630952137,0.6649845247192125
P15,NGEED,3,POST,F3,frontal,kiri,285.797,287.297,1.5,1.5,ok,video,0.307,False,False,,,,
P15,NGEED,3,POST,C3,sentral,kiri,285.797,287.297,1.5,1.5,ok,video,0.307,False,False,,,,
P15,NGEED,3,POST,P3,parietal,kiri,285.797,287.297,1.5,1.5,ok,video,0.307,False,False,,,,
P15,NGEED,3,POST,O1,oksipital,kiri,285.797,287.297,1.5,1.5,ok,video,0.0,True,False,3.738457003973494,2.210177080889032,3.864703518505703,2.8233252438071688
P15,NGEED,3,POST,F7,frontotemporal,kiri,285.797,287.297,1.5,1.5,ok,video,0.027,True,False,1.5757020241366853,5.626809454675968,10.253160862570066,4.248256869004514
P15,NGEED,3,POST,T3,temporal,kiri,285.797,287.297,1.5,1.5,ok,video,0.2,False,False,,,,
P15,NGEED,3,POST,T5,temporo-posterior,kiri,285.797,287.297,1.5,1.5,ok,video,0.307,False,False,,,,
P15,NGEED,3,POST,Fp2,frontopolar,kanan,285.797,287.297,1.5,1.5,ok,video,0.0,True,False,-1.2983765345186704,1.9050993214903897,2.0081723627568984,-0.08080447781671651
P15,NGEED,3,POST,F4,frontal,kanan,285.797,287.297,1.5,1.5,ok,video,0.0,True,False,0.8548751563294559,4.636185528694462,3.4403716368210198,3.345515049669622
P15,NGEED,3,POST,C4,sentral,kanan,285.797,287.297,1.5,1.5,ok,video,0.0,True,False,-2.3452070824175593,1.1888677029307857,3.046143252350408,-0.4680087449712538
P15,NGEED,3,POST,P4,parietal,kanan,285.797,287.297,1.5,1.5,ok,video,0.0,True,False,0.7370726467174364,5.883573655826908,10.03092094685784,2.4526411778352823
P15,NGEED,3,POST,O2,oksipital,kanan,285.797,287.297,1.5,1.5,ok,video,0.0,True,False,1.3802429176236615,6.302983699401572,11.536789756420728,4.466396089877879
P15,NGEED,3,POST,F8,frontotemporal,kanan,285.797,287.297,1.5,1.5,ok,video,0.027,True,False,-0.7836427935870418,3.6311127136294736,3.7866510611736928,1.5967292867055782
P15,NGEED,3,POST,T4,temporal,kanan,285.797,287.297,1.5,1.5,ok,video,0.0,True,False,2.462714006170792,6.450500738356723,10.593013059299615,5.279631298442002
P15,NGEED,3,POST,T6,temporo-posterior,kanan,285.797,287.297,1.5,1.5,ok,video,0.0,True,False,0.07598238992718365,5.06333944444588,5.445394824494809,1.8248025076381253
P15,NGEED,4,PRA,Fp1,frontopolar,kiri,286.247,288.247,2.0,2.0,ok,video,0.495,False,False,,,,
P15,NGEED,4,PRA,F3,frontal,kiri,286.247,288.247,2.0,2.0,ok,video,0.005,True,False,5.488400848786551,10.437007948890166,12.067846398463455,6.705451923153909
P15,NGEED,4,PRA,C3,sentral,kiri,286.247,288.247,2.0,2.0,ok,video,0.005,True,False,4.8350636826524145,8.8344188844837,12.396693214275412,5.571676107546818
P15,NGEED,4,PRA,P3,parietal,kiri,286.247,288.247,2.0,2.0,ok,video,0.005,True,False,6.837335878903598,10.74026518959501,14.175098023874249,7.730147077455797
P15,NGEED,4,PRA,O1,oksipital,kiri,286.247,288.247,2.0,2.0,ok,video,0.0,True,False,-0.8413408823859214,-1.0792977979222051,2.526194900785651,0.3827617367702487
P15,NGEED,4,PRA,F7,frontotemporal,kiri,286.247,288.247,2.0,2.0,ok,video,0.495,False,False,,,,
P15,NGEED,4,PRA,T3,temporal,kiri,286.247,288.247,2.0,2.0,ok,video,0.495,False,False,,,,
P15,NGEED,4,PRA,T5,temporo-posterior,kiri,286.247,288.247,2.0,2.0,ok,video,0.005,True,False,1.6674193137417248,7.361407279275195,12.593575257631759,4.634024713730479
P15,NGEED,4,PRA,Fp2,frontopolar,kanan,286.247,288.247,2.0,2.0,ok,video,0.295,False,False,,,,
P15,NGEED,4,PRA,F4,frontal,kanan,286.247,288.247,2.0,2.0,ok,video,0.0,True,False,0.6496987161005023,4.351783806505978,2.298789164593881,2.7759981078095883
P15,NGEED,4,PRA,C4,sentral,kanan,286.247,288.247,2.0,2.0,ok,video,0.095,True,False,-1.7980368440400838,-0.16292180310842141,2.011707798276859,-0.8405775484479037
P15,NGEED,4,PRA,P4,parietal,kanan,286.247,288.247,2.0,2.0,ok,video,0.0,True,False,-0.6975413791033347,4.924156936557878,8.987011511689047,1.272449342766592
P15,NGEED,4,PRA,O2,oksipital,kanan,286.247,288.247,2.0,2.0,ok,video,0.0,True,False,0.48993484661533415,5.114277519091431,10.405005542010887,3.339563472854824
P15,NGEED,4,PRA,F8,frontotemporal,kanan,286.247,288.247,2.0,2.0,ok,video,0.495,False,False,,,,
P15,NGEED,4,PRA,T4,temporal,kanan,286.247,288.247,2.0,2.0,ok,video,0.0,True,False,1.5988441016661845,5.522720987680856,9.561040792400686,4.41163240756655
P15,NGEED,4,PRA,T6,temporo-posterior,kanan,286.247,288.247,2.0,2.0,ok,video,0.0,True,False,-0.9763279468880555,4.943486451382611,5.573737357156812,1.4318145904611086
P15,NGEED,4,TURUN,Fp1,frontopolar,kiri,296.226,297.301,1.537,1.076,ok,video,0.0,True,False,-3.0701050218293773,-1.1260791781267905,-1.5009592088640211,0.6828526524688066
P15,NGEED,4,TURUN,F3,frontal,kiri,296.226,297.301,1.537,1.076,ok,video,1.0,False,False,,,,
P15,NGEED,4,TURUN,C3,sentral,kiri,296.226,297.301,1.537,1.076,ok,video,0.787,False,False,,,,
P15,NGEED,4,TURUN,P3,parietal,kiri,296.226,297.301,1.537,1.076,ok,video,1.0,False,False,,,,
P15,NGEED,4,TURUN,O1,oksipital,kiri,296.226,297.301,1.537,1.076,ok,video,0.0,True,False,-9.096762168165768,-11.095812227144073,-10.965259454887338,-9.614238679236998
P15,NGEED,4,TURUN,F7,frontotemporal,kiri,296.226,297.301,1.537,1.076,ok,video,0.0,True,False,1.5830317338299587,-0.3635691398523839,1.8098732870656775,1.7418209336655153
P15,NGEED,4,TURUN,T3,temporal,kiri,296.226,297.301,1.537,1.076,ok,video,0.0,True,False,1.8922868266725708,-3.917520848050284,-0.3261224179853386,2.9016948624478722
P15,NGEED,4,TURUN,T5,temporo-posterior,kiri,296.226,297.301,1.537,1.076,ok,video,0.046,True,False,-7.754135721058809,-5.496027394560928,-0.8114138941300162,-2.963166104847211
P15,NGEED,4,TURUN,Fp2,frontopolar,kanan,296.226,297.301,1.537,1.076,ok,video,0.0,True,False,-2.8612876565831904,1.8181340470997327,-1.564192822319967,0.32711683517874235
P15,NGEED,4,TURUN,F4,frontal,kanan,296.226,297.301,1.537,1.076,ok,video,0.231,False,False,,,,
P15,NGEED,4,TURUN,C4,sentral,kanan,296.226,297.301,1.537,1.076,ok,video,0.046,True,False,-11.44303845812037,-2.290035595472034,-4.572598812141557,-8.476092386618262
P15,NGEED,4,TURUN,P4,parietal,kanan,296.226,297.301,1.537,1.076,ok,video,0.0,True,False,-3.557711124174979,-3.4307260716057577,-0.3381147818488941,-2.5807319256461554
P15,NGEED,4,TURUN,O2,oksipital,kanan,296.226,297.301,1.537,1.076,ok,video,0.0,True,False,-4.9017328954304915,-0.24370387594547793,0.08812927277693916,-2.727012903186221
P15,NGEED,4,TURUN,F8,frontotemporal,kanan,296.226,297.301,1.537,1.076,ok,video,0.0,True,False,-0.6101344465309921,-1.38048472481956,1.0233751536657678,0.9257484066131845
P15,NGEED,4,TURUN,T4,temporal,kanan,296.226,297.301,1.537,1.076,ok,video,0.787,False,False,,,,
P15,NGEED,4,TURUN,T6,temporo-posterior,kanan,296.226,297.301,1.537,1.076,ok,video,0.0,True,False,-1.05663607688804,-4.296275841589804,-0.3923597719378691,-1.3874077193655339
P15,NGEED,4,TAHAN,Fp1,frontopolar,kiri,297.782,300.201,2.919,2.419,ok,video,0.393,False,False,,,,
P15,NGEED,4,TAHAN,F3,frontal,kiri,297.782,300.201,2.919,2.419,ok,video,1.0,False,False,,,,
P15,NGEED,4,TAHAN,C3,sentral,kiri,297.782,300.201,2.919,2.419,ok,video,1.0,False,False,,,,
P15,NGEED,4,TAHAN,P3,parietal,kiri,297.782,300.201,2.919,2.419,ok,video,1.0,False,False,,,,
P15,NGEED,4,TAHAN,O1,oksipital,kiri,297.782,300.201,2.919,2.419,ok,video,0.0,True,False,-9.01274751126616,-6.587819022366194,-4.695024122832589,-4.142424294720104
P15,NGEED,4,TAHAN,F7,frontotemporal,kiri,297.782,300.201,2.919,2.419,ok,video,0.723,False,False,,,,
P15,NGEED,4,TAHAN,T3,temporal,kiri,297.782,300.201,2.919,2.419,ok,video,0.971,False,False,,,,
P15,NGEED,4,TAHAN,T5,temporo-posterior,kiri,297.782,300.201,2.919,2.419,ok,video,1.0,False,False,,,,
P15,NGEED,4,TAHAN,Fp2,frontopolar,kanan,297.782,300.201,2.919,2.419,ok,video,0.0,True,False,-7.7411185183431925,-4.501491096952325,-3.173344087513282,-4.858933804724668
P15,NGEED,4,TAHAN,F4,frontal,kanan,297.782,300.201,2.919,2.419,ok,video,1.0,False,False,,,,
P15,NGEED,4,TAHAN,C4,sentral,kanan,297.782,300.201,2.919,2.419,ok,video,0.525,False,False,,,,
P15,NGEED,4,TAHAN,P4,parietal,kanan,297.782,300.201,2.919,2.419,ok,video,1.0,False,False,,,,
P15,NGEED,4,TAHAN,O2,oksipital,kanan,297.782,300.201,2.919,2.419,ok,video,0.971,False,False,,,,
P15,NGEED,4,TAHAN,F8,frontotemporal,kanan,297.782,300.201,2.919,2.419,ok,video,0.0,True,False,-4.67736871475833,-0.8999163854884955,-2.4611353067700215,-3.320339990651785
P15,NGEED,4,TAHAN,T4,temporal,kanan,297.782,300.201,2.919,2.419,ok,video,1.0,False,False,,,,
P15,NGEED,4,TAHAN,T6,temporo-posterior,kanan,297.782,300.201,2.919,2.419,ok,video,0.36,False,False,,,,
P15,NGEED,4,NAIK,Fp1,frontopolar,kiri,300.596,301.27,0.964,0.675,ok,video,1.0,False,False,,,,
P15,NGEED,4,NAIK,F3,frontal,kiri,300.596,301.27,0.964,0.675,ok,video,1.0,False,False,,,,
P15,NGEED,4,NAIK,C3,sentral,kiri,300.596,301.27,0.964,0.675,ok,video,1.0,False,False,,,,
P15,NGEED,4,NAIK,P3,parietal,kiri,300.596,301.27,0.964,0.675,ok,video,1.0,False,False,,,,
P15,NGEED,4,NAIK,O1,oksipital,kiri,300.596,301.27,0.964,0.675,ok,video,0.0,True,False,-2.8579465739038987,-1.1154927531206411,0.9588397557144539,-0.21390964239095211
P15,NGEED,4,NAIK,F7,frontotemporal,kiri,300.596,301.27,0.964,0.675,ok,video,1.0,False,False,,,,
P15,NGEED,4,NAIK,T3,temporal,kiri,300.596,301.27,0.964,0.675,ok,video,1.0,False,False,,,,
P15,NGEED,4,NAIK,T5,temporo-posterior,kiri,300.596,301.27,0.964,0.675,ok,video,1.0,False,False,,,,
P15,NGEED,4,NAIK,Fp2,frontopolar,kanan,300.596,301.27,0.964,0.675,ok,video,0.029,True,False,11.510990387302606,13.275606455330887,7.797486269141835,10.010925160890931
P15,NGEED,4,NAIK,F4,frontal,kanan,300.596,301.27,0.964,0.675,ok,video,0.0,True,False,10.94463473545435,14.667171872308487,6.358695252729394,9.297993078836491
P15,NGEED,4,NAIK,C4,sentral,kanan,300.596,301.27,0.964,0.675,ok,video,0.0,True,False,2.8900937188605624,2.2023719896826215,1.349697669640932,2.2057792710840296
P15,NGEED,4,NAIK,P4,parietal,kanan,300.596,301.27,0.964,0.675,ok,video,1.0,False,False,,,,
P15,NGEED,4,NAIK,O2,oksipital,kanan,300.596,301.27,0.964,0.675,ok,video,1.0,False,False,,,,
P15,NGEED,4,NAIK,F8,frontotemporal,kanan,300.596,301.27,0.964,0.675,ok,video,0.0,True,False,1.2403407178962524,5.231196879767847,4.5019407581742925,1.2466236035874125
P15,NGEED,4,NAIK,T4,temporal,kanan,300.596,301.27,0.964,0.675,ok,video,0.0,True,False,10.34814130052223,11.944000779461014,6.854344201231502,8.643796847583172
P15,NGEED,4,NAIK,T6,temporo-posterior,kanan,300.596,301.27,0.964,0.675,ok,video,0.0,True,False,4.51289784580139,3.1457358289485455,-0.2034834397825236,2.7169157547588725
P15,NGEED,4,POST,Fp1,frontopolar,kiri,301.915,303.415,1.5,1.5,ok,video,1.0,False,False,,,,
P15,NGEED,4,POST,F3,frontal,kiri,301.915,303.415,1.5,1.5,ok,video,0.493,False,False,,,,
P15,NGEED,4,POST,C3,sentral,kiri,301.915,303.415,1.5,1.5,ok,video,1.0,False,False,,,,
P15,NGEED,4,POST,P3,parietal,kiri,301.915,303.415,1.5,1.5,ok,video,1.0,False,False,,,,
P15,NGEED,4,POST,O1,oksipital,kiri,301.915,303.415,1.5,1.5,ok,video,0.0,True,False,-0.08471489744768235,-0.6267704333433102,-0.02185697254334329,1.844195574134794
P15,NGEED,4,POST,F7,frontotemporal,kiri,301.915,303.415,1.5,1.5,ok,video,1.0,False,False,,,,
P15,NGEED,4,POST,T3,temporal,kiri,301.915,303.415,1.5,1.5,ok,video,1.0,False,False,,,,
P15,NGEED,4,POST,T5,temporo-posterior,kiri,301.915,303.415,1.5,1.5,ok,video,1.0,False,False,,,,
P15,NGEED,4,POST,Fp2,frontopolar,kanan,301.915,303.415,1.5,1.5,ok,video,0.493,False,False,,,,
P15,NGEED,4,POST,F4,frontal,kanan,301.915,303.415,1.5,1.5,ok,video,0.0,True,False,3.4748081723699826,6.8400394060641645,5.4594595142674684,5.986732295153672
P15,NGEED,4,POST,C4,sentral,kanan,301.915,303.415,1.5,1.5,ok,video,0.0,True,False,0.8735518361526999,3.1747608915727596,2.389773132942615,2.782771898573902
P15,NGEED,4,POST,P4,parietal,kanan,301.915,303.415,1.5,1.5,ok,video,0.493,False,False,,,,
P15,NGEED,4,POST,O2,oksipital,kanan,301.915,303.415,1.5,1.5,ok,video,0.493,False,False,,,,
P15,NGEED,4,POST,F8,frontotemporal,kanan,301.915,303.415,1.5,1.5,ok,video,0.493,False,False,,,,
P15,NGEED,4,POST,T4,temporal,kanan,301.915,303.415,1.5,1.5,ok,video,0.0,True,False,0.8447291605647216,4.222832036956316,7.16330449545919,3.4988742762555027
P15,NGEED,4,POST,T6,temporo-posterior,kanan,301.915,303.415,1.5,1.5,ok,video,0.0,True,False,-0.05971883625569774,3.0491380391880227,2.0828869078271026,2.9606475132697483
P15,AGEM KANAN,3,PRA,Fp1,frontopolar,kiri,302.336,304.336,2.0,2.0,ok,video,1.0,False,False,,,,
P15,AGEM KANAN,3,PRA,F3,frontal,kiri,302.336,304.336,2.0,2.0,ok,video,0.16,False,False,,,,
P15,AGEM KANAN,3,PRA,C3,sentral,kiri,302.336,304.336,2.0,2.0,ok,video,0.86,False,False,,,,
P15,AGEM KANAN,3,PRA,P3,parietal,kiri,302.336,304.336,2.0,2.0,ok,video,0.86,False,False,,,,
P15,AGEM KANAN,3,PRA,O1,oksipital,kiri,302.336,304.336,2.0,2.0,ok,video,0.0,True,False,-2.701024047895455,-1.341841999268496,-0.26145358803961116,1.1682911882691158
P15,AGEM KANAN,3,PRA,F7,frontotemporal,kiri,302.336,304.336,2.0,2.0,ok,video,1.0,False,False,,,,
P15,AGEM KANAN,3,PRA,T3,temporal,kiri,302.336,304.336,2.0,2.0,ok,video,1.0,False,False,,,,
P15,AGEM KANAN,3,PRA,T5,temporo-posterior,kiri,302.336,304.336,2.0,2.0,ok,video,1.0,False,False,,,,
P15,AGEM KANAN,3,PRA,Fp2,frontopolar,kanan,302.336,304.336,2.0,2.0,ok,video,0.4,False,False,,,,
P15,AGEM KANAN,3,PRA,F4,frontal,kanan,302.336,304.336,2.0,2.0,ok,video,0.0,True,False,3.81494240059682,7.1074014630406595,5.426422415197919,6.11950975934738
P15,AGEM KANAN,3,PRA,C4,sentral,kanan,302.336,304.336,2.0,2.0,ok,video,0.0,True,False,0.9242399723735133,2.908361090649528,3.2527458615543736,2.7134692637478857
P15,AGEM KANAN,3,PRA,P4,parietal,kanan,302.336,304.336,2.0,2.0,ok,video,0.16,False,False,,,,
P15,AGEM KANAN,3,PRA,O2,oksipital,kanan,302.336,304.336,2.0,2.0,ok,video,0.5,False,False,,,,
P15,AGEM KANAN,3,PRA,F8,frontotemporal,kanan,302.336,304.336,2.0,2.0,ok,video,0.5,False,False,,,,
P15,AGEM KANAN,3,PRA,T4,temporal,kanan,302.336,304.336,2.0,2.0,ok,video,0.0,True,False,1.8391756277255098,3.9627209766703153,6.443547331433077,3.229122923945212
P15,AGEM KANAN,3,PRA,T6,temporo-posterior,kanan,302.336,304.336,2.0,2.0,ok,video,0.0,True,False,2.1162961454583,3.365912356615901,2.6857834444574884,4.047881355113645
P15,AGEM KANAN,3,TURUN,Fp1,frontopolar,kiri,312.3,313.752,1.952,1.452,ok,video,0.0,True,False,5.019169002724752,2.712183514969915,-0.46273986945119816,3.3703183604072855
P15,AGEM KANAN,3,TURUN,F3,frontal,kiri,312.3,313.752,1.952,1.452,ok,video,0.862,False,False,,,,
P15,AGEM KANAN,3,TURUN,C3,sentral,kiri,312.3,313.752,1.952,1.452,ok,video,0.069,True,False,-1.2053247437941756,-2.8971736603300506,-5.899919036719698,-3.0423086444649456
P15,AGEM KANAN,3,TURUN,P3,parietal,kiri,312.3,313.752,1.952,1.452,ok,video,0.483,False,False,,,,
P15,AGEM KANAN,3,TURUN,O1,oksipital,kiri,312.3,313.752,1.952,1.452,ok,video,0.0,True,False,-9.755011432488402,-11.265649556096154,-11.758648521563618,-8.083244724584954
P15,AGEM KANAN,3,TURUN,F7,frontotemporal,kiri,312.3,313.752,1.952,1.452,ok,video,0.0,True,False,5.315594205971166,2.9951366831872797,2.5258524041829737,4.524413502820316
P15,AGEM KANAN,3,TURUN,T3,temporal,kiri,312.3,313.752,1.952,1.452,ok,video,0.0,True,False,4.923166947052184,5.2125900409274095,-0.46835643547899153,4.125056230872797
P15,AGEM KANAN,3,TURUN,T5,temporo-posterior,kiri,312.3,313.752,1.952,1.452,ok,video,0.0,True,False,3.015525953085316,2.2546385152629043,-0.8722099034383497,4.456360982863192
P15,AGEM KANAN,3,TURUN,Fp2,frontopolar,kanan,312.3,313.752,1.952,1.452,ok,video,0.0,True,False,12.9663660080313,12.081106740434237,7.49660098698542,11.045834461417822
P15,AGEM KANAN,3,TURUN,F4,frontal,kanan,312.3,313.752,1.952,1.452,ok,video,0.0,True,False,14.50496486497542,13.008725266854796,8.99048714318105,14.443184813325558
P15,AGEM KANAN,3,TURUN,C4,sentral,kanan,312.3,313.752,1.952,1.452,ok,video,0.0,True,False,15.866077377539938,10.07553338639412,11.00410343744548,12.522112710787173
P15,AGEM KANAN,3,TURUN,P4,parietal,kanan,312.3,313.752,1.952,1.452,ok,video,0.0,True,False,4.368225436233722,9.622115344810183,7.673497514937878,7.090253167301313
P15,AGEM KANAN,3,TURUN,O2,oksipital,kanan,312.3,313.752,1.952,1.452,ok,video,0.0,True,False,12.876010735521234,15.086889795331231,13.298589921985052,12.573958586183199
P15,AGEM KANAN,3,TURUN,F8,frontotemporal,kanan,312.3,313.752,1.952,1.452,ok,video,0.0,True,False,12.042429016025963,10.379529105802238,9.184193234326713,11.923033107429571
P15,AGEM KANAN,3,TURUN,T4,temporal,kanan,312.3,313.752,1.952,1.452,ok,video,0.0,True,False,13.027044676254064,14.812794352673023,11.001727133140282,11.432482474611934
P15,AGEM KANAN,3,TURUN,T6,temporo-posterior,kanan,312.3,313.752,1.952,1.452,ok,video,0.0,True,False,11.666493255870627,12.059533358777756,11.247688832904185,11.02286125399911
P15,AGEM KANAN,3,TAHAN,Fp1,frontopolar,kiri,314.252,316.551,2.799,2.299,ok,video,0.217,False,False,,,,
P15,AGEM KANAN,3,TAHAN,F3,frontal,kiri,314.252,316.551,2.799,2.299,ok,video,1.0,False,False,,,,
P15,AGEM KANAN,3,TAHAN,C3,sentral,kiri,314.252,316.551,2.799,2.299,ok,video,1.0,False,False,,,,
P15,AGEM KANAN,3,TAHAN,P3,parietal,kiri,314.252,316.551,2.799,2.299,ok,video,1.0,False,False,,,,
P15,AGEM KANAN,3,TAHAN,O1,oksipital,kiri,314.252,316.551,2.799,2.299,ok,video,0.0,True,False,-9.881893855861719,-7.817078602580537,-8.916733710827007,-5.5505962544963054
P15,AGEM KANAN,3,TAHAN,F7,frontotemporal,kiri,314.252,316.551,2.799,2.299,ok,video,0.652,False,False,,,,
P15,AGEM KANAN,3,TAHAN,T3,temporal,kiri,314.252,316.551,2.799,2.299,ok,video,1.0,False,False,,,,
P15,AGEM KANAN,3,TAHAN,T5,temporo-posterior,kiri,314.252,316.551,2.799,2.299,ok,video,0.913,False,False,,,,
P15,AGEM KANAN,3,TAHAN,Fp2,frontopolar,kanan,314.252,316.551,2.799,2.299,ok,video,0.0,True,False,-1.159817913999433,0.14079023721220452,-0.2505580877978737,2.8025721946989215
P15,AGEM KANAN,3,TAHAN,F4,frontal,kanan,314.252,316.551,2.799,2.299,ok,video,0.0,True,False,-5.366566801891516,-4.252726924206982,-4.600296107944057,-2.65598149475419
P15,AGEM KANAN,3,TAHAN,C4,sentral,kanan,314.252,316.551,2.799,2.299,ok,video,0.0,True,False,-2.617142931112582,0.29742409149455895,-0.31860432389331095,-0.9373963407722705
P15,AGEM KANAN,3,TAHAN,P4,parietal,kanan,314.252,316.551,2.799,2.299,ok,video,0.87,False,False,,,,
P15,AGEM KANAN,3,TAHAN,O2,oksipital,kanan,314.252,316.551,2.799,2.299,ok,video,0.261,False,False,,,,
P15,AGEM KANAN,3,TAHAN,F8,frontotemporal,kanan,314.252,316.551,2.799,2.299,ok,video,0.0,True,False,-5.229241319218513,-3.1968401648752938,-2.006589520975073,-1.6887994918439695
P15,AGEM KANAN,3,TAHAN,T4,temporal,kanan,314.252,316.551,2.799,2.299,ok,video,0.87,False,False,,,,
P15,AGEM KANAN,3,TAHAN,T6,temporo-posterior,kanan,314.252,316.551,2.799,2.299,ok,video,0.0,True,False,-2.1264099151045457,-0.3484721771627264,-2.6487647081762553,0.6077544600828872
P15,AGEM KANAN,3,NAIK,Fp1,frontopolar,kiri,316.926,317.512,0.836,0.585,ok,video,1.0,False,False,,,,
P15,AGEM KANAN,3,NAIK,F3,frontal,kiri,316.926,317.512,0.836,0.585,ok,video,1.0,False,False,,,,
P15,AGEM KANAN,3,NAIK,C3,sentral,kiri,316.926,317.512,0.836,0.585,ok,video,1.0,False,False,,,,
P15,AGEM KANAN,3,NAIK,P3,parietal,kiri,316.926,317.512,0.836,0.585,ok,video,1.0,False,False,,,,
P15,AGEM KANAN,3,NAIK,O1,oksipital,kiri,316.926,317.512,0.836,0.585,ok,video,0.0,True,False,-4.554810278967878,-1.663829198096046,-3.220259958011482,-1.1233655845427144
P15,AGEM KANAN,3,NAIK,F7,frontotemporal,kiri,316.926,317.512,0.836,0.585,ok,video,1.0,False,False,,,,
P15,AGEM KANAN,3,NAIK,T3,temporal,kiri,316.926,317.512,0.836,0.585,ok,video,1.0,False,False,,,,
P15,AGEM KANAN,3,NAIK,T5,temporo-posterior,kiri,316.926,317.512,0.836,0.585,ok,video,1.0,False,False,,,,
P15,AGEM KANAN,3,NAIK,Fp2,frontopolar,kanan,316.926,317.512,0.836,0.585,ok,video,0.0,True,False,15.196269471643085,16.379575687325534,16.427207825962917,16.762032469542586
P15,AGEM KANAN,3,NAIK,F4,frontal,kanan,316.926,317.512,0.836,0.585,ok,video,0.0,True,False,14.84297800110803,14.03172285511586,14.365356342344029,15.042165324503408
P15,AGEM KANAN,3,NAIK,C4,sentral,kanan,316.926,317.512,0.836,0.585,ok,video,0.0,True,False,16.486107316486425,14.975614532516175,13.43342668565736,12.953098794524923
P15,AGEM KANAN,3,NAIK,P4,parietal,kanan,316.926,317.512,0.836,0.585,ok,video,0.0,True,False,12.532975300652147,10.328695421602283,10.979466228072397,8.839666625525709
P15,AGEM KANAN,3,NAIK,O2,oksipital,kanan,316.926,317.512,0.836,0.585,ok,video,0.0,True,False,15.498199092235915,12.15985593554641,11.003342090494119,11.793832385123007
P15,AGEM KANAN,3,NAIK,F8,frontotemporal,kanan,316.926,317.512,0.836,0.585,ok,video,0.0,True,False,11.322083067639404,11.055554148168024,10.623601495858928,9.192042591882117
P15,AGEM KANAN,3,NAIK,T4,temporal,kanan,316.926,317.512,0.836,0.585,ok,video,0.0,True,False,15.963617671229592,11.486369678560969,12.056426929675641,12.896813150069331
P15,AGEM KANAN,3,NAIK,T6,temporo-posterior,kanan,316.926,317.512,0.836,0.585,ok,video,0.0,True,False,10.47399989427067,11.788507451426113,10.327075723741952,9.074431913137104
P15,AGEM KANAN,3,POST,Fp1,frontopolar,kiri,318.137,319.637,1.5,1.5,ok,video,1.0,False,False,,,,
P15,AGEM KANAN,3,POST,F3,frontal,kiri,318.137,319.637,1.5,1.5,ok,video,1.0,False,False,,,,
P15,AGEM KANAN,3,POST,C3,sentral,kiri,318.137,319.637,1.5,1.5,ok,video,1.0,False,False,,,,
P15,AGEM KANAN,3,POST,P3,parietal,kiri,318.137,319.637,1.5,1.5,ok,video,1.0,False,False,,,,
P15,AGEM KANAN,3,POST,O1,oksipital,kiri,318.137,319.637,1.5,1.5,ok,video,0.0,True,False,-0.7548546662833147,0.9612750167150139,-0.7141772716424128,1.9676109227180092
P15,AGEM KANAN,3,POST,F7,frontotemporal,kiri,318.137,319.637,1.5,1.5,ok,video,1.0,False,False,,,,
P15,AGEM KANAN,3,POST,T3,temporal,kiri,318.137,319.637,1.5,1.5,ok,video,1.0,False,False,,,,
P15,AGEM KANAN,3,POST,T5,temporo-posterior,kiri,318.137,319.637,1.5,1.5,ok,video,1.0,False,False,,,,
P15,AGEM KANAN,3,POST,Fp2,frontopolar,kanan,318.137,319.637,1.5,1.5,ok,video,0.653,False,False,,,,
P15,AGEM KANAN,3,POST,F4,frontal,kanan,318.137,319.637,1.5,1.5,ok,video,0.0,True,False,11.766628993034004,9.123553407166007,8.936254042093648,11.913168853352424
P15,AGEM KANAN,3,POST,C4,sentral,kanan,318.137,319.637,1.5,1.5,ok,video,0.0,True,False,8.511803341931696,10.670300159073513,6.839621841415116,10.808469679155824
P15,AGEM KANAN,3,POST,P4,parietal,kanan,318.137,319.637,1.5,1.5,ok,video,0.52,False,False,,,,
P15,AGEM KANAN,3,POST,O2,oksipital,kanan,318.137,319.637,1.5,1.5,ok,video,0.52,False,False,,,,
P15,AGEM KANAN,3,POST,F8,frontotemporal,kanan,318.137,319.637,1.5,1.5,ok,video,0.0,True,False,6.702958185321478,6.157021785580351,4.303692509042602,7.742451097246747
P15,AGEM KANAN,3,POST,T4,temporal,kanan,318.137,319.637,1.5,1.5,ok,video,0.0,True,False,8.415632443884917,7.659208345649773,6.824990145216496,9.511856384529597
P15,AGEM KANAN,3,POST,T6,temporo-posterior,kanan,318.137,319.637,1.5,1.5,ok,video,0.0,True,False,11.32364369434756,11.363013290466007,7.7091456038608435,13.612902074574109
P15,AGEM KANAN,4,PRA,Fp1,frontopolar,kiri,320.837,322.837,2.0,2.0,ok,video,1.0,False,False,,,,
P15,AGEM KANAN,4,PRA,F3,frontal,kiri,320.837,322.837,2.0,2.0,ok,video,0.0,True,False,3.77180463850587,-0.14648054523500065,3.87674820877643,3.6585052151373425
P15,AGEM KANAN,4,PRA,C3,sentral,kiri,320.837,322.837,2.0,2.0,ok,video,0.81,False,False,,,,
P15,AGEM KANAN,4,PRA,P3,parietal,kiri,320.837,322.837,2.0,2.0,ok,video,0.61,False,False,,,,
P15,AGEM KANAN,4,PRA,O1,oksipital,kiri,320.837,322.837,2.0,2.0,ok,video,0.0,True,False,-5.751296431378879,-1.0250196151742443,0.39497410770160357,0.8786547602659667
P15,AGEM KANAN,4,PRA,F7,frontotemporal,kiri,320.837,322.837,2.0,2.0,ok,video,1.0,False,False,,,,
P15,AGEM KANAN,4,PRA,T3,temporal,kiri,320.837,322.837,2.0,2.0,ok,video,1.0,False,False,,,,
P15,AGEM KANAN,4,PRA,T5,temporo-posterior,kiri,320.837,322.837,2.0,2.0,ok,video,1.0,False,False,,,,
P15,AGEM KANAN,4,PRA,Fp2,frontopolar,kanan,320.837,322.837,2.0,2.0,ok,video,0.9,False,False,,,,
P15,AGEM KANAN,4,PRA,F4,frontal,kanan,320.837,322.837,2.0,2.0,ok,video,0.0,True,False,1.310903974082109,-0.8914189075390446,-1.430315008731462,1.2152371320023363
P15,AGEM KANAN,4,PRA,C4,sentral,kanan,320.837,322.837,2.0,2.0,ok,video,0.49,False,False,,,,
P15,AGEM KANAN,4,PRA,P4,parietal,kanan,320.837,322.837,2.0,2.0,ok,video,0.01,True,False,-5.815896079924798,-2.3820686312065185,-2.6442678193963545,-5.376887046676938
P15,AGEM KANAN,4,PRA,O2,oksipital,kanan,320.837,322.837,2.0,2.0,ok,video,0.81,False,False,,,,
P15,AGEM KANAN,4,PRA,F8,frontotemporal,kanan,320.837,322.837,2.0,2.0,ok,video,0.69,False,False,,,,
P15,AGEM KANAN,4,PRA,T4,temporal,kanan,320.837,322.837,2.0,2.0,ok,video,0.0,True,False,-1.5127880142370742,-0.515169346000274,0.8538075220681307,-0.21172351659917155
P15,AGEM KANAN,4,PRA,T6,temporo-posterior,kanan,320.837,322.837,2.0,2.0,ok,video,0.0,True,False,-0.9114782143445055,1.3956124924854194,1.1629320833725068,1.2525069936348885
P15,AGEM KANAN,4,TURUN,Fp1,frontopolar,kiri,328.221,329.544,1.823,1.323,ok,video,1.0,False,False,,,,
P15,AGEM KANAN,4,TURUN,F3,frontal,kiri,328.221,329.544,1.823,1.323,ok,video,0.0,True,False,17.874296769716317,11.312405756317343,8.29623136683918,12.08090456855048
P15,AGEM KANAN,4,TURUN,C3,sentral,kiri,328.221,329.544,1.823,1.323,ok,video,0.0,True,False,3.3249199048258795,1.885032200266874,-0.9542935630335414,1.181777828791997
P15,AGEM KANAN,4,TURUN,P3,parietal,kiri,328.221,329.544,1.823,1.323,ok,video,0.22,False,False,,,,
P15,AGEM KANAN,4,TURUN,O1,oksipital,kiri,328.221,329.544,1.823,1.323,ok,video,0.0,True,False,-1.2107579826231287,-1.5877687451077804,1.5448210454935811,2.1964666945667446
P15,AGEM KANAN,4,TURUN,F7,frontotemporal,kiri,328.221,329.544,1.823,1.323,ok,video,1.0,False,False,,,,
P15,AGEM KANAN,4,TURUN,T3,temporal,kiri,328.221,329.544,1.823,1.323,ok,video,0.697,False,False,,,,
P15,AGEM KANAN,4,TURUN,T5,temporo-posterior,kiri,328.221,329.544,1.823,1.323,ok,video,0.371,False,False,,,,
P15,AGEM KANAN,4,TURUN,Fp2,frontopolar,kanan,328.221,329.544,1.823,1.323,ok,video,0.0,True,False,13.940190150103113,11.643738087223745,14.70146476831205,13.414726896311873
P15,AGEM KANAN,4,TURUN,F4,frontal,kanan,328.221,329.544,1.823,1.323,ok,video,0.0,True,False,11.192061839395933,13.201844850920807,15.811340046575516,12.042089803583274
P15,AGEM KANAN,4,TURUN,C4,sentral,kanan,328.221,329.544,1.823,1.323,ok,video,0.0,True,False,13.542686940003357,14.18639333841027,16.28811685166808,14.364051866261054
P15,AGEM KANAN,4,TURUN,P4,parietal,kanan,328.221,329.544,1.823,1.323,ok,video,0.0,True,False,8.691763467401174,11.199509289011289,12.632504966201637,8.49317323027212
P15,AGEM KANAN,4,TURUN,O2,oksipital,kanan,328.221,329.544,1.823,1.323,ok,video,0.0,True,False,5.414973133557588,12.044909782227954,12.178456577274819,7.487445516060713
P15,AGEM KANAN,4,TURUN,F8,frontotemporal,kanan,328.221,329.544,1.823,1.323,ok,video,0.0,True,False,13.284035881069883,12.971952163862664,12.267280432779671,12.03007961748273
P15,AGEM KANAN,4,TURUN,T4,temporal,kanan,328.221,329.544,1.823,1.323,ok,video,0.0,True,False,8.717801691835412,11.388938353994128,13.380805495660365,9.501012987246828
P15,AGEM KANAN,4,TURUN,T6,temporo-posterior,kanan,328.221,329.544,1.823,1.323,ok,video,0.0,True,False,17.263919297623353,19.514289064186435,17.42749022808572,18.392920672307483
P15,AGEM KANAN,4,TAHAN,Fp1,frontopolar,kiri,330.044,332.206,2.662,2.162,ok,video,1.0,False,False,,,,
P15,AGEM KANAN,4,TAHAN,F3,frontal,kiri,330.044,332.206,2.662,2.162,ok,video,0.347,False,False,,,,
P15,AGEM KANAN,4,TAHAN,C3,sentral,kiri,330.044,332.206,2.662,2.162,ok,video,0.907,False,False,,,,
P15,AGEM KANAN,4,TAHAN,P3,parietal,kiri,330.044,332.206,2.662,2.162,ok,video,1.0,False,False,,,,
P15,AGEM KANAN,4,TAHAN,O1,oksipital,kiri,330.044,332.206,2.662,2.162,ok,video,0.0,True,False,-0.39351159577871186,0.2957377020853329,-0.14428213247017752,2.2667927796891405
P15,AGEM KANAN,4,TAHAN,F7,frontotemporal,kiri,330.044,332.206,2.662,2.162,ok,video,1.0,False,False,,,,
P15,AGEM KANAN,4,TAHAN,T3,temporal,kiri,330.044,332.206,2.662,2.162,ok,video,1.0,False,False,,,,
P15,AGEM KANAN,4,TAHAN,T5,temporo-posterior,kiri,330.044,332.206,2.662,2.162,ok,video,1.0,False,False,,,,
P15,AGEM KANAN,4,TAHAN,Fp2,frontopolar,kanan,330.044,332.206,2.662,2.162,ok,video,0.741,False,False,,,,
P15,AGEM KANAN,4,TAHAN,F4,frontal,kanan,330.044,332.206,2.662,2.162,ok,video,0.0,True,False,-0.2438828576924088,-0.3681246488128309,1.444382023301479,1.2052544479879757
P15,AGEM KANAN,4,TAHAN,C4,sentral,kanan,330.044,332.206,2.662,2.162,ok,video,0.0,True,False,-4.680539654634476,-2.8534246113028665,-0.12572244068793026,-3.803557558880261
P15,AGEM KANAN,4,TAHAN,P4,parietal,kanan,330.044,332.206,2.662,2.162,ok,video,0.718,False,False,,,,
P15,AGEM KANAN,4,TAHAN,O2,oksipital,kanan,330.044,332.206,2.662,2.162,ok,video,0.722,False,False,,,,
P15,AGEM KANAN,4,TAHAN,F8,frontotemporal,kanan,330.044,332.206,2.662,2.162,ok,video,0.0,True,False,-7.656649343356499,-0.7600127145809559,-0.03649519569197679,-2.744363359463339
P15,AGEM KANAN,4,TAHAN,T4,temporal,kanan,330.044,332.206,2.662,2.162,ok,video,0.0,True,False,-3.5763524182608606,1.0150975742918078,3.5397638877557647,0.7489466727168512
P15,AGEM KANAN,4,TAHAN,T6,temporo-posterior,kanan,330.044,332.206,2.662,2.162,ok,video,0.0,True,False,-2.2317571054858334,-1.1073022011307785,-0.7085672571104098,-0.38150864553932706
P15,AGEM KANAN,4,NAIK,Fp1,frontopolar,kiri,332.706,335.29,3.084,2.584,ok,video,0.598,False,False,,,,
P15,AGEM KANAN,4,NAIK,F3,frontal,kiri,332.706,335.29,3.084,2.584,ok,video,1.0,False,False,,,,
P15,AGEM KANAN,4,NAIK,C3,sentral,kiri,332.706,335.29,3.084,2.584,ok,video,1.0,False,False,,,,
P15,AGEM KANAN,4,NAIK,P3,parietal,kiri,332.706,335.29,3.084,2.584,ok,video,1.0,False,False,,,,
P15,AGEM KANAN,4,NAIK,O1,oksipital,kiri,332.706,335.29,3.084,2.584,ok,video,0.0,True,False,-3.174346761212554,-4.522223084295231,-5.744857988817774,-3.1972935620671237
P15,AGEM KANAN,4,NAIK,F7,frontotemporal,kiri,332.706,335.29,3.084,2.584,ok,video,1.0,False,False,,,,
P15,AGEM KANAN,4,NAIK,T3,temporal,kiri,332.706,335.29,3.084,2.584,ok,video,1.0,False,False,,,,
P15,AGEM KANAN,4,NAIK,T5,temporo-posterior,kiri,332.706,335.29,3.084,2.584,ok,video,1.0,False,False,,,,
P15,AGEM KANAN,4,NAIK,Fp2,frontopolar,kanan,332.706,335.29,3.084,2.584,ok,video,0.0,True,False,13.804464883000783,11.591768714431495,10.533232299221794,13.640387139610151
P15,AGEM KANAN,4,NAIK,F4,frontal,kanan,332.706,335.29,3.084,2.584,ok,video,0.0,True,False,15.790380871172388,13.064214103805071,11.556695067288757,15.567543607450041
P15,AGEM KANAN,4,NAIK,C4,sentral,kanan,332.706,335.29,3.084,2.584,ok,video,0.0,True,False,10.22969493674944,8.62872425050945,10.42750906959673,10.877576615328078
P15,AGEM KANAN,4,NAIK,P4,parietal,kanan,332.706,335.29,3.084,2.584,ok,video,0.0,True,False,7.77371102010995,9.327765274381143,9.799114838639085,7.49671684750399
P15,AGEM KANAN,4,NAIK,O2,oksipital,kanan,332.706,335.29,3.084,2.584,ok,video,0.402,False,False,,,,
P15,AGEM KANAN,4,NAIK,F8,frontotemporal,kanan,332.706,335.29,3.084,2.584,ok,video,0.0,True,False,14.119576805389414,12.128101776145353,10.714835758606995,12.635784011003818
P15,AGEM KANAN,4,NAIK,T4,temporal,kanan,332.706,335.29,3.084,2.584,ok,video,0.0,True,False,11.919989363922625,11.082292364046808,10.99245566533639,12.273313645334245
P15,AGEM KANAN,4,NAIK,T6,temporo-posterior,kanan,332.706,335.29,3.084,2.584,ok,video,0.0,True,False,12.780482226667402,11.547932843828029,11.209644642831929,13.660590954431761
P15,AGEM KANAN,4,POST,Fp1,frontopolar,kiri,336.04,337.54,1.5,1.5,ok,video,0.0,True,False,-2.789131473148146,-5.454159179665869,-4.624770561706061,-3.9934336296776323
P15,AGEM KANAN,4,POST,F3,frontal,kiri,336.04,337.54,1.5,1.5,ok,video,1.0,False,False,,,,
P15,AGEM KANAN,4,POST,C3,sentral,kiri,336.04,337.54,1.5,1.5,ok,video,0.94,False,False,,,,
P15,AGEM KANAN,4,POST,P3,parietal,kiri,336.04,337.54,1.5,1.5,ok,video,1.0,False,False,,,,
P15,AGEM KANAN,4,POST,O1,oksipital,kiri,336.04,337.54,1.5,1.5,ok,video,0.0,True,False,-13.336389833499755,-14.213878880749842,-16.639006954792592,-8.409933462308576
P15,AGEM KANAN,4,POST,F7,frontotemporal,kiri,336.04,337.54,1.5,1.5,ok,video,0.0,True,False,-3.3174323877714187,-11.178694346278643,-7.440706794222878,-5.127947978228253
P15,AGEM KANAN,4,POST,T3,temporal,kiri,336.04,337.54,1.5,1.5,ok,video,0.407,False,False,,,,
P15,AGEM KANAN,4,POST,T5,temporo-posterior,kiri,336.04,337.54,1.5,1.5,ok,video,0.807,False,False,,,,
P15,AGEM KANAN,4,POST,Fp2,frontopolar,kanan,336.04,337.54,1.5,1.5,ok,video,0.0,True,False,8.208976337116312,4.999124789122327,6.223458196260701,6.830244613797117
P15,AGEM KANAN,4,POST,F4,frontal,kanan,336.04,337.54,1.5,1.5,ok,video,0.0,True,False,7.2455594057203925,8.643695790477487,9.322246336465462,9.21464006646329
P15,AGEM KANAN,4,POST,C4,sentral,kanan,336.04,337.54,1.5,1.5,ok,video,0.0,True,False,3.9101051293068565,8.565036290232335,11.054482384710965,6.549146932848384
P15,AGEM KANAN,4,POST,P4,parietal,kanan,336.04,337.54,1.5,1.5,ok,video,0.0,True,False,2.303208215729832,7.311644987562417,8.776997246198803,2.457325801133692
P15,AGEM KANAN,4,POST,O2,oksipital,kanan,336.04,337.54,1.5,1.5,ok,video,0.007,True,False,6.349276688902755,8.607507251159412,7.84140221373411,5.713056608260704
P15,AGEM KANAN,4,POST,F8,frontotemporal,kanan,336.04,337.54,1.5,1.5,ok,video,0.0,True,False,6.514999810643758,5.687467946681782,8.812505454441045,8.093883319189938
P15,AGEM KANAN,4,POST,T4,temporal,kanan,336.04,337.54,1.5,1.5,ok,video,0.0,True,False,6.591962221796344,8.378769212892287,8.8879376339071,6.774405416042651
P15,AGEM KANAN,4,POST,T6,temporo-posterior,kanan,336.04,337.54,1.5,1.5,ok,video,0.0,True,False,2.820560477739818,6.561772528438603,7.360708070507041,7.176079002544228
P15,AGEM KIRI,3,PRA,Fp1,frontopolar,kiri,341.885,343.885,2.0,2.0,ok,video,0.5,False,False,,,,
P15,AGEM KIRI,3,PRA,F3,frontal,kiri,341.885,343.885,2.0,2.0,ok,video,0.0,True,False,8.29021969927257,6.436740736567774,4.757250136483211,5.4889162592582466
P15,AGEM KIRI,3,PRA,C3,sentral,kiri,341.885,343.885,2.0,2.0,ok,video,0.0,True,False,5.516264243089559,4.565544515349966,1.4366271183741866,4.240699759058227
P15,AGEM KIRI,3,PRA,P3,parietal,kiri,341.885,343.885,2.0,2.0,ok,video,0.0,True,False,8.566338835255351,6.649174697152176,2.76195834650947,5.83411965763591
P15,AGEM KIRI,3,PRA,O1,oksipital,kiri,341.885,343.885,2.0,2.0,ok,video,0.0,True,False,-1.6381524362074202,0.29044182821718323,-2.0418926877035837,0.018587023195461683
P15,AGEM KIRI,3,PRA,F7,frontotemporal,kiri,341.885,343.885,2.0,2.0,ok,video,0.5,False,False,,,,
P15,AGEM KIRI,3,PRA,T3,temporal,kiri,341.885,343.885,2.0,2.0,ok,video,0.0,True,False,1.304571880925998,1.4532480540421844,0.07629731632183834,3.879213984222048
P15,AGEM KIRI,3,PRA,T5,temporo-posterior,kiri,341.885,343.885,2.0,2.0,ok,video,0.0,True,False,0.24644099296201105,1.9011247714730075,-0.5341921940997416,3.4675589340800848
P15,AGEM KIRI,3,PRA,Fp2,frontopolar,kanan,341.885,343.885,2.0,2.0,ok,video,0.0,True,False,4.067184265047501,3.6572148060047596,5.876395771004315,3.9423851146800963
P15,AGEM KIRI,3,PRA,F4,frontal,kanan,341.885,343.885,2.0,2.0,ok,video,0.185,False,False,,,,
P15,AGEM KIRI,3,PRA,C4,sentral,kanan,341.885,343.885,2.0,2.0,ok,video,0.685,False,False,,,,
P15,AGEM KIRI,3,PRA,P4,parietal,kanan,341.885,343.885,2.0,2.0,ok,video,0.0,True,False,-0.4802429297611255,0.29067233626491173,3.175323793998036,0.652451848065219
P15,AGEM KIRI,3,PRA,O2,oksipital,kanan,341.885,343.885,2.0,2.0,ok,video,0.0,True,False,9.166015934324271,8.016708274319086,5.810621179872182,8.542606990403474
P15,AGEM KIRI,3,PRA,F8,frontotemporal,kanan,341.885,343.885,2.0,2.0,ok,video,0.585,False,False,,,,
P15,AGEM KIRI,3,PRA,T4,temporal,kanan,341.885,343.885,2.0,2.0,ok,video,0.0,True,False,9.085610049789459,8.437887195731626,6.489149235616562,8.555377476113865
P15,AGEM KIRI,3,PRA,T6,temporo-posterior,kanan,341.885,343.885,2.0,2.0,ok,video,0.0,True,False,6.705146749355137,0.46802620894832003,-0.6800218030407947,5.80139083565183
P15,AGEM KIRI,3,TURUN,Fp1,frontopolar,kiri,344.734,345.278,0.776,0.543,ok,video,0.778,False,False,,,,
P15,AGEM KIRI,3,TURUN,F3,frontal,kiri,344.734,345.278,0.776,0.543,ok,video,0.0,True,False,8.239763648476668,3.5907719393660784,-0.3677791107651629,2.9492307931887645
P15,AGEM KIRI,3,TURUN,C3,sentral,kiri,344.734,345.278,0.776,0.543,ok,video,0.778,False,False,,,,
P15,AGEM KIRI,3,TURUN,P3,parietal,kiri,344.734,345.278,0.776,0.543,ok,video,0.407,False,False,,,,
P15,AGEM KIRI,3,TURUN,O1,oksipital,kiri,344.734,345.278,0.776,0.543,ok,video,0.0,True,False,4.205429024887387,0.018892304010034167,0.1769105603027299,3.3065349734491676
P15,AGEM KIRI,3,TURUN,F7,frontotemporal,kiri,344.734,345.278,0.776,0.543,ok,video,0.593,False,False,,,,
P15,AGEM KIRI,3,TURUN,T3,temporal,kiri,344.734,345.278,0.776,0.543,ok,video,0.778,False,False,,,,
P15,AGEM KIRI,3,TURUN,T5,temporo-posterior,kiri,344.734,345.278,0.776,0.543,ok,video,0.407,False,False,,,,
P15,AGEM KIRI,3,TURUN,Fp2,frontopolar,kanan,344.734,345.278,0.776,0.543,ok,video,0.0,True,False,13.567751292285315,5.591243711173064,10.169114852168754,12.665144565855716
P15,AGEM KIRI,3,TURUN,F4,frontal,kanan,344.734,345.278,0.776,0.543,ok,video,0.0,True,False,10.996608158880463,14.281672028130068,12.863955222262753,14.154516372785103
P15,AGEM KIRI,3,TURUN,C4,sentral,kanan,344.734,345.278,0.776,0.543,ok,video,0.0,True,False,6.6564158026911855,6.537829256294344,7.849187561181573,6.939633528344306
P15,AGEM KIRI,3,TURUN,P4,parietal,kanan,344.734,345.278,0.776,0.543,ok,video,0.0,True,False,8.222721021426665,9.739429325406292,8.409385097303748,7.75877165557079
P15,AGEM KIRI,3,TURUN,O2,oksipital,kanan,344.734,345.278,0.776,0.543,ok,video,0.0,True,False,8.011392777508576,8.375848093962894,9.825815499549652,6.757909527029366
P15,AGEM KIRI,3,TURUN,F8,frontotemporal,kanan,344.734,345.278,0.776,0.543,ok,video,0.0,True,False,10.350791609321604,12.06847363357124,6.968701368848414,9.408767097183574
P15,AGEM KIRI,3,TURUN,T4,temporal,kanan,344.734,345.278,0.776,0.543,ok,video,0.0,True,False,11.057504536994998,10.629531985047755,8.937917420606691,10.757995250606992
P15,AGEM KIRI,3,TURUN,T6,temporo-posterior,kanan,344.734,345.278,0.776,0.543,ok,video,0.0,True,False,10.607895148927426,12.913052960667272,14.802351410171081,16.710831408904838
P15,AGEM KIRI,3,TAHAN,Fp1,frontopolar,kiri,345.644,348.386,3.242,2.742,ok,video,0.588,False,False,,,,
P15,AGEM KIRI,3,TAHAN,F3,frontal,kiri,345.644,348.386,3.242,2.742,ok,video,0.923,False,False,,,,
P15,AGEM KIRI,3,TAHAN,C3,sentral,kiri,345.644,348.386,3.242,2.742,ok,video,1.0,False,False,,,,
P15,AGEM KIRI,3,TAHAN,P3,parietal,kiri,345.644,348.386,3.242,2.742,ok,video,1.0,False,False,,,,
P15,AGEM KIRI,3,TAHAN,O1,oksipital,kiri,345.644,348.386,3.242,2.742,ok,video,0.0,True,False,-6.997677010398654,-4.282655826327794,-5.905900036632527,-2.881076601543043
P15,AGEM KIRI,3,TAHAN,F7,frontotemporal,kiri,345.644,348.386,3.242,2.742,ok,video,0.876,False,False,,,,
P15,AGEM KIRI,3,TAHAN,T3,temporal,kiri,345.644,348.386,3.242,2.742,ok,video,1.0,False,False,,,,
P15,AGEM KIRI,3,TAHAN,T5,temporo-posterior,kiri,345.644,348.386,3.242,2.742,ok,video,1.0,False,False,,,,
P15,AGEM KIRI,3,TAHAN,Fp2,frontopolar,kanan,345.644,348.386,3.242,2.742,ok,video,0.0,True,False,7.733248146113432,6.146291939453448,4.957777769579156,7.899469077229245
P15,AGEM KIRI,3,TAHAN,F4,frontal,kanan,345.644,348.386,3.242,2.742,ok,video,0.146,False,False,,,,
P15,AGEM KIRI,3,TAHAN,C4,sentral,kanan,345.644,348.386,3.242,2.742,ok,video,0.0,True,False,-0.628506118925813,-1.1860095244940219,-0.21220765173442402,1.438606800890927
P15,AGEM KIRI,3,TAHAN,P4,parietal,kanan,345.644,348.386,3.242,2.742,ok,video,0.584,False,False,,,,
P15,AGEM KIRI,3,TAHAN,O2,oksipital,kanan,345.644,348.386,3.242,2.742,ok,video,0.803,False,False,,,,
P15,AGEM KIRI,3,TAHAN,F8,frontotemporal,kanan,345.644,348.386,3.242,2.742,ok,video,0.0,True,False,6.1954224913035745,5.227453176721401,7.380217236090644,6.655271516826293
P15,AGEM KIRI,3,TAHAN,T4,temporal,kanan,345.644,348.386,3.242,2.742,ok,video,0.292,False,False,,,,
P15,AGEM KIRI,3,TAHAN,T6,temporo-posterior,kanan,345.644,348.386,3.242,2.742,ok,video,0.0,True,False,13.140950208920358,13.673559885008544,8.792323450213285,12.345673066768327
P15,AGEM KIRI,3,NAIK,Fp1,frontopolar,kiri,348.732,349.178,0.638,0.447,ok,video,0.0,True,False,-1.8728246349773947,-1.9812293976400532,-1.4730304530553404,-0.6307456047526223
P15,AGEM KIRI,3,NAIK,F3,frontal,kiri,348.732,349.178,0.638,0.447,ok,video,1.0,False,False,,,,
P15,AGEM KIRI,3,NAIK,C3,sentral,kiri,348.732,349.178,0.638,0.447,ok,video,1.0,False,False,,,,
P15,AGEM KIRI,3,NAIK,P3,parietal,kiri,348.732,349.178,0.638,0.447,ok,video,1.0,False,False,,,,
P15,AGEM KIRI,3,NAIK,O1,oksipital,kiri,348.732,349.178,0.638,0.447,ok,video,0.0,True,False,-9.34710111553337,-18.31748246215816,-14.108687491982932,-7.846087289708045
P15,AGEM KIRI,3,NAIK,F7,frontotemporal,kiri,348.732,349.178,0.638,0.447,ok,video,0.0,True,False,-0.19527590617281732,-0.9560706233511347,-5.177192155300922,1.0988954878700383
P15,AGEM KIRI,3,NAIK,T3,temporal,kiri,348.732,349.178,0.638,0.447,ok,video,0.0,True,False,-4.523799199415116,-2.8663554925621604,-6.026224670945465,-7.385345176669254
P15,AGEM KIRI,3,NAIK,T5,temporo-posterior,kiri,348.732,349.178,0.638,0.447,ok,video,1.0,False,False,,,,
P15,AGEM KIRI,3,NAIK,Fp2,frontopolar,kanan,348.732,349.178,0.638,0.447,ok,video,0.0,True,False,4.760869208830215,7.172855358995847,1.4255864192372485,4.766099120179856
P15,AGEM KIRI,3,NAIK,F4,frontal,kanan,348.732,349.178,0.638,0.447,ok,video,0.0,True,False,9.580999612421557,6.520075002603164,5.1515438271058684,8.86313364691842
P15,AGEM KIRI,3,NAIK,C4,sentral,kanan,348.732,349.178,0.638,0.447,ok,video,0.0,True,False,2.1611671326619373,2.812658963112156,4.7217675831734525,3.4334160232014916
P15,AGEM KIRI,3,NAIK,P4,parietal,kanan,348.732,349.178,0.638,0.447,ok,video,0.0,True,False,0.9623696134581508,1.41119551631148,1.7849460467022382,-0.27425601715741976
P15,AGEM KIRI,3,NAIK,O2,oksipital,kanan,348.732,349.178,0.638,0.447,ok,video,0.0,True,False,5.976465006997131,-1.8026106900841938,3.565353340153802,5.334445010820712
P15,AGEM KIRI,3,NAIK,F8,frontotemporal,kanan,348.732,349.178,0.638,0.447,ok,video,0.0,True,False,11.033437483857945,4.109083204648485,3.1254110894324327,7.08756714993822
P15,AGEM KIRI,3,NAIK,T4,temporal,kanan,348.732,349.178,0.638,0.447,ok,video,0.0,True,False,2.26919909819474,1.002864970484623,4.335502918297273,5.591046202180092
P15,AGEM KIRI,3,NAIK,T6,temporo-posterior,kanan,348.732,349.178,0.638,0.447,ok,video,0.0,True,False,9.121971866477736,8.532929410955568,8.277908081299056,9.686660061666473
P15,AGEM KIRI,3,POST,Fp1,frontopolar,kiri,349.774,351.274,1.5,1.5,ok,video,0.0,True,False,18.379124073189764,14.746097906911046,9.509877746945065,14.141783647529056
P15,AGEM KIRI,3,POST,F3,frontal,kiri,349.774,351.274,1.5,1.5,ok,video,0.0,True,False,17.52119535462706,19.66709707892168,13.474410116584746,14.37429357689156
P15,AGEM KIRI,3,POST,C3,sentral,kiri,349.774,351.274,1.5,1.5,ok,video,0.0,True,False,22.785753176939117,22.556399288589176,14.396713007639423,17.385080873166782
P15,AGEM KIRI,3,POST,P3,parietal,kiri,349.774,351.274,1.5,1.5,ok,video,0.0,True,False,19.85777292837345,20.366731671163425,13.612029071213637,14.89697932420259
P15,AGEM KIRI,3,POST,O1,oksipital,kiri,349.774,351.274,1.5,1.5,ok,video,0.0,True,False,1.7777769752519674,0.3270253781995862,-5.027120673024605,-0.5156406654681902
P15,AGEM KIRI,3,POST,F7,frontotemporal,kiri,349.774,351.274,1.5,1.5,ok,video,0.0,True,False,24.144734530719454,20.5944453482763,12.596657673692416,19.17901491259427
P15,AGEM KIRI,3,POST,T3,temporal,kiri,349.774,351.274,1.5,1.5,ok,video,0.0,True,False,23.64445371735619,21.176408504907847,15.775076989330188,16.14783135174883
P15,AGEM KIRI,3,POST,T5,temporo-posterior,kiri,349.774,351.274,1.5,1.5,ok,video,0.0,True,False,18.53645684785115,21.537346200583062,12.68341428069899,15.585951774580774
P15,AGEM KIRI,3,POST,Fp2,frontopolar,kanan,349.774,351.274,1.5,1.5,ok,video,0.0,True,False,14.994510507715141,14.808298830340412,16.312453066471058,14.223531970632859
P15,AGEM KIRI,3,POST,F4,frontal,kanan,349.774,351.274,1.5,1.5,ok,video,0.0,True,False,17.890350513855687,16.37809891502956,16.46431234474455,15.564278424197077
P15,AGEM KIRI,3,POST,C4,sentral,kanan,349.774,351.274,1.5,1.5,ok,video,0.0,True,False,14.429795305237164,16.177499481675,13.383709365883405,13.141424451062687
P15,AGEM KIRI,3,POST,P4,parietal,kanan,349.774,351.274,1.5,1.5,ok,video,0.0,True,False,11.646559128801407,14.969618941321137,11.706068298984768,9.60465195974976
P15,AGEM KIRI,3,POST,O2,oksipital,kanan,349.774,351.274,1.5,1.5,ok,video,0.0,True,False,12.713446682301829,12.024524361277528,10.970361434264117,11.593204966908292
P15,AGEM KIRI,3,POST,F8,frontotemporal,kanan,349.774,351.274,1.5,1.5,ok,video,0.0,True,False,13.359873195794876,18.1079355725516,13.676159818868847,13.860118870168993
P15,AGEM KIRI,3,POST,T4,temporal,kanan,349.774,351.274,1.5,1.5,ok,video,0.0,True,False,13.638107289394185,14.812188492221225,13.393545442550067,12.998337970802947
P15,AGEM KIRI,3,POST,T6,temporo-posterior,kanan,349.774,351.274,1.5,1.5,ok,video,0.0,True,False,15.214588964933426,16.857003121048294,12.918365673247163,14.41345948284409
P15,AGEM KIRI,4,PRA,Fp1,frontopolar,kiri,358.443,360.443,2.0,2.0,ok,video,0.0,True,False,15.34909181858653,11.144845990829886,7.794370077132228,13.579641283344404
P15,AGEM KIRI,4,PRA,F3,frontal,kiri,358.443,360.443,2.0,2.0,ok,video,0.405,False,False,,,,
P15,AGEM KIRI,4,PRA,C3,sentral,kiri,358.443,360.443,2.0,2.0,ok,video,0.205,False,False,,,,
P15,AGEM KIRI,4,PRA,P3,parietal,kiri,358.443,360.443,2.0,2.0,ok,video,0.305,False,False,,,,
P15,AGEM KIRI,4,PRA,O1,oksipital,kiri,358.443,360.443,2.0,2.0,ok,video,0.0,True,False,-1.9525811495634322,-3.7730754845832024,-5.768149307487125,-2.70159987254684
P15,AGEM KIRI,4,PRA,F7,frontotemporal,kiri,358.443,360.443,2.0,2.0,ok,video,0.0,True,False,18.15152753629608,19.455701883521865,14.68366917254895,15.890170991314449
P15,AGEM KIRI,4,PRA,T3,temporal,kiri,358.443,360.443,2.0,2.0,ok,video,0.005,True,False,20.219551605996596,19.74839260277703,16.508405849170458,15.999405592040784
P15,AGEM KIRI,4,PRA,T5,temporo-posterior,kiri,358.443,360.443,2.0,2.0,ok,video,0.105,False,False,,,,
P15,AGEM KIRI,4,PRA,Fp2,frontopolar,kanan,358.443,360.443,2.0,2.0,ok,video,0.0,True,False,12.082599783832741,14.241233608372838,9.128105094822153,11.698696606749241
P15,AGEM KIRI,4,PRA,F4,frontal,kanan,358.443,360.443,2.0,2.0,ok,video,0.0,True,False,10.85654381484602,11.178232702708911,8.879059908202667,9.831124403697906
P15,AGEM KIRI,4,PRA,C4,sentral,kanan,358.443,360.443,2.0,2.0,ok,video,0.0,True,False,8.780269238721615,9.8319522365774,6.4934755240229265,7.525411939968794
P15,AGEM KIRI,4,PRA,P4,parietal,kanan,358.443,360.443,2.0,2.0,ok,video,0.0,True,False,3.7933945636568183,9.151981553792574,5.774373054358563,5.208234017371545
P15,AGEM KIRI,4,PRA,O2,oksipital,kanan,358.443,360.443,2.0,2.0,ok,video,0.005,True,False,8.512127611440988,7.8691368983042125,7.650487592809828,7.615167908997474
P15,AGEM KIRI,4,PRA,F8,frontotemporal,kanan,358.443,360.443,2.0,2.0,ok,video,0.0,True,False,9.182382212767287,7.648236842084653,6.306266923891837,9.740110416754252
P15,AGEM KIRI,4,PRA,T4,temporal,kanan,358.443,360.443,2.0,2.0,ok,video,0.0,True,False,8.751651055087152,8.763741318134343,6.505733898354492,7.944575523673816
P15,AGEM KIRI,4,PRA,T6,temporo-posterior,kanan,358.443,360.443,2.0,2.0,ok,video,0.0,True,False,13.714248630139537,9.185576273711732,9.53554605332506,12.081199834442693
P15,AGEM KIRI,4,TURUN,Fp1,frontopolar,kiri,360.672,361.74,1.526,1.068,ok,video,0.0,True,False,8.709639984098885,3.3334926433282277,1.8379829861133246,7.133138738282778
P15,AGEM KIRI,4,TURUN,F3,frontal,kiri,360.672,361.74,1.526,1.068,ok,video,0.0,True,False,16.062073756427587,18.297081661499828,14.042917689468535,14.396974366466537
P15,AGEM KIRI,4,TURUN,C3,sentral,kiri,360.672,361.74,1.526,1.068,ok,video,0.0,True,False,13.973489355837927,10.504883891729484,9.027672579387211,10.307945984342052
P15,AGEM KIRI,4,TURUN,P3,parietal,kiri,360.672,361.74,1.526,1.068,ok,video,0.0,True,False,15.846423002479362,9.316891990220011,10.642865615720776,11.623437394447393
P15,AGEM KIRI,4,TURUN,O1,oksipital,kiri,360.672,361.74,1.526,1.068,ok,video,0.0,True,False,-5.523805082746684,-5.5230709523361945,-5.768576127818129,-3.1803339786551774
P15,AGEM KIRI,4,TURUN,F7,frontotemporal,kiri,360.672,361.74,1.526,1.068,ok,video,0.0,True,False,13.802165100212228,10.387357757174588,8.149498026469182,11.348302934999225
P15,AGEM KIRI,4,TURUN,T3,temporal,kiri,360.672,361.74,1.526,1.068,ok,video,0.0,True,False,14.606023413874421,11.05742977769664,7.696701102646713,10.445881410285924
P15,AGEM KIRI,4,TURUN,T5,temporo-posterior,kiri,360.672,361.74,1.526,1.068,ok,video,0.0,True,False,12.867311800778033,11.312852127706709,8.666415512612993,11.258728469588025
P15,AGEM KIRI,4,TURUN,Fp2,frontopolar,kanan,360.672,361.74,1.526,1.068,ok,video,0.0,True,False,5.790772442682339,11.579672649238901,9.847710923211679,8.149657532005438
P15,AGEM KIRI,4,TURUN,F4,frontal,kanan,360.672,361.74,1.526,1.068,ok,video,0.0,True,False,3.593548719619889,9.437392435699117,12.273564086029182,9.132648220289
P15,AGEM KIRI,4,TURUN,C4,sentral,kanan,360.672,361.74,1.526,1.068,ok,video,0.0,True,False,1.7637545747817072,5.648547530034939,6.556272777247674,8.299529253704709
P15,AGEM KIRI,4,TURUN,P4,parietal,kanan,360.672,361.74,1.526,1.068,ok,video,0.0,True,False,7.100563480616806,9.421779293552753,10.751621039572804,7.517167829633038
P15,AGEM KIRI,4,TURUN,O2,oksipital,kanan,360.672,361.74,1.526,1.068,ok,video,0.0,True,False,9.95384897622084,14.92392786890418,14.445019398964877,11.212856588354231
P15,AGEM KIRI,4,TURUN,F8,frontotemporal,kanan,360.672,361.74,1.526,1.068,ok,video,0.0,True,False,6.971513285985488,7.566762299110717,8.359573794620779,8.418903506483378
P15,AGEM KIRI,4,TURUN,T4,temporal,kanan,360.672,361.74,1.526,1.068,ok,video,0.0,True,False,9.93315239741888,12.326049390809018,10.939297755948193,10.155697025756115
P15,AGEM KIRI,4,TURUN,T6,temporo-posterior,kanan,360.672,361.74,1.526,1.068,ok,video,0.0,True,False,10.582569731851756,12.131535066222206,12.370900322647802,13.297191767336713
P15,AGEM KIRI,4,TAHAN,Fp1,frontopolar,kiri,362.219,364.383,2.664,2.164,ok,video,0.889,False,False,,,,
P15,AGEM KIRI,4,TAHAN,F3,frontal,kiri,362.219,364.383,2.664,2.164,ok,video,0.0,True,False,5.034637987669438,6.145414293261005,3.158303796887491,4.902638012124257
P15,AGEM KIRI,4,TAHAN,C3,sentral,kiri,362.219,364.383,2.664,2.164,ok,video,0.244,False,False,,,,
P15,AGEM KIRI,4,TAHAN,P3,parietal,kiri,362.219,364.383,2.664,2.164,ok,video,0.336,False,False,,,,
P15,AGEM KIRI,4,TAHAN,O1,oksipital,kiri,362.219,364.383,2.664,2.164,ok,video,0.0,True,False,-0.37285893856699914,0.19289573768247692,-1.6268256678676458,2.0463339569919157
P15,AGEM KIRI,4,TAHAN,F7,frontotemporal,kiri,362.219,364.383,2.664,2.164,ok,video,0.797,False,False,,,,
P15,AGEM KIRI,4,TAHAN,T3,temporal,kiri,362.219,364.383,2.664,2.164,ok,video,0.521,False,False,,,,
P15,AGEM KIRI,4,TAHAN,T5,temporo-posterior,kiri,362.219,364.383,2.664,2.164,ok,video,0.429,False,False,,,,
P15,AGEM KIRI,4,TAHAN,Fp2,frontopolar,kanan,362.219,364.383,2.664,2.164,ok,video,0.613,False,False,,,,
P15,AGEM KIRI,4,TAHAN,F4,frontal,kanan,362.219,364.383,2.664,2.164,ok,video,0.0,True,False,1.1987549315042543,-1.3060454799760386,-2.0387569779408032,5.276190906629722
P15,AGEM KIRI,4,TAHAN,C4,sentral,kanan,362.219,364.383,2.664,2.164,ok,video,0.0,True,False,-3.57724289625601,-3.3616491522182343,-1.2307624950715308,-4.51093874662563
P15,AGEM KIRI,4,TAHAN,P4,parietal,kanan,362.219,364.383,2.664,2.164,ok,video,0.06,True,False,-0.6913053742743855,0.1394645954982323,-0.1772897941811138,0.6441088856393122
P15,AGEM KIRI,4,TAHAN,O2,oksipital,kanan,362.219,364.383,2.664,2.164,ok,video,0.244,False,False,,,,
P15,AGEM KIRI,4,TAHAN,F8,frontotemporal,kanan,362.219,364.383,2.664,2.164,ok,video,0.0,True,False,-4.1999134199758394,-0.4027997882003511,-2.2973096860432562,-1.1515785625113146
P15,AGEM KIRI,4,TAHAN,T4,temporal,kanan,362.219,364.383,2.664,2.164,ok,video,0.0,True,False,1.2325946115191364,-0.8699317030104865,1.0176474009468102,4.962943238474889
P15,AGEM KIRI,4,TAHAN,T6,temporo-posterior,kanan,362.219,364.383,2.664,2.164,ok,video,0.0,True,False,-1.0945800967585697,-4.245822331692089,-2.4067629240953075,1.1429771445973742
P15,AGEM KIRI,4,NAIK,Fp1,frontopolar,kiri,364.806,365.615,1.155,0.809,ok,video,0.802,False,False,,,,
P15,AGEM KIRI,4,NAIK,F3,frontal,kiri,364.806,365.615,1.155,0.809,ok,video,1.0,False,False,,,,
P15,AGEM KIRI,4,NAIK,C3,sentral,kiri,364.806,365.615,1.155,0.809,ok,video,1.0,False,False,,,,
P15,AGEM KIRI,4,NAIK,P3,parietal,kiri,364.806,365.615,1.155,0.809,ok,video,1.0,False,False,,,,
P15,AGEM KIRI,4,NAIK,O1,oksipital,kiri,364.806,365.615,1.155,0.809,ok,video,0.444,False,False,,,,
P15,AGEM KIRI,4,NAIK,F7,frontotemporal,kiri,364.806,365.615,1.155,0.809,ok,video,1.0,False,False,,,,
P15,AGEM KIRI,4,NAIK,T3,temporal,kiri,364.806,365.615,1.155,0.809,ok,video,1.0,False,False,,,,
P15,AGEM KIRI,4,NAIK,T5,temporo-posterior,kiri,364.806,365.615,1.155,0.809,ok,video,1.0,False,False,,,,
P15,AGEM KIRI,4,NAIK,Fp2,frontopolar,kanan,364.806,365.615,1.155,0.809,ok,video,0.0,True,False,10.398604829677048,7.058475984531924,6.132759676339074,13.338014787646681
P15,AGEM KIRI,4,NAIK,F4,frontal,kanan,364.806,365.615,1.155,0.809,ok,video,0.0,True,False,3.987661857196585,4.249493435153273,3.6610444417788734,7.46324248103101
P15,AGEM KIRI,4,NAIK,C4,sentral,kanan,364.806,365.615,1.155,0.809,ok,video,0.0,True,False,2.2155910903730316,1.0866174784044205,2.4859032868295152,4.119481336576104
P15,AGEM KIRI,4,NAIK,P4,parietal,kanan,364.806,365.615,1.155,0.809,ok,video,0.556,False,False,,,,
P15,AGEM KIRI,4,NAIK,O2,oksipital,kanan,364.806,365.615,1.155,0.809,ok,video,0.062,True,False,6.98076341417417,4.477069482892588,4.0202941655354145,8.003425307438395
P15,AGEM KIRI,4,NAIK,F8,frontotemporal,kanan,364.806,365.615,1.155,0.809,ok,video,0.0,True,False,8.025563075053213,10.688308430190983,6.413539441547428,7.043689607418056
P15,AGEM KIRI,4,NAIK,T4,temporal,kanan,364.806,365.615,1.155,0.809,ok,video,0.0,True,False,6.83409291582764,5.117927647107248,3.9428207091839482,9.27606303430164
P15,AGEM KIRI,4,NAIK,T6,temporo-posterior,kanan,364.806,365.615,1.155,0.809,ok,video,0.0,True,False,13.520326746730326,13.690750886768889,4.888624756643139,10.92142998363314
P15,AGEM KIRI,4,POST,Fp1,frontopolar,kiri,366.288,367.788,1.5,1.5,ok,video,0.0,True,False,8.192390965478701,9.299617648852355,6.616799682862471,8.947893181055601
P15,AGEM KIRI,4,POST,F3,frontal,kiri,366.288,367.788,1.5,1.5,ok,video,0.0,True,False,8.665059426555572,12.03726706661421,11.63907923806747,7.734387868857475
P15,AGEM KIRI,4,POST,C3,sentral,kiri,366.288,367.788,1.5,1.5,ok,video,0.0,True,False,12.288379312648935,14.405518097298874,12.428446036187395,10.201505327867597
P15,AGEM KIRI,4,POST,P3,parietal,kiri,366.288,367.788,1.5,1.5,ok,video,0.0,True,False,10.278293664467192,11.89890404900257,10.698908992857202,6.869728474082617
P15,AGEM KIRI,4,POST,O1,oksipital,kiri,366.288,367.788,1.5,1.5,ok,video,0.0,True,False,-3.03484053678012,-2.5857455022348397,-5.058430747950801,-2.316315184231673
P15,AGEM KIRI,4,POST,F7,frontotemporal,kiri,366.288,367.788,1.5,1.5,ok,video,0.0,True,False,14.404520042931246,17.384249601370218,9.56177905058086,13.084754134358022
P15,AGEM KIRI,4,POST,T3,temporal,kiri,366.288,367.788,1.5,1.5,ok,video,0.0,True,False,11.10612719689178,13.29429544324271,9.70962544679228,9.900018513526884
P15,AGEM KIRI,4,POST,T5,temporo-posterior,kiri,366.288,367.788,1.5,1.5,ok,video,0.0,True,False,14.127184463902921,16.530943837166102,10.991798425573794,11.05320130132456
P15,AGEM KIRI,4,POST,Fp2,frontopolar,kanan,366.288,367.788,1.5,1.5,ok,video,0.0,True,False,14.926246884135281,12.230247231368047,8.716372201866719,12.716096183392235
P15,AGEM KIRI,4,POST,F4,frontal,kanan,366.288,367.788,1.5,1.5,ok,video,0.0,True,False,13.793802318022436,10.895210674637077,12.1499365371468,13.422601034580488
P15,AGEM KIRI,4,POST,C4,sentral,kanan,366.288,367.788,1.5,1.5,ok,video,0.0,True,False,14.22843723362454,12.426415546924254,13.639447581601551,13.344419714381946
P15,AGEM KIRI,4,POST,P4,parietal,kanan,366.288,367.788,1.5,1.5,ok,video,0.0,True,False,6.757589938242781,8.675995375726792,6.486801508367037,5.24276649641142
P15,AGEM KIRI,4,POST,O2,oksipital,kanan,366.288,367.788,1.5,1.5,ok,video,0.0,True,False,11.070717427609956,12.209729037923573,9.643655164646315,9.640476366861424
P15,AGEM KIRI,4,POST,F8,frontotemporal,kanan,366.288,367.788,1.5,1.5,ok,video,0.0,True,False,13.605737879049201,10.402806447428059,8.387328531820778,14.592731402908324
P15,AGEM KIRI,4,POST,T4,temporal,kanan,366.288,367.788,1.5,1.5,ok,video,0.0,True,False,11.675498065127236,11.542911397758473,8.19335534456663,9.523567509692288
P15,AGEM KIRI,4,POST,T6,temporo-posterior,kanan,366.288,367.788,1.5,1.5,ok,video,0.0,True,False,11.90205536143889,11.898634937093107,14.930844512111488,10.988432157822125
