participant_id,task,rep,phase,channel,area,hemisphere,t0_video,t1_video,dur_phase_sec,win_sec,compliance,phase_source,flat_frac,valid,is_simulated,theta_db,mu_db,beta_db,broad_db
P18,NGEED,1,PRA,Fp1,frontopolar,kiri,3.963,5.963,2.0,2.0,late,video,0.0,True,False,-9.49734711071321,-5.547293423459163,-4.132215293490111,-9.17577681177567
P18,NGEED,1,PRA,F3,frontal,kiri,3.963,5.963,2.0,2.0,late,video,1.0,False,False,,,,
P18,NGEED,1,PRA,C3,sentral,kiri,3.963,5.963,2.0,2.0,late,video,1.0,False,False,,,,
P18,NGEED,1,PRA,P3,parietal,kiri,3.963,5.963,2.0,2.0,late,video,1.0,False,False,,,,
P18,NGEED,1,PRA,O1,oksipital,kiri,3.963,5.963,2.0,2.0,late,video,1.0,False,False,,,,
P18,NGEED,1,PRA,F7,frontotemporal,kiri,3.963,5.963,2.0,2.0,late,video,0.0,True,False,-10.487425113799993,-10.473802646884977,-7.139095640753741,-11.55477324523224
P18,NGEED,1,PRA,T3,temporal,kiri,3.963,5.963,2.0,2.0,late,video,0.0,True,False,-8.146923557319106,-3.0766486189948665,-3.7249025388812775,-5.520800903203828
P18,NGEED,1,PRA,T5,temporo-posterior,kiri,3.963,5.963,2.0,2.0,late,video,1.0,False,False,,,,
P18,NGEED,1,PRA,Fp2,frontopolar,kanan,3.963,5.963,2.0,2.0,late,video,0.0,True,False,-10.205421880481076,-6.692292891035148,-3.1920878913565573,-8.078715105319969
P18,NGEED,1,PRA,F4,frontal,kanan,3.963,5.963,2.0,2.0,late,video,0.0,True,False,-10.441334657764369,-4.602203103169337,-1.3146781877879263,-8.197598936369761
P18,NGEED,1,PRA,C4,sentral,kanan,3.963,5.963,2.0,2.0,late,video,0.0,True,False,-7.9027147600678305,-4.151118649942539,-1.408579672097133,-3.500585586133827
P18,NGEED,1,PRA,P4,parietal,kanan,3.963,5.963,2.0,2.0,late,video,0.0,True,False,-10.612417575406923,-9.320395517571324,-7.9223922315442366,-11.760390463583647
P18,NGEED,1,PRA,O2,oksipital,kanan,3.963,5.963,2.0,2.0,late,video,1.0,False,False,,,,
P18,NGEED,1,PRA,F8,frontotemporal,kanan,3.963,5.963,2.0,2.0,late,video,0.2,False,False,,,,
P18,NGEED,1,PRA,T4,temporal,kanan,3.963,5.963,2.0,2.0,late,video,1.0,False,False,,,,
P18,NGEED,1,PRA,T6,temporo-posterior,kanan,3.963,5.963,2.0,2.0,late,video,0.445,False,False,,,,
P18,NGEED,1,TURUN,Fp1,frontopolar,kiri,8.422,9.921,1.999,1.499,late,video,0.0,True,False,0.8959958980583735,1.9291880019096652,1.0698176453768689,0.8011871209519406
P18,NGEED,1,TURUN,F3,frontal,kiri,8.422,9.921,1.999,1.499,late,video,0.0,True,False,1.635462671037402,6.871939633052378,3.209055531622912,2.462601558669057
P18,NGEED,1,TURUN,C3,sentral,kiri,8.422,9.921,1.999,1.499,late,video,0.0,True,False,-1.302552385129573,-0.6030698159297927,-3.6788061053954983,-2.032760599573539
P18,NGEED,1,TURUN,P3,parietal,kiri,8.422,9.921,1.999,1.499,late,video,0.02,True,False,-3.5191961810898036,-1.263186551397503,-1.8266241602730737,-3.0875411126914756
P18,NGEED,1,TURUN,O1,oksipital,kiri,8.422,9.921,1.999,1.499,late,video,0.0,True,False,2.4704637757967376,-0.7585271640814,-0.3625548680054962,-0.20934948887166982
P18,NGEED,1,TURUN,F7,frontotemporal,kiri,8.422,9.921,1.999,1.499,late,video,0.0,True,False,6.701749472276923,5.188515723480549,3.5576493875882065,4.451134407370233
P18,NGEED,1,TURUN,T3,temporal,kiri,8.422,9.921,1.999,1.499,late,video,0.0,True,False,5.504979922199688,4.040349880387474,-1.5968011437026952,6.829265456209704
P18,NGEED,1,TURUN,T5,temporo-posterior,kiri,8.422,9.921,1.999,1.499,late,video,0.0,True,False,1.6533361217171318,3.557942412164998,1.9526383210889087,2.847208777672229
P18,NGEED,1,TURUN,Fp2,frontopolar,kanan,8.422,9.921,1.999,1.499,late,video,0.0,True,False,3.2676991911967157,3.679193625358849,1.142831787455684,2.667328605533335
P18,NGEED,1,TURUN,F4,frontal,kanan,8.422,9.921,1.999,1.499,late,video,0.0,True,False,3.8066139097094265,3.0637449261633094,4.5875279085737475,3.8970349444048082
P18,NGEED,1,TURUN,C4,sentral,kanan,8.422,9.921,1.999,1.499,late,video,0.0,True,False,0.922867012212528,-0.051912783720901245,2.083653848893359,1.5041423678066579
P18,NGEED,1,TURUN,P4,parietal,kanan,8.422,9.921,1.999,1.499,late,video,0.0,True,False,2.255787029761514,4.72195450626063,2.0931274459890723,1.1766999875613067
P18,NGEED,1,TURUN,O2,oksipital,kanan,8.422,9.921,1.999,1.499,late,video,0.0,True,False,-0.23407249418206533,2.1643184440292167,3.176305731827224,0.8595656900451303
P18,NGEED,1,TURUN,F8,frontotemporal,kanan,8.422,9.921,1.999,1.499,late,video,0.0,True,False,6.6946839132765845,5.51903677056778,3.202323674601871,4.634779591803522
P18,NGEED,1,TURUN,T4,temporal,kanan,8.422,9.921,1.999,1.499,late,video,0.0,True,False,0.5522331847307598,0.35128358636125157,0.21012786398618388,0.30118093955779557
P18,NGEED,1,TURUN,T6,temporo-posterior,kanan,8.422,9.921,1.999,1.499,late,video,0.0,True,False,4.606053707644939,5.297721278175523,3.710874004385648,4.373754118791268
P18,NGEED,1,TAHAN,Fp1,frontopolar,kiri,10.411,11.528,1.597,1.118,late,video,0.0,True,False,-7.82340333140349,-2.629543885067921,0.9271144181648836,-5.671980376030504
P18,NGEED,1,TAHAN,F3,frontal,kiri,10.411,11.528,1.597,1.118,late,video,0.0,True,False,-6.231568499424299,-5.879145362838248,-0.8395763442789423,-5.253849304427362
P18,NGEED,1,TAHAN,C3,sentral,kiri,10.411,11.528,1.597,1.118,late,video,0.0,True,False,-8.15611431528652,-5.963358982190336,-7.88856199443676,-8.577204427524578
P18,NGEED,1,TAHAN,P3,parietal,kiri,10.411,11.528,1.597,1.118,late,video,0.0,True,False,-1.5625523185351682,-2.51864428551605,-2.0935153002158984,-4.549386075800715
P18,NGEED,1,TAHAN,O1,oksipital,kiri,10.411,11.528,1.597,1.118,late,video,0.0,True,False,-5.096339747076634,-4.327490778573772,-3.276081383583559,-6.884359935441591
P18,NGEED,1,TAHAN,F7,frontotemporal,kiri,10.411,11.528,1.597,1.118,late,video,0.0,True,False,3.536914449460923,-0.22888169306829553,1.3676389084954224,0.6664428654620167
P18,NGEED,1,TAHAN,T3,temporal,kiri,10.411,11.528,1.597,1.118,late,video,0.0,True,False,-2.8566863822273163,-3.5833487294137676,-2.0648034903695063,-2.5919390025824995
P18,NGEED,1,TAHAN,T5,temporo-posterior,kiri,10.411,11.528,1.597,1.118,late,video,0.0,True,False,-1.6619320951960432,-3.3491006282287046,-3.094341993645596,-4.699108617838505
P18,NGEED,1,TAHAN,Fp2,frontopolar,kanan,10.411,11.528,1.597,1.118,late,video,0.0,True,False,-2.785356844815116,0.158562778447358,1.4508371159000575,-1.9262292262082
P18,NGEED,1,TAHAN,F4,frontal,kanan,10.411,11.528,1.597,1.118,late,video,0.0,True,False,-0.8208098997300795,0.8176734108648773,0.9342603486074665,-1.109166356318191
P18,NGEED,1,TAHAN,C4,sentral,kanan,10.411,11.528,1.597,1.118,late,video,0.0,True,False,-7.040182013008717,-5.989491495752073,-2.055504915805212,-5.226797809775313
P18,NGEED,1,TAHAN,P4,parietal,kanan,10.411,11.528,1.597,1.118,late,video,0.0,True,False,-0.45288660967105443,0.8074050021216834,0.2359050661862554,-0.6831848671023764
P18,NGEED,1,TAHAN,O2,oksipital,kanan,10.411,11.528,1.597,1.118,late,video,0.0,True,False,-5.400323935476809,0.8891180931650347,0.25694061009557956,-5.15669788735859
P18,NGEED,1,TAHAN,F8,frontotemporal,kanan,10.411,11.528,1.597,1.118,late,video,0.0,True,False,-4.501331023902111,-4.329864537782981,-2.013892532058822,-6.4425165437975345
P18,NGEED,1,TAHAN,T4,temporal,kanan,10.411,11.528,1.597,1.118,late,video,0.0,True,False,-6.842174927781532,-5.710379553738367,-4.196370238161979,-6.280812551480025
P18,NGEED,1,TAHAN,T6,temporo-posterior,kanan,10.411,11.528,1.597,1.118,late,video,0.0,True,False,-0.6560687651847843,-0.8930450588554208,-2.8045709762469073,-3.5903567133411016
P18,NGEED,1,NAIK,Fp1,frontopolar,kiri,12.018,13.726,2.208,1.708,late,video,0.0,True,False,-8.009475792151818,-1.6499112951453654,-0.6939590299540477,-2.395015258379466
P18,NGEED,1,NAIK,F3,frontal,kiri,12.018,13.726,2.208,1.708,late,video,0.0,True,False,-2.1489343848911133,0.8333129057071247,2.304500899347243,1.2742432553149285
P18,NGEED,1,NAIK,C3,sentral,kiri,12.018,13.726,2.208,1.708,late,video,0.0,True,False,-3.4133682327043076,-2.0705504750249446,-5.343243145511881,-3.425083755665586
P18,NGEED,1,NAIK,P3,parietal,kiri,12.018,13.726,2.208,1.708,late,video,0.0,True,False,-4.859597589512095,-0.11430506249280725,-3.2708994654070054,-3.08417311763807
P18,NGEED,1,NAIK,O1,oksipital,kiri,12.018,13.726,2.208,1.708,late,video,0.0,True,False,-3.5578639236306024,-2.592861923368595,-2.2354029379861373,-5.168028182641532
P18,NGEED,1,NAIK,F7,frontotemporal,kiri,12.018,13.726,2.208,1.708,late,video,0.0,True,False,1.5015546657415157,-1.9265079059802446,-1.561414720573989,0.28741889258076014
P18,NGEED,1,NAIK,T3,temporal,kiri,12.018,13.726,2.208,1.708,late,video,0.0,True,False,-2.0085400358313947,-2.9447612614791474,-2.3266398218229263,-1.8604734263108398
P18,NGEED,1,NAIK,T5,temporo-posterior,kiri,12.018,13.726,2.208,1.708,late,video,0.0,True,False,-2.871801235009258,-3.5513921388191427,-2.996998280715186,-5.539815744276339
P18,NGEED,1,NAIK,Fp2,frontopolar,kanan,12.018,13.726,2.208,1.708,late,video,0.0,True,False,-0.5793351751148386,-0.7909377809461233,1.2961912804646047,-0.8406304470685342
P18,NGEED,1,NAIK,F4,frontal,kanan,12.018,13.726,2.208,1.708,late,video,0.0,True,False,-0.11563016945905957,-1.9856655183297818,3.3704541701584425,-0.812586678387035
P18,NGEED,1,NAIK,C4,sentral,kanan,12.018,13.726,2.208,1.708,late,video,0.0,True,False,-6.7888177916942,-4.461519495542493,0.007595319636930498,-4.3960048935838
P18,NGEED,1,NAIK,P4,parietal,kanan,12.018,13.726,2.208,1.708,late,video,0.0,True,False,-2.859964464381399,1.983434219635349,2.8540038155674807,-2.219930875411592
P18,NGEED,1,NAIK,O2,oksipital,kanan,12.018,13.726,2.208,1.708,late,video,0.0,True,False,0.437214973280021,0.22737828846659625,0.5822702233129071,-0.9587544606910825
P18,NGEED,1,NAIK,F8,frontotemporal,kanan,12.018,13.726,2.208,1.708,late,video,0.0,True,False,-5.46994476871096,-2.9808976977420407,1.141614241572956,-4.331000664832551
P18,NGEED,1,NAIK,T4,temporal,kanan,12.018,13.726,2.208,1.708,late,video,0.0,True,False,-4.712579475629244,-4.850626381705691,0.3991375118579086,-5.201645657147029
P18,NGEED,1,NAIK,T6,temporo-posterior,kanan,12.018,13.726,2.208,1.708,late,video,0.0,True,False,-2.546706546755175,-0.994796750081619,0.3115779725676511,-2.7668751256654964
P18,NGEED,1,POST,Fp1,frontopolar,kiri,14.476,15.976,1.5,1.5,late,video,0.0,True,False,3.0665702227704656,1.790913738263523,0.799968513075715,2.1613511588705308
P18,NGEED,1,POST,F3,frontal,kiri,14.476,15.976,1.5,1.5,late,video,0.0,True,False,6.497293408514189,6.898463052486328,7.719834807139385,6.059036589826192
P18,NGEED,1,POST,C3,sentral,kiri,14.476,15.976,1.5,1.5,late,video,0.0,True,False,-1.8716676354886488,-0.7659108737529934,-2.433062948016584,-2.6502190084920585
P18,NGEED,1,POST,P3,parietal,kiri,14.476,15.976,1.5,1.5,late,video,0.0,True,False,-0.9783460565728817,-2.9662816832275176,-2.435537764907508,-2.9881417368051153
P18,NGEED,1,POST,O1,oksipital,kiri,14.476,15.976,1.5,1.5,late,video,0.0,True,False,6.46873906147033,6.556544484071182,0.2813672139758978,4.019781971033275
P18,NGEED,1,POST,F7,frontotemporal,kiri,14.476,15.976,1.5,1.5,late,video,0.0,True,False,5.749923918572428,4.809098890041895,3.1144108042624907,3.9243065573677143
P18,NGEED,1,POST,T3,temporal,kiri,14.476,15.976,1.5,1.5,late,video,0.0,True,False,1.6392432260097678,-1.8870469834327182,-3.1054645502943785,1.164256004430186
P18,NGEED,1,POST,T5,temporo-posterior,kiri,14.476,15.976,1.5,1.5,late,video,0.0,True,False,0.3005825924508514,-0.729662277496324,-2.6319553301236773,-1.634824029512302
P18,NGEED,1,POST,Fp2,frontopolar,kanan,14.476,15.976,1.5,1.5,late,video,0.0,True,False,-1.4016912017820182,-0.8372979709160973,0.6074060727179926,-1.0589181834646872
P18,NGEED,1,POST,F4,frontal,kanan,14.476,15.976,1.5,1.5,late,video,0.0,True,False,-2.6070288617877537,0.07476109621936189,1.0202978861951983,-0.5655674038989318
P18,NGEED,1,POST,C4,sentral,kanan,14.476,15.976,1.5,1.5,late,video,0.0,True,False,-1.8481567803002221,-1.8408328013209037,-0.672887668829599,-0.36933473002046924
P18,NGEED,1,POST,P4,parietal,kanan,14.476,15.976,1.5,1.5,late,video,0.0,True,False,4.395763643964621,4.681993673903349,2.8023963340364126,1.624445355913899
P18,NGEED,1,POST,O2,oksipital,kanan,14.476,15.976,1.5,1.5,late,video,0.0,True,False,2.5032054780341113,-0.8952332789598465,1.282650339496037,0.3546444438111678
P18,NGEED,1,POST,F8,frontotemporal,kanan,14.476,15.976,1.5,1.5,late,video,0.0,True,False,-2.084795997988131,-3.6587007196699695,-2.766206297276586,-4.232255377473379
P18,NGEED,1,POST,T4,temporal,kanan,14.476,15.976,1.5,1.5,late,video,0.0,True,False,-1.2436658107686682,-1.0429566817392022,-0.3029511338927513,-2.1480131422055457
P18,NGEED,1,POST,T6,temporo-posterior,kanan,14.476,15.976,1.5,1.5,late,video,0.0,True,False,-1.41573620166033,-0.8224485871962912,0.5106431077008189,-2.8125261005380224
P18,NGEED,2,PRA,Fp1,frontopolar,kiri,18.231,20.231,2.0,2.0,short_hold,video,0.0,True,False,8.13727708251097,2.3130509956906558,3.8158348537345113,6.504925465272798
P18,NGEED,2,PRA,F3,frontal,kiri,18.231,20.231,2.0,2.0,short_hold,video,0.0,True,False,8.333616025551578,0.3388912182192314,4.691477193956704,6.260413780537995
P18,NGEED,2,PRA,C3,sentral,kiri,18.231,20.231,2.0,2.0,short_hold,video,0.0,True,False,2.8056981256376474,-0.9681796295048031,-0.20380122501610032,0.2347012515245055
P18,NGEED,2,PRA,P3,parietal,kiri,18.231,20.231,2.0,2.0,short_hold,video,0.0,True,False,6.282412455649627,-0.4392139933130146,0.707688897056812,3.013779041826062
P18,NGEED,2,PRA,O1,oksipital,kiri,18.231,20.231,2.0,2.0,short_hold,video,0.0,True,False,5.504909362834468,-1.2557527142127398,-2.981438768400917,0.8202361303937522
P18,NGEED,2,PRA,F7,frontotemporal,kiri,18.231,20.231,2.0,2.0,short_hold,video,0.0,True,False,6.7552196013876085,1.2501135402735244,0.7835503145104461,5.133893455353316
P18,NGEED,2,PRA,T3,temporal,kiri,18.231,20.231,2.0,2.0,short_hold,video,0.0,True,False,-2.732177781019608,-5.648972413335702,-8.452824518241439,-4.877670501111272
P18,NGEED,2,PRA,T5,temporo-posterior,kiri,18.231,20.231,2.0,2.0,short_hold,video,0.0,True,False,-0.26669879792115836,-2.510942957328659,0.008465895290274972,-2.01379419742225
P18,NGEED,2,PRA,Fp2,frontopolar,kanan,18.231,20.231,2.0,2.0,short_hold,video,0.0,True,False,3.091114767833158,3.448182985894313,3.046360509349288,4.772782764930049
P18,NGEED,2,PRA,F4,frontal,kanan,18.231,20.231,2.0,2.0,short_hold,video,0.0,True,False,5.8588144768122135,6.677758386240505,5.22484616321529,6.938327642512888
P18,NGEED,2,PRA,C4,sentral,kanan,18.231,20.231,2.0,2.0,short_hold,video,0.0,True,False,3.2734272895201073,1.1362027256234342,3.106711933462318,4.125219415623775
P18,NGEED,2,PRA,P4,parietal,kanan,18.231,20.231,2.0,2.0,short_hold,video,0.0,True,False,8.774569179148322,4.903308928787567,5.663776466560041,6.598120753732886
P18,NGEED,2,PRA,O2,oksipital,kanan,18.231,20.231,2.0,2.0,short_hold,video,0.0,True,False,7.193539670864347,6.695416387393799,4.530155714262872,5.844417306617643
P18,NGEED,2,PRA,F8,frontotemporal,kanan,18.231,20.231,2.0,2.0,short_hold,video,0.0,True,False,9.23230630211878,8.886083309620687,5.480185126460267,6.649947372741188
P18,NGEED,2,PRA,T4,temporal,kanan,18.231,20.231,2.0,2.0,short_hold,video,0.0,True,False,3.656050840347916,4.043965035433924,2.6442625331223653,6.44082488064511
P18,NGEED,2,PRA,T6,temporo-posterior,kanan,18.231,20.231,2.0,2.0,short_hold,video,0.0,True,False,6.01812823347241,8.421363284898966,8.148017798950526,7.430540840864616
P18,NGEED,2,TURUN,Fp1,frontopolar,kiri,23.451,24.151,1.0,0.7,short_hold,video,0.0,True,False,10.879292165705436,7.0546652483936505,6.558940860161851,9.718250327325734
P18,NGEED,2,TURUN,F3,frontal,kiri,23.451,24.151,1.0,0.7,short_hold,video,0.0,True,False,3.815594491793995,4.909283144612353,2.541532443647359,3.884033645751927
P18,NGEED,2,TURUN,C3,sentral,kiri,23.451,24.151,1.0,0.7,short_hold,video,0.0,True,False,3.193076501838547,-5.619581079080508,-1.977000615942881,0.07729997157615287
P18,NGEED,2,TURUN,P3,parietal,kiri,23.451,24.151,1.0,0.7,short_hold,video,0.0,True,False,11.359700703845789,4.118096064616253,6.074038064210129,8.55125841267374
P18,NGEED,2,TURUN,O1,oksipital,kiri,23.451,24.151,1.0,0.7,short_hold,video,0.0,True,False,5.116786895808794,2.7555556038341393,-1.8461951153288503,0.5251748878818887
P18,NGEED,2,TURUN,F7,frontotemporal,kiri,23.451,24.151,1.0,0.7,short_hold,video,0.0,True,False,8.1552697385791,0.20310023597794213,2.391161144424988,6.114155631515551
P18,NGEED,2,TURUN,T3,temporal,kiri,23.451,24.151,1.0,0.7,short_hold,video,0.143,False,False,,,,
P18,NGEED,2,TURUN,T5,temporo-posterior,kiri,23.451,24.151,1.0,0.7,short_hold,video,0.0,True,False,2.7297606270161197,1.5100510319412876,-1.9899951687868516,-0.7004603461664445
P18,NGEED,2,TURUN,Fp2,frontopolar,kanan,23.451,24.151,1.0,0.7,short_hold,video,0.0,True,False,3.38510959102582,5.754875070140127,3.1356010193449215,1.6715757132886715
P18,NGEED,2,TURUN,F4,frontal,kanan,23.451,24.151,1.0,0.7,short_hold,video,0.0,True,False,4.300162603021349,1.9360866894335302,4.161971870286372,2.470684273253248
P18,NGEED,2,TURUN,C4,sentral,kanan,23.451,24.151,1.0,0.7,short_hold,video,0.0,True,False,-5.217818671287461,-7.326511449808763,-1.1559366212343392,-6.978152696944814
P18,NGEED,2,TURUN,P4,parietal,kanan,23.451,24.151,1.0,0.7,short_hold,video,0.0,True,False,0.8729455551033851,4.063584748580084,5.41358066266816,-0.09968396489917808
P18,NGEED,2,TURUN,O2,oksipital,kanan,23.451,24.151,1.0,0.7,short_hold,video,0.0,True,False,5.063413256573824,7.2478058083183186,8.812891879234815,2.7412786850591147
P18,NGEED,2,TURUN,F8,frontotemporal,kanan,23.451,24.151,1.0,0.7,short_hold,video,0.0,True,False,-1.3208296995186544,5.0435947540940305,3.792740821815027,2.0699906578524647
P18,NGEED,2,TURUN,T4,temporal,kanan,23.451,24.151,1.0,0.7,short_hold,video,0.0,True,False,1.147973388915375,3.747312844503309,4.926389716546577,-0.12912092507252737
P18,NGEED,2,TURUN,T6,temporo-posterior,kanan,23.451,24.151,1.0,0.7,short_hold,video,0.0,True,False,7.456027898902434,12.484969801430886,11.713815658490923,5.765871002356796
P18,NGEED,2,TAHAN,Fp1,frontopolar,kiri,24.411,24.927,0.736,0.515,short_hold,video,0.0,True,False,-3.9594632458562735,0.7998675979406933,6.9363943498060365,-0.17178398652269777
P18,NGEED,2,TAHAN,F3,frontal,kiri,24.411,24.927,0.736,0.515,short_hold,video,0.0,True,False,-8.024833049018234,-7.4329337142687955,-3.5854592297374595,-5.394825298909595
P18,NGEED,2,TAHAN,C3,sentral,kiri,24.411,24.927,0.736,0.515,short_hold,video,0.0,True,False,-9.409095448570394,-8.218717835094104,-0.1646007317602063,-5.662723159473149
P18,NGEED,2,TAHAN,P3,parietal,kiri,24.411,24.927,0.736,0.515,short_hold,video,0.0,True,False,-6.0056740321075175,-8.087189497462848,0.059969968039151667,-5.5120110551255195
P18,NGEED,2,TAHAN,O1,oksipital,kiri,24.411,24.927,0.736,0.515,short_hold,video,0.0,True,False,-2.739762175524774,-9.009550813335107,-2.4528587923819885,-5.588416144961393
P18,NGEED,2,TAHAN,F7,frontotemporal,kiri,24.411,24.927,0.736,0.515,short_hold,video,0.0,True,False,-1.0737696855802028,-0.44474975318107823,-1.9741210007585508,-4.106843527054906
P18,NGEED,2,TAHAN,T3,temporal,kiri,24.411,24.927,0.736,0.515,short_hold,video,1.0,False,False,,,,
P18,NGEED,2,TAHAN,T5,temporo-posterior,kiri,24.411,24.927,0.736,0.515,short_hold,video,0.0,True,False,-0.7177454837671178,-4.436742845469624,-5.776806772714014,-5.194215947334534
P18,NGEED,2,TAHAN,Fp2,frontopolar,kanan,24.411,24.927,0.736,0.515,short_hold,video,0.0,True,False,-3.624907059185748,1.6082195694234898,3.699711394453921,-0.8621117083035763
P18,NGEED,2,TAHAN,F4,frontal,kanan,24.411,24.927,0.736,0.515,short_hold,video,0.0,True,False,5.229271039148834,0.8697876403122748,4.516599329946153,1.4037738719486583
P18,NGEED,2,TAHAN,C4,sentral,kanan,24.411,24.927,0.736,0.515,short_hold,video,0.0,True,False,-3.5681372051718725,-13.120691232420938,-3.4050375657851824,-5.171588243142335
P18,NGEED,2,TAHAN,P4,parietal,kanan,24.411,24.927,0.736,0.515,short_hold,video,0.0,True,False,4.963779839873631,5.607876181259421,4.637432232960112,4.001773567415405
P18,NGEED,2,TAHAN,O2,oksipital,kanan,24.411,24.927,0.736,0.515,short_hold,video,0.0,True,False,9.965751699170127,9.398087073967346,4.717669298689874,5.769858045756216
P18,NGEED,2,TAHAN,F8,frontotemporal,kanan,24.411,24.927,0.736,0.515,short_hold,video,0.0,True,False,-1.200666511692873,-2.3098188938761943,1.2067655615650708,-0.15126501545476145
P18,NGEED,2,TAHAN,T4,temporal,kanan,24.411,24.927,0.736,0.515,short_hold,video,0.0,True,False,0.30035079039820545,-2.9357494346290487,2.1566858834980955,-0.48481531881667195
P18,NGEED,2,TAHAN,T6,temporo-posterior,kanan,24.411,24.927,0.736,0.515,short_hold,video,0.0,True,False,-1.057466999861667,3.5711381205404606,6.026611759697637,1.018085015846296
P18,NGEED,2,NAIK,Fp1,frontopolar,kiri,25.287,28.383,3.596,3.096,short_hold,video,0.0,True,False,0.9960462214179415,1.6341874892033061,1.808616315482901,1.429973839253126
P18,NGEED,2,NAIK,F3,frontal,kiri,25.287,28.383,3.596,3.096,short_hold,video,0.0,True,False,-2.448102195443326,-0.5935417960492124,1.5198525364969449,-2.3910569440173504
P18,NGEED,2,NAIK,C3,sentral,kiri,25.287,28.383,3.596,3.096,short_hold,video,0.0,True,False,-2.5136472941691252,-4.266172593191627,-3.0489478458213206,-4.035209753961979
P18,NGEED,2,NAIK,P3,parietal,kiri,25.287,28.383,3.596,3.096,short_hold,video,0.0,True,False,-5.121713513909636,-4.214667195582134,-5.07696361697411,-6.677075669459484
P18,NGEED,2,NAIK,O1,oksipital,kiri,25.287,28.383,3.596,3.096,short_hold,video,0.0,True,False,-2.1558045973262168,-2.457426350193277,-3.4299769228861337,-4.5838539652889665
P18,NGEED,2,NAIK,F7,frontotemporal,kiri,25.287,28.383,3.596,3.096,short_hold,video,0.0,True,False,-2.8148230531959655,-4.571086667252892,-4.434245031669921,-4.512503540153581
P18,NGEED,2,NAIK,T3,temporal,kiri,25.287,28.383,3.596,3.096,short_hold,video,1.0,False,False,,,,
P18,NGEED,2,NAIK,T5,temporo-posterior,kiri,25.287,28.383,3.596,3.096,short_hold,video,0.0,True,False,-4.206609657978014,-3.0339869757555675,-2.4033347286697655,-6.689830342338773
P18,NGEED,2,NAIK,Fp2,frontopolar,kanan,25.287,28.383,3.596,3.096,short_hold,video,0.0,True,False,2.624542650590424,1.6921037947305102,1.1139589046251466,1.7005146732571816
P18,NGEED,2,NAIK,F4,frontal,kanan,25.287,28.383,3.596,3.096,short_hold,video,0.0,True,False,4.042908053395934,1.0189923545817905,1.7666460669409574,1.427380782406523
P18,NGEED,2,NAIK,C4,sentral,kanan,25.287,28.383,3.596,3.096,short_hold,video,0.0,True,False,-4.668390555979521,-5.539223395476284,-4.141531427116181,-5.6583113294741985
P18,NGEED,2,NAIK,P4,parietal,kanan,25.287,28.383,3.596,3.096,short_hold,video,0.0,True,False,5.237171514987196,1.7031244450685676,1.696773319127935,2.4677684493474743
P18,NGEED,2,NAIK,O2,oksipital,kanan,25.287,28.383,3.596,3.096,short_hold,video,0.0,True,False,7.362349776231596,6.612591143590478,3.6235426495475203,4.282307825033847
P18,NGEED,2,NAIK,F8,frontotemporal,kanan,25.287,28.383,3.596,3.096,short_hold,video,0.0,True,False,-0.873334196605434,-2.084288499914507,0.44431300375805094,-1.7577059908978114
P18,NGEED,2,NAIK,T4,temporal,kanan,25.287,28.383,3.596,3.096,short_hold,video,0.0,True,False,0.8809016092713762,0.3287263402233087,0.5681848200511084,-1.131464580937923
P18,NGEED,2,NAIK,T6,temporo-posterior,kanan,25.287,28.383,3.596,3.096,short_hold,video,0.0,True,False,2.5218866230312997,2.1831959208531373,-0.18547552707853043,0.5613717839998245
P18,NGEED,2,POST,Fp1,frontopolar,kiri,29.133,30.633,1.5,1.5,short_hold,video,0.0,True,False,9.00685694183155,8.012576267297536,6.08683731538391,8.895378602945868
P18,NGEED,2,POST,F3,frontal,kiri,29.133,30.633,1.5,1.5,short_hold,video,0.0,True,False,5.176192354974461,3.7780704146766055,0.64872287080183,5.412191143794317
P18,NGEED,2,POST,C3,sentral,kiri,29.133,30.633,1.5,1.5,short_hold,video,0.0,True,False,3.422696821186932,3.1905490037235538,-0.17079079059354996,4.119030710591289
P18,NGEED,2,POST,P3,parietal,kiri,29.133,30.633,1.5,1.5,short_hold,video,0.0,True,False,4.247109681709794,6.90275513857728,1.0326068702032103,4.8859985096810306
P18,NGEED,2,POST,O1,oksipital,kiri,29.133,30.633,1.5,1.5,short_hold,video,0.0,True,False,11.637630968831516,7.53287208084425,3.572327040235127,10.507829361144914
P18,NGEED,2,POST,F7,frontotemporal,kiri,29.133,30.633,1.5,1.5,short_hold,video,0.0,True,False,9.78577190797261,4.994640434660141,1.9394114069104482,8.937614123545309
P18,NGEED,2,POST,T3,temporal,kiri,29.133,30.633,1.5,1.5,short_hold,video,0.0,True,False,-2.704700456023417,-5.122410832451397,-5.603390603685622,-3.5301687622790183
P18,NGEED,2,POST,T5,temporo-posterior,kiri,29.133,30.633,1.5,1.5,short_hold,video,0.0,True,False,11.013557302668076,11.27519082951676,5.736394497926806,8.733701749398278
P18,NGEED,2,POST,Fp2,frontopolar,kanan,29.133,30.633,1.5,1.5,short_hold,video,0.0,True,False,2.919010044925013,3.7169691783810777,4.723134366827949,5.30366722676365
P18,NGEED,2,POST,F4,frontal,kanan,29.133,30.633,1.5,1.5,short_hold,video,0.0,True,False,4.305793893771174,2.875094419644121,1.8369466387235107,4.886965817411522
P18,NGEED,2,POST,C4,sentral,kanan,29.133,30.633,1.5,1.5,short_hold,video,0.0,True,False,0.3738401401837379,-4.208313562117084,-0.1347810816092796,0.4422689916579827
P18,NGEED,2,POST,P4,parietal,kanan,29.133,30.633,1.5,1.5,short_hold,video,0.0,True,False,8.31964191735473,2.8656851451064256,4.54692204918376,6.825602002644537
P18,NGEED,2,POST,O2,oksipital,kanan,29.133,30.633,1.5,1.5,short_hold,video,0.0,True,False,6.234557210604542,5.243451013414514,6.2030481486931315,4.748842496752815
P18,NGEED,2,POST,F8,frontotemporal,kanan,29.133,30.633,1.5,1.5,short_hold,video,0.0,True,False,10.208667046095812,8.556362115354744,2.3217863822566684,6.671057225800304
P18,NGEED,2,POST,T4,temporal,kanan,29.133,30.633,1.5,1.5,short_hold,video,0.0,True,False,6.222432898046662,0.2901212737026633,1.9494873609761108,3.6200924008803312
P18,NGEED,2,POST,T6,temporo-posterior,kanan,29.133,30.633,1.5,1.5,short_hold,video,0.0,True,False,8.330170808682354,5.381245405095122,4.81659743618269,4.809300580821592
P18,AGEM KANAN,1,PRA,Fp1,frontopolar,kiri,37.701,39.701,2.0,2.0,short_hold,video,0.0,True,False,10.853095835934845,11.241217801673958,13.256905116964571,12.509923374446153
P18,AGEM KANAN,1,PRA,F3,frontal,kiri,37.701,39.701,2.0,2.0,short_hold,video,0.0,True,False,4.037372376859935,5.349427846962371,8.56961920526539,2.3409181095043508
P18,AGEM KANAN,1,PRA,C3,sentral,kiri,37.701,39.701,2.0,2.0,short_hold,video,0.0,True,False,7.543917009976511,7.57870485991716,4.252659919273647,4.438770088423141
P18,AGEM KANAN,1,PRA,P3,parietal,kiri,37.701,39.701,2.0,2.0,short_hold,video,0.0,True,False,6.639810128751286,7.263250877086566,6.6740093673325305,3.136289160048605
P18,AGEM KANAN,1,PRA,O1,oksipital,kiri,37.701,39.701,2.0,2.0,short_hold,video,0.0,True,False,12.253598423854946,7.982896550191093,4.625885962575907,8.995569230511308
P18,AGEM KANAN,1,PRA,F7,frontotemporal,kiri,37.701,39.701,2.0,2.0,short_hold,video,0.0,True,False,11.996011541785933,6.11790093134811,8.635665502571964,8.3884868456513
P18,AGEM KANAN,1,PRA,T3,temporal,kiri,37.701,39.701,2.0,2.0,short_hold,video,0.0,True,False,9.007191917148987,8.418721129070356,2.0567539193031337,7.243199961258966
P18,AGEM KANAN,1,PRA,T5,temporo-posterior,kiri,37.701,39.701,2.0,2.0,short_hold,video,0.0,True,False,6.728593479806236,6.155210493180114,6.305844787629031,5.016892632718786
P18,AGEM KANAN,1,PRA,Fp2,frontopolar,kanan,37.701,39.701,2.0,2.0,short_hold,video,0.0,True,False,11.233885829930419,9.954873568139945,9.244944865882474,10.598618977915045
P18,AGEM KANAN,1,PRA,F4,frontal,kanan,37.701,39.701,2.0,2.0,short_hold,video,0.0,True,False,11.042832268607128,8.758153591874205,6.903163065892777,10.318012565167528
P18,AGEM KANAN,1,PRA,C4,sentral,kanan,37.701,39.701,2.0,2.0,short_hold,video,0.0,True,False,8.926682625922432,6.325261012749891,5.565606498241099,8.180209323232553
P18,AGEM KANAN,1,PRA,P4,parietal,kanan,37.701,39.701,2.0,2.0,short_hold,video,0.0,True,False,9.746006975153541,8.717365567396513,10.353585616103487,8.598267800806425
P18,AGEM KANAN,1,PRA,O2,oksipital,kanan,37.701,39.701,2.0,2.0,short_hold,video,0.0,True,False,14.184459813817377,11.040867235850698,7.787639656134157,9.900364477285905
P18,AGEM KANAN,1,PRA,F8,frontotemporal,kanan,37.701,39.701,2.0,2.0,short_hold,video,0.0,True,False,13.432420375877484,8.14873334147353,8.251593540217396,11.029025332704045
P18,AGEM KANAN,1,PRA,T4,temporal,kanan,37.701,39.701,2.0,2.0,short_hold,video,0.0,True,False,11.156841277352243,9.41705780191624,10.338145560932073,8.823107522982049
P18,AGEM KANAN,1,PRA,T6,temporo-posterior,kanan,37.701,39.701,2.0,2.0,short_hold,video,0.0,True,False,11.85740088940026,9.725899924904432,6.9255026425802875,9.201807714883024
P18,AGEM KANAN,1,TURUN,Fp1,frontopolar,kiri,39.78,40.15,0.528,0.37,short_hold,video,0.0,True,False,14.5866872292628,8.445316940647647,12.603736299997102,11.862774564976455
P18,AGEM KANAN,1,TURUN,F3,frontal,kiri,39.78,40.15,0.528,0.37,short_hold,video,0.0,True,False,5.366008222307393,4.3250019804785325,8.96007581703072,3.196263679085142
P18,AGEM KANAN,1,TURUN,C3,sentral,kiri,39.78,40.15,0.528,0.37,short_hold,video,0.0,True,False,0.7719109155243444,-0.5409798989181134,0.9085651046661738,0.05094210181742653
P18,AGEM KANAN,1,TURUN,P3,parietal,kiri,39.78,40.15,0.528,0.37,short_hold,video,0.0,True,False,0.9692568502034078,1.4383538094690174,0.9741286870430415,0.5797951674442174
P18,AGEM KANAN,1,TURUN,O1,oksipital,kiri,39.78,40.15,0.528,0.37,short_hold,video,0.0,True,False,-1.1018823309569363,-2.5059663520316597,5.1587392091823006,-0.5902485231553314
P18,AGEM KANAN,1,TURUN,F7,frontotemporal,kiri,39.78,40.15,0.528,0.37,short_hold,video,0.0,True,False,12.866126705548865,8.696844962617106,6.740899153212769,9.768034579350513
P18,AGEM KANAN,1,TURUN,T3,temporal,kiri,39.78,40.15,0.528,0.37,short_hold,video,0.0,True,False,5.050333656505039,1.7454858934135657,0.07443857723633229,4.630204660992973
P18,AGEM KANAN,1,TURUN,T5,temporo-posterior,kiri,39.78,40.15,0.528,0.37,short_hold,video,0.0,True,False,6.343127766704427,6.649561104838682,4.88291602193398,2.289492161996897
P18,AGEM KANAN,1,TURUN,Fp2,frontopolar,kanan,39.78,40.15,0.528,0.37,short_hold,video,0.0,True,False,10.736102337599032,7.851231943193483,11.82947552749765,9.202159830080234
P18,AGEM KANAN,1,TURUN,F4,frontal,kanan,39.78,40.15,0.528,0.37,short_hold,video,0.0,True,False,9.505197274471683,7.662006680623193,12.363830005832625,9.14869445657014
P18,AGEM KANAN,1,TURUN,C4,sentral,kanan,39.78,40.15,0.528,0.37,short_hold,video,0.0,True,False,3.03359881413423,2.0942016530127816,5.6946911916300955,2.3836206626692444
P18,AGEM KANAN,1,TURUN,P4,parietal,kanan,39.78,40.15,0.528,0.37,short_hold,video,0.0,True,False,11.738777964623353,12.744850386152557,12.56324168951717,11.244677986687599
P18,AGEM KANAN,1,TURUN,O2,oksipital,kanan,39.78,40.15,0.528,0.37,short_hold,video,0.0,True,False,5.989390130978244,9.778737231474182,10.45756452446859,4.794411977634361
P18,AGEM KANAN,1,TURUN,F8,frontotemporal,kanan,39.78,40.15,0.528,0.37,short_hold,video,0.0,True,False,11.126389849941482,8.09922069673479,6.210635528626849,10.136228327794548
P18,AGEM KANAN,1,TURUN,T4,temporal,kanan,39.78,40.15,0.528,0.37,short_hold,video,0.0,True,False,14.356947214872037,8.312528672346946,14.082848868025817,12.816395637257571
P18,AGEM KANAN,1,TURUN,T6,temporo-posterior,kanan,39.78,40.15,0.528,0.37,short_hold,video,0.0,True,False,14.099700668041422,12.77319897333767,15.873466246639204,12.473850817424903
P18,AGEM KANAN,1,POST,Fp1,frontopolar,kiri,41.395,42.895,1.5,1.5,short_hold,video,0.0,True,False,-0.5729383357888054,2.7468258341735243,2.3455720279162584,0.638115135818115
P18,AGEM KANAN,1,POST,F3,frontal,kiri,41.395,42.895,1.5,1.5,short_hold,video,0.0,True,False,-3.6400578803821304,0.3720009668437214,3.8620879029083497,-1.9598651373512652
P18,AGEM KANAN,1,POST,C3,sentral,kiri,41.395,42.895,1.5,1.5,short_hold,video,0.693,False,False,,,,
P18,AGEM KANAN,1,POST,P3,parietal,kiri,41.395,42.895,1.5,1.5,short_hold,video,0.0,True,False,-9.147747614991594,-7.482227569831522,-7.439047115464714,-9.30330094804657
P18,AGEM KANAN,1,POST,O1,oksipital,kiri,41.395,42.895,1.5,1.5,short_hold,video,0.267,False,False,,,,
P18,AGEM KANAN,1,POST,F7,frontotemporal,kiri,41.395,42.895,1.5,1.5,short_hold,video,0.0,True,False,1.3370259567170493,-4.32402478336191,-2.4802548373287827,-0.8118334206315581
P18,AGEM KANAN,1,POST,T3,temporal,kiri,41.395,42.895,1.5,1.5,short_hold,video,0.0,True,False,-1.7777289951211728,-1.840852970825928,-4.76595377769825,-1.4295022894937404
P18,AGEM KANAN,1,POST,T5,temporo-posterior,kiri,41.395,42.895,1.5,1.5,short_hold,video,0.0,True,False,-12.66137635080705,-13.123978628160256,-9.828099742329112,-15.062282271838619
P18,AGEM KANAN,1,POST,Fp2,frontopolar,kanan,41.395,42.895,1.5,1.5,short_hold,video,0.0,True,False,-0.8315395030206538,3.9730689761742397,0.15832828549775257,1.35681173083049
P18,AGEM KANAN,1,POST,F4,frontal,kanan,41.395,42.895,1.5,1.5,short_hold,video,0.0,True,False,-2.703231632906636,-2.299929481061014,-2.1572729588178845,-2.8128532531703954
P18,AGEM KANAN,1,POST,C4,sentral,kanan,41.395,42.895,1.5,1.5,short_hold,video,0.56,False,False,,,,
P18,AGEM KANAN,1,POST,P4,parietal,kanan,41.395,42.895,1.5,1.5,short_hold,video,0.0,True,False,2.2701780558814804,2.716973879455992,1.5345937897253243,3.544357779000535
P18,AGEM KANAN,1,POST,O2,oksipital,kanan,41.395,42.895,1.5,1.5,short_hold,video,0.0,True,False,5.866442595766834,5.191475044159887,4.595878510519302,5.4611206800383485
P18,AGEM KANAN,1,POST,F8,frontotemporal,kanan,41.395,42.895,1.5,1.5,short_hold,video,0.0,True,False,1.2601595079966614,-0.7423312608929606,1.3221504202446575,0.1480038387707694
P18,AGEM KANAN,1,POST,T4,temporal,kanan,41.395,42.895,1.5,1.5,short_hold,video,0.0,True,False,3.333306513599126,-0.3218719794694813,1.1729161180271603,1.979815529915527
P18,AGEM KANAN,1,POST,T6,temporo-posterior,kanan,41.395,42.895,1.5,1.5,short_hold,video,0.0,True,False,-5.723449993174096,-8.606330740398743,-6.57439585086189,-8.504107805447575
P18,AGEM KANAN,2,PRA,Fp1,frontopolar,kiri,46.173,48.173,2.0,2.0,incomplete,video,0.0,True,False,11.974163957402652,17.02221461190337,10.509006966876711,11.882645130084065
P18,AGEM KANAN,2,PRA,F3,frontal,kiri,46.173,48.173,2.0,2.0,incomplete,video,0.0,True,False,10.81895672483261,10.866654328675246,8.66612769787255,10.186704244256013
P18,AGEM KANAN,2,PRA,C3,sentral,kiri,46.173,48.173,2.0,2.0,incomplete,video,0.44,False,False,,,,
P18,AGEM KANAN,2,PRA,P3,parietal,kiri,46.173,48.173,2.0,2.0,incomplete,video,0.2,False,False,,,,
P18,AGEM KANAN,2,PRA,O1,oksipital,kiri,46.173,48.173,2.0,2.0,incomplete,video,0.0,True,False,15.45631211350323,14.305610350693904,11.562762311125681,10.926222407870803
P18,AGEM KANAN,2,PRA,F7,frontotemporal,kiri,46.173,48.173,2.0,2.0,incomplete,video,0.0,True,False,13.088590756847076,11.380830427421635,9.352757715192244,10.83407023477747
P18,AGEM KANAN,2,PRA,T3,temporal,kiri,46.173,48.173,2.0,2.0,incomplete,video,0.0,True,False,13.336000712010538,11.180868441807995,5.6763557884541065,12.265447682550786
P18,AGEM KANAN,2,PRA,T5,temporo-posterior,kiri,46.173,48.173,2.0,2.0,incomplete,video,0.0,True,False,9.090301757750566,10.394536950680283,4.213540088599327,5.893653399912786
P18,AGEM KANAN,2,PRA,Fp2,frontopolar,kanan,46.173,48.173,2.0,2.0,incomplete,video,0.0,True,False,10.114631934061673,15.213797706955994,10.472633694528188,10.100553204611671
P18,AGEM KANAN,2,PRA,F4,frontal,kanan,46.173,48.173,2.0,2.0,incomplete,video,0.0,True,False,10.654291955437898,10.938763779810202,9.648949511168325,8.42129577024577
P18,AGEM KANAN,2,PRA,C4,sentral,kanan,46.173,48.173,2.0,2.0,incomplete,video,0.2,False,False,,,,
P18,AGEM KANAN,2,PRA,P4,parietal,kanan,46.173,48.173,2.0,2.0,incomplete,video,0.0,True,False,6.317776004610074,8.424111140704383,10.30958766867348,4.905707613264674
P18,AGEM KANAN,2,PRA,O2,oksipital,kanan,46.173,48.173,2.0,2.0,incomplete,video,0.0,True,False,12.149289125418974,8.824654219372086,10.39649801948573,8.123760070281094
P18,AGEM KANAN,2,PRA,F8,frontotemporal,kanan,46.173,48.173,2.0,2.0,incomplete,video,0.0,True,False,10.96109682035501,13.631318037548162,10.969729511202278,8.79333741806888
P18,AGEM KANAN,2,PRA,T4,temporal,kanan,46.173,48.173,2.0,2.0,incomplete,video,0.0,True,False,8.54864654763373,4.806141742259658,5.842532987925267,5.388817718257769
P18,AGEM KANAN,2,PRA,T6,temporo-posterior,kanan,46.173,48.173,2.0,2.0,incomplete,video,0.0,True,False,13.622564370135983,14.744432158394332,15.979412779892506,11.097409840233865
P18,AGEM KIRI,1,PRA,Fp1,frontopolar,kiri,70.239,72.239,2.0,2.0,hud_fallback,hud_fallback,0.0,True,False,12.062194524071465,10.824331746882972,11.523669653712776,10.81277828561987
P18,AGEM KIRI,1,PRA,F3,frontal,kiri,70.239,72.239,2.0,2.0,hud_fallback,hud_fallback,0.0,True,False,12.233086675352425,10.83564261675641,12.540983795225674,10.595780298476946
P18,AGEM KIRI,1,PRA,C3,sentral,kiri,70.239,72.239,2.0,2.0,hud_fallback,hud_fallback,0.21,False,False,,,,
P18,AGEM KIRI,1,PRA,P3,parietal,kiri,70.239,72.239,2.0,2.0,hud_fallback,hud_fallback,0.21,False,False,,,,
P18,AGEM KIRI,1,PRA,O1,oksipital,kiri,70.239,72.239,2.0,2.0,hud_fallback,hud_fallback,0.21,False,False,,,,
P18,AGEM KIRI,1,PRA,F7,frontotemporal,kiri,70.239,72.239,2.0,2.0,hud_fallback,hud_fallback,0.0,True,False,14.238361538027092,10.540700637230337,8.304354068120919,10.553637882924441
P18,AGEM KIRI,1,PRA,T3,temporal,kiri,70.239,72.239,2.0,2.0,hud_fallback,hud_fallback,0.0,True,False,14.890927112969685,10.146507081376456,7.218672914094558,12.581466232005567
P18,AGEM KIRI,1,PRA,T5,temporo-posterior,kiri,70.239,72.239,2.0,2.0,hud_fallback,hud_fallback,0.21,False,False,,,,
P18,AGEM KIRI,1,PRA,Fp2,frontopolar,kanan,70.239,72.239,2.0,2.0,hud_fallback,hud_fallback,0.0,True,False,9.76744494250357,10.11877980222583,8.211506341790244,9.765073225766145
P18,AGEM KIRI,1,PRA,F4,frontal,kanan,70.239,72.239,2.0,2.0,hud_fallback,hud_fallback,0.0,True,False,4.870592124932351,4.918360126788336,2.7659705805552477,6.011330165113854
P18,AGEM KIRI,1,PRA,C4,sentral,kanan,70.239,72.239,2.0,2.0,hud_fallback,hud_fallback,0.0,True,False,8.958733300868666,7.908194754268827,9.483081952950332,9.815841574648736
P18,AGEM KIRI,1,PRA,P4,parietal,kanan,70.239,72.239,2.0,2.0,hud_fallback,hud_fallback,0.0,True,False,4.702226627463688,8.706442775860268,6.907993024702524,4.8622190892269685
P18,AGEM KIRI,1,PRA,O2,oksipital,kanan,70.239,72.239,2.0,2.0,hud_fallback,hud_fallback,0.0,True,False,5.381492847564267,6.164147589952293,5.548294998898669,5.627240299617775
P18,AGEM KIRI,1,PRA,F8,frontotemporal,kanan,70.239,72.239,2.0,2.0,hud_fallback,hud_fallback,0.0,True,False,11.475975418763383,12.710497434962534,9.278177156736977,8.780600038359289
P18,AGEM KIRI,1,PRA,T4,temporal,kanan,70.239,72.239,2.0,2.0,hud_fallback,hud_fallback,0.0,True,False,5.15702763015301,4.926047205061163,8.635456956640713,5.322311843639589
P18,AGEM KIRI,1,PRA,T6,temporo-posterior,kanan,70.239,72.239,2.0,2.0,hud_fallback,hud_fallback,0.0,True,False,2.7868054001712395,5.56363446405156,3.5694634289280422,2.7113088257252187
P18,AGEM KIRI,1,TURUN,Fp1,frontopolar,kiri,72.489,74.989,3.0,2.5,hud_fallback,hud_fallback,0.0,True,False,9.401083503200681,10.112612232920728,9.868418664735966,9.607492065122145
P18,AGEM KIRI,1,TURUN,F3,frontal,kiri,72.489,74.989,3.0,2.5,hud_fallback,hud_fallback,0.0,True,False,4.696497135050471,5.927728184960905,9.260127065769005,4.772871576907356
P18,AGEM KIRI,1,TURUN,C3,sentral,kiri,72.489,74.989,3.0,2.5,hud_fallback,hud_fallback,0.0,True,False,8.135790221422077,5.97033118314107,8.772365376804178,6.456004686318764
P18,AGEM KIRI,1,TURUN,P3,parietal,kiri,72.489,74.989,3.0,2.5,hud_fallback,hud_fallback,0.0,True,False,6.626651507155806,8.036906048510378,10.154956737680152,6.433468775148924
P18,AGEM KIRI,1,TURUN,O1,oksipital,kiri,72.489,74.989,3.0,2.5,hud_fallback,hud_fallback,0.0,True,False,8.11316738103136,4.415500384328226,5.723850276830738,5.751615988912697
P18,AGEM KIRI,1,TURUN,F7,frontotemporal,kiri,72.489,74.989,3.0,2.5,hud_fallback,hud_fallback,0.0,True,False,6.527893188495355,6.408849949358967,7.535088989748619,6.862957438816579
P18,AGEM KIRI,1,TURUN,T3,temporal,kiri,72.489,74.989,3.0,2.5,hud_fallback,hud_fallback,0.0,True,False,1.8517739312585348,-0.9163390244557732,-0.19297916687376215,1.732697128522787
P18,AGEM KIRI,1,TURUN,T5,temporo-posterior,kiri,72.489,74.989,3.0,2.5,hud_fallback,hud_fallback,0.0,True,False,4.907662151475932,7.207283204254132,7.092127291313691,3.0605197372120756
P18,AGEM KIRI,1,TURUN,Fp2,frontopolar,kanan,72.489,74.989,3.0,2.5,hud_fallback,hud_fallback,0.0,True,False,7.272765982890629,7.265986456520807,7.305303755301395,7.65480692830603
P18,AGEM KIRI,1,TURUN,F4,frontal,kanan,72.489,74.989,3.0,2.5,hud_fallback,hud_fallback,0.0,True,False,4.361718986571574,4.061538670405049,3.73413908542231,3.681284512701623
P18,AGEM KIRI,1,TURUN,C4,sentral,kanan,72.489,74.989,3.0,2.5,hud_fallback,hud_fallback,0.0,True,False,0.19256984231714114,-0.34449079019393736,1.835013044104624,0.5932592900853209
P18,AGEM KIRI,1,TURUN,P4,parietal,kanan,72.489,74.989,3.0,2.5,hud_fallback,hud_fallback,0.0,True,False,6.069017450329994,3.4789892206522026,5.671482078047163,4.35733804646631
P18,AGEM KIRI,1,TURUN,O2,oksipital,kanan,72.489,74.989,3.0,2.5,hud_fallback,hud_fallback,0.0,True,False,6.4813645477728485,5.0714929798136055,4.818155844109867,5.741350348351986
P18,AGEM KIRI,1,TURUN,F8,frontotemporal,kanan,72.489,74.989,3.0,2.5,hud_fallback,hud_fallback,0.0,True,False,14.289079868353333,10.699610754471294,8.05309373518298,10.638917851345504
P18,AGEM KIRI,1,TURUN,T4,temporal,kanan,72.489,74.989,3.0,2.5,hud_fallback,hud_fallback,0.0,True,False,7.071051765813834,2.669644129150239,5.086595099709459,5.921633375738885
P18,AGEM KIRI,1,TURUN,T6,temporo-posterior,kanan,72.489,74.989,3.0,2.5,hud_fallback,hud_fallback,0.0,True,False,4.496115085047293,3.663792020058537,5.353535452008906,5.864947924675903
P18,AGEM KIRI,1,TAHAN,Fp1,frontopolar,kiri,75.489,76.989,2.0,1.5,hud_fallback,hud_fallback,0.0,True,False,5.225905010757245,4.339173216442131,5.564574945903097,4.683979207821153
P18,AGEM KIRI,1,TAHAN,F3,frontal,kiri,75.489,76.989,2.0,1.5,hud_fallback,hud_fallback,0.0,True,False,-2.7099138964327665,-0.60503406174848,2.4019979008881407,-0.7372009985451982
P18,AGEM KIRI,1,TAHAN,C3,sentral,kiri,75.489,76.989,2.0,1.5,hud_fallback,hud_fallback,0.0,True,False,-2.20357275210921,-2.575619386982339,0.07329852461995401,-3.4454497881490234
P18,AGEM KIRI,1,TAHAN,P3,parietal,kiri,75.489,76.989,2.0,1.5,hud_fallback,hud_fallback,0.0,True,False,1.637572544803028,3.6514553913642764,4.731157875157464,-0.5506890434439811
P18,AGEM KIRI,1,TAHAN,O1,oksipital,kiri,75.489,76.989,2.0,1.5,hud_fallback,hud_fallback,0.0,True,False,-4.782466445406357,-5.022781894184597,0.052931171146795464,-5.930920976965496
P18,AGEM KIRI,1,TAHAN,F7,frontotemporal,kiri,75.489,76.989,2.0,1.5,hud_fallback,hud_fallback,0.0,True,False,-3.8699190455137185,-7.1564762379044,-2.3307729489354436,-6.263939454625358
P18,AGEM KIRI,1,TAHAN,T3,temporal,kiri,75.489,76.989,2.0,1.5,hud_fallback,hud_fallback,0.247,False,False,,,,
P18,AGEM KIRI,1,TAHAN,T5,temporo-posterior,kiri,75.489,76.989,2.0,1.5,hud_fallback,hud_fallback,0.0,True,False,-3.4990268533245654,0.775850389547486,2.3059278853643512,-3.2332613965071175
P18,AGEM KIRI,1,TAHAN,Fp2,frontopolar,kanan,75.489,76.989,2.0,1.5,hud_fallback,hud_fallback,0.0,True,False,2.06297236658558,2.5760086470292975,1.3557273033980337,0.10904589815325849
P18,AGEM KIRI,1,TAHAN,F4,frontal,kanan,75.489,76.989,2.0,1.5,hud_fallback,hud_fallback,0.0,True,False,4.058132326452949,2.9287342211908083,1.780331114660747,1.8324301781152244
P18,AGEM KIRI,1,TAHAN,C4,sentral,kanan,75.489,76.989,2.0,1.5,hud_fallback,hud_fallback,0.0,True,False,-3.9216131181110683,-3.863126635452911,-3.9157010578239984,-2.9177544752249567
P18,AGEM KIRI,1,TAHAN,P4,parietal,kanan,75.489,76.989,2.0,1.5,hud_fallback,hud_fallback,0.0,True,False,3.033748636459414,5.131039028051866,0.6698955034144234,2.4882777504300932
P18,AGEM KIRI,1,TAHAN,O2,oksipital,kanan,75.489,76.989,2.0,1.5,hud_fallback,hud_fallback,0.0,True,False,0.5137370966996286,3.5288675904798623,3.090270405730678,2.446675328001497
P18,AGEM KIRI,1,TAHAN,F8,frontotemporal,kanan,75.489,76.989,2.0,1.5,hud_fallback,hud_fallback,0.0,True,False,-0.44764392303186185,-4.570514693977824,-0.6616247335166818,-3.890907383560709
P18,AGEM KIRI,1,TAHAN,T4,temporal,kanan,75.489,76.989,2.0,1.5,hud_fallback,hud_fallback,0.0,True,False,-0.4105068892978707,1.9456335452315265,2.1161686243927633,0.9485003724117718
P18,AGEM KIRI,1,TAHAN,T6,temporo-posterior,kanan,75.489,76.989,2.0,1.5,hud_fallback,hud_fallback,0.0,True,False,6.782990490613756,3.802969553780841,2.6410551563341578,3.2863061725913454
P18,AGEM KIRI,1,NAIK,Fp1,frontopolar,kiri,77.489,79.989,3.0,2.5,hud_fallback,hud_fallback,0.0,True,False,7.635228084119582,7.073971290107718,7.278850870533283,6.805003007490136
P18,AGEM KIRI,1,NAIK,F3,frontal,kiri,77.489,79.989,3.0,2.5,hud_fallback,hud_fallback,0.0,True,False,8.396293448611402,8.314753342748489,11.29932455745993,8.112001946723119
P18,AGEM KIRI,1,NAIK,C3,sentral,kiri,77.489,79.989,3.0,2.5,hud_fallback,hud_fallback,0.0,True,False,10.036297032851465,10.287163512784467,8.823059368816157,8.527831323444452
P18,AGEM KIRI,1,NAIK,P3,parietal,kiri,77.489,79.989,3.0,2.5,hud_fallback,hud_fallback,0.0,True,False,11.055241370139527,11.019094375853083,10.413700994026538,9.767705062892354
P18,AGEM KIRI,1,NAIK,O1,oksipital,kiri,77.489,79.989,3.0,2.5,hud_fallback,hud_fallback,0.0,True,False,12.789308691408444,9.197376423575506,7.471926562227196,9.369924701811037
P18,AGEM KIRI,1,NAIK,F7,frontotemporal,kiri,77.489,79.989,3.0,2.5,hud_fallback,hud_fallback,0.0,True,False,9.56756414824757,7.807458873672054,11.295914505778281,9.017408345750638
P18,AGEM KIRI,1,NAIK,T3,temporal,kiri,77.489,79.989,3.0,2.5,hud_fallback,hud_fallback,0.0,True,False,10.57339937465963,7.583978711522043,3.891421192666275,9.357296358753011
P18,AGEM KIRI,1,NAIK,T5,temporo-posterior,kiri,77.489,79.989,3.0,2.5,hud_fallback,hud_fallback,0.0,True,False,8.3150708236237,11.601101097008616,8.393942273335941,7.82334234875335
P18,AGEM KIRI,1,NAIK,Fp2,frontopolar,kanan,77.489,79.989,3.0,2.5,hud_fallback,hud_fallback,0.0,True,False,6.2159617047568965,5.539973087677176,3.8283212005534253,4.82387485361339
P18,AGEM KIRI,1,NAIK,F4,frontal,kanan,77.489,79.989,3.0,2.5,hud_fallback,hud_fallback,0.0,True,False,8.66540566271594,3.8696981520286684,5.065427531931775,6.98113470087381
P18,AGEM KIRI,1,NAIK,C4,sentral,kanan,77.489,79.989,3.0,2.5,hud_fallback,hud_fallback,0.0,True,False,9.13947746429833,8.845341498389558,9.057726793288044,10.715728788634543
P18,AGEM KIRI,1,NAIK,P4,parietal,kanan,77.489,79.989,3.0,2.5,hud_fallback,hud_fallback,0.0,True,False,7.443062314225635,8.193951334630924,7.178391073272323,7.684502335132009
P18,AGEM KIRI,1,NAIK,O2,oksipital,kanan,77.489,79.989,3.0,2.5,hud_fallback,hud_fallback,0.0,True,False,4.806116147956359,4.323872571499706,3.3982908673220216,3.4817818384556816
P18,AGEM KIRI,1,NAIK,F8,frontotemporal,kanan,77.489,79.989,3.0,2.5,hud_fallback,hud_fallback,0.0,True,False,2.6778295390462503,-2.5091653154049496,-0.7569525090906843,4.182084871368616
P18,AGEM KIRI,1,NAIK,T4,temporal,kanan,77.489,79.989,3.0,2.5,hud_fallback,hud_fallback,0.0,True,False,3.629947899121845,2.0169308895759563,1.4494376910918483,1.6290051701148016
P18,AGEM KIRI,1,NAIK,T6,temporo-posterior,kanan,77.489,79.989,3.0,2.5,hud_fallback,hud_fallback,0.0,True,False,5.715881290214419,4.648926833114089,4.0116078278911935,4.990623168785433
P18,AGEM KIRI,1,POST,Fp1,frontopolar,kiri,80.739,82.239,1.5,1.5,hud_fallback,hud_fallback,0.0,True,False,8.45134136945645,7.142926301743245,7.2222888492735535,8.337273173513381
P18,AGEM KIRI,1,POST,F3,frontal,kiri,80.739,82.239,1.5,1.5,hud_fallback,hud_fallback,0.0,True,False,13.022128853957149,11.996787374142322,10.264598683234833,12.298460609778296
P18,AGEM KIRI,1,POST,C3,sentral,kiri,80.739,82.239,1.5,1.5,hud_fallback,hud_fallback,0.0,True,False,14.084219877166397,13.349455161979272,9.219874279692508,12.441023816299356
P18,AGEM KIRI,1,POST,P3,parietal,kiri,80.739,82.239,1.5,1.5,hud_fallback,hud_fallback,0.0,True,False,13.62101548867578,14.137423471574966,9.252929434891762,11.406658680805002
P18,AGEM KIRI,1,POST,O1,oksipital,kiri,80.739,82.239,1.5,1.5,hud_fallback,hud_fallback,0.0,True,False,14.80910342727475,11.670642125383168,6.799793493355033,10.738809152797508
P18,AGEM KIRI,1,POST,F7,frontotemporal,kiri,80.739,82.239,1.5,1.5,hud_fallback,hud_fallback,0.0,True,False,11.490620355398946,9.00744431261468,6.961491988205015,11.118849953067894
P18,AGEM KIRI,1,POST,T3,temporal,kiri,80.739,82.239,1.5,1.5,hud_fallback,hud_fallback,0.0,True,False,13.708934223685525,11.569767270527166,3.46471982279596,12.817052945162516
P18,AGEM KIRI,1,POST,T5,temporo-posterior,kiri,80.739,82.239,1.5,1.5,hud_fallback,hud_fallback,0.0,True,False,11.227007994398079,3.9028386702183155,3.576901403327941,8.534384901128703
P18,AGEM KIRI,1,POST,Fp2,frontopolar,kanan,80.739,82.239,1.5,1.5,hud_fallback,hud_fallback,0.0,True,False,6.0658095400017835,7.607113380144931,4.468057531718422,6.084897469393638
P18,AGEM KIRI,1,POST,F4,frontal,kanan,80.739,82.239,1.5,1.5,hud_fallback,hud_fallback,0.0,True,False,8.338835190889355,4.200479679023864,6.2377085030527795,6.997446124236511
P18,AGEM KIRI,1,POST,C4,sentral,kanan,80.739,82.239,1.5,1.5,hud_fallback,hud_fallback,0.0,True,False,5.95932050003308,3.5952854468560247,2.4178469029052962,7.953791050181636
P18,AGEM KIRI,1,POST,P4,parietal,kanan,80.739,82.239,1.5,1.5,hud_fallback,hud_fallback,0.0,True,False,7.255166120696266,7.502850311019792,5.101930872414044,7.165511952114393
P18,AGEM KIRI,1,POST,O2,oksipital,kanan,80.739,82.239,1.5,1.5,hud_fallback,hud_fallback,0.0,True,False,0.9716142157340641,4.691651677498321,2.0473239844376074,5.190077317662798
P18,AGEM KIRI,1,POST,F8,frontotemporal,kanan,80.739,82.239,1.5,1.5,hud_fallback,hud_fallback,0.0,True,False,3.3088208886479933,6.2491412337879595,3.7937939576823503,3.269452893657352
P18,AGEM KIRI,1,POST,T4,temporal,kanan,80.739,82.239,1.5,1.5,hud_fallback,hud_fallback,0.0,True,False,6.215108733073983,0.7624120448924785,1.8533252984918853,2.621005583649435
P18,AGEM KIRI,1,POST,T6,temporo-posterior,kanan,80.739,82.239,1.5,1.5,hud_fallback,hud_fallback,0.0,True,False,1.433432786479088,1.2541342675706524,1.5425891159798013,1.3993739931143523
P18,AGEM KIRI,2,PRA,Fp1,frontopolar,kiri,86.243,88.243,2.0,2.0,hud_fallback,hud_fallback,0.0,True,False,13.437568973917855,9.262219287737057,14.04246710965501,14.321907573516427
P18,AGEM KIRI,2,PRA,F3,frontal,kiri,86.243,88.243,2.0,2.0,hud_fallback,hud_fallback,0.0,True,False,10.33004394252714,12.243407368894538,17.157395838832738,13.642818904785408
P18,AGEM KIRI,2,PRA,C3,sentral,kiri,86.243,88.243,2.0,2.0,hud_fallback,hud_fallback,0.0,True,False,15.184249682662589,12.367103001975487,14.362820888584569,13.53724693890775
P18,AGEM KIRI,2,PRA,P3,parietal,kiri,86.243,88.243,2.0,2.0,hud_fallback,hud_fallback,0.105,False,False,,,,
P18,AGEM KIRI,2,PRA,O1,oksipital,kiri,86.243,88.243,2.0,2.0,hud_fallback,hud_fallback,0.105,False,False,,,,
P18,AGEM KIRI,2,PRA,F7,frontotemporal,kiri,86.243,88.243,2.0,2.0,hud_fallback,hud_fallback,0.0,True,False,13.700282075014194,11.575649999941476,13.185238907915998,12.37751553567098
P18,AGEM KIRI,2,PRA,T3,temporal,kiri,86.243,88.243,2.0,2.0,hud_fallback,hud_fallback,0.0,True,False,13.99957376183066,12.872025433086336,8.873527183679936,16.289220513222403
P18,AGEM KIRI,2,PRA,T5,temporo-posterior,kiri,86.243,88.243,2.0,2.0,hud_fallback,hud_fallback,0.105,False,False,,,,
P18,AGEM KIRI,2,PRA,Fp2,frontopolar,kanan,86.243,88.243,2.0,2.0,hud_fallback,hud_fallback,0.0,True,False,13.74263521746214,12.294980614232124,12.243707985617462,13.413546444640346
P18,AGEM KIRI,2,PRA,F4,frontal,kanan,86.243,88.243,2.0,2.0,hud_fallback,hud_fallback,0.0,True,False,13.185610401684187,11.466484443020704,8.627076407645333,10.295889277112984
P18,AGEM KIRI,2,PRA,C4,sentral,kanan,86.243,88.243,2.0,2.0,hud_fallback,hud_fallback,0.0,True,False,12.997320997021944,9.771229470852873,11.760003860994711,10.602732107438221
P18,AGEM KIRI,2,PRA,P4,parietal,kanan,86.243,88.243,2.0,2.0,hud_fallback,hud_fallback,0.0,True,False,8.330225284780639,10.814968116493183,17.04674875936815,9.367149164496425
P18,AGEM KIRI,2,PRA,O2,oksipital,kanan,86.243,88.243,2.0,2.0,hud_fallback,hud_fallback,0.0,True,False,10.718132539388229,12.243623245376469,7.926038278810985,7.0155127654572595
P18,AGEM KIRI,2,PRA,F8,frontotemporal,kanan,86.243,88.243,2.0,2.0,hud_fallback,hud_fallback,0.0,True,False,13.356358802533109,6.691611706379831,9.608397652447149,9.077436039966777
P18,AGEM KIRI,2,PRA,T4,temporal,kanan,86.243,88.243,2.0,2.0,hud_fallback,hud_fallback,0.305,False,False,,,,
P18,AGEM KIRI,2,PRA,T6,temporo-posterior,kanan,86.243,88.243,2.0,2.0,hud_fallback,hud_fallback,0.205,False,False,,,,
P18,AGEM KIRI,2,TURUN,Fp1,frontopolar,kiri,88.493,90.993,3.0,2.5,hud_fallback,hud_fallback,0.0,True,False,1.7694042320880108,1.9416092818717594,3.8015723851089334,2.227383712407203
P18,AGEM KIRI,2,TURUN,F3,frontal,kiri,88.493,90.993,3.0,2.5,hud_fallback,hud_fallback,0.0,True,False,2.2128433299930137,3.0413965393245093,6.959713833511795,0.9958257519895923
P18,AGEM KIRI,2,TURUN,C3,sentral,kiri,88.493,90.993,3.0,2.5,hud_fallback,hud_fallback,0.16,False,False,,,,
P18,AGEM KIRI,2,TURUN,P3,parietal,kiri,88.493,90.993,3.0,2.5,hud_fallback,hud_fallback,0.16,False,False,,,,
P18,AGEM KIRI,2,TURUN,O1,oksipital,kiri,88.493,90.993,3.0,2.5,hud_fallback,hud_fallback,0.376,False,False,,,,
P18,AGEM KIRI,2,TURUN,F7,frontotemporal,kiri,88.493,90.993,3.0,2.5,hud_fallback,hud_fallback,0.0,True,False,2.084442794851981,1.3689433911449242,3.69243985207266,4.216956973145301
P18,AGEM KIRI,2,TURUN,T3,temporal,kiri,88.493,90.993,3.0,2.5,hud_fallback,hud_fallback,0.0,True,False,0.9299741728191293,1.0677065012516564,-0.25554979565229985,4.26057780221258
P18,AGEM KIRI,2,TURUN,T5,temporo-posterior,kiri,88.493,90.993,3.0,2.5,hud_fallback,hud_fallback,0.0,True,False,0.8294009923724346,-0.25711198251124046,2.578846806934589,0.3257057480281631
P18,AGEM KIRI,2,TURUN,Fp2,frontopolar,kanan,88.493,90.993,3.0,2.5,hud_fallback,hud_fallback,0.0,True,False,0.30929173135903554,1.8249883733964865,2.7075557406147297,3.06502192227898
P18,AGEM KIRI,2,TURUN,F4,frontal,kanan,88.493,90.993,3.0,2.5,hud_fallback,hud_fallback,0.0,True,False,-0.24781476680910686,2.695152170940375,1.6547206640786243,-0.4563614005553873
P18,AGEM KIRI,2,TURUN,C4,sentral,kanan,88.493,90.993,3.0,2.5,hud_fallback,hud_fallback,0.136,False,False,,,,
P18,AGEM KIRI,2,TURUN,P4,parietal,kanan,88.493,90.993,3.0,2.5,hud_fallback,hud_fallback,0.0,True,False,-0.5173361668312424,-0.9699365282284944,-0.24266539132728937,-0.7678980829522146
P18,AGEM KIRI,2,TURUN,O2,oksipital,kanan,88.493,90.993,3.0,2.5,hud_fallback,hud_fallback,0.0,True,False,-1.2244174737498739,2.5514464990633954,0.13711504522666118,-2.5791778633013216
P18,AGEM KIRI,2,TURUN,F8,frontotemporal,kanan,88.493,90.993,3.0,2.5,hud_fallback,hud_fallback,0.0,True,False,1.5177068503444104,-1.9877605579834707,0.780422632546351,0.9446262644688161
P18,AGEM KIRI,2,TURUN,T4,temporal,kanan,88.493,90.993,3.0,2.5,hud_fallback,hud_fallback,0.0,True,False,-3.5235903240445623,-3.4263710193745816,-1.5709253795404976,-4.205545853393719
P18,AGEM KIRI,2,TURUN,T6,temporo-posterior,kanan,88.493,90.993,3.0,2.5,hud_fallback,hud_fallback,0.0,True,False,1.305403325585587,1.253026231111928,0.2865570959110606,-0.4125848645248169
P18,AGEM KIRI,2,TAHAN,Fp1,frontopolar,kiri,91.493,92.993,2.0,1.5,hud_fallback,hud_fallback,0.0,True,False,-2.493613827063072,-0.5986599343242709,2.7808847834840833,-1.1230969138274425
P18,AGEM KIRI,2,TAHAN,F3,frontal,kiri,91.493,92.993,2.0,1.5,hud_fallback,hud_fallback,0.0,True,False,3.1025020434048116,0.6267279360556444,5.622718891536444,0.8653756535913502
P18,AGEM KIRI,2,TAHAN,C3,sentral,kiri,91.493,92.993,2.0,1.5,hud_fallback,hud_fallback,0.0,True,False,2.858459744058514,-4.324036647493514,-2.2139706607984273,0.9685201235783367
P18,AGEM KIRI,2,TAHAN,P3,parietal,kiri,91.493,92.993,2.0,1.5,hud_fallback,hud_fallback,0.0,True,False,-6.987833776626772,-4.76221535052316,-0.5333495028801885,-7.5698323963227026
P18,AGEM KIRI,2,TAHAN,O1,oksipital,kiri,91.493,92.993,2.0,1.5,hud_fallback,hud_fallback,0.0,True,False,-7.166973324416048,-5.25947990597237,-1.9479295614860384,-8.238958491642776
P18,AGEM KIRI,2,TAHAN,F7,frontotemporal,kiri,91.493,92.993,2.0,1.5,hud_fallback,hud_fallback,0.0,True,False,-0.3579918425340267,-2.1322859892991843,-3.708968146545324,-3.647614615848809
P18,AGEM KIRI,2,TAHAN,T3,temporal,kiri,91.493,92.993,2.0,1.5,hud_fallback,hud_fallback,0.4,False,False,,,,
P18,AGEM KIRI,2,TAHAN,T5,temporo-posterior,kiri,91.493,92.993,2.0,1.5,hud_fallback,hud_fallback,0.0,True,False,-0.07151612164519605,-4.089930751999752,-0.4551778555122432,-0.6938616934696213
P18,AGEM KIRI,2,TAHAN,Fp2,frontopolar,kanan,91.493,92.993,2.0,1.5,hud_fallback,hud_fallback,0.0,True,False,-0.24604231059614534,-2.1699828836765107,0.22383606893989239,0.08355337339752467
P18,AGEM KIRI,2,TAHAN,F4,frontal,kanan,91.493,92.993,2.0,1.5,hud_fallback,hud_fallback,0.0,True,False,-4.838764314288326,-3.0245855151241194,-2.9038388313638883,-3.9927650953531106
P18,AGEM KIRI,2,TAHAN,C4,sentral,kanan,91.493,92.993,2.0,1.5,hud_fallback,hud_fallback,0.64,False,False,,,,
P18,AGEM KIRI,2,TAHAN,P4,parietal,kanan,91.493,92.993,2.0,1.5,hud_fallback,hud_fallback,0.0,True,False,0.7393385630833222,2.0157915752068334,-0.01296931122412559,-1.6359812910189149
P18,AGEM KIRI,2,TAHAN,O2,oksipital,kanan,91.493,92.993,2.0,1.5,hud_fallback,hud_fallback,0.0,True,False,2.413153210469403,2.721673385566767,0.655757983330183,-0.1717059524053539
P18,AGEM KIRI,2,TAHAN,F8,frontotemporal,kanan,91.493,92.993,2.0,1.5,hud_fallback,hud_fallback,0.0,True,False,-1.486827783097553,-4.001335499131571,-0.22842949576982718,-4.0706430037362225
P18,AGEM KIRI,2,TAHAN,T4,temporal,kanan,91.493,92.993,2.0,1.5,hud_fallback,hud_fallback,0.0,True,False,3.7695907278753538,1.6493187829705498,1.8015344069891945,0.20208419428647062
P18,AGEM KIRI,2,TAHAN,T6,temporo-posterior,kanan,91.493,92.993,2.0,1.5,hud_fallback,hud_fallback,0.0,True,False,-1.036049843021516,-1.1006685621411023,-1.9136246618090667,-4.545194084139492
P18,AGEM KIRI,2,NAIK,Fp1,frontopolar,kiri,93.493,95.993,3.0,2.5,hud_fallback,hud_fallback,0.0,True,False,8.707212106772808,8.01202396713892,7.016122039543124,7.964520270026483
P18,AGEM KIRI,2,NAIK,F3,frontal,kiri,93.493,95.993,3.0,2.5,hud_fallback,hud_fallback,0.0,True,False,5.826994515683637,5.411194403923382,8.71244296983794,6.043312199027518
P18,AGEM KIRI,2,NAIK,C3,sentral,kiri,93.493,95.993,3.0,2.5,hud_fallback,hud_fallback,0.0,True,False,6.551894132323227,4.384723482555778,3.7562154088015696,5.3337806959787954
P18,AGEM KIRI,2,NAIK,P3,parietal,kiri,93.493,95.993,3.0,2.5,hud_fallback,hud_fallback,0.0,True,False,6.291756566384926,5.773335354594597,6.4607718503383715,4.26635850413841
P18,AGEM KIRI,2,NAIK,O1,oksipital,kiri,93.493,95.993,3.0,2.5,hud_fallback,hud_fallback,0.0,True,False,9.380754655207724,6.118550998031466,5.738342725968096,4.866482513729061
P18,AGEM KIRI,2,NAIK,F7,frontotemporal,kiri,93.493,95.993,3.0,2.5,hud_fallback,hud_fallback,0.0,True,False,8.868175427930439,4.553385375166698,2.0945428205609815,7.3364624323044865
P18,AGEM KIRI,2,NAIK,T3,temporal,kiri,93.493,95.993,3.0,2.5,hud_fallback,hud_fallback,0.0,True,False,-3.5553540982681966,-4.063274898489961,-4.625755231053393,-1.765647829314421
P18,AGEM KIRI,2,NAIK,T5,temporo-posterior,kiri,93.493,95.993,3.0,2.5,hud_fallback,hud_fallback,0.0,True,False,7.464851024873937,4.445996931703604,2.0259030816183845,5.7443796479705895
P18,AGEM KIRI,2,NAIK,Fp2,frontopolar,kanan,93.493,95.993,3.0,2.5,hud_fallback,hud_fallback,0.0,True,False,5.197848762816353,6.289177753317098,3.928907274185981,5.0069556958571155
P18,AGEM KIRI,2,NAIK,F4,frontal,kanan,93.493,95.993,3.0,2.5,hud_fallback,hud_fallback,0.0,True,False,6.595522166280077,3.4261709460903944,4.199330567115524,6.9829974312188625
P18,AGEM KIRI,2,NAIK,C4,sentral,kanan,93.493,95.993,3.0,2.5,hud_fallback,hud_fallback,0.0,True,False,10.632563056335343,6.996359786645016,7.4613389332669975,12.232932839072298
P18,AGEM KIRI,2,NAIK,P4,parietal,kanan,93.493,95.993,3.0,2.5,hud_fallback,hud_fallback,0.0,True,False,6.245773368644201,5.983783445922626,4.358697914254606,4.928282500910498
P18,AGEM KIRI,2,NAIK,O2,oksipital,kanan,93.493,95.993,3.0,2.5,hud_fallback,hud_fallback,0.0,True,False,7.753341543612862,8.082370656972401,7.1812744673168005,5.577523345338548
P18,AGEM KIRI,2,NAIK,F8,frontotemporal,kanan,93.493,95.993,3.0,2.5,hud_fallback,hud_fallback,0.0,True,False,2.3176310064963133,3.4489944402571098,2.025900555918266,1.9263030320220267
P18,AGEM KIRI,2,NAIK,T4,temporal,kanan,93.493,95.993,3.0,2.5,hud_fallback,hud_fallback,0.0,True,False,4.012810387780327,2.0271282516781675,1.8196239791535227,2.636671144487785
P18,AGEM KIRI,2,NAIK,T6,temporo-posterior,kanan,93.493,95.993,3.0,2.5,hud_fallback,hud_fallback,0.0,True,False,4.210210376175624,6.955174392719819,4.469730541319436,6.414186408450732
P18,AGEM KIRI,2,POST,Fp1,frontopolar,kiri,96.743,98.243,1.5,1.5,hud_fallback,hud_fallback,0.0,True,False,9.141280886322164,12.667862761539627,12.10444199652149,10.488015662458494
P18,AGEM KIRI,2,POST,F3,frontal,kiri,96.743,98.243,1.5,1.5,hud_fallback,hud_fallback,0.0,True,False,9.808434555157064,13.38729694050732,13.817511905513935,10.626432588421203
P18,AGEM KIRI,2,POST,C3,sentral,kiri,96.743,98.243,1.5,1.5,hud_fallback,hud_fallback,0.0,True,False,9.319834948182624,12.229760158654557,10.127938251879936,10.250805039145177
P18,AGEM KIRI,2,POST,P3,parietal,kiri,96.743,98.243,1.5,1.5,hud_fallback,hud_fallback,0.0,True,False,9.50696271163627,14.301508707072085,11.317748629516373,9.456733237219908
P18,AGEM KIRI,2,POST,O1,oksipital,kiri,96.743,98.243,1.5,1.5,hud_fallback,hud_fallback,0.0,True,False,12.597043123403822,10.48153740572917,8.58794047536967,8.67547786266779
P18,AGEM KIRI,2,POST,F7,frontotemporal,kiri,96.743,98.243,1.5,1.5,hud_fallback,hud_fallback,0.0,True,False,11.453805150350618,10.091292892967957,9.47422403395645,10.717844805931037
P18,AGEM KIRI,2,POST,T3,temporal,kiri,96.743,98.243,1.5,1.5,hud_fallback,hud_fallback,0.0,True,False,8.161445446874069,8.99902195701572,6.426628588081595,8.502466875328743
P18,AGEM KIRI,2,POST,T5,temporo-posterior,kiri,96.743,98.243,1.5,1.5,hud_fallback,hud_fallback,0.0,True,False,11.956031106513144,8.53197918223178,10.738316807207998,7.422252304236125
P18,AGEM KIRI,2,POST,Fp2,frontopolar,kanan,96.743,98.243,1.5,1.5,hud_fallback,hud_fallback,0.0,True,False,7.112146736024773,8.412280502242062,7.284335788782233,6.541098297046908
P18,AGEM KIRI,2,POST,F4,frontal,kanan,96.743,98.243,1.5,1.5,hud_fallback,hud_fallback,0.0,True,False,4.714849563336529,9.534221825896402,5.5280514178513585,6.733635535598026
P18,AGEM KIRI,2,POST,C4,sentral,kanan,96.743,98.243,1.5,1.5,hud_fallback,hud_fallback,0.0,True,False,5.10853292473157,5.74363712668918,5.81307249800037,4.26679800403209
P18,AGEM KIRI,2,POST,P4,parietal,kanan,96.743,98.243,1.5,1.5,hud_fallback,hud_fallback,0.0,True,False,6.901833621932035,7.167832233875245,4.133728878774271,5.5611231223876345
P18,AGEM KIRI,2,POST,O2,oksipital,kanan,96.743,98.243,1.5,1.5,hud_fallback,hud_fallback,0.0,True,False,3.4723687790771933,6.625463014494336,5.853983695513442,7.146671212580181
P18,AGEM KIRI,2,POST,F8,frontotemporal,kanan,96.743,98.243,1.5,1.5,hud_fallback,hud_fallback,0.0,True,False,6.398723404903052,2.305604189444452,2.345518091246845,4.938764193201308
P18,AGEM KIRI,2,POST,T4,temporal,kanan,96.743,98.243,1.5,1.5,hud_fallback,hud_fallback,0.0,True,False,7.261668575717792,4.46083992027155,4.790265313531776,6.356897255557122
P18,AGEM KIRI,2,POST,T6,temporo-posterior,kanan,96.743,98.243,1.5,1.5,hud_fallback,hud_fallback,0.0,True,False,1.6088573600152003,3.445473432514355,4.614137645707981,3.8444470978064302
P18,NGEED,3,PRA,Fp1,frontopolar,kiri,279.304,281.304,2.0,2.0,hud_fallback,hud_fallback,0.0,True,False,0.516678567357701,5.716282857685474,8.55939691494613,3.2828553162252803
P18,NGEED,3,PRA,F3,frontal,kiri,279.304,281.304,2.0,2.0,hud_fallback,hud_fallback,0.0,True,False,12.6671797105463,10.999085770858656,14.425822764214619,11.476901691525654
P18,NGEED,3,PRA,C3,sentral,kiri,279.304,281.304,2.0,2.0,hud_fallback,hud_fallback,0.0,True,False,15.207970412710445,11.874403686706287,13.423064912726655,13.17295811245959
P18,NGEED,3,PRA,P3,parietal,kiri,279.304,281.304,2.0,2.0,hud_fallback,hud_fallback,0.0,True,False,10.744576799670838,10.885848996429313,9.962178040924961,8.765347274920295
P18,NGEED,3,PRA,O1,oksipital,kiri,279.304,281.304,2.0,2.0,hud_fallback,hud_fallback,0.0,True,False,16.41335389594378,12.724710249279433,11.62559926382437,12.86818152921083
P18,NGEED,3,PRA,F7,frontotemporal,kiri,279.304,281.304,2.0,2.0,hud_fallback,hud_fallback,0.0,True,False,15.292489716624459,10.857275964240173,11.833084366635884,12.0243553568882
P18,NGEED,3,PRA,T3,temporal,kiri,279.304,281.304,2.0,2.0,hud_fallback,hud_fallback,0.0,True,False,15.421585696986355,10.316841860423352,9.366150848078693,13.154086035316453
P18,NGEED,3,PRA,T5,temporo-posterior,kiri,279.304,281.304,2.0,2.0,hud_fallback,hud_fallback,0.0,True,False,11.728312336361078,11.874230406121185,9.40391357372567,8.925410417539325
P18,NGEED,3,PRA,Fp2,frontopolar,kanan,279.304,281.304,2.0,2.0,hud_fallback,hud_fallback,0.475,False,False,,,,
P18,NGEED,3,PRA,F4,frontal,kanan,279.304,281.304,2.0,2.0,hud_fallback,hud_fallback,0.0,True,False,7.808477817556835,3.2937923550751123,3.139214019894599,7.240539552624185
P18,NGEED,3,PRA,C4,sentral,kanan,279.304,281.304,2.0,2.0,hud_fallback,hud_fallback,0.0,True,False,8.097091489237435,7.643968634735316,3.712881599829121,7.817207086047851
P18,NGEED,3,PRA,P4,parietal,kanan,279.304,281.304,2.0,2.0,hud_fallback,hud_fallback,0.175,False,False,,,,
P18,NGEED,3,PRA,O2,oksipital,kanan,279.304,281.304,2.0,2.0,hud_fallback,hud_fallback,0.275,False,False,,,,
P18,NGEED,3,PRA,F8,frontotemporal,kanan,279.304,281.304,2.0,2.0,hud_fallback,hud_fallback,0.0,True,False,-0.9818946780712636,-0.45311650263475656,-0.9439780125638002,1.6368579487392623
P18,NGEED,3,PRA,T4,temporal,kanan,279.304,281.304,2.0,2.0,hud_fallback,hud_fallback,0.175,False,False,,,,
P18,NGEED,3,PRA,T6,temporo-posterior,kanan,279.304,281.304,2.0,2.0,hud_fallback,hud_fallback,0.0,True,False,5.6368616890011936,10.776992434379785,9.319561202048888,5.89670632316556
P18,NGEED,3,TURUN,Fp1,frontopolar,kiri,281.554,284.054,3.0,2.5,hud_fallback,hud_fallback,0.0,True,False,-1.400396811020709,-1.531059039768902,0.7791040862472904,0.6003946386053229
P18,NGEED,3,TURUN,F3,frontal,kiri,281.554,284.054,3.0,2.5,hud_fallback,hud_fallback,0.0,True,False,1.1654905158660256,2.4245027692996928,1.112597701369399,0.6184441824459199
P18,NGEED,3,TURUN,C3,sentral,kiri,281.554,284.054,3.0,2.5,hud_fallback,hud_fallback,0.0,True,False,5.4158461432138125,4.491220118948803,0.36580103750841886,3.413172451560932
P18,NGEED,3,TURUN,P3,parietal,kiri,281.554,284.054,3.0,2.5,hud_fallback,hud_fallback,0.0,True,False,3.367426329549957,4.208648709019375,3.5031441625605275,3.275734620742341
P18,NGEED,3,TURUN,O1,oksipital,kiri,281.554,284.054,3.0,2.5,hud_fallback,hud_fallback,0.0,True,False,9.928846741026419,6.706556376430399,1.6836561412848212,5.963134141896688
P18,NGEED,3,TURUN,F7,frontotemporal,kiri,281.554,284.054,3.0,2.5,hud_fallback,hud_fallback,0.0,True,False,8.274896852968148,5.261164266810042,0.49565235320212864,4.86108098027524
P18,NGEED,3,TURUN,T3,temporal,kiri,281.554,284.054,3.0,2.5,hud_fallback,hud_fallback,0.24,False,False,,,,
P18,NGEED,3,TURUN,T5,temporo-posterior,kiri,281.554,284.054,3.0,2.5,hud_fallback,hud_fallback,0.0,True,False,2.9978179049343083,-0.3689747740787226,-0.9144316156441263,0.5771977476188894
P18,NGEED,3,TURUN,Fp2,frontopolar,kanan,281.554,284.054,3.0,2.5,hud_fallback,hud_fallback,0.0,True,False,-2.977705031508293,-1.616909867889774,-2.4105576920030813,-1.9063825180487868
P18,NGEED,3,TURUN,F4,frontal,kanan,281.554,284.054,3.0,2.5,hud_fallback,hud_fallback,0.0,True,False,-0.12185036269727334,-0.7758241462080875,0.1738710557512917,-0.968112955613968
P18,NGEED,3,TURUN,C4,sentral,kanan,281.554,284.054,3.0,2.5,hud_fallback,hud_fallback,0.0,True,False,-10.16288498021365,-9.10832285973433,-7.37009437155719,-6.05172249893873
P18,NGEED,3,TURUN,P4,parietal,kanan,281.554,284.054,3.0,2.5,hud_fallback,hud_fallback,0.0,True,False,-1.9316926614349654,-2.7594806661288445,-2.6302594735673495,-0.10154660891013378
P18,NGEED,3,TURUN,O2,oksipital,kanan,281.554,284.054,3.0,2.5,hud_fallback,hud_fallback,0.0,True,False,-2.2431321538363136,-1.2060489963329744,-2.352949457166332,-1.4806173745369833
P18,NGEED,3,TURUN,F8,frontotemporal,kanan,281.554,284.054,3.0,2.5,hud_fallback,hud_fallback,0.0,True,False,-3.03817339789326,-2.4846743153946775,-1.4103145423356018,-1.8749652432533708
P18,NGEED,3,TURUN,T4,temporal,kanan,281.554,284.054,3.0,2.5,hud_fallback,hud_fallback,0.0,True,False,-4.21002556490301,-3.7952915161235943,-2.5553592640397405,-0.22764286563988634
P18,NGEED,3,TURUN,T6,temporo-posterior,kanan,281.554,284.054,3.0,2.5,hud_fallback,hud_fallback,0.0,True,False,0.3732541993135854,-2.9605858916456995,-1.1868995115689884,-0.855929930942807
P18,NGEED,3,TAHAN,Fp1,frontopolar,kiri,284.554,286.054,2.0,1.5,hud_fallback,hud_fallback,0.0,True,False,-1.840319868246734,-0.39482101484684407,-0.9398615392887564,-3.223563006126536
P18,NGEED,3,TAHAN,F3,frontal,kiri,284.554,286.054,2.0,1.5,hud_fallback,hud_fallback,0.8,False,False,,,,
P18,NGEED,3,TAHAN,C3,sentral,kiri,284.554,286.054,2.0,1.5,hud_fallback,hud_fallback,0.8,False,False,,,,
P18,NGEED,3,TAHAN,P3,parietal,kiri,284.554,286.054,2.0,1.5,hud_fallback,hud_fallback,0.0,True,False,-9.041551444968974,-5.54808460371191,-5.240529716572661,-4.407356351668803
P18,NGEED,3,TAHAN,O1,oksipital,kiri,284.554,286.054,2.0,1.5,hud_fallback,hud_fallback,0.533,False,False,,,,
P18,NGEED,3,TAHAN,F7,frontotemporal,kiri,284.554,286.054,2.0,1.5,hud_fallback,hud_fallback,0.467,False,False,,,,
P18,NGEED,3,TAHAN,T3,temporal,kiri,284.554,286.054,2.0,1.5,hud_fallback,hud_fallback,0.867,False,False,,,,
P18,NGEED,3,TAHAN,T5,temporo-posterior,kiri,284.554,286.054,2.0,1.5,hud_fallback,hud_fallback,0.533,False,False,,,,
P18,NGEED,3,TAHAN,Fp2,frontopolar,kanan,284.554,286.054,2.0,1.5,hud_fallback,hud_fallback,0.0,True,False,-2.6494089524629914,-3.5881629959147823,-7.491684607410109,-3.5327340461008987
P18,NGEED,3,TAHAN,F4,frontal,kanan,284.554,286.054,2.0,1.5,hud_fallback,hud_fallback,0.8,False,False,,,,
P18,NGEED,3,TAHAN,C4,sentral,kanan,284.554,286.054,2.0,1.5,hud_fallback,hud_fallback,1.0,False,False,,,,
P18,NGEED,3,TAHAN,P4,parietal,kanan,284.554,286.054,2.0,1.5,hud_fallback,hud_fallback,0.133,False,False,,,,
P18,NGEED,3,TAHAN,O2,oksipital,kanan,284.554,286.054,2.0,1.5,hud_fallback,hud_fallback,0.0,True,False,-7.188113580416598,-6.241396391992502,-5.5816262739582925,-5.159484149992476
P18,NGEED,3,TAHAN,F8,frontotemporal,kanan,284.554,286.054,2.0,1.5,hud_fallback,hud_fallback,0.0,True,False,-11.026306364082114,-7.365869643031484,-3.8131999235208163,-8.021360488476063
P18,NGEED,3,TAHAN,T4,temporal,kanan,284.554,286.054,2.0,1.5,hud_fallback,hud_fallback,0.0,True,False,-8.253018079584315,-9.715920417763687,-7.841444122177908,-5.650785487109982
P18,NGEED,3,TAHAN,T6,temporo-posterior,kanan,284.554,286.054,2.0,1.5,hud_fallback,hud_fallback,0.4,False,False,,,,
P18,NGEED,3,NAIK,Fp1,frontopolar,kiri,286.554,289.054,3.0,2.5,hud_fallback,hud_fallback,0.48,False,False,,,,
P18,NGEED,3,NAIK,F3,frontal,kiri,286.554,289.054,3.0,2.5,hud_fallback,hud_fallback,0.6,False,False,,,,
P18,NGEED,3,NAIK,C3,sentral,kiri,286.554,289.054,3.0,2.5,hud_fallback,hud_fallback,0.44,False,False,,,,
P18,NGEED,3,NAIK,P3,parietal,kiri,286.554,289.054,3.0,2.5,hud_fallback,hud_fallback,0.76,False,False,,,,
P18,NGEED,3,NAIK,O1,oksipital,kiri,286.554,289.054,3.0,2.5,hud_fallback,hud_fallback,0.52,False,False,,,,
P18,NGEED,3,NAIK,F7,frontotemporal,kiri,286.554,289.054,3.0,2.5,hud_fallback,hud_fallback,0.0,True,False,10.886438147506453,6.075013852012098,7.118855560366594,7.818096184763533
P18,NGEED,3,NAIK,T3,temporal,kiri,286.554,289.054,3.0,2.5,hud_fallback,hud_fallback,0.0,True,False,13.484959072816281,8.989039143742936,6.451698992960591,11.528885554312197
P18,NGEED,3,NAIK,T5,temporo-posterior,kiri,286.554,289.054,3.0,2.5,hud_fallback,hud_fallback,0.52,False,False,,,,
P18,NGEED,3,NAIK,Fp2,frontopolar,kanan,286.554,289.054,3.0,2.5,hud_fallback,hud_fallback,0.4,False,False,,,,
P18,NGEED,3,NAIK,F4,frontal,kanan,286.554,289.054,3.0,2.5,hud_fallback,hud_fallback,0.84,False,False,,,,
P18,NGEED,3,NAIK,C4,sentral,kanan,286.554,289.054,3.0,2.5,hud_fallback,hud_fallback,0.68,False,False,,,,
P18,NGEED,3,NAIK,P4,parietal,kanan,286.554,289.054,3.0,2.5,hud_fallback,hud_fallback,0.68,False,False,,,,
P18,NGEED,3,NAIK,O2,oksipital,kanan,286.554,289.054,3.0,2.5,hud_fallback,hud_fallback,0.88,False,False,,,,
P18,NGEED,3,NAIK,F8,frontotemporal,kanan,286.554,289.054,3.0,2.5,hud_fallback,hud_fallback,0.6,False,False,,,,
P18,NGEED,3,NAIK,T4,temporal,kanan,286.554,289.054,3.0,2.5,hud_fallback,hud_fallback,1.0,False,False,,,,
P18,NGEED,3,NAIK,T6,temporo-posterior,kanan,286.554,289.054,3.0,2.5,hud_fallback,hud_fallback,1.0,False,False,,,,
P18,NGEED,3,POST,Fp1,frontopolar,kiri,289.804,291.304,1.5,1.5,hud_fallback,hud_fallback,0.0,True,False,13.466394608901517,9.448092183031608,10.74168555965014,12.262216167564894
P18,NGEED,3,POST,F3,frontal,kiri,289.804,291.304,1.5,1.5,hud_fallback,hud_fallback,0.0,True,False,11.030948388811282,12.540314800433322,15.022961655838134,12.302818911942516
P18,NGEED,3,POST,C3,sentral,kiri,289.804,291.304,1.5,1.5,hud_fallback,hud_fallback,0.0,True,False,14.828595919567292,15.43147741775347,13.758181542628261,13.908822499461621
P18,NGEED,3,POST,P3,parietal,kiri,289.804,291.304,1.5,1.5,hud_fallback,hud_fallback,0.0,True,False,13.845453207873831,11.350590056703414,11.679659719666141,12.698978539430428
P18,NGEED,3,POST,O1,oksipital,kiri,289.804,291.304,1.5,1.5,hud_fallback,hud_fallback,0.0,True,False,14.766467707708642,13.656071629056065,11.31473408534766,12.934584327167912
P18,NGEED,3,POST,F7,frontotemporal,kiri,289.804,291.304,1.5,1.5,hud_fallback,hud_fallback,0.0,True,False,13.564024006767639,9.986495347793692,13.196066126938359,11.581002068952039
P18,NGEED,3,POST,T3,temporal,kiri,289.804,291.304,1.5,1.5,hud_fallback,hud_fallback,0.0,True,False,13.064187040902254,11.104485792519966,10.026860703834988,13.454735391426368
P18,NGEED,3,POST,T5,temporo-posterior,kiri,289.804,291.304,1.5,1.5,hud_fallback,hud_fallback,0.0,True,False,16.80250595048382,12.117698099871376,12.154580713595823,11.028702688834201
P18,NGEED,3,POST,Fp2,frontopolar,kanan,289.804,291.304,1.5,1.5,hud_fallback,hud_fallback,0.167,False,False,,,,
P18,NGEED,3,POST,F4,frontal,kanan,289.804,291.304,1.5,1.5,hud_fallback,hud_fallback,0.0,True,False,10.720167657140351,7.629508087016966,3.238478863381861,10.150956193118468
P18,NGEED,3,POST,C4,sentral,kanan,289.804,291.304,1.5,1.5,hud_fallback,hud_fallback,0.0,True,False,9.849980684709628,7.981579128585473,4.7416979629324985,10.043556633950445
P18,NGEED,3,POST,P4,parietal,kanan,289.804,291.304,1.5,1.5,hud_fallback,hud_fallback,0.0,True,False,9.456110691017166,7.1079523956744595,8.46135063590701,10.986213772251006
P18,NGEED,3,POST,O2,oksipital,kanan,289.804,291.304,1.5,1.5,hud_fallback,hud_fallback,0.3,False,False,,,,
P18,NGEED,3,POST,F8,frontotemporal,kanan,289.804,291.304,1.5,1.5,hud_fallback,hud_fallback,0.033,True,False,6.240624712560546,4.574729279338591,5.24761270524429,3.9470150135524236
P18,NGEED,3,POST,T4,temporal,kanan,289.804,291.304,1.5,1.5,hud_fallback,hud_fallback,0.167,False,False,,,,
P18,NGEED,3,POST,T6,temporo-posterior,kanan,289.804,291.304,1.5,1.5,hud_fallback,hud_fallback,0.0,True,False,9.391254725777024,8.813428994980022,6.046581775706837,6.947435825447791
P18,NGEED,4,PRA,Fp1,frontopolar,kiri,295.274,297.274,2.0,2.0,hud_fallback,hud_fallback,0.01,True,False,5.433278246270632,11.824226402931526,9.623211471808606,8.132923241774222
P18,NGEED,4,PRA,F3,frontal,kiri,295.274,297.274,2.0,2.0,hud_fallback,hud_fallback,0.39,False,False,,,,
P18,NGEED,4,PRA,C3,sentral,kiri,295.274,297.274,2.0,2.0,hud_fallback,hud_fallback,0.19,False,False,,,,
P18,NGEED,4,PRA,P3,parietal,kiri,295.274,297.274,2.0,2.0,hud_fallback,hud_fallback,0.4,False,False,,,,
P18,NGEED,4,PRA,O1,oksipital,kiri,295.274,297.274,2.0,2.0,hud_fallback,hud_fallback,0.39,False,False,,,,
P18,NGEED,4,PRA,F7,frontotemporal,kiri,295.274,297.274,2.0,2.0,hud_fallback,hud_fallback,0.0,True,False,11.19440670356014,6.278238609119612,1.7665467856211983,10.875171507830586
P18,NGEED,4,PRA,T3,temporal,kiri,295.274,297.274,2.0,2.0,hud_fallback,hud_fallback,0.0,True,False,15.866074287574548,13.58850772651168,6.6737554868810385,15.25086737562222
P18,NGEED,4,PRA,T5,temporo-posterior,kiri,295.274,297.274,2.0,2.0,hud_fallback,hud_fallback,0.19,False,False,,,,
P18,NGEED,4,PRA,Fp2,frontopolar,kanan,295.274,297.274,2.0,2.0,hud_fallback,hud_fallback,0.01,True,False,9.036235160695416,13.036471938558627,1.5901611060584315,9.397596738648247
P18,NGEED,4,PRA,F4,frontal,kanan,295.274,297.274,2.0,2.0,hud_fallback,hud_fallback,0.9,False,False,,,,
P18,NGEED,4,PRA,C4,sentral,kanan,295.274,297.274,2.0,2.0,hud_fallback,hud_fallback,1.0,False,False,,,,
P18,NGEED,4,PRA,P4,parietal,kanan,295.274,297.274,2.0,2.0,hud_fallback,hud_fallback,0.4,False,False,,,,
P18,NGEED,4,PRA,O2,oksipital,kanan,295.274,297.274,2.0,2.0,hud_fallback,hud_fallback,0.71,False,False,,,,
P18,NGEED,4,PRA,F8,frontotemporal,kanan,295.274,297.274,2.0,2.0,hud_fallback,hud_fallback,0.41,False,False,,,,
P18,NGEED,4,PRA,T4,temporal,kanan,295.274,297.274,2.0,2.0,hud_fallback,hud_fallback,0.91,False,False,,,,
P18,NGEED,4,PRA,T6,temporo-posterior,kanan,295.274,297.274,2.0,2.0,hud_fallback,hud_fallback,1.0,False,False,,,,
P18,NGEED,4,TURUN,Fp1,frontopolar,kiri,297.524,300.024,3.0,2.5,hud_fallback,hud_fallback,1.0,False,False,,,,
P18,NGEED,4,TURUN,F3,frontal,kiri,297.524,300.024,3.0,2.5,hud_fallback,hud_fallback,0.0,True,False,-10.154235462433288,-7.7359812170752775,-7.081984958507455,-7.044569794687089
P18,NGEED,4,TURUN,C3,sentral,kiri,297.524,300.024,3.0,2.5,hud_fallback,hud_fallback,0.0,True,False,-5.982156860349672,-5.590222002879987,-4.683821759548547,-3.8143375611370516
P18,NGEED,4,TURUN,P3,parietal,kiri,297.524,300.024,3.0,2.5,hud_fallback,hud_fallback,0.692,False,False,,,,
P18,NGEED,4,TURUN,O1,oksipital,kiri,297.524,300.024,3.0,2.5,hud_fallback,hud_fallback,0.16,False,False,,,,
P18,NGEED,4,TURUN,F7,frontotemporal,kiri,297.524,300.024,3.0,2.5,hud_fallback,hud_fallback,0.0,True,False,3.9190014098492583,2.1768589681856625,0.03263565923578682,1.689965290410946
P18,NGEED,4,TURUN,T3,temporal,kiri,297.524,300.024,3.0,2.5,hud_fallback,hud_fallback,0.0,True,False,4.685194710863222,3.6570333517762634,1.2373899143863873,3.9877218844146185
P18,NGEED,4,TURUN,T5,temporo-posterior,kiri,297.524,300.024,3.0,2.5,hud_fallback,hud_fallback,0.0,True,False,-4.800760215620599,-7.534309763439634,-3.278439828586567,-6.4633693275429955
P18,NGEED,4,TURUN,Fp2,frontopolar,kanan,297.524,300.024,3.0,2.5,hud_fallback,hud_fallback,1.0,False,False,,,,
P18,NGEED,4,TURUN,F4,frontal,kanan,297.524,300.024,3.0,2.5,hud_fallback,hud_fallback,0.452,False,False,,,,
P18,NGEED,4,TURUN,C4,sentral,kanan,297.524,300.024,3.0,2.5,hud_fallback,hud_fallback,0.292,False,False,,,,
P18,NGEED,4,TURUN,P4,parietal,kanan,297.524,300.024,3.0,2.5,hud_fallback,hud_fallback,0.692,False,False,,,,
P18,NGEED,4,TURUN,O2,oksipital,kanan,297.524,300.024,3.0,2.5,hud_fallback,hud_fallback,0.852,False,False,,,,
P18,NGEED,4,TURUN,F8,frontotemporal,kanan,297.524,300.024,3.0,2.5,hud_fallback,hud_fallback,0.612,False,False,,,,
P18,NGEED,4,TURUN,T4,temporal,kanan,297.524,300.024,3.0,2.5,hud_fallback,hud_fallback,0.772,False,False,,,,
P18,NGEED,4,TURUN,T6,temporo-posterior,kanan,297.524,300.024,3.0,2.5,hud_fallback,hud_fallback,0.532,False,False,,,,
P18,NGEED,4,TAHAN,Fp1,frontopolar,kiri,300.524,302.024,2.0,1.5,hud_fallback,hud_fallback,0.0,True,False,-5.115677591294592,-3.9396300697180386,-2.305102093491479,-1.1753083506613713
P18,NGEED,4,TAHAN,F3,frontal,kiri,300.524,302.024,2.0,1.5,hud_fallback,hud_fallback,0.0,True,False,-5.051157043610587,-5.534233734794981,-2.755549781817791,-4.472127360747606
P18,NGEED,4,TAHAN,C3,sentral,kiri,300.524,302.024,2.0,1.5,hud_fallback,hud_fallback,0.0,True,False,-5.059149491367016,-3.716285004840035,-2.9972440587585822,-2.5022833151223907
P18,NGEED,4,TAHAN,P3,parietal,kiri,300.524,302.024,2.0,1.5,hud_fallback,hud_fallback,0.0,True,False,-0.5450810499631658,1.9230563618997607,0.9094267647960166,1.7492570574923008
P18,NGEED,4,TAHAN,O1,oksipital,kiri,300.524,302.024,2.0,1.5,hud_fallback,hud_fallback,0.0,True,False,-0.14839895271624215,-1.0115008872717226,-2.6591580378204505,-1.6250061007222705
P18,NGEED,4,TAHAN,F7,frontotemporal,kiri,300.524,302.024,2.0,1.5,hud_fallback,hud_fallback,0.0,True,False,-1.0109608652121906,-2.320740983361425,-4.755531316857773,-4.167272838065173
P18,NGEED,4,TAHAN,T3,temporal,kiri,300.524,302.024,2.0,1.5,hud_fallback,hud_fallback,0.0,True,False,-5.453676739906079,-6.602513084563277,-8.31565978806821,-6.326119592669254
P18,NGEED,4,TAHAN,T5,temporo-posterior,kiri,300.524,302.024,2.0,1.5,hud_fallback,hud_fallback,0.0,True,False,-5.469788591991623,-4.938096122702628,-5.311667390925173,-6.955314214844261
P18,NGEED,4,TAHAN,Fp2,frontopolar,kanan,300.524,302.024,2.0,1.5,hud_fallback,hud_fallback,0.0,True,False,-5.17597196544121,-2.37092386799754,-3.8608099460664356,-4.369238183536535
P18,NGEED,4,TAHAN,F4,frontal,kanan,300.524,302.024,2.0,1.5,hud_fallback,hud_fallback,0.0,True,False,-7.215978730340865,-5.252017819225138,-4.484920629684687,-5.518665441046707
P18,NGEED,4,TAHAN,C4,sentral,kanan,300.524,302.024,2.0,1.5,hud_fallback,hud_fallback,0.0,True,False,-7.536703300713924,-8.150951450129384,-7.710883227081883,-7.248148268332066
P18,NGEED,4,TAHAN,P4,parietal,kanan,300.524,302.024,2.0,1.5,hud_fallback,hud_fallback,0.0,True,False,-6.812328846229239,-6.140547540121631,-7.885531064009768,-5.8826937558307435
P18,NGEED,4,TAHAN,O2,oksipital,kanan,300.524,302.024,2.0,1.5,hud_fallback,hud_fallback,0.0,True,False,-0.7651683441723023,-1.8767875844345738,-2.3817498537315593,-0.2587727430492279
P18,NGEED,4,TAHAN,F8,frontotemporal,kanan,300.524,302.024,2.0,1.5,hud_fallback,hud_fallback,0.0,True,False,-2.881669606876386,-1.7684399451653263,-2.493187038942793,-0.8439778594935277
P18,NGEED,4,TAHAN,T4,temporal,kanan,300.524,302.024,2.0,1.5,hud_fallback,hud_fallback,0.0,True,False,-5.458687690918708,-4.020146758432123,-2.3359646015241253,0.2032476500009679
P18,NGEED,4,TAHAN,T6,temporo-posterior,kanan,300.524,302.024,2.0,1.5,hud_fallback,hud_fallback,0.0,True,False,-1.145848052880858,0.2879388320607603,-4.1677473302780825,0.15123858535863377
P18,NGEED,4,NAIK,Fp1,frontopolar,kiri,302.524,305.024,3.0,2.5,hud_fallback,hud_fallback,0.0,True,False,-2.031062576702073,0.4738256627443249,-0.31514304863292963,1.494684262781245
P18,NGEED,4,NAIK,F3,frontal,kiri,302.524,305.024,3.0,2.5,hud_fallback,hud_fallback,0.548,False,False,,,,
P18,NGEED,4,NAIK,C3,sentral,kiri,302.524,305.024,3.0,2.5,hud_fallback,hud_fallback,0.24,False,False,,,,
P18,NGEED,4,NAIK,P3,parietal,kiri,302.524,305.024,3.0,2.5,hud_fallback,hud_fallback,0.388,False,False,,,,
P18,NGEED,4,NAIK,O1,oksipital,kiri,302.524,305.024,3.0,2.5,hud_fallback,hud_fallback,0.0,True,False,10.493204575123514,8.296702921686816,6.074936893226635,9.69284165674275
P18,NGEED,4,NAIK,F7,frontotemporal,kiri,302.524,305.024,3.0,2.5,hud_fallback,hud_fallback,0.0,True,False,5.814690868392141,1.4579463769077847,2.4908200190495684,4.574724625564485
P18,NGEED,4,NAIK,T3,temporal,kiri,302.524,305.024,3.0,2.5,hud_fallback,hud_fallback,0.0,True,False,4.898749091796105,3.6610354654112953,-0.8733404488897314,5.525744709181275
P18,NGEED,4,NAIK,T5,temporo-posterior,kiri,302.524,305.024,3.0,2.5,hud_fallback,hud_fallback,0.16,False,False,,,,
P18,NGEED,4,NAIK,Fp2,frontopolar,kanan,302.524,305.024,3.0,2.5,hud_fallback,hud_fallback,0.0,True,False,-0.8952900628182405,0.29412761875870785,-1.9942681552278785,0.7629791390372915
P18,NGEED,4,NAIK,F4,frontal,kanan,302.524,305.024,3.0,2.5,hud_fallback,hud_fallback,0.4,False,False,,,,
P18,NGEED,4,NAIK,C4,sentral,kanan,302.524,305.024,3.0,2.5,hud_fallback,hud_fallback,0.628,False,False,,,,
P18,NGEED,4,NAIK,P4,parietal,kanan,302.524,305.024,3.0,2.5,hud_fallback,hud_fallback,0.0,True,False,-7.7510176049262505,-6.990738175688051,-10.733690692829372,-9.461713901142339
P18,NGEED,4,NAIK,O2,oksipital,kanan,302.524,305.024,3.0,2.5,hud_fallback,hud_fallback,0.148,False,False,,,,
P18,NGEED,4,NAIK,F8,frontotemporal,kanan,302.524,305.024,3.0,2.5,hud_fallback,hud_fallback,0.148,False,False,,,,
P18,NGEED,4,NAIK,T4,temporal,kanan,302.524,305.024,3.0,2.5,hud_fallback,hud_fallback,0.308,False,False,,,,
P18,NGEED,4,NAIK,T6,temporo-posterior,kanan,302.524,305.024,3.0,2.5,hud_fallback,hud_fallback,0.548,False,False,,,,
P18,NGEED,4,POST,Fp1,frontopolar,kiri,305.774,307.274,1.5,1.5,hud_fallback,hud_fallback,0.147,False,False,,,,
P18,NGEED,4,POST,F3,frontal,kiri,305.774,307.274,1.5,1.5,hud_fallback,hud_fallback,0.0,True,False,7.2428941507515106,8.785127409958648,6.9467490120088335,6.224241538316754
P18,NGEED,4,POST,C3,sentral,kiri,305.774,307.274,1.5,1.5,hud_fallback,hud_fallback,0.0,True,False,11.42910240280088,13.362664931112128,11.141461826245152,12.635517687185498
P18,NGEED,4,POST,P3,parietal,kiri,305.774,307.274,1.5,1.5,hud_fallback,hud_fallback,0.187,False,False,,,,
P18,NGEED,4,POST,O1,oksipital,kiri,305.774,307.274,1.5,1.5,hud_fallback,hud_fallback,0.0,True,False,12.209752503970009,7.663201857661413,3.5698110369912825,7.362762773840686
P18,NGEED,4,POST,F7,frontotemporal,kiri,305.774,307.274,1.5,1.5,hud_fallback,hud_fallback,0.0,True,False,10.168708481094882,4.074040963877856,7.285744972034333,8.87110019216989
P18,NGEED,4,POST,T3,temporal,kiri,305.774,307.274,1.5,1.5,hud_fallback,hud_fallback,0.0,True,False,15.960980971059463,10.2858567538875,4.63345597387757,13.54306343455103
P18,NGEED,4,POST,T5,temporo-posterior,kiri,305.774,307.274,1.5,1.5,hud_fallback,hud_fallback,0.0,True,False,7.759031923862139,4.219475731931965,0.7416431651349988,3.220776284793345
P18,NGEED,4,POST,Fp2,frontopolar,kanan,305.774,307.274,1.5,1.5,hud_fallback,hud_fallback,0.147,False,False,,,,
P18,NGEED,4,POST,F4,frontal,kanan,305.774,307.274,1.5,1.5,hud_fallback,hud_fallback,0.32,False,False,,,,
P18,NGEED,4,POST,C4,sentral,kanan,305.774,307.274,1.5,1.5,hud_fallback,hud_fallback,0.147,False,False,,,,
P18,NGEED,4,POST,P4,parietal,kanan,305.774,307.274,1.5,1.5,hud_fallback,hud_fallback,0.413,False,False,,,,
P18,NGEED,4,POST,O2,oksipital,kanan,305.774,307.274,1.5,1.5,hud_fallback,hud_fallback,1.0,False,False,,,,
P18,NGEED,4,POST,F8,frontotemporal,kanan,305.774,307.274,1.5,1.5,hud_fallback,hud_fallback,0.813,False,False,,,,
P18,NGEED,4,POST,T4,temporal,kanan,305.774,307.274,1.5,1.5,hud_fallback,hud_fallback,1.0,False,False,,,,
P18,NGEED,4,POST,T6,temporo-posterior,kanan,305.774,307.274,1.5,1.5,hud_fallback,hud_fallback,0.987,False,False,,,,
P18,AGEM KANAN,3,PRA,Fp1,frontopolar,kiri,311.334,313.334,2.0,2.0,hud_fallback,hud_fallback,0.0,True,False,4.003541276384723,4.504817428852174,10.145628600771932,5.640426716805269
P18,AGEM KANAN,3,PRA,F3,frontal,kiri,311.334,313.334,2.0,2.0,hud_fallback,hud_fallback,0.0,True,False,8.700979414516468,3.1893779787966565,10.241171319172178,6.974560030090039
P18,AGEM KANAN,3,PRA,C3,sentral,kiri,311.334,313.334,2.0,2.0,hud_fallback,hud_fallback,0.0,True,False,9.339764849607775,10.592931139447373,9.056511192298597,10.730340974544816
P18,AGEM KANAN,3,PRA,P3,parietal,kiri,311.334,313.334,2.0,2.0,hud_fallback,hud_fallback,0.0,True,False,11.126591248273613,7.061738120436967,8.655371095348258,7.525830488852101
P18,AGEM KANAN,3,PRA,O1,oksipital,kiri,311.334,313.334,2.0,2.0,hud_fallback,hud_fallback,0.0,True,False,11.176078008008218,9.73523584680131,5.076158104489117,7.23611882551824
P18,AGEM KANAN,3,PRA,F7,frontotemporal,kiri,311.334,313.334,2.0,2.0,hud_fallback,hud_fallback,0.0,True,False,13.770486003014355,11.771383971641072,9.731498225204493,10.468051848890802
P18,AGEM KANAN,3,PRA,T3,temporal,kiri,311.334,313.334,2.0,2.0,hud_fallback,hud_fallback,0.0,True,False,14.929458832639803,7.282073269533463,5.042122184488232,11.321348490683754
P18,AGEM KANAN,3,PRA,T5,temporo-posterior,kiri,311.334,313.334,2.0,2.0,hud_fallback,hud_fallback,0.0,True,False,11.234846458859991,10.487775953470546,8.769468063719703,8.351921038254616
P18,AGEM KANAN,3,PRA,Fp2,frontopolar,kanan,311.334,313.334,2.0,2.0,hud_fallback,hud_fallback,0.0,True,False,6.313451832214252,8.346936666344178,6.639636163949632,5.1199037857867395
P18,AGEM KANAN,3,PRA,F4,frontal,kanan,311.334,313.334,2.0,2.0,hud_fallback,hud_fallback,0.0,True,False,1.8479066598881957,1.4194603738698177,2.1336329002829544,1.7118158131024472
P18,AGEM KANAN,3,PRA,C4,sentral,kanan,311.334,313.334,2.0,2.0,hud_fallback,hud_fallback,0.0,True,False,0.10178005757657616,-2.1108634389236585,-0.28175673675008284,0.29122263355787936
P18,AGEM KANAN,3,PRA,P4,parietal,kanan,311.334,313.334,2.0,2.0,hud_fallback,hud_fallback,0.0,True,False,5.899864473877507,5.0437239428276115,7.8062053184550635,4.820392119409661
P18,AGEM KANAN,3,PRA,O2,oksipital,kanan,311.334,313.334,2.0,2.0,hud_fallback,hud_fallback,0.0,True,False,0.925899956419201,1.6922605129849302,0.29845463454097754,2.2963032599688376
P18,AGEM KANAN,3,PRA,F8,frontotemporal,kanan,311.334,313.334,2.0,2.0,hud_fallback,hud_fallback,0.0,True,False,5.658182675566245,2.359571204920499,0.7336445647326038,4.373159066813336
P18,AGEM KANAN,3,PRA,T4,temporal,kanan,311.334,313.334,2.0,2.0,hud_fallback,hud_fallback,0.0,True,False,1.5870170646197792,-1.8608630360895866,0.7916800281029701,0.5040692459675427
P18,AGEM KANAN,3,PRA,T6,temporo-posterior,kanan,311.334,313.334,2.0,2.0,hud_fallback,hud_fallback,0.0,True,False,0.49136531876119705,-1.1641469876217236,0.06775163892136504,-0.7521772160928677
P18,AGEM KANAN,3,TURUN,Fp1,frontopolar,kiri,313.584,316.084,3.0,2.5,hud_fallback,hud_fallback,0.252,False,False,,,,
P18,AGEM KANAN,3,TURUN,F3,frontal,kiri,313.584,316.084,3.0,2.5,hud_fallback,hud_fallback,0.652,False,False,,,,
P18,AGEM KANAN,3,TURUN,C3,sentral,kiri,313.584,316.084,3.0,2.5,hud_fallback,hud_fallback,0.652,False,False,,,,
P18,AGEM KANAN,3,TURUN,P3,parietal,kiri,313.584,316.084,3.0,2.5,hud_fallback,hud_fallback,0.652,False,False,,,,
P18,AGEM KANAN,3,TURUN,O1,oksipital,kiri,313.584,316.084,3.0,2.5,hud_fallback,hud_fallback,0.652,False,False,,,,
P18,AGEM KANAN,3,TURUN,F7,frontotemporal,kiri,313.584,316.084,3.0,2.5,hud_fallback,hud_fallback,0.16,False,False,,,,
P18,AGEM KANAN,3,TURUN,T3,temporal,kiri,313.584,316.084,3.0,2.5,hud_fallback,hud_fallback,0.0,True,False,0.8884718858153704,-1.5219065058201622,2.6536935394531618,7.282392379863566
P18,AGEM KANAN,3,TURUN,T5,temporo-posterior,kiri,313.584,316.084,3.0,2.5,hud_fallback,hud_fallback,0.652,False,False,,,,
P18,AGEM KANAN,3,TURUN,Fp2,frontopolar,kanan,313.584,316.084,3.0,2.5,hud_fallback,hud_fallback,0.092,True,False,-1.5098986715806824,-2.220346831164491,-1.2555618512066111,3.192266369898121
P18,AGEM KANAN,3,TURUN,F4,frontal,kanan,313.584,316.084,3.0,2.5,hud_fallback,hud_fallback,0.652,False,False,,,,
P18,AGEM KANAN,3,TURUN,C4,sentral,kanan,313.584,316.084,3.0,2.5,hud_fallback,hud_fallback,0.972,False,False,,,,
P18,AGEM KANAN,3,TURUN,P4,parietal,kanan,313.584,316.084,3.0,2.5,hud_fallback,hud_fallback,0.652,False,False,,,,
P18,AGEM KANAN,3,TURUN,O2,oksipital,kanan,313.584,316.084,3.0,2.5,hud_fallback,hud_fallback,0.572,False,False,,,,
P18,AGEM KANAN,3,TURUN,F8,frontotemporal,kanan,313.584,316.084,3.0,2.5,hud_fallback,hud_fallback,0.572,False,False,,,,
P18,AGEM KANAN,3,TURUN,T4,temporal,kanan,313.584,316.084,3.0,2.5,hud_fallback,hud_fallback,0.652,False,False,,,,
P18,AGEM KANAN,3,TURUN,T6,temporo-posterior,kanan,313.584,316.084,3.0,2.5,hud_fallback,hud_fallback,0.892,False,False,,,,
P18,AGEM KANAN,3,TAHAN,Fp1,frontopolar,kiri,316.584,318.084,2.0,1.5,hud_fallback,hud_fallback,1.0,False,False,,,,
P18,AGEM KANAN,3,TAHAN,F3,frontal,kiri,316.584,318.084,2.0,1.5,hud_fallback,hud_fallback,0.447,False,False,,,,
P18,AGEM KANAN,3,TAHAN,C3,sentral,kiri,316.584,318.084,2.0,1.5,hud_fallback,hud_fallback,0.713,False,False,,,,
P18,AGEM KANAN,3,TAHAN,P3,parietal,kiri,316.584,318.084,2.0,1.5,hud_fallback,hud_fallback,1.0,False,False,,,,
P18,AGEM KANAN,3,TAHAN,O1,oksipital,kiri,316.584,318.084,2.0,1.5,hud_fallback,hud_fallback,0.713,False,False,,,,
P18,AGEM KANAN,3,TAHAN,F7,frontotemporal,kiri,316.584,318.084,2.0,1.5,hud_fallback,hud_fallback,0.0,True,False,1.405199221160366,3.5648169005387444,1.608292556998805,-0.3587180226815647
P18,AGEM KANAN,3,TAHAN,T3,temporal,kiri,316.584,318.084,2.0,1.5,hud_fallback,hud_fallback,0.0,True,False,2.5465353126013923,1.5751999398646817,1.4983576583996019,2.4118555548164338
P18,AGEM KANAN,3,TAHAN,T5,temporo-posterior,kiri,316.584,318.084,2.0,1.5,hud_fallback,hud_fallback,0.58,False,False,,,,
P18,AGEM KANAN,3,TAHAN,Fp2,frontopolar,kanan,316.584,318.084,2.0,1.5,hud_fallback,hud_fallback,1.0,False,False,,,,
P18,AGEM KANAN,3,TAHAN,F4,frontal,kanan,316.584,318.084,2.0,1.5,hud_fallback,hud_fallback,0.713,False,False,,,,
P18,AGEM KANAN,3,TAHAN,C4,sentral,kanan,316.584,318.084,2.0,1.5,hud_fallback,hud_fallback,0.447,False,False,,,,
P18,AGEM KANAN,3,TAHAN,P4,parietal,kanan,316.584,318.084,2.0,1.5,hud_fallback,hud_fallback,1.0,False,False,,,,
P18,AGEM KANAN,3,TAHAN,O2,oksipital,kanan,316.584,318.084,2.0,1.5,hud_fallback,hud_fallback,1.0,False,False,,,,
P18,AGEM KANAN,3,TAHAN,F8,frontotemporal,kanan,316.584,318.084,2.0,1.5,hud_fallback,hud_fallback,1.0,False,False,,,,
P18,AGEM KANAN,3,TAHAN,T4,temporal,kanan,316.584,318.084,2.0,1.5,hud_fallback,hud_fallback,1.0,False,False,,,,
P18,AGEM KANAN,3,TAHAN,T6,temporo-posterior,kanan,316.584,318.084,2.0,1.5,hud_fallback,hud_fallback,0.847,False,False,,,,
P18,AGEM KANAN,3,NAIK,Fp1,frontopolar,kiri,318.584,321.084,3.0,2.5,hud_fallback,hud_fallback,0.428,False,False,,,,
P18,AGEM KANAN,3,NAIK,F3,frontal,kiri,318.584,321.084,3.0,2.5,hud_fallback,hud_fallback,0.0,True,False,12.64376395988279,16.61301916183114,18.20098525895617,13.602915100127447
P18,AGEM KANAN,3,NAIK,C3,sentral,kiri,318.584,321.084,3.0,2.5,hud_fallback,hud_fallback,0.0,True,False,16.784504877137664,19.043334091285573,16.23276822387518,16.096341961354547
P18,AGEM KANAN,3,NAIK,P3,parietal,kiri,318.584,321.084,3.0,2.5,hud_fallback,hud_fallback,0.0,True,False,11.762205051495236,17.29562334478081,15.427145773814878,12.877596114720234
P18,AGEM KANAN,3,NAIK,O1,oksipital,kiri,318.584,321.084,3.0,2.5,hud_fallback,hud_fallback,0.0,True,False,15.51270860736075,13.643879949432666,13.105882296439084,14.14121779492006
P18,AGEM KANAN,3,NAIK,F7,frontotemporal,kiri,318.584,321.084,3.0,2.5,hud_fallback,hud_fallback,0.0,True,False,15.036339562418412,13.339241206075236,13.605819530711567,13.539461249019901
P18,AGEM KANAN,3,NAIK,T3,temporal,kiri,318.584,321.084,3.0,2.5,hud_fallback,hud_fallback,0.0,True,False,13.765028445498608,14.580538527261751,11.389678335564813,14.809827383562734
P18,AGEM KANAN,3,NAIK,T5,temporo-posterior,kiri,318.584,321.084,3.0,2.5,hud_fallback,hud_fallback,0.0,True,False,13.227255594456373,11.691647279309102,16.156737129287908,11.333152211300991
P18,AGEM KANAN,3,NAIK,Fp2,frontopolar,kanan,318.584,321.084,3.0,2.5,hud_fallback,hud_fallback,0.428,False,False,,,,
P18,AGEM KANAN,3,NAIK,F4,frontal,kanan,318.584,321.084,3.0,2.5,hud_fallback,hud_fallback,0.0,True,False,-1.3219833247615966,2.9908232717795755,3.1604356852739244,0.669117961778035
P18,AGEM KANAN,3,NAIK,C4,sentral,kanan,318.584,321.084,3.0,2.5,hud_fallback,hud_fallback,0.0,True,False,6.983456487330521,3.9055081004460135,4.126604001308543,6.099947671029923
P18,AGEM KANAN,3,NAIK,P4,parietal,kanan,318.584,321.084,3.0,2.5,hud_fallback,hud_fallback,0.0,True,False,11.970888081430367,15.297806594389627,12.84873518052106,12.830794843947118
P18,AGEM KANAN,3,NAIK,O2,oksipital,kanan,318.584,321.084,3.0,2.5,hud_fallback,hud_fallback,0.108,False,False,,,,
P18,AGEM KANAN,3,NAIK,F8,frontotemporal,kanan,318.584,321.084,3.0,2.5,hud_fallback,hud_fallback,0.028,True,False,7.031764071429073,8.662494858005005,3.9424155315758505,6.013124654876485
P18,AGEM KANAN,3,NAIK,T4,temporal,kanan,318.584,321.084,3.0,2.5,hud_fallback,hud_fallback,0.028,True,False,1.3502155067872224,1.019223319349642,0.6867780403026948,2.424221178682295
P18,AGEM KANAN,3,NAIK,T6,temporo-posterior,kanan,318.584,321.084,3.0,2.5,hud_fallback,hud_fallback,0.0,True,False,10.418573732409584,8.82871737095202,5.946657596934816,8.443239303460771
P18,AGEM KANAN,3,POST,Fp1,frontopolar,kiri,321.834,323.334,1.5,1.5,hud_fallback,hud_fallback,0.0,True,False,10.720771383999747,6.5475148195964685,5.6681847629393545,9.136350524481514
P18,AGEM KANAN,3,POST,F3,frontal,kiri,321.834,323.334,1.5,1.5,hud_fallback,hud_fallback,0.0,True,False,12.985803218974837,8.544118043957106,13.948387216150469,11.027621404955461
P18,AGEM KANAN,3,POST,C3,sentral,kiri,321.834,323.334,1.5,1.5,hud_fallback,hud_fallback,0.0,True,False,13.6051840688312,17.299931116605684,16.012717128001956,13.334735946136455
P18,AGEM KANAN,3,POST,P3,parietal,kiri,321.834,323.334,1.5,1.5,hud_fallback,hud_fallback,0.0,True,False,16.51594851170117,12.059388250379609,12.94938332233933,13.205825901055292
P18,AGEM KANAN,3,POST,O1,oksipital,kiri,321.834,323.334,1.5,1.5,hud_fallback,hud_fallback,0.0,True,False,18.63755208364111,10.42008135422055,10.549955849332044,13.398073542052742
P18,AGEM KANAN,3,POST,F7,frontotemporal,kiri,321.834,323.334,1.5,1.5,hud_fallback,hud_fallback,0.0,True,False,15.163998105024461,7.820244593102672,10.833976776098464,11.16024010813198
P18,AGEM KANAN,3,POST,T3,temporal,kiri,321.834,323.334,1.5,1.5,hud_fallback,hud_fallback,0.0,True,False,16.00840393925518,9.885321155347661,9.612164118855613,13.589615375403497
P18,AGEM KANAN,3,POST,T5,temporo-posterior,kiri,321.834,323.334,1.5,1.5,hud_fallback,hud_fallback,0.0,True,False,13.253184400166752,10.260759075546055,8.813173925299349,8.829198028589573
P18,AGEM KANAN,3,POST,Fp2,frontopolar,kanan,321.834,323.334,1.5,1.5,hud_fallback,hud_fallback,0.0,True,False,9.072288088310199,6.373163696782669,5.428858701262989,7.850384639151699
P18,AGEM KANAN,3,POST,F4,frontal,kanan,321.834,323.334,1.5,1.5,hud_fallback,hud_fallback,0.0,True,False,5.19502366553062,-1.6343808657965155,3.7652615311630946,4.821120719682192
P18,AGEM KANAN,3,POST,C4,sentral,kanan,321.834,323.334,1.5,1.5,hud_fallback,hud_fallback,0.0,True,False,1.9461596022793444,1.703627890661373,2.1276736179948905,4.057151875521349
P18,AGEM KANAN,3,POST,P4,parietal,kanan,321.834,323.334,1.5,1.5,hud_fallback,hud_fallback,0.0,True,False,11.82746593886992,8.704490770474905,4.727937532633238,11.90411677931516
P18,AGEM KANAN,3,POST,O2,oksipital,kanan,321.834,323.334,1.5,1.5,hud_fallback,hud_fallback,0.0,True,False,1.8111200069970508,2.082309591262664,1.8703237016220768,2.2021963827371422
P18,AGEM KANAN,3,POST,F8,frontotemporal,kanan,321.834,323.334,1.5,1.5,hud_fallback,hud_fallback,0.0,True,False,9.543415291867959,8.392598524677155,5.8109850202420255,8.32110123897742
P18,AGEM KANAN,3,POST,T4,temporal,kanan,321.834,323.334,1.5,1.5,hud_fallback,hud_fallback,0.0,True,False,-3.1746030639219,-2.915752771270437,-0.5995241109336895,-0.8963812625648835
P18,AGEM KANAN,3,POST,T6,temporo-posterior,kanan,321.834,323.334,1.5,1.5,hud_fallback,hud_fallback,0.0,True,False,7.070672006565836,8.222681966955044,3.1486279501189074,5.842582421753953
P18,AGEM KANAN,4,PRA,Fp1,frontopolar,kiri,327.373,329.373,2.0,2.0,hud_fallback,hud_fallback,0.44,False,False,,,,
P18,AGEM KANAN,4,PRA,F3,frontal,kiri,327.373,329.373,2.0,2.0,hud_fallback,hud_fallback,0.0,True,False,8.894658460620377,6.229948361091282,9.926812590826575,9.973298069363437
P18,AGEM KANAN,4,PRA,C3,sentral,kiri,327.373,329.373,2.0,2.0,hud_fallback,hud_fallback,0.0,True,False,11.977054865367656,9.840208599160626,9.120258697900336,11.627861892884788
P18,AGEM KANAN,4,PRA,P3,parietal,kiri,327.373,329.373,2.0,2.0,hud_fallback,hud_fallback,0.44,False,False,,,,
P18,AGEM KANAN,4,PRA,O1,oksipital,kiri,327.373,329.373,2.0,2.0,hud_fallback,hud_fallback,0.14,False,False,,,,
P18,AGEM KANAN,4,PRA,F7,frontotemporal,kiri,327.373,329.373,2.0,2.0,hud_fallback,hud_fallback,0.0,True,False,11.03758246590992,7.876174259473764,8.6443741103452,9.82256447487837
P18,AGEM KANAN,4,PRA,T3,temporal,kiri,327.373,329.373,2.0,2.0,hud_fallback,hud_fallback,0.0,True,False,13.40817906458134,6.998847523405615,6.575922685201444,13.871853383891462
P18,AGEM KANAN,4,PRA,T5,temporo-posterior,kiri,327.373,329.373,2.0,2.0,hud_fallback,hud_fallback,0.0,True,False,9.090120777558063,7.737800784023769,8.771698143478172,5.468912246501084
P18,AGEM KANAN,4,PRA,Fp2,frontopolar,kanan,327.373,329.373,2.0,2.0,hud_fallback,hud_fallback,0.54,False,False,,,,
P18,AGEM KANAN,4,PRA,F4,frontal,kanan,327.373,329.373,2.0,2.0,hud_fallback,hud_fallback,0.0,True,False,5.220185351389702,2.2328434002147404,6.940748028259371,2.638660218196897
P18,AGEM KANAN,4,PRA,C4,sentral,kanan,327.373,329.373,2.0,2.0,hud_fallback,hud_fallback,0.0,True,False,2.541167495504503,5.141146594110019,8.541268131627664,3.1551085961762624
P18,AGEM KANAN,4,PRA,P4,parietal,kanan,327.373,329.373,2.0,2.0,hud_fallback,hud_fallback,0.24,False,False,,,,
P18,AGEM KANAN,4,PRA,O2,oksipital,kanan,327.373,329.373,2.0,2.0,hud_fallback,hud_fallback,1.0,False,False,,,,
P18,AGEM KANAN,4,PRA,F8,frontotemporal,kanan,327.373,329.373,2.0,2.0,hud_fallback,hud_fallback,0.14,False,False,,,,
P18,AGEM KANAN,4,PRA,T4,temporal,kanan,327.373,329.373,2.0,2.0,hud_fallback,hud_fallback,0.34,False,False,,,,
P18,AGEM KANAN,4,PRA,T6,temporo-posterior,kanan,327.373,329.373,2.0,2.0,hud_fallback,hud_fallback,0.14,False,False,,,,
P18,AGEM KANAN,4,TURUN,Fp1,frontopolar,kiri,329.623,332.123,3.0,2.5,hud_fallback,hud_fallback,0.16,False,False,,,,
P18,AGEM KANAN,4,TURUN,F3,frontal,kiri,329.623,332.123,3.0,2.5,hud_fallback,hud_fallback,0.0,True,False,-4.678474706731144,2.999897052709372,6.201820032560104,0.09171612493880588
P18,AGEM KANAN,4,TURUN,C3,sentral,kiri,329.623,332.123,3.0,2.5,hud_fallback,hud_fallback,0.0,True,False,-1.133315999200775,4.325150611137289,5.272282801220214,1.9726133385664397
P18,AGEM KANAN,4,TURUN,P3,parietal,kiri,329.623,332.123,3.0,2.5,hud_fallback,hud_fallback,0.0,True,False,-1.6212428149709055,4.382507257070397,4.998825959314686,2.346205414210047
P18,AGEM KANAN,4,TURUN,O1,oksipital,kiri,329.623,332.123,3.0,2.5,hud_fallback,hud_fallback,0.0,True,False,1.6366780720020557,5.150658775393936,4.7812002509412395,3.7352710773967672
P18,AGEM KANAN,4,TURUN,F7,frontotemporal,kiri,329.623,332.123,3.0,2.5,hud_fallback,hud_fallback,0.0,True,False,-2.4008446144812794,3.5731579198926937,3.2829575284256087,0.12774504936053432
P18,AGEM KANAN,4,TURUN,T3,temporal,kiri,329.623,332.123,3.0,2.5,hud_fallback,hud_fallback,0.188,False,False,,,,
P18,AGEM KANAN,4,TURUN,T5,temporo-posterior,kiri,329.623,332.123,3.0,2.5,hud_fallback,hud_fallback,0.0,True,False,-1.3539385626427958,-1.1416941172838762,0.15364995755520994,-1.089722918669878
P18,AGEM KANAN,4,TURUN,Fp2,frontopolar,kanan,329.623,332.123,3.0,2.5,hud_fallback,hud_fallback,0.0,True,False,-6.424720173592128,-2.376010456021632,-3.1071456847174908,-4.168119552467708
P18,AGEM KANAN,4,TURUN,F4,frontal,kanan,329.623,332.123,3.0,2.5,hud_fallback,hud_fallback,0.0,True,False,-2.4114917227926824,-1.6683362856119004,-0.3521196980345742,-1.5195680517353267
P18,AGEM KANAN,4,TURUN,C4,sentral,kanan,329.623,332.123,3.0,2.5,hud_fallback,hud_fallback,0.0,True,False,-9.168029838526525,-5.730964244165349,-4.724717885003077,-5.6932418663317215
P18,AGEM KANAN,4,TURUN,P4,parietal,kanan,329.623,332.123,3.0,2.5,hud_fallback,hud_fallback,0.0,True,False,1.0547783408176201,-0.7418226029189192,0.3421897690264437,2.2051915691456614
P18,AGEM KANAN,4,TURUN,O2,oksipital,kanan,329.623,332.123,3.0,2.5,hud_fallback,hud_fallback,0.0,True,False,-1.3114516071797553,-1.8507588205908583,-1.7612553527755317,-1.9806899379100145
P18,AGEM KANAN,4,TURUN,F8,frontotemporal,kanan,329.623,332.123,3.0,2.5,hud_fallback,hud_fallback,0.0,True,False,-4.20883481879504,0.8180096921963269,-0.4548156382086468,-1.7730063600514256
P18,AGEM KANAN,4,TURUN,T4,temporal,kanan,329.623,332.123,3.0,2.5,hud_fallback,hud_fallback,0.0,True,False,0.8372546761872783,2.6500884678299634,4.081393328441429,1.5424472545169294
P18,AGEM KANAN,4,TURUN,T6,temporo-posterior,kanan,329.623,332.123,3.0,2.5,hud_fallback,hud_fallback,0.0,True,False,-0.6936896151033807,1.4731552550985683,1.0161822338683066,-0.312816263900892
P18,AGEM KANAN,4,TAHAN,Fp1,frontopolar,kiri,332.623,334.123,2.0,1.5,hud_fallback,hud_fallback,0.0,True,False,-8.875698369155415,-2.0916382217400233,-0.5641817833906693,-3.9505166276953965
P18,AGEM KANAN,4,TAHAN,F3,frontal,kiri,332.623,334.123,2.0,1.5,hud_fallback,hud_fallback,0.047,True,False,-12.905351586682624,-11.094105670956765,-12.451010481997985,-9.38808025199615
P18,AGEM KANAN,4,TAHAN,C3,sentral,kiri,332.623,334.123,2.0,1.5,hud_fallback,hud_fallback,0.0,True,False,-6.410181109483609,-6.774934698309917,-6.20943831455876,-5.199997326978881
P18,AGEM KANAN,4,TAHAN,P3,parietal,kiri,332.623,334.123,2.0,1.5,hud_fallback,hud_fallback,0.0,True,False,-8.367670356006077,-4.23304442592557,-2.858524862706158,-1.5424180128972793
P18,AGEM KANAN,4,TAHAN,O1,oksipital,kiri,332.623,334.123,2.0,1.5,hud_fallback,hud_fallback,0.0,True,False,1.0442609776815388,-6.779538424393618,-2.6340573780175056,-1.0003389445165354
P18,AGEM KANAN,4,TAHAN,F7,frontotemporal,kiri,332.623,334.123,2.0,1.5,hud_fallback,hud_fallback,0.0,True,False,-10.297705894922252,-11.927753517293194,-9.694031445699636,-12.86256639712365
P18,AGEM KANAN,4,TAHAN,T3,temporal,kiri,332.623,334.123,2.0,1.5,hud_fallback,hud_fallback,0.98,False,False,,,,
P18,AGEM KANAN,4,TAHAN,T5,temporo-posterior,kiri,332.623,334.123,2.0,1.5,hud_fallback,hud_fallback,0.0,True,False,-8.207598835622534,-8.738217038293882,-4.3270250620987625,-5.22940075263784
P18,AGEM KANAN,4,TAHAN,Fp2,frontopolar,kanan,332.623,334.123,2.0,1.5,hud_fallback,hud_fallback,0.0,True,False,-5.917001120613708,-2.1163556242918986,-3.564093759565665,-2.9989710206977556
P18,AGEM KANAN,4,TAHAN,F4,frontal,kanan,332.623,334.123,2.0,1.5,hud_fallback,hud_fallback,0.0,True,False,-5.118177171155303,-4.766836358749945,-4.847208223517896,-3.9756673847038364
P18,AGEM KANAN,4,TAHAN,C4,sentral,kanan,332.623,334.123,2.0,1.5,hud_fallback,hud_fallback,0.18,False,False,,,,
P18,AGEM KANAN,4,TAHAN,P4,parietal,kanan,332.623,334.123,2.0,1.5,hud_fallback,hud_fallback,0.0,True,False,-1.0240648360525242,-2.428856127869466,-1.695357878990972,0.12061493399122725
P18,AGEM KANAN,4,TAHAN,O2,oksipital,kanan,332.623,334.123,2.0,1.5,hud_fallback,hud_fallback,0.0,True,False,0.34741239792401757,0.7690404039132162,0.6982630916039732,1.6534576645396868
P18,AGEM KANAN,4,TAHAN,F8,frontotemporal,kanan,332.623,334.123,2.0,1.5,hud_fallback,hud_fallback,0.0,True,False,-1.2006312908015744,1.9056757219634477,0.9849420231848427,-0.48775752393329697
P18,AGEM KANAN,4,TAHAN,T4,temporal,kanan,332.623,334.123,2.0,1.5,hud_fallback,hud_fallback,0.0,True,False,-0.3003052839192719,-3.1383214843182223,-3.0483604896575933,2.949025065271506
P18,AGEM KANAN,4,TAHAN,T6,temporo-posterior,kanan,332.623,334.123,2.0,1.5,hud_fallback,hud_fallback,0.0,True,False,0.5455375525752117,-3.333811773386085,-0.494069266216858,2.147092513182912
P18,AGEM KANAN,4,NAIK,Fp1,frontopolar,kiri,334.623,337.123,3.0,2.5,hud_fallback,hud_fallback,0.0,True,False,10.102518545018135,10.954648863241875,10.469112024871606,9.935453902087701
P18,AGEM KANAN,4,NAIK,F3,frontal,kiri,334.623,337.123,3.0,2.5,hud_fallback,hud_fallback,0.012,True,False,12.618959930957203,8.51839386670816,14.740533984230122,12.537952703234048
P18,AGEM KANAN,4,NAIK,C3,sentral,kiri,334.623,337.123,3.0,2.5,hud_fallback,hud_fallback,0.0,True,False,11.88064949150526,7.708492474705473,9.699003600417317,12.659460729873516
P18,AGEM KANAN,4,NAIK,P3,parietal,kiri,334.623,337.123,3.0,2.5,hud_fallback,hud_fallback,0.0,True,False,13.221272897370476,9.43294946316394,10.193576148580618,11.772846178034797
P18,AGEM KANAN,4,NAIK,O1,oksipital,kiri,334.623,337.123,3.0,2.5,hud_fallback,hud_fallback,0.0,True,False,13.984634847207232,7.97151799414695,5.970574401400004,11.742444306309814
P18,AGEM KANAN,4,NAIK,F7,frontotemporal,kiri,334.623,337.123,3.0,2.5,hud_fallback,hud_fallback,0.0,True,False,16.19508053007847,11.273542747311176,11.250763405764037,13.4635124802722
P18,AGEM KANAN,4,NAIK,T3,temporal,kiri,334.623,337.123,3.0,2.5,hud_fallback,hud_fallback,0.012,True,False,18.615693853369628,13.915705106097732,9.770594773064428,16.871841936796898
P18,AGEM KANAN,4,NAIK,T5,temporo-posterior,kiri,334.623,337.123,3.0,2.5,hud_fallback,hud_fallback,0.16,False,False,,,,
P18,AGEM KANAN,4,NAIK,Fp2,frontopolar,kanan,334.623,337.123,3.0,2.5,hud_fallback,hud_fallback,0.0,True,False,13.41314536932735,11.04720194010158,8.658213295828762,12.001009435620936
P18,AGEM KANAN,4,NAIK,F4,frontal,kanan,334.623,337.123,3.0,2.5,hud_fallback,hud_fallback,0.72,False,False,,,,
P18,AGEM KANAN,4,NAIK,C4,sentral,kanan,334.623,337.123,3.0,2.5,hud_fallback,hud_fallback,0.812,False,False,,,,
P18,AGEM KANAN,4,NAIK,P4,parietal,kanan,334.623,337.123,3.0,2.5,hud_fallback,hud_fallback,0.16,False,False,,,,
P18,AGEM KANAN,4,NAIK,O2,oksipital,kanan,334.623,337.123,3.0,2.5,hud_fallback,hud_fallback,0.24,False,False,,,,
P18,AGEM KANAN,4,NAIK,F8,frontotemporal,kanan,334.623,337.123,3.0,2.5,hud_fallback,hud_fallback,0.0,True,False,4.334755940654794,-0.6609167859052008,3.6439793275814445,0.7775429868293955
P18,AGEM KANAN,4,NAIK,T4,temporal,kanan,334.623,337.123,3.0,2.5,hud_fallback,hud_fallback,0.24,False,False,,,,
P18,AGEM KANAN,4,NAIK,T6,temporo-posterior,kanan,334.623,337.123,3.0,2.5,hud_fallback,hud_fallback,0.4,False,False,,,,
P18,AGEM KANAN,4,POST,Fp1,frontopolar,kiri,337.873,339.373,1.5,1.5,hud_fallback,hud_fallback,0.213,False,False,,,,
P18,AGEM KANAN,4,POST,F3,frontal,kiri,337.873,339.373,1.5,1.5,hud_fallback,hud_fallback,0.0,True,False,15.183120211701329,15.92864936756002,16.498443940293907,12.994905401281756
P18,AGEM KANAN,4,POST,C3,sentral,kiri,337.873,339.373,1.5,1.5,hud_fallback,hud_fallback,0.0,True,False,15.968651660878983,14.268611787127703,13.046646599703354,16.627887514696695
P18,AGEM KANAN,4,POST,P3,parietal,kiri,337.873,339.373,1.5,1.5,hud_fallback,hud_fallback,0.48,False,False,,,,
P18,AGEM KANAN,4,POST,O1,oksipital,kiri,337.873,339.373,1.5,1.5,hud_fallback,hud_fallback,0.347,False,False,,,,
P18,AGEM KANAN,4,POST,F7,frontotemporal,kiri,337.873,339.373,1.5,1.5,hud_fallback,hud_fallback,0.0,True,False,14.684577211846516,13.404828687559949,13.68457456507345,11.635093467975729
P18,AGEM KANAN,4,POST,T3,temporal,kiri,337.873,339.373,1.5,1.5,hud_fallback,hud_fallback,0.0,True,False,20.25438001869555,15.887672255374646,10.999473063689212,17.344568054553605
P18,AGEM KANAN,4,POST,T5,temporo-posterior,kiri,337.873,339.373,1.5,1.5,hud_fallback,hud_fallback,0.0,True,False,9.787735767272338,6.9945705302414325,4.662714599090847,5.52735131213452
P18,AGEM KANAN,4,POST,Fp2,frontopolar,kanan,337.873,339.373,1.5,1.5,hud_fallback,hud_fallback,0.347,False,False,,,,
P18,AGEM KANAN,4,POST,F4,frontal,kanan,337.873,339.373,1.5,1.5,hud_fallback,hud_fallback,0.267,False,False,,,,
P18,AGEM KANAN,4,POST,C4,sentral,kanan,337.873,339.373,1.5,1.5,hud_fallback,hud_fallback,0.0,True,False,-1.5015917108157808,-0.23926525035351176,-1.1441367795899389,-2.4562496648333827
P18,AGEM KANAN,4,POST,P4,parietal,kanan,337.873,339.373,1.5,1.5,hud_fallback,hud_fallback,0.347,False,False,,,,
P18,AGEM KANAN,4,POST,O2,oksipital,kanan,337.873,339.373,1.5,1.5,hud_fallback,hud_fallback,1.0,False,False,,,,
P18,AGEM KANAN,4,POST,F8,frontotemporal,kanan,337.873,339.373,1.5,1.5,hud_fallback,hud_fallback,0.333,False,False,,,,
P18,AGEM KANAN,4,POST,T4,temporal,kanan,337.873,339.373,1.5,1.5,hud_fallback,hud_fallback,1.0,False,False,,,,
P18,AGEM KANAN,4,POST,T6,temporo-posterior,kanan,337.873,339.373,1.5,1.5,hud_fallback,hud_fallback,0.347,False,False,,,,
P18,AGEM KIRI,3,PRA,Fp1,frontopolar,kiri,343.372,345.372,2.0,2.0,hud_fallback,hud_fallback,0.0,True,False,11.730915940905433,17.26555657361015,14.045356599572838,12.413492965981419
P18,AGEM KIRI,3,PRA,F3,frontal,kiri,343.372,345.372,2.0,2.0,hud_fallback,hud_fallback,0.0,True,False,13.922942689963747,17.990792670181108,13.111811930544224,13.32603400270309
P18,AGEM KIRI,3,PRA,C3,sentral,kiri,343.372,345.372,2.0,2.0,hud_fallback,hud_fallback,0.0,True,False,18.97116860418513,17.3771314496112,15.959314454737868,16.501275413606123
P18,AGEM KIRI,3,PRA,P3,parietal,kiri,343.372,345.372,2.0,2.0,hud_fallback,hud_fallback,0.0,True,False,17.88445850668917,18.90974063585541,12.3687290925508,15.116974059734417
P18,AGEM KIRI,3,PRA,O1,oksipital,kiri,343.372,345.372,2.0,2.0,hud_fallback,hud_fallback,0.0,True,False,19.81353385692593,12.170904438258923,15.457316889596804,15.24130437566788
P18,AGEM KIRI,3,PRA,F7,frontotemporal,kiri,343.372,345.372,2.0,2.0,hud_fallback,hud_fallback,0.0,True,False,16.139039224520488,14.51932036960477,14.32106574458653,15.06149694074746
P18,AGEM KIRI,3,PRA,T3,temporal,kiri,343.372,345.372,2.0,2.0,hud_fallback,hud_fallback,0.0,True,False,16.168437775445433,13.494855669439644,9.888630334423436,15.394955869399311
P18,AGEM KIRI,3,PRA,T5,temporo-posterior,kiri,343.372,345.372,2.0,2.0,hud_fallback,hud_fallback,0.0,True,False,16.552297342302026,11.808190879223048,13.169125617329353,11.673745388048076
P18,AGEM KIRI,3,PRA,Fp2,frontopolar,kanan,343.372,345.372,2.0,2.0,hud_fallback,hud_fallback,0.0,True,False,8.286506508049978,9.388109128887542,11.162189280418012,8.415001967436943
P18,AGEM KIRI,3,PRA,F4,frontal,kanan,343.372,345.372,2.0,2.0,hud_fallback,hud_fallback,0.0,True,False,11.455123185507205,9.646182711819556,11.559288704182528,11.683525878956708
P18,AGEM KIRI,3,PRA,C4,sentral,kanan,343.372,345.372,2.0,2.0,hud_fallback,hud_fallback,0.0,True,False,11.213069122219721,13.42307061174133,15.099603666095891,12.285324502156769
P18,AGEM KIRI,3,PRA,P4,parietal,kanan,343.372,345.372,2.0,2.0,hud_fallback,hud_fallback,0.0,True,False,12.388461050863533,16.01963849374158,13.720138205447554,10.784601595405398
P18,AGEM KIRI,3,PRA,O2,oksipital,kanan,343.372,345.372,2.0,2.0,hud_fallback,hud_fallback,0.0,True,False,6.931821439019323,9.175251987288043,9.381453404095975,5.672349657178856
P18,AGEM KIRI,3,PRA,F8,frontotemporal,kanan,343.372,345.372,2.0,2.0,hud_fallback,hud_fallback,0.0,True,False,11.104544090671311,6.116449917349222,6.328518630395113,10.083795414482466
P18,AGEM KIRI,3,PRA,T4,temporal,kanan,343.372,345.372,2.0,2.0,hud_fallback,hud_fallback,0.0,True,False,11.41076045670168,10.768944174354676,11.367454796544205,9.415860819995238
P18,AGEM KIRI,3,PRA,T6,temporo-posterior,kanan,343.372,345.372,2.0,2.0,hud_fallback,hud_fallback,0.0,True,False,12.319344685921315,13.999926930274007,10.827807084971028,9.795333878021864
P18,AGEM KIRI,3,TURUN,Fp1,frontopolar,kiri,345.622,348.122,3.0,2.5,hud_fallback,hud_fallback,0.0,True,False,7.024447842683685,8.441638545155708,7.736735352994483,7.32024830023353
P18,AGEM KIRI,3,TURUN,F3,frontal,kiri,345.622,348.122,3.0,2.5,hud_fallback,hud_fallback,0.0,True,False,4.938292342152813,7.742361538305076,10.198802492687822,4.674586702959566
P18,AGEM KIRI,3,TURUN,C3,sentral,kiri,345.622,348.122,3.0,2.5,hud_fallback,hud_fallback,0.0,True,False,7.4355786353957996,6.228922161025359,5.568924063317553,6.240655891310432
P18,AGEM KIRI,3,TURUN,P3,parietal,kiri,345.622,348.122,3.0,2.5,hud_fallback,hud_fallback,0.0,True,False,9.454727032636185,10.79529138700681,9.969878036071687,7.289964969937671
P18,AGEM KIRI,3,TURUN,O1,oksipital,kiri,345.622,348.122,3.0,2.5,hud_fallback,hud_fallback,0.0,True,False,9.372830252550536,7.732443634287236,6.043813302572595,5.26837579113986
P18,AGEM KIRI,3,TURUN,F7,frontotemporal,kiri,345.622,348.122,3.0,2.5,hud_fallback,hud_fallback,0.0,True,False,9.631494718604287,6.813223900013085,6.610793826840503,6.836283167165554
P18,AGEM KIRI,3,TURUN,T3,temporal,kiri,345.622,348.122,3.0,2.5,hud_fallback,hud_fallback,0.0,True,False,4.632535889426862,2.7795089731624643,1.56081817239059,3.0973924328777187
P18,AGEM KIRI,3,TURUN,T5,temporo-posterior,kiri,345.622,348.122,3.0,2.5,hud_fallback,hud_fallback,0.0,True,False,8.183993666413201,5.780762745891295,5.548231167741488,6.457025131905247
P18,AGEM KIRI,3,TURUN,Fp2,frontopolar,kanan,345.622,348.122,3.0,2.5,hud_fallback,hud_fallback,0.0,True,False,-0.1430258787449077,4.158569346044793,4.789929380063075,1.8656711024959627
P18,AGEM KIRI,3,TURUN,F4,frontal,kanan,345.622,348.122,3.0,2.5,hud_fallback,hud_fallback,0.0,True,False,2.203518514258967,1.9343182098175973,0.43654734066647904,1.2933498821231524
P18,AGEM KIRI,3,TURUN,C4,sentral,kanan,345.622,348.122,3.0,2.5,hud_fallback,hud_fallback,0.0,True,False,8.122912186617,9.880270977284901,9.63791557732512,10.570632373466893
P18,AGEM KIRI,3,TURUN,P4,parietal,kanan,345.622,348.122,3.0,2.5,hud_fallback,hud_fallback,0.0,True,False,0.6715454637944376,-1.1368971785187227,-0.769818337876643,0.7272252770812457
P18,AGEM KIRI,3,TURUN,O2,oksipital,kanan,345.622,348.122,3.0,2.5,hud_fallback,hud_fallback,0.0,True,False,2.233176572508114,3.8338040427464577,3.8257080950505866,1.9435635672701537
P18,AGEM KIRI,3,TURUN,F8,frontotemporal,kanan,345.622,348.122,3.0,2.5,hud_fallback,hud_fallback,0.0,True,False,12.97869834085023,10.008510526703965,7.597139428611786,9.833926003833199
P18,AGEM KIRI,3,TURUN,T4,temporal,kanan,345.622,348.122,3.0,2.5,hud_fallback,hud_fallback,0.0,True,False,1.2662738395918538,1.5418036418830887,2.499671193806339,2.845911388826913
P18,AGEM KIRI,3,TURUN,T6,temporo-posterior,kanan,345.622,348.122,3.0,2.5,hud_fallback,hud_fallback,0.0,True,False,7.327399681852036,4.146337135475179,1.765052087578571,9.784487754211916
P18,AGEM KIRI,3,TAHAN,Fp1,frontopolar,kiri,348.622,350.122,2.0,1.5,hud_fallback,hud_fallback,0.0,True,False,12.472564389851385,8.048004706387164,8.534769165512174,12.383672971445876
P18,AGEM KIRI,3,TAHAN,F3,frontal,kiri,348.622,350.122,2.0,1.5,hud_fallback,hud_fallback,0.0,True,False,4.458082746698594,2.4660788446647004,3.4709020985905177,4.498925739927927
P18,AGEM KIRI,3,TAHAN,C3,sentral,kiri,348.622,350.122,2.0,1.5,hud_fallback,hud_fallback,0.0,True,False,7.120773255923432,1.3346876508750896,0.703143439949681,5.53125957122338
P18,AGEM KIRI,3,TAHAN,P3,parietal,kiri,348.622,350.122,2.0,1.5,hud_fallback,hud_fallback,0.0,True,False,12.073430826362866,9.376251089620975,6.0599401973186495,10.200362113458567
P18,AGEM KIRI,3,TAHAN,O1,oksipital,kiri,348.622,350.122,2.0,1.5,hud_fallback,hud_fallback,0.0,True,False,11.865013788620054,3.625416654096753,2.492297769972769,8.338957756794834
P18,AGEM KIRI,3,TAHAN,F7,frontotemporal,kiri,348.622,350.122,2.0,1.5,hud_fallback,hud_fallback,0.0,True,False,9.965103866447144,2.396548952596987,0.4235272634763021,7.845804922643339
P18,AGEM KIRI,3,TAHAN,T3,temporal,kiri,348.622,350.122,2.0,1.5,hud_fallback,hud_fallback,0.287,False,False,,,,
P18,AGEM KIRI,3,TAHAN,T5,temporo-posterior,kiri,348.622,350.122,2.0,1.5,hud_fallback,hud_fallback,0.0,True,False,7.139607057610149,5.6895019886185665,5.450396783024086,3.4610499525996374
P18,AGEM KIRI,3,TAHAN,Fp2,frontopolar,kanan,348.622,350.122,2.0,1.5,hud_fallback,hud_fallback,0.0,True,False,3.9328539717127846,4.479242409653377,6.9828117120350335,5.313722083817403
P18,AGEM KIRI,3,TAHAN,F4,frontal,kanan,348.622,350.122,2.0,1.5,hud_fallback,hud_fallback,0.0,True,False,-1.9073285245902625,-5.8750739030892625,-2.849403135211155,-4.68817849587656
P18,AGEM KIRI,3,TAHAN,C4,sentral,kanan,348.622,350.122,2.0,1.5,hud_fallback,hud_fallback,0.0,True,False,6.635090593354846,8.886056414192787,11.96141215589427,8.236227567034398
P18,AGEM KIRI,3,TAHAN,P4,parietal,kanan,348.622,350.122,2.0,1.5,hud_fallback,hud_fallback,0.0,True,False,-1.3144340885240453,-1.9758866779299957,-4.080309997772346,-4.019667814991735
P18,AGEM KIRI,3,TAHAN,O2,oksipital,kanan,348.622,350.122,2.0,1.5,hud_fallback,hud_fallback,0.0,True,False,2.2414135732219123,2.7113513130279188,1.8719842871895054,0.533597788403064
P18,AGEM KIRI,3,TAHAN,F8,frontotemporal,kanan,348.622,350.122,2.0,1.5,hud_fallback,hud_fallback,0.0,True,False,-0.14420056731349717,-0.730778345236736,1.5520293836076924,-0.8112120280236041
P18,AGEM KIRI,3,TAHAN,T4,temporal,kanan,348.622,350.122,2.0,1.5,hud_fallback,hud_fallback,0.0,True,False,2.690849476322022,0.33132142067498904,0.6691809800899691,0.10985903418526988
P18,AGEM KIRI,3,TAHAN,T6,temporo-posterior,kanan,348.622,350.122,2.0,1.5,hud_fallback,hud_fallback,0.0,True,False,-2.2461767985999117,-0.5748899835330477,-3.02635341977372,-0.06601851626471245
P18,AGEM KIRI,3,NAIK,Fp1,frontopolar,kiri,350.622,353.122,3.0,2.5,hud_fallback,hud_fallback,0.0,True,False,11.8544551139777,15.819259771214018,15.24040534280888,12.138515266365161
P18,AGEM KIRI,3,NAIK,F3,frontal,kiri,350.622,353.122,3.0,2.5,hud_fallback,hud_fallback,0.0,True,False,3.3604170901796593,10.600097781194421,13.86482587974783,7.748397440983375
P18,AGEM KIRI,3,NAIK,C3,sentral,kiri,350.622,353.122,3.0,2.5,hud_fallback,hud_fallback,0.0,True,False,8.802259597840006,7.388407996349379,13.019578404652957,7.912196233273761
P18,AGEM KIRI,3,NAIK,P3,parietal,kiri,350.622,353.122,3.0,2.5,hud_fallback,hud_fallback,0.0,True,False,6.352881152686372,13.081829703694883,16.21454024296581,9.831416448517984
P18,AGEM KIRI,3,NAIK,O1,oksipital,kiri,350.622,353.122,3.0,2.5,hud_fallback,hud_fallback,0.0,True,False,6.655896192022311,9.98140167227718,11.881693897546121,9.468115485549937
P18,AGEM KIRI,3,NAIK,F7,frontotemporal,kiri,350.622,353.122,3.0,2.5,hud_fallback,hud_fallback,0.0,True,False,9.112676331786531,3.99571643082745,8.039106747282997,8.8106053236218
P18,AGEM KIRI,3,NAIK,T3,temporal,kiri,350.622,353.122,3.0,2.5,hud_fallback,hud_fallback,0.0,True,False,9.03023060233339,10.756467948351641,8.495253022332438,11.7448652359423
P18,AGEM KIRI,3,NAIK,T5,temporo-posterior,kiri,350.622,353.122,3.0,2.5,hud_fallback,hud_fallback,0.0,True,False,7.928505197640263,10.725943821634608,10.506924210448044,10.1478057026222
P18,AGEM KIRI,3,NAIK,Fp2,frontopolar,kanan,350.622,353.122,3.0,2.5,hud_fallback,hud_fallback,0.0,True,False,13.675888889697159,15.274225667791029,13.094863614669677,12.873768380486837
P18,AGEM KIRI,3,NAIK,F4,frontal,kanan,350.622,353.122,3.0,2.5,hud_fallback,hud_fallback,0.0,True,False,15.449252140380665,12.298804518585719,9.119900099046454,12.168618986270893
P18,AGEM KIRI,3,NAIK,C4,sentral,kanan,350.622,353.122,3.0,2.5,hud_fallback,hud_fallback,0.0,True,False,15.671849317457728,12.200041428554236,14.082979786636404,15.495338418517967
P18,AGEM KIRI,3,NAIK,P4,parietal,kanan,350.622,353.122,3.0,2.5,hud_fallback,hud_fallback,0.0,True,False,14.525519457857143,14.388350542427574,11.779769428268935,13.206365433161452
P18,AGEM KIRI,3,NAIK,O2,oksipital,kanan,350.622,353.122,3.0,2.5,hud_fallback,hud_fallback,0.0,True,False,17.654897362727638,16.467054478662256,12.000720810354206,13.685220665070226
P18,AGEM KIRI,3,NAIK,F8,frontotemporal,kanan,350.622,353.122,3.0,2.5,hud_fallback,hud_fallback,0.0,True,False,13.37188685629124,14.62933999666651,8.678001428247565,10.409845042305946
P18,AGEM KIRI,3,NAIK,T4,temporal,kanan,350.622,353.122,3.0,2.5,hud_fallback,hud_fallback,0.0,True,False,16.563143548827647,14.395169962837716,11.57821129951385,12.896008741373613
P18,AGEM KIRI,3,NAIK,T6,temporo-posterior,kanan,350.622,353.122,3.0,2.5,hud_fallback,hud_fallback,0.0,True,False,13.60182960404299,14.20857100998738,12.95746504023299,13.228300839507831
P18,AGEM KIRI,3,POST,Fp1,frontopolar,kiri,353.872,355.372,1.5,1.5,hud_fallback,hud_fallback,0.0,True,False,12.469022657705771,11.59763676454288,5.295278650062091,10.883516382933074
P18,AGEM KIRI,3,POST,F3,frontal,kiri,353.872,355.372,1.5,1.5,hud_fallback,hud_fallback,0.0,True,False,11.686400517833043,13.326274597649864,8.518707459075411,10.08265131293009
P18,AGEM KIRI,3,POST,C3,sentral,kiri,353.872,355.372,1.5,1.5,hud_fallback,hud_fallback,0.0,True,False,13.312906914811677,8.628763694945754,7.642499223023801,11.26634294484574
P18,AGEM KIRI,3,POST,P3,parietal,kiri,353.872,355.372,1.5,1.5,hud_fallback,hud_fallback,0.0,True,False,10.742598416382215,12.785844069600113,10.66418201845979,8.028205330129033
P18,AGEM KIRI,3,POST,O1,oksipital,kiri,353.872,355.372,1.5,1.5,hud_fallback,hud_fallback,0.0,True,False,8.863880217558489,7.348183596647068,1.5687094082175612,5.050688953473461
P18,AGEM KIRI,3,POST,F7,frontotemporal,kiri,353.872,355.372,1.5,1.5,hud_fallback,hud_fallback,0.0,True,False,15.007074861929382,16.05309540904257,14.602160937625566,15.398279337843285
P18,AGEM KIRI,3,POST,T3,temporal,kiri,353.872,355.372,1.5,1.5,hud_fallback,hud_fallback,0.0,True,False,15.349373433194984,11.87489780110981,3.8906710342072905,13.48486275649769
P18,AGEM KIRI,3,POST,T5,temporo-posterior,kiri,353.872,355.372,1.5,1.5,hud_fallback,hud_fallback,0.0,True,False,14.681480616948178,13.850646265138472,10.208065039576585,13.470778749854077
P18,AGEM KIRI,3,POST,Fp2,frontopolar,kanan,353.872,355.372,1.5,1.5,hud_fallback,hud_fallback,0.0,True,False,15.361445795476566,9.220318230377835,6.5083912168680556,13.713088447293046
P18,AGEM KIRI,3,POST,F4,frontal,kanan,353.872,355.372,1.5,1.5,hud_fallback,hud_fallback,0.0,True,False,14.313224552770336,11.9562593837165,5.458068305458916,12.56410647604691
P18,AGEM KIRI,3,POST,C4,sentral,kanan,353.872,355.372,1.5,1.5,hud_fallback,hud_fallback,0.0,True,False,16.16770041595901,16.15728949309723,12.920647826724814,14.993869995044292
P18,AGEM KIRI,3,POST,P4,parietal,kanan,353.872,355.372,1.5,1.5,hud_fallback,hud_fallback,0.0,True,False,8.41748800012666,10.487416480949946,8.857176985791114,6.944692566008264
P18,AGEM KIRI,3,POST,O2,oksipital,kanan,353.872,355.372,1.5,1.5,hud_fallback,hud_fallback,0.0,True,False,2.6373168031737038,0.9934221358276076,-2.7934420715304995,1.301700410477629
P18,AGEM KIRI,3,POST,F8,frontotemporal,kanan,353.872,355.372,1.5,1.5,hud_fallback,hud_fallback,0.0,True,False,5.417278034490536,1.3910986073945253,3.991136225875284,4.153293017739848
P18,AGEM KIRI,3,POST,T4,temporal,kanan,353.872,355.372,1.5,1.5,hud_fallback,hud_fallback,0.0,True,False,10.839829302816028,12.525053046666972,10.550408002787332,8.889901401218225
P18,AGEM KIRI,3,POST,T6,temporo-posterior,kanan,353.872,355.372,1.5,1.5,hud_fallback,hud_fallback,0.0,True,False,3.34165922292771,6.082426515466352,4.966641234673574,3.0815182843301585
P18,AGEM KIRI,4,PRA,Fp1,frontopolar,kiri,359.376,361.376,2.0,2.0,hud_fallback,hud_fallback,0.0,True,False,15.25210019913613,15.585955903088628,17.074874987149453,16.111534825155786
P18,AGEM KIRI,4,PRA,F3,frontal,kiri,359.376,361.376,2.0,2.0,hud_fallback,hud_fallback,0.0,True,False,14.716899174606468,17.557838722086245,21.845254121972342,16.189529404718222
P18,AGEM KIRI,4,PRA,C3,sentral,kiri,359.376,361.376,2.0,2.0,hud_fallback,hud_fallback,0.0,True,False,20.705141135046347,19.474695167072547,20.399194101590663,19.386249217849517
P18,AGEM KIRI,4,PRA,P3,parietal,kiri,359.376,361.376,2.0,2.0,hud_fallback,hud_fallback,0.0,True,False,18.35026832856302,22.256324151773473,23.440638061065698,18.476937578253477
P18,AGEM KIRI,4,PRA,O1,oksipital,kiri,359.376,361.376,2.0,2.0,hud_fallback,hud_fallback,0.0,True,False,19.856511885436987,19.329073516921262,19.38147149097196,17.148078996321907
P18,AGEM KIRI,4,PRA,F7,frontotemporal,kiri,359.376,361.376,2.0,2.0,hud_fallback,hud_fallback,0.0,True,False,17.988038765895652,14.931257558565491,17.169774152793916,16.533276531189124
P18,AGEM KIRI,4,PRA,T3,temporal,kiri,359.376,361.376,2.0,2.0,hud_fallback,hud_fallback,0.0,True,False,16.91027303817033,16.82270754691553,15.741514485215017,17.91773625748877
P18,AGEM KIRI,4,PRA,T5,temporo-posterior,kiri,359.376,361.376,2.0,2.0,hud_fallback,hud_fallback,0.0,True,False,16.1829400147982,14.480575092239775,16.858166029217376,14.336998253734947
P18,AGEM KIRI,4,PRA,Fp2,frontopolar,kanan,359.376,361.376,2.0,2.0,hud_fallback,hud_fallback,0.0,True,False,15.538737015717839,14.923694482791063,12.36909934073585,15.325722354634387
P18,AGEM KIRI,4,PRA,F4,frontal,kanan,359.376,361.376,2.0,2.0,hud_fallback,hud_fallback,0.0,True,False,17.18236094484196,14.078624066446395,11.320221899181796,15.196765287447498
P18,AGEM KIRI,4,PRA,C4,sentral,kanan,359.376,361.376,2.0,2.0,hud_fallback,hud_fallback,0.0,True,False,17.649717959788305,13.754688303282052,13.464813021280055,16.479577805755888
P18,AGEM KIRI,4,PRA,P4,parietal,kanan,359.376,361.376,2.0,2.0,hud_fallback,hud_fallback,0.0,True,False,16.195234137760295,13.771717186150475,14.338112781752457,14.196473167710288
P18,AGEM KIRI,4,PRA,O2,oksipital,kanan,359.376,361.376,2.0,2.0,hud_fallback,hud_fallback,0.0,True,False,17.00577827987835,12.544227402738464,10.329507796188135,13.253852406528978
P18,AGEM KIRI,4,PRA,F8,frontotemporal,kanan,359.376,361.376,2.0,2.0,hud_fallback,hud_fallback,0.0,True,False,16.401649849750285,10.26288534078892,9.080961796545697,12.313625479161537
P18,AGEM KIRI,4,PRA,T4,temporal,kanan,359.376,361.376,2.0,2.0,hud_fallback,hud_fallback,0.0,True,False,18.268343437018743,11.414731588075146,10.943991986473275,14.403852411545863
P18,AGEM KIRI,4,PRA,T6,temporo-posterior,kanan,359.376,361.376,2.0,2.0,hud_fallback,hud_fallback,0.0,True,False,13.980584658346473,12.983099693061263,9.596274716545345,12.311346326627778
P18,AGEM KIRI,4,TURUN,Fp1,frontopolar,kiri,361.626,364.126,3.0,2.5,hud_fallback,hud_fallback,0.0,True,False,6.885561670738703,10.35673870364808,9.121548706030424,8.532017713559902
P18,AGEM KIRI,4,TURUN,F3,frontal,kiri,361.626,364.126,3.0,2.5,hud_fallback,hud_fallback,0.0,True,False,1.8716870513682693,7.357071853751016,6.817907148739398,3.4302706266628817
P18,AGEM KIRI,4,TURUN,C3,sentral,kiri,361.626,364.126,3.0,2.5,hud_fallback,hud_fallback,0.0,True,False,4.024884688714245,8.3088874394942,5.242572462576888,5.554037574206951
P18,AGEM KIRI,4,TURUN,P3,parietal,kiri,361.626,364.126,3.0,2.5,hud_fallback,hud_fallback,0.0,True,False,8.237232224010334,10.896025384275614,9.294915155813172,7.645931573926532
P18,AGEM KIRI,4,TURUN,O1,oksipital,kiri,361.626,364.126,3.0,2.5,hud_fallback,hud_fallback,0.0,True,False,6.8661891518700315,6.3603115230231,5.282365673923049,5.254337933689655
P18,AGEM KIRI,4,TURUN,F7,frontotemporal,kiri,361.626,364.126,3.0,2.5,hud_fallback,hud_fallback,0.0,True,False,7.249366312460694,6.444951818031903,5.492183686645124,6.160035824464721
P18,AGEM KIRI,4,TURUN,T3,temporal,kiri,361.626,364.126,3.0,2.5,hud_fallback,hud_fallback,0.0,True,False,-0.9559218945502366,-0.22240602989139546,0.4982055211502683,0.6749240940409749
P18,AGEM KIRI,4,TURUN,T5,temporo-posterior,kiri,361.626,364.126,3.0,2.5,hud_fallback,hud_fallback,0.0,True,False,7.072357497539471,8.978511842453216,6.187884429379405,3.942441489682132
P18,AGEM KIRI,4,TURUN,Fp2,frontopolar,kanan,361.626,364.126,3.0,2.5,hud_fallback,hud_fallback,0.0,True,False,1.9868269347480911,6.240241371447304,7.480509704568778,4.722409231311708
P18,AGEM KIRI,4,TURUN,F4,frontal,kanan,361.626,364.126,3.0,2.5,hud_fallback,hud_fallback,0.0,True,False,4.29875224701847,5.70434879253601,5.27857856546661,2.2668356545886823
P18,AGEM KIRI,4,TURUN,C4,sentral,kanan,361.626,364.126,3.0,2.5,hud_fallback,hud_fallback,0.028,True,False,-4.461595944382346,0.24185567140162334,1.895993871655154,-2.5441991566403033
P18,AGEM KIRI,4,TURUN,P4,parietal,kanan,361.626,364.126,3.0,2.5,hud_fallback,hud_fallback,0.0,True,False,8.483065251676827,11.46560961836709,8.374278198111867,6.747347970758732
P18,AGEM KIRI,4,TURUN,O2,oksipital,kanan,361.626,364.126,3.0,2.5,hud_fallback,hud_fallback,0.0,True,False,7.044475543930005,12.967943722617058,7.7845787776473685,5.78940438241419
P18,AGEM KIRI,4,TURUN,F8,frontotemporal,kanan,361.626,364.126,3.0,2.5,hud_fallback,hud_fallback,0.0,True,False,14.472296353692798,12.77378271119872,8.307617617564635,9.498314227288837
P18,AGEM KIRI,4,TURUN,T4,temporal,kanan,361.626,364.126,3.0,2.5,hud_fallback,hud_fallback,0.0,True,False,6.24037714519595,9.264753029045703,9.934594793137496,5.8519052200219335
P18,AGEM KIRI,4,TURUN,T6,temporo-posterior,kanan,361.626,364.126,3.0,2.5,hud_fallback,hud_fallback,0.0,True,False,8.747600448088036,11.290668738168577,10.485883300688421,7.957453933672532
P18,AGEM KIRI,4,TAHAN,Fp1,frontopolar,kiri,364.626,366.126,2.0,1.5,hud_fallback,hud_fallback,0.0,True,False,4.752103358186041,13.74593509538305,12.566216844846462,9.660409789885392
P18,AGEM KIRI,4,TAHAN,F3,frontal,kiri,364.626,366.126,2.0,1.5,hud_fallback,hud_fallback,0.0,True,False,4.815958497892197,15.644054337125873,14.171954404118768,9.5951131568548
P18,AGEM KIRI,4,TAHAN,C3,sentral,kiri,364.626,366.126,2.0,1.5,hud_fallback,hud_fallback,0.0,True,False,8.208413007261449,16.77324860209498,10.390704623705222,10.718618024365881
P18,AGEM KIRI,4,TAHAN,P3,parietal,kiri,364.626,366.126,2.0,1.5,hud_fallback,hud_fallback,0.0,True,False,9.20560079120007,20.27783320858485,15.803862979295005,12.231703047898222
P18,AGEM KIRI,4,TAHAN,O1,oksipital,kiri,364.626,366.126,2.0,1.5,hud_fallback,hud_fallback,0.0,True,False,11.457059379245642,17.32506142859016,11.294804596493229,12.270523747261912
P18,AGEM KIRI,4,TAHAN,F7,frontotemporal,kiri,364.626,366.126,2.0,1.5,hud_fallback,hud_fallback,0.0,True,False,7.660486861838777,14.723036297771387,11.750071541748344,10.462831101262069
P18,AGEM KIRI,4,TAHAN,T3,temporal,kiri,364.626,366.126,2.0,1.5,hud_fallback,hud_fallback,0.0,True,False,9.244416323418413,16.17107251738497,9.598150536827152,13.115643178030012
P18,AGEM KIRI,4,TAHAN,T5,temporo-posterior,kiri,364.626,366.126,2.0,1.5,hud_fallback,hud_fallback,0.0,True,False,-1.1057077375975624,2.5451892964808494,-2.190950901473169,-3.5825388639401368
P18,AGEM KIRI,4,TAHAN,Fp2,frontopolar,kanan,364.626,366.126,2.0,1.5,hud_fallback,hud_fallback,0.0,True,False,5.872173749428068,13.123892300189269,10.341314591141863,9.816620166383416
P18,AGEM KIRI,4,TAHAN,F4,frontal,kanan,364.626,366.126,2.0,1.5,hud_fallback,hud_fallback,0.0,True,False,-1.374819506739044,0.31585789302057066,-0.1915719358978052,0.03812761577229651
P18,AGEM KIRI,4,TAHAN,C4,sentral,kanan,364.626,366.126,2.0,1.5,hud_fallback,hud_fallback,1.0,False,False,,,,
P18,AGEM KIRI,4,TAHAN,P4,parietal,kanan,364.626,366.126,2.0,1.5,hud_fallback,hud_fallback,0.0,True,False,0.4948602469553265,4.701596870629864,-0.5335326092273718,0.27951488374618805
P18,AGEM KIRI,4,TAHAN,O2,oksipital,kanan,364.626,366.126,2.0,1.5,hud_fallback,hud_fallback,0.0,True,False,0.9029636627621187,8.324451667013129,3.7409261885966743,3.7293096880136574
P18,AGEM KIRI,4,TAHAN,F8,frontotemporal,kanan,364.626,366.126,2.0,1.5,hud_fallback,hud_fallback,0.0,True,False,5.125767174838927,0.5305733865529518,0.46451105115699676,3.3694875595761005
P18,AGEM KIRI,4,TAHAN,T4,temporal,kanan,364.626,366.126,2.0,1.5,hud_fallback,hud_fallback,0.047,True,False,-3.342924673394407,-0.776827243727535,-0.06210774662570273,-3.54050780575124
P18,AGEM KIRI,4,TAHAN,T6,temporo-posterior,kanan,364.626,366.126,2.0,1.5,hud_fallback,hud_fallback,0.0,True,False,0.0410832426766774,4.022990617321312,1.0471629539749472,-1.73360593020724
P18,AGEM KIRI,4,NAIK,Fp1,frontopolar,kiri,366.626,369.126,3.0,2.5,hud_fallback,hud_fallback,0.0,True,False,16.302078340544476,19.074331746701123,16.85240173864371,15.574576814913364
P18,AGEM KIRI,4,NAIK,F3,frontal,kiri,366.626,369.126,3.0,2.5,hud_fallback,hud_fallback,0.0,True,False,13.251438192578355,19.91256010091483,19.326288836815056,13.66574220287334
P18,AGEM KIRI,4,NAIK,C3,sentral,kiri,366.626,369.126,3.0,2.5,hud_fallback,hud_fallback,0.0,True,False,16.486749913400757,19.854360502242635,18.09868324729963,15.303456572595266
P18,AGEM KIRI,4,NAIK,P3,parietal,kiri,366.626,369.126,3.0,2.5,hud_fallback,hud_fallback,0.0,True,False,15.846892837615677,21.74937151512751,21.119703685957262,14.841187820286592
P18,AGEM KIRI,4,NAIK,O1,oksipital,kiri,366.626,369.126,3.0,2.5,hud_fallback,hud_fallback,0.0,True,False,17.68616675087236,19.726598950682025,17.256602253335785,14.802663211491648
P18,AGEM KIRI,4,NAIK,F7,frontotemporal,kiri,366.626,369.126,3.0,2.5,hud_fallback,hud_fallback,0.0,True,False,17.615682582954847,16.399635832639063,15.935887591377263,14.913190191630505
P18,AGEM KIRI,4,NAIK,T3,temporal,kiri,366.626,369.126,3.0,2.5,hud_fallback,hud_fallback,0.0,True,False,18.014325117763022,20.206144000349425,12.66371454234491,17.320061225534154
P18,AGEM KIRI,4,NAIK,T5,temporo-posterior,kiri,366.626,369.126,3.0,2.5,hud_fallback,hud_fallback,0.0,True,False,16.09768870653339,15.189895103095047,17.755953467505652,13.635080346119324
P18,AGEM KIRI,4,NAIK,Fp2,frontopolar,kanan,366.626,369.126,3.0,2.5,hud_fallback,hud_fallback,0.0,True,False,16.748931539566517,18.382085179322388,15.523470876616862,15.681883561304254
P18,AGEM KIRI,4,NAIK,F4,frontal,kanan,366.626,369.126,3.0,2.5,hud_fallback,hud_fallback,0.0,True,False,16.258846582312245,16.80220385135187,16.091086458993594,14.828796774517023
P18,AGEM KIRI,4,NAIK,C4,sentral,kanan,366.626,369.126,3.0,2.5,hud_fallback,hud_fallback,0.0,True,False,16.291338950673023,17.35835838371809,19.472326022196928,16.608230748047752
P18,AGEM KIRI,4,NAIK,P4,parietal,kanan,366.626,369.126,3.0,2.5,hud_fallback,hud_fallback,0.0,True,False,17.60803569679303,17.976822681934863,17.80534870794819,15.130557063652645
P18,AGEM KIRI,4,NAIK,O2,oksipital,kanan,366.626,369.126,3.0,2.5,hud_fallback,hud_fallback,0.0,True,False,12.917367327389037,15.493837342993757,14.446413162028787,11.596357248481752
P18,AGEM KIRI,4,NAIK,F8,frontotemporal,kanan,366.626,369.126,3.0,2.5,hud_fallback,hud_fallback,0.0,True,False,12.12878133555543,10.34965450761213,10.480098031530897,9.267677955785537
P18,AGEM KIRI,4,NAIK,T4,temporal,kanan,366.626,369.126,3.0,2.5,hud_fallback,hud_fallback,0.0,True,False,14.453970516327217,15.207281613590592,14.804250926486827,12.34064242340304
P18,AGEM KIRI,4,NAIK,T6,temporo-posterior,kanan,366.626,369.126,3.0,2.5,hud_fallback,hud_fallback,0.0,True,False,17.506731095061312,18.47901479635081,18.55422925763198,16.04822376838996
P18,AGEM KIRI,4,POST,Fp1,frontopolar,kiri,369.876,371.376,1.5,1.5,hud_fallback,hud_fallback,0.0,True,False,10.369126871396595,5.9625226040224035,6.912261210445497,9.02676032428387
P18,AGEM KIRI,4,POST,F3,frontal,kiri,369.876,371.376,1.5,1.5,hud_fallback,hud_fallback,0.0,True,False,12.650084881546029,10.346749375578284,14.279135324495538,11.901957661052592
P18,AGEM KIRI,4,POST,C3,sentral,kiri,369.876,371.376,1.5,1.5,hud_fallback,hud_fallback,0.0,True,False,14.405238131033741,12.091320682658598,11.86468322809056,11.976076770605168
P18,AGEM KIRI,4,POST,P3,parietal,kiri,369.876,371.376,1.5,1.5,hud_fallback,hud_fallback,0.0,True,False,11.852744379644705,11.81846284655919,8.960503850367552,9.573162455764972
P18,AGEM KIRI,4,POST,O1,oksipital,kiri,369.876,371.376,1.5,1.5,hud_fallback,hud_fallback,0.0,True,False,13.648428859858825,3.7559108671641965,4.6098912644195025,10.368240799970422
P18,AGEM KIRI,4,POST,F7,frontotemporal,kiri,369.876,371.376,1.5,1.5,hud_fallback,hud_fallback,0.0,True,False,13.160337046112325,6.217359431115476,6.470515080863034,10.140225968677214
P18,AGEM KIRI,4,POST,T3,temporal,kiri,369.876,371.376,1.5,1.5,hud_fallback,hud_fallback,0.0,True,False,12.91285298994535,9.706777715657587,4.831719119317757,11.264612610909083
P18,AGEM KIRI,4,POST,T5,temporo-posterior,kiri,369.876,371.376,1.5,1.5,hud_fallback,hud_fallback,0.0,True,False,13.14933138769679,9.123934894130599,10.82410624906321,9.004600805056981
P18,AGEM KIRI,4,POST,Fp2,frontopolar,kanan,369.876,371.376,1.5,1.5,hud_fallback,hud_fallback,0.0,True,False,8.841679744095256,7.227945579383928,5.6909119458953725,7.666965471698774
P18,AGEM KIRI,4,POST,F4,frontal,kanan,369.876,371.376,1.5,1.5,hud_fallback,hud_fallback,0.0,True,False,14.188276398642067,11.665329570024078,10.683053593432064,11.379822190491637
P18,AGEM KIRI,4,POST,C4,sentral,kanan,369.876,371.376,1.5,1.5,hud_fallback,hud_fallback,0.0,True,False,14.363895520518874,16.377871039376714,12.87760546913223,14.921608063897672
P18,AGEM KIRI,4,POST,P4,parietal,kanan,369.876,371.376,1.5,1.5,hud_fallback,hud_fallback,0.0,True,False,13.579982700425177,12.090246247028631,4.085215993492309,10.785564194686614
P18,AGEM KIRI,4,POST,O2,oksipital,kanan,369.876,371.376,1.5,1.5,hud_fallback,hud_fallback,0.0,True,False,8.6783551482362,2.9845716491936045,2.3503656895320937,5.069180852403818
P18,AGEM KIRI,4,POST,F8,frontotemporal,kanan,369.876,371.376,1.5,1.5,hud_fallback,hud_fallback,0.0,True,False,6.380322368533214,2.7435853222129936,1.7281327448166017,6.632585851773634
P18,AGEM KIRI,4,POST,T4,temporal,kanan,369.876,371.376,1.5,1.5,hud_fallback,hud_fallback,0.0,True,False,9.146210734330637,5.96598352872677,5.95529814112648,7.4578983604011455
P18,AGEM KIRI,4,POST,T6,temporo-posterior,kanan,369.876,371.376,1.5,1.5,hud_fallback,hud_fallback,0.0,True,False,11.99521978912297,9.905779137035893,4.892088713280337,8.608944773422834
