participant_id,pool,phase,n_seg,is_simulated,level,unit,offset_change,exponent_change,theta_periodic_db,mu_periodic_db,beta_periodic_db,hemisphere,area,n_valid,few_segments,r2,global_offset_db,theta_relative_db,mu_relative_db,beta_relative_db,artifact_prone,noise_floor_db
P31,SEMUA,PRA,11,False,belahan,kiri,11.78593856814884,0.6490048096311696,1.0056002155815997,0.2437270074396598,-0.178743317332857,,,,,,,,,,,2.29399127409059
P31,SEMUA,PRA,11,False,belahan,kanan,16.856953098018238,0.25192979253350645,1.9461391846478007,0.5494842570625069,0.018064647640972764,,,,,,,,,,,2.29399127409059
P31,SEMUA,PRA,11,False,kanal,Fp1,9.561697582994064,0.4156528568765985,-0.41751933190717183,1.2083019398215384,-0.10542539812443608,kiri,frontopolar,9.0,False,0.9871893197190429,11.78593856814884,-1.4231195474887715,0.9645749323818786,0.07331791920842093,,2.29399127409059
P31,SEMUA,PRA,11,False,kanal,F3,8.344666156209179,0.5660286658178478,1.1804809587535763,-0.004774142700612938,-0.25206123654127793,kiri,frontal,9.0,False,0.9931428878045597,11.78593856814884,0.17488074317197655,-0.24850115014027274,-0.07331791920842093,,2.29399127409059
P31,SEMUA,PRA,11,False,kanal,C3,10.594264040173343,0.6350526566568364,1.164166850443371,-0.45170912687723463,-0.019447665841920814,kiri,sentral,10.0,False,0.994138821312494,11.78593856814884,0.15856663486177136,-0.6954361343168944,0.1592956514909362,,2.29399127409059
P31,SEMUA,PRA,11,False,kanal,P3,13.341293278362969,0.9290339390594575,0.16167536010958383,0.49222815757993255,0.37710160470503673,kiri,parietal,9.0,False,0.991825610606846,11.78593856814884,-0.8439248554720159,0.24850115014027274,0.5558449220378937,,2.29399127409059
P31,SEMUA,PRA,11,False,kanal,O1,11.904442344932441,0.7199333495206846,1.9810980978986792,-0.5632885800332104,-0.6355164091396349,kiri,oksipital,8.0,False,0.9906762861435452,11.78593856814884,0.9754978823170795,-0.8070155874728702,-0.45677309180677794,,2.29399127409059
P31,SEMUA,PRA,11,False,kanal,F7,11.961033515470618,0.2833380807959137,-0.9228394121588751,0.5394389029869195,-0.3727861184268759,kiri,frontotemporal,9.0,False,0.9597204444027841,11.78593856814884,-1.9284396277404747,0.29571189554725974,-0.19404280109401892,,2.29399127409059
P31,SEMUA,PRA,11,False,kanal,T3,11.667434791365238,0.6629569626055026,1.0215863795802762,-0.5579041127054061,-0.8206862510272537,kiri,temporal,9.0,False,0.9890376906695819,11.78593856814884,0.015986163998676473,-0.8016311201450659,-0.6419429336943967,,2.29399127409059
P31,SEMUA,PRA,11,False,kanal,T5,14.848458824867159,0.8119490088179431,0.9896140515829233,0.9039842686684185,0.27348938383632815,kiri,temporo-posterior,8.0,False,0.994545975026609,11.78593856814884,-0.015986163998676473,0.6602572612287587,0.4522327011691851,,2.29399127409059
P31,SEMUA,PRA,11,False,kanal,Fp2,17.646615775848044,0.0670063913089829,2.5832962320181707,1.6726449070759446,0.2322575363288284,kanan,frontopolar,9.0,False,0.9753451563545055,16.856953098018238,0.63715704737037,1.1231606500134377,0.21419288868785563,,2.29399127409059
P31,SEMUA,PRA,11,False,kanal,F4,16.280262430181132,0.524123431761822,0.4700714906920944,0.22852047638944617,0.0965827668986412,kanan,frontal,9.0,False,0.9878154264966085,16.856953098018238,-1.4760676939557063,-0.32096378067306075,0.07851811925766844,,2.29399127409059
P31,SEMUA,PRA,11,False,kanal,C4,14.894145667964004,0.3688995358203595,1.4670169917350324,0.0786268238729857,-0.0894479123474301,kanan,sentral,10.0,False,0.9630157992720932,16.856953098018238,-0.47912219291276825,-0.4708574331895212,-0.10751255998840287,,2.29399127409059
P31,SEMUA,PRA,11,False,kanal,P4,15.906154708237857,-0.1044079079725253,0.594375243225187,1.5532728909894287,-0.004918863951781316,kanan,parietal,9.0,False,0.9922195966938883,16.856953098018238,-1.3517639414226137,1.0037886339269217,-0.02298351159275408,,2.29399127409059
P31,SEMUA,PRA,11,False,kanal,O2,18.171618808931875,0.45695909310137206,1.9539351294961238,-0.04796212673714928,-0.3774064068282282,kanan,oksipital,9.0,False,0.989782513760205,16.856953098018238,0.007795944848323133,-0.5974463837996562,-0.39547105446920094,,2.29399127409059
P31,SEMUA,PRA,11,False,kanal,F8,15.159855050643785,0.2626447208571221,2.600369878576224,-0.7286070860093776,0.041048159233726844,kanan,frontotemporal,10.0,False,0.9807653378584911,16.856953098018238,0.6542306939284233,-1.2780913430718845,0.02298351159275408,,2.29399127409059
P31,SEMUA,PRA,11,False,kanal,T4,19.250058376474307,0.2412148642098908,2.1272482951873846,0.8704480377355677,0.902060282188623,kanan,temporal,11.0,False,0.9783484654127309,16.856953098018238,0.1811091105395839,0.32096378067306075,0.8839956345476503,,2.29399127409059
P31,SEMUA,PRA,11,False,kanal,T6,17.433643765855344,0.05210456373331773,1.9383432397994778,1.1848121082872138,-0.4048919933392265,kanan,temporo-posterior,11.0,False,0.9733014113576063,16.856953098018238,-0.007795944848322911,0.6353278512247069,-0.42295664098019925,,2.29399127409059
P31,SEMUA,PRA,11,False,area,frontopolar,12.852015929858958,0.4885200446284129,0.8597488904672361,0.836129539074931,0.04961075221158184,,frontopolar,9.0,False,0.9875387674620674,,,,,True,2.29399127409059
P31,SEMUA,PRA,11,False,area,frontal,12.73475262852778,0.5590202663306902,0.38387899176940354,0.31166686356586615,0.04459554868820914,,frontal,10.0,False,0.991933718165931,,,,,False,2.29399127409059
P31,SEMUA,PRA,11,False,area,frontotemporal,15.006742188109172,0.3035105433557428,2.0773695975340174,-0.5526191065102806,-0.007609092273749507,,frontotemporal,10.0,False,0.9845435467894076,,,,,True,2.29399127409059
P31,SEMUA,PRA,11,False,area,sentral,13.478041303461161,0.41155623914486605,2.136723441489349,0.07277015530017206,0.10846630481892339,,sentral,11.0,False,0.9761629851005875,,,,,False,2.29399127409059
P31,SEMUA,PRA,11,False,area,temporal,20.19277874339899,0.7327367317999327,1.7623199295244034,0.13064045192807283,1.0521878055498566,,temporal,11.0,False,0.9876375582007261,,,,,True,2.29399127409059
P31,SEMUA,PRA,11,False,area,parietal,16.16351908711127,0.6691682412718385,0.3559600750854014,0.559677815200387,0.24063327375471694,,parietal,11.0,False,0.9932611911427035,,,,,False,2.29399127409059
P31,SEMUA,PRA,11,False,area,temporo-posterior,15.901853377258071,0.32770656358721295,1.645576388638474,0.872082416849957,-0.4389705746374539,,temporo-posterior,11.0,False,0.9836766991539546,,,,,False,2.29399127409059
P31,SEMUA,PRA,11,False,area,oksipital,12.757410498276897,0.6295846976397628,1.6219125168800541,-0.8515289072534409,-0.8445098004050096,,oksipital,10.0,False,0.9896141583581802,,,,,False,2.29399127409059
P31,SEMUA,TURUN,9,False,belahan,kiri,15.520214057733455,0.9379958828453847,1.5685419539903132,0.014235827320270511,0.26147571674052905,,,,,,,,,,,2.29399127409059
P31,SEMUA,TURUN,9,False,belahan,kanan,18.704133244836385,0.28103554117575336,3.0545657443522556,0.048213421344809104,0.04423242714520059,,,,,,,,,,,2.29399127409059
P31,SEMUA,TURUN,9,False,kanal,Fp1,14.916642775014367,0.9196808308739144,-0.2797099931699176,-0.043547125819781485,0.32563945373699255,kiri,frontopolar,7.0,False,0.985345477715753,15.520214057733455,-1.8482519471602308,-0.057782953140051996,0.0641637369964635,,2.29399127409059
P31,SEMUA,TURUN,9,False,kanal,F3,15.794769680025631,1.0636182054202825,0.6602310667825239,0.3369005101303313,-0.43043947328420645,kiri,frontal,4.0,True,0.9480459550742891,15.520214057733455,-0.9083108872077893,0.3226646828100608,-0.6919151900247356,,2.29399127409059
P31,SEMUA,TURUN,9,False,kanal,C3,14.247856030795774,0.7704216122678607,1.8546947267695746,-0.9754794004232017,0.9429824923180555,kiri,sentral,8.0,False,0.9748812708992758,15.520214057733455,0.28615277277926143,-0.9897152277434722,0.6815067755775265,,2.29399127409059
P31,SEMUA,TURUN,9,False,kanal,P3,20.762066843342723,1.3440027934419922,1.6669877807668527,-4.660599795380467,-0.6186118152315354,kiri,parietal,4.0,True,0.728753640543254,15.520214057733455,0.09844582677653957,-4.674835622700737,-0.8800875319720645,,2.29399127409059
P31,SEMUA,TURUN,9,False,kanal,O1,6.874382241290256,0.38066607833716826,2.6578130347141427,0.23672957257527072,0.1542410543488928,kiri,oksipital,7.0,False,0.9854117345576432,15.520214057733455,1.0892710807238295,0.2224937452550002,-0.10723466239163626,,2.29399127409059
P31,SEMUA,TURUN,9,False,kanal,F7,19.094689296407473,0.9563109348168549,-0.03916309864063772,0.0720187804603225,0.19731197974406556,kiri,frontotemporal,8.0,False,0.9939189306590138,15.520214057733455,-1.6077050526309509,0.057782953140051996,-0.0641637369964635,,2.29399127409059
P31,SEMUA,TURUN,9,False,kanal,T3,27.510092245673057,2.0548401818748236,1.4700961272137736,-4.882344931572652,5.269285860950444,kiri,temporal,7.0,False,0.8851576026446968,15.520214057733455,-0.09844582677653957,-4.896580758892922,5.007810144209915,,2.29399127409059
P31,SEMUA,TURUN,9,False,kanal,T5,15.245658435441278,0.6740759546681228,1.850150535397343,1.075596088637914,1.086816732110179,kiri,temporo-posterior,7.0,False,0.9849995560555939,15.520214057733455,0.28160858140702993,1.0613602613176434,0.8253410153696499,,2.29399127409059
P31,SEMUA,TURUN,9,False,kanal,Fp2,20.57495604355223,0.21213792319349434,3.7844166089222377,1.573427025826157,-0.18480752238379106,kanan,frontopolar,9.0,False,0.989785097272331,18.704133244836385,0.7298508645699822,1.5252136044813478,-0.22903994952899165,,2.29399127409059
P31,SEMUA,TURUN,9,False,kanal,F4,16.1669301095353,0.47372736261242765,3.2977164651976456,0.02900524757260836,0.22596241616918156,kanan,frontal,9.0,False,0.9877178634915974,18.704133244836385,0.24315072084539002,-0.019208173772200743,0.18172998902398096,,2.29399127409059
P31,SEMUA,TURUN,9,False,kanal,C4,21.847177937041607,0.7557033101882427,1.9817187826542453,-1.8572065950715642,0.30257430815575714,kanan,sentral,9.0,False,0.9908948245266459,18.704133244836385,-1.0728469616980103,-1.9054200164163733,0.25834188101055655,,2.29399127409059
P31,SEMUA,TURUN,9,False,kanal,P4,15.103288786911662,-0.07351698577416599,2.811415023506866,2.8345818253414454,0.05507018780103068,kanan,parietal,9.0,False,0.9880512454643431,18.704133244836385,-0.24315072084538958,2.7863684039966365,0.010837760655830087,,2.29399127409059
P31,SEMUA,TURUN,9,False,kanal,O2,17.975450398280678,0.43827034204616133,3.571381784760799,-0.8943757176923937,-0.18034846328148046,kanan,oksipital,8.0,False,0.9831428873642803,18.704133244836385,0.5168160404085436,-0.9425891390372028,-0.22458089042668106,,2.29399127409059
P31,SEMUA,TURUN,9,False,kanal,F8,15.829080689059602,0.2545597428574933,1.171072220745344,-0.6653068874146566,0.033394666489370506,kanan,frontotemporal,9.0,False,0.9755850310672284,18.704133244836385,-1.8834935236069117,-0.7135203087594657,-0.010837760655830087,,2.29399127409059
P31,SEMUA,TURUN,9,False,kanal,T4,19.60513484173441,0.042989797392526174,5.684786331761608,2.717167947766978,-0.5775965706216866,kanan,temporal,9.0,False,0.9892722605240841,18.704133244836385,2.6302205874093527,2.6689545264221692,-0.6218289977668872,,2.29399127409059
P31,SEMUA,TURUN,9,False,kanal,T6,19.43281609139209,0.30751133949401344,0.6533842019735997,0.06742159511700985,0.51504289613164,kanan,temporo-posterior,9.0,False,0.9796110477140846,18.704133244836385,-2.401181542378656,0.019208173772200743,0.4708104689864394,,2.29399127409059
P31,SEMUA,TURUN,9,False,area,frontopolar,17.479589964865966,0.8402893720830972,1.580966999596153,-0.19170232870797443,-0.12220420860607473,,frontopolar,9.0,False,0.9939666344344112,,,,,True,2.29399127409059
P31,SEMUA,TURUN,9,False,area,frontal,15.891048275864897,0.6946296527217335,2.1113126830378186,-0.13255406389174684,0.5730649461714857,,frontal,9.0,False,0.9854342543061094,,,,,False,2.29399127409059
P31,SEMUA,TURUN,9,False,area,frontotemporal,16.083752389472238,0.3375162430125278,0.9074294344392481,-0.630678563214206,-0.02603138458312826,,frontotemporal,9.0,False,0.9804259780348248,,,,,True,2.29399127409059
P31,SEMUA,TURUN,9,False,area,sentral,19.78638885695571,0.7471908411860791,1.7936445623737018,-1.7794100023407577,0.1603178533434012,,sentral,9.0,False,0.994229220692662,,,,,False,2.29399127409059
P31,SEMUA,TURUN,9,False,area,temporal,22.332179080567272,0.6164356020176647,4.302618197129901,0.4578313288847946,-0.3689218867908532,,temporal,9.0,False,0.9865638406165423,,,,,True,2.29399127409059
P31,SEMUA,TURUN,9,False,area,parietal,19.60086826857743,0.9468462609204646,2.2704311878666728,0.9555841418321949,0.8280229228067062,,parietal,9.0,False,0.9929819559492833,,,,,False,2.29399127409059
P31,SEMUA,TURUN,9,False,area,temporo-posterior,17.071761741790866,0.43984983651831566,1.2536114591350072,0.24204203127229063,0.4733268049868443,,temporo-posterior,9.0,False,0.9862143540601628,,,,,False,2.29399127409059
P31,SEMUA,TURUN,9,False,area,oksipital,9.612843327914668,0.35263108116744313,3.0539588786307146,-0.9599275870219639,-0.8314029412551558,,oksipital,8.0,False,0.9729786068326843,,,,,False,2.29399127409059
P31,SEMUA,TAHAN,9,False,belahan,kiri,9.660155304994298,0.5944030445293467,0.10882703860141313,-1.494693060377052,0.8313449500252219,,,,,,,,,,,2.29399127409059
P31,SEMUA,TAHAN,9,False,belahan,kanan,18.210963381575922,0.569948943284828,2.2729127965747695,1.8511820105990004,0.23960966070142803,,,,,,,,,,,2.29399127409059
P31,SEMUA,TAHAN,9,False,kanal,Fp1,8.8408131153899,0.5969970348574789,-0.29067905482892675,-1.5428165898452728,0.5646058651231279,kiri,frontopolar,6.0,False,0.9678044612776637,9.660155304994298,-0.3995060934303399,-0.04812352946822074,-0.26673908490209397,,2.29399127409059
P31,SEMUA,TAHAN,9,False,kanal,F3,4.741235659844882,0.37905275419430706,1.0168269482962793,-1.576797486789565,0.8790171508539444,kiri,frontal,6.0,False,0.9867927187035166,9.660155304994298,0.9079999096948661,-0.08210442641251303,0.04767220082872248,,2.29399127409059
P31,SEMUA,TAHAN,9,False,kanal,C3,8.677544507545079,0.5918090542012144,0.9571156130202646,-1.4465695309088313,0.9515138756918841,kiri,sentral,8.0,False,0.9684859167226231,9.660155304994298,0.8482885744188515,0.04812352946822074,0.12016892566666215,,2.29399127409059
P31,SEMUA,TAHAN,9,False,kanal,P3,11.636170556292477,0.9899348677498034,-0.1931726574197029,-1.1682137547352522,1.4533906025210621,kiri,parietal,4.0,True,0.957903376270871,9.660155304994298,-0.30199969602111604,0.32647930564179983,0.6220456524958402,,2.29399127409059
P31,SEMUA,TAHAN,9,False,kanal,O1,11.513728614625037,0.8772399187096609,0.03177995889654783,-1.7276208625712863,0.9055140374006665,kiri,oksipital,5.0,True,0.9718183471660631,9.660155304994298,-0.0770470797048653,-0.23292780219423426,0.07416908737544459,,2.29399127409059
P31,SEMUA,TAHAN,9,False,kanal,F7,10.479497494598697,0.5384857224608811,-1.5317779403506182,-1.1182161131273975,0.7836727491964993,kiri,frontotemporal,6.0,False,0.9289991244212236,9.660155304994298,-1.6406049789520314,0.3764769472496545,-0.04767220082872259,,2.29399127409059
P31,SEMUA,TAHAN,9,False,kanal,T3,3.803999414977376,0.02535728206838017,0.6751130732005045,-2.2217284114642797,-0.0034916374504512238,kiri,temporal,5.0,True,0.9849783677489161,9.660155304994298,0.5662860345990914,-0.7270353510872276,-0.8348365874756731,,2.29399127409059
P31,SEMUA,TAHAN,9,False,kanal,T5,15.503992600122686,0.8566902233670568,0.18587411830627842,-1.0287833389763885,-0.25347606788971866,kiri,temporo-posterior,4.0,True,0.9599525043542173,9.660155304994298,0.0770470797048653,0.46590972140066356,-1.0848210179149405,,2.29399127409059
P31,SEMUA,TAHAN,9,False,kanal,Fp2,20.34092748294437,0.46846702852504873,3.5025908075826626,4.111489662605259,0.24351977361856392,kanan,frontopolar,7.0,False,0.986134837289295,18.210963381575922,1.229678011007893,2.260307652006259,0.003910112917135888,,2.29399127409059
P31,SEMUA,TAHAN,9,False,kanal,F4,16.19376152853365,0.6645875117198765,2.243237962877132,1.5154455671058158,1.1580257350554195,kanan,frontal,6.0,False,0.9765735927371367,18.210963381575922,-0.02967483369763757,-0.33573644349318466,0.9184160743539915,,2.29399127409059
P31,SEMUA,TAHAN,9,False,kanal,C4,17.694357251155232,0.7712512988136584,2.2615711441626636,0.917016129615102,-0.04676315638200401,kanan,sentral,8.0,False,0.9909970538155212,18.210963381575922,-0.01134165241210594,-0.9341658809838984,-0.28637281708343204,,2.29399127409059
P31,SEMUA,TAHAN,9,False,kanal,P4,16.332421803463404,0.21725343435269195,2.2842544489868755,6.841163589572526,0.23569954778429214,kanan,parietal,7.0,False,0.9846791887491518,18.210963381575922,0.01134165241210594,4.989981578973525,-0.003910112917135888,,2.29399127409059
P31,SEMUA,TAHAN,9,False,kanal,O2,18.727569511996613,0.792907864851979,3.126749269012924,2.822257833651886,-0.22745254412568272,kanan,oksipital,6.0,False,0.9819718366673343,18.210963381575922,0.8538364724381546,0.9710758230528858,-0.46706220482711075,,2.29399127409059
P31,SEMUA,TAHAN,9,False,kanal,F8,16.085840908626537,0.5878491139511794,0.7518556545611788,1.3396957097035997,0.9212563048683502,kanan,frontotemporal,8.0,False,0.9618104338483701,18.210963381575922,-1.5210571420135908,-0.5114863008954007,0.6816466441669222,,2.29399127409059
P31,SEMUA,TAHAN,9,False,kanal,T4,21.820103970881462,0.4182892271125209,3.691582966143808,2.186918454092185,0.06385331646826731,kanan,temporal,9.0,False,0.9844084488114703,18.210963381575922,1.4186701695690385,0.33573644349318466,-0.17575634423316072,,2.29399127409059
P31,SEMUA,TAHAN,9,False,kanal,T6,20.604902413032008,0.5520487726184766,-0.4618059877781894,1.1666278281904061,1.1775331469185424,kanan,temporo-posterior,9.0,False,0.9916142449493045,18.210963381575922,-2.734718784352959,-0.6845541824085943,0.9379234862171144,,2.29399127409059
P31,SEMUA,TAHAN,9,False,area,frontopolar,13.487825485622665,0.6958059319738746,1.558747336408734,0.7548561407021546,-0.46527971566430354,,frontopolar,7.0,False,0.9816080196757955,,,,,True,2.29399127409059
P31,SEMUA,TAHAN,9,False,area,frontal,12.499652393620416,0.6146389710131575,1.2097762174477116,0.3793636226865247,0.6445692728094005,,frontal,7.0,False,0.9880957962081918,,,,,False,2.29399127409059
P31,SEMUA,TAHAN,9,False,area,frontotemporal,15.356191178047709,0.5665379376614643,0.35244965900636804,1.0939590994032238,0.6892030290690864,,frontotemporal,8.0,False,0.9649027175051099,,,,,True,2.29399127409059
P31,SEMUA,TAHAN,9,False,area,sentral,16.352598005505,0.8169419255528362,2.0553960770074235,1.272004445969325,0.13973496835275112,,sentral,9.0,False,0.9942258068960654,,,,,False,2.29399127409059
P31,SEMUA,TAHAN,9,False,area,temporal,24.51342546425348,0.9785887676515632,3.5596203567986566,1.5528179445306884,0.5199734383859365,,temporal,9.0,False,0.9881821955877252,,,,,True,2.29399127409059
P31,SEMUA,TAHAN,9,False,area,parietal,18.317584818431847,0.9907137631069123,1.7925217294770446,4.9927585473275915,-0.0976843985434378,,parietal,9.0,False,0.9845641754296766,,,,,False,2.29399127409059
P31,SEMUA,TAHAN,9,False,area,temporo-posterior,18.69307662175555,0.712366732149063,0.13763393295135928,0.9580107120746377,0.9050013489327257,,temporo-posterior,9.0,False,0.994617535526467,,,,,False,2.29399127409059
P31,SEMUA,TAHAN,9,False,area,oksipital,14.134766644977603,0.957194960111265,0.8223544575168434,-0.05241521291283213,0.26380499716443084,,oksipital,6.0,False,0.9855152333790294,,,,,False,2.29399127409059
P31,SEMUA,NAIK,9,False,belahan,kiri,12.361953739564743,0.7377884687104123,0.02962577514284942,-0.4675571594680099,0.1644526530819287,,,,,,,,,,,2.29399127409059
P31,SEMUA,NAIK,9,False,belahan,kanan,18.26484829013807,0.3747074168107529,0.8465937017478384,0.5995661681480735,-0.11251666057092968,,,,,,,,,,,2.29399127409059
P31,SEMUA,NAIK,9,False,kanal,Fp1,11.749988410160917,0.6856021771818408,-0.8088365789852647,-0.5061352068426466,0.09270507002485162,kiri,frontopolar,5.0,True,0.9826956133651721,12.361953739564743,-0.8384623541281142,-0.03857804737463666,-0.07174758305707707,,2.29399127409059
P31,SEMUA,NAIK,9,False,kanal,F3,6.543398776697522,0.3910691929623463,-0.07826685751244844,-0.10937984044362548,0.32295251524123625,kiri,frontal,5.0,True,0.9709684344751796,12.361953739564743,-0.10789263265529786,0.35817731902438443,0.15849986215930756,,2.29399127409059
P31,SEMUA,NAIK,9,False,kanal,C3,12.97391906896857,0.7899747602389837,1.102285670861019,-1.6300402981576512,0.6008691833124996,kiri,sentral,8.0,False,0.9858468828337374,12.361953739564743,1.0726598957181694,-1.1624831386896413,0.4364165302305709,,2.29399127409059
P31,SEMUA,NAIK,9,False,kanal,P3,9.672045942948529,0.6236196948197636,-0.3695020540885957,0.24933331885192134,0.21104428238476935,kiri,parietal,6.0,False,0.9858772330308054,12.361953739564743,-0.39912782923144513,0.7168904783199312,0.046591629302840665,,2.29399127409059
P31,SEMUA,NAIK,9,False,kanal,O1,14.637566214065608,0.959492289520302,0.13751840779814728,-0.6246749747048521,0.11786102377908803,kiri,oksipital,4.0,True,0.9920936467357827,12.361953739564743,0.10789263265529786,-0.1571178152368422,-0.046591629302840665,,2.29399127409059
P31,SEMUA,NAIK,9,False,kanal,F7,17.48948621618338,0.8402393203034549,-0.7043956216082525,-0.42897911209337325,0.016917054425780065,kiri,frontotemporal,5.0,True,0.9832076468102467,12.361953739564743,-0.734021396751102,0.03857804737463666,-0.14753559865614863,,2.29399127409059
P31,SEMUA,NAIK,9,False,kanal,T3,9.833776312485774,0.4654990997579943,1.185493006894668,-1.3195854649423566,-0.23485513683668258,kiri,temporal,7.0,False,0.9810966377850615,12.361953739564743,1.1558672317518186,-0.8520283054743467,-0.39930778991861127,,2.29399127409059
P31,SEMUA,NAIK,9,False,kanal,T5,15.998468803186,0.8030383252584947,0.9582276442998916,0.3018548852427205,0.4948125211836871,kiri,temporo-posterior,5.0,True,0.9915337857166332,12.361953739564743,0.9286018691570421,0.7694120447107304,0.33035986810175844,,2.29399127409059
P31,SEMUA,NAIK,9,False,kanal,Fp2,19.649674964999985,0.24293623634131367,0.7460980787264893,2.068781176471047,-0.33773973846258387,kanan,frontopolar,7.0,False,0.9948848358882483,18.26484829013807,-0.10049562302134918,1.4692150083229736,-0.2252230778916542,,2.29399127409059
P31,SEMUA,NAIK,9,False,kanal,F4,18.966423146840604,0.7952287233238164,1.0709175995322622,-0.5261448243654274,-0.002185380690230221,kanan,frontal,7.0,False,0.992571661526768,18.26484829013807,0.22432389778442374,-1.125710992513501,0.11033127988069946,,2.29399127409059
P31,SEMUA,NAIK,9,False,kanal,C4,17.44907579746689,0.5064785972801922,0.9470893247691875,0.18044951697994405,-0.2913638183479288,kanan,sentral,9.0,False,0.9926406327928765,18.26484829013807,0.10049562302134907,-0.41911665116812946,-0.1788471577769991,,2.29399127409059
P31,SEMUA,NAIK,9,False,kanal,P4,13.08088001096558,-0.09733088074023821,0.5913291193469983,2.4729995301938907,-0.18299640551270546,kanan,parietal,8.0,False,0.9929666884212511,18.26484829013807,-0.25526458240084016,1.8734333620458172,-0.07047974494177578,,2.29399127409059
P31,SEMUA,NAIK,9,False,kanal,O2,18.31961621970926,0.6193775800835584,2.069035197116919,0.46874276139986737,-0.042036915629153904,kanan,oksipital,7.0,False,0.9950756149860881,18.26484829013807,1.2224414953690808,-0.13082340674820614,0.07047974494177578,,2.29399127409059
P31,SEMUA,NAIK,9,False,kanal,F8,18.939508687009997,0.6385360135818916,0.28517730479894476,-0.7263564060693017,0.18485168377321626,kanan,frontotemporal,7.0,False,0.9754882660762327,18.26484829013807,-0.5614163969488937,-1.3259225742173752,0.29736834434414594,,2.29399127409059
P31,SEMUA,NAIK,9,False,kanal,T4,18.210080360566877,0.1080276281759458,1.9430153265395333,1.6706868161054076,-0.6414296483849701,kanan,temporal,9.0,False,0.9954927572504161,18.26484829013807,1.096421624791695,1.071120647957334,-0.5289129878140404,,2.29399127409059
P31,SEMUA,NAIK,9,False,kanal,T6,16.880203801105004,0.05088242649958219,0.17126372460783468,0.7303895748962796,0.15211032156295734,kanan,temporo-posterior,9.0,False,0.994667225825521,18.26484829013807,-0.6753299771400038,0.13082340674820614,0.264626982133887,,2.29399127409059
P31,SEMUA,NAIK,9,False,area,frontopolar,14.95225527324078,0.6840229169086146,-0.16134141125339618,0.48614852449248325,-0.3192924184663096,,frontopolar,7.0,False,0.9950222655793969,,,,,True,2.29399127409059
P31,SEMUA,NAIK,9,False,area,frontal,15.086338317362845,0.7447038362030654,0.4484282719790633,-0.7384940622421654,0.09676312311724489,,frontal,8.0,False,0.993850865741449,,,,,False,2.29399127409059
P31,SEMUA,NAIK,9,False,area,frontotemporal,19.65163597932122,0.6998310672230617,0.33910572389953264,-0.6642205502526295,0.5398435276475725,,frontotemporal,7.0,False,0.9811617905425211,,,,,True,2.29399127409059
P31,SEMUA,NAIK,9,False,area,sentral,16.442865428703676,0.554637363658187,0.6168796797289755,-0.2054182578037933,-0.254730868506601,,sentral,9.0,False,0.9961367265533431,,,,,False,2.29399127409059
P31,SEMUA,NAIK,9,False,area,temporal,19.30967648086564,0.6351132951896732,2.04686049980106,0.6203876833484911,-0.3517877797779557,,temporal,9.0,False,0.9965696520684891,,,,,True,2.29399127409059
P31,SEMUA,NAIK,9,False,area,parietal,15.21036009179086,0.7264470055645555,0.11899704528510135,1.036502828602167,0.09806950163040834,,parietal,9.0,False,0.9937703065391518,,,,,False,2.29399127409059
P31,SEMUA,NAIK,9,False,area,temporo-posterior,15.754474779518198,0.32199924534175994,0.866034819466121,1.1337128114168453,0.4484769072284608,,temporo-posterior,9.0,False,0.9957446322296761,,,,,False,2.29399127409059
P31,SEMUA,NAIK,9,False,area,oksipital,13.61162776790183,0.7731031165970028,0.899701411975386,-0.7496602302202615,-0.4051666715293223,,oksipital,7.0,False,0.9937602646985769,,,,,False,2.29399127409059
P31,SEMUA,POST,9,False,belahan,kiri,14.219848901771694,0.8466619585501055,0.39760048694286787,-1.8382910702826032,0.45501084896787325,,,,,,,,,,,2.29399127409059
P31,SEMUA,POST,9,False,belahan,kanan,18.466320652530605,0.32081607119945543,1.5414186440165056,-1.9459096544594345,0.331058602915154,,,,,,,,,,,2.29399127409059
P31,SEMUA,POST,9,False,kanal,Fp1,8.934645256270585,0.4920194093687751,-0.8923197671334315,-1.8433879372999113,1.2398801636918946,kiri,frontopolar,7.0,False,0.9521799106047796,14.219848901771694,-1.2899202540762995,-0.00509686701730816,0.7848693147240213,,2.29399127409059
P31,SEMUA,POST,9,False,kanal,F3,14.131682762269236,1.0383034413935954,-0.0497963764317394,-1.833194203265295,0.48040884678357876,kiri,frontal,6.0,False,0.9875043026155887,14.219848901771694,-0.44739686337460727,0.00509686701730816,0.02539799781570551,,2.29399127409059
P31,SEMUA,POST,9,False,kanal,C3,17.938725951726603,0.9788816701843652,1.2497793910796942,-1.0415306207757244,-0.0013615175083641073,kiri,sentral,8.0,False,0.9915119774707357,14.219848901771694,0.8521789041368263,0.7967604495068787,-0.45637236647623736,,2.29399127409059
P31,SEMUA,POST,9,False,kanal,P3,15.619028445666025,1.0345224625531513,3.518059375584963,1.271326910370481,0.5663187539252182,kiri,parietal,6.0,False,0.9747170144293452,14.219848901771694,3.120458888642095,3.109617980653084,0.111307904957345,,2.29399127409059
P31,SEMUA,POST,9,False,kanal,O1,11.028618384116328,0.7144422469158458,1.7381944877709143,-1.5440078488056677,-0.6782649166401218,kiri,oksipital,5.0,True,0.9902245029803782,14.219848901771694,1.3405940008280464,0.29428322147693553,-1.133275765607995,,2.29399127409059
P31,SEMUA,POST,9,False,kanal,F7,10.53757667286925,0.19509739746188604,-1.7107947600178335,-2.970872834493042,-0.3473358181647967,kiri,frontotemporal,7.0,False,0.8380433764894791,14.219848901771694,-2.1083952469607015,-1.132581764210439,-0.80234666713267,,2.29399127409059
P31,SEMUA,POST,9,False,kanal,T3,20.874566957062044,1.3525576538679815,0.8449973503174751,-2.8267283699911183,0.42961285115216774,kiri,temporal,7.0,False,0.9826004296763956,14.219848901771694,0.44739686337460727,-0.9884372997085151,-0.02539799781570551,,2.29399127409059
P31,SEMUA,POST,9,False,kanal,T5,14.308015041274153,0.6963990494654273,-0.25171651044751886,-1.8875920008519644,0.8620871423227572,kiri,temporo-posterior,5.0,True,0.9591499375800288,14.219848901771694,-0.6493169973903867,-0.049300930569361245,0.40707629335488393,,2.29399127409059
P31,SEMUA,POST,9,False,kanal,Fp2,19.81337659416589,0.24667727359104585,0.9732351263513572,-2.0435794958176965,0.2941359298545425,kanan,frontopolar,7.0,False,0.9528315673831437,18.466320652530605,-0.5681835176651484,-0.09766984135826196,-0.03692267306061148,,2.29399127409059
P31,SEMUA,POST,9,False,kanal,F4,14.617701398574603,0.4664765858134894,1.9322104809897742,-1.8482398131011726,0.36798127597576546,kanan,frontal,8.0,False,0.9821005119608438,18.466320652530605,0.3907918369732686,0.09766984135826196,0.03692267306061148,,2.29399127409059
P31,SEMUA,POST,9,False,kanal,C4,17.887255071304594,0.537409350732653,1.9652140232002453,-2.575876379465041,0.549362604564473,kanan,sentral,9.0,False,0.9879024995923322,18.466320652530605,0.42379537918373966,-0.6299667250056067,0.21830400164931896,,2.29399127409059
P31,SEMUA,POST,9,False,kanal,P4,14.984580560165213,-0.21001513493631818,1.4970634653517023,-0.5606016359360022,0.1971059955001747,kanan,parietal,8.0,False,0.9679041911605327,18.466320652530605,-0.04435517866480332,1.3853080185234323,-0.13395260741497927,,2.29399127409059
P31,SEMUA,POST,9,False,kanal,O2,19.419701307703605,0.6437910403702594,1.1974965680034062,-2.733591409084778,0.5617849644630335,kanan,oksipital,7.0,False,0.9573172569893437,18.466320652530605,-0.34392207601309943,-0.7876817546253436,0.2307263615478795,,2.29399127409059
P31,SEMUA,POST,9,False,kanal,F8,16.36619025967775,0.394954868807865,1.9098825487747673,-2.1642260163814004,0.2721337734958542,kanan,frontotemporal,8.0,False,0.9798605089527817,18.466320652530605,0.36846390475826163,-0.2183163619219659,-0.058924829419299773,,2.29399127409059
P31,SEMUA,POST,9,False,kanal,T4,19.045386233756616,-0.02181307352547579,1.585773822681309,-0.9557530535033707,-0.7834828674551255,kanan,temporal,9.0,False,0.9753353925563901,18.466320652530605,0.04435517866480332,0.9901566009560638,-1.1145414703702796,,2.29399127409059
P31,SEMUA,POST,9,False,kanal,T6,19.342964289591762,0.12902855590300244,1.4084462765920587,-1.2485202900653176,0.41287861096874745,kanan,temporo-posterior,9.0,False,0.9851832239091988,18.466320652530605,-0.13297236742444696,0.6973893643941169,0.08182000805359346,,2.29399127409059
P31,SEMUA,POST,9,False,area,frontopolar,10.618384565807972,0.33850787035278274,0.8381790615270028,-2.4176670186486375,0.19289476263938055,,frontopolar,7.0,False,0.9862736896979112,,,,,True,2.29399127409059
P31,SEMUA,POST,9,False,area,frontal,12.356690195800375,0.5557690937246242,1.6289905029061544,-1.501329649046386,0.36014295623010206,,frontal,9.0,False,0.9891659121890084,,,,,False,2.29399127409059
P31,SEMUA,POST,9,False,area,frontotemporal,16.441456147892744,0.428701392683968,1.216124900079389,-2.0462875337815705,0.2698790507163894,,frontotemporal,8.0,False,0.9859292099919771,,,,,True,2.29399127409059
P31,SEMUA,POST,9,False,area,sentral,19.092744397531817,0.6946026487395903,0.5211187566589759,-3.244671955553421,-0.47860073844889167,,sentral,9.0,False,0.973734797333145,,,,,False,2.29399127409059
P31,SEMUA,POST,9,False,area,temporal,21.167576157255006,0.6063531480054833,1.7166010392612678,-1.3978584031363575,0.07877603584657633,,temporal,9.0,False,0.9870775226597772,,,,,True,2.29399127409059
P31,SEMUA,POST,9,False,area,parietal,18.47638804871891,0.7008912416380821,1.2839970890853325,-1.4043537413868115,0.4097229445125408,,parietal,9.0,False,0.9795009194832603,,,,,False,2.29399127409059
P31,SEMUA,POST,9,False,area,temporo-posterior,18.985656276861455,0.43512282919777934,0.7109928214917144,-1.3569769041829987,0.629648812147081,,temporo-posterior,9.0,False,0.9833131287319617,,,,,False,2.29399127409059
P31,SEMUA,POST,9,False,area,oksipital,11.891777509775594,0.5984408680128817,1.3341843824274098,-2.5142748169880402,-0.32957352833034803,,oksipital,7.0,False,0.9911576877183425,,,,,False,2.29399127409059
P31,AGEM KANAN,PRA,4,False,belahan,kiri,8.736342802925716,0.6469746283030893,0.5287043448017947,-0.5599613664223306,0.569085635352458,,,,,,,,,,,2.29399127409059
P31,AGEM KANAN,PRA,4,False,belahan,kanan,16.40038277344444,0.309357947914784,0.32916914407035175,1.8146701885730672,0.8322722278247026,,,,,,,,,,,2.29399127409059
P31,AGEM KANAN,PRA,4,False,kanal,Fp1,6.972823037625943,0.20717273901093058,-0.8517531392764699,-0.6177354572507361,0.6099731804955487,kiri,frontopolar,3.0,False,0.9276977017575441,8.736342802925716,-1.3804574840782646,-0.057774090828405456,0.040887545143090676,,2.29399127409059
P31,AGEM KANAN,PRA,4,False,kanal,F3,8.029902997816414,0.7151468490029843,2.140165320752505,-0.5554392077224954,0.2619620776542878,kiri,frontal,3.0,False,0.9654647417560827,8.736342802925716,1.6114609759507104,0.004522158699835188,-0.30712355769817024,,2.29399127409059
P31,AGEM KANAN,PRA,4,False,kanal,C3,7.714283441641577,0.4988337668927638,0.12438737466535177,-0.29805319104987094,0.4132301839633711,kiri,sentral,4.0,False,0.9508924167424095,8.736342802925716,-0.40431697013644297,0.2619081753724597,-0.15585545138908696,,2.29399127409059
P31,AGEM KANAN,PRA,4,False,kanal,P3,16.611617787710053,1.211343620613029,0.9330213149382377,0.8565159060707073,1.3664483027125653,kiri,parietal,3.0,False,0.9845462599665628,8.736342802925716,0.40431697013644297,1.416477272493038,0.7973626673601073,,2.29399127409059
P31,AGEM KANAN,PRA,4,False,kanal,O1,6.481225480642202,0.5788024076031943,1.6195600849179954,-2.13333315661306,0.5281980902093673,kiri,oksipital,3.0,False,0.9706539228635231,8.736342802925716,1.0908557401162007,-1.5733717901907296,-0.04088754514309079,,2.29399127409059
P31,AGEM KANAN,PRA,4,False,kanal,F7,9.442782608035017,0.1586285369595425,-0.6253460349859202,-0.5644835251221658,0.9377464461937869,kiri,frontotemporal,3.0,False,0.9542031993741773,8.736342802925716,-1.1540503797877149,-0.004522158699835188,0.36866081084132885,,2.29399127409059
P31,AGEM KANAN,PRA,4,False,kanal,T3,12.138562913792171,0.9890714188827684,-0.15112446276700664,-0.9961635454753459,0.13622526273645952,kiri,temporal,3.0,False,0.976674755025241,8.736342802925716,-0.6798288075688014,-0.4362021790530153,-0.4328603726159985,,2.29399127409059
P31,AGEM KANAN,PRA,4,False,kanal,T5,15.792554695934776,0.8969037087763643,1.052151724662278,0.7212532640272995,0.652730085598987,kiri,temporo-posterior,3.0,False,0.987327598712834,8.736342802925716,0.5234473798604833,1.2812146304496301,0.083644450246529,,2.29399127409059
P31,AGEM KANAN,PRA,4,False,kanal,Fp2,16.42167616532487,0.0697286303172131,-0.2237513138827446,2.8807122644086998,1.3204488087715611,kanan,frontopolar,3.0,False,0.9713604072550153,16.40038277344444,-0.5529204579530964,1.0660420758356326,0.48817658094685856,,2.29399127409059
P31,AGEM KANAN,PRA,4,False,kanal,F4,17.75660323935893,0.8236845732119067,0.2077749741025331,2.878402468492685,1.1866122376858939,kanan,frontal,3.0,False,0.9738464477591507,16.40038277344444,-0.12139416996781865,1.0637322799196178,0.3543400098611913,,2.29399127409059
P31,AGEM KANAN,PRA,4,False,kanal,C4,14.56294895993102,0.4593696111046284,-0.07050191289613983,2.0644196369538443,0.9249424999769985,kanan,sentral,4.0,False,0.9754878800695758,16.40038277344444,-0.3996710569664916,0.24974944838077717,0.09267027215229595,,2.29399127409059
P31,AGEM KANAN,PRA,4,False,kanal,P4,16.31839267856406,0.011360265396848979,-0.00450597094146632,-0.5864671679542903,0.4991585964285786,kanan,parietal,3.0,False,0.90861117142025,16.40038277344444,-0.33367511501181807,-2.4011373565273573,-0.33311363139612393,,2.29399127409059
P31,AGEM KANAN,PRA,4,False,kanal,O2,17.190055353216465,0.514145781230722,1.3141085540114235,0.43311775999211566,0.5030881003728802,kanan,oksipital,3.0,False,0.9749584363522005,16.40038277344444,0.9849394099410718,-1.3815524285809515,-0.32918412745182235,,2.29399127409059
P31,AGEM KANAN,PRA,4,False,kanal,F8,13.22048691082614,0.3341448921869443,2.1805399785317494,0.6926116524173347,0.7396019556724065,kanan,frontotemporal,4.0,False,0.9690154407927132,16.40038277344444,1.8513708344613977,-1.1220585361557325,-0.09267027215229606,,2.29399127409059
P31,AGEM KANAN,PRA,4,False,kanal,T4,19.47266515589064,0.28457100364262367,0.4505633140381704,1.56492074019229,1.1341456423138585,kanan,temporal,4.0,False,0.9863679011664035,16.40038277344444,0.12139416996781865,-0.24974944838077717,0.30187341448915594,,2.29399127409059
P31,AGEM KANAN,PRA,4,False,kanal,T6,16.379089381564008,0.225614848691005,0.750938910095858,2.0754368491616413,-0.0969913119931225,kanan,temporo-posterior,4.0,False,0.9852332367677527,16.40038277344444,0.42176976602550625,0.2607666605885741,-0.9292635398178251,,2.29399127409059
P31,AGEM KANAN,PRA,4,False,area,frontopolar,10.664622670293,0.3355133554427284,-1.0018285240561353,0.24321981038324259,0.7668935585495199,,frontopolar,3.0,False,0.9643857247887924,,,,,True,2.29399127409059
P31,AGEM KANAN,PRA,4,False,area,frontal,14.263728459772466,0.8200472994286372,0.40465552725629794,2.367209661237596,0.8015016189573659,,frontal,3.0,False,0.9859038613442279,,,,,False,2.29399127409059
P31,AGEM KANAN,PRA,4,False,area,frontotemporal,12.71328032783287,0.31823926489128906,1.853663161087677,0.5846237405455645,0.6849099819179788,,frontotemporal,4.0,False,0.9796481620155634,,,,,True,2.29399127409059
P31,AGEM KANAN,PRA,4,False,area,sentral,12.775479748759246,0.4744570350349221,-0.25496268730785754,1.7824407322651639,0.7056297955293184,,sentral,4.0,False,0.9849106065380487,,,,,False,2.29399127409059
P31,AGEM KANAN,PRA,4,False,area,temporal,20.012325052864213,0.7274364514190275,0.660406882477596,0.6327188066058289,1.3080425949691419,,temporal,4.0,False,0.9791612136068044,,,,,True,2.29399127409059
P31,AGEM KANAN,PRA,4,False,area,parietal,17.6098433255857,0.851215383351301,0.07888693642284006,-1.0036892469819203,0.6402486166306722,,parietal,4.0,False,0.969232659744342,,,,,False,2.29399127409059
P31,AGEM KANAN,PRA,4,False,area,temporo-posterior,15.542207737585365,0.5134711663983733,0.9410657846269249,1.5762646488525989,0.030705068960110826,,temporo-posterior,4.0,False,0.9911539599234072,,,,,False,2.29399127409059
P31,AGEM KANAN,PRA,4,False,area,oksipital,8.863951496452877,0.5575267520340803,1.2098599253739695,-1.0391371833400385,0.17408579906398003,,oksipital,4.0,False,0.9779139223603103,,,,,False,2.29399127409059
P31,AGEM KANAN,TURUN,4,False,belahan,kiri,18.02113914514682,1.0864070599271962,1.3772401895107331,0.36759928183301294,1.3298048632507156,,,,,,,,,,,2.29399127409059
P31,AGEM KANAN,TURUN,4,False,belahan,kanan,19.168124449388085,0.3916412905393307,3.6638747125352022,0.276426281386319,0.3618957878520882,,,,,,,,,,,2.29399127409059
P31,AGEM KANAN,TURUN,4,False,kanal,Fp1,16.10471092706772,1.146205102224843,1.0621693913891657,1.7990007552096499,1.279074818114847,kiri,frontopolar,3.0,False,0.9826577662653426,18.02113914514682,-0.31507079812156746,1.431401473376637,-0.05073004513586854,,2.29399127409059
P31,AGEM KANAN,TURUN,4,False,kanal,F3,16.818491271481456,1.0728509518860165,0.8094263921312262,0.3623136208021851,-0.41533504904634133,kiri,frontal,3.0,False,0.9333160754614955,18.02113914514682,-0.5678137973795069,-0.005285661030827837,-1.745139912297057,,2.29399127409059
P31,AGEM KANAN,TURUN,4,False,kanal,C3,16.292068425753584,0.8689176615591958,2.1271183279006944,-1.7462543222140532,1.9945712436164733,kiri,sentral,4.0,False,0.963921768295722,18.02113914514682,0.7498781383899613,-2.1138536040470663,0.6647663803657577,,2.29399127409059
P31,AGEM KANAN,TURUN,4,False,kanal,P3,28.122716828477962,2.1971619448679625,1.878336594055543,-2.6138817048777625,4.247687521037206,kiri,parietal,3.0,False,0.8072261237098123,18.02113914514682,0.5010964045448099,-2.9814809867107757,2.9178826577864907,,2.29399127409059
P31,AGEM KANAN,TURUN,4,False,kanal,O1,6.189112716554973,0.22591417204382136,3.3571914927593953,1.2324868524126962,0.3459852673004573,kiri,oksipital,3.0,False,0.9854605760039583,18.02113914514682,1.9799513032486622,0.8648875705796832,-0.9838195959502583,,2.29399127409059
P31,AGEM KANAN,TURUN,4,False,kanal,F7,21.467518504820518,1.099963167968376,0.39640460273447364,0.3728849428638408,0.4545447836355684,kiri,frontotemporal,4.0,False,0.9897769462080138,18.02113914514682,-0.9808355867762595,0.005285661030827837,-0.8752600796151472,,2.29399127409059
P31,AGEM KANAN,TURUN,4,False,kanal,T3,31.45348591717223,2.280873604585743,1.6836665491302085,-5.126499030529535,6.975669285319405,kiri,temporal,3.0,False,0.8425546047660241,18.02113914514682,0.3064263596194754,-5.494098312362548,5.64586442206869,,2.29399127409059
P31,AGEM KANAN,TURUN,4,False,kanal,T5,19.22378701881218,0.7763791863508485,1.0708138298912577,1.2371892449515531,1.380534908386584,kiri,temporo-posterior,3.0,False,0.9713636392194466,18.02113914514682,-0.3064263596194754,0.8695899631185402,0.05073004513586854,,2.29399127409059
P31,AGEM KANAN,TURUN,4,False,kanal,Fp2,20.187154902939422,0.03696048920616901,4.614010700279215,2.04873787558995,-0.004614079251059167,kanan,frontopolar,4.0,False,0.9772031763198176,19.168124449388085,0.9501359877440123,1.772311594203631,-0.36650986710314737,,2.29399127409059
P31,AGEM KANAN,TURUN,4,False,kanal,F4,18.41248105582278,0.5749388278037648,4.011000500133068,0.42276552148233826,0.12486671112547598,kanan,frontal,4.0,False,0.9916293132156192,19.168124449388085,0.34712578759786616,0.14633924009601929,-0.23702907672661222,,2.29399127409059
P31,AGEM KANAN,TURUN,4,False,kanal,C4,20.842819350210874,0.5518298267438291,3.3167489249373356,-1.8055669580535252,0.5498599627396284,kanan,sentral,4.0,False,0.9878718330199001,19.168124449388085,-0.3471257875978666,-2.081993239439844,0.18796417488754025,,2.29399127409059
P31,AGEM KANAN,TURUN,4,False,kanal,P4,17.38253784322955,-0.018205200382074294,2.4041447830535856,3.570617451850208,0.17393161296454795,kanan,parietal,4.0,False,0.9818749059881032,19.168124449388085,-1.2597299294816167,3.294191170463889,-0.18796417488754025,,2.29399127409059
P31,AGEM KANAN,TURUN,4,False,kanal,O2,19.399468975716637,0.40006338577924283,5.004688075136069,0.1300870412902997,0.7388253236052242,kanan,oksipital,3.0,False,0.9854507214166073,19.168124449388085,1.3408133626008665,-0.14633924009601929,0.37692953575313604,,2.29399127409059
P31,AGEM KANAN,TURUN,4,False,kanal,F8,18.25796435354024,0.3832191952994186,1.6488123979595481,-0.5579253012854508,0.7290397501655084,kanan,frontotemporal,4.0,False,0.9618176863720558,19.168124449388085,-2.015062314575654,-0.8343515826717698,0.36714396231342017,,2.29399127409059
P31,AGEM KANAN,TURUN,4,False,kanal,T4,18.936779923059532,-0.09940888890108468,7.6156027574404295,3.9796026545966208,-0.5313604245680682,kanan,temporal,4.0,False,0.9730889987963559,19.168124449388085,3.951728044905227,3.703176373210302,-0.8932562124201564,,2.29399127409059
P31,AGEM KANAN,TURUN,4,False,kanal,T6,21.760838180072554,0.4907237270956417,1.3375388861784026,-0.5653324786201521,1.1348304349169347,kanan,temporo-posterior,4.0,False,0.9834975922837613,19.168124449388085,-2.3263358263567997,-0.8417587600064711,0.7729346470648465,,2.29399127409059
P31,AGEM KANAN,TURUN,4,False,area,frontopolar,17.371737094284946,0.7459774518097441,2.60994183613356,0.5103523175724214,0.03004652706398414,,frontopolar,4.0,False,0.978925080358243,,,,,True,2.29399127409059
P31,AGEM KANAN,TURUN,4,False,area,frontal,18.285329163996664,0.8808236062124,2.933373674826891,0.783926878338236,0.6999132966090126,,frontal,4.0,False,0.9912107933195394,,,,,False,2.29399127409059
P31,AGEM KANAN,TURUN,4,False,area,frontotemporal,18.766829499135234,0.485723961433256,1.2587625585497615,-0.5673947156548205,0.6137059314734677,,frontotemporal,4.0,False,0.9691290804576714,,,,,True,2.29399127409059
P31,AGEM KANAN,TURUN,4,False,area,sentral,19.114403724682667,0.5716925129391909,2.916202671343171,-1.8965905361391147,0.4369699434154727,,sentral,4.0,False,0.9902933073005414,,,,,False,2.29399127409059
P31,AGEM KANAN,TURUN,4,False,area,temporal,24.10270447539117,0.6606492266965842,4.971820430862087,1.1417677403534023,-0.2635662746229993,,temporal,4.0,False,0.9863630256437597,,,,,True,2.29399127409059
P31,AGEM KANAN,TURUN,4,False,area,parietal,20.983568884846328,0.9324625292829585,1.947535522851438,1.3952382203849445,0.6882772709867124,,parietal,4.0,False,0.9873271332055917,,,,,False,2.29399127409059
P31,AGEM KANAN,TURUN,4,False,area,temporo-posterior,19.214201169930185,0.4910791728595534,1.2056195573207122,-0.44459180889909433,0.4341592747158153,,temporo-posterior,4.0,False,0.9884981067706766,,,,,False,2.29399127409059
P31,AGEM KANAN,TURUN,4,False,area,oksipital,11.469354569984226,0.3645666891388697,3.985725526309745,-0.13805898350684087,-0.06026499549156672,,oksipital,3.0,False,0.9662128926139554,,,,,False,2.29399127409059
P31,AGEM KANAN,TAHAN,3,False,belahan,kiri,7.163919094750501,0.4414417616221078,0.5780511506525698,-1.912748216873248,1.4316311945913747,,,,,,,,,,,2.29399127409059
P31,AGEM KANAN,TAHAN,3,False,belahan,kanan,16.67325166237685,0.549641426941842,1.8020221200137923,1.957764115837773,0.8562368583877659,,,,,,,,,,,2.29399127409059
P31,AGEM KANAN,TAHAN,3,False,kanal,Fp1,3.192528073560304,0.17923847191987097,1.028024746209043,-1.952746768544956,0.992690339771917,kiri,frontopolar,2.0,True,0.8595196329489504,7.163919094750501,0.4499735955564732,-0.03999855167170807,-0.43894085481945766,,2.29399127409059
P31,AGEM KANAN,TAHAN,3,False,kanal,F3,8.223951641478358,0.6956540051907562,0.8227990992542805,0.6437306624629486,1.2579951919707826,kiri,frontal,2.0,True,0.937948917863095,7.163919094750501,0.24474794860171067,2.5564788793361966,-0.1736360026205921,,2.29399127409059
P31,AGEM KANAN,TAHAN,3,False,kanal,C3,15.193009916433567,1.0375647741047702,0.33330320205085917,-2.7582094414859246,2.3040477302244273,kiri,sentral,3.0,False,0.867079979147797,7.163919094750501,-0.24474794860171067,-0.8454612246126767,0.8724165356330527,,2.29399127409059
P31,AGEM KANAN,TAHAN,3,False,kanal,P3,14.672150420296688,1.2084794024758294,-0.3329808792341332,-1.0959050911714732,2.166569014279544,kiri,parietal,2.0,True,0.9640270139915963,7.163919094750501,-0.9110320298867031,0.8168431257017748,0.7349378196881695,,2.29399127409059
P31,AGEM KANAN,TAHAN,3,False,kanal,O1,,,,,,kiri,oksipital,1.0,True,,7.163919094750501,,,,,2.29399127409059
P31,AGEM KANAN,TAHAN,3,False,kanal,F7,6.103886548022643,0.18722951805345944,0.8339850622695398,-1.8727496652015398,1.6052671972119668,kiri,frontotemporal,2.0,True,0.9410935126950665,7.163919094750501,0.25593391161697,0.03999855167170807,0.1736360026205921,,2.29399127409059
P31,AGEM KANAN,TAHAN,3,False,kanal,T3,5.764740646126121,0.049203184696178126,-0.418931763151143,-4.113042175907964,0.8085557709151823,kiri,temporal,2.0,True,0.7384795203697552,7.163919094750501,-0.9969829138037128,-2.200293959034716,-0.6230754236761924,,2.29399127409059
P31,AGEM KANAN,TAHAN,3,False,kanal,T5,,,,,,kiri,temporo-posterior,1.0,True,,7.163919094750501,,,,,2.29399127409059
P31,AGEM KANAN,TAHAN,3,False,kanal,Fp2,21.889246081003616,0.5887333347270682,1.2427924982932788,1.8412250908147394,1.3937913389697942,kanan,frontopolar,2.0,True,0.9223749824916366,16.67325166237685,-0.5592296217205135,-0.1165390250230336,0.5375544805820284,,2.29399127409059
P31,AGEM KANAN,TAHAN,3,False,kanal,F4,19.567347818614763,0.9546775866322859,1.724520649290393,1.8480026763027206,2.1306711580455278,kanan,frontal,2.0,True,0.8646124813805248,16.67325166237685,-0.07750147072339919,-0.10976143953505235,1.274434299657762,,2.29399127409059
P31,AGEM KANAN,TAHAN,3,False,kanal,C4,18.12253662089121,0.7712718153804632,2.9910734839594357,2.2538216046413124,0.3427611276852568,kanan,sentral,2.0,True,0.956836833176091,16.67325166237685,1.1890513639456435,0.29605748880353944,-0.5134757307025091,,2.29399127409059
P31,AGEM KANAN,TAHAN,3,False,kanal,P4,9.906233657770095,-0.31126681230128583,1.4726702984747413,6.339288591875302,1.6073117371822025,kanan,parietal,2.0,True,0.8908618767902893,16.67325166237685,-0.32935182153905096,4.381524476037529,0.7510748787944367,,2.29399127409059
P31,AGEM KANAN,TAHAN,3,False,kanal,O2,14.67448369156233,0.5815469473113182,1.8795235907371914,2.8224083672230136,0.7196737410383218,kanan,oksipital,2.0,True,0.9742889527276489,16.67325166237685,0.07750147072339919,0.8646442513852406,-0.13656311734944404,,2.29399127409059
P31,AGEM KANAN,TAHAN,3,False,kanal,F8,15.223966703862487,0.5177359065723659,-1.1203637423242419,-0.49641982215140246,0.9927999757372099,kanan,frontotemporal,3.0,False,0.7569490751067174,16.67325166237685,-2.922385862338034,-2.4541839379891757,0.13656311734944404,,2.29399127409059
P31,AGEM KANAN,TAHAN,3,False,kanal,T4,21.11282033558558,0.456281957038595,4.373991763766947,2.0675255553728253,0.659361505824098,kanan,temporal,3.0,False,0.9555923060561612,16.67325166237685,2.5719696437531545,0.10976143953505235,-0.19687535256366784,,2.29399127409059
P31,AGEM KANAN,TAHAN,3,False,kanal,T6,11.21504639143162,-0.10283305377080776,2.621875685169997,-1.05020614817604,-0.1249479977037804,kanan,temporo-posterior,3.0,False,0.9845982348998769,16.67325166237685,0.8198535651562047,-3.007970264013813,-0.9811848560915463,,2.29399127409059
P31,AGEM KANAN,TAHAN,3,False,area,frontopolar,13.928708873487366,0.751825600250121,0.03650909296137539,-0.64527372072234,0.8718629533868346,,frontopolar,2.0,True,0.9453020000517741,,,,,True,2.29399127409059
P31,AGEM KANAN,TAHAN,3,False,area,frontal,14.650994423930761,0.7844957250349167,1.2949963993277724,1.2949623102327026,1.4423507492236882,,frontal,2.0,True,0.9645572675888029,,,,,False,2.29399127409059
P31,AGEM KANAN,TAHAN,3,False,area,frontotemporal,9.093093368503773,0.13672877029655317,1.3915980662259892,0.8967977839361287,1.3823230900585837,,frontotemporal,3.0,False,0.8828129607891329,,,,,True,2.29399127409059
P31,AGEM KANAN,TAHAN,3,False,area,sentral,15.871197060996842,0.7647816209487363,1.6059874876413676,0.5926432640792751,0.02442237353646004,,sentral,3.0,False,0.9799003465564815,,,,,False,2.29399127409059
P31,AGEM KANAN,TAHAN,3,False,area,temporal,20.23934785423431,0.7582400248914254,3.9713356506833573,0.4575315281319572,0.3590733179834329,,temporal,3.0,False,0.9713452876742419,,,,,True,2.29399127409059
P31,AGEM KANAN,TAHAN,3,False,area,parietal,11.813638640356828,0.5248702540260244,0.4977328334075981,2.719152453607582,1.139572323969093,,parietal,3.0,False,0.9410154116835108,,,,,False,2.29399127409059
P31,AGEM KANAN,TAHAN,3,False,area,temporo-posterior,13.61146898796595,0.4008807179708822,2.129470221535244,-0.6834492075168468,-0.05370447677089629,,temporo-posterior,3.0,False,0.9809623832585103,,,,,False,2.29399127409059
P31,AGEM KANAN,TAHAN,3,False,area,oksipital,14.238263823702361,0.969254618655476,-0.8146083830733869,-1.7218898165818195,1.0429805655060935,,oksipital,2.0,True,0.9603368872749098,,,,,False,2.29399127409059
P31,AGEM KANAN,NAIK,4,False,belahan,kiri,11.238417838132836,0.5894076757659259,0.17889442642345516,0.3283366229296498,0.2998137871433826,,,,,,,,,,,2.29399127409059
P31,AGEM KANAN,NAIK,4,False,belahan,kanan,19.169528686095745,0.4808908514801292,1.1427645246851093,0.8459408140996763,-0.08079560509130884,,,,,,,,,,,2.29399127409059
P31,AGEM KANAN,NAIK,4,False,kanal,Fp1,10.881345409850894,0.6183311370122162,-0.5337760791977336,2.204695342460484,0.5309167666717557,kiri,frontopolar,2.0,True,0.9673063238949071,11.238417838132836,-0.7126705056211888,1.8763587195308342,0.2311029795283731,,2.29399127409059
P31,AGEM KANAN,NAIK,4,False,kanal,F3,8.14566381450171,0.45864743457627266,0.08140052504877926,0.025960342303767092,0.3016757825130688,kiri,frontal,3.0,False,0.9755121507174604,11.238417838132836,-0.0974939013746759,-0.30237628062588273,0.0018619953696862312,,2.29399127409059
P31,AGEM KANAN,NAIK,4,False,kanal,C3,11.202336134924465,0.5604842145196356,0.8706942980881377,-0.8875905581909111,0.29795179177369635,kiri,sentral,3.0,False,0.9342354002278328,11.238417838132836,0.6917998716646825,-1.215927181120561,-0.0018619953696862312,,2.29399127409059
P31,AGEM KANAN,NAIK,4,False,kanal,P3,11.548458273419925,0.6809011912028935,0.05510431882653044,0.529024339035499,-0.04805267349972331,kiri,parietal,3.0,False,0.9814328423698636,11.238417838132836,-0.12379010759692471,0.20068771610584912,-0.3478664606431059,,2.29399127409059
P31,AGEM KANAN,NAIK,4,False,kanal,O1,14.40280286678783,1.010254988753887,0.27638832779813105,0.1276489068238007,0.636433833825534,kiri,oksipital,2.0,True,0.9882426748382924,11.238417838132836,0.0974939013746759,-0.20068771610584912,0.3366200466821514,,2.29399127409059
P31,AGEM KANAN,NAIK,4,False,kanal,F7,11.274499541341207,0.335820204851199,-0.7477959491937847,2.3721262262078597,0.7515054602479677,kiri,frontotemporal,2.0,True,0.909526198760513,11.238417838132836,-0.9266903756172398,2.04378960327821,0.45169167310458513,,2.29399127409059
P31,AGEM KANAN,NAIK,4,False,kanal,T3,6.881822092754064,0.29201159579954983,1.1311536550623482,0.10000083672538329,0.16574048017991383,kiri,temporal,3.0,False,0.9721782506244127,11.238417838132836,0.9522592286388931,-0.22833578620426653,-0.13407330696346875,,2.29399127409059
P31,AGEM KANAN,NAIK,4,False,kanal,T5,14.73585166374837,0.689710143316612,1.428253667530488,0.5782533215668701,0.2026522558514281,kiri,temporo-posterior,3.0,False,0.9880339621615608,11.238417838132836,1.249359241107033,0.24991669863722032,-0.09716153129195448,,2.29399127409059
P31,AGEM KANAN,NAIK,4,False,kanal,Fp2,20.941846408708013,0.31948094092039914,0.6020418259816868,1.8109770055253716,0.023234333000798246,kanan,frontopolar,3.0,False,0.9913504025043964,19.169528686095745,-0.5407226987034225,0.9650361914256953,0.10402993809210709,,2.29399127409059
P31,AGEM KANAN,NAIK,4,False,kanal,F4,17.8761516312832,0.6502496874221235,1.2797259758055821,0.998618540498927,0.2320625775319094,kanan,frontal,3.0,False,0.9834690664310898,19.169528686095745,0.13696145112047287,0.1526777263992507,0.31285818262321824,,2.29399127409059
P31,AGEM KANAN,NAIK,4,False,kanal,C4,18.982467832742515,0.700593005140304,0.05469418754336541,-0.6624337530622508,-0.06790275518099731,kanan,sentral,4.0,False,0.9936780463843233,19.169528686095745,-1.088070337141744,-1.508374567161927,0.012892849910311532,,2.29399127409059
P31,AGEM KANAN,NAIK,4,False,kanal,P4,10.631533145925424,-0.29426610324576297,1.3449199784475951,2.9354638615366535,0.1148915898756645,kanan,parietal,4.0,False,0.9892189662856518,19.169528686095745,0.2021554537624859,2.0895230474369773,0.19568719496697334,,2.29399127409059
P31,AGEM KANAN,NAIK,4,False,kanal,O2,20.119910979962988,0.6673351108004106,1.1350701022277898,0.45171386404472713,-0.10471504537031984,kanan,oksipital,3.0,False,0.9880655782513771,19.169528686095745,-0.007694422457319439,-0.3942269500549491,-0.023919440279010995,,2.29399127409059
P31,AGEM KANAN,NAIK,4,False,kanal,F8,19.356589539448976,0.6423007620398593,1.1504589471424287,-0.8761175416102853,-0.2572853469983684,kanan,frontotemporal,3.0,False,0.9898056405950427,19.169528686095745,0.007694422457319439,-1.7220583557099616,-0.17648974190705957,,2.29399127409059
P31,AGEM KANAN,NAIK,4,False,kanal,T4,19.801430516222574,0.23682208825646156,1.3100372877501887,1.099620027951389,-0.4268792182387531,kanan,temporal,4.0,False,0.9960593436926792,19.169528686095745,0.16727276306507943,0.25367921385171277,-0.34608361314744424,,2.29399127409059
P31,AGEM KANAN,NAIK,4,False,kanal,T6,15.649859909516643,-0.10376858719731841,-0.18407443646890342,0.6932630877004256,-0.09368845500162037,kanan,temporo-posterior,4.0,False,0.9846779981879515,19.169528686095745,-1.3268389611540128,-0.1526777263992507,-0.012892849910311532,,2.29399127409059
P31,AGEM KANAN,NAIK,4,False,area,frontopolar,16.15243898222581,0.7633290144880925,-0.287151418530035,0.5720734627808151,0.14789864540699027,,frontopolar,3.0,False,0.9815160819421767,,,,,True,2.29399127409059
P31,AGEM KANAN,NAIK,4,False,area,frontal,14.179998348960012,0.6226464499140698,0.7913291696443642,0.846216801758314,0.15567805831557224,,frontal,3.0,False,0.990751304815537,,,,,False,2.29399127409059
P31,AGEM KANAN,NAIK,4,False,area,frontotemporal,19.424479293890293,0.6141841577286213,1.4156080225101926,-0.7207817632810722,-0.16975496613392915,,frontotemporal,3.0,False,0.9904658703788334,,,,,True,2.29399127409059
P31,AGEM KANAN,NAIK,4,False,area,sentral,17.585976715156562,0.6580838038358302,0.07738292988095807,-0.7747051501719033,0.14508647817275566,,sentral,4.0,False,0.9931009426674634,,,,,False,2.29399127409059
P31,AGEM KANAN,NAIK,4,False,area,temporal,20.315026067406215,0.707764381880942,1.2541347990764944,0.23317061748949364,-0.194421182040327,,temporal,4.0,False,0.996080116012843,,,,,True,2.29399127409059
P31,AGEM KANAN,NAIK,4,False,area,parietal,12.266776801930668,0.4757687828958128,0.9976517466344054,1.5556314158379614,0.27424192586750346,,parietal,4.0,False,0.9914432106160808,,,,,False,2.29399127409059
P31,AGEM KANAN,NAIK,4,False,area,temporo-posterior,14.21933899836943,0.19293997976399502,0.7894013463958188,1.1898891994011271,0.13606395266935656,,temporo-posterior,4.0,False,0.9918113283301552,,,,,False,2.29399127409059
P31,AGEM KANAN,NAIK,4,False,area,oksipital,14.421719839629915,0.7862180797000782,0.7308900142114466,-0.5394467702375696,-0.15166439660519115,,oksipital,3.0,False,0.9915455441648674,,,,,False,2.29399127409059
P31,AGEM KANAN,POST,4,False,belahan,kiri,15.383851977197093,0.7040989136982886,1.495701121011528,-1.4531499523228655,0.7261392244676725,,,,,,,,,,,2.29399127409059
P31,AGEM KANAN,POST,4,False,belahan,kanan,16.568803509271824,0.18605070736611973,1.8165658002530785,-1.2642385404855843,0.5521445826971122,,,,,,,,,,,2.29399127409059
P31,AGEM KANAN,POST,4,False,kanal,Fp1,9.470133538405712,0.40593580592371903,0.18683091250368766,-1.425271231309401,1.0208605432920894,kiri,frontopolar,3.0,False,0.9846086884935995,15.383851977197093,-1.3088702085078405,0.027878721013464558,0.2947213188244169,,2.29399127409059
P31,AGEM KANAN,POST,4,False,kanal,F3,5.936586271645673,0.3296277681012204,3.02170059517799,-1.4977442697697758,0.32431720359668925,kiri,frontal,2.0,True,0.971961190751734,15.383851977197093,1.525999474166462,-0.044594317446910336,-0.4018220208709833,,2.29399127409059
P31,AGEM KANAN,POST,4,False,kanal,C3,17.39528060754798,0.8180744197054637,1.4218079769963126,-0.5454674105957604,0.43141790564325555,kiri,sentral,3.0,False,0.9829019158895616,15.383851977197093,-0.07389314401521552,0.907682541727105,-0.294721318824417,,2.29399127409059
P31,AGEM KANAN,POST,4,False,kanal,P3,16.09873262304165,0.9899692064538743,3.0550965154772944,0.18439469938704667,1.0713538749189908,kiri,parietal,2.0,True,0.9577350819151211,15.383851977197093,1.5593953944657664,1.6375446517099121,0.3452146504513183,,2.29399127409059
P31,AGEM KANAN,POST,4,False,kanal,O1,14.668971331352537,0.7841920166809038,2.035435097165653,-0.9256974871551575,-0.388178361593003,kiri,oksipital,2.0,True,0.9889532831840943,15.383851977197093,0.5397339761541249,0.5274524651677079,-1.1143175860606755,,2.29399127409059
P31,AGEM KANAN,POST,4,False,kanal,F7,12.427483527917602,0.241934818697919,-1.0956333601984092,-2.855398480353406,0.415724968060709,kiri,frontotemporal,3.0,False,0.8293066661495845,15.383851977197093,-2.5913344812099375,-1.4022485280305406,-0.3104142564069635,,2.29399127409059
P31,AGEM KANAN,POST,4,False,kanal,T3,24.339994091633457,1.662136546199437,1.5695942650267436,-2.7452946822274433,1.2673860741895224,kiri,temporal,3.0,False,0.9879908112716285,15.383851977197093,0.07389314401521552,-1.2921447299045778,0.5412468497218499,,2.29399127409059
P31,AGEM KANAN,POST,4,False,kanal,T5,16.272691798107104,0.6240058107156734,-0.6530229680090388,-1.48102867333633,1.149387850303044,kiri,temporo-posterior,2.0,True,0.9473456437490354,15.383851977197093,-2.148724089020567,-0.027878721013464558,0.4232486258353714,,2.29399127409059
P31,AGEM KANAN,POST,4,False,kanal,Fp2,18.93544767470839,0.089138368050101,0.5479146009093172,-1.157615937729131,0.98640936988595,kanan,frontopolar,3.0,False,0.972877993657624,16.568803509271824,-1.2686511993437612,0.10662260275645319,0.43426478718883776,,2.29399127409059
P31,AGEM KANAN,POST,4,False,kanal,F4,14.138630745768864,0.36103243398591855,1.7791128630660173,-1.0922986238372738,1.0362088631428816,kanan,frontal,3.0,False,0.971175129095331,16.568803509271824,-0.03745293718706111,0.17193991664831043,0.48406428044576943,,2.29399127409059
P31,AGEM KANAN,POST,4,False,kanal,C4,15.257608432286233,0.21583088638014325,2.792558649023649,-2.685939538283535,0.34653796507863255,kanan,sentral,4.0,False,0.9694458373010219,16.568803509271824,0.9759928487705707,-1.4217009977979507,-0.20560661761847965,,2.29399127409059
P31,AGEM KANAN,POST,4,False,kanal,P4,14.73070619918775,-0.30020535502474344,1.8540187374401396,0.653796454104508,0.3205690128034343,kanan,parietal,3.0,False,0.9755019279822157,16.568803509271824,0.03745293718706111,1.9180349945900923,-0.2315755698936779,,2.29399127409059
P31,AGEM KANAN,POST,4,False,kanal,O2,21.32610877668045,0.7041504246211481,1.0590716421614736,-2.4337845747812614,1.5346588438504687,kanan,oksipital,3.0,False,0.926851874149214,16.568803509271824,-0.7574941580916048,-1.1695460342956772,0.9825142611533565,,2.29399127409059
P31,AGEM KANAN,POST,4,False,kanal,F8,14.79087728919032,0.19187148948205612,2.95600892165952,-1.3708611432420374,0.6807954371080198,kanan,frontotemporal,3.0,False,0.9366934036624065,16.568803509271824,1.1394431214064416,-0.10662260275645319,0.12865085441090762,,2.29399127409059
P31,AGEM KANAN,POST,4,False,kanal,T4,17.879998586257415,-0.1615072512145328,2.3108628369810535,0.0954590541783431,-0.21778196582723808,kanan,temporal,4.0,False,0.9685564366911241,16.568803509271824,0.4942970367279751,1.3596975946639274,-0.7699265485243503,,2.29399127409059
P31,AGEM KANAN,POST,4,False,kanal,T6,20.87108349324963,0.18022992525018333,-0.06451966971386447,-1.4513998801847778,0.4234937282862046,kanan,temporo-posterior,4.0,False,0.973893328895733,16.568803509271824,-1.8810854699669428,-0.18716133969919357,-0.12865085441090762,,2.29399127409059
P31,AGEM KANAN,POST,4,False,area,frontopolar,14.004566205546396,0.47119837260350794,-0.7403367981185444,-2.7638874852778077,0.2946073309458276,,frontopolar,3.0,False,0.9596340376182035,,,,,True,2.29399127409059
P31,AGEM KANAN,POST,4,False,area,frontal,10.57849659339685,0.3769939462403038,2.0150207507071336,-0.8459567991634436,0.9350534113450971,,frontal,4.0,False,0.984976832198971,,,,,False,2.29399127409059
P31,AGEM KANAN,POST,4,False,area,frontotemporal,14.16937590671408,0.18882697125225079,2.558491625055211,-1.4573318691807593,0.6547283813829946,,frontotemporal,3.0,False,0.9381995985759327,,,,,True,2.29399127409059
P31,AGEM KANAN,POST,4,False,area,sentral,15.677546117652838,0.3783793473788367,2.4054791838600362,-2.256388335306896,0.26462821620228605,,sentral,4.0,False,0.9857199564313722,,,,,False,2.29399127409059
P31,AGEM KANAN,POST,4,False,area,temporal,22.279800082084257,0.6328481974203353,1.5790428948649367,-0.7832004987626089,0.25634922300591767,,temporal,4.0,False,0.9582089079864496,,,,,True,2.29399127409059
P31,AGEM KANAN,POST,4,False,area,parietal,16.93425150910239,0.5492887007965723,1.9080782832189536,-0.264392741562391,0.8225278678986443,,parietal,4.0,False,0.9888048071659931,,,,,False,2.29399127409059
P31,AGEM KANAN,POST,4,False,area,temporo-posterior,18.614985445199977,0.32952946043334896,0.36320371178414745,-1.5030959682131324,0.6376987565361648,,temporo-posterior,4.0,False,0.985610278419488,,,,,False,2.29399127409059
P31,AGEM KANAN,POST,4,False,area,oksipital,15.019411409155232,0.683635711932463,1.2051825997901782,-2.141289033955477,0.054451971747474626,,oksipital,3.0,False,0.9874046110084542,,,,,False,2.29399127409059
P31,AGEM KIRI,PRA,4,False,belahan,kiri,13.032965179062373,0.7020437374410711,1.42379079547696,0.7688257714599507,-0.10238047189762098,,,,,,,,,,,2.29399127409059
P31,AGEM KIRI,PRA,4,False,belahan,kanan,17.985135606738634,0.1610484803434279,3.1234377613355333,0.47269805904075257,0.2647872688333189,,,,,,,,,,,2.29399127409059
P31,AGEM KIRI,PRA,4,False,kanal,Fp1,12.360142354103857,0.6062135539315643,0.23733700282576986,2.592626013444411,0.20818310254708805,kiri,frontopolar,4.0,False,0.9816674859383663,13.032965179062373,-1.1864537926511902,1.8238002419844603,0.31056357444470906,,2.29399127409059
P31,AGEM KIRI,PRA,4,False,kanal,F3,11.104196300876197,0.64685589164151,1.3315665928540987,0.3778604458983197,-0.0914534687431483,kiri,frontal,3.0,False,0.9618329446708624,13.032965179062373,-0.09222420262286124,-0.390965325561631,0.010927003154472675,,2.29399127409059
P31,AGEM KIRI,PRA,4,False,kanal,C3,12.562068544464296,0.7538572702759438,3.3696130421738943,0.7396064812720775,-0.11330747505209365,kiri,sentral,3.0,False,0.9866642396159199,13.032965179062373,1.9458222466969344,-0.02921929018787317,-0.010927003154472675,,2.29399127409059
P31,AGEM KIRI,PRA,4,False,kanal,P3,11.8063927181678,0.7735932356251112,1.2238530693829315,0.7980450616478239,-0.31820263679637895,kiri,parietal,3.0,False,0.9848721515981652,13.032965179062373,-0.1999377260940285,0.02921929018787317,-0.21582216489875797,,2.29399127409059
P31,AGEM KIRI,PRA,4,False,kanal,O1,16.190429657449464,0.9115439034012442,2.6505192009413454,0.08631057154897803,-0.5159671114898277,kiri,oksipital,3.0,False,0.9886364631501864,13.032965179062373,1.2267284054643854,-0.6825151999109726,-0.41358663959220665,,2.29399127409059
P31,AGEM KIRI,PRA,4,False,kanal,F7,15.504260505087586,0.5028764933270552,-0.7229603725939404,1.532452435710356,0.05697379446129747,kiri,frontotemporal,4.0,False,0.9825267489304674,13.032965179062373,-2.1467511680709004,0.7636266642504053,0.15935426635891844,,2.29399127409059
P31,AGEM KIRI,PRA,4,False,kanal,T3,13.50386181366045,0.6502302046061982,2.5522435315903502,0.21267258648517817,-0.843088123901929,kiri,temporal,3.0,False,0.9663604900233042,13.032965179062373,1.1284527361133903,-0.5561531849747725,-0.740707652004308,,2.29399127409059
P31,AGEM KIRI,PRA,4,False,kanal,T5,16.975083294882353,0.933586429254655,1.5160149980998212,1.7272278536898549,0.6439763113673831,kiri,temporo-posterior,3.0,False,0.9828258861420159,13.032965179062373,0.09222420262286124,0.9584020822299042,0.7463567832650041,,2.29399127409059
P31,AGEM KIRI,PRA,4,False,kanal,Fp2,19.224154160061428,0.095429679117919,3.9667169107977087,1.836301869236514,0.4983343370518516,kanan,frontopolar,4.0,False,0.9723706895046392,17.985135606738634,0.8432791494621754,1.3636038101957615,0.23354706821853272,,2.29399127409059
P31,AGEM KIRI,PRA,4,False,kanal,F4,15.937699764132788,0.35078855951527865,1.4195375645612223,-0.6231611528195096,0.08037643972737529,kanan,frontal,4.0,False,0.9776814646384128,17.985135606738634,-1.703900196774311,-1.0958592118602621,-0.18441082910594359,,2.29399127409059
P31,AGEM KIRI,PRA,4,False,kanal,C4,13.83251329378264,0.13445405255878806,3.3877641934949603,-0.4896538840262634,-0.5750019914420226,kanan,sentral,4.0,False,0.9428897369773419,17.985135606738634,0.26432643215942697,-0.962351943067016,-0.8397892602753414,,2.29399127409059
P31,AGEM KIRI,PRA,4,False,kanal,P4,14.346009821266364,-0.294122807372738,2.2229700607559955,3.795875795931688,0.7518789657858661,kanan,parietal,4.0,False,0.9809478026330883,17.985135606738634,-0.9004677005795378,3.323177736890935,0.4870916969525472,,2.29399127409059
P31,AGEM KIRI,PRA,4,False,kanal,O2,20.25118999221312,0.47054539209023494,2.400090982048473,-0.053149782226050934,-0.3855653525767733,kanan,oksipital,4.0,False,0.9756670492540118,17.985135606738634,-0.7233467792870605,-0.5258478412668035,-0.6503526214100922,,2.29399127409059
P31,AGEM KIRI,PRA,4,False,kanal,F8,16.93094358720515,0.2419971659119129,3.5392482072855644,-0.5651331934662673,0.44919809793926246,kanan,frontotemporal,4.0,False,0.9894233013537059,17.985135606738634,0.41581044595003114,-1.03783125250702,0.18441082910594359,,2.29399127409059
P31,AGEM KIRI,PRA,4,False,kanal,T4,20.375890001044468,0.18764290812806772,3.424907009100372,0.9985459003075561,1.1094834653286123,kanan,temporal,4.0,False,0.9717173110287171,17.985135606738634,0.30146924776483885,0.5258478412668035,0.8446961964952935,,2.29399127409059
P31,AGEM KIRI,PRA,4,False,kanal,T6,19.03932762627212,-0.06909775287849595,2.859111329176106,1.4969597705429942,-0.1911318091676466,kanan,temporo-posterior,4.0,False,0.9661224290447284,17.985135606738634,-0.2643264321594274,1.0242617115022417,-0.4559190780009655,,2.29399127409059
P31,AGEM KIRI,PRA,4,False,area,frontopolar,15.003844214282914,0.5767495249334632,1.9149218155527623,1.618419129130694,0.10206395543357671,,frontopolar,4.0,False,0.9873660526630967,,,,,True,2.29399127409059
P31,AGEM KIRI,PRA,4,False,area,frontal,13.026948403439349,0.41061818185168075,1.1349394333518612,-0.35823501909546174,-0.001142716203981875,,frontal,4.0,False,0.9875320735334219,,,,,False,2.29399127409059
P31,AGEM KIRI,PRA,4,False,area,frontotemporal,17.071443877156376,0.30543688674804903,2.817370296573219,-0.4208061468816289,0.30309714276958166,,frontotemporal,4.0,False,0.9871747230669653,,,,,True,2.29399127409059
P31,AGEM KIRI,PRA,4,False,area,sentral,13.843327193761368,0.27962105528371717,4.1453634504696355,0.06853289745268931,0.22002805804586456,,sentral,4.0,False,0.9549012924000067,,,,,False,2.29399127409059
P31,AGEM KIRI,PRA,4,False,area,temporal,21.979511739236365,0.7364991938869829,2.6471212435658282,0.19380321465729633,1.116817453380845,,temporal,4.0,False,0.9819081493932064,,,,,True,2.29399127409059
P31,AGEM KIRI,PRA,4,False,area,parietal,16.39792047929138,0.5897896852179902,1.5010235475429479,2.389587773319132,0.9781055046783071,,parietal,4.0,False,0.9862680328148672,,,,,False,2.29399127409059
P31,AGEM KIRI,PRA,4,False,area,temporo-posterior,17.598104800515564,0.2452110605919795,2.5544858791403184,1.3415649996247292,-0.03957530929153563,,temporo-posterior,4.0,False,0.9764191425242015,,,,,False,2.29399127409059
P31,AGEM KIRI,PRA,4,False,area,oksipital,16.248050015719613,0.7694236857811074,2.2492450899528125,-0.3840260381230398,-0.5294366190750511,,oksipital,4.0,False,0.9881662448311925,,,,,False,2.29399127409059
P31,AGEM KIRI,TURUN,3,False,belahan,kiri,12.595554386407564,0.9650078757757115,2.6253038727324984,-1.2452914995431035,1.6020108454841402,,,,,,,,,,,2.29399127409059
P31,AGEM KIRI,TURUN,3,False,belahan,kanan,16.524358190600502,0.31726349027501877,1.076225457195982,1.1906525593988206,0.33132418443580347,,,,,,,,,,,2.29399127409059
P31,AGEM KIRI,TURUN,3,False,kanal,Fp1,13.271164160160815,0.9755017154436767,1.6017221089715938,-0.8240245368694268,2.412997514713654,kiri,frontopolar,2.0,True,0.9513467523567183,12.595554386407564,-1.0235817637609046,0.4212669626736767,0.810986669229514,,2.29399127409059
P31,AGEM KIRI,TURUN,3,False,kanal,F3,,,,,,kiri,frontal,1.0,True,,12.595554386407564,,,,,2.29399127409059
P31,AGEM KIRI,TURUN,3,False,kanal,C3,10.38857212058948,0.9465194154712622,2.7329439320200977,2.243464588736062,1.1482599672145728,kiri,sentral,2.0,True,0.9306430821104014,12.595554386407564,0.10764005928759923,3.4887560882791657,-0.4537508782695674,,2.29399127409059
P31,AGEM KIRI,TURUN,3,False,kanal,P3,,,,,,kiri,parietal,1.0,True,,12.595554386407564,,,,,2.29399127409059
P31,AGEM KIRI,TURUN,3,False,kanal,O1,6.511874138387817,0.5515247703187249,2.5176638134448996,-1.974906073010834,0.7560327192238414,kiri,oksipital,2.0,True,0.9532847721573311,12.595554386407564,-0.10764005928759879,-0.7296145734677306,-0.8459781262602988,,2.29399127409059
P31,AGEM KIRI,TURUN,3,False,kanal,F7,16.829628727518916,0.9870141049488709,-1.1747706369781503,-2.6324106042352504,2.1539202414021723,kiri,frontotemporal,2.0,True,0.9413042801170246,12.595554386407564,-3.8000745097106488,-1.387119104692147,0.5519093959180321,,2.29399127409059
P31,AGEM KIRI,TURUN,3,False,kanal,T3,19.336809403413234,1.6387515736489928,3.209613613049491,-1.6665584622167802,0.7124237455667217,kiri,temporal,3.0,False,0.9728200749841971,12.595554386407564,0.5843097403169928,-0.4212669626736767,-0.8895870999174185,,2.29399127409059
P31,AGEM KIRI,TURUN,3,False,kanal,T5,11.919944612654312,0.9545140361077462,5.032492978962654,0.04429456818313726,2.0557617237537076,kiri,temporo-posterior,2.0,True,0.9816000217345073,12.595554386407564,2.407189106230155,1.2895860677262407,0.4537508782695674,,2.29399127409059
P31,AGEM KIRI,TURUN,3,False,kanal,Fp2,18.372265249734486,0.32295290927327147,1.3391635088530696,0.9106558107273628,0.270073630313705,kanan,frontopolar,3.0,False,0.9591389937406922,16.524358190600502,0.2629380516570876,-0.27999674867145785,-0.061250554122098455,,2.29399127409059
P31,AGEM KIRI,TURUN,3,False,kanal,F4,14.998469153576778,0.7905285318749482,0.8132874055388944,2.031754073748128,-0.1907658530256685,kanan,frontal,3.0,False,0.9523113676685234,16.524358190600502,-0.2629380516570875,0.8411015143493072,-0.522090037461472,,2.29399127409059
P31,AGEM KIRI,TURUN,3,False,kanal,C4,20.60762909237723,0.9809596211165172,-0.39232896105428017,0.0001402995633750237,0.5410753922217356,kanan,sentral,3.0,False,0.9707378341331805,16.524358190600502,-1.4685544182502621,-1.1905122598354456,0.20975120778593215,,2.29399127409059
P31,AGEM KIRI,TURUN,3,False,kanal,P4,7.269269392876431,-0.3750121163845257,3.553608543849066,1.4706493080702785,-0.09568205210457059,kanan,parietal,3.0,False,0.9442395128248323,16.524358190600502,2.477383086653084,0.27999674867145785,-0.42700623654037406,,2.29399127409059
P31,AGEM KIRI,TURUN,3,False,kanal,O2,18.050247227624226,0.7615366644854,-0.3598412243241389,-0.5656093376850508,0.8970009411609894,kanan,oksipital,3.0,False,0.9468575561482415,16.524358190600502,-1.4360666815201208,-1.7562618970838715,0.5656767567251859,,2.29399127409059
P31,AGEM KIRI,TURUN,3,False,kanal,F8,11.616043732955774,0.11167055564176587,0.5775089523307231,0.8920565558936957,0.8936386021984257,kanan,frontotemporal,3.0,False,0.9720243867115027,16.524358190600502,-0.49871650486525887,-0.29859600350512494,0.5623144177626223,,2.29399127409059
P31,AGEM KIRI,TURUN,3,False,kanal,T4,19.642664152252877,0.31157407127676606,1.4447267556967314,2.184454562252252,-0.45596451735043575,kanan,temporal,3.0,False,0.9188757919427273,16.524358190600502,0.3685012985007494,0.9938020028534313,-0.7872887017862392,,2.29399127409059
P31,AGEM KIRI,TURUN,3,False,kanal,T6,14.73397362831647,-0.022045875818808014,1.5505021282922908,2.668791523659965,0.3925747385579019,kanan,temporo-posterior,3.0,False,0.9743827618553712,16.524358190600502,0.4742766710963089,1.4781389642611442,0.061250554122098455,,2.29399127409059
P31,AGEM KIRI,TURUN,3,False,area,frontopolar,18.339926418881902,1.141112287370854,-0.34602048188207724,-1.7870465919647671,1.0290607673152103,,frontopolar,3.0,False,0.9633620736435857,,,,,True,2.29399127409059
P31,AGEM KIRI,TURUN,3,False,area,frontal,12.970575335141667,0.8698851211912884,0.7857997763972603,1.8140642858476124,-0.002825491773293609,,frontal,3.0,False,0.9497248997801848,,,,,False,2.29399127409059
P31,AGEM KIRI,TURUN,3,False,area,frontotemporal,12.975976344236834,0.25091389502609407,0.07068498719481842,0.22445595065155244,0.6316413828745452,,frontotemporal,3.0,False,0.982573267174664,,,,,True,2.29399127409059
P31,AGEM KIRI,TURUN,3,False,area,sentral,17.045344692774144,0.8262274424770432,0.6210344953944807,0.2385730031284714,0.3501971750453218,,sentral,3.0,False,0.9782078849669146,,,,,False,2.29399127409059
P31,AGEM KIRI,TURUN,3,False,area,temporal,21.11568923585522,0.9637915548025828,1.8627345571292357,1.697580992647957,0.5447542600227357,,temporal,3.0,False,0.9439555542035539,,,,,True,2.29399127409059
P31,AGEM KIRI,TURUN,3,False,area,parietal,14.63894827609353,0.8535854120042898,1.8964882554162659,0.30705593279598764,0.28911373861082096,,parietal,3.0,False,0.9551840978654605,,,,,False,2.29399127409059
P31,AGEM KIRI,TURUN,3,False,area,temporo-posterior,13.382790949060862,0.25945467767018426,2.330333045643152,2.397819595033479,0.40841629406922997,,temporo-posterior,3.0,False,0.9804859869622421,,,,,False,2.29399127409059
P31,AGEM KIRI,TURUN,3,False,area,oksipital,12.472905120973408,0.8603776384482891,-0.26887696431170893,-2.2692323142445203,0.26984477669415574,,oksipital,3.0,False,0.9406012697686622,,,,,False,2.29399127409059
P31,AGEM KIRI,TAHAN,4,False,belahan,kiri,8.173916723254194,0.6566789623813459,0.7950460761755505,-0.284154056452113,1.0159077811118307,,,,,,,,,,,2.29399127409059
P31,AGEM KIRI,TAHAN,4,False,belahan,kanan,18.179199322052476,0.6262440657566589,3.9153782277819325,4.503506186162678,0.9276492123659807,,,,,,,,,,,2.29399127409059
P31,AGEM KIRI,TAHAN,4,False,kanal,Fp1,10.588243773606393,0.7789504372644347,2.0514106964332255,-0.5484759256331668,1.0745001697711007,kiri,frontopolar,2.0,True,0.9442938939653107,8.173916723254194,1.256364620257675,-0.2643218691810538,0.05859238865927008,,2.29399127409059
P31,AGEM KIRI,TAHAN,4,False,kanal,F3,5.038429431025904,0.3468468566930253,0.9183690171784721,-5.069406098535707,1.1465696423758234,kiri,frontal,3.0,False,0.6825461408572097,8.173916723254194,0.12332294100292163,-4.785252042083593,0.1306618612639927,,2.29399127409059
P31,AGEM KIRI,TAHAN,4,False,kanal,C3,5.7595896729019955,0.5344074874982572,0.31733860982555706,0.04906749637132268,0.8874290509654267,kiri,sentral,3.0,False,0.9839990462723319,8.173916723254194,-0.4777074663499934,0.3332215528234357,-0.12847873014640399,,2.29399127409059
P31,AGEM KIRI,TAHAN,4,False,kanal,P3,1.5322754960217964,0.30096248310527285,2.7283708484494906,-0.21216141299777913,0.9304489647193347,kiri,parietal,2.0,True,0.9213620777462904,8.173916723254194,1.9333247722739402,0.07199264345433387,-0.08545881639249597,,2.29399127409059
P31,AGEM KIRI,TAHAN,4,False,kanal,O1,15.834577196752058,1.2782277696999222,0.6717231351726288,-0.3561466999064469,0.9573153924525604,kiri,oksipital,2.0,True,0.9894197958738774,8.173916723254194,-0.12332294100292163,-0.07199264345433387,-0.0585923886592703,,2.29399127409059
P31,AGEM KIRI,TAHAN,4,False,kanal,F7,13.37120706990271,0.834836572295944,-1.551913129993348,0.34287693231033245,1.1738289164268396,kiri,frontotemporal,2.0,True,0.899195584693973,8.173916723254194,-2.3469592061688984,0.6270309887624455,0.15792113531500895,,2.29399127409059
P31,AGEM KIRI,TAHAN,4,False,kanal,T3,3.414986071796875,0.3927911111016503,1.2194625485767987,-0.8869769969006014,0.9255145745074764,kiri,temporal,2.0,True,0.9505819802237668,8.173916723254194,0.42441647240124825,-0.6028229404484884,-0.09039320660435424,,2.29399127409059
P31,AGEM KIRI,TAHAN,4,False,kanal,T5,14.825717254559528,0.9699239471738776,0.15514404481006938,1.0442982590948446,1.6737746920539598,kiri,temporo-posterior,2.0,True,0.9911097093420771,8.173916723254194,-0.6399020313654811,1.3284523155469576,0.6578669109421291,,2.29399127409059
P31,AGEM KIRI,TAHAN,4,False,kanal,Fp2,19.930277468199815,0.6453481718225,6.733670110736919,8.229267386003794,1.5878877151016635,kanan,frontopolar,3.0,False,0.9840138979430547,18.179199322052476,2.818291882954987,3.7257611998411164,0.6602385027356827,,2.29399127409059
P31,AGEM KIRI,TAHAN,4,False,kanal,F4,13.275255132827816,0.5693357529653273,5.423875005791685,4.723845330320592,1.6141292453587468,kanan,frontal,2.0,True,0.976897902200864,18.179199322052476,1.5084967780097527,0.2203391441579141,0.686480032992766,,2.29399127409059
P31,AGEM KIRI,TAHAN,4,False,kanal,C4,16.97622555070523,0.876003471869335,3.2327724544075247,2.693230150894771,0.40986206377764656,kanan,sentral,4.0,False,0.9777185954201246,18.179199322052476,-0.6826057733744078,-1.8102760352679068,-0.5177871485883342,,2.29399127409059
P31,AGEM KIRI,TAHAN,4,False,kanal,P4,20.561903366766856,0.6172314594081638,3.357783727415634,8.906141468724446,0.33103418565224285,kanan,parietal,3.0,False,0.989933374108388,18.179199322052476,-0.5575945003662985,4.402635282561768,-0.5966150267137379,,2.29399127409059
P31,AGEM KIRI,TAHAN,4,False,kanal,O2,15.64415117235113,0.635256672105154,7.2709307557050336,7.38326131501684,0.9124736876997914,kanan,oksipital,2.0,True,0.9758937509587101,18.179199322052476,3.355552527923101,2.8797551288541623,-0.015175524666189322,,2.29399127409059
P31,AGEM KIRI,TAHAN,4,False,kanal,F8,16.94628697781546,0.7555087796011106,2.501441689132476,4.283167042004765,0.898959212811671,kanan,frontotemporal,3.0,False,0.9887821545568135,18.179199322052476,-1.4139365386494562,-0.22033914415791322,-0.02868999955430973,,2.29399127409059
P31,AGEM KIRI,TAHAN,4,False,kanal,T4,23.096412777210503,0.5301088319789711,4.472972728148231,3.040045582615956,0.9428247370321701,kanan,temporal,4.0,False,0.980574750267178,18.179199322052476,0.5575945003662985,-1.463460603546722,0.015175524666189322,,2.29399127409059
P31,AGEM KIRI,TAHAN,4,False,kanal,T6,19.38217309339972,0.5278117995255356,0.33177090078882976,4.041272682560313,3.2060509378889694,kanan,temporo-posterior,4.0,False,0.9864188388856486,18.179199322052476,-3.5836073269931026,-0.4622335036023646,2.278401725522989,,2.29399127409059
P31,AGEM KIRI,TAHAN,4,False,area,frontopolar,13.527077480676539,0.822807817724119,4.108339990489135,3.690626638499584,0.40443588569536904,,frontopolar,3.0,False,0.9851101809304423,,,,,True,2.29399127409059
P31,AGEM KIRI,TAHAN,4,False,area,frontal,9.205032960079535,0.42650897780935204,2.9562977766705716,1.407892966322005,0.23665567444047564,,frontal,3.0,False,0.9835170236633475,,,,,False,2.29399127409059
P31,AGEM KIRI,TAHAN,4,False,area,frontotemporal,16.608822424232095,0.7163498065082705,1.6262314353028624,3.5826099207477866,0.6181961532267864,,frontotemporal,3.0,False,0.9895627711670033,,,,,True,2.29399127409059
P31,AGEM KIRI,TAHAN,4,False,area,sentral,17.23169347126634,1.0192355054252396,3.3696026027650876,3.8303181619150224,1.1877040407719082,,sentral,4.0,False,0.9896094150017658,,,,,False,2.29399127409059
P31,AGEM KIRI,TAHAN,4,False,area,temporal,26.37610199782376,1.106711060562767,4.618165393348312,2.5806726299605627,1.4685214029267026,,temporal,4.0,False,0.9785121321040086,,,,,True,2.29399127409059
P31,AGEM KIRI,TAHAN,4,False,area,parietal,21.875797257865102,1.312855277469842,2.8534888341795996,7.2364650812996585,0.09448137183132937,,parietal,4.0,False,0.9807797999740604,,,,,False,2.29399127409059
P31,AGEM KIRI,TAHAN,4,False,area,temporo-posterior,16.55197141868959,0.6275655950453771,0.7615437699918176,3.436714171507122,2.7764550423697365,,temporo-posterior,4.0,False,0.9836593972964496,,,,,False,2.29399127409059
P31,AGEM KIRI,TAHAN,4,False,area,oksipital,15.686471938173405,1.1362000303454693,3.1494512695738175,3.0304689507552487,1.0253603345380378,,oksipital,2.0,True,0.990742218996988,,,,,False,2.29399127409059
P31,AGEM KIRI,NAIK,3,False,belahan,kiri,11.876638882991088,0.7270315815326037,1.8159936905377472,-0.6387723355608874,0.8680749419359474,,,,,,,,,,,2.29399127409059
P31,AGEM KIRI,NAIK,3,False,belahan,kanan,18.199065898044417,0.3221628413143932,0.6925294218107638,1.4770423014464564,0.08747413939208698,,,,,,,,,,,2.29399127409059
P31,AGEM KIRI,NAIK,3,False,kanal,Fp1,,,,,,kiri,frontopolar,1.0,True,,11.876638882991088,,,,,2.29399127409059
P31,AGEM KIRI,NAIK,3,False,kanal,F3,,,,,,kiri,frontal,1.0,True,,11.876638882991088,,,,,2.29399127409059
P31,AGEM KIRI,NAIK,3,False,kanal,C3,15.12639562797336,1.0308274557417652,1.8159936905377472,-1.0105292690504086,1.299724154815463,kiri,sentral,3.0,False,0.9857582567741442,11.876638882991088,0.0,-0.3717569334895212,0.43164921287951563,,2.29399127409059
P31,AGEM KIRI,NAIK,3,False,kanal,P3,5.513152985079174,0.5268447494202841,-0.6950245306598418,1.0387464574742724,0.8680749419359474,kiri,parietal,2.0,True,0.9652931070823062,11.876638882991088,-2.511018221197589,1.6775187930351598,0.0,,2.29399127409059
P31,AGEM KIRI,NAIK,3,False,kanal,O1,,,,,,kiri,oksipital,1.0,True,,11.876638882991088,,,,,2.29399127409059
P31,AGEM KIRI,NAIK,3,False,kanal,F7,,,,,,kiri,frontotemporal,1.0,True,,11.876638882991088,,,,,2.29399127409059
P31,AGEM KIRI,NAIK,3,False,kanal,T3,11.876638882991088,0.7270315815326037,2.3453230219004095,-0.6387723355608874,-0.17329572947784078,kiri,temporal,3.0,False,0.9709241688589433,11.876638882991088,0.5293293313626624,0.0,-1.0413706714137883,,2.29399127409059
P31,AGEM KIRI,NAIK,3,False,kanal,T5,,,,,,kiri,temporo-posterior,1.0,True,,11.876638882991088,,,,,2.29399127409059
P31,AGEM KIRI,NAIK,3,False,kanal,Fp2,18.872584255039687,0.14883920952152452,2.088820048170034,4.080792353328694,-0.29424542371338724,kanan,frontopolar,2.0,True,0.978149773870764,18.199065898044417,1.39629062635927,2.603750051882238,-0.3817195631054742,,2.29399127409059
P31,AGEM KIRI,NAIK,3,False,kanal,F4,18.44639883479301,0.7526770867144672,-0.8431341095497313,-2.875757331089691,0.6656968733488129,kanan,frontal,2.0,True,0.969894937527682,18.199065898044417,-1.5356635313604952,-4.352799632536147,0.5782227339567259,,2.29399127409059
P31,AGEM KIRI,NAIK,3,False,kanal,C4,18.496854463665194,0.4954864731072619,1.329271397744915,1.4386032443614605,-0.16735205385047947,kanan,sentral,3.0,False,0.9894342584975689,18.199065898044417,0.6367419759341513,-0.03843905708499595,-0.25482619324256645,,2.29399127409059
P31,AGEM KIRI,NAIK,3,False,kanal,P4,15.812985027101163,0.06426771423798483,0.18345272496490317,3.736247395104668,-0.24211140379464957,kanan,parietal,2.0,True,0.9803623645679959,18.199065898044417,-0.5090766968458607,2.2592050936582115,-0.32958554318673655,,2.29399127409059
P31,AGEM KIRI,NAIK,3,False,kanal,O2,16.80219346492271,0.5030137305442941,4.094277864602217,1.5154813585314524,0.3423003326346534,kanan,oksipital,2.0,True,0.9838899641262837,18.199065898044417,3.4017484427914537,0.03843905708499595,0.25482619324256645,,2.29399127409059
P31,AGEM KIRI,NAIK,3,False,kanal,F8,18.663875232717153,0.5994032059365044,0.4318227817937337,1.3941446859745028,1.6844128360375465,kanan,frontotemporal,2.0,True,0.9540444981070391,18.199065898044417,-0.26070664001703014,-0.08289761547195362,1.5969386966454595,,2.29399127409059
P31,AGEM KIRI,NAIK,3,False,kanal,T4,15.610974718244087,-0.13941954456456407,-0.052335666906061507,1.2964663285161113,-0.5876368256119503,kanan,temporal,3.0,False,0.978085701755464,18.199065898044417,-0.7448650887168253,-0.1805759729303451,-0.6751109650040372,,2.29399127409059
P31,AGEM KIRI,NAIK,3,False,kanal,T6,17.951732961295825,0.14846219893725876,0.9532360618277941,1.7328838516175296,0.9167477571651796,kanan,temporo-posterior,3.0,False,0.9731113529222136,18.199065898044417,0.26070664001703026,0.25584155017107313,0.8292736177730926,,2.29399127409059
P31,AGEM KIRI,NAIK,3,False,area,frontopolar,15.054168037678835,0.6115392071025395,0.49762292066381053,1.6110623533709258,-0.7117320970786718,,frontopolar,2.0,True,0.9780527467499484,,,,,True,2.29399127409059
P31,AGEM KIRI,NAIK,3,False,area,frontal,15.303927043875497,0.7525173931785742,-0.9489524239089198,-2.3774555426374677,0.6707056071557601,,frontal,3.0,False,0.9727306920637118,,,,,False,2.29399127409059
P31,AGEM KIRI,NAIK,3,False,area,frontotemporal,19.110907502694808,0.6113380091527065,0.24024162203081956,0.946103429803641,1.6931349094004275,,frontotemporal,2.0,True,0.959839633236154,,,,,True,2.29399127409059
P31,AGEM KIRI,NAIK,3,False,area,sentral,17.46646809915478,0.598201218668926,1.1338431627946854,1.1672459867385214,-0.16840289594391322,,sentral,3.0,False,0.9921367120024819,,,,,False,2.29399127409059
P31,AGEM KIRI,NAIK,3,False,area,temporal,16.742936529751,0.4341360391016209,0.22422441626825995,0.5944453510744938,-0.20206614453531468,,temporal,3.0,False,0.9826396529557506,,,,,True,2.29399127409059
P31,AGEM KIRI,NAIK,3,False,area,parietal,16.590175404687585,0.786036012062056,-0.28525077105528596,1.692944784958637,-0.31833961447217707,,parietal,3.0,False,0.9742300107922259,,,,,False,2.29399127409059
P31,AGEM KIRI,NAIK,3,False,area,temporo-posterior,17.25991140846383,0.3949123153852607,1.3460649337954451,1.9564235696072108,1.1107199282266254,,temporo-posterior,3.0,False,0.9820562465159761,,,,,False,2.29399127409059
P31,AGEM KIRI,NAIK,3,False,area,oksipital,15.14834779555786,0.8680168207811982,1.789911467662344,-0.20213597794292015,0.31691456006566765,,oksipital,2.0,True,0.9852900278308888,,,,,False,2.29399127409059
P31,AGEM KIRI,POST,3,False,belahan,kiri,12.50406477208563,0.9263642850753475,1.284266150622223,-1.8421477679040055,0.7408249194147526,,,,,,,,,,,2.29399127409059
P31,AGEM KIRI,POST,3,False,belahan,kanan,17.589867452413497,0.3772778434534807,2.740665279835742,-1.2124156968759294,0.7571166242463798,,,,,,,,,,,2.29399127409059
P31,AGEM KIRI,POST,3,False,kanal,Fp1,5.7069032033636375,0.41463748462624395,-1.4870293950352913,-2.2738018604684394,2.087537078566362,kiri,frontopolar,2.0,True,0.8006119847643027,12.50406477208563,-2.771295545657514,-0.4316540925644339,1.3467121591516094,,2.29399127409059
P31,AGEM KIRI,POST,3,False,kanal,F3,16.206733907788482,1.3318655990781303,0.41164091060866603,-1.3481471620552954,0.8199022300673415,kiri,frontal,3.0,False,0.9719933045394187,12.50406477208563,-0.872625240013557,0.4940006058487101,0.07907731065258894,,2.29399127409059
P31,AGEM KIRI,POST,3,False,kanal,C3,16.013285597144552,0.9958056493988432,3.289502160633896,-0.8691909047038329,0.03792738266300155,kiri,sentral,3.0,False,0.9722146205336046,12.50406477208563,2.0052360100116733,0.9729568632001726,-0.702897536751751,,2.29399127409059
P31,AGEM KIRI,POST,3,False,kanal,P3,14.031564707573182,1.0047848050414347,5.8299243543407995,3.0846978088899983,0.25975703572515874,kiri,parietal,3.0,False,0.9403852659245852,12.50406477208563,4.545658203718577,4.926845576794004,-0.48106788368959386,,2.29399127409059
P31,AGEM KIRI,POST,3,False,kanal,O1,5.325571148087526,0.8901554717791327,0.8863905461633914,-2.6830198094603976,1.5036281177585622,kiri,oksipital,2.0,True,0.8408932308899376,12.50406477208563,-0.39787560445883163,-0.8408720415563922,0.7628031983438096,,2.29399127409059
P31,AGEM KIRI,POST,3,False,kanal,F7,9.229738194167886,0.5570863791590187,-2.144703599587242,-2.570083160898194,2.0512883086384677,kiri,frontotemporal,2.0,True,0.7600520232361727,12.50406477208563,-3.4289697502094647,-0.7279353929941887,1.310463389223715,,2.29399127409059
P31,AGEM KIRI,POST,3,False,kanal,T3,14.920636366494918,0.9045527603782223,1.6821417550810547,-3.119606000193165,0.5839670781462662,kiri,temporal,3.0,False,0.9740309504791816,12.50406477208563,0.39787560445883163,-1.2774582322891597,-0.15685784126848634,,2.29399127409059
P31,AGEM KIRI,POST,3,False,kanal,T5,10.97656483659808,0.9481758097724726,3.0496017899208154,-1.4104936753395716,0.6617476087621637,kiri,temporo-posterior,2.0,True,0.9833600806954762,12.50406477208563,1.7653356392985924,0.4316540925644339,-0.07907731065258894,,2.29399127409059
P31,AGEM KIRI,POST,3,False,kanal,Fp2,23.008524283305437,0.6810050447253588,1.6927150110328193,-2.688365134930046,0.08714134623988812,kanan,frontopolar,2.0,True,0.7962576428753428,17.589867452413497,-1.0479502688029227,-1.4759494380541165,-0.6699752780064917,,2.29399127409059
P31,AGEM KIRI,POST,3,False,kanal,F4,14.11029413810462,0.5296140056555474,3.7119955287308404,-1.9229660589900712,1.0853262783517028,kanan,frontal,3.0,False,0.9645189709768252,17.589867452413497,0.9713302488950983,-0.7105503621141418,0.328209654105323,,2.29399127409059
P31,AGEM KIRI,POST,3,False,kanal,C4,21.740558975748932,1.032321970288226,0.7798495201416183,-1.2484758726184069,1.5437197316437419,kanan,sentral,3.0,False,0.9889435217891256,17.589867452413497,-1.9608157596941238,-0.03606017574247744,0.7866031073973621,,2.29399127409059
P31,AGEM KIRI,POST,3,False,kanal,P4,9.880227053000418,-0.47587795020182955,2.155020354718477,0.15138878530449684,0.9626564245368571,kanan,parietal,3.0,False,0.9567833742680096,17.589867452413497,-0.5856449251172648,1.3638044821804263,0.20553980029047725,,2.29399127409059
P31,AGEM KIRI,POST,3,False,kanal,O2,9.636651611492034,0.0016201839961378361,4.713479178109624,-2.0736719957410834,-1.0162036611346772,kanan,oksipital,2.0,True,0.8957061653498937,17.589867452413497,1.9728138982738823,-0.861256298865154,-1.773320285381057,,2.29399127409059
P31,AGEM KIRI,POST,3,False,kanal,F8,15.42737420977653,0.46758628262985735,3.42073204517808,-0.8400965026602121,1.2180584155368162,kanan,frontotemporal,3.0,False,0.982548732801005,17.589867452413497,0.680066765342338,0.37231919421571735,0.46094179129043633,,2.29399127409059
P31,AGEM KIRI,POST,3,False,kanal,T4,20.352359667088905,0.28696940427710405,2.610739777671437,-0.48799978100109564,-0.11730630065073999,kanan,temporal,3.0,False,0.9631667322593724,17.589867452413497,-0.12992550216430487,0.7244159158748338,-0.8744229248971198,,2.29399127409059
P31,AGEM KIRI,POST,3,False,kanal,T6,19.752360695050463,0.18752753056214133,2.8705907820000474,-1.176355521133452,0.5515768239559027,kanan,temporo-posterior,3.0,False,0.9666974224562669,17.589867452413497,0.12992550216430532,0.03606017574247744,-0.20553980029047714,,2.29399127409059
P31,AGEM KIRI,POST,3,False,area,frontopolar,16.59876698496268,1.0599668716377115,0.11099808800780708,-3.448783669189859,1.7483699670930082,,frontopolar,2.0,True,0.8425256270214729,,,,,True,2.29399127409059
P31,AGEM KIRI,POST,3,False,area,frontal,12.409631415319438,0.6832352655458491,3.143011505223263,-1.3468858575745157,1.02618123152349,,frontal,3.0,False,0.9638565367043921,,,,,False,2.29399127409059
P31,AGEM KIRI,POST,3,False,area,frontotemporal,16.01319669168116,0.5260301200664415,2.6090194759151046,-0.4111781048930463,1.544328175243765,,frontotemporal,3.0,False,0.9858039831489813,,,,,True,2.29399127409059
P31,AGEM KIRI,POST,3,False,area,sentral,21.03452210465447,1.1046032024021284,0.8818113956603246,-1.4057258256365692,1.1974530424155114,,sentral,3.0,False,0.9918683539179405,,,,,False,2.29399127409059
P31,AGEM KIRI,POST,3,False,area,temporal,20.636096875598675,0.774001412499981,2.6799442692582747,-1.2469056909277665,0.23702625989428405,,temporal,3.0,False,0.9697993154834154,,,,,True,2.29399127409059
P31,AGEM KIRI,POST,3,False,area,parietal,13.74145139612368,0.4921615642969668,3.2886049411598313,0.3343213328253576,0.7045298909216258,,parietal,3.0,False,0.9846363448337675,,,,,False,2.29399127409059
P31,AGEM KIRI,POST,3,False,area,temporo-posterior,19.07917978163084,0.5334184604883299,2.0794068221136155,-0.4028156260635716,0.8891596967888878,,temporo-posterior,3.0,False,0.9798143763425552,,,,,False,2.29399127409059
P31,AGEM KIRI,POST,3,False,area,oksipital,3.470277092029967,0.27325339107091007,3.8096013035233116,-2.5230914055377136,-0.3329728837991881,,oksipital,2.0,True,0.9092285337452546,,,,,False,2.29399127409059
P31,NGEED,PRA,3,False,belahan,kiri,1.9463248087721077,0.244546651610209,-0.48314142246241004,0.841551375974227,0.690297832894208,,,,,,,,,,,2.29399127409059
P31,NGEED,PRA,3,False,belahan,kanan,10.470587749879103,0.5083387389117628,0.8023928151798467,0.21976983669007755,0.48631000083532727,,,,,,,,,,,2.29399127409059
P31,NGEED,PRA,3,False,kanal,Fp1,0.4318282410894909,0.22738953522953964,-0.3691350196125204,1.3332275114430994,0.8374411547530397,kiri,frontopolar,2.0,True,0.9286611219451573,1.9463248087721077,0.11400640284988967,0.49167613546887234,0.14714332185883172,,2.29399127409059
P31,NGEED,PRA,3,False,kanal,F3,3.4608213764547244,0.37743903941327084,-0.3641200349060647,0.9919627140875873,0.5431545110353764,kiri,frontal,3.0,False,0.9743283492730224,1.9463248087721077,0.11902138755634534,0.15041133811336027,-0.1471433218588316,,2.29399127409059
P31,NGEED,PRA,3,False,kanal,C3,7.385562902567592,0.40145311026820507,-0.7444244642925063,-0.9353124310399279,0.1891256930665084,kiri,sentral,3.0,False,0.9053608425338641,1.9463248087721077,-0.26128304183009626,-1.776863807014155,-0.5011721398276996,,2.29399127409059
P31,NGEED,PRA,3,False,kanal,P3,-0.4551810979052533,-0.04201807835642846,-0.08629390205239507,1.6521476625560698,0.28724220984643056,kiri,parietal,3.0,False,0.8216358344546613,1.9463248087721077,0.396847520410015,0.8105962865818428,-0.4030556230477774,,2.29399127409059
P31,NGEED,PRA,3,False,kanal,O1,-1.2684917734884564,0.006756031092079784,-0.2746347466760257,2.3783651019041914,1.3706967227280604,kiri,oksipital,2.0,True,0.9280723892804367,1.9463248087721077,0.20850667578638432,1.5368137259299643,0.6803988898338524,,2.29399127409059
P31,NGEED,PRA,3,False,kanal,F7,3.617488596471489,0.4181830499413589,-0.5971478253122997,0.39027132475250914,1.6242299039284065,kiri,frontotemporal,2.0,True,0.9400958803857447,1.9463248087721077,-0.11400640284988967,-0.4512800512217179,0.9339320710341985,,2.29399127409059
P31,NGEED,PRA,3,False,kanal,T3,4.692488948906622,0.26170376799087836,-0.6243639786323785,0.07200239467322422,-0.011977258493357956,kiri,temporal,3.0,False,0.9303467899590421,1.9463248087721077,-0.14122255616996843,-0.7695489813010028,-0.7022750913875659,,2.29399127409059
P31,NGEED,PRA,3,False,kanal,T5,0.29013073754248353,0.07319580454447339,-0.7927869642528224,0.6911400378608668,1.0637547303051897,kiri,temporo-posterior,2.0,True,0.9511473096642713,1.9463248087721077,-0.3096455417904123,-0.15041133811336027,0.37345689741098176,,2.29399127409059
P31,NGEED,PRA,3,False,kanal,Fp2,11.020517962854765,0.5265919543910225,0.723384348416593,1.143758703305528,0.8082279348452155,kanan,frontopolar,2.0,True,0.9688792681934552,10.470587749879103,-0.07900846676325368,0.9239888666154505,0.3219179340098882,,2.29399127409059
P31,NGEED,PRA,3,False,kanal,F4,11.420675846874097,0.796598277924814,-0.5354669849225868,-0.483085877841102,0.9316643450777313,kanan,frontal,2.0,True,0.961160611417097,10.470587749879103,-1.3378598001024335,-0.7028557145311796,0.44535434424240405,,2.29399127409059
P31,NGEED,PRA,3,False,kanal,C4,13.100377719394857,0.7826008928011412,-0.6628980011815189,-1.3521963457362696,0.009257249960405667,kanan,sentral,2.0,True,0.946450626351825,10.470587749879103,-1.4652908163613656,-1.5719661824263471,-0.4770527508749216,,2.29399127409059
P31,NGEED,PRA,3,False,kanal,P4,9.920657536903441,0.4900855234325032,1.9124193322501137,1.7072000882458944,0.1304011103803756,kanan,parietal,2.0,True,0.978869119286859,10.470587749879103,1.110026517070267,1.4874302515558169,-0.35590889045495167,,2.29399127409059
P31,NGEED,PRA,3,False,kanal,O2,5.11805790175621,0.3169176365099595,-0.7938282422409826,0.6749151257901764,0.6355403376944715,kanan,oksipital,2.0,True,0.9198491240538008,10.470587749879103,-1.5962210574208293,0.4551452891000989,0.14923033685914422,,2.29399127409059
P31,NGEED,PRA,3,False,kanal,F8,5.755760754762193,0.27147047427808957,0.8814012819431005,1.2371252991255188,0.33707966397618305,kanan,frontotemporal,2.0,True,0.9610556631293306,10.470587749879103,0.07900846676325379,1.0173554624354413,-0.14923033685914422,,2.29399127409059
P31,NGEED,PRA,3,False,kanal,T4,15.712266596795402,0.7732957063596799,1.8322612363674302,-0.23537545241002134,1.1975788573643127,kanan,temporal,3.0,False,0.9820016180953353,10.470587749879103,1.0298684211875835,-0.4551452891000989,0.7112688565289854,,2.29399127409059
P31,NGEED,PRA,3,False,kanal,T6,6.906750537423996,0.3138498114217083,3.69962869028129,-0.7429823019372201,0.11092928040109107,kanan,temporo-posterior,3.0,False,0.981680499683622,10.470587749879103,2.897235875101443,-0.9627521386272977,-0.3753807204342362,,2.29399127409059
P31,NGEED,PRA,3,False,area,frontopolar,6.1649458955039265,0.6055707539198806,-1.1771973269071156,0.3141505126437836,0.7901437645511317,,frontopolar,2.0,True,0.9418645522617578,,,,,True,2.29399127409059
P31,NGEED,PRA,3,False,area,frontal,5.983483914876558,0.4598529237832396,-0.4097813510505427,-0.020425201998798936,0.06894719213315248,,frontal,3.0,False,0.9766870171193888,,,,,False,2.29399127409059
P31,NGEED,PRA,3,False,area,frontotemporal,5.119988998387491,0.26364800370119235,0.6655528606232647,1.1076987781388579,0.353267029764019,,frontotemporal,2.0,True,0.9632291879745216,,,,,True,2.29399127409059
P31,NGEED,PRA,3,False,area,sentral,10.487066686934504,0.6329276983766362,-0.7563970608216741,-1.5344373380059277,0.259495514771544,,sentral,3.0,False,0.9659580925406298,,,,,False,2.29399127409059
P31,NGEED,PRA,3,False,area,temporal,13.557607750884443,0.8188183303787258,1.3005444572905733,-0.7855502977869802,0.7252735231650056,,temporal,3.0,False,0.9864849250205019,,,,,True,2.29399127409059
P31,NGEED,PRA,3,False,area,parietal,6.089954690143358,0.41853827212244865,0.618873182125862,1.1206155631735273,0.8532773582074462,,parietal,3.0,False,0.9805012724570975,,,,,False,2.29399127409059
P31,NGEED,PRA,3,False,area,temporo-posterior,4.110598447764261,0.3315335449658894,2.561685292629923,-0.24126940266518337,0.6299733921697303,,temporo-posterior,3.0,False,0.9900892380247633,,,,,False,2.29399127409059
P31,NGEED,PRA,3,False,area,oksipital,-0.2875615021525988,0.03962539124041542,-0.4975753845803227,1.8881711741163052,1.0002783283624708,,oksipital,2.0,True,0.9087377913969584,,,,,False,2.29399127409059
P31,NGEED,TURUN,2,False,belahan,kiri,8.292058153667085,0.5276622310490273,2.994778380021281,3.2210188114825256,0.9929403023929912,,,,,,,,,,,2.29399127409059
P31,NGEED,TURUN,2,False,belahan,kanan,13.374343113697464,0.26551663939928105,5.372849718094379,0.09702106813315692,0.9704547617682189,,,,,,,,,,,2.29399127409059
P31,NGEED,TURUN,2,False,kanal,Fp1,8.292058153667085,0.5276622310490273,-0.144073568962918,3.3923107138201942,1.4942762617378684,kiri,frontopolar,2.0,True,0.8750976481062073,8.292058153667085,-3.1388519489841986,0.17129190233766867,0.5013359593448772,,2.29399127409059
P31,NGEED,TURUN,2,False,kanal,F3,,,,,,kiri,frontal,0.0,True,,8.292058153667085,,,,,2.29399127409059
P31,NGEED,TURUN,2,False,kanal,C3,8.934805352236573,0.5518238981096664,4.136526618043349,2.3632305144829626,-0.007379947609800097,kiri,sentral,2.0,True,0.8862331429935145,8.292058153667085,1.141748238022068,-0.8577882969995629,-1.0003202500027912,,2.29399127409059
P31,NGEED,TURUN,2,False,kanal,P3,,,,,,kiri,parietal,0.0,True,,8.292058153667085,,,,,2.29399127409059
P31,NGEED,TURUN,2,False,kanal,O1,4.618942467019885,0.6227617405924255,2.9046444489182806,3.2210188114825256,2.5872387239270065,kiri,oksipital,2.0,True,0.9546456047605445,8.292058153667085,-0.09013393110300028,0.0,1.5942984215340152,,2.29399127409059
P31,NGEED,TURUN,2,False,kanal,F7,9.621017722156594,0.46988636038508214,2.994778380021281,4.8143839300107025,0.5675607752736763,kiri,frontotemporal,2.0,True,0.9705602974913009,8.292058153667085,0.0,1.593365118528177,-0.4253795271193149,,2.29399127409059
P31,NGEED,TURUN,2,False,kanal,T3,,,,,,kiri,temporal,1.0,True,,8.292058153667085,,,,,2.29399127409059
P31,NGEED,TURUN,2,False,kanal,T5,4.322476322073527,0.435639017109156,3.26322511438717,2.0659648369714816,0.9929403023929912,kiri,temporo-posterior,2.0,True,0.937819772623134,8.292058153667085,0.26844673436588895,-1.155053974511044,0.0,,2.29399127409059
P31,NGEED,TURUN,2,False,kanal,Fp2,19.487107972854513,0.4730283676697491,6.521661500998654,4.073819116875643,0.503983838393824,kanan,frontopolar,2.0,True,0.9486027511759084,13.374343113697464,1.148811782904275,3.976798048742486,-0.4664709233743949,,2.29399127409059
P31,NGEED,TURUN,2,False,kanal,F4,14.351317643681433,0.42934877201666044,3.2201739920368024,-0.5758251291949517,3.0906813274301874,kanan,frontal,2.0,True,0.9076034749805564,13.374343113697464,-2.1526757260575766,-0.6728461973281086,2.1202265656619685,,2.29399127409059
P31,NGEED,TURUN,2,False,kanal,C4,16.241847714582377,0.5621834753475823,5.700467659162057,0.3310524679880533,1.5062059045432625,kanan,sentral,2.0,True,0.9590210680168763,13.374343113697464,0.32761794106767805,0.2340313998548964,0.5357511427750437,,2.29399127409059
P31,NGEED,TURUN,2,False,kanal,P4,5.722055086163955,-0.5926873225405411,8.695433136499833,4.188311867061336,1.4369256851426138,kanan,parietal,2.0,True,0.9573753806067932,13.374343113697464,3.322583418405454,4.0912907989281795,0.4664709233743949,,2.29399127409059
P31,NGEED,TURUN,2,False,kanal,O2,12.358115677478047,0.47791225269192017,6.149682238135764,-1.098812453267596,-1.0095938634906807,kanan,oksipital,2.0,True,0.8625137698863801,13.374343113697464,0.7768325200413848,-1.195833521400753,-1.9800486252588996,,2.29399127409059
P31,NGEED,TURUN,2,False,kanal,F8,8.821772652975568,0.03648985406623684,4.437823669628247,1.2349217190598276,-0.8679736714409083,kanan,frontotemporal,2.0,True,0.6832609622851815,13.374343113697464,-0.9350260484661321,1.1379006509266707,-1.8384284332091272,,2.29399127409059
P31,NGEED,TURUN,2,False,kanal,T4,17.246890152550932,-0.08139945209083099,5.045231777026701,-0.5768831590384957,0.1557553340482991,kanan,temporal,2.0,True,0.9301999201228129,13.374343113697464,-0.32761794106767805,-0.6739042271716527,-0.8146994277199198,,2.29399127409059
P31,NGEED,TURUN,2,False,kanal,T6,12.397368583713494,0.10168450678190166,0.4243502048971448,-0.1370103317217395,2.4332429824209427,kanan,temporo-posterior,2.0,True,0.9574975056120741,13.374343113697464,-4.948499513197234,-0.2340313998548964,1.4627882206527238,,2.29399127409059
P31,NGEED,TURUN,2,False,area,frontopolar,16.663503178704083,0.8425971524885137,1.3052924618380817,0.5862004439151098,-0.8294894390188982,,frontopolar,2.0,True,0.8750132924263339,,,,,True,2.29399127409059
P31,NGEED,TURUN,2,False,area,frontal,12.933555377849245,0.48240962249715147,3.121038410332634,-0.15400939283867032,3.252292117297964,,frontal,2.0,True,0.9076034749805564,,,,,False,2.29399127409059
P31,NGEED,TURUN,2,False,area,frontotemporal,9.096407292629564,0.08105444896968694,3.822935346461083,1.4407164696155683,-0.7784231498844696,,frontotemporal,2.0,True,0.7614662958182865,,,,,True,2.29399127409059
P31,NGEED,TURUN,2,False,area,sentral,12.588251232171956,0.2939220252263358,5.029410044260598,-0.16605948565976414,-0.5725940864936288,,sentral,2.0,True,0.8933345308728734,,,,,False,2.29399127409059
P31,NGEED,TURUN,2,False,area,temporal,20.026695671878194,0.4800826954975188,4.454316416771665,-2.254065649122339,0.7573372300418519,,temporal,2.0,True,0.926716790221127,,,,,True,2.29399127409059
P31,NGEED,TURUN,2,False,area,parietal,9.27389934397442,0.2554172789696789,8.382558697999588,3.0197293936052483,1.8513674750382039,,parietal,2.0,True,0.9573753806067932,,,,,False,2.29399127409059
P31,NGEED,TURUN,2,False,area,temporo-posterior,9.872976114542375,0.2728868753870195,0.8543442229358555,0.09840345078698931,1.7455175035362909,,temporo-posterior,2.0,True,0.9672707813436042,,,,,False,2.29399127409059
P31,NGEED,TURUN,2,False,area,oksipital,9.838701295822851,0.6978514166953553,2.109694229387255,-0.4468085676456073,-0.07801624866029966,,oksipital,2.0,True,0.9801686913806065,,,,,False,2.29399127409059
P31,NGEED,TAHAN,2,False,belahan,kiri,5.981482345171223,0.5179369284959023,-0.2627968285402349,-0.11482563106035948,0.8964772017071663,,,,,,,,,,,2.29399127409059
P31,NGEED,TAHAN,2,False,belahan,kanan,17.886461802901156,0.6597446912900669,1.4996214867451179,0.29468762818497907,0.33923597728500854,,,,,,,,,,,2.29399127409059
P31,NGEED,TAHAN,2,False,kanal,Fp1,5.195264604486901,0.48133083632027795,-2.297846228196405,0.606191074251087,1.2063332741381663,kiri,frontopolar,2.0,True,0.8720049247556121,5.981482345171223,-2.0350493996561703,0.7210167053114465,0.309856072431,,2.29399127409059
P31,NGEED,TAHAN,2,False,kanal,F3,,,,,,kiri,frontal,1.0,True,,5.981482345171223,,,,,2.29399127409059
P31,NGEED,TAHAN,2,False,kanal,C3,6.7677000858555445,0.627566973243691,0.4190098567903172,-0.7565779695182484,0.6672218269705082,kiri,sentral,2.0,True,0.9590403424286256,5.981482345171223,0.6818066853305521,-0.6417523384578889,-0.22925537473665802,,2.29399127409059
P31,NGEED,TAHAN,2,False,kanal,P3,,,,,,kiri,parietal,0.0,True,,5.981482345171223,,,,,2.29399127409059
P31,NGEED,TAHAN,2,False,kanal,O1,-0.480144374145695,0.19475068862732403,0.5700913529197288,-0.07717287044080035,0.03952369889566554,kiri,oksipital,2.0,True,0.9533360629677325,5.981482345171223,0.8328881814599637,0.037652760619559134,-0.8569535028115007,,2.29399127409059
P31,NGEED,TAHAN,2,False,kanal,F7,7.990941511792997,0.5545430206715266,-0.944603513870787,-0.1524783916799186,1.1257325764438244,kiri,frontotemporal,2.0,True,0.9470774027021012,5.981482345171223,-0.6818066853305521,-0.037652760619559134,0.22925537473665814,,2.29399127409059
P31,NGEED,TAHAN,2,False,kanal,T3,,,,,,kiri,temporal,1.0,True,,5.981482345171223,,,,,2.29399127409059
P31,NGEED,TAHAN,2,False,kanal,T5,,,,,,kiri,temporo-posterior,1.0,True,,5.981482345171223,,,,,2.29399127409059
P31,NGEED,TAHAN,2,False,kanal,Fp2,18.781594679621573,0.5349622759922443,2.5021184157884724,1.487115981123753,0.29042274330720463,kanan,frontopolar,2.0,True,0.9674031363528558,17.886461802901156,1.0024969290433545,1.192428352938774,-0.048813233977803905,,2.29399127409059
P31,NGEED,TAHAN,2,False,kanal,F4,15.926376217507617,0.7524644822733084,0.14627809443450102,-1.4489440332699544,1.0187993432499571,kanan,frontal,2.0,True,0.9710949800259019,17.886461802901156,-1.3533433923106168,-1.7436316614549334,0.6795633659649486,,2.29399127409059
P31,NGEED,TAHAN,2,False,kanal,C4,14.54452404983629,0.5192367433597334,2.3364791257890363,-1.7314531025811677,0.23097578228056836,kanan,sentral,2.0,True,0.9765540282975484,17.886461802901156,0.8368576390439184,-2.026140730766147,-0.10826019500444017,,2.29399127409059
P31,NGEED,TAHAN,2,False,kanal,P4,10.861410237879689,0.08406173282425744,2.6221423947787414,2.6324558598615946,0.5388805144236296,kanan,parietal,2.0,True,0.9872259162186233,17.886461802901156,1.1225209080336236,2.3377682316766153,0.19964453713862107,,2.29399127409059
P31,NGEED,TAHAN,2,False,kanal,O2,17.62416892512538,0.8311099088862908,1.6684778418184836,-0.8689703791789118,0.21668055642597173,kanan,oksipital,2.0,True,0.9856000918487995,17.886461802901156,0.16885635507336572,-1.163658007363891,-0.12255542085903681,,2.29399127409059
P31,NGEED,TAHAN,2,False,kanal,F8,18.14875468067693,0.8292989156384352,-0.23803156166489314,-1.566185181590369,1.3493941240205292,kanan,frontotemporal,2.0,True,0.9392695886127962,17.886461802901156,-1.737653048410011,-1.860872809775348,1.0101581467355207,,2.29399127409059
P31,NGEED,TAHAN,2,False,kanal,T4,21.547672837696588,0.7243352724678089,1.3173637351705225,2.3825112500456926,0.38804921126281244,kanan,temporal,2.0,True,0.9691844403256248,17.886461802901156,-0.18225775157459534,2.0878236218607134,0.048813233977803905,,2.29399127409059
P31,NGEED,TAHAN,2,False,kanal,T6,20.22425486359414,0.5951541101123248,1.3307651316717521,1.45834563554887,0.08713067829609167,kanan,temporo-posterior,2.0,True,0.9870789282221395,17.886461802901156,-0.16885635507336572,1.163658007363891,-0.25210529898891687,,2.29399127409059
P31,NGEED,TAHAN,2,False,area,frontopolar,14.033589080490913,0.9065294037349526,-0.6972056847053831,-0.8500465310606664,0.16685577325339318,,frontopolar,2.0,True,0.9765883963559957,,,,,True,2.29399127409059
P31,NGEED,TAHAN,2,False,area,frontal,13.821812590081528,0.781253836121721,-0.06572588115365707,-1.18342822714453,1.213244584524984,,frontal,2.0,True,0.9602278868313964,,,,,False,2.29399127409059
P31,NGEED,TAHAN,2,False,area,frontotemporal,15.78445334727894,0.6889409856447382,-0.04425558483571346,-1.353344546917861,0.9582353609410704,,frontotemporal,2.0,True,0.9461289536359165,,,,,True,2.29399127409059
P31,NGEED,TAHAN,2,False,area,sentral,12.879133387928043,0.5610667907996391,1.7903241712357776,-1.693710532506096,0.08580739789513836,,sentral,2.0,True,0.980888952331114,,,,,False,2.29399127409059
P31,NGEED,TAHAN,2,False,area,temporal,25.10473481754699,1.2968917946520055,0.8146133875390998,1.4884195058058451,0.7451938913225433,,temporal,2.0,True,0.9651887232496594,,,,,True,2.29399127409059
P31,NGEED,TAHAN,2,False,area,parietal,14.413254495690154,0.9321663343344775,2.3092679562784966,1.4638733864055067,0.9533223043192196,,parietal,2.0,True,0.9872259162186233,,,,,False,2.29399127409059
P31,NGEED,TAHAN,2,False,area,temporo-posterior,18.616468868200506,0.7384826650604053,1.9022338366847165,1.9842724364182782,0.2391417175793067,,temporo-posterior,2.0,True,0.9855298529566748,,,,,False,2.29399127409059
P31,NGEED,TAHAN,2,False,area,oksipital,7.508185658631135,0.5796100289632375,0.901612882753694,-1.380517882425638,-0.4588334587825275,,oksipital,2.0,True,0.9793928381366944,,,,,False,2.29399127409059
P31,NGEED,NAIK,2,False,belahan,kiri,8.26763046584469,0.634949580412606,2.0237774028545785,-3.2804780653278303,1.3748201537911005,,,,,,,,,,,2.29399127409059
P31,NGEED,NAIK,2,False,belahan,kanan,16.24469900412084,0.56584389818399,1.9907451889859085,-0.17934780295916997,1.562761822040654,,,,,,,,,,,2.29399127409059
P31,NGEED,NAIK,2,False,kanal,Fp1,8.312558936256472,0.7461297199800725,0.2644874811859793,-3.2804780653278303,1.3748201537911005,kiri,frontopolar,2.0,True,0.9295586181143165,8.26763046584469,-1.759289921668599,0.0,0.0,,2.29399127409059
P31,NGEED,NAIK,2,False,kanal,F3,,,,,,kiri,frontal,1.0,True,,8.26763046584469,,,,,2.29399127409059
P31,NGEED,NAIK,2,False,kanal,C3,7.415087382815763,0.634949580412606,2.4343883657203502,-5.072026858669862,1.5492704934832071,kiri,sentral,2.0,True,0.6769805055594252,8.26763046584469,0.4106109628657717,-1.7915487933420313,0.17445033969210666,,2.29399127409059
P31,NGEED,NAIK,2,False,kanal,P3,,,,,,kiri,parietal,1.0,True,,8.26763046584469,,,,,2.29399127409059
P31,NGEED,NAIK,2,False,kanal,O1,,,,,,kiri,oksipital,1.0,True,,8.26763046584469,,,,,2.29399127409059
P31,NGEED,NAIK,2,False,kanal,F7,8.26763046584469,0.5065419353375366,2.0237774028545785,-0.7963258601644538,0.6125099927444987,kiri,frontotemporal,2.0,True,0.929321517587321,8.26763046584469,0.0,2.4841522051633764,-0.7623101610466018,,2.29399127409059
P31,NGEED,NAIK,2,False,kanal,T3,,,,,,kiri,temporal,1.0,True,,8.26763046584469,,,,,2.29399127409059
P31,NGEED,NAIK,2,False,kanal,T5,,,,,,kiri,temporo-posterior,1.0,True,,8.26763046584469,,,,,2.29399127409059
P31,NGEED,NAIK,2,False,kanal,Fp2,18.536910662518988,0.6373706315889414,0.7346844185001822,-0.720684334032351,2.522896541033151,kanan,frontopolar,2.0,True,0.8717088689334624,16.24469900412084,-1.2560607704857263,-0.541336531073181,0.9601347189924969,,2.29399127409059
P31,NGEED,NAIK,2,False,kanal,F4,16.021929306684818,1.0475753946363815,6.89717225896819,1.1613493204707264,1.292703321189224,kanan,frontal,2.0,True,0.9570686034195207,16.24469900412084,4.906427069982282,1.3406971234298963,-0.27005850085143,,2.29399127409059
P31,NGEED,NAIK,2,False,kanal,C4,5.79860794452221,-0.2083856364096921,5.2202075770023715,-0.1707872184314323,0.02926581228079217,kanan,sentral,2.0,True,0.8371291817909275,16.24469900412084,3.2294623880164632,0.008560584527737669,-1.5334960097598618,,2.29399127409059
P31,NGEED,NAIK,2,False,kanal,P4,15.10812125777661,0.49431716477903853,1.35313122665488,-0.18790838748690764,1.832820322892084,kanan,parietal,2.0,True,0.9559183675763723,16.24469900412084,-0.6376139623310284,-0.008560584527737669,0.27005850085143,,2.29399127409059
P31,NGEED,NAIK,2,False,kanal,O2,16.46746870155686,0.9478042665941526,2.1213500529295493,-2.436709784192368,2.017149153597905,kanan,oksipital,2.0,True,0.9341322068736644,16.24469900412084,0.1306048639436408,-2.257361981233198,0.45438733155725086,,2.29399127409059
P31,NGEED,NAIK,2,False,kanal,F8,21.65388923974485,1.5474326170994106,-0.01522908753571639,-3.6074249414529387,4.103981199351876,kanan,frontotemporal,2.0,True,0.9205874314949754,16.24469900412084,-2.005974276521625,-3.4280771384937685,2.541219377311222,,2.29399127409059
P31,NGEED,NAIK,2,False,kanal,T4,17.644213499445065,0.3713877643308263,6.751251857263148,5.216257906186348,0.6373802592688358,kanan,temporal,2.0,True,0.9457253370525834,16.24469900412084,4.76050666827724,5.395605709145518,-0.9253815627718183,,2.29399127409059
P31,NGEED,NAIK,2,False,kanal,T6,11.397898861840176,-0.037025069324460924,1.8601403250422677,0.2555483227584605,0.34536064729814075,kanan,temporo-posterior,2.0,True,0.943060304446685,16.24469900412084,-0.1306048639436408,0.4348961257176305,-1.2174011747425133,,2.29399127409059
P31,NGEED,NAIK,2,False,area,frontopolar,9.106668984765065,0.6351187466810272,1.428426098971571,-2.087307183235716,1.830533432918859,,frontopolar,2.0,True,0.9632819721480264,,,,,True,2.29399127409059
P31,NGEED,NAIK,2,False,area,frontal,11.889545550399276,0.9086826834556465,5.582166939308189,0.641033930509149,1.3370246138382647,,frontal,2.0,True,0.9637821607347371,,,,,False,2.29399127409059
P31,NGEED,NAIK,2,False,area,frontotemporal,19.636376150336567,1.328389105402572,-0.2403315749375856,-3.776039900365149,2.975743162039355,,frontotemporal,2.0,True,0.9268662559927621,,,,,True,2.29399127409059
P31,NGEED,NAIK,2,False,area,sentral,6.9319236402544675,0.08973590716775337,4.133211275200893,-0.6140384038468456,0.7554320222734975,,sentral,2.0,True,0.948807192625506,,,,,False,2.29399127409059
P31,NGEED,NAIK,2,False,area,temporal,19.963342930395306,0.8655396430648779,5.7433107325329,2.54678108104366,0.5440159089690304,,temporal,2.0,True,0.9666222097364486,,,,,True,2.29399127409059
P31,NGEED,NAIK,2,False,area,parietal,12.742951083021659,0.851824805068186,2.1295167148159253,-0.6604494962746634,1.6831088410500323,,parietal,2.0,True,0.9735704260604426,,,,,False,2.29399127409059
P31,NGEED,NAIK,2,False,area,temporo-posterior,11.375642464486688,0.29104441398386527,1.5518256737995246,0.21379813366087985,0.937012666767017,,temporo-posterior,2.0,True,0.9461318170823174,,,,,False,2.29399127409059
P31,NGEED,NAIK,2,False,area,oksipital,7.959620480685032,0.7908898120259695,1.1295962879957337,-0.8767875349517484,0.635915485021448,,oksipital,2.0,True,0.9859225908920032,,,,,False,2.29399127409059
P31,NGEED,POST,2,False,belahan,kiri,9.845326388214232,0.5359004739943455,-0.4595881524698642,0.0036247512928495595,1.645872554277442,,,,,,,,,,,2.29399127409059
P31,NGEED,POST,2,False,belahan,kanan,14.067800534301247,0.21649421257980428,2.8860223116337553,-0.8585055781182473,0.5324816930130444,,,,,,,,,,,2.29399127409059
P31,NGEED,POST,2,False,kanal,Fp1,5.320106479474688,0.4827947000460675,-0.4595881524698642,-0.2810850097366169,2.267894274874835,kiri,frontopolar,2.0,True,0.8978366276338521,9.845326388214232,0.0,-0.28470976102946643,0.622021720597393,,2.29399127409059
P31,NGEED,POST,2,False,kanal,F3,,,,,,kiri,frontal,1.0,True,,9.845326388214232,,,,,2.29399127409059
P31,NGEED,POST,2,False,kanal,C3,18.40156296426219,1.2198832423358692,0.43193042465436426,0.0036247512928495595,0.48797632892743625,kiri,sentral,2.0,True,0.9829461917899802,9.845326388214232,0.8915185771242284,0.0,-1.1578962253500058,,2.29399127409059
P31,NGEED,POST,2,False,kanal,P3,,,,,,kiri,parietal,1.0,True,,9.845326388214232,,,,,2.29399127409059
P31,NGEED,POST,2,False,kanal,O1,,,,,,kiri,oksipital,1.0,True,,9.845326388214232,,,,,2.29399127409059
P31,NGEED,POST,2,False,kanal,F7,9.845326388214232,0.5359004739943455,-0.5293809360484314,0.7533192458372766,1.645872554277442,kiri,frontotemporal,2.0,True,0.8754192696897688,9.845326388214232,-0.06979278357856722,0.749694494544427,0.0,,2.29399127409059
P31,NGEED,POST,2,False,kanal,T3,,,,,,kiri,temporal,1.0,True,,9.845326388214232,,,,,2.29399127409059
P31,NGEED,POST,2,False,kanal,T5,,,,,,kiri,temporo-posterior,1.0,True,,9.845326388214232,,,,,2.29399127409059
P31,NGEED,POST,2,False,kanal,Fp2,14.569306716012658,0.13842851017676594,3.237828944278571,-0.08492139115033215,0.7560285671928098,kanan,frontopolar,2.0,True,0.9830786267910431,14.067800534301247,0.3518066326448155,0.7735841869679152,0.22354687417976538,,2.29399127409059
P31,NGEED,POST,2,False,kanal,F4,12.439678351370688,0.6169974487618102,3.0137878216010776,-0.6661262549892268,0.07007070558156991,kanan,frontal,2.0,True,0.8996973304885868,14.067800534301247,0.12776550996732228,0.1923793231290205,-0.46241098743147446,,2.29399127409059
P31,NGEED,POST,2,False,kanal,C4,13.566294352589836,0.3719359371876725,3.6697571643868736,-2.3172991242205905,-0.3138920966605282,kanan,sentral,2.0,True,0.9313908922121187,14.067800534301247,0.7837348527531183,-1.4587935461023431,-0.8463737896735726,,2.29399127409059
P31,NGEED,POST,2,False,kanal,P4,11.837931465198999,-0.2848871388226224,4.607783727471476,-0.5611061636606665,0.8073036057700845,kanan,parietal,2.0,True,0.9672736027170332,14.067800534301247,1.721761415837721,0.2973994144575809,0.27482191275704015,,2.29399127409059
P31,NGEED,POST,2,False,kanal,O2,17.220650456288823,0.750596148084935,1.4818782030328297,-0.9693082372446931,0.34664765860254265,kanan,oksipital,2.0,True,0.9868481745704093,14.067800534301247,-1.4041441086009256,-0.11080265912644571,-0.18583403441050172,,2.29399127409059
P31,NGEED,POST,2,False,kanal,F8,10.646660215781715,0.2222090073794456,2.758256801666433,-1.4843783528961416,0.8952857953502995,kanan,frontotemporal,2.0,True,0.9094141685631887,14.067800534301247,-0.12776550996732228,-0.6258727747778943,0.36280410233725513,,2.29399127409059
P31,NGEED,POST,2,False,kanal,T4,16.876222367678416,-0.017171248069702605,1.8237190408433568,-1.1632125020912008,0.3590610226314701,kanan,temporal,2.0,True,0.9601663700302753,14.067800534301247,-1.0623032707903985,-0.3047069239729534,-0.17342067038157427,,2.29399127409059
P31,NGEED,POST,2,False,kanal,T6,17.169230238783243,0.21077941778016296,1.5092380024806915,-0.7477029189918016,0.7059023633946186,kanan,temporo-posterior,2.0,True,0.9765219043318618,14.067800534301247,-1.3767843091530638,0.11080265912644571,0.17342067038157427,,2.29399127409059
P31,NGEED,POST,2,False,area,frontopolar,10.825640846769225,0.6026383008703012,0.1936965911892774,-1.80815221198618,0.7869996570257262,,frontopolar,2.0,True,0.9590208987647286,,,,,True,2.29399127409059
P31,NGEED,POST,2,False,area,frontal,12.247377225971618,0.7505416535371237,2.0017793719975385,-0.6587215350945441,0.2350025155588339,,frontal,2.0,True,0.9434687199793135,,,,,False,2.29399127409059
P31,NGEED,POST,2,False,area,frontotemporal,11.508221185051617,0.3470100206263498,1.9177260311384017,-1.3678688270440813,0.9888710595408557,,frontotemporal,2.0,True,0.9196721397991514,,,,,True,2.29399127409059
P31,NGEED,POST,2,False,area,sentral,14.942287921220263,0.6148761357480498,2.4527060352998253,-1.8070452611476444,-0.28867770440418405,,sentral,2.0,True,0.9584176650030036,,,,,False,2.29399127409059
P31,NGEED,POST,2,False,area,temporal,18.50022589969742,0.4842564865226555,2.5547897854563915,-1.783443375590759,1.4018281116593236,,temporal,2.0,True,0.9536330318903916,,,,,True,2.29399127409059
P31,NGEED,POST,2,False,area,parietal,14.416199981932849,0.5007341244112493,4.112419806373309,-1.7685235993861221,1.329553198007406,,parietal,2.0,True,0.9625880448527931,,,,,False,2.29399127409059
P31,NGEED,POST,2,False,area,temporo-posterior,16.105767775490342,0.38444119435975055,1.5067401226847439,-1.0544140692989603,0.7975034516410356,,temporo-posterior,2.0,True,0.9747579736324196,,,,,False,2.29399127409059
P31,NGEED,POST,2,False,area,oksipital,11.57167840892329,0.9090199795988636,-0.23138059882701456,-2.7741558955275054,0.3842382460806776,,oksipital,2.0,True,0.9849173393040997,,,,,False,2.29399127409059
